season,week,season_type,gameday,game_id,away_team,home_team,team_side,canonical_team,canonical_opponent,actual_starting_qb_name,actual_starting_qb_pfr_id,actual_starting_qb_gsis_id,starter_resolution_class,starter_source,starter_source_game_id,starter_source_locator,starter_source_rank,starter_evidence_class,historical_model_usage,postseason_flag,semantic_exception_flag,official_qb_start_credit,notes
2025,1,REG,2025-09-07,2025_01_ARI_NO,ARI,NO,away,ARI,NO,Kyler Murray,MurrKy00,00-0035228,STATHEAD_UNAMBIGUOUS_SINGLE_CANDIDATE,STATHEAD_QB_STARTED_QUERY,2025_01_ARI_NO,2025 Stathead pasted rank 242,242,POSTGAME_ACTUAL_STARTER,ORACLE_STARTER_IDENTITY_ONLY,False,False,CREDITED,
2025,1,REG,2025-09-07,2025_01_ARI_NO,ARI,NO,home,NO,ARI,Spencer Rattler,RattSp00,00-0039376,STATHEAD_UNAMBIGUOUS_SINGLE_CANDIDATE,STATHEAD_QB_STARTED_QUERY,2025_01_ARI_NO,2025 Stathead pasted rank 3,3,POSTGAME_ACTUAL_STARTER,ORACLE_STARTER_IDENTITY_ONLY,False,False,CREDITED,
2025,1,REG,2025-09-07,2025_01_BAL_BUF,BAL,BUF,away,BAL,BUF,Lamar Jackson,JackLa00,00-0034796,STATHEAD_UNAMBIGUOUS_SINGLE_CANDIDATE,STATHEAD_QB_STARTED_QUERY,2025_01_BAL_BUF,2025 Stathead pasted rank 381,381,POSTGAME_ACTUAL_STARTER,ORACLE_STARTER_IDENTITY_ONLY,False,False,CREDITED,
2025,1,REG,2025-09-07,2025_01_BAL_BUF,BAL,BUF,home,BUF,BAL,Josh Allen,AlleJo02,00-0034857,STATHEAD_UNAMBIGUOUS_SINGLE_CANDIDATE,STATHEAD_QB_STARTED_QUERY,2025_01_BAL_BUF,2025 Stathead pasted rank 553,553,POSTGAME_ACTUAL_STARTER,ORACLE_STARTER_IDENTITY_ONLY,False,False,CREDITED,
2025,1,REG,2025-09-07,2025_01_CAR_JAX,CAR,JAX,away,CAR,JAX,Bryce Young,YounBr01,00-0039150,STATHEAD_UNAMBIGUOUS_SINGLE_CANDIDATE,STATHEAD_QB_STARTED_QUERY,2025_01_CAR_JAX,2025 Stathead pasted rank 12,12,POSTGAME_ACTUAL_STARTER,ORACLE_STARTER_IDENTITY_ONLY,False,False,CREDITED,
2025,1,REG,2025-09-07,2025_01_CAR_JAX,CAR,JAX,home,JAX,CAR,Trevor Lawrence,LawrTr00,00-0036971,STATHEAD_UNAMBIGUOUS_SINGLE_CANDIDATE,STATHEAD_QB_STARTED_QUERY,2025_01_CAR_JAX,2025 Stathead pasted rank 339,339,POSTGAME_ACTUAL_STARTER,ORACLE_STARTER_IDENTITY_ONLY,False,False,CREDITED,
2025,1,REG,2025-09-07,2025_01_CIN_CLE,CIN,CLE,away,CIN,CLE,Joe Burrow,BurrJo01,00-0036442,STATHEAD_UNAMBIGUOUS_SINGLE_CANDIDATE,STATHEAD_QB_STARTED_QUERY,2025_01_CIN_CLE,2025 Stathead pasted rank 527,527,POSTGAME_ACTUAL_STARTER,ORACLE_STARTER_IDENTITY_ONLY,False,False,CREDITED,
2025,1,REG,2025-09-07,2025_01_CIN_CLE,CIN,CLE,home,CLE,CIN,Joe Flacco,FlacJo00,00-0026158,STATHEAD_UNAMBIGUOUS_SINGLE_CANDIDATE,STATHEAD_QB_STARTED_QUERY,2025_01_CIN_CLE,2025 Stathead pasted rank 459,459,POSTGAME_ACTUAL_STARTER,ORACLE_STARTER_IDENTITY_ONLY,False,False,CREDITED,
2025,1,REG,2025-09-04,2025_01_DAL_PHI,DAL,PHI,away,DAL,PHI,Dak Prescott,PresDa01,00-0033077,STATHEAD_UNAMBIGUOUS_SINGLE_CANDIDATE,STATHEAD_QB_STARTED_QUERY,2025_01_DAL_PHI,2025 Stathead pasted rank 1,1,POSTGAME_ACTUAL_STARTER,ORACLE_STARTER_IDENTITY_ONLY,False,False,CREDITED,
2025,1,REG,2025-09-04,2025_01_DAL_PHI,DAL,PHI,home,PHI,DAL,Jalen Hurts,HurtJa00,00-0036389,STATHEAD_UNAMBIGUOUS_SINGLE_CANDIDATE,STATHEAD_QB_STARTED_QUERY,2025_01_DAL_PHI,2025 Stathead pasted rank 394,394,POSTGAME_ACTUAL_STARTER,ORACLE_STARTER_IDENTITY_ONLY,False,False,CREDITED,
2025,1,REG,2025-09-07,2025_01_DET_GB,DET,GB,away,DET,GB,Jared Goff,GoffJa00,00-0033106,STATHEAD_UNAMBIGUOUS_SINGLE_CANDIDATE,STATHEAD_QB_STARTED_QUERY,2025_01_DET_GB,2025 Stathead pasted rank 430,430,POSTGAME_ACTUAL_STARTER,ORACLE_STARTER_IDENTITY_ONLY,False,False,CREDITED,
2025,1,REG,2025-09-07,2025_01_DET_GB,DET,GB,home,GB,DET,Jordan Love,LoveJo03,00-0036264,STATHEAD_UNAMBIGUOUS_SINGLE_CANDIDATE,STATHEAD_QB_STARTED_QUERY,2025_01_DET_GB,2025 Stathead pasted rank 326,326,POSTGAME_ACTUAL_STARTER,ORACLE_STARTER_IDENTITY_ONLY,False,False,CREDITED,
2025,1,REG,2025-09-07,2025_01_HOU_LA,HOU,LAR,away,HOU,LAR,C.J. Stroud,StroCJ00,00-0039163,STATHEAD_UNAMBIGUOUS_SINGLE_CANDIDATE,STATHEAD_QB_STARTED_QUERY,2025_01_HOU_LA,2025 Stathead pasted rank 7,7,POSTGAME_ACTUAL_STARTER,ORACLE_STARTER_IDENTITY_ONLY,False,False,CREDITED,
2025,1,REG,2025-09-07,2025_01_HOU_LA,HOU,LAR,home,LAR,HOU,Matthew Stafford,StafMa00,00-0026498,STATHEAD_UNAMBIGUOUS_SINGLE_CANDIDATE,STATHEAD_QB_STARTED_QUERY,2025_01_HOU_LA,2025 Stathead pasted rank 6,6,POSTGAME_ACTUAL_STARTER,ORACLE_STARTER_IDENTITY_ONLY,False,False,CREDITED,
2025,1,REG,2025-09-05,2025_01_KC_LAC,KC,LAC,away,KC,LAC,Patrick Mahomes,MahoPa00,00-0033873,STATHEAD_UNAMBIGUOUS_SINGLE_CANDIDATE,STATHEAD_QB_STARTED_QUERY,2025_01_KC_LAC,2025 Stathead pasted rank 308,308,POSTGAME_ACTUAL_STARTER,ORACLE_STARTER_IDENTITY_ONLY,False,False,CREDITED,
2025,1,REG,2025-09-05,2025_01_KC_LAC,KC,LAC,home,LAC,KC,Justin Herbert,HerbJu00,00-0036355,STATHEAD_UNAMBIGUOUS_SINGLE_CANDIDATE,STATHEAD_QB_STARTED_QUERY,2025_01_KC_LAC,2025 Stathead pasted rank 413,413,POSTGAME_ACTUAL_STARTER,ORACLE_STARTER_IDENTITY_ONLY,False,False,CREDITED,
2025,1,REG,2025-09-07,2025_01_LV_NE,LV,NE,away,LV,NE,Geno Smith,SmitGe00,00-0030565,STATHEAD_UNAMBIGUOUS_SINGLE_CANDIDATE,STATHEAD_QB_STARTED_QUERY,2025_01_LV_NE,2025 Stathead pasted rank 5,5,POSTGAME_ACTUAL_STARTER,ORACLE_STARTER_IDENTITY_ONLY,False,False,CREDITED,
2025,1,REG,2025-09-07,2025_01_LV_NE,LV,NE,home,NE,LV,Drake Maye,MayeDr00,00-0039851,STATHEAD_UNAMBIGUOUS_SINGLE_CANDIDATE,STATHEAD_QB_STARTED_QUERY,2025_01_LV_NE,2025 Stathead pasted rank 281,281,POSTGAME_ACTUAL_STARTER,ORACLE_STARTER_IDENTITY_ONLY,False,False,CREDITED,
2025,1,REG,2025-09-07,2025_01_MIA_IND,MIA,IND,away,MIA,IND,Tua Tagovailoa,TagoTu00,00-0036212,STATHEAD_UNAMBIGUOUS_SINGLE_CANDIDATE,STATHEAD_QB_STARTED_QUERY,2025_01_MIA_IND,2025 Stathead pasted rank 8,8,POSTGAME_ACTUAL_STARTER,ORACLE_STARTER_IDENTITY_ONLY,False,False,CREDITED,
2025,1,REG,2025-09-07,2025_01_MIA_IND,MIA,IND,home,IND,MIA,Daniel Jones,JoneDa05,00-0035710,STATHEAD_UNAMBIGUOUS_SINGLE_CANDIDATE,STATHEAD_QB_STARTED_QUERY,2025_01_MIA_IND,2025 Stathead pasted rank 366,366,POSTGAME_ACTUAL_STARTER,ORACLE_STARTER_IDENTITY_ONLY,False,False,CREDITED,
2025,1,REG,2025-09-08,2025_01_MIN_CHI,MIN,CHI,away,MIN,CHI,J.J. McCarthy,McCaJJ00,00-0039923,STATHEAD_UNAMBIGUOUS_SINGLE_CANDIDATE,STATHEAD_QB_STARTED_QUERY,2025_01_MIN_CHI,2025 Stathead pasted rank 252,252,POSTGAME_ACTUAL_STARTER,ORACLE_STARTER_IDENTITY_ONLY,False,False,CREDITED,
2025,1,REG,2025-09-08,2025_01_MIN_CHI,MIN,CHI,home,CHI,MIN,Caleb Williams,WillCa03,00-0039918,STATHEAD_UNAMBIGUOUS_SINGLE_CANDIDATE,STATHEAD_QB_STARTED_QUERY,2025_01_MIN_CHI,2025 Stathead pasted rank 10,10,POSTGAME_ACTUAL_STARTER,ORACLE_STARTER_IDENTITY_ONLY,False,False,CREDITED,
2025,1,REG,2025-09-07,2025_01_NYG_WAS,NYG,WAS,away,NYG,WAS,Russell Wilson,WilsRu00,00-0029263,STATHEAD_UNAMBIGUOUS_SINGLE_CANDIDATE,STATHEAD_QB_STARTED_QUERY,2025_01_NYG_WAS,2025 Stathead pasted rank 11,11,POSTGAME_ACTUAL_STARTER,ORACLE_STARTER_IDENTITY_ONLY,False,False,CREDITED,
2025,1,REG,2025-09-07,2025_01_NYG_WAS,NYG,WAS,home,WAS,NYG,Jayden Daniels,DaniJa02,00-0039910,STATHEAD_UNAMBIGUOUS_SINGLE_CANDIDATE,STATHEAD_QB_STARTED_QUERY,2025_01_NYG_WAS,2025 Stathead pasted rank 507,507,POSTGAME_ACTUAL_STARTER,ORACLE_STARTER_IDENTITY_ONLY,False,False,CREDITED,
2025,1,REG,2025-09-07,2025_01_PIT_NYJ,PIT,NYJ,away,PIT,NYJ,Aaron Rodgers,RodgAa00,00-0023459,STATHEAD_UNAMBIGUOUS_SINGLE_CANDIDATE,STATHEAD_QB_STARTED_QUERY,2025_01_PIT_NYJ,2025 Stathead pasted rank 4,4,POSTGAME_ACTUAL_STARTER,ORACLE_STARTER_IDENTITY_ONLY,False,False,CREDITED,
2025,1,REG,2025-09-07,2025_01_PIT_NYJ,PIT,NYJ,home,NYJ,PIT,Justin Fields,FielJu00,00-0036945,STATHEAD_UNAMBIGUOUS_SINGLE_CANDIDATE,STATHEAD_QB_STARTED_QUERY,2025_01_PIT_NYJ,2025 Stathead pasted rank 463,463,POSTGAME_ACTUAL_STARTER,ORACLE_STARTER_IDENTITY_ONLY,False,False,CREDITED,
2025,1,REG,2025-09-07,2025_01_SF_SEA,SF,SEA,away,SF,SEA,Brock Purdy,PurdBr00,00-0037834,STATHEAD_UNAMBIGUOUS_SINGLE_CANDIDATE,STATHEAD_QB_STARTED_QUERY,2025_01_SF_SEA,2025 Stathead pasted rank 2,2,POSTGAME_ACTUAL_STARTER,ORACLE_STARTER_IDENTITY_ONLY,False,False,CREDITED,
2025,1,REG,2025-09-07,2025_01_SF_SEA,SF,SEA,home,SEA,SF,Sam Darnold,DarnSa00,00-0034869,STATHEAD_UNAMBIGUOUS_SINGLE_CANDIDATE,STATHEAD_QB_STARTED_QUERY,2025_01_SF_SEA,2025 Stathead pasted rank 489,489,POSTGAME_ACTUAL_STARTER,ORACLE_STARTER_IDENTITY_ONLY,False,False,CREDITED,
2025,1,REG,2025-09-07,2025_01_TB_ATL,TB,ATL,away,TB,ATL,Baker Mayfield,MayfBa00,00-0034855,STATHEAD_UNAMBIGUOUS_SINGLE_CANDIDATE,STATHEAD_QB_STARTED_QUERY,2025_01_TB_ATL,2025 Stathead pasted rank 262,262,POSTGAME_ACTUAL_STARTER,ORACLE_STARTER_IDENTITY_ONLY,False,False,CREDITED,
2025,1,REG,2025-09-07,2025_01_TB_ATL,TB,ATL,home,ATL,TB,Michael Penix,PeniMi00,00-0039917,STATHEAD_UNAMBIGUOUS_SINGLE_CANDIDATE,STATHEAD_QB_STARTED_QUERY,2025_01_TB_ATL,2025 Stathead pasted rank 213,213,POSTGAME_ACTUAL_STARTER,ORACLE_STARTER_IDENTITY_ONLY,False,False,CREDITED,
2025,1,REG,2025-09-07,2025_01_TEN_DEN,TEN,DEN,away,TEN,DEN,Cam Ward,WardCa00,00-0040676,STATHEAD_UNAMBIGUOUS_SINGLE_CANDIDATE,STATHEAD_QB_STARTED_QUERY,2025_01_TEN_DEN,2025 Stathead pasted rank 9,9,POSTGAME_ACTUAL_STARTER,ORACLE_STARTER_IDENTITY_ONLY,False,False,CREDITED,
2025,1,REG,2025-09-07,2025_01_TEN_DEN,TEN,DEN,home,DEN,TEN,Bo Nix,NixxBo00,00-0039732,STATHEAD_UNAMBIGUOUS_SINGLE_CANDIDATE,STATHEAD_QB_STARTED_QUERY,2025_01_TEN_DEN,2025 Stathead pasted rank 225,225,POSTGAME_ACTUAL_STARTER,ORACLE_STARTER_IDENTITY_ONLY,False,False,CREDITED,
2025,2,REG,2025-09-14,2025_02_ATL_MIN,ATL,MIN,away,ATL,MIN,Michael Penix,PeniMi00,00-0039917,STATHEAD_UNAMBIGUOUS_SINGLE_CANDIDATE,STATHEAD_QB_STARTED_QUERY,2025_02_ATL_MIN,2025 Stathead pasted rank 214,214,POSTGAME_ACTUAL_STARTER,ORACLE_STARTER_IDENTITY_ONLY,False,False,CREDITED,
2025,2,REG,2025-09-14,2025_02_ATL_MIN,ATL,MIN,home,MIN,ATL,J.J. McCarthy,McCaJJ00,00-0039923,STATHEAD_UNAMBIGUOUS_SINGLE_CANDIDATE,STATHEAD_QB_STARTED_QUERY,2025_02_ATL_MIN,2025 Stathead pasted rank 253,253,POSTGAME_ACTUAL_STARTER,ORACLE_STARTER_IDENTITY_ONLY,False,False,CREDITED,
2025,2,REG,2025-09-14,2025_02_BUF_NYJ,BUF,NYJ,away,BUF,NYJ,Josh Allen,AlleJo02,00-0034857,STATHEAD_UNAMBIGUOUS_SINGLE_CANDIDATE,STATHEAD_QB_STARTED_QUERY,2025_02_BUF_NYJ,2025 Stathead pasted rank 554,554,POSTGAME_ACTUAL_STARTER,ORACLE_STARTER_IDENTITY_ONLY,False,False,CREDITED,
2025,2,REG,2025-09-14,2025_02_BUF_NYJ,BUF,NYJ,home,NYJ,BUF,Justin Fields,FielJu00,00-0036945,STATHEAD_UNAMBIGUOUS_SINGLE_CANDIDATE,STATHEAD_QB_STARTED_QUERY,2025_02_BUF_NYJ,2025 Stathead pasted rank 464,464,POSTGAME_ACTUAL_STARTER,ORACLE_STARTER_IDENTITY_ONLY,False,False,CREDITED,
2025,2,REG,2025-09-14,2025_02_CAR_ARI,CAR,ARI,away,CAR,ARI,Bryce Young,YounBr01,00-0039150,STATHEAD_UNAMBIGUOUS_SINGLE_CANDIDATE,STATHEAD_QB_STARTED_QUERY,2025_02_CAR_ARI,2025 Stathead pasted rank 23,23,POSTGAME_ACTUAL_STARTER,ORACLE_STARTER_IDENTITY_ONLY,False,False,CREDITED,
2025,2,REG,2025-09-14,2025_02_CAR_ARI,CAR,ARI,home,ARI,CAR,Kyler Murray,MurrKy00,00-0035228,STATHEAD_UNAMBIGUOUS_SINGLE_CANDIDATE,STATHEAD_QB_STARTED_QUERY,2025_02_CAR_ARI,2025 Stathead pasted rank 243,243,POSTGAME_ACTUAL_STARTER,ORACLE_STARTER_IDENTITY_ONLY,False,False,CREDITED,
2025,2,REG,2025-09-14,2025_02_CHI_DET,CHI,DET,away,CHI,DET,Caleb Williams,WillCa03,00-0039918,STATHEAD_UNAMBIGUOUS_SINGLE_CANDIDATE,STATHEAD_QB_STARTED_QUERY,2025_02_CHI_DET,2025 Stathead pasted rank 21,21,POSTGAME_ACTUAL_STARTER,ORACLE_STARTER_IDENTITY_ONLY,False,False,CREDITED,
2025,2,REG,2025-09-14,2025_02_CHI_DET,CHI,DET,home,DET,CHI,Jared Goff,GoffJa00,00-0033106,STATHEAD_UNAMBIGUOUS_SINGLE_CANDIDATE,STATHEAD_QB_STARTED_QUERY,2025_02_CHI_DET,2025 Stathead pasted rank 431,431,POSTGAME_ACTUAL_STARTER,ORACLE_STARTER_IDENTITY_ONLY,False,False,CREDITED,
2025,2,REG,2025-09-14,2025_02_CLE_BAL,CLE,BAL,away,CLE,BAL,Joe Flacco,FlacJo00,00-0026158,STATHEAD_UNAMBIGUOUS_SINGLE_CANDIDATE,STATHEAD_QB_STARTED_QUERY,2025_02_CLE_BAL,2025 Stathead pasted rank 460,460,POSTGAME_ACTUAL_STARTER,ORACLE_STARTER_IDENTITY_ONLY,False,False,CREDITED,
2025,2,REG,2025-09-14,2025_02_CLE_BAL,CLE,BAL,home,BAL,CLE,Lamar Jackson,JackLa00,00-0034796,STATHEAD_UNAMBIGUOUS_SINGLE_CANDIDATE,STATHEAD_QB_STARTED_QUERY,2025_02_CLE_BAL,2025 Stathead pasted rank 382,382,POSTGAME_ACTUAL_STARTER,ORACLE_STARTER_IDENTITY_ONLY,False,False,CREDITED,
2025,2,REG,2025-09-14,2025_02_DEN_IND,DEN,IND,away,DEN,IND,Bo Nix,NixxBo00,00-0039732,STATHEAD_UNAMBIGUOUS_SINGLE_CANDIDATE,STATHEAD_QB_STARTED_QUERY,2025_02_DEN_IND,2025 Stathead pasted rank 226,226,POSTGAME_ACTUAL_STARTER,ORACLE_STARTER_IDENTITY_ONLY,False,False,CREDITED,
2025,2,REG,2025-09-14,2025_02_DEN_IND,DEN,IND,home,IND,DEN,Daniel Jones,JoneDa05,00-0035710,STATHEAD_UNAMBIGUOUS_SINGLE_CANDIDATE,STATHEAD_QB_STARTED_QUERY,2025_02_DEN_IND,2025 Stathead pasted rank 367,367,POSTGAME_ACTUAL_STARTER,ORACLE_STARTER_IDENTITY_ONLY,False,False,CREDITED,
2025,2,REG,2025-09-14,2025_02_JAX_CIN,JAX,CIN,away,JAX,CIN,Trevor Lawrence,LawrTr00,00-0036971,STATHEAD_UNAMBIGUOUS_SINGLE_CANDIDATE,STATHEAD_QB_STARTED_QUERY,2025_02_JAX_CIN,2025 Stathead pasted rank 340,340,POSTGAME_ACTUAL_STARTER,ORACLE_STARTER_IDENTITY_ONLY,False,False,CREDITED,
2025,2,REG,2025-09-14,2025_02_JAX_CIN,JAX,CIN,home,CIN,JAX,Joe Burrow,BurrJo01,00-0036442,STATHEAD_UNAMBIGUOUS_SINGLE_CANDIDATE,STATHEAD_QB_STARTED_QUERY,2025_02_JAX_CIN,2025 Stathead pasted rank 528,528,POSTGAME_ACTUAL_STARTER,ORACLE_STARTER_IDENTITY_ONLY,False,False,CREDITED,
2025,2,REG,2025-09-15,2025_02_LAC_LV,LAC,LV,away,LAC,LV,Justin Herbert,HerbJu00,00-0036355,STATHEAD_UNAMBIGUOUS_SINGLE_CANDIDATE,STATHEAD_QB_STARTED_QUERY,2025_02_LAC_LV,2025 Stathead pasted rank 414,414,POSTGAME_ACTUAL_STARTER,ORACLE_STARTER_IDENTITY_ONLY,False,False,CREDITED,
2025,2,REG,2025-09-15,2025_02_LAC_LV,LAC,LV,home,LV,LAC,Geno Smith,SmitGe00,00-0030565,STATHEAD_UNAMBIGUOUS_SINGLE_CANDIDATE,STATHEAD_QB_STARTED_QUERY,2025_02_LAC_LV,2025 Stathead pasted rank 16,16,POSTGAME_ACTUAL_STARTER,ORACLE_STARTER_IDENTITY_ONLY,False,False,CREDITED,
2025,2,REG,2025-09-14,2025_02_LA_TEN,LAR,TEN,away,LAR,TEN,Matthew Stafford,StafMa00,00-0026498,STATHEAD_UNAMBIGUOUS_SINGLE_CANDIDATE,STATHEAD_QB_STARTED_QUERY,2025_02_LA_TEN,2025 Stathead pasted rank 17,17,POSTGAME_ACTUAL_STARTER,ORACLE_STARTER_IDENTITY_ONLY,False,False,CREDITED,
2025,2,REG,2025-09-14,2025_02_LA_TEN,LAR,TEN,home,TEN,LAR,Cam Ward,WardCa00,00-0040676,STATHEAD_UNAMBIGUOUS_SINGLE_CANDIDATE,STATHEAD_QB_STARTED_QUERY,2025_02_LA_TEN,2025 Stathead pasted rank 20,20,POSTGAME_ACTUAL_STARTER,ORACLE_STARTER_IDENTITY_ONLY,False,False,CREDITED,
2025,2,REG,2025-09-14,2025_02_NE_MIA,NE,MIA,away,NE,MIA,Drake Maye,MayeDr00,00-0039851,STATHEAD_UNAMBIGUOUS_SINGLE_CANDIDATE,STATHEAD_QB_STARTED_QUERY,2025_02_NE_MIA,2025 Stathead pasted rank 282,282,POSTGAME_ACTUAL_STARTER,ORACLE_STARTER_IDENTITY_ONLY,False,False,CREDITED,
2025,2,REG,2025-09-14,2025_02_NE_MIA,NE,MIA,home,MIA,NE,Tua Tagovailoa,TagoTu00,00-0036212,STATHEAD_UNAMBIGUOUS_SINGLE_CANDIDATE,STATHEAD_QB_STARTED_QUERY,2025_02_NE_MIA,2025 Stathead pasted rank 19,19,POSTGAME_ACTUAL_STARTER,ORACLE_STARTER_IDENTITY_ONLY,False,False,CREDITED,
2025,2,REG,2025-09-14,2025_02_NYG_DAL,NYG,DAL,away,NYG,DAL,Russell Wilson,WilsRu00,00-0029263,STATHEAD_UNAMBIGUOUS_SINGLE_CANDIDATE,STATHEAD_QB_STARTED_QUERY,2025_02_NYG_DAL,2025 Stathead pasted rank 22,22,POSTGAME_ACTUAL_STARTER,ORACLE_STARTER_IDENTITY_ONLY,False,False,CREDITED,
2025,2,REG,2025-09-14,2025_02_NYG_DAL,NYG,DAL,home,DAL,NYG,Dak Prescott,PresDa01,00-0033077,STATHEAD_UNAMBIGUOUS_SINGLE_CANDIDATE,STATHEAD_QB_STARTED_QUERY,2025_02_NYG_DAL,2025 Stathead pasted rank 13,13,POSTGAME_ACTUAL_STARTER,ORACLE_STARTER_IDENTITY_ONLY,False,False,CREDITED,
2025,2,REG,2025-09-14,2025_02_PHI_KC,PHI,KC,away,PHI,KC,Jalen Hurts,HurtJa00,00-0036389,STATHEAD_UNAMBIGUOUS_SINGLE_CANDIDATE,STATHEAD_QB_STARTED_QUERY,2025_02_PHI_KC,2025 Stathead pasted rank 395,395,POSTGAME_ACTUAL_STARTER,ORACLE_STARTER_IDENTITY_ONLY,False,False,CREDITED,
2025,2,REG,2025-09-14,2025_02_PHI_KC,PHI,KC,home,KC,PHI,Patrick Mahomes,MahoPa00,00-0033873,STATHEAD_UNAMBIGUOUS_SINGLE_CANDIDATE,STATHEAD_QB_STARTED_QUERY,2025_02_PHI_KC,2025 Stathead pasted rank 309,309,POSTGAME_ACTUAL_STARTER,ORACLE_STARTER_IDENTITY_ONLY,False,False,CREDITED,
2025,2,REG,2025-09-14,2025_02_SEA_PIT,SEA,PIT,away,SEA,PIT,Sam Darnold,DarnSa00,00-0034869,STATHEAD_UNAMBIGUOUS_SINGLE_CANDIDATE,STATHEAD_QB_STARTED_QUERY,2025_02_SEA_PIT,2025 Stathead pasted rank 490,490,POSTGAME_ACTUAL_STARTER,ORACLE_STARTER_IDENTITY_ONLY,False,False,CREDITED,
2025,2,REG,2025-09-14,2025_02_SEA_PIT,SEA,PIT,home,PIT,SEA,Aaron Rodgers,RodgAa00,00-0023459,STATHEAD_UNAMBIGUOUS_SINGLE_CANDIDATE,STATHEAD_QB_STARTED_QUERY,2025_02_SEA_PIT,2025 Stathead pasted rank 15,15,POSTGAME_ACTUAL_STARTER,ORACLE_STARTER_IDENTITY_ONLY,False,False,CREDITED,
2025,2,REG,2025-09-14,2025_02_SF_NO,SF,NO,away,SF,NO,Mac Jones,JoneMa05,00-0036972,STATHEAD_UNAMBIGUOUS_SINGLE_CANDIDATE,STATHEAD_QB_STARTED_QUERY,2025_02_SF_NO,2025 Stathead pasted rank 358,358,POSTGAME_ACTUAL_STARTER,ORACLE_STARTER_IDENTITY_ONLY,False,False,CREDITED,
2025,2,REG,2025-09-14,2025_02_SF_NO,SF,NO,home,NO,SF,Spencer Rattler,RattSp00,00-0039376,STATHEAD_UNAMBIGUOUS_SINGLE_CANDIDATE,STATHEAD_QB_STARTED_QUERY,2025_02_SF_NO,2025 Stathead pasted rank 14,14,POSTGAME_ACTUAL_STARTER,ORACLE_STARTER_IDENTITY_ONLY,False,False,CREDITED,
2025,2,REG,2025-09-15,2025_02_TB_HOU,TB,HOU,away,TB,HOU,Baker Mayfield,MayfBa00,00-0034855,STATHEAD_UNAMBIGUOUS_SINGLE_CANDIDATE,STATHEAD_QB_STARTED_QUERY,2025_02_TB_HOU,2025 Stathead pasted rank 263,263,POSTGAME_ACTUAL_STARTER,ORACLE_STARTER_IDENTITY_ONLY,False,False,CREDITED,
2025,2,REG,2025-09-15,2025_02_TB_HOU,TB,HOU,home,HOU,TB,C.J. Stroud,StroCJ00,00-0039163,STATHEAD_UNAMBIGUOUS_SINGLE_CANDIDATE,STATHEAD_QB_STARTED_QUERY,2025_02_TB_HOU,2025 Stathead pasted rank 18,18,POSTGAME_ACTUAL_STARTER,ORACLE_STARTER_IDENTITY_ONLY,False,False,CREDITED,
2025,2,REG,2025-09-11,2025_02_WAS_GB,WAS,GB,away,WAS,GB,Jayden Daniels,DaniJa02,00-0039910,STATHEAD_UNAMBIGUOUS_SINGLE_CANDIDATE,STATHEAD_QB_STARTED_QUERY,2025_02_WAS_GB,2025 Stathead pasted rank 508,508,POSTGAME_ACTUAL_STARTER,ORACLE_STARTER_IDENTITY_ONLY,False,False,CREDITED,
2025,2,REG,2025-09-11,2025_02_WAS_GB,WAS,GB,home,GB,WAS,Jordan Love,LoveJo03,00-0036264,STATHEAD_UNAMBIGUOUS_SINGLE_CANDIDATE,STATHEAD_QB_STARTED_QUERY,2025_02_WAS_GB,2025 Stathead pasted rank 327,327,POSTGAME_ACTUAL_STARTER,ORACLE_STARTER_IDENTITY_ONLY,False,False,CREDITED,
2025,3,REG,2025-09-21,2025_03_ARI_SF,ARI,SF,away,ARI,SF,Kyler Murray,MurrKy00,00-0035228,STATHEAD_UNAMBIGUOUS_SINGLE_CANDIDATE,STATHEAD_QB_STARTED_QUERY,2025_03_ARI_SF,2025 Stathead pasted rank 244,244,POSTGAME_ACTUAL_STARTER,ORACLE_STARTER_IDENTITY_ONLY,False,False,CREDITED,
2025,3,REG,2025-09-21,2025_03_ARI_SF,ARI,SF,home,SF,ARI,Mac Jones,JoneMa05,00-0036972,STATHEAD_UNAMBIGUOUS_SINGLE_CANDIDATE,STATHEAD_QB_STARTED_QUERY,2025_03_ARI_SF,2025 Stathead pasted rank 359,359,POSTGAME_ACTUAL_STARTER,ORACLE_STARTER_IDENTITY_ONLY,False,False,CREDITED,
2025,3,REG,2025-09-21,2025_03_ATL_CAR,ATL,CAR,away,ATL,CAR,Michael Penix,PeniMi00,00-0039917,STATHEAD_UNAMBIGUOUS_SINGLE_CANDIDATE,STATHEAD_QB_STARTED_QUERY,2025_03_ATL_CAR,2025 Stathead pasted rank 215,215,POSTGAME_ACTUAL_STARTER,ORACLE_STARTER_IDENTITY_ONLY,False,False,CREDITED,
2025,3,REG,2025-09-21,2025_03_ATL_CAR,ATL,CAR,home,CAR,ATL,Bryce Young,YounBr01,00-0039150,STATHEAD_UNAMBIGUOUS_SINGLE_CANDIDATE,STATHEAD_QB_STARTED_QUERY,2025_03_ATL_CAR,2025 Stathead pasted rank 36,36,POSTGAME_ACTUAL_STARTER,ORACLE_STARTER_IDENTITY_ONLY,False,False,CREDITED,
2025,3,REG,2025-09-21,2025_03_CIN_MIN,CIN,MIN,away,CIN,MIN,Jake Browning,BrowJa08,00-0035100,STATHEAD_UNAMBIGUOUS_SINGLE_CANDIDATE,STATHEAD_QB_STARTED_QUERY,2025_03_CIN_MIN,2025 Stathead pasted rank 535,535,POSTGAME_ACTUAL_STARTER,ORACLE_STARTER_IDENTITY_ONLY,False,False,CREDITED,
2025,3,REG,2025-09-21,2025_03_CIN_MIN,CIN,MIN,home,MIN,CIN,Carson Wentz,WentCa00,00-0032950,STATHEAD_UNAMBIGUOUS_SINGLE_CANDIDATE,STATHEAD_QB_STARTED_QUERY,2025_03_CIN_MIN,2025 Stathead pasted rank 33,33,POSTGAME_ACTUAL_STARTER,ORACLE_STARTER_IDENTITY_ONLY,False,False,CREDITED,
2025,3,REG,2025-09-21,2025_03_DAL_CHI,DAL,CHI,away,DAL,CHI,Dak Prescott,PresDa01,00-0033077,STATHEAD_UNAMBIGUOUS_SINGLE_CANDIDATE,STATHEAD_QB_STARTED_QUERY,2025_03_DAL_CHI,2025 Stathead pasted rank 24,24,POSTGAME_ACTUAL_STARTER,ORACLE_STARTER_IDENTITY_ONLY,False,False,CREDITED,
2025,3,REG,2025-09-21,2025_03_DAL_CHI,DAL,CHI,home,CHI,DAL,Caleb Williams,WillCa03,00-0039918,STATHEAD_UNAMBIGUOUS_SINGLE_CANDIDATE,STATHEAD_QB_STARTED_QUERY,2025_03_DAL_CHI,2025 Stathead pasted rank 34,34,POSTGAME_ACTUAL_STARTER,ORACLE_STARTER_IDENTITY_ONLY,False,False,CREDITED,
2025,3,REG,2025-09-21,2025_03_DEN_LAC,DEN,LAC,away,DEN,LAC,Bo Nix,NixxBo00,00-0039732,STATHEAD_UNAMBIGUOUS_SINGLE_CANDIDATE,STATHEAD_QB_STARTED_QUERY,2025_03_DEN_LAC,2025 Stathead pasted rank 227,227,POSTGAME_ACTUAL_STARTER,ORACLE_STARTER_IDENTITY_ONLY,False,False,CREDITED,
2025,3,REG,2025-09-21,2025_03_DEN_LAC,DEN,LAC,home,LAC,DEN,Justin Herbert,HerbJu00,00-0036355,STATHEAD_UNAMBIGUOUS_SINGLE_CANDIDATE,STATHEAD_QB_STARTED_QUERY,2025_03_DEN_LAC,2025 Stathead pasted rank 415,415,POSTGAME_ACTUAL_STARTER,ORACLE_STARTER_IDENTITY_ONLY,False,False,CREDITED,
2025,3,REG,2025-09-22,2025_03_DET_BAL,DET,BAL,away,DET,BAL,Jared Goff,GoffJa00,00-0033106,STATHEAD_UNAMBIGUOUS_SINGLE_CANDIDATE,STATHEAD_QB_STARTED_QUERY,2025_03_DET_BAL,2025 Stathead pasted rank 432,432,POSTGAME_ACTUAL_STARTER,ORACLE_STARTER_IDENTITY_ONLY,False,False,CREDITED,
2025,3,REG,2025-09-22,2025_03_DET_BAL,DET,BAL,home,BAL,DET,Lamar Jackson,JackLa00,00-0034796,STATHEAD_UNAMBIGUOUS_SINGLE_CANDIDATE,STATHEAD_QB_STARTED_QUERY,2025_03_DET_BAL,2025 Stathead pasted rank 383,383,POSTGAME_ACTUAL_STARTER,ORACLE_STARTER_IDENTITY_ONLY,False,False,CREDITED,
2025,3,REG,2025-09-21,2025_03_GB_CLE,GB,CLE,away,GB,CLE,Jordan Love,LoveJo03,00-0036264,STATHEAD_UNAMBIGUOUS_SINGLE_CANDIDATE,STATHEAD_QB_STARTED_QUERY,2025_03_GB_CLE,2025 Stathead pasted rank 328,328,POSTGAME_ACTUAL_STARTER,ORACLE_STARTER_IDENTITY_ONLY,False,False,CREDITED,
2025,3,REG,2025-09-21,2025_03_GB_CLE,GB,CLE,home,CLE,GB,Joe Flacco,FlacJo00,00-0026158,STATHEAD_UNAMBIGUOUS_SINGLE_CANDIDATE,STATHEAD_QB_STARTED_QUERY,2025_03_GB_CLE,2025 Stathead pasted rank 461,461,POSTGAME_ACTUAL_STARTER,ORACLE_STARTER_IDENTITY_ONLY,False,False,CREDITED,
2025,3,REG,2025-09-21,2025_03_HOU_JAX,HOU,JAX,away,HOU,JAX,C.J. Stroud,StroCJ00,00-0039163,STATHEAD_UNAMBIGUOUS_SINGLE_CANDIDATE,STATHEAD_QB_STARTED_QUERY,2025_03_HOU_JAX,2025 Stathead pasted rank 29,29,POSTGAME_ACTUAL_STARTER,ORACLE_STARTER_IDENTITY_ONLY,False,False,CREDITED,
2025,3,REG,2025-09-21,2025_03_HOU_JAX,HOU,JAX,home,JAX,HOU,Trevor Lawrence,LawrTr00,00-0036971,STATHEAD_UNAMBIGUOUS_SINGLE_CANDIDATE,STATHEAD_QB_STARTED_QUERY,2025_03_HOU_JAX,2025 Stathead pasted rank 341,341,POSTGAME_ACTUAL_STARTER,ORACLE_STARTER_IDENTITY_ONLY,False,False,CREDITED,
2025,3,REG,2025-09-21,2025_03_IND_TEN,IND,TEN,away,IND,TEN,Daniel Jones,JoneDa05,00-0035710,STATHEAD_UNAMBIGUOUS_SINGLE_CANDIDATE,STATHEAD_QB_STARTED_QUERY,2025_03_IND_TEN,2025 Stathead pasted rank 368,368,POSTGAME_ACTUAL_STARTER,ORACLE_STARTER_IDENTITY_ONLY,False,False,CREDITED,
2025,3,REG,2025-09-21,2025_03_IND_TEN,IND,TEN,home,TEN,IND,Cam Ward,WardCa00,00-0040676,STATHEAD_UNAMBIGUOUS_SINGLE_CANDIDATE,STATHEAD_QB_STARTED_QUERY,2025_03_IND_TEN,2025 Stathead pasted rank 32,32,POSTGAME_ACTUAL_STARTER,ORACLE_STARTER_IDENTITY_ONLY,False,False,CREDITED,
2025,3,REG,2025-09-21,2025_03_KC_NYG,KC,NYG,away,KC,NYG,Patrick Mahomes,MahoPa00,00-0033873,STATHEAD_UNAMBIGUOUS_SINGLE_CANDIDATE,STATHEAD_QB_STARTED_QUERY,2025_03_KC_NYG,2025 Stathead pasted rank 310,310,POSTGAME_ACTUAL_STARTER,ORACLE_STARTER_IDENTITY_ONLY,False,False,CREDITED,
2025,3,REG,2025-09-21,2025_03_KC_NYG,KC,NYG,home,NYG,KC,Russell Wilson,WilsRu00,00-0029263,STATHEAD_UNAMBIGUOUS_SINGLE_CANDIDATE,STATHEAD_QB_STARTED_QUERY,2025_03_KC_NYG,2025 Stathead pasted rank 35,35,POSTGAME_ACTUAL_STARTER,ORACLE_STARTER_IDENTITY_ONLY,False,False,CREDITED,
2025,3,REG,2025-09-21,2025_03_LA_PHI,LAR,PHI,away,LAR,PHI,Matthew Stafford,StafMa00,00-0026498,STATHEAD_UNAMBIGUOUS_SINGLE_CANDIDATE,STATHEAD_QB_STARTED_QUERY,2025_03_LA_PHI,2025 Stathead pasted rank 28,28,POSTGAME_ACTUAL_STARTER,ORACLE_STARTER_IDENTITY_ONLY,False,False,CREDITED,
2025,3,REG,2025-09-21,2025_03_LA_PHI,LAR,PHI,home,PHI,LAR,Jalen Hurts,HurtJa00,00-0036389,STATHEAD_UNAMBIGUOUS_SINGLE_CANDIDATE,STATHEAD_QB_STARTED_QUERY,2025_03_LA_PHI,2025 Stathead pasted rank 396,396,POSTGAME_ACTUAL_STARTER,ORACLE_STARTER_IDENTITY_ONLY,False,False,CREDITED,
2025,3,REG,2025-09-21,2025_03_LV_WAS,LV,WAS,away,LV,WAS,Geno Smith,SmitGe00,00-0030565,STATHEAD_UNAMBIGUOUS_SINGLE_CANDIDATE,STATHEAD_QB_STARTED_QUERY,2025_03_LV_WAS,2025 Stathead pasted rank 27,27,POSTGAME_ACTUAL_STARTER,ORACLE_STARTER_IDENTITY_ONLY,False,False,CREDITED,
2025,3,REG,2025-09-21,2025_03_LV_WAS,LV,WAS,home,WAS,LV,Marcus Mariota,MariMa01,00-0032268,STATHEAD_UNAMBIGUOUS_SINGLE_CANDIDATE,STATHEAD_QB_STARTED_QUERY,2025_03_LV_WAS,2025 Stathead pasted rank 300,300,POSTGAME_ACTUAL_STARTER,ORACLE_STARTER_IDENTITY_ONLY,False,False,CREDITED,
2025,3,REG,2025-09-18,2025_03_MIA_BUF,MIA,BUF,away,MIA,BUF,Tua Tagovailoa,TagoTu00,00-0036212,STATHEAD_UNAMBIGUOUS_SINGLE_CANDIDATE,STATHEAD_QB_STARTED_QUERY,2025_03_MIA_BUF,2025 Stathead pasted rank 30,30,POSTGAME_ACTUAL_STARTER,ORACLE_STARTER_IDENTITY_ONLY,False,False,CREDITED,
2025,3,REG,2025-09-18,2025_03_MIA_BUF,MIA,BUF,home,BUF,MIA,Josh Allen,AlleJo02,00-0034857,STATHEAD_UNAMBIGUOUS_SINGLE_CANDIDATE,STATHEAD_QB_STARTED_QUERY,2025_03_MIA_BUF,2025 Stathead pasted rank 555,555,POSTGAME_ACTUAL_STARTER,ORACLE_STARTER_IDENTITY_ONLY,False,False,CREDITED,
2025,3,REG,2025-09-21,2025_03_NO_SEA,NO,SEA,away,NO,SEA,Spencer Rattler,RattSp00,00-0039376,STATHEAD_UNAMBIGUOUS_SINGLE_CANDIDATE,STATHEAD_QB_STARTED_QUERY,2025_03_NO_SEA,2025 Stathead pasted rank 25,25,POSTGAME_ACTUAL_STARTER,ORACLE_STARTER_IDENTITY_ONLY,False,False,CREDITED,
2025,3,REG,2025-09-21,2025_03_NO_SEA,NO,SEA,home,SEA,NO,Sam Darnold,DarnSa00,00-0034869,STATHEAD_UNAMBIGUOUS_SINGLE_CANDIDATE,STATHEAD_QB_STARTED_QUERY,2025_03_NO_SEA,2025 Stathead pasted rank 491,491,POSTGAME_ACTUAL_STARTER,ORACLE_STARTER_IDENTITY_ONLY,False,False,CREDITED,
2025,3,REG,2025-09-21,2025_03_NYJ_TB,NYJ,TB,away,NYJ,TB,Tyrod Taylor,TaylTy00,00-0028118,STATHEAD_UNAMBIGUOUS_SINGLE_CANDIDATE,STATHEAD_QB_STARTED_QUERY,2025_03_NYJ_TB,2025 Stathead pasted rank 31,31,POSTGAME_ACTUAL_STARTER,ORACLE_STARTER_IDENTITY_ONLY,False,False,CREDITED,
2025,3,REG,2025-09-21,2025_03_NYJ_TB,NYJ,TB,home,TB,NYJ,Baker Mayfield,MayfBa00,00-0034855,STATHEAD_UNAMBIGUOUS_SINGLE_CANDIDATE,STATHEAD_QB_STARTED_QUERY,2025_03_NYJ_TB,2025 Stathead pasted rank 264,264,POSTGAME_ACTUAL_STARTER,ORACLE_STARTER_IDENTITY_ONLY,False,False,CREDITED,
2025,3,REG,2025-09-21,2025_03_PIT_NE,PIT,NE,away,PIT,NE,Aaron Rodgers,RodgAa00,00-0023459,STATHEAD_UNAMBIGUOUS_SINGLE_CANDIDATE,STATHEAD_QB_STARTED_QUERY,2025_03_PIT_NE,2025 Stathead pasted rank 26,26,POSTGAME_ACTUAL_STARTER,ORACLE_STARTER_IDENTITY_ONLY,False,False,CREDITED,
2025,3,REG,2025-09-21,2025_03_PIT_NE,PIT,NE,home,NE,PIT,Drake Maye,MayeDr00,00-0039851,STATHEAD_UNAMBIGUOUS_SINGLE_CANDIDATE,STATHEAD_QB_STARTED_QUERY,2025_03_PIT_NE,2025 Stathead pasted rank 283,283,POSTGAME_ACTUAL_STARTER,ORACLE_STARTER_IDENTITY_ONLY,False,False,CREDITED,
2025,4,REG,2025-09-28,2025_04_BAL_KC,BAL,KC,away,BAL,KC,Lamar Jackson,JackLa00,00-0034796,STATHEAD_UNAMBIGUOUS_SINGLE_CANDIDATE,STATHEAD_QB_STARTED_QUERY,2025_04_BAL_KC,2025 Stathead pasted rank 384,384,POSTGAME_ACTUAL_STARTER,ORACLE_STARTER_IDENTITY_ONLY,False,False,CREDITED,
2025,4,REG,2025-09-28,2025_04_BAL_KC,BAL,KC,home,KC,BAL,Patrick Mahomes,MahoPa00,00-0033873,STATHEAD_UNAMBIGUOUS_SINGLE_CANDIDATE,STATHEAD_QB_STARTED_QUERY,2025_04_BAL_KC,2025 Stathead pasted rank 311,311,POSTGAME_ACTUAL_STARTER,ORACLE_STARTER_IDENTITY_ONLY,False,False,CREDITED,
2025,4,REG,2025-09-28,2025_04_CAR_NE,CAR,NE,away,CAR,NE,Bryce Young,YounBr01,00-0039150,STATHEAD_UNAMBIGUOUS_SINGLE_CANDIDATE,STATHEAD_QB_STARTED_QUERY,2025_04_CAR_NE,2025 Stathead pasted rank 48,48,POSTGAME_ACTUAL_STARTER,ORACLE_STARTER_IDENTITY_ONLY,False,False,CREDITED,
2025,4,REG,2025-09-28,2025_04_CAR_NE,CAR,NE,home,NE,CAR,Drake Maye,MayeDr00,00-0039851,STATHEAD_UNAMBIGUOUS_SINGLE_CANDIDATE,STATHEAD_QB_STARTED_QUERY,2025_04_CAR_NE,2025 Stathead pasted rank 284,284,POSTGAME_ACTUAL_STARTER,ORACLE_STARTER_IDENTITY_ONLY,False,False,CREDITED,
2025,4,REG,2025-09-28,2025_04_CHI_LV,CHI,LV,away,CHI,LV,Caleb Williams,WillCa03,00-0039918,STATHEAD_UNAMBIGUOUS_SINGLE_CANDIDATE,STATHEAD_QB_STARTED_QUERY,2025_04_CHI_LV,2025 Stathead pasted rank 47,47,POSTGAME_ACTUAL_STARTER,ORACLE_STARTER_IDENTITY_ONLY,False,False,CREDITED,
2025,4,REG,2025-09-28,2025_04_CHI_LV,CHI,LV,home,LV,CHI,Geno Smith,SmitGe00,00-0030565,STATHEAD_UNAMBIGUOUS_SINGLE_CANDIDATE,STATHEAD_QB_STARTED_QUERY,2025_04_CHI_LV,2025 Stathead pasted rank 41,41,POSTGAME_ACTUAL_STARTER,ORACLE_STARTER_IDENTITY_ONLY,False,False,CREDITED,
2025,4,REG,2025-09-29,2025_04_CIN_DEN,CIN,DEN,away,CIN,DEN,Jake Browning,BrowJa08,00-0035100,STATHEAD_UNAMBIGUOUS_SINGLE_CANDIDATE,STATHEAD_QB_STARTED_QUERY,2025_04_CIN_DEN,2025 Stathead pasted rank 536,536,POSTGAME_ACTUAL_STARTER,ORACLE_STARTER_IDENTITY_ONLY,False,False,CREDITED,
2025,4,REG,2025-09-29,2025_04_CIN_DEN,CIN,DEN,home,DEN,CIN,Bo Nix,NixxBo00,00-0039732,STATHEAD_UNAMBIGUOUS_SINGLE_CANDIDATE,STATHEAD_QB_STARTED_QUERY,2025_04_CIN_DEN,2025 Stathead pasted rank 228,228,POSTGAME_ACTUAL_STARTER,ORACLE_STARTER_IDENTITY_ONLY,False,False,CREDITED,
2025,4,REG,2025-09-28,2025_04_CLE_DET,CLE,DET,away,CLE,DET,Joe Flacco,FlacJo00,00-0026158,STATHEAD_UNAMBIGUOUS_SINGLE_CANDIDATE,STATHEAD_QB_STARTED_QUERY,2025_04_CLE_DET,2025 Stathead pasted rank 462,462,POSTGAME_ACTUAL_STARTER,ORACLE_STARTER_IDENTITY_ONLY,False,False,CREDITED,
2025,4,REG,2025-09-28,2025_04_CLE_DET,CLE,DET,home,DET,CLE,Jared Goff,GoffJa00,00-0033106,STATHEAD_UNAMBIGUOUS_SINGLE_CANDIDATE,STATHEAD_QB_STARTED_QUERY,2025_04_CLE_DET,2025 Stathead pasted rank 433,433,POSTGAME_ACTUAL_STARTER,ORACLE_STARTER_IDENTITY_ONLY,False,False,CREDITED,
2025,4,REG,2025-09-28,2025_04_GB_DAL,GB,DAL,away,GB,DAL,Jordan Love,LoveJo03,00-0036264,STATHEAD_UNAMBIGUOUS_SINGLE_CANDIDATE,STATHEAD_QB_STARTED_QUERY,2025_04_GB_DAL,2025 Stathead pasted rank 329,329,POSTGAME_ACTUAL_STARTER,ORACLE_STARTER_IDENTITY_ONLY,False,False,CREDITED,
2025,4,REG,2025-09-28,2025_04_GB_DAL,GB,DAL,home,DAL,GB,Dak Prescott,PresDa01,00-0033077,STATHEAD_UNAMBIGUOUS_SINGLE_CANDIDATE,STATHEAD_QB_STARTED_QUERY,2025_04_GB_DAL,2025 Stathead pasted rank 37,37,POSTGAME_ACTUAL_STARTER,ORACLE_STARTER_IDENTITY_ONLY,False,False,CREDITED,
2025,4,REG,2025-09-28,2025_04_IND_LA,IND,LAR,away,IND,LAR,Daniel Jones,JoneDa05,00-0035710,STATHEAD_UNAMBIGUOUS_SINGLE_CANDIDATE,STATHEAD_QB_STARTED_QUERY,2025_04_IND_LA,2025 Stathead pasted rank 369,369,POSTGAME_ACTUAL_STARTER,ORACLE_STARTER_IDENTITY_ONLY,False,False,CREDITED,
2025,4,REG,2025-09-28,2025_04_IND_LA,IND,LAR,home,LAR,IND,Matthew Stafford,StafMa00,00-0026498,STATHEAD_UNAMBIGUOUS_SINGLE_CANDIDATE,STATHEAD_QB_STARTED_QUERY,2025_04_IND_LA,2025 Stathead pasted rank 42,42,POSTGAME_ACTUAL_STARTER,ORACLE_STARTER_IDENTITY_ONLY,False,False,CREDITED,
2025,4,REG,2025-09-28,2025_04_JAX_SF,JAX,SF,away,JAX,SF,Trevor Lawrence,LawrTr00,00-0036971,STATHEAD_UNAMBIGUOUS_SINGLE_CANDIDATE,STATHEAD_QB_STARTED_QUERY,2025_04_JAX_SF,2025 Stathead pasted rank 342,342,POSTGAME_ACTUAL_STARTER,ORACLE_STARTER_IDENTITY_ONLY,False,False,CREDITED,
2025,4,REG,2025-09-28,2025_04_JAX_SF,JAX,SF,home,SF,JAX,Brock Purdy,PurdBr00,00-0037834,STATHEAD_UNAMBIGUOUS_SINGLE_CANDIDATE,STATHEAD_QB_STARTED_QUERY,2025_04_JAX_SF,2025 Stathead pasted rank 38,38,POSTGAME_ACTUAL_STARTER,ORACLE_STARTER_IDENTITY_ONLY,False,False,CREDITED,
2025,4,REG,2025-09-28,2025_04_LAC_NYG,LAC,NYG,away,LAC,NYG,Justin Herbert,HerbJu00,00-0036355,STATHEAD_UNAMBIGUOUS_SINGLE_CANDIDATE,STATHEAD_QB_STARTED_QUERY,2025_04_LAC_NYG,2025 Stathead pasted rank 416,416,POSTGAME_ACTUAL_STARTER,ORACLE_STARTER_IDENTITY_ONLY,False,False,CREDITED,
2025,4,REG,2025-09-28,2025_04_LAC_NYG,LAC,NYG,home,NYG,LAC,Jaxson Dart,DartJa00,00-0040691,STATHEAD_UNAMBIGUOUS_SINGLE_CANDIDATE,STATHEAD_QB_STARTED_QUERY,2025_04_LAC_NYG,2025 Stathead pasted rank 475,475,POSTGAME_ACTUAL_STARTER,ORACLE_STARTER_IDENTITY_ONLY,False,False,CREDITED,
2025,4,REG,2025-09-28,2025_04_MIN_PIT,MIN,PIT,away,MIN,PIT,Carson Wentz,WentCa00,00-0032950,STATHEAD_UNAMBIGUOUS_SINGLE_CANDIDATE,STATHEAD_QB_STARTED_QUERY,2025_04_MIN_PIT,2025 Stathead pasted rank 46,46,POSTGAME_ACTUAL_STARTER,ORACLE_STARTER_IDENTITY_ONLY,False,False,CREDITED,
2025,4,REG,2025-09-28,2025_04_MIN_PIT,MIN,PIT,home,PIT,MIN,Aaron Rodgers,RodgAa00,00-0023459,STATHEAD_UNAMBIGUOUS_SINGLE_CANDIDATE,STATHEAD_QB_STARTED_QUERY,2025_04_MIN_PIT,2025 Stathead pasted rank 40,40,POSTGAME_ACTUAL_STARTER,ORACLE_STARTER_IDENTITY_ONLY,False,False,CREDITED,
2025,4,REG,2025-09-28,2025_04_NO_BUF,NO,BUF,away,NO,BUF,Spencer Rattler,RattSp00,00-0039376,STATHEAD_UNAMBIGUOUS_SINGLE_CANDIDATE,STATHEAD_QB_STARTED_QUERY,2025_04_NO_BUF,2025 Stathead pasted rank 39,39,POSTGAME_ACTUAL_STARTER,ORACLE_STARTER_IDENTITY_ONLY,False,False,CREDITED,
2025,4,REG,2025-09-28,2025_04_NO_BUF,NO,BUF,home,BUF,NO,Josh Allen,AlleJo02,00-0034857,STATHEAD_UNAMBIGUOUS_SINGLE_CANDIDATE,STATHEAD_QB_STARTED_QUERY,2025_04_NO_BUF,2025 Stathead pasted rank 556,556,POSTGAME_ACTUAL_STARTER,ORACLE_STARTER_IDENTITY_ONLY,False,False,CREDITED,
2025,4,REG,2025-09-29,2025_04_NYJ_MIA,NYJ,MIA,away,NYJ,MIA,Justin Fields,FielJu00,00-0036945,STATHEAD_UNAMBIGUOUS_SINGLE_CANDIDATE,STATHEAD_QB_STARTED_QUERY,2025_04_NYJ_MIA,2025 Stathead pasted rank 465,465,POSTGAME_ACTUAL_STARTER,ORACLE_STARTER_IDENTITY_ONLY,False,False,CREDITED,
2025,4,REG,2025-09-29,2025_04_NYJ_MIA,NYJ,MIA,home,MIA,NYJ,Tua Tagovailoa,TagoTu00,00-0036212,STATHEAD_UNAMBIGUOUS_SINGLE_CANDIDATE,STATHEAD_QB_STARTED_QUERY,2025_04_NYJ_MIA,2025 Stathead pasted rank 44,44,POSTGAME_ACTUAL_STARTER,ORACLE_STARTER_IDENTITY_ONLY,False,False,CREDITED,
2025,4,REG,2025-09-28,2025_04_PHI_TB,PHI,TB,away,PHI,TB,Jalen Hurts,HurtJa00,00-0036389,STATHEAD_UNAMBIGUOUS_SINGLE_CANDIDATE,STATHEAD_QB_STARTED_QUERY,2025_04_PHI_TB,2025 Stathead pasted rank 397,397,POSTGAME_ACTUAL_STARTER,ORACLE_STARTER_IDENTITY_ONLY,False,False,CREDITED,
2025,4,REG,2025-09-28,2025_04_PHI_TB,PHI,TB,home,TB,PHI,Baker Mayfield,MayfBa00,00-0034855,STATHEAD_UNAMBIGUOUS_SINGLE_CANDIDATE,STATHEAD_QB_STARTED_QUERY,2025_04_PHI_TB,2025 Stathead pasted rank 265,265,POSTGAME_ACTUAL_STARTER,ORACLE_STARTER_IDENTITY_ONLY,False,False,CREDITED,
2025,4,REG,2025-09-25,2025_04_SEA_ARI,SEA,ARI,away,SEA,ARI,Sam Darnold,DarnSa00,00-0034869,STATHEAD_UNAMBIGUOUS_SINGLE_CANDIDATE,STATHEAD_QB_STARTED_QUERY,2025_04_SEA_ARI,2025 Stathead pasted rank 492,492,POSTGAME_ACTUAL_STARTER,ORACLE_STARTER_IDENTITY_ONLY,False,False,CREDITED,
2025,4,REG,2025-09-25,2025_04_SEA_ARI,SEA,ARI,home,ARI,SEA,Kyler Murray,MurrKy00,00-0035228,STATHEAD_UNAMBIGUOUS_SINGLE_CANDIDATE,STATHEAD_QB_STARTED_QUERY,2025_04_SEA_ARI,2025 Stathead pasted rank 245,245,POSTGAME_ACTUAL_STARTER,ORACLE_STARTER_IDENTITY_ONLY,False,False,CREDITED,
2025,4,REG,2025-09-28,2025_04_TEN_HOU,TEN,HOU,away,TEN,HOU,Cam Ward,WardCa00,00-0040676,STATHEAD_UNAMBIGUOUS_SINGLE_CANDIDATE,STATHEAD_QB_STARTED_QUERY,2025_04_TEN_HOU,2025 Stathead pasted rank 45,45,POSTGAME_ACTUAL_STARTER,ORACLE_STARTER_IDENTITY_ONLY,False,False,CREDITED,
2025,4,REG,2025-09-28,2025_04_TEN_HOU,TEN,HOU,home,HOU,TEN,C.J. Stroud,StroCJ00,00-0039163,STATHEAD_UNAMBIGUOUS_SINGLE_CANDIDATE,STATHEAD_QB_STARTED_QUERY,2025_04_TEN_HOU,2025 Stathead pasted rank 43,43,POSTGAME_ACTUAL_STARTER,ORACLE_STARTER_IDENTITY_ONLY,False,False,CREDITED,
2025,4,REG,2025-09-28,2025_04_WAS_ATL,WAS,ATL,away,WAS,ATL,Marcus Mariota,MariMa01,00-0032268,STATHEAD_UNAMBIGUOUS_SINGLE_CANDIDATE,STATHEAD_QB_STARTED_QUERY,2025_04_WAS_ATL,2025 Stathead pasted rank 301,301,POSTGAME_ACTUAL_STARTER,ORACLE_STARTER_IDENTITY_ONLY,False,False,CREDITED,
2025,4,REG,2025-09-28,2025_04_WAS_ATL,WAS,ATL,home,ATL,WAS,Michael Penix,PeniMi00,00-0039917,STATHEAD_UNAMBIGUOUS_SINGLE_CANDIDATE,STATHEAD_QB_STARTED_QUERY,2025_04_WAS_ATL,2025 Stathead pasted rank 216,216,POSTGAME_ACTUAL_STARTER,ORACLE_STARTER_IDENTITY_ONLY,False,False,CREDITED,
2025,5,REG,2025-10-05,2025_05_DAL_NYJ,DAL,NYJ,away,DAL,NYJ,Dak Prescott,PresDa01,00-0033077,STATHEAD_UNAMBIGUOUS_SINGLE_CANDIDATE,STATHEAD_QB_STARTED_QUERY,2025_05_DAL_NYJ,2025 Stathead pasted rank 49,49,POSTGAME_ACTUAL_STARTER,ORACLE_STARTER_IDENTITY_ONLY,False,False,CREDITED,
2025,5,REG,2025-10-05,2025_05_DAL_NYJ,DAL,NYJ,home,NYJ,DAL,Justin Fields,FielJu00,00-0036945,STATHEAD_UNAMBIGUOUS_SINGLE_CANDIDATE,STATHEAD_QB_STARTED_QUERY,2025_05_DAL_NYJ,2025 Stathead pasted rank 466,466,POSTGAME_ACTUAL_STARTER,ORACLE_STARTER_IDENTITY_ONLY,False,False,CREDITED,
2025,5,REG,2025-10-05,2025_05_DEN_PHI,DEN,PHI,away,DEN,PHI,Bo Nix,NixxBo00,00-0039732,STATHEAD_UNAMBIGUOUS_SINGLE_CANDIDATE,STATHEAD_QB_STARTED_QUERY,2025_05_DEN_PHI,2025 Stathead pasted rank 229,229,POSTGAME_ACTUAL_STARTER,ORACLE_STARTER_IDENTITY_ONLY,False,False,CREDITED,
2025,5,REG,2025-10-05,2025_05_DEN_PHI,DEN,PHI,home,PHI,DEN,Jalen Hurts,HurtJa00,00-0036389,STATHEAD_UNAMBIGUOUS_SINGLE_CANDIDATE,STATHEAD_QB_STARTED_QUERY,2025_05_DEN_PHI,2025 Stathead pasted rank 398,398,POSTGAME_ACTUAL_STARTER,ORACLE_STARTER_IDENTITY_ONLY,False,False,CREDITED,
2025,5,REG,2025-10-05,2025_05_DET_CIN,DET,CIN,away,DET,CIN,Jared Goff,GoffJa00,00-0033106,STATHEAD_UNAMBIGUOUS_SINGLE_CANDIDATE,STATHEAD_QB_STARTED_QUERY,2025_05_DET_CIN,2025 Stathead pasted rank 434,434,POSTGAME_ACTUAL_STARTER,ORACLE_STARTER_IDENTITY_ONLY,False,False,CREDITED,
2025,5,REG,2025-10-05,2025_05_DET_CIN,DET,CIN,home,CIN,DET,Jake Browning,BrowJa08,00-0035100,STATHEAD_UNAMBIGUOUS_SINGLE_CANDIDATE,STATHEAD_QB_STARTED_QUERY,2025_05_DET_CIN,2025 Stathead pasted rank 537,537,POSTGAME_ACTUAL_STARTER,ORACLE_STARTER_IDENTITY_ONLY,False,False,CREDITED,
2025,5,REG,2025-10-05,2025_05_HOU_BAL,HOU,BAL,away,HOU,BAL,C.J. Stroud,StroCJ00,00-0039163,STATHEAD_UNAMBIGUOUS_SINGLE_CANDIDATE,STATHEAD_QB_STARTED_QUERY,2025_05_HOU_BAL,2025 Stathead pasted rank 54,54,POSTGAME_ACTUAL_STARTER,ORACLE_STARTER_IDENTITY_ONLY,False,False,CREDITED,
2025,5,REG,2025-10-05,2025_05_HOU_BAL,HOU,BAL,home,BAL,HOU,Cooper Rush,RushCo00,00-0033662,STATHEAD_UNAMBIGUOUS_SINGLE_CANDIDATE,STATHEAD_QB_STARTED_QUERY,2025_05_HOU_BAL,2025 Stathead pasted rank 51,51,POSTGAME_ACTUAL_STARTER,ORACLE_STARTER_IDENTITY_ONLY,False,False,CREDITED,
2025,5,REG,2025-10-06,2025_05_KC_JAX,KC,JAX,away,KC,JAX,Patrick Mahomes,MahoPa00,00-0033873,STATHEAD_UNAMBIGUOUS_SINGLE_CANDIDATE,STATHEAD_QB_STARTED_QUERY,2025_05_KC_JAX,2025 Stathead pasted rank 312,312,POSTGAME_ACTUAL_STARTER,ORACLE_STARTER_IDENTITY_ONLY,False,False,CREDITED,
2025,5,REG,2025-10-06,2025_05_KC_JAX,KC,JAX,home,JAX,KC,Trevor Lawrence,LawrTr00,00-0036971,STATHEAD_UNAMBIGUOUS_SINGLE_CANDIDATE,STATHEAD_QB_STARTED_QUERY,2025_05_KC_JAX,2025 Stathead pasted rank 343,343,POSTGAME_ACTUAL_STARTER,ORACLE_STARTER_IDENTITY_ONLY,False,False,CREDITED,
2025,5,REG,2025-10-05,2025_05_LV_IND,LV,IND,away,LV,IND,Geno Smith,SmitGe00,00-0030565,STATHEAD_UNAMBIGUOUS_SINGLE_CANDIDATE,STATHEAD_QB_STARTED_QUERY,2025_05_LV_IND,2025 Stathead pasted rank 52,52,POSTGAME_ACTUAL_STARTER,ORACLE_STARTER_IDENTITY_ONLY,False,False,CREDITED,
2025,5,REG,2025-10-05,2025_05_LV_IND,LV,IND,home,IND,LV,Daniel Jones,JoneDa05,00-0035710,STATHEAD_UNAMBIGUOUS_SINGLE_CANDIDATE,STATHEAD_QB_STARTED_QUERY,2025_05_LV_IND,2025 Stathead pasted rank 370,370,POSTGAME_ACTUAL_STARTER,ORACLE_STARTER_IDENTITY_ONLY,False,False,CREDITED,
2025,5,REG,2025-10-05,2025_05_MIA_CAR,MIA,CAR,away,MIA,CAR,Tua Tagovailoa,TagoTu00,00-0036212,STATHEAD_UNAMBIGUOUS_SINGLE_CANDIDATE,STATHEAD_QB_STARTED_QUERY,2025_05_MIA_CAR,2025 Stathead pasted rank 55,55,POSTGAME_ACTUAL_STARTER,ORACLE_STARTER_IDENTITY_ONLY,False,False,CREDITED,
2025,5,REG,2025-10-05,2025_05_MIA_CAR,MIA,CAR,home,CAR,MIA,Bryce Young,YounBr01,00-0039150,STATHEAD_UNAMBIGUOUS_SINGLE_CANDIDATE,STATHEAD_QB_STARTED_QUERY,2025_05_MIA_CAR,2025 Stathead pasted rank 58,58,POSTGAME_ACTUAL_STARTER,ORACLE_STARTER_IDENTITY_ONLY,False,False,CREDITED,
2025,5,REG,2025-10-05,2025_05_MIN_CLE,MIN,CLE,away,MIN,CLE,Carson Wentz,WentCa00,00-0032950,STATHEAD_UNAMBIGUOUS_SINGLE_CANDIDATE,STATHEAD_QB_STARTED_QUERY,2025_05_MIN_CLE,2025 Stathead pasted rank 57,57,POSTGAME_ACTUAL_STARTER,ORACLE_STARTER_IDENTITY_ONLY,False,False,CREDITED,
2025,5,REG,2025-10-05,2025_05_MIN_CLE,MIN,CLE,home,CLE,MIN,Dillon Gabriel,GabrDi00,00-0040704,STATHEAD_UNAMBIGUOUS_SINGLE_CANDIDATE,STATHEAD_QB_STARTED_QUERY,2025_05_MIN_CLE,2025 Stathead pasted rank 447,447,POSTGAME_ACTUAL_STARTER,ORACLE_STARTER_IDENTITY_ONLY,False,False,CREDITED,
2025,5,REG,2025-10-05,2025_05_NE_BUF,NE,BUF,away,NE,BUF,Drake Maye,MayeDr00,00-0039851,STATHEAD_UNAMBIGUOUS_SINGLE_CANDIDATE,STATHEAD_QB_STARTED_QUERY,2025_05_NE_BUF,2025 Stathead pasted rank 285,285,POSTGAME_ACTUAL_STARTER,ORACLE_STARTER_IDENTITY_ONLY,False,False,CREDITED,
2025,5,REG,2025-10-05,2025_05_NE_BUF,NE,BUF,home,BUF,NE,Josh Allen,AlleJo02,00-0034857,STATHEAD_UNAMBIGUOUS_SINGLE_CANDIDATE,STATHEAD_QB_STARTED_QUERY,2025_05_NE_BUF,2025 Stathead pasted rank 557,557,POSTGAME_ACTUAL_STARTER,ORACLE_STARTER_IDENTITY_ONLY,False,False,CREDITED,
2025,5,REG,2025-10-05,2025_05_NYG_NO,NYG,NO,away,NYG,NO,Jaxson Dart,DartJa00,00-0040691,STATHEAD_UNAMBIGUOUS_SINGLE_CANDIDATE,STATHEAD_QB_STARTED_QUERY,2025_05_NYG_NO,2025 Stathead pasted rank 476,476,POSTGAME_ACTUAL_STARTER,ORACLE_STARTER_IDENTITY_ONLY,False,False,CREDITED,
2025,5,REG,2025-10-05,2025_05_NYG_NO,NYG,NO,home,NO,NYG,Spencer Rattler,RattSp00,00-0039376,STATHEAD_UNAMBIGUOUS_SINGLE_CANDIDATE,STATHEAD_QB_STARTED_QUERY,2025_05_NYG_NO,2025 Stathead pasted rank 50,50,POSTGAME_ACTUAL_STARTER,ORACLE_STARTER_IDENTITY_ONLY,False,False,CREDITED,
2025,5,REG,2025-10-02,2025_05_SF_LA,SF,LAR,away,SF,LAR,Mac Jones,JoneMa05,00-0036972,STATHEAD_UNAMBIGUOUS_SINGLE_CANDIDATE,STATHEAD_QB_STARTED_QUERY,2025_05_SF_LA,2025 Stathead pasted rank 360,360,POSTGAME_ACTUAL_STARTER,ORACLE_STARTER_IDENTITY_ONLY,False,False,CREDITED,
2025,5,REG,2025-10-02,2025_05_SF_LA,SF,LAR,home,LAR,SF,Matthew Stafford,StafMa00,00-0026498,STATHEAD_UNAMBIGUOUS_SINGLE_CANDIDATE,STATHEAD_QB_STARTED_QUERY,2025_05_SF_LA,2025 Stathead pasted rank 53,53,POSTGAME_ACTUAL_STARTER,ORACLE_STARTER_IDENTITY_ONLY,False,False,CREDITED,
2025,5,REG,2025-10-05,2025_05_TB_SEA,TB,SEA,away,TB,SEA,Baker Mayfield,MayfBa00,00-0034855,STATHEAD_UNAMBIGUOUS_SINGLE_CANDIDATE,STATHEAD_QB_STARTED_QUERY,2025_05_TB_SEA,2025 Stathead pasted rank 266,266,POSTGAME_ACTUAL_STARTER,ORACLE_STARTER_IDENTITY_ONLY,False,False,CREDITED,
2025,5,REG,2025-10-05,2025_05_TB_SEA,TB,SEA,home,SEA,TB,Sam Darnold,DarnSa00,00-0034869,STATHEAD_UNAMBIGUOUS_SINGLE_CANDIDATE,STATHEAD_QB_STARTED_QUERY,2025_05_TB_SEA,2025 Stathead pasted rank 493,493,POSTGAME_ACTUAL_STARTER,ORACLE_STARTER_IDENTITY_ONLY,False,False,CREDITED,
2025,5,REG,2025-10-05,2025_05_TEN_ARI,TEN,ARI,away,TEN,ARI,Cam Ward,WardCa00,00-0040676,STATHEAD_UNAMBIGUOUS_SINGLE_CANDIDATE,STATHEAD_QB_STARTED_QUERY,2025_05_TEN_ARI,2025 Stathead pasted rank 56,56,POSTGAME_ACTUAL_STARTER,ORACLE_STARTER_IDENTITY_ONLY,False,False,CREDITED,
2025,5,REG,2025-10-05,2025_05_TEN_ARI,TEN,ARI,home,ARI,TEN,Kyler Murray,MurrKy00,00-0035228,STATHEAD_UNAMBIGUOUS_SINGLE_CANDIDATE,STATHEAD_QB_STARTED_QUERY,2025_05_TEN_ARI,2025 Stathead pasted rank 246,246,POSTGAME_ACTUAL_STARTER,ORACLE_STARTER_IDENTITY_ONLY,False,False,CREDITED,
2025,5,REG,2025-10-05,2025_05_WAS_LAC,WAS,LAC,away,WAS,LAC,Jayden Daniels,DaniJa02,00-0039910,STATHEAD_UNAMBIGUOUS_SINGLE_CANDIDATE,STATHEAD_QB_STARTED_QUERY,2025_05_WAS_LAC,2025 Stathead pasted rank 509,509,POSTGAME_ACTUAL_STARTER,ORACLE_STARTER_IDENTITY_ONLY,False,False,CREDITED,
2025,5,REG,2025-10-05,2025_05_WAS_LAC,WAS,LAC,home,LAC,WAS,Justin Herbert,HerbJu00,00-0036355,STATHEAD_UNAMBIGUOUS_SINGLE_CANDIDATE,STATHEAD_QB_STARTED_QUERY,2025_05_WAS_LAC,2025 Stathead pasted rank 417,417,POSTGAME_ACTUAL_STARTER,ORACLE_STARTER_IDENTITY_ONLY,False,False,CREDITED,
2025,6,REG,2025-10-12,2025_06_ARI_IND,ARI,IND,away,ARI,IND,Jacoby Brissett,BrisJa00,00-0033119,STATHEAD_UNAMBIGUOUS_SINGLE_CANDIDATE,STATHEAD_QB_STARTED_QUERY,2025_06_ARI_IND,2025 Stathead pasted rank 540,540,POSTGAME_ACTUAL_STARTER,ORACLE_STARTER_IDENTITY_ONLY,False,False,CREDITED,
2025,6,REG,2025-10-12,2025_06_ARI_IND,ARI,IND,home,IND,ARI,Daniel Jones,JoneDa05,00-0035710,STATHEAD_UNAMBIGUOUS_SINGLE_CANDIDATE,STATHEAD_QB_STARTED_QUERY,2025_06_ARI_IND,2025 Stathead pasted rank 371,371,POSTGAME_ACTUAL_STARTER,ORACLE_STARTER_IDENTITY_ONLY,False,False,CREDITED,
2025,6,REG,2025-10-13,2025_06_BUF_ATL,BUF,ATL,away,BUF,ATL,Josh Allen,AlleJo02,00-0034857,STATHEAD_UNAMBIGUOUS_SINGLE_CANDIDATE,STATHEAD_QB_STARTED_QUERY,2025_06_BUF_ATL,2025 Stathead pasted rank 558,558,POSTGAME_ACTUAL_STARTER,ORACLE_STARTER_IDENTITY_ONLY,False,False,CREDITED,
2025,6,REG,2025-10-13,2025_06_BUF_ATL,BUF,ATL,home,ATL,BUF,Michael Penix,PeniMi00,00-0039917,STATHEAD_UNAMBIGUOUS_SINGLE_CANDIDATE,STATHEAD_QB_STARTED_QUERY,2025_06_BUF_ATL,2025 Stathead pasted rank 217,217,POSTGAME_ACTUAL_STARTER,ORACLE_STARTER_IDENTITY_ONLY,False,False,CREDITED,
2025,6,REG,2025-10-13,2025_06_CHI_WAS,CHI,WAS,away,CHI,WAS,Caleb Williams,WillCa03,00-0039918,STATHEAD_UNAMBIGUOUS_SINGLE_CANDIDATE,STATHEAD_QB_STARTED_QUERY,2025_06_CHI_WAS,2025 Stathead pasted rank 67,67,POSTGAME_ACTUAL_STARTER,ORACLE_STARTER_IDENTITY_ONLY,False,False,CREDITED,
2025,6,REG,2025-10-13,2025_06_CHI_WAS,CHI,WAS,home,WAS,CHI,Jayden Daniels,DaniJa02,00-0039910,STATHEAD_UNAMBIGUOUS_SINGLE_CANDIDATE,STATHEAD_QB_STARTED_QUERY,2025_06_CHI_WAS,2025 Stathead pasted rank 510,510,POSTGAME_ACTUAL_STARTER,ORACLE_STARTER_IDENTITY_ONLY,False,False,CREDITED,
2025,6,REG,2025-10-12,2025_06_CIN_GB,CIN,GB,away,CIN,GB,Joe Flacco,FlacJo00,00-0026158,STATHEAD_UNAMBIGUOUS_SINGLE_CANDIDATE,STATHEAD_QB_STARTED_QUERY,2025_06_CIN_GB,2025 Stathead pasted rank 453,453,POSTGAME_ACTUAL_STARTER,ORACLE_STARTER_IDENTITY_ONLY,False,False,CREDITED,
2025,6,REG,2025-10-12,2025_06_CIN_GB,CIN,GB,home,GB,CIN,Jordan Love,LoveJo03,00-0036264,STATHEAD_UNAMBIGUOUS_SINGLE_CANDIDATE,STATHEAD_QB_STARTED_QUERY,2025_06_CIN_GB,2025 Stathead pasted rank 330,330,POSTGAME_ACTUAL_STARTER,ORACLE_STARTER_IDENTITY_ONLY,False,False,CREDITED,
2025,6,REG,2025-10-12,2025_06_CLE_PIT,CLE,PIT,away,CLE,PIT,Dillon Gabriel,GabrDi00,00-0040704,STATHEAD_UNAMBIGUOUS_SINGLE_CANDIDATE,STATHEAD_QB_STARTED_QUERY,2025_06_CLE_PIT,2025 Stathead pasted rank 448,448,POSTGAME_ACTUAL_STARTER,ORACLE_STARTER_IDENTITY_ONLY,False,False,CREDITED,
2025,6,REG,2025-10-12,2025_06_CLE_PIT,CLE,PIT,home,PIT,CLE,Aaron Rodgers,RodgAa00,00-0023459,STATHEAD_UNAMBIGUOUS_SINGLE_CANDIDATE,STATHEAD_QB_STARTED_QUERY,2025_06_CLE_PIT,2025 Stathead pasted rank 61,61,POSTGAME_ACTUAL_STARTER,ORACLE_STARTER_IDENTITY_ONLY,False,False,CREDITED,
2025,6,REG,2025-10-12,2025_06_DAL_CAR,DAL,CAR,away,DAL,CAR,Dak Prescott,PresDa01,00-0033077,STATHEAD_UNAMBIGUOUS_SINGLE_CANDIDATE,STATHEAD_QB_STARTED_QUERY,2025_06_DAL_CAR,2025 Stathead pasted rank 59,59,POSTGAME_ACTUAL_STARTER,ORACLE_STARTER_IDENTITY_ONLY,False,False,CREDITED,
2025,6,REG,2025-10-12,2025_06_DAL_CAR,DAL,CAR,home,CAR,DAL,Bryce Young,YounBr01,00-0039150,STATHEAD_UNAMBIGUOUS_SINGLE_CANDIDATE,STATHEAD_QB_STARTED_QUERY,2025_06_DAL_CAR,2025 Stathead pasted rank 68,68,POSTGAME_ACTUAL_STARTER,ORACLE_STARTER_IDENTITY_ONLY,False,False,CREDITED,
2025,6,REG,2025-10-12,2025_06_DEN_NYJ,DEN,NYJ,away,DEN,NYJ,Bo Nix,NixxBo00,00-0039732,STATHEAD_UNAMBIGUOUS_SINGLE_CANDIDATE,STATHEAD_QB_STARTED_QUERY,2025_06_DEN_NYJ,2025 Stathead pasted rank 230,230,POSTGAME_ACTUAL_STARTER,ORACLE_STARTER_IDENTITY_ONLY,False,False,CREDITED,
2025,6,REG,2025-10-12,2025_06_DEN_NYJ,DEN,NYJ,home,NYJ,DEN,Justin Fields,FielJu00,00-0036945,STATHEAD_UNAMBIGUOUS_SINGLE_CANDIDATE,STATHEAD_QB_STARTED_QUERY,2025_06_DEN_NYJ,2025 Stathead pasted rank 467,467,POSTGAME_ACTUAL_STARTER,ORACLE_STARTER_IDENTITY_ONLY,False,False,CREDITED,
2025,6,REG,2025-10-12,2025_06_DET_KC,DET,KC,away,DET,KC,Jared Goff,GoffJa00,00-0033106,STATHEAD_UNAMBIGUOUS_SINGLE_CANDIDATE,STATHEAD_QB_STARTED_QUERY,2025_06_DET_KC,2025 Stathead pasted rank 435,435,POSTGAME_ACTUAL_STARTER,ORACLE_STARTER_IDENTITY_ONLY,False,False,CREDITED,
2025,6,REG,2025-10-12,2025_06_DET_KC,DET,KC,home,KC,DET,Patrick Mahomes,MahoPa00,00-0033873,STATHEAD_UNAMBIGUOUS_SINGLE_CANDIDATE,STATHEAD_QB_STARTED_QUERY,2025_06_DET_KC,2025 Stathead pasted rank 313,313,POSTGAME_ACTUAL_STARTER,ORACLE_STARTER_IDENTITY_ONLY,False,False,CREDITED,
2025,6,REG,2025-10-12,2025_06_LAC_MIA,LAC,MIA,away,LAC,MIA,Justin Herbert,HerbJu00,00-0036355,STATHEAD_UNAMBIGUOUS_SINGLE_CANDIDATE,STATHEAD_QB_STARTED_QUERY,2025_06_LAC_MIA,2025 Stathead pasted rank 418,418,POSTGAME_ACTUAL_STARTER,ORACLE_STARTER_IDENTITY_ONLY,False,False,CREDITED,
2025,6,REG,2025-10-12,2025_06_LAC_MIA,LAC,MIA,home,MIA,LAC,Tua Tagovailoa,TagoTu00,00-0036212,STATHEAD_UNAMBIGUOUS_SINGLE_CANDIDATE,STATHEAD_QB_STARTED_QUERY,2025_06_LAC_MIA,2025 Stathead pasted rank 65,65,POSTGAME_ACTUAL_STARTER,ORACLE_STARTER_IDENTITY_ONLY,False,False,CREDITED,
2025,6,REG,2025-10-12,2025_06_LA_BAL,LAR,BAL,away,LAR,BAL,Matthew Stafford,StafMa00,00-0026498,STATHEAD_UNAMBIGUOUS_SINGLE_CANDIDATE,STATHEAD_QB_STARTED_QUERY,2025_06_LA_BAL,2025 Stathead pasted rank 64,64,POSTGAME_ACTUAL_STARTER,ORACLE_STARTER_IDENTITY_ONLY,False,False,CREDITED,
2025,6,REG,2025-10-12,2025_06_LA_BAL,LAR,BAL,home,BAL,LAR,Cooper Rush,RushCo00,00-0033662,STATHEAD_UNAMBIGUOUS_SINGLE_CANDIDATE,STATHEAD_QB_STARTED_QUERY,2025_06_LA_BAL,2025 Stathead pasted rank 62,62,POSTGAME_ACTUAL_STARTER,ORACLE_STARTER_IDENTITY_ONLY,False,False,CREDITED,
2025,6,REG,2025-10-12,2025_06_NE_NO,NE,NO,away,NE,NO,Drake Maye,MayeDr00,00-0039851,STATHEAD_UNAMBIGUOUS_SINGLE_CANDIDATE,STATHEAD_QB_STARTED_QUERY,2025_06_NE_NO,2025 Stathead pasted rank 286,286,POSTGAME_ACTUAL_STARTER,ORACLE_STARTER_IDENTITY_ONLY,False,False,CREDITED,
2025,6,REG,2025-10-12,2025_06_NE_NO,NE,NO,home,NO,NE,Spencer Rattler,RattSp00,00-0039376,STATHEAD_UNAMBIGUOUS_SINGLE_CANDIDATE,STATHEAD_QB_STARTED_QUERY,2025_06_NE_NO,2025 Stathead pasted rank 60,60,POSTGAME_ACTUAL_STARTER,ORACLE_STARTER_IDENTITY_ONLY,False,False,CREDITED,
2025,6,REG,2025-10-09,2025_06_PHI_NYG,PHI,NYG,away,PHI,NYG,Jalen Hurts,HurtJa00,00-0036389,STATHEAD_UNAMBIGUOUS_SINGLE_CANDIDATE,STATHEAD_QB_STARTED_QUERY,2025_06_PHI_NYG,2025 Stathead pasted rank 399,399,POSTGAME_ACTUAL_STARTER,ORACLE_STARTER_IDENTITY_ONLY,False,False,CREDITED,
2025,6,REG,2025-10-09,2025_06_PHI_NYG,PHI,NYG,home,NYG,PHI,Jaxson Dart,DartJa00,00-0040691,STATHEAD_UNAMBIGUOUS_SINGLE_CANDIDATE,STATHEAD_QB_STARTED_QUERY,2025_06_PHI_NYG,2025 Stathead pasted rank 477,477,POSTGAME_ACTUAL_STARTER,ORACLE_STARTER_IDENTITY_ONLY,False,False,CREDITED,
2025,6,REG,2025-10-12,2025_06_SEA_JAX,SEA,JAX,away,SEA,JAX,Sam Darnold,DarnSa00,00-0034869,STATHEAD_UNAMBIGUOUS_SINGLE_CANDIDATE,STATHEAD_QB_STARTED_QUERY,2025_06_SEA_JAX,2025 Stathead pasted rank 494,494,POSTGAME_ACTUAL_STARTER,ORACLE_STARTER_IDENTITY_ONLY,False,False,CREDITED,
2025,6,REG,2025-10-12,2025_06_SEA_JAX,SEA,JAX,home,JAX,SEA,Trevor Lawrence,LawrTr00,00-0036971,STATHEAD_UNAMBIGUOUS_SINGLE_CANDIDATE,STATHEAD_QB_STARTED_QUERY,2025_06_SEA_JAX,2025 Stathead pasted rank 344,344,POSTGAME_ACTUAL_STARTER,ORACLE_STARTER_IDENTITY_ONLY,False,False,CREDITED,
2025,6,REG,2025-10-12,2025_06_SF_TB,SF,TB,away,SF,TB,Mac Jones,JoneMa05,00-0036972,STATHEAD_UNAMBIGUOUS_SINGLE_CANDIDATE,STATHEAD_QB_STARTED_QUERY,2025_06_SF_TB,2025 Stathead pasted rank 361,361,POSTGAME_ACTUAL_STARTER,ORACLE_STARTER_IDENTITY_ONLY,False,False,CREDITED,
2025,6,REG,2025-10-12,2025_06_SF_TB,SF,TB,home,TB,SF,Baker Mayfield,MayfBa00,00-0034855,STATHEAD_UNAMBIGUOUS_SINGLE_CANDIDATE,STATHEAD_QB_STARTED_QUERY,2025_06_SF_TB,2025 Stathead pasted rank 267,267,POSTGAME_ACTUAL_STARTER,ORACLE_STARTER_IDENTITY_ONLY,False,False,CREDITED,
2025,6,REG,2025-10-12,2025_06_TEN_LV,TEN,LV,away,TEN,LV,Cam Ward,WardCa00,00-0040676,STATHEAD_UNAMBIGUOUS_SINGLE_CANDIDATE,STATHEAD_QB_STARTED_QUERY,2025_06_TEN_LV,2025 Stathead pasted rank 66,66,POSTGAME_ACTUAL_STARTER,ORACLE_STARTER_IDENTITY_ONLY,False,False,CREDITED,
2025,6,REG,2025-10-12,2025_06_TEN_LV,TEN,LV,home,LV,TEN,Geno Smith,SmitGe00,00-0030565,STATHEAD_UNAMBIGUOUS_SINGLE_CANDIDATE,STATHEAD_QB_STARTED_QUERY,2025_06_TEN_LV,2025 Stathead pasted rank 63,63,POSTGAME_ACTUAL_STARTER,ORACLE_STARTER_IDENTITY_ONLY,False,False,CREDITED,
2025,7,REG,2025-10-19,2025_07_ATL_SF,ATL,SF,away,ATL,SF,Michael Penix,PeniMi00,00-0039917,STATHEAD_UNAMBIGUOUS_SINGLE_CANDIDATE,STATHEAD_QB_STARTED_QUERY,2025_07_ATL_SF,2025 Stathead pasted rank 218,218,POSTGAME_ACTUAL_STARTER,ORACLE_STARTER_IDENTITY_ONLY,False,False,CREDITED,
2025,7,REG,2025-10-19,2025_07_ATL_SF,ATL,SF,home,SF,ATL,Mac Jones,JoneMa05,00-0036972,STATHEAD_UNAMBIGUOUS_SINGLE_CANDIDATE,STATHEAD_QB_STARTED_QUERY,2025_07_ATL_SF,2025 Stathead pasted rank 362,362,POSTGAME_ACTUAL_STARTER,ORACLE_STARTER_IDENTITY_ONLY,False,False,CREDITED,
2025,7,REG,2025-10-19,2025_07_CAR_NYJ,CAR,NYJ,away,CAR,NYJ,Bryce Young,YounBr01,00-0039150,STATHEAD_UNAMBIGUOUS_SINGLE_CANDIDATE,STATHEAD_QB_STARTED_QUERY,2025_07_CAR_NYJ,2025 Stathead pasted rank 79,79,POSTGAME_ACTUAL_STARTER,ORACLE_STARTER_IDENTITY_ONLY,False,False,CREDITED,
2025,7,REG,2025-10-19,2025_07_CAR_NYJ,CAR,NYJ,home,NYJ,CAR,Justin Fields,FielJu00,00-0036945,STATHEAD_UNAMBIGUOUS_SINGLE_CANDIDATE,STATHEAD_QB_STARTED_QUERY,2025_07_CAR_NYJ,2025 Stathead pasted rank 468,468,POSTGAME_ACTUAL_STARTER,ORACLE_STARTER_IDENTITY_ONLY,False,False,CREDITED,
2025,7,REG,2025-10-19,2025_07_GB_ARI,GB,ARI,away,GB,ARI,Jordan Love,LoveJo03,00-0036264,STATHEAD_UNAMBIGUOUS_SINGLE_CANDIDATE,STATHEAD_QB_STARTED_QUERY,2025_07_GB_ARI,2025 Stathead pasted rank 331,331,POSTGAME_ACTUAL_STARTER,ORACLE_STARTER_IDENTITY_ONLY,False,False,CREDITED,
2025,7,REG,2025-10-19,2025_07_GB_ARI,GB,ARI,home,ARI,GB,Jacoby Brissett,BrisJa00,00-0033119,STATHEAD_UNAMBIGUOUS_SINGLE_CANDIDATE,STATHEAD_QB_STARTED_QUERY,2025_07_GB_ARI,2025 Stathead pasted rank 541,541,POSTGAME_ACTUAL_STARTER,ORACLE_STARTER_IDENTITY_ONLY,False,False,CREDITED,
2025,7,REG,2025-10-20,2025_07_HOU_SEA,HOU,SEA,away,HOU,SEA,C.J. Stroud,StroCJ00,00-0039163,STATHEAD_UNAMBIGUOUS_SINGLE_CANDIDATE,STATHEAD_QB_STARTED_QUERY,2025_07_HOU_SEA,2025 Stathead pasted rank 74,74,POSTGAME_ACTUAL_STARTER,ORACLE_STARTER_IDENTITY_ONLY,False,False,CREDITED,
2025,7,REG,2025-10-20,2025_07_HOU_SEA,HOU,SEA,home,SEA,HOU,Sam Darnold,DarnSa00,00-0034869,STATHEAD_UNAMBIGUOUS_SINGLE_CANDIDATE,STATHEAD_QB_STARTED_QUERY,2025_07_HOU_SEA,2025 Stathead pasted rank 495,495,POSTGAME_ACTUAL_STARTER,ORACLE_STARTER_IDENTITY_ONLY,False,False,CREDITED,
2025,7,REG,2025-10-19,2025_07_IND_LAC,IND,LAC,away,IND,LAC,Daniel Jones,JoneDa05,00-0035710,STATHEAD_UNAMBIGUOUS_SINGLE_CANDIDATE,STATHEAD_QB_STARTED_QUERY,2025_07_IND_LAC,2025 Stathead pasted rank 372,372,POSTGAME_ACTUAL_STARTER,ORACLE_STARTER_IDENTITY_ONLY,False,False,CREDITED,
2025,7,REG,2025-10-19,2025_07_IND_LAC,IND,LAC,home,LAC,IND,Justin Herbert,HerbJu00,00-0036355,STATHEAD_UNAMBIGUOUS_SINGLE_CANDIDATE,STATHEAD_QB_STARTED_QUERY,2025_07_IND_LAC,2025 Stathead pasted rank 419,419,POSTGAME_ACTUAL_STARTER,ORACLE_STARTER_IDENTITY_ONLY,False,False,CREDITED,
2025,7,REG,2025-10-19,2025_07_LA_JAX,LAR,JAX,away,LAR,JAX,Matthew Stafford,StafMa00,00-0026498,STATHEAD_UNAMBIGUOUS_SINGLE_CANDIDATE,STATHEAD_QB_STARTED_QUERY,2025_07_LA_JAX,2025 Stathead pasted rank 73,73,POSTGAME_ACTUAL_STARTER,ORACLE_STARTER_IDENTITY_ONLY,False,False,CREDITED,
2025,7,REG,2025-10-19,2025_07_LA_JAX,LAR,JAX,home,JAX,LAR,Trevor Lawrence,LawrTr00,00-0036971,STATHEAD_UNAMBIGUOUS_SINGLE_CANDIDATE,STATHEAD_QB_STARTED_QUERY,2025_07_LA_JAX,2025 Stathead pasted rank 345,345,POSTGAME_ACTUAL_STARTER,ORACLE_STARTER_IDENTITY_ONLY,False,False,CREDITED,
2025,7,REG,2025-10-19,2025_07_LV_KC,LV,KC,away,LV,KC,Geno Smith,SmitGe00,00-0030565,STATHEAD_UNAMBIGUOUS_SINGLE_CANDIDATE,STATHEAD_QB_STARTED_QUERY,2025_07_LV_KC,2025 Stathead pasted rank 72,72,POSTGAME_ACTUAL_STARTER,ORACLE_STARTER_IDENTITY_ONLY,False,False,CREDITED,
2025,7,REG,2025-10-19,2025_07_LV_KC,LV,KC,home,KC,LV,Patrick Mahomes,MahoPa00,00-0033873,STATHEAD_UNAMBIGUOUS_SINGLE_CANDIDATE,STATHEAD_QB_STARTED_QUERY,2025_07_LV_KC,2025 Stathead pasted rank 314,314,POSTGAME_ACTUAL_STARTER,ORACLE_STARTER_IDENTITY_ONLY,False,False,CREDITED,
2025,7,REG,2025-10-19,2025_07_MIA_CLE,MIA,CLE,away,MIA,CLE,Tua Tagovailoa,TagoTu00,00-0036212,STATHEAD_UNAMBIGUOUS_SINGLE_CANDIDATE,STATHEAD_QB_STARTED_QUERY,2025_07_MIA_CLE,2025 Stathead pasted rank 75,75,POSTGAME_ACTUAL_STARTER,ORACLE_STARTER_IDENTITY_ONLY,False,False,CREDITED,
2025,7,REG,2025-10-19,2025_07_MIA_CLE,MIA,CLE,home,CLE,MIA,Dillon Gabriel,GabrDi00,00-0040704,STATHEAD_UNAMBIGUOUS_SINGLE_CANDIDATE,STATHEAD_QB_STARTED_QUERY,2025_07_MIA_CLE,2025 Stathead pasted rank 449,449,POSTGAME_ACTUAL_STARTER,ORACLE_STARTER_IDENTITY_ONLY,False,False,CREDITED,
2025,7,REG,2025-10-19,2025_07_NE_TEN,NE,TEN,away,NE,TEN,Drake Maye,MayeDr00,00-0039851,STATHEAD_UNAMBIGUOUS_SINGLE_CANDIDATE,STATHEAD_QB_STARTED_QUERY,2025_07_NE_TEN,2025 Stathead pasted rank 287,287,POSTGAME_ACTUAL_STARTER,ORACLE_STARTER_IDENTITY_ONLY,False,False,CREDITED,
2025,7,REG,2025-10-19,2025_07_NE_TEN,NE,TEN,home,TEN,NE,Cam Ward,WardCa00,00-0040676,STATHEAD_UNAMBIGUOUS_SINGLE_CANDIDATE,STATHEAD_QB_STARTED_QUERY,2025_07_NE_TEN,2025 Stathead pasted rank 76,76,POSTGAME_ACTUAL_STARTER,ORACLE_STARTER_IDENTITY_ONLY,False,False,CREDITED,
2025,7,REG,2025-10-19,2025_07_NO_CHI,NO,CHI,away,NO,CHI,Spencer Rattler,RattSp00,00-0039376,STATHEAD_UNAMBIGUOUS_SINGLE_CANDIDATE,STATHEAD_QB_STARTED_QUERY,2025_07_NO_CHI,2025 Stathead pasted rank 70,70,POSTGAME_ACTUAL_STARTER,ORACLE_STARTER_IDENTITY_ONLY,False,False,CREDITED,
2025,7,REG,2025-10-19,2025_07_NO_CHI,NO,CHI,home,CHI,NO,Caleb Williams,WillCa03,00-0039918,STATHEAD_UNAMBIGUOUS_SINGLE_CANDIDATE,STATHEAD_QB_STARTED_QUERY,2025_07_NO_CHI,2025 Stathead pasted rank 78,78,POSTGAME_ACTUAL_STARTER,ORACLE_STARTER_IDENTITY_ONLY,False,False,CREDITED,
2025,7,REG,2025-10-19,2025_07_NYG_DEN,NYG,DEN,away,NYG,DEN,Jaxson Dart,DartJa00,00-0040691,STATHEAD_UNAMBIGUOUS_SINGLE_CANDIDATE,STATHEAD_QB_STARTED_QUERY,2025_07_NYG_DEN,2025 Stathead pasted rank 478,478,POSTGAME_ACTUAL_STARTER,ORACLE_STARTER_IDENTITY_ONLY,False,False,CREDITED,
2025,7,REG,2025-10-19,2025_07_NYG_DEN,NYG,DEN,home,DEN,NYG,Bo Nix,NixxBo00,00-0039732,STATHEAD_UNAMBIGUOUS_SINGLE_CANDIDATE,STATHEAD_QB_STARTED_QUERY,2025_07_NYG_DEN,2025 Stathead pasted rank 231,231,POSTGAME_ACTUAL_STARTER,ORACLE_STARTER_IDENTITY_ONLY,False,False,CREDITED,
2025,7,REG,2025-10-19,2025_07_PHI_MIN,PHI,MIN,away,PHI,MIN,Jalen Hurts,HurtJa00,00-0036389,STATHEAD_UNAMBIGUOUS_SINGLE_CANDIDATE,STATHEAD_QB_STARTED_QUERY,2025_07_PHI_MIN,2025 Stathead pasted rank 400,400,POSTGAME_ACTUAL_STARTER,ORACLE_STARTER_IDENTITY_ONLY,False,False,CREDITED,
2025,7,REG,2025-10-19,2025_07_PHI_MIN,PHI,MIN,home,MIN,PHI,Carson Wentz,WentCa00,00-0032950,STATHEAD_UNAMBIGUOUS_SINGLE_CANDIDATE,STATHEAD_QB_STARTED_QUERY,2025_07_PHI_MIN,2025 Stathead pasted rank 77,77,POSTGAME_ACTUAL_STARTER,ORACLE_STARTER_IDENTITY_ONLY,False,False,CREDITED,
2025,7,REG,2025-10-16,2025_07_PIT_CIN,PIT,CIN,away,PIT,CIN,Aaron Rodgers,RodgAa00,00-0023459,STATHEAD_UNAMBIGUOUS_SINGLE_CANDIDATE,STATHEAD_QB_STARTED_QUERY,2025_07_PIT_CIN,2025 Stathead pasted rank 71,71,POSTGAME_ACTUAL_STARTER,ORACLE_STARTER_IDENTITY_ONLY,False,False,CREDITED,
2025,7,REG,2025-10-16,2025_07_PIT_CIN,PIT,CIN,home,CIN,PIT,Joe Flacco,FlacJo00,00-0026158,STATHEAD_UNAMBIGUOUS_SINGLE_CANDIDATE,STATHEAD_QB_STARTED_QUERY,2025_07_PIT_CIN,2025 Stathead pasted rank 454,454,POSTGAME_ACTUAL_STARTER,ORACLE_STARTER_IDENTITY_ONLY,False,False,CREDITED,
2025,7,REG,2025-10-20,2025_07_TB_DET,TB,DET,away,TB,DET,Baker Mayfield,MayfBa00,00-0034855,STATHEAD_UNAMBIGUOUS_SINGLE_CANDIDATE,STATHEAD_QB_STARTED_QUERY,2025_07_TB_DET,2025 Stathead pasted rank 268,268,POSTGAME_ACTUAL_STARTER,ORACLE_STARTER_IDENTITY_ONLY,False,False,CREDITED,
2025,7,REG,2025-10-20,2025_07_TB_DET,TB,DET,home,DET,TB,Jared Goff,GoffJa00,00-0033106,STATHEAD_UNAMBIGUOUS_SINGLE_CANDIDATE,STATHEAD_QB_STARTED_QUERY,2025_07_TB_DET,2025 Stathead pasted rank 436,436,POSTGAME_ACTUAL_STARTER,ORACLE_STARTER_IDENTITY_ONLY,False,False,CREDITED,
2025,7,REG,2025-10-19,2025_07_WAS_DAL,WAS,DAL,away,WAS,DAL,Jayden Daniels,DaniJa02,00-0039910,STATHEAD_UNAMBIGUOUS_SINGLE_CANDIDATE,STATHEAD_QB_STARTED_QUERY,2025_07_WAS_DAL,2025 Stathead pasted rank 511,511,POSTGAME_ACTUAL_STARTER,ORACLE_STARTER_IDENTITY_ONLY,False,False,CREDITED,
2025,7,REG,2025-10-19,2025_07_WAS_DAL,WAS,DAL,home,DAL,WAS,Dak Prescott,PresDa01,00-0033077,STATHEAD_UNAMBIGUOUS_SINGLE_CANDIDATE,STATHEAD_QB_STARTED_QUERY,2025_07_WAS_DAL,2025 Stathead pasted rank 69,69,POSTGAME_ACTUAL_STARTER,ORACLE_STARTER_IDENTITY_ONLY,False,False,CREDITED,
2025,8,REG,2025-10-26,2025_08_BUF_CAR,BUF,CAR,away,BUF,CAR,Josh Allen,AlleJo02,00-0034857,STATHEAD_UNAMBIGUOUS_SINGLE_CANDIDATE,STATHEAD_QB_STARTED_QUERY,2025_08_BUF_CAR,2025 Stathead pasted rank 559,559,POSTGAME_ACTUAL_STARTER,ORACLE_STARTER_IDENTITY_ONLY,False,False,CREDITED,
2025,8,REG,2025-10-26,2025_08_BUF_CAR,BUF,CAR,home,CAR,BUF,Andy Dalton,DaltAn00,00-0027973,STATHEAD_UNAMBIGUOUS_SINGLE_CANDIDATE,STATHEAD_QB_STARTED_QUERY,2025_08_BUF_CAR,2025 Stathead pasted rank 514,514,POSTGAME_ACTUAL_STARTER,ORACLE_STARTER_IDENTITY_ONLY,False,False,CREDITED,
2025,8,REG,2025-10-26,2025_08_CHI_BAL,CHI,BAL,away,CHI,BAL,Caleb Williams,WillCa03,00-0039918,STATHEAD_UNAMBIGUOUS_SINGLE_CANDIDATE,STATHEAD_QB_STARTED_QUERY,2025_08_CHI_BAL,2025 Stathead pasted rank 86,86,POSTGAME_ACTUAL_STARTER,ORACLE_STARTER_IDENTITY_ONLY,False,False,CREDITED,
2025,8,REG,2025-10-26,2025_08_CHI_BAL,CHI,BAL,home,BAL,CHI,Tyler Huntley,HuntTy01,00-0035993,STATHEAD_UNAMBIGUOUS_SINGLE_CANDIDATE,STATHEAD_QB_STARTED_QUERY,2025_08_CHI_BAL,2025 Stathead pasted rank 411,411,POSTGAME_ACTUAL_STARTER,ORACLE_STARTER_IDENTITY_ONLY,False,False,CREDITED,
2025,8,REG,2025-10-26,2025_08_CLE_NE,CLE,NE,away,CLE,NE,Dillon Gabriel,GabrDi00,00-0040704,STATHEAD_UNAMBIGUOUS_SINGLE_CANDIDATE,STATHEAD_QB_STARTED_QUERY,2025_08_CLE_NE,2025 Stathead pasted rank 450,450,POSTGAME_ACTUAL_STARTER,ORACLE_STARTER_IDENTITY_ONLY,False,False,CREDITED,
2025,8,REG,2025-10-26,2025_08_CLE_NE,CLE,NE,home,NE,CLE,Drake Maye,MayeDr00,00-0039851,STATHEAD_UNAMBIGUOUS_SINGLE_CANDIDATE,STATHEAD_QB_STARTED_QUERY,2025_08_CLE_NE,2025 Stathead pasted rank 288,288,POSTGAME_ACTUAL_STARTER,ORACLE_STARTER_IDENTITY_ONLY,False,False,CREDITED,
2025,8,REG,2025-10-26,2025_08_DAL_DEN,DAL,DEN,away,DAL,DEN,Dak Prescott,PresDa01,00-0033077,STATHEAD_UNAMBIGUOUS_SINGLE_CANDIDATE,STATHEAD_QB_STARTED_QUERY,2025_08_DAL_DEN,2025 Stathead pasted rank 201,201,POSTGAME_ACTUAL_STARTER,ORACLE_STARTER_IDENTITY_ONLY,False,False,CREDITED,
2025,8,REG,2025-10-26,2025_08_DAL_DEN,DAL,DEN,home,DEN,DAL,Bo Nix,NixxBo00,00-0039732,STATHEAD_UNAMBIGUOUS_SINGLE_CANDIDATE,STATHEAD_QB_STARTED_QUERY,2025_08_DAL_DEN,2025 Stathead pasted rank 232,232,POSTGAME_ACTUAL_STARTER,ORACLE_STARTER_IDENTITY_ONLY,False,False,CREDITED,
2025,8,REG,2025-10-26,2025_08_GB_PIT,GB,PIT,away,GB,PIT,Jordan Love,LoveJo03,00-0036264,STATHEAD_UNAMBIGUOUS_SINGLE_CANDIDATE,STATHEAD_QB_STARTED_QUERY,2025_08_GB_PIT,2025 Stathead pasted rank 332,332,POSTGAME_ACTUAL_STARTER,ORACLE_STARTER_IDENTITY_ONLY,False,False,CREDITED,
2025,8,REG,2025-10-26,2025_08_GB_PIT,GB,PIT,home,PIT,GB,Aaron Rodgers,RodgAa00,00-0023459,STATHEAD_UNAMBIGUOUS_SINGLE_CANDIDATE,STATHEAD_QB_STARTED_QUERY,2025_08_GB_PIT,2025 Stathead pasted rank 81,81,POSTGAME_ACTUAL_STARTER,ORACLE_STARTER_IDENTITY_ONLY,False,False,CREDITED,
2025,8,REG,2025-10-26,2025_08_MIA_ATL,MIA,ATL,away,MIA,ATL,Tua Tagovailoa,TagoTu00,00-0036212,STATHEAD_UNAMBIGUOUS_SINGLE_CANDIDATE,STATHEAD_QB_STARTED_QUERY,2025_08_MIA_ATL,2025 Stathead pasted rank 83,83,POSTGAME_ACTUAL_STARTER,ORACLE_STARTER_IDENTITY_ONLY,False,False,CREDITED,
2025,8,REG,2025-10-26,2025_08_MIA_ATL,MIA,ATL,home,ATL,MIA,Kirk Cousins,CousKi00,00-0029604,STATHEAD_UNAMBIGUOUS_SINGLE_CANDIDATE,STATHEAD_QB_STARTED_QUERY,2025_08_MIA_ATL,2025 Stathead pasted rank 515,515,POSTGAME_ACTUAL_STARTER,ORACLE_STARTER_IDENTITY_ONLY,False,False,CREDITED,
2025,8,REG,2025-10-23,2025_08_MIN_LAC,MIN,LAC,away,MIN,LAC,Carson Wentz,WentCa00,00-0032950,STATHEAD_UNAMBIGUOUS_SINGLE_CANDIDATE,STATHEAD_QB_STARTED_QUERY,2025_08_MIN_LAC,2025 Stathead pasted rank 85,85,POSTGAME_ACTUAL_STARTER,ORACLE_STARTER_IDENTITY_ONLY,False,False,CREDITED,
2025,8,REG,2025-10-23,2025_08_MIN_LAC,MIN,LAC,home,LAC,MIN,Justin Herbert,HerbJu00,00-0036355,STATHEAD_UNAMBIGUOUS_SINGLE_CANDIDATE,STATHEAD_QB_STARTED_QUERY,2025_08_MIN_LAC,2025 Stathead pasted rank 420,420,POSTGAME_ACTUAL_STARTER,ORACLE_STARTER_IDENTITY_ONLY,False,False,CREDITED,
2025,8,REG,2025-10-26,2025_08_NYG_PHI,NYG,PHI,away,NYG,PHI,Jaxson Dart,DartJa00,00-0040691,STATHEAD_UNAMBIGUOUS_SINGLE_CANDIDATE,STATHEAD_QB_STARTED_QUERY,2025_08_NYG_PHI,2025 Stathead pasted rank 479,479,POSTGAME_ACTUAL_STARTER,ORACLE_STARTER_IDENTITY_ONLY,False,False,CREDITED,
2025,8,REG,2025-10-26,2025_08_NYG_PHI,NYG,PHI,home,PHI,NYG,Jalen Hurts,HurtJa00,00-0036389,STATHEAD_UNAMBIGUOUS_SINGLE_CANDIDATE,STATHEAD_QB_STARTED_QUERY,2025_08_NYG_PHI,2025 Stathead pasted rank 401,401,POSTGAME_ACTUAL_STARTER,ORACLE_STARTER_IDENTITY_ONLY,False,False,CREDITED,
2025,8,REG,2025-10-26,2025_08_NYJ_CIN,NYJ,CIN,away,NYJ,CIN,Justin Fields,FielJu00,00-0036945,STATHEAD_UNAMBIGUOUS_SINGLE_CANDIDATE,STATHEAD_QB_STARTED_QUERY,2025_08_NYJ_CIN,2025 Stathead pasted rank 469,469,POSTGAME_ACTUAL_STARTER,ORACLE_STARTER_IDENTITY_ONLY,False,False,CREDITED,
2025,8,REG,2025-10-26,2025_08_NYJ_CIN,NYJ,CIN,home,CIN,NYJ,Joe Flacco,FlacJo00,00-0026158,STATHEAD_UNAMBIGUOUS_SINGLE_CANDIDATE,STATHEAD_QB_STARTED_QUERY,2025_08_NYJ_CIN,2025 Stathead pasted rank 455,455,POSTGAME_ACTUAL_STARTER,ORACLE_STARTER_IDENTITY_ONLY,False,False,CREDITED,
2025,8,REG,2025-10-26,2025_08_SF_HOU,SF,HOU,away,SF,HOU,Mac Jones,JoneMa05,00-0036972,STATHEAD_UNAMBIGUOUS_SINGLE_CANDIDATE,STATHEAD_QB_STARTED_QUERY,2025_08_SF_HOU,2025 Stathead pasted rank 363,363,POSTGAME_ACTUAL_STARTER,ORACLE_STARTER_IDENTITY_ONLY,False,False,CREDITED,
2025,8,REG,2025-10-26,2025_08_SF_HOU,SF,HOU,home,HOU,SF,C.J. Stroud,StroCJ00,00-0039163,STATHEAD_UNAMBIGUOUS_SINGLE_CANDIDATE,STATHEAD_QB_STARTED_QUERY,2025_08_SF_HOU,2025 Stathead pasted rank 82,82,POSTGAME_ACTUAL_STARTER,ORACLE_STARTER_IDENTITY_ONLY,False,False,CREDITED,
2025,8,REG,2025-10-26,2025_08_TB_NO,TB,NO,away,TB,NO,Baker Mayfield,MayfBa00,00-0034855,STATHEAD_UNAMBIGUOUS_SINGLE_CANDIDATE,STATHEAD_QB_STARTED_QUERY,2025_08_TB_NO,2025 Stathead pasted rank 269,269,POSTGAME_ACTUAL_STARTER,ORACLE_STARTER_IDENTITY_ONLY,False,False,CREDITED,
2025,8,REG,2025-10-26,2025_08_TB_NO,TB,NO,home,NO,TB,Spencer Rattler,RattSp00,00-0039376,STATHEAD_UNAMBIGUOUS_SINGLE_CANDIDATE,STATHEAD_QB_STARTED_QUERY,2025_08_TB_NO,2025 Stathead pasted rank 80,80,POSTGAME_ACTUAL_STARTER,ORACLE_STARTER_IDENTITY_ONLY,False,False,CREDITED,
2025,8,REG,2025-10-26,2025_08_TEN_IND,TEN,IND,away,TEN,IND,Cam Ward,WardCa00,00-0040676,STATHEAD_UNAMBIGUOUS_SINGLE_CANDIDATE,STATHEAD_QB_STARTED_QUERY,2025_08_TEN_IND,2025 Stathead pasted rank 84,84,POSTGAME_ACTUAL_STARTER,ORACLE_STARTER_IDENTITY_ONLY,False,False,CREDITED,
2025,8,REG,2025-10-26,2025_08_TEN_IND,TEN,IND,home,IND,TEN,Daniel Jones,JoneDa05,00-0035710,STATHEAD_UNAMBIGUOUS_SINGLE_CANDIDATE,STATHEAD_QB_STARTED_QUERY,2025_08_TEN_IND,2025 Stathead pasted rank 373,373,POSTGAME_ACTUAL_STARTER,ORACLE_STARTER_IDENTITY_ONLY,False,False,CREDITED,
2025,8,REG,2025-10-27,2025_08_WAS_KC,WAS,KC,away,WAS,KC,Marcus Mariota,MariMa01,00-0032268,STATHEAD_UNAMBIGUOUS_SINGLE_CANDIDATE,STATHEAD_QB_STARTED_QUERY,2025_08_WAS_KC,2025 Stathead pasted rank 302,302,POSTGAME_ACTUAL_STARTER,ORACLE_STARTER_IDENTITY_ONLY,False,False,CREDITED,
2025,8,REG,2025-10-27,2025_08_WAS_KC,WAS,KC,home,KC,WAS,Patrick Mahomes,MahoPa00,00-0033873,STATHEAD_UNAMBIGUOUS_SINGLE_CANDIDATE,STATHEAD_QB_STARTED_QUERY,2025_08_WAS_KC,2025 Stathead pasted rank 315,315,POSTGAME_ACTUAL_STARTER,ORACLE_STARTER_IDENTITY_ONLY,False,False,CREDITED,
2025,9,REG,2025-11-03,2025_09_ARI_DAL,ARI,DAL,away,ARI,DAL,Jacoby Brissett,BrisJa00,00-0033119,STATHEAD_UNAMBIGUOUS_SINGLE_CANDIDATE,STATHEAD_QB_STARTED_QUERY,2025_09_ARI_DAL,2025 Stathead pasted rank 542,542,POSTGAME_ACTUAL_STARTER,ORACLE_STARTER_IDENTITY_ONLY,False,False,CREDITED,
2025,9,REG,2025-11-03,2025_09_ARI_DAL,ARI,DAL,home,DAL,ARI,Dak Prescott,PresDa01,00-0033077,STATHEAD_UNAMBIGUOUS_SINGLE_CANDIDATE,STATHEAD_QB_STARTED_QUERY,2025_09_ARI_DAL,2025 Stathead pasted rank 202,202,POSTGAME_ACTUAL_STARTER,ORACLE_STARTER_IDENTITY_ONLY,False,False,CREDITED,
2025,9,REG,2025-11-02,2025_09_ATL_NE,ATL,NE,away,ATL,NE,Michael Penix,PeniMi00,00-0039917,STATHEAD_UNAMBIGUOUS_SINGLE_CANDIDATE,STATHEAD_QB_STARTED_QUERY,2025_09_ATL_NE,2025 Stathead pasted rank 219,219,POSTGAME_ACTUAL_STARTER,ORACLE_STARTER_IDENTITY_ONLY,False,False,CREDITED,
2025,9,REG,2025-11-02,2025_09_ATL_NE,ATL,NE,home,NE,ATL,Drake Maye,MayeDr00,00-0039851,STATHEAD_UNAMBIGUOUS_SINGLE_CANDIDATE,STATHEAD_QB_STARTED_QUERY,2025_09_ATL_NE,2025 Stathead pasted rank 289,289,POSTGAME_ACTUAL_STARTER,ORACLE_STARTER_IDENTITY_ONLY,False,False,CREDITED,
2025,9,REG,2025-10-30,2025_09_BAL_MIA,BAL,MIA,away,BAL,MIA,Lamar Jackson,JackLa00,00-0034796,STATHEAD_UNAMBIGUOUS_SINGLE_CANDIDATE,STATHEAD_QB_STARTED_QUERY,2025_09_BAL_MIA,2025 Stathead pasted rank 385,385,POSTGAME_ACTUAL_STARTER,ORACLE_STARTER_IDENTITY_ONLY,False,False,CREDITED,
2025,9,REG,2025-10-30,2025_09_BAL_MIA,BAL,MIA,home,MIA,BAL,Tua Tagovailoa,TagoTu00,00-0036212,STATHEAD_UNAMBIGUOUS_SINGLE_CANDIDATE,STATHEAD_QB_STARTED_QUERY,2025_09_BAL_MIA,2025 Stathead pasted rank 92,92,POSTGAME_ACTUAL_STARTER,ORACLE_STARTER_IDENTITY_ONLY,False,False,CREDITED,
2025,9,REG,2025-11-02,2025_09_CAR_GB,CAR,GB,away,CAR,GB,Bryce Young,YounBr01,00-0039150,STATHEAD_UNAMBIGUOUS_SINGLE_CANDIDATE,STATHEAD_QB_STARTED_QUERY,2025_09_CAR_GB,2025 Stathead pasted rank 95,95,POSTGAME_ACTUAL_STARTER,ORACLE_STARTER_IDENTITY_ONLY,False,False,CREDITED,
2025,9,REG,2025-11-02,2025_09_CAR_GB,CAR,GB,home,GB,CAR,Jordan Love,LoveJo03,00-0036264,STATHEAD_UNAMBIGUOUS_SINGLE_CANDIDATE,STATHEAD_QB_STARTED_QUERY,2025_09_CAR_GB,2025 Stathead pasted rank 333,333,POSTGAME_ACTUAL_STARTER,ORACLE_STARTER_IDENTITY_ONLY,False,False,CREDITED,
2025,9,REG,2025-11-02,2025_09_CHI_CIN,CHI,CIN,away,CHI,CIN,Caleb Williams,WillCa03,00-0039918,STATHEAD_UNAMBIGUOUS_SINGLE_CANDIDATE,STATHEAD_QB_STARTED_QUERY,2025_09_CHI_CIN,2025 Stathead pasted rank 94,94,POSTGAME_ACTUAL_STARTER,ORACLE_STARTER_IDENTITY_ONLY,False,False,CREDITED,
2025,9,REG,2025-11-02,2025_09_CHI_CIN,CHI,CIN,home,CIN,CHI,Joe Flacco,FlacJo00,00-0026158,STATHEAD_UNAMBIGUOUS_SINGLE_CANDIDATE,STATHEAD_QB_STARTED_QUERY,2025_09_CHI_CIN,2025 Stathead pasted rank 456,456,POSTGAME_ACTUAL_STARTER,ORACLE_STARTER_IDENTITY_ONLY,False,False,CREDITED,
2025,9,REG,2025-11-02,2025_09_DEN_HOU,DEN,HOU,away,DEN,HOU,Bo Nix,NixxBo00,00-0039732,STATHEAD_UNAMBIGUOUS_SINGLE_CANDIDATE,STATHEAD_QB_STARTED_QUERY,2025_09_DEN_HOU,2025 Stathead pasted rank 233,233,POSTGAME_ACTUAL_STARTER,ORACLE_STARTER_IDENTITY_ONLY,False,False,CREDITED,
2025,9,REG,2025-11-02,2025_09_DEN_HOU,DEN,HOU,home,HOU,DEN,C.J. Stroud,StroCJ00,00-0039163,STATHEAD_UNAMBIGUOUS_SINGLE_CANDIDATE,STATHEAD_QB_STARTED_QUERY,2025_09_DEN_HOU,2025 Stathead pasted rank 91,91,POSTGAME_ACTUAL_STARTER,ORACLE_STARTER_IDENTITY_ONLY,False,False,CREDITED,
2025,9,REG,2025-11-02,2025_09_IND_PIT,IND,PIT,away,IND,PIT,Daniel Jones,JoneDa05,00-0035710,STATHEAD_UNAMBIGUOUS_SINGLE_CANDIDATE,STATHEAD_QB_STARTED_QUERY,2025_09_IND_PIT,2025 Stathead pasted rank 374,374,POSTGAME_ACTUAL_STARTER,ORACLE_STARTER_IDENTITY_ONLY,False,False,CREDITED,
2025,9,REG,2025-11-02,2025_09_IND_PIT,IND,PIT,home,PIT,IND,Aaron Rodgers,RodgAa00,00-0023459,STATHEAD_UNAMBIGUOUS_SINGLE_CANDIDATE,STATHEAD_QB_STARTED_QUERY,2025_09_IND_PIT,2025 Stathead pasted rank 87,87,POSTGAME_ACTUAL_STARTER,ORACLE_STARTER_IDENTITY_ONLY,False,False,CREDITED,
2025,9,REG,2025-11-02,2025_09_JAX_LV,JAX,LV,away,JAX,LV,Trevor Lawrence,LawrTr00,00-0036971,STATHEAD_UNAMBIGUOUS_SINGLE_CANDIDATE,STATHEAD_QB_STARTED_QUERY,2025_09_JAX_LV,2025 Stathead pasted rank 346,346,POSTGAME_ACTUAL_STARTER,ORACLE_STARTER_IDENTITY_ONLY,False,False,CREDITED,
2025,9,REG,2025-11-02,2025_09_JAX_LV,JAX,LV,home,LV,JAX,Geno Smith,SmitGe00,00-0030565,STATHEAD_UNAMBIGUOUS_SINGLE_CANDIDATE,STATHEAD_QB_STARTED_QUERY,2025_09_JAX_LV,2025 Stathead pasted rank 89,89,POSTGAME_ACTUAL_STARTER,ORACLE_STARTER_IDENTITY_ONLY,False,False,CREDITED,
2025,9,REG,2025-11-02,2025_09_KC_BUF,KC,BUF,away,KC,BUF,Patrick Mahomes,MahoPa00,00-0033873,STATHEAD_UNAMBIGUOUS_SINGLE_CANDIDATE,STATHEAD_QB_STARTED_QUERY,2025_09_KC_BUF,2025 Stathead pasted rank 316,316,POSTGAME_ACTUAL_STARTER,ORACLE_STARTER_IDENTITY_ONLY,False,False,CREDITED,
2025,9,REG,2025-11-02,2025_09_KC_BUF,KC,BUF,home,BUF,KC,Josh Allen,AlleJo02,00-0034857,STATHEAD_UNAMBIGUOUS_SINGLE_CANDIDATE,STATHEAD_QB_STARTED_QUERY,2025_09_KC_BUF,2025 Stathead pasted rank 560,560,POSTGAME_ACTUAL_STARTER,ORACLE_STARTER_IDENTITY_ONLY,False,False,CREDITED,
2025,9,REG,2025-11-02,2025_09_LAC_TEN,LAC,TEN,away,LAC,TEN,Justin Herbert,HerbJu00,00-0036355,STATHEAD_UNAMBIGUOUS_SINGLE_CANDIDATE,STATHEAD_QB_STARTED_QUERY,2025_09_LAC_TEN,2025 Stathead pasted rank 421,421,POSTGAME_ACTUAL_STARTER,ORACLE_STARTER_IDENTITY_ONLY,False,False,CREDITED,
2025,9,REG,2025-11-02,2025_09_LAC_TEN,LAC,TEN,home,TEN,LAC,Cam Ward,WardCa00,00-0040676,STATHEAD_UNAMBIGUOUS_SINGLE_CANDIDATE,STATHEAD_QB_STARTED_QUERY,2025_09_LAC_TEN,2025 Stathead pasted rank 93,93,POSTGAME_ACTUAL_STARTER,ORACLE_STARTER_IDENTITY_ONLY,False,False,CREDITED,
2025,9,REG,2025-11-02,2025_09_MIN_DET,MIN,DET,away,MIN,DET,J.J. McCarthy,McCaJJ00,00-0039923,STATHEAD_UNAMBIGUOUS_SINGLE_CANDIDATE,STATHEAD_QB_STARTED_QUERY,2025_09_MIN_DET,2025 Stathead pasted rank 254,254,POSTGAME_ACTUAL_STARTER,ORACLE_STARTER_IDENTITY_ONLY,False,False,CREDITED,
2025,9,REG,2025-11-02,2025_09_MIN_DET,MIN,DET,home,DET,MIN,Jared Goff,GoffJa00,00-0033106,STATHEAD_UNAMBIGUOUS_SINGLE_CANDIDATE,STATHEAD_QB_STARTED_QUERY,2025_09_MIN_DET,2025 Stathead pasted rank 437,437,POSTGAME_ACTUAL_STARTER,ORACLE_STARTER_IDENTITY_ONLY,False,False,CREDITED,
2025,9,REG,2025-11-02,2025_09_NO_LA,NO,LAR,away,NO,LAR,Tyler Shough,ShouTy00,00-0040743,STATHEAD_UNAMBIGUOUS_SINGLE_CANDIDATE,STATHEAD_QB_STARTED_QUERY,2025_09_NO_LA,2025 Stathead pasted rank 88,88,POSTGAME_ACTUAL_STARTER,ORACLE_STARTER_IDENTITY_ONLY,False,False,CREDITED,
2025,9,REG,2025-11-02,2025_09_NO_LA,NO,LAR,home,LAR,NO,Matthew Stafford,StafMa00,00-0026498,STATHEAD_UNAMBIGUOUS_SINGLE_CANDIDATE,STATHEAD_QB_STARTED_QUERY,2025_09_NO_LA,2025 Stathead pasted rank 90,90,POSTGAME_ACTUAL_STARTER,ORACLE_STARTER_IDENTITY_ONLY,False,False,CREDITED,
2025,9,REG,2025-11-02,2025_09_SEA_WAS,SEA,WAS,away,SEA,WAS,Sam Darnold,DarnSa00,00-0034869,STATHEAD_UNAMBIGUOUS_SINGLE_CANDIDATE,STATHEAD_QB_STARTED_QUERY,2025_09_SEA_WAS,2025 Stathead pasted rank 496,496,POSTGAME_ACTUAL_STARTER,ORACLE_STARTER_IDENTITY_ONLY,False,False,CREDITED,
2025,9,REG,2025-11-02,2025_09_SEA_WAS,SEA,WAS,home,WAS,SEA,Jayden Daniels,DaniJa02,00-0039910,STATHEAD_UNAMBIGUOUS_SINGLE_CANDIDATE,STATHEAD_QB_STARTED_QUERY,2025_09_SEA_WAS,2025 Stathead pasted rank 512,512,POSTGAME_ACTUAL_STARTER,ORACLE_STARTER_IDENTITY_ONLY,False,False,CREDITED,
2025,9,REG,2025-11-02,2025_09_SF_NYG,SF,NYG,away,SF,NYG,Mac Jones,JoneMa05,00-0036972,STATHEAD_UNAMBIGUOUS_SINGLE_CANDIDATE,STATHEAD_QB_STARTED_QUERY,2025_09_SF_NYG,2025 Stathead pasted rank 364,364,POSTGAME_ACTUAL_STARTER,ORACLE_STARTER_IDENTITY_ONLY,False,False,CREDITED,
2025,9,REG,2025-11-02,2025_09_SF_NYG,SF,NYG,home,NYG,SF,Jaxson Dart,DartJa00,00-0040691,STATHEAD_UNAMBIGUOUS_SINGLE_CANDIDATE,STATHEAD_QB_STARTED_QUERY,2025_09_SF_NYG,2025 Stathead pasted rank 480,480,POSTGAME_ACTUAL_STARTER,ORACLE_STARTER_IDENTITY_ONLY,False,False,CREDITED,
2025,10,REG,2025-11-09,2025_10_ARI_SEA,ARI,SEA,away,ARI,SEA,Jacoby Brissett,BrisJa00,00-0033119,STATHEAD_UNAMBIGUOUS_SINGLE_CANDIDATE,STATHEAD_QB_STARTED_QUERY,2025_10_ARI_SEA,2025 Stathead pasted rank 543,543,POSTGAME_ACTUAL_STARTER,ORACLE_STARTER_IDENTITY_ONLY,False,False,CREDITED,
2025,10,REG,2025-11-09,2025_10_ARI_SEA,ARI,SEA,home,SEA,ARI,Sam Darnold,DarnSa00,00-0034869,STATHEAD_UNAMBIGUOUS_SINGLE_CANDIDATE,STATHEAD_QB_STARTED_QUERY,2025_10_ARI_SEA,2025 Stathead pasted rank 497,497,POSTGAME_ACTUAL_STARTER,ORACLE_STARTER_IDENTITY_ONLY,False,False,CREDITED,
2025,10,REG,2025-11-09,2025_10_ATL_IND,ATL,IND,away,ATL,IND,Michael Penix,PeniMi00,00-0039917,STATHEAD_UNAMBIGUOUS_SINGLE_CANDIDATE,STATHEAD_QB_STARTED_QUERY,2025_10_ATL_IND,2025 Stathead pasted rank 220,220,POSTGAME_ACTUAL_STARTER,ORACLE_STARTER_IDENTITY_ONLY,False,False,CREDITED,
2025,10,REG,2025-11-09,2025_10_ATL_IND,ATL,IND,home,IND,ATL,Daniel Jones,JoneDa05,00-0035710,STATHEAD_UNAMBIGUOUS_SINGLE_CANDIDATE,STATHEAD_QB_STARTED_QUERY,2025_10_ATL_IND,2025 Stathead pasted rank 375,375,POSTGAME_ACTUAL_STARTER,ORACLE_STARTER_IDENTITY_ONLY,False,False,CREDITED,
2025,10,REG,2025-11-09,2025_10_BAL_MIN,BAL,MIN,away,BAL,MIN,Lamar Jackson,JackLa00,00-0034796,STATHEAD_UNAMBIGUOUS_SINGLE_CANDIDATE,STATHEAD_QB_STARTED_QUERY,2025_10_BAL_MIN,2025 Stathead pasted rank 386,386,POSTGAME_ACTUAL_STARTER,ORACLE_STARTER_IDENTITY_ONLY,False,False,CREDITED,
2025,10,REG,2025-11-09,2025_10_BAL_MIN,BAL,MIN,home,MIN,BAL,J.J. McCarthy,McCaJJ00,00-0039923,STATHEAD_UNAMBIGUOUS_SINGLE_CANDIDATE,STATHEAD_QB_STARTED_QUERY,2025_10_BAL_MIN,2025 Stathead pasted rank 255,255,POSTGAME_ACTUAL_STARTER,ORACLE_STARTER_IDENTITY_ONLY,False,False,CREDITED,
2025,10,REG,2025-11-09,2025_10_BUF_MIA,BUF,MIA,away,BUF,MIA,Josh Allen,AlleJo02,00-0034857,STATHEAD_UNAMBIGUOUS_SINGLE_CANDIDATE,STATHEAD_QB_STARTED_QUERY,2025_10_BUF_MIA,2025 Stathead pasted rank 561,561,POSTGAME_ACTUAL_STARTER,ORACLE_STARTER_IDENTITY_ONLY,False,False,CREDITED,
2025,10,REG,2025-11-09,2025_10_BUF_MIA,BUF,MIA,home,MIA,BUF,Tua Tagovailoa,TagoTu00,00-0036212,STATHEAD_UNAMBIGUOUS_SINGLE_CANDIDATE,STATHEAD_QB_STARTED_QUERY,2025_10_BUF_MIA,2025 Stathead pasted rank 100,100,POSTGAME_ACTUAL_STARTER,ORACLE_STARTER_IDENTITY_ONLY,False,False,CREDITED,
2025,10,REG,2025-11-09,2025_10_CLE_NYJ,CLE,NYJ,away,CLE,NYJ,Dillon Gabriel,GabrDi00,00-0040704,STATHEAD_UNAMBIGUOUS_SINGLE_CANDIDATE,STATHEAD_QB_STARTED_QUERY,2025_10_CLE_NYJ,2025 Stathead pasted rank 451,451,POSTGAME_ACTUAL_STARTER,ORACLE_STARTER_IDENTITY_ONLY,False,False,CREDITED,
2025,10,REG,2025-11-09,2025_10_CLE_NYJ,CLE,NYJ,home,NYJ,CLE,Justin Fields,FielJu00,00-0036945,STATHEAD_UNAMBIGUOUS_SINGLE_CANDIDATE,STATHEAD_QB_STARTED_QUERY,2025_10_CLE_NYJ,2025 Stathead pasted rank 470,470,POSTGAME_ACTUAL_STARTER,ORACLE_STARTER_IDENTITY_ONLY,False,False,CREDITED,
2025,10,REG,2025-11-09,2025_10_DET_WAS,DET,WAS,away,DET,WAS,Jared Goff,GoffJa00,00-0033106,STATHEAD_UNAMBIGUOUS_SINGLE_CANDIDATE,STATHEAD_QB_STARTED_QUERY,2025_10_DET_WAS,2025 Stathead pasted rank 438,438,POSTGAME_ACTUAL_STARTER,ORACLE_STARTER_IDENTITY_ONLY,False,False,CREDITED,
2025,10,REG,2025-11-09,2025_10_DET_WAS,DET,WAS,home,WAS,DET,Marcus Mariota,MariMa01,00-0032268,STATHEAD_UNAMBIGUOUS_SINGLE_CANDIDATE,STATHEAD_QB_STARTED_QUERY,2025_10_DET_WAS,2025 Stathead pasted rank 303,303,POSTGAME_ACTUAL_STARTER,ORACLE_STARTER_IDENTITY_ONLY,False,False,CREDITED,
2025,10,REG,2025-11-09,2025_10_JAX_HOU,JAX,HOU,away,JAX,HOU,Trevor Lawrence,LawrTr00,00-0036971,STATHEAD_UNAMBIGUOUS_SINGLE_CANDIDATE,STATHEAD_QB_STARTED_QUERY,2025_10_JAX_HOU,2025 Stathead pasted rank 347,347,POSTGAME_ACTUAL_STARTER,ORACLE_STARTER_IDENTITY_ONLY,False,False,CREDITED,
2025,10,REG,2025-11-09,2025_10_JAX_HOU,JAX,HOU,home,HOU,JAX,Davis Mills,MillDa02,00-0036898,STATHEAD_UNAMBIGUOUS_SINGLE_CANDIDATE,STATHEAD_QB_STARTED_QUERY,2025_10_JAX_HOU,2025 Stathead pasted rank 248,248,POSTGAME_ACTUAL_STARTER,ORACLE_STARTER_IDENTITY_ONLY,False,False,CREDITED,
2025,10,REG,2025-11-09,2025_10_LA_SF,LAR,SF,away,LAR,SF,Matthew Stafford,StafMa00,00-0026498,STATHEAD_UNAMBIGUOUS_SINGLE_CANDIDATE,STATHEAD_QB_STARTED_QUERY,2025_10_LA_SF,2025 Stathead pasted rank 99,99,POSTGAME_ACTUAL_STARTER,ORACLE_STARTER_IDENTITY_ONLY,False,False,CREDITED,
2025,10,REG,2025-11-09,2025_10_LA_SF,LAR,SF,home,SF,LAR,Mac Jones,JoneMa05,00-0036972,STATHEAD_UNAMBIGUOUS_SINGLE_CANDIDATE,STATHEAD_QB_STARTED_QUERY,2025_10_LA_SF,2025 Stathead pasted rank 365,365,POSTGAME_ACTUAL_STARTER,ORACLE_STARTER_IDENTITY_ONLY,False,False,CREDITED,
2025,10,REG,2025-11-06,2025_10_LV_DEN,LV,DEN,away,LV,DEN,Geno Smith,SmitGe00,00-0030565,STATHEAD_UNAMBIGUOUS_SINGLE_CANDIDATE,STATHEAD_QB_STARTED_QUERY,2025_10_LV_DEN,2025 Stathead pasted rank 98,98,POSTGAME_ACTUAL_STARTER,ORACLE_STARTER_IDENTITY_ONLY,False,False,CREDITED,
2025,10,REG,2025-11-06,2025_10_LV_DEN,LV,DEN,home,DEN,LV,Bo Nix,NixxBo00,00-0039732,STATHEAD_UNAMBIGUOUS_SINGLE_CANDIDATE,STATHEAD_QB_STARTED_QUERY,2025_10_LV_DEN,2025 Stathead pasted rank 234,234,POSTGAME_ACTUAL_STARTER,ORACLE_STARTER_IDENTITY_ONLY,False,False,CREDITED,
2025,10,REG,2025-11-09,2025_10_NE_TB,NE,TB,away,NE,TB,Drake Maye,MayeDr00,00-0039851,STATHEAD_UNAMBIGUOUS_SINGLE_CANDIDATE,STATHEAD_QB_STARTED_QUERY,2025_10_NE_TB,2025 Stathead pasted rank 290,290,POSTGAME_ACTUAL_STARTER,ORACLE_STARTER_IDENTITY_ONLY,False,False,CREDITED,
2025,10,REG,2025-11-09,2025_10_NE_TB,NE,TB,home,TB,NE,Baker Mayfield,MayfBa00,00-0034855,STATHEAD_UNAMBIGUOUS_SINGLE_CANDIDATE,STATHEAD_QB_STARTED_QUERY,2025_10_NE_TB,2025 Stathead pasted rank 270,270,POSTGAME_ACTUAL_STARTER,ORACLE_STARTER_IDENTITY_ONLY,False,False,CREDITED,
2025,10,REG,2025-11-09,2025_10_NO_CAR,NO,CAR,away,NO,CAR,Tyler Shough,ShouTy00,00-0040743,STATHEAD_UNAMBIGUOUS_SINGLE_CANDIDATE,STATHEAD_QB_STARTED_QUERY,2025_10_NO_CAR,2025 Stathead pasted rank 97,97,POSTGAME_ACTUAL_STARTER,ORACLE_STARTER_IDENTITY_ONLY,False,False,CREDITED,
2025,10,REG,2025-11-09,2025_10_NO_CAR,NO,CAR,home,CAR,NO,Bryce Young,YounBr01,00-0039150,STATHEAD_UNAMBIGUOUS_SINGLE_CANDIDATE,STATHEAD_QB_STARTED_QUERY,2025_10_NO_CAR,2025 Stathead pasted rank 102,102,POSTGAME_ACTUAL_STARTER,ORACLE_STARTER_IDENTITY_ONLY,False,False,CREDITED,
2025,10,REG,2025-11-09,2025_10_NYG_CHI,NYG,CHI,away,NYG,CHI,Jaxson Dart,DartJa00,00-0040691,STATHEAD_UNAMBIGUOUS_SINGLE_CANDIDATE,STATHEAD_QB_STARTED_QUERY,2025_10_NYG_CHI,2025 Stathead pasted rank 481,481,POSTGAME_ACTUAL_STARTER,ORACLE_STARTER_IDENTITY_ONLY,False,False,CREDITED,
2025,10,REG,2025-11-09,2025_10_NYG_CHI,NYG,CHI,home,CHI,NYG,Caleb Williams,WillCa03,00-0039918,STATHEAD_UNAMBIGUOUS_SINGLE_CANDIDATE,STATHEAD_QB_STARTED_QUERY,2025_10_NYG_CHI,2025 Stathead pasted rank 101,101,POSTGAME_ACTUAL_STARTER,ORACLE_STARTER_IDENTITY_ONLY,False,False,CREDITED,
2025,10,REG,2025-11-10,2025_10_PHI_GB,PHI,GB,away,PHI,GB,Jalen Hurts,HurtJa00,00-0036389,STATHEAD_UNAMBIGUOUS_SINGLE_CANDIDATE,STATHEAD_QB_STARTED_QUERY,2025_10_PHI_GB,2025 Stathead pasted rank 402,402,POSTGAME_ACTUAL_STARTER,ORACLE_STARTER_IDENTITY_ONLY,False,False,CREDITED,
2025,10,REG,2025-11-10,2025_10_PHI_GB,PHI,GB,home,GB,PHI,Jordan Love,LoveJo03,00-0036264,STATHEAD_UNAMBIGUOUS_SINGLE_CANDIDATE,STATHEAD_QB_STARTED_QUERY,2025_10_PHI_GB,2025 Stathead pasted rank 334,334,POSTGAME_ACTUAL_STARTER,ORACLE_STARTER_IDENTITY_ONLY,False,False,CREDITED,
2025,10,REG,2025-11-09,2025_10_PIT_LAC,PIT,LAC,away,PIT,LAC,Aaron Rodgers,RodgAa00,00-0023459,STATHEAD_UNAMBIGUOUS_SINGLE_CANDIDATE,STATHEAD_QB_STARTED_QUERY,2025_10_PIT_LAC,2025 Stathead pasted rank 96,96,POSTGAME_ACTUAL_STARTER,ORACLE_STARTER_IDENTITY_ONLY,False,False,CREDITED,
2025,10,REG,2025-11-09,2025_10_PIT_LAC,PIT,LAC,home,LAC,PIT,Justin Herbert,HerbJu00,00-0036355,STATHEAD_UNAMBIGUOUS_SINGLE_CANDIDATE,STATHEAD_QB_STARTED_QUERY,2025_10_PIT_LAC,2025 Stathead pasted rank 422,422,POSTGAME_ACTUAL_STARTER,ORACLE_STARTER_IDENTITY_ONLY,False,False,CREDITED,
2025,11,REG,2025-11-16,2025_11_BAL_CLE,BAL,CLE,away,BAL,CLE,Lamar Jackson,JackLa00,00-0034796,STATHEAD_UNAMBIGUOUS_SINGLE_CANDIDATE,STATHEAD_QB_STARTED_QUERY,2025_11_BAL_CLE,2025 Stathead pasted rank 387,387,POSTGAME_ACTUAL_STARTER,ORACLE_STARTER_IDENTITY_ONLY,False,False,CREDITED,
2025,11,REG,2025-11-16,2025_11_BAL_CLE,BAL,CLE,home,CLE,BAL,Dillon Gabriel,GabrDi00,00-0040704,STATHEAD_UNAMBIGUOUS_SINGLE_CANDIDATE,STATHEAD_QB_STARTED_QUERY,2025_11_BAL_CLE,2025 Stathead pasted rank 452,452,POSTGAME_ACTUAL_STARTER,ORACLE_STARTER_IDENTITY_ONLY,False,False,CREDITED,
2025,11,REG,2025-11-16,2025_11_CAR_ATL,CAR,ATL,away,CAR,ATL,Bryce Young,YounBr01,00-0039150,STATHEAD_UNAMBIGUOUS_SINGLE_CANDIDATE,STATHEAD_QB_STARTED_QUERY,2025_11_CAR_ATL,2025 Stathead pasted rank 111,111,POSTGAME_ACTUAL_STARTER,ORACLE_STARTER_IDENTITY_ONLY,False,False,CREDITED,
2025,11,REG,2025-11-16,2025_11_CAR_ATL,CAR,ATL,home,ATL,CAR,Michael Penix,PeniMi00,00-0039917,STATHEAD_UNAMBIGUOUS_SINGLE_CANDIDATE,STATHEAD_QB_STARTED_QUERY,2025_11_CAR_ATL,2025 Stathead pasted rank 221,221,POSTGAME_ACTUAL_STARTER,ORACLE_STARTER_IDENTITY_ONLY,False,False,CREDITED,
2025,11,REG,2025-11-16,2025_11_CHI_MIN,CHI,MIN,away,CHI,MIN,Caleb Williams,WillCa03,00-0039918,STATHEAD_UNAMBIGUOUS_SINGLE_CANDIDATE,STATHEAD_QB_STARTED_QUERY,2025_11_CHI_MIN,2025 Stathead pasted rank 109,109,POSTGAME_ACTUAL_STARTER,ORACLE_STARTER_IDENTITY_ONLY,False,False,CREDITED,
2025,11,REG,2025-11-16,2025_11_CHI_MIN,CHI,MIN,home,MIN,CHI,J.J. McCarthy,McCaJJ00,00-0039923,STATHEAD_UNAMBIGUOUS_SINGLE_CANDIDATE,STATHEAD_QB_STARTED_QUERY,2025_11_CHI_MIN,2025 Stathead pasted rank 256,256,POSTGAME_ACTUAL_STARTER,ORACLE_STARTER_IDENTITY_ONLY,False,False,CREDITED,
2025,11,REG,2025-11-16,2025_11_CIN_PIT,CIN,PIT,away,CIN,PIT,Joe Flacco,FlacJo00,00-0026158,STATHEAD_UNAMBIGUOUS_SINGLE_CANDIDATE,STATHEAD_QB_STARTED_QUERY,2025_11_CIN_PIT,2025 Stathead pasted rank 457,457,POSTGAME_ACTUAL_STARTER,ORACLE_STARTER_IDENTITY_ONLY,False,False,CREDITED,
2025,11,REG,2025-11-16,2025_11_CIN_PIT,CIN,PIT,home,PIT,CIN,Aaron Rodgers,RodgAa00,00-0023459,STATHEAD_UNAMBIGUOUS_SINGLE_CANDIDATE,STATHEAD_QB_STARTED_QUERY,2025_11_CIN_PIT,2025 Stathead pasted rank 104,104,POSTGAME_ACTUAL_STARTER,ORACLE_STARTER_IDENTITY_ONLY,False,False,CREDITED,
2025,11,REG,2025-11-17,2025_11_DAL_LV,DAL,LV,away,DAL,LV,Dak Prescott,PresDa01,00-0033077,STATHEAD_UNAMBIGUOUS_SINGLE_CANDIDATE,STATHEAD_QB_STARTED_QUERY,2025_11_DAL_LV,2025 Stathead pasted rank 203,203,POSTGAME_ACTUAL_STARTER,ORACLE_STARTER_IDENTITY_ONLY,False,False,CREDITED,
2025,11,REG,2025-11-17,2025_11_DAL_LV,DAL,LV,home,LV,DAL,Geno Smith,SmitGe00,00-0030565,STATHEAD_UNAMBIGUOUS_SINGLE_CANDIDATE,STATHEAD_QB_STARTED_QUERY,2025_11_DAL_LV,2025 Stathead pasted rank 105,105,POSTGAME_ACTUAL_STARTER,ORACLE_STARTER_IDENTITY_ONLY,False,False,CREDITED,
2025,11,REG,2025-11-16,2025_11_DET_PHI,DET,PHI,away,DET,PHI,Jared Goff,GoffJa00,00-0033106,STATHEAD_UNAMBIGUOUS_SINGLE_CANDIDATE,STATHEAD_QB_STARTED_QUERY,2025_11_DET_PHI,2025 Stathead pasted rank 439,439,POSTGAME_ACTUAL_STARTER,ORACLE_STARTER_IDENTITY_ONLY,False,False,CREDITED,
2025,11,REG,2025-11-16,2025_11_DET_PHI,DET,PHI,home,PHI,DET,Jalen Hurts,HurtJa00,00-0036389,STATHEAD_UNAMBIGUOUS_SINGLE_CANDIDATE,STATHEAD_QB_STARTED_QUERY,2025_11_DET_PHI,2025 Stathead pasted rank 403,403,POSTGAME_ACTUAL_STARTER,ORACLE_STARTER_IDENTITY_ONLY,False,False,CREDITED,
2025,11,REG,2025-11-16,2025_11_GB_NYG,GB,NYG,away,GB,NYG,Jordan Love,LoveJo03,00-0036264,STATHEAD_UNAMBIGUOUS_SINGLE_CANDIDATE,STATHEAD_QB_STARTED_QUERY,2025_11_GB_NYG,2025 Stathead pasted rank 335,335,POSTGAME_ACTUAL_STARTER,ORACLE_STARTER_IDENTITY_ONLY,False,False,CREDITED,
2025,11,REG,2025-11-16,2025_11_GB_NYG,GB,NYG,home,NYG,GB,Jameis Winston,WinsJa00,00-0031503,STATHEAD_UNAMBIGUOUS_SINGLE_CANDIDATE,STATHEAD_QB_STARTED_QUERY,2025_11_GB_NYG,2025 Stathead pasted rank 110,110,POSTGAME_ACTUAL_STARTER,ORACLE_STARTER_IDENTITY_ONLY,False,False,CREDITED,
2025,11,REG,2025-11-16,2025_11_HOU_TEN,HOU,TEN,away,HOU,TEN,Davis Mills,MillDa02,00-0036898,STATHEAD_UNAMBIGUOUS_SINGLE_CANDIDATE,STATHEAD_QB_STARTED_QUERY,2025_11_HOU_TEN,2025 Stathead pasted rank 249,249,POSTGAME_ACTUAL_STARTER,ORACLE_STARTER_IDENTITY_ONLY,False,False,CREDITED,
2025,11,REG,2025-11-16,2025_11_HOU_TEN,HOU,TEN,home,TEN,HOU,Cam Ward,WardCa00,00-0040676,STATHEAD_UNAMBIGUOUS_SINGLE_CANDIDATE,STATHEAD_QB_STARTED_QUERY,2025_11_HOU_TEN,2025 Stathead pasted rank 108,108,POSTGAME_ACTUAL_STARTER,ORACLE_STARTER_IDENTITY_ONLY,False,False,CREDITED,
2025,11,REG,2025-11-16,2025_11_KC_DEN,KC,DEN,away,KC,DEN,Patrick Mahomes,MahoPa00,00-0033873,STATHEAD_UNAMBIGUOUS_SINGLE_CANDIDATE,STATHEAD_QB_STARTED_QUERY,2025_11_KC_DEN,2025 Stathead pasted rank 317,317,POSTGAME_ACTUAL_STARTER,ORACLE_STARTER_IDENTITY_ONLY,False,False,CREDITED,
2025,11,REG,2025-11-16,2025_11_KC_DEN,KC,DEN,home,DEN,KC,Bo Nix,NixxBo00,00-0039732,STATHEAD_UNAMBIGUOUS_SINGLE_CANDIDATE,STATHEAD_QB_STARTED_QUERY,2025_11_KC_DEN,2025 Stathead pasted rank 235,235,POSTGAME_ACTUAL_STARTER,ORACLE_STARTER_IDENTITY_ONLY,False,False,CREDITED,
2025,11,REG,2025-11-16,2025_11_LAC_JAX,LAC,JAX,away,LAC,JAX,Justin Herbert,HerbJu00,00-0036355,STATHEAD_UNAMBIGUOUS_SINGLE_CANDIDATE,STATHEAD_QB_STARTED_QUERY,2025_11_LAC_JAX,2025 Stathead pasted rank 423,423,POSTGAME_ACTUAL_STARTER,ORACLE_STARTER_IDENTITY_ONLY,False,False,CREDITED,
2025,11,REG,2025-11-16,2025_11_LAC_JAX,LAC,JAX,home,JAX,LAC,Trevor Lawrence,LawrTr00,00-0036971,STATHEAD_UNAMBIGUOUS_SINGLE_CANDIDATE,STATHEAD_QB_STARTED_QUERY,2025_11_LAC_JAX,2025 Stathead pasted rank 348,348,POSTGAME_ACTUAL_STARTER,ORACLE_STARTER_IDENTITY_ONLY,False,False,CREDITED,
2025,11,REG,2025-11-13,2025_11_NYJ_NE,NYJ,NE,away,NYJ,NE,Justin Fields,FielJu00,00-0036945,STATHEAD_UNAMBIGUOUS_SINGLE_CANDIDATE,STATHEAD_QB_STARTED_QUERY,2025_11_NYJ_NE,2025 Stathead pasted rank 471,471,POSTGAME_ACTUAL_STARTER,ORACLE_STARTER_IDENTITY_ONLY,False,False,CREDITED,
2025,11,REG,2025-11-13,2025_11_NYJ_NE,NYJ,NE,home,NE,NYJ,Drake Maye,MayeDr00,00-0039851,STATHEAD_UNAMBIGUOUS_SINGLE_CANDIDATE,STATHEAD_QB_STARTED_QUERY,2025_11_NYJ_NE,2025 Stathead pasted rank 291,291,POSTGAME_ACTUAL_STARTER,ORACLE_STARTER_IDENTITY_ONLY,False,False,CREDITED,
2025,11,REG,2025-11-16,2025_11_SEA_LA,SEA,LAR,away,SEA,LAR,Sam Darnold,DarnSa00,00-0034869,STATHEAD_UNAMBIGUOUS_SINGLE_CANDIDATE,STATHEAD_QB_STARTED_QUERY,2025_11_SEA_LA,2025 Stathead pasted rank 498,498,POSTGAME_ACTUAL_STARTER,ORACLE_STARTER_IDENTITY_ONLY,False,False,CREDITED,
2025,11,REG,2025-11-16,2025_11_SEA_LA,SEA,LAR,home,LAR,SEA,Matthew Stafford,StafMa00,00-0026498,STATHEAD_UNAMBIGUOUS_SINGLE_CANDIDATE,STATHEAD_QB_STARTED_QUERY,2025_11_SEA_LA,2025 Stathead pasted rank 106,106,POSTGAME_ACTUAL_STARTER,ORACLE_STARTER_IDENTITY_ONLY,False,False,CREDITED,
2025,11,REG,2025-11-16,2025_11_SF_ARI,SF,ARI,away,SF,ARI,Brock Purdy,PurdBr00,00-0037834,STATHEAD_UNAMBIGUOUS_SINGLE_CANDIDATE,STATHEAD_QB_STARTED_QUERY,2025_11_SF_ARI,2025 Stathead pasted rank 103,103,POSTGAME_ACTUAL_STARTER,ORACLE_STARTER_IDENTITY_ONLY,False,False,CREDITED,
2025,11,REG,2025-11-16,2025_11_SF_ARI,SF,ARI,home,ARI,SF,Jacoby Brissett,BrisJa00,00-0033119,STATHEAD_UNAMBIGUOUS_SINGLE_CANDIDATE,STATHEAD_QB_STARTED_QUERY,2025_11_SF_ARI,2025 Stathead pasted rank 544,544,POSTGAME_ACTUAL_STARTER,ORACLE_STARTER_IDENTITY_ONLY,False,False,CREDITED,
2025,11,REG,2025-11-16,2025_11_TB_BUF,TB,BUF,away,TB,BUF,Baker Mayfield,MayfBa00,00-0034855,STATHEAD_UNAMBIGUOUS_SINGLE_CANDIDATE,STATHEAD_QB_STARTED_QUERY,2025_11_TB_BUF,2025 Stathead pasted rank 271,271,POSTGAME_ACTUAL_STARTER,ORACLE_STARTER_IDENTITY_ONLY,False,False,CREDITED,
2025,11,REG,2025-11-16,2025_11_TB_BUF,TB,BUF,home,BUF,TB,Josh Allen,AlleJo02,00-0034857,STATHEAD_UNAMBIGUOUS_SINGLE_CANDIDATE,STATHEAD_QB_STARTED_QUERY,2025_11_TB_BUF,2025 Stathead pasted rank 562,562,POSTGAME_ACTUAL_STARTER,ORACLE_STARTER_IDENTITY_ONLY,False,False,CREDITED,
2025,11,REG,2025-11-16,2025_11_WAS_MIA,WAS,MIA,away,WAS,MIA,Marcus Mariota,MariMa01,00-0032268,STATHEAD_UNAMBIGUOUS_SINGLE_CANDIDATE,STATHEAD_QB_STARTED_QUERY,2025_11_WAS_MIA,2025 Stathead pasted rank 304,304,POSTGAME_ACTUAL_STARTER,ORACLE_STARTER_IDENTITY_ONLY,False,False,CREDITED,
2025,11,REG,2025-11-16,2025_11_WAS_MIA,WAS,MIA,home,MIA,WAS,Tua Tagovailoa,TagoTu00,00-0036212,STATHEAD_UNAMBIGUOUS_SINGLE_CANDIDATE,STATHEAD_QB_STARTED_QUERY,2025_11_WAS_MIA,2025 Stathead pasted rank 107,107,POSTGAME_ACTUAL_STARTER,ORACLE_STARTER_IDENTITY_ONLY,False,False,CREDITED,
2025,12,REG,2025-11-23,2025_12_ATL_NO,ATL,NO,away,ATL,NO,Kirk Cousins,CousKi00,00-0029604,STATHEAD_UNAMBIGUOUS_SINGLE_CANDIDATE,STATHEAD_QB_STARTED_QUERY,2025_12_ATL_NO,2025 Stathead pasted rank 516,516,POSTGAME_ACTUAL_STARTER,ORACLE_STARTER_IDENTITY_ONLY,False,False,CREDITED,
2025,12,REG,2025-11-23,2025_12_ATL_NO,ATL,NO,home,NO,ATL,Tyler Shough,ShouTy00,00-0040743,STATHEAD_UNAMBIGUOUS_SINGLE_CANDIDATE,STATHEAD_QB_STARTED_QUERY,2025_12_ATL_NO,2025 Stathead pasted rank 115,115,POSTGAME_ACTUAL_STARTER,ORACLE_STARTER_IDENTITY_ONLY,False,False,CREDITED,
2025,12,REG,2025-11-20,2025_12_BUF_HOU,BUF,HOU,away,BUF,HOU,Josh Allen,AlleJo02,00-0034857,STATHEAD_UNAMBIGUOUS_SINGLE_CANDIDATE,STATHEAD_QB_STARTED_QUERY,2025_12_BUF_HOU,2025 Stathead pasted rank 563,563,POSTGAME_ACTUAL_STARTER,ORACLE_STARTER_IDENTITY_ONLY,False,False,CREDITED,
2025,12,REG,2025-11-20,2025_12_BUF_HOU,BUF,HOU,home,HOU,BUF,Davis Mills,MillDa02,00-0036898,STATHEAD_UNAMBIGUOUS_SINGLE_CANDIDATE,STATHEAD_QB_STARTED_QUERY,2025_12_BUF_HOU,2025 Stathead pasted rank 250,250,POSTGAME_ACTUAL_STARTER,ORACLE_STARTER_IDENTITY_ONLY,False,False,CREDITED,
2025,12,REG,2025-11-24,2025_12_CAR_SF,CAR,SF,away,CAR,SF,Bryce Young,YounBr01,00-0039150,STATHEAD_UNAMBIGUOUS_SINGLE_CANDIDATE,STATHEAD_QB_STARTED_QUERY,2025_12_CAR_SF,2025 Stathead pasted rank 122,122,POSTGAME_ACTUAL_STARTER,ORACLE_STARTER_IDENTITY_ONLY,False,False,CREDITED,
2025,12,REG,2025-11-24,2025_12_CAR_SF,CAR,SF,home,SF,CAR,Brock Purdy,PurdBr00,00-0037834,STATHEAD_UNAMBIGUOUS_SINGLE_CANDIDATE,STATHEAD_QB_STARTED_QUERY,2025_12_CAR_SF,2025 Stathead pasted rank 112,112,POSTGAME_ACTUAL_STARTER,ORACLE_STARTER_IDENTITY_ONLY,False,False,CREDITED,
2025,12,REG,2025-11-23,2025_12_CLE_LV,CLE,LV,away,CLE,LV,Shedeur Sanders,SandSh00,00-0040668,STATHEAD_UNAMBIGUOUS_SINGLE_CANDIDATE,STATHEAD_QB_STARTED_QUERY,2025_12_CLE_LV,2025 Stathead pasted rank 114,114,POSTGAME_ACTUAL_STARTER,ORACLE_STARTER_IDENTITY_ONLY,False,False,CREDITED,
2025,12,REG,2025-11-23,2025_12_CLE_LV,CLE,LV,home,LV,CLE,Geno Smith,SmitGe00,00-0030565,STATHEAD_UNAMBIGUOUS_SINGLE_CANDIDATE,STATHEAD_QB_STARTED_QUERY,2025_12_CLE_LV,2025 Stathead pasted rank 116,116,POSTGAME_ACTUAL_STARTER,ORACLE_STARTER_IDENTITY_ONLY,False,False,CREDITED,
2025,12,REG,2025-11-23,2025_12_IND_KC,IND,KC,away,IND,KC,Daniel Jones,JoneDa05,00-0035710,STATHEAD_UNAMBIGUOUS_SINGLE_CANDIDATE,STATHEAD_QB_STARTED_QUERY,2025_12_IND_KC,2025 Stathead pasted rank 376,376,POSTGAME_ACTUAL_STARTER,ORACLE_STARTER_IDENTITY_ONLY,False,False,CREDITED,
2025,12,REG,2025-11-23,2025_12_IND_KC,IND,KC,home,KC,IND,Patrick Mahomes,MahoPa00,00-0033873,STATHEAD_UNAMBIGUOUS_SINGLE_CANDIDATE,STATHEAD_QB_STARTED_QUERY,2025_12_IND_KC,2025 Stathead pasted rank 318,318,POSTGAME_ACTUAL_STARTER,ORACLE_STARTER_IDENTITY_ONLY,False,False,CREDITED,
2025,12,REG,2025-11-23,2025_12_JAX_ARI,JAX,ARI,away,JAX,ARI,Trevor Lawrence,LawrTr00,00-0036971,STATHEAD_UNAMBIGUOUS_SINGLE_CANDIDATE,STATHEAD_QB_STARTED_QUERY,2025_12_JAX_ARI,2025 Stathead pasted rank 349,349,POSTGAME_ACTUAL_STARTER,ORACLE_STARTER_IDENTITY_ONLY,False,False,CREDITED,
2025,12,REG,2025-11-23,2025_12_JAX_ARI,JAX,ARI,home,ARI,JAX,Jacoby Brissett,BrisJa00,00-0033119,STATHEAD_UNAMBIGUOUS_SINGLE_CANDIDATE,STATHEAD_QB_STARTED_QUERY,2025_12_JAX_ARI,2025 Stathead pasted rank 545,545,POSTGAME_ACTUAL_STARTER,ORACLE_STARTER_IDENTITY_ONLY,False,False,CREDITED,
2025,12,REG,2025-11-23,2025_12_MIN_GB,MIN,GB,away,MIN,GB,J.J. McCarthy,McCaJJ00,00-0039923,STATHEAD_UNAMBIGUOUS_SINGLE_CANDIDATE,STATHEAD_QB_STARTED_QUERY,2025_12_MIN_GB,2025 Stathead pasted rank 257,257,POSTGAME_ACTUAL_STARTER,ORACLE_STARTER_IDENTITY_ONLY,False,False,CREDITED,
2025,12,REG,2025-11-23,2025_12_MIN_GB,MIN,GB,home,GB,MIN,Jordan Love,LoveJo03,00-0036264,STATHEAD_UNAMBIGUOUS_SINGLE_CANDIDATE,STATHEAD_QB_STARTED_QUERY,2025_12_MIN_GB,2025 Stathead pasted rank 336,336,POSTGAME_ACTUAL_STARTER,ORACLE_STARTER_IDENTITY_ONLY,False,False,CREDITED,
2025,12,REG,2025-11-23,2025_12_NE_CIN,NE,CIN,away,NE,CIN,Drake Maye,MayeDr00,00-0039851,STATHEAD_UNAMBIGUOUS_SINGLE_CANDIDATE,STATHEAD_QB_STARTED_QUERY,2025_12_NE_CIN,2025 Stathead pasted rank 292,292,POSTGAME_ACTUAL_STARTER,ORACLE_STARTER_IDENTITY_ONLY,False,False,CREDITED,
2025,12,REG,2025-11-23,2025_12_NE_CIN,NE,CIN,home,CIN,NE,Joe Flacco,FlacJo00,00-0026158,STATHEAD_UNAMBIGUOUS_SINGLE_CANDIDATE,STATHEAD_QB_STARTED_QUERY,2025_12_NE_CIN,2025 Stathead pasted rank 458,458,POSTGAME_ACTUAL_STARTER,ORACLE_STARTER_IDENTITY_ONLY,False,False,CREDITED,
2025,12,REG,2025-11-23,2025_12_NYG_DET,NYG,DET,away,NYG,DET,Jameis Winston,WinsJa00,00-0031503,STATHEAD_UNAMBIGUOUS_SINGLE_CANDIDATE,STATHEAD_QB_STARTED_QUERY,2025_12_NYG_DET,2025 Stathead pasted rank 121,121,POSTGAME_ACTUAL_STARTER,ORACLE_STARTER_IDENTITY_ONLY,False,False,CREDITED,
2025,12,REG,2025-11-23,2025_12_NYG_DET,NYG,DET,home,DET,NYG,Jared Goff,GoffJa00,00-0033106,STATHEAD_UNAMBIGUOUS_SINGLE_CANDIDATE,STATHEAD_QB_STARTED_QUERY,2025_12_NYG_DET,2025 Stathead pasted rank 440,440,POSTGAME_ACTUAL_STARTER,ORACLE_STARTER_IDENTITY_ONLY,False,False,CREDITED,
2025,12,REG,2025-11-23,2025_12_NYJ_BAL,NYJ,BAL,away,NYJ,BAL,Tyrod Taylor,TaylTy00,00-0028118,STATHEAD_UNAMBIGUOUS_SINGLE_CANDIDATE,STATHEAD_QB_STARTED_QUERY,2025_12_NYJ_BAL,2025 Stathead pasted rank 118,118,POSTGAME_ACTUAL_STARTER,ORACLE_STARTER_IDENTITY_ONLY,False,False,CREDITED,
2025,12,REG,2025-11-23,2025_12_NYJ_BAL,NYJ,BAL,home,BAL,NYJ,Lamar Jackson,JackLa00,00-0034796,STATHEAD_UNAMBIGUOUS_SINGLE_CANDIDATE,STATHEAD_QB_STARTED_QUERY,2025_12_NYJ_BAL,2025 Stathead pasted rank 388,388,POSTGAME_ACTUAL_STARTER,ORACLE_STARTER_IDENTITY_ONLY,False,False,CREDITED,
2025,12,REG,2025-11-23,2025_12_PHI_DAL,PHI,DAL,away,PHI,DAL,Jalen Hurts,HurtJa00,00-0036389,STATHEAD_UNAMBIGUOUS_SINGLE_CANDIDATE,STATHEAD_QB_STARTED_QUERY,2025_12_PHI_DAL,2025 Stathead pasted rank 404,404,POSTGAME_ACTUAL_STARTER,ORACLE_STARTER_IDENTITY_ONLY,False,False,CREDITED,
2025,12,REG,2025-11-23,2025_12_PHI_DAL,PHI,DAL,home,DAL,PHI,Dak Prescott,PresDa01,00-0033077,STATHEAD_UNAMBIGUOUS_SINGLE_CANDIDATE,STATHEAD_QB_STARTED_QUERY,2025_12_PHI_DAL,2025 Stathead pasted rank 204,204,POSTGAME_ACTUAL_STARTER,ORACLE_STARTER_IDENTITY_ONLY,False,False,CREDITED,
2025,12,REG,2025-11-23,2025_12_PIT_CHI,PIT,CHI,away,PIT,CHI,Mason Rudolph,RudoMa00,00-0034771,STATHEAD_UNAMBIGUOUS_SINGLE_CANDIDATE,STATHEAD_QB_STARTED_QUERY,2025_12_PIT_CHI,2025 Stathead pasted rank 113,113,POSTGAME_ACTUAL_STARTER,ORACLE_STARTER_IDENTITY_ONLY,False,False,CREDITED,
2025,12,REG,2025-11-23,2025_12_PIT_CHI,PIT,CHI,home,CHI,PIT,Caleb Williams,WillCa03,00-0039918,STATHEAD_UNAMBIGUOUS_SINGLE_CANDIDATE,STATHEAD_QB_STARTED_QUERY,2025_12_PIT_CHI,2025 Stathead pasted rank 120,120,POSTGAME_ACTUAL_STARTER,ORACLE_STARTER_IDENTITY_ONLY,False,False,CREDITED,
2025,12,REG,2025-11-23,2025_12_SEA_TEN,SEA,TEN,away,SEA,TEN,Sam Darnold,DarnSa00,00-0034869,STATHEAD_UNAMBIGUOUS_SINGLE_CANDIDATE,STATHEAD_QB_STARTED_QUERY,2025_12_SEA_TEN,2025 Stathead pasted rank 499,499,POSTGAME_ACTUAL_STARTER,ORACLE_STARTER_IDENTITY_ONLY,False,False,CREDITED,
2025,12,REG,2025-11-23,2025_12_SEA_TEN,SEA,TEN,home,TEN,SEA,Cam Ward,WardCa00,00-0040676,STATHEAD_UNAMBIGUOUS_SINGLE_CANDIDATE,STATHEAD_QB_STARTED_QUERY,2025_12_SEA_TEN,2025 Stathead pasted rank 119,119,POSTGAME_ACTUAL_STARTER,ORACLE_STARTER_IDENTITY_ONLY,False,False,CREDITED,
2025,12,REG,2025-11-23,2025_12_TB_LA,TB,LAR,away,TB,LAR,Baker Mayfield,MayfBa00,00-0034855,STATHEAD_UNAMBIGUOUS_SINGLE_CANDIDATE,STATHEAD_QB_STARTED_QUERY,2025_12_TB_LA,2025 Stathead pasted rank 272,272,POSTGAME_ACTUAL_STARTER,ORACLE_STARTER_IDENTITY_ONLY,False,False,CREDITED,
2025,12,REG,2025-11-23,2025_12_TB_LA,TB,LAR,home,LAR,TB,Matthew Stafford,StafMa00,00-0026498,STATHEAD_UNAMBIGUOUS_SINGLE_CANDIDATE,STATHEAD_QB_STARTED_QUERY,2025_12_TB_LA,2025 Stathead pasted rank 117,117,POSTGAME_ACTUAL_STARTER,ORACLE_STARTER_IDENTITY_ONLY,False,False,CREDITED,
2025,13,REG,2025-11-30,2025_13_ARI_TB,ARI,TB,away,ARI,TB,Jacoby Brissett,BrisJa00,00-0033119,STATHEAD_UNAMBIGUOUS_SINGLE_CANDIDATE,STATHEAD_QB_STARTED_QUERY,2025_13_ARI_TB,2025 Stathead pasted rank 546,546,POSTGAME_ACTUAL_STARTER,ORACLE_STARTER_IDENTITY_ONLY,False,False,CREDITED,
2025,13,REG,2025-11-30,2025_13_ARI_TB,ARI,TB,home,TB,ARI,Baker Mayfield,MayfBa00,00-0034855,STATHEAD_UNAMBIGUOUS_SINGLE_CANDIDATE,STATHEAD_QB_STARTED_QUERY,2025_13_ARI_TB,2025 Stathead pasted rank 273,273,POSTGAME_ACTUAL_STARTER,ORACLE_STARTER_IDENTITY_ONLY,False,False,CREDITED,
2025,13,REG,2025-11-30,2025_13_ATL_NYJ,ATL,NYJ,away,ATL,NYJ,Kirk Cousins,CousKi00,00-0029604,STATHEAD_UNAMBIGUOUS_SINGLE_CANDIDATE,STATHEAD_QB_STARTED_QUERY,2025_13_ATL_NYJ,2025 Stathead pasted rank 517,517,POSTGAME_ACTUAL_STARTER,ORACLE_STARTER_IDENTITY_ONLY,False,False,CREDITED,
2025,13,REG,2025-11-30,2025_13_ATL_NYJ,ATL,NYJ,home,NYJ,ATL,Tyrod Taylor,TaylTy00,00-0028118,STATHEAD_UNAMBIGUOUS_SINGLE_CANDIDATE,STATHEAD_QB_STARTED_QUERY,2025_13_ATL_NYJ,2025 Stathead pasted rank 131,131,POSTGAME_ACTUAL_STARTER,ORACLE_STARTER_IDENTITY_ONLY,False,False,CREDITED,
2025,13,REG,2025-11-30,2025_13_BUF_PIT,BUF,PIT,away,BUF,PIT,Josh Allen,AlleJo02,00-0034857,STATHEAD_UNAMBIGUOUS_SINGLE_CANDIDATE,STATHEAD_QB_STARTED_QUERY,2025_13_BUF_PIT,2025 Stathead pasted rank 564,564,POSTGAME_ACTUAL_STARTER,ORACLE_STARTER_IDENTITY_ONLY,False,False,CREDITED,
2025,13,REG,2025-11-30,2025_13_BUF_PIT,BUF,PIT,home,PIT,BUF,Aaron Rodgers,RodgAa00,00-0023459,STATHEAD_UNAMBIGUOUS_SINGLE_CANDIDATE,STATHEAD_QB_STARTED_QUERY,2025_13_BUF_PIT,2025 Stathead pasted rank 124,124,POSTGAME_ACTUAL_STARTER,ORACLE_STARTER_IDENTITY_ONLY,False,False,CREDITED,
2025,13,REG,2025-11-28,2025_13_CHI_PHI,CHI,PHI,away,CHI,PHI,Caleb Williams,WillCa03,00-0039918,STATHEAD_UNAMBIGUOUS_SINGLE_CANDIDATE,STATHEAD_QB_STARTED_QUERY,2025_13_CHI_PHI,2025 Stathead pasted rank 133,133,POSTGAME_ACTUAL_STARTER,ORACLE_STARTER_IDENTITY_ONLY,False,False,CREDITED,
2025,13,REG,2025-11-28,2025_13_CHI_PHI,CHI,PHI,home,PHI,CHI,Jalen Hurts,HurtJa00,00-0036389,STATHEAD_UNAMBIGUOUS_SINGLE_CANDIDATE,STATHEAD_QB_STARTED_QUERY,2025_13_CHI_PHI,2025 Stathead pasted rank 405,405,POSTGAME_ACTUAL_STARTER,ORACLE_STARTER_IDENTITY_ONLY,False,False,CREDITED,
2025,13,REG,2025-11-27,2025_13_CIN_BAL,CIN,BAL,away,CIN,BAL,Joe Burrow,BurrJo01,00-0036442,STATHEAD_UNAMBIGUOUS_SINGLE_CANDIDATE,STATHEAD_QB_STARTED_QUERY,2025_13_CIN_BAL,2025 Stathead pasted rank 529,529,POSTGAME_ACTUAL_STARTER,ORACLE_STARTER_IDENTITY_ONLY,False,False,CREDITED,
2025,13,REG,2025-11-27,2025_13_CIN_BAL,CIN,BAL,home,BAL,CIN,Lamar Jackson,JackLa00,00-0034796,STATHEAD_UNAMBIGUOUS_SINGLE_CANDIDATE,STATHEAD_QB_STARTED_QUERY,2025_13_CIN_BAL,2025 Stathead pasted rank 389,389,POSTGAME_ACTUAL_STARTER,ORACLE_STARTER_IDENTITY_ONLY,False,False,CREDITED,
2025,13,REG,2025-11-30,2025_13_DEN_WAS,DEN,WAS,away,DEN,WAS,Bo Nix,NixxBo00,00-0039732,STATHEAD_UNAMBIGUOUS_SINGLE_CANDIDATE,STATHEAD_QB_STARTED_QUERY,2025_13_DEN_WAS,2025 Stathead pasted rank 236,236,POSTGAME_ACTUAL_STARTER,ORACLE_STARTER_IDENTITY_ONLY,False,False,CREDITED,
2025,13,REG,2025-11-30,2025_13_DEN_WAS,DEN,WAS,home,WAS,DEN,Marcus Mariota,MariMa01,00-0032268,STATHEAD_UNAMBIGUOUS_SINGLE_CANDIDATE,STATHEAD_QB_STARTED_QUERY,2025_13_DEN_WAS,2025 Stathead pasted rank 305,305,POSTGAME_ACTUAL_STARTER,ORACLE_STARTER_IDENTITY_ONLY,False,False,CREDITED,
2025,13,REG,2025-11-27,2025_13_GB_DET,GB,DET,away,GB,DET,Jordan Love,LoveJo03,00-0036264,STATHEAD_UNAMBIGUOUS_SINGLE_CANDIDATE,STATHEAD_QB_STARTED_QUERY,2025_13_GB_DET,2025 Stathead pasted rank 337,337,POSTGAME_ACTUAL_STARTER,ORACLE_STARTER_IDENTITY_ONLY,False,False,CREDITED,
2025,13,REG,2025-11-27,2025_13_GB_DET,GB,DET,home,DET,GB,Jared Goff,GoffJa00,00-0033106,STATHEAD_UNAMBIGUOUS_SINGLE_CANDIDATE,STATHEAD_QB_STARTED_QUERY,2025_13_GB_DET,2025 Stathead pasted rank 441,441,POSTGAME_ACTUAL_STARTER,ORACLE_STARTER_IDENTITY_ONLY,False,False,CREDITED,
2025,13,REG,2025-11-30,2025_13_HOU_IND,HOU,IND,away,HOU,IND,C.J. Stroud,StroCJ00,00-0039163,STATHEAD_UNAMBIGUOUS_SINGLE_CANDIDATE,STATHEAD_QB_STARTED_QUERY,2025_13_HOU_IND,2025 Stathead pasted rank 129,129,POSTGAME_ACTUAL_STARTER,ORACLE_STARTER_IDENTITY_ONLY,False,False,CREDITED,
2025,13,REG,2025-11-30,2025_13_HOU_IND,HOU,IND,home,IND,HOU,Daniel Jones,JoneDa05,00-0035710,STATHEAD_UNAMBIGUOUS_SINGLE_CANDIDATE,STATHEAD_QB_STARTED_QUERY,2025_13_HOU_IND,2025 Stathead pasted rank 377,377,POSTGAME_ACTUAL_STARTER,ORACLE_STARTER_IDENTITY_ONLY,False,False,CREDITED,
2025,13,REG,2025-11-30,2025_13_JAX_TEN,JAX,TEN,away,JAX,TEN,Trevor Lawrence,LawrTr00,00-0036971,STATHEAD_UNAMBIGUOUS_SINGLE_CANDIDATE,STATHEAD_QB_STARTED_QUERY,2025_13_JAX_TEN,2025 Stathead pasted rank 350,350,POSTGAME_ACTUAL_STARTER,ORACLE_STARTER_IDENTITY_ONLY,False,False,CREDITED,
2025,13,REG,2025-11-30,2025_13_JAX_TEN,JAX,TEN,home,TEN,JAX,Cam Ward,WardCa00,00-0040676,STATHEAD_UNAMBIGUOUS_SINGLE_CANDIDATE,STATHEAD_QB_STARTED_QUERY,2025_13_JAX_TEN,2025 Stathead pasted rank 132,132,POSTGAME_ACTUAL_STARTER,ORACLE_STARTER_IDENTITY_ONLY,False,False,CREDITED,
2025,13,REG,2025-11-27,2025_13_KC_DAL,KC,DAL,away,KC,DAL,Patrick Mahomes,MahoPa00,00-0033873,STATHEAD_UNAMBIGUOUS_SINGLE_CANDIDATE,STATHEAD_QB_STARTED_QUERY,2025_13_KC_DAL,2025 Stathead pasted rank 319,319,POSTGAME_ACTUAL_STARTER,ORACLE_STARTER_IDENTITY_ONLY,False,False,CREDITED,
2025,13,REG,2025-11-27,2025_13_KC_DAL,KC,DAL,home,DAL,KC,Dak Prescott,PresDa01,00-0033077,STATHEAD_UNAMBIGUOUS_SINGLE_CANDIDATE,STATHEAD_QB_STARTED_QUERY,2025_13_KC_DAL,2025 Stathead pasted rank 205,205,POSTGAME_ACTUAL_STARTER,ORACLE_STARTER_IDENTITY_ONLY,False,False,CREDITED,
2025,13,REG,2025-11-30,2025_13_LA_CAR,LAR,CAR,away,LAR,CAR,Matthew Stafford,StafMa00,00-0026498,STATHEAD_UNAMBIGUOUS_SINGLE_CANDIDATE,STATHEAD_QB_STARTED_QUERY,2025_13_LA_CAR,2025 Stathead pasted rank 128,128,POSTGAME_ACTUAL_STARTER,ORACLE_STARTER_IDENTITY_ONLY,False,False,CREDITED,
2025,13,REG,2025-11-30,2025_13_LA_CAR,LAR,CAR,home,CAR,LAR,Bryce Young,YounBr01,00-0039150,STATHEAD_UNAMBIGUOUS_SINGLE_CANDIDATE,STATHEAD_QB_STARTED_QUERY,2025_13_LA_CAR,2025 Stathead pasted rank 134,134,POSTGAME_ACTUAL_STARTER,ORACLE_STARTER_IDENTITY_ONLY,False,False,CREDITED,
2025,13,REG,2025-11-30,2025_13_LV_LAC,LV,LAC,away,LV,LAC,Geno Smith,SmitGe00,00-0030565,STATHEAD_UNAMBIGUOUS_SINGLE_CANDIDATE,STATHEAD_QB_STARTED_QUERY,2025_13_LV_LAC,2025 Stathead pasted rank 127,127,POSTGAME_ACTUAL_STARTER,ORACLE_STARTER_IDENTITY_ONLY,False,False,CREDITED,
2025,13,REG,2025-11-30,2025_13_LV_LAC,LV,LAC,home,LAC,LV,Justin Herbert,HerbJu00,00-0036355,STATHEAD_UNAMBIGUOUS_SINGLE_CANDIDATE,STATHEAD_QB_STARTED_QUERY,2025_13_LV_LAC,2025 Stathead pasted rank 424,424,POSTGAME_ACTUAL_STARTER,ORACLE_STARTER_IDENTITY_ONLY,False,False,CREDITED,
2025,13,REG,2025-11-30,2025_13_MIN_SEA,MIN,SEA,away,MIN,SEA,Max Brosmer,BrosMa00,00-0040494,STATHEAD_UNAMBIGUOUS_SINGLE_CANDIDATE,STATHEAD_QB_STARTED_QUERY,2025_13_MIN_SEA,2025 Stathead pasted rank 538,538,POSTGAME_ACTUAL_STARTER,ORACLE_STARTER_IDENTITY_ONLY,False,False,CREDITED,
2025,13,REG,2025-11-30,2025_13_MIN_SEA,MIN,SEA,home,SEA,MIN,Sam Darnold,DarnSa00,00-0034869,STATHEAD_UNAMBIGUOUS_SINGLE_CANDIDATE,STATHEAD_QB_STARTED_QUERY,2025_13_MIN_SEA,2025 Stathead pasted rank 500,500,POSTGAME_ACTUAL_STARTER,ORACLE_STARTER_IDENTITY_ONLY,False,False,CREDITED,
2025,13,REG,2025-11-30,2025_13_NO_MIA,NO,MIA,away,NO,MIA,Tyler Shough,ShouTy00,00-0040743,STATHEAD_UNAMBIGUOUS_SINGLE_CANDIDATE,STATHEAD_QB_STARTED_QUERY,2025_13_NO_MIA,2025 Stathead pasted rank 126,126,POSTGAME_ACTUAL_STARTER,ORACLE_STARTER_IDENTITY_ONLY,False,False,CREDITED,
2025,13,REG,2025-11-30,2025_13_NO_MIA,NO,MIA,home,MIA,NO,Tua Tagovailoa,TagoTu00,00-0036212,STATHEAD_UNAMBIGUOUS_SINGLE_CANDIDATE,STATHEAD_QB_STARTED_QUERY,2025_13_NO_MIA,2025 Stathead pasted rank 130,130,POSTGAME_ACTUAL_STARTER,ORACLE_STARTER_IDENTITY_ONLY,False,False,CREDITED,
2025,13,REG,2025-12-01,2025_13_NYG_NE,NYG,NE,away,NYG,NE,Jaxson Dart,DartJa00,00-0040691,STATHEAD_UNAMBIGUOUS_SINGLE_CANDIDATE,STATHEAD_QB_STARTED_QUERY,2025_13_NYG_NE,2025 Stathead pasted rank 482,482,POSTGAME_ACTUAL_STARTER,ORACLE_STARTER_IDENTITY_ONLY,False,False,CREDITED,
2025,13,REG,2025-12-01,2025_13_NYG_NE,NYG,NE,home,NE,NYG,Drake Maye,MayeDr00,00-0039851,STATHEAD_UNAMBIGUOUS_SINGLE_CANDIDATE,STATHEAD_QB_STARTED_QUERY,2025_13_NYG_NE,2025 Stathead pasted rank 293,293,POSTGAME_ACTUAL_STARTER,ORACLE_STARTER_IDENTITY_ONLY,False,False,CREDITED,
2025,13,REG,2025-11-30,2025_13_SF_CLE,SF,CLE,away,SF,CLE,Brock Purdy,PurdBr00,00-0037834,STATHEAD_UNAMBIGUOUS_SINGLE_CANDIDATE,STATHEAD_QB_STARTED_QUERY,2025_13_SF_CLE,2025 Stathead pasted rank 123,123,POSTGAME_ACTUAL_STARTER,ORACLE_STARTER_IDENTITY_ONLY,False,False,CREDITED,
2025,13,REG,2025-11-30,2025_13_SF_CLE,SF,CLE,home,CLE,SF,Shedeur Sanders,SandSh00,00-0040668,STATHEAD_UNAMBIGUOUS_SINGLE_CANDIDATE,STATHEAD_QB_STARTED_QUERY,2025_13_SF_CLE,2025 Stathead pasted rank 125,125,POSTGAME_ACTUAL_STARTER,ORACLE_STARTER_IDENTITY_ONLY,False,False,CREDITED,
2025,14,REG,2025-12-07,2025_14_CHI_GB,CHI,GB,away,CHI,GB,Caleb Williams,WillCa03,00-0039918,STATHEAD_UNAMBIGUOUS_SINGLE_CANDIDATE,STATHEAD_QB_STARTED_QUERY,2025_14_CHI_GB,2025 Stathead pasted rank 144,144,POSTGAME_ACTUAL_STARTER,ORACLE_STARTER_IDENTITY_ONLY,False,False,CREDITED,
2025,14,REG,2025-12-07,2025_14_CHI_GB,CHI,GB,home,GB,CHI,Jordan Love,LoveJo03,00-0036264,STATHEAD_UNAMBIGUOUS_SINGLE_CANDIDATE,STATHEAD_QB_STARTED_QUERY,2025_14_CHI_GB,2025 Stathead pasted rank 322,322,POSTGAME_ACTUAL_STARTER,ORACLE_STARTER_IDENTITY_ONLY,False,False,CREDITED,
2025,14,REG,2025-12-07,2025_14_CIN_BUF,CIN,BUF,away,CIN,BUF,Joe Burrow,BurrJo01,00-0036442,STATHEAD_UNAMBIGUOUS_SINGLE_CANDIDATE,STATHEAD_QB_STARTED_QUERY,2025_14_CIN_BUF,2025 Stathead pasted rank 530,530,POSTGAME_ACTUAL_STARTER,ORACLE_STARTER_IDENTITY_ONLY,False,False,CREDITED,
2025,14,REG,2025-12-07,2025_14_CIN_BUF,CIN,BUF,home,BUF,CIN,Josh Allen,AlleJo02,00-0034857,STATHEAD_UNAMBIGUOUS_SINGLE_CANDIDATE,STATHEAD_QB_STARTED_QUERY,2025_14_CIN_BUF,2025 Stathead pasted rank 565,565,POSTGAME_ACTUAL_STARTER,ORACLE_STARTER_IDENTITY_ONLY,False,False,CREDITED,
2025,14,REG,2025-12-04,2025_14_DAL_DET,DAL,DET,away,DAL,DET,Dak Prescott,PresDa01,00-0033077,STATHEAD_UNAMBIGUOUS_SINGLE_CANDIDATE,STATHEAD_QB_STARTED_QUERY,2025_14_DAL_DET,2025 Stathead pasted rank 206,206,POSTGAME_ACTUAL_STARTER,ORACLE_STARTER_IDENTITY_ONLY,False,False,CREDITED,
2025,14,REG,2025-12-04,2025_14_DAL_DET,DAL,DET,home,DET,DAL,Jared Goff,GoffJa00,00-0033106,STATHEAD_UNAMBIGUOUS_SINGLE_CANDIDATE,STATHEAD_QB_STARTED_QUERY,2025_14_DAL_DET,2025 Stathead pasted rank 442,442,POSTGAME_ACTUAL_STARTER,ORACLE_STARTER_IDENTITY_ONLY,False,False,CREDITED,
2025,14,REG,2025-12-07,2025_14_DEN_LV,DEN,LV,away,DEN,LV,Bo Nix,NixxBo00,00-0039732,STATHEAD_UNAMBIGUOUS_SINGLE_CANDIDATE,STATHEAD_QB_STARTED_QUERY,2025_14_DEN_LV,2025 Stathead pasted rank 237,237,POSTGAME_ACTUAL_STARTER,ORACLE_STARTER_IDENTITY_ONLY,False,False,CREDITED,
2025,14,REG,2025-12-07,2025_14_DEN_LV,DEN,LV,home,LV,DEN,Geno Smith,SmitGe00,00-0030565,STATHEAD_UNAMBIGUOUS_SINGLE_CANDIDATE,STATHEAD_QB_STARTED_QUERY,2025_14_DEN_LV,2025 Stathead pasted rank 138,138,POSTGAME_ACTUAL_STARTER,ORACLE_STARTER_IDENTITY_ONLY,False,False,CREDITED,
2025,14,REG,2025-12-07,2025_14_HOU_KC,HOU,KC,away,HOU,KC,C.J. Stroud,StroCJ00,00-0039163,STATHEAD_UNAMBIGUOUS_SINGLE_CANDIDATE,STATHEAD_QB_STARTED_QUERY,2025_14_HOU_KC,2025 Stathead pasted rank 140,140,POSTGAME_ACTUAL_STARTER,ORACLE_STARTER_IDENTITY_ONLY,False,False,CREDITED,
2025,14,REG,2025-12-07,2025_14_HOU_KC,HOU,KC,home,KC,HOU,Patrick Mahomes,MahoPa00,00-0033873,STATHEAD_UNAMBIGUOUS_SINGLE_CANDIDATE,STATHEAD_QB_STARTED_QUERY,2025_14_HOU_KC,2025 Stathead pasted rank 320,320,POSTGAME_ACTUAL_STARTER,ORACLE_STARTER_IDENTITY_ONLY,False,False,CREDITED,
2025,14,REG,2025-12-07,2025_14_IND_JAX,IND,JAX,away,IND,JAX,Daniel Jones,JoneDa05,00-0035710,STATHEAD_UNAMBIGUOUS_SINGLE_CANDIDATE,STATHEAD_QB_STARTED_QUERY,2025_14_IND_JAX,2025 Stathead pasted rank 378,378,POSTGAME_ACTUAL_STARTER,ORACLE_STARTER_IDENTITY_ONLY,False,False,CREDITED,
2025,14,REG,2025-12-07,2025_14_IND_JAX,IND,JAX,home,JAX,IND,Trevor Lawrence,LawrTr00,00-0036971,STATHEAD_UNAMBIGUOUS_SINGLE_CANDIDATE,STATHEAD_QB_STARTED_QUERY,2025_14_IND_JAX,2025 Stathead pasted rank 351,351,POSTGAME_ACTUAL_STARTER,ORACLE_STARTER_IDENTITY_ONLY,False,False,CREDITED,
2025,14,REG,2025-12-07,2025_14_LA_ARI,LAR,ARI,away,LAR,ARI,Matthew Stafford,StafMa00,00-0026498,STATHEAD_UNAMBIGUOUS_SINGLE_CANDIDATE,STATHEAD_QB_STARTED_QUERY,2025_14_LA_ARI,2025 Stathead pasted rank 139,139,POSTGAME_ACTUAL_STARTER,ORACLE_STARTER_IDENTITY_ONLY,False,False,CREDITED,
2025,14,REG,2025-12-07,2025_14_LA_ARI,LAR,ARI,home,ARI,LAR,Jacoby Brissett,BrisJa00,00-0033119,STATHEAD_UNAMBIGUOUS_SINGLE_CANDIDATE,STATHEAD_QB_STARTED_QUERY,2025_14_LA_ARI,2025 Stathead pasted rank 547,547,POSTGAME_ACTUAL_STARTER,ORACLE_STARTER_IDENTITY_ONLY,False,False,CREDITED,
2025,14,REG,2025-12-07,2025_14_MIA_NYJ,MIA,NYJ,away,MIA,NYJ,Tua Tagovailoa,TagoTu00,00-0036212,STATHEAD_UNAMBIGUOUS_SINGLE_CANDIDATE,STATHEAD_QB_STARTED_QUERY,2025_14_MIA_NYJ,2025 Stathead pasted rank 141,141,POSTGAME_ACTUAL_STARTER,ORACLE_STARTER_IDENTITY_ONLY,False,False,CREDITED,
2025,14,REG,2025-12-07,2025_14_MIA_NYJ,MIA,NYJ,home,NYJ,MIA,Tyrod Taylor,TaylTy00,00-0028118,STATHEAD_UNAMBIGUOUS_SINGLE_CANDIDATE,STATHEAD_QB_STARTED_QUERY,2025_14_MIA_NYJ,2025 Stathead pasted rank 142,142,POSTGAME_ACTUAL_STARTER,ORACLE_STARTER_IDENTITY_ONLY,False,False,CREDITED,
2025,14,REG,2025-12-07,2025_14_NO_TB,NO,TB,away,NO,TB,Tyler Shough,ShouTy00,00-0040743,STATHEAD_UNAMBIGUOUS_SINGLE_CANDIDATE,STATHEAD_QB_STARTED_QUERY,2025_14_NO_TB,2025 Stathead pasted rank 137,137,POSTGAME_ACTUAL_STARTER,ORACLE_STARTER_IDENTITY_ONLY,False,False,CREDITED,
2025,14,REG,2025-12-07,2025_14_NO_TB,NO,TB,home,TB,NO,Baker Mayfield,MayfBa00,00-0034855,STATHEAD_UNAMBIGUOUS_SINGLE_CANDIDATE,STATHEAD_QB_STARTED_QUERY,2025_14_NO_TB,2025 Stathead pasted rank 274,274,POSTGAME_ACTUAL_STARTER,ORACLE_STARTER_IDENTITY_ONLY,False,False,CREDITED,
2025,14,REG,2025-12-08,2025_14_PHI_LAC,PHI,LAC,away,PHI,LAC,Jalen Hurts,HurtJa00,00-0036389,STATHEAD_UNAMBIGUOUS_SINGLE_CANDIDATE,STATHEAD_QB_STARTED_QUERY,2025_14_PHI_LAC,2025 Stathead pasted rank 406,406,POSTGAME_ACTUAL_STARTER,ORACLE_STARTER_IDENTITY_ONLY,False,False,CREDITED,
2025,14,REG,2025-12-08,2025_14_PHI_LAC,PHI,LAC,home,LAC,PHI,Justin Herbert,HerbJu00,00-0036355,STATHEAD_UNAMBIGUOUS_SINGLE_CANDIDATE,STATHEAD_QB_STARTED_QUERY,2025_14_PHI_LAC,2025 Stathead pasted rank 425,425,POSTGAME_ACTUAL_STARTER,ORACLE_STARTER_IDENTITY_ONLY,False,False,CREDITED,
2025,14,REG,2025-12-07,2025_14_PIT_BAL,PIT,BAL,away,PIT,BAL,Aaron Rodgers,RodgAa00,00-0023459,STATHEAD_UNAMBIGUOUS_SINGLE_CANDIDATE,STATHEAD_QB_STARTED_QUERY,2025_14_PIT_BAL,2025 Stathead pasted rank 135,135,POSTGAME_ACTUAL_STARTER,ORACLE_STARTER_IDENTITY_ONLY,False,False,CREDITED,
2025,14,REG,2025-12-07,2025_14_PIT_BAL,PIT,BAL,home,BAL,PIT,Lamar Jackson,JackLa00,00-0034796,STATHEAD_UNAMBIGUOUS_SINGLE_CANDIDATE,STATHEAD_QB_STARTED_QUERY,2025_14_PIT_BAL,2025 Stathead pasted rank 390,390,POSTGAME_ACTUAL_STARTER,ORACLE_STARTER_IDENTITY_ONLY,False,False,CREDITED,
2025,14,REG,2025-12-07,2025_14_SEA_ATL,SEA,ATL,away,SEA,ATL,Sam Darnold,DarnSa00,00-0034869,STATHEAD_UNAMBIGUOUS_SINGLE_CANDIDATE,STATHEAD_QB_STARTED_QUERY,2025_14_SEA_ATL,2025 Stathead pasted rank 501,501,POSTGAME_ACTUAL_STARTER,ORACLE_STARTER_IDENTITY_ONLY,False,False,CREDITED,
2025,14,REG,2025-12-07,2025_14_SEA_ATL,SEA,ATL,home,ATL,SEA,Kirk Cousins,CousKi00,00-0029604,STATHEAD_UNAMBIGUOUS_SINGLE_CANDIDATE,STATHEAD_QB_STARTED_QUERY,2025_14_SEA_ATL,2025 Stathead pasted rank 518,518,POSTGAME_ACTUAL_STARTER,ORACLE_STARTER_IDENTITY_ONLY,False,False,CREDITED,
2025,14,REG,2025-12-07,2025_14_TEN_CLE,TEN,CLE,away,TEN,CLE,Cam Ward,WardCa00,00-0040676,STATHEAD_UNAMBIGUOUS_SINGLE_CANDIDATE,STATHEAD_QB_STARTED_QUERY,2025_14_TEN_CLE,2025 Stathead pasted rank 143,143,POSTGAME_ACTUAL_STARTER,ORACLE_STARTER_IDENTITY_ONLY,False,False,CREDITED,
2025,14,REG,2025-12-07,2025_14_TEN_CLE,TEN,CLE,home,CLE,TEN,Shedeur Sanders,SandSh00,00-0040668,STATHEAD_UNAMBIGUOUS_SINGLE_CANDIDATE,STATHEAD_QB_STARTED_QUERY,2025_14_TEN_CLE,2025 Stathead pasted rank 136,136,POSTGAME_ACTUAL_STARTER,ORACLE_STARTER_IDENTITY_ONLY,False,False,CREDITED,
2025,14,REG,2025-12-07,2025_14_WAS_MIN,WAS,MIN,away,WAS,MIN,Jayden Daniels,DaniJa02,00-0039910,STATHEAD_UNAMBIGUOUS_SINGLE_CANDIDATE,STATHEAD_QB_STARTED_QUERY,2025_14_WAS_MIN,2025 Stathead pasted rank 513,513,POSTGAME_ACTUAL_STARTER,ORACLE_STARTER_IDENTITY_ONLY,False,False,CREDITED,
2025,14,REG,2025-12-07,2025_14_WAS_MIN,WAS,MIN,home,MIN,WAS,J.J. McCarthy,McCaJJ00,00-0039923,STATHEAD_UNAMBIGUOUS_SINGLE_CANDIDATE,STATHEAD_QB_STARTED_QUERY,2025_14_WAS_MIN,2025 Stathead pasted rank 258,258,POSTGAME_ACTUAL_STARTER,ORACLE_STARTER_IDENTITY_ONLY,False,False,CREDITED,
2025,15,REG,2025-12-14,2025_15_ARI_HOU,ARI,HOU,away,ARI,HOU,Jacoby Brissett,BrisJa00,00-0033119,STATHEAD_UNAMBIGUOUS_SINGLE_CANDIDATE,STATHEAD_QB_STARTED_QUERY,2025_15_ARI_HOU,2025 Stathead pasted rank 548,548,POSTGAME_ACTUAL_STARTER,ORACLE_STARTER_IDENTITY_ONLY,False,False,CREDITED,
2025,15,REG,2025-12-14,2025_15_ARI_HOU,ARI,HOU,home,HOU,ARI,C.J. Stroud,StroCJ00,00-0039163,STATHEAD_UNAMBIGUOUS_SINGLE_CANDIDATE,STATHEAD_QB_STARTED_QUERY,2025_15_ARI_HOU,2025 Stathead pasted rank 151,151,POSTGAME_ACTUAL_STARTER,ORACLE_STARTER_IDENTITY_ONLY,False,False,CREDITED,
2025,15,REG,2025-12-11,2025_15_ATL_TB,ATL,TB,away,ATL,TB,Kirk Cousins,CousKi00,00-0029604,STATHEAD_UNAMBIGUOUS_SINGLE_CANDIDATE,STATHEAD_QB_STARTED_QUERY,2025_15_ATL_TB,2025 Stathead pasted rank 519,519,POSTGAME_ACTUAL_STARTER,ORACLE_STARTER_IDENTITY_ONLY,False,False,CREDITED,
2025,15,REG,2025-12-11,2025_15_ATL_TB,ATL,TB,home,TB,ATL,Baker Mayfield,MayfBa00,00-0034855,STATHEAD_UNAMBIGUOUS_SINGLE_CANDIDATE,STATHEAD_QB_STARTED_QUERY,2025_15_ATL_TB,2025 Stathead pasted rank 275,275,POSTGAME_ACTUAL_STARTER,ORACLE_STARTER_IDENTITY_ONLY,False,False,CREDITED,
2025,15,REG,2025-12-14,2025_15_BAL_CIN,BAL,CIN,away,BAL,CIN,Lamar Jackson,JackLa00,00-0034796,STATHEAD_UNAMBIGUOUS_SINGLE_CANDIDATE,STATHEAD_QB_STARTED_QUERY,2025_15_BAL_CIN,2025 Stathead pasted rank 391,391,POSTGAME_ACTUAL_STARTER,ORACLE_STARTER_IDENTITY_ONLY,False,False,CREDITED,
2025,15,REG,2025-12-14,2025_15_BAL_CIN,BAL,CIN,home,CIN,BAL,Joe Burrow,BurrJo01,00-0036442,STATHEAD_UNAMBIGUOUS_SINGLE_CANDIDATE,STATHEAD_QB_STARTED_QUERY,2025_15_BAL_CIN,2025 Stathead pasted rank 531,531,POSTGAME_ACTUAL_STARTER,ORACLE_STARTER_IDENTITY_ONLY,False,False,CREDITED,
2025,15,REG,2025-12-14,2025_15_BUF_NE,BUF,NE,away,BUF,NE,Josh Allen,AlleJo02,00-0034857,STATHEAD_UNAMBIGUOUS_SINGLE_CANDIDATE,STATHEAD_QB_STARTED_QUERY,2025_15_BUF_NE,2025 Stathead pasted rank 566,566,POSTGAME_ACTUAL_STARTER,ORACLE_STARTER_IDENTITY_ONLY,False,False,CREDITED,
2025,15,REG,2025-12-14,2025_15_BUF_NE,BUF,NE,home,NE,BUF,Drake Maye,MayeDr00,00-0039851,STATHEAD_UNAMBIGUOUS_SINGLE_CANDIDATE,STATHEAD_QB_STARTED_QUERY,2025_15_BUF_NE,2025 Stathead pasted rank 294,294,POSTGAME_ACTUAL_STARTER,ORACLE_STARTER_IDENTITY_ONLY,False,False,CREDITED,
2025,15,REG,2025-12-14,2025_15_CAR_NO,CAR,NO,away,CAR,NO,Bryce Young,YounBr01,00-0039150,STATHEAD_UNAMBIGUOUS_SINGLE_CANDIDATE,STATHEAD_QB_STARTED_QUERY,2025_15_CAR_NO,2025 Stathead pasted rank 155,155,POSTGAME_ACTUAL_STARTER,ORACLE_STARTER_IDENTITY_ONLY,False,False,CREDITED,
2025,15,REG,2025-12-14,2025_15_CAR_NO,CAR,NO,home,NO,CAR,Tyler Shough,ShouTy00,00-0040743,STATHEAD_UNAMBIGUOUS_SINGLE_CANDIDATE,STATHEAD_QB_STARTED_QUERY,2025_15_CAR_NO,2025 Stathead pasted rank 149,149,POSTGAME_ACTUAL_STARTER,ORACLE_STARTER_IDENTITY_ONLY,False,False,CREDITED,
2025,15,REG,2025-12-14,2025_15_CLE_CHI,CLE,CHI,away,CLE,CHI,Shedeur Sanders,SandSh00,00-0040668,STATHEAD_UNAMBIGUOUS_SINGLE_CANDIDATE,STATHEAD_QB_STARTED_QUERY,2025_15_CLE_CHI,2025 Stathead pasted rank 148,148,POSTGAME_ACTUAL_STARTER,ORACLE_STARTER_IDENTITY_ONLY,False,False,CREDITED,
2025,15,REG,2025-12-14,2025_15_CLE_CHI,CLE,CHI,home,CHI,CLE,Caleb Williams,WillCa03,00-0039918,STATHEAD_UNAMBIGUOUS_SINGLE_CANDIDATE,STATHEAD_QB_STARTED_QUERY,2025_15_CLE_CHI,2025 Stathead pasted rank 154,154,POSTGAME_ACTUAL_STARTER,ORACLE_STARTER_IDENTITY_ONLY,False,False,CREDITED,
2025,15,REG,2025-12-14,2025_15_DET_LA,DET,LAR,away,DET,LAR,Jared Goff,GoffJa00,00-0033106,STATHEAD_UNAMBIGUOUS_SINGLE_CANDIDATE,STATHEAD_QB_STARTED_QUERY,2025_15_DET_LA,2025 Stathead pasted rank 443,443,POSTGAME_ACTUAL_STARTER,ORACLE_STARTER_IDENTITY_ONLY,False,False,CREDITED,
2025,15,REG,2025-12-14,2025_15_DET_LA,DET,LAR,home,LAR,DET,Matthew Stafford,StafMa00,00-0026498,STATHEAD_UNAMBIGUOUS_SINGLE_CANDIDATE,STATHEAD_QB_STARTED_QUERY,2025_15_DET_LA,2025 Stathead pasted rank 150,150,POSTGAME_ACTUAL_STARTER,ORACLE_STARTER_IDENTITY_ONLY,False,False,CREDITED,
2025,15,REG,2025-12-14,2025_15_GB_DEN,GB,DEN,away,GB,DEN,Jordan Love,LoveJo03,00-0036264,STATHEAD_UNAMBIGUOUS_SINGLE_CANDIDATE,STATHEAD_QB_STARTED_QUERY,2025_15_GB_DEN,2025 Stathead pasted rank 323,323,POSTGAME_ACTUAL_STARTER,ORACLE_STARTER_IDENTITY_ONLY,False,False,CREDITED,
2025,15,REG,2025-12-14,2025_15_GB_DEN,GB,DEN,home,DEN,GB,Bo Nix,NixxBo00,00-0039732,STATHEAD_UNAMBIGUOUS_SINGLE_CANDIDATE,STATHEAD_QB_STARTED_QUERY,2025_15_GB_DEN,2025 Stathead pasted rank 238,238,POSTGAME_ACTUAL_STARTER,ORACLE_STARTER_IDENTITY_ONLY,False,False,CREDITED,
2025,15,REG,2025-12-14,2025_15_IND_SEA,IND,SEA,away,IND,SEA,Philip Rivers,RivePh00,00-0022942,STATHEAD_UNAMBIGUOUS_SINGLE_CANDIDATE,STATHEAD_QB_STARTED_QUERY,2025_15_IND_SEA,2025 Stathead pasted rank 146,146,POSTGAME_ACTUAL_STARTER,ORACLE_STARTER_IDENTITY_ONLY,False,False,CREDITED,
2025,15,REG,2025-12-14,2025_15_IND_SEA,IND,SEA,home,SEA,IND,Sam Darnold,DarnSa00,00-0034869,STATHEAD_UNAMBIGUOUS_SINGLE_CANDIDATE,STATHEAD_QB_STARTED_QUERY,2025_15_IND_SEA,2025 Stathead pasted rank 502,502,POSTGAME_ACTUAL_STARTER,ORACLE_STARTER_IDENTITY_ONLY,False,False,CREDITED,
2025,15,REG,2025-12-14,2025_15_LAC_KC,LAC,KC,away,LAC,KC,Justin Herbert,HerbJu00,00-0036355,STATHEAD_UNAMBIGUOUS_SINGLE_CANDIDATE,STATHEAD_QB_STARTED_QUERY,2025_15_LAC_KC,2025 Stathead pasted rank 426,426,POSTGAME_ACTUAL_STARTER,ORACLE_STARTER_IDENTITY_ONLY,False,False,CREDITED,
2025,15,REG,2025-12-14,2025_15_LAC_KC,LAC,KC,home,KC,LAC,Patrick Mahomes,MahoPa00,00-0033873,STATHEAD_UNAMBIGUOUS_SINGLE_CANDIDATE,STATHEAD_QB_STARTED_QUERY,2025_15_LAC_KC,2025 Stathead pasted rank 321,321,POSTGAME_ACTUAL_STARTER,ORACLE_STARTER_IDENTITY_ONLY,False,False,CREDITED,
2025,15,REG,2025-12-14,2025_15_LV_PHI,LV,PHI,away,LV,PHI,Kenny Pickett,PickKe00,00-0038102,STATHEAD_UNAMBIGUOUS_SINGLE_CANDIDATE,STATHEAD_QB_STARTED_QUERY,2025_15_LV_PHI,2025 Stathead pasted rank 211,211,POSTGAME_ACTUAL_STARTER,ORACLE_STARTER_IDENTITY_ONLY,False,False,CREDITED,
2025,15,REG,2025-12-14,2025_15_LV_PHI,LV,PHI,home,PHI,LV,Jalen Hurts,HurtJa00,00-0036389,STATHEAD_UNAMBIGUOUS_SINGLE_CANDIDATE,STATHEAD_QB_STARTED_QUERY,2025_15_LV_PHI,2025 Stathead pasted rank 407,407,POSTGAME_ACTUAL_STARTER,ORACLE_STARTER_IDENTITY_ONLY,False,False,CREDITED,
2025,15,REG,2025-12-15,2025_15_MIA_PIT,MIA,PIT,away,MIA,PIT,Tua Tagovailoa,TagoTu00,00-0036212,STATHEAD_UNAMBIGUOUS_SINGLE_CANDIDATE,STATHEAD_QB_STARTED_QUERY,2025_15_MIA_PIT,2025 Stathead pasted rank 152,152,POSTGAME_ACTUAL_STARTER,ORACLE_STARTER_IDENTITY_ONLY,False,False,CREDITED,
2025,15,REG,2025-12-15,2025_15_MIA_PIT,MIA,PIT,home,PIT,MIA,Aaron Rodgers,RodgAa00,00-0023459,STATHEAD_UNAMBIGUOUS_SINGLE_CANDIDATE,STATHEAD_QB_STARTED_QUERY,2025_15_MIA_PIT,2025 Stathead pasted rank 147,147,POSTGAME_ACTUAL_STARTER,ORACLE_STARTER_IDENTITY_ONLY,False,False,CREDITED,
2025,15,REG,2025-12-14,2025_15_MIN_DAL,MIN,DAL,away,MIN,DAL,J.J. McCarthy,McCaJJ00,00-0039923,STATHEAD_UNAMBIGUOUS_SINGLE_CANDIDATE,STATHEAD_QB_STARTED_QUERY,2025_15_MIN_DAL,2025 Stathead pasted rank 259,259,POSTGAME_ACTUAL_STARTER,ORACLE_STARTER_IDENTITY_ONLY,False,False,CREDITED,
2025,15,REG,2025-12-14,2025_15_MIN_DAL,MIN,DAL,home,DAL,MIN,Dak Prescott,PresDa01,00-0033077,STATHEAD_UNAMBIGUOUS_SINGLE_CANDIDATE,STATHEAD_QB_STARTED_QUERY,2025_15_MIN_DAL,2025 Stathead pasted rank 207,207,POSTGAME_ACTUAL_STARTER,ORACLE_STARTER_IDENTITY_ONLY,False,False,CREDITED,
2025,15,REG,2025-12-14,2025_15_NYJ_JAX,NYJ,JAX,away,NYJ,JAX,Brady Cook,CookBr03,00-0040398,STATHEAD_UNAMBIGUOUS_SINGLE_CANDIDATE,STATHEAD_QB_STARTED_QUERY,2025_15_NYJ_JAX,2025 Stathead pasted rank 523,523,POSTGAME_ACTUAL_STARTER,ORACLE_STARTER_IDENTITY_ONLY,False,False,CREDITED,
2025,15,REG,2025-12-14,2025_15_NYJ_JAX,NYJ,JAX,home,JAX,NYJ,Trevor Lawrence,LawrTr00,00-0036971,STATHEAD_UNAMBIGUOUS_SINGLE_CANDIDATE,STATHEAD_QB_STARTED_QUERY,2025_15_NYJ_JAX,2025 Stathead pasted rank 352,352,POSTGAME_ACTUAL_STARTER,ORACLE_STARTER_IDENTITY_ONLY,False,False,CREDITED,
2025,15,REG,2025-12-14,2025_15_TEN_SF,TEN,SF,away,TEN,SF,Cam Ward,WardCa00,00-0040676,STATHEAD_UNAMBIGUOUS_SINGLE_CANDIDATE,STATHEAD_QB_STARTED_QUERY,2025_15_TEN_SF,2025 Stathead pasted rank 153,153,POSTGAME_ACTUAL_STARTER,ORACLE_STARTER_IDENTITY_ONLY,False,False,CREDITED,
2025,15,REG,2025-12-14,2025_15_TEN_SF,TEN,SF,home,SF,TEN,Brock Purdy,PurdBr00,00-0037834,STATHEAD_UNAMBIGUOUS_SINGLE_CANDIDATE,STATHEAD_QB_STARTED_QUERY,2025_15_TEN_SF,2025 Stathead pasted rank 145,145,POSTGAME_ACTUAL_STARTER,ORACLE_STARTER_IDENTITY_ONLY,False,False,CREDITED,
2025,15,REG,2025-12-14,2025_15_WAS_NYG,WAS,NYG,away,WAS,NYG,Marcus Mariota,MariMa01,00-0032268,STATHEAD_UNAMBIGUOUS_SINGLE_CANDIDATE,STATHEAD_QB_STARTED_QUERY,2025_15_WAS_NYG,2025 Stathead pasted rank 306,306,POSTGAME_ACTUAL_STARTER,ORACLE_STARTER_IDENTITY_ONLY,False,False,CREDITED,
2025,15,REG,2025-12-14,2025_15_WAS_NYG,WAS,NYG,home,NYG,WAS,Jaxson Dart,DartJa00,00-0040691,STATHEAD_UNAMBIGUOUS_SINGLE_CANDIDATE,STATHEAD_QB_STARTED_QUERY,2025_15_WAS_NYG,2025 Stathead pasted rank 483,483,POSTGAME_ACTUAL_STARTER,ORACLE_STARTER_IDENTITY_ONLY,False,False,CREDITED,
2025,16,REG,2025-12-21,2025_16_ATL_ARI,ATL,ARI,away,ATL,ARI,Kirk Cousins,CousKi00,00-0029604,STATHEAD_UNAMBIGUOUS_SINGLE_CANDIDATE,STATHEAD_QB_STARTED_QUERY,2025_16_ATL_ARI,2025 Stathead pasted rank 520,520,POSTGAME_ACTUAL_STARTER,ORACLE_STARTER_IDENTITY_ONLY,False,False,CREDITED,
2025,16,REG,2025-12-21,2025_16_ATL_ARI,ATL,ARI,home,ARI,ATL,Jacoby Brissett,BrisJa00,00-0033119,STATHEAD_UNAMBIGUOUS_SINGLE_CANDIDATE,STATHEAD_QB_STARTED_QUERY,2025_16_ATL_ARI,2025 Stathead pasted rank 549,549,POSTGAME_ACTUAL_STARTER,ORACLE_STARTER_IDENTITY_ONLY,False,False,CREDITED,
2025,16,REG,2025-12-21,2025_16_BUF_CLE,BUF,CLE,away,BUF,CLE,Josh Allen,AlleJo02,00-0034857,STATHEAD_UNAMBIGUOUS_SINGLE_CANDIDATE,STATHEAD_QB_STARTED_QUERY,2025_16_BUF_CLE,2025 Stathead pasted rank 567,567,POSTGAME_ACTUAL_STARTER,ORACLE_STARTER_IDENTITY_ONLY,False,False,CREDITED,
2025,16,REG,2025-12-21,2025_16_BUF_CLE,BUF,CLE,home,CLE,BUF,Shedeur Sanders,SandSh00,00-0040668,STATHEAD_UNAMBIGUOUS_SINGLE_CANDIDATE,STATHEAD_QB_STARTED_QUERY,2025_16_BUF_CLE,2025 Stathead pasted rank 159,159,POSTGAME_ACTUAL_STARTER,ORACLE_STARTER_IDENTITY_ONLY,False,False,CREDITED,
2025,16,REG,2025-12-21,2025_16_CIN_MIA,CIN,MIA,away,CIN,MIA,Joe Burrow,BurrJo01,00-0036442,STATHEAD_UNAMBIGUOUS_SINGLE_CANDIDATE,STATHEAD_QB_STARTED_QUERY,2025_16_CIN_MIA,2025 Stathead pasted rank 532,532,POSTGAME_ACTUAL_STARTER,ORACLE_STARTER_IDENTITY_ONLY,False,False,CREDITED,
2025,16,REG,2025-12-21,2025_16_CIN_MIA,CIN,MIA,home,MIA,CIN,Quinn Ewers,EwerQu00,00-0040234,STATHEAD_UNAMBIGUOUS_SINGLE_CANDIDATE,STATHEAD_QB_STARTED_QUERY,2025_16_CIN_MIA,2025 Stathead pasted rank 472,472,POSTGAME_ACTUAL_STARTER,ORACLE_STARTER_IDENTITY_ONLY,False,False,CREDITED,
2025,16,REG,2025-12-20,2025_16_GB_CHI,GB,CHI,away,GB,CHI,Jordan Love,LoveJo03,00-0036264,STATHEAD_UNAMBIGUOUS_SINGLE_CANDIDATE,STATHEAD_QB_STARTED_QUERY,2025_16_GB_CHI,2025 Stathead pasted rank 324,324,POSTGAME_ACTUAL_STARTER,ORACLE_STARTER_IDENTITY_ONLY,False,False,CREDITED,
2025,16,REG,2025-12-20,2025_16_GB_CHI,GB,CHI,home,CHI,GB,Caleb Williams,WillCa03,00-0039918,STATHEAD_UNAMBIGUOUS_SINGLE_CANDIDATE,STATHEAD_QB_STARTED_QUERY,2025_16_GB_CHI,2025 Stathead pasted rank 165,165,POSTGAME_ACTUAL_STARTER,ORACLE_STARTER_IDENTITY_ONLY,False,False,CREDITED,
2025,16,REG,2025-12-21,2025_16_JAX_DEN,JAX,DEN,away,JAX,DEN,Trevor Lawrence,LawrTr00,00-0036971,STATHEAD_UNAMBIGUOUS_SINGLE_CANDIDATE,STATHEAD_QB_STARTED_QUERY,2025_16_JAX_DEN,2025 Stathead pasted rank 353,353,POSTGAME_ACTUAL_STARTER,ORACLE_STARTER_IDENTITY_ONLY,False,False,CREDITED,
2025,16,REG,2025-12-21,2025_16_JAX_DEN,JAX,DEN,home,DEN,JAX,Bo Nix,NixxBo00,00-0039732,STATHEAD_UNAMBIGUOUS_SINGLE_CANDIDATE,STATHEAD_QB_STARTED_QUERY,2025_16_JAX_DEN,2025 Stathead pasted rank 239,239,POSTGAME_ACTUAL_STARTER,ORACLE_STARTER_IDENTITY_ONLY,False,False,CREDITED,
2025,16,REG,2025-12-21,2025_16_KC_TEN,KC,TEN,away,KC,TEN,Gardner Minshew II,MinsGa00,00-0035289,STATHEAD_UNAMBIGUOUS_SINGLE_CANDIDATE,STATHEAD_QB_STARTED_QUERY,2025_16_KC_TEN,2025 Stathead pasted rank 247,247,POSTGAME_ACTUAL_STARTER,ORACLE_STARTER_IDENTITY_ONLY,False,False,CREDITED,
2025,16,REG,2025-12-21,2025_16_KC_TEN,KC,TEN,home,TEN,KC,Cam Ward,WardCa00,00-0040676,STATHEAD_UNAMBIGUOUS_SINGLE_CANDIDATE,STATHEAD_QB_STARTED_QUERY,2025_16_KC_TEN,2025 Stathead pasted rank 164,164,POSTGAME_ACTUAL_STARTER,ORACLE_STARTER_IDENTITY_ONLY,False,False,CREDITED,
2025,16,REG,2025-12-21,2025_16_LAC_DAL,LAC,DAL,away,LAC,DAL,Justin Herbert,HerbJu00,00-0036355,STATHEAD_UNAMBIGUOUS_SINGLE_CANDIDATE,STATHEAD_QB_STARTED_QUERY,2025_16_LAC_DAL,2025 Stathead pasted rank 427,427,POSTGAME_ACTUAL_STARTER,ORACLE_STARTER_IDENTITY_ONLY,False,False,CREDITED,
2025,16,REG,2025-12-21,2025_16_LAC_DAL,LAC,DAL,home,DAL,LAC,Dak Prescott,PresDa01,00-0033077,STATHEAD_UNAMBIGUOUS_SINGLE_CANDIDATE,STATHEAD_QB_STARTED_QUERY,2025_16_LAC_DAL,2025 Stathead pasted rank 208,208,POSTGAME_ACTUAL_STARTER,ORACLE_STARTER_IDENTITY_ONLY,False,False,CREDITED,
2025,16,REG,2025-12-18,2025_16_LA_SEA,LAR,SEA,away,LAR,SEA,Matthew Stafford,StafMa00,00-0026498,STATHEAD_UNAMBIGUOUS_SINGLE_CANDIDATE,STATHEAD_QB_STARTED_QUERY,2025_16_LA_SEA,2025 Stathead pasted rank 162,162,POSTGAME_ACTUAL_STARTER,ORACLE_STARTER_IDENTITY_ONLY,False,False,CREDITED,
2025,16,REG,2025-12-18,2025_16_LA_SEA,LAR,SEA,home,SEA,LAR,Sam Darnold,DarnSa00,00-0034869,STATHEAD_UNAMBIGUOUS_SINGLE_CANDIDATE,STATHEAD_QB_STARTED_QUERY,2025_16_LA_SEA,2025 Stathead pasted rank 503,503,POSTGAME_ACTUAL_STARTER,ORACLE_STARTER_IDENTITY_ONLY,False,False,CREDITED,
2025,16,REG,2025-12-21,2025_16_LV_HOU,LV,HOU,away,LV,HOU,Geno Smith,SmitGe00,00-0030565,STATHEAD_UNAMBIGUOUS_SINGLE_CANDIDATE,STATHEAD_QB_STARTED_QUERY,2025_16_LV_HOU,2025 Stathead pasted rank 161,161,POSTGAME_ACTUAL_STARTER,ORACLE_STARTER_IDENTITY_ONLY,False,False,CREDITED,
2025,16,REG,2025-12-21,2025_16_LV_HOU,LV,HOU,home,HOU,LV,C.J. Stroud,StroCJ00,00-0039163,STATHEAD_UNAMBIGUOUS_SINGLE_CANDIDATE,STATHEAD_QB_STARTED_QUERY,2025_16_LV_HOU,2025 Stathead pasted rank 163,163,POSTGAME_ACTUAL_STARTER,ORACLE_STARTER_IDENTITY_ONLY,False,False,CREDITED,
2025,16,REG,2025-12-21,2025_16_MIN_NYG,MIN,NYG,away,MIN,NYG,J.J. McCarthy,McCaJJ00,00-0039923,STATHEAD_UNAMBIGUOUS_SINGLE_CANDIDATE,STATHEAD_QB_STARTED_QUERY,2025_16_MIN_NYG,2025 Stathead pasted rank 260,260,POSTGAME_ACTUAL_STARTER,ORACLE_STARTER_IDENTITY_ONLY,False,False,CREDITED,
2025,16,REG,2025-12-21,2025_16_MIN_NYG,MIN,NYG,home,NYG,MIN,Jaxson Dart,DartJa00,00-0040691,STATHEAD_UNAMBIGUOUS_SINGLE_CANDIDATE,STATHEAD_QB_STARTED_QUERY,2025_16_MIN_NYG,2025 Stathead pasted rank 484,484,POSTGAME_ACTUAL_STARTER,ORACLE_STARTER_IDENTITY_ONLY,False,False,CREDITED,
2025,16,REG,2025-12-21,2025_16_NE_BAL,NE,BAL,away,NE,BAL,Drake Maye,MayeDr00,00-0039851,STATHEAD_UNAMBIGUOUS_SINGLE_CANDIDATE,STATHEAD_QB_STARTED_QUERY,2025_16_NE_BAL,2025 Stathead pasted rank 295,295,POSTGAME_ACTUAL_STARTER,ORACLE_STARTER_IDENTITY_ONLY,False,False,CREDITED,
2025,16,REG,2025-12-21,2025_16_NE_BAL,NE,BAL,home,BAL,NE,Lamar Jackson,JackLa00,00-0034796,STATHEAD_UNAMBIGUOUS_SINGLE_CANDIDATE,STATHEAD_QB_STARTED_QUERY,2025_16_NE_BAL,2025 Stathead pasted rank 392,392,POSTGAME_ACTUAL_STARTER,ORACLE_STARTER_IDENTITY_ONLY,False,False,CREDITED,
2025,16,REG,2025-12-21,2025_16_NYJ_NO,NYJ,NO,away,NYJ,NO,Brady Cook,CookBr03,00-0040398,STATHEAD_UNAMBIGUOUS_SINGLE_CANDIDATE,STATHEAD_QB_STARTED_QUERY,2025_16_NYJ_NO,2025 Stathead pasted rank 524,524,POSTGAME_ACTUAL_STARTER,ORACLE_STARTER_IDENTITY_ONLY,False,False,CREDITED,
2025,16,REG,2025-12-21,2025_16_NYJ_NO,NYJ,NO,home,NO,NYJ,Tyler Shough,ShouTy00,00-0040743,STATHEAD_UNAMBIGUOUS_SINGLE_CANDIDATE,STATHEAD_QB_STARTED_QUERY,2025_16_NYJ_NO,2025 Stathead pasted rank 160,160,POSTGAME_ACTUAL_STARTER,ORACLE_STARTER_IDENTITY_ONLY,False,False,CREDITED,
2025,16,REG,2025-12-20,2025_16_PHI_WAS,PHI,WAS,away,PHI,WAS,Jalen Hurts,HurtJa00,00-0036389,STATHEAD_UNAMBIGUOUS_SINGLE_CANDIDATE,STATHEAD_QB_STARTED_QUERY,2025_16_PHI_WAS,2025 Stathead pasted rank 408,408,POSTGAME_ACTUAL_STARTER,ORACLE_STARTER_IDENTITY_ONLY,False,False,CREDITED,
2025,16,REG,2025-12-20,2025_16_PHI_WAS,PHI,WAS,home,WAS,PHI,Marcus Mariota,MariMa01,00-0032268,STATHEAD_UNAMBIGUOUS_SINGLE_CANDIDATE,STATHEAD_QB_STARTED_QUERY,2025_16_PHI_WAS,2025 Stathead pasted rank 307,307,POSTGAME_ACTUAL_STARTER,ORACLE_STARTER_IDENTITY_ONLY,False,False,CREDITED,
2025,16,REG,2025-12-21,2025_16_PIT_DET,PIT,DET,away,PIT,DET,Aaron Rodgers,RodgAa00,00-0023459,STATHEAD_UNAMBIGUOUS_SINGLE_CANDIDATE,STATHEAD_QB_STARTED_QUERY,2025_16_PIT_DET,2025 Stathead pasted rank 158,158,POSTGAME_ACTUAL_STARTER,ORACLE_STARTER_IDENTITY_ONLY,False,False,CREDITED,
2025,16,REG,2025-12-21,2025_16_PIT_DET,PIT,DET,home,DET,PIT,Jared Goff,GoffJa00,00-0033106,STATHEAD_UNAMBIGUOUS_SINGLE_CANDIDATE,STATHEAD_QB_STARTED_QUERY,2025_16_PIT_DET,2025 Stathead pasted rank 444,444,POSTGAME_ACTUAL_STARTER,ORACLE_STARTER_IDENTITY_ONLY,False,False,CREDITED,
2025,16,REG,2025-12-22,2025_16_SF_IND,SF,IND,away,SF,IND,Brock Purdy,PurdBr00,00-0037834,STATHEAD_UNAMBIGUOUS_SINGLE_CANDIDATE,STATHEAD_QB_STARTED_QUERY,2025_16_SF_IND,2025 Stathead pasted rank 156,156,POSTGAME_ACTUAL_STARTER,ORACLE_STARTER_IDENTITY_ONLY,False,False,CREDITED,
2025,16,REG,2025-12-22,2025_16_SF_IND,SF,IND,home,IND,SF,Philip Rivers,RivePh00,00-0022942,STATHEAD_UNAMBIGUOUS_SINGLE_CANDIDATE,STATHEAD_QB_STARTED_QUERY,2025_16_SF_IND,2025 Stathead pasted rank 157,157,POSTGAME_ACTUAL_STARTER,ORACLE_STARTER_IDENTITY_ONLY,False,False,CREDITED,
2025,16,REG,2025-12-21,2025_16_TB_CAR,TB,CAR,away,TB,CAR,Baker Mayfield,MayfBa00,00-0034855,STATHEAD_UNAMBIGUOUS_SINGLE_CANDIDATE,STATHEAD_QB_STARTED_QUERY,2025_16_TB_CAR,2025 Stathead pasted rank 276,276,POSTGAME_ACTUAL_STARTER,ORACLE_STARTER_IDENTITY_ONLY,False,False,CREDITED,
2025,16,REG,2025-12-21,2025_16_TB_CAR,TB,CAR,home,CAR,TB,Bryce Young,YounBr01,00-0039150,STATHEAD_UNAMBIGUOUS_SINGLE_CANDIDATE,STATHEAD_QB_STARTED_QUERY,2025_16_TB_CAR,2025 Stathead pasted rank 166,166,POSTGAME_ACTUAL_STARTER,ORACLE_STARTER_IDENTITY_ONLY,False,False,CREDITED,
2025,17,REG,2025-12-28,2025_17_ARI_CIN,ARI,CIN,away,ARI,CIN,Jacoby Brissett,BrisJa00,00-0033119,STATHEAD_UNAMBIGUOUS_SINGLE_CANDIDATE,STATHEAD_QB_STARTED_QUERY,2025_17_ARI_CIN,2025 Stathead pasted rank 550,550,POSTGAME_ACTUAL_STARTER,ORACLE_STARTER_IDENTITY_ONLY,False,False,CREDITED,
2025,17,REG,2025-12-28,2025_17_ARI_CIN,ARI,CIN,home,CIN,ARI,Joe Burrow,BurrJo01,00-0036442,STATHEAD_UNAMBIGUOUS_SINGLE_CANDIDATE,STATHEAD_QB_STARTED_QUERY,2025_17_ARI_CIN,2025 Stathead pasted rank 533,533,POSTGAME_ACTUAL_STARTER,ORACLE_STARTER_IDENTITY_ONLY,False,False,CREDITED,
2025,17,REG,2025-12-27,2025_17_BAL_GB,BAL,GB,away,BAL,GB,Tyler Huntley,HuntTy01,00-0035993,STATHEAD_UNAMBIGUOUS_SINGLE_CANDIDATE,STATHEAD_QB_STARTED_QUERY,2025_17_BAL_GB,2025 Stathead pasted rank 412,412,POSTGAME_ACTUAL_STARTER,ORACLE_STARTER_IDENTITY_ONLY,False,False,CREDITED,
2025,17,REG,2025-12-27,2025_17_BAL_GB,BAL,GB,home,GB,BAL,Malik Willis,WillMa12,00-0038128,STATHEAD_UNAMBIGUOUS_SINGLE_CANDIDATE,STATHEAD_QB_STARTED_QUERY,2025_17_BAL_GB,2025 Stathead pasted rank 177,177,POSTGAME_ACTUAL_STARTER,ORACLE_STARTER_IDENTITY_ONLY,False,False,CREDITED,
2025,17,REG,2025-12-28,2025_17_CHI_SF,CHI,SF,away,CHI,SF,Caleb Williams,WillCa03,00-0039918,STATHEAD_UNAMBIGUOUS_SINGLE_CANDIDATE,STATHEAD_QB_STARTED_QUERY,2025_17_CHI_SF,2025 Stathead pasted rank 176,176,POSTGAME_ACTUAL_STARTER,ORACLE_STARTER_IDENTITY_ONLY,False,False,CREDITED,
2025,17,REG,2025-12-28,2025_17_CHI_SF,CHI,SF,home,SF,CHI,Brock Purdy,PurdBr00,00-0037834,STATHEAD_UNAMBIGUOUS_SINGLE_CANDIDATE,STATHEAD_QB_STARTED_QUERY,2025_17_CHI_SF,2025 Stathead pasted rank 167,167,POSTGAME_ACTUAL_STARTER,ORACLE_STARTER_IDENTITY_ONLY,False,False,CREDITED,
2025,17,REG,2025-12-25,2025_17_DAL_WAS,DAL,WAS,away,DAL,WAS,Dak Prescott,PresDa01,00-0033077,STATHEAD_UNAMBIGUOUS_SINGLE_CANDIDATE,STATHEAD_QB_STARTED_QUERY,2025_17_DAL_WAS,2025 Stathead pasted rank 209,209,POSTGAME_ACTUAL_STARTER,ORACLE_STARTER_IDENTITY_ONLY,False,False,CREDITED,
2025,17,REG,2025-12-25,2025_17_DAL_WAS,DAL,WAS,home,WAS,DAL,Josh Johnson,JohnJo05,00-0026300,STATHEAD_UNAMBIGUOUS_SINGLE_CANDIDATE,STATHEAD_QB_STARTED_QUERY,2025_17_DAL_WAS,2025 Stathead pasted rank 379,379,POSTGAME_ACTUAL_STARTER,ORACLE_STARTER_IDENTITY_ONLY,False,False,CREDITED,
2025,17,REG,2025-12-25,2025_17_DEN_KC,DEN,KC,away,DEN,KC,Bo Nix,NixxBo00,00-0039732,STATHEAD_UNAMBIGUOUS_SINGLE_CANDIDATE,STATHEAD_QB_STARTED_QUERY,2025_17_DEN_KC,2025 Stathead pasted rank 240,240,POSTGAME_ACTUAL_STARTER,ORACLE_STARTER_IDENTITY_ONLY,False,False,CREDITED,
2025,17,REG,2025-12-25,2025_17_DEN_KC,DEN,KC,home,KC,DEN,Chris Oladokun,OladCh00,00-0037324,STATHEAD_UNAMBIGUOUS_SINGLE_CANDIDATE,STATHEAD_QB_STARTED_QUERY,2025_17_DEN_KC,2025 Stathead pasted rank 222,222,POSTGAME_ACTUAL_STARTER,ORACLE_STARTER_IDENTITY_ONLY,False,False,CREDITED,
2025,17,REG,2025-12-25,2025_17_DET_MIN,DET,MIN,away,DET,MIN,Jared Goff,GoffJa00,00-0033106,STATHEAD_UNAMBIGUOUS_SINGLE_CANDIDATE,STATHEAD_QB_STARTED_QUERY,2025_17_DET_MIN,2025 Stathead pasted rank 445,445,POSTGAME_ACTUAL_STARTER,ORACLE_STARTER_IDENTITY_ONLY,False,False,CREDITED,
2025,17,REG,2025-12-25,2025_17_DET_MIN,DET,MIN,home,MIN,DET,Max Brosmer,BrosMa00,00-0040494,STATHEAD_UNAMBIGUOUS_SINGLE_CANDIDATE,STATHEAD_QB_STARTED_QUERY,2025_17_DET_MIN,2025 Stathead pasted rank 539,539,POSTGAME_ACTUAL_STARTER,ORACLE_STARTER_IDENTITY_ONLY,False,False,CREDITED,
2025,17,REG,2025-12-27,2025_17_HOU_LAC,HOU,LAC,away,HOU,LAC,C.J. Stroud,StroCJ00,00-0039163,STATHEAD_UNAMBIGUOUS_SINGLE_CANDIDATE,STATHEAD_QB_STARTED_QUERY,2025_17_HOU_LAC,2025 Stathead pasted rank 174,174,POSTGAME_ACTUAL_STARTER,ORACLE_STARTER_IDENTITY_ONLY,False,False,CREDITED,
2025,17,REG,2025-12-27,2025_17_HOU_LAC,HOU,LAC,home,LAC,HOU,Justin Herbert,HerbJu00,00-0036355,STATHEAD_UNAMBIGUOUS_SINGLE_CANDIDATE,STATHEAD_QB_STARTED_QUERY,2025_17_HOU_LAC,2025 Stathead pasted rank 428,428,POSTGAME_ACTUAL_STARTER,ORACLE_STARTER_IDENTITY_ONLY,False,False,CREDITED,
2025,17,REG,2025-12-28,2025_17_JAX_IND,JAX,IND,away,JAX,IND,Trevor Lawrence,LawrTr00,00-0036971,STATHEAD_UNAMBIGUOUS_SINGLE_CANDIDATE,STATHEAD_QB_STARTED_QUERY,2025_17_JAX_IND,2025 Stathead pasted rank 354,354,POSTGAME_ACTUAL_STARTER,ORACLE_STARTER_IDENTITY_ONLY,False,False,CREDITED,
2025,17,REG,2025-12-28,2025_17_JAX_IND,JAX,IND,home,IND,JAX,Philip Rivers,RivePh00,00-0022942,STATHEAD_UNAMBIGUOUS_SINGLE_CANDIDATE,STATHEAD_QB_STARTED_QUERY,2025_17_JAX_IND,2025 Stathead pasted rank 168,168,POSTGAME_ACTUAL_STARTER,ORACLE_STARTER_IDENTITY_ONLY,False,False,CREDITED,
2025,17,REG,2025-12-29,2025_17_LA_ATL,LAR,ATL,away,LAR,ATL,Matthew Stafford,StafMa00,00-0026498,STATHEAD_UNAMBIGUOUS_SINGLE_CANDIDATE,STATHEAD_QB_STARTED_QUERY,2025_17_LA_ATL,2025 Stathead pasted rank 173,173,POSTGAME_ACTUAL_STARTER,ORACLE_STARTER_IDENTITY_ONLY,False,False,CREDITED,
2025,17,REG,2025-12-29,2025_17_LA_ATL,LAR,ATL,home,ATL,LAR,Kirk Cousins,CousKi00,00-0029604,STATHEAD_UNAMBIGUOUS_SINGLE_CANDIDATE,STATHEAD_QB_STARTED_QUERY,2025_17_LA_ATL,2025 Stathead pasted rank 521,521,POSTGAME_ACTUAL_STARTER,ORACLE_STARTER_IDENTITY_ONLY,False,False,CREDITED,
2025,17,REG,2025-12-28,2025_17_NE_NYJ,NE,NYJ,away,NE,NYJ,Drake Maye,MayeDr00,00-0039851,STATHEAD_UNAMBIGUOUS_SINGLE_CANDIDATE,STATHEAD_QB_STARTED_QUERY,2025_17_NE_NYJ,2025 Stathead pasted rank 296,296,POSTGAME_ACTUAL_STARTER,ORACLE_STARTER_IDENTITY_ONLY,False,False,CREDITED,
2025,17,REG,2025-12-28,2025_17_NE_NYJ,NE,NYJ,home,NYJ,NE,Brady Cook,CookBr03,00-0040398,STATHEAD_UNAMBIGUOUS_SINGLE_CANDIDATE,STATHEAD_QB_STARTED_QUERY,2025_17_NE_NYJ,2025 Stathead pasted rank 525,525,POSTGAME_ACTUAL_STARTER,ORACLE_STARTER_IDENTITY_ONLY,False,False,CREDITED,
2025,17,REG,2025-12-28,2025_17_NO_TEN,NO,TEN,away,NO,TEN,Tyler Shough,ShouTy00,00-0040743,STATHEAD_UNAMBIGUOUS_SINGLE_CANDIDATE,STATHEAD_QB_STARTED_QUERY,2025_17_NO_TEN,2025 Stathead pasted rank 171,171,POSTGAME_ACTUAL_STARTER,ORACLE_STARTER_IDENTITY_ONLY,False,False,CREDITED,
2025,17,REG,2025-12-28,2025_17_NO_TEN,NO,TEN,home,TEN,NO,Cam Ward,WardCa00,00-0040676,STATHEAD_UNAMBIGUOUS_SINGLE_CANDIDATE,STATHEAD_QB_STARTED_QUERY,2025_17_NO_TEN,2025 Stathead pasted rank 175,175,POSTGAME_ACTUAL_STARTER,ORACLE_STARTER_IDENTITY_ONLY,False,False,CREDITED,
2025,17,REG,2025-12-28,2025_17_NYG_LV,NYG,LV,away,NYG,LV,Jaxson Dart,DartJa00,00-0040691,STATHEAD_UNAMBIGUOUS_SINGLE_CANDIDATE,STATHEAD_QB_STARTED_QUERY,2025_17_NYG_LV,2025 Stathead pasted rank 485,485,POSTGAME_ACTUAL_STARTER,ORACLE_STARTER_IDENTITY_ONLY,False,False,CREDITED,
2025,17,REG,2025-12-28,2025_17_NYG_LV,NYG,LV,home,LV,NYG,Geno Smith,SmitGe00,00-0030565,STATHEAD_UNAMBIGUOUS_SINGLE_CANDIDATE,STATHEAD_QB_STARTED_QUERY,2025_17_NYG_LV,2025 Stathead pasted rank 172,172,POSTGAME_ACTUAL_STARTER,ORACLE_STARTER_IDENTITY_ONLY,False,False,CREDITED,
2025,17,REG,2025-12-28,2025_17_PHI_BUF,PHI,BUF,away,PHI,BUF,Jalen Hurts,HurtJa00,00-0036389,STATHEAD_UNAMBIGUOUS_SINGLE_CANDIDATE,STATHEAD_QB_STARTED_QUERY,2025_17_PHI_BUF,2025 Stathead pasted rank 409,409,POSTGAME_ACTUAL_STARTER,ORACLE_STARTER_IDENTITY_ONLY,False,False,CREDITED,
2025,17,REG,2025-12-28,2025_17_PHI_BUF,PHI,BUF,home,BUF,PHI,Josh Allen,AlleJo02,00-0034857,STATHEAD_UNAMBIGUOUS_SINGLE_CANDIDATE,STATHEAD_QB_STARTED_QUERY,2025_17_PHI_BUF,2025 Stathead pasted rank 568,568,POSTGAME_ACTUAL_STARTER,ORACLE_STARTER_IDENTITY_ONLY,False,False,CREDITED,
2025,17,REG,2025-12-28,2025_17_PIT_CLE,PIT,CLE,away,PIT,CLE,Aaron Rodgers,RodgAa00,00-0023459,STATHEAD_UNAMBIGUOUS_SINGLE_CANDIDATE,STATHEAD_QB_STARTED_QUERY,2025_17_PIT_CLE,2025 Stathead pasted rank 169,169,POSTGAME_ACTUAL_STARTER,ORACLE_STARTER_IDENTITY_ONLY,False,False,CREDITED,
2025,17,REG,2025-12-28,2025_17_PIT_CLE,PIT,CLE,home,CLE,PIT,Shedeur Sanders,SandSh00,00-0040668,STATHEAD_UNAMBIGUOUS_SINGLE_CANDIDATE,STATHEAD_QB_STARTED_QUERY,2025_17_PIT_CLE,2025 Stathead pasted rank 170,170,POSTGAME_ACTUAL_STARTER,ORACLE_STARTER_IDENTITY_ONLY,False,False,CREDITED,
2025,17,REG,2025-12-28,2025_17_SEA_CAR,SEA,CAR,away,SEA,CAR,Sam Darnold,DarnSa00,00-0034869,STATHEAD_UNAMBIGUOUS_SINGLE_CANDIDATE,STATHEAD_QB_STARTED_QUERY,2025_17_SEA_CAR,2025 Stathead pasted rank 504,504,POSTGAME_ACTUAL_STARTER,ORACLE_STARTER_IDENTITY_ONLY,False,False,CREDITED,
2025,17,REG,2025-12-28,2025_17_SEA_CAR,SEA,CAR,home,CAR,SEA,Bryce Young,YounBr01,00-0039150,STATHEAD_UNAMBIGUOUS_SINGLE_CANDIDATE,STATHEAD_QB_STARTED_QUERY,2025_17_SEA_CAR,2025 Stathead pasted rank 178,178,POSTGAME_ACTUAL_STARTER,ORACLE_STARTER_IDENTITY_ONLY,False,False,CREDITED,
2025,17,REG,2025-12-28,2025_17_TB_MIA,TB,MIA,away,TB,MIA,Baker Mayfield,MayfBa00,00-0034855,STATHEAD_UNAMBIGUOUS_SINGLE_CANDIDATE,STATHEAD_QB_STARTED_QUERY,2025_17_TB_MIA,2025 Stathead pasted rank 277,277,POSTGAME_ACTUAL_STARTER,ORACLE_STARTER_IDENTITY_ONLY,False,False,CREDITED,
2025,17,REG,2025-12-28,2025_17_TB_MIA,TB,MIA,home,MIA,TB,Quinn Ewers,EwerQu00,00-0040234,STATHEAD_UNAMBIGUOUS_SINGLE_CANDIDATE,STATHEAD_QB_STARTED_QUERY,2025_17_TB_MIA,2025 Stathead pasted rank 473,473,POSTGAME_ACTUAL_STARTER,ORACLE_STARTER_IDENTITY_ONLY,False,False,CREDITED,
2025,18,REG,2026-01-04,2025_18_ARI_LA,ARI,LAR,away,ARI,LAR,Jacoby Brissett,BrisJa00,00-0033119,STATHEAD_UNAMBIGUOUS_SINGLE_CANDIDATE,STATHEAD_QB_STARTED_QUERY,2025_18_ARI_LA,2025 Stathead pasted rank 551,551,POSTGAME_ACTUAL_STARTER,ORACLE_STARTER_IDENTITY_ONLY,False,False,CREDITED,
2025,18,REG,2026-01-04,2025_18_ARI_LA,ARI,LAR,home,LAR,ARI,Matthew Stafford,StafMa00,00-0026498,STATHEAD_UNAMBIGUOUS_SINGLE_CANDIDATE,STATHEAD_QB_STARTED_QUERY,2025_18_ARI_LA,2025 Stathead pasted rank 183,183,POSTGAME_ACTUAL_STARTER,ORACLE_STARTER_IDENTITY_ONLY,False,False,CREDITED,
2025,18,REG,2026-01-04,2025_18_BAL_PIT,BAL,PIT,away,BAL,PIT,Lamar Jackson,JackLa00,00-0034796,STATHEAD_UNAMBIGUOUS_SINGLE_CANDIDATE,STATHEAD_QB_STARTED_QUERY,2025_18_BAL_PIT,2025 Stathead pasted rank 393,393,POSTGAME_ACTUAL_STARTER,ORACLE_STARTER_IDENTITY_ONLY,False,False,CREDITED,
2025,18,REG,2026-01-04,2025_18_BAL_PIT,BAL,PIT,home,PIT,BAL,Aaron Rodgers,RodgAa00,00-0023459,STATHEAD_UNAMBIGUOUS_SINGLE_CANDIDATE,STATHEAD_QB_STARTED_QUERY,2025_18_BAL_PIT,2025 Stathead pasted rank 180,180,POSTGAME_ACTUAL_STARTER,ORACLE_STARTER_IDENTITY_ONLY,False,False,CREDITED,
2025,18,REG,2026-01-03,2025_18_CAR_TB,CAR,TB,away,CAR,TB,Bryce Young,YounBr01,00-0039150,STATHEAD_UNAMBIGUOUS_SINGLE_CANDIDATE,STATHEAD_QB_STARTED_QUERY,2025_18_CAR_TB,2025 Stathead pasted rank 188,188,POSTGAME_ACTUAL_STARTER,ORACLE_STARTER_IDENTITY_ONLY,False,False,CREDITED,
2025,18,REG,2026-01-03,2025_18_CAR_TB,CAR,TB,home,TB,CAR,Baker Mayfield,MayfBa00,00-0034855,STATHEAD_UNAMBIGUOUS_SINGLE_CANDIDATE,STATHEAD_QB_STARTED_QUERY,2025_18_CAR_TB,2025 Stathead pasted rank 278,278,POSTGAME_ACTUAL_STARTER,ORACLE_STARTER_IDENTITY_ONLY,False,False,CREDITED,
2025,18,REG,2026-01-04,2025_18_CLE_CIN,CLE,CIN,away,CLE,CIN,Shedeur Sanders,SandSh00,00-0040668,STATHEAD_UNAMBIGUOUS_SINGLE_CANDIDATE,STATHEAD_QB_STARTED_QUERY,2025_18_CLE_CIN,2025 Stathead pasted rank 181,181,POSTGAME_ACTUAL_STARTER,ORACLE_STARTER_IDENTITY_ONLY,False,False,CREDITED,
2025,18,REG,2026-01-04,2025_18_CLE_CIN,CLE,CIN,home,CIN,CLE,Joe Burrow,BurrJo01,00-0036442,STATHEAD_UNAMBIGUOUS_SINGLE_CANDIDATE,STATHEAD_QB_STARTED_QUERY,2025_18_CLE_CIN,2025 Stathead pasted rank 534,534,POSTGAME_ACTUAL_STARTER,ORACLE_STARTER_IDENTITY_ONLY,False,False,CREDITED,
2025,18,REG,2026-01-04,2025_18_DAL_NYG,DAL,NYG,away,DAL,NYG,Dak Prescott,PresDa01,00-0033077,STATHEAD_UNAMBIGUOUS_SINGLE_CANDIDATE,STATHEAD_QB_STARTED_QUERY,2025_18_DAL_NYG,2025 Stathead pasted rank 210,210,POSTGAME_ACTUAL_STARTER,ORACLE_STARTER_IDENTITY_ONLY,False,False,CREDITED,
2025,18,REG,2026-01-04,2025_18_DAL_NYG,DAL,NYG,home,NYG,DAL,Jaxson Dart,DartJa00,00-0040691,STATHEAD_UNAMBIGUOUS_SINGLE_CANDIDATE,STATHEAD_QB_STARTED_QUERY,2025_18_DAL_NYG,2025 Stathead pasted rank 486,486,POSTGAME_ACTUAL_STARTER,ORACLE_STARTER_IDENTITY_ONLY,False,False,CREDITED,
2025,18,REG,2026-01-04,2025_18_DET_CHI,DET,CHI,away,DET,CHI,Jared Goff,GoffJa00,00-0033106,STATHEAD_UNAMBIGUOUS_SINGLE_CANDIDATE,STATHEAD_QB_STARTED_QUERY,2025_18_DET_CHI,2025 Stathead pasted rank 446,446,POSTGAME_ACTUAL_STARTER,ORACLE_STARTER_IDENTITY_ONLY,False,False,CREDITED,
2025,18,REG,2026-01-04,2025_18_DET_CHI,DET,CHI,home,CHI,DET,Caleb Williams,WillCa03,00-0039918,STATHEAD_UNAMBIGUOUS_SINGLE_CANDIDATE,STATHEAD_QB_STARTED_QUERY,2025_18_DET_CHI,2025 Stathead pasted rank 187,187,POSTGAME_ACTUAL_STARTER,ORACLE_STARTER_IDENTITY_ONLY,False,False,CREDITED,
2025,18,REG,2026-01-04,2025_18_GB_MIN,GB,MIN,away,GB,MIN,Clayton Tune,TuneCl00,00-0038582,STATHEAD_UNAMBIGUOUS_SINGLE_CANDIDATE,STATHEAD_QB_STARTED_QUERY,2025_18_GB_MIN,2025 Stathead pasted rank 185,185,POSTGAME_ACTUAL_STARTER,ORACLE_STARTER_IDENTITY_ONLY,False,False,CREDITED,
2025,18,REG,2026-01-04,2025_18_GB_MIN,GB,MIN,home,MIN,GB,J.J. McCarthy,McCaJJ00,00-0039923,STATHEAD_UNAMBIGUOUS_SINGLE_CANDIDATE,STATHEAD_QB_STARTED_QUERY,2025_18_GB_MIN,2025 Stathead pasted rank 261,261,POSTGAME_ACTUAL_STARTER,ORACLE_STARTER_IDENTITY_ONLY,False,False,CREDITED,
2025,18,REG,2026-01-04,2025_18_IND_HOU,IND,HOU,away,IND,HOU,Riley Leonard,LeonRi02,00-0040206,STATHEAD_UNAMBIGUOUS_SINGLE_CANDIDATE,STATHEAD_QB_STARTED_QUERY,2025_18_IND_HOU,2025 Stathead pasted rank 338,338,POSTGAME_ACTUAL_STARTER,ORACLE_STARTER_IDENTITY_ONLY,False,False,CREDITED,
2025,18,REG,2026-01-04,2025_18_IND_HOU,IND,HOU,home,HOU,IND,C.J. Stroud,StroCJ00,00-0039163,STATHEAD_UNAMBIGUOUS_SINGLE_CANDIDATE,STATHEAD_QB_STARTED_QUERY,2025_18_IND_HOU,2025 Stathead pasted rank 184,184,POSTGAME_ACTUAL_STARTER,ORACLE_STARTER_IDENTITY_ONLY,False,False,CREDITED,
2025,18,REG,2026-01-04,2025_18_KC_LV,KC,LV,away,KC,LV,Chris Oladokun,OladCh00,00-0037324,STATHEAD_UNAMBIGUOUS_SINGLE_CANDIDATE,STATHEAD_QB_STARTED_QUERY,2025_18_KC_LV,2025 Stathead pasted rank 223,223,POSTGAME_ACTUAL_STARTER,ORACLE_STARTER_IDENTITY_ONLY,False,False,CREDITED,
2025,18,REG,2026-01-04,2025_18_KC_LV,KC,LV,home,LV,KC,Kenny Pickett,PickKe00,00-0038102,STATHEAD_UNAMBIGUOUS_SINGLE_CANDIDATE,STATHEAD_QB_STARTED_QUERY,2025_18_KC_LV,2025 Stathead pasted rank 212,212,POSTGAME_ACTUAL_STARTER,ORACLE_STARTER_IDENTITY_ONLY,False,False,CREDITED,
2025,18,REG,2026-01-04,2025_18_LAC_DEN,LAC,DEN,away,LAC,DEN,Trey Lance,LancTr00,00-0037012,STATHEAD_UNAMBIGUOUS_SINGLE_CANDIDATE,STATHEAD_QB_STARTED_QUERY,2025_18_LAC_DEN,2025 Stathead pasted rank 357,357,POSTGAME_ACTUAL_STARTER,ORACLE_STARTER_IDENTITY_ONLY,False,False,CREDITED,
2025,18,REG,2026-01-04,2025_18_LAC_DEN,LAC,DEN,home,DEN,LAC,Bo Nix,NixxBo00,00-0039732,STATHEAD_UNAMBIGUOUS_SINGLE_CANDIDATE,STATHEAD_QB_STARTED_QUERY,2025_18_LAC_DEN,2025 Stathead pasted rank 241,241,POSTGAME_ACTUAL_STARTER,ORACLE_STARTER_IDENTITY_ONLY,False,False,CREDITED,
2025,18,REG,2026-01-04,2025_18_MIA_NE,MIA,NE,away,MIA,NE,Quinn Ewers,EwerQu00,00-0040234,STATHEAD_UNAMBIGUOUS_SINGLE_CANDIDATE,STATHEAD_QB_STARTED_QUERY,2025_18_MIA_NE,2025 Stathead pasted rank 474,474,POSTGAME_ACTUAL_STARTER,ORACLE_STARTER_IDENTITY_ONLY,False,False,CREDITED,
2025,18,REG,2026-01-04,2025_18_MIA_NE,MIA,NE,home,NE,MIA,Drake Maye,MayeDr00,00-0039851,STATHEAD_UNAMBIGUOUS_SINGLE_CANDIDATE,STATHEAD_QB_STARTED_QUERY,2025_18_MIA_NE,2025 Stathead pasted rank 297,297,POSTGAME_ACTUAL_STARTER,ORACLE_STARTER_IDENTITY_ONLY,False,False,CREDITED,
2025,18,REG,2026-01-04,2025_18_NO_ATL,NO,ATL,away,NO,ATL,Tyler Shough,ShouTy00,00-0040743,STATHEAD_UNAMBIGUOUS_SINGLE_CANDIDATE,STATHEAD_QB_STARTED_QUERY,2025_18_NO_ATL,2025 Stathead pasted rank 182,182,POSTGAME_ACTUAL_STARTER,ORACLE_STARTER_IDENTITY_ONLY,False,False,CREDITED,
2025,18,REG,2026-01-04,2025_18_NO_ATL,NO,ATL,home,ATL,NO,Kirk Cousins,CousKi00,00-0029604,STATHEAD_UNAMBIGUOUS_SINGLE_CANDIDATE,STATHEAD_QB_STARTED_QUERY,2025_18_NO_ATL,2025 Stathead pasted rank 522,522,POSTGAME_ACTUAL_STARTER,ORACLE_STARTER_IDENTITY_ONLY,False,False,CREDITED,
2025,18,REG,2026-01-04,2025_18_NYJ_BUF,NYJ,BUF,away,NYJ,BUF,Brady Cook,CookBr03,00-0040398,STATHEAD_UNAMBIGUOUS_SINGLE_CANDIDATE,STATHEAD_QB_STARTED_QUERY,2025_18_NYJ_BUF,2025 Stathead pasted rank 526,526,POSTGAME_ACTUAL_STARTER,ORACLE_STARTER_IDENTITY_ONLY,False,False,CREDITED,
2025,18,REG,2026-01-04,2025_18_NYJ_BUF,NYJ,BUF,home,BUF,NYJ,Josh Allen,AlleJo02,00-0034857,STATHEAD_UNAMBIGUOUS_SINGLE_CANDIDATE,STATHEAD_QB_STARTED_QUERY,2025_18_NYJ_BUF,2025 Stathead pasted rank 569,569,POSTGAME_ACTUAL_STARTER,ORACLE_STARTER_IDENTITY_ONLY,False,False,CREDITED,
2025,18,REG,2026-01-03,2025_18_SEA_SF,SEA,SF,away,SEA,SF,Sam Darnold,DarnSa00,00-0034869,STATHEAD_UNAMBIGUOUS_SINGLE_CANDIDATE,STATHEAD_QB_STARTED_QUERY,2025_18_SEA_SF,2025 Stathead pasted rank 505,505,POSTGAME_ACTUAL_STARTER,ORACLE_STARTER_IDENTITY_ONLY,False,False,CREDITED,
2025,18,REG,2026-01-03,2025_18_SEA_SF,SEA,SF,home,SF,SEA,Brock Purdy,PurdBr00,00-0037834,STATHEAD_UNAMBIGUOUS_SINGLE_CANDIDATE,STATHEAD_QB_STARTED_QUERY,2025_18_SEA_SF,2025 Stathead pasted rank 179,179,POSTGAME_ACTUAL_STARTER,ORACLE_STARTER_IDENTITY_ONLY,False,False,CREDITED,
2025,18,REG,2026-01-04,2025_18_TEN_JAX,TEN,JAX,away,TEN,JAX,Cam Ward,WardCa00,00-0040676,STATHEAD_UNAMBIGUOUS_SINGLE_CANDIDATE,STATHEAD_QB_STARTED_QUERY,2025_18_TEN_JAX,2025 Stathead pasted rank 186,186,POSTGAME_ACTUAL_STARTER,ORACLE_STARTER_IDENTITY_ONLY,False,False,CREDITED,
2025,18,REG,2026-01-04,2025_18_TEN_JAX,TEN,JAX,home,JAX,TEN,Trevor Lawrence,LawrTr00,00-0036971,STATHEAD_UNAMBIGUOUS_SINGLE_CANDIDATE,STATHEAD_QB_STARTED_QUERY,2025_18_TEN_JAX,2025 Stathead pasted rank 355,355,POSTGAME_ACTUAL_STARTER,ORACLE_STARTER_IDENTITY_ONLY,False,False,CREDITED,
2025,18,REG,2026-01-04,2025_18_WAS_PHI,WAS,PHI,away,WAS,PHI,Josh Johnson,JohnJo05,00-0026300,STATHEAD_UNAMBIGUOUS_SINGLE_CANDIDATE,STATHEAD_QB_STARTED_QUERY,2025_18_WAS_PHI,2025 Stathead pasted rank 380,380,POSTGAME_ACTUAL_STARTER,ORACLE_STARTER_IDENTITY_ONLY,False,False,CREDITED,
2025,18,REG,2026-01-04,2025_18_WAS_PHI,WAS,PHI,home,PHI,WAS,Tanner McKee,McKeTa01,00-0038400,STATHEAD_UNAMBIGUOUS_SINGLE_CANDIDATE,STATHEAD_QB_STARTED_QUERY,2025_18_WAS_PHI,2025 Stathead pasted rank 251,251,POSTGAME_ACTUAL_STARTER,ORACLE_STARTER_IDENTITY_ONLY,False,False,CREDITED,
2025,19,WC,2026-01-11,2025_19_BUF_JAX,BUF,JAX,away,BUF,JAX,Josh Allen,AlleJo02,00-0034857,STATHEAD_UNAMBIGUOUS_SINGLE_CANDIDATE,STATHEAD_QB_STARTED_QUERY,2025_19_BUF_JAX,2025 Stathead pasted rank 570,570,POSTGAME_ACTUAL_STARTER,ORACLE_STARTER_IDENTITY_ONLY,True,False,CREDITED,
2025,19,WC,2026-01-11,2025_19_BUF_JAX,BUF,JAX,home,JAX,BUF,Trevor Lawrence,LawrTr00,00-0036971,STATHEAD_UNAMBIGUOUS_SINGLE_CANDIDATE,STATHEAD_QB_STARTED_QUERY,2025_19_BUF_JAX,2025 Stathead pasted rank 356,356,POSTGAME_ACTUAL_STARTER,ORACLE_STARTER_IDENTITY_ONLY,True,False,CREDITED,
2025,19,WC,2026-01-10,2025_19_GB_CHI,GB,CHI,away,GB,CHI,Jordan Love,LoveJo03,00-0036264,STATHEAD_UNAMBIGUOUS_SINGLE_CANDIDATE,STATHEAD_QB_STARTED_QUERY,2025_19_GB_CHI,2025 Stathead pasted rank 325,325,POSTGAME_ACTUAL_STARTER,ORACLE_STARTER_IDENTITY_ONLY,True,False,CREDITED,
2025,19,WC,2026-01-10,2025_19_GB_CHI,GB,CHI,home,CHI,GB,Caleb Williams,WillCa03,00-0039918,STATHEAD_UNAMBIGUOUS_SINGLE_CANDIDATE,STATHEAD_QB_STARTED_QUERY,2025_19_GB_CHI,2025 Stathead pasted rank 193,193,POSTGAME_ACTUAL_STARTER,ORACLE_STARTER_IDENTITY_ONLY,True,False,CREDITED,
2025,19,WC,2026-01-12,2025_19_HOU_PIT,HOU,PIT,away,HOU,PIT,C.J. Stroud,StroCJ00,00-0039163,STATHEAD_UNAMBIGUOUS_SINGLE_CANDIDATE,STATHEAD_QB_STARTED_QUERY,2025_19_HOU_PIT,2025 Stathead pasted rank 192,192,POSTGAME_ACTUAL_STARTER,ORACLE_STARTER_IDENTITY_ONLY,True,False,CREDITED,
2025,19,WC,2026-01-12,2025_19_HOU_PIT,HOU,PIT,home,PIT,HOU,Aaron Rodgers,RodgAa00,00-0023459,STATHEAD_UNAMBIGUOUS_SINGLE_CANDIDATE,STATHEAD_QB_STARTED_QUERY,2025_19_HOU_PIT,2025 Stathead pasted rank 190,190,POSTGAME_ACTUAL_STARTER,ORACLE_STARTER_IDENTITY_ONLY,True,False,CREDITED,
2025,19,WC,2026-01-11,2025_19_LAC_NE,LAC,NE,away,LAC,NE,Justin Herbert,HerbJu00,00-0036355,STATHEAD_UNAMBIGUOUS_SINGLE_CANDIDATE,STATHEAD_QB_STARTED_QUERY,2025_19_LAC_NE,2025 Stathead pasted rank 429,429,POSTGAME_ACTUAL_STARTER,ORACLE_STARTER_IDENTITY_ONLY,True,False,CREDITED,
2025,19,WC,2026-01-11,2025_19_LAC_NE,LAC,NE,home,NE,LAC,Drake Maye,MayeDr00,00-0039851,STATHEAD_UNAMBIGUOUS_SINGLE_CANDIDATE,STATHEAD_QB_STARTED_QUERY,2025_19_LAC_NE,2025 Stathead pasted rank 299,299,POSTGAME_ACTUAL_STARTER,ORACLE_STARTER_IDENTITY_ONLY,True,False,CREDITED,
2025,19,WC,2026-01-10,2025_19_LA_CAR,LAR,CAR,away,LAR,CAR,Matthew Stafford,StafMa00,00-0026498,STATHEAD_UNAMBIGUOUS_SINGLE_CANDIDATE,STATHEAD_QB_STARTED_QUERY,2025_19_LA_CAR,2025 Stathead pasted rank 191,191,POSTGAME_ACTUAL_STARTER,ORACLE_STARTER_IDENTITY_ONLY,True,False,CREDITED,
2025,19,WC,2026-01-10,2025_19_LA_CAR,LAR,CAR,home,CAR,LAR,Bryce Young,YounBr01,00-0039150,STATHEAD_UNAMBIGUOUS_SINGLE_CANDIDATE,STATHEAD_QB_STARTED_QUERY,2025_19_LA_CAR,2025 Stathead pasted rank 194,194,POSTGAME_ACTUAL_STARTER,ORACLE_STARTER_IDENTITY_ONLY,True,False,CREDITED,
2025,19,WC,2026-01-11,2025_19_SF_PHI,SF,PHI,away,SF,PHI,Brock Purdy,PurdBr00,00-0037834,STATHEAD_UNAMBIGUOUS_SINGLE_CANDIDATE,STATHEAD_QB_STARTED_QUERY,2025_19_SF_PHI,2025 Stathead pasted rank 189,189,POSTGAME_ACTUAL_STARTER,ORACLE_STARTER_IDENTITY_ONLY,True,False,CREDITED,
2025,19,WC,2026-01-11,2025_19_SF_PHI,SF,PHI,home,PHI,SF,Jalen Hurts,HurtJa00,00-0036389,STATHEAD_UNAMBIGUOUS_SINGLE_CANDIDATE,STATHEAD_QB_STARTED_QUERY,2025_19_SF_PHI,2025 Stathead pasted rank 410,410,POSTGAME_ACTUAL_STARTER,ORACLE_STARTER_IDENTITY_ONLY,True,False,CREDITED,
2025,20,DIV,2026-01-17,2025_20_BUF_DEN,BUF,DEN,away,BUF,DEN,Josh Allen,AlleJo02,00-0034857,STATHEAD_UNAMBIGUOUS_SINGLE_CANDIDATE,STATHEAD_QB_STARTED_QUERY,2025_20_BUF_DEN,2025 Stathead pasted rank 552,552,POSTGAME_ACTUAL_STARTER,ORACLE_STARTER_IDENTITY_ONLY,True,False,CREDITED,
2025,20,DIV,2026-01-17,2025_20_BUF_DEN,BUF,DEN,home,DEN,BUF,Bo Nix,NixxBo00,00-0039732,STATHEAD_UNAMBIGUOUS_SINGLE_CANDIDATE,STATHEAD_QB_STARTED_QUERY,2025_20_BUF_DEN,2025 Stathead pasted rank 224,224,POSTGAME_ACTUAL_STARTER,ORACLE_STARTER_IDENTITY_ONLY,True,False,CREDITED,
2025,20,DIV,2026-01-18,2025_20_HOU_NE,HOU,NE,away,HOU,NE,C.J. Stroud,StroCJ00,00-0039163,STATHEAD_UNAMBIGUOUS_SINGLE_CANDIDATE,STATHEAD_QB_STARTED_QUERY,2025_20_HOU_NE,2025 Stathead pasted rank 197,197,POSTGAME_ACTUAL_STARTER,ORACLE_STARTER_IDENTITY_ONLY,True,False,CREDITED,
2025,20,DIV,2026-01-18,2025_20_HOU_NE,HOU,NE,home,NE,HOU,Drake Maye,MayeDr00,00-0039851,STATHEAD_UNAMBIGUOUS_SINGLE_CANDIDATE,STATHEAD_QB_STARTED_QUERY,2025_20_HOU_NE,2025 Stathead pasted rank 280,280,POSTGAME_ACTUAL_STARTER,ORACLE_STARTER_IDENTITY_ONLY,True,False,CREDITED,
2025,20,DIV,2026-01-18,2025_20_LA_CHI,LAR,CHI,away,LAR,CHI,Matthew Stafford,StafMa00,00-0026498,STATHEAD_UNAMBIGUOUS_SINGLE_CANDIDATE,STATHEAD_QB_STARTED_QUERY,2025_20_LA_CHI,2025 Stathead pasted rank 196,196,POSTGAME_ACTUAL_STARTER,ORACLE_STARTER_IDENTITY_ONLY,True,False,CREDITED,
2025,20,DIV,2026-01-18,2025_20_LA_CHI,LAR,CHI,home,CHI,LAR,Caleb Williams,WillCa03,00-0039918,STATHEAD_UNAMBIGUOUS_SINGLE_CANDIDATE,STATHEAD_QB_STARTED_QUERY,2025_20_LA_CHI,2025 Stathead pasted rank 198,198,POSTGAME_ACTUAL_STARTER,ORACLE_STARTER_IDENTITY_ONLY,True,False,CREDITED,
2025,20,DIV,2026-01-17,2025_20_SF_SEA,SF,SEA,away,SF,SEA,Brock Purdy,PurdBr00,00-0037834,STATHEAD_UNAMBIGUOUS_SINGLE_CANDIDATE,STATHEAD_QB_STARTED_QUERY,2025_20_SF_SEA,2025 Stathead pasted rank 195,195,POSTGAME_ACTUAL_STARTER,ORACLE_STARTER_IDENTITY_ONLY,True,False,CREDITED,
2025,20,DIV,2026-01-17,2025_20_SF_SEA,SF,SEA,home,SEA,SF,Sam Darnold,DarnSa00,00-0034869,STATHEAD_UNAMBIGUOUS_SINGLE_CANDIDATE,STATHEAD_QB_STARTED_QUERY,2025_20_SF_SEA,2025 Stathead pasted rank 488,488,POSTGAME_ACTUAL_STARTER,ORACLE_STARTER_IDENTITY_ONLY,True,False,CREDITED,
2025,21,CON,2026-01-25,2025_21_LA_SEA,LAR,SEA,away,LAR,SEA,Matthew Stafford,StafMa00,00-0026498,STATHEAD_UNAMBIGUOUS_SINGLE_CANDIDATE,STATHEAD_QB_STARTED_QUERY,2025_21_LA_SEA,2025 Stathead pasted rank 199,199,POSTGAME_ACTUAL_STARTER,ORACLE_STARTER_IDENTITY_ONLY,True,False,CREDITED,
2025,21,CON,2026-01-25,2025_21_LA_SEA,LAR,SEA,home,SEA,LAR,Sam Darnold,DarnSa00,00-0034869,STATHEAD_UNAMBIGUOUS_SINGLE_CANDIDATE,STATHEAD_QB_STARTED_QUERY,2025_21_LA_SEA,2025 Stathead pasted rank 487,487,POSTGAME_ACTUAL_STARTER,ORACLE_STARTER_IDENTITY_ONLY,True,False,CREDITED,
2025,21,CON,2026-01-25,2025_21_NE_DEN,NE,DEN,away,NE,DEN,Drake Maye,MayeDr00,00-0039851,STATHEAD_UNAMBIGUOUS_SINGLE_CANDIDATE,STATHEAD_QB_STARTED_QUERY,2025_21_NE_DEN,2025 Stathead pasted rank 279,279,POSTGAME_ACTUAL_STARTER,ORACLE_STARTER_IDENTITY_ONLY,True,False,CREDITED,
2025,21,CON,2026-01-25,2025_21_NE_DEN,NE,DEN,home,DEN,NE,Jarrett Stidham,StidJa00,00-0035264,STATHEAD_UNAMBIGUOUS_SINGLE_CANDIDATE,STATHEAD_QB_STARTED_QUERY,2025_21_NE_DEN,2025 Stathead pasted rank 200,200,POSTGAME_ACTUAL_STARTER,ORACLE_STARTER_IDENTITY_ONLY,True,False,CREDITED,
2025,22,SB,2026-02-08,2025_22_SEA_NE,SEA,NE,away,SEA,NE,Sam Darnold,DarnSa00,00-0034869,STATHEAD_UNAMBIGUOUS_SINGLE_CANDIDATE,STATHEAD_QB_STARTED_QUERY,2025_22_SEA_NE,2025 Stathead pasted rank 506,506,POSTGAME_ACTUAL_STARTER,ORACLE_STARTER_IDENTITY_ONLY,True,False,CREDITED,
2025,22,SB,2026-02-08,2025_22_SEA_NE,SEA,NE,home,NE,SEA,Drake Maye,MayeDr00,00-0039851,STATHEAD_UNAMBIGUOUS_SINGLE_CANDIDATE,STATHEAD_QB_STARTED_QUERY,2025_22_SEA_NE,2025 Stathead pasted rank 298,298,POSTGAME_ACTUAL_STARTER,ORACLE_STARTER_IDENTITY_ONLY,True,False,CREDITED,
