season,week,season_type,game_date,game_id,away_team,home_team,away_actual_starting_qb_name,away_actual_starting_qb_pfr_id,away_actual_starting_qb_gsis_id,away_starter_source,away_starter_source_locator,away_starter_resolution_class,away_semantic_exception_flag,away_official_qb_start_credit,home_actual_starting_qb_name,home_actual_starting_qb_pfr_id,home_actual_starting_qb_gsis_id,home_starter_source,home_starter_source_locator,home_starter_resolution_class,home_semantic_exception_flag,home_official_qb_start_credit,starter_evidence_class,historical_model_usage,postseason_flag
2025,1,REG,2025-09-07,2025_01_ARI_NO,ARI,NO,Kyler Murray,MurrKy00,00-0035228,STATHEAD_QB_STARTED_QUERY,2025 Stathead pasted rank 242,STATHEAD_UNAMBIGUOUS_SINGLE_CANDIDATE,False,CREDITED,Spencer Rattler,RattSp00,00-0039376,STATHEAD_QB_STARTED_QUERY,2025 Stathead pasted rank 3,STATHEAD_UNAMBIGUOUS_SINGLE_CANDIDATE,False,CREDITED,POSTGAME_ACTUAL_STARTER,ORACLE_STARTER_IDENTITY_ONLY,False
2025,1,REG,2025-09-07,2025_01_BAL_BUF,BAL,BUF,Lamar Jackson,JackLa00,00-0034796,STATHEAD_QB_STARTED_QUERY,2025 Stathead pasted rank 381,STATHEAD_UNAMBIGUOUS_SINGLE_CANDIDATE,False,CREDITED,Josh Allen,AlleJo02,00-0034857,STATHEAD_QB_STARTED_QUERY,2025 Stathead pasted rank 553,STATHEAD_UNAMBIGUOUS_SINGLE_CANDIDATE,False,CREDITED,POSTGAME_ACTUAL_STARTER,ORACLE_STARTER_IDENTITY_ONLY,False
2025,1,REG,2025-09-07,2025_01_CAR_JAX,CAR,JAX,Bryce Young,YounBr01,00-0039150,STATHEAD_QB_STARTED_QUERY,2025 Stathead pasted rank 12,STATHEAD_UNAMBIGUOUS_SINGLE_CANDIDATE,False,CREDITED,Trevor Lawrence,LawrTr00,00-0036971,STATHEAD_QB_STARTED_QUERY,2025 Stathead pasted rank 339,STATHEAD_UNAMBIGUOUS_SINGLE_CANDIDATE,False,CREDITED,POSTGAME_ACTUAL_STARTER,ORACLE_STARTER_IDENTITY_ONLY,False
2025,1,REG,2025-09-07,2025_01_CIN_CLE,CIN,CLE,Joe Burrow,BurrJo01,00-0036442,STATHEAD_QB_STARTED_QUERY,2025 Stathead pasted rank 527,STATHEAD_UNAMBIGUOUS_SINGLE_CANDIDATE,False,CREDITED,Joe Flacco,FlacJo00,00-0026158,STATHEAD_QB_STARTED_QUERY,2025 Stathead pasted rank 459,STATHEAD_UNAMBIGUOUS_SINGLE_CANDIDATE,False,CREDITED,POSTGAME_ACTUAL_STARTER,ORACLE_STARTER_IDENTITY_ONLY,False
2025,1,REG,2025-09-04,2025_01_DAL_PHI,DAL,PHI,Dak Prescott,PresDa01,00-0033077,STATHEAD_QB_STARTED_QUERY,2025 Stathead pasted rank 1,STATHEAD_UNAMBIGUOUS_SINGLE_CANDIDATE,False,CREDITED,Jalen Hurts,HurtJa00,00-0036389,STATHEAD_QB_STARTED_QUERY,2025 Stathead pasted rank 394,STATHEAD_UNAMBIGUOUS_SINGLE_CANDIDATE,False,CREDITED,POSTGAME_ACTUAL_STARTER,ORACLE_STARTER_IDENTITY_ONLY,False
2025,1,REG,2025-09-07,2025_01_DET_GB,DET,GB,Jared Goff,GoffJa00,00-0033106,STATHEAD_QB_STARTED_QUERY,2025 Stathead pasted rank 430,STATHEAD_UNAMBIGUOUS_SINGLE_CANDIDATE,False,CREDITED,Jordan Love,LoveJo03,00-0036264,STATHEAD_QB_STARTED_QUERY,2025 Stathead pasted rank 326,STATHEAD_UNAMBIGUOUS_SINGLE_CANDIDATE,False,CREDITED,POSTGAME_ACTUAL_STARTER,ORACLE_STARTER_IDENTITY_ONLY,False
2025,1,REG,2025-09-07,2025_01_HOU_LA,HOU,LAR,C.J. Stroud,StroCJ00,00-0039163,STATHEAD_QB_STARTED_QUERY,2025 Stathead pasted rank 7,STATHEAD_UNAMBIGUOUS_SINGLE_CANDIDATE,False,CREDITED,Matthew Stafford,StafMa00,00-0026498,STATHEAD_QB_STARTED_QUERY,2025 Stathead pasted rank 6,STATHEAD_UNAMBIGUOUS_SINGLE_CANDIDATE,False,CREDITED,POSTGAME_ACTUAL_STARTER,ORACLE_STARTER_IDENTITY_ONLY,False
2025,1,REG,2025-09-05,2025_01_KC_LAC,KC,LAC,Patrick Mahomes,MahoPa00,00-0033873,STATHEAD_QB_STARTED_QUERY,2025 Stathead pasted rank 308,STATHEAD_UNAMBIGUOUS_SINGLE_CANDIDATE,False,CREDITED,Justin Herbert,HerbJu00,00-0036355,STATHEAD_QB_STARTED_QUERY,2025 Stathead pasted rank 413,STATHEAD_UNAMBIGUOUS_SINGLE_CANDIDATE,False,CREDITED,POSTGAME_ACTUAL_STARTER,ORACLE_STARTER_IDENTITY_ONLY,False
2025,1,REG,2025-09-07,2025_01_LV_NE,LV,NE,Geno Smith,SmitGe00,00-0030565,STATHEAD_QB_STARTED_QUERY,2025 Stathead pasted rank 5,STATHEAD_UNAMBIGUOUS_SINGLE_CANDIDATE,False,CREDITED,Drake Maye,MayeDr00,00-0039851,STATHEAD_QB_STARTED_QUERY,2025 Stathead pasted rank 281,STATHEAD_UNAMBIGUOUS_SINGLE_CANDIDATE,False,CREDITED,POSTGAME_ACTUAL_STARTER,ORACLE_STARTER_IDENTITY_ONLY,False
2025,1,REG,2025-09-07,2025_01_MIA_IND,MIA,IND,Tua Tagovailoa,TagoTu00,00-0036212,STATHEAD_QB_STARTED_QUERY,2025 Stathead pasted rank 8,STATHEAD_UNAMBIGUOUS_SINGLE_CANDIDATE,False,CREDITED,Daniel Jones,JoneDa05,00-0035710,STATHEAD_QB_STARTED_QUERY,2025 Stathead pasted rank 366,STATHEAD_UNAMBIGUOUS_SINGLE_CANDIDATE,False,CREDITED,POSTGAME_ACTUAL_STARTER,ORACLE_STARTER_IDENTITY_ONLY,False
2025,1,REG,2025-09-08,2025_01_MIN_CHI,MIN,CHI,J.J. McCarthy,McCaJJ00,00-0039923,STATHEAD_QB_STARTED_QUERY,2025 Stathead pasted rank 252,STATHEAD_UNAMBIGUOUS_SINGLE_CANDIDATE,False,CREDITED,Caleb Williams,WillCa03,00-0039918,STATHEAD_QB_STARTED_QUERY,2025 Stathead pasted rank 10,STATHEAD_UNAMBIGUOUS_SINGLE_CANDIDATE,False,CREDITED,POSTGAME_ACTUAL_STARTER,ORACLE_STARTER_IDENTITY_ONLY,False
2025,1,REG,2025-09-07,2025_01_NYG_WAS,NYG,WAS,Russell Wilson,WilsRu00,00-0029263,STATHEAD_QB_STARTED_QUERY,2025 Stathead pasted rank 11,STATHEAD_UNAMBIGUOUS_SINGLE_CANDIDATE,False,CREDITED,Jayden Daniels,DaniJa02,00-0039910,STATHEAD_QB_STARTED_QUERY,2025 Stathead pasted rank 507,STATHEAD_UNAMBIGUOUS_SINGLE_CANDIDATE,False,CREDITED,POSTGAME_ACTUAL_STARTER,ORACLE_STARTER_IDENTITY_ONLY,False
2025,1,REG,2025-09-07,2025_01_PIT_NYJ,PIT,NYJ,Aaron Rodgers,RodgAa00,00-0023459,STATHEAD_QB_STARTED_QUERY,2025 Stathead pasted rank 4,STATHEAD_UNAMBIGUOUS_SINGLE_CANDIDATE,False,CREDITED,Justin Fields,FielJu00,00-0036945,STATHEAD_QB_STARTED_QUERY,2025 Stathead pasted rank 463,STATHEAD_UNAMBIGUOUS_SINGLE_CANDIDATE,False,CREDITED,POSTGAME_ACTUAL_STARTER,ORACLE_STARTER_IDENTITY_ONLY,False
2025,1,REG,2025-09-07,2025_01_SF_SEA,SF,SEA,Brock Purdy,PurdBr00,00-0037834,STATHEAD_QB_STARTED_QUERY,2025 Stathead pasted rank 2,STATHEAD_UNAMBIGUOUS_SINGLE_CANDIDATE,False,CREDITED,Sam Darnold,DarnSa00,00-0034869,STATHEAD_QB_STARTED_QUERY,2025 Stathead pasted rank 489,STATHEAD_UNAMBIGUOUS_SINGLE_CANDIDATE,False,CREDITED,POSTGAME_ACTUAL_STARTER,ORACLE_STARTER_IDENTITY_ONLY,False
2025,1,REG,2025-09-07,2025_01_TB_ATL,TB,ATL,Baker Mayfield,MayfBa00,00-0034855,STATHEAD_QB_STARTED_QUERY,2025 Stathead pasted rank 262,STATHEAD_UNAMBIGUOUS_SINGLE_CANDIDATE,False,CREDITED,Michael Penix,PeniMi00,00-0039917,STATHEAD_QB_STARTED_QUERY,2025 Stathead pasted rank 213,STATHEAD_UNAMBIGUOUS_SINGLE_CANDIDATE,False,CREDITED,POSTGAME_ACTUAL_STARTER,ORACLE_STARTER_IDENTITY_ONLY,False
2025,1,REG,2025-09-07,2025_01_TEN_DEN,TEN,DEN,Cam Ward,WardCa00,00-0040676,STATHEAD_QB_STARTED_QUERY,2025 Stathead pasted rank 9,STATHEAD_UNAMBIGUOUS_SINGLE_CANDIDATE,False,CREDITED,Bo Nix,NixxBo00,00-0039732,STATHEAD_QB_STARTED_QUERY,2025 Stathead pasted rank 225,STATHEAD_UNAMBIGUOUS_SINGLE_CANDIDATE,False,CREDITED,POSTGAME_ACTUAL_STARTER,ORACLE_STARTER_IDENTITY_ONLY,False
2025,2,REG,2025-09-14,2025_02_ATL_MIN,ATL,MIN,Michael Penix,PeniMi00,00-0039917,STATHEAD_QB_STARTED_QUERY,2025 Stathead pasted rank 214,STATHEAD_UNAMBIGUOUS_SINGLE_CANDIDATE,False,CREDITED,J.J. McCarthy,McCaJJ00,00-0039923,STATHEAD_QB_STARTED_QUERY,2025 Stathead pasted rank 253,STATHEAD_UNAMBIGUOUS_SINGLE_CANDIDATE,False,CREDITED,POSTGAME_ACTUAL_STARTER,ORACLE_STARTER_IDENTITY_ONLY,False
2025,2,REG,2025-09-14,2025_02_BUF_NYJ,BUF,NYJ,Josh Allen,AlleJo02,00-0034857,STATHEAD_QB_STARTED_QUERY,2025 Stathead pasted rank 554,STATHEAD_UNAMBIGUOUS_SINGLE_CANDIDATE,False,CREDITED,Justin Fields,FielJu00,00-0036945,STATHEAD_QB_STARTED_QUERY,2025 Stathead pasted rank 464,STATHEAD_UNAMBIGUOUS_SINGLE_CANDIDATE,False,CREDITED,POSTGAME_ACTUAL_STARTER,ORACLE_STARTER_IDENTITY_ONLY,False
2025,2,REG,2025-09-14,2025_02_CAR_ARI,CAR,ARI,Bryce Young,YounBr01,00-0039150,STATHEAD_QB_STARTED_QUERY,2025 Stathead pasted rank 23,STATHEAD_UNAMBIGUOUS_SINGLE_CANDIDATE,False,CREDITED,Kyler Murray,MurrKy00,00-0035228,STATHEAD_QB_STARTED_QUERY,2025 Stathead pasted rank 243,STATHEAD_UNAMBIGUOUS_SINGLE_CANDIDATE,False,CREDITED,POSTGAME_ACTUAL_STARTER,ORACLE_STARTER_IDENTITY_ONLY,False
2025,2,REG,2025-09-14,2025_02_CHI_DET,CHI,DET,Caleb Williams,WillCa03,00-0039918,STATHEAD_QB_STARTED_QUERY,2025 Stathead pasted rank 21,STATHEAD_UNAMBIGUOUS_SINGLE_CANDIDATE,False,CREDITED,Jared Goff,GoffJa00,00-0033106,STATHEAD_QB_STARTED_QUERY,2025 Stathead pasted rank 431,STATHEAD_UNAMBIGUOUS_SINGLE_CANDIDATE,False,CREDITED,POSTGAME_ACTUAL_STARTER,ORACLE_STARTER_IDENTITY_ONLY,False
2025,2,REG,2025-09-14,2025_02_CLE_BAL,CLE,BAL,Joe Flacco,FlacJo00,00-0026158,STATHEAD_QB_STARTED_QUERY,2025 Stathead pasted rank 460,STATHEAD_UNAMBIGUOUS_SINGLE_CANDIDATE,False,CREDITED,Lamar Jackson,JackLa00,00-0034796,STATHEAD_QB_STARTED_QUERY,2025 Stathead pasted rank 382,STATHEAD_UNAMBIGUOUS_SINGLE_CANDIDATE,False,CREDITED,POSTGAME_ACTUAL_STARTER,ORACLE_STARTER_IDENTITY_ONLY,False
2025,2,REG,2025-09-14,2025_02_DEN_IND,DEN,IND,Bo Nix,NixxBo00,00-0039732,STATHEAD_QB_STARTED_QUERY,2025 Stathead pasted rank 226,STATHEAD_UNAMBIGUOUS_SINGLE_CANDIDATE,False,CREDITED,Daniel Jones,JoneDa05,00-0035710,STATHEAD_QB_STARTED_QUERY,2025 Stathead pasted rank 367,STATHEAD_UNAMBIGUOUS_SINGLE_CANDIDATE,False,CREDITED,POSTGAME_ACTUAL_STARTER,ORACLE_STARTER_IDENTITY_ONLY,False
2025,2,REG,2025-09-14,2025_02_JAX_CIN,JAX,CIN,Trevor Lawrence,LawrTr00,00-0036971,STATHEAD_QB_STARTED_QUERY,2025 Stathead pasted rank 340,STATHEAD_UNAMBIGUOUS_SINGLE_CANDIDATE,False,CREDITED,Joe Burrow,BurrJo01,00-0036442,STATHEAD_QB_STARTED_QUERY,2025 Stathead pasted rank 528,STATHEAD_UNAMBIGUOUS_SINGLE_CANDIDATE,False,CREDITED,POSTGAME_ACTUAL_STARTER,ORACLE_STARTER_IDENTITY_ONLY,False
2025,2,REG,2025-09-15,2025_02_LAC_LV,LAC,LV,Justin Herbert,HerbJu00,00-0036355,STATHEAD_QB_STARTED_QUERY,2025 Stathead pasted rank 414,STATHEAD_UNAMBIGUOUS_SINGLE_CANDIDATE,False,CREDITED,Geno Smith,SmitGe00,00-0030565,STATHEAD_QB_STARTED_QUERY,2025 Stathead pasted rank 16,STATHEAD_UNAMBIGUOUS_SINGLE_CANDIDATE,False,CREDITED,POSTGAME_ACTUAL_STARTER,ORACLE_STARTER_IDENTITY_ONLY,False
2025,2,REG,2025-09-14,2025_02_LA_TEN,LAR,TEN,Matthew Stafford,StafMa00,00-0026498,STATHEAD_QB_STARTED_QUERY,2025 Stathead pasted rank 17,STATHEAD_UNAMBIGUOUS_SINGLE_CANDIDATE,False,CREDITED,Cam Ward,WardCa00,00-0040676,STATHEAD_QB_STARTED_QUERY,2025 Stathead pasted rank 20,STATHEAD_UNAMBIGUOUS_SINGLE_CANDIDATE,False,CREDITED,POSTGAME_ACTUAL_STARTER,ORACLE_STARTER_IDENTITY_ONLY,False
2025,2,REG,2025-09-14,2025_02_NE_MIA,NE,MIA,Drake Maye,MayeDr00,00-0039851,STATHEAD_QB_STARTED_QUERY,2025 Stathead pasted rank 282,STATHEAD_UNAMBIGUOUS_SINGLE_CANDIDATE,False,CREDITED,Tua Tagovailoa,TagoTu00,00-0036212,STATHEAD_QB_STARTED_QUERY,2025 Stathead pasted rank 19,STATHEAD_UNAMBIGUOUS_SINGLE_CANDIDATE,False,CREDITED,POSTGAME_ACTUAL_STARTER,ORACLE_STARTER_IDENTITY_ONLY,False
2025,2,REG,2025-09-14,2025_02_NYG_DAL,NYG,DAL,Russell Wilson,WilsRu00,00-0029263,STATHEAD_QB_STARTED_QUERY,2025 Stathead pasted rank 22,STATHEAD_UNAMBIGUOUS_SINGLE_CANDIDATE,False,CREDITED,Dak Prescott,PresDa01,00-0033077,STATHEAD_QB_STARTED_QUERY,2025 Stathead pasted rank 13,STATHEAD_UNAMBIGUOUS_SINGLE_CANDIDATE,False,CREDITED,POSTGAME_ACTUAL_STARTER,ORACLE_STARTER_IDENTITY_ONLY,False
2025,2,REG,2025-09-14,2025_02_PHI_KC,PHI,KC,Jalen Hurts,HurtJa00,00-0036389,STATHEAD_QB_STARTED_QUERY,2025 Stathead pasted rank 395,STATHEAD_UNAMBIGUOUS_SINGLE_CANDIDATE,False,CREDITED,Patrick Mahomes,MahoPa00,00-0033873,STATHEAD_QB_STARTED_QUERY,2025 Stathead pasted rank 309,STATHEAD_UNAMBIGUOUS_SINGLE_CANDIDATE,False,CREDITED,POSTGAME_ACTUAL_STARTER,ORACLE_STARTER_IDENTITY_ONLY,False
2025,2,REG,2025-09-14,2025_02_SEA_PIT,SEA,PIT,Sam Darnold,DarnSa00,00-0034869,STATHEAD_QB_STARTED_QUERY,2025 Stathead pasted rank 490,STATHEAD_UNAMBIGUOUS_SINGLE_CANDIDATE,False,CREDITED,Aaron Rodgers,RodgAa00,00-0023459,STATHEAD_QB_STARTED_QUERY,2025 Stathead pasted rank 15,STATHEAD_UNAMBIGUOUS_SINGLE_CANDIDATE,False,CREDITED,POSTGAME_ACTUAL_STARTER,ORACLE_STARTER_IDENTITY_ONLY,False
2025,2,REG,2025-09-14,2025_02_SF_NO,SF,NO,Mac Jones,JoneMa05,00-0036972,STATHEAD_QB_STARTED_QUERY,2025 Stathead pasted rank 358,STATHEAD_UNAMBIGUOUS_SINGLE_CANDIDATE,False,CREDITED,Spencer Rattler,RattSp00,00-0039376,STATHEAD_QB_STARTED_QUERY,2025 Stathead pasted rank 14,STATHEAD_UNAMBIGUOUS_SINGLE_CANDIDATE,False,CREDITED,POSTGAME_ACTUAL_STARTER,ORACLE_STARTER_IDENTITY_ONLY,False
2025,2,REG,2025-09-15,2025_02_TB_HOU,TB,HOU,Baker Mayfield,MayfBa00,00-0034855,STATHEAD_QB_STARTED_QUERY,2025 Stathead pasted rank 263,STATHEAD_UNAMBIGUOUS_SINGLE_CANDIDATE,False,CREDITED,C.J. Stroud,StroCJ00,00-0039163,STATHEAD_QB_STARTED_QUERY,2025 Stathead pasted rank 18,STATHEAD_UNAMBIGUOUS_SINGLE_CANDIDATE,False,CREDITED,POSTGAME_ACTUAL_STARTER,ORACLE_STARTER_IDENTITY_ONLY,False
2025,2,REG,2025-09-11,2025_02_WAS_GB,WAS,GB,Jayden Daniels,DaniJa02,00-0039910,STATHEAD_QB_STARTED_QUERY,2025 Stathead pasted rank 508,STATHEAD_UNAMBIGUOUS_SINGLE_CANDIDATE,False,CREDITED,Jordan Love,LoveJo03,00-0036264,STATHEAD_QB_STARTED_QUERY,2025 Stathead pasted rank 327,STATHEAD_UNAMBIGUOUS_SINGLE_CANDIDATE,False,CREDITED,POSTGAME_ACTUAL_STARTER,ORACLE_STARTER_IDENTITY_ONLY,False
2025,3,REG,2025-09-21,2025_03_ARI_SF,ARI,SF,Kyler Murray,MurrKy00,00-0035228,STATHEAD_QB_STARTED_QUERY,2025 Stathead pasted rank 244,STATHEAD_UNAMBIGUOUS_SINGLE_CANDIDATE,False,CREDITED,Mac Jones,JoneMa05,00-0036972,STATHEAD_QB_STARTED_QUERY,2025 Stathead pasted rank 359,STATHEAD_UNAMBIGUOUS_SINGLE_CANDIDATE,False,CREDITED,POSTGAME_ACTUAL_STARTER,ORACLE_STARTER_IDENTITY_ONLY,False
2025,3,REG,2025-09-21,2025_03_ATL_CAR,ATL,CAR,Michael Penix,PeniMi00,00-0039917,STATHEAD_QB_STARTED_QUERY,2025 Stathead pasted rank 215,STATHEAD_UNAMBIGUOUS_SINGLE_CANDIDATE,False,CREDITED,Bryce Young,YounBr01,00-0039150,STATHEAD_QB_STARTED_QUERY,2025 Stathead pasted rank 36,STATHEAD_UNAMBIGUOUS_SINGLE_CANDIDATE,False,CREDITED,POSTGAME_ACTUAL_STARTER,ORACLE_STARTER_IDENTITY_ONLY,False
2025,3,REG,2025-09-21,2025_03_CIN_MIN,CIN,MIN,Jake Browning,BrowJa08,00-0035100,STATHEAD_QB_STARTED_QUERY,2025 Stathead pasted rank 535,STATHEAD_UNAMBIGUOUS_SINGLE_CANDIDATE,False,CREDITED,Carson Wentz,WentCa00,00-0032950,STATHEAD_QB_STARTED_QUERY,2025 Stathead pasted rank 33,STATHEAD_UNAMBIGUOUS_SINGLE_CANDIDATE,False,CREDITED,POSTGAME_ACTUAL_STARTER,ORACLE_STARTER_IDENTITY_ONLY,False
2025,3,REG,2025-09-21,2025_03_DAL_CHI,DAL,CHI,Dak Prescott,PresDa01,00-0033077,STATHEAD_QB_STARTED_QUERY,2025 Stathead pasted rank 24,STATHEAD_UNAMBIGUOUS_SINGLE_CANDIDATE,False,CREDITED,Caleb Williams,WillCa03,00-0039918,STATHEAD_QB_STARTED_QUERY,2025 Stathead pasted rank 34,STATHEAD_UNAMBIGUOUS_SINGLE_CANDIDATE,False,CREDITED,POSTGAME_ACTUAL_STARTER,ORACLE_STARTER_IDENTITY_ONLY,False
2025,3,REG,2025-09-21,2025_03_DEN_LAC,DEN,LAC,Bo Nix,NixxBo00,00-0039732,STATHEAD_QB_STARTED_QUERY,2025 Stathead pasted rank 227,STATHEAD_UNAMBIGUOUS_SINGLE_CANDIDATE,False,CREDITED,Justin Herbert,HerbJu00,00-0036355,STATHEAD_QB_STARTED_QUERY,2025 Stathead pasted rank 415,STATHEAD_UNAMBIGUOUS_SINGLE_CANDIDATE,False,CREDITED,POSTGAME_ACTUAL_STARTER,ORACLE_STARTER_IDENTITY_ONLY,False
2025,3,REG,2025-09-22,2025_03_DET_BAL,DET,BAL,Jared Goff,GoffJa00,00-0033106,STATHEAD_QB_STARTED_QUERY,2025 Stathead pasted rank 432,STATHEAD_UNAMBIGUOUS_SINGLE_CANDIDATE,False,CREDITED,Lamar Jackson,JackLa00,00-0034796,STATHEAD_QB_STARTED_QUERY,2025 Stathead pasted rank 383,STATHEAD_UNAMBIGUOUS_SINGLE_CANDIDATE,False,CREDITED,POSTGAME_ACTUAL_STARTER,ORACLE_STARTER_IDENTITY_ONLY,False
2025,3,REG,2025-09-21,2025_03_GB_CLE,GB,CLE,Jordan Love,LoveJo03,00-0036264,STATHEAD_QB_STARTED_QUERY,2025 Stathead pasted rank 328,STATHEAD_UNAMBIGUOUS_SINGLE_CANDIDATE,False,CREDITED,Joe Flacco,FlacJo00,00-0026158,STATHEAD_QB_STARTED_QUERY,2025 Stathead pasted rank 461,STATHEAD_UNAMBIGUOUS_SINGLE_CANDIDATE,False,CREDITED,POSTGAME_ACTUAL_STARTER,ORACLE_STARTER_IDENTITY_ONLY,False
2025,3,REG,2025-09-21,2025_03_HOU_JAX,HOU,JAX,C.J. Stroud,StroCJ00,00-0039163,STATHEAD_QB_STARTED_QUERY,2025 Stathead pasted rank 29,STATHEAD_UNAMBIGUOUS_SINGLE_CANDIDATE,False,CREDITED,Trevor Lawrence,LawrTr00,00-0036971,STATHEAD_QB_STARTED_QUERY,2025 Stathead pasted rank 341,STATHEAD_UNAMBIGUOUS_SINGLE_CANDIDATE,False,CREDITED,POSTGAME_ACTUAL_STARTER,ORACLE_STARTER_IDENTITY_ONLY,False
2025,3,REG,2025-09-21,2025_03_IND_TEN,IND,TEN,Daniel Jones,JoneDa05,00-0035710,STATHEAD_QB_STARTED_QUERY,2025 Stathead pasted rank 368,STATHEAD_UNAMBIGUOUS_SINGLE_CANDIDATE,False,CREDITED,Cam Ward,WardCa00,00-0040676,STATHEAD_QB_STARTED_QUERY,2025 Stathead pasted rank 32,STATHEAD_UNAMBIGUOUS_SINGLE_CANDIDATE,False,CREDITED,POSTGAME_ACTUAL_STARTER,ORACLE_STARTER_IDENTITY_ONLY,False
2025,3,REG,2025-09-21,2025_03_KC_NYG,KC,NYG,Patrick Mahomes,MahoPa00,00-0033873,STATHEAD_QB_STARTED_QUERY,2025 Stathead pasted rank 310,STATHEAD_UNAMBIGUOUS_SINGLE_CANDIDATE,False,CREDITED,Russell Wilson,WilsRu00,00-0029263,STATHEAD_QB_STARTED_QUERY,2025 Stathead pasted rank 35,STATHEAD_UNAMBIGUOUS_SINGLE_CANDIDATE,False,CREDITED,POSTGAME_ACTUAL_STARTER,ORACLE_STARTER_IDENTITY_ONLY,False
2025,3,REG,2025-09-21,2025_03_LA_PHI,LAR,PHI,Matthew Stafford,StafMa00,00-0026498,STATHEAD_QB_STARTED_QUERY,2025 Stathead pasted rank 28,STATHEAD_UNAMBIGUOUS_SINGLE_CANDIDATE,False,CREDITED,Jalen Hurts,HurtJa00,00-0036389,STATHEAD_QB_STARTED_QUERY,2025 Stathead pasted rank 396,STATHEAD_UNAMBIGUOUS_SINGLE_CANDIDATE,False,CREDITED,POSTGAME_ACTUAL_STARTER,ORACLE_STARTER_IDENTITY_ONLY,False
2025,3,REG,2025-09-21,2025_03_LV_WAS,LV,WAS,Geno Smith,SmitGe00,00-0030565,STATHEAD_QB_STARTED_QUERY,2025 Stathead pasted rank 27,STATHEAD_UNAMBIGUOUS_SINGLE_CANDIDATE,False,CREDITED,Marcus Mariota,MariMa01,00-0032268,STATHEAD_QB_STARTED_QUERY,2025 Stathead pasted rank 300,STATHEAD_UNAMBIGUOUS_SINGLE_CANDIDATE,False,CREDITED,POSTGAME_ACTUAL_STARTER,ORACLE_STARTER_IDENTITY_ONLY,False
2025,3,REG,2025-09-18,2025_03_MIA_BUF,MIA,BUF,Tua Tagovailoa,TagoTu00,00-0036212,STATHEAD_QB_STARTED_QUERY,2025 Stathead pasted rank 30,STATHEAD_UNAMBIGUOUS_SINGLE_CANDIDATE,False,CREDITED,Josh Allen,AlleJo02,00-0034857,STATHEAD_QB_STARTED_QUERY,2025 Stathead pasted rank 555,STATHEAD_UNAMBIGUOUS_SINGLE_CANDIDATE,False,CREDITED,POSTGAME_ACTUAL_STARTER,ORACLE_STARTER_IDENTITY_ONLY,False
2025,3,REG,2025-09-21,2025_03_NO_SEA,NO,SEA,Spencer Rattler,RattSp00,00-0039376,STATHEAD_QB_STARTED_QUERY,2025 Stathead pasted rank 25,STATHEAD_UNAMBIGUOUS_SINGLE_CANDIDATE,False,CREDITED,Sam Darnold,DarnSa00,00-0034869,STATHEAD_QB_STARTED_QUERY,2025 Stathead pasted rank 491,STATHEAD_UNAMBIGUOUS_SINGLE_CANDIDATE,False,CREDITED,POSTGAME_ACTUAL_STARTER,ORACLE_STARTER_IDENTITY_ONLY,False
2025,3,REG,2025-09-21,2025_03_NYJ_TB,NYJ,TB,Tyrod Taylor,TaylTy00,00-0028118,STATHEAD_QB_STARTED_QUERY,2025 Stathead pasted rank 31,STATHEAD_UNAMBIGUOUS_SINGLE_CANDIDATE,False,CREDITED,Baker Mayfield,MayfBa00,00-0034855,STATHEAD_QB_STARTED_QUERY,2025 Stathead pasted rank 264,STATHEAD_UNAMBIGUOUS_SINGLE_CANDIDATE,False,CREDITED,POSTGAME_ACTUAL_STARTER,ORACLE_STARTER_IDENTITY_ONLY,False
2025,3,REG,2025-09-21,2025_03_PIT_NE,PIT,NE,Aaron Rodgers,RodgAa00,00-0023459,STATHEAD_QB_STARTED_QUERY,2025 Stathead pasted rank 26,STATHEAD_UNAMBIGUOUS_SINGLE_CANDIDATE,False,CREDITED,Drake Maye,MayeDr00,00-0039851,STATHEAD_QB_STARTED_QUERY,2025 Stathead pasted rank 283,STATHEAD_UNAMBIGUOUS_SINGLE_CANDIDATE,False,CREDITED,POSTGAME_ACTUAL_STARTER,ORACLE_STARTER_IDENTITY_ONLY,False
2025,4,REG,2025-09-28,2025_04_BAL_KC,BAL,KC,Lamar Jackson,JackLa00,00-0034796,STATHEAD_QB_STARTED_QUERY,2025 Stathead pasted rank 384,STATHEAD_UNAMBIGUOUS_SINGLE_CANDIDATE,False,CREDITED,Patrick Mahomes,MahoPa00,00-0033873,STATHEAD_QB_STARTED_QUERY,2025 Stathead pasted rank 311,STATHEAD_UNAMBIGUOUS_SINGLE_CANDIDATE,False,CREDITED,POSTGAME_ACTUAL_STARTER,ORACLE_STARTER_IDENTITY_ONLY,False
2025,4,REG,2025-09-28,2025_04_CAR_NE,CAR,NE,Bryce Young,YounBr01,00-0039150,STATHEAD_QB_STARTED_QUERY,2025 Stathead pasted rank 48,STATHEAD_UNAMBIGUOUS_SINGLE_CANDIDATE,False,CREDITED,Drake Maye,MayeDr00,00-0039851,STATHEAD_QB_STARTED_QUERY,2025 Stathead pasted rank 284,STATHEAD_UNAMBIGUOUS_SINGLE_CANDIDATE,False,CREDITED,POSTGAME_ACTUAL_STARTER,ORACLE_STARTER_IDENTITY_ONLY,False
2025,4,REG,2025-09-28,2025_04_CHI_LV,CHI,LV,Caleb Williams,WillCa03,00-0039918,STATHEAD_QB_STARTED_QUERY,2025 Stathead pasted rank 47,STATHEAD_UNAMBIGUOUS_SINGLE_CANDIDATE,False,CREDITED,Geno Smith,SmitGe00,00-0030565,STATHEAD_QB_STARTED_QUERY,2025 Stathead pasted rank 41,STATHEAD_UNAMBIGUOUS_SINGLE_CANDIDATE,False,CREDITED,POSTGAME_ACTUAL_STARTER,ORACLE_STARTER_IDENTITY_ONLY,False
2025,4,REG,2025-09-29,2025_04_CIN_DEN,CIN,DEN,Jake Browning,BrowJa08,00-0035100,STATHEAD_QB_STARTED_QUERY,2025 Stathead pasted rank 536,STATHEAD_UNAMBIGUOUS_SINGLE_CANDIDATE,False,CREDITED,Bo Nix,NixxBo00,00-0039732,STATHEAD_QB_STARTED_QUERY,2025 Stathead pasted rank 228,STATHEAD_UNAMBIGUOUS_SINGLE_CANDIDATE,False,CREDITED,POSTGAME_ACTUAL_STARTER,ORACLE_STARTER_IDENTITY_ONLY,False
2025,4,REG,2025-09-28,2025_04_CLE_DET,CLE,DET,Joe Flacco,FlacJo00,00-0026158,STATHEAD_QB_STARTED_QUERY,2025 Stathead pasted rank 462,STATHEAD_UNAMBIGUOUS_SINGLE_CANDIDATE,False,CREDITED,Jared Goff,GoffJa00,00-0033106,STATHEAD_QB_STARTED_QUERY,2025 Stathead pasted rank 433,STATHEAD_UNAMBIGUOUS_SINGLE_CANDIDATE,False,CREDITED,POSTGAME_ACTUAL_STARTER,ORACLE_STARTER_IDENTITY_ONLY,False
2025,4,REG,2025-09-28,2025_04_GB_DAL,GB,DAL,Jordan Love,LoveJo03,00-0036264,STATHEAD_QB_STARTED_QUERY,2025 Stathead pasted rank 329,STATHEAD_UNAMBIGUOUS_SINGLE_CANDIDATE,False,CREDITED,Dak Prescott,PresDa01,00-0033077,STATHEAD_QB_STARTED_QUERY,2025 Stathead pasted rank 37,STATHEAD_UNAMBIGUOUS_SINGLE_CANDIDATE,False,CREDITED,POSTGAME_ACTUAL_STARTER,ORACLE_STARTER_IDENTITY_ONLY,False
2025,4,REG,2025-09-28,2025_04_IND_LA,IND,LAR,Daniel Jones,JoneDa05,00-0035710,STATHEAD_QB_STARTED_QUERY,2025 Stathead pasted rank 369,STATHEAD_UNAMBIGUOUS_SINGLE_CANDIDATE,False,CREDITED,Matthew Stafford,StafMa00,00-0026498,STATHEAD_QB_STARTED_QUERY,2025 Stathead pasted rank 42,STATHEAD_UNAMBIGUOUS_SINGLE_CANDIDATE,False,CREDITED,POSTGAME_ACTUAL_STARTER,ORACLE_STARTER_IDENTITY_ONLY,False
2025,4,REG,2025-09-28,2025_04_JAX_SF,JAX,SF,Trevor Lawrence,LawrTr00,00-0036971,STATHEAD_QB_STARTED_QUERY,2025 Stathead pasted rank 342,STATHEAD_UNAMBIGUOUS_SINGLE_CANDIDATE,False,CREDITED,Brock Purdy,PurdBr00,00-0037834,STATHEAD_QB_STARTED_QUERY,2025 Stathead pasted rank 38,STATHEAD_UNAMBIGUOUS_SINGLE_CANDIDATE,False,CREDITED,POSTGAME_ACTUAL_STARTER,ORACLE_STARTER_IDENTITY_ONLY,False
2025,4,REG,2025-09-28,2025_04_LAC_NYG,LAC,NYG,Justin Herbert,HerbJu00,00-0036355,STATHEAD_QB_STARTED_QUERY,2025 Stathead pasted rank 416,STATHEAD_UNAMBIGUOUS_SINGLE_CANDIDATE,False,CREDITED,Jaxson Dart,DartJa00,00-0040691,STATHEAD_QB_STARTED_QUERY,2025 Stathead pasted rank 475,STATHEAD_UNAMBIGUOUS_SINGLE_CANDIDATE,False,CREDITED,POSTGAME_ACTUAL_STARTER,ORACLE_STARTER_IDENTITY_ONLY,False
2025,4,REG,2025-09-28,2025_04_MIN_PIT,MIN,PIT,Carson Wentz,WentCa00,00-0032950,STATHEAD_QB_STARTED_QUERY,2025 Stathead pasted rank 46,STATHEAD_UNAMBIGUOUS_SINGLE_CANDIDATE,False,CREDITED,Aaron Rodgers,RodgAa00,00-0023459,STATHEAD_QB_STARTED_QUERY,2025 Stathead pasted rank 40,STATHEAD_UNAMBIGUOUS_SINGLE_CANDIDATE,False,CREDITED,POSTGAME_ACTUAL_STARTER,ORACLE_STARTER_IDENTITY_ONLY,False
2025,4,REG,2025-09-28,2025_04_NO_BUF,NO,BUF,Spencer Rattler,RattSp00,00-0039376,STATHEAD_QB_STARTED_QUERY,2025 Stathead pasted rank 39,STATHEAD_UNAMBIGUOUS_SINGLE_CANDIDATE,False,CREDITED,Josh Allen,AlleJo02,00-0034857,STATHEAD_QB_STARTED_QUERY,2025 Stathead pasted rank 556,STATHEAD_UNAMBIGUOUS_SINGLE_CANDIDATE,False,CREDITED,POSTGAME_ACTUAL_STARTER,ORACLE_STARTER_IDENTITY_ONLY,False
2025,4,REG,2025-09-29,2025_04_NYJ_MIA,NYJ,MIA,Justin Fields,FielJu00,00-0036945,STATHEAD_QB_STARTED_QUERY,2025 Stathead pasted rank 465,STATHEAD_UNAMBIGUOUS_SINGLE_CANDIDATE,False,CREDITED,Tua Tagovailoa,TagoTu00,00-0036212,STATHEAD_QB_STARTED_QUERY,2025 Stathead pasted rank 44,STATHEAD_UNAMBIGUOUS_SINGLE_CANDIDATE,False,CREDITED,POSTGAME_ACTUAL_STARTER,ORACLE_STARTER_IDENTITY_ONLY,False
2025,4,REG,2025-09-28,2025_04_PHI_TB,PHI,TB,Jalen Hurts,HurtJa00,00-0036389,STATHEAD_QB_STARTED_QUERY,2025 Stathead pasted rank 397,STATHEAD_UNAMBIGUOUS_SINGLE_CANDIDATE,False,CREDITED,Baker Mayfield,MayfBa00,00-0034855,STATHEAD_QB_STARTED_QUERY,2025 Stathead pasted rank 265,STATHEAD_UNAMBIGUOUS_SINGLE_CANDIDATE,False,CREDITED,POSTGAME_ACTUAL_STARTER,ORACLE_STARTER_IDENTITY_ONLY,False
2025,4,REG,2025-09-25,2025_04_SEA_ARI,SEA,ARI,Sam Darnold,DarnSa00,00-0034869,STATHEAD_QB_STARTED_QUERY,2025 Stathead pasted rank 492,STATHEAD_UNAMBIGUOUS_SINGLE_CANDIDATE,False,CREDITED,Kyler Murray,MurrKy00,00-0035228,STATHEAD_QB_STARTED_QUERY,2025 Stathead pasted rank 245,STATHEAD_UNAMBIGUOUS_SINGLE_CANDIDATE,False,CREDITED,POSTGAME_ACTUAL_STARTER,ORACLE_STARTER_IDENTITY_ONLY,False
2025,4,REG,2025-09-28,2025_04_TEN_HOU,TEN,HOU,Cam Ward,WardCa00,00-0040676,STATHEAD_QB_STARTED_QUERY,2025 Stathead pasted rank 45,STATHEAD_UNAMBIGUOUS_SINGLE_CANDIDATE,False,CREDITED,C.J. Stroud,StroCJ00,00-0039163,STATHEAD_QB_STARTED_QUERY,2025 Stathead pasted rank 43,STATHEAD_UNAMBIGUOUS_SINGLE_CANDIDATE,False,CREDITED,POSTGAME_ACTUAL_STARTER,ORACLE_STARTER_IDENTITY_ONLY,False
2025,4,REG,2025-09-28,2025_04_WAS_ATL,WAS,ATL,Marcus Mariota,MariMa01,00-0032268,STATHEAD_QB_STARTED_QUERY,2025 Stathead pasted rank 301,STATHEAD_UNAMBIGUOUS_SINGLE_CANDIDATE,False,CREDITED,Michael Penix,PeniMi00,00-0039917,STATHEAD_QB_STARTED_QUERY,2025 Stathead pasted rank 216,STATHEAD_UNAMBIGUOUS_SINGLE_CANDIDATE,False,CREDITED,POSTGAME_ACTUAL_STARTER,ORACLE_STARTER_IDENTITY_ONLY,False
2025,5,REG,2025-10-05,2025_05_DAL_NYJ,DAL,NYJ,Dak Prescott,PresDa01,00-0033077,STATHEAD_QB_STARTED_QUERY,2025 Stathead pasted rank 49,STATHEAD_UNAMBIGUOUS_SINGLE_CANDIDATE,False,CREDITED,Justin Fields,FielJu00,00-0036945,STATHEAD_QB_STARTED_QUERY,2025 Stathead pasted rank 466,STATHEAD_UNAMBIGUOUS_SINGLE_CANDIDATE,False,CREDITED,POSTGAME_ACTUAL_STARTER,ORACLE_STARTER_IDENTITY_ONLY,False
2025,5,REG,2025-10-05,2025_05_DEN_PHI,DEN,PHI,Bo Nix,NixxBo00,00-0039732,STATHEAD_QB_STARTED_QUERY,2025 Stathead pasted rank 229,STATHEAD_UNAMBIGUOUS_SINGLE_CANDIDATE,False,CREDITED,Jalen Hurts,HurtJa00,00-0036389,STATHEAD_QB_STARTED_QUERY,2025 Stathead pasted rank 398,STATHEAD_UNAMBIGUOUS_SINGLE_CANDIDATE,False,CREDITED,POSTGAME_ACTUAL_STARTER,ORACLE_STARTER_IDENTITY_ONLY,False
2025,5,REG,2025-10-05,2025_05_DET_CIN,DET,CIN,Jared Goff,GoffJa00,00-0033106,STATHEAD_QB_STARTED_QUERY,2025 Stathead pasted rank 434,STATHEAD_UNAMBIGUOUS_SINGLE_CANDIDATE,False,CREDITED,Jake Browning,BrowJa08,00-0035100,STATHEAD_QB_STARTED_QUERY,2025 Stathead pasted rank 537,STATHEAD_UNAMBIGUOUS_SINGLE_CANDIDATE,False,CREDITED,POSTGAME_ACTUAL_STARTER,ORACLE_STARTER_IDENTITY_ONLY,False
2025,5,REG,2025-10-05,2025_05_HOU_BAL,HOU,BAL,C.J. Stroud,StroCJ00,00-0039163,STATHEAD_QB_STARTED_QUERY,2025 Stathead pasted rank 54,STATHEAD_UNAMBIGUOUS_SINGLE_CANDIDATE,False,CREDITED,Cooper Rush,RushCo00,00-0033662,STATHEAD_QB_STARTED_QUERY,2025 Stathead pasted rank 51,STATHEAD_UNAMBIGUOUS_SINGLE_CANDIDATE,False,CREDITED,POSTGAME_ACTUAL_STARTER,ORACLE_STARTER_IDENTITY_ONLY,False
2025,5,REG,2025-10-06,2025_05_KC_JAX,KC,JAX,Patrick Mahomes,MahoPa00,00-0033873,STATHEAD_QB_STARTED_QUERY,2025 Stathead pasted rank 312,STATHEAD_UNAMBIGUOUS_SINGLE_CANDIDATE,False,CREDITED,Trevor Lawrence,LawrTr00,00-0036971,STATHEAD_QB_STARTED_QUERY,2025 Stathead pasted rank 343,STATHEAD_UNAMBIGUOUS_SINGLE_CANDIDATE,False,CREDITED,POSTGAME_ACTUAL_STARTER,ORACLE_STARTER_IDENTITY_ONLY,False
2025,5,REG,2025-10-05,2025_05_LV_IND,LV,IND,Geno Smith,SmitGe00,00-0030565,STATHEAD_QB_STARTED_QUERY,2025 Stathead pasted rank 52,STATHEAD_UNAMBIGUOUS_SINGLE_CANDIDATE,False,CREDITED,Daniel Jones,JoneDa05,00-0035710,STATHEAD_QB_STARTED_QUERY,2025 Stathead pasted rank 370,STATHEAD_UNAMBIGUOUS_SINGLE_CANDIDATE,False,CREDITED,POSTGAME_ACTUAL_STARTER,ORACLE_STARTER_IDENTITY_ONLY,False
2025,5,REG,2025-10-05,2025_05_MIA_CAR,MIA,CAR,Tua Tagovailoa,TagoTu00,00-0036212,STATHEAD_QB_STARTED_QUERY,2025 Stathead pasted rank 55,STATHEAD_UNAMBIGUOUS_SINGLE_CANDIDATE,False,CREDITED,Bryce Young,YounBr01,00-0039150,STATHEAD_QB_STARTED_QUERY,2025 Stathead pasted rank 58,STATHEAD_UNAMBIGUOUS_SINGLE_CANDIDATE,False,CREDITED,POSTGAME_ACTUAL_STARTER,ORACLE_STARTER_IDENTITY_ONLY,False
2025,5,REG,2025-10-05,2025_05_MIN_CLE,MIN,CLE,Carson Wentz,WentCa00,00-0032950,STATHEAD_QB_STARTED_QUERY,2025 Stathead pasted rank 57,STATHEAD_UNAMBIGUOUS_SINGLE_CANDIDATE,False,CREDITED,Dillon Gabriel,GabrDi00,00-0040704,STATHEAD_QB_STARTED_QUERY,2025 Stathead pasted rank 447,STATHEAD_UNAMBIGUOUS_SINGLE_CANDIDATE,False,CREDITED,POSTGAME_ACTUAL_STARTER,ORACLE_STARTER_IDENTITY_ONLY,False
2025,5,REG,2025-10-05,2025_05_NE_BUF,NE,BUF,Drake Maye,MayeDr00,00-0039851,STATHEAD_QB_STARTED_QUERY,2025 Stathead pasted rank 285,STATHEAD_UNAMBIGUOUS_SINGLE_CANDIDATE,False,CREDITED,Josh Allen,AlleJo02,00-0034857,STATHEAD_QB_STARTED_QUERY,2025 Stathead pasted rank 557,STATHEAD_UNAMBIGUOUS_SINGLE_CANDIDATE,False,CREDITED,POSTGAME_ACTUAL_STARTER,ORACLE_STARTER_IDENTITY_ONLY,False
2025,5,REG,2025-10-05,2025_05_NYG_NO,NYG,NO,Jaxson Dart,DartJa00,00-0040691,STATHEAD_QB_STARTED_QUERY,2025 Stathead pasted rank 476,STATHEAD_UNAMBIGUOUS_SINGLE_CANDIDATE,False,CREDITED,Spencer Rattler,RattSp00,00-0039376,STATHEAD_QB_STARTED_QUERY,2025 Stathead pasted rank 50,STATHEAD_UNAMBIGUOUS_SINGLE_CANDIDATE,False,CREDITED,POSTGAME_ACTUAL_STARTER,ORACLE_STARTER_IDENTITY_ONLY,False
2025,5,REG,2025-10-02,2025_05_SF_LA,SF,LAR,Mac Jones,JoneMa05,00-0036972,STATHEAD_QB_STARTED_QUERY,2025 Stathead pasted rank 360,STATHEAD_UNAMBIGUOUS_SINGLE_CANDIDATE,False,CREDITED,Matthew Stafford,StafMa00,00-0026498,STATHEAD_QB_STARTED_QUERY,2025 Stathead pasted rank 53,STATHEAD_UNAMBIGUOUS_SINGLE_CANDIDATE,False,CREDITED,POSTGAME_ACTUAL_STARTER,ORACLE_STARTER_IDENTITY_ONLY,False
2025,5,REG,2025-10-05,2025_05_TB_SEA,TB,SEA,Baker Mayfield,MayfBa00,00-0034855,STATHEAD_QB_STARTED_QUERY,2025 Stathead pasted rank 266,STATHEAD_UNAMBIGUOUS_SINGLE_CANDIDATE,False,CREDITED,Sam Darnold,DarnSa00,00-0034869,STATHEAD_QB_STARTED_QUERY,2025 Stathead pasted rank 493,STATHEAD_UNAMBIGUOUS_SINGLE_CANDIDATE,False,CREDITED,POSTGAME_ACTUAL_STARTER,ORACLE_STARTER_IDENTITY_ONLY,False
2025,5,REG,2025-10-05,2025_05_TEN_ARI,TEN,ARI,Cam Ward,WardCa00,00-0040676,STATHEAD_QB_STARTED_QUERY,2025 Stathead pasted rank 56,STATHEAD_UNAMBIGUOUS_SINGLE_CANDIDATE,False,CREDITED,Kyler Murray,MurrKy00,00-0035228,STATHEAD_QB_STARTED_QUERY,2025 Stathead pasted rank 246,STATHEAD_UNAMBIGUOUS_SINGLE_CANDIDATE,False,CREDITED,POSTGAME_ACTUAL_STARTER,ORACLE_STARTER_IDENTITY_ONLY,False
2025,5,REG,2025-10-05,2025_05_WAS_LAC,WAS,LAC,Jayden Daniels,DaniJa02,00-0039910,STATHEAD_QB_STARTED_QUERY,2025 Stathead pasted rank 509,STATHEAD_UNAMBIGUOUS_SINGLE_CANDIDATE,False,CREDITED,Justin Herbert,HerbJu00,00-0036355,STATHEAD_QB_STARTED_QUERY,2025 Stathead pasted rank 417,STATHEAD_UNAMBIGUOUS_SINGLE_CANDIDATE,False,CREDITED,POSTGAME_ACTUAL_STARTER,ORACLE_STARTER_IDENTITY_ONLY,False
2025,6,REG,2025-10-12,2025_06_ARI_IND,ARI,IND,Jacoby Brissett,BrisJa00,00-0033119,STATHEAD_QB_STARTED_QUERY,2025 Stathead pasted rank 540,STATHEAD_UNAMBIGUOUS_SINGLE_CANDIDATE,False,CREDITED,Daniel Jones,JoneDa05,00-0035710,STATHEAD_QB_STARTED_QUERY,2025 Stathead pasted rank 371,STATHEAD_UNAMBIGUOUS_SINGLE_CANDIDATE,False,CREDITED,POSTGAME_ACTUAL_STARTER,ORACLE_STARTER_IDENTITY_ONLY,False
2025,6,REG,2025-10-13,2025_06_BUF_ATL,BUF,ATL,Josh Allen,AlleJo02,00-0034857,STATHEAD_QB_STARTED_QUERY,2025 Stathead pasted rank 558,STATHEAD_UNAMBIGUOUS_SINGLE_CANDIDATE,False,CREDITED,Michael Penix,PeniMi00,00-0039917,STATHEAD_QB_STARTED_QUERY,2025 Stathead pasted rank 217,STATHEAD_UNAMBIGUOUS_SINGLE_CANDIDATE,False,CREDITED,POSTGAME_ACTUAL_STARTER,ORACLE_STARTER_IDENTITY_ONLY,False
2025,6,REG,2025-10-13,2025_06_CHI_WAS,CHI,WAS,Caleb Williams,WillCa03,00-0039918,STATHEAD_QB_STARTED_QUERY,2025 Stathead pasted rank 67,STATHEAD_UNAMBIGUOUS_SINGLE_CANDIDATE,False,CREDITED,Jayden Daniels,DaniJa02,00-0039910,STATHEAD_QB_STARTED_QUERY,2025 Stathead pasted rank 510,STATHEAD_UNAMBIGUOUS_SINGLE_CANDIDATE,False,CREDITED,POSTGAME_ACTUAL_STARTER,ORACLE_STARTER_IDENTITY_ONLY,False
2025,6,REG,2025-10-12,2025_06_CIN_GB,CIN,GB,Joe Flacco,FlacJo00,00-0026158,STATHEAD_QB_STARTED_QUERY,2025 Stathead pasted rank 453,STATHEAD_UNAMBIGUOUS_SINGLE_CANDIDATE,False,CREDITED,Jordan Love,LoveJo03,00-0036264,STATHEAD_QB_STARTED_QUERY,2025 Stathead pasted rank 330,STATHEAD_UNAMBIGUOUS_SINGLE_CANDIDATE,False,CREDITED,POSTGAME_ACTUAL_STARTER,ORACLE_STARTER_IDENTITY_ONLY,False
2025,6,REG,2025-10-12,2025_06_CLE_PIT,CLE,PIT,Dillon Gabriel,GabrDi00,00-0040704,STATHEAD_QB_STARTED_QUERY,2025 Stathead pasted rank 448,STATHEAD_UNAMBIGUOUS_SINGLE_CANDIDATE,False,CREDITED,Aaron Rodgers,RodgAa00,00-0023459,STATHEAD_QB_STARTED_QUERY,2025 Stathead pasted rank 61,STATHEAD_UNAMBIGUOUS_SINGLE_CANDIDATE,False,CREDITED,POSTGAME_ACTUAL_STARTER,ORACLE_STARTER_IDENTITY_ONLY,False
2025,6,REG,2025-10-12,2025_06_DAL_CAR,DAL,CAR,Dak Prescott,PresDa01,00-0033077,STATHEAD_QB_STARTED_QUERY,2025 Stathead pasted rank 59,STATHEAD_UNAMBIGUOUS_SINGLE_CANDIDATE,False,CREDITED,Bryce Young,YounBr01,00-0039150,STATHEAD_QB_STARTED_QUERY,2025 Stathead pasted rank 68,STATHEAD_UNAMBIGUOUS_SINGLE_CANDIDATE,False,CREDITED,POSTGAME_ACTUAL_STARTER,ORACLE_STARTER_IDENTITY_ONLY,False
2025,6,REG,2025-10-12,2025_06_DEN_NYJ,DEN,NYJ,Bo Nix,NixxBo00,00-0039732,STATHEAD_QB_STARTED_QUERY,2025 Stathead pasted rank 230,STATHEAD_UNAMBIGUOUS_SINGLE_CANDIDATE,False,CREDITED,Justin Fields,FielJu00,00-0036945,STATHEAD_QB_STARTED_QUERY,2025 Stathead pasted rank 467,STATHEAD_UNAMBIGUOUS_SINGLE_CANDIDATE,False,CREDITED,POSTGAME_ACTUAL_STARTER,ORACLE_STARTER_IDENTITY_ONLY,False
2025,6,REG,2025-10-12,2025_06_DET_KC,DET,KC,Jared Goff,GoffJa00,00-0033106,STATHEAD_QB_STARTED_QUERY,2025 Stathead pasted rank 435,STATHEAD_UNAMBIGUOUS_SINGLE_CANDIDATE,False,CREDITED,Patrick Mahomes,MahoPa00,00-0033873,STATHEAD_QB_STARTED_QUERY,2025 Stathead pasted rank 313,STATHEAD_UNAMBIGUOUS_SINGLE_CANDIDATE,False,CREDITED,POSTGAME_ACTUAL_STARTER,ORACLE_STARTER_IDENTITY_ONLY,False
2025,6,REG,2025-10-12,2025_06_LAC_MIA,LAC,MIA,Justin Herbert,HerbJu00,00-0036355,STATHEAD_QB_STARTED_QUERY,2025 Stathead pasted rank 418,STATHEAD_UNAMBIGUOUS_SINGLE_CANDIDATE,False,CREDITED,Tua Tagovailoa,TagoTu00,00-0036212,STATHEAD_QB_STARTED_QUERY,2025 Stathead pasted rank 65,STATHEAD_UNAMBIGUOUS_SINGLE_CANDIDATE,False,CREDITED,POSTGAME_ACTUAL_STARTER,ORACLE_STARTER_IDENTITY_ONLY,False
2025,6,REG,2025-10-12,2025_06_LA_BAL,LAR,BAL,Matthew Stafford,StafMa00,00-0026498,STATHEAD_QB_STARTED_QUERY,2025 Stathead pasted rank 64,STATHEAD_UNAMBIGUOUS_SINGLE_CANDIDATE,False,CREDITED,Cooper Rush,RushCo00,00-0033662,STATHEAD_QB_STARTED_QUERY,2025 Stathead pasted rank 62,STATHEAD_UNAMBIGUOUS_SINGLE_CANDIDATE,False,CREDITED,POSTGAME_ACTUAL_STARTER,ORACLE_STARTER_IDENTITY_ONLY,False
2025,6,REG,2025-10-12,2025_06_NE_NO,NE,NO,Drake Maye,MayeDr00,00-0039851,STATHEAD_QB_STARTED_QUERY,2025 Stathead pasted rank 286,STATHEAD_UNAMBIGUOUS_SINGLE_CANDIDATE,False,CREDITED,Spencer Rattler,RattSp00,00-0039376,STATHEAD_QB_STARTED_QUERY,2025 Stathead pasted rank 60,STATHEAD_UNAMBIGUOUS_SINGLE_CANDIDATE,False,CREDITED,POSTGAME_ACTUAL_STARTER,ORACLE_STARTER_IDENTITY_ONLY,False
2025,6,REG,2025-10-09,2025_06_PHI_NYG,PHI,NYG,Jalen Hurts,HurtJa00,00-0036389,STATHEAD_QB_STARTED_QUERY,2025 Stathead pasted rank 399,STATHEAD_UNAMBIGUOUS_SINGLE_CANDIDATE,False,CREDITED,Jaxson Dart,DartJa00,00-0040691,STATHEAD_QB_STARTED_QUERY,2025 Stathead pasted rank 477,STATHEAD_UNAMBIGUOUS_SINGLE_CANDIDATE,False,CREDITED,POSTGAME_ACTUAL_STARTER,ORACLE_STARTER_IDENTITY_ONLY,False
2025,6,REG,2025-10-12,2025_06_SEA_JAX,SEA,JAX,Sam Darnold,DarnSa00,00-0034869,STATHEAD_QB_STARTED_QUERY,2025 Stathead pasted rank 494,STATHEAD_UNAMBIGUOUS_SINGLE_CANDIDATE,False,CREDITED,Trevor Lawrence,LawrTr00,00-0036971,STATHEAD_QB_STARTED_QUERY,2025 Stathead pasted rank 344,STATHEAD_UNAMBIGUOUS_SINGLE_CANDIDATE,False,CREDITED,POSTGAME_ACTUAL_STARTER,ORACLE_STARTER_IDENTITY_ONLY,False
2025,6,REG,2025-10-12,2025_06_SF_TB,SF,TB,Mac Jones,JoneMa05,00-0036972,STATHEAD_QB_STARTED_QUERY,2025 Stathead pasted rank 361,STATHEAD_UNAMBIGUOUS_SINGLE_CANDIDATE,False,CREDITED,Baker Mayfield,MayfBa00,00-0034855,STATHEAD_QB_STARTED_QUERY,2025 Stathead pasted rank 267,STATHEAD_UNAMBIGUOUS_SINGLE_CANDIDATE,False,CREDITED,POSTGAME_ACTUAL_STARTER,ORACLE_STARTER_IDENTITY_ONLY,False
2025,6,REG,2025-10-12,2025_06_TEN_LV,TEN,LV,Cam Ward,WardCa00,00-0040676,STATHEAD_QB_STARTED_QUERY,2025 Stathead pasted rank 66,STATHEAD_UNAMBIGUOUS_SINGLE_CANDIDATE,False,CREDITED,Geno Smith,SmitGe00,00-0030565,STATHEAD_QB_STARTED_QUERY,2025 Stathead pasted rank 63,STATHEAD_UNAMBIGUOUS_SINGLE_CANDIDATE,False,CREDITED,POSTGAME_ACTUAL_STARTER,ORACLE_STARTER_IDENTITY_ONLY,False
2025,7,REG,2025-10-19,2025_07_ATL_SF,ATL,SF,Michael Penix,PeniMi00,00-0039917,STATHEAD_QB_STARTED_QUERY,2025 Stathead pasted rank 218,STATHEAD_UNAMBIGUOUS_SINGLE_CANDIDATE,False,CREDITED,Mac Jones,JoneMa05,00-0036972,STATHEAD_QB_STARTED_QUERY,2025 Stathead pasted rank 362,STATHEAD_UNAMBIGUOUS_SINGLE_CANDIDATE,False,CREDITED,POSTGAME_ACTUAL_STARTER,ORACLE_STARTER_IDENTITY_ONLY,False
2025,7,REG,2025-10-19,2025_07_CAR_NYJ,CAR,NYJ,Bryce Young,YounBr01,00-0039150,STATHEAD_QB_STARTED_QUERY,2025 Stathead pasted rank 79,STATHEAD_UNAMBIGUOUS_SINGLE_CANDIDATE,False,CREDITED,Justin Fields,FielJu00,00-0036945,STATHEAD_QB_STARTED_QUERY,2025 Stathead pasted rank 468,STATHEAD_UNAMBIGUOUS_SINGLE_CANDIDATE,False,CREDITED,POSTGAME_ACTUAL_STARTER,ORACLE_STARTER_IDENTITY_ONLY,False
2025,7,REG,2025-10-19,2025_07_GB_ARI,GB,ARI,Jordan Love,LoveJo03,00-0036264,STATHEAD_QB_STARTED_QUERY,2025 Stathead pasted rank 331,STATHEAD_UNAMBIGUOUS_SINGLE_CANDIDATE,False,CREDITED,Jacoby Brissett,BrisJa00,00-0033119,STATHEAD_QB_STARTED_QUERY,2025 Stathead pasted rank 541,STATHEAD_UNAMBIGUOUS_SINGLE_CANDIDATE,False,CREDITED,POSTGAME_ACTUAL_STARTER,ORACLE_STARTER_IDENTITY_ONLY,False
2025,7,REG,2025-10-20,2025_07_HOU_SEA,HOU,SEA,C.J. Stroud,StroCJ00,00-0039163,STATHEAD_QB_STARTED_QUERY,2025 Stathead pasted rank 74,STATHEAD_UNAMBIGUOUS_SINGLE_CANDIDATE,False,CREDITED,Sam Darnold,DarnSa00,00-0034869,STATHEAD_QB_STARTED_QUERY,2025 Stathead pasted rank 495,STATHEAD_UNAMBIGUOUS_SINGLE_CANDIDATE,False,CREDITED,POSTGAME_ACTUAL_STARTER,ORACLE_STARTER_IDENTITY_ONLY,False
2025,7,REG,2025-10-19,2025_07_IND_LAC,IND,LAC,Daniel Jones,JoneDa05,00-0035710,STATHEAD_QB_STARTED_QUERY,2025 Stathead pasted rank 372,STATHEAD_UNAMBIGUOUS_SINGLE_CANDIDATE,False,CREDITED,Justin Herbert,HerbJu00,00-0036355,STATHEAD_QB_STARTED_QUERY,2025 Stathead pasted rank 419,STATHEAD_UNAMBIGUOUS_SINGLE_CANDIDATE,False,CREDITED,POSTGAME_ACTUAL_STARTER,ORACLE_STARTER_IDENTITY_ONLY,False
2025,7,REG,2025-10-19,2025_07_LA_JAX,LAR,JAX,Matthew Stafford,StafMa00,00-0026498,STATHEAD_QB_STARTED_QUERY,2025 Stathead pasted rank 73,STATHEAD_UNAMBIGUOUS_SINGLE_CANDIDATE,False,CREDITED,Trevor Lawrence,LawrTr00,00-0036971,STATHEAD_QB_STARTED_QUERY,2025 Stathead pasted rank 345,STATHEAD_UNAMBIGUOUS_SINGLE_CANDIDATE,False,CREDITED,POSTGAME_ACTUAL_STARTER,ORACLE_STARTER_IDENTITY_ONLY,False
2025,7,REG,2025-10-19,2025_07_LV_KC,LV,KC,Geno Smith,SmitGe00,00-0030565,STATHEAD_QB_STARTED_QUERY,2025 Stathead pasted rank 72,STATHEAD_UNAMBIGUOUS_SINGLE_CANDIDATE,False,CREDITED,Patrick Mahomes,MahoPa00,00-0033873,STATHEAD_QB_STARTED_QUERY,2025 Stathead pasted rank 314,STATHEAD_UNAMBIGUOUS_SINGLE_CANDIDATE,False,CREDITED,POSTGAME_ACTUAL_STARTER,ORACLE_STARTER_IDENTITY_ONLY,False
2025,7,REG,2025-10-19,2025_07_MIA_CLE,MIA,CLE,Tua Tagovailoa,TagoTu00,00-0036212,STATHEAD_QB_STARTED_QUERY,2025 Stathead pasted rank 75,STATHEAD_UNAMBIGUOUS_SINGLE_CANDIDATE,False,CREDITED,Dillon Gabriel,GabrDi00,00-0040704,STATHEAD_QB_STARTED_QUERY,2025 Stathead pasted rank 449,STATHEAD_UNAMBIGUOUS_SINGLE_CANDIDATE,False,CREDITED,POSTGAME_ACTUAL_STARTER,ORACLE_STARTER_IDENTITY_ONLY,False
2025,7,REG,2025-10-19,2025_07_NE_TEN,NE,TEN,Drake Maye,MayeDr00,00-0039851,STATHEAD_QB_STARTED_QUERY,2025 Stathead pasted rank 287,STATHEAD_UNAMBIGUOUS_SINGLE_CANDIDATE,False,CREDITED,Cam Ward,WardCa00,00-0040676,STATHEAD_QB_STARTED_QUERY,2025 Stathead pasted rank 76,STATHEAD_UNAMBIGUOUS_SINGLE_CANDIDATE,False,CREDITED,POSTGAME_ACTUAL_STARTER,ORACLE_STARTER_IDENTITY_ONLY,False
2025,7,REG,2025-10-19,2025_07_NO_CHI,NO,CHI,Spencer Rattler,RattSp00,00-0039376,STATHEAD_QB_STARTED_QUERY,2025 Stathead pasted rank 70,STATHEAD_UNAMBIGUOUS_SINGLE_CANDIDATE,False,CREDITED,Caleb Williams,WillCa03,00-0039918,STATHEAD_QB_STARTED_QUERY,2025 Stathead pasted rank 78,STATHEAD_UNAMBIGUOUS_SINGLE_CANDIDATE,False,CREDITED,POSTGAME_ACTUAL_STARTER,ORACLE_STARTER_IDENTITY_ONLY,False
2025,7,REG,2025-10-19,2025_07_NYG_DEN,NYG,DEN,Jaxson Dart,DartJa00,00-0040691,STATHEAD_QB_STARTED_QUERY,2025 Stathead pasted rank 478,STATHEAD_UNAMBIGUOUS_SINGLE_CANDIDATE,False,CREDITED,Bo Nix,NixxBo00,00-0039732,STATHEAD_QB_STARTED_QUERY,2025 Stathead pasted rank 231,STATHEAD_UNAMBIGUOUS_SINGLE_CANDIDATE,False,CREDITED,POSTGAME_ACTUAL_STARTER,ORACLE_STARTER_IDENTITY_ONLY,False
2025,7,REG,2025-10-19,2025_07_PHI_MIN,PHI,MIN,Jalen Hurts,HurtJa00,00-0036389,STATHEAD_QB_STARTED_QUERY,2025 Stathead pasted rank 400,STATHEAD_UNAMBIGUOUS_SINGLE_CANDIDATE,False,CREDITED,Carson Wentz,WentCa00,00-0032950,STATHEAD_QB_STARTED_QUERY,2025 Stathead pasted rank 77,STATHEAD_UNAMBIGUOUS_SINGLE_CANDIDATE,False,CREDITED,POSTGAME_ACTUAL_STARTER,ORACLE_STARTER_IDENTITY_ONLY,False
2025,7,REG,2025-10-16,2025_07_PIT_CIN,PIT,CIN,Aaron Rodgers,RodgAa00,00-0023459,STATHEAD_QB_STARTED_QUERY,2025 Stathead pasted rank 71,STATHEAD_UNAMBIGUOUS_SINGLE_CANDIDATE,False,CREDITED,Joe Flacco,FlacJo00,00-0026158,STATHEAD_QB_STARTED_QUERY,2025 Stathead pasted rank 454,STATHEAD_UNAMBIGUOUS_SINGLE_CANDIDATE,False,CREDITED,POSTGAME_ACTUAL_STARTER,ORACLE_STARTER_IDENTITY_ONLY,False
2025,7,REG,2025-10-20,2025_07_TB_DET,TB,DET,Baker Mayfield,MayfBa00,00-0034855,STATHEAD_QB_STARTED_QUERY,2025 Stathead pasted rank 268,STATHEAD_UNAMBIGUOUS_SINGLE_CANDIDATE,False,CREDITED,Jared Goff,GoffJa00,00-0033106,STATHEAD_QB_STARTED_QUERY,2025 Stathead pasted rank 436,STATHEAD_UNAMBIGUOUS_SINGLE_CANDIDATE,False,CREDITED,POSTGAME_ACTUAL_STARTER,ORACLE_STARTER_IDENTITY_ONLY,False
2025,7,REG,2025-10-19,2025_07_WAS_DAL,WAS,DAL,Jayden Daniels,DaniJa02,00-0039910,STATHEAD_QB_STARTED_QUERY,2025 Stathead pasted rank 511,STATHEAD_UNAMBIGUOUS_SINGLE_CANDIDATE,False,CREDITED,Dak Prescott,PresDa01,00-0033077,STATHEAD_QB_STARTED_QUERY,2025 Stathead pasted rank 69,STATHEAD_UNAMBIGUOUS_SINGLE_CANDIDATE,False,CREDITED,POSTGAME_ACTUAL_STARTER,ORACLE_STARTER_IDENTITY_ONLY,False
2025,8,REG,2025-10-26,2025_08_BUF_CAR,BUF,CAR,Josh Allen,AlleJo02,00-0034857,STATHEAD_QB_STARTED_QUERY,2025 Stathead pasted rank 559,STATHEAD_UNAMBIGUOUS_SINGLE_CANDIDATE,False,CREDITED,Andy Dalton,DaltAn00,00-0027973,STATHEAD_QB_STARTED_QUERY,2025 Stathead pasted rank 514,STATHEAD_UNAMBIGUOUS_SINGLE_CANDIDATE,False,CREDITED,POSTGAME_ACTUAL_STARTER,ORACLE_STARTER_IDENTITY_ONLY,False
2025,8,REG,2025-10-26,2025_08_CHI_BAL,CHI,BAL,Caleb Williams,WillCa03,00-0039918,STATHEAD_QB_STARTED_QUERY,2025 Stathead pasted rank 86,STATHEAD_UNAMBIGUOUS_SINGLE_CANDIDATE,False,CREDITED,Tyler Huntley,HuntTy01,00-0035993,STATHEAD_QB_STARTED_QUERY,2025 Stathead pasted rank 411,STATHEAD_UNAMBIGUOUS_SINGLE_CANDIDATE,False,CREDITED,POSTGAME_ACTUAL_STARTER,ORACLE_STARTER_IDENTITY_ONLY,False
2025,8,REG,2025-10-26,2025_08_CLE_NE,CLE,NE,Dillon Gabriel,GabrDi00,00-0040704,STATHEAD_QB_STARTED_QUERY,2025 Stathead pasted rank 450,STATHEAD_UNAMBIGUOUS_SINGLE_CANDIDATE,False,CREDITED,Drake Maye,MayeDr00,00-0039851,STATHEAD_QB_STARTED_QUERY,2025 Stathead pasted rank 288,STATHEAD_UNAMBIGUOUS_SINGLE_CANDIDATE,False,CREDITED,POSTGAME_ACTUAL_STARTER,ORACLE_STARTER_IDENTITY_ONLY,False
2025,8,REG,2025-10-26,2025_08_DAL_DEN,DAL,DEN,Dak Prescott,PresDa01,00-0033077,STATHEAD_QB_STARTED_QUERY,2025 Stathead pasted rank 201,STATHEAD_UNAMBIGUOUS_SINGLE_CANDIDATE,False,CREDITED,Bo Nix,NixxBo00,00-0039732,STATHEAD_QB_STARTED_QUERY,2025 Stathead pasted rank 232,STATHEAD_UNAMBIGUOUS_SINGLE_CANDIDATE,False,CREDITED,POSTGAME_ACTUAL_STARTER,ORACLE_STARTER_IDENTITY_ONLY,False
2025,8,REG,2025-10-26,2025_08_GB_PIT,GB,PIT,Jordan Love,LoveJo03,00-0036264,STATHEAD_QB_STARTED_QUERY,2025 Stathead pasted rank 332,STATHEAD_UNAMBIGUOUS_SINGLE_CANDIDATE,False,CREDITED,Aaron Rodgers,RodgAa00,00-0023459,STATHEAD_QB_STARTED_QUERY,2025 Stathead pasted rank 81,STATHEAD_UNAMBIGUOUS_SINGLE_CANDIDATE,False,CREDITED,POSTGAME_ACTUAL_STARTER,ORACLE_STARTER_IDENTITY_ONLY,False
2025,8,REG,2025-10-26,2025_08_MIA_ATL,MIA,ATL,Tua Tagovailoa,TagoTu00,00-0036212,STATHEAD_QB_STARTED_QUERY,2025 Stathead pasted rank 83,STATHEAD_UNAMBIGUOUS_SINGLE_CANDIDATE,False,CREDITED,Kirk Cousins,CousKi00,00-0029604,STATHEAD_QB_STARTED_QUERY,2025 Stathead pasted rank 515,STATHEAD_UNAMBIGUOUS_SINGLE_CANDIDATE,False,CREDITED,POSTGAME_ACTUAL_STARTER,ORACLE_STARTER_IDENTITY_ONLY,False
2025,8,REG,2025-10-23,2025_08_MIN_LAC,MIN,LAC,Carson Wentz,WentCa00,00-0032950,STATHEAD_QB_STARTED_QUERY,2025 Stathead pasted rank 85,STATHEAD_UNAMBIGUOUS_SINGLE_CANDIDATE,False,CREDITED,Justin Herbert,HerbJu00,00-0036355,STATHEAD_QB_STARTED_QUERY,2025 Stathead pasted rank 420,STATHEAD_UNAMBIGUOUS_SINGLE_CANDIDATE,False,CREDITED,POSTGAME_ACTUAL_STARTER,ORACLE_STARTER_IDENTITY_ONLY,False
2025,8,REG,2025-10-26,2025_08_NYG_PHI,NYG,PHI,Jaxson Dart,DartJa00,00-0040691,STATHEAD_QB_STARTED_QUERY,2025 Stathead pasted rank 479,STATHEAD_UNAMBIGUOUS_SINGLE_CANDIDATE,False,CREDITED,Jalen Hurts,HurtJa00,00-0036389,STATHEAD_QB_STARTED_QUERY,2025 Stathead pasted rank 401,STATHEAD_UNAMBIGUOUS_SINGLE_CANDIDATE,False,CREDITED,POSTGAME_ACTUAL_STARTER,ORACLE_STARTER_IDENTITY_ONLY,False
2025,8,REG,2025-10-26,2025_08_NYJ_CIN,NYJ,CIN,Justin Fields,FielJu00,00-0036945,STATHEAD_QB_STARTED_QUERY,2025 Stathead pasted rank 469,STATHEAD_UNAMBIGUOUS_SINGLE_CANDIDATE,False,CREDITED,Joe Flacco,FlacJo00,00-0026158,STATHEAD_QB_STARTED_QUERY,2025 Stathead pasted rank 455,STATHEAD_UNAMBIGUOUS_SINGLE_CANDIDATE,False,CREDITED,POSTGAME_ACTUAL_STARTER,ORACLE_STARTER_IDENTITY_ONLY,False
2025,8,REG,2025-10-26,2025_08_SF_HOU,SF,HOU,Mac Jones,JoneMa05,00-0036972,STATHEAD_QB_STARTED_QUERY,2025 Stathead pasted rank 363,STATHEAD_UNAMBIGUOUS_SINGLE_CANDIDATE,False,CREDITED,C.J. Stroud,StroCJ00,00-0039163,STATHEAD_QB_STARTED_QUERY,2025 Stathead pasted rank 82,STATHEAD_UNAMBIGUOUS_SINGLE_CANDIDATE,False,CREDITED,POSTGAME_ACTUAL_STARTER,ORACLE_STARTER_IDENTITY_ONLY,False
2025,8,REG,2025-10-26,2025_08_TB_NO,TB,NO,Baker Mayfield,MayfBa00,00-0034855,STATHEAD_QB_STARTED_QUERY,2025 Stathead pasted rank 269,STATHEAD_UNAMBIGUOUS_SINGLE_CANDIDATE,False,CREDITED,Spencer Rattler,RattSp00,00-0039376,STATHEAD_QB_STARTED_QUERY,2025 Stathead pasted rank 80,STATHEAD_UNAMBIGUOUS_SINGLE_CANDIDATE,False,CREDITED,POSTGAME_ACTUAL_STARTER,ORACLE_STARTER_IDENTITY_ONLY,False
2025,8,REG,2025-10-26,2025_08_TEN_IND,TEN,IND,Cam Ward,WardCa00,00-0040676,STATHEAD_QB_STARTED_QUERY,2025 Stathead pasted rank 84,STATHEAD_UNAMBIGUOUS_SINGLE_CANDIDATE,False,CREDITED,Daniel Jones,JoneDa05,00-0035710,STATHEAD_QB_STARTED_QUERY,2025 Stathead pasted rank 373,STATHEAD_UNAMBIGUOUS_SINGLE_CANDIDATE,False,CREDITED,POSTGAME_ACTUAL_STARTER,ORACLE_STARTER_IDENTITY_ONLY,False
2025,8,REG,2025-10-27,2025_08_WAS_KC,WAS,KC,Marcus Mariota,MariMa01,00-0032268,STATHEAD_QB_STARTED_QUERY,2025 Stathead pasted rank 302,STATHEAD_UNAMBIGUOUS_SINGLE_CANDIDATE,False,CREDITED,Patrick Mahomes,MahoPa00,00-0033873,STATHEAD_QB_STARTED_QUERY,2025 Stathead pasted rank 315,STATHEAD_UNAMBIGUOUS_SINGLE_CANDIDATE,False,CREDITED,POSTGAME_ACTUAL_STARTER,ORACLE_STARTER_IDENTITY_ONLY,False
2025,9,REG,2025-11-03,2025_09_ARI_DAL,ARI,DAL,Jacoby Brissett,BrisJa00,00-0033119,STATHEAD_QB_STARTED_QUERY,2025 Stathead pasted rank 542,STATHEAD_UNAMBIGUOUS_SINGLE_CANDIDATE,False,CREDITED,Dak Prescott,PresDa01,00-0033077,STATHEAD_QB_STARTED_QUERY,2025 Stathead pasted rank 202,STATHEAD_UNAMBIGUOUS_SINGLE_CANDIDATE,False,CREDITED,POSTGAME_ACTUAL_STARTER,ORACLE_STARTER_IDENTITY_ONLY,False
2025,9,REG,2025-11-02,2025_09_ATL_NE,ATL,NE,Michael Penix,PeniMi00,00-0039917,STATHEAD_QB_STARTED_QUERY,2025 Stathead pasted rank 219,STATHEAD_UNAMBIGUOUS_SINGLE_CANDIDATE,False,CREDITED,Drake Maye,MayeDr00,00-0039851,STATHEAD_QB_STARTED_QUERY,2025 Stathead pasted rank 289,STATHEAD_UNAMBIGUOUS_SINGLE_CANDIDATE,False,CREDITED,POSTGAME_ACTUAL_STARTER,ORACLE_STARTER_IDENTITY_ONLY,False
2025,9,REG,2025-10-30,2025_09_BAL_MIA,BAL,MIA,Lamar Jackson,JackLa00,00-0034796,STATHEAD_QB_STARTED_QUERY,2025 Stathead pasted rank 385,STATHEAD_UNAMBIGUOUS_SINGLE_CANDIDATE,False,CREDITED,Tua Tagovailoa,TagoTu00,00-0036212,STATHEAD_QB_STARTED_QUERY,2025 Stathead pasted rank 92,STATHEAD_UNAMBIGUOUS_SINGLE_CANDIDATE,False,CREDITED,POSTGAME_ACTUAL_STARTER,ORACLE_STARTER_IDENTITY_ONLY,False
2025,9,REG,2025-11-02,2025_09_CAR_GB,CAR,GB,Bryce Young,YounBr01,00-0039150,STATHEAD_QB_STARTED_QUERY,2025 Stathead pasted rank 95,STATHEAD_UNAMBIGUOUS_SINGLE_CANDIDATE,False,CREDITED,Jordan Love,LoveJo03,00-0036264,STATHEAD_QB_STARTED_QUERY,2025 Stathead pasted rank 333,STATHEAD_UNAMBIGUOUS_SINGLE_CANDIDATE,False,CREDITED,POSTGAME_ACTUAL_STARTER,ORACLE_STARTER_IDENTITY_ONLY,False
2025,9,REG,2025-11-02,2025_09_CHI_CIN,CHI,CIN,Caleb Williams,WillCa03,00-0039918,STATHEAD_QB_STARTED_QUERY,2025 Stathead pasted rank 94,STATHEAD_UNAMBIGUOUS_SINGLE_CANDIDATE,False,CREDITED,Joe Flacco,FlacJo00,00-0026158,STATHEAD_QB_STARTED_QUERY,2025 Stathead pasted rank 456,STATHEAD_UNAMBIGUOUS_SINGLE_CANDIDATE,False,CREDITED,POSTGAME_ACTUAL_STARTER,ORACLE_STARTER_IDENTITY_ONLY,False
2025,9,REG,2025-11-02,2025_09_DEN_HOU,DEN,HOU,Bo Nix,NixxBo00,00-0039732,STATHEAD_QB_STARTED_QUERY,2025 Stathead pasted rank 233,STATHEAD_UNAMBIGUOUS_SINGLE_CANDIDATE,False,CREDITED,C.J. Stroud,StroCJ00,00-0039163,STATHEAD_QB_STARTED_QUERY,2025 Stathead pasted rank 91,STATHEAD_UNAMBIGUOUS_SINGLE_CANDIDATE,False,CREDITED,POSTGAME_ACTUAL_STARTER,ORACLE_STARTER_IDENTITY_ONLY,False
2025,9,REG,2025-11-02,2025_09_IND_PIT,IND,PIT,Daniel Jones,JoneDa05,00-0035710,STATHEAD_QB_STARTED_QUERY,2025 Stathead pasted rank 374,STATHEAD_UNAMBIGUOUS_SINGLE_CANDIDATE,False,CREDITED,Aaron Rodgers,RodgAa00,00-0023459,STATHEAD_QB_STARTED_QUERY,2025 Stathead pasted rank 87,STATHEAD_UNAMBIGUOUS_SINGLE_CANDIDATE,False,CREDITED,POSTGAME_ACTUAL_STARTER,ORACLE_STARTER_IDENTITY_ONLY,False
2025,9,REG,2025-11-02,2025_09_JAX_LV,JAX,LV,Trevor Lawrence,LawrTr00,00-0036971,STATHEAD_QB_STARTED_QUERY,2025 Stathead pasted rank 346,STATHEAD_UNAMBIGUOUS_SINGLE_CANDIDATE,False,CREDITED,Geno Smith,SmitGe00,00-0030565,STATHEAD_QB_STARTED_QUERY,2025 Stathead pasted rank 89,STATHEAD_UNAMBIGUOUS_SINGLE_CANDIDATE,False,CREDITED,POSTGAME_ACTUAL_STARTER,ORACLE_STARTER_IDENTITY_ONLY,False
2025,9,REG,2025-11-02,2025_09_KC_BUF,KC,BUF,Patrick Mahomes,MahoPa00,00-0033873,STATHEAD_QB_STARTED_QUERY,2025 Stathead pasted rank 316,STATHEAD_UNAMBIGUOUS_SINGLE_CANDIDATE,False,CREDITED,Josh Allen,AlleJo02,00-0034857,STATHEAD_QB_STARTED_QUERY,2025 Stathead pasted rank 560,STATHEAD_UNAMBIGUOUS_SINGLE_CANDIDATE,False,CREDITED,POSTGAME_ACTUAL_STARTER,ORACLE_STARTER_IDENTITY_ONLY,False
2025,9,REG,2025-11-02,2025_09_LAC_TEN,LAC,TEN,Justin Herbert,HerbJu00,00-0036355,STATHEAD_QB_STARTED_QUERY,2025 Stathead pasted rank 421,STATHEAD_UNAMBIGUOUS_SINGLE_CANDIDATE,False,CREDITED,Cam Ward,WardCa00,00-0040676,STATHEAD_QB_STARTED_QUERY,2025 Stathead pasted rank 93,STATHEAD_UNAMBIGUOUS_SINGLE_CANDIDATE,False,CREDITED,POSTGAME_ACTUAL_STARTER,ORACLE_STARTER_IDENTITY_ONLY,False
2025,9,REG,2025-11-02,2025_09_MIN_DET,MIN,DET,J.J. McCarthy,McCaJJ00,00-0039923,STATHEAD_QB_STARTED_QUERY,2025 Stathead pasted rank 254,STATHEAD_UNAMBIGUOUS_SINGLE_CANDIDATE,False,CREDITED,Jared Goff,GoffJa00,00-0033106,STATHEAD_QB_STARTED_QUERY,2025 Stathead pasted rank 437,STATHEAD_UNAMBIGUOUS_SINGLE_CANDIDATE,False,CREDITED,POSTGAME_ACTUAL_STARTER,ORACLE_STARTER_IDENTITY_ONLY,False
2025,9,REG,2025-11-02,2025_09_NO_LA,NO,LAR,Tyler Shough,ShouTy00,00-0040743,STATHEAD_QB_STARTED_QUERY,2025 Stathead pasted rank 88,STATHEAD_UNAMBIGUOUS_SINGLE_CANDIDATE,False,CREDITED,Matthew Stafford,StafMa00,00-0026498,STATHEAD_QB_STARTED_QUERY,2025 Stathead pasted rank 90,STATHEAD_UNAMBIGUOUS_SINGLE_CANDIDATE,False,CREDITED,POSTGAME_ACTUAL_STARTER,ORACLE_STARTER_IDENTITY_ONLY,False
2025,9,REG,2025-11-02,2025_09_SEA_WAS,SEA,WAS,Sam Darnold,DarnSa00,00-0034869,STATHEAD_QB_STARTED_QUERY,2025 Stathead pasted rank 496,STATHEAD_UNAMBIGUOUS_SINGLE_CANDIDATE,False,CREDITED,Jayden Daniels,DaniJa02,00-0039910,STATHEAD_QB_STARTED_QUERY,2025 Stathead pasted rank 512,STATHEAD_UNAMBIGUOUS_SINGLE_CANDIDATE,False,CREDITED,POSTGAME_ACTUAL_STARTER,ORACLE_STARTER_IDENTITY_ONLY,False
2025,9,REG,2025-11-02,2025_09_SF_NYG,SF,NYG,Mac Jones,JoneMa05,00-0036972,STATHEAD_QB_STARTED_QUERY,2025 Stathead pasted rank 364,STATHEAD_UNAMBIGUOUS_SINGLE_CANDIDATE,False,CREDITED,Jaxson Dart,DartJa00,00-0040691,STATHEAD_QB_STARTED_QUERY,2025 Stathead pasted rank 480,STATHEAD_UNAMBIGUOUS_SINGLE_CANDIDATE,False,CREDITED,POSTGAME_ACTUAL_STARTER,ORACLE_STARTER_IDENTITY_ONLY,False
2025,10,REG,2025-11-09,2025_10_ARI_SEA,ARI,SEA,Jacoby Brissett,BrisJa00,00-0033119,STATHEAD_QB_STARTED_QUERY,2025 Stathead pasted rank 543,STATHEAD_UNAMBIGUOUS_SINGLE_CANDIDATE,False,CREDITED,Sam Darnold,DarnSa00,00-0034869,STATHEAD_QB_STARTED_QUERY,2025 Stathead pasted rank 497,STATHEAD_UNAMBIGUOUS_SINGLE_CANDIDATE,False,CREDITED,POSTGAME_ACTUAL_STARTER,ORACLE_STARTER_IDENTITY_ONLY,False
2025,10,REG,2025-11-09,2025_10_ATL_IND,ATL,IND,Michael Penix,PeniMi00,00-0039917,STATHEAD_QB_STARTED_QUERY,2025 Stathead pasted rank 220,STATHEAD_UNAMBIGUOUS_SINGLE_CANDIDATE,False,CREDITED,Daniel Jones,JoneDa05,00-0035710,STATHEAD_QB_STARTED_QUERY,2025 Stathead pasted rank 375,STATHEAD_UNAMBIGUOUS_SINGLE_CANDIDATE,False,CREDITED,POSTGAME_ACTUAL_STARTER,ORACLE_STARTER_IDENTITY_ONLY,False
2025,10,REG,2025-11-09,2025_10_BAL_MIN,BAL,MIN,Lamar Jackson,JackLa00,00-0034796,STATHEAD_QB_STARTED_QUERY,2025 Stathead pasted rank 386,STATHEAD_UNAMBIGUOUS_SINGLE_CANDIDATE,False,CREDITED,J.J. McCarthy,McCaJJ00,00-0039923,STATHEAD_QB_STARTED_QUERY,2025 Stathead pasted rank 255,STATHEAD_UNAMBIGUOUS_SINGLE_CANDIDATE,False,CREDITED,POSTGAME_ACTUAL_STARTER,ORACLE_STARTER_IDENTITY_ONLY,False
2025,10,REG,2025-11-09,2025_10_BUF_MIA,BUF,MIA,Josh Allen,AlleJo02,00-0034857,STATHEAD_QB_STARTED_QUERY,2025 Stathead pasted rank 561,STATHEAD_UNAMBIGUOUS_SINGLE_CANDIDATE,False,CREDITED,Tua Tagovailoa,TagoTu00,00-0036212,STATHEAD_QB_STARTED_QUERY,2025 Stathead pasted rank 100,STATHEAD_UNAMBIGUOUS_SINGLE_CANDIDATE,False,CREDITED,POSTGAME_ACTUAL_STARTER,ORACLE_STARTER_IDENTITY_ONLY,False
2025,10,REG,2025-11-09,2025_10_CLE_NYJ,CLE,NYJ,Dillon Gabriel,GabrDi00,00-0040704,STATHEAD_QB_STARTED_QUERY,2025 Stathead pasted rank 451,STATHEAD_UNAMBIGUOUS_SINGLE_CANDIDATE,False,CREDITED,Justin Fields,FielJu00,00-0036945,STATHEAD_QB_STARTED_QUERY,2025 Stathead pasted rank 470,STATHEAD_UNAMBIGUOUS_SINGLE_CANDIDATE,False,CREDITED,POSTGAME_ACTUAL_STARTER,ORACLE_STARTER_IDENTITY_ONLY,False
2025,10,REG,2025-11-09,2025_10_DET_WAS,DET,WAS,Jared Goff,GoffJa00,00-0033106,STATHEAD_QB_STARTED_QUERY,2025 Stathead pasted rank 438,STATHEAD_UNAMBIGUOUS_SINGLE_CANDIDATE,False,CREDITED,Marcus Mariota,MariMa01,00-0032268,STATHEAD_QB_STARTED_QUERY,2025 Stathead pasted rank 303,STATHEAD_UNAMBIGUOUS_SINGLE_CANDIDATE,False,CREDITED,POSTGAME_ACTUAL_STARTER,ORACLE_STARTER_IDENTITY_ONLY,False
2025,10,REG,2025-11-09,2025_10_JAX_HOU,JAX,HOU,Trevor Lawrence,LawrTr00,00-0036971,STATHEAD_QB_STARTED_QUERY,2025 Stathead pasted rank 347,STATHEAD_UNAMBIGUOUS_SINGLE_CANDIDATE,False,CREDITED,Davis Mills,MillDa02,00-0036898,STATHEAD_QB_STARTED_QUERY,2025 Stathead pasted rank 248,STATHEAD_UNAMBIGUOUS_SINGLE_CANDIDATE,False,CREDITED,POSTGAME_ACTUAL_STARTER,ORACLE_STARTER_IDENTITY_ONLY,False
2025,10,REG,2025-11-09,2025_10_LA_SF,LAR,SF,Matthew Stafford,StafMa00,00-0026498,STATHEAD_QB_STARTED_QUERY,2025 Stathead pasted rank 99,STATHEAD_UNAMBIGUOUS_SINGLE_CANDIDATE,False,CREDITED,Mac Jones,JoneMa05,00-0036972,STATHEAD_QB_STARTED_QUERY,2025 Stathead pasted rank 365,STATHEAD_UNAMBIGUOUS_SINGLE_CANDIDATE,False,CREDITED,POSTGAME_ACTUAL_STARTER,ORACLE_STARTER_IDENTITY_ONLY,False
2025,10,REG,2025-11-06,2025_10_LV_DEN,LV,DEN,Geno Smith,SmitGe00,00-0030565,STATHEAD_QB_STARTED_QUERY,2025 Stathead pasted rank 98,STATHEAD_UNAMBIGUOUS_SINGLE_CANDIDATE,False,CREDITED,Bo Nix,NixxBo00,00-0039732,STATHEAD_QB_STARTED_QUERY,2025 Stathead pasted rank 234,STATHEAD_UNAMBIGUOUS_SINGLE_CANDIDATE,False,CREDITED,POSTGAME_ACTUAL_STARTER,ORACLE_STARTER_IDENTITY_ONLY,False
2025,10,REG,2025-11-09,2025_10_NE_TB,NE,TB,Drake Maye,MayeDr00,00-0039851,STATHEAD_QB_STARTED_QUERY,2025 Stathead pasted rank 290,STATHEAD_UNAMBIGUOUS_SINGLE_CANDIDATE,False,CREDITED,Baker Mayfield,MayfBa00,00-0034855,STATHEAD_QB_STARTED_QUERY,2025 Stathead pasted rank 270,STATHEAD_UNAMBIGUOUS_SINGLE_CANDIDATE,False,CREDITED,POSTGAME_ACTUAL_STARTER,ORACLE_STARTER_IDENTITY_ONLY,False
2025,10,REG,2025-11-09,2025_10_NO_CAR,NO,CAR,Tyler Shough,ShouTy00,00-0040743,STATHEAD_QB_STARTED_QUERY,2025 Stathead pasted rank 97,STATHEAD_UNAMBIGUOUS_SINGLE_CANDIDATE,False,CREDITED,Bryce Young,YounBr01,00-0039150,STATHEAD_QB_STARTED_QUERY,2025 Stathead pasted rank 102,STATHEAD_UNAMBIGUOUS_SINGLE_CANDIDATE,False,CREDITED,POSTGAME_ACTUAL_STARTER,ORACLE_STARTER_IDENTITY_ONLY,False
2025,10,REG,2025-11-09,2025_10_NYG_CHI,NYG,CHI,Jaxson Dart,DartJa00,00-0040691,STATHEAD_QB_STARTED_QUERY,2025 Stathead pasted rank 481,STATHEAD_UNAMBIGUOUS_SINGLE_CANDIDATE,False,CREDITED,Caleb Williams,WillCa03,00-0039918,STATHEAD_QB_STARTED_QUERY,2025 Stathead pasted rank 101,STATHEAD_UNAMBIGUOUS_SINGLE_CANDIDATE,False,CREDITED,POSTGAME_ACTUAL_STARTER,ORACLE_STARTER_IDENTITY_ONLY,False
2025,10,REG,2025-11-10,2025_10_PHI_GB,PHI,GB,Jalen Hurts,HurtJa00,00-0036389,STATHEAD_QB_STARTED_QUERY,2025 Stathead pasted rank 402,STATHEAD_UNAMBIGUOUS_SINGLE_CANDIDATE,False,CREDITED,Jordan Love,LoveJo03,00-0036264,STATHEAD_QB_STARTED_QUERY,2025 Stathead pasted rank 334,STATHEAD_UNAMBIGUOUS_SINGLE_CANDIDATE,False,CREDITED,POSTGAME_ACTUAL_STARTER,ORACLE_STARTER_IDENTITY_ONLY,False
2025,10,REG,2025-11-09,2025_10_PIT_LAC,PIT,LAC,Aaron Rodgers,RodgAa00,00-0023459,STATHEAD_QB_STARTED_QUERY,2025 Stathead pasted rank 96,STATHEAD_UNAMBIGUOUS_SINGLE_CANDIDATE,False,CREDITED,Justin Herbert,HerbJu00,00-0036355,STATHEAD_QB_STARTED_QUERY,2025 Stathead pasted rank 422,STATHEAD_UNAMBIGUOUS_SINGLE_CANDIDATE,False,CREDITED,POSTGAME_ACTUAL_STARTER,ORACLE_STARTER_IDENTITY_ONLY,False
2025,11,REG,2025-11-16,2025_11_BAL_CLE,BAL,CLE,Lamar Jackson,JackLa00,00-0034796,STATHEAD_QB_STARTED_QUERY,2025 Stathead pasted rank 387,STATHEAD_UNAMBIGUOUS_SINGLE_CANDIDATE,False,CREDITED,Dillon Gabriel,GabrDi00,00-0040704,STATHEAD_QB_STARTED_QUERY,2025 Stathead pasted rank 452,STATHEAD_UNAMBIGUOUS_SINGLE_CANDIDATE,False,CREDITED,POSTGAME_ACTUAL_STARTER,ORACLE_STARTER_IDENTITY_ONLY,False
2025,11,REG,2025-11-16,2025_11_CAR_ATL,CAR,ATL,Bryce Young,YounBr01,00-0039150,STATHEAD_QB_STARTED_QUERY,2025 Stathead pasted rank 111,STATHEAD_UNAMBIGUOUS_SINGLE_CANDIDATE,False,CREDITED,Michael Penix,PeniMi00,00-0039917,STATHEAD_QB_STARTED_QUERY,2025 Stathead pasted rank 221,STATHEAD_UNAMBIGUOUS_SINGLE_CANDIDATE,False,CREDITED,POSTGAME_ACTUAL_STARTER,ORACLE_STARTER_IDENTITY_ONLY,False
2025,11,REG,2025-11-16,2025_11_CHI_MIN,CHI,MIN,Caleb Williams,WillCa03,00-0039918,STATHEAD_QB_STARTED_QUERY,2025 Stathead pasted rank 109,STATHEAD_UNAMBIGUOUS_SINGLE_CANDIDATE,False,CREDITED,J.J. McCarthy,McCaJJ00,00-0039923,STATHEAD_QB_STARTED_QUERY,2025 Stathead pasted rank 256,STATHEAD_UNAMBIGUOUS_SINGLE_CANDIDATE,False,CREDITED,POSTGAME_ACTUAL_STARTER,ORACLE_STARTER_IDENTITY_ONLY,False
2025,11,REG,2025-11-16,2025_11_CIN_PIT,CIN,PIT,Joe Flacco,FlacJo00,00-0026158,STATHEAD_QB_STARTED_QUERY,2025 Stathead pasted rank 457,STATHEAD_UNAMBIGUOUS_SINGLE_CANDIDATE,False,CREDITED,Aaron Rodgers,RodgAa00,00-0023459,STATHEAD_QB_STARTED_QUERY,2025 Stathead pasted rank 104,STATHEAD_UNAMBIGUOUS_SINGLE_CANDIDATE,False,CREDITED,POSTGAME_ACTUAL_STARTER,ORACLE_STARTER_IDENTITY_ONLY,False
2025,11,REG,2025-11-17,2025_11_DAL_LV,DAL,LV,Dak Prescott,PresDa01,00-0033077,STATHEAD_QB_STARTED_QUERY,2025 Stathead pasted rank 203,STATHEAD_UNAMBIGUOUS_SINGLE_CANDIDATE,False,CREDITED,Geno Smith,SmitGe00,00-0030565,STATHEAD_QB_STARTED_QUERY,2025 Stathead pasted rank 105,STATHEAD_UNAMBIGUOUS_SINGLE_CANDIDATE,False,CREDITED,POSTGAME_ACTUAL_STARTER,ORACLE_STARTER_IDENTITY_ONLY,False
2025,11,REG,2025-11-16,2025_11_DET_PHI,DET,PHI,Jared Goff,GoffJa00,00-0033106,STATHEAD_QB_STARTED_QUERY,2025 Stathead pasted rank 439,STATHEAD_UNAMBIGUOUS_SINGLE_CANDIDATE,False,CREDITED,Jalen Hurts,HurtJa00,00-0036389,STATHEAD_QB_STARTED_QUERY,2025 Stathead pasted rank 403,STATHEAD_UNAMBIGUOUS_SINGLE_CANDIDATE,False,CREDITED,POSTGAME_ACTUAL_STARTER,ORACLE_STARTER_IDENTITY_ONLY,False
2025,11,REG,2025-11-16,2025_11_GB_NYG,GB,NYG,Jordan Love,LoveJo03,00-0036264,STATHEAD_QB_STARTED_QUERY,2025 Stathead pasted rank 335,STATHEAD_UNAMBIGUOUS_SINGLE_CANDIDATE,False,CREDITED,Jameis Winston,WinsJa00,00-0031503,STATHEAD_QB_STARTED_QUERY,2025 Stathead pasted rank 110,STATHEAD_UNAMBIGUOUS_SINGLE_CANDIDATE,False,CREDITED,POSTGAME_ACTUAL_STARTER,ORACLE_STARTER_IDENTITY_ONLY,False
2025,11,REG,2025-11-16,2025_11_HOU_TEN,HOU,TEN,Davis Mills,MillDa02,00-0036898,STATHEAD_QB_STARTED_QUERY,2025 Stathead pasted rank 249,STATHEAD_UNAMBIGUOUS_SINGLE_CANDIDATE,False,CREDITED,Cam Ward,WardCa00,00-0040676,STATHEAD_QB_STARTED_QUERY,2025 Stathead pasted rank 108,STATHEAD_UNAMBIGUOUS_SINGLE_CANDIDATE,False,CREDITED,POSTGAME_ACTUAL_STARTER,ORACLE_STARTER_IDENTITY_ONLY,False
2025,11,REG,2025-11-16,2025_11_KC_DEN,KC,DEN,Patrick Mahomes,MahoPa00,00-0033873,STATHEAD_QB_STARTED_QUERY,2025 Stathead pasted rank 317,STATHEAD_UNAMBIGUOUS_SINGLE_CANDIDATE,False,CREDITED,Bo Nix,NixxBo00,00-0039732,STATHEAD_QB_STARTED_QUERY,2025 Stathead pasted rank 235,STATHEAD_UNAMBIGUOUS_SINGLE_CANDIDATE,False,CREDITED,POSTGAME_ACTUAL_STARTER,ORACLE_STARTER_IDENTITY_ONLY,False
2025,11,REG,2025-11-16,2025_11_LAC_JAX,LAC,JAX,Justin Herbert,HerbJu00,00-0036355,STATHEAD_QB_STARTED_QUERY,2025 Stathead pasted rank 423,STATHEAD_UNAMBIGUOUS_SINGLE_CANDIDATE,False,CREDITED,Trevor Lawrence,LawrTr00,00-0036971,STATHEAD_QB_STARTED_QUERY,2025 Stathead pasted rank 348,STATHEAD_UNAMBIGUOUS_SINGLE_CANDIDATE,False,CREDITED,POSTGAME_ACTUAL_STARTER,ORACLE_STARTER_IDENTITY_ONLY,False
2025,11,REG,2025-11-13,2025_11_NYJ_NE,NYJ,NE,Justin Fields,FielJu00,00-0036945,STATHEAD_QB_STARTED_QUERY,2025 Stathead pasted rank 471,STATHEAD_UNAMBIGUOUS_SINGLE_CANDIDATE,False,CREDITED,Drake Maye,MayeDr00,00-0039851,STATHEAD_QB_STARTED_QUERY,2025 Stathead pasted rank 291,STATHEAD_UNAMBIGUOUS_SINGLE_CANDIDATE,False,CREDITED,POSTGAME_ACTUAL_STARTER,ORACLE_STARTER_IDENTITY_ONLY,False
2025,11,REG,2025-11-16,2025_11_SEA_LA,SEA,LAR,Sam Darnold,DarnSa00,00-0034869,STATHEAD_QB_STARTED_QUERY,2025 Stathead pasted rank 498,STATHEAD_UNAMBIGUOUS_SINGLE_CANDIDATE,False,CREDITED,Matthew Stafford,StafMa00,00-0026498,STATHEAD_QB_STARTED_QUERY,2025 Stathead pasted rank 106,STATHEAD_UNAMBIGUOUS_SINGLE_CANDIDATE,False,CREDITED,POSTGAME_ACTUAL_STARTER,ORACLE_STARTER_IDENTITY_ONLY,False
2025,11,REG,2025-11-16,2025_11_SF_ARI,SF,ARI,Brock Purdy,PurdBr00,00-0037834,STATHEAD_QB_STARTED_QUERY,2025 Stathead pasted rank 103,STATHEAD_UNAMBIGUOUS_SINGLE_CANDIDATE,False,CREDITED,Jacoby Brissett,BrisJa00,00-0033119,STATHEAD_QB_STARTED_QUERY,2025 Stathead pasted rank 544,STATHEAD_UNAMBIGUOUS_SINGLE_CANDIDATE,False,CREDITED,POSTGAME_ACTUAL_STARTER,ORACLE_STARTER_IDENTITY_ONLY,False
2025,11,REG,2025-11-16,2025_11_TB_BUF,TB,BUF,Baker Mayfield,MayfBa00,00-0034855,STATHEAD_QB_STARTED_QUERY,2025 Stathead pasted rank 271,STATHEAD_UNAMBIGUOUS_SINGLE_CANDIDATE,False,CREDITED,Josh Allen,AlleJo02,00-0034857,STATHEAD_QB_STARTED_QUERY,2025 Stathead pasted rank 562,STATHEAD_UNAMBIGUOUS_SINGLE_CANDIDATE,False,CREDITED,POSTGAME_ACTUAL_STARTER,ORACLE_STARTER_IDENTITY_ONLY,False
2025,11,REG,2025-11-16,2025_11_WAS_MIA,WAS,MIA,Marcus Mariota,MariMa01,00-0032268,STATHEAD_QB_STARTED_QUERY,2025 Stathead pasted rank 304,STATHEAD_UNAMBIGUOUS_SINGLE_CANDIDATE,False,CREDITED,Tua Tagovailoa,TagoTu00,00-0036212,STATHEAD_QB_STARTED_QUERY,2025 Stathead pasted rank 107,STATHEAD_UNAMBIGUOUS_SINGLE_CANDIDATE,False,CREDITED,POSTGAME_ACTUAL_STARTER,ORACLE_STARTER_IDENTITY_ONLY,False
2025,12,REG,2025-11-23,2025_12_ATL_NO,ATL,NO,Kirk Cousins,CousKi00,00-0029604,STATHEAD_QB_STARTED_QUERY,2025 Stathead pasted rank 516,STATHEAD_UNAMBIGUOUS_SINGLE_CANDIDATE,False,CREDITED,Tyler Shough,ShouTy00,00-0040743,STATHEAD_QB_STARTED_QUERY,2025 Stathead pasted rank 115,STATHEAD_UNAMBIGUOUS_SINGLE_CANDIDATE,False,CREDITED,POSTGAME_ACTUAL_STARTER,ORACLE_STARTER_IDENTITY_ONLY,False
2025,12,REG,2025-11-20,2025_12_BUF_HOU,BUF,HOU,Josh Allen,AlleJo02,00-0034857,STATHEAD_QB_STARTED_QUERY,2025 Stathead pasted rank 563,STATHEAD_UNAMBIGUOUS_SINGLE_CANDIDATE,False,CREDITED,Davis Mills,MillDa02,00-0036898,STATHEAD_QB_STARTED_QUERY,2025 Stathead pasted rank 250,STATHEAD_UNAMBIGUOUS_SINGLE_CANDIDATE,False,CREDITED,POSTGAME_ACTUAL_STARTER,ORACLE_STARTER_IDENTITY_ONLY,False
2025,12,REG,2025-11-24,2025_12_CAR_SF,CAR,SF,Bryce Young,YounBr01,00-0039150,STATHEAD_QB_STARTED_QUERY,2025 Stathead pasted rank 122,STATHEAD_UNAMBIGUOUS_SINGLE_CANDIDATE,False,CREDITED,Brock Purdy,PurdBr00,00-0037834,STATHEAD_QB_STARTED_QUERY,2025 Stathead pasted rank 112,STATHEAD_UNAMBIGUOUS_SINGLE_CANDIDATE,False,CREDITED,POSTGAME_ACTUAL_STARTER,ORACLE_STARTER_IDENTITY_ONLY,False
2025,12,REG,2025-11-23,2025_12_CLE_LV,CLE,LV,Shedeur Sanders,SandSh00,00-0040668,STATHEAD_QB_STARTED_QUERY,2025 Stathead pasted rank 114,STATHEAD_UNAMBIGUOUS_SINGLE_CANDIDATE,False,CREDITED,Geno Smith,SmitGe00,00-0030565,STATHEAD_QB_STARTED_QUERY,2025 Stathead pasted rank 116,STATHEAD_UNAMBIGUOUS_SINGLE_CANDIDATE,False,CREDITED,POSTGAME_ACTUAL_STARTER,ORACLE_STARTER_IDENTITY_ONLY,False
2025,12,REG,2025-11-23,2025_12_IND_KC,IND,KC,Daniel Jones,JoneDa05,00-0035710,STATHEAD_QB_STARTED_QUERY,2025 Stathead pasted rank 376,STATHEAD_UNAMBIGUOUS_SINGLE_CANDIDATE,False,CREDITED,Patrick Mahomes,MahoPa00,00-0033873,STATHEAD_QB_STARTED_QUERY,2025 Stathead pasted rank 318,STATHEAD_UNAMBIGUOUS_SINGLE_CANDIDATE,False,CREDITED,POSTGAME_ACTUAL_STARTER,ORACLE_STARTER_IDENTITY_ONLY,False
2025,12,REG,2025-11-23,2025_12_JAX_ARI,JAX,ARI,Trevor Lawrence,LawrTr00,00-0036971,STATHEAD_QB_STARTED_QUERY,2025 Stathead pasted rank 349,STATHEAD_UNAMBIGUOUS_SINGLE_CANDIDATE,False,CREDITED,Jacoby Brissett,BrisJa00,00-0033119,STATHEAD_QB_STARTED_QUERY,2025 Stathead pasted rank 545,STATHEAD_UNAMBIGUOUS_SINGLE_CANDIDATE,False,CREDITED,POSTGAME_ACTUAL_STARTER,ORACLE_STARTER_IDENTITY_ONLY,False
2025,12,REG,2025-11-23,2025_12_MIN_GB,MIN,GB,J.J. McCarthy,McCaJJ00,00-0039923,STATHEAD_QB_STARTED_QUERY,2025 Stathead pasted rank 257,STATHEAD_UNAMBIGUOUS_SINGLE_CANDIDATE,False,CREDITED,Jordan Love,LoveJo03,00-0036264,STATHEAD_QB_STARTED_QUERY,2025 Stathead pasted rank 336,STATHEAD_UNAMBIGUOUS_SINGLE_CANDIDATE,False,CREDITED,POSTGAME_ACTUAL_STARTER,ORACLE_STARTER_IDENTITY_ONLY,False
2025,12,REG,2025-11-23,2025_12_NE_CIN,NE,CIN,Drake Maye,MayeDr00,00-0039851,STATHEAD_QB_STARTED_QUERY,2025 Stathead pasted rank 292,STATHEAD_UNAMBIGUOUS_SINGLE_CANDIDATE,False,CREDITED,Joe Flacco,FlacJo00,00-0026158,STATHEAD_QB_STARTED_QUERY,2025 Stathead pasted rank 458,STATHEAD_UNAMBIGUOUS_SINGLE_CANDIDATE,False,CREDITED,POSTGAME_ACTUAL_STARTER,ORACLE_STARTER_IDENTITY_ONLY,False
2025,12,REG,2025-11-23,2025_12_NYG_DET,NYG,DET,Jameis Winston,WinsJa00,00-0031503,STATHEAD_QB_STARTED_QUERY,2025 Stathead pasted rank 121,STATHEAD_UNAMBIGUOUS_SINGLE_CANDIDATE,False,CREDITED,Jared Goff,GoffJa00,00-0033106,STATHEAD_QB_STARTED_QUERY,2025 Stathead pasted rank 440,STATHEAD_UNAMBIGUOUS_SINGLE_CANDIDATE,False,CREDITED,POSTGAME_ACTUAL_STARTER,ORACLE_STARTER_IDENTITY_ONLY,False
2025,12,REG,2025-11-23,2025_12_NYJ_BAL,NYJ,BAL,Tyrod Taylor,TaylTy00,00-0028118,STATHEAD_QB_STARTED_QUERY,2025 Stathead pasted rank 118,STATHEAD_UNAMBIGUOUS_SINGLE_CANDIDATE,False,CREDITED,Lamar Jackson,JackLa00,00-0034796,STATHEAD_QB_STARTED_QUERY,2025 Stathead pasted rank 388,STATHEAD_UNAMBIGUOUS_SINGLE_CANDIDATE,False,CREDITED,POSTGAME_ACTUAL_STARTER,ORACLE_STARTER_IDENTITY_ONLY,False
2025,12,REG,2025-11-23,2025_12_PHI_DAL,PHI,DAL,Jalen Hurts,HurtJa00,00-0036389,STATHEAD_QB_STARTED_QUERY,2025 Stathead pasted rank 404,STATHEAD_UNAMBIGUOUS_SINGLE_CANDIDATE,False,CREDITED,Dak Prescott,PresDa01,00-0033077,STATHEAD_QB_STARTED_QUERY,2025 Stathead pasted rank 204,STATHEAD_UNAMBIGUOUS_SINGLE_CANDIDATE,False,CREDITED,POSTGAME_ACTUAL_STARTER,ORACLE_STARTER_IDENTITY_ONLY,False
2025,12,REG,2025-11-23,2025_12_PIT_CHI,PIT,CHI,Mason Rudolph,RudoMa00,00-0034771,STATHEAD_QB_STARTED_QUERY,2025 Stathead pasted rank 113,STATHEAD_UNAMBIGUOUS_SINGLE_CANDIDATE,False,CREDITED,Caleb Williams,WillCa03,00-0039918,STATHEAD_QB_STARTED_QUERY,2025 Stathead pasted rank 120,STATHEAD_UNAMBIGUOUS_SINGLE_CANDIDATE,False,CREDITED,POSTGAME_ACTUAL_STARTER,ORACLE_STARTER_IDENTITY_ONLY,False
2025,12,REG,2025-11-23,2025_12_SEA_TEN,SEA,TEN,Sam Darnold,DarnSa00,00-0034869,STATHEAD_QB_STARTED_QUERY,2025 Stathead pasted rank 499,STATHEAD_UNAMBIGUOUS_SINGLE_CANDIDATE,False,CREDITED,Cam Ward,WardCa00,00-0040676,STATHEAD_QB_STARTED_QUERY,2025 Stathead pasted rank 119,STATHEAD_UNAMBIGUOUS_SINGLE_CANDIDATE,False,CREDITED,POSTGAME_ACTUAL_STARTER,ORACLE_STARTER_IDENTITY_ONLY,False
2025,12,REG,2025-11-23,2025_12_TB_LA,TB,LAR,Baker Mayfield,MayfBa00,00-0034855,STATHEAD_QB_STARTED_QUERY,2025 Stathead pasted rank 272,STATHEAD_UNAMBIGUOUS_SINGLE_CANDIDATE,False,CREDITED,Matthew Stafford,StafMa00,00-0026498,STATHEAD_QB_STARTED_QUERY,2025 Stathead pasted rank 117,STATHEAD_UNAMBIGUOUS_SINGLE_CANDIDATE,False,CREDITED,POSTGAME_ACTUAL_STARTER,ORACLE_STARTER_IDENTITY_ONLY,False
2025,13,REG,2025-11-30,2025_13_ARI_TB,ARI,TB,Jacoby Brissett,BrisJa00,00-0033119,STATHEAD_QB_STARTED_QUERY,2025 Stathead pasted rank 546,STATHEAD_UNAMBIGUOUS_SINGLE_CANDIDATE,False,CREDITED,Baker Mayfield,MayfBa00,00-0034855,STATHEAD_QB_STARTED_QUERY,2025 Stathead pasted rank 273,STATHEAD_UNAMBIGUOUS_SINGLE_CANDIDATE,False,CREDITED,POSTGAME_ACTUAL_STARTER,ORACLE_STARTER_IDENTITY_ONLY,False
2025,13,REG,2025-11-30,2025_13_ATL_NYJ,ATL,NYJ,Kirk Cousins,CousKi00,00-0029604,STATHEAD_QB_STARTED_QUERY,2025 Stathead pasted rank 517,STATHEAD_UNAMBIGUOUS_SINGLE_CANDIDATE,False,CREDITED,Tyrod Taylor,TaylTy00,00-0028118,STATHEAD_QB_STARTED_QUERY,2025 Stathead pasted rank 131,STATHEAD_UNAMBIGUOUS_SINGLE_CANDIDATE,False,CREDITED,POSTGAME_ACTUAL_STARTER,ORACLE_STARTER_IDENTITY_ONLY,False
2025,13,REG,2025-11-30,2025_13_BUF_PIT,BUF,PIT,Josh Allen,AlleJo02,00-0034857,STATHEAD_QB_STARTED_QUERY,2025 Stathead pasted rank 564,STATHEAD_UNAMBIGUOUS_SINGLE_CANDIDATE,False,CREDITED,Aaron Rodgers,RodgAa00,00-0023459,STATHEAD_QB_STARTED_QUERY,2025 Stathead pasted rank 124,STATHEAD_UNAMBIGUOUS_SINGLE_CANDIDATE,False,CREDITED,POSTGAME_ACTUAL_STARTER,ORACLE_STARTER_IDENTITY_ONLY,False
2025,13,REG,2025-11-28,2025_13_CHI_PHI,CHI,PHI,Caleb Williams,WillCa03,00-0039918,STATHEAD_QB_STARTED_QUERY,2025 Stathead pasted rank 133,STATHEAD_UNAMBIGUOUS_SINGLE_CANDIDATE,False,CREDITED,Jalen Hurts,HurtJa00,00-0036389,STATHEAD_QB_STARTED_QUERY,2025 Stathead pasted rank 405,STATHEAD_UNAMBIGUOUS_SINGLE_CANDIDATE,False,CREDITED,POSTGAME_ACTUAL_STARTER,ORACLE_STARTER_IDENTITY_ONLY,False
2025,13,REG,2025-11-27,2025_13_CIN_BAL,CIN,BAL,Joe Burrow,BurrJo01,00-0036442,STATHEAD_QB_STARTED_QUERY,2025 Stathead pasted rank 529,STATHEAD_UNAMBIGUOUS_SINGLE_CANDIDATE,False,CREDITED,Lamar Jackson,JackLa00,00-0034796,STATHEAD_QB_STARTED_QUERY,2025 Stathead pasted rank 389,STATHEAD_UNAMBIGUOUS_SINGLE_CANDIDATE,False,CREDITED,POSTGAME_ACTUAL_STARTER,ORACLE_STARTER_IDENTITY_ONLY,False
2025,13,REG,2025-11-30,2025_13_DEN_WAS,DEN,WAS,Bo Nix,NixxBo00,00-0039732,STATHEAD_QB_STARTED_QUERY,2025 Stathead pasted rank 236,STATHEAD_UNAMBIGUOUS_SINGLE_CANDIDATE,False,CREDITED,Marcus Mariota,MariMa01,00-0032268,STATHEAD_QB_STARTED_QUERY,2025 Stathead pasted rank 305,STATHEAD_UNAMBIGUOUS_SINGLE_CANDIDATE,False,CREDITED,POSTGAME_ACTUAL_STARTER,ORACLE_STARTER_IDENTITY_ONLY,False
2025,13,REG,2025-11-27,2025_13_GB_DET,GB,DET,Jordan Love,LoveJo03,00-0036264,STATHEAD_QB_STARTED_QUERY,2025 Stathead pasted rank 337,STATHEAD_UNAMBIGUOUS_SINGLE_CANDIDATE,False,CREDITED,Jared Goff,GoffJa00,00-0033106,STATHEAD_QB_STARTED_QUERY,2025 Stathead pasted rank 441,STATHEAD_UNAMBIGUOUS_SINGLE_CANDIDATE,False,CREDITED,POSTGAME_ACTUAL_STARTER,ORACLE_STARTER_IDENTITY_ONLY,False
2025,13,REG,2025-11-30,2025_13_HOU_IND,HOU,IND,C.J. Stroud,StroCJ00,00-0039163,STATHEAD_QB_STARTED_QUERY,2025 Stathead pasted rank 129,STATHEAD_UNAMBIGUOUS_SINGLE_CANDIDATE,False,CREDITED,Daniel Jones,JoneDa05,00-0035710,STATHEAD_QB_STARTED_QUERY,2025 Stathead pasted rank 377,STATHEAD_UNAMBIGUOUS_SINGLE_CANDIDATE,False,CREDITED,POSTGAME_ACTUAL_STARTER,ORACLE_STARTER_IDENTITY_ONLY,False
2025,13,REG,2025-11-30,2025_13_JAX_TEN,JAX,TEN,Trevor Lawrence,LawrTr00,00-0036971,STATHEAD_QB_STARTED_QUERY,2025 Stathead pasted rank 350,STATHEAD_UNAMBIGUOUS_SINGLE_CANDIDATE,False,CREDITED,Cam Ward,WardCa00,00-0040676,STATHEAD_QB_STARTED_QUERY,2025 Stathead pasted rank 132,STATHEAD_UNAMBIGUOUS_SINGLE_CANDIDATE,False,CREDITED,POSTGAME_ACTUAL_STARTER,ORACLE_STARTER_IDENTITY_ONLY,False
2025,13,REG,2025-11-27,2025_13_KC_DAL,KC,DAL,Patrick Mahomes,MahoPa00,00-0033873,STATHEAD_QB_STARTED_QUERY,2025 Stathead pasted rank 319,STATHEAD_UNAMBIGUOUS_SINGLE_CANDIDATE,False,CREDITED,Dak Prescott,PresDa01,00-0033077,STATHEAD_QB_STARTED_QUERY,2025 Stathead pasted rank 205,STATHEAD_UNAMBIGUOUS_SINGLE_CANDIDATE,False,CREDITED,POSTGAME_ACTUAL_STARTER,ORACLE_STARTER_IDENTITY_ONLY,False
2025,13,REG,2025-11-30,2025_13_LA_CAR,LAR,CAR,Matthew Stafford,StafMa00,00-0026498,STATHEAD_QB_STARTED_QUERY,2025 Stathead pasted rank 128,STATHEAD_UNAMBIGUOUS_SINGLE_CANDIDATE,False,CREDITED,Bryce Young,YounBr01,00-0039150,STATHEAD_QB_STARTED_QUERY,2025 Stathead pasted rank 134,STATHEAD_UNAMBIGUOUS_SINGLE_CANDIDATE,False,CREDITED,POSTGAME_ACTUAL_STARTER,ORACLE_STARTER_IDENTITY_ONLY,False
2025,13,REG,2025-11-30,2025_13_LV_LAC,LV,LAC,Geno Smith,SmitGe00,00-0030565,STATHEAD_QB_STARTED_QUERY,2025 Stathead pasted rank 127,STATHEAD_UNAMBIGUOUS_SINGLE_CANDIDATE,False,CREDITED,Justin Herbert,HerbJu00,00-0036355,STATHEAD_QB_STARTED_QUERY,2025 Stathead pasted rank 424,STATHEAD_UNAMBIGUOUS_SINGLE_CANDIDATE,False,CREDITED,POSTGAME_ACTUAL_STARTER,ORACLE_STARTER_IDENTITY_ONLY,False
2025,13,REG,2025-11-30,2025_13_MIN_SEA,MIN,SEA,Max Brosmer,BrosMa00,00-0040494,STATHEAD_QB_STARTED_QUERY,2025 Stathead pasted rank 538,STATHEAD_UNAMBIGUOUS_SINGLE_CANDIDATE,False,CREDITED,Sam Darnold,DarnSa00,00-0034869,STATHEAD_QB_STARTED_QUERY,2025 Stathead pasted rank 500,STATHEAD_UNAMBIGUOUS_SINGLE_CANDIDATE,False,CREDITED,POSTGAME_ACTUAL_STARTER,ORACLE_STARTER_IDENTITY_ONLY,False
2025,13,REG,2025-11-30,2025_13_NO_MIA,NO,MIA,Tyler Shough,ShouTy00,00-0040743,STATHEAD_QB_STARTED_QUERY,2025 Stathead pasted rank 126,STATHEAD_UNAMBIGUOUS_SINGLE_CANDIDATE,False,CREDITED,Tua Tagovailoa,TagoTu00,00-0036212,STATHEAD_QB_STARTED_QUERY,2025 Stathead pasted rank 130,STATHEAD_UNAMBIGUOUS_SINGLE_CANDIDATE,False,CREDITED,POSTGAME_ACTUAL_STARTER,ORACLE_STARTER_IDENTITY_ONLY,False
2025,13,REG,2025-12-01,2025_13_NYG_NE,NYG,NE,Jaxson Dart,DartJa00,00-0040691,STATHEAD_QB_STARTED_QUERY,2025 Stathead pasted rank 482,STATHEAD_UNAMBIGUOUS_SINGLE_CANDIDATE,False,CREDITED,Drake Maye,MayeDr00,00-0039851,STATHEAD_QB_STARTED_QUERY,2025 Stathead pasted rank 293,STATHEAD_UNAMBIGUOUS_SINGLE_CANDIDATE,False,CREDITED,POSTGAME_ACTUAL_STARTER,ORACLE_STARTER_IDENTITY_ONLY,False
2025,13,REG,2025-11-30,2025_13_SF_CLE,SF,CLE,Brock Purdy,PurdBr00,00-0037834,STATHEAD_QB_STARTED_QUERY,2025 Stathead pasted rank 123,STATHEAD_UNAMBIGUOUS_SINGLE_CANDIDATE,False,CREDITED,Shedeur Sanders,SandSh00,00-0040668,STATHEAD_QB_STARTED_QUERY,2025 Stathead pasted rank 125,STATHEAD_UNAMBIGUOUS_SINGLE_CANDIDATE,False,CREDITED,POSTGAME_ACTUAL_STARTER,ORACLE_STARTER_IDENTITY_ONLY,False
2025,14,REG,2025-12-07,2025_14_CHI_GB,CHI,GB,Caleb Williams,WillCa03,00-0039918,STATHEAD_QB_STARTED_QUERY,2025 Stathead pasted rank 144,STATHEAD_UNAMBIGUOUS_SINGLE_CANDIDATE,False,CREDITED,Jordan Love,LoveJo03,00-0036264,STATHEAD_QB_STARTED_QUERY,2025 Stathead pasted rank 322,STATHEAD_UNAMBIGUOUS_SINGLE_CANDIDATE,False,CREDITED,POSTGAME_ACTUAL_STARTER,ORACLE_STARTER_IDENTITY_ONLY,False
2025,14,REG,2025-12-07,2025_14_CIN_BUF,CIN,BUF,Joe Burrow,BurrJo01,00-0036442,STATHEAD_QB_STARTED_QUERY,2025 Stathead pasted rank 530,STATHEAD_UNAMBIGUOUS_SINGLE_CANDIDATE,False,CREDITED,Josh Allen,AlleJo02,00-0034857,STATHEAD_QB_STARTED_QUERY,2025 Stathead pasted rank 565,STATHEAD_UNAMBIGUOUS_SINGLE_CANDIDATE,False,CREDITED,POSTGAME_ACTUAL_STARTER,ORACLE_STARTER_IDENTITY_ONLY,False
2025,14,REG,2025-12-04,2025_14_DAL_DET,DAL,DET,Dak Prescott,PresDa01,00-0033077,STATHEAD_QB_STARTED_QUERY,2025 Stathead pasted rank 206,STATHEAD_UNAMBIGUOUS_SINGLE_CANDIDATE,False,CREDITED,Jared Goff,GoffJa00,00-0033106,STATHEAD_QB_STARTED_QUERY,2025 Stathead pasted rank 442,STATHEAD_UNAMBIGUOUS_SINGLE_CANDIDATE,False,CREDITED,POSTGAME_ACTUAL_STARTER,ORACLE_STARTER_IDENTITY_ONLY,False
2025,14,REG,2025-12-07,2025_14_DEN_LV,DEN,LV,Bo Nix,NixxBo00,00-0039732,STATHEAD_QB_STARTED_QUERY,2025 Stathead pasted rank 237,STATHEAD_UNAMBIGUOUS_SINGLE_CANDIDATE,False,CREDITED,Geno Smith,SmitGe00,00-0030565,STATHEAD_QB_STARTED_QUERY,2025 Stathead pasted rank 138,STATHEAD_UNAMBIGUOUS_SINGLE_CANDIDATE,False,CREDITED,POSTGAME_ACTUAL_STARTER,ORACLE_STARTER_IDENTITY_ONLY,False
2025,14,REG,2025-12-07,2025_14_HOU_KC,HOU,KC,C.J. Stroud,StroCJ00,00-0039163,STATHEAD_QB_STARTED_QUERY,2025 Stathead pasted rank 140,STATHEAD_UNAMBIGUOUS_SINGLE_CANDIDATE,False,CREDITED,Patrick Mahomes,MahoPa00,00-0033873,STATHEAD_QB_STARTED_QUERY,2025 Stathead pasted rank 320,STATHEAD_UNAMBIGUOUS_SINGLE_CANDIDATE,False,CREDITED,POSTGAME_ACTUAL_STARTER,ORACLE_STARTER_IDENTITY_ONLY,False
2025,14,REG,2025-12-07,2025_14_IND_JAX,IND,JAX,Daniel Jones,JoneDa05,00-0035710,STATHEAD_QB_STARTED_QUERY,2025 Stathead pasted rank 378,STATHEAD_UNAMBIGUOUS_SINGLE_CANDIDATE,False,CREDITED,Trevor Lawrence,LawrTr00,00-0036971,STATHEAD_QB_STARTED_QUERY,2025 Stathead pasted rank 351,STATHEAD_UNAMBIGUOUS_SINGLE_CANDIDATE,False,CREDITED,POSTGAME_ACTUAL_STARTER,ORACLE_STARTER_IDENTITY_ONLY,False
2025,14,REG,2025-12-07,2025_14_LA_ARI,LAR,ARI,Matthew Stafford,StafMa00,00-0026498,STATHEAD_QB_STARTED_QUERY,2025 Stathead pasted rank 139,STATHEAD_UNAMBIGUOUS_SINGLE_CANDIDATE,False,CREDITED,Jacoby Brissett,BrisJa00,00-0033119,STATHEAD_QB_STARTED_QUERY,2025 Stathead pasted rank 547,STATHEAD_UNAMBIGUOUS_SINGLE_CANDIDATE,False,CREDITED,POSTGAME_ACTUAL_STARTER,ORACLE_STARTER_IDENTITY_ONLY,False
2025,14,REG,2025-12-07,2025_14_MIA_NYJ,MIA,NYJ,Tua Tagovailoa,TagoTu00,00-0036212,STATHEAD_QB_STARTED_QUERY,2025 Stathead pasted rank 141,STATHEAD_UNAMBIGUOUS_SINGLE_CANDIDATE,False,CREDITED,Tyrod Taylor,TaylTy00,00-0028118,STATHEAD_QB_STARTED_QUERY,2025 Stathead pasted rank 142,STATHEAD_UNAMBIGUOUS_SINGLE_CANDIDATE,False,CREDITED,POSTGAME_ACTUAL_STARTER,ORACLE_STARTER_IDENTITY_ONLY,False
2025,14,REG,2025-12-07,2025_14_NO_TB,NO,TB,Tyler Shough,ShouTy00,00-0040743,STATHEAD_QB_STARTED_QUERY,2025 Stathead pasted rank 137,STATHEAD_UNAMBIGUOUS_SINGLE_CANDIDATE,False,CREDITED,Baker Mayfield,MayfBa00,00-0034855,STATHEAD_QB_STARTED_QUERY,2025 Stathead pasted rank 274,STATHEAD_UNAMBIGUOUS_SINGLE_CANDIDATE,False,CREDITED,POSTGAME_ACTUAL_STARTER,ORACLE_STARTER_IDENTITY_ONLY,False
2025,14,REG,2025-12-08,2025_14_PHI_LAC,PHI,LAC,Jalen Hurts,HurtJa00,00-0036389,STATHEAD_QB_STARTED_QUERY,2025 Stathead pasted rank 406,STATHEAD_UNAMBIGUOUS_SINGLE_CANDIDATE,False,CREDITED,Justin Herbert,HerbJu00,00-0036355,STATHEAD_QB_STARTED_QUERY,2025 Stathead pasted rank 425,STATHEAD_UNAMBIGUOUS_SINGLE_CANDIDATE,False,CREDITED,POSTGAME_ACTUAL_STARTER,ORACLE_STARTER_IDENTITY_ONLY,False
2025,14,REG,2025-12-07,2025_14_PIT_BAL,PIT,BAL,Aaron Rodgers,RodgAa00,00-0023459,STATHEAD_QB_STARTED_QUERY,2025 Stathead pasted rank 135,STATHEAD_UNAMBIGUOUS_SINGLE_CANDIDATE,False,CREDITED,Lamar Jackson,JackLa00,00-0034796,STATHEAD_QB_STARTED_QUERY,2025 Stathead pasted rank 390,STATHEAD_UNAMBIGUOUS_SINGLE_CANDIDATE,False,CREDITED,POSTGAME_ACTUAL_STARTER,ORACLE_STARTER_IDENTITY_ONLY,False
2025,14,REG,2025-12-07,2025_14_SEA_ATL,SEA,ATL,Sam Darnold,DarnSa00,00-0034869,STATHEAD_QB_STARTED_QUERY,2025 Stathead pasted rank 501,STATHEAD_UNAMBIGUOUS_SINGLE_CANDIDATE,False,CREDITED,Kirk Cousins,CousKi00,00-0029604,STATHEAD_QB_STARTED_QUERY,2025 Stathead pasted rank 518,STATHEAD_UNAMBIGUOUS_SINGLE_CANDIDATE,False,CREDITED,POSTGAME_ACTUAL_STARTER,ORACLE_STARTER_IDENTITY_ONLY,False
2025,14,REG,2025-12-07,2025_14_TEN_CLE,TEN,CLE,Cam Ward,WardCa00,00-0040676,STATHEAD_QB_STARTED_QUERY,2025 Stathead pasted rank 143,STATHEAD_UNAMBIGUOUS_SINGLE_CANDIDATE,False,CREDITED,Shedeur Sanders,SandSh00,00-0040668,STATHEAD_QB_STARTED_QUERY,2025 Stathead pasted rank 136,STATHEAD_UNAMBIGUOUS_SINGLE_CANDIDATE,False,CREDITED,POSTGAME_ACTUAL_STARTER,ORACLE_STARTER_IDENTITY_ONLY,False
2025,14,REG,2025-12-07,2025_14_WAS_MIN,WAS,MIN,Jayden Daniels,DaniJa02,00-0039910,STATHEAD_QB_STARTED_QUERY,2025 Stathead pasted rank 513,STATHEAD_UNAMBIGUOUS_SINGLE_CANDIDATE,False,CREDITED,J.J. McCarthy,McCaJJ00,00-0039923,STATHEAD_QB_STARTED_QUERY,2025 Stathead pasted rank 258,STATHEAD_UNAMBIGUOUS_SINGLE_CANDIDATE,False,CREDITED,POSTGAME_ACTUAL_STARTER,ORACLE_STARTER_IDENTITY_ONLY,False
2025,15,REG,2025-12-14,2025_15_ARI_HOU,ARI,HOU,Jacoby Brissett,BrisJa00,00-0033119,STATHEAD_QB_STARTED_QUERY,2025 Stathead pasted rank 548,STATHEAD_UNAMBIGUOUS_SINGLE_CANDIDATE,False,CREDITED,C.J. Stroud,StroCJ00,00-0039163,STATHEAD_QB_STARTED_QUERY,2025 Stathead pasted rank 151,STATHEAD_UNAMBIGUOUS_SINGLE_CANDIDATE,False,CREDITED,POSTGAME_ACTUAL_STARTER,ORACLE_STARTER_IDENTITY_ONLY,False
2025,15,REG,2025-12-11,2025_15_ATL_TB,ATL,TB,Kirk Cousins,CousKi00,00-0029604,STATHEAD_QB_STARTED_QUERY,2025 Stathead pasted rank 519,STATHEAD_UNAMBIGUOUS_SINGLE_CANDIDATE,False,CREDITED,Baker Mayfield,MayfBa00,00-0034855,STATHEAD_QB_STARTED_QUERY,2025 Stathead pasted rank 275,STATHEAD_UNAMBIGUOUS_SINGLE_CANDIDATE,False,CREDITED,POSTGAME_ACTUAL_STARTER,ORACLE_STARTER_IDENTITY_ONLY,False
2025,15,REG,2025-12-14,2025_15_BAL_CIN,BAL,CIN,Lamar Jackson,JackLa00,00-0034796,STATHEAD_QB_STARTED_QUERY,2025 Stathead pasted rank 391,STATHEAD_UNAMBIGUOUS_SINGLE_CANDIDATE,False,CREDITED,Joe Burrow,BurrJo01,00-0036442,STATHEAD_QB_STARTED_QUERY,2025 Stathead pasted rank 531,STATHEAD_UNAMBIGUOUS_SINGLE_CANDIDATE,False,CREDITED,POSTGAME_ACTUAL_STARTER,ORACLE_STARTER_IDENTITY_ONLY,False
2025,15,REG,2025-12-14,2025_15_BUF_NE,BUF,NE,Josh Allen,AlleJo02,00-0034857,STATHEAD_QB_STARTED_QUERY,2025 Stathead pasted rank 566,STATHEAD_UNAMBIGUOUS_SINGLE_CANDIDATE,False,CREDITED,Drake Maye,MayeDr00,00-0039851,STATHEAD_QB_STARTED_QUERY,2025 Stathead pasted rank 294,STATHEAD_UNAMBIGUOUS_SINGLE_CANDIDATE,False,CREDITED,POSTGAME_ACTUAL_STARTER,ORACLE_STARTER_IDENTITY_ONLY,False
2025,15,REG,2025-12-14,2025_15_CAR_NO,CAR,NO,Bryce Young,YounBr01,00-0039150,STATHEAD_QB_STARTED_QUERY,2025 Stathead pasted rank 155,STATHEAD_UNAMBIGUOUS_SINGLE_CANDIDATE,False,CREDITED,Tyler Shough,ShouTy00,00-0040743,STATHEAD_QB_STARTED_QUERY,2025 Stathead pasted rank 149,STATHEAD_UNAMBIGUOUS_SINGLE_CANDIDATE,False,CREDITED,POSTGAME_ACTUAL_STARTER,ORACLE_STARTER_IDENTITY_ONLY,False
2025,15,REG,2025-12-14,2025_15_CLE_CHI,CLE,CHI,Shedeur Sanders,SandSh00,00-0040668,STATHEAD_QB_STARTED_QUERY,2025 Stathead pasted rank 148,STATHEAD_UNAMBIGUOUS_SINGLE_CANDIDATE,False,CREDITED,Caleb Williams,WillCa03,00-0039918,STATHEAD_QB_STARTED_QUERY,2025 Stathead pasted rank 154,STATHEAD_UNAMBIGUOUS_SINGLE_CANDIDATE,False,CREDITED,POSTGAME_ACTUAL_STARTER,ORACLE_STARTER_IDENTITY_ONLY,False
2025,15,REG,2025-12-14,2025_15_DET_LA,DET,LAR,Jared Goff,GoffJa00,00-0033106,STATHEAD_QB_STARTED_QUERY,2025 Stathead pasted rank 443,STATHEAD_UNAMBIGUOUS_SINGLE_CANDIDATE,False,CREDITED,Matthew Stafford,StafMa00,00-0026498,STATHEAD_QB_STARTED_QUERY,2025 Stathead pasted rank 150,STATHEAD_UNAMBIGUOUS_SINGLE_CANDIDATE,False,CREDITED,POSTGAME_ACTUAL_STARTER,ORACLE_STARTER_IDENTITY_ONLY,False
2025,15,REG,2025-12-14,2025_15_GB_DEN,GB,DEN,Jordan Love,LoveJo03,00-0036264,STATHEAD_QB_STARTED_QUERY,2025 Stathead pasted rank 323,STATHEAD_UNAMBIGUOUS_SINGLE_CANDIDATE,False,CREDITED,Bo Nix,NixxBo00,00-0039732,STATHEAD_QB_STARTED_QUERY,2025 Stathead pasted rank 238,STATHEAD_UNAMBIGUOUS_SINGLE_CANDIDATE,False,CREDITED,POSTGAME_ACTUAL_STARTER,ORACLE_STARTER_IDENTITY_ONLY,False
2025,15,REG,2025-12-14,2025_15_IND_SEA,IND,SEA,Philip Rivers,RivePh00,00-0022942,STATHEAD_QB_STARTED_QUERY,2025 Stathead pasted rank 146,STATHEAD_UNAMBIGUOUS_SINGLE_CANDIDATE,False,CREDITED,Sam Darnold,DarnSa00,00-0034869,STATHEAD_QB_STARTED_QUERY,2025 Stathead pasted rank 502,STATHEAD_UNAMBIGUOUS_SINGLE_CANDIDATE,False,CREDITED,POSTGAME_ACTUAL_STARTER,ORACLE_STARTER_IDENTITY_ONLY,False
2025,15,REG,2025-12-14,2025_15_LAC_KC,LAC,KC,Justin Herbert,HerbJu00,00-0036355,STATHEAD_QB_STARTED_QUERY,2025 Stathead pasted rank 426,STATHEAD_UNAMBIGUOUS_SINGLE_CANDIDATE,False,CREDITED,Patrick Mahomes,MahoPa00,00-0033873,STATHEAD_QB_STARTED_QUERY,2025 Stathead pasted rank 321,STATHEAD_UNAMBIGUOUS_SINGLE_CANDIDATE,False,CREDITED,POSTGAME_ACTUAL_STARTER,ORACLE_STARTER_IDENTITY_ONLY,False
2025,15,REG,2025-12-14,2025_15_LV_PHI,LV,PHI,Kenny Pickett,PickKe00,00-0038102,STATHEAD_QB_STARTED_QUERY,2025 Stathead pasted rank 211,STATHEAD_UNAMBIGUOUS_SINGLE_CANDIDATE,False,CREDITED,Jalen Hurts,HurtJa00,00-0036389,STATHEAD_QB_STARTED_QUERY,2025 Stathead pasted rank 407,STATHEAD_UNAMBIGUOUS_SINGLE_CANDIDATE,False,CREDITED,POSTGAME_ACTUAL_STARTER,ORACLE_STARTER_IDENTITY_ONLY,False
2025,15,REG,2025-12-15,2025_15_MIA_PIT,MIA,PIT,Tua Tagovailoa,TagoTu00,00-0036212,STATHEAD_QB_STARTED_QUERY,2025 Stathead pasted rank 152,STATHEAD_UNAMBIGUOUS_SINGLE_CANDIDATE,False,CREDITED,Aaron Rodgers,RodgAa00,00-0023459,STATHEAD_QB_STARTED_QUERY,2025 Stathead pasted rank 147,STATHEAD_UNAMBIGUOUS_SINGLE_CANDIDATE,False,CREDITED,POSTGAME_ACTUAL_STARTER,ORACLE_STARTER_IDENTITY_ONLY,False
2025,15,REG,2025-12-14,2025_15_MIN_DAL,MIN,DAL,J.J. McCarthy,McCaJJ00,00-0039923,STATHEAD_QB_STARTED_QUERY,2025 Stathead pasted rank 259,STATHEAD_UNAMBIGUOUS_SINGLE_CANDIDATE,False,CREDITED,Dak Prescott,PresDa01,00-0033077,STATHEAD_QB_STARTED_QUERY,2025 Stathead pasted rank 207,STATHEAD_UNAMBIGUOUS_SINGLE_CANDIDATE,False,CREDITED,POSTGAME_ACTUAL_STARTER,ORACLE_STARTER_IDENTITY_ONLY,False
2025,15,REG,2025-12-14,2025_15_NYJ_JAX,NYJ,JAX,Brady Cook,CookBr03,00-0040398,STATHEAD_QB_STARTED_QUERY,2025 Stathead pasted rank 523,STATHEAD_UNAMBIGUOUS_SINGLE_CANDIDATE,False,CREDITED,Trevor Lawrence,LawrTr00,00-0036971,STATHEAD_QB_STARTED_QUERY,2025 Stathead pasted rank 352,STATHEAD_UNAMBIGUOUS_SINGLE_CANDIDATE,False,CREDITED,POSTGAME_ACTUAL_STARTER,ORACLE_STARTER_IDENTITY_ONLY,False
2025,15,REG,2025-12-14,2025_15_TEN_SF,TEN,SF,Cam Ward,WardCa00,00-0040676,STATHEAD_QB_STARTED_QUERY,2025 Stathead pasted rank 153,STATHEAD_UNAMBIGUOUS_SINGLE_CANDIDATE,False,CREDITED,Brock Purdy,PurdBr00,00-0037834,STATHEAD_QB_STARTED_QUERY,2025 Stathead pasted rank 145,STATHEAD_UNAMBIGUOUS_SINGLE_CANDIDATE,False,CREDITED,POSTGAME_ACTUAL_STARTER,ORACLE_STARTER_IDENTITY_ONLY,False
2025,15,REG,2025-12-14,2025_15_WAS_NYG,WAS,NYG,Marcus Mariota,MariMa01,00-0032268,STATHEAD_QB_STARTED_QUERY,2025 Stathead pasted rank 306,STATHEAD_UNAMBIGUOUS_SINGLE_CANDIDATE,False,CREDITED,Jaxson Dart,DartJa00,00-0040691,STATHEAD_QB_STARTED_QUERY,2025 Stathead pasted rank 483,STATHEAD_UNAMBIGUOUS_SINGLE_CANDIDATE,False,CREDITED,POSTGAME_ACTUAL_STARTER,ORACLE_STARTER_IDENTITY_ONLY,False
2025,16,REG,2025-12-21,2025_16_ATL_ARI,ATL,ARI,Kirk Cousins,CousKi00,00-0029604,STATHEAD_QB_STARTED_QUERY,2025 Stathead pasted rank 520,STATHEAD_UNAMBIGUOUS_SINGLE_CANDIDATE,False,CREDITED,Jacoby Brissett,BrisJa00,00-0033119,STATHEAD_QB_STARTED_QUERY,2025 Stathead pasted rank 549,STATHEAD_UNAMBIGUOUS_SINGLE_CANDIDATE,False,CREDITED,POSTGAME_ACTUAL_STARTER,ORACLE_STARTER_IDENTITY_ONLY,False
2025,16,REG,2025-12-21,2025_16_BUF_CLE,BUF,CLE,Josh Allen,AlleJo02,00-0034857,STATHEAD_QB_STARTED_QUERY,2025 Stathead pasted rank 567,STATHEAD_UNAMBIGUOUS_SINGLE_CANDIDATE,False,CREDITED,Shedeur Sanders,SandSh00,00-0040668,STATHEAD_QB_STARTED_QUERY,2025 Stathead pasted rank 159,STATHEAD_UNAMBIGUOUS_SINGLE_CANDIDATE,False,CREDITED,POSTGAME_ACTUAL_STARTER,ORACLE_STARTER_IDENTITY_ONLY,False
2025,16,REG,2025-12-21,2025_16_CIN_MIA,CIN,MIA,Joe Burrow,BurrJo01,00-0036442,STATHEAD_QB_STARTED_QUERY,2025 Stathead pasted rank 532,STATHEAD_UNAMBIGUOUS_SINGLE_CANDIDATE,False,CREDITED,Quinn Ewers,EwerQu00,00-0040234,STATHEAD_QB_STARTED_QUERY,2025 Stathead pasted rank 472,STATHEAD_UNAMBIGUOUS_SINGLE_CANDIDATE,False,CREDITED,POSTGAME_ACTUAL_STARTER,ORACLE_STARTER_IDENTITY_ONLY,False
2025,16,REG,2025-12-20,2025_16_GB_CHI,GB,CHI,Jordan Love,LoveJo03,00-0036264,STATHEAD_QB_STARTED_QUERY,2025 Stathead pasted rank 324,STATHEAD_UNAMBIGUOUS_SINGLE_CANDIDATE,False,CREDITED,Caleb Williams,WillCa03,00-0039918,STATHEAD_QB_STARTED_QUERY,2025 Stathead pasted rank 165,STATHEAD_UNAMBIGUOUS_SINGLE_CANDIDATE,False,CREDITED,POSTGAME_ACTUAL_STARTER,ORACLE_STARTER_IDENTITY_ONLY,False
2025,16,REG,2025-12-21,2025_16_JAX_DEN,JAX,DEN,Trevor Lawrence,LawrTr00,00-0036971,STATHEAD_QB_STARTED_QUERY,2025 Stathead pasted rank 353,STATHEAD_UNAMBIGUOUS_SINGLE_CANDIDATE,False,CREDITED,Bo Nix,NixxBo00,00-0039732,STATHEAD_QB_STARTED_QUERY,2025 Stathead pasted rank 239,STATHEAD_UNAMBIGUOUS_SINGLE_CANDIDATE,False,CREDITED,POSTGAME_ACTUAL_STARTER,ORACLE_STARTER_IDENTITY_ONLY,False
2025,16,REG,2025-12-21,2025_16_KC_TEN,KC,TEN,Gardner Minshew II,MinsGa00,00-0035289,STATHEAD_QB_STARTED_QUERY,2025 Stathead pasted rank 247,STATHEAD_UNAMBIGUOUS_SINGLE_CANDIDATE,False,CREDITED,Cam Ward,WardCa00,00-0040676,STATHEAD_QB_STARTED_QUERY,2025 Stathead pasted rank 164,STATHEAD_UNAMBIGUOUS_SINGLE_CANDIDATE,False,CREDITED,POSTGAME_ACTUAL_STARTER,ORACLE_STARTER_IDENTITY_ONLY,False
2025,16,REG,2025-12-21,2025_16_LAC_DAL,LAC,DAL,Justin Herbert,HerbJu00,00-0036355,STATHEAD_QB_STARTED_QUERY,2025 Stathead pasted rank 427,STATHEAD_UNAMBIGUOUS_SINGLE_CANDIDATE,False,CREDITED,Dak Prescott,PresDa01,00-0033077,STATHEAD_QB_STARTED_QUERY,2025 Stathead pasted rank 208,STATHEAD_UNAMBIGUOUS_SINGLE_CANDIDATE,False,CREDITED,POSTGAME_ACTUAL_STARTER,ORACLE_STARTER_IDENTITY_ONLY,False
2025,16,REG,2025-12-18,2025_16_LA_SEA,LAR,SEA,Matthew Stafford,StafMa00,00-0026498,STATHEAD_QB_STARTED_QUERY,2025 Stathead pasted rank 162,STATHEAD_UNAMBIGUOUS_SINGLE_CANDIDATE,False,CREDITED,Sam Darnold,DarnSa00,00-0034869,STATHEAD_QB_STARTED_QUERY,2025 Stathead pasted rank 503,STATHEAD_UNAMBIGUOUS_SINGLE_CANDIDATE,False,CREDITED,POSTGAME_ACTUAL_STARTER,ORACLE_STARTER_IDENTITY_ONLY,False
2025,16,REG,2025-12-21,2025_16_LV_HOU,LV,HOU,Geno Smith,SmitGe00,00-0030565,STATHEAD_QB_STARTED_QUERY,2025 Stathead pasted rank 161,STATHEAD_UNAMBIGUOUS_SINGLE_CANDIDATE,False,CREDITED,C.J. Stroud,StroCJ00,00-0039163,STATHEAD_QB_STARTED_QUERY,2025 Stathead pasted rank 163,STATHEAD_UNAMBIGUOUS_SINGLE_CANDIDATE,False,CREDITED,POSTGAME_ACTUAL_STARTER,ORACLE_STARTER_IDENTITY_ONLY,False
2025,16,REG,2025-12-21,2025_16_MIN_NYG,MIN,NYG,J.J. McCarthy,McCaJJ00,00-0039923,STATHEAD_QB_STARTED_QUERY,2025 Stathead pasted rank 260,STATHEAD_UNAMBIGUOUS_SINGLE_CANDIDATE,False,CREDITED,Jaxson Dart,DartJa00,00-0040691,STATHEAD_QB_STARTED_QUERY,2025 Stathead pasted rank 484,STATHEAD_UNAMBIGUOUS_SINGLE_CANDIDATE,False,CREDITED,POSTGAME_ACTUAL_STARTER,ORACLE_STARTER_IDENTITY_ONLY,False
2025,16,REG,2025-12-21,2025_16_NE_BAL,NE,BAL,Drake Maye,MayeDr00,00-0039851,STATHEAD_QB_STARTED_QUERY,2025 Stathead pasted rank 295,STATHEAD_UNAMBIGUOUS_SINGLE_CANDIDATE,False,CREDITED,Lamar Jackson,JackLa00,00-0034796,STATHEAD_QB_STARTED_QUERY,2025 Stathead pasted rank 392,STATHEAD_UNAMBIGUOUS_SINGLE_CANDIDATE,False,CREDITED,POSTGAME_ACTUAL_STARTER,ORACLE_STARTER_IDENTITY_ONLY,False
2025,16,REG,2025-12-21,2025_16_NYJ_NO,NYJ,NO,Brady Cook,CookBr03,00-0040398,STATHEAD_QB_STARTED_QUERY,2025 Stathead pasted rank 524,STATHEAD_UNAMBIGUOUS_SINGLE_CANDIDATE,False,CREDITED,Tyler Shough,ShouTy00,00-0040743,STATHEAD_QB_STARTED_QUERY,2025 Stathead pasted rank 160,STATHEAD_UNAMBIGUOUS_SINGLE_CANDIDATE,False,CREDITED,POSTGAME_ACTUAL_STARTER,ORACLE_STARTER_IDENTITY_ONLY,False
2025,16,REG,2025-12-20,2025_16_PHI_WAS,PHI,WAS,Jalen Hurts,HurtJa00,00-0036389,STATHEAD_QB_STARTED_QUERY,2025 Stathead pasted rank 408,STATHEAD_UNAMBIGUOUS_SINGLE_CANDIDATE,False,CREDITED,Marcus Mariota,MariMa01,00-0032268,STATHEAD_QB_STARTED_QUERY,2025 Stathead pasted rank 307,STATHEAD_UNAMBIGUOUS_SINGLE_CANDIDATE,False,CREDITED,POSTGAME_ACTUAL_STARTER,ORACLE_STARTER_IDENTITY_ONLY,False
2025,16,REG,2025-12-21,2025_16_PIT_DET,PIT,DET,Aaron Rodgers,RodgAa00,00-0023459,STATHEAD_QB_STARTED_QUERY,2025 Stathead pasted rank 158,STATHEAD_UNAMBIGUOUS_SINGLE_CANDIDATE,False,CREDITED,Jared Goff,GoffJa00,00-0033106,STATHEAD_QB_STARTED_QUERY,2025 Stathead pasted rank 444,STATHEAD_UNAMBIGUOUS_SINGLE_CANDIDATE,False,CREDITED,POSTGAME_ACTUAL_STARTER,ORACLE_STARTER_IDENTITY_ONLY,False
2025,16,REG,2025-12-22,2025_16_SF_IND,SF,IND,Brock Purdy,PurdBr00,00-0037834,STATHEAD_QB_STARTED_QUERY,2025 Stathead pasted rank 156,STATHEAD_UNAMBIGUOUS_SINGLE_CANDIDATE,False,CREDITED,Philip Rivers,RivePh00,00-0022942,STATHEAD_QB_STARTED_QUERY,2025 Stathead pasted rank 157,STATHEAD_UNAMBIGUOUS_SINGLE_CANDIDATE,False,CREDITED,POSTGAME_ACTUAL_STARTER,ORACLE_STARTER_IDENTITY_ONLY,False
2025,16,REG,2025-12-21,2025_16_TB_CAR,TB,CAR,Baker Mayfield,MayfBa00,00-0034855,STATHEAD_QB_STARTED_QUERY,2025 Stathead pasted rank 276,STATHEAD_UNAMBIGUOUS_SINGLE_CANDIDATE,False,CREDITED,Bryce Young,YounBr01,00-0039150,STATHEAD_QB_STARTED_QUERY,2025 Stathead pasted rank 166,STATHEAD_UNAMBIGUOUS_SINGLE_CANDIDATE,False,CREDITED,POSTGAME_ACTUAL_STARTER,ORACLE_STARTER_IDENTITY_ONLY,False
2025,17,REG,2025-12-28,2025_17_ARI_CIN,ARI,CIN,Jacoby Brissett,BrisJa00,00-0033119,STATHEAD_QB_STARTED_QUERY,2025 Stathead pasted rank 550,STATHEAD_UNAMBIGUOUS_SINGLE_CANDIDATE,False,CREDITED,Joe Burrow,BurrJo01,00-0036442,STATHEAD_QB_STARTED_QUERY,2025 Stathead pasted rank 533,STATHEAD_UNAMBIGUOUS_SINGLE_CANDIDATE,False,CREDITED,POSTGAME_ACTUAL_STARTER,ORACLE_STARTER_IDENTITY_ONLY,False
2025,17,REG,2025-12-27,2025_17_BAL_GB,BAL,GB,Tyler Huntley,HuntTy01,00-0035993,STATHEAD_QB_STARTED_QUERY,2025 Stathead pasted rank 412,STATHEAD_UNAMBIGUOUS_SINGLE_CANDIDATE,False,CREDITED,Malik Willis,WillMa12,00-0038128,STATHEAD_QB_STARTED_QUERY,2025 Stathead pasted rank 177,STATHEAD_UNAMBIGUOUS_SINGLE_CANDIDATE,False,CREDITED,POSTGAME_ACTUAL_STARTER,ORACLE_STARTER_IDENTITY_ONLY,False
2025,17,REG,2025-12-28,2025_17_CHI_SF,CHI,SF,Caleb Williams,WillCa03,00-0039918,STATHEAD_QB_STARTED_QUERY,2025 Stathead pasted rank 176,STATHEAD_UNAMBIGUOUS_SINGLE_CANDIDATE,False,CREDITED,Brock Purdy,PurdBr00,00-0037834,STATHEAD_QB_STARTED_QUERY,2025 Stathead pasted rank 167,STATHEAD_UNAMBIGUOUS_SINGLE_CANDIDATE,False,CREDITED,POSTGAME_ACTUAL_STARTER,ORACLE_STARTER_IDENTITY_ONLY,False
2025,17,REG,2025-12-25,2025_17_DAL_WAS,DAL,WAS,Dak Prescott,PresDa01,00-0033077,STATHEAD_QB_STARTED_QUERY,2025 Stathead pasted rank 209,STATHEAD_UNAMBIGUOUS_SINGLE_CANDIDATE,False,CREDITED,Josh Johnson,JohnJo05,00-0026300,STATHEAD_QB_STARTED_QUERY,2025 Stathead pasted rank 379,STATHEAD_UNAMBIGUOUS_SINGLE_CANDIDATE,False,CREDITED,POSTGAME_ACTUAL_STARTER,ORACLE_STARTER_IDENTITY_ONLY,False
2025,17,REG,2025-12-25,2025_17_DEN_KC,DEN,KC,Bo Nix,NixxBo00,00-0039732,STATHEAD_QB_STARTED_QUERY,2025 Stathead pasted rank 240,STATHEAD_UNAMBIGUOUS_SINGLE_CANDIDATE,False,CREDITED,Chris Oladokun,OladCh00,00-0037324,STATHEAD_QB_STARTED_QUERY,2025 Stathead pasted rank 222,STATHEAD_UNAMBIGUOUS_SINGLE_CANDIDATE,False,CREDITED,POSTGAME_ACTUAL_STARTER,ORACLE_STARTER_IDENTITY_ONLY,False
2025,17,REG,2025-12-25,2025_17_DET_MIN,DET,MIN,Jared Goff,GoffJa00,00-0033106,STATHEAD_QB_STARTED_QUERY,2025 Stathead pasted rank 445,STATHEAD_UNAMBIGUOUS_SINGLE_CANDIDATE,False,CREDITED,Max Brosmer,BrosMa00,00-0040494,STATHEAD_QB_STARTED_QUERY,2025 Stathead pasted rank 539,STATHEAD_UNAMBIGUOUS_SINGLE_CANDIDATE,False,CREDITED,POSTGAME_ACTUAL_STARTER,ORACLE_STARTER_IDENTITY_ONLY,False
2025,17,REG,2025-12-27,2025_17_HOU_LAC,HOU,LAC,C.J. Stroud,StroCJ00,00-0039163,STATHEAD_QB_STARTED_QUERY,2025 Stathead pasted rank 174,STATHEAD_UNAMBIGUOUS_SINGLE_CANDIDATE,False,CREDITED,Justin Herbert,HerbJu00,00-0036355,STATHEAD_QB_STARTED_QUERY,2025 Stathead pasted rank 428,STATHEAD_UNAMBIGUOUS_SINGLE_CANDIDATE,False,CREDITED,POSTGAME_ACTUAL_STARTER,ORACLE_STARTER_IDENTITY_ONLY,False
2025,17,REG,2025-12-28,2025_17_JAX_IND,JAX,IND,Trevor Lawrence,LawrTr00,00-0036971,STATHEAD_QB_STARTED_QUERY,2025 Stathead pasted rank 354,STATHEAD_UNAMBIGUOUS_SINGLE_CANDIDATE,False,CREDITED,Philip Rivers,RivePh00,00-0022942,STATHEAD_QB_STARTED_QUERY,2025 Stathead pasted rank 168,STATHEAD_UNAMBIGUOUS_SINGLE_CANDIDATE,False,CREDITED,POSTGAME_ACTUAL_STARTER,ORACLE_STARTER_IDENTITY_ONLY,False
2025,17,REG,2025-12-29,2025_17_LA_ATL,LAR,ATL,Matthew Stafford,StafMa00,00-0026498,STATHEAD_QB_STARTED_QUERY,2025 Stathead pasted rank 173,STATHEAD_UNAMBIGUOUS_SINGLE_CANDIDATE,False,CREDITED,Kirk Cousins,CousKi00,00-0029604,STATHEAD_QB_STARTED_QUERY,2025 Stathead pasted rank 521,STATHEAD_UNAMBIGUOUS_SINGLE_CANDIDATE,False,CREDITED,POSTGAME_ACTUAL_STARTER,ORACLE_STARTER_IDENTITY_ONLY,False
2025,17,REG,2025-12-28,2025_17_NE_NYJ,NE,NYJ,Drake Maye,MayeDr00,00-0039851,STATHEAD_QB_STARTED_QUERY,2025 Stathead pasted rank 296,STATHEAD_UNAMBIGUOUS_SINGLE_CANDIDATE,False,CREDITED,Brady Cook,CookBr03,00-0040398,STATHEAD_QB_STARTED_QUERY,2025 Stathead pasted rank 525,STATHEAD_UNAMBIGUOUS_SINGLE_CANDIDATE,False,CREDITED,POSTGAME_ACTUAL_STARTER,ORACLE_STARTER_IDENTITY_ONLY,False
2025,17,REG,2025-12-28,2025_17_NO_TEN,NO,TEN,Tyler Shough,ShouTy00,00-0040743,STATHEAD_QB_STARTED_QUERY,2025 Stathead pasted rank 171,STATHEAD_UNAMBIGUOUS_SINGLE_CANDIDATE,False,CREDITED,Cam Ward,WardCa00,00-0040676,STATHEAD_QB_STARTED_QUERY,2025 Stathead pasted rank 175,STATHEAD_UNAMBIGUOUS_SINGLE_CANDIDATE,False,CREDITED,POSTGAME_ACTUAL_STARTER,ORACLE_STARTER_IDENTITY_ONLY,False
2025,17,REG,2025-12-28,2025_17_NYG_LV,NYG,LV,Jaxson Dart,DartJa00,00-0040691,STATHEAD_QB_STARTED_QUERY,2025 Stathead pasted rank 485,STATHEAD_UNAMBIGUOUS_SINGLE_CANDIDATE,False,CREDITED,Geno Smith,SmitGe00,00-0030565,STATHEAD_QB_STARTED_QUERY,2025 Stathead pasted rank 172,STATHEAD_UNAMBIGUOUS_SINGLE_CANDIDATE,False,CREDITED,POSTGAME_ACTUAL_STARTER,ORACLE_STARTER_IDENTITY_ONLY,False
2025,17,REG,2025-12-28,2025_17_PHI_BUF,PHI,BUF,Jalen Hurts,HurtJa00,00-0036389,STATHEAD_QB_STARTED_QUERY,2025 Stathead pasted rank 409,STATHEAD_UNAMBIGUOUS_SINGLE_CANDIDATE,False,CREDITED,Josh Allen,AlleJo02,00-0034857,STATHEAD_QB_STARTED_QUERY,2025 Stathead pasted rank 568,STATHEAD_UNAMBIGUOUS_SINGLE_CANDIDATE,False,CREDITED,POSTGAME_ACTUAL_STARTER,ORACLE_STARTER_IDENTITY_ONLY,False
2025,17,REG,2025-12-28,2025_17_PIT_CLE,PIT,CLE,Aaron Rodgers,RodgAa00,00-0023459,STATHEAD_QB_STARTED_QUERY,2025 Stathead pasted rank 169,STATHEAD_UNAMBIGUOUS_SINGLE_CANDIDATE,False,CREDITED,Shedeur Sanders,SandSh00,00-0040668,STATHEAD_QB_STARTED_QUERY,2025 Stathead pasted rank 170,STATHEAD_UNAMBIGUOUS_SINGLE_CANDIDATE,False,CREDITED,POSTGAME_ACTUAL_STARTER,ORACLE_STARTER_IDENTITY_ONLY,False
2025,17,REG,2025-12-28,2025_17_SEA_CAR,SEA,CAR,Sam Darnold,DarnSa00,00-0034869,STATHEAD_QB_STARTED_QUERY,2025 Stathead pasted rank 504,STATHEAD_UNAMBIGUOUS_SINGLE_CANDIDATE,False,CREDITED,Bryce Young,YounBr01,00-0039150,STATHEAD_QB_STARTED_QUERY,2025 Stathead pasted rank 178,STATHEAD_UNAMBIGUOUS_SINGLE_CANDIDATE,False,CREDITED,POSTGAME_ACTUAL_STARTER,ORACLE_STARTER_IDENTITY_ONLY,False
2025,17,REG,2025-12-28,2025_17_TB_MIA,TB,MIA,Baker Mayfield,MayfBa00,00-0034855,STATHEAD_QB_STARTED_QUERY,2025 Stathead pasted rank 277,STATHEAD_UNAMBIGUOUS_SINGLE_CANDIDATE,False,CREDITED,Quinn Ewers,EwerQu00,00-0040234,STATHEAD_QB_STARTED_QUERY,2025 Stathead pasted rank 473,STATHEAD_UNAMBIGUOUS_SINGLE_CANDIDATE,False,CREDITED,POSTGAME_ACTUAL_STARTER,ORACLE_STARTER_IDENTITY_ONLY,False
2025,18,REG,2026-01-04,2025_18_ARI_LA,ARI,LAR,Jacoby Brissett,BrisJa00,00-0033119,STATHEAD_QB_STARTED_QUERY,2025 Stathead pasted rank 551,STATHEAD_UNAMBIGUOUS_SINGLE_CANDIDATE,False,CREDITED,Matthew Stafford,StafMa00,00-0026498,STATHEAD_QB_STARTED_QUERY,2025 Stathead pasted rank 183,STATHEAD_UNAMBIGUOUS_SINGLE_CANDIDATE,False,CREDITED,POSTGAME_ACTUAL_STARTER,ORACLE_STARTER_IDENTITY_ONLY,False
2025,18,REG,2026-01-04,2025_18_BAL_PIT,BAL,PIT,Lamar Jackson,JackLa00,00-0034796,STATHEAD_QB_STARTED_QUERY,2025 Stathead pasted rank 393,STATHEAD_UNAMBIGUOUS_SINGLE_CANDIDATE,False,CREDITED,Aaron Rodgers,RodgAa00,00-0023459,STATHEAD_QB_STARTED_QUERY,2025 Stathead pasted rank 180,STATHEAD_UNAMBIGUOUS_SINGLE_CANDIDATE,False,CREDITED,POSTGAME_ACTUAL_STARTER,ORACLE_STARTER_IDENTITY_ONLY,False
2025,18,REG,2026-01-03,2025_18_CAR_TB,CAR,TB,Bryce Young,YounBr01,00-0039150,STATHEAD_QB_STARTED_QUERY,2025 Stathead pasted rank 188,STATHEAD_UNAMBIGUOUS_SINGLE_CANDIDATE,False,CREDITED,Baker Mayfield,MayfBa00,00-0034855,STATHEAD_QB_STARTED_QUERY,2025 Stathead pasted rank 278,STATHEAD_UNAMBIGUOUS_SINGLE_CANDIDATE,False,CREDITED,POSTGAME_ACTUAL_STARTER,ORACLE_STARTER_IDENTITY_ONLY,False
2025,18,REG,2026-01-04,2025_18_CLE_CIN,CLE,CIN,Shedeur Sanders,SandSh00,00-0040668,STATHEAD_QB_STARTED_QUERY,2025 Stathead pasted rank 181,STATHEAD_UNAMBIGUOUS_SINGLE_CANDIDATE,False,CREDITED,Joe Burrow,BurrJo01,00-0036442,STATHEAD_QB_STARTED_QUERY,2025 Stathead pasted rank 534,STATHEAD_UNAMBIGUOUS_SINGLE_CANDIDATE,False,CREDITED,POSTGAME_ACTUAL_STARTER,ORACLE_STARTER_IDENTITY_ONLY,False
2025,18,REG,2026-01-04,2025_18_DAL_NYG,DAL,NYG,Dak Prescott,PresDa01,00-0033077,STATHEAD_QB_STARTED_QUERY,2025 Stathead pasted rank 210,STATHEAD_UNAMBIGUOUS_SINGLE_CANDIDATE,False,CREDITED,Jaxson Dart,DartJa00,00-0040691,STATHEAD_QB_STARTED_QUERY,2025 Stathead pasted rank 486,STATHEAD_UNAMBIGUOUS_SINGLE_CANDIDATE,False,CREDITED,POSTGAME_ACTUAL_STARTER,ORACLE_STARTER_IDENTITY_ONLY,False
2025,18,REG,2026-01-04,2025_18_DET_CHI,DET,CHI,Jared Goff,GoffJa00,00-0033106,STATHEAD_QB_STARTED_QUERY,2025 Stathead pasted rank 446,STATHEAD_UNAMBIGUOUS_SINGLE_CANDIDATE,False,CREDITED,Caleb Williams,WillCa03,00-0039918,STATHEAD_QB_STARTED_QUERY,2025 Stathead pasted rank 187,STATHEAD_UNAMBIGUOUS_SINGLE_CANDIDATE,False,CREDITED,POSTGAME_ACTUAL_STARTER,ORACLE_STARTER_IDENTITY_ONLY,False
2025,18,REG,2026-01-04,2025_18_GB_MIN,GB,MIN,Clayton Tune,TuneCl00,00-0038582,STATHEAD_QB_STARTED_QUERY,2025 Stathead pasted rank 185,STATHEAD_UNAMBIGUOUS_SINGLE_CANDIDATE,False,CREDITED,J.J. McCarthy,McCaJJ00,00-0039923,STATHEAD_QB_STARTED_QUERY,2025 Stathead pasted rank 261,STATHEAD_UNAMBIGUOUS_SINGLE_CANDIDATE,False,CREDITED,POSTGAME_ACTUAL_STARTER,ORACLE_STARTER_IDENTITY_ONLY,False
2025,18,REG,2026-01-04,2025_18_IND_HOU,IND,HOU,Riley Leonard,LeonRi02,00-0040206,STATHEAD_QB_STARTED_QUERY,2025 Stathead pasted rank 338,STATHEAD_UNAMBIGUOUS_SINGLE_CANDIDATE,False,CREDITED,C.J. Stroud,StroCJ00,00-0039163,STATHEAD_QB_STARTED_QUERY,2025 Stathead pasted rank 184,STATHEAD_UNAMBIGUOUS_SINGLE_CANDIDATE,False,CREDITED,POSTGAME_ACTUAL_STARTER,ORACLE_STARTER_IDENTITY_ONLY,False
2025,18,REG,2026-01-04,2025_18_KC_LV,KC,LV,Chris Oladokun,OladCh00,00-0037324,STATHEAD_QB_STARTED_QUERY,2025 Stathead pasted rank 223,STATHEAD_UNAMBIGUOUS_SINGLE_CANDIDATE,False,CREDITED,Kenny Pickett,PickKe00,00-0038102,STATHEAD_QB_STARTED_QUERY,2025 Stathead pasted rank 212,STATHEAD_UNAMBIGUOUS_SINGLE_CANDIDATE,False,CREDITED,POSTGAME_ACTUAL_STARTER,ORACLE_STARTER_IDENTITY_ONLY,False
2025,18,REG,2026-01-04,2025_18_LAC_DEN,LAC,DEN,Trey Lance,LancTr00,00-0037012,STATHEAD_QB_STARTED_QUERY,2025 Stathead pasted rank 357,STATHEAD_UNAMBIGUOUS_SINGLE_CANDIDATE,False,CREDITED,Bo Nix,NixxBo00,00-0039732,STATHEAD_QB_STARTED_QUERY,2025 Stathead pasted rank 241,STATHEAD_UNAMBIGUOUS_SINGLE_CANDIDATE,False,CREDITED,POSTGAME_ACTUAL_STARTER,ORACLE_STARTER_IDENTITY_ONLY,False
2025,18,REG,2026-01-04,2025_18_MIA_NE,MIA,NE,Quinn Ewers,EwerQu00,00-0040234,STATHEAD_QB_STARTED_QUERY,2025 Stathead pasted rank 474,STATHEAD_UNAMBIGUOUS_SINGLE_CANDIDATE,False,CREDITED,Drake Maye,MayeDr00,00-0039851,STATHEAD_QB_STARTED_QUERY,2025 Stathead pasted rank 297,STATHEAD_UNAMBIGUOUS_SINGLE_CANDIDATE,False,CREDITED,POSTGAME_ACTUAL_STARTER,ORACLE_STARTER_IDENTITY_ONLY,False
2025,18,REG,2026-01-04,2025_18_NO_ATL,NO,ATL,Tyler Shough,ShouTy00,00-0040743,STATHEAD_QB_STARTED_QUERY,2025 Stathead pasted rank 182,STATHEAD_UNAMBIGUOUS_SINGLE_CANDIDATE,False,CREDITED,Kirk Cousins,CousKi00,00-0029604,STATHEAD_QB_STARTED_QUERY,2025 Stathead pasted rank 522,STATHEAD_UNAMBIGUOUS_SINGLE_CANDIDATE,False,CREDITED,POSTGAME_ACTUAL_STARTER,ORACLE_STARTER_IDENTITY_ONLY,False
2025,18,REG,2026-01-04,2025_18_NYJ_BUF,NYJ,BUF,Brady Cook,CookBr03,00-0040398,STATHEAD_QB_STARTED_QUERY,2025 Stathead pasted rank 526,STATHEAD_UNAMBIGUOUS_SINGLE_CANDIDATE,False,CREDITED,Josh Allen,AlleJo02,00-0034857,STATHEAD_QB_STARTED_QUERY,2025 Stathead pasted rank 569,STATHEAD_UNAMBIGUOUS_SINGLE_CANDIDATE,False,CREDITED,POSTGAME_ACTUAL_STARTER,ORACLE_STARTER_IDENTITY_ONLY,False
2025,18,REG,2026-01-03,2025_18_SEA_SF,SEA,SF,Sam Darnold,DarnSa00,00-0034869,STATHEAD_QB_STARTED_QUERY,2025 Stathead pasted rank 505,STATHEAD_UNAMBIGUOUS_SINGLE_CANDIDATE,False,CREDITED,Brock Purdy,PurdBr00,00-0037834,STATHEAD_QB_STARTED_QUERY,2025 Stathead pasted rank 179,STATHEAD_UNAMBIGUOUS_SINGLE_CANDIDATE,False,CREDITED,POSTGAME_ACTUAL_STARTER,ORACLE_STARTER_IDENTITY_ONLY,False
2025,18,REG,2026-01-04,2025_18_TEN_JAX,TEN,JAX,Cam Ward,WardCa00,00-0040676,STATHEAD_QB_STARTED_QUERY,2025 Stathead pasted rank 186,STATHEAD_UNAMBIGUOUS_SINGLE_CANDIDATE,False,CREDITED,Trevor Lawrence,LawrTr00,00-0036971,STATHEAD_QB_STARTED_QUERY,2025 Stathead pasted rank 355,STATHEAD_UNAMBIGUOUS_SINGLE_CANDIDATE,False,CREDITED,POSTGAME_ACTUAL_STARTER,ORACLE_STARTER_IDENTITY_ONLY,False
2025,18,REG,2026-01-04,2025_18_WAS_PHI,WAS,PHI,Josh Johnson,JohnJo05,00-0026300,STATHEAD_QB_STARTED_QUERY,2025 Stathead pasted rank 380,STATHEAD_UNAMBIGUOUS_SINGLE_CANDIDATE,False,CREDITED,Tanner McKee,McKeTa01,00-0038400,STATHEAD_QB_STARTED_QUERY,2025 Stathead pasted rank 251,STATHEAD_UNAMBIGUOUS_SINGLE_CANDIDATE,False,CREDITED,POSTGAME_ACTUAL_STARTER,ORACLE_STARTER_IDENTITY_ONLY,False
2025,19,WC,2026-01-11,2025_19_BUF_JAX,BUF,JAX,Josh Allen,AlleJo02,00-0034857,STATHEAD_QB_STARTED_QUERY,2025 Stathead pasted rank 570,STATHEAD_UNAMBIGUOUS_SINGLE_CANDIDATE,False,CREDITED,Trevor Lawrence,LawrTr00,00-0036971,STATHEAD_QB_STARTED_QUERY,2025 Stathead pasted rank 356,STATHEAD_UNAMBIGUOUS_SINGLE_CANDIDATE,False,CREDITED,POSTGAME_ACTUAL_STARTER,ORACLE_STARTER_IDENTITY_ONLY,True
2025,19,WC,2026-01-10,2025_19_GB_CHI,GB,CHI,Jordan Love,LoveJo03,00-0036264,STATHEAD_QB_STARTED_QUERY,2025 Stathead pasted rank 325,STATHEAD_UNAMBIGUOUS_SINGLE_CANDIDATE,False,CREDITED,Caleb Williams,WillCa03,00-0039918,STATHEAD_QB_STARTED_QUERY,2025 Stathead pasted rank 193,STATHEAD_UNAMBIGUOUS_SINGLE_CANDIDATE,False,CREDITED,POSTGAME_ACTUAL_STARTER,ORACLE_STARTER_IDENTITY_ONLY,True
2025,19,WC,2026-01-12,2025_19_HOU_PIT,HOU,PIT,C.J. Stroud,StroCJ00,00-0039163,STATHEAD_QB_STARTED_QUERY,2025 Stathead pasted rank 192,STATHEAD_UNAMBIGUOUS_SINGLE_CANDIDATE,False,CREDITED,Aaron Rodgers,RodgAa00,00-0023459,STATHEAD_QB_STARTED_QUERY,2025 Stathead pasted rank 190,STATHEAD_UNAMBIGUOUS_SINGLE_CANDIDATE,False,CREDITED,POSTGAME_ACTUAL_STARTER,ORACLE_STARTER_IDENTITY_ONLY,True
2025,19,WC,2026-01-11,2025_19_LAC_NE,LAC,NE,Justin Herbert,HerbJu00,00-0036355,STATHEAD_QB_STARTED_QUERY,2025 Stathead pasted rank 429,STATHEAD_UNAMBIGUOUS_SINGLE_CANDIDATE,False,CREDITED,Drake Maye,MayeDr00,00-0039851,STATHEAD_QB_STARTED_QUERY,2025 Stathead pasted rank 299,STATHEAD_UNAMBIGUOUS_SINGLE_CANDIDATE,False,CREDITED,POSTGAME_ACTUAL_STARTER,ORACLE_STARTER_IDENTITY_ONLY,True
2025,19,WC,2026-01-10,2025_19_LA_CAR,LAR,CAR,Matthew Stafford,StafMa00,00-0026498,STATHEAD_QB_STARTED_QUERY,2025 Stathead pasted rank 191,STATHEAD_UNAMBIGUOUS_SINGLE_CANDIDATE,False,CREDITED,Bryce Young,YounBr01,00-0039150,STATHEAD_QB_STARTED_QUERY,2025 Stathead pasted rank 194,STATHEAD_UNAMBIGUOUS_SINGLE_CANDIDATE,False,CREDITED,POSTGAME_ACTUAL_STARTER,ORACLE_STARTER_IDENTITY_ONLY,True
2025,19,WC,2026-01-11,2025_19_SF_PHI,SF,PHI,Brock Purdy,PurdBr00,00-0037834,STATHEAD_QB_STARTED_QUERY,2025 Stathead pasted rank 189,STATHEAD_UNAMBIGUOUS_SINGLE_CANDIDATE,False,CREDITED,Jalen Hurts,HurtJa00,00-0036389,STATHEAD_QB_STARTED_QUERY,2025 Stathead pasted rank 410,STATHEAD_UNAMBIGUOUS_SINGLE_CANDIDATE,False,CREDITED,POSTGAME_ACTUAL_STARTER,ORACLE_STARTER_IDENTITY_ONLY,True
2025,20,DIV,2026-01-17,2025_20_BUF_DEN,BUF,DEN,Josh Allen,AlleJo02,00-0034857,STATHEAD_QB_STARTED_QUERY,2025 Stathead pasted rank 552,STATHEAD_UNAMBIGUOUS_SINGLE_CANDIDATE,False,CREDITED,Bo Nix,NixxBo00,00-0039732,STATHEAD_QB_STARTED_QUERY,2025 Stathead pasted rank 224,STATHEAD_UNAMBIGUOUS_SINGLE_CANDIDATE,False,CREDITED,POSTGAME_ACTUAL_STARTER,ORACLE_STARTER_IDENTITY_ONLY,True
2025,20,DIV,2026-01-18,2025_20_HOU_NE,HOU,NE,C.J. Stroud,StroCJ00,00-0039163,STATHEAD_QB_STARTED_QUERY,2025 Stathead pasted rank 197,STATHEAD_UNAMBIGUOUS_SINGLE_CANDIDATE,False,CREDITED,Drake Maye,MayeDr00,00-0039851,STATHEAD_QB_STARTED_QUERY,2025 Stathead pasted rank 280,STATHEAD_UNAMBIGUOUS_SINGLE_CANDIDATE,False,CREDITED,POSTGAME_ACTUAL_STARTER,ORACLE_STARTER_IDENTITY_ONLY,True
2025,20,DIV,2026-01-18,2025_20_LA_CHI,LAR,CHI,Matthew Stafford,StafMa00,00-0026498,STATHEAD_QB_STARTED_QUERY,2025 Stathead pasted rank 196,STATHEAD_UNAMBIGUOUS_SINGLE_CANDIDATE,False,CREDITED,Caleb Williams,WillCa03,00-0039918,STATHEAD_QB_STARTED_QUERY,2025 Stathead pasted rank 198,STATHEAD_UNAMBIGUOUS_SINGLE_CANDIDATE,False,CREDITED,POSTGAME_ACTUAL_STARTER,ORACLE_STARTER_IDENTITY_ONLY,True
2025,20,DIV,2026-01-17,2025_20_SF_SEA,SF,SEA,Brock Purdy,PurdBr00,00-0037834,STATHEAD_QB_STARTED_QUERY,2025 Stathead pasted rank 195,STATHEAD_UNAMBIGUOUS_SINGLE_CANDIDATE,False,CREDITED,Sam Darnold,DarnSa00,00-0034869,STATHEAD_QB_STARTED_QUERY,2025 Stathead pasted rank 488,STATHEAD_UNAMBIGUOUS_SINGLE_CANDIDATE,False,CREDITED,POSTGAME_ACTUAL_STARTER,ORACLE_STARTER_IDENTITY_ONLY,True
2025,21,CON,2026-01-25,2025_21_LA_SEA,LAR,SEA,Matthew Stafford,StafMa00,00-0026498,STATHEAD_QB_STARTED_QUERY,2025 Stathead pasted rank 199,STATHEAD_UNAMBIGUOUS_SINGLE_CANDIDATE,False,CREDITED,Sam Darnold,DarnSa00,00-0034869,STATHEAD_QB_STARTED_QUERY,2025 Stathead pasted rank 487,STATHEAD_UNAMBIGUOUS_SINGLE_CANDIDATE,False,CREDITED,POSTGAME_ACTUAL_STARTER,ORACLE_STARTER_IDENTITY_ONLY,True
2025,21,CON,2026-01-25,2025_21_NE_DEN,NE,DEN,Drake Maye,MayeDr00,00-0039851,STATHEAD_QB_STARTED_QUERY,2025 Stathead pasted rank 279,STATHEAD_UNAMBIGUOUS_SINGLE_CANDIDATE,False,CREDITED,Jarrett Stidham,StidJa00,00-0035264,STATHEAD_QB_STARTED_QUERY,2025 Stathead pasted rank 200,STATHEAD_UNAMBIGUOUS_SINGLE_CANDIDATE,False,CREDITED,POSTGAME_ACTUAL_STARTER,ORACLE_STARTER_IDENTITY_ONLY,True
2025,22,SB,2026-02-08,2025_22_SEA_NE,SEA,NE,Sam Darnold,DarnSa00,00-0034869,STATHEAD_QB_STARTED_QUERY,2025 Stathead pasted rank 506,STATHEAD_UNAMBIGUOUS_SINGLE_CANDIDATE,False,CREDITED,Drake Maye,MayeDr00,00-0039851,STATHEAD_QB_STARTED_QUERY,2025 Stathead pasted rank 298,STATHEAD_UNAMBIGUOUS_SINGLE_CANDIDATE,False,CREDITED,POSTGAME_ACTUAL_STARTER,ORACLE_STARTER_IDENTITY_ONLY,True
