Rk,Player,Day,G#,Week,Date,Age,Team,,Opp,Result,Pos.,Player-additional
1,Jalen Hurts,Sun,4,22,2025-02-09,26-186,PHI,N,KAN,W 40-22,QB,HurtJa00
2,Patrick Mahomes,Sun,3,22,2025-02-09,29-145,KAN,N,PHI,L 22-40,QB,MahoPa00
3,Josh Allen,Sun,3,21,2025-01-26,28-250,BUF,@,KAN,L 29-32,QB,AlleJo02
4,Jayden Daniels,Sun,3,21,2025-01-26,24-039,WAS,@,PHI,L 23-55,QB,DaniJa02
5,Jalen Hurts,Sun,3,21,2025-01-26,26-172,PHI,,WAS,W 55-23,QB,HurtJa00
6,Patrick Mahomes,Sun,2,21,2025-01-26,29-131,KAN,,BUF,W 32-29,QB,MahoPa00
7,Josh Allen,Sun,2,20,2025-01-19,28-243,BUF,,BAL,W 27-25,QB,AlleJo02
8,Jalen Hurts,Sun,2,20,2025-01-19,26-165,PHI,,LAR,W 28-22,QB,HurtJa00
9,Lamar Jackson,Sun,2,20,2025-01-19,28-012,BAL,@,BUF,L 25-27,QB,JackLa00
10,Matthew Stafford,Sun,2,20,2025-01-19,36-347,LAR,@,PHI,L 22-28,QB,StafMa00
11,Jayden Daniels,Sat,2,20,2025-01-18,24-031,WAS,@,DET,W 45-31,QB,DaniJa02
12,Jared Goff,Sat,1,20,2025-01-18,30-096,DET,,WAS,L 31-45,QB,GoffJa00
13,Patrick Mahomes,Sat,1,20,2025-01-18,29-123,KAN,,HOU,W 23-14,QB,MahoPa00
14,C.J. Stroud,Sat,2,20,2025-01-18,23-107,HOU,@,KAN,L 14-23,QB,StroCJ00
15,Sam Darnold,Mon,1,19,2025-01-13,27-222,MIN,@,LAR,L 9-27,QB,DarnSa00
16,Matthew Stafford,Mon,1,19,2025-01-13,36-341,LAR,,MIN,W 27-9,QB,StafMa00
17,Josh Allen,Sun,1,19,2025-01-12,28-236,BUF,,DEN,W 31-7,QB,AlleJo02
18,Jayden Daniels,Sun,1,19,2025-01-12,24-025,WAS,@,TAM,W 23-20,QB,DaniJa02
19,Jalen Hurts,Sun,1,19,2025-01-12,26-158,PHI,,GNB,W 22-10,QB,HurtJa00
20,Jordan Love,Sun,1,19,2025-01-12,26-071,GNB,@,PHI,L 10-22,QB,LoveJo03
21,Baker Mayfield,Sun,1,19,2025-01-12,29-273,TAM,,WAS,L 20-23,QB,MayfBa00
22,Bo Nix,Sun,1,19,2025-01-12,24-322,DEN,@,BUF,L 7-31,QB,NixxBo00
23,Justin Herbert,Sat,1,19,2025-01-11,26-307,LAC,@,HOU,L 12-32,QB,HerbJu00
24,Lamar Jackson,Sat,1,19,2025-01-11,28-004,BAL,,PIT,W 28-14,QB,JackLa00
25,C.J. Stroud,Sat,1,19,2025-01-11,23-100,HOU,,LAC,W 32-12,QB,StroCJ00
26,Russell Wilson,Sat,1,19,2025-01-11,36-043,PIT,@,BAL,L 14-28,QB,WilsRu00
27,Josh Allen,Sun,17,18,2025-01-05,28-229,BUF,@,NWE,L 16-23,QB,AlleJo02
28,Jayden Daniels,Sun,17,18,2025-01-05,24-018,WAS,@,DAL,W 23-19,QB,DaniJa02
29,Sam Darnold,Sun,17,18,2025-01-05,27-214,MIN,@,DET,L 9-31,QB,DarnSa00
30,Joshua Dobbs,Sun,17,18,2025-01-05,29-345,SFO,@,ARI,L 24-47,QB,DobbJo00
31,Joe Flacco,Sun,17,18,2025-01-05,39-355,IND,,JAX,W 26-23 (OT),QB,FlacJo00
32,Jimmy Garoppolo,Sun,17,18,2025-01-05,33-064,LAR,,SEA,L 25-30,QB,GaroJi00
33,Jared Goff,Sun,17,18,2025-01-05,30-083,DET,,MIN,W 31-9,QB,GoffJa00
34,Justin Herbert,Sun,17,18,2025-01-05,26-301,LAC,@,LVR,W 34-20,QB,HerbJu00
35,Tyler Huntley,Sun,17,18,2025-01-05,26-337,MIA,@,NYJ,L 20-32,QB,HuntTy01
36,Mac Jones,Sun,17,18,2025-01-05,26-122,JAX,@,IND,L 23-26 (OT),QB,JoneMa05
37,Trey Lance,Sun,17,18,2025-01-05,24-241,DAL,,WAS,L 19-23,QB,LancTr00
38,Will Levis,Sun,17,18,2025-01-05,25-192,TEN,,HOU,L 14-23,QB,LeviWi00
39,Drew Lock,Sun,17,18,2025-01-05,28-056,NYG,@,PHI,L 13-20,QB,LockDr00
40,Jordan Love,Sun,17,18,2025-01-05,26-064,GNB,,CHI,L 22-24,QB,LoveJo03
41,Drake Maye,Sun,17,18,2025-01-05,22-128,NWE,,BUF,W 23-16,QB,MayeDr00
42,Baker Mayfield,Sun,17,18,2025-01-05,29-266,TAM,,NOR,W 27-19,QB,MayfBa00
43,Tanner McKee,Sun,17,18,2025-01-05,24-253,PHI,,NYG,W 20-13,QB,McKeTa01
44,Kyler Murray,Sun,17,18,2025-01-05,27-151,ARI,,SFO,W 47-24,QB,MurrKy00
45,Bo Nix,Sun,17,18,2025-01-05,24-315,DEN,,KAN,W 38-0,QB,NixxBo00
46,Aidan O'Connell,Sun,17,18,2025-01-05,26-126,LVR,,LAC,L 20-34,QB,OConAi00
47,Michael Penix,Sun,17,18,2025-01-05,24-242,ATL,,CAR,L 38-44 (OT),QB,PeniMi00
48,Spencer Rattler,Sun,17,18,2025-01-05,24-099,NOR,@,TAM,L 19-27,QB,RattSp00
49,Aaron Rodgers,Sun,17,18,2025-01-05,41-034,NYJ,,MIA,W 32-20,QB,RodgAa00
50,Geno Smith,Sun,17,18,2025-01-05,34-087,SEA,@,LAR,W 30-25,QB,SmitGe00
51,C.J. Stroud,Sun,17,18,2025-01-05,23-094,HOU,@,TEN,W 23-14,QB,StroCJ00
52,Carson Wentz,Sun,17,18,2025-01-05,32-006,KAN,@,DEN,L 0-38,QB,WentCa00
53,Caleb Williams,Sun,17,18,2025-01-05,23-048,CHI,@,GNB,W 24-22,QB,WillCa03
54,Bryce Young,Sun,17,18,2025-01-05,23-164,CAR,@,ATL,W 44-38 (OT),QB,YounBr01
55,Joe Burrow,Sat,17,18,2025-01-04,28-025,CIN,@,PIT,W 19-17,QB,BurrJo01
56,Lamar Jackson,Sat,17,18,2025-01-04,27-363,BAL,,CLE,W 35-10,QB,JackLa00
57,Russell Wilson,Sat,17,18,2025-01-04,36-036,PIT,,CIN,L 17-19,QB,WilsRu00
58,Bailey Zappe,Sat,17,18,2025-01-04,25-253,CLE,@,BAL,L 10-35,QB,ZappBa00
59,Jared Goff,Mon,16,17,2024-12-30,30-077,DET,@,SFO,W 40-34,QB,GoffJa00
60,Brock Purdy,Mon,16,17,2024-12-30,25-003,SFO,,DET,L 34-40,QB,PurdBr00
61,Josh Allen,Sun,16,17,2024-12-29,28-222,BUF,,NYJ,W 40-14,QB,AlleJo02
62,Jayden Daniels,Sun,16,17,2024-12-29,24-011,WAS,,ATL,W 30-24 (OT),QB,DaniJa02
63,Sam Darnold,Sun,16,17,2024-12-29,27-207,MIN,,GNB,W 27-25,QB,DarnSa00
64,Joe Flacco,Sun,16,17,2024-12-29,39-348,IND,@,NYG,L 33-45,QB,FlacJo00
65,Tyler Huntley,Sun,16,17,2024-12-29,26-330,MIA,@,CLE,W 20-3,QB,HuntTy01
66,Mac Jones,Sun,16,17,2024-12-29,26-115,JAX,,TEN,W 20-13,QB,JoneMa05
67,Drew Lock,Sun,16,17,2024-12-29,28-049,NYG,,IND,W 45-33,QB,LockDr00
68,Jordan Love,Sun,16,17,2024-12-29,26-057,GNB,@,MIN,L 25-27,QB,LoveJo03
69,Baker Mayfield,Sun,16,17,2024-12-29,29-259,TAM,,CAR,W 48-14,QB,MayfBa00
70,Aidan O'Connell,Sun,16,17,2024-12-29,26-119,LVR,@,NOR,W 25-10,QB,OConAi00
71,Michael Penix,Sun,16,17,2024-12-29,24-235,ATL,@,WAS,L 24-30 (OT),QB,PeniMi00
72,Kenny Pickett,Sun,16,17,2024-12-29,26-206,PHI,,DAL,W 41-7,QB,PickKe00
73,Spencer Rattler,Sun,16,17,2024-12-29,24-092,NOR,,LVR,L 10-25,QB,RattSp00
74,Aaron Rodgers,Sun,16,17,2024-12-29,41-027,NYJ,@,BUF,L 14-40,QB,RodgAa00
75,Mason Rudolph,Sun,16,17,2024-12-29,29-165,TEN,@,JAX,L 13-20,QB,RudoMa00
76,Cooper Rush,Sun,16,17,2024-12-29,31-038,DAL,@,PHI,L 7-41,QB,RushCo00
77,Dorian Thompson-Robinson,Sun,16,17,2024-12-29,25-045,CLE,,MIA,L 3-20,QB,ThomDo02
78,Bryce Young,Sun,16,17,2024-12-29,23-157,CAR,@,TAM,L 14-48,QB,YounBr01
79,Joe Burrow,Sat,16,17,2024-12-28,28-018,CIN,,DEN,W 30-24 (OT),QB,BurrJo01
80,Justin Herbert,Sat,16,17,2024-12-28,26-293,LAC,@,NWE,W 40-7,QB,HerbJu00
81,Drake Maye,Sat,16,17,2024-12-28,22-120,NWE,,LAC,L 7-40,QB,MayeDr00
82,Kyler Murray,Sat,16,17,2024-12-28,27-143,ARI,@,LAR,L 9-13,QB,MurrKy00
83,Bo Nix,Sat,16,17,2024-12-28,24-307,DEN,@,CIN,L 24-30 (OT),QB,NixxBo00
84,Matthew Stafford,Sat,16,17,2024-12-28,36-325,LAR,,ARI,W 13-9,QB,StafMa00
85,Geno Smith,Thu,16,17,2024-12-26,34-077,SEA,@,CHI,W 6-3,QB,SmitGe00
86,Caleb Williams,Thu,16,17,2024-12-26,23-038,CHI,,SEA,L 3-6,QB,WillCa03
87,Lamar Jackson,Wed,16,17,2024-12-25,27-353,BAL,@,HOU,W 31-2,QB,JackLa00
88,Patrick Mahomes,Wed,16,17,2024-12-25,29-099,KAN,@,PIT,W 29-10,QB,MahoPa00
89,C.J. Stroud,Wed,16,17,2024-12-25,23-083,HOU,,BAL,L 2-31,QB,StroCJ00
90,Russell Wilson,Wed,16,17,2024-12-25,36-026,PIT,,KAN,L 10-29,QB,WilsRu00
91,Jordan Love,Mon,15,16,2024-12-23,26-051,GNB,,NOR,W 34-0,QB,LoveJo03
92,Spencer Rattler,Mon,15,16,2024-12-23,24-086,NOR,@,GNB,L 0-34,QB,RattSp00
93,Josh Allen,Sun,15,16,2024-12-22,28-215,BUF,,NWE,W 24-21,QB,AlleJo02
94,Joe Burrow,Sun,15,16,2024-12-22,28-012,CIN,,CLE,W 24-6,QB,BurrJo01
95,Jayden Daniels,Sun,15,16,2024-12-22,24-004,WAS,,PHI,W 36-33,QB,DaniJa02
96,Sam Darnold,Sun,15,16,2024-12-22,27-200,MIN,@,SEA,W 27-24,QB,DarnSa00
97,Jared Goff,Sun,15,16,2024-12-22,30-069,DET,@,CHI,W 34-17,QB,GoffJa00
98,Jalen Hurts,Sun,15,16,2024-12-22,26-137,PHI,@,WAS,L 33-36,QB,HurtJa00
99,Mac Jones,Sun,15,16,2024-12-22,26-108,JAX,@,LVR,L 14-19,QB,JoneMa05
100,Drew Lock,Sun,15,16,2024-12-22,28-042,NYG,@,ATL,L 7-34,QB,LockDr00
101,Drake Maye,Sun,15,16,2024-12-22,22-114,NWE,@,BUF,L 21-24,QB,MayeDr00
102,Baker Mayfield,Sun,15,16,2024-12-22,29-252,TAM,@,DAL,L 24-26,QB,MayfBa00
103,Kyler Murray,Sun,15,16,2024-12-22,27-137,ARI,@,CAR,L 30-36 (OT),QB,MurrKy00
104,Aidan O'Connell,Sun,15,16,2024-12-22,26-112,LVR,,JAX,W 19-14,QB,OConAi00
105,Michael Penix,Sun,15,16,2024-12-22,24-228,ATL,,NYG,W 34-7,QB,PeniMi00
106,Brock Purdy,Sun,15,16,2024-12-22,24-361,SFO,@,MIA,L 17-29,QB,PurdBr00
107,Anthony Richardson,Sun,15,16,2024-12-22,22-214,IND,,TEN,W 38-30,QB,RichAn03
108,Aaron Rodgers,Sun,15,16,2024-12-22,41-020,NYJ,,LAR,L 9-19,QB,RodgAa00
109,Mason Rudolph,Sun,15,16,2024-12-22,29-158,TEN,@,IND,L 30-38,QB,RudoMa00
110,Cooper Rush,Sun,15,16,2024-12-22,31-031,DAL,,TAM,W 26-24,QB,RushCo00
111,Geno Smith,Sun,15,16,2024-12-22,34-073,SEA,,MIN,L 24-27,QB,SmitGe00
112,Matthew Stafford,Sun,15,16,2024-12-22,36-319,LAR,@,NYJ,W 19-9,QB,StafMa00
113,Tua Tagovailoa,Sun,15,16,2024-12-22,26-295,MIA,,SFO,W 29-17,QB,TagoTu00
114,Dorian Thompson-Robinson,Sun,15,16,2024-12-22,25-038,CLE,@,CIN,L 6-24,QB,ThomDo02
115,Caleb Williams,Sun,15,16,2024-12-22,23-034,CHI,,DET,L 17-34,QB,WillCa03
116,Bryce Young,Sun,15,16,2024-12-22,23-150,CAR,,ARI,W 36-30 (OT),QB,YounBr01
117,Lamar Jackson,Sat,15,16,2024-12-21,27-349,BAL,,PIT,W 34-17,QB,JackLa00
118,Patrick Mahomes,Sat,15,16,2024-12-21,29-095,KAN,,HOU,W 27-19,QB,MahoPa00
119,C.J. Stroud,Sat,15,16,2024-12-21,23-079,HOU,@,KAN,L 19-27,QB,StroCJ00
120,Russell Wilson,Sat,15,16,2024-12-21,36-022,PIT,@,BAL,L 17-34,QB,WilsRu00
121,Justin Herbert,Thu,15,16,2024-12-19,26-284,LAC,,DEN,W 34-27,QB,HerbJu00
122,Bo Nix,Thu,15,16,2024-12-19,24-298,DEN,@,LAC,L 27-34,QB,NixxBo00
123,Kirk Cousins,Mon,14,15,2024-12-16,36-119,ATL,@,LVR,W 15-9,QB,CousKi00
124,Sam Darnold,Mon,14,15,2024-12-16,27-194,MIN,,CHI,W 30-12,QB,DarnSa00
125,Desmond Ridder,Mon,14,15,2024-12-16,25-107,LVR,,ATL,L 9-15,QB,RiddDe00
126,Caleb Williams,Mon,14,15,2024-12-16,23-028,CHI,@,MIN,L 12-30,QB,WillCa03
127,Josh Allen,Sun,14,15,2024-12-15,28-208,BUF,@,DET,W 48-42,QB,AlleJo02
128,Joe Burrow,Sun,14,15,2024-12-15,28-005,CIN,@,TEN,W 37-27,QB,BurrJo01
129,Jayden Daniels,Sun,14,15,2024-12-15,23-363,WAS,@,NOR,W 20-19,QB,DaniJa02
130,Tommy DeVito,Sun,14,15,2024-12-15,26-130,NYG,,BAL,L 14-35,QB,DeViTo00
131,Jared Goff,Sun,14,15,2024-12-15,30-062,DET,,BUF,L 42-48,QB,GoffJa00
132,Jake Haener,Sun,14,15,2024-12-15,25-274,NOR,,WAS,L 19-20,QB,HaenJa00
133,Justin Herbert,Sun,14,15,2024-12-15,26-280,LAC,,TAM,L 17-40,QB,HerbJu00
134,Jalen Hurts,Sun,14,15,2024-12-15,26-130,PHI,,PIT,W 27-13,QB,HurtJa00
135,Lamar Jackson,Sun,14,15,2024-12-15,27-343,BAL,@,NYG,W 35-14,QB,JackLa00
136,Mac Jones,Sun,14,15,2024-12-15,26-101,JAX,,NYJ,L 25-32,QB,JoneMa05
137,Will Levis,Sun,14,15,2024-12-15,25-171,TEN,,CIN,L 27-37,QB,LeviWi00
138,Jordan Love,Sun,14,15,2024-12-15,26-043,GNB,@,SEA,W 30-13,QB,LoveJo03
139,Patrick Mahomes,Sun,14,15,2024-12-15,29-089,KAN,@,CLE,W 21-7,QB,MahoPa00
140,Drake Maye,Sun,14,15,2024-12-15,22-107,NWE,@,ARI,L 17-30,QB,MayeDr00
141,Baker Mayfield,Sun,14,15,2024-12-15,29-245,TAM,@,LAC,W 40-17,QB,MayfBa00
142,Kyler Murray,Sun,14,15,2024-12-15,27-130,ARI,,NWE,W 30-17,QB,MurrKy00
143,Bo Nix,Sun,14,15,2024-12-15,24-294,DEN,,IND,W 31-13,QB,NixxBo00
144,Anthony Richardson,Sun,14,15,2024-12-15,22-207,IND,@,DEN,L 13-31,QB,RichAn03
145,Aaron Rodgers,Sun,14,15,2024-12-15,41-013,NYJ,@,JAX,W 32-25,QB,RodgAa00
146,Cooper Rush,Sun,14,15,2024-12-15,31-024,DAL,@,CAR,W 30-14,QB,RushCo00
147,Geno Smith,Sun,14,15,2024-12-15,34-066,SEA,,GNB,L 13-30,QB,SmitGe00
148,C.J. Stroud,Sun,14,15,2024-12-15,23-073,HOU,,MIA,W 20-12,QB,StroCJ00
149,Tua Tagovailoa,Sun,14,15,2024-12-15,26-288,MIA,@,HOU,L 12-20,QB,TagoTu00
150,Russell Wilson,Sun,14,15,2024-12-15,36-016,PIT,@,PHI,L 13-27,QB,WilsRu00
151,Jameis Winston,Sun,14,15,2024-12-15,30-344,CLE,,KAN,L 7-21,QB,WinsJa00
152,Bryce Young,Sun,14,15,2024-12-15,23-143,CAR,,DAL,L 14-30,QB,YounBr01
153,Brock Purdy,Thu,14,15,2024-12-12,24-351,SFO,,LAR,L 6-12,QB,PurdBr00
154,Matthew Stafford,Thu,14,15,2024-12-12,36-309,LAR,@,SFO,W 12-6,QB,StafMa00
155,Joe Burrow,Mon,13,14,2024-12-09,27-365,CIN,@,DAL,W 27-20,QB,BurrJo01
156,Cooper Rush,Mon,13,14,2024-12-09,31-018,DAL,,CIN,L 20-27,QB,RushCo00
157,Josh Allen,Sun,13,14,2024-12-08,28-201,BUF,@,LAR,L 42-44,QB,AlleJo02
158,Derek Carr,Sun,13,14,2024-12-08,33-255,NOR,@,NYG,W 14-11,QB,CarrDe02
159,Kirk Cousins,Sun,13,14,2024-12-08,36-111,ATL,@,MIN,L 21-42,QB,CousKi00
160,Sam Darnold,Sun,13,14,2024-12-08,27-186,MIN,,ATL,W 42-21,QB,DarnSa00
161,Justin Herbert,Sun,13,14,2024-12-08,26-273,LAC,@,KAN,L 17-19,QB,HerbJu00
162,Jalen Hurts,Sun,13,14,2024-12-08,26-123,PHI,,CAR,W 22-16,QB,HurtJa00
163,Mac Jones,Sun,13,14,2024-12-08,26-094,JAX,@,TEN,W 10-6,QB,JoneMa05
164,Will Levis,Sun,13,14,2024-12-08,25-164,TEN,,JAX,L 6-10,QB,LeviWi00
165,Drew Lock,Sun,13,14,2024-12-08,28-028,NYG,,NOR,L 11-14,QB,LockDr00
166,Patrick Mahomes,Sun,13,14,2024-12-08,29-082,KAN,,LAC,W 19-17,QB,MahoPa00
167,Baker Mayfield,Sun,13,14,2024-12-08,29-238,TAM,,LVR,W 28-13,QB,MayfBa00
168,Kyler Murray,Sun,13,14,2024-12-08,27-123,ARI,,SEA,L 18-30,QB,MurrKy00
169,Aidan O'Connell,Sun,13,14,2024-12-08,26-098,LVR,@,TAM,L 13-28,QB,OConAi00
170,Brock Purdy,Sun,13,14,2024-12-08,24-347,SFO,,CHI,W 38-13,QB,PurdBr00
171,Aaron Rodgers,Sun,13,14,2024-12-08,41-006,NYJ,@,MIA,L 26-32 (OT),QB,RodgAa00
172,Geno Smith,Sun,13,14,2024-12-08,34-059,SEA,@,ARI,W 30-18,QB,SmitGe00
173,Matthew Stafford,Sun,13,14,2024-12-08,36-305,LAR,,BUF,W 44-42,QB,StafMa00
174,Tua Tagovailoa,Sun,13,14,2024-12-08,26-281,MIA,,NYJ,W 32-26 (OT),QB,TagoTu00
175,Caleb Williams,Sun,13,14,2024-12-08,23-020,CHI,@,SFO,L 13-38,QB,WillCa03
176,Russell Wilson,Sun,13,14,2024-12-08,36-009,PIT,,CLE,W 27-14,QB,WilsRu00
177,Jameis Winston,Sun,13,14,2024-12-08,30-337,CLE,@,PIT,L 14-27,QB,WinsJa00
178,Bryce Young,Sun,13,14,2024-12-08,23-136,CAR,@,PHI,L 16-22,QB,YounBr01
179,Jared Goff,Thu,13,14,2024-12-05,30-052,DET,,GNB,W 34-31,QB,GoffJa00
180,Jordan Love,Thu,13,14,2024-12-05,26-033,GNB,@,DET,L 31-34,QB,LoveJo03
181,Bo Nix,Mon,13,13,2024-12-02,24-281,DEN,,CLE,W 41-32,QB,NixxBo00
182,Jameis Winston,Mon,12,13,2024-12-02,30-331,CLE,@,DEN,L 32-41,QB,WinsJa00
183,Josh Allen,Sun,12,13,2024-12-01,28-194,BUF,,SFO,W 35-10,QB,AlleJo02
184,Joe Burrow,Sun,12,13,2024-12-01,27-357,CIN,,PIT,L 38-44,QB,BurrJo01
185,Derek Carr,Sun,12,13,2024-12-01,33-248,NOR,,LAR,L 14-21,QB,CarrDe02
186,Kirk Cousins,Sun,12,13,2024-12-01,36-104,ATL,,LAC,L 13-17,QB,CousKi00
187,Jayden Daniels,Sun,13,13,2024-12-01,23-349,WAS,,TEN,W 42-19,QB,DaniJa02
188,Sam Darnold,Sun,12,13,2024-12-01,27-179,MIN,,ARI,W 23-22,QB,DarnSa00
189,Justin Herbert,Sun,12,13,2024-12-01,26-266,LAC,@,ATL,W 17-13,QB,HerbJu00
190,Jalen Hurts,Sun,12,13,2024-12-01,26-116,PHI,@,BAL,W 24-19,QB,HurtJa00
191,Lamar Jackson,Sun,13,13,2024-12-01,27-329,BAL,,PHI,L 19-24,QB,JackLa00
192,Trevor Lawrence,Sun,12,13,2024-12-01,25-056,JAX,,HOU,L 20-23,QB,LawrTr00
193,Will Levis,Sun,12,13,2024-12-01,25-157,TEN,@,WAS,L 19-42,QB,LeviWi00
194,Drake Maye,Sun,13,13,2024-12-01,22-093,NWE,,IND,L 24-25,QB,MayeDr00
195,Baker Mayfield,Sun,12,13,2024-12-01,29-231,TAM,@,CAR,W 26-23 (OT),QB,MayfBa00
196,Kyler Murray,Sun,12,13,2024-12-01,27-116,ARI,@,MIN,L 22-23,QB,MurrKy00
197,Brock Purdy,Sun,12,13,2024-12-01,24-340,SFO,@,BUF,L 10-35,QB,PurdBr00
198,Anthony Richardson,Sun,13,13,2024-12-01,22-193,IND,@,NWE,W 25-24,QB,RichAn03
199,Aaron Rodgers,Sun,12,13,2024-12-01,40-365,NYJ,,SEA,L 21-26,QB,RodgAa00
200,Geno Smith,Sun,12,13,2024-12-01,34-052,SEA,@,NYJ,W 26-21,QB,SmitGe00
201,Matthew Stafford,Sun,12,13,2024-12-01,36-298,LAR,@,NOR,W 21-14,QB,StafMa00
202,C.J. Stroud,Sun,13,13,2024-12-01,23-059,HOU,@,JAX,W 23-20,QB,StroCJ00
203,Russell Wilson,Sun,12,13,2024-12-01,36-002,PIT,@,CIN,W 44-38,QB,WilsRu00
204,Bryce Young,Sun,12,13,2024-12-01,23-129,CAR,,TAM,L 23-26 (OT),QB,YounBr01
205,Patrick Mahomes,Fri,12,13,2024-11-29,29-073,KAN,,LVR,W 19-17,QB,MahoPa00
206,Aidan O'Connell,Fri,12,13,2024-11-29,26-089,LVR,@,KAN,L 17-19,QB,OConAi00
207,Jared Goff,Thu,12,13,2024-11-28,30-045,DET,,CHI,W 23-20,QB,GoffJa00
208,Drew Lock,Thu,12,13,2024-11-28,28-018,NYG,@,DAL,L 20-27,QB,LockDr00
209,Jordan Love,Thu,12,13,2024-11-28,26-026,GNB,,MIA,W 30-17,QB,LoveJo03
210,Cooper Rush,Thu,12,13,2024-11-28,31-007,DAL,,NYG,W 27-20,QB,RushCo00
211,Tua Tagovailoa,Thu,12,13,2024-11-28,26-271,MIA,@,GNB,L 17-30,QB,TagoTu00
212,Caleb Williams,Thu,12,13,2024-11-28,23-010,CHI,@,DET,L 20-23,QB,WillCa03
213,Justin Herbert,Mon,11,12,2024-11-25,26-260,LAC,,BAL,L 23-30,QB,HerbJu00
214,Lamar Jackson,Mon,12,12,2024-11-25,27-323,BAL,@,LAC,W 30-23,QB,JackLa00
215,Brandon Allen,Sun,11,12,2024-11-24,32-080,SFO,@,GNB,L 10-38,QB,AlleBr00
216,Jayden Daniels,Sun,12,12,2024-11-24,23-342,WAS,,DAL,L 26-34,QB,DaniJa02
217,Sam Darnold,Sun,11,12,2024-11-24,27-172,MIN,@,CHI,W 30-27 (OT),QB,DarnSa00
218,Tommy DeVito,Sun,11,12,2024-11-24,26-109,NYG,,TAM,L 7-30,QB,DeViTo00
219,Jared Goff,Sun,11,12,2024-11-24,30-041,DET,@,IND,W 24-6,QB,GoffJa00
220,Jalen Hurts,Sun,11,12,2024-11-24,26-109,PHI,@,LAR,W 37-20,QB,HurtJa00
221,Will Levis,Sun,11,12,2024-11-24,25-150,TEN,@,HOU,W 32-27,QB,LeviWi00
222,Jordan Love,Sun,11,12,2024-11-24,26-022,GNB,,SFO,W 38-10,QB,LoveJo03
223,Patrick Mahomes,Sun,11,12,2024-11-24,29-068,KAN,@,CAR,W 30-27,QB,MahoPa00
224,Drake Maye,Sun,12,12,2024-11-24,22-086,NWE,@,MIA,L 15-34,QB,MayeDr00
225,Baker Mayfield,Sun,11,12,2024-11-24,29-224,TAM,@,NYG,W 30-7,QB,MayfBa00
226,Gardner Minshew II,Sun,11,12,2024-11-24,28-192,LVR,,DEN,L 19-29,QB,MinsGa00
227,Kyler Murray,Sun,11,12,2024-11-24,27-109,ARI,@,SEA,L 6-16,QB,MurrKy00
228,Bo Nix,Sun,12,12,2024-11-24,24-273,DEN,@,LVR,W 29-19,QB,NixxBo00
229,Anthony Richardson,Sun,12,12,2024-11-24,22-186,IND,,DET,L 6-24,QB,RichAn03
230,Cooper Rush,Sun,11,12,2024-11-24,31-003,DAL,@,WAS,W 34-26,QB,RushCo00
231,Geno Smith,Sun,11,12,2024-11-24,34-045,SEA,,ARI,W 16-6,QB,SmitGe00
232,Matthew Stafford,Sun,11,12,2024-11-24,36-291,LAR,,PHI,L 20-37,QB,StafMa00
233,C.J. Stroud,Sun,12,12,2024-11-24,23-052,HOU,,TEN,L 27-32,QB,StroCJ00
234,Tua Tagovailoa,Sun,11,12,2024-11-24,26-267,MIA,,NWE,W 34-15,QB,TagoTu00
235,Caleb Williams,Sun,11,12,2024-11-24,23-006,CHI,,MIN,L 27-30 (OT),QB,WillCa03
236,Bryce Young,Sun,11,12,2024-11-24,23-122,CAR,,KAN,L 27-30,QB,YounBr01
237,Russell Wilson,Thu,11,12,2024-11-21,35-358,PIT,@,CLE,L 19-24,QB,WilsRu00
238,Jameis Winston,Thu,11,12,2024-11-21,30-320,CLE,,PIT,W 24-19,QB,WinsJa00
239,Cooper Rush,Mon,10,11,2024-11-18,30-363,DAL,,HOU,L 10-34,QB,RushCo00
240,C.J. Stroud,Mon,11,11,2024-11-18,23-046,HOU,@,DAL,W 34-10,QB,StroCJ00
241,Josh Allen,Sun,11,11,2024-11-17,28-180,BUF,,KAN,W 30-21,QB,AlleJo02
242,Joe Burrow,Sun,11,11,2024-11-17,27-343,CIN,@,LAC,L 27-34,QB,BurrJo01
243,Derek Carr,Sun,11,11,2024-11-17,33-234,NOR,,CLE,W 35-14,QB,CarrDe02
244,Kirk Cousins,Sun,11,11,2024-11-17,36-090,ATL,@,DEN,L 6-38,QB,CousKi00
245,Sam Darnold,Sun,10,11,2024-11-17,27-165,MIN,@,TEN,W 23-13,QB,DarnSa00
246,Jared Goff,Sun,10,11,2024-11-17,30-034,DET,,JAX,W 52-6,QB,GoffJa00
247,Justin Herbert,Sun,10,11,2024-11-17,26-252,LAC,,CIN,W 34-27,QB,HerbJu00
248,Lamar Jackson,Sun,11,11,2024-11-17,27-315,BAL,@,PIT,L 16-18,QB,JackLa00
249,Mac Jones,Sun,11,11,2024-11-17,26-073,JAX,@,DET,L 6-52,QB,JoneMa05
250,Will Levis,Sun,10,11,2024-11-17,25-143,TEN,,MIN,L 13-23,QB,LeviWi00
251,Jordan Love,Sun,10,11,2024-11-17,26-015,GNB,@,CHI,W 20-19,QB,LoveJo03
252,Patrick Mahomes,Sun,10,11,2024-11-17,29-061,KAN,@,BUF,L 21-30,QB,MahoPa00
253,Drake Maye,Sun,11,11,2024-11-17,22-079,NWE,,LAR,L 22-28,QB,MayeDr00
254,Gardner Minshew II,Sun,10,11,2024-11-17,28-185,LVR,@,MIA,L 19-34,QB,MinsGa00
255,Bo Nix,Sun,11,11,2024-11-17,24-266,DEN,,ATL,W 38-6,QB,NixxBo00
256,Brock Purdy,Sun,10,11,2024-11-17,24-326,SFO,,SEA,L 17-20,QB,PurdBr00
257,Anthony Richardson,Sun,11,11,2024-11-17,22-179,IND,@,NYJ,W 28-27,QB,RichAn03
258,Aaron Rodgers,Sun,11,11,2024-11-17,40-351,NYJ,,IND,L 27-28,QB,RodgAa00
259,Geno Smith,Sun,10,11,2024-11-17,34-038,SEA,@,SFO,W 20-17,QB,SmitGe00
260,Matthew Stafford,Sun,10,11,2024-11-17,36-284,LAR,@,NWE,W 28-22,QB,StafMa00
261,Tua Tagovailoa,Sun,10,11,2024-11-17,26-260,MIA,,LVR,W 34-19,QB,TagoTu00
262,Caleb Williams,Sun,10,11,2024-11-17,22-365,CHI,,GNB,L 19-20,QB,WillCa03
263,Russell Wilson,Sun,10,11,2024-11-17,35-354,PIT,,BAL,W 18-16,QB,WilsRu00
264,Jameis Winston,Sun,10,11,2024-11-17,30-316,CLE,@,NOR,L 14-35,QB,WinsJa00
265,Jayden Daniels,Thu,11,11,2024-11-14,23-332,WAS,@,PHI,L 18-26,QB,DaniJa02
266,Jalen Hurts,Thu,10,11,2024-11-14,26-099,PHI,,WAS,W 26-18,QB,HurtJa00
267,Matthew Stafford,Mon,9,10,2024-11-11,36-278,LAR,,MIA,L 15-23,QB,StafMa00
268,Tua Tagovailoa,Mon,9,10,2024-11-11,26-254,MIA,@,LAR,W 23-15,QB,TagoTu00
269,Josh Allen,Sun,10,10,2024-11-10,28-173,BUF,@,IND,W 30-20,QB,AlleJo02
270,Derek Carr,Sun,10,10,2024-11-10,33-227,NOR,,ATL,W 20-17,QB,CarrDe02
271,Kirk Cousins,Sun,10,10,2024-11-10,36-083,ATL,@,NOR,L 17-20,QB,CousKi00
272,Jayden Daniels,Sun,10,10,2024-11-10,23-328,WAS,,PIT,L 27-28,QB,DaniJa02
273,Sam Darnold,Sun,9,10,2024-11-10,27-158,MIN,@,JAX,W 12-7,QB,DarnSa00
274,Joe Flacco,Sun,10,10,2024-11-10,39-299,IND,,BUF,L 20-30,QB,FlacJo00
275,Jared Goff,Sun,9,10,2024-11-10,30-027,DET,@,HOU,W 26-23,QB,GoffJa00
276,Justin Herbert,Sun,9,10,2024-11-10,26-245,LAC,,TEN,W 27-17,QB,HerbJu00
277,Jalen Hurts,Sun,9,10,2024-11-10,26-095,PHI,@,DAL,W 34-6,QB,HurtJa00
278,Daniel Jones,Sun,10,10,2024-11-10,27-167,NYG,@,CAR,L 17-20 (OT),QB,JoneDa05
279,Mac Jones,Sun,10,10,2024-11-10,26-066,JAX,,MIN,L 7-12,QB,JoneMa05
280,Will Levis,Sun,9,10,2024-11-10,25-136,TEN,@,LAC,L 17-27,QB,LeviWi00
281,Patrick Mahomes,Sun,9,10,2024-11-10,29-054,KAN,,DEN,W 16-14,QB,MahoPa00
282,Drake Maye,Sun,10,10,2024-11-10,22-072,NWE,@,CHI,W 19-3,QB,MayeDr00
283,Baker Mayfield,Sun,10,10,2024-11-10,29-210,TAM,,SFO,L 20-23,QB,MayfBa00
284,Kyler Murray,Sun,10,10,2024-11-10,27-095,ARI,,NYJ,W 31-6,QB,MurrKy00
285,Bo Nix,Sun,10,10,2024-11-10,24-259,DEN,@,KAN,L 14-16,QB,NixxBo00
286,Brock Purdy,Sun,9,10,2024-11-10,24-319,SFO,@,TAM,W 23-20,QB,PurdBr00
287,Aaron Rodgers,Sun,10,10,2024-11-10,40-344,NYJ,@,ARI,L 6-31,QB,RodgAa00
288,Cooper Rush,Sun,9,10,2024-11-10,30-355,DAL,,PHI,L 6-34,QB,RushCo00
289,C.J. Stroud,Sun,10,10,2024-11-10,23-038,HOU,,DET,L 23-26,QB,StroCJ00
290,Caleb Williams,Sun,9,10,2024-11-10,22-358,CHI,,NWE,L 3-19,QB,WillCa03
291,Russell Wilson,Sun,9,10,2024-11-10,35-347,PIT,@,WAS,W 28-27,QB,WilsRu00
292,Bryce Young,Sun,10,10,2024-11-10,23-108,CAR,,NYG,W 20-17 (OT),QB,YounBr01
293,Joe Burrow,Thu,10,10,2024-11-07,27-333,CIN,@,BAL,L 34-35,QB,BurrJo01
294,Lamar Jackson,Thu,10,10,2024-11-07,27-305,BAL,,CIN,W 35-34,QB,JackLa00
295,Patrick Mahomes,Mon,8,9,2024-11-04,29-048,KAN,,TAM,W 30-24 (OT),QB,MahoPa00
296,Baker Mayfield,Mon,9,9,2024-11-04,29-204,TAM,@,KAN,L 24-30 (OT),QB,MayfBa00
297,Josh Allen,Sun,9,9,2024-11-03,28-166,BUF,,MIA,W 30-27,QB,AlleJo02
298,Joe Burrow,Sun,9,9,2024-11-03,27-329,CIN,,LVR,W 41-24,QB,BurrJo01
299,Derek Carr,Sun,9,9,2024-11-03,33-220,NOR,@,CAR,L 22-23,QB,CarrDe02
300,Kirk Cousins,Sun,9,9,2024-11-03,36-076,ATL,,DAL,W 27-21,QB,CousKi00
301,Jayden Daniels,Sun,9,9,2024-11-03,23-321,WAS,@,NYG,W 27-22,QB,DaniJa02
302,Sam Darnold,Sun,8,9,2024-11-03,27-151,MIN,,IND,W 21-13,QB,DarnSa00
303,Joe Flacco,Sun,9,9,2024-11-03,39-292,IND,@,MIN,L 13-21,QB,FlacJo00
304,Jared Goff,Sun,8,9,2024-11-03,30-020,DET,@,GNB,W 24-14,QB,GoffJa00
305,Justin Herbert,Sun,8,9,2024-11-03,26-238,LAC,@,CLE,W 27-10,QB,HerbJu00
306,Jalen Hurts,Sun,8,9,2024-11-03,26-088,PHI,,JAX,W 28-23,QB,HurtJa00
307,Lamar Jackson,Sun,9,9,2024-11-03,27-301,BAL,,DEN,W 41-10,QB,JackLa00
308,Daniel Jones,Sun,9,9,2024-11-03,27-160,NYG,,WAS,L 22-27,QB,JoneDa05
309,Trevor Lawrence,Sun,9,9,2024-11-03,25-028,JAX,@,PHI,L 23-28,QB,LawrTr00
310,Jordan Love,Sun,9,9,2024-11-03,26-001,GNB,,DET,L 14-24,QB,LoveJo03
311,Drake Maye,Sun,9,9,2024-11-03,22-065,NWE,@,TEN,L 17-20 (OT),QB,MayeDr00
312,Gardner Minshew II,Sun,9,9,2024-11-03,28-171,LVR,@,CIN,L 24-41,QB,MinsGa00
313,Kyler Murray,Sun,9,9,2024-11-03,27-088,ARI,,CHI,W 29-9,QB,MurrKy00
314,Bo Nix,Sun,9,9,2024-11-03,24-252,DEN,@,BAL,L 10-41,QB,NixxBo00
315,Dak Prescott,Sun,8,9,2024-11-03,31-097,DAL,@,ATL,L 21-27,QB,PresDa01
316,Mason Rudolph,Sun,8,9,2024-11-03,29-109,TEN,,NWE,W 20-17 (OT),QB,RudoMa00
317,Geno Smith,Sun,9,9,2024-11-03,34-024,SEA,,LAR,L 20-26 (OT),QB,SmitGe00
318,Matthew Stafford,Sun,8,9,2024-11-03,36-270,LAR,@,SEA,W 26-20 (OT),QB,StafMa00
319,Tua Tagovailoa,Sun,8,9,2024-11-03,26-246,MIA,@,BUF,L 27-30,QB,TagoTu00
320,Caleb Williams,Sun,8,9,2024-11-03,22-351,CHI,@,ARI,L 9-29,QB,WillCa03
321,Jameis Winston,Sun,9,9,2024-11-03,30-302,CLE,,LAC,L 10-27,QB,WinsJa00
322,Bryce Young,Sun,9,9,2024-11-03,23-101,CAR,,NOR,W 23-22,QB,YounBr01
323,Aaron Rodgers,Thu,9,9,2024-10-31,40-334,NYJ,,HOU,W 21-13,QB,RodgAa00
324,C.J. Stroud,Thu,9,9,2024-10-31,23-028,HOU,@,NYJ,L 13-21,QB,StroCJ00
325,Daniel Jones,Mon,8,8,2024-10-28,27-154,NYG,@,PIT,L 18-26,QB,JoneDa05
326,Russell Wilson,Mon,8,8,2024-10-28,35-334,PIT,,NYG,W 26-18,QB,WilsRu00
327,Josh Allen,Sun,8,8,2024-10-27,28-159,BUF,@,SEA,W 31-10,QB,AlleJo02
328,Joe Burrow,Sun,8,8,2024-10-27,27-322,CIN,,PHI,L 17-37,QB,BurrJo01
329,Kirk Cousins,Sun,8,8,2024-10-27,36-069,ATL,@,TAM,W 31-26,QB,CousKi00
330,Jayden Daniels,Sun,8,8,2024-10-27,23-314,WAS,,CHI,W 18-15,QB,DaniJa02
331,Jared Goff,Sun,7,8,2024-10-27,30-013,DET,,TEN,W 52-14,QB,GoffJa00
332,Justin Herbert,Sun,7,8,2024-10-27,26-231,LAC,,NOR,W 26-8,QB,HerbJu00
333,Jalen Hurts,Sun,7,8,2024-10-27,26-081,PHI,@,CIN,W 37-17,QB,HurtJa00
334,Lamar Jackson,Sun,8,8,2024-10-27,27-294,BAL,@,CLE,L 24-29,QB,JackLa00
335,Trevor Lawrence,Sun,8,8,2024-10-27,25-021,JAX,,GNB,L 27-30,QB,LawrTr00
336,Jordan Love,Sun,8,8,2024-10-27,25-360,GNB,@,JAX,W 30-27,QB,LoveJo03
337,Patrick Mahomes,Sun,7,8,2024-10-27,29-040,KAN,@,LVR,W 27-20,QB,MahoPa00
338,Drake Maye,Sun,8,8,2024-10-27,22-058,NWE,,NYJ,W 25-22,QB,MayeDr00
339,Baker Mayfield,Sun,8,8,2024-10-27,29-196,TAM,,ATL,L 26-31,QB,MayfBa00
340,Gardner Minshew II,Sun,8,8,2024-10-27,28-164,LVR,,KAN,L 20-27,QB,MinsGa00
341,Kyler Murray,Sun,8,8,2024-10-27,27-081,ARI,@,MIA,W 28-27,QB,MurrKy00
342,Bo Nix,Sun,8,8,2024-10-27,24-245,DEN,,CAR,W 28-14,QB,NixxBo00
343,Dak Prescott,Sun,7,8,2024-10-27,31-090,DAL,@,SFO,L 24-30,QB,PresDa01
344,Brock Purdy,Sun,8,8,2024-10-27,24-305,SFO,,DAL,W 30-24,QB,PurdBr00
345,Spencer Rattler,Sun,8,8,2024-10-27,24-029,NOR,@,LAC,L 8-26,QB,RattSp00
346,Anthony Richardson,Sun,8,8,2024-10-27,22-158,IND,@,HOU,L 20-23,QB,RichAn03
347,Aaron Rodgers,Sun,8,8,2024-10-27,40-330,NYJ,@,NWE,L 22-25,QB,RodgAa00
348,Mason Rudolph,Sun,7,8,2024-10-27,29-102,TEN,@,DET,L 14-52,QB,RudoMa00
349,Geno Smith,Sun,8,8,2024-10-27,34-017,SEA,,BUF,L 10-31,QB,SmitGe00
350,C.J. Stroud,Sun,8,8,2024-10-27,23-024,HOU,,IND,W 23-20,QB,StroCJ00
351,Tua Tagovailoa,Sun,7,8,2024-10-27,26-239,MIA,,ARI,L 27-28,QB,TagoTu00
352,Caleb Williams,Sun,7,8,2024-10-27,22-344,CHI,@,WAS,L 15-18,QB,WillCa03
353,Jameis Winston,Sun,8,8,2024-10-27,30-295,CLE,,BAL,W 29-24,QB,WinsJa00
354,Bryce Young,Sun,8,8,2024-10-27,23-094,CAR,@,DEN,L 14-28,QB,YounBr01
355,Sam Darnold,Thu,7,8,2024-10-24,27-141,MIN,@,LAR,L 20-30,QB,DarnSa00
356,Matthew Stafford,Thu,7,8,2024-10-24,36-260,LAR,,MIN,W 30-20,QB,StafMa00
357,Justin Herbert,Mon,6,7,2024-10-21,26-225,LAC,@,ARI,L 15-17,QB,HerbJu00
358,Lamar Jackson,Mon,7,7,2024-10-21,27-288,BAL,@,TAM,W 41-31,QB,JackLa00
359,Baker Mayfield,Mon,7,7,2024-10-21,29-190,TAM,,BAL,L 31-41,QB,MayfBa00
360,Kyler Murray,Mon,7,7,2024-10-21,27-075,ARI,,LAC,W 17-15,QB,MurrKy00
361,Josh Allen,Sun,7,7,2024-10-20,28-152,BUF,,TEN,W 34-10,QB,AlleJo02
362,Joe Burrow,Sun,7,7,2024-10-20,27-315,CIN,@,CLE,W 21-14,QB,BurrJo01
363,Kirk Cousins,Sun,7,7,2024-10-20,36-062,ATL,,SEA,L 14-34,QB,CousKi00
364,Andy Dalton,Sun,7,7,2024-10-20,36-357,CAR,@,WAS,L 7-40,QB,DaltAn00
365,Jayden Daniels,Sun,7,7,2024-10-20,23-307,WAS,,CAR,W 40-7,QB,DaniJa02
366,Sam Darnold,Sun,6,7,2024-10-20,27-137,MIN,,DET,L 29-31,QB,DarnSa00
367,Jared Goff,Sun,6,7,2024-10-20,30-006,DET,@,MIN,W 31-29,QB,GoffJa00
368,Tyler Huntley,Sun,6,7,2024-10-20,26-260,MIA,@,IND,L 10-16,QB,HuntTy01
369,Jalen Hurts,Sun,6,7,2024-10-20,26-074,PHI,@,NYG,W 28-3,QB,HurtJa00
370,Daniel Jones,Sun,7,7,2024-10-20,27-146,NYG,,PHI,L 3-28,QB,JoneDa05
371,Trevor Lawrence,Sun,7,7,2024-10-20,25-014,JAX,,NWE,W 32-16,QB,LawrTr00
372,Jordan Love,Sun,7,7,2024-10-20,25-353,GNB,,HOU,W 24-22,QB,LoveJo03
373,Patrick Mahomes,Sun,6,7,2024-10-20,29-033,KAN,@,SFO,W 28-18,QB,MahoPa00
374,Drake Maye,Sun,7,7,2024-10-20,22-051,NWE,@,JAX,L 16-32,QB,MayeDr00
375,Aidan O'Connell,Sun,7,7,2024-10-20,26-049,LVR,@,LAR,L 15-20,QB,OConAi00
376,Brock Purdy,Sun,7,7,2024-10-20,24-298,SFO,,KAN,L 18-28,QB,PurdBr00
377,Anthony Richardson,Sun,7,7,2024-10-20,22-151,IND,,MIA,W 16-10,QB,RichAn03
378,Aaron Rodgers,Sun,7,7,2024-10-20,40-323,NYJ,@,PIT,L 15-37,QB,RodgAa00
379,Mason Rudolph,Sun,6,7,2024-10-20,29-095,TEN,@,BUF,L 10-34,QB,RudoMa00
380,Geno Smith,Sun,7,7,2024-10-20,34-010,SEA,@,ATL,W 34-14,QB,SmitGe00
381,Matthew Stafford,Sun,6,7,2024-10-20,36-256,LAR,,LVR,W 20-15,QB,StafMa00
382,C.J. Stroud,Sun,7,7,2024-10-20,23-017,HOU,@,GNB,L 22-24,QB,StroCJ00
383,Deshaun Watson,Sun,7,7,2024-10-20,29-036,CLE,,CIN,L 14-21,QB,WatsDe00
384,Russell Wilson,Sun,7,7,2024-10-20,35-326,PIT,,NYJ,W 37-15,QB,WilsRu00
385,Bo Nix,Thu,7,7,2024-10-17,24-235,DEN,@,NOR,W 33-10,QB,NixxBo00
386,Spencer Rattler,Thu,7,7,2024-10-17,24-019,NOR,,DEN,L 10-33,QB,RattSp00
387,Josh Allen,Mon,6,6,2024-10-14,28-146,BUF,@,NYJ,W 23-20,QB,AlleJo02
388,Aaron Rodgers,Mon,6,6,2024-10-14,40-317,NYJ,,BUF,L 20-23,QB,RodgAa00
389,Joe Burrow,Sun,6,6,2024-10-13,27-308,CIN,@,NYG,W 17-7,QB,BurrJo01
390,Kirk Cousins,Sun,6,6,2024-10-13,36-055,ATL,@,CAR,W 38-20,QB,CousKi00
391,Andy Dalton,Sun,6,6,2024-10-13,36-350,CAR,,ATL,L 20-38,QB,DaltAn00
392,Jayden Daniels,Sun,6,6,2024-10-13,23-300,WAS,@,BAL,L 23-30,QB,DaniJa02
393,Justin Fields,Sun,6,6,2024-10-13,25-222,PIT,@,LVR,W 32-13,QB,FielJu00
394,Joe Flacco,Sun,6,6,2024-10-13,39-271,IND,@,TEN,W 20-17,QB,FlacJo00
395,Jared Goff,Sun,5,6,2024-10-13,29-365,DET,@,DAL,W 47-9,QB,GoffJa00
396,Justin Herbert,Sun,5,6,2024-10-13,26-217,LAC,@,DEN,W 23-16,QB,HerbJu00
397,Jalen Hurts,Sun,5,6,2024-10-13,26-067,PHI,,CLE,W 20-16,QB,HurtJa00
398,Lamar Jackson,Sun,6,6,2024-10-13,27-280,BAL,,WAS,W 30-23,QB,JackLa00
399,Daniel Jones,Sun,6,6,2024-10-13,27-139,NYG,,CIN,L 7-17,QB,JoneDa05
400,Trevor Lawrence,Sun,6,6,2024-10-13,25-007,JAX,@,CHI,L 16-35,QB,LawrTr00
401,Will Levis,Sun,5,6,2024-10-13,25-108,TEN,,IND,L 17-20,QB,LeviWi00
402,Jordan Love,Sun,6,6,2024-10-13,25-346,GNB,,ARI,W 34-13,QB,LoveJo03
403,Drake Maye,Sun,6,6,2024-10-13,22-044,NWE,,HOU,L 21-41,QB,MayeDr00
404,Baker Mayfield,Sun,6,6,2024-10-13,29-182,TAM,@,NOR,W 51-27,QB,MayfBa00
405,Kyler Murray,Sun,6,6,2024-10-13,27-067,ARI,@,GNB,L 13-34,QB,MurrKy00
406,Bo Nix,Sun,6,6,2024-10-13,24-231,DEN,,LAC,L 16-23,QB,NixxBo00
407,Aidan O'Connell,Sun,6,6,2024-10-13,26-042,LVR,,PIT,L 13-32,QB,OConAi00
408,Dak Prescott,Sun,6,6,2024-10-13,31-076,DAL,,DET,L 9-47,QB,PresDa01
409,Spencer Rattler,Sun,6,6,2024-10-13,24-015,NOR,,TAM,L 27-51,QB,RattSp00
410,C.J. Stroud,Sun,6,6,2024-10-13,23-010,HOU,@,NWE,W 41-21,QB,StroCJ00
411,Deshaun Watson,Sun,6,6,2024-10-13,29-029,CLE,@,PHI,L 16-20,QB,WatsDe00
412,Caleb Williams,Sun,6,6,2024-10-13,22-330,CHI,,JAX,W 35-16,QB,WillCa03
413,Brock Purdy,Thu,6,6,2024-10-10,24-288,SFO,@,SEA,W 36-24,QB,PurdBr00
414,Geno Smith,Thu,6,6,2024-10-10,34-000,SEA,,SFO,L 24-36,QB,SmitGe00
415,Derek Carr,Mon,5,5,2024-10-07,33-193,NOR,@,KAN,L 13-26,QB,CarrDe02
416,Patrick Mahomes,Mon,5,5,2024-10-07,29-020,KAN,,NOR,W 26-13,QB,MahoPa00
417,Josh Allen,Sun,5,5,2024-10-06,28-138,BUF,@,HOU,L 20-23,QB,AlleJo02
418,Jacoby Brissett,Sun,5,5,2024-10-06,31-300,NWE,,MIA,L 10-15,QB,BrisJa00
419,Joe Burrow,Sun,5,5,2024-10-06,27-301,CIN,,BAL,L 38-41 (OT),QB,BurrJo01
420,Andy Dalton,Sun,5,5,2024-10-06,36-343,CAR,@,CHI,L 10-36,QB,DaltAn00
421,Jayden Daniels,Sun,5,5,2024-10-06,23-293,WAS,,CLE,W 34-13,QB,DaniJa02
422,Sam Darnold,Sun,5,5,2024-10-06,27-123,MIN,,NYJ,W 23-17,QB,DarnSa00
423,Justin Fields,Sun,5,5,2024-10-06,25-215,PIT,,DAL,L 17-20,QB,FielJu00
424,Joe Flacco,Sun,5,5,2024-10-06,39-264,IND,@,JAX,L 34-37,QB,FlacJo00
425,Tyler Huntley,Sun,5,5,2024-10-06,26-246,MIA,@,NWE,W 15-10,QB,HuntTy01
426,Lamar Jackson,Sun,5,5,2024-10-06,27-273,BAL,@,CIN,W 41-38 (OT),QB,JackLa00
427,Daniel Jones,Sun,5,5,2024-10-06,27-132,NYG,@,SEA,W 29-20,QB,JoneDa05
428,Trevor Lawrence,Sun,5,5,2024-10-06,25-000,JAX,,IND,W 37-34,QB,LawrTr00
429,Jordan Love,Sun,5,5,2024-10-06,25-339,GNB,@,LAR,W 24-19,QB,LoveJo03
430,Gardner Minshew II,Sun,5,5,2024-10-06,28-143,LVR,@,DEN,L 18-34,QB,MinsGa00
431,Kyler Murray,Sun,5,5,2024-10-06,27-060,ARI,@,SFO,W 24-23,QB,MurrKy00
432,Bo Nix,Sun,5,5,2024-10-06,24-224,DEN,,LVR,W 34-18,QB,NixxBo00
433,Dak Prescott,Sun,5,5,2024-10-06,31-069,DAL,@,PIT,W 20-17,QB,PresDa01
434,Brock Purdy,Sun,5,5,2024-10-06,24-284,SFO,,ARI,L 23-24,QB,PurdBr00
435,Aaron Rodgers,Sun,5,5,2024-10-06,40-309,NYJ,@,MIN,L 17-23,QB,RodgAa00
436,Geno Smith,Sun,5,5,2024-10-06,33-362,SEA,,NYG,L 20-29,QB,SmitGe00
437,Matthew Stafford,Sun,5,5,2024-10-06,36-242,LAR,,GNB,L 19-24,QB,StafMa00
438,C.J. Stroud,Sun,5,5,2024-10-06,23-003,HOU,,BUF,W 23-20,QB,StroCJ00
439,Deshaun Watson,Sun,5,5,2024-10-06,29-022,CLE,@,WAS,L 13-34,QB,WatsDe00
440,Caleb Williams,Sun,5,5,2024-10-06,22-323,CHI,,CAR,W 36-10,QB,WillCa03
441,Kirk Cousins,Thu,5,5,2024-10-03,36-045,ATL,,TAM,W 36-30 (OT),QB,CousKi00
442,Baker Mayfield,Thu,5,5,2024-10-03,29-172,TAM,@,ATL,L 30-36 (OT),QB,MayfBa00
443,Jared Goff,Mon,4,4,2024-09-30,29-352,DET,,SEA,W 42-29,QB,GoffJa00
444,Tyler Huntley,Mon,4,4,2024-09-30,26-240,MIA,,TEN,L 12-31,QB,HuntTy01
445,Will Levis,Mon,4,4,2024-09-30,25-095,TEN,@,MIA,W 31-12,QB,LeviWi00
446,Geno Smith,Mon,4,4,2024-09-30,33-356,SEA,@,DET,L 29-42,QB,SmitGe00
447,Josh Allen,Sun,4,4,2024-09-29,28-131,BUF,@,BAL,L 10-35,QB,AlleJo02
448,Jacoby Brissett,Sun,4,4,2024-09-29,31-293,NWE,@,SFO,L 13-30,QB,BrisJa00
449,Joe Burrow,Sun,4,4,2024-09-29,27-294,CIN,@,CAR,W 34-24,QB,BurrJo01
450,Derek Carr,Sun,4,4,2024-09-29,33-185,NOR,@,ATL,L 24-26,QB,CarrDe02
451,Kirk Cousins,Sun,4,4,2024-09-29,36-041,ATL,,NOR,W 26-24,QB,CousKi00
452,Andy Dalton,Sun,4,4,2024-09-29,36-336,CAR,,CIN,L 24-34,QB,DaltAn00
453,Jayden Daniels,Sun,4,4,2024-09-29,23-286,WAS,@,ARI,W 42-14,QB,DaniJa02
454,Sam Darnold,Sun,4,4,2024-09-29,27-116,MIN,,GNB,W 31-29,QB,DarnSa00
455,Justin Fields,Sun,4,4,2024-09-29,25-208,PIT,@,IND,L 24-27,QB,FielJu00
456,Joe Flacco,Sun,4,4,2024-09-29,39-257,IND,,PIT,W 27-24,QB,FlacJo00
457,Justin Herbert,Sun,4,4,2024-09-29,26-203,LAC,,KAN,L 10-17,QB,HerbJu00
458,Jalen Hurts,Sun,4,4,2024-09-29,26-053,PHI,@,TAM,L 16-33,QB,HurtJa00
459,Lamar Jackson,Sun,4,4,2024-09-29,27-266,BAL,,BUF,W 35-10,QB,JackLa00
460,Daniel Jones,Sun,4,4,2024-09-29,27-125,NYG,,DAL,L 15-20,QB,JoneDa05
461,Trevor Lawrence,Sun,4,4,2024-09-29,24-359,JAX,@,HOU,L 20-24,QB,LawrTr00
462,Will Levis,Sun,4,4,2024-09-29,25-094,TEN,@,MIA,W 31-12,QB,LeviWi00
463,Jordan Love,Sun,3,4,2024-09-29,25-332,GNB,,MIN,L 29-31,QB,LoveJo03
464,Patrick Mahomes,Sun,4,4,2024-09-29,29-012,KAN,@,LAC,W 17-10,QB,MahoPa00
465,Baker Mayfield,Sun,4,4,2024-09-29,29-168,TAM,,PHI,W 33-16,QB,MayfBa00
466,Gardner Minshew II,Sun,4,4,2024-09-29,28-136,LVR,,CLE,W 20-16,QB,MinsGa00
467,Kyler Murray,Sun,4,4,2024-09-29,27-053,ARI,,WAS,L 14-42,QB,MurrKy00
468,Bo Nix,Sun,4,4,2024-09-29,24-217,DEN,@,NYJ,W 10-9,QB,NixxBo00
469,Dak Prescott,Sun,4,4,2024-09-29,31-062,DAL,@,NYG,W 20-15,QB,PresDa01
470,Brock Purdy,Sun,4,4,2024-09-29,24-277,SFO,,NWE,W 30-13,QB,PurdBr00
471,Anthony Richardson,Sun,4,4,2024-09-29,22-130,IND,,PIT,W 27-24,QB,RichAn03
472,Aaron Rodgers,Sun,4,4,2024-09-29,40-302,NYJ,,DEN,L 9-10,QB,RodgAa00
473,Matthew Stafford,Sun,4,4,2024-09-29,36-235,LAR,@,CHI,L 18-24,QB,StafMa00
474,C.J. Stroud,Sun,4,4,2024-09-29,22-362,HOU,,JAX,W 24-20,QB,StroCJ00
475,Deshaun Watson,Sun,4,4,2024-09-29,29-015,CLE,@,LVR,L 16-20,QB,WatsDe00
476,Caleb Williams,Sun,4,4,2024-09-29,22-316,CHI,,LAR,W 24-18,QB,WillCa03
477,Daniel Jones,Thu,4,4,2024-09-26,27-122,NYG,,DAL,L 15-20,QB,JoneDa05
478,Dak Prescott,Thu,4,4,2024-09-26,31-059,DAL,@,NYG,W 20-15,QB,PresDa01
479,Josh Allen,Mon,3,3,2024-09-23,28-125,BUF,,JAX,W 47-10,QB,AlleJo02
480,Joe Burrow,Mon,3,3,2024-09-23,27-288,CIN,,WAS,L 33-38,QB,BurrJo01
481,Jayden Daniels,Mon,3,3,2024-09-23,23-280,WAS,@,CIN,W 38-33,QB,DaniJa02
482,Trevor Lawrence,Mon,3,3,2024-09-23,24-353,JAX,@,BUF,L 10-47,QB,LawrTr00
483,Derek Carr,Sun,3,3,2024-09-22,33-178,NOR,,PHI,L 12-15,QB,CarrDe02
484,Kirk Cousins,Sun,3,3,2024-09-22,36-034,ATL,,KAN,L 17-22,QB,CousKi00
485,Andy Dalton,Sun,3,3,2024-09-22,36-329,CAR,@,LVR,W 36-22,QB,DaltAn00
486,Sam Darnold,Sun,3,3,2024-09-22,27-109,MIN,,HOU,W 34-7,QB,DarnSa00
487,Justin Fields,Sun,3,3,2024-09-22,25-201,PIT,,LAC,W 20-10,QB,FielJu00
488,Jared Goff,Sun,3,3,2024-09-22,29-344,DET,@,ARI,W 20-13,QB,GoffJa00
489,Justin Herbert,Sun,3,3,2024-09-22,26-196,LAC,@,PIT,L 10-20,QB,HerbJu00
490,Jalen Hurts,Sun,3,3,2024-09-22,26-046,PHI,@,NOR,W 15-12,QB,HurtJa00
491,Lamar Jackson,Sun,3,3,2024-09-22,27-259,BAL,@,DAL,W 28-25,QB,JackLa00
492,Daniel Jones,Sun,3,3,2024-09-22,27-118,NYG,@,CLE,W 21-15,QB,JoneDa05
493,Will Levis,Sun,3,3,2024-09-22,25-087,TEN,,GNB,L 14-30,QB,LeviWi00
494,Patrick Mahomes,Sun,3,3,2024-09-22,29-005,KAN,@,ATL,W 22-17,QB,MahoPa00
495,Baker Mayfield,Sun,3,3,2024-09-22,29-161,TAM,,DEN,L 7-26,QB,MayfBa00
496,Gardner Minshew II,Sun,3,3,2024-09-22,28-129,LVR,,CAR,L 22-36,QB,MinsGa00
497,Kyler Murray,Sun,3,3,2024-09-22,27-046,ARI,,DET,L 13-20,QB,MurrKy00
498,Bo Nix,Sun,3,3,2024-09-22,24-210,DEN,@,TAM,W 26-7,QB,NixxBo00
499,Dak Prescott,Sun,3,3,2024-09-22,31-055,DAL,,BAL,L 25-28,QB,PresDa01
500,Brock Purdy,Sun,3,3,2024-09-22,24-270,SFO,@,LAR,L 24-27,QB,PurdBr00
501,Anthony Richardson,Sun,3,3,2024-09-22,22-123,IND,,CHI,W 21-16,QB,RichAn03
502,Geno Smith,Sun,3,3,2024-09-22,33-348,SEA,,MIA,W 24-3,QB,SmitGe00
503,Matthew Stafford,Sun,3,3,2024-09-22,36-228,LAR,,SFO,W 27-24,QB,StafMa00
504,C.J. Stroud,Sun,3,3,2024-09-22,22-355,HOU,@,MIN,L 7-34,QB,StroCJ00
505,Skylar Thompson,Sun,3,3,2024-09-22,27-110,MIA,@,SEA,L 3-24,QB,ThomSk00
506,Deshaun Watson,Sun,3,3,2024-09-22,29-008,CLE,,NYG,L 15-21,QB,WatsDe00
507,Caleb Williams,Sun,3,3,2024-09-22,22-309,CHI,@,IND,L 16-21,QB,WillCa03
508,Malik Willis,Sun,3,3,2024-09-22,25-120,GNB,@,TEN,W 30-14,QB,WillMa12
509,Jacoby Brissett,Thu,3,3,2024-09-19,31-283,NWE,@,NYJ,L 3-24,QB,BrisJa00
510,Aaron Rodgers,Thu,3,3,2024-09-19,40-292,NYJ,,NWE,W 24-3,QB,RodgAa00
511,Kirk Cousins,Mon,2,2,2024-09-16,36-028,ATL,@,PHI,W 22-21,QB,CousKi00
512,Jalen Hurts,Mon,2,2,2024-09-16,26-040,PHI,,ATL,L 21-22,QB,HurtJa00
513,Jacoby Brissett,Sun,2,2,2024-09-15,31-279,NWE,,SEA,L 20-23 (OT),QB,BrisJa00
514,Joe Burrow,Sun,2,2,2024-09-15,27-280,CIN,@,KAN,L 25-26,QB,BurrJo01
515,Derek Carr,Sun,2,2,2024-09-15,33-171,NOR,@,DAL,W 44-19,QB,CarrDe02
516,Jayden Daniels,Sun,2,2,2024-09-15,23-272,WAS,,NYG,W 21-18,QB,DaniJa02
517,Sam Darnold,Sun,2,2,2024-09-15,27-102,MIN,,SFO,W 23-17,QB,DarnSa00
518,Justin Fields,Sun,2,2,2024-09-15,25-194,PIT,@,DEN,W 13-6,QB,FielJu00
519,Jared Goff,Sun,2,2,2024-09-15,29-337,DET,,TAM,L 16-20,QB,GoffJa00
520,Justin Herbert,Sun,2,2,2024-09-15,26-189,LAC,@,CAR,W 26-3,QB,HerbJu00
521,Lamar Jackson,Sun,2,2,2024-09-15,27-252,BAL,,LVR,L 23-26,QB,JackLa00
522,Daniel Jones,Sun,2,2,2024-09-15,27-111,NYG,@,WAS,L 18-21,QB,JoneDa05
523,Trevor Lawrence,Sun,2,2,2024-09-15,24-345,JAX,,CLE,L 13-18,QB,LawrTr00
524,Will Levis,Sun,2,2,2024-09-15,25-080,TEN,,NYJ,L 17-24,QB,LeviWi00
525,Patrick Mahomes,Sun,2,2,2024-09-15,28-364,KAN,,CIN,W 26-25,QB,MahoPa00
526,Baker Mayfield,Sun,2,2,2024-09-15,29-154,TAM,@,DET,W 20-16,QB,MayfBa00
527,Gardner Minshew II,Sun,2,2,2024-09-15,28-122,LVR,@,BAL,W 26-23,QB,MinsGa00
528,Kyler Murray,Sun,2,2,2024-09-15,27-039,ARI,,LAR,W 41-10,QB,MurrKy00
529,Bo Nix,Sun,2,2,2024-09-15,24-203,DEN,,PIT,L 6-13,QB,NixxBo00
530,Dak Prescott,Sun,2,2,2024-09-15,31-048,DAL,,NOR,L 19-44,QB,PresDa01
531,Brock Purdy,Sun,2,2,2024-09-15,24-263,SFO,@,MIN,L 17-23,QB,PurdBr00
532,Anthony Richardson,Sun,2,2,2024-09-15,22-116,IND,@,GNB,L 10-16,QB,RichAn03
533,Aaron Rodgers,Sun,2,2,2024-09-15,40-288,NYJ,@,TEN,W 24-17,QB,RodgAa00
534,Geno Smith,Sun,2,2,2024-09-15,33-341,SEA,@,NWE,W 23-20 (OT),QB,SmitGe00
535,Matthew Stafford,Sun,2,2,2024-09-15,36-221,LAR,@,ARI,L 10-41,QB,StafMa00
536,C.J. Stroud,Sun,2,2,2024-09-15,22-348,HOU,,CHI,W 19-13,QB,StroCJ00
537,Deshaun Watson,Sun,2,2,2024-09-15,29-001,CLE,@,JAX,W 18-13,QB,WatsDe00
538,Caleb Williams,Sun,2,2,2024-09-15,22-302,CHI,@,HOU,L 13-19,QB,WillCa03
539,Malik Willis,Sun,2,2,2024-09-15,25-113,GNB,,IND,W 16-10,QB,WillMa12
540,Bryce Young,Sun,2,2,2024-09-15,23-052,CAR,,LAC,L 3-26,QB,YounBr01
541,Josh Allen,Thu,2,2,2024-09-12,28-114,BUF,@,MIA,W 31-10,QB,AlleJo02
542,Tua Tagovailoa,Thu,2,2,2024-09-12,26-194,MIA,,BUF,L 10-31,QB,TagoTu00
543,Brock Purdy,Mon,1,1,2024-09-09,24-257,SFO,,NYJ,W 32-19,QB,PurdBr00
544,Aaron Rodgers,Mon,1,1,2024-09-09,40-282,NYJ,@,SFO,L 19-32,QB,RodgAa00
545,Josh Allen,Sun,1,1,2024-09-08,28-110,BUF,,ARI,W 34-28,QB,AlleJo02
546,Jacoby Brissett,Sun,1,1,2024-09-08,31-272,NWE,@,CIN,W 16-10,QB,BrisJa00
547,Joe Burrow,Sun,1,1,2024-09-08,27-273,CIN,,NWE,L 10-16,QB,BurrJo01
548,Derek Carr,Sun,1,1,2024-09-08,33-164,NOR,,CAR,W 47-10,QB,CarrDe02
549,Kirk Cousins,Sun,1,1,2024-09-08,36-020,ATL,,PIT,L 10-18,QB,CousKi00
550,Jayden Daniels,Sun,1,1,2024-09-08,23-265,WAS,@,TAM,L 20-37,QB,DaniJa02
551,Sam Darnold,Sun,1,1,2024-09-08,27-095,MIN,@,NYG,W 28-6,QB,DarnSa00
552,Justin Fields,Sun,1,1,2024-09-08,25-187,PIT,@,ATL,W 18-10,QB,FielJu00
553,Jared Goff,Sun,1,1,2024-09-08,29-330,DET,,LAR,W 26-20 (OT),QB,GoffJa00
554,Justin Herbert,Sun,1,1,2024-09-08,26-182,LAC,,LVR,W 22-10,QB,HerbJu00
555,Daniel Jones,Sun,1,1,2024-09-08,27-104,NYG,,MIN,L 6-28,QB,JoneDa05
556,Trevor Lawrence,Sun,1,1,2024-09-08,24-338,JAX,@,MIA,L 17-20,QB,LawrTr00
557,Will Levis,Sun,1,1,2024-09-08,25-073,TEN,@,CHI,L 17-24,QB,LeviWi00
558,Baker Mayfield,Sun,1,1,2024-09-08,29-147,TAM,,WAS,W 37-20,QB,MayfBa00
559,Gardner Minshew II,Sun,1,1,2024-09-08,28-115,LVR,@,LAC,L 10-22,QB,MinsGa00
560,Kyler Murray,Sun,1,1,2024-09-08,27-032,ARI,@,BUF,L 28-34,QB,MurrKy00
561,Bo Nix,Sun,1,1,2024-09-08,24-196,DEN,@,SEA,L 20-26,QB,NixxBo00
562,Dak Prescott,Sun,1,1,2024-09-08,31-041,DAL,@,CLE,W 33-17,QB,PresDa01
563,Anthony Richardson,Sun,1,1,2024-09-08,22-109,IND,,HOU,L 27-29,QB,RichAn03
564,Geno Smith,Sun,1,1,2024-09-08,33-334,SEA,,DEN,W 26-20,QB,SmitGe00
565,Matthew Stafford,Sun,1,1,2024-09-08,36-214,LAR,@,DET,L 20-26 (OT),QB,StafMa00
566,C.J. Stroud,Sun,1,1,2024-09-08,22-341,HOU,@,IND,W 29-27,QB,StroCJ00
567,Tua Tagovailoa,Sun,1,1,2024-09-08,26-190,MIA,,JAX,W 20-17,QB,TagoTu00
568,Deshaun Watson,Sun,1,1,2024-09-08,28-360,CLE,,DAL,L 17-33,QB,WatsDe00
569,Caleb Williams,Sun,1,1,2024-09-08,22-295,CHI,,TEN,W 24-17,QB,WillCa03
570,Bryce Young,Sun,1,1,2024-09-08,23-045,CAR,@,NOR,L 10-47,QB,YounBr01
571,Jalen Hurts,Fri,1,1,2024-09-06,26-030,PHI,,GNB,W 34-29,QB,HurtJa00
572,Jordan Love,Fri,1,1,2024-09-06,25-309,GNB,@,PHI,L 29-34,QB,LoveJo03
573,Lamar Jackson,Thu,1,1,2024-09-05,27-242,BAL,@,KAN,L 20-27,QB,JackLa00
574,Patrick Mahomes,Thu,1,1,2024-09-05,28-354,KAN,,BAL,W 27-20,QB,MahoPa00
575,Patrick Mahomes,Sun,4,22,2024-02-11,28-147,KAN,N,SFO,W 25-22 (OT),QB,MahoPa00
576,Brock Purdy,Sun,3,22,2024-02-11,24-046,SFO,N,KAN,L 22-25 (OT),QB,PurdBr00
577,Jared Goff,Sun,3,21,2024-01-28,29-106,DET,@,SFO,L 31-34,QB,GoffJa00
578,Lamar Jackson,Sun,2,21,2024-01-28,27-021,BAL,,KAN,L 10-17,QB,JackLa00
579,Patrick Mahomes,Sun,3,21,2024-01-28,28-133,KAN,@,BAL,W 17-10,QB,MahoPa00
580,Brock Purdy,Sun,2,21,2024-01-28,24-032,SFO,,DET,W 34-31,QB,PurdBr00
581,Josh Allen,Sun,2,20,2024-01-21,27-245,BUF,,KAN,L 24-27,QB,AlleJo02
582,Jared Goff,Sun,2,20,2024-01-21,29-099,DET,,TAM,W 31-23,QB,GoffJa00
583,Patrick Mahomes,Sun,2,20,2024-01-21,28-126,KAN,@,BUF,W 27-24,QB,MahoPa00
584,Baker Mayfield,Sun,2,20,2024-01-21,28-282,TAM,@,DET,L 23-31,QB,MayfBa00
585,Lamar Jackson,Sat,1,20,2024-01-20,27-013,BAL,,HOU,W 34-10,QB,JackLa00
586,Jordan Love,Sat,2,20,2024-01-20,25-079,GNB,@,SFO,L 21-24,QB,LoveJo03
587,Brock Purdy,Sat,1,20,2024-01-20,24-024,SFO,,GNB,W 24-21,QB,PurdBr00
588,C.J. Stroud,Sat,2,20,2024-01-20,22-109,HOU,@,BAL,L 10-34,QB,StroCJ00
589,Josh Allen,Mon,1,19,2024-01-15,27-239,BUF,,PIT,W 31-17,QB,AlleJo02
590,Jalen Hurts,Mon,1,19,2024-01-15,25-161,PHI,@,TAM,L 9-32,QB,HurtJa00
591,Baker Mayfield,Mon,1,19,2024-01-15,28-276,TAM,,PHI,W 32-9,QB,MayfBa00
592,Mason Rudolph,Mon,1,19,2024-01-15,28-182,PIT,@,BUF,L 17-31,QB,RudoMa00
593,Jared Goff,Sun,1,19,2024-01-14,29-092,DET,,LAR,W 24-23,QB,GoffJa00
594,Jordan Love,Sun,1,19,2024-01-14,25-073,GNB,@,DAL,W 48-32,QB,LoveJo03
595,Dak Prescott,Sun,1,19,2024-01-14,30-169,DAL,,GNB,L 32-48,QB,PresDa01
596,Matthew Stafford,Sun,1,19,2024-01-14,35-341,LAR,@,DET,L 23-24,QB,StafMa00
597,Joe Flacco,Sat,1,19,2024-01-13,38-362,CLE,@,HOU,L 14-45,QB,FlacJo00
598,Patrick Mahomes,Sat,1,19,2024-01-13,28-118,KAN,,MIA,W 26-7,QB,MahoPa00
599,C.J. Stroud,Sat,1,19,2024-01-13,22-102,HOU,,CLE,W 45-14,QB,StroCJ00
600,Tua Tagovailoa,Sat,1,19,2024-01-13,25-317,MIA,@,KAN,L 7-26,QB,TagoTu00
601,Jeff Driskel,Sun,17,18,2024-01-07,30-259,CLE,@,CIN,L 14-31,QB,DrisJe00
602,Justin Fields,Sun,17,18,2024-01-07,24-308,CHI,@,GNB,L 9-17,QB,FielJu00
603,Blaine Gabbert,Sun,17,18,2024-01-07,34-084,KAN,@,LAC,W 13-12,QB,GabbBl00
604,Jared Goff,Sun,17,18,2024-01-07,29-085,DET,,MIN,W 30-20,QB,GoffJa00
605,Taysom Hill,Sun,17,18,2024-01-07,33-137,NOR,,ATL,W 48-17,TE/QB,HillTa00
606,Sam Howell,Sun,17,18,2024-01-07,23-113,WAS,,DAL,L 10-38,QB,HoweSa00
607,Jalen Hurts,Sun,17,18,2024-01-07,25-153,PHI,@,NYG,L 10-27,QB,HurtJa00
608,Trevor Lawrence,Sun,17,18,2024-01-07,24-093,JAX,@,TEN,L 20-28,QB,LawrTr00
609,Jordan Love,Sun,17,18,2024-01-07,25-066,GNB,,CHI,W 17-9,QB,LoveJo03
610,Baker Mayfield,Sun,17,18,2024-01-07,28-268,TAM,@,CAR,W 9-0,QB,MayfBa00
611,Nick Mullens,Sun,17,18,2024-01-07,28-292,MIN,@,DET,L 20-30,QB,MullNi00
612,Kyler Murray,Sun,17,18,2024-01-07,26-153,ARI,,SEA,L 20-21,QB,MurrKy00
613,Aidan O'Connell,Sun,17,18,2024-01-07,25-128,LVR,,DEN,W 27-14,QB,OConAi00
614,Dak Prescott,Sun,17,18,2024-01-07,30-162,DAL,@,WAS,W 38-10,QB,PresDa01
615,Desmond Ridder,Sun,17,18,2024-01-07,24-129,ATL,@,NOR,L 17-48,QB,RiddDe00
616,Trevor Siemian,Sun,17,18,2024-01-07,32-012,NYJ,@,NWE,W 17-3,QB,SiemTr00
617,Geno Smith,Sun,17,18,2024-01-07,33-089,SEA,@,ARI,W 21-20,QB,SmitGe00
618,Easton Stick,Sun,17,18,2024-01-07,28-114,LAC,,KAN,L 12-13,QB,SticEa00
619,Jarrett Stidham,Sun,17,18,2024-01-07,27-152,DEN,@,LVR,L 14-27,QB,StidJa00
620,Tua Tagovailoa,Sun,17,18,2024-01-07,25-311,MIA,,BUF,L 14-21,QB,TagoTu00
621,Ryan Tannehill,Sun,17,18,2024-01-07,35-164,TEN,,JAX,W 28-20,QB,TannRy00
622,Tyrod Taylor,Sun,17,18,2024-01-07,34-157,NYG,,PHI,W 27-10,QB,TaylTy00
623,Carson Wentz,Sun,17,18,2024-01-07,31-008,LAR,@,SFO,W 21-20,QB,WentCa00
624,Bryce Young,Sun,17,18,2024-01-07,22-166,CAR,,TAM,L 0-9,QB,YounBr01
625,Bailey Zappe,Sun,17,18,2024-01-07,24-256,NWE,,NYJ,L 3-17,QB,ZappBa00
626,Tyler Huntley,Sat,17,18,2024-01-06,25-337,BAL,,PIT,L 10-17,QB,HuntTy01
627,Gardner Minshew II,Sat,17,18,2024-01-06,27-235,IND,,HOU,L 19-23,QB,MinsGa00
628,Mason Rudolph,Sat,17,18,2024-01-06,28-173,PIT,@,BAL,W 17-10,QB,RudoMa00
629,C.J. Stroud,Sat,17,18,2024-01-06,22-095,HOU,@,IND,W 23-19,QB,StroCJ00
630,Josh Allen,Sun,16,17,2023-12-31,27-224,BUF,,NWE,W 27-21,QB,AlleJo02
631,C.J. Beathard,Sun,16,17,2023-12-31,30-045,JAX,,CAR,W 26-0,QB,BeatC.00
632,Jake Browning,Sun,16,17,2023-12-31,27-264,CIN,@,KAN,L 17-25,QB,BrowJa08
633,Derek Carr,Sun,16,17,2023-12-31,32-278,NOR,@,TAM,W 23-13,QB,CarrDe02
634,Justin Fields,Sun,16,17,2023-12-31,24-301,CHI,,ATL,W 37-17,QB,FielJu00
635,Jaren Hall,Sun,16,17,2023-12-31,25-282,MIN,,GNB,L 10-33,QB,HallJa00
636,Taylor Heinicke,Sun,16,17,2023-12-31,30-291,ATL,@,CHI,L 17-37,QB,HeinTa00
637,Sam Howell,Sun,16,17,2023-12-31,23-106,WAS,,SFO,L 10-27,QB,HoweSa00
638,Jalen Hurts,Sun,16,17,2023-12-31,25-146,PHI,,ARI,L 31-35,QB,HurtJa00
639,Lamar Jackson,Sun,16,17,2023-12-31,26-358,BAL,,MIA,W 56-19,QB,JackLa00
640,Will Levis,Sun,16,17,2023-12-31,24-187,TEN,@,HOU,L 3-26,QB,LeviWi00
641,Jordan Love,Sun,16,17,2023-12-31,25-059,GNB,@,MIN,W 33-10,QB,LoveJo03
642,Patrick Mahomes,Sun,16,17,2023-12-31,28-105,KAN,,CIN,W 25-17,QB,MahoPa00
643,Baker Mayfield,Sun,16,17,2023-12-31,28-261,TAM,,NOR,L 13-23,QB,MayfBa00
644,Gardner Minshew II,Sun,16,17,2023-12-31,27-229,IND,,LVR,W 23-20,QB,MinsGa00
645,Kyler Murray,Sun,16,17,2023-12-31,26-146,ARI,@,PHI,W 35-31,QB,MurrKy00
646,Aidan O'Connell,Sun,16,17,2023-12-31,25-121,LVR,@,IND,L 20-23,QB,OConAi00
647,Brock Purdy,Sun,16,17,2023-12-31,24-004,SFO,@,WAS,W 27-10,QB,PurdBr00
648,Desmond Ridder,Sun,16,17,2023-12-31,24-122,ATL,@,CHI,L 17-37,QB,RiddDe00
649,Mason Rudolph,Sun,16,17,2023-12-31,28-167,PIT,@,SEA,W 30-23,QB,RudoMa00
650,Geno Smith,Sun,16,17,2023-12-31,33-082,SEA,,PIT,L 23-30,QB,SmitGe00
651,Easton Stick,Sun,16,17,2023-12-31,28-107,LAC,,KAN,L 12-13,QB,SticEa00
652,Jarrett Stidham,Sun,16,17,2023-12-31,27-145,DEN,,LVR,W 16-9,QB,StidJa00
653,Tua Tagovailoa,Sun,16,17,2023-12-31,25-304,MIA,@,BAL,L 19-56,QB,TagoTu00
654,Tyrod Taylor,Sun,16,17,2023-12-31,34-150,NYG,,LAR,L 25-26,QB,TaylTy00
655,Deshaun Watson,Sun,16,17,2023-12-31,28-108,CLE,,NYJ,W 37-20,QB,WatsDe00
656,Bryce Young,Sun,16,17,2023-12-31,22-159,CAR,@,JAX,L 0-26,QB,YounBr01
657,Bailey Zappe,Sun,16,17,2023-12-31,24-249,NWE,@,BUF,L 21-27,QB,ZappBa00
658,Trevor Siemian,Thu,16,17,2023-12-28,32-002,NYJ,@,CLE,L 20-37,QB,SiemTr00
659,Joe Flacco,Thu,16,17,2023-12-28,38-346,CLE,,NYJ,W 37-20,QB,FlacJo00
660,Josh Allen,Sat,15,16,2023-12-23,27-216,BUF,@,LAC,W 24-22,QB,AlleJo02
661,Taylor Heinicke,Sun,15,16,2023-12-24,30-284,ATL,,IND,W 29-10,QB,HeinTa00
662,Sam Howell,Sun,15,16,2023-12-24,23-099,WAS,@,NYJ,L 28-30,QB,HoweSa00
663,Jalen Hurts,Sun,15,16,2023-12-25,25-140,PHI,,NYG,W 33-25,QB,HurtJa00
664,Lamar Jackson,Mon,15,16,2023-12-25,26-352,BAL,@,SFO,W 33-19,QB,JackLa00
665,Trevor Lawrence,Sun,15,16,2023-12-24,23-262,JAX,@,TAM,L 12-30,QB,LawrTr00
666,Will Levis,Sun,15,16,2023-12-24,24-180,TEN,,SEA,L 17-20,QB,LeviWi00
667,Jordan Love,Sun,15,16,2023-12-24,25-052,GNB,@,CAR,W 33-30,QB,LoveJo03
668,Patrick Mahomes,Mon,15,16,2023-12-25,28-099,KAN,,LVR,L 14-20,QB,MahoPa00
669,Baker Mayfield,Sun,15,16,2023-12-24,28-254,TAM,,JAX,W 30-12,QB,MayfBa00
670,Gardner Minshew II,Sun,15,16,2023-12-24,27-222,IND,@,ATL,L 10-29,QB,MinsGa00
671,Nick Mullens,Sun,15,16,2023-12-24,28-278,MIN,,DET,L 24-30,QB,MullNi00
672,Kyler Murray,Sun,15,16,2023-12-24,26-139,ARI,@,CHI,L 16-27,QB,MurrKy00
673,Aidan O'Connell,Mon,15,16,2023-12-25,25-115,LVR,@,KAN,W 20-14,QB,OConAi00
674,Dak Prescott,Sun,15,16,2023-12-24,30-155,DAL,@,MIA,L 20-22,QB,PresDa01
675,Brock Purdy,Mon,15,16,2023-12-25,23-353,SFO,,BAL,L 19-33,QB,PurdBr00
676,Mason Rudolph,Sat,15,16,2023-12-23,28-159,PIT,,CIN,W 34-11,QB,RudoMa00
677,Trevor Siemian,Sun,15,16,2023-12-24,31-363,NYJ,,WAS,W 30-28,QB,SiemTr00
678,Geno Smith,Sun,15,16,2023-12-24,33-075,SEA,@,TEN,W 20-17,QB,SmitGe00
679,Matthew Stafford,Thu,15,16,2023-12-21,35-317,LAR,,NOR,W 30-22,QB,StafMa00
680,Easton Stick,Sat,15,16,2023-12-23,28-100,LAC,,BUF,L 22-24,QB,SticEa00
681,Tua Tagovailoa,Sun,15,16,2023-12-24,25-297,MIA,,DAL,W 22-20,QB,TagoTu00
682,Ryan Tannehill,Sun,15,16,2023-12-24,35-150,TEN,,SEA,L 17-20,QB,TannRy00
683,Tyrod Taylor,Sun,15,16,2023-12-24,34-143,NYG,@,PHI,L 25-33,QB,TaylTy00
684,Deshaun Watson,Sun,15,16,2023-12-24,28-101,CLE,@,HOU,W 36-22,QB,WatsDe00
685,Bryce Young,Sun,15,16,2023-12-24,22-152,CAR,,GNB,L 30-33,QB,YounBr01
686,Bailey Zappe,Sun,15,16,2023-12-24,24-242,NWE,@,DEN,W 26-23,QB,ZappBa00
687,C.J. Stroud,Sun,15,16,2023-12-24,22-082,HOU,,CLE,L 22-36,QB,StroCJ00
688,Case Keenum,Sun,14,15,2023-12-17,35-219,HOU,@,TEN,W 19-16 (OT),QB,KeenCa00
689,Josh Allen,Sun,14,15,2023-12-17,27-210,BUF,,DAL,W 31-10,QB,AlleJo02
690,Jake Browning,Sat,14,15,2023-12-16,27-250,CIN,,MIN,W 27-24 (OT),QB,BrowJa08
691,Derek Carr,Sun,14,15,2023-12-17,32-264,NOR,,NYG,W 24-6,QB,CarrDe02
692,Tommy DeVito,Sun,14,15,2023-12-17,25-132,NYG,@,NOR,L 6-24,QB,DeViTo00
693,Justin Fields,Sun,14,15,2023-12-17,24-287,CHI,@,CLE,L 17-20,QB,FielJu00
694,Joe Flacco,Sun,14,15,2023-12-17,38-335,CLE,,CHI,W 20-17,QB,FlacJo00
695,Jared Goff,Sat,14,15,2023-12-16,29-063,DET,,DEN,W 42-17,QB,GoffJa00
696,Sam Howell,Sun,14,15,2023-12-17,23-092,WAS,@,LAR,L 20-28,QB,HoweSa00
697,Jalen Hurts,Mon,14,15,2023-12-18,25-133,PHI,@,SEA,L 17-20,QB,HurtJa00
698,Lamar Jackson,Sun,14,15,2023-12-17,26-344,BAL,@,JAX,W 23-7,QB,JackLa00
699,Trevor Lawrence,Sun,14,15,2023-12-17,23-255,JAX,,BAL,L 7-23,QB,LawrTr00
700,Will Levis,Sun,14,15,2023-12-17,24-173,TEN,,HOU,L 16-19 (OT),QB,LeviWi00
701,Jordan Love,Sun,14,15,2023-12-17,25-045,GNB,,TAM,L 20-34,QB,LoveJo03
702,Patrick Mahomes,Sun,14,15,2023-12-17,28-091,KAN,@,NWE,W 27-17,QB,MahoPa00
703,Baker Mayfield,Sun,14,15,2023-12-17,28-247,TAM,@,GNB,W 34-20,QB,MayfBa00
704,Gardner Minshew II,Sat,14,15,2023-12-16,27-214,IND,,PIT,W 30-13,QB,MinsGa00
705,Nick Mullens,Sun,14,15,2023-12-17,28-271,MIN,@,CIN,L 24-27 (OT),QB,MullNi00
706,Kyler Murray,Sun,14,15,2023-12-17,26-132,ARI,,SFO,L 29-45,QB,MurrKy00
707,Aidan O'Connell,Thu,14,15,2023-12-14,25-104,LVR,,LAC,W 63-21,QB,OConAi00
708,Dak Prescott,Sun,14,15,2023-12-17,30-148,DAL,@,BUF,L 10-31,QB,PresDa01
709,Brock Purdy,Sun,14,15,2023-12-17,23-345,SFO,@,ARI,W 45-29,QB,PurdBr00
710,Desmond Ridder,Sun,14,15,2023-12-17,24-108,ATL,@,CAR,L 7-9,QB,RiddDe00
711,Aaron Rodgers,Sun,14,15,2023-12-17,40-188,NYJ,@,MIA,L 0-30,QB,RodgAa00
712,Trevor Siemian,Sun,14,15,2023-12-17,31-356,NYJ,@,MIA,L 0-30,QB,SiemTr00
713,Geno Smith,Mon,14,15,2023-12-18,33-069,SEA,,PHI,W 20-17,QB,SmitGe00
714,Matthew Stafford,Sun,14,15,2023-12-17,35-310,LAR,,WAS,W 28-20,QB,StafMa00
715,Easton Stick,Thu,14,15,2023-12-14,28-091,LAC,@,LVR,L 21-63,QB,SticEa00
716,Jarrett Stidham,Sun,14,15,2023-12-17,27-138,DEN,@,DET,L 17-42,QB,StidJa00
717,Tua Tagovailoa,Sun,14,15,2023-12-17,25-290,MIA,,NYJ,W 30-0,QB,TagoTu00
718,Mitchell Trubisky,Sat,14,15,2023-12-16,29-118,PIT,@,IND,L 13-30,QB,TrubMi00
719,Deshaun Watson,Sun,14,15,2023-12-17,28-094,CLE,,CHI,W 20-17,QB,WatsDe00
720,Zach Wilson,Sun,14,15,2023-12-17,24-126,NYJ,@,MIA,L 0-30,QB,WilsZa00
721,Bryce Young,Sun,14,15,2023-12-17,22-145,CAR,,ATL,W 9-7,QB,YounBr01
722,Bailey Zappe,Sun,14,15,2023-12-17,24-235,NWE,,KAN,L 17-27,QB,ZappBa00
723,Josh Allen,Sun,13,14,2023-12-10,27-203,BUF,@,KAN,W 20-17,QB,AlleJo02
724,Jake Browning,Sun,13,14,2023-12-10,27-244,CIN,,IND,W 34-14,QB,BrowJa08
725,Derek Carr,Sun,13,14,2023-12-10,32-257,NOR,,CAR,W 28-6,QB,CarrDe02
726,Joshua Dobbs,Sun,13,14,2023-12-10,28-318,MIN,@,LVR,W 3-0,QB,DobbJo00
727,Tommy DeVito,Mon,13,14,2023-12-11,25-126,NYG,,GNB,W 24-22,QB,DeViTo00
728,Justin Fields,Sun,13,14,2023-12-10,24-280,CHI,,DET,W 28-13,QB,FielJu00
729,Joe Flacco,Sun,13,14,2023-12-10,38-328,CLE,,JAX,W 31-27,QB,FlacJo00
730,Jared Goff,Sun,13,14,2023-12-10,29-057,DET,@,CHI,L 13-28,QB,GoffJa00
731,Justin Herbert,Sun,13,14,2023-12-10,25-275,LAC,,DEN,L 7-24,QB,HerbJu00
732,Sam Howell,Sun,13,14,2023-12-10,23-085,WAS,,BYE,,QB,HoweSa00
733,Jalen Hurts,Sun,13,14,2023-12-10,25-125,PHI,@,DAL,L 13-33,QB,HurtJa00
734,Lamar Jackson,Sun,13,14,2023-12-10,26-337,BAL,,LAR,W 37-31 (OT),QB,JackLa00
735,Trevor Lawrence,Sun,13,14,2023-12-10,23-248,JAX,@,CLE,L 27-31,QB,LawrTr00
736,Will Levis,Mon,13,14,2023-12-11,24-167,TEN,@,MIA,W 28-27,QB,LeviWi00
737,Jordan Love,Mon,13,14,2023-12-11,25-039,GNB,@,NYG,L 22-24,QB,LoveJo03
738,Patrick Mahomes,Sun,13,14,2023-12-10,28-084,KAN,,BUF,L 17-20,QB,MahoPa00
739,Baker Mayfield,Sun,13,14,2023-12-10,28-240,TAM,@,ATL,W 29-25,QB,MayfBa00
740,Gardner Minshew II,Sun,13,14,2023-12-10,27-208,IND,@,CIN,L 14-34,QB,MinsGa00
741,Kyler Murray,Sun,13,14,2023-12-10,26-125,ARI,,BYE,,QB,MurrKy00
742,Aidan O'Connell,Sun,13,14,2023-12-10,25-100,LVR,,MIN,L 0-3,QB,OConAi00
743,Dak Prescott,Sun,13,14,2023-12-10,30-141,DAL,,PHI,W 33-13,QB,PresDa01
744,Brock Purdy,Sun,13,14,2023-12-10,23-338,SFO,,SEA,W 28-16,QB,PurdBr00
745,Desmond Ridder,Sun,13,14,2023-12-10,24-101,ATL,,TAM,L 25-29,QB,RiddDe00
746,Geno Smith,Sun,13,14,2023-12-10,33-061,SEA,@,SFO,L 16-28,QB,SmitGe00
747,Matthew Stafford,Sun,13,14,2023-12-10,35-303,LAR,@,BAL,L 31-37 (OT),QB,StafMa00
748,C.J. Stroud,Sun,13,14,2023-12-10,22-068,HOU,@,NYJ,L 6-30,QB,StroCJ00
749,Tua Tagovailoa,Mon,13,14,2023-12-11,25-284,MIA,,TEN,L 27-28,QB,TagoTu00
750,Mitchell Trubisky,Thu,13,14,2023-12-07,29-109,PIT,,NWE,L 18-21,QB,TrubMi00
751,Deshaun Watson,Sun,13,14,2023-12-10,28-087,CLE,,JAX,W 31-27,QB,WatsDe00
752,Zach Wilson,Sun,13,14,2023-12-10,24-119,NYJ,,HOU,W 30-6,QB,WilsZa00
753,Bryce Young,Sun,13,14,2023-12-10,22-138,CAR,@,NOR,L 6-28,QB,YounBr01
754,Bailey Zappe,Thu,13,14,2023-12-07,24-225,NWE,@,PIT,W 21-18,QB,ZappBa00
755,Josh Allen,Sun,12,13,2023-12-03,27-196,BUF,,BYE,,QB,AlleJo02
756,Jake Browning,Mon,12,13,2023-12-04,27-238,CIN,@,JAX,W 34-31 (OT),QB,BrowJa08
757,Derek Carr,Sun,12,13,2023-12-03,32-250,NOR,,DET,L 28-33,QB,CarrDe02
758,Tommy DeVito,Sun,12,13,2023-12-03,25-119,NYG,,BYE,,QB,DeViTo00
759,Justin Fields,Sun,12,13,2023-12-03,24-273,CHI,,BYE,,QB,FielJu00
760,Joe Flacco,Sun,12,13,2023-12-03,38-321,CLE,@,LAR,L 19-36,QB,FlacJo00
761,Jared Goff,Sun,12,13,2023-12-03,29-050,DET,@,NOR,W 33-28,QB,GoffJa00
762,Justin Herbert,Sun,12,13,2023-12-03,25-268,LAC,@,NWE,W 6-0,QB,HerbJu00
763,Sam Howell,Sun,12,13,2023-12-03,23-078,WAS,,MIA,L 15-45,QB,HoweSa00
764,Jalen Hurts,Sun,12,13,2023-12-03,25-118,PHI,,SFO,L 19-42,QB,HurtJa00
765,Lamar Jackson,Sun,12,13,2023-12-03,26-330,BAL,,BYE,,QB,JackLa00
766,Trevor Lawrence,Mon,12,13,2023-12-04,23-242,JAX,,CIN,L 31-34 (OT),QB,LawrTr00
767,Will Levis,Sun,12,13,2023-12-03,24-159,TEN,,IND,L 28-31 (OT),QB,LeviWi00
768,Jordan Love,Sun,12,13,2023-12-03,25-032,GNB,,KAN,W 27-19,QB,LoveJo03
769,Patrick Mahomes,Sun,12,13,2023-12-03,28-077,KAN,@,GNB,L 19-27,QB,MahoPa00
770,Baker Mayfield,Sun,12,13,2023-12-03,28-233,TAM,,CAR,W 21-18,QB,MayfBa00
771,Gardner Minshew II,Sun,12,13,2023-12-03,27-201,IND,@,TEN,W 31-28 (OT),QB,MinsGa00
772,Kyler Murray,Sun,12,13,2023-12-03,26-118,ARI,@,PIT,W 24-10,QB,MurrKy00
773,Aidan O'Connell,Sun,12,13,2023-12-03,25-093,LVR,,BYE,,QB,OConAi00
774,Kenny Pickett,Sun,12,13,2023-12-03,25-180,PIT,,ARI,L 10-24,QB,PickKe00
775,Brock Purdy,Sun,12,13,2023-12-03,23-331,SFO,@,PHI,W 42-19,QB,PurdBr00
776,Desmond Ridder,Sun,12,13,2023-12-03,24-094,ATL,@,NYJ,W 13-8,QB,RiddDe00
777,Trevor Siemian,Sun,12,13,2023-12-03,31-342,NYJ,,ATL,L 8-13,QB,SiemTr00
778,Matthew Stafford,Sun,12,13,2023-12-03,35-296,LAR,,CLE,W 36-19,QB,StafMa00
779,C.J. Stroud,Sun,12,13,2023-12-03,22-061,HOU,,DEN,W 22-17,QB,StroCJ00
780,Tua Tagovailoa,Sun,12,13,2023-12-03,25-276,MIA,@,WAS,W 45-15,QB,TagoTu00
781,Geno Smith,Thu,12,13,2023-11-30,33-051,SEA,@,DAL,L 35-41,QB,SmitGe00
782,Joshua Dobbs,Mon,12,12,2023-11-27,28-305,MIN,,CHI,L 10-12,QB,DobbJo00
783,Justin Fields,Mon,12,12,2023-11-27,24-267,CHI,@,MIN,W 12-10,QB,FielJu00
784,Josh Allen,Sun,12,12,2023-11-26,27-189,BUF,@,PHI,L 34-37 (OT),QB,AlleJo02
785,Jake Browning,Sun,11,12,2023-11-26,27-229,CIN,,PIT,L 10-16,QB,BrowJa08
786,Derek Carr,Sun,11,12,2023-11-26,32-243,NOR,@,ATL,L 15-24,QB,CarrDe02
787,Tommy DeVito,Sun,12,12,2023-11-26,25-111,NYG,,NWE,W 10-7,QB,DeViTo00
788,Justin Herbert,Sun,11,12,2023-11-26,25-261,LAC,,BAL,L 10-20,QB,HerbJu00
789,Jalen Hurts,Sun,11,12,2023-11-26,25-111,PHI,,BUF,W 37-34 (OT),QB,HurtJa00
790,Lamar Jackson,Sun,12,12,2023-11-26,26-323,BAL,@,LAC,W 20-10,QB,JackLa00
791,Mac Jones,Sun,11,12,2023-11-26,25-082,NWE,@,NYG,L 7-10,QB,JoneMa05
792,Trevor Lawrence,Sun,11,12,2023-11-26,24-051,JAX,@,HOU,W 24-21,QB,LawrTr00
793,Will Levis,Sun,11,12,2023-11-26,24-152,TEN,,CAR,W 17-10,QB,LeviWi00
794,Patrick Mahomes,Sun,11,12,2023-11-26,28-070,KAN,@,LVR,W 31-17,QB,MahoPa00
795,Baker Mayfield,Sun,11,12,2023-11-26,28-226,TAM,@,IND,L 20-27,QB,MayfBa00
796,Gardner Minshew II,Sun,11,12,2023-11-26,27-194,IND,,TAM,W 27-20,QB,MinsGa00
797,Kyler Murray,Sun,12,12,2023-11-26,26-111,ARI,,LAR,L 14-37,QB,MurrKy00
798,Aidan O'Connell,Sun,12,12,2023-11-26,25-086,LVR,,KAN,L 17-31,QB,OConAi00
799,Kenny Pickett,Sun,11,12,2023-11-26,25-173,PIT,@,CIN,W 16-10,QB,PickKe00
800,Desmond Ridder,Sun,11,12,2023-11-26,24-087,ATL,,NOR,W 24-15,QB,RiddDe00
801,Dak Prescott,Sun,11,12,2023-11-26,30-127,DAL,,WAS,W 45-10,QB,PresDa01
802,Brock Purdy,Thu,12,12,2023-11-23,23-321,SFO,@,SEA,W 31-13,QB,PurdBr00
803,Geno Smith,Thu,12,12,2023-11-23,33-044,SEA,,SFO,L 13-31,QB,SmitGe00
804,Matthew Stafford,Sun,11,12,2023-11-26,35-289,LAR,@,ARI,W 37-14,QB,StafMa00
805,C.J. Stroud,Sun,11,12,2023-11-26,22-054,HOU,,JAX,L 21-24,QB,StroCJ00
806,Tua Tagovailoa,Fri,11,12,2023-11-24,25-267,MIA,@,NYJ,W 34-13,QB,TagoTu00
807,Tim Boyle,Fri,11,12,2023-11-24,29-052,NYJ,,MIA,L 13-34,QB,BoylTi00
808,Zach Wilson,Fri,11,12,2023-11-24,24-103,NYJ,,MIA,L 13-34,QB,WilsZa00
809,Bryce Young,Sun,11,12,2023-11-26,22-124,CAR,@,TEN,L 10-17,QB,YounBr01
810,Josh Allen,Sun,11,11,2023-11-19,27-182,BUF,,NYJ,W 32-6,QB,AlleJo02
811,Tyson Bagent,Sun,11,11,2023-11-19,23-164,CHI,@,DET,L 26-31,QB,BageTy00
812,Derek Carr,Sun,10,11,2023-11-19,32-236,NOR,,BYE,,QB,CarrDe02
813,Joshua Dobbs,Sun,11,11,2023-11-19,28-297,MIN,@,DEN,L 20-21,QB,DobbJo00
814,Joe Burrow,Thu,10,11,2023-11-16,26-341,CIN,@,BAL,L 20-34,QB,BurrJo01
815,Jake Browning,Thu,10,11,2023-11-16,27-219,CIN,@,BAL,L 20-34,QB,BrowJa08
816,Tommy DeVito,Sun,11,11,2023-11-19,25-104,NYG,@,WAS,W 31-19,QB,DeViTo00
817,Jared Goff,Sun,10,11,2023-11-19,29-036,DET,,CHI,W 31-26,QB,GoffJa00
818,Justin Herbert,Sun,10,11,2023-11-19,25-254,LAC,@,GNB,L 20-23,QB,HerbJu00
819,Sam Howell,Sun,11,11,2023-11-19,23-064,WAS,,NYG,L 19-31,QB,HoweSa00
820,Jalen Hurts,Mon,10,11,2023-11-20,25-105,PHI,@,KAN,W 21-17,QB,HurtJa00
821,Lamar Jackson,Thu,11,11,2023-11-16,26-313,BAL,,CIN,W 34-20,QB,JackLa00
822,Mac Jones,Sun,10,11,2023-11-19,25-075,NWE,,BYE,,QB,JoneMa05
823,Trevor Lawrence,Sun,10,11,2023-11-19,24-044,JAX,,TEN,W 34-14,QB,LawrTr00
824,Will Levis,Sun,10,11,2023-11-19,24-145,TEN,@,JAX,L 14-34,QB,LeviWi00
825,Jordan Love,Sun,10,11,2023-11-19,25-018,GNB,,LAC,W 23-20,QB,LoveJo03
826,Patrick Mahomes,Mon,10,11,2023-11-20,28-064,KAN,,PHI,L 17-21,QB,MahoPa00
827,Baker Mayfield,Sun,10,11,2023-11-19,28-219,TAM,@,SFO,L 14-27,QB,MayfBa00
828,Gardner Minshew II,Sun,10,11,2023-11-19,27-187,IND,,BYE,,QB,MinsGa00
829,Kyler Murray,Sun,11,11,2023-11-19,26-104,ARI,@,HOU,L 16-21,QB,MurrKy00
830,Aidan O'Connell,Sun,11,11,2023-11-19,25-079,LVR,@,MIA,L 13-20,QB,OConAi00
831,Kenny Pickett,Sun,10,11,2023-11-19,25-166,PIT,@,CLE,L 10-13,QB,PickKe00
832,Dak Prescott,Sun,10,11,2023-11-19,30-113,DAL,@,CAR,W 33-10,QB,PresDa01
833,Brock Purdy,Sun,10,11,2023-11-19,23-317,SFO,,TAM,W 27-14,QB,PurdBr00
834,Desmond Ridder,Sun,10,11,2023-11-19,24-080,ATL,,BYE,,QB,RiddDe00
835,Geno Smith,Sun,10,11,2023-11-19,33-040,SEA,@,LAR,L 16-17,QB,SmitGe00
836,Matthew Stafford,Sun,10,11,2023-11-19,35-285,LAR,,SEA,W 17-16,QB,StafMa00
837,C.J. Stroud,Sun,10,11,2023-11-19,22-047,HOU,,ARI,W 21-16,QB,StroCJ00
838,Tua Tagovailoa,Sun,10,11,2023-11-19,25-262,MIA,,LVR,W 20-13,QB,TagoTu00
839,Deshaun Watson,Sun,10,11,2023-11-19,28-066,CLE,,PIT,W 13-10,QB,WatsDe00
840,Dorian Thompson-Robinson,Sun,10,11,2023-11-19,24-199,CLE,,PIT,W 13-10,QB,ThomDo02
841,Zach Wilson,Sun,10,11,2023-11-19,24-098,NYJ,@,BUF,L 6-32,QB,WilsZa00
842,Russell Wilson,Sun,10,11,2023-11-19,34-355,DEN,,MIN,W 21-20,QB,WilsRu00
843,Bryce Young,Sun,10,11,2023-11-19,22-117,CAR,,DAL,L 10-33,QB,YounBr01
844,Josh Allen,Mon,10,10,2023-11-13,27-176,BUF,,DEN,L 22-24,QB,AlleJo02
845,Tyson Bagent,Sun,10,10,2023-11-12,23-157,CHI,,CAR,W 16-13,QB,BageTy00
846,Joe Burrow,Sun,9,10,2023-11-12,26-337,CIN,,HOU,L 27-30,QB,BurrJo01
847,Derek Carr,Sun,9,10,2023-11-12,32-229,NOR,@,MIN,L 19-27,QB,CarrDe02
848,Jameis Winston,Sun,9,10,2023-11-12,29-320,NOR,@,MIN,L 19-27,QB,WinsJa00
849,Joshua Dobbs,Sun,10,10,2023-11-12,28-290,MIN,,NOR,W 27-19,QB,DobbJo00
850,Tommy DeVito,Sun,10,10,2023-11-12,25-097,NYG,@,DAL,L 17-49,QB,DeViTo00
851,Jared Goff,Sun,9,10,2023-11-12,29-029,DET,@,LAC,W 41-38,QB,GoffJa00
852,Taylor Heinicke,Sun,10,10,2023-11-12,30-242,ATL,@,ARI,L 23-25,QB,HeinTa00
853,Justin Herbert,Sun,9,10,2023-11-12,25-247,LAC,,DET,L 38-41,QB,HerbJu00
854,Sam Howell,Sun,10,10,2023-11-12,23-057,WAS,@,SEA,L 26-29,QB,HoweSa00
855,Jalen Hurts,Sun,9,10,2023-11-12,25-098,PHI,,BYE,,QB,HurtJa00
856,Lamar Jackson,Sun,10,10,2023-11-12,26-309,BAL,,CLE,L 31-33,QB,JackLa00
857,Mac Jones,Sun,9,10,2023-11-12,25-068,NWE,,IND,L 6-10,QB,JoneMa05
858,Trevor Lawrence,Sun,9,10,2023-11-12,23-037,JAX,,SFO,L 3-34,QB,LawrTr00
859,Will Levis,Sun,9,10,2023-11-12,24-138,TEN,@,TAM,L 6-20,QB,LeviWi00
860,Jordan Love,Sun,9,10,2023-11-12,25-011,GNB,@,PIT,L 19-23,QB,LoveJo03
861,Patrick Mahomes,Sun,9,10,2023-11-12,28-057,KAN,,BYE,,QB,MahoPa00
862,Baker Mayfield,Sun,9,10,2023-11-12,28-212,TAM,,TEN,W 20-6,QB,MayfBa00
863,Gardner Minshew II,Sun,9,10,2023-11-12,27-180,IND,@,NWE,W 10-6,QB,MinsGa00
864,Kyler Murray,Sun,10,10,2023-11-12,26-097,ARI,,ATL,W 25-23,QB,MurrKy00
865,Aidan O'Connell,Sun,10,10,2023-11-12,25-072,LVR,,NYJ,W 16-12,QB,OConAi00
866,Kenny Pickett,Sun,9,10,2023-11-12,25-159,PIT,,GNB,W 23-19,QB,PickKe00
867,Dak Prescott,Sun,9,10,2023-11-12,30-106,DAL,,NYG,W 49-17,QB,PresDa01
868,Brock Purdy,Sun,9,10,2023-11-12,23-310,SFO,@,JAX,W 34-3,QB,PurdBr00
869,Geno Smith,Sun,9,10,2023-11-12,33-033,SEA,,WAS,W 29-26,QB,SmitGe00
870,Matthew Stafford,Sun,9,10,2023-11-12,35-278,LAR,,BYE,,QB,StafMa00
871,C.J. Stroud,Sun,9,10,2023-11-12,22-040,HOU,@,CIN,W 30-27,QB,StroCJ00
872,Tua Tagovailoa,Sun,9,10,2023-11-12,25-255,MIA,,BYE,,QB,TagoTu00
873,Deshaun Watson,Sun,9,10,2023-11-12,28-059,CLE,@,BAL,W 33-31,QB,WatsDe00
874,Zach Wilson,Sun,9,10,2023-11-12,24-091,NYJ,@,LVR,L 12-16,QB,WilsZa00
875,Russell Wilson,Sun,9,10,2023-11-12,34-348,DEN,@,BUF,W 24-22,QB,WilsRu00
876,Bryce Young,Sun,9,10,2023-11-12,22-110,CAR,@,CHI,L 13-16,QB,YounBr01
877,Josh Allen,Sun,9,9,2023-11-05,27-168,BUF,@,NYJ,L 18-24,QB,AlleJo02
878,Tyson Bagent,Sun,9,9,2023-11-05,23-150,CHI,@,NOR,L 17-24,QB,BageTy00
879,Joe Burrow,Sun,8,9,2023-11-05,26-330,CIN,,BUF,W 24-18,QB,BurrJo01
880,Derek Carr,Sun,8,9,2023-11-05,32-222,NOR,,CHI,W 24-17,QB,CarrDe02
881,Joshua Dobbs,Sun,9,9,2023-11-05,28-283,MIN,@,ATL,W 31-28,QB,DobbJo00
882,Daniel Jones,Sun,9,9,2023-11-05,26-162,NYG,@,LVR,L 6-30,QB,JoneDa05
883,Tommy DeVito,Sun,9,9,2023-11-05,25-090,NYG,@,LVR,L 6-30,QB,DeViTo00
884,Jared Goff,Sun,8,9,2023-11-05,29-022,DET,,BYE,,QB,GoffJa00
885,Taylor Heinicke,Sun,9,9,2023-11-05,30-235,ATL,,MIN,L 28-31,QB,HeinTa00
886,Justin Herbert,Mon,8,9,2023-11-06,25-241,LAC,@,NYJ,W 27-6,QB,HerbJu00
887,Sam Howell,Sun,9,9,2023-11-05,23-050,WAS,@,NWE,W 20-17,QB,HoweSa00
888,Jalen Hurts,Sun,8,9,2023-11-05,25-091,PHI,,DAL,W 28-23,QB,HurtJa00
889,Lamar Jackson,Sun,9,9,2023-11-05,26-302,BAL,,SEA,W 37-3,QB,JackLa00
890,Mac Jones,Sun,8,9,2023-11-05,25-061,NWE,,WAS,L 17-20,QB,JoneMa05
891,Trevor Lawrence,Sun,8,9,2023-11-05,23-030,JAX,,BYE,,QB,LawrTr00
892,Will Levis,Thu,8,9,2023-11-02,24-128,TEN,@,PIT,L 16-20,QB,LeviWi00
893,Jordan Love,Sun,8,9,2023-11-05,25-004,GNB,,LAR,W 20-3,QB,LoveJo03
894,Patrick Mahomes,Sun,8,9,2023-11-05,28-050,KAN,,MIA,W 21-14,QB,MahoPa00
895,Baker Mayfield,Sun,8,9,2023-11-05,28-205,TAM,@,HOU,L 37-39,QB,MayfBa00
896,Gardner Minshew II,Sun,8,9,2023-11-05,27-173,IND,@,CAR,W 27-13,QB,MinsGa00
897,Clayton Tune,Sun,9,9,2023-11-05,24-227,ARI,@,CLE,L 0-27,QB,TuneCl00
898,Aidan O'Connell,Sun,9,9,2023-11-05,25-065,LVR,,NYG,W 30-6,QB,OConAi00
899,Kenny Pickett,Thu,8,9,2023-11-02,25-149,PIT,,TEN,W 20-16,QB,PickKe00
900,Dak Prescott,Sun,8,9,2023-11-05,30-099,DAL,@,PHI,L 23-28,QB,PresDa01
901,Brock Purdy,Sun,8,9,2023-11-05,23-303,SFO,,BYE,,QB,PurdBr00
902,Geno Smith,Sun,8,9,2023-11-05,33-026,SEA,@,BAL,L 3-37,QB,SmitGe00
903,Brett Rypien,Sun,8,9,2023-11-05,27-119,LAR,@,GNB,L 3-20,QB,RypiBr00
904,C.J. Stroud,Sun,8,9,2023-11-05,22-033,HOU,,TAM,W 39-37,QB,StroCJ00
905,Tua Tagovailoa,Sun,8,9,2023-11-05,25-248,MIA,@,KAN,L 14-21,QB,TagoTu00
906,Deshaun Watson,Sun,8,9,2023-11-05,28-052,CLE,,ARI,W 27-0,QB,WatsDe00
907,Zach Wilson,Mon,8,9,2023-11-06,24-085,NYJ,,LAC,L 6-27,QB,WilsZa00
908,Russell Wilson,Sun,8,9,2023-11-05,34-341,DEN,,BYE,,QB,WilsRu00
909,Bryce Young,Sun,8,9,2023-11-05,22-103,CAR,,IND,L 13-27,QB,YounBr01
910,Josh Allen,Thu,8,8,2023-10-26,27-158,BUF,,TAM,W 24-18,QB,AlleJo02
911,Tyson Bagent,Sun,8,8,2023-10-29,23-143,CHI,@,LAC,L 13-30,QB,BageTy00
912,Joe Burrow,Sun,7,8,2023-10-29,26-323,CIN,@,SFO,W 31-17,QB,BurrJo01
913,Derek Carr,Sun,7,8,2023-10-29,32-215,NOR,@,IND,W 38-27,QB,CarrDe02
914,Kirk Cousins,Sun,8,8,2023-10-29,35-071,MIN,@,GNB,W 24-10,QB,CousKi00
915,Jaren Hall,Sun,8,8,2023-10-29,25-219,MIN,@,GNB,W 24-10,QB,HallJa00
916,Joshua Dobbs,Sun,8,8,2023-10-29,28-276,ARI,,BAL,L 24-31,QB,DobbJo00
917,Tyrod Taylor,Sun,8,8,2023-10-29,34-087,NYG,,NYJ,L 10-13 (OT),QB,TaylTy00
918,Tommy DeVito,Sun,8,8,2023-10-29,25-083,NYG,,NYJ,L 10-13 (OT),QB,DeViTo00
919,Jared Goff,Mon,7,8,2023-10-30,29-016,DET,,LVR,W 26-14,QB,GoffJa00
920,Desmond Ridder,Sun,8,8,2023-10-29,24-059,ATL,@,TEN,L 23-28,QB,RiddDe00
921,Taylor Heinicke,Sun,8,8,2023-10-29,30-228,ATL,@,TEN,L 23-28,QB,HeinTa00
922,Justin Herbert,Sun,7,8,2023-10-29,25-233,LAC,,CHI,W 30-13,QB,HerbJu00
923,Sam Howell,Sun,8,8,2023-10-29,23-043,WAS,,PHI,L 31-38,QB,HoweSa00
924,Jalen Hurts,Sun,7,8,2023-10-29,25-084,PHI,@,WAS,W 38-31,QB,HurtJa00
925,Lamar Jackson,Sun,8,8,2023-10-29,26-295,BAL,@,ARI,W 31-24,QB,JackLa00
926,Mac Jones,Sun,7,8,2023-10-29,25-054,NWE,@,MIA,L 17-31,QB,JoneMa05
927,Trevor Lawrence,Sun,7,8,2023-10-29,23-023,JAX,@,PIT,W 20-10,QB,LawrTr00
928,Will Levis,Sun,8,8,2023-10-29,24-124,TEN,,ATL,W 28-23,QB,LeviWi00
929,Jordan Love,Sun,7,8,2023-10-29,24-361,GNB,,MIN,L 10-24,QB,LoveJo03
930,Patrick Mahomes,Sun,7,8,2023-10-29,28-043,KAN,@,DEN,L 9-24,QB,MahoPa00
931,Baker Mayfield,Thu,7,8,2023-10-26,28-195,TAM,@,BUF,L 18-24,QB,MayfBa00
932,Gardner Minshew II,Sun,7,8,2023-10-29,27-166,IND,,NOR,L 27-38,QB,MinsGa00
933,Jimmy Garoppolo,Mon,7,8,2023-10-30,31-362,LVR,@,DET,L 14-26,QB,GaroJi00
934,Kenny Pickett,Sun,7,8,2023-10-29,25-145,PIT,,JAX,L 10-20,QB,PickKe00
935,Mitchell Trubisky,Sun,7,8,2023-10-29,29-070,PIT,,JAX,L 10-20,QB,TrubMi00
936,Dak Prescott,Sun,7,8,2023-10-29,30-092,DAL,,LAR,W 43-20,QB,PresDa01
937,Brock Purdy,Sun,7,8,2023-10-29,23-296,SFO,,CIN,L 17-31,QB,PurdBr00
938,Geno Smith,Sun,7,8,2023-10-29,33-019,SEA,,CLE,W 24-20,QB,SmitGe00
939,Matthew Stafford,Sun,7,8,2023-10-29,35-264,LAR,@,DAL,L 20-43,QB,StafMa00
940,Brett Rypien,Sun,7,8,2023-10-29,27-112,LAR,@,DAL,L 20-43,QB,RypiBr00
941,C.J. Stroud,Sun,7,8,2023-10-29,22-026,HOU,@,CAR,L 13-15,QB,StroCJ00
942,Tua Tagovailoa,Sun,7,8,2023-10-29,25-241,MIA,,NWE,W 31-17,QB,TagoTu00
943,P.J. Walker,Sun,7,8,2023-10-29,28-245,CLE,@,SEA,L 20-24,QB,WalkPh00
944,Zach Wilson,Sun,7,8,2023-10-29,24-077,NYJ,@,NYG,W 13-10 (OT),QB,WilsZa00
945,Russell Wilson,Sun,7,8,2023-10-29,34-334,DEN,,KAN,W 24-9,QB,WilsRu00
946,Bryce Young,Sun,7,8,2023-10-29,22-096,CAR,,HOU,W 15-13,QB,YounBr01
947,Josh Allen,Sun,7,7,2023-10-22,27-154,BUF,@,NWE,L 25-29,QB,AlleJo02
948,Tyson Bagent,Sun,7,7,2023-10-22,23-136,CHI,,LVR,W 30-12,QB,BageTy00
949,Derek Carr,Thu,7,7,2023-10-19,32-205,NOR,,JAX,L 24-31,QB,CarrDe02
950,Kirk Cousins,Mon,7,7,2023-10-23,35-065,MIN,,SFO,W 22-17,QB,CousKi00
951,Joshua Dobbs,Sun,7,7,2023-10-22,28-269,ARI,@,SEA,L 10-20,QB,DobbJo00
952,Tyrod Taylor,Sun,7,7,2023-10-22,34-080,NYG,,WAS,W 14-7,QB,TaylTy00
953,Jared Goff,Sun,7,7,2023-10-22,29-008,DET,@,BAL,L 6-38,QB,GoffJa00
954,Desmond Ridder,Sun,7,7,2023-10-22,24-052,ATL,@,TAM,W 16-13,QB,RiddDe00
955,Justin Herbert,Sun,6,7,2023-10-22,25-226,LAC,@,KAN,L 17-31,QB,HerbJu00
956,Sam Howell,Sun,7,7,2023-10-22,23-036,WAS,@,NYG,L 7-14,QB,HoweSa00
957,Jalen Hurts,Sun,6,7,2023-10-22,25-077,PHI,,MIA,W 31-17,QB,HurtJa00
958,Lamar Jackson,Sun,7,7,2023-10-22,26-288,BAL,,DET,W 38-6,QB,JackLa00
959,Mac Jones,Sun,6,7,2023-10-22,25-047,NWE,,BUF,W 29-25,QB,JoneMa05
960,Trevor Lawrence,Thu,6,7,2023-10-19,23-013,JAX,@,NOR,W 31-24,QB,LawrTr00
961,Malik Willis,Sun,6,7,2023-10-22,24-150,TEN,,BYE,,QB,WillMa00
962,Jordan Love,Sun,6,7,2023-10-22,24-354,GNB,@,DEN,L 17-19,QB,LoveJo03
963,Patrick Mahomes,Sun,6,7,2023-10-22,28-036,KAN,,LAC,W 31-17,QB,MahoPa00
964,Baker Mayfield,Sun,6,7,2023-10-22,28-188,TAM,,ATL,L 13-16,QB,MayfBa00
965,Gardner Minshew II,Sun,6,7,2023-10-22,27-159,IND,,CLE,L 38-39,QB,MinsGa00
966,Aidan O'Connell,Sun,7,7,2023-10-22,25-051,LVR,@,CHI,L 12-30,QB,OConAi00
967,Hoyer Brian,Sun,7,7,2023-10-22,38-080,LVR,@,CHI,L 12-30,QB,HoyeBr00
968,Brock Purdy,Mon,6,7,2023-10-23,23-290,SFO,@,MIN,L 17-22,QB,PurdBr00
969,Geno Smith,Sun,6,7,2023-10-22,33-012,SEA,,ARI,W 20-10,QB,SmitGe00
970,Matthew Stafford,Sun,6,7,2023-10-22,35-257,LAR,,PIT,L 17-24,QB,StafMa00
971,Jalen Hurts,Sun,6,6,2023-10-15,25-069,PHI,@,NYJ,L 14-20,QB,HurtJa00
972,Lamar Jackson,Sun,6,6,2023-10-15,26-281,BAL,@,TEN,W 24-16,QB,JackLa00
973,Mac Jones,Sun,6,6,2023-10-15,25-040,NWE,@,LVR,L 17-21,QB,JoneMa05
974,Trevor Lawrence,Sun,6,6,2023-10-15,24-009,JAX,,IND,W 37-20,QB,LawrTr00
975,Baker Mayfield,Sun,6,6,2023-10-15,28-184,TAM,,DET,L 6-20,QB,MayfBa00
976,Gardner Minshew II,Sun,6,6,2023-10-15,27-152,IND,@,JAX,L 20-37,QB,MinsGa00
977,Brock Purdy,Sun,6,6,2023-10-15,23-292,SFO,@,CLE,L 17-19,QB,PurdBr00
978,Desmond Ridder,Sun,6,6,2023-10-15,24-045,ATL,,WAS,L 16-24,QB,RiddDe00
979,Geno Smith,Sun,5,6,2023-10-15,33-005,SEA,@,CIN,L 13-17,QB,SmitGe00
980,Matthew Stafford,Sun,6,6,2023-10-15,35-250,LAR,,ARI,W 26-9,QB,StafMa00
981,C.J. Stroud,Sun,6,6,2023-10-15,22-012,HOU,,NOR,W 20-13,QB,StroCJ00
982,Tua Tagovailoa,Sun,6,6,2023-10-15,25-227,MIA,,CAR,W 42-21,QB,TagoTu00
983,Ryan Tannehill,Sun,6,6,2023-10-15,35-080,TEN,,BAL,L 16-24,QB,TannRy00
984,Tyrod Taylor,Sun,6,6,2023-10-15,34-073,NYG,@,BUF,L 9-14,QB,TaylTy00
985,P.J. Walker,Sun,5,6,2023-10-15,28-231,CLE,,SFO,W 19-17,QB,WalkPh00
986,Zach Wilson,Sun,6,6,2023-10-15,24-073,NYJ,,PHI,W 20-14,QB,WilsZa00
987,Bryce Young,Sun,6,6,2023-10-15,22-082,CAR,@,MIA,L 21-42,QB,YounBr01
988,Patrick Mahomes,Thu,6,6,2023-10-12,28-025,KAN,,DEN,W 19-8,QB,MahoPa00
989,Russell Wilson,Thu,6,6,2023-10-12,34-317,DEN,@,KAN,L 8-19,QB,WilsRu00
990,Jimmy Garoppolo,Mon,5,5,2023-10-09,31-341,LVR,,GNB,W 17-13,QB,GaroJi00
991,Jordan Love,Mon,5,5,2023-10-09,24-341,GNB,@,LVR,L 13-17,QB,LoveJo03
992,Josh Allen,Sun,5,5,2023-10-08,27-140,BUF,,JAX,L 20-25,QB,AlleJo02
993,Joe Burrow,Sun,5,5,2023-10-08,26-302,CIN,@,ARI,W 34-20,QB,BurrJo01
994,Derek Carr,Sun,5,5,2023-10-08,32-194,NOR,@,NWE,W 34-0,QB,CarrDe02
995,Kirk Cousins,Sun,5,5,2023-10-08,35-050,MIN,,KAN,L 20-27,QB,CousKi00
996,Joshua Dobbs,Sun,5,5,2023-10-08,28-255,ARI,,CIN,L 20-34,QB,DobbJo00
997,Jared Goff,Sun,5,5,2023-10-08,28-359,DET,,CAR,W 42-24,QB,GoffJa00
998,Jalen Hurts,Sun,5,5,2023-10-08,25-062,PHI,@,LAR,W 23-14,QB,HurtJa00
999,Lamar Jackson,Sun,5,5,2023-10-08,26-274,BAL,@,PIT,L 10-17,QB,JackLa00
1000,Daniel Jones,Sun,5,5,2023-10-08,26-134,NYG,@,MIA,L 16-31,QB,JoneDa05
1001,Mac Jones,Sun,5,5,2023-10-08,25-033,NWE,,NOR,L 0-34,QB,JoneMa05
1002,Trevor Lawrence,Sun,5,5,2023-10-08,24-002,JAX,@,BUF,W 25-20,QB,LawrTr00
1003,Patrick Mahomes,Sun,5,5,2023-10-08,28-021,KAN,@,MIN,W 27-20,QB,MahoPa00
1004,Kenny Pickett,Sun,5,5,2023-10-08,25-124,PIT,,BAL,W 17-10,QB,PickKe00
1005,Dak Prescott,Sun,5,5,2023-10-08,30-071,DAL,@,SFO,L 10-42,QB,PresDa01
1006,Brock Purdy,Sun,5,5,2023-10-08,23-285,SFO,,DAL,W 42-10,QB,PurdBr00
1007,Anthony Richardson,Sun,5,5,2023-10-08,21-139,IND,,TEN,W 23-16,QB,RichAn03
1008,Desmond Ridder,Sun,5,5,2023-10-08,24-038,ATL,,HOU,W 21-19,QB,RiddDe00
1009,Matthew Stafford,Sun,5,5,2023-10-08,35-243,LAR,,PHI,L 14-23,QB,StafMa00
1010,C.J. Stroud,Sun,5,5,2023-10-08,22-005,HOU,@,ATL,L 19-21,QB,StroCJ00
1011,Tua Tagovailoa,Sun,5,5,2023-10-08,25-220,MIA,,NYG,W 31-16,QB,TagoTu00
1012,Ryan Tannehill,Sun,5,5,2023-10-08,35-073,TEN,@,IND,L 16-23,QB,TannRy00
1013,Russell Wilson,Sun,5,5,2023-10-08,34-313,DEN,,NYJ,L 21-31,QB,WilsRu00
1014,Zach Wilson,Sun,5,5,2023-10-08,24-066,NYJ,@,DEN,W 31-21,QB,WilsZa00
1015,Bryce Young,Sun,5,5,2023-10-08,22-075,CAR,@,DET,L 24-42,QB,YounBr01
1016,Justin Fields,Thu,5,5,2023-10-05,24-214,CHI,@,WAS,W 40-20,QB,FielJu00
1017,Sam Howell,Thu,5,5,2023-10-05,23-019,WAS,,CHI,L 20-40,QB,HoweSa00
1018,Daniel Jones,Mon,4,4,2023-10-02,26-128,NYG,,SEA,L 3-24,QB,JoneDa05
1019,Geno Smith,Mon,4,4,2023-10-02,32-357,SEA,@,NYG,W 24-3,QB,SmitGe00
1020,Josh Allen,Sun,4,4,2023-10-01,27-133,BUF,,MIA,W 48-20,QB,AlleJo02
1021,Joe Burrow,Sun,4,4,2023-10-01,26-295,CIN,@,TEN,L 3-27,QB,BurrJo01
1022,Derek Carr,Sun,4,4,2023-10-01,32-187,NOR,,TAM,L 9-26,QB,CarrDe02
1023,Kirk Cousins,Sun,4,4,2023-10-01,35-043,MIN,@,CAR,W 21-13,QB,CousKi00
1024,Joshua Dobbs,Sun,4,4,2023-10-01,28-248,ARI,@,SFO,L 16-35,QB,DobbJo00
1025,Justin Fields,Sun,4,4,2023-10-01,24-210,CHI,,DEN,L 28-31,QB,FielJu00
1026,Justin Herbert,Sun,4,4,2023-10-01,25-205,LAC,,LVR,W 24-17,QB,HerbJu00
1027,Taysom Hill,Sun,4,4,2023-10-01,33-039,NOR,,TAM,L 9-26,TE/QB,HillTa00
1028,Sam Howell,Sun,4,4,2023-10-01,23-015,WAS,@,PHI,L 31-34 (OT),QB,HoweSa00
1029,Jalen Hurts,Sun,4,4,2023-10-01,25-055,PHI,,WAS,W 34-31 (OT),QB,HurtJa00
1030,Lamar Jackson,Sun,4,4,2023-10-01,26-267,BAL,@,CLE,W 28-3,QB,JackLa00
1031,Mac Jones,Sun,4,4,2023-10-01,25-026,NWE,@,DAL,L 3-38,QB,JoneMa05
1032,Trevor Lawrence,Sun,4,4,2023-10-01,23-360,JAX,,ATL,W 23-7,QB,LawrTr00
1033,Patrick Mahomes,Sun,4,4,2023-10-01,28-014,KAN,@,NYJ,W 23-20,QB,MahoPa00
1034,Baker Mayfield,Sun,4,4,2023-10-01,28-170,TAM,@,NOR,W 26-9,QB,MayfBa00
1035,Aidan O'Connell,Sun,4,4,2023-10-01,25-030,LVR,@,LAC,L 17-24,QB,OConAi00
1036,Kenny Pickett,Sun,4,4,2023-10-01,25-117,PIT,@,HOU,L 6-30,QB,PickKe00
1037,Dak Prescott,Sun,4,4,2023-10-01,30-064,DAL,,NWE,W 38-3,QB,PresDa01
1038,Brock Purdy,Sun,4,4,2023-10-01,23-278,SFO,,ARI,W 35-16,QB,PurdBr00
1039,Anthony Richardson,Sun,4,4,2023-10-01,21-132,IND,,LAR,L 23-29 (OT),QB,RichAn03
1040,Desmond Ridder,Sun,4,4,2023-10-01,24-031,ATL,@,JAX,L 7-23,QB,RiddDe00
1041,Matthew Stafford,Sun,4,4,2023-10-01,35-236,LAR,@,IND,W 29-23 (OT),QB,StafMa00
1042,C.J. Stroud,Sun,4,4,2023-10-01,21-363,HOU,,PIT,W 30-6,QB,StroCJ00
1043,Tua Tagovailoa,Sun,4,4,2023-10-01,25-213,MIA,@,BUF,L 20-48,QB,TagoTu00
1044,Ryan Tannehill,Sun,4,4,2023-10-01,35-066,TEN,,CIN,W 27-3,QB,TannRy00
1045,Dorian Thompson-Robinson,Sun,4,4,2023-10-01,23-321,CLE,,BAL,L 3-28,QB,ThomDo02
1046,Russell Wilson,Sun,4,4,2023-10-01,34-306,DEN,@,CHI,W 31-28,QB,WilsRu00
1047,Zach Wilson,Sun,4,4,2023-10-01,24-059,NYJ,,KAN,L 20-23,QB,WilsZa00
1048,Bryce Young,Sun,4,4,2023-10-01,22-068,CAR,,MIN,L 13-21,QB,YounBr01
1049,Jared Goff,Thu,4,4,2023-09-28,28-349,DET,@,GNB,W 34-20,QB,GoffJa00
1050,Jordan Love,Thu,4,4,2023-09-28,24-330,GNB,,DET,L 20-34,QB,LoveJo03
1051,Joe Burrow,Mon,3,3,2023-09-25,26-289,CIN,,LAR,W 19-16,QB,BurrJo01
1052,Jalen Hurts,Mon,3,3,2023-09-25,25-049,PHI,@,TAM,W 25-11,QB,HurtJa00
1053,Baker Mayfield,Mon,3,3,2023-09-25,28-164,TAM,,PHI,L 11-25,QB,MayfBa00
1054,Matthew Stafford,Mon,3,3,2023-09-25,35-230,LAR,@,CIN,L 16-19,QB,StafMa00
1055,Josh Allen,Sun,3,3,2023-09-24,27-126,BUF,@,WAS,W 37-3,QB,AlleJo02
1056,Derek Carr,Sun,3,3,2023-09-24,32-180,NOR,@,GNB,L 17-18,QB,CarrDe02
1057,Kirk Cousins,Sun,3,3,2023-09-24,35-036,MIN,,LAC,L 24-28,QB,CousKi00
1058,Andy Dalton,Sun,3,3,2023-09-24,35-330,CAR,@,SEA,L 27-37,QB,DaltAn00
1059,Joshua Dobbs,Sun,3,3,2023-09-24,28-241,ARI,,DAL,W 28-16,QB,DobbJo00
1060,Justin Fields,Sun,3,3,2023-09-24,24-203,CHI,@,KAN,L 10-41,QB,FielJu00
1061,Jimmy Garoppolo,Sun,3,3,2023-09-24,31-326,LVR,,PIT,L 18-23,QB,GaroJi00
1062,Jared Goff,Sun,3,3,2023-09-24,28-345,DET,,ATL,W 20-6,QB,GoffJa00
1063,Justin Herbert,Sun,3,3,2023-09-24,25-198,LAC,@,MIN,W 28-24,QB,HerbJu00
1064,Sam Howell,Sun,3,3,2023-09-24,23-008,WAS,,BUF,L 3-37,QB,HoweSa00
1065,Lamar Jackson,Sun,3,3,2023-09-24,26-260,BAL,,IND,L 19-22 (OT),QB,JackLa00
1066,Mac Jones,Sun,3,3,2023-09-24,25-019,NWE,@,NYJ,W 15-10,QB,JoneMa05
1067,Trevor Lawrence,Sun,3,3,2023-09-24,23-353,JAX,,HOU,L 17-37,QB,LawrTr00
1068,Jordan Love,Sun,3,3,2023-09-24,24-326,GNB,,NOR,W 18-17,QB,LoveJo03
1069,Patrick Mahomes,Sun,3,3,2023-09-24,28-007,KAN,,CHI,W 41-10,QB,MahoPa00
1070,Gardner Minshew II,Sun,3,3,2023-09-24,27-131,IND,@,BAL,W 22-19 (OT),QB,MinsGa00
1071,Kenny Pickett,Sun,3,3,2023-09-24,25-110,PIT,@,LVR,W 23-18,QB,PickKe00
1072,Dak Prescott,Sun,3,3,2023-09-24,30-057,DAL,@,ARI,L 16-28,QB,PresDa01
1073,Desmond Ridder,Sun,3,3,2023-09-24,24-024,ATL,@,DET,L 6-20,QB,RiddDe00
1074,Geno Smith,Sun,3,3,2023-09-24,32-349,SEA,,CAR,W 37-27,QB,SmitGe00
1075,C.J. Stroud,Sun,3,3,2023-09-24,21-356,HOU,@,JAX,W 37-17,QB,StroCJ00
1076,Tua Tagovailoa,Sun,3,3,2023-09-24,25-206,MIA,,DEN,W 70-20,QB,TagoTu00
1077,Ryan Tannehill,Sun,3,3,2023-09-24,35-059,TEN,@,CLE,L 3-27,QB,TannRy00
1078,Deshaun Watson,Sun,3,3,2023-09-24,28-010,CLE,,TEN,W 27-3,QB,WatsDe00
1079,Russell Wilson,Sun,3,3,2023-09-24,34-299,DEN,@,MIA,L 20-70,QB,WilsRu00
1080,Zach Wilson,Sun,3,3,2023-09-24,24-052,NYJ,,NWE,L 10-15,QB,WilsZa00
1081,Daniel Jones,Thu,3,3,2023-09-21,26-117,NYG,@,SFO,L 12-30,QB,JoneDa05
1082,Brock Purdy,Thu,3,3,2023-09-21,23-268,SFO,,NYG,W 30-12,QB,PurdBr00
1083,Derek Carr,Mon,2,2,2023-09-18,32-174,NOR,@,CAR,W 20-17,QB,CarrDe02
1084,Taysom Hill,Mon,2,2,2023-09-18,33-026,NOR,@,CAR,W 20-17,TE/QB,HillTa00
1085,Kenny Pickett,Mon,2,2,2023-09-18,25-104,PIT,,CLE,W 26-22,QB,PickKe00
1086,Deshaun Watson,Mon,2,2,2023-09-18,28-004,CLE,@,PIT,L 22-26,QB,WatsDe00
1087,Bryce Young,Mon,2,2,2023-09-18,22-055,CAR,,NOR,L 17-20,QB,YounBr01
1088,Josh Allen,Sun,2,2,2023-09-17,27-119,BUF,,LVR,W 38-10,QB,AlleJo02
1089,Joe Burrow,Sun,2,2,2023-09-17,26-281,CIN,,BAL,L 24-27,QB,BurrJo01
1090,Joshua Dobbs,Sun,2,2,2023-09-17,28-234,ARI,,NYG,L 28-31,QB,DobbJo00
1091,Justin Fields,Sun,2,2,2023-09-17,24-196,CHI,@,TAM,L 17-27,QB,FielJu00
1092,Jimmy Garoppolo,Sun,2,2,2023-09-17,31-319,LVR,@,BUF,L 10-38,QB,GaroJi00
1093,Jared Goff,Sun,2,2,2023-09-17,28-338,DET,,SEA,L 31-37 (OT),QB,GoffJa00
1094,Justin Herbert,Sun,2,2,2023-09-17,25-191,LAC,@,TEN,L 24-27 (OT),QB,HerbJu00
1095,Sam Howell,Sun,2,2,2023-09-17,23-001,WAS,@,DEN,W 35-33,QB,HoweSa00
1096,Lamar Jackson,Sun,2,2,2023-09-17,26-253,BAL,@,CIN,W 27-24,QB,JackLa00
1097,Daniel Jones,Sun,2,2,2023-09-17,26-113,NYG,@,ARI,W 31-28,QB,JoneDa05
1098,Mac Jones,Sun,2,2,2023-09-17,25-012,NWE,,MIA,L 17-24,QB,JoneMa05
1099,Trevor Lawrence,Sun,2,2,2023-09-17,23-346,JAX,,KAN,L 9-17,QB,LawrTr00
1100,Jordan Love,Sun,2,2,2023-09-17,24-319,GNB,@,ATL,L 24-25,QB,LoveJo03
1101,Patrick Mahomes,Sun,2,2,2023-09-17,28-000,KAN,@,JAX,W 17-9,QB,MahoPa00
1102,Baker Mayfield,Sun,2,2,2023-09-17,28-156,TAM,,CHI,W 27-17,QB,MayfBa00
1103,Dak Prescott,Sun,2,2,2023-09-17,30-050,DAL,,NYJ,W 30-10,QB,PresDa01
1104,Brock Purdy,Sun,2,2,2023-09-17,23-264,SFO,@,LAR,W 30-23,QB,PurdBr00
1105,Anthony Richardson,Sun,2,2,2023-09-17,21-118,IND,@,HOU,W 31-20,QB,RichAn03
1106,Desmond Ridder,Sun,2,2,2023-09-17,24-017,ATL,,GNB,W 25-24,QB,RiddDe00
1107,Geno Smith,Sun,2,2,2023-09-17,32-342,SEA,@,DET,W 37-31 (OT),QB,SmitGe00
1108,Matthew Stafford,Sun,2,2,2023-09-17,35-222,LAR,,SFO,L 23-30,QB,StafMa00
1109,C.J. Stroud,Sun,2,2,2023-09-17,21-349,HOU,,IND,L 20-31,QB,StroCJ00
1110,Tua Tagovailoa,Sun,2,2,2023-09-17,25-199,MIA,@,NWE,W 24-17,QB,TagoTu00
1111,Ryan Tannehill,Sun,2,2,2023-09-17,35-052,TEN,,LAC,W 27-24 (OT),QB,TannRy00
1112,Russell Wilson,Sun,2,2,2023-09-17,34-292,DEN,,WAS,L 33-35,QB,WilsRu00
1113,Zach Wilson,Sun,2,2,2023-09-17,24-045,NYJ,@,DAL,L 10-30,QB,WilsZa00
1114,Kirk Cousins,Thu,2,2,2023-09-14,35-026,MIN,@,PHI,L 28-34,QB,CousKi00
1115,Jalen Hurts,Thu,2,2,2023-09-14,25-038,PHI,,MIN,W 34-28,QB,HurtJa00
1116,Josh Allen,Mon,1,1,2023-09-11,27-113,BUF,@,NYJ,L 16-22 (OT),QB,AlleJo02
1117,Aaron Rodgers,Mon,1,1,2023-09-11,39-283,NYJ,,BUF,W 22-16 (OT),QB,RodgAa00
1118,Joe Burrow,Sun,1,1,2023-09-10,26-274,CIN,@,CLE,L 3-24,QB,BurrJo01
1119,Derek Carr,Sun,1,1,2023-09-10,32-166,NOR,,TEN,W 16-15,QB,CarrDe02
1120,Kirk Cousins,Sun,1,1,2023-09-10,35-022,MIN,,TAM,L 17-20,QB,CousKi00
1121,Joshua Dobbs,Sun,1,1,2023-09-10,28-227,ARI,@,WAS,L 16-20,QB,DobbJo00
1122,Justin Fields,Sun,1,1,2023-09-10,24-189,CHI,,GNB,L 20-38,QB,FielJu00
1123,Jimmy Garoppolo,Sun,1,1,2023-09-10,31-312,LVR,@,DEN,W 17-16,QB,GaroJi00
1124,Justin Herbert,Sun,1,1,2023-09-10,25-184,LAC,,MIA,L 34-36,QB,HerbJu00
1125,Sam Howell,Sun,1,1,2023-09-10,22-359,WAS,,ARI,W 20-16,QB,HoweSa00
1126,Jalen Hurts,Sun,1,1,2023-09-10,25-034,PHI,@,NWE,W 25-20,QB,HurtJa00
1127,Lamar Jackson,Sun,1,1,2023-09-10,26-246,BAL,,HOU,W 25-9,QB,JackLa00
1128,Daniel Jones,Sun,1,1,2023-09-10,26-106,NYG,,DAL,L 0-40,QB,JoneDa05
1129,Mac Jones,Sun,1,1,2023-09-10,25-005,NWE,,PHI,L 20-25,QB,JoneMa05
1130,Trevor Lawrence,Sun,1,1,2023-09-10,23-339,JAX,@,IND,W 31-21,QB,LawrTr00
1131,Jordan Love,Sun,1,1,2023-09-10,24-312,GNB,@,CHI,W 38-20,QB,LoveJo03
1132,Baker Mayfield,Sun,1,1,2023-09-10,28-149,TAM,@,MIN,W 20-17,QB,MayfBa00
1133,Kenny Pickett,Sun,1,1,2023-09-10,25-096,PIT,,SFO,L 7-30,QB,PickKe00
1134,Dak Prescott,Sun,1,1,2023-09-10,30-043,DAL,@,NYG,W 40-0,QB,PresDa01
1135,Brock Purdy,Sun,1,1,2023-09-10,23-257,SFO,@,PIT,W 30-7,QB,PurdBr00
1136,Anthony Richardson,Sun,1,1,2023-09-10,21-111,IND,,JAX,L 21-31,QB,RichAn03
1137,Desmond Ridder,Sun,1,1,2023-09-10,24-010,ATL,,CAR,W 24-10,QB,RiddDe00
1138,Geno Smith,Sun,1,1,2023-09-10,32-335,SEA,,LAR,L 13-30,QB,SmitGe00
1139,Matthew Stafford,Sun,1,1,2023-09-10,35-215,LAR,@,SEA,W 30-13,QB,StafMa00
1140,C.J. Stroud,Sun,1,1,2023-09-10,21-342,HOU,@,BAL,L 9-25,QB,StroCJ00
1141,Tua Tagovailoa,Sun,1,1,2023-09-10,25-192,MIA,@,LAC,W 36-34,QB,TagoTu00
1142,Ryan Tannehill,Sun,1,1,2023-09-10,35-045,TEN,@,NOR,L 15-16,QB,TannRy00
1143,Deshaun Watson,Sun,1,1,2023-09-10,27-361,CLE,,CIN,W 24-3,QB,WatsDe00
1144,Russell Wilson,Sun,1,1,2023-09-10,34-285,DEN,,LVR,L 16-17,QB,WilsRu00
1145,Bryce Young,Sun,1,1,2023-09-10,22-047,CAR,@,ATL,L 10-24,QB,YounBr01
1146,Jared Goff,Thu,1,1,2023-09-07,28-328,DET,@,KAN,W 21-20,QB,GoffJa00
1147,Patrick Mahomes,Thu,1,1,2023-09-07,27-355,KAN,,DET,L 20-21,QB,MahoPa00
1148,Jalen Hurts,Sun,3,22,2023-02-12,24-189,PHI,N,KAN,L 35-38,QB,HurtJa00
1149,Patrick Mahomes,Sun,3,22,2023-02-12,27-148,KAN,N,PHI,W 38-35,QB,MahoPa00
1150,Joe Burrow,Sun,3,21,2023-01-29,26-050,CIN,@,KAN,L 20-23,QB,BurrJo01
1151,Jalen Hurts,Sun,2,21,2023-01-29,24-175,PHI,,SFO,W 31-7,QB,HurtJa00
1152,Patrick Mahomes,Sun,2,21,2023-01-29,27-134,KAN,,CIN,W 23-20,QB,MahoPa00
1153,Brock Purdy,Sun,3,21,2023-01-29,23-033,SFO,@,PHI,L 7-31,QB,PurdBr00
1154,Josh Allen,Sun,2,20,2023-01-22,26-246,BUF,,CIN,L 10-27,QB,AlleJo02
1155,Joe Burrow,Sun,2,20,2023-01-22,26-043,CIN,@,BUF,W 27-10,QB,BurrJo01
1156,Dak Prescott,Sun,2,20,2023-01-22,29-177,DAL,@,SFO,L 12-19,QB,PresDa01
1157,Brock Purdy,Sun,2,20,2023-01-22,23-026,SFO,,DAL,W 19-12,QB,PurdBr00
1158,Jalen Hurts,Sat,1,20,2023-01-21,24-167,PHI,,NYG,W 38-7,QB,HurtJa00
1159,Daniel Jones,Sat,2,20,2023-01-21,25-239,NYG,@,PHI,L 7-38,QB,JoneDa05
1160,Trevor Lawrence,Sat,2,20,2023-01-21,23-107,JAX,@,KAN,L 20-27,QB,LawrTr00
1161,Patrick Mahomes,Sat,1,20,2023-01-21,27-126,KAN,,JAX,W 27-20,QB,MahoPa00
1162,Tom Brady,Mon,1,19,2023-01-16,45-166,TAM,,DAL,L 14-31,QB,BradTo00
1163,Dak Prescott,Mon,1,19,2023-01-16,29-171,DAL,@,TAM,W 31-14,QB,PresDa01
1164,Josh Allen,Sun,1,19,2023-01-15,26-239,BUF,,MIA,W 34-31,QB,AlleJo02
1165,Joe Burrow,Sun,1,19,2023-01-15,26-036,CIN,,BAL,W 24-17,QB,BurrJo01
1166,Kirk Cousins,Sun,1,19,2023-01-15,34-149,MIN,,NYG,L 24-31,QB,CousKi00
1167,Tyler Huntley,Sun,1,19,2023-01-15,24-346,BAL,@,CIN,L 17-24,QB,HuntTy01
1168,Daniel Jones,Sun,1,19,2023-01-15,25-233,NYG,@,MIN,W 31-24,QB,JoneDa05
1169,Skylar Thompson,Sun,1,19,2023-01-15,25-225,MIA,@,BUF,L 31-34,QB,ThomSk00
1170,Justin Herbert,Sat,1,19,2023-01-14,24-310,LAC,@,JAX,L 30-31,QB,HerbJu00
1171,Trevor Lawrence,Sat,1,19,2023-01-14,23-100,JAX,,LAC,W 31-30,QB,LawrTr00
1172,Brock Purdy,Sat,1,19,2023-01-14,23-018,SFO,,SEA,W 41-23,QB,PurdBr00
1173,Geno Smith,Sat,1,19,2023-01-14,32-096,SEA,@,SFO,L 23-41,QB,SmitGe00
1174,Josh Allen,Sun,16,18,2023-01-08,26-232,BUF,,NWE,W 35-23,QB,AlleJo02
1175,David Blough,Sun,17,18,2023-01-08,27-161,ARI,@,SFO,L 13-38,QB,BlouDa00
1176,Tom Brady,Sun,17,18,2023-01-08,45-158,TAM,@,ATL,L 17-30,QB,BradTo00
1177,Anthony Brown,Sun,17,18,2023-01-08,24-165,BAL,@,CIN,L 16-27,QB,BrowAn06
1178,Joe Burrow,Sun,16,18,2023-01-08,26-029,CIN,,BAL,W 27-16,QB,BurrJo01
1179,Kirk Cousins,Sun,17,18,2023-01-08,34-142,MIN,@,CHI,W 29-13,QB,CousKi00
1180,Andy Dalton,Sun,17,18,2023-01-08,35-071,NOR,,CAR,L 7-10,QB,DaltAn00
1181,Sam Darnold,Sun,17,18,2023-01-08,25-217,CAR,@,NOR,W 10-7,QB,DarnSa00
1182,Sam Ehlinger,Sun,17,18,2023-01-08,24-100,IND,,HOU,L 31-32,QB,EhliSa00
1183,Joe Flacco,Sun,17,18,2023-01-08,37-357,NYJ,@,MIA,L 6-11,QB,FlacJo00
1184,Jared Goff,Sun,17,18,2023-01-08,28-086,DET,@,GNB,W 20-16,QB,GoffJa00
1185,Justin Herbert,Sun,17,18,2023-01-08,24-304,LAC,@,DEN,L 28-31,QB,HerbJu00
1186,Sam Howell,Sun,17,18,2023-01-08,22-114,WAS,,DAL,W 26-6,QB,HoweSa00
1187,Jalen Hurts,Sun,17,18,2023-01-08,24-154,PHI,,NYG,W 22-16,QB,HurtJa00
1188,Mac Jones,Sun,17,18,2023-01-08,24-125,NWE,@,BUF,L 23-35,QB,JoneMa05
1189,Baker Mayfield,Sun,17,18,2023-01-08,27-269,LAR,@,SEA,L 16-19 (OT),QB,MayfBa00
1190,Davis Mills,Sun,17,18,2023-01-08,24-079,HOU,@,IND,W 32-31,QB,MillDa02
1191,Nathan Peterman,Sun,17,18,2023-01-08,28-249,CHI,,MIN,L 13-29,QB,PeteNa00
1192,Kenny Pickett,Sun,17,18,2023-01-08,24-216,PIT,,CLE,W 28-14,QB,PickKe00
1193,Dak Prescott,Sun,17,18,2023-01-08,29-163,DAL,@,WAS,L 6-26,QB,PresDa01
1194,Brock Purdy,Sun,17,18,2023-01-08,23-012,SFO,,ARI,W 38-13,QB,PurdBr00
1195,Desmond Ridder,Sun,17,18,2023-01-08,23-130,ATL,,TAM,W 30-17,QB,RiddDe00
1196,Aaron Rodgers,Sun,17,18,2023-01-08,39-037,GNB,,DET,L 16-20,QB,RodgAa00
1197,Geno Smith,Sun,17,18,2023-01-08,32-090,SEA,,LAR,W 19-16 (OT),QB,SmitGe00
1198,Skylar Thompson,Sun,17,18,2023-01-08,25-218,MIA,,NYJ,W 11-6,QB,ThomSk00
1199,Deshaun Watson,Sun,17,18,2023-01-08,27-116,CLE,@,PIT,L 14-28,QB,WatsDe00
1200,Davis Webb,Sun,17,18,2023-01-08,27-351,NYG,@,PHI,L 16-22,QB,WebbDa00
1201,Russell Wilson,Sun,17,18,2023-01-08,34-040,DEN,,LAC,W 31-28,QB,WilsRu00
1202,Joshua Dobbs,Sat,17,18,2023-01-07,27-346,TEN,@,JAX,L 16-20,QB,DobbJo00
1203,Trevor Lawrence,Sat,17,18,2023-01-07,23-093,JAX,,TEN,W 20-16,QB,LawrTr00
1204,Patrick Mahomes,Sat,17,18,2023-01-07,27-112,KAN,@,LVR,W 31-13,QB,MahoPa00
1205,Jarrett Stidham,Sat,17,18,2023-01-07,26-152,LVR,,KAN,L 13-31,QB,StidJa00
1206,David Blough,Sun,16,17,2023-01-01,27-154,ARI,@,ATL,L 19-20,QB,BlouDa00
1207,Tom Brady,Sun,16,17,2023-01-01,45-151,TAM,,CAR,W 30-24,QB,BradTo00
1208,Teddy Bridgewater,Sun,16,17,2023-01-01,30-052,MIA,@,NWE,L 21-23,QB,BridTe00
1209,Kirk Cousins,Sun,16,17,2023-01-01,34-135,MIN,@,GNB,L 17-41,QB,CousKi00
1210,Andy Dalton,Sun,16,17,2023-01-01,35-064,NOR,@,PHI,W 20-10,QB,DaltAn00
1211,Sam Darnold,Sun,16,17,2023-01-01,25-210,CAR,@,TAM,L 24-30,QB,DarnSa00
1212,Justin Fields,Sun,16,17,2023-01-01,23-302,CHI,@,DET,L 10-41,QB,FielJu00
1213,Nick Foles,Sun,16,17,2023-01-01,33-346,IND,@,NYG,L 10-38,QB,FoleNi00
1214,Jared Goff,Sun,16,17,2023-01-01,28-079,DET,,CHI,W 41-10,QB,GoffJa00
1215,Justin Herbert,Sun,16,17,2023-01-01,24-297,LAC,,LAR,W 31-10,QB,HerbJu00
1216,Tyler Huntley,Sun,16,17,2023-01-01,24-332,BAL,,PIT,L 13-16,QB,HuntTy01
1217,Daniel Jones,Sun,16,17,2023-01-01,25-219,NYG,,IND,W 38-10,QB,JoneDa05
1218,Mac Jones,Sun,16,17,2023-01-01,24-118,NWE,,MIA,W 23-21,QB,JoneMa05
1219,Trevor Lawrence,Sun,16,17,2023-01-01,23-087,JAX,@,HOU,W 31-3,QB,LawrTr00
1220,Patrick Mahomes,Sun,16,17,2023-01-01,27-106,KAN,,DEN,W 27-24,QB,MahoPa00
1221,Baker Mayfield,Sun,16,17,2023-01-01,27-262,LAR,@,LAC,L 10-31,QB,MayfBa00
1222,Davis Mills,Sun,16,17,2023-01-01,24-072,HOU,,JAX,L 3-31,QB,MillDa02
1223,Gardner Minshew II,Sun,16,17,2023-01-01,26-230,PHI,,NOR,L 10-20,QB,MinsGa00
1224,Kenny Pickett,Sun,16,17,2023-01-01,24-209,PIT,@,BAL,W 16-13,QB,PickKe00
1225,Brock Purdy,Sun,16,17,2023-01-01,23-005,SFO,@,LVR,W 37-34 (OT),QB,PurdBr00
1226,Desmond Ridder,Sun,16,17,2023-01-01,23-123,ATL,,ARI,W 20-19,QB,RiddDe00
1227,Aaron Rodgers,Sun,16,17,2023-01-01,39-030,GNB,,MIN,W 41-17,QB,RodgAa00
1228,Geno Smith,Sun,16,17,2023-01-01,32-083,SEA,,NYJ,W 23-6,QB,SmitGe00
1229,Jarrett Stidham,Sun,16,17,2023-01-01,26-146,LVR,,SFO,L 34-37 (OT),QB,StidJa00
1230,Deshaun Watson,Sun,16,17,2023-01-01,27-109,CLE,@,WAS,W 24-10,QB,WatsDe00
1231,Carson Wentz,Sun,16,17,2023-01-01,30-002,WAS,,CLE,L 10-24,QB,WentCa00
1232,Mike White,Sun,16,17,2023-01-01,27-282,NYJ,@,SEA,L 6-23,QB,WhitMi01
1233,Russell Wilson,Sun,16,17,2023-01-01,34-033,DEN,@,KAN,L 24-27,QB,WilsRu00
1234,Joshua Dobbs,Thu,16,17,2022-12-29,27-337,TEN,,DAL,L 13-27,QB,DobbJo00
1235,Dak Prescott,Thu,16,17,2022-12-29,29-153,DAL,@,TEN,W 27-13,QB,PresDa01
1236,Nick Foles,Mon,15,16,2022-12-26,33-340,IND,,LAC,L 3-20,QB,FoleNi00
1237,Justin Herbert,Mon,15,16,2022-12-26,24-291,LAC,@,IND,W 20-3,QB,HerbJu00
1238,Tom Brady,Sun,15,16,2022-12-25,45-144,TAM,@,ARI,W 19-16 (OT),QB,BradTo00
1239,Baker Mayfield,Sun,15,16,2022-12-25,27-255,LAR,,DEN,W 51-14,QB,MayfBa00
1240,Trace McSorley,Sun,15,16,2022-12-25,27-124,ARI,,TAM,L 16-19 (OT),QB,McSoTr00
1241,Aaron Rodgers,Sun,15,16,2022-12-25,39-023,GNB,@,MIA,W 26-20,QB,RodgAa00
1242,Tua Tagovailoa,Sun,15,16,2022-12-25,24-298,MIA,,GNB,L 20-26,QB,TagoTu00
1243,Russell Wilson,Sun,15,16,2022-12-25,34-026,DEN,@,LAR,L 14-51,QB,WilsRu00
1244,Josh Allen,Sat,15,16,2022-12-24,26-217,BUF,@,CHI,W 35-13,QB,AlleJo02
1245,Joe Burrow,Sat,15,16,2022-12-24,26-014,CIN,@,NWE,W 22-18,QB,BurrJo01
1246,Derek Carr,Sat,15,16,2022-12-24,31-271,LVR,@,PIT,L 10-13,QB,CarrDe02
1247,Kirk Cousins,Sat,15,16,2022-12-24,34-127,MIN,,NYG,W 27-24,QB,CousKi00
1248,Andy Dalton,Sat,15,16,2022-12-24,35-056,NOR,@,CLE,W 17-10,QB,DaltAn00
1249,Sam Darnold,Sat,15,16,2022-12-24,25-202,CAR,,DET,W 37-23,QB,DarnSa00
1250,Jeff Driskel,Sat,15,16,2022-12-24,29-245,HOU,@,TEN,W 19-14,QB,DrisJe00
1251,Justin Fields,Sat,15,16,2022-12-24,23-294,CHI,,BUF,L 13-35,QB,FielJu00
1252,Jared Goff,Sat,15,16,2022-12-24,28-071,DET,@,CAR,L 23-37,QB,GoffJa00
1253,Taylor Heinicke,Sat,15,16,2022-12-24,29-284,WAS,@,SFO,L 20-37,QB,HeinTa00
1254,Tyler Huntley,Sat,15,16,2022-12-24,24-324,BAL,,ATL,W 17-9,QB,HuntTy01
1255,Daniel Jones,Sat,15,16,2022-12-24,25-211,NYG,@,MIN,L 24-27,QB,JoneDa05
1256,Mac Jones,Sat,15,16,2022-12-24,24-110,NWE,,CIN,L 18-22,QB,JoneMa05
1257,Patrick Mahomes,Sat,15,16,2022-12-24,27-098,KAN,,SEA,W 24-10,QB,MahoPa00
1258,Davis Mills,Sat,15,16,2022-12-24,24-064,HOU,@,TEN,W 19-14,QB,MillDa02
1259,Gardner Minshew II,Sat,15,16,2022-12-24,26-222,PHI,@,DAL,L 34-40,QB,MinsGa00
1260,Kenny Pickett,Sat,15,16,2022-12-24,24-201,PIT,,LVR,W 13-10,QB,PickKe00
1261,Dak Prescott,Sat,15,16,2022-12-24,29-148,DAL,,PHI,W 40-34,QB,PresDa01
1262,Brock Purdy,Sat,15,16,2022-12-24,22-362,SFO,,WAS,W 37-20,QB,PurdBr00
1263,Desmond Ridder,Sat,15,16,2022-12-24,23-115,ATL,@,BAL,L 9-17,QB,RiddDe00
1264,Geno Smith,Sat,15,16,2022-12-24,32-075,SEA,@,KAN,L 10-24,QB,SmitGe00
1265,Deshaun Watson,Sat,15,16,2022-12-24,27-101,CLE,,NOR,L 10-17,QB,WatsDe00
1266,Malik Willis,Sat,15,16,2022-12-24,23-213,TEN,,HOU,L 14-19,QB,WillMa12
1267,Trevor Lawrence,Thu,15,16,2022-12-22,23-077,JAX,@,NYJ,W 19-3,QB,LawrTr00
1268,Chris Streveler,Thu,15,16,2022-12-22,27-350,NYJ,,JAX,L 3-19,QB,StreCh00
1269,Zach Wilson,Thu,15,16,2022-12-22,23-141,NYJ,,JAX,L 3-19,QB,WilsZa00
1270,Baker Mayfield,Mon,14,15,2022-12-19,27-249,LAR,@,GNB,L 12-24,QB,MayfBa00
1271,Aaron Rodgers,Mon,14,15,2022-12-19,39-017,GNB,,LAR,W 24-12,QB,RodgAa00
1272,Tom Brady,Sun,14,15,2022-12-18,45-137,TAM,,CIN,L 23-34,QB,BradTo00
1273,Joe Burrow,Sun,14,15,2022-12-18,26-008,CIN,@,TAM,W 34-23,QB,BurrJo01
1274,Derek Carr,Sun,14,15,2022-12-18,31-265,LVR,,NWE,W 30-24,QB,CarrDe02
1275,Andy Dalton,Sun,14,15,2022-12-18,35-050,NOR,,ATL,W 21-18,QB,DaltAn00
1276,Sam Darnold,Sun,14,15,2022-12-18,25-196,CAR,,PIT,L 16-24,QB,DarnSa00
1277,Jeff Driskel,Sun,14,15,2022-12-18,29-239,HOU,,KAN,L 24-30 (OT),QB,DrisJe00
1278,Justin Fields,Sun,14,15,2022-12-18,23-288,CHI,,PHI,L 20-25,QB,FielJu00
1279,Jared Goff,Sun,14,15,2022-12-18,28-065,DET,@,NYJ,W 20-17,QB,GoffJa00
1280,Taylor Heinicke,Sun,14,15,2022-12-18,29-278,WAS,,NYG,L 12-20,QB,HeinTa00
1281,Justin Herbert,Sun,14,15,2022-12-18,24-283,LAC,,TEN,W 17-14,QB,HerbJu00
1282,Taysom Hill,Sun,14,15,2022-12-18,32-117,NOR,,ATL,W 21-18,TE/QB,HillTa00
1283,Jalen Hurts,Sun,14,15,2022-12-18,24-133,PHI,@,CHI,W 25-20,QB,HurtJa00
1284,Daniel Jones,Sun,14,15,2022-12-18,25-205,NYG,@,WAS,W 20-12,QB,JoneDa05
1285,Mac Jones,Sun,14,15,2022-12-18,24-104,NWE,@,LVR,L 24-30,QB,JoneMa05
1286,Trevor Lawrence,Sun,14,15,2022-12-18,23-073,JAX,,DAL,W 40-34 (OT),QB,LawrTr00
1287,Patrick Mahomes,Sun,14,15,2022-12-18,27-092,KAN,@,HOU,W 30-24 (OT),QB,MahoPa00
1288,Colt McCoy,Sun,14,15,2022-12-18,36-104,ARI,@,DEN,L 15-24,QB,McCoCo00
1289,Davis Mills,Sun,14,15,2022-12-18,24-058,HOU,,KAN,L 24-30 (OT),QB,MillDa02
1290,Dak Prescott,Sun,14,15,2022-12-18,29-142,DAL,@,JAX,L 34-40 (OT),QB,PresDa01
1291,Desmond Ridder,Sun,14,15,2022-12-18,23-109,ATL,@,NOR,L 18-21,QB,RiddDe00
1292,Brett Rypien,Sun,14,15,2022-12-18,26-162,DEN,,ARI,W 24-15,QB,RypiBr00
1293,Ryan Tannehill,Sun,14,15,2022-12-18,34-144,TEN,@,LAC,L 14-17,QB,TannRy00
1294,Mitchell Trubisky,Sun,14,15,2022-12-18,28-120,PIT,@,CAR,W 24-16,QB,TrubMi00
1295,Zach Wilson,Sun,14,15,2022-12-18,23-137,NYJ,,DET,L 17-20,QB,WilsZa00
1296,Josh Allen,Sat,14,15,2022-12-17,26-210,BUF,,MIA,W 32-29,QB,AlleJo02
1297,Kirk Cousins,Sat,14,15,2022-12-17,34-120,MIN,,IND,W 39-36 (OT),QB,CousKi00
1298,Tyler Huntley,Sat,14,15,2022-12-17,24-317,BAL,@,CLE,L 3-13,QB,HuntTy01
1299,Matt Ryan,Sat,14,15,2022-12-17,37-214,IND,@,MIN,L 36-39 (OT),QB,RyanMa00
1300,Tua Tagovailoa,Sat,14,15,2022-12-17,24-290,MIA,@,BUF,L 29-32,QB,TagoTu00
1301,Deshaun Watson,Sat,14,15,2022-12-17,27-094,CLE,,BAL,W 13-3,QB,WatsDe00
1302,Brock Purdy,Thu,14,15,2022-12-15,22-353,SFO,@,SEA,W 21-13,QB,PurdBr00
1303,Geno Smith,Thu,14,15,2022-12-15,32-066,SEA,,SFO,L 13-21,QB,SmitGe00
1304,Mac Jones,Mon,13,14,2022-12-12,24-098,NWE,@,ARI,W 27-13,QB,JoneMa05
1305,Kyler Murray,Mon,13,14,2022-12-12,25-127,ARI,,NWE,L 13-27,QB,MurrKy00
1306,Josh Allen,Sun,13,14,2022-12-11,26-204,BUF,,NYJ,W 20-12,QB,AlleJo02
1307,Tom Brady,Sun,13,14,2022-12-11,45-130,TAM,@,SFO,L 7-35,QB,BradTo00
1308,Joe Burrow,Sun,13,14,2022-12-11,26-001,CIN,,CLE,W 23-10,QB,BurrJo01
1309,Kirk Cousins,Sun,13,14,2022-12-11,34-114,MIN,@,DET,L 23-34,QB,CousKi00
1310,Sam Darnold,Sun,13,14,2022-12-11,25-189,CAR,@,SEA,W 30-24,QB,DarnSa00
1311,Jared Goff,Sun,13,14,2022-12-11,28-058,DET,,MIN,W 34-23,QB,GoffJa00
1312,Justin Herbert,Sun,13,14,2022-12-11,24-276,LAC,,MIA,W 23-17,QB,HerbJu00
1313,Tyler Huntley,Sun,13,14,2022-12-11,24-311,BAL,@,PIT,W 16-14,QB,HuntTy01
1314,Jalen Hurts,Sun,13,14,2022-12-11,24-126,PHI,@,NYG,W 48-22,QB,HurtJa00
1315,Daniel Jones,Sun,13,14,2022-12-11,25-198,NYG,,PHI,L 22-48,QB,JoneDa05
1316,Trevor Lawrence,Sun,13,14,2022-12-11,23-066,JAX,@,TEN,W 36-22,QB,LawrTr00
1317,Patrick Mahomes,Sun,13,14,2022-12-11,27-085,KAN,@,DEN,W 34-28,QB,MahoPa00
1318,Davis Mills,Sun,13,14,2022-12-11,24-051,HOU,@,DAL,L 23-27,QB,MillDa02
1319,Kenny Pickett,Sun,13,14,2022-12-11,24-188,PIT,,BAL,L 14-16,QB,PickKe00
1320,Dak Prescott,Sun,13,14,2022-12-11,29-135,DAL,,HOU,W 27-23,QB,PresDa01
1321,Brock Purdy,Sun,13,14,2022-12-11,22-349,SFO,,TAM,W 35-7,QB,PurdBr00
1322,Geno Smith,Sun,13,14,2022-12-11,32-062,SEA,,CAR,L 24-30,QB,SmitGe00
1323,Tua Tagovailoa,Sun,13,14,2022-12-11,24-284,MIA,@,LAC,L 17-23,QB,TagoTu00
1324,Ryan Tannehill,Sun,13,14,2022-12-11,34-137,TEN,,JAX,L 22-36,QB,TannRy00
1325,Deshaun Watson,Sun,13,14,2022-12-11,27-088,CLE,@,CIN,L 10-23,QB,WatsDe00
1326,Mike White,Sun,13,14,2022-12-11,27-261,NYJ,@,BUF,L 12-20,QB,WhitMi01
1327,Russell Wilson,Sun,13,14,2022-12-11,34-012,DEN,,KAN,L 28-34,QB,WilsRu00
1328,Derek Carr,Thu,13,14,2022-12-08,31-255,LVR,@,LAR,L 16-17,QB,CarrDe02
1329,John Wolford,Thu,13,14,2022-12-08,27-053,LAR,,LVR,W 17-16,QB,WolfJo00
1330,Tom Brady,Mon,12,13,2022-12-05,45-124,TAM,,NOR,W 17-16,QB,BradTo00
1331,Andy Dalton,Mon,13,13,2022-12-05,35-037,NOR,@,TAM,L 16-17,QB,DaltAn00
1332,Taysom Hill,Mon,13,13,2022-12-05,32-104,NOR,@,TAM,L 16-17,TE/QB,HillTa00
1333,Kyle Allen,Sun,12,13,2022-12-04,26-271,HOU,,CLE,L 14-27,QB,AlleKy00
1334,Joe Burrow,Sun,12,13,2022-12-04,25-359,CIN,,KAN,W 27-24,QB,BurrJo01
1335,Derek Carr,Sun,12,13,2022-12-04,31-251,LVR,,LAC,W 27-20,QB,CarrDe02
1336,Kirk Cousins,Sun,12,13,2022-12-04,34-107,MIN,,NYJ,W 27-22,QB,CousKi00
1337,Justin Fields,Sun,13,13,2022-12-04,23-274,CHI,,GNB,L 19-28,QB,FielJu00
1338,Jimmy Garoppolo,Sun,12,13,2022-12-04,31-032,SFO,,MIA,W 33-17,QB,GaroJi00
1339,Jared Goff,Sun,12,13,2022-12-04,28-051,DET,,JAX,W 40-14,QB,GoffJa00
1340,Taylor Heinicke,Sun,13,13,2022-12-04,29-264,WAS,@,NYG,T 20-20 (OT),QB,HeinTa00
1341,Justin Herbert,Sun,12,13,2022-12-04,24-269,LAC,@,LVR,L 20-27,QB,HerbJu00
1342,Jalen Hurts,Sun,12,13,2022-12-04,24-119,PHI,,TEN,W 35-10,QB,HurtJa00
1343,Lamar Jackson,Sun,12,13,2022-12-04,25-331,BAL,,DEN,W 10-9,QB,JackLa00
1344,Daniel Jones,Sun,12,13,2022-12-04,25-191,NYG,,WAS,T 20-20 (OT),QB,JoneDa05
1345,Trevor Lawrence,Sun,12,13,2022-12-04,23-059,JAX,@,DET,L 14-40,QB,LawrTr00
1346,Patrick Mahomes,Sun,12,13,2022-12-04,27-078,KAN,@,CIN,L 24-27,QB,MahoPa00
1347,Marcus Mariota,Sun,13,13,2022-12-04,29-035,ATL,,PIT,L 16-19,QB,MariMa01
1348,Kenny Pickett,Sun,12,13,2022-12-04,24-181,PIT,@,ATL,W 19-16,QB,PickKe00
1349,Dak Prescott,Sun,12,13,2022-12-04,29-128,DAL,,IND,W 54-19,QB,PresDa01
1350,Aaron Rodgers,Sun,13,13,2022-12-04,39-002,GNB,@,CHI,W 28-19,QB,RodgAa00
1351,Matt Ryan,Sun,13,13,2022-12-04,37-201,IND,@,DAL,L 19-54,QB,RyanMa00
1352,Geno Smith,Sun,12,13,2022-12-04,32-055,SEA,@,LAR,W 27-23,QB,SmitGe00
1353,Tua Tagovailoa,Sun,12,13,2022-12-04,24-277,MIA,@,SFO,L 17-33,QB,TagoTu00
1354,Ryan Tannehill,Sun,12,13,2022-12-04,34-130,TEN,@,PHI,L 10-35,QB,TannRy00
1355,Deshaun Watson,Sun,12,13,2022-12-04,27-081,CLE,@,HOU,W 27-14,QB,WatsDe00
1356,Mike White,Sun,12,13,2022-12-04,27-254,NYJ,@,MIN,L 22-27,QB,WhitMi01
1357,Russell Wilson,Sun,12,13,2022-12-04,34-005,DEN,@,BAL,L 9-10,QB,WilsRu00
1358,John Wolford,Sun,12,13,2022-12-04,27-049,LAR,,SEA,L 23-27,QB,WolfJo00
1359,Josh Allen,Thu,12,13,2022-12-01,26-194,BUF,@,NWE,W 24-10,QB,AlleJo02
1360,Mac Jones,Thu,12,13,2022-12-01,24-087,NWE,,BUF,L 10-24,QB,JoneMa05
1361,Kenny Pickett,Mon,11,12,2022-11-28,24-175,PIT,@,IND,W 24-17,QB,PickKe00
1362,Matt Ryan,Mon,12,12,2022-11-28,37-195,IND,,PIT,L 17-24,QB,RyanMa00
1363,Kyle Allen,Sun,11,12,2022-11-27,26-264,HOU,@,MIA,L 15-30,QB,AlleKy00
1364,Tom Brady,Sun,11,12,2022-11-27,45-116,TAM,@,CLE,L 17-23 (OT),QB,BradTo00
1365,Jacoby Brissett,Sun,11,12,2022-11-27,29-351,CLE,,TAM,W 23-17 (OT),QB,BrisJa00
1366,Joe Burrow,Sun,11,12,2022-11-27,25-352,CIN,@,TEN,W 20-16,QB,BurrJo01
1367,Derek Carr,Sun,11,12,2022-11-27,31-244,LVR,@,SEA,W 40-34 (OT),QB,CarrDe02
1368,Andy Dalton,Sun,12,12,2022-11-27,35-029,NOR,@,SFO,L 0-13,QB,DaltAn00
1369,Sam Darnold,Sun,12,12,2022-11-27,25-175,CAR,,DEN,W 23-10,QB,DarnSa00
1370,Jimmy Garoppolo,Sun,11,12,2022-11-27,31-025,SFO,,NOR,W 13-0,QB,GaroJi00
1371,Taylor Heinicke,Sun,12,12,2022-11-27,29-257,WAS,,ATL,W 19-13,QB,HeinTa00
1372,Justin Herbert,Sun,11,12,2022-11-27,24-262,LAC,@,ARI,W 25-24,QB,HerbJu00
1373,Taysom Hill,Sun,12,12,2022-11-27,32-096,NOR,@,SFO,L 0-13,TE/QB,HillTa00
1374,Jalen Hurts,Sun,11,12,2022-11-27,24-112,PHI,,GNB,W 40-33,QB,HurtJa00
1375,Lamar Jackson,Sun,11,12,2022-11-27,25-324,BAL,@,JAX,L 27-28,QB,JackLa00
1376,Trevor Lawrence,Sun,11,12,2022-11-27,23-052,JAX,,BAL,W 28-27,QB,LawrTr00
1377,Patrick Mahomes,Sun,11,12,2022-11-27,27-071,KAN,,LAR,W 26-10,QB,MahoPa00
1378,Marcus Mariota,Sun,12,12,2022-11-27,29-028,ATL,@,WAS,L 13-19,QB,MariMa01
1379,Kyler Murray,Sun,12,12,2022-11-27,25-112,ARI,,LAC,L 24-25,QB,MurrKy00
1380,Bryce Perkins,Sun,11,12,2022-11-27,25-342,LAR,@,KAN,L 10-26,QB,PerkBr02
1381,Aaron Rodgers,Sun,12,12,2022-11-27,38-360,GNB,@,PHI,L 33-40,QB,RodgAa00
1382,Trevor Siemian,Sun,12,12,2022-11-27,30-336,CHI,@,NYJ,L 10-31,QB,SiemTr00
1383,Geno Smith,Sun,11,12,2022-11-27,32-048,SEA,,LVR,L 34-40 (OT),QB,SmitGe00
1384,Tua Tagovailoa,Sun,11,12,2022-11-27,24-270,MIA,,HOU,W 30-15,QB,TagoTu00
1385,Ryan Tannehill,Sun,11,12,2022-11-27,34-123,TEN,,CIN,L 16-20,QB,TannRy00
1386,Mike White,Sun,11,12,2022-11-27,27-247,NYJ,,CHI,W 31-10,QB,WhitMi01
1387,Russell Wilson,Sun,11,12,2022-11-27,33-363,DEN,@,CAR,L 10-23,QB,WilsRu00
1388,Josh Allen,Thu,11,12,2022-11-24,26-187,BUF,@,DET,W 28-25,QB,AlleJo02
1389,Kirk Cousins,Thu,11,12,2022-11-24,34-097,MIN,,NWE,W 33-26,QB,CousKi00
1390,Jared Goff,Thu,11,12,2022-11-24,28-041,DET,,BUF,L 25-28,QB,GoffJa00
1391,Daniel Jones,Thu,11,12,2022-11-24,25-181,NYG,@,DAL,L 20-28,QB,JoneDa05
1392,Mac Jones,Thu,11,12,2022-11-24,24-080,NWE,@,MIN,L 26-33,QB,JoneMa05
1393,Dak Prescott,Thu,11,12,2022-11-24,29-118,DAL,,NYG,W 28-20,QB,PresDa01
1394,Jimmy Garoppolo,Mon,10,11,2022-11-21,31-019,SFO,@,ARI,W 38-10,QB,GaroJi00
1395,Colt McCoy,Mon,11,11,2022-11-21,36-077,ARI,,SFO,L 10-38,QB,McCoCo00
1396,Josh Allen,Sun,10,11,2022-11-20,26-183,BUF,,CLE,W 31-23,QB,AlleJo02
1397,Jacoby Brissett,Sun,10,11,2022-11-20,29-344,CLE,@,BUF,L 23-31,QB,BrisJa00
1398,Joe Burrow,Sun,10,11,2022-11-20,25-345,CIN,@,PIT,W 37-30,QB,BurrJo01
1399,Derek Carr,Sun,10,11,2022-11-20,31-237,LVR,@,DEN,W 22-16 (OT),QB,CarrDe02
1400,Kirk Cousins,Sun,10,11,2022-11-20,34-093,MIN,,DAL,L 3-40,QB,CousKi00
1401,Andy Dalton,Sun,11,11,2022-11-20,35-022,NOR,,LAR,W 27-20,QB,DaltAn00
1402,Justin Fields,Sun,11,11,2022-11-20,23-260,CHI,@,ATL,L 24-27,QB,FielJu00
1403,Jared Goff,Sun,10,11,2022-11-20,28-037,DET,@,NYG,W 31-18,QB,GoffJa00
1404,Taylor Heinicke,Sun,11,11,2022-11-20,29-250,WAS,@,HOU,W 23-10,QB,HeinTa00
1405,Justin Herbert,Sun,10,11,2022-11-20,24-255,LAC,,KAN,L 27-30,QB,HerbJu00
1406,Taysom Hill,Sun,11,11,2022-11-20,32-089,NOR,,LAR,W 27-20,TE/QB,HillTa00
1407,Jalen Hurts,Sun,10,11,2022-11-20,24-105,PHI,@,IND,W 17-16,QB,HurtJa00
1408,Lamar Jackson,Sun,10,11,2022-11-20,25-317,BAL,,CAR,W 13-3,QB,JackLa00
1409,Daniel Jones,Sun,10,11,2022-11-20,25-177,NYG,,DET,L 18-31,QB,JoneDa05
1410,Mac Jones,Sun,10,11,2022-11-20,24-076,NWE,,NYJ,W 10-3,QB,JoneMa05
1411,Patrick Mahomes,Sun,10,11,2022-11-20,27-064,KAN,@,LAC,W 30-27,QB,MahoPa00
1412,Marcus Mariota,Sun,11,11,2022-11-20,29-021,ATL,,CHI,W 27-24,QB,MariMa01
1413,Baker Mayfield,Sun,11,11,2022-11-20,27-220,CAR,@,BAL,L 3-13,QB,MayfBa00
1414,Davis Mills,Sun,10,11,2022-11-20,24-030,HOU,,WAS,L 10-23,QB,MillDa02
1415,Kenny Pickett,Sun,10,11,2022-11-20,24-167,PIT,,CIN,L 30-37,QB,PickKe00
1416,Dak Prescott,Sun,10,11,2022-11-20,29-114,DAL,@,MIN,W 40-3,QB,PresDa01
1417,Matt Ryan,Sun,11,11,2022-11-20,37-187,IND,,PHI,L 16-17,QB,RyanMa00
1418,Matthew Stafford,Sun,10,11,2022-11-20,34-286,LAR,@,NOR,L 20-27,QB,StafMa00
1419,Russell Wilson,Sun,10,11,2022-11-20,33-356,DEN,,LVR,L 16-22 (OT),QB,WilsRu00
1420,Zach Wilson,Sun,10,11,2022-11-20,23-109,NYJ,@,NWE,L 3-10,QB,WilsZa00
1421,Aaron Rodgers,Thu,11,11,2022-11-17,38-350,GNB,,TEN,L 17-27,QB,RodgAa00
1422,Ryan Tannehill,Thu,10,11,2022-11-17,34-113,TEN,@,GNB,W 27-17,QB,TannRy00
1423,Taylor Heinicke,Mon,10,10,2022-11-14,29-244,WAS,@,PHI,W 32-21,QB,HeinTa00
1424,Jalen Hurts,Mon,9,10,2022-11-14,24-099,PHI,,WAS,L 21-32,QB,HurtJa00
1425,Josh Allen,Sun,9,10,2022-11-13,26-176,BUF,,MIN,L 30-33 (OT),QB,AlleJo02
1426,Tom Brady,Sun,10,10,2022-11-13,45-102,TAM,,SEA,W 21-16,QB,BradTo00
1427,Jacoby Brissett,Sun,9,10,2022-11-13,29-337,CLE,@,MIA,L 17-39,QB,BrisJa00
1428,Derek Carr,Sun,9,10,2022-11-13,31-230,LVR,,IND,L 20-25,QB,CarrDe02
1429,Kirk Cousins,Sun,9,10,2022-11-13,34-086,MIN,@,BUF,W 33-30 (OT),QB,CousKi00
1430,Andy Dalton,Sun,10,10,2022-11-13,35-015,NOR,@,PIT,L 10-20,QB,DaltAn00
1431,Justin Fields,Sun,10,10,2022-11-13,23-253,CHI,,DET,L 30-31,QB,FielJu00
1432,Jimmy Garoppolo,Sun,9,10,2022-11-13,31-011,SFO,,LAC,W 22-16,QB,GaroJi00
1433,Jared Goff,Sun,9,10,2022-11-13,28-030,DET,@,CHI,W 31-30,QB,GoffJa00
1434,Justin Herbert,Sun,9,10,2022-11-13,24-248,LAC,@,SFO,L 16-22,QB,HerbJu00
1435,Taysom Hill,Sun,10,10,2022-11-13,32-082,NOR,@,PIT,L 10-20,TE/QB,HillTa00
1436,Daniel Jones,Sun,9,10,2022-11-13,25-170,NYG,,HOU,W 24-16,QB,JoneDa05
1437,Trevor Lawrence,Sun,10,10,2022-11-13,23-038,JAX,@,KAN,L 17-27,QB,LawrTr00
1438,Patrick Mahomes,Sun,9,10,2022-11-13,27-057,KAN,,JAX,W 27-17,QB,MahoPa00
1439,Colt McCoy,Sun,10,10,2022-11-13,36-069,ARI,@,LAR,W 27-17,QB,McCoCo00
1440,Davis Mills,Sun,9,10,2022-11-13,24-023,HOU,@,NYG,L 16-24,QB,MillDa02
1441,Kenny Pickett,Sun,9,10,2022-11-13,24-160,PIT,,NOR,W 20-10,QB,PickKe00
1442,Dak Prescott,Sun,9,10,2022-11-13,29-107,DAL,@,GNB,L 28-31 (OT),QB,PresDa01
1443,Aaron Rodgers,Sun,10,10,2022-11-13,38-346,GNB,,DAL,W 31-28 (OT),QB,RodgAa00
1444,Matt Ryan,Sun,10,10,2022-11-13,37-180,IND,@,LVR,W 25-20,QB,RyanMa00
1445,Geno Smith,Sun,10,10,2022-11-13,32-034,SEA,@,TAM,L 16-21,QB,SmitGe00
1446,Tua Tagovailoa,Sun,10,10,2022-11-13,24-256,MIA,,CLE,W 39-17,QB,TagoTu00
1447,Ryan Tannehill,Sun,9,10,2022-11-13,34-109,TEN,,DEN,W 17-10,QB,TannRy00
1448,Russell Wilson,Sun,9,10,2022-11-13,33-349,DEN,@,TEN,L 10-17,QB,WilsRu00
1449,John Wolford,Sun,9,10,2022-11-13,27-028,LAR,,ARI,L 17-27,QB,WolfJo00
1450,Marcus Mariota,Thu,10,10,2022-11-10,29-011,ATL,@,CAR,L 15-25,QB,MariMa01
1451,P.J. Walker,Thu,10,10,2022-11-10,27-257,CAR,,ATL,W 25-15,QB,WalkPh00
1452,Andy Dalton,Mon,9,9,2022-11-07,35-009,NOR,,BAL,L 13-27,QB,DaltAn00
1453,Taysom Hill,Mon,9,9,2022-11-07,32-076,NOR,,BAL,L 13-27,TE/QB,HillTa00
1454,Lamar Jackson,Mon,9,9,2022-11-07,25-304,BAL,@,NOR,W 27-13,QB,JackLa00
1455,Josh Allen,Sun,8,9,2022-11-06,26-169,BUF,@,NYJ,L 17-20,QB,AlleJo02
1456,Tom Brady,Sun,9,9,2022-11-06,45-095,TAM,,LAR,W 16-13,QB,BradTo00
1457,Joe Burrow,Sun,9,9,2022-11-06,25-331,CIN,,CAR,W 42-21,QB,BurrJo01
1458,Derek Carr,Sun,8,9,2022-11-06,31-223,LVR,@,JAX,L 20-27,QB,CarrDe02
1459,Kirk Cousins,Sun,8,9,2022-11-06,34-079,MIN,@,WAS,W 20-17,QB,CousKi00
1460,Sam Ehlinger,Sun,9,9,2022-11-06,24-037,IND,@,NWE,L 3-26,QB,EhliSa00
1461,Justin Fields,Sun,9,9,2022-11-06,23-246,CHI,,MIA,L 32-35,QB,FielJu00
1462,Jared Goff,Sun,8,9,2022-11-06,28-023,DET,,GNB,W 15-9,QB,GoffJa00
1463,Taylor Heinicke,Sun,9,9,2022-11-06,29-236,WAS,,MIN,L 17-20,QB,HeinTa00
1464,Justin Herbert,Sun,8,9,2022-11-06,24-241,LAC,@,ATL,W 20-17,QB,HerbJu00
1465,Mac Jones,Sun,9,9,2022-11-06,24-062,NWE,,IND,W 26-3,QB,JoneMa05
1466,Trevor Lawrence,Sun,9,9,2022-11-06,23-031,JAX,,LVR,W 27-20,QB,LawrTr00
1467,Patrick Mahomes,Sun,8,9,2022-11-06,27-050,KAN,,TEN,W 20-17 (OT),QB,MahoPa00
1468,Marcus Mariota,Sun,9,9,2022-11-06,29-007,ATL,,LAC,L 17-20,QB,MariMa01
1469,Kyler Murray,Sun,9,9,2022-11-06,25-091,ARI,,SEA,L 21-31,QB,MurrKy00
1470,Aaron Rodgers,Sun,9,9,2022-11-06,38-339,GNB,@,DET,L 9-15,QB,RodgAa00
1471,Geno Smith,Sun,9,9,2022-11-06,32-027,SEA,@,ARI,W 31-21,QB,SmitGe00
1472,Matthew Stafford,Sun,8,9,2022-11-06,34-272,LAR,@,TAM,L 13-16,QB,StafMa00
1473,Tua Tagovailoa,Sun,9,9,2022-11-06,24-249,MIA,@,CHI,W 35-32,QB,TagoTu00
1474,P.J. Walker,Sun,9,9,2022-11-06,27-253,CAR,@,CIN,L 21-42,QB,WalkPh00
1475,Malik Willis,Sun,8,9,2022-11-06,23-165,TEN,@,KAN,L 17-20 (OT),QB,WillMa12
1476,Zach Wilson,Sun,9,9,2022-11-06,23-095,NYJ,,BUF,W 20-17,QB,WilsZa00
1477,Jalen Hurts,Thu,8,9,2022-11-03,24-088,PHI,@,HOU,W 29-17,QB,HurtJa00
1478,Davis Mills,Thu,8,9,2022-11-03,24-013,HOU,,PHI,L 17-29,QB,MillDa02
1479,Jacoby Brissett,Mon,8,8,2022-10-31,29-324,CLE,,CIN,W 32-13,QB,BrisJa00
1480,Joe Burrow,Mon,8,8,2022-10-31,25-325,CIN,@,CLE,L 13-32,QB,BurrJo01
1481,Josh Allen,Sun,7,8,2022-10-30,26-162,BUF,,GNB,W 27-17,QB,AlleJo02
1482,Derek Carr,Sun,7,8,2022-10-30,31-216,LVR,@,NOR,L 0-24,QB,CarrDe02
1483,Kirk Cousins,Sun,7,8,2022-10-30,34-072,MIN,,ARI,W 34-26,QB,CousKi00
1484,Andy Dalton,Sun,8,8,2022-10-30,35-001,NOR,,LVR,W 24-0,QB,DaltAn00
1485,Sam Ehlinger,Sun,8,8,2022-10-30,24-030,IND,,WAS,L 16-17,QB,EhliSa00
1486,Justin Fields,Sun,8,8,2022-10-30,23-239,CHI,@,DAL,L 29-49,QB,FielJu00
1487,Jimmy Garoppolo,Sun,8,8,2022-10-30,30-362,SFO,@,LAR,W 31-14,QB,GaroJi00
1488,Jared Goff,Sun,7,8,2022-10-30,28-016,DET,,MIA,L 27-31,QB,GoffJa00
1489,Taylor Heinicke,Sun,8,8,2022-10-30,29-229,WAS,@,IND,W 17-16,QB,HeinTa00
1490,Jalen Hurts,Sun,7,8,2022-10-30,24-084,PHI,,PIT,W 35-13,QB,HurtJa00
1491,Daniel Jones,Sun,8,8,2022-10-30,25-156,NYG,@,SEA,L 13-27,QB,JoneDa05
1492,Mac Jones,Sun,8,8,2022-10-30,24-055,NWE,@,NYJ,W 22-17,QB,JoneMa05
1493,Trevor Lawrence,Sun,8,8,2022-10-30,23-024,JAX,,DEN,L 17-21,QB,LawrTr00
1494,Marcus Mariota,Sun,8,8,2022-10-30,29-000,ATL,,CAR,W 37-34 (OT),QB,MariMa01
1495,Davis Mills,Sun,7,8,2022-10-30,24-009,HOU,,TEN,L 10-17,QB,MillDa02
1496,Kyler Murray,Sun,8,8,2022-10-30,25-084,ARI,@,MIN,L 26-34,QB,MurrKy00
1497,Kenny Pickett,Sun,8,8,2022-10-30,24-146,PIT,@,PHI,L 13-35,QB,PickKe00
1498,Dak Prescott,Sun,8,8,2022-10-30,29-093,DAL,,CHI,W 49-29,QB,PresDa01
1499,Aaron Rodgers,Sun,8,8,2022-10-30,38-332,GNB,@,BUF,L 17-27,QB,RodgAa00
1500,Geno Smith,Sun,8,8,2022-10-30,32-020,SEA,,NYG,W 27-13,QB,SmitGe00
1501,Matthew Stafford,Sun,7,8,2022-10-30,34-265,LAR,,SFO,L 14-31,QB,StafMa00
1502,Tua Tagovailoa,Sun,8,8,2022-10-30,24-242,MIA,@,DET,W 31-27,QB,TagoTu00
1503,P.J. Walker,Sun,8,8,2022-10-30,27-246,CAR,@,ATL,L 34-37 (OT),QB,WalkPh00
1504,Malik Willis,Sun,7,8,2022-10-30,23-158,TEN,@,HOU,W 17-10,QB,WillMa12
1505,Russell Wilson,Sun,8,8,2022-10-30,33-335,DEN,@,JAX,W 21-17,QB,WilsRu00
1506,Zach Wilson,Sun,8,8,2022-10-30,23-088,NYJ,,NWE,L 17-22,QB,WilsZa00
1507,Tom Brady,Thu,8,8,2022-10-27,45-085,TAM,,BAL,L 22-27,QB,BradTo00
1508,Lamar Jackson,Thu,8,8,2022-10-27,25-293,BAL,@,TAM,W 27-22,QB,JackLa00
1509,Justin Fields,Mon,7,7,2022-10-24,23-233,CHI,@,NWE,W 33-14,QB,FielJu00
1510,Mac Jones,Mon,7,7,2022-10-24,24-049,NWE,,CHI,L 14-33,QB,JoneMa05
1511,Tom Brady,Sun,7,7,2022-10-23,45-081,TAM,@,CAR,L 3-21,QB,BradTo00
1512,Jacoby Brissett,Sun,7,7,2022-10-23,29-316,CLE,@,BAL,L 20-23,QB,BrisJa00
1513,Joe Burrow,Sun,7,7,2022-10-23,25-317,CIN,,ATL,W 35-17,QB,BurrJo01
1514,Derek Carr,Sun,6,7,2022-10-23,31-209,LVR,,HOU,W 38-20,QB,CarrDe02
1515,Feleipe Franks,Sun,7,7,2022-10-23,24-305,ATL,@,CIN,L 17-35,QB,FranFe00
1516,Jimmy Garoppolo,Sun,7,7,2022-10-23,30-355,SFO,,KAN,L 23-44,QB,GaroJi00
1517,Jared Goff,Sun,6,7,2022-10-23,28-009,DET,@,DAL,L 6-24,QB,GoffJa00
1518,Taylor Heinicke,Sun,7,7,2022-10-23,29-222,WAS,,GNB,W 23-21,QB,HeinTa00
1519,Justin Herbert,Sun,7,7,2022-10-23,24-227,LAC,,SEA,L 23-37,QB,HerbJu00
1520,Lamar Jackson,Sun,7,7,2022-10-23,25-289,BAL,,CLE,W 23-20,QB,JackLa00
1521,Daniel Jones,Sun,7,7,2022-10-23,25-149,NYG,@,JAX,W 23-17,QB,JoneDa05
1522,Trevor Lawrence,Sun,7,7,2022-10-23,23-017,JAX,,NYG,L 17-23,QB,LawrTr00
1523,Patrick Mahomes,Sun,7,7,2022-10-23,27-036,KAN,@,SFO,W 44-23,QB,MahoPa00
1524,Marcus Mariota,Sun,7,7,2022-10-23,28-358,ATL,@,CIN,L 17-35,QB,MariMa01
1525,Davis Mills,Sun,6,7,2022-10-23,24-002,HOU,@,LVR,L 20-38,QB,MillDa02
1526,Kenny Pickett,Sun,7,7,2022-10-23,24-139,PIT,@,MIA,L 10-16,QB,PickKe00
1527,Dak Prescott,Sun,7,7,2022-10-23,29-086,DAL,,DET,W 24-6,QB,PresDa01
1528,Aaron Rodgers,Sun,7,7,2022-10-23,38-325,GNB,@,WAS,L 21-23,QB,RodgAa00
1529,Matt Ryan,Sun,7,7,2022-10-23,37-159,IND,@,TEN,L 10-19,QB,RyanMa00
1530,Brett Rypien,Sun,7,7,2022-10-23,26-106,DEN,,NYJ,L 9-16,QB,RypiBr00
1531,Geno Smith,Sun,7,7,2022-10-23,32-013,SEA,@,LAC,W 37-23,QB,SmitGe00
1532,Tua Tagovailoa,Sun,7,7,2022-10-23,24-235,MIA,,PIT,W 16-10,QB,TagoTu00
1533,Ryan Tannehill,Sun,6,7,2022-10-23,34-088,TEN,,IND,W 19-10,QB,TannRy00
1534,P.J. Walker,Sun,7,7,2022-10-23,27-239,CAR,,TAM,W 21-3,QB,WalkPh00
1535,Zach Wilson,Sun,7,7,2022-10-23,23-081,NYJ,@,DEN,W 16-9,QB,WilsZa00
1536,Andy Dalton,Thu,7,7,2022-10-20,34-356,NOR,@,ARI,L 34-42,QB,DaltAn00
1537,Taysom Hill,Thu,7,7,2022-10-20,32-058,NOR,@,ARI,L 34-42,TE/QB,HillTa00
1538,Kyler Murray,Thu,7,7,2022-10-20,25-074,ARI,,NOR,W 42-34,QB,MurrKy00
1539,Justin Herbert,Mon,6,6,2022-10-17,24-221,LAC,,DEN,W 19-16 (OT),QB,HerbJu00
1540,Russell Wilson,Mon,6,6,2022-10-17,33-322,DEN,@,LAC,L 16-19 (OT),QB,WilsRu00
1541,Josh Allen,Sun,6,6,2022-10-16,26-148,BUF,@,KAN,W 24-20,QB,AlleJo02
1542,Tom Brady,Sun,6,6,2022-10-16,45-074,TAM,@,PIT,L 18-20,QB,BradTo00
1543,Jacoby Brissett,Sun,6,6,2022-10-16,29-309,CLE,,NWE,L 15-38,QB,BrisJa00
1544,Joe Burrow,Sun,6,6,2022-10-16,25-310,CIN,@,NOR,W 30-26,QB,BurrJo01
1545,Kirk Cousins,Sun,6,6,2022-10-16,34-058,MIN,@,MIA,W 24-16,QB,CousKi00
1546,Andy Dalton,Sun,6,6,2022-10-16,34-352,NOR,,CIN,L 26-30,QB,DaltAn00
1547,Jimmy Garoppolo,Sun,6,6,2022-10-16,30-348,SFO,@,ATL,L 14-28,QB,GaroJi00
1548,Jalen Hurts,Sun,6,6,2022-10-16,24-070,PHI,,DAL,W 26-17,QB,HurtJa00
1549,Lamar Jackson,Sun,6,6,2022-10-16,25-282,BAL,@,NYG,L 20-24,QB,JackLa00
1550,Daniel Jones,Sun,6,6,2022-10-16,25-142,NYG,,BAL,W 24-20,QB,JoneDa05
1551,Trevor Lawrence,Sun,6,6,2022-10-16,23-010,JAX,@,IND,L 27-34,QB,LawrTr00
1552,Patrick Mahomes,Sun,6,6,2022-10-16,27-029,KAN,,BUF,L 20-24,QB,MahoPa00
1553,Marcus Mariota,Sun,6,6,2022-10-16,28-351,ATL,,SFO,W 28-14,QB,MariMa01
1554,Kyler Murray,Sun,6,6,2022-10-16,25-070,ARI,@,SEA,L 9-19,QB,MurrKy00
1555,Kenny Pickett,Sun,6,6,2022-10-16,24-132,PIT,,TAM,W 20-18,QB,PickKe00
1556,Aaron Rodgers,Sun,6,6,2022-10-16,38-318,GNB,,NYJ,L 10-27,QB,RodgAa00
1557,Cooper Rush,Sun,6,6,2022-10-16,28-329,DAL,@,PHI,L 17-26,QB,RushCo00
1558,Matt Ryan,Sun,6,6,2022-10-16,37-152,IND,,JAX,W 34-27,QB,RyanMa00
1559,Geno Smith,Sun,6,6,2022-10-16,32-006,SEA,,ARI,W 19-9,QB,SmitGe00
1560,Matthew Stafford,Sun,6,6,2022-10-16,34-251,LAR,,CAR,W 24-10,QB,StafMa00
1561,Skylar Thompson,Sun,6,6,2022-10-16,25-134,MIA,,MIN,L 16-24,QB,ThomSk00
1562,P.J. Walker,Sun,6,6,2022-10-16,27-232,CAR,@,LAR,L 10-24,QB,WalkPh00
1563,Zach Wilson,Sun,6,6,2022-10-16,23-074,NYJ,@,GNB,W 27-10,QB,WilsZa00
1564,Bailey Zappe,Sun,6,6,2022-10-16,23-173,NWE,@,CLE,W 38-15,QB,ZappBa00
1565,Justin Fields,Thu,6,6,2022-10-13,23-222,CHI,,WAS,L 7-12,QB,FielJu00
1566,Carson Wentz,Thu,6,6,2022-10-13,29-287,WAS,@,CHI,W 12-7,QB,WentCa00
1567,Derek Carr,Mon,5,5,2022-10-10,31-196,LVR,@,KAN,L 29-30,QB,CarrDe02
1568,Patrick Mahomes,Mon,5,5,2022-10-10,27-023,KAN,,LVR,W 30-29,QB,MahoPa00
1569,Josh Allen,Sun,5,5,2022-10-09,26-141,BUF,,PIT,W 38-3,QB,AlleJo02
1570,Tom Brady,Sun,5,5,2022-10-09,45-067,TAM,,ATL,W 21-15,QB,BradTo00
1571,Teddy Bridgewater,Sun,5,5,2022-10-09,29-333,MIA,@,NYJ,L 17-40,QB,BridTe00
1572,Jacoby Brissett,Sun,5,5,2022-10-09,29-302,CLE,,LAC,L 28-30,QB,BrisJa00
1573,Joe Burrow,Sun,5,5,2022-10-09,25-303,CIN,@,BAL,L 17-19,QB,BurrJo01
1574,Kirk Cousins,Sun,5,5,2022-10-09,34-051,MIN,,CHI,W 29-22,QB,CousKi00
1575,Andy Dalton,Sun,5,5,2022-10-09,34-345,NOR,,SEA,W 39-32,QB,DaltAn00
1576,Justin Fields,Sun,5,5,2022-10-09,23-218,CHI,@,MIN,L 22-29,QB,FielJu00
1577,Jimmy Garoppolo,Sun,5,5,2022-10-09,30-341,SFO,@,CAR,W 37-15,QB,GaroJi00
1578,Jared Goff,Sun,5,5,2022-10-09,27-360,DET,@,NWE,L 0-29,QB,GoffJa00
1579,Justin Herbert,Sun,5,5,2022-10-09,24-213,LAC,@,CLE,W 30-28,QB,HerbJu00
1580,Jalen Hurts,Sun,5,5,2022-10-09,24-063,PHI,@,ARI,W 20-17,QB,HurtJa00
1581,Lamar Jackson,Sun,5,5,2022-10-09,25-275,BAL,,CIN,W 19-17,QB,JackLa00
1582,Daniel Jones,Sun,5,5,2022-10-09,25-135,NYG,@,GNB,W 27-22,QB,JoneDa05
1583,Trevor Lawrence,Sun,5,5,2022-10-09,23-003,JAX,,HOU,L 6-13,QB,LawrTr00
1584,Marcus Mariota,Sun,5,5,2022-10-09,28-344,ATL,@,TAM,L 15-21,QB,MariMa01
1585,Baker Mayfield,Sun,5,5,2022-10-09,27-178,CAR,,SFO,L 15-37,QB,MayfBa00
1586,Davis Mills,Sun,5,5,2022-10-09,23-353,HOU,@,JAX,W 13-6,QB,MillDa02
1587,Kyler Murray,Sun,5,5,2022-10-09,25-063,ARI,,PHI,L 17-20,QB,MurrKy00
1588,Kenny Pickett,Sun,5,5,2022-10-09,24-125,PIT,@,BUF,L 3-38,QB,PickKe00
1589,Aaron Rodgers,Sun,5,5,2022-10-09,38-311,GNB,,NYG,L 22-27,QB,RodgAa00
1590,Cooper Rush,Sun,5,5,2022-10-09,28-322,DAL,@,LAR,W 22-10,QB,RushCo00
1591,Geno Smith,Sun,5,5,2022-10-09,31-364,SEA,@,NOR,L 32-39,QB,SmitGe00
1592,Matthew Stafford,Sun,5,5,2022-10-09,34-244,LAR,,DAL,L 10-22,QB,StafMa00
1593,Ryan Tannehill,Sun,5,5,2022-10-09,34-074,TEN,@,WAS,W 21-17,QB,TannRy00
1594,Carson Wentz,Sun,5,5,2022-10-09,29-283,WAS,,TEN,L 17-21,QB,WentCa00
1595,Zach Wilson,Sun,5,5,2022-10-09,23-067,NYJ,,MIA,W 40-17,QB,WilsZa00
1596,Bailey Zappe,Sun,5,5,2022-10-09,23-166,NWE,,DET,W 29-0,QB,ZappBa00
1597,Matt Ryan,Thu,5,5,2022-10-06,37-142,IND,@,DEN,W 12-9 (OT),QB,RyanMa00
1598,Russell Wilson,Thu,5,5,2022-10-06,33-311,DEN,,IND,L 9-12 (OT),QB,WilsRu00
1599,Jimmy Garoppolo,Mon,4,4,2022-10-03,30-335,SFO,,LAR,W 24-9,QB,GaroJi00
1600,Matthew Stafford,Mon,4,4,2022-10-03,34-238,LAR,@,SFO,L 9-24,QB,StafMa00
1601,Josh Allen,Sun,4,4,2022-10-02,26-134,BUF,@,BAL,W 23-20,QB,AlleJo02
1602,Tom Brady,Sun,4,4,2022-10-02,45-060,TAM,,KAN,L 31-41,QB,BradTo00
1603,Jacoby Brissett,Sun,4,4,2022-10-02,29-295,CLE,@,ATL,L 20-23,QB,BrisJa00
1604,Derek Carr,Sun,4,4,2022-10-02,31-188,LVR,,DEN,W 32-23,QB,CarrDe02
1605,Kirk Cousins,Sun,4,4,2022-10-02,34-044,MIN,@,NOR,W 28-25,QB,CousKi00
1606,Andy Dalton,Sun,4,4,2022-10-02,34-338,NOR,,MIN,L 25-28,QB,DaltAn00
1607,Justin Fields,Sun,4,4,2022-10-02,23-211,CHI,@,NYG,L 12-20,QB,FielJu00
1608,Jared Goff,Sun,4,4,2022-10-02,27-353,DET,,SEA,L 45-48,QB,GoffJa00
1609,Justin Herbert,Sun,4,4,2022-10-02,24-206,LAC,@,HOU,W 34-24,QB,HerbJu00
1610,Brian Hoyer,Sun,4,4,2022-10-02,36-354,NWE,@,GNB,L 24-27 (OT),QB,HoyeBr00
1611,Jalen Hurts,Sun,4,4,2022-10-02,24-056,PHI,,JAX,W 29-21,QB,HurtJa00
1612,Lamar Jackson,Sun,4,4,2022-10-02,25-268,BAL,,BUF,L 20-23,QB,JackLa00
1613,Daniel Jones,Sun,4,4,2022-10-02,25-128,NYG,,CHI,W 20-12,QB,JoneDa05
1614,Trevor Lawrence,Sun,4,4,2022-10-02,22-361,JAX,@,PHI,L 21-29,QB,LawrTr00
1615,Patrick Mahomes,Sun,4,4,2022-10-02,27-015,KAN,@,TAM,W 41-31,QB,MahoPa00
1616,Marcus Mariota,Sun,4,4,2022-10-02,28-337,ATL,,CLE,W 23-20,QB,MariMa01
1617,Baker Mayfield,Sun,4,4,2022-10-02,27-171,CAR,,ARI,L 16-26,QB,MayfBa00
1618,Davis Mills,Sun,4,4,2022-10-02,23-346,HOU,,LAC,L 24-34,QB,MillDa02
1619,Kyler Murray,Sun,4,4,2022-10-02,25-056,ARI,@,CAR,W 26-16,QB,MurrKy00
1620,Aaron Rodgers,Sun,4,4,2022-10-02,38-304,GNB,,NWE,W 27-24 (OT),QB,RodgAa00
1621,Cooper Rush,Sun,4,4,2022-10-02,28-315,DAL,,WAS,W 25-10,QB,RushCo00
1622,Matt Ryan,Sun,4,4,2022-10-02,37-138,IND,,TEN,L 17-24,QB,RyanMa00
1623,Geno Smith,Sun,4,4,2022-10-02,31-357,SEA,@,DET,W 48-45,QB,SmitGe00
1624,Ryan Tannehill,Sun,4,4,2022-10-02,34-067,TEN,@,IND,W 24-17,QB,TannRy00
1625,Mitchell Trubisky,Sun,4,4,2022-10-02,28-043,PIT,,NYJ,L 20-24,QB,TrubMi00
1626,Carson Wentz,Sun,4,4,2022-10-02,29-276,WAS,@,DAL,L 10-25,QB,WentCa00
1627,Russell Wilson,Sun,4,4,2022-10-02,33-307,DEN,@,LVR,L 23-32,QB,WilsRu00
1628,Zach Wilson,Sun,4,4,2022-10-02,23-060,NYJ,@,PIT,W 24-20,QB,WilsZa00
1629,Joe Burrow,Thu,4,4,2022-09-29,25-293,CIN,,MIA,W 27-15,QB,BurrJo01
1630,Tua Tagovailoa,Thu,4,4,2022-09-29,24-211,MIA,@,CIN,L 15-27,QB,TagoTu00
1631,Daniel Jones,Mon,3,3,2022-09-26,25-122,NYG,,DAL,L 16-23,QB,JoneDa05
1632,Cooper Rush,Mon,3,3,2022-09-26,28-309,DAL,@,NYG,W 23-16,QB,RushCo00
1633,Josh Allen,Sun,3,3,2022-09-25,26-127,BUF,@,MIA,L 19-21,QB,AlleJo02
1634,Tom Brady,Sun,3,3,2022-09-25,45-053,TAM,,GNB,L 12-14,QB,BradTo00
1635,Joe Burrow,Sun,3,3,2022-09-25,25-289,CIN,@,NYJ,W 27-12,QB,BurrJo01
1636,Derek Carr,Sun,3,3,2022-09-25,31-181,LVR,@,TEN,L 22-24,QB,CarrDe02
1637,Kirk Cousins,Sun,3,3,2022-09-25,34-037,MIN,,DET,W 28-24,QB,CousKi00
1638,Justin Fields,Sun,3,3,2022-09-25,23-204,CHI,,HOU,W 23-20,QB,FielJu00
1639,Joe Flacco,Sun,3,3,2022-09-25,37-252,NYJ,,CIN,L 12-27,QB,FlacJo00
1640,Jimmy Garoppolo,Sun,3,3,2022-09-25,30-327,SFO,@,DEN,L 10-11,QB,GaroJi00
1641,Jared Goff,Sun,3,3,2022-09-25,27-346,DET,@,MIN,L 24-28,QB,GoffJa00
1642,Justin Herbert,Sun,3,3,2022-09-25,24-199,LAC,,JAX,L 10-38,QB,HerbJu00
1643,Jalen Hurts,Sun,3,3,2022-09-25,24-049,PHI,@,WAS,W 24-8,QB,HurtJa00
1644,Lamar Jackson,Sun,3,3,2022-09-25,25-261,BAL,@,NWE,W 37-26,QB,JackLa00
1645,Mac Jones,Sun,3,3,2022-09-25,24-020,NWE,,BAL,L 26-37,QB,JoneMa05
1646,Trevor Lawrence,Sun,3,3,2022-09-25,22-354,JAX,@,LAC,W 38-10,QB,LawrTr00
1647,Patrick Mahomes,Sun,3,3,2022-09-25,27-008,KAN,@,IND,L 17-20,QB,MahoPa00
1648,Marcus Mariota,Sun,3,3,2022-09-25,28-330,ATL,@,SEA,W 27-23,QB,MariMa01
1649,Baker Mayfield,Sun,3,3,2022-09-25,27-164,CAR,,NOR,W 22-14,QB,MayfBa00
1650,Davis Mills,Sun,3,3,2022-09-25,23-339,HOU,@,CHI,L 20-23,QB,MillDa02
1651,Kyler Murray,Sun,3,3,2022-09-25,25-049,ARI,,LAR,L 12-20,QB,MurrKy00
1652,Aaron Rodgers,Sun,3,3,2022-09-25,38-297,GNB,@,TAM,W 14-12,QB,RodgAa00
1653,Matt Ryan,Sun,3,3,2022-09-25,37-131,IND,,KAN,W 20-17,QB,RyanMa00
1654,Geno Smith,Sun,3,3,2022-09-25,31-350,SEA,,ATL,L 23-27,QB,SmitGe00
1655,Matthew Stafford,Sun,3,3,2022-09-25,34-230,LAR,@,ARI,W 20-12,QB,StafMa00
1656,Tua Tagovailoa,Sun,3,3,2022-09-25,24-207,MIA,,BUF,W 21-19,QB,TagoTu00
1657,Ryan Tannehill,Sun,3,3,2022-09-25,34-060,TEN,,LVR,W 24-22,QB,TannRy00
1658,Carson Wentz,Sun,3,3,2022-09-25,29-269,WAS,,PHI,L 8-24,QB,WentCa00
1659,Russell Wilson,Sun,3,3,2022-09-25,33-300,DEN,,SFO,W 11-10,QB,WilsRu00
1660,Jameis Winston,Sun,3,3,2022-09-25,28-262,NOR,@,CAR,L 14-22,QB,WinsJa00
1661,Jacoby Brissett,Thu,3,3,2022-09-22,29-285,CLE,,PIT,W 29-17,QB,BrisJa00
1662,Mitchell Trubisky,Thu,3,3,2022-09-22,28-033,PIT,@,CLE,L 17-29,QB,TrubMi00
1663,Josh Allen,Mon,2,2,2022-09-19,26-121,BUF,,TEN,W 41-7,QB,AlleJo02
1664,Kirk Cousins,Mon,2,2,2022-09-19,34-031,MIN,@,PHI,L 7-24,QB,CousKi00
1665,Jalen Hurts,Mon,2,2,2022-09-19,24-043,PHI,,MIN,W 24-7,QB,HurtJa00
1666,Ryan Tannehill,Mon,2,2,2022-09-19,34-054,TEN,@,BUF,L 7-41,QB,TannRy00
1667,Tom Brady,Sun,2,2,2022-09-18,45-046,TAM,@,NOR,W 20-10,QB,BradTo00
1668,Jacoby Brissett,Sun,2,2,2022-09-18,29-281,CLE,,NYJ,L 30-31,QB,BrisJa00
1669,Joe Burrow,Sun,2,2,2022-09-18,25-282,CIN,@,DAL,L 17-20,QB,BurrJo01
1670,Derek Carr,Sun,2,2,2022-09-18,31-174,LVR,,ARI,L 23-29 (OT),QB,CarrDe02
1671,Justin Fields,Sun,2,2,2022-09-18,23-197,CHI,@,GNB,L 10-27,QB,FielJu00
1672,Joe Flacco,Sun,2,2,2022-09-18,37-245,NYJ,@,CLE,W 31-30,QB,FlacJo00
1673,Jared Goff,Sun,2,2,2022-09-18,27-339,DET,,WAS,W 36-27,QB,GoffJa00
1674,Lamar Jackson,Sun,2,2,2022-09-18,25-254,BAL,,MIA,L 38-42,QB,JackLa00
1675,Daniel Jones,Sun,2,2,2022-09-18,25-114,NYG,,CAR,W 19-16,QB,JoneDa05
1676,Mac Jones,Sun,2,2,2022-09-18,24-013,NWE,@,PIT,W 17-14,QB,JoneMa05
1677,Trey Lance,Sun,2,2,2022-09-18,22-132,SFO,,SEA,W 27-7,QB,LancTr00
1678,Trevor Lawrence,Sun,2,2,2022-09-18,22-347,JAX,,IND,W 24-0,QB,LawrTr00
1679,Marcus Mariota,Sun,2,2,2022-09-18,28-323,ATL,@,LAR,L 27-31,QB,MariMa01
1680,Baker Mayfield,Sun,2,2,2022-09-18,27-157,CAR,@,NYG,L 16-19,QB,MayfBa00
1681,Davis Mills,Sun,2,2,2022-09-18,23-332,HOU,@,DEN,L 9-16,QB,MillDa02
1682,Kyler Murray,Sun,2,2,2022-09-18,25-042,ARI,@,LVR,W 29-23 (OT),QB,MurrKy00
1683,Aaron Rodgers,Sun,2,2,2022-09-18,38-290,GNB,,CHI,W 27-10,QB,RodgAa00
1684,Cooper Rush,Sun,2,2,2022-09-18,28-301,DAL,,CIN,W 20-17,QB,RushCo00
1685,Matt Ryan,Sun,2,2,2022-09-18,37-124,IND,@,JAX,L 0-24,QB,RyanMa00
1686,Geno Smith,Sun,2,2,2022-09-18,31-343,SEA,@,SFO,L 7-27,QB,SmitGe00
1687,Matthew Stafford,Sun,2,2,2022-09-18,34-223,LAR,,ATL,W 31-27,QB,StafMa00
1688,Tua Tagovailoa,Sun,2,2,2022-09-18,24-200,MIA,@,BAL,W 42-38,QB,TagoTu00
1689,Mitchell Trubisky,Sun,2,2,2022-09-18,28-029,PIT,,NWE,L 14-17,QB,TrubMi00
1690,Carson Wentz,Sun,2,2,2022-09-18,29-262,WAS,@,DET,L 27-36,QB,WentCa00
1691,Russell Wilson,Sun,2,2,2022-09-18,33-293,DEN,,HOU,W 16-9,QB,WilsRu00
1692,Jameis Winston,Sun,2,2,2022-09-18,28-255,NOR,,TAM,L 10-20,QB,WinsJa00
1693,Justin Herbert,Thu,2,2,2022-09-15,24-189,LAC,@,KAN,L 24-27,QB,HerbJu00
1694,Patrick Mahomes,Thu,2,2,2022-09-15,26-363,KAN,,LAC,W 27-24,QB,MahoPa00
1695,Geno Smith,Mon,1,1,2022-09-12,31-337,SEA,,DEN,W 17-16,QB,SmitGe00
1696,Russell Wilson,Mon,1,1,2022-09-12,33-287,DEN,@,SEA,L 16-17,QB,WilsRu00
1697,Tom Brady,Sun,1,1,2022-09-11,45-039,TAM,@,DAL,W 19-3,QB,BradTo00
1698,Jacoby Brissett,Sun,1,1,2022-09-11,29-274,CLE,@,CAR,W 26-24,QB,BrisJa00
1699,Joe Burrow,Sun,1,1,2022-09-11,25-275,CIN,,PIT,L 20-23 (OT),QB,BurrJo01
1700,Derek Carr,Sun,1,1,2022-09-11,31-167,LVR,@,LAC,L 19-24,QB,CarrDe02
1701,Kirk Cousins,Sun,1,1,2022-09-11,34-023,MIN,,GNB,W 23-7,QB,CousKi00
1702,Justin Fields,Sun,1,1,2022-09-11,23-190,CHI,,SFO,W 19-10,QB,FielJu00
1703,Joe Flacco,Sun,1,1,2022-09-11,37-238,NYJ,,BAL,L 9-24,QB,FlacJo00
1704,Jared Goff,Sun,1,1,2022-09-11,27-332,DET,,PHI,L 35-38,QB,GoffJa00
1705,Justin Herbert,Sun,1,1,2022-09-11,24-185,LAC,,LVR,W 24-19,QB,HerbJu00
1706,Taysom Hill,Sun,1,1,2022-09-11,32-019,NOR,@,ATL,W 27-26,TE/QB,HillTa00
1707,Jalen Hurts,Sun,1,1,2022-09-11,24-035,PHI,@,DET,W 38-35,QB,HurtJa00
1708,Lamar Jackson,Sun,1,1,2022-09-11,25-247,BAL,@,NYJ,W 24-9,QB,JackLa00
1709,Daniel Jones,Sun,1,1,2022-09-11,25-107,NYG,@,TEN,W 21-20,QB,JoneDa05
1710,Mac Jones,Sun,1,1,2022-09-11,24-006,NWE,@,MIA,L 7-20,QB,JoneMa05
1711,Trey Lance,Sun,1,1,2022-09-11,22-125,SFO,@,CHI,L 10-19,QB,LancTr00
1712,Trevor Lawrence,Sun,1,1,2022-09-11,22-340,JAX,@,WAS,L 22-28,QB,LawrTr00
1713,Patrick Mahomes,Sun,1,1,2022-09-11,26-359,KAN,@,ARI,W 44-21,QB,MahoPa00
1714,Marcus Mariota,Sun,1,1,2022-09-11,28-316,ATL,,NOR,L 26-27,QB,MariMa01
1715,Baker Mayfield,Sun,1,1,2022-09-11,27-150,CAR,,CLE,L 24-26,QB,MayfBa00
1716,Davis Mills,Sun,1,1,2022-09-11,23-325,HOU,,IND,T 20-20 (OT),QB,MillDa02
1717,Kyler Murray,Sun,1,1,2022-09-11,25-035,ARI,,KAN,L 21-44,QB,MurrKy00
1718,Dak Prescott,Sun,1,1,2022-09-11,29-044,DAL,,TAM,L 3-19,QB,PresDa01
1719,Aaron Rodgers,Sun,1,1,2022-09-11,38-283,GNB,@,MIN,L 7-23,QB,RodgAa00
1720,Matt Ryan,Sun,1,1,2022-09-11,37-117,IND,@,HOU,T 20-20 (OT),QB,RyanMa00
1721,Tua Tagovailoa,Sun,1,1,2022-09-11,24-193,MIA,,NWE,W 20-7,QB,TagoTu00
1722,Ryan Tannehill,Sun,1,1,2022-09-11,34-046,TEN,,NYG,L 20-21,QB,TannRy00
1723,Mitchell Trubisky,Sun,1,1,2022-09-11,28-022,PIT,@,CIN,W 23-20 (OT),QB,TrubMi00
1724,Carson Wentz,Sun,1,1,2022-09-11,29-255,WAS,,JAX,W 28-22,QB,WentCa00
1725,Jameis Winston,Sun,1,1,2022-09-11,28-248,NOR,@,ATL,W 27-26,QB,WinsJa00
1726,Josh Allen,Thu,1,1,2022-09-08,26-110,BUF,@,LAR,W 31-10,QB,AlleJo02
1727,Matthew Stafford,Thu,1,1,2022-09-08,34-213,LAR,,BUF,L 10-31,QB,StafMa00
1728,Joe Burrow,Sun,4,22,2022-02-13,25-065,CIN,N,LAR,L 20-23,QB,BurrJo01
1729,Matthew Stafford,Sun,4,22,2022-02-13,34-006,LAR,N,CIN,W 23-20,QB,StafMa00
1730,Joe Burrow,Sun,3,21,2022-01-30,25-051,CIN,@,KAN,W 27-24 (OT),QB,BurrJo01
1731,Jimmy Garoppolo,Sun,3,21,2022-01-30,30-089,SFO,@,LAR,L 17-20,QB,GaroJi00
1732,Patrick Mahomes,Sun,3,21,2022-01-30,26-135,KAN,,CIN,L 24-27 (OT),QB,MahoPa00
1733,Matthew Stafford,Sun,3,21,2022-01-30,33-357,LAR,,SFO,W 20-17,QB,StafMa00
1734,Josh Allen,Sun,2,20,2022-01-23,25-247,BUF,@,KAN,L 36-42 (OT),QB,AlleJo02
1735,Tom Brady,Sun,2,20,2022-01-23,44-173,TAM,,LAR,L 27-30,QB,BradTo00
1736,Patrick Mahomes,Sun,2,20,2022-01-23,26-128,KAN,,BUF,W 42-36 (OT),QB,MahoPa00
1737,Matthew Stafford,Sun,2,20,2022-01-23,33-350,LAR,@,TAM,W 30-27,QB,StafMa00
1738,Joe Burrow,Sat,2,20,2022-01-22,25-043,CIN,@,TEN,W 19-16,QB,BurrJo01
1739,Jimmy Garoppolo,Sat,2,20,2022-01-22,30-081,SFO,@,GNB,W 13-10,QB,GaroJi00
1740,Aaron Rodgers,Sat,1,20,2022-01-22,38-051,GNB,,SFO,L 10-13,QB,RodgAa00
1741,Ryan Tannehill,Sat,1,20,2022-01-22,33-179,TEN,,CIN,L 16-19,QB,TannRy00
1742,Kyler Murray,Mon,1,19,2022-01-17,24-163,ARI,@,LAR,L 11-34,QB,MurrKy00
1743,Matthew Stafford,Mon,1,19,2022-01-17,33-344,LAR,,ARI,W 34-11,QB,StafMa00
1744,Tom Brady,Sun,1,19,2022-01-16,44-166,TAM,,PHI,W 31-15,QB,BradTo00
1745,Jimmy Garoppolo,Sun,1,19,2022-01-16,30-075,SFO,@,DAL,W 23-17,QB,GaroJi00
1746,Jalen Hurts,Sun,1,19,2022-01-16,23-162,PHI,@,TAM,L 15-31,QB,HurtJa00
1747,Patrick Mahomes,Sun,1,19,2022-01-16,26-121,KAN,,PIT,W 42-21,QB,MahoPa00
1748,Dak Prescott,Sun,1,19,2022-01-16,28-171,DAL,,SFO,L 17-23,QB,PresDa01
1749,Ben Roethlisberger,Sun,1,19,2022-01-16,39-320,PIT,@,KAN,L 21-42,QB,RoetBe00
1750,Josh Allen,Sat,1,19,2022-01-15,25-239,BUF,,NWE,W 47-17,QB,AlleJo02
1751,Joe Burrow,Sat,1,19,2022-01-15,25-036,CIN,,LVR,W 26-19,QB,BurrJo01
1752,Derek Carr,Sat,1,19,2022-01-15,30-293,LVR,@,CIN,L 19-26,QB,CarrDe02
1753,Mac Jones,Sat,1,19,2022-01-15,23-132,NWE,@,BUF,L 17-47,QB,JoneMa05
1754,Brandon Allen,Sun,17,18,2022-01-09,29-126,CIN,@,CLE,L 16-21,QB,AlleBr00
1755,Josh Allen,Sun,17,18,2022-01-09,25-233,BUF,,NYJ,W 27-10,QB,AlleJo02
1756,Tom Brady,Sun,17,18,2022-01-09,44-159,TAM,,CAR,W 41-17,QB,BradTo00
1757,Derek Carr,Sun,17,18,2022-01-09,30-287,LVR,,LAC,W 35-32 (OT),QB,CarrDe02
1758,Kirk Cousins,Sun,17,18,2022-01-09,33-143,MIN,,CHI,W 31-17,QB,CousKi00
1759,Andy Dalton,Sun,17,18,2022-01-09,34-072,CHI,@,MIN,L 17-31,QB,DaltAn00
1760,Sam Darnold,Sun,17,18,2022-01-09,24-218,CAR,@,TAM,L 17-41,QB,DarnSa00
1761,Jake Fromm,Sun,17,18,2022-01-09,23-163,NYG,,WAS,L 7-22,QB,FromJa00
1762,Jimmy Garoppolo,Sun,17,18,2022-01-09,30-068,SFO,@,LAR,W 27-24 (OT),QB,GaroJi00
1763,Jared Goff,Sun,17,18,2022-01-09,27-087,DET,,GNB,W 37-30,QB,GoffJa00
1764,Taylor Heinicke,Sun,17,18,2022-01-09,28-300,WAS,@,NYG,W 22-7,QB,HeinTa00
1765,Justin Herbert,Sun,17,18,2022-01-09,23-305,LAC,@,LVR,L 32-35 (OT),QB,HerbJu00
1766,Taysom Hill,Sun,17,18,2022-01-09,31-139,NOR,@,ATL,W 30-20,QB/WR,HillTa00
1767,Tyler Huntley,Sun,17,18,2022-01-09,23-340,BAL,,PIT,L 13-16 (OT),QB,HuntTy01
1768,Mac Jones,Sun,17,18,2022-01-09,23-126,NWE,@,MIA,L 24-33,QB,JoneMa05
1769,Case Keenum,Sun,17,18,2022-01-09,33-326,CLE,,CIN,W 21-16,QB,KeenCa00
1770,Trevor Lawrence,Sun,17,18,2022-01-09,22-095,JAX,,IND,W 26-11,QB,LawrTr00
1771,Davis Mills,Sun,17,18,2022-01-09,23-080,HOU,,TEN,L 25-28,QB,MillDa02
1772,Kyler Murray,Sun,17,18,2022-01-09,24-155,ARI,,SEA,L 30-38,QB,MurrKy00
1773,Aaron Rodgers,Sun,17,18,2022-01-09,38-038,GNB,@,DET,L 30-37,QB,RodgAa00
1774,Ben Roethlisberger,Sun,17,18,2022-01-09,39-313,PIT,@,BAL,W 16-13 (OT),QB,RoetBe00
1775,Matt Ryan,Sun,17,18,2022-01-09,36-237,ATL,,NOR,L 20-30,QB,RyanMa00
1776,Matthew Stafford,Sun,17,18,2022-01-09,33-336,LAR,,SFO,L 24-27 (OT),QB,StafMa00
1777,Tua Tagovailoa,Sun,17,18,2022-01-09,23-313,MIA,,NWE,W 33-24,QB,TagoTu00
1778,Ryan Tannehill,Sun,17,18,2022-01-09,33-166,TEN,@,HOU,W 28-25,QB,TannRy00
1779,Carson Wentz,Sun,17,18,2022-01-09,29-010,IND,@,JAX,L 11-26,QB,WentCa00
1780,Russell Wilson,Sun,17,18,2022-01-09,33-041,SEA,@,ARI,W 38-30,QB,WilsRu00
1781,Zach Wilson,Sun,17,18,2022-01-09,22-159,NYJ,@,BUF,L 10-27,QB,WilsZa00
1782,Drew Lock,Sat,17,18,2022-01-08,25-059,DEN,,KAN,L 24-28,QB,LockDr00
1783,Patrick Mahomes,Sat,17,18,2022-01-08,26-113,KAN,@,DEN,W 28-24,QB,MahoPa00
1784,Gardner Minshew II,Sat,17,18,2022-01-08,25-237,PHI,,DAL,L 26-51,QB,MinsGa00
1785,Dak Prescott,Sat,17,18,2022-01-08,28-163,DAL,@,PHI,W 51-26,QB,PresDa01
1786,Baker Mayfield,Mon,16,17,2022-01-03,26-264,CLE,@,PIT,L 14-26,QB,MayfBa00
1787,Ben Roethlisberger,Mon,16,17,2022-01-03,39-307,PIT,,CLE,W 26-14,QB,RoetBe00
1788,Josh Allen,Sun,16,17,2022-01-02,25-226,BUF,,ATL,W 29-15,QB,AlleJo02
1789,Tim Boyle,Sun,16,17,2022-01-02,27-091,DET,@,SEA,L 29-51,QB,BoylTi00
1790,Tom Brady,Sun,16,17,2022-01-02,44-152,TAM,@,NYJ,W 28-24,QB,BradTo00
1791,Joe Burrow,Sun,16,17,2022-01-02,25-023,CIN,,KAN,W 34-31,QB,BurrJo01
1792,Derek Carr,Sun,16,17,2022-01-02,30-280,LVR,@,IND,W 23-20,QB,CarrDe02
1793,Andy Dalton,Sun,16,17,2022-01-02,34-065,CHI,,NYG,W 29-3,QB,DaltAn00
1794,Sam Darnold,Sun,16,17,2022-01-02,24-211,CAR,@,NOR,L 10-18,QB,DarnSa00
1795,Mike Glennon,Sun,16,17,2022-01-02,32-021,NYG,@,CHI,L 3-29,QB,GlenMi00
1796,Taylor Heinicke,Sun,16,17,2022-01-02,28-293,WAS,,PHI,L 16-20,QB,HeinTa00
1797,Justin Herbert,Sun,16,17,2022-01-02,23-298,LAC,,DEN,W 34-13,QB,HerbJu00
1798,Taysom Hill,Sun,16,17,2022-01-02,31-132,NOR,,CAR,W 18-10,QB/WR,HillTa00
1799,Tyler Huntley,Sun,16,17,2022-01-02,23-333,BAL,,LAR,L 19-20,QB,HuntTy01
1800,Jalen Hurts,Sun,16,17,2022-01-02,23-148,PHI,@,WAS,W 20-16,QB,HurtJa00
1801,Mac Jones,Sun,16,17,2022-01-02,23-119,NWE,,JAX,W 50-10,QB,JoneMa05
1802,Trey Lance,Sun,16,17,2022-01-02,21-238,SFO,,HOU,W 23-7,QB,LancTr00
1803,Trevor Lawrence,Sun,16,17,2022-01-02,22-088,JAX,@,NWE,L 10-50,QB,LawrTr00
1804,Drew Lock,Sun,16,17,2022-01-02,25-053,DEN,@,LAC,L 13-34,QB,LockDr00
1805,Patrick Mahomes,Sun,16,17,2022-01-02,26-107,KAN,@,CIN,L 31-34,QB,MahoPa00
1806,Sean Mannion,Sun,16,17,2022-01-02,29-252,MIN,@,GNB,L 10-37,QB,MannSe00
1807,Davis Mills,Sun,16,17,2022-01-02,23-073,HOU,@,SFO,L 7-23,QB,MillDa02
1808,Kyler Murray,Sun,16,17,2022-01-02,24-148,ARI,@,DAL,W 25-22,QB,MurrKy00
1809,Dak Prescott,Sun,16,17,2022-01-02,28-157,DAL,,ARI,L 22-25,QB,PresDa01
1810,Aaron Rodgers,Sun,16,17,2022-01-02,38-031,GNB,,MIN,W 37-10,QB,RodgAa00
1811,Matt Ryan,Sun,16,17,2022-01-02,36-230,ATL,@,BUF,L 15-29,QB,RyanMa00
1812,Matthew Stafford,Sun,16,17,2022-01-02,33-329,LAR,@,BAL,W 20-19,QB,StafMa00
1813,Tua Tagovailoa,Sun,16,17,2022-01-02,23-306,MIA,@,TEN,L 3-34,QB,TagoTu00
1814,Ryan Tannehill,Sun,16,17,2022-01-02,33-159,TEN,,MIA,W 34-3,QB,TannRy00
1815,Carson Wentz,Sun,16,17,2022-01-02,29-003,IND,,LVR,L 20-23,QB,WentCa00
1816,Russell Wilson,Sun,16,17,2022-01-02,33-034,SEA,,DET,W 51-29,QB,WilsRu00
1817,Zach Wilson,Sun,16,17,2022-01-02,22-152,NYJ,,TAM,L 24-28,QB,WilsZa00
1818,Ian Book,Mon,15,16,2021-12-27,23-272,NOR,,MIA,L 3-20,QB,BookIa00
1819,Tua Tagovailoa,Mon,15,16,2021-12-27,23-300,MIA,@,NOR,W 20-3,QB,TagoTu00
1820,Josh Allen,Sun,15,16,2021-12-26,25-219,BUF,@,NWE,W 33-21,QB,AlleJo02
1821,Tim Boyle,Sun,15,16,2021-12-26,27-084,DET,@,ATL,L 16-20,QB,BoylTi00
1822,Tom Brady,Sun,15,16,2021-12-26,44-145,TAM,@,CAR,W 32-6,QB,BradTo00
1823,Joe Burrow,Sun,15,16,2021-12-26,25-016,CIN,,BAL,W 41-21,QB,BurrJo01
1824,Derek Carr,Sun,15,16,2021-12-26,30-273,LVR,,DEN,W 17-13,QB,CarrDe02
1825,Kirk Cousins,Sun,15,16,2021-12-26,33-129,MIN,,LAR,L 23-30,QB,CousKi00
1826,Nick Foles,Sun,15,16,2021-12-26,32-340,CHI,@,SEA,W 25-24,QB,FoleNi00
1827,Jake Fromm,Sun,15,16,2021-12-26,23-149,NYG,@,PHI,L 10-34,QB,FromJa00
1828,Taylor Heinicke,Sun,15,16,2021-12-26,28-286,WAS,@,DAL,L 14-56,QB,HeinTa00
1829,Justin Herbert,Sun,15,16,2021-12-26,23-291,LAC,@,HOU,L 29-41,QB,HerbJu00
1830,Jalen Hurts,Sun,15,16,2021-12-26,23-141,PHI,,NYG,W 34-10,QB,HurtJa00
1831,Josh Johnson,Sun,15,16,2021-12-26,35-225,BAL,@,CIN,L 21-41,QB,JohnJo05
1832,Mac Jones,Sun,15,16,2021-12-26,23-112,NWE,,BUF,L 21-33,QB,JoneMa05
1833,Trevor Lawrence,Sun,15,16,2021-12-26,22-081,JAX,@,NYJ,L 21-26,QB,LawrTr00
1834,Drew Lock,Sun,15,16,2021-12-26,25-046,DEN,@,LVR,L 13-17,QB,LockDr00
1835,Patrick Mahomes,Sun,15,16,2021-12-26,26-100,KAN,,PIT,W 36-10,QB,MahoPa00
1836,Davis Mills,Sun,15,16,2021-12-26,23-066,HOU,,LAC,W 41-29,QB,MillDa02
1837,Cam Newton,Sun,15,16,2021-12-26,32-229,CAR,,TAM,L 6-32,QB,NewtCa00
1838,Dak Prescott,Sun,15,16,2021-12-26,28-150,DAL,,WAS,W 56-14,QB,PresDa01
1839,Ben Roethlisberger,Sun,15,16,2021-12-26,39-299,PIT,@,KAN,L 10-36,QB,RoetBe00
1840,Matt Ryan,Sun,15,16,2021-12-26,36-223,ATL,,DET,W 20-16,QB,RyanMa00
1841,Matthew Stafford,Sun,15,16,2021-12-26,33-322,LAR,@,MIN,W 30-23,QB,StafMa00
1842,Russell Wilson,Sun,15,16,2021-12-26,33-027,SEA,,CHI,L 24-25,QB,WilsRu00
1843,Zach Wilson,Sun,15,16,2021-12-26,22-145,NYJ,,JAX,W 26-21,QB,WilsZa00
1844,Baker Mayfield,Sat,15,16,2021-12-25,26-255,CLE,@,GNB,L 22-24,QB,MayfBa00
1845,Kyler Murray,Sat,15,16,2021-12-25,24-140,ARI,,IND,L 16-22,QB,MurrKy00
1846,Aaron Rodgers,Sat,15,16,2021-12-25,38-023,GNB,,CLE,W 24-22,QB,RodgAa00
1847,Carson Wentz,Sat,15,16,2021-12-25,28-360,IND,@,ARI,W 22-16,QB,WentCa00
1848,Jimmy Garoppolo,Thu,15,16,2021-12-23,30-051,SFO,@,TEN,L 17-20,QB,GaroJi00
1849,Ryan Tannehill,Thu,15,16,2021-12-23,33-149,TEN,,SFO,W 20-17,QB,TannRy00
1850,Garrett Gilbert,Tue,14,15,2021-12-21,30-354,WAS,@,PHI,L 17-27,QB,GilbGa01
1851,Jalen Hurts,Tue,14,15,2021-12-21,23-136,PHI,,WAS,W 27-17,QB,HurtJa00
1852,Matthew Stafford,Tue,14,15,2021-12-21,33-317,LAR,,SEA,W 20-10,QB,StafMa00
1853,Russell Wilson,Tue,14,15,2021-12-21,33-022,SEA,@,LAR,L 10-20,QB,WilsRu00
1854,Derek Carr,Mon,14,15,2021-12-20,30-267,LVR,@,CLE,W 16-14,QB,CarrDe02
1855,Kirk Cousins,Mon,14,15,2021-12-20,33-123,MIN,@,CHI,W 17-9,QB,CousKi00
1856,Justin Fields,Mon,14,15,2021-12-20,22-290,CHI,,MIN,L 9-17,QB,FielJu00
1857,Nick Mullens,Mon,14,15,2021-12-20,26-274,CLE,,LVR,L 14-16,QB,MullNi00
1858,Josh Allen,Sun,14,15,2021-12-19,25-212,BUF,,CAR,W 31-14,QB,AlleJo02
1859,Tom Brady,Sun,14,15,2021-12-19,44-138,TAM,,NOR,L 0-9,QB,BradTo00
1860,Teddy Bridgewater,Sun,14,15,2021-12-19,29-039,DEN,,CIN,L 10-15,QB,BridTe00
1861,Joe Burrow,Sun,14,15,2021-12-19,25-009,CIN,@,DEN,W 15-10,QB,BurrJo01
1862,Jimmy Garoppolo,Sun,14,15,2021-12-19,30-047,SFO,,ATL,W 31-13,QB,GaroJi00
1863,Mike Glennon,Sun,14,15,2021-12-19,32-007,NYG,,DAL,L 6-21,QB,GlenMi00
1864,Jared Goff,Sun,14,15,2021-12-19,27-066,DET,,ARI,W 30-12,QB,GoffJa00
1865,Taysom Hill,Sun,14,15,2021-12-19,31-118,NOR,@,TAM,W 9-0,QB/WR,HillTa00
1866,Tyler Huntley,Sun,14,15,2021-12-19,23-319,BAL,,GNB,L 30-31,QB,HuntTy01
1867,Trevor Lawrence,Sun,14,15,2021-12-19,22-074,JAX,,HOU,L 16-30,QB,LawrTr00
1868,Davis Mills,Sun,14,15,2021-12-19,23-059,HOU,@,JAX,W 30-16,QB,MillDa02
1869,Kyler Murray,Sun,14,15,2021-12-19,24-134,ARI,@,DET,L 12-30,QB,MurrKy00
1870,Cam Newton,Sun,14,15,2021-12-19,32-222,CAR,@,BUF,L 14-31,QB,NewtCa00
1871,Dak Prescott,Sun,14,15,2021-12-19,28-143,DAL,@,NYG,W 21-6,QB,PresDa01
1872,Aaron Rodgers,Sun,14,15,2021-12-19,38-017,GNB,@,BAL,W 31-30,QB,RodgAa00
1873,Ben Roethlisberger,Sun,14,15,2021-12-19,39-292,PIT,,TEN,W 19-13,QB,RoetBe00
1874,Matt Ryan,Sun,14,15,2021-12-19,36-216,ATL,@,SFO,L 13-31,QB,RyanMa00
1875,Tua Tagovailoa,Sun,14,15,2021-12-19,23-292,MIA,,NYJ,W 31-24,QB,TagoTu00
1876,Ryan Tannehill,Sun,14,15,2021-12-19,33-145,TEN,@,PIT,L 13-19,QB,TannRy00
1877,Zach Wilson,Sun,14,15,2021-12-19,22-138,NYJ,@,MIA,L 24-31,QB,WilsZa00
1878,Mac Jones,Sat,14,15,2021-12-18,23-104,NWE,@,IND,L 17-27,QB,JoneMa05
1879,Carson Wentz,Sat,14,15,2021-12-18,28-353,IND,,NWE,W 27-17,QB,WentCa00
1880,Justin Herbert,Thu,14,15,2021-12-16,23-281,LAC,,KAN,L 28-34 (OT),QB,HerbJu00
1881,Patrick Mahomes,Thu,14,15,2021-12-16,26-090,KAN,@,LAC,W 34-28 (OT),QB,MahoPa00
1882,Kyler Murray,Mon,13,14,2021-12-13,24-128,ARI,,LAR,L 23-30,QB,MurrKy00
1883,Matthew Stafford,Mon,13,14,2021-12-13,33-309,LAR,@,ARI,W 30-23,QB,StafMa00
1884,Josh Allen,Sun,13,14,2021-12-12,25-205,BUF,@,TAM,L 27-33 (OT),QB,AlleJo02
1885,Tom Brady,Sun,13,14,2021-12-12,44-131,TAM,,BUF,W 33-27 (OT),QB,BradTo00
1886,Teddy Bridgewater,Sun,13,14,2021-12-12,29-032,DEN,,DET,W 38-10,QB,BridTe00
1887,Joe Burrow,Sun,13,14,2021-12-12,25-002,CIN,,SFO,L 23-26 (OT),QB,BurrJo01
1888,Derek Carr,Sun,13,14,2021-12-12,30-259,LVR,@,KAN,L 9-48,QB,CarrDe02
1889,Justin Fields,Sun,13,14,2021-12-12,22-282,CHI,@,GNB,L 30-45,QB,FielJu00
1890,Jimmy Garoppolo,Sun,13,14,2021-12-12,30-040,SFO,@,CIN,W 26-23 (OT),QB,GaroJi00
1891,Mike Glennon,Sun,13,14,2021-12-12,32-000,NYG,@,LAC,L 21-37,QB,GlenMi00
1892,Jared Goff,Sun,13,14,2021-12-12,27-059,DET,@,DEN,L 10-38,QB,GoffJa00
1893,Taylor Heinicke,Sun,13,14,2021-12-12,28-272,WAS,,DAL,L 20-27,QB,HeinTa00
1894,Justin Herbert,Sun,13,14,2021-12-12,23-277,LAC,,NYG,W 37-21,QB,HerbJu00
1895,Taysom Hill,Sun,13,14,2021-12-12,31-111,NOR,@,NYJ,W 30-9,QB/WR,HillTa00
1896,Lamar Jackson,Sun,13,14,2021-12-12,24-339,BAL,@,CLE,L 22-24,QB,JackLa00
1897,Trevor Lawrence,Sun,13,14,2021-12-12,22-067,JAX,@,TEN,L 0-20,QB,LawrTr00
1898,Patrick Mahomes,Sun,13,14,2021-12-12,26-086,KAN,,LVR,W 48-9,QB,MahoPa00
1899,Baker Mayfield,Sun,13,14,2021-12-12,26-242,CLE,,BAL,W 24-22,QB,MayfBa00
1900,Davis Mills,Sun,13,14,2021-12-12,23-052,HOU,,SEA,L 13-33,QB,MillDa02
1901,Cam Newton,Sun,13,14,2021-12-12,32-215,CAR,,ATL,L 21-29,QB,NewtCa00
1902,Dak Prescott,Sun,13,14,2021-12-12,28-136,DAL,@,WAS,W 27-20,QB,PresDa01
1903,Aaron Rodgers,Sun,13,14,2021-12-12,38-010,GNB,,CHI,W 45-30,QB,RodgAa00
1904,Matt Ryan,Sun,13,14,2021-12-12,36-209,ATL,@,CAR,W 29-21,QB,RyanMa00
1905,Ryan Tannehill,Sun,13,14,2021-12-12,33-138,TEN,,JAX,W 20-0,QB,TannRy00
1906,Russell Wilson,Sun,13,14,2021-12-12,33-013,SEA,@,HOU,W 33-13,QB,WilsRu00
1907,Zach Wilson,Sun,13,14,2021-12-12,22-131,NYJ,,NOR,L 9-30,QB,WilsZa00
1908,Kirk Cousins,Thu,13,14,2021-12-09,33-112,MIN,,PIT,W 36-28,QB,CousKi00
1909,Ben Roethlisberger,Thu,13,14,2021-12-09,39-282,PIT,@,MIN,L 28-36,QB,RoetBe00
1910,Josh Allen,Mon,12,13,2021-12-06,25-199,BUF,,NWE,L 10-14,QB,AlleJo02
1911,Mac Jones,Mon,13,13,2021-12-06,23-092,NWE,@,BUF,W 14-10,QB,JoneMa05
1912,Tom Brady,Sun,12,13,2021-12-05,44-124,TAM,@,ATL,W 30-17,QB,BradTo00
1913,Teddy Bridgewater,Sun,12,13,2021-12-05,29-025,DEN,@,KAN,L 9-22,QB,BridTe00
1914,Joe Burrow,Sun,12,13,2021-12-05,24-360,CIN,,LAC,L 22-41,QB,BurrJo01
1915,Derek Carr,Sun,12,13,2021-12-05,30-252,LVR,,WAS,L 15-17,QB,CarrDe02
1916,Kirk Cousins,Sun,12,13,2021-12-05,33-108,MIN,@,DET,L 27-29,QB,CousKi00
1917,Andy Dalton,Sun,12,13,2021-12-05,34-037,CHI,,ARI,L 22-33,QB,DaltAn00
1918,Jimmy Garoppolo,Sun,12,13,2021-12-05,30-033,SFO,@,SEA,L 23-30,QB,GaroJi00
1919,Mike Glennon,Sun,12,13,2021-12-05,31-358,NYG,@,MIA,L 9-20,QB,GlenMi00
1920,Jared Goff,Sun,12,13,2021-12-05,27-052,DET,,MIN,W 29-27,QB,GoffJa00
1921,Taylor Heinicke,Sun,12,13,2021-12-05,28-265,WAS,@,LVR,W 17-15,QB,HeinTa00
1922,Justin Herbert,Sun,12,13,2021-12-05,23-270,LAC,@,CIN,W 41-22,QB,HerbJu00
1923,Lamar Jackson,Sun,12,13,2021-12-05,24-332,BAL,@,PIT,L 19-20,QB,JackLa00
1924,Trevor Lawrence,Sun,12,13,2021-12-05,22-060,JAX,@,LAR,L 7-37,QB,LawrTr00
1925,Patrick Mahomes,Sun,12,13,2021-12-05,26-079,KAN,,DEN,W 22-9,QB,MahoPa00
1926,Gardner Minshew II,Sun,13,13,2021-12-05,25-203,PHI,@,NYJ,W 33-18,QB,MinsGa00
1927,Kyler Murray,Sun,12,13,2021-12-05,24-120,ARI,@,CHI,W 33-22,QB,MurrKy00
1928,Ben Roethlisberger,Sun,12,13,2021-12-05,39-278,PIT,,BAL,W 20-19,QB,RoetBe00
1929,Matt Ryan,Sun,12,13,2021-12-05,36-202,ATL,,TAM,L 17-30,QB,RyanMa00
1930,Matthew Stafford,Sun,12,13,2021-12-05,33-301,LAR,,JAX,W 37-7,QB,StafMa00
1931,Tua Tagovailoa,Sun,13,13,2021-12-05,23-278,MIA,,NYG,W 20-9,QB,TagoTu00
1932,Tyrod Taylor,Sun,12,13,2021-12-05,32-124,HOU,,IND,L 0-31,QB,TaylTy00
1933,Carson Wentz,Sun,13,13,2021-12-05,28-340,IND,@,HOU,W 31-0,QB,WentCa00
1934,Russell Wilson,Sun,12,13,2021-12-05,33-006,SEA,,SFO,W 30-23,QB,WilsRu00
1935,Zach Wilson,Sun,12,13,2021-12-05,22-124,NYJ,,PHI,L 18-33,QB,WilsZa00
1936,Taysom Hill,Thu,12,13,2021-12-02,31-101,NOR,,DAL,L 17-27,QB/WR,HillTa00
1937,Dak Prescott,Thu,12,13,2021-12-02,28-126,DAL,@,NOR,W 27-17,QB,PresDa01
1938,Taylor Heinicke,Mon,11,12,2021-11-29,28-259,WAS,,SEA,W 17-15,QB,HeinTa00
1939,Russell Wilson,Mon,11,12,2021-11-29,33-000,SEA,@,WAS,L 15-17,QB,WilsRu00
1940,Tom Brady,Sun,11,12,2021-11-28,44-117,TAM,@,IND,W 38-31,QB,BradTo00
1941,Teddy Bridgewater,Sun,11,12,2021-11-28,29-018,DEN,,LAC,W 28-13,QB,BridTe00
1942,Joe Burrow,Sun,11,12,2021-11-28,24-353,CIN,,PIT,W 41-10,QB,BurrJo01
1943,Kirk Cousins,Sun,11,12,2021-11-28,33-101,MIN,@,SFO,L 26-34,QB,CousKi00
1944,Jimmy Garoppolo,Sun,11,12,2021-11-28,30-026,SFO,,MIN,W 34-26,QB,GaroJi00
1945,Justin Herbert,Sun,11,12,2021-11-28,23-263,LAC,@,DEN,L 13-28,QB,HerbJu00
1946,Jalen Hurts,Sun,12,12,2021-11-28,23-113,PHI,@,NYG,L 7-13,QB,HurtJa00
1947,Lamar Jackson,Sun,11,12,2021-11-28,24-325,BAL,,CLE,W 16-10,QB,JackLa00
1948,Daniel Jones,Sun,11,12,2021-11-28,24-185,NYG,,PHI,W 13-7,QB,JoneDa05
1949,Mac Jones,Sun,12,12,2021-11-28,23-084,NWE,,TEN,W 36-13,QB,JoneMa05
1950,Trevor Lawrence,Sun,11,12,2021-11-28,22-053,JAX,,ATL,L 14-21,QB,LawrTr00
1951,Baker Mayfield,Sun,12,12,2021-11-28,26-228,CLE,@,BAL,L 10-16,QB,MayfBa00
1952,Cam Newton,Sun,12,12,2021-11-28,32-201,CAR,@,MIA,L 10-33,QB,NewtCa00
1953,Aaron Rodgers,Sun,12,12,2021-11-28,37-361,GNB,,LAR,W 36-28,QB,RodgAa00
1954,Ben Roethlisberger,Sun,11,12,2021-11-28,39-271,PIT,@,CIN,L 10-41,QB,RoetBe00
1955,Matt Ryan,Sun,11,12,2021-11-28,36-195,ATL,@,JAX,W 21-14,QB,RyanMa00
1956,Matthew Stafford,Sun,11,12,2021-11-28,33-294,LAR,@,GNB,L 28-36,QB,StafMa00
1957,Tua Tagovailoa,Sun,12,12,2021-11-28,23-271,MIA,,CAR,W 33-10,QB,TagoTu00
1958,Ryan Tannehill,Sun,12,12,2021-11-28,33-124,TEN,@,NWE,L 13-36,QB,TannRy00
1959,Tyrod Taylor,Sun,11,12,2021-11-28,32-117,HOU,,NYJ,L 14-21,QB,TaylTy00
1960,Carson Wentz,Sun,12,12,2021-11-28,28-333,IND,,TAM,L 31-38,QB,WentCa00
1961,Zach Wilson,Sun,11,12,2021-11-28,22-117,NYJ,@,HOU,W 21-14,QB,WilsZa00
1962,Josh Allen,Thu,11,12,2021-11-25,25-188,BUF,@,NOR,W 31-6,QB,AlleJo02
1963,Derek Carr,Thu,11,12,2021-11-25,30-242,LVR,@,DAL,W 36-33 (OT),QB,CarrDe02
1964,Andy Dalton,Thu,11,12,2021-11-25,34-027,CHI,@,DET,W 16-14,QB,DaltAn00
1965,Jared Goff,Thu,11,12,2021-11-25,27-042,DET,,CHI,L 14-16,QB,GoffJa00
1966,Dak Prescott,Thu,11,12,2021-11-25,28-119,DAL,,LVR,L 33-36 (OT),QB,PresDa01
1967,Trevor Siemian,Thu,11,12,2021-11-25,29-334,NOR,,BUF,L 6-31,QB,SiemTr00
1968,Tom Brady,Mon,10,11,2021-11-22,44-111,TAM,,NYG,W 30-10,QB,BradTo00
1969,Daniel Jones,Mon,10,11,2021-11-22,24-179,NYG,@,TAM,L 10-30,QB,JoneDa05
1970,Josh Allen,Sun,10,11,2021-11-21,25-184,BUF,,IND,L 15-41,QB,AlleJo02
1971,Tim Boyle,Sun,10,11,2021-11-21,27-049,DET,@,CLE,L 10-13,QB,BoylTi00
1972,Joe Burrow,Sun,10,11,2021-11-21,24-346,CIN,@,LVR,W 32-13,QB,BurrJo01
1973,Derek Carr,Sun,10,11,2021-11-21,30-238,LVR,,CIN,L 13-32,QB,CarrDe02
1974,Kirk Cousins,Sun,10,11,2021-11-21,33-094,MIN,,GNB,W 34-31,QB,CousKi00
1975,Justin Fields,Sun,10,11,2021-11-21,22-261,CHI,,BAL,L 13-16,QB,FielJu00
1976,Joe Flacco,Sun,10,11,2021-11-21,36-309,NYJ,,MIA,L 17-24,QB,FlacJo00
1977,Jimmy Garoppolo,Sun,10,11,2021-11-21,30-019,SFO,@,JAX,W 30-10,QB,GaroJi00
1978,Taylor Heinicke,Sun,10,11,2021-11-21,28-251,WAS,@,CAR,W 27-21,QB,HeinTa00
1979,Justin Herbert,Sun,10,11,2021-11-21,23-256,LAC,,PIT,W 41-37,QB,HerbJu00
1980,Tyler Huntley,Sun,10,11,2021-11-21,23-291,BAL,@,CHI,W 16-13,QB,HuntTy01
1981,Jalen Hurts,Sun,11,11,2021-11-21,23-106,PHI,,NOR,W 40-29,QB,HurtJa00
1982,Trevor Lawrence,Sun,10,11,2021-11-21,22-046,JAX,,SFO,L 10-30,QB,LawrTr00
1983,Patrick Mahomes,Sun,11,11,2021-11-21,26-065,KAN,,DAL,W 19-9,QB,MahoPa00
1984,Baker Mayfield,Sun,11,11,2021-11-21,26-221,CLE,,DET,W 13-10,QB,MayfBa00
1985,Colt McCoy,Sun,11,11,2021-11-21,35-077,ARI,@,SEA,W 23-13,QB,McCoCo00
1986,Cam Newton,Sun,11,11,2021-11-21,32-194,CAR,,WAS,L 21-27,QB,NewtCa00
1987,Dak Prescott,Sun,10,11,2021-11-21,28-115,DAL,@,KAN,L 9-19,QB,PresDa01
1988,Aaron Rodgers,Sun,11,11,2021-11-21,37-354,GNB,@,MIN,L 31-34,QB,RodgAa00
1989,Ben Roethlisberger,Sun,10,11,2021-11-21,39-264,PIT,@,LAC,L 37-41,QB,RoetBe00
1990,Trevor Siemian,Sun,10,11,2021-11-21,29-330,NOR,@,PHI,L 29-40,QB,SiemTr00
1991,Tua Tagovailoa,Sun,11,11,2021-11-21,23-264,MIA,@,NYJ,W 24-17,QB,TagoTu00
1992,Ryan Tannehill,Sun,11,11,2021-11-21,33-117,TEN,,HOU,L 13-22,QB,TannRy00
1993,Tyrod Taylor,Sun,10,11,2021-11-21,32-110,HOU,@,TEN,W 22-13,QB,TaylTy00
1994,Carson Wentz,Sun,11,11,2021-11-21,28-326,IND,@,BUF,W 41-15,QB,WentCa00
1995,Russell Wilson,Sun,10,11,2021-11-21,32-357,SEA,,ARI,L 13-23,QB,WilsRu00
1996,Mac Jones,Thu,11,11,2021-11-18,23-074,NWE,@,ATL,W 25-0,QB,JoneMa05
1997,Matt Ryan,Thu,10,11,2021-11-18,36-185,ATL,,NWE,L 0-25,QB,RyanMa00
1998,Jimmy Garoppolo,Mon,9,10,2021-11-15,30-013,SFO,,LAR,W 31-10,QB,GaroJi00
1999,Matthew Stafford,Mon,10,10,2021-11-15,33-281,LAR,@,SFO,L 10-31,QB,StafMa00
2000,Josh Allen,Sun,9,10,2021-11-14,25-177,BUF,@,NYJ,W 45-17,QB,AlleJo02
2001,Tom Brady,Sun,9,10,2021-11-14,44-103,TAM,@,WAS,L 19-29,QB,BradTo00
2002,Teddy Bridgewater,Sun,10,10,2021-11-14,29-004,DEN,,PHI,L 13-30,QB,BridTe00
2003,Derek Carr,Sun,9,10,2021-11-14,30-231,LVR,,KAN,L 14-41,QB,CarrDe02
2004,Kirk Cousins,Sun,9,10,2021-11-14,33-087,MIN,@,LAC,W 27-20,QB,CousKi00
2005,Jared Goff,Sun,9,10,2021-11-14,27-031,DET,@,PIT,T 16-16 (OT),QB,GoffJa00
2006,Taylor Heinicke,Sun,9,10,2021-11-14,28-244,WAS,,TAM,W 29-19,QB,HeinTa00
2007,Justin Herbert,Sun,9,10,2021-11-14,23-249,LAC,,MIN,L 20-27,QB,HerbJu00
2008,Jalen Hurts,Sun,10,10,2021-11-14,23-099,PHI,@,DEN,W 30-13,QB,HurtJa00
2009,Mac Jones,Sun,10,10,2021-11-14,23-070,NWE,,CLE,W 45-7,QB,JoneMa05
2010,Trevor Lawrence,Sun,9,10,2021-11-14,22-039,JAX,@,IND,L 17-23,QB,LawrTr00
2011,Patrick Mahomes,Sun,10,10,2021-11-14,26-058,KAN,@,LVR,W 41-14,QB,MahoPa00
2012,Baker Mayfield,Sun,10,10,2021-11-14,26-214,CLE,@,NWE,L 7-45,QB,MayfBa00
2013,Colt McCoy,Sun,10,10,2021-11-14,35-070,ARI,,CAR,L 10-34,QB,McCoCo00
2014,Dak Prescott,Sun,9,10,2021-11-14,28-108,DAL,,ATL,W 43-3,QB,PresDa01
2015,Aaron Rodgers,Sun,10,10,2021-11-14,37-347,GNB,,SEA,W 17-0,QB,RodgAa00
2016,Mason Rudolph,Sun,9,10,2021-11-14,26-120,PIT,,DET,T 16-16 (OT),QB,RudoMa00
2017,Matt Ryan,Sun,9,10,2021-11-14,36-181,ATL,@,DAL,L 3-43,QB,RyanMa00
2018,Trevor Siemian,Sun,9,10,2021-11-14,29-323,NOR,@,TEN,L 21-23,QB,SiemTr00
2019,Ryan Tannehill,Sun,10,10,2021-11-14,33-110,TEN,,NOR,W 23-21,QB,TannRy00
2020,P.J. Walker,Sun,10,10,2021-11-14,26-261,CAR,@,ARI,W 34-10,QB,WalkPh00
2021,Carson Wentz,Sun,10,10,2021-11-14,28-319,IND,,JAX,W 23-17,QB,WentCa00
2022,Mike White,Sun,9,10,2021-11-14,26-234,NYJ,,BUF,L 17-45,QB,WhitMi01
2023,Russell Wilson,Sun,9,10,2021-11-14,32-350,SEA,@,GNB,L 0-17,QB,WilsRu00
2024,Jacoby Brissett,Thu,10,10,2021-11-11,28-335,MIA,,BAL,W 22-10,QB,BrisJa00
2025,Lamar Jackson,Thu,9,10,2021-11-11,24-308,BAL,@,MIA,L 10-22,QB,JackLa00
2026,Justin Fields,Mon,9,9,2021-11-08,22-248,CHI,@,PIT,L 27-29,QB,FielJu00
2027,Ben Roethlisberger,Mon,8,9,2021-11-08,39-251,PIT,,CHI,W 29-27,QB,RoetBe00
2028,Josh Allen,Sun,8,9,2021-11-07,25-170,BUF,@,JAX,L 6-9,QB,AlleJo02
2029,Teddy Bridgewater,Sun,9,9,2021-11-07,28-362,DEN,@,DAL,W 30-16,QB,BridTe00
2030,Jacoby Brissett,Sun,9,9,2021-11-07,28-331,MIA,,HOU,W 17-9,QB,BrisJa00
2031,Joe Burrow,Sun,9,9,2021-11-07,24-332,CIN,,CLE,L 16-41,QB,BurrJo01
2032,Derek Carr,Sun,8,9,2021-11-07,30-224,LVR,@,NYG,L 16-23,QB,CarrDe02
2033,Kirk Cousins,Sun,8,9,2021-11-07,33-080,MIN,@,BAL,L 31-34 (OT),QB,CousKi00
2034,Sam Darnold,Sun,9,9,2021-11-07,24-155,CAR,,NWE,L 6-24,QB,DarnSa00
2035,Jimmy Garoppolo,Sun,8,9,2021-11-07,30-005,SFO,,ARI,L 17-31,QB,GaroJi00
2036,Justin Herbert,Sun,8,9,2021-11-07,23-242,LAC,@,PHI,W 27-24,QB,HerbJu00
2037,Jalen Hurts,Sun,9,9,2021-11-07,23-092,PHI,,LAC,L 24-27,QB,HurtJa00
2038,Lamar Jackson,Sun,8,9,2021-11-07,24-304,BAL,,MIN,W 34-31 (OT),QB,JackLa00
2039,Daniel Jones,Sun,9,9,2021-11-07,24-164,NYG,,LVR,W 23-16,QB,JoneDa05
2040,Mac Jones,Sun,9,9,2021-11-07,23-063,NWE,@,CAR,W 24-6,QB,JoneMa05
2041,Trevor Lawrence,Sun,8,9,2021-11-07,22-032,JAX,,BUF,W 9-6,QB,LawrTr00
2042,Jordan Love,Sun,9,9,2021-11-07,23-005,GNB,@,KAN,L 7-13,QB,LoveJo03
2043,Patrick Mahomes,Sun,9,9,2021-11-07,26-051,KAN,,GNB,W 13-7,QB,MahoPa00
2044,Baker Mayfield,Sun,9,9,2021-11-07,26-207,CLE,@,CIN,W 41-16,QB,MayfBa00
2045,Colt McCoy,Sun,9,9,2021-11-07,35-063,ARI,@,SFO,W 31-17,QB,McCoCo00
2046,Dak Prescott,Sun,8,9,2021-11-07,28-101,DAL,,DEN,L 16-30,QB,PresDa01
2047,Matt Ryan,Sun,8,9,2021-11-07,36-174,ATL,@,NOR,W 27-25,QB,RyanMa00
2048,Trevor Siemian,Sun,8,9,2021-11-07,29-316,NOR,,ATL,L 25-27,QB,SiemTr00
2049,Matthew Stafford,Sun,9,9,2021-11-07,33-273,LAR,,TEN,L 16-28,QB,StafMa00
2050,Ryan Tannehill,Sun,9,9,2021-11-07,33-103,TEN,@,LAR,W 28-16,QB,TannRy00
2051,Tyrod Taylor,Sun,9,9,2021-11-07,32-096,HOU,@,MIA,L 9-17,QB,TaylTy00
2052,Carson Wentz,Thu,9,9,2021-11-04,28-309,IND,,NYJ,W 45-30,QB,WentCa00
2053,Mike White,Thu,8,9,2021-11-04,26-224,NYJ,@,IND,L 30-45,QB,WhitMi01
2054,Daniel Jones,Mon,8,8,2021-11-01,24-158,NYG,@,KAN,L 17-20,QB,JoneDa05
2055,Patrick Mahomes,Mon,8,8,2021-11-01,26-045,KAN,,NYG,W 20-17,QB,MahoPa00
2056,Josh Allen,Sun,7,8,2021-10-31,25-163,BUF,,MIA,W 26-11,QB,AlleJo02
2057,Tom Brady,Sun,8,8,2021-10-31,44-089,TAM,@,NOR,L 27-36,QB,BradTo00
2058,Teddy Bridgewater,Sun,8,8,2021-10-31,28-355,DEN,,WAS,W 17-10,QB,BridTe00
2059,Joe Burrow,Sun,8,8,2021-10-31,24-325,CIN,@,NYJ,L 31-34,QB,BurrJo01
2060,Kirk Cousins,Sun,7,8,2021-10-31,33-073,MIN,,DAL,L 16-20,QB,CousKi00
2061,Sam Darnold,Sun,8,8,2021-10-31,24-148,CAR,@,ATL,W 19-13,QB,DarnSa00
2062,Justin Fields,Sun,8,8,2021-10-31,22-240,CHI,,SFO,L 22-33,QB,FielJu00
2063,Jimmy Garoppolo,Sun,7,8,2021-10-31,29-363,SFO,@,CHI,W 33-22,QB,GaroJi00
2064,Jared Goff,Sun,8,8,2021-10-31,27-017,DET,,PHI,L 6-44,QB,GoffJa00
2065,Taylor Heinicke,Sun,8,8,2021-10-31,28-230,WAS,@,DEN,L 10-17,QB,HeinTa00
2066,Justin Herbert,Sun,7,8,2021-10-31,23-235,LAC,,NWE,L 24-27,QB,HerbJu00
2067,Jalen Hurts,Sun,8,8,2021-10-31,23-085,PHI,@,DET,W 44-6,QB,HurtJa00
2068,Mac Jones,Sun,8,8,2021-10-31,23-056,NWE,@,LAC,W 27-24,QB,JoneMa05
2069,Trevor Lawrence,Sun,7,8,2021-10-31,22-025,JAX,@,SEA,L 7-31,QB,LawrTr00
2070,Baker Mayfield,Sun,8,8,2021-10-31,26-200,CLE,,PIT,L 10-15,QB,MayfBa00
2071,Davis Mills,Sun,8,8,2021-10-31,23-010,HOU,,LAR,L 22-38,QB,MillDa02
2072,Ben Roethlisberger,Sun,7,8,2021-10-31,39-243,PIT,@,CLE,W 15-10,QB,RoetBe00
2073,Cooper Rush,Sun,7,8,2021-10-31,27-344,DAL,@,MIN,W 20-16,QB,RushCo00
2074,Matt Ryan,Sun,7,8,2021-10-31,36-167,ATL,,CAR,L 13-19,QB,RyanMa00
2075,Geno Smith,Sun,8,8,2021-10-31,31-021,SEA,,JAX,W 31-7,QB,SmitGe00
2076,Matthew Stafford,Sun,8,8,2021-10-31,33-266,LAR,@,HOU,W 38-22,QB,StafMa00
2077,Tua Tagovailoa,Sun,8,8,2021-10-31,23-243,MIA,@,BUF,L 11-26,QB,TagoTu00
2078,Ryan Tannehill,Sun,8,8,2021-10-31,33-096,TEN,@,IND,W 34-31 (OT),QB,TannRy00
2079,Carson Wentz,Sun,8,8,2021-10-31,28-305,IND,,TEN,L 31-34 (OT),QB,WentCa00
2080,Mike White,Sun,7,8,2021-10-31,26-220,NYJ,,CIN,W 34-31,QB,WhitMi01
2081,Jameis Winston,Sun,7,8,2021-10-31,27-298,NOR,,TAM,W 36-27,QB,WinsJa00
2082,Kyler Murray,Thu,8,8,2021-10-28,24-082,ARI,,GNB,L 21-24,QB,MurrKy00
2083,Aaron Rodgers,Thu,8,8,2021-10-28,37-330,GNB,@,ARI,W 24-21,QB,RodgAa00
2084,Geno Smith,Mon,7,7,2021-10-25,31-015,SEA,,NOR,L 10-13,QB,SmitGe00
2085,Jameis Winston,Mon,6,7,2021-10-25,27-292,NOR,@,SEA,W 13-10,QB,WinsJa00
2086,Tom Brady,Sun,7,7,2021-10-24,44-082,TAM,,CHI,W 38-3,QB,BradTo00
2087,Joe Burrow,Sun,7,7,2021-10-24,24-318,CIN,@,BAL,W 41-17,QB,BurrJo01
2088,Derek Carr,Sun,7,7,2021-10-24,30-210,LVR,,PHI,W 33-22,QB,CarrDe02
2089,Sam Darnold,Sun,7,7,2021-10-24,24-141,CAR,@,NYG,L 3-25,QB,DarnSa00
2090,Justin Fields,Sun,7,7,2021-10-24,22-233,CHI,@,TAM,L 3-38,QB,FielJu00
2091,Jimmy Garoppolo,Sun,6,7,2021-10-24,29-356,SFO,,IND,L 18-30,QB,GaroJi00
2092,Jared Goff,Sun,7,7,2021-10-24,27-010,DET,@,LAR,L 19-28,QB,GoffJa00
2093,Taylor Heinicke,Sun,7,7,2021-10-24,28-223,WAS,@,GNB,L 10-24,QB,HeinTa00
2094,Jalen Hurts,Sun,7,7,2021-10-24,23-078,PHI,@,LVR,L 22-33,QB,HurtJa00
2095,Lamar Jackson,Sun,7,7,2021-10-24,24-290,BAL,,CIN,L 17-41,QB,JackLa00
2096,Daniel Jones,Sun,7,7,2021-10-24,24-150,NYG,,CAR,W 25-3,QB,JoneDa05
2097,Mac Jones,Sun,7,7,2021-10-24,23-049,NWE,,NYJ,W 54-13,QB,JoneMa05
2098,Patrick Mahomes,Sun,7,7,2021-10-24,26-037,KAN,@,TEN,L 3-27,QB,MahoPa00
2099,Davis Mills,Sun,7,7,2021-10-24,23-003,HOU,@,ARI,L 5-31,QB,MillDa02
2100,Kyler Murray,Sun,7,7,2021-10-24,24-078,ARI,,HOU,W 31-5,QB,MurrKy00
2101,Aaron Rodgers,Sun,7,7,2021-10-24,37-326,GNB,,WAS,W 24-10,QB,RodgAa00
2102,Matt Ryan,Sun,6,7,2021-10-24,36-160,ATL,@,MIA,W 30-28,QB,RyanMa00
2103,Matthew Stafford,Sun,7,7,2021-10-24,33-259,LAR,,DET,W 28-19,QB,StafMa00
2104,Tua Tagovailoa,Sun,7,7,2021-10-24,23-236,MIA,,ATL,L 28-30,QB,TagoTu00
2105,Ryan Tannehill,Sun,7,7,2021-10-24,33-089,TEN,,KAN,W 27-3,QB,TannRy00
2106,Carson Wentz,Sun,7,7,2021-10-24,28-298,IND,@,SFO,W 30-18,QB,WentCa00
2107,Zach Wilson,Sun,6,7,2021-10-24,22-082,NYJ,@,NWE,L 13-54,QB,WilsZa00
2108,Teddy Bridgewater,Thu,7,7,2021-10-21,28-345,DEN,@,CLE,L 14-17,QB,BridTe00
2109,Case Keenum,Thu,7,7,2021-10-21,33-246,CLE,,DEN,W 17-14,QB,KeenCa00
2110,Josh Allen,Mon,6,6,2021-10-18,25-150,BUF,@,TEN,L 31-34,QB,AlleJo02
2111,Ryan Tannehill,Mon,6,6,2021-10-18,33-083,TEN,,BUF,W 34-31,QB,TannRy00
2112,Teddy Bridgewater,Sun,6,6,2021-10-17,28-341,DEN,,LVR,L 24-34,QB,BridTe00
2113,Joe Burrow,Sun,6,6,2021-10-17,24-311,CIN,@,DET,W 34-11,QB,BurrJo01
2114,Derek Carr,Sun,6,6,2021-10-17,30-203,LVR,@,DEN,W 34-24,QB,CarrDe02
2115,Kirk Cousins,Sun,6,6,2021-10-17,33-059,MIN,@,CAR,W 34-28 (OT),QB,CousKi00
2116,Sam Darnold,Sun,6,6,2021-10-17,24-134,CAR,,MIN,L 28-34 (OT),QB,DarnSa00
2117,Justin Fields,Sun,6,6,2021-10-17,22-226,CHI,,GNB,L 14-24,QB,FielJu00
2118,Jared Goff,Sun,6,6,2021-10-17,27-003,DET,,CIN,L 11-34,QB,GoffJa00
2119,Taylor Heinicke,Sun,6,6,2021-10-17,28-216,WAS,,KAN,L 13-31,QB,HeinTa00
2120,Justin Herbert,Sun,6,6,2021-10-17,23-221,LAC,@,BAL,L 6-34,QB,HerbJu00
2121,Lamar Jackson,Sun,6,6,2021-10-17,24-283,BAL,,LAC,W 34-6,QB,JackLa00
2122,Daniel Jones,Sun,6,6,2021-10-17,24-143,NYG,,LAR,L 11-38,QB,JoneDa05
2123,Mac Jones,Sun,6,6,2021-10-17,23-042,NWE,,DAL,L 29-35 (OT),QB,JoneMa05
2124,Trevor Lawrence,Sun,6,6,2021-10-17,22-011,JAX,,MIA,W 23-20,QB,LawrTr00
2125,Patrick Mahomes,Sun,6,6,2021-10-17,26-030,KAN,@,WAS,W 31-13,QB,MahoPa00
2126,Baker Mayfield,Sun,6,6,2021-10-17,26-186,CLE,,ARI,L 14-37,QB,MayfBa00
2127,Davis Mills,Sun,6,6,2021-10-17,22-361,HOU,@,IND,L 3-31,QB,MillDa02
2128,Kyler Murray,Sun,6,6,2021-10-17,24-071,ARI,@,CLE,W 37-14,QB,MurrKy00
2129,Dak Prescott,Sun,6,6,2021-10-17,28-080,DAL,@,NWE,W 35-29 (OT),QB,PresDa01
2130,Aaron Rodgers,Sun,6,6,2021-10-17,37-319,GNB,@,CHI,W 24-14,QB,RodgAa00
2131,Ben Roethlisberger,Sun,6,6,2021-10-17,39-229,PIT,,SEA,W 23-20 (OT),QB,RoetBe00
2132,Geno Smith,Sun,6,6,2021-10-17,31-007,SEA,@,PIT,L 20-23 (OT),QB,SmitGe00
2133,Matthew Stafford,Sun,6,6,2021-10-17,33-252,LAR,@,NYG,W 38-11,QB,StafMa00
2134,Tua Tagovailoa,Sun,6,6,2021-10-17,23-229,MIA,@,JAX,L 20-23,QB,TagoTu00
2135,Carson Wentz,Sun,6,6,2021-10-17,28-291,IND,,HOU,W 31-3,QB,WentCa00
2136,Tom Brady,Thu,6,6,2021-10-14,44-072,TAM,@,PHI,W 28-22,QB,BradTo00
2137,Jalen Hurts,Thu,6,6,2021-10-14,23-068,PHI,,TAM,L 22-28,QB,HurtJa00
2138,Lamar Jackson,Mon,5,5,2021-10-11,24-277,BAL,,IND,W 31-25 (OT),QB,JackLa00
2139,Carson Wentz,Mon,5,5,2021-10-11,28-285,IND,@,BAL,L 25-31 (OT),QB,WentCa00
2140,Josh Allen,Sun,5,5,2021-10-10,25-142,BUF,@,KAN,W 38-20,QB,AlleJo02
2141,Tom Brady,Sun,5,5,2021-10-10,44-068,TAM,,MIA,W 45-17,QB,BradTo00
2142,Teddy Bridgewater,Sun,5,5,2021-10-10,28-334,DEN,@,PIT,L 19-27,QB,BridTe00
2143,Jacoby Brissett,Sun,5,5,2021-10-10,28-303,MIA,@,TAM,L 17-45,QB,BrisJa00
2144,Joe Burrow,Sun,5,5,2021-10-10,24-304,CIN,,GNB,L 22-25 (OT),QB,BurrJo01
2145,Derek Carr,Sun,5,5,2021-10-10,30-196,LVR,,CHI,L 9-20,QB,CarrDe02
2146,Kirk Cousins,Sun,5,5,2021-10-10,33-052,MIN,,DET,W 19-17,QB,CousKi00
2147,Sam Darnold,Sun,5,5,2021-10-10,24-127,CAR,,PHI,L 18-21,QB,DarnSa00
2148,Justin Fields,Sun,5,5,2021-10-10,22-219,CHI,@,LVR,W 20-9,QB,FielJu00
2149,Jared Goff,Sun,5,5,2021-10-10,26-361,DET,@,MIN,L 17-19,QB,GoffJa00
2150,Taylor Heinicke,Sun,5,5,2021-10-10,28-209,WAS,,NOR,L 22-33,QB,HeinTa00
2151,Justin Herbert,Sun,5,5,2021-10-10,23-214,LAC,,CLE,W 47-42,QB,HerbJu00
2152,Taysom Hill,Sun,5,5,2021-10-10,31-048,NOR,@,WAS,W 33-22,QB/WR,HillTa00
2153,Jalen Hurts,Sun,5,5,2021-10-10,23-064,PHI,@,CAR,W 21-18,QB,HurtJa00
2154,Daniel Jones,Sun,5,5,2021-10-10,24-136,NYG,@,DAL,L 20-44,QB,JoneDa05
2155,Mac Jones,Sun,5,5,2021-10-10,23-035,NWE,@,HOU,W 25-22,QB,JoneMa05
2156,Trey Lance,Sun,5,5,2021-10-10,21-154,SFO,@,ARI,L 10-17,QB,LancTr00
2157,Trevor Lawrence,Sun,5,5,2021-10-10,22-004,JAX,,TEN,L 19-37,QB,LawrTr00
2158,Patrick Mahomes,Sun,5,5,2021-10-10,26-023,KAN,,BUF,L 20-38,QB,MahoPa00
2159,Baker Mayfield,Sun,5,5,2021-10-10,26-179,CLE,@,LAC,L 42-47,QB,MayfBa00
2160,Davis Mills,Sun,5,5,2021-10-10,22-354,HOU,,NWE,L 22-25,QB,MillDa02
2161,Kyler Murray,Sun,5,5,2021-10-10,24-064,ARI,,SFO,W 17-10,QB,MurrKy00
2162,Dak Prescott,Sun,5,5,2021-10-10,28-073,DAL,,NYG,W 44-20,QB,PresDa01
2163,Aaron Rodgers,Sun,5,5,2021-10-10,37-312,GNB,@,CIN,W 25-22 (OT),QB,RodgAa00
2164,Ben Roethlisberger,Sun,5,5,2021-10-10,39-222,PIT,,DEN,W 27-19,QB,RoetBe00
2165,Matt Ryan,Sun,5,5,2021-10-10,36-146,ATL,,NYJ,W 27-20,QB,RyanMa00
2166,Ryan Tannehill,Sun,5,5,2021-10-10,33-075,TEN,@,JAX,W 37-19,QB,TannRy00
2167,Zach Wilson,Sun,5,5,2021-10-10,22-068,NYJ,@,ATL,L 20-27,QB,WilsZa00
2168,Jameis Winston,Sun,5,5,2021-10-10,27-277,NOR,@,WAS,W 33-22,QB,WinsJa00
2169,Matthew Stafford,Thu,5,5,2021-10-07,33-242,LAR,@,SEA,W 26-17,QB,StafMa00
2170,Russell Wilson,Thu,5,5,2021-10-07,32-312,SEA,,LAR,L 17-26,QB,WilsRu00
2171,Derek Carr,Mon,4,4,2021-10-04,30-190,LVR,@,LAC,L 14-28,QB,CarrDe02
2172,Justin Herbert,Mon,4,4,2021-10-04,23-208,LAC,,LVR,W 28-14,QB,HerbJu00
2173,Josh Allen,Sun,4,4,2021-10-03,25-135,BUF,,HOU,W 40-0,QB,AlleJo02
2174,Tom Brady,Sun,4,4,2021-10-03,44-061,TAM,@,NWE,W 19-17,QB,BradTo00
2175,Teddy Bridgewater,Sun,4,4,2021-10-03,28-327,DEN,,BAL,L 7-23,QB,BridTe00
2176,Jacoby Brissett,Sun,4,4,2021-10-03,28-296,MIA,,IND,L 17-27,QB,BrisJa00
2177,Kirk Cousins,Sun,4,4,2021-10-03,33-045,MIN,,CLE,L 7-14,QB,CousKi00
2178,Sam Darnold,Sun,4,4,2021-10-03,24-120,CAR,@,DAL,L 28-36,QB,DarnSa00
2179,Justin Fields,Sun,4,4,2021-10-03,22-212,CHI,,DET,W 24-14,QB,FielJu00
2180,Jimmy Garoppolo,Sun,4,4,2021-10-03,29-335,SFO,,SEA,L 21-28,QB,GaroJi00
2181,Jared Goff,Sun,4,4,2021-10-03,26-354,DET,@,CHI,L 14-24,QB,GoffJa00
2182,Taylor Heinicke,Sun,4,4,2021-10-03,28-202,WAS,@,ATL,W 34-30,QB,HeinTa00
2183,Taysom Hill,Sun,4,4,2021-10-03,31-041,NOR,,NYG,L 21-27 (OT),QB/WR,HillTa00
2184,Jalen Hurts,Sun,4,4,2021-10-03,23-057,PHI,,KAN,L 30-42,QB,HurtJa00
2185,Lamar Jackson,Sun,4,4,2021-10-03,24-269,BAL,@,DEN,W 23-7,QB,JackLa00
2186,Daniel Jones,Sun,4,4,2021-10-03,24-129,NYG,@,NOR,W 27-21 (OT),QB,JoneDa05
2187,Mac Jones,Sun,4,4,2021-10-03,23-028,NWE,,TAM,L 17-19,QB,JoneMa05
2188,Patrick Mahomes,Sun,4,4,2021-10-03,26-016,KAN,@,PHI,W 42-30,QB,MahoPa00
2189,Baker Mayfield,Sun,4,4,2021-10-03,26-172,CLE,@,MIN,W 14-7,QB,MayfBa00
2190,Davis Mills,Sun,4,4,2021-10-03,22-347,HOU,@,BUF,L 0-40,QB,MillDa02
2191,Kyler Murray,Sun,4,4,2021-10-03,24-057,ARI,@,LAR,W 37-20,QB,MurrKy00
2192,Dak Prescott,Sun,4,4,2021-10-03,28-066,DAL,,CAR,W 36-28,QB,PresDa01
2193,Aaron Rodgers,Sun,4,4,2021-10-03,37-305,GNB,,PIT,W 27-17,QB,RodgAa00
2194,Ben Roethlisberger,Sun,4,4,2021-10-03,39-215,PIT,@,GNB,L 17-27,QB,RoetBe00
2195,Matt Ryan,Sun,4,4,2021-10-03,36-139,ATL,,WAS,L 30-34,QB,RyanMa00
2196,Matthew Stafford,Sun,4,4,2021-10-03,33-238,LAR,,ARI,L 20-37,QB,StafMa00
2197,Ryan Tannehill,Sun,4,4,2021-10-03,33-068,TEN,@,NYJ,L 24-27 (OT),QB,TannRy00
2198,Carson Wentz,Sun,4,4,2021-10-03,28-277,IND,@,MIA,W 27-17,QB,WentCa00
2199,Russell Wilson,Sun,4,4,2021-10-03,32-308,SEA,@,SFO,W 28-21,QB,WilsRu00
2200,Zach Wilson,Sun,4,4,2021-10-03,22-061,NYJ,,TEN,W 27-24 (OT),QB,WilsZa00
2201,Jameis Winston,Sun,4,4,2021-10-03,27-270,NOR,,NYG,L 21-27 (OT),QB,WinsJa00
2202,Joe Burrow,Thu,4,4,2021-09-30,24-294,CIN,,JAX,W 24-21,QB,BurrJo01
2203,Trevor Lawrence,Thu,4,4,2021-09-30,21-359,JAX,@,CIN,L 21-24,QB,LawrTr00
2204,Jalen Hurts,Mon,3,3,2021-09-27,23-051,PHI,@,DAL,L 21-41,QB,HurtJa00
2205,Dak Prescott,Mon,3,3,2021-09-27,28-060,DAL,,PHI,W 41-21,QB,PresDa01
2206,Josh Allen,Sun,3,3,2021-09-26,25-128,BUF,,WAS,W 43-21,QB,AlleJo02
2207,Tom Brady,Sun,3,3,2021-09-26,44-054,TAM,@,LAR,L 24-34,QB,BradTo00
2208,Teddy Bridgewater,Sun,3,3,2021-09-26,28-320,DEN,,NYJ,W 26-0,QB,BridTe00
2209,Jacoby Brissett,Sun,3,3,2021-09-26,28-289,MIA,@,LVR,L 28-31 (OT),QB,BrisJa00
2210,Joe Burrow,Sun,3,3,2021-09-26,24-290,CIN,@,PIT,W 24-10,QB,BurrJo01
2211,Derek Carr,Sun,3,3,2021-09-26,30-182,LVR,,MIA,W 31-28 (OT),QB,CarrDe02
2212,Kirk Cousins,Sun,3,3,2021-09-26,33-038,MIN,,SEA,W 30-17,QB,CousKi00
2213,Justin Fields,Sun,3,3,2021-09-26,22-205,CHI,@,CLE,L 6-26,QB,FielJu00
2214,Jimmy Garoppolo,Sun,3,3,2021-09-26,29-328,SFO,,GNB,L 28-30,QB,GaroJi00
2215,Jared Goff,Sun,3,3,2021-09-26,26-347,DET,,BAL,L 17-19,QB,GoffJa00
2216,Taylor Heinicke,Sun,3,3,2021-09-26,28-195,WAS,@,BUF,L 21-43,QB,HeinTa00
2217,Justin Herbert,Sun,3,3,2021-09-26,23-200,LAC,@,KAN,W 30-24,QB,HerbJu00
2218,Taysom Hill,Sun,3,3,2021-09-26,31-034,NOR,@,NWE,W 28-13,QB/WR,HillTa00
2219,Lamar Jackson,Sun,3,3,2021-09-26,24-262,BAL,@,DET,W 19-17,QB,JackLa00
2220,Daniel Jones,Sun,3,3,2021-09-26,24-122,NYG,,ATL,L 14-17,QB,JoneDa05
2221,Mac Jones,Sun,3,3,2021-09-26,23-021,NWE,,NOR,L 13-28,QB,JoneMa05
2222,Trevor Lawrence,Sun,3,3,2021-09-26,21-355,JAX,,ARI,L 19-31,QB,LawrTr00
2223,Patrick Mahomes,Sun,3,3,2021-09-26,26-009,KAN,,LAC,L 24-30,QB,MahoPa00
2224,Baker Mayfield,Sun,3,3,2021-09-26,26-165,CLE,,CHI,W 26-6,QB,MayfBa00
2225,Kyler Murray,Sun,3,3,2021-09-26,24-050,ARI,@,JAX,W 31-19,QB,MurrKy00
2226,Aaron Rodgers,Sun,3,3,2021-09-26,37-298,GNB,@,SFO,W 30-28,QB,RodgAa00
2227,Ben Roethlisberger,Sun,3,3,2021-09-26,39-208,PIT,,CIN,L 10-24,QB,RoetBe00
2228,Matt Ryan,Sun,3,3,2021-09-26,36-132,ATL,@,NYG,W 17-14,QB,RyanMa00
2229,Matthew Stafford,Sun,3,3,2021-09-26,33-231,LAR,,TAM,W 34-24,QB,StafMa00
2230,Ryan Tannehill,Sun,3,3,2021-09-26,33-061,TEN,,IND,W 25-16,QB,TannRy00
2231,Carson Wentz,Sun,3,3,2021-09-26,28-270,IND,@,TEN,L 16-25,QB,WentCa00
2232,Russell Wilson,Sun,3,3,2021-09-26,32-301,SEA,@,MIN,L 17-30,QB,WilsRu00
2233,Zach Wilson,Sun,3,3,2021-09-26,22-054,NYJ,@,DEN,L 0-26,QB,WilsZa00
2234,Jameis Winston,Sun,3,3,2021-09-26,27-263,NOR,@,NWE,W 28-13,QB,WinsJa00
2235,Sam Darnold,Thu,3,3,2021-09-23,24-110,CAR,@,HOU,W 24-9,QB,DarnSa00
2236,Davis Mills,Thu,3,3,2021-09-23,22-337,HOU,,CAR,L 9-24,QB,MillDa02
2237,Jared Goff,Mon,2,2,2021-09-20,26-341,DET,@,GNB,L 17-35,QB,GoffJa00
2238,Aaron Rodgers,Mon,2,2,2021-09-20,37-292,GNB,,DET,W 35-17,QB,RodgAa00
2239,Josh Allen,Sun,2,2,2021-09-19,25-121,BUF,@,MIA,W 35-0,QB,AlleJo02
2240,Tom Brady,Sun,2,2,2021-09-19,44-047,TAM,,ATL,W 48-25,QB,BradTo00
2241,Teddy Bridgewater,Sun,2,2,2021-09-19,28-313,DEN,@,JAX,W 23-13,QB,BridTe00
2242,Joe Burrow,Sun,2,2,2021-09-19,24-283,CIN,@,CHI,L 17-20,QB,BurrJo01
2243,Derek Carr,Sun,2,2,2021-09-19,30-175,LVR,@,PIT,W 26-17,QB,CarrDe02
2244,Kirk Cousins,Sun,2,2,2021-09-19,33-031,MIN,@,ARI,L 33-34,QB,CousKi00
2245,Andy Dalton,Sun,2,2,2021-09-19,33-325,CHI,,CIN,W 20-17,QB,DaltAn00
2246,Sam Darnold,Sun,2,2,2021-09-19,24-106,CAR,,NOR,W 26-7,QB,DarnSa00
2247,Jimmy Garoppolo,Sun,2,2,2021-09-19,29-321,SFO,@,PHI,W 17-11,QB,GaroJi00
2248,Justin Herbert,Sun,2,2,2021-09-19,23-193,LAC,,DAL,L 17-20,QB,HerbJu00
2249,Taysom Hill,Sun,2,2,2021-09-19,31-027,NOR,@,CAR,L 7-26,QB/WR,HillTa00
2250,Jalen Hurts,Sun,2,2,2021-09-19,23-043,PHI,,SFO,L 11-17,QB,HurtJa00
2251,Lamar Jackson,Sun,2,2,2021-09-19,24-255,BAL,,KAN,W 36-35,QB,JackLa00
2252,Mac Jones,Sun,2,2,2021-09-19,23-014,NWE,@,NYJ,W 25-6,QB,JoneMa05
2253,Trevor Lawrence,Sun,2,2,2021-09-19,21-348,JAX,,DEN,L 13-23,QB,LawrTr00
2254,Patrick Mahomes,Sun,2,2,2021-09-19,26-002,KAN,@,BAL,L 35-36,QB,MahoPa00
2255,Baker Mayfield,Sun,2,2,2021-09-19,26-158,CLE,,HOU,W 31-21,QB,MayfBa00
2256,Kyler Murray,Sun,2,2,2021-09-19,24-043,ARI,,MIN,W 34-33,QB,MurrKy00
2257,Dak Prescott,Sun,2,2,2021-09-19,28-052,DAL,@,LAC,W 20-17,QB,PresDa01
2258,Ben Roethlisberger,Sun,2,2,2021-09-19,39-201,PIT,,LVR,L 17-26,QB,RoetBe00
2259,Matt Ryan,Sun,2,2,2021-09-19,36-125,ATL,@,TAM,L 25-48,QB,RyanMa00
2260,Matthew Stafford,Sun,2,2,2021-09-19,33-224,LAR,@,IND,W 27-24,QB,StafMa00
2261,Tua Tagovailoa,Sun,2,2,2021-09-19,23-201,MIA,,BUF,L 0-35,QB,TagoTu00
2262,Ryan Tannehill,Sun,2,2,2021-09-19,33-054,TEN,@,SEA,W 33-30 (OT),QB,TannRy00
2263,Tyrod Taylor,Sun,2,2,2021-09-19,32-047,HOU,@,CLE,L 21-31,QB,TaylTy00
2264,Carson Wentz,Sun,2,2,2021-09-19,28-263,IND,,LAR,L 24-27,QB,WentCa00
2265,Russell Wilson,Sun,2,2,2021-09-19,32-294,SEA,,TEN,L 30-33 (OT),QB,WilsRu00
2266,Zach Wilson,Sun,2,2,2021-09-19,22-047,NYJ,,NWE,L 6-25,QB,WilsZa00
2267,Jameis Winston,Sun,2,2,2021-09-19,27-256,NOR,@,CAR,L 7-26,QB,WinsJa00
2268,Taylor Heinicke,Thu,2,2,2021-09-16,28-185,WAS,,NYG,W 30-29,QB,HeinTa00
2269,Daniel Jones,Thu,2,2,2021-09-16,24-112,NYG,@,WAS,L 29-30,QB,JoneDa05
2270,Derek Carr,Mon,1,1,2021-09-13,30-169,LVR,,BAL,W 33-27 (OT),QB,CarrDe02
2271,Lamar Jackson,Mon,1,1,2021-09-13,24-249,BAL,@,LVR,L 27-33 (OT),QB,JackLa00
2272,Josh Allen,Sun,1,1,2021-09-12,25-114,BUF,,PIT,L 16-23,QB,AlleJo02
2273,Teddy Bridgewater,Sun,1,1,2021-09-12,28-306,DEN,@,NYG,W 27-13,QB,BridTe00
2274,Joe Burrow,Sun,1,1,2021-09-12,24-276,CIN,,MIN,W 27-24 (OT),QB,BurrJo01
2275,Kirk Cousins,Sun,1,1,2021-09-12,33-024,MIN,@,CIN,L 24-27 (OT),QB,CousKi00
2276,Andy Dalton,Sun,1,1,2021-09-12,33-318,CHI,@,LAR,L 14-34,QB,DaltAn00
2277,Sam Darnold,Sun,1,1,2021-09-12,24-099,CAR,,NYJ,W 19-14,QB,DarnSa00
2278,Ryan Fitzpatrick,Sun,1,1,2021-09-12,38-292,WAS,,LAC,L 16-20,QB,FitzRy00
2279,Jimmy Garoppolo,Sun,1,1,2021-09-12,29-314,SFO,@,DET,W 41-33,QB,GaroJi00
2280,Jared Goff,Sun,1,1,2021-09-12,26-333,DET,,SFO,L 33-41,QB,GoffJa00
2281,Justin Herbert,Sun,1,1,2021-09-12,23-186,LAC,@,WAS,W 20-16,QB,HerbJu00
2282,Jalen Hurts,Sun,1,1,2021-09-12,23-036,PHI,@,ATL,W 32-6,QB,HurtJa00
2283,Daniel Jones,Sun,1,1,2021-09-12,24-108,NYG,,DEN,L 13-27,QB,JoneDa05
2284,Mac Jones,Sun,1,1,2021-09-12,23-007,NWE,,MIA,L 16-17,QB,JoneMa05
2285,Trevor Lawrence,Sun,1,1,2021-09-12,21-341,JAX,@,HOU,L 21-37,QB,LawrTr00
2286,Patrick Mahomes,Sun,1,1,2021-09-12,25-360,KAN,,CLE,W 33-29,QB,MahoPa00
2287,Baker Mayfield,Sun,1,1,2021-09-12,26-151,CLE,@,KAN,L 29-33,QB,MayfBa00
2288,Kyler Murray,Sun,1,1,2021-09-12,24-036,ARI,@,TEN,W 38-13,QB,MurrKy00
2289,Aaron Rodgers,Sun,1,1,2021-09-12,37-284,GNB,@,NOR,L 3-38,QB,RodgAa00
2290,Ben Roethlisberger,Sun,1,1,2021-09-12,39-194,PIT,@,BUF,W 23-16,QB,RoetBe00
2291,Matt Ryan,Sun,1,1,2021-09-12,36-118,ATL,,PHI,L 6-32,QB,RyanMa00
2292,Matthew Stafford,Sun,1,1,2021-09-12,33-217,LAR,,CHI,W 34-14,QB,StafMa00
2293,Tua Tagovailoa,Sun,1,1,2021-09-12,23-194,MIA,@,NWE,W 17-16,QB,TagoTu00
2294,Ryan Tannehill,Sun,1,1,2021-09-12,33-047,TEN,,ARI,L 13-38,QB,TannRy00
2295,Tyrod Taylor,Sun,1,1,2021-09-12,32-040,HOU,,JAX,W 37-21,QB,TaylTy00
2296,Carson Wentz,Sun,1,1,2021-09-12,28-256,IND,,SEA,L 16-28,QB,WentCa00
2297,Russell Wilson,Sun,1,1,2021-09-12,32-287,SEA,@,IND,W 28-16,QB,WilsRu00
2298,Zach Wilson,Sun,1,1,2021-09-12,22-040,NYJ,@,CAR,L 14-19,QB,WilsZa00
2299,Jameis Winston,Sun,1,1,2021-09-12,27-249,NOR,,GNB,W 38-3,QB,WinsJa00
2300,Tom Brady,Thu,1,1,2021-09-09,44-037,TAM,,DAL,W 31-29,QB,BradTo00
2301,Dak Prescott,Thu,1,1,2021-09-09,28-042,DAL,@,TAM,L 29-31,QB,PresDa01
2302,Tom Brady,Sun,4,21,2021-02-07,43-188,TAM,N,KAN,W 31-9,QB,BradTo00
2303,Patrick Mahomes,Sun,3,21,2021-02-07,25-143,KAN,N,TAM,L 9-31,QB,MahoPa00
2304,Josh Allen,Sun,3,20,2021-01-24,24-248,BUF,@,KAN,L 24-38,QB,AlleJo02
2305,Tom Brady,Sun,3,20,2021-01-24,43-174,TAM,@,GNB,W 31-26,QB,BradTo00
2306,Patrick Mahomes,Sun,2,20,2021-01-24,25-129,KAN,,BUF,W 38-24,QB,MahoPa00
2307,Aaron Rodgers,Sun,2,20,2021-01-24,37-053,GNB,,TAM,L 26-31,QB,RodgAa00
2308,Tom Brady,Sun,2,19,2021-01-17,43-167,TAM,@,NOR,W 30-20,QB,BradTo00
2309,Drew Brees,Sun,2,19,2021-01-17,42-002,NOR,,TAM,L 20-30,QB,BreeDr00
2310,Patrick Mahomes,Sun,1,19,2021-01-17,25-122,KAN,,CLE,W 22-17,QB,MahoPa00
2311,Baker Mayfield,Sun,2,19,2021-01-17,25-278,CLE,@,KAN,L 17-22,QB,MayfBa00
2312,Josh Allen,Sat,2,19,2021-01-16,24-240,BUF,,BAL,W 17-3,QB,AlleJo02
2313,Jared Goff,Sat,2,19,2021-01-16,26-094,LAR,@,GNB,L 18-32,QB,GoffJa00
2314,Lamar Jackson,Sat,3,19,2021-01-16,24-009,BAL,@,BUF,L 3-17,QB,JackLa00
2315,Aaron Rodgers,Sat,1,19,2021-01-16,37-045,GNB,,LAR,W 32-18,QB,RodgAa00
2316,Drew Brees,Sun,1,18,2021-01-10,41-361,NOR,,CHI,W 21-9,QB,BreeDr00
2317,Taysom Hill,Sun,1,18,2021-01-10,30-140,NOR,,CHI,W 21-9,QB/WR,HillTa00
2318,Lamar Jackson,Sun,1,18,2021-01-10,24-003,BAL,@,TEN,W 20-13,QB,JackLa00
2319,Baker Mayfield,Sun,1,18,2021-01-10,25-271,CLE,@,PIT,W 48-37,QB,MayfBa00
2320,Ben Roethlisberger,Sun,1,18,2021-01-10,38-314,PIT,,CLE,L 37-48,QB,RoetBe00
2321,Ryan Tannehill,Sun,1,18,2021-01-10,32-167,TEN,,BAL,L 13-20,QB,TannRy00
2322,Mitchell Trubisky,Sun,1,18,2021-01-10,26-143,CHI,@,NOR,L 9-21,QB,TrubMi00
2323,Josh Allen,Sat,1,18,2021-01-09,24-233,BUF,,IND,W 27-24,QB,AlleJo02
2324,Tom Brady,Sat,1,18,2021-01-09,43-159,TAM,@,WAS,W 31-23,QB,BradTo00
2325,Taylor Heinicke,Sat,1,18,2021-01-09,27-300,WAS,,TAM,L 23-31,QB,HeinTa00
2326,Philip Rivers,Sat,1,18,2021-01-09,39-032,IND,@,BUF,L 24-27,QB,RivePh00
2327,Russell Wilson,Sat,1,18,2021-01-09,32-041,SEA,,LAR,L 20-30,QB,WilsRu00
2328,John Wolford,Sat,1,18,2021-01-09,25-085,LAR,@,SEA,W 30-20,QB,WolfJo00
2329,Brandon Allen,Sun,16,17,2021-01-03,28-120,CIN,,BAL,L 3-38,QB,AlleBr00
2330,Josh Allen,Sun,16,17,2021-01-03,24-227,BUF,,MIA,W 56-26,QB,AlleJo02
2331,C.J. Beathard,Sun,16,17,2021-01-03,27-048,SFO,,SEA,L 23-26,QB,BeatC.00
2332,Tom Brady,Sun,16,17,2021-01-03,43-153,TAM,,ATL,W 44-27,QB,BradTo00
2333,Drew Brees,Sun,16,17,2021-01-03,41-354,NOR,@,CAR,W 33-7,QB,BreeDr00
2334,Teddy Bridgewater,Sun,16,17,2021-01-03,28-054,CAR,,NOR,L 7-33,QB,BridTe00
2335,Derek Carr,Sun,16,17,2021-01-03,29-281,LVR,@,DEN,W 32-31,QB,CarrDe02
2336,Kirk Cousins,Sun,16,17,2021-01-03,32-137,MIN,@,DET,W 37-35,QB,CousKi00
2337,Andy Dalton,Sun,16,17,2021-01-03,33-066,DAL,@,NYG,L 19-23,QB,DaltAn00
2338,Sam Darnold,Sun,16,17,2021-01-03,23-212,NYJ,@,NWE,L 14-28,QB,DarnSa00
2339,Mike Glennon,Sun,16,17,2021-01-03,31-022,JAX,@,IND,L 14-28,QB,GlenMi00
2340,Chad Henne,Sun,16,17,2021-01-03,35-185,KAN,,LAC,L 21-38,QB,HennCh01
2341,Justin Herbert,Sun,16,17,2021-01-03,22-299,LAC,@,KAN,W 38-21,QB,HerbJu00
2342,Jalen Hurts,Sun,16,17,2021-01-03,22-149,PHI,,WAS,L 14-20,QB,HurtJa00
2343,Lamar Jackson,Sun,16,17,2021-01-03,23-362,BAL,@,CIN,W 38-3,QB,JackLa00
2344,Daniel Jones,Sun,16,17,2021-01-03,23-221,NYG,,DAL,W 23-19,QB,JoneDa05
2345,Drew Lock,Sun,16,17,2021-01-03,24-054,DEN,,LVR,L 31-32,QB,LockDr00
2346,Baker Mayfield,Sun,16,17,2021-01-03,25-264,CLE,,PIT,W 24-22,QB,MayfBa00
2347,Kyler Murray,Sun,16,17,2021-01-03,23-149,ARI,@,LAR,L 7-18,QB,MurrKy00
2348,Cam Newton,Sun,16,17,2021-01-03,31-237,NWE,,NYJ,W 28-14,QB,NewtCa00
2349,Philip Rivers,Sun,16,17,2021-01-03,39-026,IND,,JAX,W 28-14,QB,RivePh00
2350,Aaron Rodgers,Sun,16,17,2021-01-03,37-032,GNB,@,CHI,W 35-16,QB,RodgAa00
2351,Mason Rudolph,Sun,16,17,2021-01-03,25-170,PIT,@,CLE,L 22-24,QB,RudoMa00
2352,Matt Ryan,Sun,16,17,2021-01-03,35-231,ATL,@,TAM,L 27-44,QB,RyanMa00
2353,Alex Smith,Sun,16,17,2021-01-03,36-241,WAS,@,PHI,W 20-14,QB,SmitAl03
2354,Matthew Stafford,Sun,16,17,2021-01-03,32-331,DET,,MIN,L 35-37,QB,StafMa00
2355,Tua Tagovailoa,Sun,16,17,2021-01-03,22-307,MIA,@,BUF,L 26-56,QB,TagoTu00
2356,Ryan Tannehill,Sun,16,17,2021-01-03,32-160,TEN,@,HOU,W 41-38,QB,TannRy00
2357,Mitchell Trubisky,Sun,16,17,2021-01-03,26-136,CHI,,GNB,L 16-35,QB,TrubMi00
2358,Deshaun Watson,Sun,16,17,2021-01-03,25-111,HOU,,TEN,L 38-41,QB,WatsDe00
2359,Russell Wilson,Sun,16,17,2021-01-03,32-035,SEA,@,SFO,W 26-23,QB,WilsRu00
2360,John Wolford,Sun,16,17,2021-01-03,25-079,LAR,,ARI,W 18-7,QB,WolfJo00
2361,Josh Allen,Mon,15,16,2020-12-28,24-221,BUF,@,NWE,W 38-9,QB,AlleJo02
2362,Cam Newton,Mon,15,16,2020-12-28,31-231,NWE,,BUF,L 9-38,QB,NewtCa00
2363,Brandon Allen,Sun,15,16,2020-12-27,28-113,CIN,@,HOU,W 37-31,QB,AlleBr00
2364,Teddy Bridgewater,Sun,15,16,2020-12-27,28-047,CAR,@,WAS,W 20-13,QB,BridTe00
2365,Andy Dalton,Sun,15,16,2020-12-27,33-059,DAL,,PHI,W 37-17,QB,DaltAn00
2366,Sam Darnold,Sun,15,16,2020-12-27,23-205,NYJ,,CLE,W 23-16,QB,DarnSa00
2367,Mike Glennon,Sun,15,16,2020-12-27,31-015,JAX,,CHI,L 17-41,QB,GlenMi00
2368,Jared Goff,Sun,15,16,2020-12-27,26-074,LAR,@,SEA,L 9-20,QB,GoffJa00
2369,Dwayne Haskins,Sun,15,16,2020-12-27,23-238,WAS,,CAR,L 13-20,QB,HaskDw00
2370,Justin Herbert,Sun,15,16,2020-12-27,22-292,LAC,,DEN,W 19-16,QB,HerbJu00
2371,Jalen Hurts,Sun,15,16,2020-12-27,22-142,PHI,@,DAL,L 17-37,QB,HurtJa00
2372,Lamar Jackson,Sun,15,16,2020-12-27,23-355,BAL,,NYG,W 27-13,QB,JackLa00
2373,Daniel Jones,Sun,15,16,2020-12-27,23-214,NYG,@,BAL,L 13-27,QB,JoneDa05
2374,Drew Lock,Sun,15,16,2020-12-27,24-047,DEN,@,LAC,L 16-19,QB,LockDr00
2375,Patrick Mahomes,Sun,15,16,2020-12-27,25-101,KAN,,ATL,W 17-14,QB,MahoPa00
2376,Baker Mayfield,Sun,15,16,2020-12-27,25-257,CLE,@,NYJ,L 16-23,QB,MayfBa00
2377,Philip Rivers,Sun,15,16,2020-12-27,39-019,IND,@,PIT,L 24-28,QB,RivePh00
2378,Aaron Rodgers,Sun,15,16,2020-12-27,37-025,GNB,,TEN,W 40-14,QB,RodgAa00
2379,Ben Roethlisberger,Sun,15,16,2020-12-27,38-300,PIT,,IND,W 28-24,QB,RoetBe00
2380,Matt Ryan,Sun,15,16,2020-12-27,35-224,ATL,@,KAN,L 14-17,QB,RyanMa00
2381,Ryan Tannehill,Sun,15,16,2020-12-27,32-153,TEN,@,GNB,L 14-40,QB,TannRy00
2382,Mitchell Trubisky,Sun,15,16,2020-12-27,26-129,CHI,@,JAX,W 41-17,QB,TrubMi00
2383,Deshaun Watson,Sun,15,16,2020-12-27,25-104,HOU,,CIN,L 31-37,QB,WatsDe00
2384,Russell Wilson,Sun,15,16,2020-12-27,32-028,SEA,,LAR,W 20-9,QB,WilsRu00
2385,C.J. Beathard,Sat,15,16,2020-12-26,27-040,SFO,@,ARI,W 20-12,QB,BeatC.00
2386,Tom Brady,Sat,15,16,2020-12-26,43-145,TAM,@,DET,W 47-7,QB,BradTo00
2387,Derek Carr,Sat,15,16,2020-12-26,29-273,LVR,,MIA,L 25-26,QB,CarrDe02
2388,Kyler Murray,Sat,15,16,2020-12-26,23-141,ARI,,SFO,L 12-20,QB,MurrKy00
2389,Matthew Stafford,Sat,15,16,2020-12-26,32-323,DET,,TAM,L 7-47,QB,StafMa00
2390,Tua Tagovailoa,Sat,15,16,2020-12-26,22-299,MIA,@,LVR,W 26-25,QB,TagoTu00
2391,Drew Brees,Fri,15,16,2020-12-25,41-345,NOR,,MIN,W 52-33,QB,BreeDr00
2392,Kirk Cousins,Fri,15,16,2020-12-25,32-128,MIN,@,NOR,L 33-52,QB,CousKi00
2393,Ryan Finley,Mon,14,15,2020-12-21,25-361,CIN,,PIT,W 27-17,QB,FinlRy00
2394,Ben Roethlisberger,Mon,14,15,2020-12-21,38-294,PIT,@,CIN,L 17-27,QB,RoetBe00
2395,Tom Brady,Sun,14,15,2020-12-20,43-139,TAM,@,ATL,W 31-27,QB,BradTo00
2396,Drew Brees,Sun,14,15,2020-12-20,41-340,NOR,,KAN,L 29-32,QB,BreeDr00
2397,Kirk Cousins,Sun,14,15,2020-12-20,32-123,MIN,,CHI,L 27-33,QB,CousKi00
2398,Andy Dalton,Sun,14,15,2020-12-20,33-052,DAL,,SFO,W 41-33,QB,DaltAn00
2399,Sam Darnold,Sun,14,15,2020-12-20,23-198,NYJ,@,LAR,W 23-20,QB,DarnSa00
2400,Jared Goff,Sun,14,15,2020-12-20,26-067,LAR,,NYJ,L 20-23,QB,GoffJa00
2401,Dwayne Haskins,Sun,14,15,2020-12-20,23-231,WAS,,SEA,L 15-20,QB,HaskDw00
2402,Jalen Hurts,Sun,14,15,2020-12-20,22-135,PHI,@,ARI,L 26-33,QB,HurtJa00
2403,Lamar Jackson,Sun,14,15,2020-12-20,23-348,BAL,,JAX,W 40-14,QB,JackLa00
2404,Patrick Mahomes,Sun,14,15,2020-12-20,25-094,KAN,@,NOR,W 32-29,QB,MahoPa00
2405,Baker Mayfield,Sun,14,15,2020-12-20,25-250,CLE,@,NYG,W 20-6,QB,MayfBa00
2406,Colt McCoy,Sun,14,15,2020-12-20,34-106,NYG,,CLE,L 6-20,QB,McCoCo00
2407,Gardner Minshew II,Sun,14,15,2020-12-20,24-218,JAX,@,BAL,L 14-40,QB,MinsGa00
2408,Nick Mullens,Sun,14,15,2020-12-20,25-274,SFO,@,DAL,L 33-41,QB,MullNi00
2409,Kyler Murray,Sun,14,15,2020-12-20,23-135,ARI,,PHI,W 33-26,QB,MurrKy00
2410,Cam Newton,Sun,14,15,2020-12-20,31-223,NWE,@,MIA,L 12-22,QB,NewtCa00
2411,Philip Rivers,Sun,14,15,2020-12-20,39-012,IND,,HOU,W 27-20,QB,RivePh00
2412,Matt Ryan,Sun,14,15,2020-12-20,35-217,ATL,,TAM,L 27-31,QB,RyanMa00
2413,Matthew Stafford,Sun,14,15,2020-12-20,32-317,DET,@,TEN,L 25-46,QB,StafMa00
2414,Tua Tagovailoa,Sun,14,15,2020-12-20,22-293,MIA,,NWE,W 22-12,QB,TagoTu00
2415,Ryan Tannehill,Sun,14,15,2020-12-20,32-146,TEN,,DET,W 46-25,QB,TannRy00
2416,Mitchell Trubisky,Sun,14,15,2020-12-20,26-122,CHI,@,MIN,W 33-27,QB,TrubMi00
2417,Deshaun Watson,Sun,14,15,2020-12-20,25-097,HOU,@,IND,L 20-27,QB,WatsDe00
2418,Russell Wilson,Sun,14,15,2020-12-20,32-021,SEA,@,WAS,W 20-15,QB,WilsRu00
2419,Josh Allen,Sat,14,15,2020-12-19,24-212,BUF,@,DEN,W 48-19,QB,AlleJo02
2420,Teddy Bridgewater,Sat,14,15,2020-12-19,28-039,CAR,@,GNB,L 16-24,QB,BridTe00
2421,Drew Lock,Sat,14,15,2020-12-19,24-039,DEN,,BUF,L 19-48,QB,LockDr00
2422,Aaron Rodgers,Sat,14,15,2020-12-19,37-017,GNB,,CAR,W 24-16,QB,RodgAa00
2423,Derek Carr,Thu,14,15,2020-12-17,29-264,LVR,,LAC,L 27-30 (OT),QB,CarrDe02
2424,Justin Herbert,Thu,14,15,2020-12-17,22-282,LAC,@,LVR,W 30-27 (OT),QB,HerbJu00
2425,Lamar Jackson,Mon,13,14,2020-12-14,23-342,BAL,@,CLE,W 47-42,QB,JackLa00
2426,Baker Mayfield,Mon,13,14,2020-12-14,25-244,CLE,,BAL,L 42-47,QB,MayfBa00
2427,Brandon Allen,Sun,13,14,2020-12-13,28-099,CIN,,DAL,L 7-30,QB,AlleBr00
2428,Josh Allen,Sun,13,14,2020-12-13,24-206,BUF,,PIT,W 26-15,QB,AlleJo02
2429,Tom Brady,Sun,13,14,2020-12-13,43-132,TAM,,MIN,W 26-14,QB,BradTo00
2430,Teddy Bridgewater,Sun,13,14,2020-12-13,28-033,CAR,,DEN,L 27-32,QB,BridTe00
2431,Derek Carr,Sun,13,14,2020-12-13,29-260,LVR,,IND,L 27-44,QB,CarrDe02
2432,Kirk Cousins,Sun,13,14,2020-12-13,32-116,MIN,@,TAM,L 14-26,QB,CousKi00
2433,Andy Dalton,Sun,13,14,2020-12-13,33-045,DAL,@,CIN,W 30-7,QB,DaltAn00
2434,Sam Darnold,Sun,13,14,2020-12-13,23-191,NYJ,@,SEA,L 3-40,QB,DarnSa00
2435,Mike Glennon,Sun,13,14,2020-12-13,31-001,JAX,,TEN,L 10-31,QB,GlenMi00
2436,Justin Herbert,Sun,13,14,2020-12-13,22-278,LAC,,ATL,W 20-17,QB,HerbJu00
2437,Taysom Hill,Sun,13,14,2020-12-13,30-112,NOR,@,PHI,L 21-24,QB/WR,HillTa00
2438,Jalen Hurts,Sun,13,14,2020-12-13,22-128,PHI,,NOR,W 24-21,QB,HurtJa00
2439,Daniel Jones,Sun,13,14,2020-12-13,23-200,NYG,,ARI,L 7-26,QB,JoneDa05
2440,Drew Lock,Sun,13,14,2020-12-13,24-033,DEN,@,CAR,W 32-27,QB,LockDr00
2441,Patrick Mahomes,Sun,13,14,2020-12-13,25-087,KAN,@,MIA,W 33-27,QB,MahoPa00
2442,Nick Mullens,Sun,13,14,2020-12-13,25-267,SFO,,WAS,L 15-23,QB,MullNi00
2443,Kyler Murray,Sun,13,14,2020-12-13,23-128,ARI,@,NYG,W 26-7,QB,MurrKy00
2444,Philip Rivers,Sun,13,14,2020-12-13,39-005,IND,@,LVR,W 44-27,QB,RivePh00
2445,Aaron Rodgers,Sun,13,14,2020-12-13,37-011,GNB,@,DET,W 31-24,QB,RodgAa00
2446,Ben Roethlisberger,Sun,13,14,2020-12-13,38-286,PIT,@,BUF,L 15-26,QB,RoetBe00
2447,Matt Ryan,Sun,13,14,2020-12-13,35-210,ATL,@,LAC,L 17-20,QB,RyanMa00
2448,Alex Smith,Sun,13,14,2020-12-13,36-220,WAS,@,SFO,W 23-15,QB,SmitAl03
2449,Matthew Stafford,Sun,13,14,2020-12-13,32-310,DET,,GNB,L 24-31,QB,StafMa00
2450,Tua Tagovailoa,Sun,13,14,2020-12-13,22-286,MIA,,KAN,L 27-33,QB,TagoTu00
2451,Ryan Tannehill,Sun,13,14,2020-12-13,32-139,TEN,@,JAX,W 31-10,QB,TannRy00
2452,Mitchell Trubisky,Sun,13,14,2020-12-13,26-115,CHI,,HOU,W 36-7,QB,TrubMi00
2453,Deshaun Watson,Sun,13,14,2020-12-13,25-090,HOU,@,CHI,L 7-36,QB,WatsDe00
2454,Russell Wilson,Sun,13,14,2020-12-13,32-014,SEA,,NYJ,W 40-3,QB,WilsRu00
2455,Jared Goff,Thu,13,14,2020-12-10,26-057,LAR,,NWE,W 24-3,QB,GoffJa00
2456,Cam Newton,Thu,13,14,2020-12-10,31-213,NWE,@,LAR,L 3-24,QB,NewtCa00
2457,Andy Dalton,Tue,12,13,2020-12-08,33-040,DAL,@,BAL,L 17-34,QB,DaltAn00
2458,Lamar Jackson,Tue,12,13,2020-12-08,23-336,BAL,,DAL,W 34-17,QB,JackLa00
2459,Josh Allen,Mon,12,13,2020-12-07,24-200,BUF,@,SFO,W 34-24,QB,AlleJo02
2460,Nick Mullens,Mon,12,13,2020-12-07,25-261,SFO,,BUF,L 24-34,QB,MullNi00
2461,Ben Roethlisberger,Mon,12,13,2020-12-07,38-280,PIT,,WAS,L 17-23,QB,RoetBe00
2462,Alex Smith,Mon,12,13,2020-12-07,36-214,WAS,@,PIT,W 23-17,QB,SmitAl03
2463,Brandon Allen,Sun,12,13,2020-12-06,28-092,CIN,@,MIA,L 7-19,QB,AlleBr00
2464,Derek Carr,Sun,12,13,2020-12-06,29-253,LVR,@,NYJ,W 31-28,QB,CarrDe02
2465,Kirk Cousins,Sun,12,13,2020-12-06,32-109,MIN,,JAX,W 27-24 (OT),QB,CousKi00
2466,Sam Darnold,Sun,12,13,2020-12-06,23-184,NYJ,,LVR,L 28-31,QB,DarnSa00
2467,Mike Glennon,Sun,12,13,2020-12-06,30-360,JAX,@,MIN,L 24-27 (OT),QB,GlenMi00
2468,Jared Goff,Sun,12,13,2020-12-06,26-053,LAR,@,ARI,W 38-28,QB,GoffJa00
2469,Justin Herbert,Sun,12,13,2020-12-06,22-271,LAC,,NWE,L 0-45,QB,HerbJu00
2470,Taysom Hill,Sun,12,13,2020-12-06,30-105,NOR,@,ATL,W 21-16,QB/WR,HillTa00
2471,Drew Lock,Sun,12,13,2020-12-06,24-026,DEN,@,KAN,L 16-22,QB,LockDr00
2472,Patrick Mahomes,Sun,12,13,2020-12-06,25-080,KAN,,DEN,W 22-16,QB,MahoPa00
2473,Baker Mayfield,Sun,12,13,2020-12-06,25-236,CLE,@,TEN,W 41-35,QB,MayfBa00
2474,Colt McCoy,Sun,12,13,2020-12-06,34-092,NYG,@,SEA,W 17-12,QB,McCoCo00
2475,Kyler Murray,Sun,12,13,2020-12-06,23-121,ARI,,LAR,L 28-38,QB,MurrKy00
2476,Cam Newton,Sun,12,13,2020-12-06,31-209,NWE,@,LAC,W 45-0,QB,NewtCa00
2477,Philip Rivers,Sun,12,13,2020-12-06,38-364,IND,@,HOU,W 26-20,QB,RivePh00
2478,Aaron Rodgers,Sun,12,13,2020-12-06,37-004,GNB,,PHI,W 30-16,QB,RodgAa00
2479,Matt Ryan,Sun,12,13,2020-12-06,35-203,ATL,,NOR,L 16-21,QB,RyanMa00
2480,Matthew Stafford,Sun,12,13,2020-12-06,32-303,DET,@,CHI,W 34-30,QB,StafMa00
2481,Tua Tagovailoa,Sun,12,13,2020-12-06,22-279,MIA,,CIN,W 19-7,QB,TagoTu00
2482,Ryan Tannehill,Sun,12,13,2020-12-06,32-132,TEN,,CLE,L 35-41,QB,TannRy00
2483,Mitchell Trubisky,Sun,12,13,2020-12-06,26-108,CHI,,DET,L 30-34,QB,TrubMi00
2484,Deshaun Watson,Sun,12,13,2020-12-06,25-083,HOU,,IND,L 20-26,QB,WatsDe00
2485,Carson Wentz,Sun,12,13,2020-12-06,27-342,PHI,@,GNB,L 16-30,QB,WentCa00
2486,Russell Wilson,Sun,12,13,2020-12-06,32-007,SEA,,NYG,L 12-17,QB,WilsRu00
2487,Robert Griffin III,Wed,11,12,2020-12-02,30-294,BAL,@,PIT,L 14-19,QB,GrifRo01
2488,Ben Roethlisberger,Wed,11,12,2020-12-02,38-275,PIT,,BAL,W 19-14,QB,RoetBe00
2489,Carson Wentz,Mon,11,12,2020-11-30,27-336,PHI,,SEA,L 17-23,QB,WentCa00
2490,Russell Wilson,Mon,11,12,2020-11-30,32-001,SEA,@,PHI,W 23-17,QB,WilsRu00
2491,Brandon Allen,Sun,11,12,2020-11-29,28-085,CIN,,NYG,L 17-19,QB,AlleBr00
2492,Josh Allen,Sun,11,12,2020-11-29,24-192,BUF,,LAC,W 27-17,QB,AlleJo02
2493,Tom Brady,Sun,12,12,2020-11-29,43-118,TAM,,KAN,L 24-27,QB,BradTo00
2494,Teddy Bridgewater,Sun,12,12,2020-11-29,28-019,CAR,@,MIN,L 27-28,QB,BridTe00
2495,Derek Carr,Sun,11,12,2020-11-29,29-246,LVR,@,ATL,L 6-43,QB,CarrDe02
2496,Kirk Cousins,Sun,11,12,2020-11-29,32-102,MIN,,CAR,W 28-27,QB,CousKi00
2497,Sam Darnold,Sun,11,12,2020-11-29,23-177,NYJ,,MIA,L 3-20,QB,DarnSa00
2498,Ryan Fitzpatrick,Sun,11,12,2020-11-29,38-005,MIA,@,NYJ,W 20-3,QB,FitzRy00
2499,Mike Glennon,Sun,11,12,2020-11-29,30-353,JAX,,CLE,L 25-27,QB,GlenMi00
2500,Jared Goff,Sun,11,12,2020-11-29,26-046,LAR,,SFO,L 20-23,QB,GoffJa00
2501,Justin Herbert,Sun,11,12,2020-11-29,22-264,LAC,@,BUF,L 17-27,QB,HerbJu00
2502,Taysom Hill,Sun,11,12,2020-11-29,30-098,NOR,@,DEN,W 31-3,QB/WR,HillTa00
2503,Daniel Jones,Sun,11,12,2020-11-29,23-186,NYG,@,CIN,W 19-17,QB,JoneDa05
2504,Patrick Mahomes,Sun,11,12,2020-11-29,25-073,KAN,@,TAM,W 27-24,QB,MahoPa00
2505,Baker Mayfield,Sun,11,12,2020-11-29,25-229,CLE,@,JAX,W 27-25,QB,MayfBa00
2506,Nick Mullens,Sun,11,12,2020-11-29,25-253,SFO,@,LAR,W 23-20,QB,MullNi00
2507,Kyler Murray,Sun,11,12,2020-11-29,23-114,ARI,@,NWE,L 17-20,QB,MurrKy00
2508,Cam Newton,Sun,11,12,2020-11-29,31-202,NWE,,ARI,W 20-17,QB,NewtCa00
2509,Philip Rivers,Sun,11,12,2020-11-29,38-357,IND,,TEN,L 26-45,QB,RivePh00
2510,Aaron Rodgers,Sun,11,12,2020-11-29,36-363,GNB,,CHI,W 41-25,QB,RodgAa00
2511,Matt Ryan,Sun,11,12,2020-11-29,35-196,ATL,,LVR,W 43-6,QB,RyanMa00
2512,Ryan Tannehill,Sun,11,12,2020-11-29,32-125,TEN,@,IND,W 45-26,QB,TannRy00
2513,Mitchell Trubisky,Sun,11,12,2020-11-29,26-101,CHI,@,GNB,L 25-41,QB,TrubMi00
2514,Andy Dalton,Thu,11,12,2020-11-26,33-028,DAL,,WAS,L 16-41,QB,DaltAn00
2515,Alex Smith,Thu,11,12,2020-11-26,36-203,WAS,@,DAL,W 41-16,QB,SmitAl03
2516,Matthew Stafford,Thu,11,12,2020-11-26,32-293,DET,,HOU,L 25-41,QB,StafMa00
2517,Deshaun Watson,Thu,11,12,2020-11-26,25-073,HOU,@,DET,W 41-25,QB,WatsDe00
2518,Tom Brady,Mon,11,11,2020-11-23,43-112,TAM,,LAR,L 24-27,QB,BradTo00
2519,Jared Goff,Mon,10,11,2020-11-23,26-040,LAR,@,TAM,W 27-24,QB,GoffJa00
2520,Joe Burrow,Sun,10,11,2020-11-22,23-348,CIN,@,WAS,L 9-20,QB,BurrJo01
2521,Derek Carr,Sun,10,11,2020-11-22,29-239,LVR,,KAN,L 31-35,QB,CarrDe02
2522,Kirk Cousins,Sun,10,11,2020-11-22,32-095,MIN,,DAL,L 28-31,QB,CousKi00
2523,Andy Dalton,Sun,10,11,2020-11-22,33-024,DAL,@,MIN,W 31-28,QB,DaltAn00
2524,Joe Flacco,Sun,10,11,2020-11-22,35-311,NYJ,@,LAC,L 28-34,QB,FlacJo00
2525,Justin Herbert,Sun,10,11,2020-11-22,22-257,LAC,,NYJ,W 34-28,QB,HerbJu00
2526,Taysom Hill,Sun,10,11,2020-11-22,30-091,NOR,,ATL,W 24-9,QB/WR,HillTa00
2527,Lamar Jackson,Sun,10,11,2020-11-22,23-320,BAL,,TEN,L 24-30 (OT),QB,JackLa00
2528,Drew Lock,Sun,10,11,2020-11-22,24-012,DEN,,MIA,W 20-13,QB,LockDr00
2529,Jake Luton,Sun,10,11,2020-11-22,24-225,JAX,,PIT,L 3-27,QB,LutoJa00
2530,Patrick Mahomes,Sun,10,11,2020-11-22,25-066,KAN,@,LVR,W 35-31,QB,MahoPa00
2531,Baker Mayfield,Sun,10,11,2020-11-22,25-222,CLE,,PHI,W 22-17,QB,MayfBa00
2532,Cam Newton,Sun,10,11,2020-11-22,31-195,NWE,@,HOU,L 20-27,QB,NewtCa00
2533,Philip Rivers,Sun,10,11,2020-11-22,38-350,IND,,GNB,W 34-31 (OT),QB,RivePh00
2534,Aaron Rodgers,Sun,10,11,2020-11-22,36-356,GNB,@,IND,L 31-34 (OT),QB,RodgAa00
2535,Ben Roethlisberger,Sun,10,11,2020-11-22,38-265,PIT,@,JAX,W 27-3,QB,RoetBe00
2536,Matt Ryan,Sun,10,11,2020-11-22,35-189,ATL,@,NOR,L 9-24,QB,RyanMa00
2537,Alex Smith,Sun,10,11,2020-11-22,36-199,WAS,,CIN,W 20-9,QB,SmitAl03
2538,Matthew Stafford,Sun,10,11,2020-11-22,32-289,DET,@,CAR,L 0-20,QB,StafMa00
2539,Tua Tagovailoa,Sun,10,11,2020-11-22,22-265,MIA,@,DEN,L 13-20,QB,TagoTu00
2540,Ryan Tannehill,Sun,10,11,2020-11-22,32-118,TEN,@,BAL,W 30-24 (OT),QB,TannRy00
2541,P.J. Walker,Sun,11,11,2020-11-22,25-270,CAR,,DET,W 20-0,QB,WalkPh00
2542,Deshaun Watson,Sun,10,11,2020-11-22,25-069,HOU,,NWE,W 27-20,QB,WatsDe00
2543,Carson Wentz,Sun,10,11,2020-11-22,27-328,PHI,@,CLE,L 17-22,QB,WentCa00
2544,Kyler Murray,Thu,10,11,2020-11-19,23-104,ARI,@,SEA,L 21-28,QB,MurrKy00
2545,Russell Wilson,Thu,10,11,2020-11-19,31-356,SEA,,ARI,W 28-21,QB,WilsRu00
2546,Kirk Cousins,Mon,9,10,2020-11-16,32-089,MIN,@,CHI,W 19-13,QB,CousKi00
2547,Nick Foles,Mon,10,10,2020-11-16,31-301,CHI,,MIN,L 13-19,QB,FoleNi00
2548,Josh Allen,Sun,10,10,2020-11-15,24-178,BUF,@,ARI,L 30-32,QB,AlleJo02
2549,Tom Brady,Sun,10,10,2020-11-15,43-104,TAM,@,CAR,W 46-23,QB,BradTo00
2550,Drew Brees,Sun,9,10,2020-11-15,41-305,NOR,,SFO,W 27-13,QB,BreeDr00
2551,Teddy Bridgewater,Sun,10,10,2020-11-15,28-005,CAR,,TAM,L 23-46,QB,BridTe00
2552,Joe Burrow,Sun,9,10,2020-11-15,23-341,CIN,@,PIT,L 10-36,QB,BurrJo01
2553,Derek Carr,Sun,9,10,2020-11-15,29-232,LVR,,DEN,W 37-12,QB,CarrDe02
2554,Jared Goff,Sun,9,10,2020-11-15,26-032,LAR,,SEA,W 23-16,QB,GoffJa00
2555,Justin Herbert,Sun,9,10,2020-11-15,22-250,LAC,@,MIA,L 21-29,QB,HerbJu00
2556,Taysom Hill,Sun,9,10,2020-11-15,30-084,NOR,,SFO,W 27-13,QB/WR,HillTa00
2557,Lamar Jackson,Sun,9,10,2020-11-15,23-313,BAL,@,NWE,L 17-23,QB,JackLa00
2558,Daniel Jones,Sun,10,10,2020-11-15,23-172,NYG,,PHI,W 27-17,QB,JoneDa05
2559,Drew Lock,Sun,9,10,2020-11-15,24-005,DEN,@,LVR,L 12-37,QB,LockDr00
2560,Jake Luton,Sun,9,10,2020-11-15,24-218,JAX,@,GNB,L 20-24,QB,LutoJa00
2561,Baker Mayfield,Sun,9,10,2020-11-15,25-215,CLE,,HOU,W 10-7,QB,MayfBa00
2562,Nick Mullens,Sun,10,10,2020-11-15,25-239,SFO,@,NOR,L 13-27,QB,MullNi00
2563,Kyler Murray,Sun,9,10,2020-11-15,23-100,ARI,,BUF,W 32-30,QB,MurrKy00
2564,Cam Newton,Sun,9,10,2020-11-15,31-188,NWE,,BAL,W 23-17,QB,NewtCa00
2565,Aaron Rodgers,Sun,9,10,2020-11-15,36-349,GNB,,JAX,W 24-20,QB,RodgAa00
2566,Ben Roethlisberger,Sun,9,10,2020-11-15,38-258,PIT,,CIN,W 36-10,QB,RoetBe00
2567,Alex Smith,Sun,9,10,2020-11-15,36-192,WAS,@,DET,L 27-30,QB,SmitAl03
2568,Matthew Stafford,Sun,9,10,2020-11-15,32-282,DET,,WAS,W 30-27,QB,StafMa00
2569,Tua Tagovailoa,Sun,9,10,2020-11-15,22-258,MIA,,LAC,W 29-21,QB,TagoTu00
2570,Deshaun Watson,Sun,9,10,2020-11-15,25-062,HOU,@,CLE,L 7-10,QB,WatsDe00
2571,Carson Wentz,Sun,9,10,2020-11-15,27-321,PHI,@,NYG,L 17-27,QB,WentCa00
2572,Russell Wilson,Sun,9,10,2020-11-15,31-352,SEA,@,LAR,L 16-23,QB,WilsRu00
2573,Philip Rivers,Thu,9,10,2020-11-12,38-340,IND,@,TEN,W 34-17,QB,RivePh00
2574,Ryan Tannehill,Thu,9,10,2020-11-12,32-108,TEN,,IND,L 17-34,QB,TannRy00
2575,Joe Flacco,Mon,9,9,2020-11-09,35-298,NYJ,,NWE,L 27-30,QB,FlacJo00
2576,Cam Newton,Mon,8,9,2020-11-09,31-182,NWE,@,NYJ,W 30-27,QB,NewtCa00
2577,Josh Allen,Sun,9,9,2020-11-08,24-171,BUF,,SEA,W 44-34,QB,AlleJo02
2578,Kyle Allen,Sun,8,9,2020-11-08,24-245,WAS,,NYG,L 20-23,QB,AlleKy00
2579,Tom Brady,Sun,9,9,2020-11-08,43-097,TAM,,NOR,L 3-38,QB,BradTo00
2580,Drew Brees,Sun,8,9,2020-11-08,41-298,NOR,@,TAM,W 38-3,QB,BreeDr00
2581,Teddy Bridgewater,Sun,9,9,2020-11-08,27-364,CAR,@,KAN,L 31-33,QB,BridTe00
2582,Derek Carr,Sun,8,9,2020-11-08,29-225,LVR,@,LAC,W 31-26,QB,CarrDe02
2583,Kirk Cousins,Sun,8,9,2020-11-08,32-081,MIN,,DET,W 34-20,QB,CousKi00
2584,Nick Foles,Sun,9,9,2020-11-08,31-293,CHI,@,TEN,L 17-24,QB,FoleNi00
2585,Garrett Gilbert,Sun,9,9,2020-11-08,29-312,DAL,,PIT,L 19-24,QB,GilbGa01
2586,Justin Herbert,Sun,8,9,2020-11-08,22-243,LAC,,LVR,L 26-31,QB,HerbJu00
2587,Lamar Jackson,Sun,8,9,2020-11-08,23-306,BAL,@,IND,W 24-10,QB,JackLa00
2588,Daniel Jones,Sun,9,9,2020-11-08,23-165,NYG,@,WAS,W 23-20,QB,JoneDa05
2589,Drew Lock,Sun,8,9,2020-11-08,23-364,DEN,@,ATL,L 27-34,QB,LockDr00
2590,Jake Luton,Sun,8,9,2020-11-08,24-211,JAX,,HOU,L 25-27,QB,LutoJa00
2591,Patrick Mahomes,Sun,9,9,2020-11-08,25-052,KAN,,CAR,W 33-31,QB,MahoPa00
2592,Kyler Murray,Sun,8,9,2020-11-08,23-093,ARI,,MIA,L 31-34,QB,MurrKy00
2593,Philip Rivers,Sun,8,9,2020-11-08,38-336,IND,,BAL,L 10-24,QB,RivePh00
2594,Ben Roethlisberger,Sun,8,9,2020-11-08,38-251,PIT,@,DAL,W 24-19,QB,RoetBe00
2595,Matt Ryan,Sun,9,9,2020-11-08,35-175,ATL,,DEN,W 34-27,QB,RyanMa00
2596,Matthew Stafford,Sun,8,9,2020-11-08,32-275,DET,@,MIN,L 20-34,QB,StafMa00
2597,Tua Tagovailoa,Sun,8,9,2020-11-08,22-251,MIA,@,ARI,W 34-31,QB,TagoTu00
2598,Ryan Tannehill,Sun,8,9,2020-11-08,32-104,TEN,,CHI,W 24-17,QB,TannRy00
2599,Deshaun Watson,Sun,8,9,2020-11-08,25-055,HOU,@,JAX,W 27-25,QB,WatsDe00
2600,Russell Wilson,Sun,8,9,2020-11-08,31-345,SEA,@,BUF,L 34-44,QB,WilsRu00
2601,Nick Mullens,Thu,9,9,2020-11-05,25-229,SFO,,GNB,L 17-34,QB,MullNi00
2602,Aaron Rodgers,Thu,8,9,2020-11-05,36-339,GNB,@,SFO,W 34-17,QB,RodgAa00
2603,Tom Brady,Mon,8,8,2020-11-02,43-091,TAM,@,NYG,W 25-23,QB,BradTo00
2604,Daniel Jones,Mon,8,8,2020-11-02,23-159,NYG,,TAM,L 23-25,QB,JoneDa05
2605,Josh Allen,Sun,8,8,2020-11-01,24-164,BUF,,NWE,W 24-21,QB,AlleJo02
2606,Drew Brees,Sun,7,8,2020-11-01,41-291,NOR,@,CHI,W 26-23 (OT),QB,BreeDr00
2607,Joe Burrow,Sun,8,8,2020-11-01,23-327,CIN,,TEN,W 31-20,QB,BurrJo01
2608,Derek Carr,Sun,7,8,2020-11-01,29-218,LVR,@,CLE,W 16-6,QB,CarrDe02
2609,Kirk Cousins,Sun,7,8,2020-11-01,32-074,MIN,@,GNB,W 28-22,QB,CousKi00
2610,Sam Darnold,Sun,8,8,2020-11-01,23-149,NYJ,@,KAN,L 9-35,QB,DarnSa00
2611,Ben DiNucci,Sun,8,8,2020-11-01,23-343,DAL,@,PHI,L 9-23,QB,DiNuBe00
2612,Nick Foles,Sun,8,8,2020-11-01,31-286,CHI,,NOR,L 23-26 (OT),QB,FoleNi00
2613,Jimmy Garoppolo,Sun,8,8,2020-11-01,28-365,SFO,@,SEA,L 27-37,QB,GaroJi00
2614,Jared Goff,Sun,8,8,2020-11-01,26-018,LAR,@,MIA,L 17-28,QB,GoffJa00
2615,Justin Herbert,Sun,7,8,2020-11-01,22-236,LAC,@,DEN,L 30-31,QB,HerbJu00
2616,Lamar Jackson,Sun,7,8,2020-11-01,23-299,BAL,,PIT,L 24-28,QB,JackLa00
2617,Drew Lock,Sun,7,8,2020-11-01,23-357,DEN,,LAC,W 31-30,QB,LockDr00
2618,Patrick Mahomes,Sun,8,8,2020-11-01,25-045,KAN,,NYJ,W 35-9,QB,MahoPa00
2619,Baker Mayfield,Sun,8,8,2020-11-01,25-201,CLE,,LVR,L 6-16,QB,MayfBa00
2620,Cam Newton,Sun,7,8,2020-11-01,31-174,NWE,@,BUF,L 21-24,QB,NewtCa00
2621,Philip Rivers,Sun,7,8,2020-11-01,38-329,IND,@,DET,W 41-21,QB,RivePh00
2622,Aaron Rodgers,Sun,7,8,2020-11-01,36-335,GNB,,MIN,L 22-28,QB,RodgAa00
2623,Ben Roethlisberger,Sun,7,8,2020-11-01,38-244,PIT,@,BAL,W 28-24,QB,RoetBe00
2624,Matthew Stafford,Sun,7,8,2020-11-01,32-268,DET,,IND,L 21-41,QB,StafMa00
2625,Tua Tagovailoa,Sun,7,8,2020-11-01,22-244,MIA,,LAR,W 28-17,QB,TagoTu00
2626,Ryan Tannehill,Sun,7,8,2020-11-01,32-097,TEN,@,CIN,L 20-31,QB,TannRy00
2627,Carson Wentz,Sun,8,8,2020-11-01,27-307,PHI,,DAL,W 23-9,QB,WentCa00
2628,Russell Wilson,Sun,7,8,2020-11-01,31-338,SEA,,SFO,W 37-27,QB,WilsRu00
2629,Teddy Bridgewater,Thu,8,8,2020-10-29,27-354,CAR,,ATL,L 17-25,QB,BridTe00
2630,Matt Ryan,Thu,8,8,2020-10-29,35-165,ATL,@,CAR,W 25-17,QB,RyanMa00
2631,Nick Foles,Mon,7,7,2020-10-26,31-280,CHI,@,LAR,L 10-24,QB,FoleNi00
2632,Jared Goff,Mon,7,7,2020-10-26,26-012,LAR,,CHI,W 24-10,QB,GoffJa00
2633,Josh Allen,Sun,7,7,2020-10-25,24-157,BUF,@,NYJ,W 18-10,QB,AlleJo02
2634,Kyle Allen,Sun,7,7,2020-10-25,24-231,WAS,,DAL,W 25-3,QB,AlleKy00
2635,Tom Brady,Sun,7,7,2020-10-25,43-083,TAM,@,LVR,W 45-20,QB,BradTo00
2636,Drew Brees,Sun,6,7,2020-10-25,41-284,NOR,,CAR,W 27-24,QB,BreeDr00
2637,Teddy Bridgewater,Sun,7,7,2020-10-25,27-350,CAR,@,NOR,L 24-27,QB,BridTe00
2638,Joe Burrow,Sun,7,7,2020-10-25,23-320,CIN,,CLE,L 34-37,QB,BurrJo01
2639,Derek Carr,Sun,6,7,2020-10-25,29-211,LVR,,TAM,L 20-45,QB,CarrDe02
2640,Andy Dalton,Sun,7,7,2020-10-25,32-362,DAL,@,WAS,L 3-25,QB,DaltAn00
2641,Sam Darnold,Sun,7,7,2020-10-25,23-142,NYJ,,BUF,L 10-18,QB,DarnSa00
2642,Jimmy Garoppolo,Sun,7,7,2020-10-25,28-358,SFO,@,NWE,W 33-6,QB,GaroJi00
2643,Justin Herbert,Sun,6,7,2020-10-25,22-229,LAC,,JAX,W 39-29,QB,HerbJu00
2644,Taysom Hill,Sun,6,7,2020-10-25,30-063,NOR,,CAR,W 27-24,QB/WR,HillTa00
2645,Drew Lock,Sun,6,7,2020-10-25,23-350,DEN,,KAN,L 16-43,QB,LockDr00
2646,Patrick Mahomes,Sun,7,7,2020-10-25,25-038,KAN,@,DEN,W 43-16,QB,MahoPa00
2647,Baker Mayfield,Sun,7,7,2020-10-25,25-194,CLE,@,CIN,W 37-34,QB,MayfBa00
2648,Gardner Minshew II,Sun,7,7,2020-10-25,24-162,JAX,@,LAC,L 29-39,QB,MinsGa00
2649,Kyler Murray,Sun,7,7,2020-10-25,23-079,ARI,,SEA,W 37-34 (OT),QB,MurrKy00
2650,Cam Newton,Sun,6,7,2020-10-25,31-167,NWE,,SFO,L 6-33,QB,NewtCa00
2651,Aaron Rodgers,Sun,6,7,2020-10-25,36-328,GNB,@,HOU,W 35-20,QB,RodgAa00
2652,Ben Roethlisberger,Sun,6,7,2020-10-25,38-237,PIT,@,TEN,W 27-24,QB,RoetBe00
2653,Matt Ryan,Sun,7,7,2020-10-25,35-161,ATL,,DET,L 22-23,QB,RyanMa00
2654,Matthew Stafford,Sun,6,7,2020-10-25,32-261,DET,@,ATL,W 23-22,QB,StafMa00
2655,Ryan Tannehill,Sun,6,7,2020-10-25,32-090,TEN,,PIT,L 24-27,QB,TannRy00
2656,Deshaun Watson,Sun,7,7,2020-10-25,25-041,HOU,,GNB,L 20-35,QB,WatsDe00
2657,Russell Wilson,Sun,6,7,2020-10-25,31-331,SEA,@,ARI,L 34-37 (OT),QB,WilsRu00
2658,Daniel Jones,Thu,7,7,2020-10-22,23-148,NYG,@,PHI,L 21-22,QB,JoneDa05
2659,Carson Wentz,Thu,7,7,2020-10-22,27-297,PHI,,NYG,W 22-21,QB,WentCa00
2660,Josh Allen,Mon,6,6,2020-10-19,24-151,BUF,,KAN,L 17-26,QB,AlleJo02
2661,Andy Dalton,Mon,6,6,2020-10-19,32-356,DAL,,ARI,L 10-38,QB,DaltAn00
2662,Patrick Mahomes,Mon,6,6,2020-10-19,25-032,KAN,@,BUF,W 26-17,QB,MahoPa00
2663,Kyler Murray,Mon,6,6,2020-10-19,23-073,ARI,@,DAL,W 38-10,QB,MurrKy00
2664,Kyle Allen,Sun,6,6,2020-10-18,24-224,WAS,@,NYG,L 19-20,QB,AlleKy00
2665,Tom Brady,Sun,6,6,2020-10-18,43-076,TAM,,GNB,W 38-10,QB,BradTo00
2666,Teddy Bridgewater,Sun,6,6,2020-10-18,27-343,CAR,,CHI,L 16-23,QB,BridTe00
2667,Joe Burrow,Sun,6,6,2020-10-18,23-313,CIN,@,IND,L 27-31,QB,BurrJo01
2668,Kirk Cousins,Sun,6,6,2020-10-18,32-060,MIN,,ATL,L 23-40,QB,CousKi00
2669,Ryan Fitzpatrick,Sun,6,6,2020-10-18,37-329,MIA,,NYJ,W 24-0,QB,FitzRy00
2670,Joe Flacco,Sun,6,6,2020-10-18,35-276,NYJ,@,MIA,L 0-24,QB,FlacJo00
2671,Nick Foles,Sun,6,6,2020-10-18,31-272,CHI,@,CAR,W 23-16,QB,FoleNi00
2672,Jimmy Garoppolo,Sun,6,6,2020-10-18,28-351,SFO,,LAR,W 24-16,QB,GaroJi00
2673,Jared Goff,Sun,6,6,2020-10-18,26-004,LAR,@,SFO,L 16-24,QB,GoffJa00
2674,Lamar Jackson,Sun,6,6,2020-10-18,23-285,BAL,@,PHI,W 30-28,QB,JackLa00
2675,Daniel Jones,Sun,6,6,2020-10-18,23-144,NYG,,WAS,W 20-19,QB,JoneDa05
2676,Drew Lock,Sun,5,6,2020-10-18,23-343,DEN,@,NWE,W 18-12,QB,LockDr00
2677,Baker Mayfield,Sun,6,6,2020-10-18,25-187,CLE,@,PIT,L 7-38,QB,MayfBa00
2678,Gardner Minshew II,Sun,6,6,2020-10-18,24-155,JAX,,DET,L 16-34,QB,MinsGa00
2679,Cam Newton,Sun,5,6,2020-10-18,31-160,NWE,,DEN,L 12-18,QB,NewtCa00
2680,Philip Rivers,Sun,6,6,2020-10-18,38-315,IND,,CIN,W 31-27,QB,RivePh00
2681,Aaron Rodgers,Sun,5,6,2020-10-18,36-321,GNB,@,TAM,L 10-38,QB,RodgAa00
2682,Ben Roethlisberger,Sun,5,6,2020-10-18,38-230,PIT,,CLE,W 38-7,QB,RoetBe00
2683,Matt Ryan,Sun,6,6,2020-10-18,35-154,ATL,@,MIN,W 40-23,QB,RyanMa00
2684,Matthew Stafford,Sun,5,6,2020-10-18,32-254,DET,@,JAX,W 34-16,QB,StafMa00
2685,Ryan Tannehill,Sun,5,6,2020-10-18,32-083,TEN,,HOU,W 42-36 (OT),QB,TannRy00
2686,Deshaun Watson,Sun,6,6,2020-10-18,25-034,HOU,@,TEN,L 36-42 (OT),QB,WatsDe00
2687,Carson Wentz,Sun,6,6,2020-10-18,27-293,PHI,,BAL,L 28-30,QB,WentCa00
2688,Josh Allen,Tue,5,5,2020-10-13,24-145,BUF,@,TEN,L 16-42,QB,AlleJo02
2689,Ryan Tannehill,Tue,4,5,2020-10-13,32-078,TEN,,BUF,W 42-16,QB,TannRy00
2690,Drew Brees,Mon,5,5,2020-10-12,41-271,NOR,,LAC,W 30-27 (OT),QB,BreeDr00
2691,Justin Herbert,Mon,5,5,2020-10-12,22-216,LAC,@,NOR,L 27-30 (OT),QB,HerbJu00
2692,Kyle Allen,Sun,5,5,2020-10-11,24-217,WAS,,LAR,L 10-30,QB,AlleKy00
2693,Teddy Bridgewater,Sun,5,5,2020-10-11,27-336,CAR,@,ATL,W 23-16,QB,BridTe00
2694,Joe Burrow,Sun,5,5,2020-10-11,23-306,CIN,@,BAL,L 3-27,QB,BurrJo01
2695,Derek Carr,Sun,5,5,2020-10-11,29-197,LVR,@,KAN,W 40-32,QB,CarrDe02
2696,Kirk Cousins,Sun,5,5,2020-10-11,32-053,MIN,@,SEA,L 26-27,QB,CousKi00
2697,Ryan Fitzpatrick,Sun,5,5,2020-10-11,37-322,MIA,@,SFO,W 43-17,QB,FitzRy00
2698,Joe Flacco,Sun,5,5,2020-10-11,35-269,NYJ,,ARI,L 10-30,QB,FlacJo00
2699,Jimmy Garoppolo,Sun,5,5,2020-10-11,28-344,SFO,,MIA,L 17-43,QB,GaroJi00
2700,Jared Goff,Sun,5,5,2020-10-11,25-363,LAR,@,WAS,W 30-10,QB,GoffJa00
2701,Lamar Jackson,Sun,5,5,2020-10-11,23-278,BAL,,CIN,W 27-3,QB,JackLa00
2702,Daniel Jones,Sun,5,5,2020-10-11,23-137,NYG,@,DAL,L 34-37,QB,JoneDa05
2703,Patrick Mahomes,Sun,5,5,2020-10-11,25-024,KAN,,LVR,L 32-40,QB,MahoPa00
2704,Baker Mayfield,Sun,5,5,2020-10-11,25-180,CLE,,IND,W 32-23,QB,MayfBa00
2705,Gardner Minshew II,Sun,5,5,2020-10-11,24-148,JAX,@,HOU,L 14-30,QB,MinsGa00
2706,Kyler Murray,Sun,5,5,2020-10-11,23-065,ARI,@,NYJ,W 30-10,QB,MurrKy00
2707,Dak Prescott,Sun,5,5,2020-10-11,27-074,DAL,,NYG,W 37-34,QB,PresDa01
2708,Philip Rivers,Sun,5,5,2020-10-11,38-308,IND,@,CLE,L 23-32,QB,RivePh00
2709,Ben Roethlisberger,Sun,4,5,2020-10-11,38-223,PIT,,PHI,W 38-29,QB,RoetBe00
2710,Matt Ryan,Sun,5,5,2020-10-11,35-147,ATL,,CAR,L 16-23,QB,RyanMa00
2711,Deshaun Watson,Sun,5,5,2020-10-11,25-027,HOU,,JAX,W 30-14,QB,WatsDe00
2712,Carson Wentz,Sun,5,5,2020-10-11,27-286,PHI,@,PIT,L 29-38,QB,WentCa00
2713,Russell Wilson,Sun,5,5,2020-10-11,31-317,SEA,,MIN,W 27-26,QB,WilsRu00
2714,Tom Brady,Thu,5,5,2020-10-08,43-066,TAM,@,CHI,L 19-20,QB,BradTo00
2715,Nick Foles,Thu,5,5,2020-10-08,31-262,CHI,,TAM,W 20-19,QB,FoleNi00
2716,Brian Hoyer,Mon,4,4,2020-10-05,34-358,NWE,@,KAN,L 10-26,QB,HoyeBr00
2717,Patrick Mahomes,Mon,4,4,2020-10-05,25-018,KAN,,NWE,W 26-10,QB,MahoPa00
2718,Aaron Rodgers,Mon,4,4,2020-10-05,36-308,GNB,,ATL,W 30-16,QB,RodgAa00
2719,Matt Ryan,Mon,4,4,2020-10-05,35-141,ATL,@,GNB,L 16-30,QB,RyanMa00
2720,Josh Allen,Sun,4,4,2020-10-04,24-136,BUF,@,LVR,W 30-23,QB,AlleJo02
2721,Tom Brady,Sun,4,4,2020-10-04,43-062,TAM,,LAC,W 38-31,QB,BradTo00
2722,Drew Brees,Sun,4,4,2020-10-04,41-263,NOR,@,DET,W 35-29,QB,BreeDr00
2723,Teddy Bridgewater,Sun,4,4,2020-10-04,27-329,CAR,,ARI,W 31-21,QB,BridTe00
2724,Joe Burrow,Sun,4,4,2020-10-04,23-299,CIN,,JAX,W 33-25,QB,BurrJo01
2725,Derek Carr,Sun,4,4,2020-10-04,29-190,LVR,,BUF,L 23-30,QB,CarrDe02
2726,Kirk Cousins,Sun,4,4,2020-10-04,32-046,MIN,@,HOU,W 31-23,QB,CousKi00
2727,Ryan Fitzpatrick,Sun,4,4,2020-10-04,37-315,MIA,,SEA,L 23-31,QB,FitzRy00
2728,Nick Foles,Sun,4,4,2020-10-04,31-258,CHI,,IND,L 11-19,QB,FoleNi00
2729,Jared Goff,Sun,4,4,2020-10-04,25-356,LAR,,NYG,W 17-9,QB,GoffJa00
2730,Dwayne Haskins,Sun,4,4,2020-10-04,23-154,WAS,,BAL,L 17-31,QB,HaskDw00
2731,Justin Herbert,Sun,4,4,2020-10-04,22-208,LAC,@,TAM,L 31-38,QB,HerbJu00
2732,Lamar Jackson,Sun,4,4,2020-10-04,23-271,BAL,@,WAS,W 31-17,QB,JackLa00
2733,Daniel Jones,Sun,4,4,2020-10-04,23-130,NYG,@,LAR,L 9-17,QB,JoneDa05
2734,Baker Mayfield,Sun,4,4,2020-10-04,25-173,CLE,@,DAL,W 49-38,QB,MayfBa00
2735,Gardner Minshew II,Sun,4,4,2020-10-04,24-141,JAX,@,CIN,L 25-33,QB,MinsGa00
2736,Nick Mullens,Sun,4,4,2020-10-04,25-197,SFO,,PHI,L 20-25,QB,MullNi00
2737,Kyler Murray,Sun,4,4,2020-10-04,23-058,ARI,@,CAR,L 21-31,QB,MurrKy00
2738,Dak Prescott,Sun,4,4,2020-10-04,27-067,DAL,,CLE,L 38-49,QB,PresDa01
2739,Philip Rivers,Sun,4,4,2020-10-04,38-301,IND,@,CHI,W 19-11,QB,RivePh00
2740,Matthew Stafford,Sun,4,4,2020-10-04,32-240,DET,,NOR,L 29-35,QB,StafMa00
2741,Deshaun Watson,Sun,4,4,2020-10-04,25-020,HOU,,MIN,L 23-31,QB,WatsDe00
2742,Carson Wentz,Sun,4,4,2020-10-04,27-279,PHI,@,SFO,W 25-20,QB,WentCa00
2743,Russell Wilson,Sun,4,4,2020-10-04,31-310,SEA,@,MIA,W 31-23,QB,WilsRu00
2744,Sam Darnold,Thu,4,4,2020-10-01,23-118,NYJ,,DEN,L 28-37,QB,DarnSa00
2745,Brett Rypien,Thu,4,4,2020-10-01,24-084,DEN,@,NYJ,W 37-28,QB,RypiBr00
2746,Lamar Jackson,Mon,3,3,2020-09-28,23-265,BAL,,KAN,L 20-34,QB,JackLa00
2747,Patrick Mahomes,Mon,3,3,2020-09-28,25-011,KAN,@,BAL,W 34-20,QB,MahoPa00
2748,Josh Allen,Sun,3,3,2020-09-27,24-129,BUF,,LAR,W 35-32,QB,AlleJo02
2749,Tom Brady,Sun,3,3,2020-09-27,43-055,TAM,@,DEN,W 28-10,QB,BradTo00
2750,Drew Brees,Sun,3,3,2020-09-27,41-256,NOR,,GNB,L 30-37,QB,BreeDr00
2751,Teddy Bridgewater,Sun,3,3,2020-09-27,27-322,CAR,@,LAC,W 21-16,QB,BridTe00
2752,Joe Burrow,Sun,3,3,2020-09-27,23-292,CIN,@,PHI,T 23-23 (OT),QB,BurrJo01
2753,Derek Carr,Sun,3,3,2020-09-27,29-183,LVR,@,NWE,L 20-36,QB,CarrDe02
2754,Kirk Cousins,Sun,3,3,2020-09-27,32-039,MIN,,TEN,L 30-31,QB,CousKi00
2755,Sam Darnold,Sun,3,3,2020-09-27,23-114,NYJ,@,IND,L 7-36,QB,DarnSa00
2756,Jeff Driskel,Sun,3,3,2020-09-27,27-157,DEN,,TAM,L 10-28,QB,DrisJe00
2757,Jared Goff,Sun,3,3,2020-09-27,25-349,LAR,@,BUF,L 32-35,QB,GoffJa00
2758,Dwayne Haskins,Sun,3,3,2020-09-27,23-147,WAS,@,CLE,L 20-34,QB,HaskDw00
2759,Justin Herbert,Sun,3,3,2020-09-27,22-201,LAC,,CAR,L 16-21,QB,HerbJu00
2760,Taysom Hill,Sun,3,3,2020-09-27,30-035,NOR,,GNB,L 30-37,QB/WR,HillTa00
2761,Daniel Jones,Sun,3,3,2020-09-27,23-123,NYG,,SFO,L 9-36,QB,JoneDa05
2762,Baker Mayfield,Sun,3,3,2020-09-27,25-166,CLE,,WAS,W 34-20,QB,MayfBa00
2763,Nick Mullens,Sun,3,3,2020-09-27,25-190,SFO,@,NYG,W 36-9,QB,MullNi00
2764,Kyler Murray,Sun,3,3,2020-09-27,23-051,ARI,,DET,L 23-26,QB,MurrKy00
2765,Cam Newton,Sun,3,3,2020-09-27,31-139,NWE,,LVR,W 36-20,QB,NewtCa00
2766,Dak Prescott,Sun,3,3,2020-09-27,27-060,DAL,@,SEA,L 31-38,QB,PresDa01
2767,Philip Rivers,Sun,3,3,2020-09-27,38-294,IND,,NYJ,W 36-7,QB,RivePh00
2768,Aaron Rodgers,Sun,3,3,2020-09-27,36-300,GNB,@,NOR,W 37-30,QB,RodgAa00
2769,Ben Roethlisberger,Sun,3,3,2020-09-27,38-209,PIT,,HOU,W 28-21,QB,RoetBe00
2770,Matt Ryan,Sun,3,3,2020-09-27,35-133,ATL,,CHI,L 26-30,QB,RyanMa00
2771,Matthew Stafford,Sun,3,3,2020-09-27,32-233,DET,@,ARI,W 26-23,QB,StafMa00
2772,Ryan Tannehill,Sun,3,3,2020-09-27,32-062,TEN,@,MIN,W 31-30,QB,TannRy00
2773,Mitchell Trubisky,Sun,3,3,2020-09-27,26-038,CHI,@,ATL,W 30-26,QB,TrubMi00
2774,Deshaun Watson,Sun,3,3,2020-09-27,25-013,HOU,@,PIT,L 21-28,QB,WatsDe00
2775,Carson Wentz,Sun,3,3,2020-09-27,27-272,PHI,,CIN,T 23-23 (OT),QB,WentCa00
2776,Russell Wilson,Sun,3,3,2020-09-27,31-303,SEA,,DAL,W 38-31,QB,WilsRu00
2777,Ryan Fitzpatrick,Thu,3,3,2020-09-24,37-305,MIA,@,JAX,W 31-13,QB,FitzRy00
2778,Gardner Minshew II,Thu,3,3,2020-09-24,24-131,JAX,,MIA,L 13-31,QB,MinsGa00
2779,Drew Brees,Mon,2,2,2020-09-21,41-250,NOR,@,LVR,L 24-34,QB,BreeDr00
2780,Derek Carr,Mon,2,2,2020-09-21,29-177,LVR,,NOR,W 34-24,QB,CarrDe02
2781,Josh Allen,Sun,2,2,2020-09-20,24-122,BUF,@,MIA,W 31-28,QB,AlleJo02
2782,Tom Brady,Sun,2,2,2020-09-20,43-048,TAM,,CAR,W 31-17,QB,BradTo00
2783,Teddy Bridgewater,Sun,2,2,2020-09-20,27-315,CAR,@,TAM,L 17-31,QB,BridTe00
2784,Kirk Cousins,Sun,2,2,2020-09-20,32-032,MIN,@,IND,L 11-28,QB,CousKi00
2785,Sam Darnold,Sun,2,2,2020-09-20,23-107,NYJ,,SFO,L 13-31,QB,DarnSa00
2786,Ryan Fitzpatrick,Sun,2,2,2020-09-20,37-301,MIA,,BUF,L 28-31,QB,FitzRy00
2787,Jimmy Garoppolo,Sun,2,2,2020-09-20,28-323,SFO,@,NYJ,W 31-13,QB,GaroJi00
2788,Jared Goff,Sun,2,2,2020-09-20,25-342,LAR,@,PHI,W 37-19,QB,GoffJa00
2789,Dwayne Haskins,Sun,2,2,2020-09-20,23-140,WAS,@,ARI,L 15-30,QB,HaskDw00
2790,Justin Herbert,Sun,2,2,2020-09-20,22-194,LAC,,KAN,L 20-23 (OT),QB,HerbJu00
2791,Lamar Jackson,Sun,2,2,2020-09-20,23-257,BAL,@,HOU,W 33-16,QB,JackLa00
2792,Daniel Jones,Sun,2,2,2020-09-20,23-116,NYG,@,CHI,L 13-17,QB,JoneDa05
2793,Drew Lock,Sun,2,2,2020-09-20,23-315,DEN,@,PIT,L 21-26,QB,LockDr00
2794,Patrick Mahomes,Sun,2,2,2020-09-20,25-003,KAN,@,LAC,W 23-20 (OT),QB,MahoPa00
2795,Gardner Minshew II,Sun,2,2,2020-09-20,24-127,JAX,@,TEN,L 30-33,QB,MinsGa00
2796,Kyler Murray,Sun,2,2,2020-09-20,23-044,ARI,,WAS,W 30-15,QB,MurrKy00
2797,Cam Newton,Sun,2,2,2020-09-20,31-132,NWE,@,SEA,L 30-35,QB,NewtCa00
2798,Dak Prescott,Sun,2,2,2020-09-20,27-053,DAL,,ATL,W 40-39,QB,PresDa01
2799,Philip Rivers,Sun,2,2,2020-09-20,38-287,IND,,MIN,W 28-11,QB,RivePh00
2800,Aaron Rodgers,Sun,2,2,2020-09-20,36-293,GNB,,DET,W 42-21,QB,RodgAa00
2801,Ben Roethlisberger,Sun,2,2,2020-09-20,38-202,PIT,,DEN,W 26-21,QB,RoetBe00
2802,Matt Ryan,Sun,2,2,2020-09-20,35-126,ATL,@,DAL,L 39-40,QB,RyanMa00
2803,Matthew Stafford,Sun,2,2,2020-09-20,32-226,DET,@,GNB,L 21-42,QB,StafMa00
2804,Ryan Tannehill,Sun,2,2,2020-09-20,32-055,TEN,,JAX,W 33-30,QB,TannRy00
2805,Mitchell Trubisky,Sun,2,2,2020-09-20,26-031,CHI,,NYG,W 17-13,QB,TrubMi00
2806,Deshaun Watson,Sun,2,2,2020-09-20,25-006,HOU,,BAL,L 16-33,QB,WatsDe00
2807,Carson Wentz,Sun,2,2,2020-09-20,27-265,PHI,,LAR,L 19-37,QB,WentCa00
2808,Russell Wilson,Sun,2,2,2020-09-20,31-296,SEA,,NWE,W 35-30,QB,WilsRu00
2809,Joe Burrow,Thu,2,2,2020-09-17,23-282,CIN,@,CLE,L 30-35,QB,BurrJo01
2810,Baker Mayfield,Thu,2,2,2020-09-17,25-156,CLE,,CIN,W 35-30,QB,MayfBa00
2811,Daniel Jones,Mon,1,1,2020-09-14,23-110,NYG,,PIT,L 16-26,QB,JoneDa05
2812,Drew Lock,Mon,1,1,2020-09-14,23-309,DEN,,TEN,L 14-16,QB,LockDr00
2813,Ben Roethlisberger,Mon,1,1,2020-09-14,38-196,PIT,@,NYG,W 26-16,QB,RoetBe00
2814,Ryan Tannehill,Mon,1,1,2020-09-14,32-049,TEN,@,DEN,W 16-14,QB,TannRy00
2815,Josh Allen,Sun,1,1,2020-09-13,24-115,BUF,,NYJ,W 27-17,QB,AlleJo02
2816,Tom Brady,Sun,1,1,2020-09-13,43-041,TAM,@,NOR,L 23-34,QB,BradTo00
2817,Drew Brees,Sun,1,1,2020-09-13,41-242,NOR,,TAM,W 34-23,QB,BreeDr00
2818,Teddy Bridgewater,Sun,1,1,2020-09-13,27-308,CAR,,LVR,L 30-34,QB,BridTe00
2819,Joe Burrow,Sun,1,1,2020-09-13,23-278,CIN,,LAC,L 13-16,QB,BurrJo01
2820,Derek Carr,Sun,1,1,2020-09-13,29-169,LVR,@,CAR,W 34-30,QB,CarrDe02
2821,Kirk Cousins,Sun,1,1,2020-09-13,32-025,MIN,,GNB,L 34-43,QB,CousKi00
2822,Sam Darnold,Sun,1,1,2020-09-13,23-100,NYJ,@,BUF,L 17-27,QB,DarnSa00
2823,Ryan Fitzpatrick,Sun,1,1,2020-09-13,37-294,MIA,@,NWE,L 11-21,QB,FitzRy00
2824,Jimmy Garoppolo,Sun,1,1,2020-09-13,28-316,SFO,,ARI,L 20-24,QB,GaroJi00
2825,Jared Goff,Sun,1,1,2020-09-13,25-335,LAR,,DAL,W 20-17,QB,GoffJa00
2826,Dwayne Haskins,Sun,1,1,2020-09-13,23-133,WAS,,PHI,W 27-17,QB,HaskDw00
2827,Taysom Hill,Sun,1,1,2020-09-13,30-021,NOR,,TAM,W 34-23,QB/WR,HillTa00
2828,Lamar Jackson,Sun,1,1,2020-09-13,23-250,BAL,,CLE,W 38-6,QB,JackLa00
2829,Baker Mayfield,Sun,1,1,2020-09-13,25-152,CLE,@,BAL,L 6-38,QB,MayfBa00
2830,Gardner Minshew II,Sun,1,1,2020-09-13,24-120,JAX,,IND,W 27-20,QB,MinsGa00
2831,Kyler Murray,Sun,1,1,2020-09-13,23-037,ARI,@,SFO,W 24-20,QB,MurrKy00
2832,Cam Newton,Sun,1,1,2020-09-13,31-125,NWE,,MIA,W 21-11,QB,NewtCa00
2833,Dak Prescott,Sun,1,1,2020-09-13,27-046,DAL,@,LAR,L 17-20,QB,PresDa01
2834,Philip Rivers,Sun,1,1,2020-09-13,38-280,IND,@,JAX,L 20-27,QB,RivePh00
2835,Aaron Rodgers,Sun,1,1,2020-09-13,36-286,GNB,@,MIN,W 43-34,QB,RodgAa00
2836,Matt Ryan,Sun,1,1,2020-09-13,35-119,ATL,,SEA,L 25-38,QB,RyanMa00
2837,Matthew Stafford,Sun,1,1,2020-09-13,32-219,DET,,CHI,L 23-27,QB,StafMa00
2838,Tyrod Taylor,Sun,1,1,2020-09-13,31-041,LAC,@,CIN,W 16-13,QB,TaylTy00
2839,Mitchell Trubisky,Sun,1,1,2020-09-13,26-024,CHI,@,DET,W 27-23,QB,TrubMi00
2840,Carson Wentz,Sun,1,1,2020-09-13,27-258,PHI,@,WAS,L 17-27,QB,WentCa00
2841,Russell Wilson,Sun,1,1,2020-09-13,31-289,SEA,@,ATL,W 38-25,QB,WilsRu00
2842,Patrick Mahomes,Thu,1,1,2020-09-10,24-359,KAN,,HOU,W 34-20,QB,MahoPa00
2843,Deshaun Watson,Thu,1,1,2020-09-10,24-362,HOU,@,KAN,L 20-34,QB,WatsDe00
2844,Jimmy Garoppolo,Sun,3,21,2020-02-02,28-092,SFO,N,KAN,L 20-31,QB,GaroJi00
2845,Patrick Mahomes,Sun,3,21,2020-02-02,24-138,KAN,N,SFO,W 31-20,QB,MahoPa00
2846,Jimmy Garoppolo,Sun,2,20,2020-01-19,28-078,SFO,,GNB,W 37-20,QB,GaroJi00
2847,Patrick Mahomes,Sun,2,20,2020-01-19,24-124,KAN,,TEN,W 35-24,QB,MahoPa00
2848,Aaron Rodgers,Sun,2,20,2020-01-19,36-048,GNB,@,SFO,L 20-37,QB,RodgAa00
2849,Ryan Tannehill,Sun,3,20,2020-01-19,31-176,TEN,@,KAN,L 24-35,QB,TannRy00
2850,Patrick Mahomes,Sun,1,19,2020-01-12,24-117,KAN,,HOU,W 51-31,QB,MahoPa00
2851,Aaron Rodgers,Sun,1,19,2020-01-12,36-041,GNB,,SEA,W 28-23,QB,RodgAa00
2852,Deshaun Watson,Sun,2,19,2020-01-12,24-120,HOU,@,KAN,L 31-51,QB,WatsDe00
2853,Russell Wilson,Sun,2,19,2020-01-12,31-044,SEA,@,GNB,L 23-28,QB,WilsRu00
2854,Kirk Cousins,Sat,2,19,2020-01-11,31-145,MIN,@,SFO,L 10-27,QB,CousKi00
2855,Jimmy Garoppolo,Sat,1,19,2020-01-11,28-070,SFO,,MIN,W 27-10,QB,GaroJi00
2856,Lamar Jackson,Sat,1,19,2020-01-11,23-004,BAL,,TEN,L 12-28,QB,JackLa00
2857,Ryan Tannehill,Sat,2,19,2020-01-11,31-168,TEN,@,BAL,W 28-12,QB,TannRy00
2858,Drew Brees,Sun,1,18,2020-01-05,40-355,NOR,,MIN,L 20-26 (OT),QB,BreeDr00
2859,Kirk Cousins,Sun,1,18,2020-01-05,31-139,MIN,@,NOR,W 26-20 (OT),QB,CousKi00
2860,Taysom Hill,Sun,1,18,2020-01-05,29-135,NOR,,MIN,L 20-26 (OT),WR/QB,HillTa00
2861,Carson Wentz,Sun,1,18,2020-01-05,27-006,PHI,,SEA,L 9-17,QB,WentCa00
2862,Russell Wilson,Sun,1,18,2020-01-05,31-037,SEA,@,PHI,W 17-9,QB,WilsRu00
2863,Josh Allen,Sat,1,18,2020-01-04,23-228,BUF,@,HOU,L 19-22 (OT),QB,AlleJo02
2864,Tom Brady,Sat,1,18,2020-01-04,42-154,NWE,,TEN,L 13-20,QB,BradTo00
2865,Ryan Tannehill,Sat,1,18,2020-01-04,31-161,TEN,@,NWE,W 20-13,QB,TannRy00
2866,Deshaun Watson,Sat,1,18,2020-01-04,24-112,HOU,,BUF,W 22-19 (OT),QB,WatsDe00
2867,Josh Allen,Sun,16,17,2019-12-29,23-222,BUF,,NYJ,L 6-13,QB,AlleJo02
2868,David Blough,Sun,16,17,2019-12-29,24-151,DET,,GNB,L 20-23,QB,BlouDa00
2869,Tom Brady,Sun,16,17,2019-12-29,42-148,NWE,,MIA,L 24-27,QB,BradTo00
2870,Drew Brees,Sun,16,17,2019-12-29,40-348,NOR,@,CAR,W 42-10,QB,BreeDr00
2871,Jacoby Brissett,Sun,16,17,2019-12-29,27-018,IND,@,JAX,L 20-38,QB,BrisJa00
2872,Derek Carr,Sun,16,17,2019-12-29,28-276,OAK,@,DEN,L 15-16,QB,CarrDe02
2873,Andy Dalton,Sun,16,17,2019-12-29,32-061,CIN,,CLE,W 33-23,QB,DaltAn00
2874,Sam Darnold,Sun,16,17,2019-12-29,22-207,NYJ,@,BUF,W 13-6,QB,DarnSa00
2875,Ryan Fitzpatrick,Sun,16,17,2019-12-29,37-035,MIA,@,NWE,W 27-24,QB,FitzRy00
2876,Jimmy Garoppolo,Sun,16,17,2019-12-29,28-057,SFO,@,SEA,W 26-21,QB,GaroJi00
2877,Jared Goff,Sun,16,17,2019-12-29,25-076,LAR,,ARI,W 31-24,QB,GoffJa00
2878,Will Grier,Sun,16,17,2019-12-29,24-270,CAR,,NOR,L 10-42,QB,GrieWi00
2879,Robert Griffin III,Sun,16,17,2019-12-29,29-320,BAL,,PIT,W 28-10,QB,GrifRo01
2880,Taysom Hill,Sun,16,17,2019-12-29,29-128,NOR,@,CAR,W 42-10,WR/QB,HillTa00
2881,Devlin Hodges,Sun,16,17,2019-12-29,23-261,PIT,@,BAL,L 10-28,QB,HodgDe00
2882,Daniel Jones,Sun,16,17,2019-12-29,22-216,NYG,,PHI,L 17-34,QB,JoneDa05
2883,Case Keenum,Sun,16,17,2019-12-29,31-315,WAS,@,DAL,L 16-47,QB,KeenCa00
2884,Drew Lock,Sun,16,17,2019-12-29,23-049,DEN,,OAK,W 16-15,QB,LockDr00
2885,Patrick Mahomes,Sun,16,17,2019-12-29,24-103,KAN,,LAC,W 31-21,QB,MahoPa00
2886,Sean Mannion,Sun,16,17,2019-12-29,27-248,MIN,,CHI,L 19-21,QB,MannSe00
2887,Baker Mayfield,Sun,16,17,2019-12-29,24-259,CLE,@,CIN,L 23-33,QB,MayfBa00
2888,A.J. McCarron,Sun,16,17,2019-12-29,29-107,HOU,,TEN,L 14-35,QB,McCaA.00
2889,Gardner Minshew II,Sun,16,17,2019-12-29,23-227,JAX,,IND,W 38-20,QB,MinsGa00
2890,Kyler Murray,Sun,16,17,2019-12-29,22-144,ARI,@,LAR,L 24-31,QB,MurrKy00
2891,Dak Prescott,Sun,16,17,2019-12-29,26-153,DAL,,WAS,W 47-16,QB,PresDa01
2892,Philip Rivers,Sun,16,17,2019-12-29,38-021,LAC,@,KAN,L 21-31,QB,RivePh00
2893,Aaron Rodgers,Sun,16,17,2019-12-29,36-027,GNB,@,DET,W 23-20,QB,RodgAa00
2894,Matt Ryan,Sun,16,17,2019-12-29,34-226,ATL,@,TAM,W 28-22 (OT),QB,RyanMa00
2895,Ryan Tannehill,Sun,16,17,2019-12-29,31-155,TEN,@,HOU,W 35-14,QB,TannRy00
2896,Mitchell Trubisky,Sun,16,17,2019-12-29,25-131,CHI,@,MIN,W 21-19,QB,TrubMi00
2897,Carson Wentz,Sun,16,17,2019-12-29,26-364,PHI,@,NYG,W 34-17,QB,WentCa00
2898,Russell Wilson,Sun,16,17,2019-12-29,31-030,SEA,,SFO,L 21-26,QB,WilsRu00
2899,Jameis Winston,Sun,16,17,2019-12-29,25-357,TAM,,ATL,L 22-28 (OT),QB,WinsJa00
2900,Kirk Cousins,Mon,15,16,2019-12-23,31-126,MIN,,GNB,L 10-23,QB,CousKi00
2901,Aaron Rodgers,Mon,15,16,2019-12-23,36-021,GNB,@,MIN,W 23-10,QB,RodgAa00
2902,David Blough,Sun,15,16,2019-12-22,24-144,DET,@,DEN,L 17-27,QB,BlouDa00
2903,Drew Brees,Sun,15,16,2019-12-22,40-341,NOR,@,TEN,W 38-28,QB,BreeDr00
2904,Jacoby Brissett,Sun,15,16,2019-12-22,27-011,IND,,CAR,W 38-6,QB,BrisJa00
2905,Derek Carr,Sun,15,16,2019-12-22,28-269,OAK,@,LAC,W 24-17,QB,CarrDe02
2906,Andy Dalton,Sun,15,16,2019-12-22,32-054,CIN,@,MIA,L 35-38 (OT),QB,DaltAn00
2907,Sam Darnold,Sun,15,16,2019-12-22,22-200,NYJ,,PIT,W 16-10,QB,DarnSa00
2908,Ryan Fitzpatrick,Sun,15,16,2019-12-22,37-028,MIA,,CIN,W 38-35 (OT),QB,FitzRy00
2909,Will Grier,Sun,15,16,2019-12-22,24-263,CAR,@,IND,L 6-38,QB,GrieWi00
2910,Dwayne Haskins,Sun,15,16,2019-12-22,22-233,WAS,,NYG,L 35-41 (OT),QB,HaskDw00
2911,Taysom Hill,Sun,15,16,2019-12-22,29-121,NOR,@,TEN,W 38-28,WR/QB,HillTa00
2912,Devlin Hodges,Sun,15,16,2019-12-22,23-254,PIT,@,NYJ,L 10-16,QB,HodgDe00
2913,Lamar Jackson,Sun,15,16,2019-12-22,22-349,BAL,@,CLE,W 31-15,QB,JackLa00
2914,Daniel Jones,Sun,15,16,2019-12-22,22-209,NYG,@,WAS,W 41-35 (OT),QB,JoneDa05
2915,Drew Lock,Sun,15,16,2019-12-22,23-042,DEN,,DET,W 27-17,QB,LockDr00
2916,Patrick Mahomes,Sun,15,16,2019-12-22,24-096,KAN,@,CHI,W 26-3,QB,MahoPa00
2917,Baker Mayfield,Sun,15,16,2019-12-22,24-252,CLE,,BAL,L 15-31,QB,MayfBa00
2918,Gardner Minshew II,Sun,15,16,2019-12-22,23-220,JAX,@,ATL,L 12-24,QB,MinsGa00
2919,Kyler Murray,Sun,15,16,2019-12-22,22-137,ARI,@,SEA,W 27-13,QB,MurrKy00
2920,Dak Prescott,Sun,15,16,2019-12-22,26-146,DAL,@,PHI,L 9-17,QB,PresDa01
2921,Philip Rivers,Sun,15,16,2019-12-22,38-014,LAC,,OAK,L 17-24,QB,RivePh00
2922,Matt Ryan,Sun,15,16,2019-12-22,34-219,ATL,,JAX,W 24-12,QB,RyanMa00
2923,Ryan Tannehill,Sun,15,16,2019-12-22,31-148,TEN,,NOR,L 28-38,QB,TannRy00
2924,Mitchell Trubisky,Sun,15,16,2019-12-22,25-124,CHI,,KAN,L 3-26,QB,TrubMi00
2925,Carson Wentz,Sun,15,16,2019-12-22,26-357,PHI,,DAL,W 17-9,QB,WentCa00
2926,Russell Wilson,Sun,15,16,2019-12-22,31-023,SEA,,ARI,L 13-27,QB,WilsRu00
2927,Josh Allen,Sat,15,16,2019-12-21,23-214,BUF,@,NWE,L 17-24,QB,AlleJo02
2928,Tom Brady,Sat,15,16,2019-12-21,42-140,NWE,,BUF,W 24-17,QB,BradTo00
2929,Jimmy Garoppolo,Sat,15,16,2019-12-21,28-049,SFO,,LAR,W 34-31,QB,GaroJi00
2930,Jared Goff,Sat,15,16,2019-12-21,25-068,LAR,@,SFO,L 31-34,QB,GoffJa00
2931,Deshaun Watson,Sat,15,16,2019-12-21,24-098,HOU,@,TAM,W 23-20,QB,WatsDe00
2932,Jameis Winston,Sat,15,16,2019-12-21,25-349,TAM,,HOU,L 20-23,QB,WinsJa00
2933,Drew Brees,Mon,14,15,2019-12-16,40-335,NOR,,IND,W 34-7,QB,BreeDr00
2934,Jacoby Brissett,Mon,14,15,2019-12-16,27-005,IND,@,NOR,L 7-34,QB,BrisJa00
2935,Taysom Hill,Mon,14,15,2019-12-16,29-115,NOR,,IND,W 34-7,WR/QB,HillTa00
2936,Josh Allen,Sun,14,15,2019-12-15,23-208,BUF,@,PIT,W 17-10,QB,AlleJo02
2937,Kyle Allen,Sun,14,15,2019-12-15,23-282,CAR,,SEA,L 24-30,QB,AlleKy00
2938,David Blough,Sun,14,15,2019-12-15,24-137,DET,,TAM,L 17-38,QB,BlouDa00
2939,Tom Brady,Sun,14,15,2019-12-15,42-134,NWE,@,CIN,W 34-13,QB,BradTo00
2940,Derek Carr,Sun,14,15,2019-12-15,28-262,OAK,,JAX,L 16-20,QB,CarrDe02
2941,Kirk Cousins,Sun,14,15,2019-12-15,31-118,MIN,@,LAC,W 39-10,QB,CousKi00
2942,Andy Dalton,Sun,14,15,2019-12-15,32-047,CIN,,NWE,L 13-34,QB,DaltAn00
2943,Ryan Fitzpatrick,Sun,14,15,2019-12-15,37-021,MIA,@,NYG,L 20-36,QB,FitzRy00
2944,Jimmy Garoppolo,Sun,14,15,2019-12-15,28-043,SFO,,ATL,L 22-29,QB,GaroJi00
2945,Jared Goff,Sun,14,15,2019-12-15,25-062,LAR,@,DAL,L 21-44,QB,GoffJa00
2946,Dwayne Haskins,Sun,14,15,2019-12-15,22-226,WAS,,PHI,L 27-37,QB,HaskDw00
2947,Devlin Hodges,Sun,14,15,2019-12-15,23-247,PIT,,BUF,L 10-17,QB,HodgDe00
2948,Drew Lock,Sun,14,15,2019-12-15,23-035,DEN,@,KAN,L 3-23,QB,LockDr00
2949,Patrick Mahomes,Sun,14,15,2019-12-15,24-089,KAN,,DEN,W 23-3,QB,MahoPa00
2950,Eli Manning,Sun,14,15,2019-12-15,38-346,NYG,,MIA,W 36-20,QB,MannEl00
2951,Baker Mayfield,Sun,14,15,2019-12-15,24-245,CLE,@,ARI,L 24-38,QB,MayfBa00
2952,Gardner Minshew II,Sun,14,15,2019-12-15,23-213,JAX,@,OAK,W 20-16,QB,MinsGa00
2953,Kyler Murray,Sun,14,15,2019-12-15,22-130,ARI,,CLE,W 38-24,QB,MurrKy00
2954,Dak Prescott,Sun,14,15,2019-12-15,26-139,DAL,,LAR,W 44-21,QB,PresDa01
2955,Philip Rivers,Sun,14,15,2019-12-15,38-007,LAC,,MIN,L 10-39,QB,RivePh00
2956,Aaron Rodgers,Sun,14,15,2019-12-15,36-013,GNB,,CHI,W 21-13,QB,RodgAa00
2957,Matt Ryan,Sun,14,15,2019-12-15,34-212,ATL,@,SFO,W 29-22,QB,RyanMa00
2958,Ryan Tannehill,Sun,14,15,2019-12-15,31-141,TEN,,HOU,L 21-24,QB,TannRy00
2959,Mitchell Trubisky,Sun,14,15,2019-12-15,25-117,CHI,@,GNB,L 13-21,QB,TrubMi00
2960,Deshaun Watson,Sun,14,15,2019-12-15,24-092,HOU,@,TEN,W 24-21,QB,WatsDe00
2961,Carson Wentz,Sun,14,15,2019-12-15,26-350,PHI,@,WAS,W 37-27,QB,WentCa00
2962,Russell Wilson,Sun,14,15,2019-12-15,31-016,SEA,@,CAR,W 30-24,QB,WilsRu00
2963,Jameis Winston,Sun,14,15,2019-12-15,25-343,TAM,@,DET,W 38-17,QB,WinsJa00
2964,Sam Darnold,Thu,14,15,2019-12-12,22-190,NYJ,@,BAL,L 21-42,QB,DarnSa00
2965,Lamar Jackson,Thu,14,15,2019-12-12,22-339,BAL,,NYJ,W 42-21,QB,JackLa00
2966,Eli Manning,Mon,13,14,2019-12-09,38-340,NYG,@,PHI,L 17-23 (OT),QB,MannEl00
2967,Carson Wentz,Mon,13,14,2019-12-09,26-344,PHI,,NYG,W 23-17 (OT),QB,WentCa00
2968,Josh Allen,Sun,13,14,2019-12-08,23-201,BUF,,BAL,L 17-24,QB,AlleJo02
2969,Kyle Allen,Sun,13,14,2019-12-08,23-275,CAR,@,ATL,L 20-40,QB,AlleKy00
2970,David Blough,Sun,13,14,2019-12-08,24-130,DET,@,MIN,L 7-20,QB,BlouDa00
2971,Tom Brady,Sun,13,14,2019-12-08,42-127,NWE,,KAN,L 16-23,QB,BradTo00
2972,Drew Brees,Sun,13,14,2019-12-08,40-327,NOR,,SFO,L 46-48,QB,BreeDr00
2973,Jacoby Brissett,Sun,13,14,2019-12-08,26-362,IND,@,TAM,L 35-38,QB,BrisJa00
2974,Derek Carr,Sun,13,14,2019-12-08,28-255,OAK,,TEN,L 21-42,QB,CarrDe02
2975,Kirk Cousins,Sun,13,14,2019-12-08,31-111,MIN,,DET,W 20-7,QB,CousKi00
2976,Andy Dalton,Sun,13,14,2019-12-08,32-040,CIN,@,CLE,L 19-27,QB,DaltAn00
2977,Sam Darnold,Sun,13,14,2019-12-08,22-186,NYJ,,MIA,W 22-21,QB,DarnSa00
2978,Ryan Fitzpatrick,Sun,13,14,2019-12-08,37-014,MIA,@,NYJ,L 21-22,QB,FitzRy00
2979,Jimmy Garoppolo,Sun,13,14,2019-12-08,28-036,SFO,@,NOR,W 48-46,QB,GaroJi00
2980,Jared Goff,Sun,13,14,2019-12-08,25-055,LAR,,SEA,W 28-12,QB,GoffJa00
2981,Dwayne Haskins,Sun,13,14,2019-12-08,22-219,WAS,@,GNB,L 15-20,QB,HaskDw00
2982,Devlin Hodges,Sun,13,14,2019-12-08,23-240,PIT,@,ARI,W 23-17,QB,HodgDe00
2983,Lamar Jackson,Sun,13,14,2019-12-08,22-335,BAL,@,BUF,W 24-17,QB,JackLa00
2984,Drew Lock,Sun,13,14,2019-12-08,23-028,DEN,@,HOU,W 38-24,QB,LockDr00
2985,Patrick Mahomes,Sun,13,14,2019-12-08,24-082,KAN,@,NWE,W 23-16,QB,MahoPa00
2986,Baker Mayfield,Sun,13,14,2019-12-08,24-238,CLE,,CIN,W 27-19,QB,MayfBa00
2987,Gardner Minshew II,Sun,13,14,2019-12-08,23-206,JAX,,LAC,L 10-45,QB,MinsGa00
2988,Kyler Murray,Sun,13,14,2019-12-08,22-123,ARI,,PIT,L 17-23,QB,MurrKy00
2989,Philip Rivers,Sun,13,14,2019-12-08,38-000,LAC,@,JAX,W 45-10,QB,RivePh00
2990,Aaron Rodgers,Sun,13,14,2019-12-08,36-006,GNB,,WAS,W 20-15,QB,RodgAa00
2991,Matt Ryan,Sun,13,14,2019-12-08,34-205,ATL,,CAR,W 40-20,QB,RyanMa00
2992,Ryan Tannehill,Sun,13,14,2019-12-08,31-134,TEN,@,OAK,W 42-21,QB,TannRy00
2993,Deshaun Watson,Sun,13,14,2019-12-08,24-085,HOU,,DEN,L 24-38,QB,WatsDe00
2994,Russell Wilson,Sun,13,14,2019-12-08,31-009,SEA,@,LAR,L 12-28,QB,WilsRu00
2995,Jameis Winston,Sun,13,14,2019-12-08,25-336,TAM,,IND,W 38-35,QB,WinsJa00
2996,Dak Prescott,Thu,13,14,2019-12-05,26-129,DAL,@,CHI,L 24-31,QB,PresDa01
2997,Mitchell Trubisky,Thu,13,14,2019-12-05,25-107,CHI,,DAL,W 31-24,QB,TrubMi00
2998,Kirk Cousins,Mon,12,13,2019-12-02,31-105,MIN,@,SEA,L 30-37,QB,CousKi00
2999,Russell Wilson,Mon,12,13,2019-12-02,31-003,SEA,,MIN,W 37-30,QB,WilsRu00
3000,Kyle Allen,Sun,12,13,2019-12-01,23-268,CAR,,WAS,L 21-29,QB,AlleKy00
3001,Tom Brady,Sun,12,13,2019-12-01,42-120,NWE,@,HOU,L 22-28,QB,BradTo00
3002,Jacoby Brissett,Sun,12,13,2019-12-01,26-355,IND,,TEN,L 17-31,QB,BrisJa00
3003,Derek Carr,Sun,12,13,2019-12-01,28-248,OAK,@,KAN,L 9-40,QB,CarrDe02
3004,Andy Dalton,Sun,12,13,2019-12-01,32-033,CIN,,NYJ,W 22-6,QB,DaltAn00
3005,Sam Darnold,Sun,12,13,2019-12-01,22-179,NYJ,@,CIN,L 6-22,QB,DarnSa00
3006,Ryan Fitzpatrick,Sun,12,13,2019-12-01,37-007,MIA,,PHI,W 37-31,QB,FitzRy00
3007,Nick Foles,Sun,12,13,2019-12-01,30-315,JAX,,TAM,L 11-28,QB,FoleNi00
3008,Jimmy Garoppolo,Sun,12,13,2019-12-01,28-029,SFO,@,BAL,L 17-20,QB,GaroJi00
3009,Jared Goff,Sun,12,13,2019-12-01,25-048,LAR,@,ARI,W 34-7,QB,GoffJa00
3010,Dwayne Haskins,Sun,12,13,2019-12-01,22-212,WAS,@,CAR,W 29-21,QB,HaskDw00
3011,Devlin Hodges,Sun,12,13,2019-12-01,23-233,PIT,,CLE,W 20-13,QB,HodgDe00
3012,Lamar Jackson,Sun,12,13,2019-12-01,22-328,BAL,,SFO,W 20-17,QB,JackLa00
3013,Daniel Jones,Sun,12,13,2019-12-01,22-188,NYG,,GNB,L 13-31,QB,JoneDa05
3014,Drew Lock,Sun,12,13,2019-12-01,23-021,DEN,,LAC,W 23-20,QB,LockDr00
3015,Patrick Mahomes,Sun,12,13,2019-12-01,24-075,KAN,,OAK,W 40-9,QB,MahoPa00
3016,Baker Mayfield,Sun,12,13,2019-12-01,24-231,CLE,@,PIT,L 13-20,QB,MayfBa00
3017,Kyler Murray,Sun,12,13,2019-12-01,22-116,ARI,,LAR,L 7-34,QB,MurrKy00
3018,Philip Rivers,Sun,12,13,2019-12-01,37-358,LAC,@,DEN,L 20-23,QB,RivePh00
3019,Aaron Rodgers,Sun,12,13,2019-12-01,35-364,GNB,@,NYG,W 31-13,QB,RodgAa00
3020,Ryan Tannehill,Sun,12,13,2019-12-01,31-127,TEN,@,IND,W 31-17,QB,TannRy00
3021,Deshaun Watson,Sun,12,13,2019-12-01,24-078,HOU,,NWE,W 28-22,QB,WatsDe00
3022,Carson Wentz,Sun,12,13,2019-12-01,26-336,PHI,@,MIA,L 31-37,QB,WentCa00
3023,Jameis Winston,Sun,12,13,2019-12-01,25-329,TAM,@,JAX,W 28-11,QB,WinsJa00
3024,Josh Allen,Thu,12,13,2019-11-28,23-191,BUF,@,DAL,W 26-15,QB,AlleJo02
3025,David Blough,Thu,12,13,2019-11-28,24-120,DET,,CHI,L 20-24,QB,BlouDa00
3026,Drew Brees,Thu,12,13,2019-11-28,40-317,NOR,@,ATL,W 26-18,QB,BreeDr00
3027,Taysom Hill,Thu,12,13,2019-11-28,29-097,NOR,@,ATL,W 26-18,WR/QB,HillTa00
3028,Dak Prescott,Thu,12,13,2019-11-28,26-122,DAL,,BUF,L 15-26,QB,PresDa01
3029,Matt Ryan,Thu,12,13,2019-11-28,34-195,ATL,,NOR,L 18-26,QB,RyanMa00
3030,Mitchell Trubisky,Thu,12,13,2019-11-28,25-100,CHI,@,DET,W 24-20,QB,TrubMi00
3031,Jared Goff,Mon,11,12,2019-11-25,25-042,LAR,,BAL,L 6-45,QB,GoffJa00
3032,Lamar Jackson,Mon,11,12,2019-11-25,22-322,BAL,@,LAR,W 45-6,QB,JackLa00
3033,Brandon Allen,Sun,11,12,2019-11-24,27-080,DEN,@,BUF,L 3-20,QB,AlleBr00
3034,Josh Allen,Sun,11,12,2019-11-24,23-187,BUF,,DEN,W 20-3,QB,AlleJo02
3035,Kyle Allen,Sun,11,12,2019-11-24,23-261,CAR,@,NOR,L 31-34,QB,AlleKy00
3036,Tom Brady,Sun,11,12,2019-11-24,42-113,NWE,,DAL,W 13-9,QB,BradTo00
3037,Drew Brees,Sun,11,12,2019-11-24,40-313,NOR,,CAR,W 34-31,QB,BreeDr00
3038,Derek Carr,Sun,11,12,2019-11-24,28-241,OAK,@,NYJ,L 3-34,QB,CarrDe02
3039,Sam Darnold,Sun,11,12,2019-11-24,22-172,NYJ,,OAK,W 34-3,QB,DarnSa00
3040,Jeff Driskel,Sun,11,12,2019-11-24,26-215,DET,@,WAS,L 16-19,QB,DrisJe00
3041,Ryan Finley,Sun,11,12,2019-11-24,24-333,CIN,,PIT,L 10-16,QB,FinlRy00
3042,Ryan Fitzpatrick,Sun,11,12,2019-11-24,37-000,MIA,@,CLE,L 24-41,QB,FitzRy00
3043,Nick Foles,Sun,11,12,2019-11-24,30-308,JAX,@,TEN,L 20-42,QB,FoleNi00
3044,Jimmy Garoppolo,Sun,11,12,2019-11-24,28-022,SFO,,GNB,W 37-8,QB,GaroJi00
3045,Dwayne Haskins,Sun,11,12,2019-11-24,22-205,WAS,,DET,W 19-16,QB,HaskDw00
3046,Daniel Jones,Sun,11,12,2019-11-24,22-181,NYG,@,CHI,L 14-19,QB,JoneDa05
3047,Baker Mayfield,Sun,11,12,2019-11-24,24-224,CLE,,MIA,W 41-24,QB,MayfBa00
3048,Dak Prescott,Sun,11,12,2019-11-24,26-118,DAL,@,NWE,L 9-13,QB,PresDa01
3049,Aaron Rodgers,Sun,11,12,2019-11-24,35-357,GNB,@,SFO,L 8-37,QB,RodgAa00
3050,Mason Rudolph,Sun,11,12,2019-11-24,24-130,PIT,@,CIN,W 16-10,QB,RudoMa00
3051,Matt Ryan,Sun,11,12,2019-11-24,34-191,ATL,,TAM,L 22-35,QB,RyanMa00
3052,Ryan Tannehill,Sun,11,12,2019-11-24,31-120,TEN,,JAX,W 42-20,QB,TannRy00
3053,Mitchell Trubisky,Sun,11,12,2019-11-24,25-096,CHI,,NYG,W 19-14,QB,TrubMi00
3054,Carson Wentz,Sun,11,12,2019-11-24,26-329,PHI,,SEA,L 9-17,QB,WentCa00
3055,Russell Wilson,Sun,11,12,2019-11-24,30-360,SEA,@,PHI,W 17-9,QB,WilsRu00
3056,Jameis Winston,Sun,11,12,2019-11-24,25-322,TAM,@,ATL,W 35-22,QB,WinsJa00
3057,Jacoby Brissett,Thu,11,12,2019-11-21,26-345,IND,@,HOU,L 17-20,QB,BrisJa00
3058,Deshaun Watson,Thu,11,12,2019-11-21,24-068,HOU,,IND,W 20-17,QB,WatsDe00
3059,Patrick Mahomes,Mon,11,11,2019-11-18,24-062,KAN,@,LAC,W 24-17,QB,MahoPa00
3060,Philip Rivers,Mon,11,11,2019-11-18,37-345,LAC,,KAN,L 17-24,QB,RivePh00
3061,Brandon Allen,Sun,10,11,2019-11-17,27-073,DEN,@,MIN,L 23-27,QB,AlleBr00
3062,Josh Allen,Sun,10,11,2019-11-17,23-180,BUF,@,MIA,W 37-20,QB,AlleJo02
3063,Kyle Allen,Sun,10,11,2019-11-17,23-254,CAR,,ATL,L 3-29,QB,AlleKy00
3064,Tom Brady,Sun,10,11,2019-11-17,42-106,NWE,@,PHI,W 17-10,QB,BradTo00
3065,Drew Brees,Sun,10,11,2019-11-17,40-306,NOR,@,TAM,W 34-17,QB,BreeDr00
3066,Jacoby Brissett,Sun,10,11,2019-11-17,26-341,IND,,JAX,W 33-13,QB,BrisJa00
3067,Derek Carr,Sun,10,11,2019-11-17,28-234,OAK,,CIN,W 17-10,QB,CarrDe02
3068,Kirk Cousins,Sun,11,11,2019-11-17,31-090,MIN,,DEN,W 27-23,QB,CousKi00
3069,Sam Darnold,Sun,10,11,2019-11-17,22-165,NYJ,@,WAS,W 34-17,QB,DarnSa00
3070,Jeff Driskel,Sun,10,11,2019-11-17,26-208,DET,,DAL,L 27-35,QB,DrisJe00
3071,Ryan Finley,Sun,10,11,2019-11-17,24-326,CIN,@,OAK,L 10-17,QB,FinlRy00
3072,Ryan Fitzpatrick,Sun,10,11,2019-11-17,36-358,MIA,,BUF,L 20-37,QB,FitzRy00
3073,Nick Foles,Sun,10,11,2019-11-17,30-301,JAX,@,IND,L 13-33,QB,FoleNi00
3074,Jimmy Garoppolo,Sun,10,11,2019-11-17,28-015,SFO,,ARI,W 36-26,QB,GaroJi00
3075,Jared Goff,Sun,10,11,2019-11-17,25-034,LAR,,CHI,W 17-7,QB,GoffJa00
3076,Dwayne Haskins,Sun,10,11,2019-11-17,22-198,WAS,,NYJ,L 17-34,QB,HaskDw00
3077,Lamar Jackson,Sun,10,11,2019-11-17,22-314,BAL,,HOU,W 41-7,QB,JackLa00
3078,Kyler Murray,Sun,11,11,2019-11-17,22-102,ARI,@,SFO,L 26-36,QB,MurrKy00
3079,Dak Prescott,Sun,10,11,2019-11-17,26-111,DAL,@,DET,W 35-27,QB,PresDa01
3080,Matt Ryan,Sun,10,11,2019-11-17,34-184,ATL,@,CAR,W 29-3,QB,RyanMa00
3081,Mitchell Trubisky,Sun,10,11,2019-11-17,25-089,CHI,@,LAR,L 7-17,QB,TrubMi00
3082,Deshaun Watson,Sun,10,11,2019-11-17,24-064,HOU,@,BAL,L 7-41,QB,WatsDe00
3083,Carson Wentz,Sun,10,11,2019-11-17,26-322,PHI,,NWE,L 10-17,QB,WentCa00
3084,Jameis Winston,Sun,10,11,2019-11-17,25-315,TAM,,NOR,L 17-34,QB,WinsJa00
3085,Baker Mayfield,Thu,10,11,2019-11-14,24-214,CLE,,PIT,W 21-7,QB,MayfBa00
3086,Mason Rudolph,Thu,10,11,2019-11-14,24-120,PIT,@,CLE,L 7-21,QB,RudoMa00
3087,Jimmy Garoppolo,Mon,9,10,2019-11-11,28-009,SFO,,SEA,L 24-27 (OT),QB,GaroJi00
3088,Russell Wilson,Mon,10,10,2019-11-11,30-347,SEA,@,SFO,W 27-24 (OT),QB,WilsRu00
3089,Josh Allen,Sun,9,10,2019-11-10,23-173,BUF,@,CLE,L 16-19,QB,AlleJo02
3090,Kyle Allen,Sun,9,10,2019-11-10,23-247,CAR,@,GNB,L 16-24,QB,AlleKy00
3091,Drew Brees,Sun,9,10,2019-11-10,40-299,NOR,,ATL,L 9-26,QB,BreeDr00
3092,Kirk Cousins,Sun,10,10,2019-11-10,31-083,MIN,@,DAL,W 28-24,QB,CousKi00
3093,Sam Darnold,Sun,9,10,2019-11-10,22-158,NYJ,,NYG,W 34-27,QB,DarnSa00
3094,Jeff Driskel,Sun,9,10,2019-11-10,26-201,DET,@,CHI,L 13-20,QB,DrisJe00
3095,Ryan Finley,Sun,9,10,2019-11-10,24-319,CIN,,BAL,L 13-49,QB,FinlRy00
3096,Ryan Fitzpatrick,Sun,9,10,2019-11-10,36-351,MIA,@,IND,W 16-12,QB,FitzRy00
3097,Jared Goff,Sun,9,10,2019-11-10,25-027,LAR,@,PIT,L 12-17,QB,GoffJa00
3098,Brian Hoyer,Sun,9,10,2019-11-10,34-028,IND,,MIA,L 12-16,QB,HoyeBr00
3099,Lamar Jackson,Sun,9,10,2019-11-10,22-307,BAL,@,CIN,W 49-13,QB,JackLa00
3100,Daniel Jones,Sun,10,10,2019-11-10,22-167,NYG,@,NYJ,L 27-34,QB,JoneDa05
3101,Patrick Mahomes,Sun,10,10,2019-11-10,24-054,KAN,@,TEN,L 32-35,QB,MahoPa00
3102,Baker Mayfield,Sun,9,10,2019-11-10,24-210,CLE,,BUF,W 19-16,QB,MayfBa00
3103,Kyler Murray,Sun,10,10,2019-11-10,22-095,ARI,@,TAM,L 27-30,QB,MurrKy00
3104,Dak Prescott,Sun,9,10,2019-11-10,26-104,DAL,,MIN,L 24-28,QB,PresDa01
3105,Aaron Rodgers,Sun,10,10,2019-11-10,35-343,GNB,,CAR,W 24-16,QB,RodgAa00
3106,Mason Rudolph,Sun,9,10,2019-11-10,24-116,PIT,,LAR,W 17-12,QB,RudoMa00
3107,Matt Ryan,Sun,9,10,2019-11-10,34-177,ATL,@,NOR,W 26-9,QB,RyanMa00
3108,Ryan Tannehill,Sun,10,10,2019-11-10,31-106,TEN,,KAN,W 35-32,QB,TannRy00
3109,Mitchell Trubisky,Sun,9,10,2019-11-10,25-082,CHI,,DET,W 20-13,QB,TrubMi00
3110,Jameis Winston,Sun,9,10,2019-11-10,25-308,TAM,,ARI,W 30-27,QB,WinsJa00
3111,Derek Carr,Thu,9,10,2019-11-07,28-224,OAK,,LAC,W 26-24,QB,CarrDe02
3112,Philip Rivers,Thu,10,10,2019-11-07,37-334,LAC,@,OAK,L 24-26,QB,RivePh00
3113,Daniel Jones,Mon,9,9,2019-11-04,22-161,NYG,,DAL,L 18-37,QB,JoneDa05
3114,Dak Prescott,Mon,8,9,2019-11-04,26-098,DAL,@,NYG,W 37-18,QB,PresDa01
3115,Brandon Allen,Sun,9,9,2019-11-03,27-059,DEN,,CLE,W 24-19,QB,AlleBr00
3116,Josh Allen,Sun,8,9,2019-11-03,23-166,BUF,,WAS,W 24-9,QB,AlleJo02
3117,Kyle Allen,Sun,8,9,2019-11-03,23-240,CAR,,TEN,W 30-20,QB,AlleKy00
3118,Tom Brady,Sun,9,9,2019-11-03,42-092,NWE,@,BAL,L 20-37,QB,BradTo00
3119,Jacoby Brissett,Sun,8,9,2019-11-03,26-327,IND,@,PIT,L 24-26,QB,BrisJa00
3120,Derek Carr,Sun,8,9,2019-11-03,28-220,OAK,,DET,W 31-24,QB,CarrDe02
3121,Kirk Cousins,Sun,9,9,2019-11-03,31-076,MIN,@,KAN,L 23-26,QB,CousKi00
3122,Sam Darnold,Sun,8,9,2019-11-03,22-151,NYJ,@,MIA,L 18-26,QB,DarnSa00
3123,Ryan Fitzpatrick,Sun,8,9,2019-11-03,36-344,MIA,,NYJ,W 26-18,QB,FitzRy00
3124,Dwayne Haskins,Sun,9,9,2019-11-03,22-184,WAS,@,BUF,L 9-24,QB,HaskDw00
3125,Lamar Jackson,Sun,8,9,2019-11-03,22-300,BAL,,NWE,W 37-20,QB,JackLa00
3126,Baker Mayfield,Sun,8,9,2019-11-03,24-203,CLE,@,DEN,L 19-24,QB,MayfBa00
3127,Gardner Minshew II,Sun,9,9,2019-11-03,23-171,JAX,,HOU,L 3-26,QB,MinsGa00
3128,Matt Moore,Sun,9,9,2019-11-03,35-086,KAN,,MIN,W 26-23,QB,MoorMa01
3129,Philip Rivers,Sun,9,9,2019-11-03,37-330,LAC,,GNB,W 26-11,QB,RivePh00
3130,Aaron Rodgers,Sun,9,9,2019-11-03,35-336,GNB,@,LAC,L 11-26,QB,RodgAa00
3131,Mason Rudolph,Sun,8,9,2019-11-03,24-109,PIT,,IND,W 26-24,QB,RudoMa00
3132,Matthew Stafford,Sun,8,9,2019-11-03,31-269,DET,@,OAK,L 24-31,QB,StafMa00
3133,Ryan Tannehill,Sun,9,9,2019-11-03,31-099,TEN,@,CAR,L 20-30,QB,TannRy00
3134,Mitchell Trubisky,Sun,8,9,2019-11-03,25-075,CHI,@,PHI,L 14-22,QB,TrubMi00
3135,Deshaun Watson,Sun,9,9,2019-11-03,24-050,HOU,@,JAX,W 26-3,QB,WatsDe00
3136,Carson Wentz,Sun,9,9,2019-11-03,26-308,PHI,,CHI,W 22-14,QB,WentCa00
3137,Russell Wilson,Sun,9,9,2019-11-03,30-339,SEA,,TAM,W 40-34 (OT),QB,WilsRu00
3138,Jameis Winston,Sun,8,9,2019-11-03,25-301,TAM,@,SEA,L 34-40 (OT),QB,WinsJa00
3139,Jimmy Garoppolo,Thu,8,9,2019-10-31,27-363,SFO,@,ARI,W 28-25,QB,GaroJi00
3140,Kyler Murray,Thu,9,9,2019-10-31,22-085,ARI,,SFO,L 25-28,QB,MurrKy00
3141,Ryan Fitzpatrick,Mon,7,8,2019-10-28,36-338,MIA,@,PIT,L 14-27,QB,FitzRy00
3142,Mason Rudolph,Mon,7,8,2019-10-28,24-103,PIT,,MIA,W 27-14,QB,RudoMa00
3143,Josh Allen,Sun,7,8,2019-10-27,23-159,BUF,,PHI,L 13-31,QB,AlleJo02
3144,Kyle Allen,Sun,7,8,2019-10-27,23-233,CAR,@,SFO,L 13-51,QB,AlleKy00
3145,Tom Brady,Sun,8,8,2019-10-27,42-085,NWE,,CLE,W 27-13,QB,BradTo00
3146,Drew Brees,Sun,8,8,2019-10-27,40-285,NOR,,ARI,W 31-9,QB,BreeDr00
3147,Jacoby Brissett,Sun,7,8,2019-10-27,26-320,IND,,DEN,W 15-13,QB,BrisJa00
3148,Derek Carr,Sun,7,8,2019-10-27,28-213,OAK,@,HOU,L 24-27,QB,CarrDe02
3149,Andy Dalton,Sun,8,8,2019-10-27,31-363,CIN,@,LAR,L 10-24,QB,DaltAn00
3150,Sam Darnold,Sun,7,8,2019-10-27,22-144,NYJ,@,JAX,L 15-29,QB,DarnSa00
3151,Joe Flacco,Sun,8,8,2019-10-27,34-284,DEN,@,IND,L 13-15,QB,FlacJo00
3152,Jimmy Garoppolo,Sun,7,8,2019-10-27,27-359,SFO,,CAR,W 51-13,QB,GaroJi00
3153,Jared Goff,Sun,8,8,2019-10-27,25-013,LAR,,CIN,W 24-10,QB,GoffJa00
3154,Daniel Jones,Sun,8,8,2019-10-27,22-153,NYG,@,DET,L 26-31,QB,JoneDa05
3155,Baker Mayfield,Sun,7,8,2019-10-27,24-196,CLE,@,NWE,L 13-27,QB,MayfBa00
3156,Gardner Minshew II,Sun,8,8,2019-10-27,23-164,JAX,,NYJ,W 29-15,QB,MinsGa00
3157,Matt Moore,Sun,8,8,2019-10-27,35-079,KAN,,GNB,L 24-31,QB,MoorMa01
3158,Kyler Murray,Sun,8,8,2019-10-27,22-081,ARI,@,NOR,L 9-31,QB,MurrKy00
3159,Philip Rivers,Sun,8,8,2019-10-27,37-323,LAC,@,CHI,W 17-16,QB,RivePh00
3160,Aaron Rodgers,Sun,8,8,2019-10-27,35-329,GNB,@,KAN,W 31-24,QB,RodgAa00
3161,Matt Schaub,Sun,8,8,2019-10-27,38-124,ATL,,SEA,L 20-27,QB,SchaMa00
3162,Matthew Stafford,Sun,7,8,2019-10-27,31-262,DET,,NYG,W 31-26,QB,StafMa00
3163,Ryan Tannehill,Sun,8,8,2019-10-27,31-092,TEN,,TAM,W 27-23,QB,TannRy00
3164,Mitchell Trubisky,Sun,7,8,2019-10-27,25-068,CHI,,LAC,L 16-17,QB,TrubMi00
3165,Deshaun Watson,Sun,8,8,2019-10-27,24-043,HOU,,OAK,W 27-24,QB,WatsDe00
3166,Carson Wentz,Sun,8,8,2019-10-27,26-301,PHI,@,BUF,W 31-13,QB,WentCa00
3167,Russell Wilson,Sun,8,8,2019-10-27,30-332,SEA,@,ATL,W 27-20,QB,WilsRu00
3168,Jameis Winston,Sun,7,8,2019-10-27,25-294,TAM,@,TEN,L 23-27,QB,WinsJa00
3169,Kirk Cousins,Thu,8,8,2019-10-24,31-066,MIN,,WAS,W 19-9,QB,CousKi00
3170,Case Keenum,Thu,8,8,2019-10-24,31-249,WAS,@,MIN,L 9-19,QB,KeenCa00
3171,Tom Brady,Mon,7,7,2019-10-21,42-079,NWE,@,NYJ,W 33-0,QB,BradTo00
3172,Sam Darnold,Mon,6,7,2019-10-21,22-138,NYJ,,NWE,L 0-33,QB,DarnSa00
3173,Josh Allen,Sun,6,7,2019-10-20,23-152,BUF,,MIA,W 31-21,QB,AlleJo02
3174,Teddy Bridgewater,Sun,7,7,2019-10-20,26-344,NOR,@,CHI,W 36-25,QB,BridTe00
3175,Jacoby Brissett,Sun,6,7,2019-10-20,26-313,IND,,HOU,W 30-23,QB,BrisJa00
3176,Derek Carr,Sun,6,7,2019-10-20,28-206,OAK,@,GNB,L 24-42,QB,CarrDe02
3177,Kirk Cousins,Sun,7,7,2019-10-20,31-062,MIN,@,DET,W 42-30,QB,CousKi00
3178,Andy Dalton,Sun,7,7,2019-10-20,31-356,CIN,,JAX,L 17-27,QB,DaltAn00
3179,Ryan Fitzpatrick,Sun,6,7,2019-10-20,36-330,MIA,@,BUF,L 21-31,QB,FitzRy00
3180,Jimmy Garoppolo,Sun,6,7,2019-10-20,27-352,SFO,@,WAS,W 9-0,QB,GaroJi00
3181,Jared Goff,Sun,7,7,2019-10-20,25-006,LAR,@,ATL,W 37-10,QB,GoffJa00
3182,Lamar Jackson,Sun,7,7,2019-10-20,22-286,BAL,@,SEA,W 30-16,QB,JackLa00
3183,Daniel Jones,Sun,7,7,2019-10-20,22-146,NYG,,ARI,L 21-27,QB,JoneDa05
3184,Case Keenum,Sun,7,7,2019-10-20,31-245,WAS,,SFO,L 0-9,QB,KeenCa00
3185,Gardner Minshew II,Sun,7,7,2019-10-20,23-157,JAX,@,CIN,W 27-17,QB,MinsGa00
3186,Kyler Murray,Sun,7,7,2019-10-20,22-074,ARI,@,NYG,W 27-21,QB,MurrKy00
3187,Dak Prescott,Sun,7,7,2019-10-20,26-083,DAL,,PHI,W 37-10,QB,PresDa01
3188,Philip Rivers,Sun,7,7,2019-10-20,37-316,LAC,@,TEN,L 20-23,QB,RivePh00
3189,Aaron Rodgers,Sun,7,7,2019-10-20,35-322,GNB,,OAK,W 42-24,QB,RodgAa00
3190,Matt Ryan,Sun,7,7,2019-10-20,34-156,ATL,,LAR,L 10-37,QB,RyanMa00
3191,Matthew Stafford,Sun,6,7,2019-10-20,31-255,DET,,MIN,L 30-42,QB,StafMa00
3192,Ryan Tannehill,Sun,7,7,2019-10-20,31-085,TEN,,LAC,W 23-20,QB,TannRy00
3193,Mitchell Trubisky,Sun,6,7,2019-10-20,25-061,CHI,,NOR,L 25-36,QB,TrubMi00
3194,Deshaun Watson,Sun,7,7,2019-10-20,24-036,HOU,@,IND,L 23-30,QB,WatsDe00
3195,Carson Wentz,Sun,7,7,2019-10-20,26-294,PHI,@,DAL,L 10-37,QB,WentCa00
3196,Russell Wilson,Sun,7,7,2019-10-20,30-325,SEA,,BAL,L 16-30,QB,WilsRu00
3197,Joe Flacco,Thu,7,7,2019-10-17,34-274,DEN,,KAN,L 6-30,QB,FlacJo00
3198,Patrick Mahomes,Thu,7,7,2019-10-17,24-030,KAN,@,DEN,W 30-6,QB,MahoPa00
3199,Aaron Rodgers,Mon,6,6,2019-10-14,35-316,GNB,,DET,W 23-22,QB,RodgAa00
3200,Matthew Stafford,Mon,5,6,2019-10-14,31-249,DET,@,GNB,L 22-23,QB,StafMa00
3201,Kyle Allen,Sun,6,6,2019-10-13,23-219,CAR,@,TAM,W 37-26,QB,AlleKy00
3202,Teddy Bridgewater,Sun,6,6,2019-10-13,26-337,NOR,@,JAX,W 13-6,QB,BridTe00
3203,Kirk Cousins,Sun,6,6,2019-10-13,31-055,MIN,,PHI,W 38-20,QB,CousKi00
3204,Andy Dalton,Sun,6,6,2019-10-13,31-349,CIN,@,BAL,L 17-23,QB,DaltAn00
3205,Sam Darnold,Sun,5,6,2019-10-13,22-130,NYJ,,DAL,W 24-22,QB,DarnSa00
3206,Joe Flacco,Sun,6,6,2019-10-13,34-270,DEN,,TEN,W 16-0,QB,FlacJo00
3207,Jimmy Garoppolo,Sun,5,6,2019-10-13,27-345,SFO,@,LAR,W 20-7,QB,GaroJi00
3208,Jared Goff,Sun,6,6,2019-10-13,24-364,LAR,,SFO,L 7-20,QB,GoffJa00
3209,Devlin Hodges,Sun,6,6,2019-10-13,23-184,PIT,@,LAC,W 24-17,QB,HodgDe00
3210,Lamar Jackson,Sun,6,6,2019-10-13,22-279,BAL,,CIN,W 23-17,QB,JackLa00
3211,Case Keenum,Sun,6,6,2019-10-13,31-238,WAS,@,MIA,W 17-16,QB,KeenCa00
3212,Patrick Mahomes,Sun,6,6,2019-10-13,24-026,KAN,,HOU,L 24-31,QB,MahoPa00
3213,Marcus Mariota,Sun,6,6,2019-10-13,25-348,TEN,@,DEN,L 0-16,QB,MariMa01
3214,Baker Mayfield,Sun,6,6,2019-10-13,24-182,CLE,,SEA,L 28-32,QB,MayfBa00
3215,Gardner Minshew II,Sun,6,6,2019-10-13,23-150,JAX,,NOR,L 6-13,QB,MinsGa00
3216,Kyler Murray,Sun,6,6,2019-10-13,22-067,ARI,,ATL,W 34-33,QB,MurrKy00
3217,Dak Prescott,Sun,6,6,2019-10-13,26-076,DAL,@,NYJ,L 22-24,QB,PresDa01
3218,Philip Rivers,Sun,6,6,2019-10-13,37-309,LAC,,PIT,L 17-24,QB,RivePh00
3219,Josh Rosen,Sun,5,6,2019-10-13,22-245,MIA,,WAS,L 16-17,QB,RoseJo01
3220,Matt Ryan,Sun,6,6,2019-10-13,34-149,ATL,@,ARI,L 33-34,QB,RyanMa00
3221,Deshaun Watson,Sun,6,6,2019-10-13,24-029,HOU,@,KAN,W 31-24,QB,WatsDe00
3222,Carson Wentz,Sun,6,6,2019-10-13,26-287,PHI,@,MIN,L 20-38,QB,WentCa00
3223,Russell Wilson,Sun,6,6,2019-10-13,30-318,SEA,@,CLE,W 32-28,QB,WilsRu00
3224,Jameis Winston,Sun,6,6,2019-10-13,25-280,TAM,,CAR,L 26-37,QB,WinsJa00
3225,Tom Brady,Thu,6,6,2019-10-10,42-068,NWE,,NYG,W 35-14,QB,BradTo00
3226,Daniel Jones,Thu,6,6,2019-10-10,22-136,NYG,@,NWE,L 14-35,QB,JoneDa05
3227,Jimmy Garoppolo,Mon,4,5,2019-10-07,27-339,SFO,,CLE,W 31-3,QB,GaroJi00
3228,Baker Mayfield,Mon,5,5,2019-10-07,24-176,CLE,@,SFO,L 3-31,QB,MayfBa00
3229,Josh Allen,Sun,5,5,2019-10-06,23-138,BUF,@,TEN,W 14-7,QB,AlleJo02
3230,Kyle Allen,Sun,5,5,2019-10-06,23-212,CAR,,JAX,W 34-27,QB,AlleKy00
3231,Tom Brady,Sun,5,5,2019-10-06,42-064,NWE,@,WAS,W 33-7,QB,BradTo00
3232,Teddy Bridgewater,Sun,5,5,2019-10-06,26-330,NOR,,TAM,W 31-24,QB,BridTe00
3233,Jacoby Brissett,Sun,5,5,2019-10-06,26-299,IND,@,KAN,W 19-13,QB,BrisJa00
3234,Derek Carr,Sun,5,5,2019-10-06,28-192,OAK,,CHI,W 24-21,QB,CarrDe02
3235,Kirk Cousins,Sun,5,5,2019-10-06,31-048,MIN,@,NYG,W 28-10,QB,CousKi00
3236,Andy Dalton,Sun,5,5,2019-10-06,31-342,CIN,,ARI,L 23-26,QB,DaltAn00
3237,Chase Daniel,Sun,5,5,2019-10-06,32-364,CHI,@,OAK,L 21-24,QB,DaniCh00
3238,Luke Falk,Sun,4,5,2019-10-06,24-282,NYJ,@,PHI,L 6-31,QB,FalkLu00
3239,Joe Flacco,Sun,5,5,2019-10-06,34-263,DEN,@,LAC,W 20-13,QB,FlacJo00
3240,Taysom Hill,Sun,5,5,2019-10-06,29-044,NOR,,TAM,W 31-24,WR/QB,HillTa00
3241,Lamar Jackson,Sun,5,5,2019-10-06,22-272,BAL,@,PIT,W 26-23 (OT),QB,JackLa00
3242,Daniel Jones,Sun,5,5,2019-10-06,22-132,NYG,,MIN,L 10-28,QB,JoneDa05
3243,Patrick Mahomes,Sun,5,5,2019-10-06,24-019,KAN,,IND,L 13-19,QB,MahoPa00
3244,Marcus Mariota,Sun,5,5,2019-10-06,25-341,TEN,,BUF,L 7-14,QB,MariMa01
3245,Colt McCoy,Sun,5,5,2019-10-06,33-031,WAS,,NWE,L 7-33,QB,McCoCo00
3246,Gardner Minshew II,Sun,5,5,2019-10-06,23-143,JAX,@,CAR,L 27-34,QB,MinsGa00
3247,Kyler Murray,Sun,5,5,2019-10-06,22-060,ARI,@,CIN,W 26-23,QB,MurrKy00
3248,Dak Prescott,Sun,5,5,2019-10-06,26-069,DAL,,GNB,L 24-34,QB,PresDa01
3249,Philip Rivers,Sun,5,5,2019-10-06,37-302,LAC,,DEN,L 13-20,QB,RivePh00
3250,Aaron Rodgers,Sun,5,5,2019-10-06,35-308,GNB,@,DAL,W 34-24,QB,RodgAa00
3251,Mason Rudolph,Sun,5,5,2019-10-06,24-081,PIT,,BAL,L 23-26 (OT),QB,RudoMa00
3252,Matt Ryan,Sun,5,5,2019-10-06,34-142,ATL,@,HOU,L 32-53,QB,RyanMa00
3253,Deshaun Watson,Sun,5,5,2019-10-06,24-022,HOU,,ATL,W 53-32,QB,WatsDe00
3254,Carson Wentz,Sun,5,5,2019-10-06,26-280,PHI,,NYJ,W 31-6,QB,WentCa00
3255,Jameis Winston,Sun,5,5,2019-10-06,25-273,TAM,@,NOR,L 24-31,QB,WinsJa00
3256,Jared Goff,Thu,5,5,2019-10-03,24-354,LAR,@,SEA,L 29-30,QB,GoffJa00
3257,Russell Wilson,Thu,5,5,2019-10-03,30-308,SEA,,LAR,W 30-29,QB,WilsRu00
3258,Andy Dalton,Mon,4,4,2019-09-30,31-336,CIN,@,PIT,L 3-27,QB,DaltAn00
3259,Mason Rudolph,Mon,4,4,2019-09-30,24-075,PIT,,CIN,W 27-3,QB,RudoMa00
3260,Josh Allen,Sun,4,4,2019-09-29,23-131,BUF,,NWE,L 10-16,QB,AlleJo02
3261,Kyle Allen,Sun,4,4,2019-09-29,23-205,CAR,@,HOU,W 16-10,QB,AlleKy00
3262,Tom Brady,Sun,4,4,2019-09-29,42-057,NWE,@,BUF,W 16-10,QB,BradTo00
3263,Teddy Bridgewater,Sun,4,4,2019-09-29,26-323,NOR,,DAL,W 12-10,QB,BridTe00
3264,Jacoby Brissett,Sun,4,4,2019-09-29,26-292,IND,,OAK,L 24-31,QB,BrisJa00
3265,Derek Carr,Sun,4,4,2019-09-29,28-185,OAK,@,IND,W 31-24,QB,CarrDe02
3266,Kirk Cousins,Sun,4,4,2019-09-29,31-041,MIN,@,CHI,L 6-16,QB,CousKi00
3267,Joe Flacco,Sun,4,4,2019-09-29,34-256,DEN,,JAX,L 24-26,QB,FlacJo00
3268,Jared Goff,Sun,4,4,2019-09-29,24-350,LAR,,TAM,L 40-55,QB,GoffJa00
3269,Lamar Jackson,Sun,4,4,2019-09-29,22-265,BAL,,CLE,L 25-40,QB,JackLa00
3270,Daniel Jones,Sun,4,4,2019-09-29,22-125,NYG,,WAS,W 24-3,QB,JoneDa05
3271,Case Keenum,Sun,4,4,2019-09-29,31-224,WAS,@,NYG,L 3-24,QB,KeenCa00
3272,Patrick Mahomes,Sun,4,4,2019-09-29,24-012,KAN,@,DET,W 34-30,QB,MahoPa00
3273,Marcus Mariota,Sun,4,4,2019-09-29,25-334,TEN,@,ATL,W 24-10,QB,MariMa01
3274,Baker Mayfield,Sun,4,4,2019-09-29,24-168,CLE,@,BAL,W 40-25,QB,MayfBa00
3275,Gardner Minshew II,Sun,4,4,2019-09-29,23-136,JAX,@,DEN,W 26-24,QB,MinsGa00
3276,Kyler Murray,Sun,4,4,2019-09-29,22-053,ARI,,SEA,L 10-27,QB,MurrKy00
3277,Dak Prescott,Sun,4,4,2019-09-29,26-062,DAL,@,NOR,L 10-12,QB,PresDa01
3278,Philip Rivers,Sun,4,4,2019-09-29,37-295,LAC,@,MIA,W 30-10,QB,RivePh00
3279,Josh Rosen,Sun,4,4,2019-09-29,22-231,MIA,,LAC,L 10-30,QB,RoseJo01
3280,Matt Ryan,Sun,4,4,2019-09-29,34-135,ATL,,TEN,L 10-24,QB,RyanMa00
3281,Matthew Stafford,Sun,4,4,2019-09-29,31-234,DET,,KAN,L 30-34,QB,StafMa00
3282,Mitchell Trubisky,Sun,4,4,2019-09-29,25-040,CHI,,MIN,W 16-6,QB,TrubMi00
3283,Deshaun Watson,Sun,4,4,2019-09-29,24-015,HOU,,CAR,L 10-16,QB,WatsDe00
3284,Russell Wilson,Sun,4,4,2019-09-29,30-304,SEA,@,ARI,W 27-10,QB,WilsRu00
3285,Jameis Winston,Sun,4,4,2019-09-29,25-266,TAM,@,LAR,W 55-40,QB,WinsJa00
3286,Aaron Rodgers,Thu,4,4,2019-09-26,35-298,GNB,,PHI,L 27-34,QB,RodgAa00
3287,Carson Wentz,Thu,4,4,2019-09-26,26-270,PHI,@,GNB,W 34-27,QB,WentCa00
3288,Case Keenum,Mon,3,3,2019-09-23,31-218,WAS,,CHI,L 15-31,QB,KeenCa00
3289,Mitchell Trubisky,Mon,3,3,2019-09-23,25-034,CHI,@,WAS,W 31-15,QB,TrubMi00
3290,Josh Allen,Sun,3,3,2019-09-22,23-124,BUF,,CIN,W 21-17,QB,AlleJo02
3291,Kyle Allen,Sun,3,3,2019-09-22,23-198,CAR,@,ARI,W 38-20,QB,AlleKy00
3292,Tom Brady,Sun,3,3,2019-09-22,42-050,NWE,,NYJ,W 30-14,QB,BradTo00
3293,Teddy Bridgewater,Sun,3,3,2019-09-22,26-316,NOR,@,SEA,W 33-27,QB,BridTe00
3294,Jacoby Brissett,Sun,3,3,2019-09-22,26-285,IND,,ATL,W 27-24,QB,BrisJa00
3295,Derek Carr,Sun,3,3,2019-09-22,28-178,OAK,@,MIN,L 14-34,QB,CarrDe02
3296,Kirk Cousins,Sun,3,3,2019-09-22,31-034,MIN,,OAK,W 34-14,QB,CousKi00
3297,Andy Dalton,Sun,3,3,2019-09-22,31-328,CIN,@,BUF,L 17-21,QB,DaltAn00
3298,Luke Falk,Sun,3,3,2019-09-22,24-268,NYJ,@,NWE,L 14-30,QB,FalkLu00
3299,Joe Flacco,Sun,3,3,2019-09-22,34-249,DEN,@,GNB,L 16-27,QB,FlacJo00
3300,Jimmy Garoppolo,Sun,3,3,2019-09-22,27-324,SFO,,PIT,W 24-20,QB,GaroJi00
3301,Jared Goff,Sun,3,3,2019-09-22,24-343,LAR,@,CLE,W 20-13,QB,GoffJa00
3302,Lamar Jackson,Sun,3,3,2019-09-22,22-258,BAL,@,KAN,L 28-33,QB,JackLa00
3303,Daniel Jones,Sun,3,3,2019-09-22,22-118,NYG,@,TAM,W 32-31,QB,JoneDa05
3304,Patrick Mahomes,Sun,3,3,2019-09-22,24-005,KAN,,BAL,W 33-28,QB,MahoPa00
3305,Baker Mayfield,Sun,3,3,2019-09-22,24-161,CLE,,LAR,L 13-20,QB,MayfBa00
3306,Kyler Murray,Sun,3,3,2019-09-22,22-046,ARI,,CAR,L 20-38,QB,MurrKy00
3307,Dak Prescott,Sun,3,3,2019-09-22,26-055,DAL,,MIA,W 31-6,QB,PresDa01
3308,Philip Rivers,Sun,3,3,2019-09-22,37-288,LAC,,HOU,L 20-27,QB,RivePh00
3309,Aaron Rodgers,Sun,3,3,2019-09-22,35-294,GNB,,DEN,W 27-16,QB,RodgAa00
3310,Josh Rosen,Sun,3,3,2019-09-22,22-224,MIA,@,DAL,L 6-31,QB,RoseJo01
3311,Mason Rudolph,Sun,3,3,2019-09-22,24-067,PIT,@,SFO,L 20-24,QB,RudoMa00
3312,Matt Ryan,Sun,3,3,2019-09-22,34-128,ATL,@,IND,L 24-27,QB,RyanMa00
3313,Matthew Stafford,Sun,3,3,2019-09-22,31-227,DET,@,PHI,W 27-24,QB,StafMa00
3314,Deshaun Watson,Sun,3,3,2019-09-22,24-008,HOU,@,LAC,W 27-20,QB,WatsDe00
3315,Carson Wentz,Sun,3,3,2019-09-22,26-266,PHI,,DET,L 24-27,QB,WentCa00
3316,Russell Wilson,Sun,3,3,2019-09-22,30-297,SEA,,NOR,L 27-33,QB,WilsRu00
3317,Jameis Winston,Sun,3,3,2019-09-22,25-259,TAM,,NYG,L 31-32,QB,WinsJa00
3318,Marcus Mariota,Thu,3,3,2019-09-19,25-324,TEN,@,JAX,L 7-20,QB,MariMa01
3319,Gardner Minshew II,Thu,3,3,2019-09-19,23-126,JAX,,TEN,W 20-7,QB,MinsGa00
3320,Baker Mayfield,Mon,2,2,2019-09-16,24-155,CLE,@,NYJ,W 23-3,QB,MayfBa00
3321,Trevor Siemian,Mon,2,2,2019-09-16,27-264,NYJ,,CLE,L 3-23,QB,SiemTr00
3322,Josh Allen,Sun,2,2,2019-09-15,23-117,BUF,@,NYG,W 28-14,QB,AlleJo02
3323,Tom Brady,Sun,2,2,2019-09-15,42-043,NWE,@,MIA,W 43-0,QB,BradTo00
3324,Drew Brees,Sun,2,2,2019-09-15,40-243,NOR,@,LAR,L 9-27,QB,BreeDr00
3325,Jacoby Brissett,Sun,2,2,2019-09-15,26-278,IND,@,TEN,W 19-17,QB,BrisJa00
3326,Derek Carr,Sun,2,2,2019-09-15,28-171,OAK,,KAN,L 10-28,QB,CarrDe02
3327,Kirk Cousins,Sun,2,2,2019-09-15,31-027,MIN,@,GNB,L 16-21,QB,CousKi00
3328,Andy Dalton,Sun,2,2,2019-09-15,31-321,CIN,,SFO,L 17-41,QB,DaltAn00
3329,Ryan Fitzpatrick,Sun,2,2,2019-09-15,36-295,MIA,,NWE,L 0-43,QB,FitzRy00
3330,Joe Flacco,Sun,2,2,2019-09-15,34-242,DEN,,CHI,L 14-16,QB,FlacJo00
3331,Jimmy Garoppolo,Sun,2,2,2019-09-15,27-317,SFO,@,CIN,W 41-17,QB,GaroJi00
3332,Jared Goff,Sun,2,2,2019-09-15,24-336,LAR,,NOR,W 27-9,QB,GoffJa00
3333,Lamar Jackson,Sun,2,2,2019-09-15,22-251,BAL,,ARI,W 23-17,QB,JackLa00
3334,Case Keenum,Sun,2,2,2019-09-15,31-210,WAS,,DAL,L 21-31,QB,KeenCa00
3335,Patrick Mahomes,Sun,2,2,2019-09-15,23-363,KAN,@,OAK,W 28-10,QB,MahoPa00
3336,Eli Manning,Sun,2,2,2019-09-15,38-255,NYG,,BUF,L 14-28,QB,MannEl00
3337,Marcus Mariota,Sun,2,2,2019-09-15,25-320,TEN,,IND,L 17-19,QB,MariMa01
3338,Gardner Minshew II,Sun,2,2,2019-09-15,23-122,JAX,@,HOU,L 12-13,QB,MinsGa00
3339,Kyler Murray,Sun,2,2,2019-09-15,22-039,ARI,@,BAL,L 17-23,QB,MurrKy00
3340,Dak Prescott,Sun,2,2,2019-09-15,26-048,DAL,@,WAS,W 31-21,QB,PresDa01
3341,Philip Rivers,Sun,2,2,2019-09-15,37-281,LAC,@,DET,L 10-13,QB,RivePh00
3342,Aaron Rodgers,Sun,2,2,2019-09-15,35-287,GNB,,MIN,W 21-16,QB,RodgAa00
3343,Ben Roethlisberger,Sun,2,2,2019-09-15,37-197,PIT,,SEA,L 26-28,QB,RoetBe00
3344,Matt Ryan,Sun,2,2,2019-09-15,34-121,ATL,,PHI,W 24-20,QB,RyanMa00
3345,Matthew Stafford,Sun,2,2,2019-09-15,31-220,DET,,LAC,W 13-10,QB,StafMa00
3346,Mitchell Trubisky,Sun,2,2,2019-09-15,25-026,CHI,@,DEN,W 16-14,QB,TrubMi00
3347,Deshaun Watson,Sun,2,2,2019-09-15,24-001,HOU,,JAX,W 13-12,QB,WatsDe00
3348,Carson Wentz,Sun,2,2,2019-09-15,26-259,PHI,@,ATL,L 20-24,QB,WentCa00
3349,Russell Wilson,Sun,2,2,2019-09-15,30-290,SEA,@,PIT,W 28-26,QB,WilsRu00
3350,Cam Newton,Thu,2,2,2019-09-12,30-124,CAR,,TAM,L 14-20,QB,NewtCa00
3351,Jameis Winston,Thu,2,2,2019-09-12,25-249,TAM,@,CAR,W 20-14,QB,WinsJa00
3352,Drew Brees,Mon,1,1,2019-09-09,40-237,NOR,,HOU,W 30-28,QB,BreeDr00
3353,Derek Carr,Mon,1,1,2019-09-09,28-165,OAK,,DEN,W 24-16,QB,CarrDe02
3354,Joe Flacco,Mon,1,1,2019-09-09,34-236,DEN,@,OAK,L 16-24,QB,FlacJo00
3355,Deshaun Watson,Mon,1,1,2019-09-09,23-360,HOU,@,NOR,L 28-30,QB,WatsDe00
3356,Josh Allen,Sun,1,1,2019-09-08,23-110,BUF,@,NYJ,W 17-16,QB,AlleJo02
3357,Tom Brady,Sun,1,1,2019-09-08,42-036,NWE,,PIT,W 33-3,QB,BradTo00
3358,Jacoby Brissett,Sun,1,1,2019-09-08,26-271,IND,@,LAC,L 24-30 (OT),QB,BrisJa00
3359,Kirk Cousins,Sun,1,1,2019-09-08,31-020,MIN,,ATL,W 28-12,QB,CousKi00
3360,Andy Dalton,Sun,1,1,2019-09-08,31-314,CIN,@,SEA,L 20-21,QB,DaltAn00
3361,Sam Darnold,Sun,1,1,2019-09-08,22-095,NYJ,,BUF,L 16-17,QB,DarnSa00
3362,Ryan Fitzpatrick,Sun,1,1,2019-09-08,36-288,MIA,,BAL,L 10-59,QB,FitzRy00
3363,Nick Foles,Sun,1,1,2019-09-08,30-231,JAX,,KAN,L 26-40,QB,FoleNi00
3364,Jimmy Garoppolo,Sun,1,1,2019-09-08,27-310,SFO,@,TAM,W 31-17,QB,GaroJi00
3365,Jared Goff,Sun,1,1,2019-09-08,24-329,LAR,@,CAR,W 30-27,QB,GoffJa00
3366,Lamar Jackson,Sun,1,1,2019-09-08,22-244,BAL,@,MIA,W 59-10,QB,JackLa00
3367,Case Keenum,Sun,1,1,2019-09-08,31-203,WAS,@,PHI,L 27-32,QB,KeenCa00
3368,Patrick Mahomes,Sun,1,1,2019-09-08,23-356,KAN,@,JAX,W 40-26,QB,MahoPa00
3369,Eli Manning,Sun,1,1,2019-09-08,38-248,NYG,@,DAL,L 17-35,QB,MannEl00
3370,Marcus Mariota,Sun,1,1,2019-09-08,25-313,TEN,@,CLE,W 43-13,QB,MariMa01
3371,Baker Mayfield,Sun,1,1,2019-09-08,24-147,CLE,,TEN,L 13-43,QB,MayfBa00
3372,Kyler Murray,Sun,1,1,2019-09-08,22-032,ARI,,DET,T 27-27 (OT),QB,MurrKy00
3373,Cam Newton,Sun,1,1,2019-09-08,30-120,CAR,,LAR,L 27-30,QB,NewtCa00
3374,Dak Prescott,Sun,1,1,2019-09-08,26-041,DAL,,NYG,W 35-17,QB,PresDa01
3375,Philip Rivers,Sun,1,1,2019-09-08,37-274,LAC,,IND,W 30-24 (OT),QB,RivePh00
3376,Ben Roethlisberger,Sun,1,1,2019-09-08,37-190,PIT,@,NWE,L 3-33,QB,RoetBe00
3377,Matt Ryan,Sun,1,1,2019-09-08,34-114,ATL,@,MIN,L 12-28,QB,RyanMa00
3378,Matthew Stafford,Sun,1,1,2019-09-08,31-213,DET,@,ARI,T 27-27 (OT),QB,StafMa00
3379,Carson Wentz,Sun,1,1,2019-09-08,26-252,PHI,,WAS,W 32-27,QB,WentCa00
3380,Russell Wilson,Sun,1,1,2019-09-08,30-283,SEA,,CIN,W 21-20,QB,WilsRu00
3381,Jameis Winston,Sun,1,1,2019-09-08,25-245,TAM,,SFO,L 17-31,QB,WinsJa00
3382,Aaron Rodgers,Thu,1,1,2019-09-05,35-277,GNB,@,CHI,W 10-3,QB,RodgAa00
3383,Mitchell Trubisky,Thu,1,1,2019-09-05,25-016,CHI,,GNB,L 3-10,QB,TrubMi00
3384,Tom Brady,Sun,3,21,2019-02-03,41-184,NWE,N,LAR,W 13-3,QB,BradTo00
3385,Jared Goff,Sun,3,21,2019-02-03,24-112,LAR,N,NWE,L 3-13,QB,GoffJa00
3386,Tom Brady,Sun,2,20,2019-01-20,41-170,NWE,@,KAN,W 37-31 (OT),QB,BradTo00
3387,Drew Brees,Sun,2,20,2019-01-20,40-005,NOR,,LAR,L 23-26 (OT),QB,BreeDr00
3388,Jared Goff,Sun,2,20,2019-01-20,24-098,LAR,@,NOR,W 26-23 (OT),QB,GoffJa00
3389,Patrick Mahomes,Sun,2,20,2019-01-20,23-125,KAN,,NWE,L 31-37 (OT),QB,MahoPa00
3390,Tom Brady,Sun,1,19,2019-01-13,41-163,NWE,,LAC,W 41-28,QB,BradTo00
3391,Drew Brees,Sun,1,19,2019-01-13,39-363,NOR,,PHI,W 20-14,QB,BreeDr00
3392,Nick Foles,Sun,2,19,2019-01-13,29-358,PHI,@,NOR,L 14-20,QB,FoleNi00
3393,Philip Rivers,Sun,2,19,2019-01-13,37-036,LAC,@,NWE,L 28-41,QB,RivePh00
3394,Jared Goff,Sat,1,19,2019-01-12,24-090,LAR,,DAL,W 30-22,QB,GoffJa00
3395,Andrew Luck,Sat,2,19,2019-01-12,29-122,IND,@,KAN,L 13-31,QB,LuckAn00
3396,Patrick Mahomes,Sat,1,19,2019-01-12,23-117,KAN,,IND,W 31-13,QB,MahoPa00
3397,Dak Prescott,Sat,2,19,2019-01-12,25-167,DAL,@,LAR,L 22-30,QB,PresDa01
3398,Nick Foles,Sun,1,18,2019-01-06,29-351,PHI,@,CHI,W 16-15,QB,FoleNi00
3399,Lamar Jackson,Sun,1,18,2019-01-06,21-364,BAL,,LAC,L 17-23,QB,JackLa00
3400,Philip Rivers,Sun,1,18,2019-01-06,37-029,LAC,@,BAL,W 23-17,QB,RivePh00
3401,Mitchell Trubisky,Sun,1,18,2019-01-06,24-139,CHI,,PHI,L 15-16,QB,TrubMi00
3402,Andrew Luck,Sat,1,18,2019-01-05,29-115,IND,@,HOU,W 21-7,QB,LuckAn00
3403,Dak Prescott,Sat,1,18,2019-01-05,25-160,DAL,,SEA,W 24-22,QB,PresDa01
3404,Deshaun Watson,Sat,1,18,2019-01-05,23-113,HOU,,IND,L 7-21,QB,WatsDe00
3405,Russell Wilson,Sat,1,18,2019-01-05,30-037,SEA,@,DAL,L 22-24,QB,WilsRu00
3406,Josh Allen,Sun,16,17,2018-12-30,22-223,BUF,,MIA,W 42-17,QB,AlleJo02
3407,Kyle Allen,Sun,16,17,2018-12-30,22-297,CAR,@,NOR,W 33-14,QB,AlleKy00
3408,Blake Bortles,Sun,16,17,2018-12-30,26-246,JAX,@,HOU,L 3-20,QB,BortBl00
3409,Tom Brady,Sun,16,17,2018-12-30,41-149,NWE,,NYJ,W 38-3,QB,BradTo00
3410,Teddy Bridgewater,Sun,16,17,2018-12-30,26-050,NOR,,CAR,L 14-33,QB,BridTe00
3411,Derek Carr,Sun,16,17,2018-12-30,27-277,OAK,@,KAN,L 3-35,QB,CarrDe02
3412,Kirk Cousins,Sun,16,17,2018-12-30,30-133,MIN,,CHI,L 10-24,QB,CousKi00
3413,Sam Darnold,Sun,16,17,2018-12-30,21-208,NYJ,@,NWE,L 3-38,QB,DarnSa00
3414,Jeff Driskel,Sun,16,17,2018-12-30,25-251,CIN,@,PIT,L 13-16,QB,DrisJe00
3415,Nick Foles,Sun,16,17,2018-12-30,29-344,PHI,@,WAS,W 24-0,QB,FoleNi00
3416,Blaine Gabbert,Sun,16,17,2018-12-30,29-076,TEN,,IND,L 17-33,QB,GabbBl00
3417,Jared Goff,Sun,16,17,2018-12-30,24-077,LAR,,SFO,W 48-32,QB,GoffJa00
3418,Taysom Hill,Sun,16,17,2018-12-30,28-129,NOR,,CAR,L 14-33,QB,HillTa00
3419,Lamar Jackson,Sun,16,17,2018-12-30,21-357,BAL,,CLE,W 26-24,QB,JackLa00
3420,Josh Johnson,Sun,16,17,2018-12-30,32-229,WAS,,PHI,L 0-24,QB,JohnJo05
3421,Case Keenum,Sun,16,17,2018-12-30,30-316,DEN,,LAC,L 9-35,QB,KeenCa00
3422,Andrew Luck,Sun,16,17,2018-12-30,29-109,IND,@,TEN,W 33-17,QB,LuckAn00
3423,Patrick Mahomes,Sun,16,17,2018-12-30,23-104,KAN,,OAK,W 35-3,QB,MahoPa00
3424,Eli Manning,Sun,16,17,2018-12-30,37-361,NYG,,DAL,L 35-36,QB,MannEl00
3425,Baker Mayfield,Sun,16,17,2018-12-30,23-260,CLE,@,BAL,L 24-26,QB,MayfBa00
3426,Nick Mullens,Sun,16,17,2018-12-30,23-284,SFO,@,LAR,L 32-48,QB,MullNi00
3427,Dak Prescott,Sun,16,17,2018-12-30,25-154,DAL,@,NYG,W 36-35,QB,PresDa01
3428,Philip Rivers,Sun,16,17,2018-12-30,37-022,LAC,@,DEN,W 23-9,QB,RivePh00
3429,Aaron Rodgers,Sun,16,17,2018-12-30,35-028,GNB,,DET,L 0-31,QB,RodgAa00
3430,Ben Roethlisberger,Sun,16,17,2018-12-30,36-303,PIT,,CIN,W 16-13,QB,RoetBe00
3431,Josh Rosen,Sun,16,17,2018-12-30,21-323,ARI,@,SEA,L 24-27,QB,RoseJo01
3432,Matt Ryan,Sun,16,17,2018-12-30,33-227,ATL,@,TAM,W 34-32,QB,RyanMa00
3433,Matthew Stafford,Sun,16,17,2018-12-30,30-326,DET,@,GNB,W 31-0,QB,StafMa00
3434,Ryan Tannehill,Sun,16,17,2018-12-30,30-156,MIA,@,BUF,L 17-42,QB,TannRy00
3435,Mitchell Trubisky,Sun,16,17,2018-12-30,24-132,CHI,@,MIN,W 24-10,QB,TrubMi00
3436,Deshaun Watson,Sun,16,17,2018-12-30,23-107,HOU,,JAX,W 20-3,QB,WatsDe00
3437,Russell Wilson,Sun,16,17,2018-12-30,30-031,SEA,,ARI,W 27-24,QB,WilsRu00
3438,Jameis Winston,Sun,16,17,2018-12-30,24-358,TAM,,ATL,L 32-34,QB,WinsJa00
3439,Derek Carr,Mon,15,16,2018-12-24,27-271,OAK,,DEN,W 27-14,QB,CarrDe02
3440,Case Keenum,Mon,15,16,2018-12-24,30-310,DEN,@,OAK,L 14-27,QB,KeenCa00
3441,Josh Allen,Sun,15,16,2018-12-23,22-216,BUF,@,NWE,L 12-24,QB,AlleJo02
3442,Tom Brady,Sun,15,16,2018-12-23,41-142,NWE,,BUF,W 24-12,QB,BradTo00
3443,Drew Brees,Sun,15,16,2018-12-23,39-342,NOR,,PIT,W 31-28,QB,BreeDr00
3444,Kirk Cousins,Sun,15,16,2018-12-23,30-126,MIN,@,DET,W 27-9,QB,CousKi00
3445,Sam Darnold,Sun,15,16,2018-12-23,21-201,NYJ,,GNB,L 38-44 (OT),QB,DarnSa00
3446,Jeff Driskel,Sun,15,16,2018-12-23,25-244,CIN,@,CLE,L 18-26,QB,DrisJe00
3447,Nick Foles,Sun,15,16,2018-12-23,29-337,PHI,,HOU,W 32-30,QB,FoleNi00
3448,Jared Goff,Sun,15,16,2018-12-23,24-070,LAR,@,ARI,W 31-9,QB,GoffJa00
3449,Taylor Heinicke,Sun,15,16,2018-12-23,25-283,CAR,,ATL,L 10-24,QB,HeinTa00
3450,Cody Kessler,Sun,15,16,2018-12-23,25-226,JAX,@,MIA,W 17-7,QB,KessCo00
3451,Andrew Luck,Sun,15,16,2018-12-23,29-102,IND,,NYG,W 28-27,QB,LuckAn00
3452,Patrick Mahomes,Sun,15,16,2018-12-23,23-097,KAN,@,SEA,L 31-38,QB,MahoPa00
3453,Eli Manning,Sun,15,16,2018-12-23,37-354,NYG,@,IND,L 27-28,QB,MannEl00
3454,Baker Mayfield,Sun,15,16,2018-12-23,23-253,CLE,,CIN,W 26-18,QB,MayfBa00
3455,Nick Mullens,Sun,15,16,2018-12-23,23-277,SFO,,CHI,L 9-14,QB,MullNi00
3456,Dak Prescott,Sun,15,16,2018-12-23,25-147,DAL,,TAM,W 27-20,QB,PresDa01
3457,Aaron Rodgers,Sun,15,16,2018-12-23,35-021,GNB,@,NYJ,W 44-38 (OT),QB,RodgAa00
3458,Ben Roethlisberger,Sun,15,16,2018-12-23,36-296,PIT,@,NOR,L 28-31,QB,RoetBe00
3459,Josh Rosen,Sun,15,16,2018-12-23,21-316,ARI,,LAR,L 9-31,QB,RoseJo01
3460,Matt Ryan,Sun,15,16,2018-12-23,33-220,ATL,@,CAR,W 24-10,QB,RyanMa00
3461,Matthew Stafford,Sun,15,16,2018-12-23,30-319,DET,,MIN,L 9-27,QB,StafMa00
3462,Ryan Tannehill,Sun,15,16,2018-12-23,30-149,MIA,,JAX,L 7-17,QB,TannRy00
3463,Mitchell Trubisky,Sun,15,16,2018-12-23,24-125,CHI,@,SFO,W 14-9,QB,TrubMi00
3464,Deshaun Watson,Sun,15,16,2018-12-23,23-100,HOU,@,PHI,L 30-32,QB,WatsDe00
3465,Russell Wilson,Sun,15,16,2018-12-23,30-024,SEA,,KAN,W 38-31,QB,WilsRu00
3466,Jameis Winston,Sun,15,16,2018-12-23,24-351,TAM,@,DAL,L 20-27,QB,WinsJa00
3467,Lamar Jackson,Sat,15,16,2018-12-22,21-349,BAL,@,LAC,W 22-10,QB,JackLa00
3468,Josh Johnson,Sat,15,16,2018-12-22,32-221,WAS,@,TEN,L 16-25,QB,JohnJo05
3469,Marcus Mariota,Sat,15,16,2018-12-22,25-053,TEN,,WAS,W 25-16,QB,MariMa01
3470,Philip Rivers,Sat,15,16,2018-12-22,37-014,LAC,,BAL,L 10-22,QB,RivePh00
3471,Drew Brees,Mon,14,15,2018-12-17,39-336,NOR,@,CAR,W 12-9,QB,BreeDr00
3472,Cam Newton,Mon,14,15,2018-12-17,29-220,CAR,,NOR,L 9-12,QB,NewtCa00
3473,Josh Allen,Sun,14,15,2018-12-16,22-209,BUF,,DET,W 14-13,QB,AlleJo02
3474,Tom Brady,Sun,14,15,2018-12-16,41-135,NWE,@,PIT,L 10-17,QB,BradTo00
3475,Derek Carr,Sun,14,15,2018-12-16,27-263,OAK,@,CIN,L 16-30,QB,CarrDe02
3476,Kirk Cousins,Sun,14,15,2018-12-16,30-119,MIN,,MIA,W 41-17,QB,CousKi00
3477,Jeff Driskel,Sun,14,15,2018-12-16,25-237,CIN,,OAK,W 30-16,QB,DrisJe00
3478,Nick Foles,Sun,14,15,2018-12-16,29-330,PHI,@,LAR,W 30-23,QB,FoleNi00
3479,Jared Goff,Sun,14,15,2018-12-16,24-063,LAR,,PHI,L 23-30,QB,GoffJa00
3480,Lamar Jackson,Sun,14,15,2018-12-16,21-343,BAL,,TAM,W 20-12,QB,JackLa00
3481,Josh Johnson,Sun,14,15,2018-12-16,32-215,WAS,@,JAX,W 16-13,QB,JohnJo05
3482,Cody Kessler,Sun,14,15,2018-12-16,25-219,JAX,,WAS,L 13-16,QB,KessCo00
3483,Andrew Luck,Sun,14,15,2018-12-16,29-095,IND,,DAL,W 23-0,QB,LuckAn00
3484,Eli Manning,Sun,14,15,2018-12-16,37-347,NYG,,TEN,L 0-17,QB,MannEl00
3485,Marcus Mariota,Sun,14,15,2018-12-16,25-047,TEN,@,NYG,W 17-0,QB,MariMa01
3486,Nick Mullens,Sun,14,15,2018-12-16,23-270,SFO,,SEA,W 26-23 (OT),QB,MullNi00
3487,Dak Prescott,Sun,14,15,2018-12-16,25-140,DAL,@,IND,L 0-23,QB,PresDa01
3488,Aaron Rodgers,Sun,14,15,2018-12-16,35-014,GNB,@,CHI,L 17-24,QB,RodgAa00
3489,Ben Roethlisberger,Sun,14,15,2018-12-16,36-289,PIT,,NWE,W 17-10,QB,RoetBe00
3490,Josh Rosen,Sun,14,15,2018-12-16,21-309,ARI,@,ATL,L 14-40,QB,RoseJo01
3491,Matt Ryan,Sun,14,15,2018-12-16,33-213,ATL,,ARI,W 40-14,QB,RyanMa00
3492,Matthew Stafford,Sun,14,15,2018-12-16,30-312,DET,@,BUF,L 13-14,QB,StafMa00
3493,Ryan Tannehill,Sun,14,15,2018-12-16,30-142,MIA,@,MIN,L 17-41,QB,TannRy00
3494,Mitchell Trubisky,Sun,14,15,2018-12-16,24-118,CHI,,GNB,W 24-17,QB,TrubMi00
3495,Russell Wilson,Sun,14,15,2018-12-16,30-017,SEA,@,SFO,L 23-26 (OT),QB,WilsRu00
3496,Jameis Winston,Sun,14,15,2018-12-16,24-344,TAM,@,BAL,L 12-20,QB,WinsJa00
3497,Sam Darnold,Sat,14,15,2018-12-15,21-193,NYJ,,HOU,L 22-29,QB,DarnSa00
3498,Case Keenum,Sat,14,15,2018-12-15,30-301,DEN,,CLE,L 16-17,QB,KeenCa00
3499,Baker Mayfield,Sat,14,15,2018-12-15,23-245,CLE,@,DEN,W 17-16,QB,MayfBa00
3500,Deshaun Watson,Sat,14,15,2018-12-15,23-092,HOU,@,NYJ,W 29-22,QB,WatsDe00
3501,Patrick Mahomes,Thu,14,15,2018-12-13,23-087,KAN,,LAC,L 28-29,QB,MahoPa00
3502,Philip Rivers,Thu,14,15,2018-12-13,37-005,LAC,@,KAN,W 29-28,QB,RivePh00
3503,Kirk Cousins,Mon,13,14,2018-12-10,30-113,MIN,@,SEA,L 7-21,QB,CousKi00
3504,Russell Wilson,Mon,13,14,2018-12-10,30-011,SEA,,MIN,W 21-7,QB,WilsRu00
3505,Josh Allen,Sun,13,14,2018-12-09,22-202,BUF,,NYJ,L 23-27,QB,AlleJo02
3506,Tom Brady,Sun,13,14,2018-12-09,41-128,NWE,@,MIA,L 33-34,QB,BradTo00
3507,Drew Brees,Sun,13,14,2018-12-09,39-328,NOR,@,TAM,W 28-14,QB,BreeDr00
3508,Derek Carr,Sun,13,14,2018-12-09,27-256,OAK,,PIT,W 24-21,QB,CarrDe02
3509,Sam Darnold,Sun,13,14,2018-12-09,21-187,NYJ,@,BUF,W 27-23,QB,DarnSa00
3510,Jeff Driskel,Sun,13,14,2018-12-09,25-230,CIN,@,LAC,L 21-26,QB,DrisJe00
3511,Jared Goff,Sun,13,14,2018-12-09,24-056,LAR,@,CHI,L 6-15,QB,GoffJa00
3512,Lamar Jackson,Sun,13,14,2018-12-09,21-336,BAL,@,KAN,L 24-27 (OT),QB,JackLa00
3513,Case Keenum,Sun,13,14,2018-12-09,30-295,DEN,@,SFO,L 14-20,QB,KeenCa00
3514,Andrew Luck,Sun,13,14,2018-12-09,29-088,IND,@,HOU,W 24-21,QB,LuckAn00
3515,Patrick Mahomes,Sun,13,14,2018-12-09,23-083,KAN,,BAL,W 27-24 (OT),QB,MahoPa00
3516,Eli Manning,Sun,13,14,2018-12-09,37-340,NYG,@,WAS,W 40-16,QB,MannEl00
3517,Baker Mayfield,Sun,13,14,2018-12-09,23-239,CLE,,CAR,W 26-20,QB,MayfBa00
3518,Nick Mullens,Sun,13,14,2018-12-09,23-263,SFO,,DEN,W 20-14,QB,MullNi00
3519,Cam Newton,Sun,13,14,2018-12-09,29-212,CAR,@,CLE,L 20-26,QB,NewtCa00
3520,Dak Prescott,Sun,13,14,2018-12-09,25-133,DAL,,PHI,W 29-23 (OT),QB,PresDa01
3521,Philip Rivers,Sun,13,14,2018-12-09,37-001,LAC,,CIN,W 26-21,QB,RivePh00
3522,Aaron Rodgers,Sun,13,14,2018-12-09,35-007,GNB,,ATL,W 34-20,QB,RodgAa00
3523,Ben Roethlisberger,Sun,13,14,2018-12-09,36-282,PIT,@,OAK,L 21-24,QB,RoetBe00
3524,Josh Rosen,Sun,13,14,2018-12-09,21-302,ARI,,DET,L 3-17,QB,RoseJo01
3525,Matt Ryan,Sun,13,14,2018-12-09,33-206,ATL,@,GNB,L 20-34,QB,RyanMa00
3526,Mark Sanchez,Sun,13,14,2018-12-09,32-028,WAS,,NYG,L 16-40,QB,SancMa00
3527,Matthew Stafford,Sun,13,14,2018-12-09,30-305,DET,@,ARI,W 17-3,QB,StafMa00
3528,Ryan Tannehill,Sun,13,14,2018-12-09,30-135,MIA,,NWE,W 34-33,QB,TannRy00
3529,Mitchell Trubisky,Sun,13,14,2018-12-09,24-111,CHI,,LAR,W 15-6,QB,TrubMi00
3530,Deshaun Watson,Sun,13,14,2018-12-09,23-086,HOU,,IND,L 21-24,QB,WatsDe00
3531,Carson Wentz,Sun,13,14,2018-12-09,25-344,PHI,@,DAL,L 23-29 (OT),QB,WentCa00
3532,Jameis Winston,Sun,13,14,2018-12-09,24-337,TAM,,NOR,L 14-28,QB,WinsJa00
3533,Cody Kessler,Thu,13,14,2018-12-06,25-209,JAX,@,TEN,L 9-30,QB,KessCo00
3534,Marcus Mariota,Thu,13,14,2018-12-06,25-037,TEN,,JAX,W 30-9,QB,MariMa01
3535,Colt McCoy,Mon,12,13,2018-12-03,32-089,WAS,@,PHI,L 13-28,QB,McCoCo00
3536,Carson Wentz,Mon,12,13,2018-12-03,25-338,PHI,,WAS,W 28-13,QB,WentCa00
3537,Josh Allen,Sun,12,13,2018-12-02,22-195,BUF,@,MIA,L 17-21,QB,AlleJo02
3538,Tom Brady,Sun,12,13,2018-12-02,41-121,NWE,,MIN,W 24-10,QB,BradTo00
3539,Derek Carr,Sun,12,13,2018-12-02,27-249,OAK,,KAN,L 33-40,QB,CarrDe02
3540,Kirk Cousins,Sun,12,13,2018-12-02,30-105,MIN,@,NWE,L 10-24,QB,CousKi00
3541,Chase Daniel,Sun,12,13,2018-12-02,32-056,CHI,@,NYG,L 27-30 (OT),QB,DaniCh00
3542,Jeff Driskel,Sun,12,13,2018-12-02,25-223,CIN,,DEN,L 10-24,QB,DrisJe00
3543,Jared Goff,Sun,12,13,2018-12-02,24-049,LAR,@,DET,W 30-16,QB,GoffJa00
3544,Lamar Jackson,Sun,12,13,2018-12-02,21-329,BAL,@,ATL,W 26-16,QB,JackLa00
3545,Case Keenum,Sun,12,13,2018-12-02,30-288,DEN,@,CIN,W 24-10,QB,KeenCa00
3546,Cody Kessler,Sun,12,13,2018-12-02,25-205,JAX,,IND,W 6-0,QB,KessCo00
3547,Andrew Luck,Sun,12,13,2018-12-02,29-081,IND,@,JAX,L 0-6,QB,LuckAn00
3548,Patrick Mahomes,Sun,12,13,2018-12-02,23-076,KAN,@,OAK,W 40-33,QB,MahoPa00
3549,Eli Manning,Sun,12,13,2018-12-02,37-333,NYG,,CHI,W 30-27 (OT),QB,MannEl00
3550,Marcus Mariota,Sun,12,13,2018-12-02,25-033,TEN,,NYJ,W 26-22,QB,MariMa01
3551,Baker Mayfield,Sun,12,13,2018-12-02,23-232,CLE,@,HOU,L 13-29,QB,MayfBa00
3552,Josh McCown,Sun,12,13,2018-12-02,39-151,NYJ,@,TEN,L 22-26,QB,McCoJo01
3553,Nick Mullens,Sun,12,13,2018-12-02,23-256,SFO,@,SEA,L 16-43,QB,MullNi00
3554,Cam Newton,Sun,12,13,2018-12-02,29-205,CAR,@,TAM,L 17-24,QB,NewtCa00
3555,Philip Rivers,Sun,12,13,2018-12-02,36-359,LAC,@,PIT,W 33-30,QB,RivePh00
3556,Aaron Rodgers,Sun,12,13,2018-12-02,35-000,GNB,,ARI,L 17-20,QB,RodgAa00
3557,Ben Roethlisberger,Sun,12,13,2018-12-02,36-275,PIT,,LAC,L 30-33,QB,RoetBe00
3558,Josh Rosen,Sun,12,13,2018-12-02,21-295,ARI,@,GNB,W 20-17,QB,RoseJo01
3559,Matt Ryan,Sun,12,13,2018-12-02,33-199,ATL,,BAL,L 16-26,QB,RyanMa00
3560,Matthew Stafford,Sun,12,13,2018-12-02,30-298,DET,,LAR,L 16-30,QB,StafMa00
3561,Ryan Tannehill,Sun,12,13,2018-12-02,30-128,MIA,,BUF,W 21-17,QB,TannRy00
3562,Deshaun Watson,Sun,12,13,2018-12-02,23-079,HOU,,CLE,W 29-13,QB,WatsDe00
3563,Russell Wilson,Sun,12,13,2018-12-02,30-003,SEA,,SFO,W 43-16,QB,WilsRu00
3564,Jameis Winston,Sun,12,13,2018-12-02,24-330,TAM,,CAR,W 24-17,QB,WinsJa00
3565,Drew Brees,Thu,12,13,2018-11-29,39-318,NOR,@,DAL,L 10-13,QB,BreeDr00
3566,Dak Prescott,Thu,12,13,2018-11-29,25-123,DAL,,NOR,W 13-10,QB,PresDa01
3567,Marcus Mariota,Mon,11,12,2018-11-26,25-027,TEN,@,HOU,L 17-34,QB,MariMa01
3568,Deshaun Watson,Mon,11,12,2018-11-26,23-073,HOU,,TEN,W 34-17,QB,WatsDe00
3569,Josh Allen,Sun,11,12,2018-11-25,22-188,BUF,,JAX,W 24-21,QB,AlleJo02
3570,Blake Bortles,Sun,11,12,2018-11-25,26-211,JAX,@,BUF,L 21-24,QB,BortBl00
3571,Tom Brady,Sun,11,12,2018-11-25,41-114,NWE,@,NYJ,W 27-13,QB,BradTo00
3572,Derek Carr,Sun,11,12,2018-11-25,27-242,OAK,@,BAL,L 17-34,QB,CarrDe02
3573,Kirk Cousins,Sun,11,12,2018-11-25,30-098,MIN,,GNB,W 24-17,QB,CousKi00
3574,Andy Dalton,Sun,11,12,2018-11-25,31-027,CIN,,CLE,L 20-35,QB,DaltAn00
3575,Lamar Jackson,Sun,11,12,2018-11-25,21-322,BAL,,OAK,W 34-17,QB,JackLa00
3576,Case Keenum,Sun,11,12,2018-11-25,30-281,DEN,,PIT,W 24-17,QB,KeenCa00
3577,Andrew Luck,Sun,11,12,2018-11-25,29-074,IND,,MIA,W 27-24,QB,LuckAn00
3578,Eli Manning,Sun,11,12,2018-11-25,37-326,NYG,@,PHI,L 22-25,QB,MannEl00
3579,Baker Mayfield,Sun,11,12,2018-11-25,23-225,CLE,@,CIN,W 35-20,QB,MayfBa00
3580,Josh McCown,Sun,11,12,2018-11-25,39-144,NYJ,,NWE,L 13-27,QB,McCoJo01
3581,Nick Mullens,Sun,11,12,2018-11-25,23-249,SFO,@,TAM,L 9-27,QB,MullNi00
3582,Cam Newton,Sun,11,12,2018-11-25,29-198,CAR,,SEA,L 27-30,QB,NewtCa00
3583,Philip Rivers,Sun,11,12,2018-11-25,36-352,LAC,,ARI,W 45-10,QB,RivePh00
3584,Aaron Rodgers,Sun,11,12,2018-11-25,34-358,GNB,@,MIN,L 17-24,QB,RodgAa00
3585,Ben Roethlisberger,Sun,11,12,2018-11-25,36-268,PIT,@,DEN,L 17-24,QB,RoetBe00
3586,Josh Rosen,Sun,11,12,2018-11-25,21-288,ARI,@,LAC,L 10-45,QB,RoseJo01
3587,Ryan Tannehill,Sun,11,12,2018-11-25,30-121,MIA,@,IND,L 24-27,QB,TannRy00
3588,Carson Wentz,Sun,11,12,2018-11-25,25-330,PHI,,NYG,W 25-22,QB,WentCa00
3589,Russell Wilson,Sun,11,12,2018-11-25,29-361,SEA,@,CAR,W 30-27,QB,WilsRu00
3590,Jameis Winston,Sun,11,12,2018-11-25,24-323,TAM,,SFO,W 27-9,QB,WinsJa00
3591,Drew Brees,Thu,11,12,2018-11-22,39-311,NOR,,ATL,W 31-17,QB,BreeDr00
3592,Chase Daniel,Thu,11,12,2018-11-22,32-046,CHI,@,DET,W 23-16,QB,DaniCh00
3593,Colt McCoy,Thu,11,12,2018-11-22,32-078,WAS,@,DAL,L 23-31,QB,McCoCo00
3594,Dak Prescott,Thu,11,12,2018-11-22,25-116,DAL,,WAS,W 31-23,QB,PresDa01
3595,Matt Ryan,Thu,11,12,2018-11-22,33-189,ATL,@,NOR,L 17-31,QB,RyanMa00
3596,Matthew Stafford,Thu,11,12,2018-11-22,30-288,DET,,CHI,L 16-23,QB,StafMa00
3597,Jared Goff,Mon,11,11,2018-11-19,24-036,LAR,,KAN,W 54-51,QB,GoffJa00
3598,Patrick Mahomes,Mon,11,11,2018-11-19,23-063,KAN,@,LAR,L 51-54,QB,MahoPa00
3599,Blake Bortles,Sun,10,11,2018-11-18,26-204,JAX,,PIT,L 16-20,QB,BortBl00
3600,Drew Brees,Sun,10,11,2018-11-18,39-307,NOR,,PHI,W 48-7,QB,BreeDr00
3601,Derek Carr,Sun,10,11,2018-11-18,27-235,OAK,@,ARI,W 23-21,QB,CarrDe02
3602,Kirk Cousins,Sun,10,11,2018-11-18,30-091,MIN,@,CHI,L 20-25,QB,CousKi00
3603,Andy Dalton,Sun,10,11,2018-11-18,31-020,CIN,@,BAL,L 21-24,QB,DaltAn00
3604,Ryan Fitzpatrick,Sun,10,11,2018-11-18,35-359,TAM,@,NYG,L 35-38,QB,FitzRy00
3605,Taysom Hill,Sun,10,11,2018-11-18,28-087,NOR,,PHI,W 48-7,QB,HillTa00
3606,Lamar Jackson,Sun,10,11,2018-11-18,21-315,BAL,,CIN,W 24-21,QB,JackLa00
3607,Case Keenum,Sun,10,11,2018-11-18,30-274,DEN,@,LAC,W 23-22,QB,KeenCa00
3608,Andrew Luck,Sun,10,11,2018-11-18,29-067,IND,,TEN,W 38-10,QB,LuckAn00
3609,Eli Manning,Sun,10,11,2018-11-18,37-319,NYG,,TAM,W 38-35,QB,MannEl00
3610,Marcus Mariota,Sun,10,11,2018-11-18,25-019,TEN,@,IND,L 10-38,QB,MariMa01
3611,Cam Newton,Sun,10,11,2018-11-18,29-191,CAR,@,DET,L 19-20,QB,NewtCa00
3612,Dak Prescott,Sun,10,11,2018-11-18,25-112,DAL,@,ATL,W 22-19,QB,PresDa01
3613,Philip Rivers,Sun,10,11,2018-11-18,36-345,LAC,,DEN,L 22-23,QB,RivePh00
3614,Ben Roethlisberger,Sun,10,11,2018-11-18,36-261,PIT,@,JAX,W 20-16,QB,RoetBe00
3615,Josh Rosen,Sun,10,11,2018-11-18,21-281,ARI,,OAK,L 21-23,QB,RoseJo01
3616,Matt Ryan,Sun,10,11,2018-11-18,33-185,ATL,,DAL,L 19-22,QB,RyanMa00
3617,Alex Smith,Sun,10,11,2018-11-18,34-195,WAS,,HOU,L 21-23,QB,SmitAl03
3618,Matthew Stafford,Sun,10,11,2018-11-18,30-284,DET,,CAR,W 20-19,QB,StafMa00
3619,Mitchell Trubisky,Sun,10,11,2018-11-18,24-090,CHI,,MIN,W 25-20,QB,TrubMi00
3620,Deshaun Watson,Sun,10,11,2018-11-18,23-065,HOU,@,WAS,W 23-21,QB,WatsDe00
3621,Carson Wentz,Sun,10,11,2018-11-18,25-323,PHI,@,NOR,L 7-48,QB,WentCa00
3622,Aaron Rodgers,Thu,10,11,2018-11-15,34-348,GNB,@,SEA,L 24-27,QB,RodgAa00
3623,Russell Wilson,Thu,10,11,2018-11-15,29-351,SEA,,GNB,W 27-24,QB,WilsRu00
3624,Eli Manning,Mon,9,10,2018-11-12,37-313,NYG,@,SFO,W 27-23,QB,MannEl00
3625,Nick Mullens,Mon,10,10,2018-11-12,23-236,SFO,,NYG,L 23-27,QB,MullNi00
3626,Matt Barkley,Sun,10,10,2018-11-11,28-064,BUF,@,NYJ,W 41-10,QB,BarkMa00
3627,Blake Bortles,Sun,9,10,2018-11-11,26-197,JAX,@,IND,L 26-29,QB,BortBl00
3628,Tom Brady,Sun,10,10,2018-11-11,41-100,NWE,@,TEN,L 10-34,QB,BradTo00
3629,Drew Brees,Sun,9,10,2018-11-11,39-300,NOR,@,CIN,W 51-14,QB,BreeDr00
3630,Derek Carr,Sun,9,10,2018-11-11,27-228,OAK,,LAC,L 6-20,QB,CarrDe02
3631,Andy Dalton,Sun,9,10,2018-11-11,31-013,CIN,,NOR,L 14-51,QB,DaltAn00
3632,Ryan Fitzpatrick,Sun,9,10,2018-11-11,35-352,TAM,,WAS,L 3-16,QB,FitzRy00
3633,Jared Goff,Sun,10,10,2018-11-11,24-028,LAR,,SEA,W 36-31,QB,GoffJa00
3634,Taysom Hill,Sun,9,10,2018-11-11,28-080,NOR,@,CIN,W 51-14,QB,HillTa00
3635,Andrew Luck,Sun,9,10,2018-11-11,29-060,IND,,JAX,W 29-26,QB,LuckAn00
3636,Patrick Mahomes,Sun,10,10,2018-11-11,23-055,KAN,,ARI,W 26-14,QB,MahoPa00
3637,Marcus Mariota,Sun,9,10,2018-11-11,25-012,TEN,,NWE,W 34-10,QB,MariMa01
3638,Baker Mayfield,Sun,10,10,2018-11-11,23-211,CLE,,ATL,W 28-16,QB,MayfBa00
3639,Josh McCown,Sun,10,10,2018-11-11,39-130,NYJ,,BUF,L 10-41,QB,McCoJo01
3640,Brock Osweiler,Sun,10,10,2018-11-11,27-354,MIA,@,GNB,L 12-31,QB,OsweBr00
3641,Dak Prescott,Sun,9,10,2018-11-11,25-105,DAL,@,PHI,W 27-20,QB,PresDa01
3642,Philip Rivers,Sun,9,10,2018-11-11,36-338,LAC,@,OAK,W 20-6,QB,RivePh00
3643,Aaron Rodgers,Sun,9,10,2018-11-11,34-344,GNB,,MIA,W 31-12,QB,RodgAa00
3644,Josh Rosen,Sun,9,10,2018-11-11,21-274,ARI,@,KAN,L 14-26,QB,RoseJo01
3645,Matt Ryan,Sun,9,10,2018-11-11,33-178,ATL,@,CLE,L 16-28,QB,RyanMa00
3646,Alex Smith,Sun,9,10,2018-11-11,34-188,WAS,@,TAM,W 16-3,QB,SmitAl03
3647,Matthew Stafford,Sun,9,10,2018-11-11,30-277,DET,@,CHI,L 22-34,QB,StafMa00
3648,Mitchell Trubisky,Sun,9,10,2018-11-11,24-083,CHI,,DET,W 34-22,QB,TrubMi00
3649,Carson Wentz,Sun,9,10,2018-11-11,25-316,PHI,,DAL,L 20-27,QB,WentCa00
3650,Russell Wilson,Sun,9,10,2018-11-11,29-347,SEA,@,LAR,L 31-36,QB,WilsRu00
3651,Cam Newton,Thu,9,10,2018-11-08,29-181,CAR,@,PIT,L 21-52,QB,NewtCa00
3652,Ben Roethlisberger,Thu,9,10,2018-11-08,36-251,PIT,,CAR,W 52-21,QB,RoetBe00
3653,Marcus Mariota,Mon,8,9,2018-11-05,25-006,TEN,@,DAL,W 28-14,QB,MariMa01
3654,Dak Prescott,Mon,8,9,2018-11-05,25-099,DAL,,TEN,L 14-28,QB,PresDa01
3655,Tom Brady,Sun,9,9,2018-11-04,41-093,NWE,,GNB,W 31-17,QB,BradTo00
3656,Drew Brees,Sun,8,9,2018-11-04,39-293,NOR,,LAR,W 45-35,QB,BreeDr00
3657,Kirk Cousins,Sun,9,9,2018-11-04,30-077,MIN,,DET,W 24-9,QB,CousKi00
3658,Sam Darnold,Sun,9,9,2018-11-04,21-152,NYJ,@,MIA,L 6-13,QB,DarnSa00
3659,Ryan Fitzpatrick,Sun,8,9,2018-11-04,35-345,TAM,@,CAR,L 28-42,QB,FitzRy00
3660,Joe Flacco,Sun,9,9,2018-11-04,33-292,BAL,,PIT,L 16-23,QB,FlacJo00
3661,Jared Goff,Sun,9,9,2018-11-04,24-021,LAR,@,NOR,L 35-45,QB,GoffJa00
3662,Case Keenum,Sun,9,9,2018-11-04,30-260,DEN,,HOU,L 17-19,QB,KeenCa00
3663,Patrick Mahomes,Sun,9,9,2018-11-04,23-048,KAN,@,CLE,W 37-21,QB,MahoPa00
3664,Baker Mayfield,Sun,9,9,2018-11-04,23-204,CLE,,KAN,L 21-37,QB,MayfBa00
3665,Cam Newton,Sun,8,9,2018-11-04,29-177,CAR,,TAM,W 42-28,QB,NewtCa00
3666,Brock Osweiler,Sun,9,9,2018-11-04,27-347,MIA,,NYJ,W 13-6,QB,OsweBr00
3667,Nathan Peterman,Sun,9,9,2018-11-04,24-184,BUF,,CHI,L 9-41,QB,PeteNa00
3668,Philip Rivers,Sun,8,9,2018-11-04,36-331,LAC,@,SEA,W 25-17,QB,RivePh00
3669,Aaron Rodgers,Sun,8,9,2018-11-04,34-337,GNB,@,NWE,L 17-31,QB,RodgAa00
3670,Ben Roethlisberger,Sun,8,9,2018-11-04,36-247,PIT,@,BAL,W 23-16,QB,RoetBe00
3671,Matt Ryan,Sun,8,9,2018-11-04,33-171,ATL,@,WAS,W 38-14,QB,RyanMa00
3672,Alex Smith,Sun,8,9,2018-11-04,34-181,WAS,,ATL,L 14-38,QB,SmitAl03
3673,Matthew Stafford,Sun,8,9,2018-11-04,30-270,DET,@,MIN,L 9-24,QB,StafMa00
3674,Mitchell Trubisky,Sun,8,9,2018-11-04,24-076,CHI,@,BUF,W 41-9,QB,TrubMi00
3675,Deshaun Watson,Sun,9,9,2018-11-04,23-051,HOU,@,DEN,W 19-17,QB,WatsDe00
3676,Russell Wilson,Sun,8,9,2018-11-04,29-340,SEA,,LAC,L 17-25,QB,WilsRu00
3677,Derek Carr,Thu,8,9,2018-11-01,27-218,OAK,@,SFO,L 3-34,QB,CarrDe02
3678,Nick Mullens,Thu,9,9,2018-11-01,23-225,SFO,,OAK,W 34-3,QB,MullNi00
3679,Derek Anderson,Mon,8,8,2018-10-29,35-136,BUF,,NWE,L 6-25,QB,AndeDe00
3680,Tom Brady,Mon,8,8,2018-10-29,41-087,NWE,@,BUF,W 25-6,QB,BradTo00
3681,C.J. Beathard,Sun,8,8,2018-10-28,24-346,SFO,@,ARI,L 15-18,QB,BeatC.00
3682,Blake Bortles,Sun,8,8,2018-10-28,26-183,JAX,,PHI,L 18-24,QB,BortBl00
3683,Drew Brees,Sun,7,8,2018-10-28,39-286,NOR,@,MIN,W 30-20,QB,BreeDr00
3684,Derek Carr,Sun,7,8,2018-10-28,27-214,OAK,,IND,L 28-42,QB,CarrDe02
3685,Kirk Cousins,Sun,8,8,2018-10-28,30-070,MIN,,NOR,L 20-30,QB,CousKi00
3686,Andy Dalton,Sun,8,8,2018-10-28,30-364,CIN,,TAM,W 37-34,QB,DaltAn00
3687,Sam Darnold,Sun,8,8,2018-10-28,21-145,NYJ,@,CHI,L 10-24,QB,DarnSa00
3688,Joe Flacco,Sun,8,8,2018-10-28,33-285,BAL,@,CAR,L 21-36,QB,FlacJo00
3689,Jared Goff,Sun,8,8,2018-10-28,24-014,LAR,,GNB,W 29-27,QB,GoffJa00
3690,Taysom Hill,Sun,7,8,2018-10-28,28-066,NOR,@,MIN,W 30-20,QB,HillTa00
3691,Case Keenum,Sun,8,8,2018-10-28,30-253,DEN,@,KAN,L 23-30,QB,KeenCa00
3692,Andrew Luck,Sun,8,8,2018-10-28,29-046,IND,@,OAK,W 42-28,QB,LuckAn00
3693,Patrick Mahomes,Sun,8,8,2018-10-28,23-041,KAN,,DEN,W 30-23,QB,MahoPa00
3694,Eli Manning,Sun,8,8,2018-10-28,37-298,NYG,,WAS,L 13-20,QB,MannEl00
3695,Baker Mayfield,Sun,8,8,2018-10-28,23-197,CLE,@,PIT,L 18-33,QB,MayfBa00
3696,Cam Newton,Sun,7,8,2018-10-28,29-170,CAR,,BAL,W 36-21,QB,NewtCa00
3697,Aaron Rodgers,Sun,7,8,2018-10-28,34-330,GNB,@,LAR,L 27-29,QB,RodgAa00
3698,Ben Roethlisberger,Sun,7,8,2018-10-28,36-240,PIT,,CLE,W 33-18,QB,RoetBe00
3699,Josh Rosen,Sun,8,8,2018-10-28,21-260,ARI,,SFO,W 18-15,QB,RoseJo01
3700,Alex Smith,Sun,7,8,2018-10-28,34-174,WAS,@,NYG,W 20-13,QB,SmitAl03
3701,Matthew Stafford,Sun,7,8,2018-10-28,30-263,DET,,SEA,L 14-28,QB,StafMa00
3702,Mitchell Trubisky,Sun,7,8,2018-10-28,24-069,CHI,,NYJ,W 24-10,QB,TrubMi00
3703,Carson Wentz,Sun,8,8,2018-10-28,25-302,PHI,@,JAX,W 24-18,QB,WentCa00
3704,Russell Wilson,Sun,7,8,2018-10-28,29-333,SEA,@,DET,W 28-14,QB,WilsRu00
3705,Jameis Winston,Sun,7,8,2018-10-28,24-295,TAM,@,CIN,L 34-37,QB,WinsJa00
3706,Brock Osweiler,Thu,8,8,2018-10-25,27-337,MIA,@,HOU,L 23-42,QB,OsweBr00
3707,Deshaun Watson,Thu,8,8,2018-10-25,23-041,HOU,,MIA,W 42-23,QB,WatsDe00
3708,Eli Manning,Mon,7,7,2018-10-22,37-292,NYG,@,ATL,L 20-23,QB,MannEl00
3709,Matt Ryan,Mon,7,7,2018-10-22,33-158,ATL,,NYG,W 23-20,QB,RyanMa00
3710,Derek Anderson,Sun,7,7,2018-10-21,35-128,BUF,@,IND,L 5-37,QB,AndeDe00
3711,C.J. Beathard,Sun,7,7,2018-10-21,24-339,SFO,,LAR,L 10-39,QB,BeatC.00
3712,Blake Bortles,Sun,7,7,2018-10-21,26-176,JAX,,HOU,L 7-20,QB,BortBl00
3713,Tom Brady,Sun,7,7,2018-10-21,41-079,NWE,@,CHI,W 38-31,QB,BradTo00
3714,Drew Brees,Sun,6,7,2018-10-21,39-279,NOR,@,BAL,W 24-23,QB,BreeDr00
3715,Kirk Cousins,Sun,7,7,2018-10-21,30-063,MIN,@,NYJ,W 37-17,QB,CousKi00
3716,Andy Dalton,Sun,7,7,2018-10-21,30-357,CIN,@,KAN,L 10-45,QB,DaltAn00
3717,Sam Darnold,Sun,7,7,2018-10-21,21-138,NYJ,,MIN,L 17-37,QB,DarnSa00
3718,Joe Flacco,Sun,7,7,2018-10-21,33-278,BAL,,NOR,L 23-24,QB,FlacJo00
3719,Jared Goff,Sun,7,7,2018-10-21,24-007,LAR,@,SFO,W 39-10,QB,GoffJa00
3720,Andrew Luck,Sun,7,7,2018-10-21,29-039,IND,,BUF,W 37-5,QB,LuckAn00
3721,Patrick Mahomes,Sun,7,7,2018-10-21,23-034,KAN,,CIN,W 45-10,QB,MahoPa00
3722,Marcus Mariota,Sun,7,7,2018-10-21,24-356,TEN,@,LAC,L 19-20,QB,MariMa01
3723,Baker Mayfield,Sun,7,7,2018-10-21,23-190,CLE,@,TAM,L 23-26 (OT),QB,MayfBa00
3724,Cam Newton,Sun,6,7,2018-10-21,29-163,CAR,@,PHI,W 21-17,QB,NewtCa00
3725,Brock Osweiler,Sun,7,7,2018-10-21,27-333,MIA,,DET,L 21-32,QB,OsweBr00
3726,Dak Prescott,Sun,7,7,2018-10-21,25-084,DAL,@,WAS,L 17-20,QB,PresDa01
3727,Philip Rivers,Sun,7,7,2018-10-21,36-317,LAC,,TEN,W 20-19,QB,RivePh00
3728,Alex Smith,Sun,6,7,2018-10-21,34-167,WAS,,DAL,W 20-17,QB,SmitAl03
3729,Matthew Stafford,Sun,6,7,2018-10-21,30-256,DET,@,MIA,W 32-21,QB,StafMa00
3730,Mitchell Trubisky,Sun,6,7,2018-10-21,24-062,CHI,,NWE,L 31-38,QB,TrubMi00
3731,Deshaun Watson,Sun,7,7,2018-10-21,23-037,HOU,@,JAX,W 20-7,QB,WatsDe00
3732,Carson Wentz,Sun,7,7,2018-10-21,25-295,PHI,,CAR,L 17-21,QB,WentCa00
3733,Jameis Winston,Sun,6,7,2018-10-21,24-288,TAM,,CLE,W 26-23 (OT),QB,WinsJa00
3734,Case Keenum,Thu,7,7,2018-10-18,30-243,DEN,@,ARI,W 45-10,QB,KeenCa00
3735,Josh Rosen,Thu,7,7,2018-10-18,21-250,ARI,,DEN,L 10-45,QB,RoseJo01
3736,C.J. Beathard,Mon,6,6,2018-10-15,24-333,SFO,@,GNB,L 30-33,QB,BeatC.00
3737,Aaron Rodgers,Mon,6,6,2018-10-15,34-317,GNB,,SFO,W 33-30,QB,RodgAa00
3738,Josh Allen,Sun,6,6,2018-10-14,22-146,BUF,@,HOU,L 13-20,QB,AlleJo02
3739,Blake Bortles,Sun,6,6,2018-10-14,26-169,JAX,@,DAL,L 7-40,QB,BortBl00
3740,Tom Brady,Sun,6,6,2018-10-14,41-072,NWE,,KAN,W 43-40,QB,BradTo00
3741,Derek Carr,Sun,6,6,2018-10-14,27-200,OAK,,SEA,L 3-27,QB,CarrDe02
3742,Kirk Cousins,Sun,6,6,2018-10-14,30-056,MIN,,ARI,W 27-17,QB,CousKi00
3743,Andy Dalton,Sun,6,6,2018-10-14,30-350,CIN,,PIT,L 21-28,QB,DaltAn00
3744,Sam Darnold,Sun,6,6,2018-10-14,21-131,NYJ,,IND,W 42-34,QB,DarnSa00
3745,Joe Flacco,Sun,6,6,2018-10-14,33-271,BAL,@,TEN,W 21-0,QB,FlacJo00
3746,Jared Goff,Sun,6,6,2018-10-14,24-000,LAR,@,DEN,W 23-20,QB,GoffJa00
3747,Case Keenum,Sun,6,6,2018-10-14,30-239,DEN,,LAR,L 20-23,QB,KeenCa00
3748,Andrew Luck,Sun,6,6,2018-10-14,29-032,IND,@,NYJ,L 34-42,QB,LuckAn00
3749,Patrick Mahomes,Sun,6,6,2018-10-14,23-027,KAN,@,NWE,L 40-43,QB,MahoPa00
3750,Marcus Mariota,Sun,6,6,2018-10-14,24-349,TEN,,BAL,L 0-21,QB,MariMa01
3751,Baker Mayfield,Sun,6,6,2018-10-14,23-183,CLE,,LAC,L 14-38,QB,MayfBa00
3752,Cam Newton,Sun,5,6,2018-10-14,29-156,CAR,@,WAS,L 17-23,QB,NewtCa00
3753,Brock Osweiler,Sun,6,6,2018-10-14,27-326,MIA,,CHI,W 31-28 (OT),QB,OsweBr00
3754,Dak Prescott,Sun,6,6,2018-10-14,25-077,DAL,,JAX,W 40-7,QB,PresDa01
3755,Philip Rivers,Sun,6,6,2018-10-14,36-310,LAC,@,CLE,W 38-14,QB,RivePh00
3756,Ben Roethlisberger,Sun,6,6,2018-10-14,36-226,PIT,@,CIN,W 28-21,QB,RoetBe00
3757,Josh Rosen,Sun,6,6,2018-10-14,21-246,ARI,@,MIN,L 17-27,QB,RoseJo01
3758,Matt Ryan,Sun,6,6,2018-10-14,33-150,ATL,,TAM,W 34-29,QB,RyanMa00
3759,Alex Smith,Sun,5,6,2018-10-14,34-160,WAS,,CAR,W 23-17,QB,SmitAl03
3760,Mitchell Trubisky,Sun,5,6,2018-10-14,24-055,CHI,@,MIA,L 28-31 (OT),QB,TrubMi00
3761,Deshaun Watson,Sun,6,6,2018-10-14,23-030,HOU,,BUF,W 20-13,QB,WatsDe00
3762,Russell Wilson,Sun,6,6,2018-10-14,29-319,SEA,@,OAK,W 27-3,QB,WilsRu00
3763,Jameis Winston,Sun,5,6,2018-10-14,24-281,TAM,@,ATL,L 29-34,QB,WinsJa00
3764,Eli Manning,Thu,6,6,2018-10-11,37-281,NYG,,PHI,L 13-34,QB,MannEl00
3765,Carson Wentz,Thu,6,6,2018-10-11,25-285,PHI,@,NYG,W 34-13,QB,WentCa00
3766,Drew Brees,Mon,5,5,2018-10-08,39-266,NOR,,WAS,W 43-19,QB,BreeDr00
3767,Alex Smith,Mon,4,5,2018-10-08,34-154,WAS,@,NOR,L 19-43,QB,SmitAl03
3768,Josh Allen,Sun,5,5,2018-10-07,22-139,BUF,,TEN,W 13-12,QB,AlleJo02
3769,C.J. Beathard,Sun,5,5,2018-10-07,24-325,SFO,,ARI,L 18-28,QB,BeatC.00
3770,Blake Bortles,Sun,5,5,2018-10-07,26-162,JAX,@,KAN,L 14-30,QB,BortBl00
3771,Derek Carr,Sun,5,5,2018-10-07,27-193,OAK,@,LAC,L 10-26,QB,CarrDe02
3772,Kirk Cousins,Sun,5,5,2018-10-07,30-049,MIN,@,PHI,W 23-21,QB,CousKi00
3773,Andy Dalton,Sun,5,5,2018-10-07,30-343,CIN,,MIA,W 27-17,QB,DaltAn00
3774,Sam Darnold,Sun,5,5,2018-10-07,21-124,NYJ,,DEN,W 34-16,QB,DarnSa00
3775,Joe Flacco,Sun,5,5,2018-10-07,33-264,BAL,@,CLE,L 9-12 (OT),QB,FlacJo00
3776,Jared Goff,Sun,5,5,2018-10-07,23-358,LAR,@,SEA,W 33-31,QB,GoffJa00
3777,Case Keenum,Sun,5,5,2018-10-07,30-232,DEN,@,NYJ,L 16-34,QB,KeenCa00
3778,Patrick Mahomes,Sun,5,5,2018-10-07,23-020,KAN,,JAX,W 30-14,QB,MahoPa00
3779,Eli Manning,Sun,5,5,2018-10-07,37-277,NYG,@,CAR,L 31-33,QB,MannEl00
3780,Marcus Mariota,Sun,5,5,2018-10-07,24-342,TEN,@,BUF,L 12-13,QB,MariMa01
3781,Baker Mayfield,Sun,5,5,2018-10-07,23-176,CLE,,BAL,W 12-9 (OT),QB,MayfBa00
3782,Cam Newton,Sun,4,5,2018-10-07,29-149,CAR,,NYG,W 33-31,QB,NewtCa00
3783,Dak Prescott,Sun,5,5,2018-10-07,25-070,DAL,@,HOU,L 16-19 (OT),QB,PresDa01
3784,Philip Rivers,Sun,5,5,2018-10-07,36-303,LAC,,OAK,W 26-10,QB,RivePh00
3785,Aaron Rodgers,Sun,5,5,2018-10-07,34-309,GNB,@,DET,L 23-31,QB,RodgAa00
3786,Ben Roethlisberger,Sun,5,5,2018-10-07,36-219,PIT,,ATL,W 41-17,QB,RoetBe00
3787,Josh Rosen,Sun,5,5,2018-10-07,21-239,ARI,@,SFO,W 28-18,QB,RoseJo01
3788,Matt Ryan,Sun,5,5,2018-10-07,33-143,ATL,@,PIT,L 17-41,QB,RyanMa00
3789,Matthew Stafford,Sun,5,5,2018-10-07,30-242,DET,,GNB,W 31-23,QB,StafMa00
3790,Ryan Tannehill,Sun,5,5,2018-10-07,30-072,MIA,@,CIN,L 17-27,QB,TannRy00
3791,Deshaun Watson,Sun,5,5,2018-10-07,23-023,HOU,,DAL,W 19-16 (OT),QB,WatsDe00
3792,Carson Wentz,Sun,5,5,2018-10-07,25-281,PHI,,MIN,L 21-23,QB,WentCa00
3793,Russell Wilson,Sun,5,5,2018-10-07,29-312,SEA,,LAR,L 31-33,QB,WilsRu00
3794,Tom Brady,Thu,5,5,2018-10-04,41-062,NWE,,IND,W 38-24,QB,BradTo00
3795,Andrew Luck,Thu,5,5,2018-10-04,29-022,IND,@,NWE,L 24-38,QB,LuckAn00
3796,Case Keenum,Mon,4,4,2018-10-01,30-226,DEN,,KAN,L 23-27,QB,KeenCa00
3797,Patrick Mahomes,Mon,4,4,2018-10-01,23-014,KAN,@,DEN,W 27-23,QB,MahoPa00
3798,Josh Allen,Sun,4,4,2018-09-30,22-132,BUF,@,GNB,L 0-22,QB,AlleJo02
3799,C.J. Beathard,Sun,4,4,2018-09-30,24-318,SFO,@,LAC,L 27-29,QB,BeatC.00
3800,Blake Bortles,Sun,4,4,2018-09-30,26-155,JAX,,NYJ,W 31-12,QB,BortBl00
3801,Tom Brady,Sun,4,4,2018-09-30,41-058,NWE,,MIA,W 38-7,QB,BradTo00
3802,Drew Brees,Sun,4,4,2018-09-30,39-258,NOR,@,NYG,W 33-18,QB,BreeDr00
3803,Derek Carr,Sun,4,4,2018-09-30,27-186,OAK,,CLE,W 45-42 (OT),QB,CarrDe02
3804,Andy Dalton,Sun,4,4,2018-09-30,30-336,CIN,@,ATL,W 37-36,QB,DaltAn00
3805,Sam Darnold,Sun,4,4,2018-09-30,21-117,NYJ,@,JAX,L 12-31,QB,DarnSa00
3806,Ryan Fitzpatrick,Sun,4,4,2018-09-30,35-310,TAM,@,CHI,L 10-48,QB,FitzRy00
3807,Joe Flacco,Sun,4,4,2018-09-30,33-257,BAL,@,PIT,W 26-14,QB,FlacJo00
3808,Andrew Luck,Sun,4,4,2018-09-30,29-018,IND,,HOU,L 34-37 (OT),QB,LuckAn00
3809,Eli Manning,Sun,4,4,2018-09-30,37-270,NYG,,NOR,L 18-33,QB,MannEl00
3810,Marcus Mariota,Sun,4,4,2018-09-30,24-335,TEN,,PHI,W 26-23 (OT),QB,MariMa01
3811,Baker Mayfield,Sun,4,4,2018-09-30,23-169,CLE,@,OAK,L 42-45 (OT),QB,MayfBa00
3812,Dak Prescott,Sun,4,4,2018-09-30,25-063,DAL,,DET,W 26-24,QB,PresDa01
3813,Philip Rivers,Sun,4,4,2018-09-30,36-296,LAC,,SFO,W 29-27,QB,RivePh00
3814,Aaron Rodgers,Sun,4,4,2018-09-30,34-302,GNB,,BUF,W 22-0,QB,RodgAa00
3815,Ben Roethlisberger,Sun,4,4,2018-09-30,36-212,PIT,,BAL,L 14-26,QB,RoetBe00
3816,Josh Rosen,Sun,4,4,2018-09-30,21-232,ARI,,SEA,L 17-20,QB,RoseJo01
3817,Matt Ryan,Sun,4,4,2018-09-30,33-136,ATL,,CIN,L 36-37,QB,RyanMa00
3818,Matthew Stafford,Sun,4,4,2018-09-30,30-235,DET,@,DAL,L 24-26,QB,StafMa00
3819,Ryan Tannehill,Sun,4,4,2018-09-30,30-065,MIA,@,NWE,L 7-38,QB,TannRy00
3820,Mitchell Trubisky,Sun,4,4,2018-09-30,24-041,CHI,,TAM,W 48-10,QB,TrubMi00
3821,Deshaun Watson,Sun,4,4,2018-09-30,23-016,HOU,@,IND,W 37-34 (OT),QB,WatsDe00
3822,Carson Wentz,Sun,4,4,2018-09-30,25-274,PHI,@,TEN,L 23-26 (OT),QB,WentCa00
3823,Russell Wilson,Sun,4,4,2018-09-30,29-305,SEA,@,ARI,W 20-17,QB,WilsRu00
3824,Kirk Cousins,Thu,4,4,2018-09-27,30-039,MIN,@,LAR,L 31-38,QB,CousKi00
3825,Jared Goff,Thu,4,4,2018-09-27,23-348,LAR,,MIN,W 38-31,QB,GoffJa00
3826,Ryan Fitzpatrick,Mon,3,3,2018-09-24,35-304,TAM,,PIT,L 27-30,QB,FitzRy00
3827,Ben Roethlisberger,Mon,3,3,2018-09-24,36-206,PIT,@,TAM,W 30-27,QB,RoetBe00
3828,Josh Allen,Sun,3,3,2018-09-23,22-125,BUF,@,MIN,W 27-6,QB,AlleJo02
3829,Blake Bortles,Sun,3,3,2018-09-23,26-148,JAX,,TEN,L 6-9,QB,BortBl00
3830,Sam Bradford,Sun,3,3,2018-09-23,30-319,ARI,,CHI,L 14-16,QB,BradSa00
3831,Tom Brady,Sun,3,3,2018-09-23,41-051,NWE,@,DET,L 10-26,QB,BradTo00
3832,Drew Brees,Sun,3,3,2018-09-23,39-251,NOR,@,ATL,W 43-37 (OT),QB,BreeDr00
3833,Derek Carr,Sun,3,3,2018-09-23,27-179,OAK,@,MIA,L 20-28,QB,CarrDe02
3834,Kirk Cousins,Sun,3,3,2018-09-23,30-035,MIN,,BUF,L 6-27,QB,CousKi00
3835,Andy Dalton,Sun,3,3,2018-09-23,30-329,CIN,@,CAR,L 21-31,QB,DaltAn00
3836,Joe Flacco,Sun,3,3,2018-09-23,33-250,BAL,,DEN,W 27-14,QB,FlacJo00
3837,Blaine Gabbert,Sun,3,3,2018-09-23,28-343,TEN,@,JAX,W 9-6,QB,GabbBl00
3838,Jimmy Garoppolo,Sun,3,3,2018-09-23,26-325,SFO,@,KAN,L 27-38,QB,GaroJi00
3839,Jared Goff,Sun,3,3,2018-09-23,23-344,LAR,,LAC,W 35-23,QB,GoffJa00
3840,Case Keenum,Sun,3,3,2018-09-23,30-218,DEN,@,BAL,L 14-27,QB,KeenCa00
3841,Andrew Luck,Sun,3,3,2018-09-23,29-011,IND,@,PHI,L 16-20,QB,LuckAn00
3842,Patrick Mahomes,Sun,3,3,2018-09-23,23-006,KAN,,SFO,W 38-27,QB,MahoPa00
3843,Eli Manning,Sun,3,3,2018-09-23,37-263,NYG,@,HOU,W 27-22,QB,MannEl00
3844,Cam Newton,Sun,3,3,2018-09-23,29-135,CAR,,CIN,W 31-21,QB,NewtCa00
3845,Dak Prescott,Sun,3,3,2018-09-23,25-056,DAL,@,SEA,L 13-24,QB,PresDa01
3846,Philip Rivers,Sun,3,3,2018-09-23,36-289,LAC,@,LAR,L 23-35,QB,RivePh00
3847,Aaron Rodgers,Sun,3,3,2018-09-23,34-295,GNB,@,WAS,L 17-31,QB,RodgAa00
3848,Matt Ryan,Sun,3,3,2018-09-23,33-129,ATL,,NOR,L 37-43 (OT),QB,RyanMa00
3849,Alex Smith,Sun,3,3,2018-09-23,34-139,WAS,,GNB,W 31-17,QB,SmitAl03
3850,Matthew Stafford,Sun,3,3,2018-09-23,30-228,DET,,NWE,W 26-10,QB,StafMa00
3851,Ryan Tannehill,Sun,3,3,2018-09-23,30-058,MIA,,OAK,W 28-20,QB,TannRy00
3852,Mitchell Trubisky,Sun,3,3,2018-09-23,24-034,CHI,@,ARI,W 16-14,QB,TrubMi00
3853,Deshaun Watson,Sun,3,3,2018-09-23,23-009,HOU,,NYG,L 22-27,QB,WatsDe00
3854,Carson Wentz,Sun,3,3,2018-09-23,25-267,PHI,,IND,W 20-16,QB,WentCa00
3855,Russell Wilson,Sun,3,3,2018-09-23,29-298,SEA,,DAL,W 24-13,QB,WilsRu00
3856,Sam Darnold,Thu,3,3,2018-09-20,21-107,NYJ,@,CLE,L 17-21,QB,DarnSa00
3857,Tyrod Taylor,Thu,3,3,2018-09-20,29-048,CLE,,NYJ,W 21-17,QB,TaylTy00
3858,Mitchell Trubisky,Mon,2,2,2018-09-17,24-028,CHI,,SEA,W 24-17,QB,TrubMi00
3859,Russell Wilson,Mon,2,2,2018-09-17,29-292,SEA,@,CHI,L 17-24,QB,WilsRu00
3860,Josh Allen,Sun,2,2,2018-09-16,22-118,BUF,,LAC,L 20-31,QB,AlleJo02
3861,Blake Bortles,Sun,2,2,2018-09-16,26-141,JAX,,NWE,W 31-20,QB,BortBl00
3862,Sam Bradford,Sun,2,2,2018-09-16,30-312,ARI,@,LAR,L 0-34,QB,BradSa00
3863,Tom Brady,Sun,2,2,2018-09-16,41-044,NWE,@,JAX,L 20-31,QB,BradTo00
3864,Drew Brees,Sun,2,2,2018-09-16,39-244,NOR,,CLE,W 21-18,QB,BreeDr00
3865,Derek Carr,Sun,2,2,2018-09-16,27-172,OAK,@,DEN,L 19-20,QB,CarrDe02
3866,Kirk Cousins,Sun,2,2,2018-09-16,30-028,MIN,@,GNB,T 29-29 (OT),QB,CousKi00
3867,Sam Darnold,Sun,2,2,2018-09-16,21-103,NYJ,,MIA,L 12-20,QB,DarnSa00
3868,Ryan Fitzpatrick,Sun,2,2,2018-09-16,35-296,TAM,,PHI,W 27-21,QB,FitzRy00
3869,Nick Foles,Sun,2,2,2018-09-16,29-239,PHI,@,TAM,L 21-27,QB,FoleNi00
3870,Blaine Gabbert,Sun,2,2,2018-09-16,28-336,TEN,,HOU,W 20-17,QB,GabbBl00
3871,Jimmy Garoppolo,Sun,2,2,2018-09-16,26-318,SFO,,DET,W 30-27,QB,GaroJi00
3872,Jared Goff,Sun,2,2,2018-09-16,23-337,LAR,,ARI,W 34-0,QB,GoffJa00
3873,Case Keenum,Sun,2,2,2018-09-16,30-211,DEN,,OAK,W 20-19,QB,KeenCa00
3874,Andrew Luck,Sun,2,2,2018-09-16,29-004,IND,@,WAS,W 21-9,QB,LuckAn00
3875,Patrick Mahomes,Sun,2,2,2018-09-16,22-364,KAN,@,PIT,W 42-37,QB,MahoPa00
3876,Eli Manning,Sun,2,2,2018-09-16,37-256,NYG,@,DAL,L 13-20,QB,MannEl00
3877,Cam Newton,Sun,2,2,2018-09-16,29-128,CAR,@,ATL,L 24-31,QB,NewtCa00
3878,Dak Prescott,Sun,2,2,2018-09-16,25-049,DAL,,NYG,W 20-13,QB,PresDa01
3879,Philip Rivers,Sun,2,2,2018-09-16,36-282,LAC,@,BUF,W 31-20,QB,RivePh00
3880,Aaron Rodgers,Sun,2,2,2018-09-16,34-288,GNB,,MIN,T 29-29 (OT),QB,RodgAa00
3881,Ben Roethlisberger,Sun,2,2,2018-09-16,36-198,PIT,,KAN,L 37-42,QB,RoetBe00
3882,Matt Ryan,Sun,2,2,2018-09-16,33-122,ATL,,CAR,W 31-24,QB,RyanMa00
3883,Alex Smith,Sun,2,2,2018-09-16,34-132,WAS,,IND,L 9-21,QB,SmitAl03
3884,Matthew Stafford,Sun,2,2,2018-09-16,30-221,DET,@,SFO,L 27-30,QB,StafMa00
3885,Ryan Tannehill,Sun,2,2,2018-09-16,30-051,MIA,@,NYJ,W 20-12,QB,TannRy00
3886,Tyrod Taylor,Sun,2,2,2018-09-16,29-044,CLE,@,NOR,L 18-21,QB,TaylTy00
3887,Deshaun Watson,Sun,2,2,2018-09-16,23-002,HOU,@,TEN,L 17-20,QB,WatsDe00
3888,Andy Dalton,Thu,2,2,2018-09-13,30-319,CIN,,BAL,W 34-23,QB,DaltAn00
3889,Joe Flacco,Thu,2,2,2018-09-13,33-240,BAL,@,CIN,L 23-34,QB,FlacJo00
3890,Derek Carr,Mon,1,1,2018-09-10,27-166,OAK,,LAR,L 13-33,QB,CarrDe02
3891,Sam Darnold,Mon,1,1,2018-09-10,21-097,NYJ,@,DET,W 48-17,QB,DarnSa00
3892,Jared Goff,Mon,1,1,2018-09-10,23-331,LAR,@,OAK,W 33-13,QB,GoffJa00
3893,Matthew Stafford,Mon,1,1,2018-09-10,30-215,DET,,NYJ,L 17-48,QB,StafMa00
3894,Blake Bortles,Sun,1,1,2018-09-09,26-134,JAX,@,NYG,W 20-15,QB,BortBl00
3895,Sam Bradford,Sun,1,1,2018-09-09,30-305,ARI,,WAS,L 6-24,QB,BradSa00
3896,Tom Brady,Sun,1,1,2018-09-09,41-037,NWE,,HOU,W 27-20,QB,BradTo00
3897,Drew Brees,Sun,1,1,2018-09-09,39-237,NOR,,TAM,L 40-48,QB,BreeDr00
3898,Kirk Cousins,Sun,1,1,2018-09-09,30-021,MIN,,SFO,W 24-16,QB,CousKi00
3899,Andy Dalton,Sun,1,1,2018-09-09,30-315,CIN,@,IND,W 34-23,QB,DaltAn00
3900,Ryan Fitzpatrick,Sun,1,1,2018-09-09,35-289,TAM,@,NOR,W 48-40,QB,FitzRy00
3901,Joe Flacco,Sun,1,1,2018-09-09,33-236,BAL,,BUF,W 47-3,QB,FlacJo00
3902,Jimmy Garoppolo,Sun,1,1,2018-09-09,26-311,SFO,@,MIN,L 16-24,QB,GaroJi00
3903,Case Keenum,Sun,1,1,2018-09-09,30-204,DEN,,SEA,W 27-24,QB,KeenCa00
3904,Andrew Luck,Sun,1,1,2018-09-09,28-362,IND,,CIN,L 23-34,QB,LuckAn00
3905,Patrick Mahomes,Sun,1,1,2018-09-09,22-357,KAN,@,LAC,W 38-28,QB,MahoPa00
3906,Eli Manning,Sun,1,1,2018-09-09,37-249,NYG,,JAX,L 15-20,QB,MannEl00
3907,Marcus Mariota,Sun,1,1,2018-09-09,24-314,TEN,@,MIA,L 20-27,QB,MariMa01
3908,Cam Newton,Sun,1,1,2018-09-09,29-121,CAR,,DAL,W 16-8,QB,NewtCa00
3909,Nathan Peterman,Sun,1,1,2018-09-09,24-128,BUF,@,BAL,L 3-47,QB,PeteNa00
3910,Dak Prescott,Sun,1,1,2018-09-09,25-042,DAL,@,CAR,L 8-16,QB,PresDa01
3911,Philip Rivers,Sun,1,1,2018-09-09,36-275,LAC,,KAN,L 28-38,QB,RivePh00
3912,Aaron Rodgers,Sun,1,1,2018-09-09,34-281,GNB,,CHI,W 24-23,QB,RodgAa00
3913,Ben Roethlisberger,Sun,1,1,2018-09-09,36-191,PIT,@,CLE,T 21-21 (OT),QB,RoetBe00
3914,Alex Smith,Sun,1,1,2018-09-09,34-125,WAS,@,ARI,W 24-6,QB,SmitAl03
3915,Ryan Tannehill,Sun,1,1,2018-09-09,30-044,MIA,,TEN,W 27-20,QB,TannRy00
3916,Tyrod Taylor,Sun,1,1,2018-09-09,29-037,CLE,,PIT,T 21-21 (OT),QB,TaylTy00
3917,Mitchell Trubisky,Sun,1,1,2018-09-09,24-020,CHI,@,GNB,L 23-24,QB,TrubMi00
3918,Deshaun Watson,Sun,1,1,2018-09-09,22-360,HOU,@,NWE,L 20-27,QB,WatsDe00
3919,Russell Wilson,Sun,1,1,2018-09-09,29-284,SEA,@,DEN,L 24-27,QB,WilsRu00
3920,Nick Foles,Thu,1,1,2018-09-06,29-229,PHI,,ATL,W 18-12,QB,FoleNi00
3921,Matt Ryan,Thu,1,1,2018-09-06,33-112,ATL,@,PHI,L 12-18,QB,RyanMa00
