season,week,season_type,game_id,side,team,opponent,actual_starting_qb_name,actual_starting_qb_pfr_id,actual_starting_qb_gsis_id,historical_model_usage,starter_evidence_class,semantic_exception_flag,official_qb_start_credit,feature_as_of_utc,source_available_at_utc,prior_games,prior_dropback_or_attempt_volume,passing_epa_observed,passing_epa_prior,passing_epa_sample_size,passing_epa_shrinkage_weight,passing_epa,passing_cpoe,sacks_suffered_rate,interception_rate,recency_weighted_form,season_to_date_form,career_to_date_form,rookie_or_zero_sample,low_sample,missing_player_id,passing_epa_imputed,passing_cpoe_imputed,sack_rate_imputed,interception_rate_imputed,qb_adjustment_elo,qb_adjustment_semantics
2025,1,REG,2025_01_ARI_NO,away,ARI,NO,Kyler Murray,MurrKy00,00-0035228,ORACLE_STARTER_IDENTITY_ONLY,POSTGAME_ACTUAL_STARTER,False,CREDITED,2025-09-02 12:00:00+00:00,2025-01-07 12:00:00+00:00,83,2995.0,0.04176051512156786,-0.05,2995.0,0.9229583975346687,0.034691137993558004,0.6396150754013828,0.06028496049436477,0.021662543544658394,0.1355119809771513,-0.05,0.04176051512156786,False,False,False,False,False,False,False,42.34556899677901,ORACLE_IDENTITY_FROZEN_QB_ELO_FORMULA
2025,1,REG,2025_01_ARI_NO,home,NO,ARI,Spencer Rattler,RattSp00,00-0039376,ORACLE_STARTER_IDENTITY_ONLY,POSTGAME_ACTUAL_STARTER,False,CREDITED,2025-09-02 12:00:00+00:00,2025-01-07 12:00:00+00:00,7,250.0,-0.2920727954859757,-0.05,250.0,0.5,-0.17103639774298784,-5.125539740128482,0.08306722968468797,0.025964912280701753,-0.22588752689663288,-0.05,-0.2920727954859757,False,False,False,False,False,False,False,-50.0,ORACLE_IDENTITY_FROZEN_QB_ELO_FORMULA
2025,1,REG,2025_01_BAL_BUF,away,BAL,BUF,Lamar Jackson,JackLa00,00-0034796,ORACLE_STARTER_IDENTITY_ONLY,POSTGAME_ACTUAL_STARTER,False,CREDITED,2025-09-02 12:00:00+00:00,2025-01-21 12:00:00+00:00,111,3048.0,0.1520542251984113,-0.05,3048.0,0.9241964827167981,0.13673780424643958,1.5101896802458743,0.07088600901350926,0.02058149958716981,0.3214235130493877,-0.05,0.1520542251984113,False,False,False,False,False,False,False,50.0,ORACLE_IDENTITY_FROZEN_QB_ELO_FORMULA
2025,1,REG,2025_01_BAL_BUF,home,BUF,BAL,Josh Allen,AlleJo02,00-0034857,ORACLE_STARTER_IDENTITY_ONLY,POSTGAME_ACTUAL_STARTER,False,CREDITED,2025-09-02 12:00:00+00:00,2025-01-28 12:00:00+00:00,123,4304.0,0.13879478947584295,-0.05,4304.0,0.9451032059727712,0.12843056080457357,1.7163395704473823,0.05031768895146531,0.021996569131705994,0.25381971805795767,-0.05,0.13879478947584295,False,False,False,False,False,False,False,50.0,ORACLE_IDENTITY_FROZEN_QB_ELO_FORMULA
2025,1,REG,2025_01_CAR_JAX,away,CAR,JAX,Bryce Young,YounBr01,00-0039150,ORACLE_STARTER_IDENTITY_ONLY,POSTGAME_ACTUAL_STARTER,False,CREDITED,2025-09-02 12:00:00+00:00,2025-01-07 12:00:00+00:00,30,1002.0,-0.17575963768588734,-0.05,1002.0,0.8003194888178914,-0.1506478889466926,-0.5925918619490562,0.0863704116416772,0.0226820402394588,0.13677318365477245,-0.05,-0.17575963768588734,False,False,False,False,False,False,False,-50.0,ORACLE_IDENTITY_FROZEN_QB_ELO_FORMULA
2025,1,REG,2025_01_CAR_JAX,home,JAX,CAR,Trevor Lawrence,LawrTr00,00-0036971,ORACLE_STARTER_IDENTITY_ONLY,POSTGAME_ACTUAL_STARTER,False,CREDITED,2025-09-02 12:00:00+00:00,2024-12-03 12:00:00+00:00,62,2236.0,0.0148624346120393,-0.05,2236.0,0.8994368463395012,0.008339663633354734,-1.0309013968245502,0.05314577178118915,0.02465429044156712,-0.06863830629911472,-0.05,0.0148624346120393,False,False,False,False,False,False,False,29.16983181667737,ORACLE_IDENTITY_FROZEN_QB_ELO_FORMULA
2025,1,REG,2025_01_CIN_CLE,away,CIN,CLE,Joe Burrow,BurrJo01,00-0036442,ORACLE_STARTER_IDENTITY_ONLY,POSTGAME_ACTUAL_STARTER,False,CREDITED,2025-09-02 12:00:00+00:00,2025-01-07 12:00:00+00:00,76,3023.0,0.1302313531620428,-0.05,3023.0,0.9236174763214177,0.11646482756152013,3.824792768180406,0.07287620744483521,0.01879643418643713,0.1292437984819698,-0.05,0.1302313531620428,False,False,False,False,False,False,False,50.0,ORACLE_IDENTITY_FROZEN_QB_ELO_FORMULA
2025,1,REG,2025_01_CIN_CLE,home,CLE,CIN,Joe Flacco,FlacJo00,00-0026158,ORACLE_STARTER_IDENTITY_ONLY,POSTGAME_ACTUAL_STARTER,False,CREDITED,2025-09-02 12:00:00+00:00,2025-01-07 12:00:00+00:00,42,1597.0,-0.024033560350610484,-0.05,1597.0,0.8646453708716838,-0.027548238159136408,-1.3000722549238062,0.05854466059587033,0.023581185095388167,-0.0518868018187172,-0.05,-0.024033560350610484,False,False,False,False,False,False,False,11.225880920431797,ORACLE_IDENTITY_FROZEN_QB_ELO_FORMULA
2025,1,REG,2025_01_DAL_PHI,away,DAL,PHI,Dak Prescott,PresDa01,00-0033077,ORACLE_STARTER_IDENTITY_ONLY,POSTGAME_ACTUAL_STARTER,False,CREDITED,2025-09-02 12:00:00+00:00,2024-11-05 12:00:00+00:00,96,3660.0,0.12721963921385804,-0.05,3660.0,0.9360613810741688,0.11588846023598988,1.1750377312284255,0.057602195971202245,0.02119320440775927,-0.059677848035626084,-0.05,0.12721963921385804,False,False,False,False,False,False,False,50.0,ORACLE_IDENTITY_FROZEN_QB_ELO_FORMULA
2025,1,REG,2025_01_DAL_PHI,home,PHI,DAL,Jalen Hurts,HurtJa00,00-0036389,ORACLE_STARTER_IDENTITY_ONLY,POSTGAME_ACTUAL_STARTER,False,CREDITED,2025-09-02 12:00:00+00:00,2025-02-11 12:00:00+00:00,85,2368.0,0.09738261902297664,-0.05,2368.0,0.904507257448434,0.08330864852803999,2.340015562549485,0.0714740252775287,0.0201719826468587,0.23743611749093238,-0.05,0.09738261902297664,False,False,False,False,False,False,False,50.0,ORACLE_IDENTITY_FROZEN_QB_ELO_FORMULA
2025,1,REG,2025_01_DET_GB,away,DET,GB,Jared Goff,GoffJa00,00-0033106,ORACLE_STARTER_IDENTITY_ONLY,POSTGAME_ACTUAL_STARTER,False,CREDITED,2025-09-02 12:00:00+00:00,2025-01-21 12:00:00+00:00,121,4484.0,0.12555001234364496,-0.05,4484.0,0.9471905365441488,0.11627931038210901,0.541033983128764,0.04863235658758118,0.02045262128503308,0.20747585265728893,-0.05,0.12555001234364496,False,False,False,False,False,False,False,50.0,ORACLE_IDENTITY_FROZEN_QB_ELO_FORMULA
2025,1,REG,2025_01_DET_GB,home,GB,DET,Jordan Love,LoveJo03,00-0036264,ORACLE_STARTER_IDENTITY_ONLY,POSTGAME_ACTUAL_STARTER,False,CREDITED,2025-09-02 12:00:00+00:00,2025-01-14 12:00:00+00:00,45,1224.0,0.1385204077829443,-0.05,1224.0,0.830393487109905,0.1065461188102604,0.2568626170189072,0.045640910123100155,0.02628973122780681,0.013224504979218132,-0.05,0.1385204077829443,False,False,False,False,False,False,False,50.0,ORACLE_IDENTITY_FROZEN_QB_ELO_FORMULA
2025,1,REG,2025_01_HOU_LA,away,HOU,LAR,C.J. Stroud,StroCJ00,00-0039163,ORACLE_STARTER_IDENTITY_ONLY,POSTGAME_ACTUAL_STARTER,False,CREDITED,2025-09-02 12:00:00+00:00,2025-01-21 12:00:00+00:00,36,1247.0,0.059120443347608506,-0.05,1247.0,0.832999331997328,0.04089725641581016,-0.7103396768904526,0.07802499517636573,0.01809377918139945,0.08589370880734645,-0.05,0.059120443347608506,False,False,False,False,False,False,False,45.44862820790508,ORACLE_IDENTITY_FROZEN_QB_ELO_FORMULA
2025,1,REG,2025_01_HOU_LA,home,LAR,HOU,Matthew Stafford,StafMa00,00-0026498,ORACLE_STARTER_IDENTITY_ONLY,POSTGAME_ACTUAL_STARTER,False,CREDITED,2025-09-02 12:00:00+00:00,2025-01-21 12:00:00+00:00,104,3792.0,0.1079912520795882,-0.05,3792.0,0.938149430974765,0.09821940323745634,-0.5263632405355376,0.059483718379683366,0.021076653321432843,0.11587874956922958,-0.05,0.1079912520795882,False,False,False,False,False,False,False,50.0,ORACLE_IDENTITY_FROZEN_QB_ELO_FORMULA
2025,1,REG,2025_01_KC_LAC,away,KC,LAC,Patrick Mahomes,MahoPa00,00-0033873,ORACLE_STARTER_IDENTITY_ONLY,POSTGAME_ACTUAL_STARTER,False,CREDITED,2025-09-02 12:00:00+00:00,2025-02-11 12:00:00+00:00,132,5119.0,0.23071559090761407,-0.05,5119.0,0.9534363941143602,0.21764446076663743,2.9295196609496417,0.04505895074249331,0.01757667115172599,0.08635143880827315,-0.05,0.23071559090761407,False,False,False,False,False,False,False,50.0,ORACLE_IDENTITY_FROZEN_QB_ELO_FORMULA
2025,1,REG,2025_01_KC_LAC,home,LAC,KC,Justin Herbert,HerbJu00,00-0036355,ORACLE_STARTER_IDENTITY_ONLY,POSTGAME_ACTUAL_STARTER,False,CREDITED,2025-09-02 12:00:00+00:00,2025-01-14 12:00:00+00:00,81,3179.0,0.1057569163730598,-0.05,3179.0,0.9270924467774861,0.0944010607028163,0.03726272015514989,0.0562783074876949,0.017324690739326805,0.024356093820543954,-0.05,0.1057569163730598,False,False,False,False,False,False,False,50.0,ORACLE_IDENTITY_FROZEN_QB_ELO_FORMULA
2025,1,REG,2025_01_LV_NE,away,LV,NE,Geno Smith,SmitGe00,00-0030565,ORACLE_STARTER_IDENTITY_ONLY,POSTGAME_ACTUAL_STARTER,False,CREDITED,2025-09-02 12:00:00+00:00,2025-01-07 12:00:00+00:00,59,1933.0,0.046112487178600156,-0.05,1933.0,0.8854786990380211,0.035105560108215354,4.139788148117905,0.07364277877757641,0.021759303382554437,0.05415545728013893,-0.05,0.046112487178600156,False,False,False,False,False,False,False,42.55278005410767,ORACLE_IDENTITY_FROZEN_QB_ELO_FORMULA
2025,1,REG,2025_01_LV_NE,home,NE,LV,Drake Maye,MayeDr00,00-0039851,ORACLE_STARTER_IDENTITY_ONLY,POSTGAME_ACTUAL_STARTER,False,CREDITED,2025-09-02 12:00:00+00:00,2025-01-07 12:00:00+00:00,13,372.0,-0.061028484338349086,-0.05,372.0,0.5980707395498392,-0.05659581378435026,1.3291760166604958,0.08536558562878452,0.029752278391902434,-0.45108053964730926,-0.05,-0.061028484338349086,False,False,False,False,False,False,False,-3.2979068921751287,ORACLE_IDENTITY_FROZEN_QB_ELO_FORMULA
2025,1,REG,2025_01_MIA_IND,away,MIA,IND,Tua Tagovailoa,TagoTu00,00-0036212,ORACLE_STARTER_IDENTITY_ONLY,POSTGAME_ACTUAL_STARTER,False,CREDITED,2025-09-02 12:00:00+00:00,2024-12-24 12:00:00+00:00,65,2189.0,0.1431646424117317,-0.05,2189.0,0.8974989749897498,0.12336506856879077,1.7391227896769959,0.05274189689469653,0.022529488300663356,0.19074608854076358,-0.05,0.1431646424117317,False,False,False,False,False,False,False,50.0,ORACLE_IDENTITY_FROZEN_QB_ELO_FORMULA
2025,1,REG,2025_01_MIA_IND,home,IND,MIA,Daniel Jones,JoneDa05,00-0035710,ORACLE_STARTER_IDENTITY_ONLY,POSTGAME_ACTUAL_STARTER,False,CREDITED,2025-09-02 12:00:00+00:00,2024-11-12 12:00:00+00:00,72,2519.0,-0.05314502700629158,-0.05,2519.0,0.9097146984470929,-0.05286107729463651,-0.42168721006449417,0.08209919551201449,0.021669178032892235,-0.15945234171967046,-0.05,-0.05314502700629158,False,False,False,False,False,False,False,-1.430538647318253,ORACLE_IDENTITY_FROZEN_QB_ELO_FORMULA
2025,1,REG,2025_01_MIN_CHI,away,MIN,CHI,J.J. McCarthy,McCaJJ00,00-0039923,ORACLE_STARTER_IDENTITY_ONLY,POSTGAME_ACTUAL_STARTER,False,CREDITED,2025-09-02 12:00:00+00:00,,0,0.0,,-0.05,0.0,0.0,-0.05,-1.0,0.08,0.03,-0.05,-0.05,-0.05,True,True,False,True,True,True,True,0.0,ORACLE_IDENTITY_FROZEN_QB_ELO_FORMULA
2025,1,REG,2025_01_MIN_CHI,home,CHI,MIN,Caleb Williams,WillCa03,00-0039918,ORACLE_STARTER_IDENTITY_ONLY,POSTGAME_ACTUAL_STARTER,False,CREDITED,2025-09-02 12:00:00+00:00,2025-01-07 12:00:00+00:00,17,630.0,-0.06114308526328576,-0.05,630.0,0.7159090909090909,-0.0579774360407614,-0.29373478301128086,0.09704253624959579,0.016165884826916856,0.009151627614027139,-0.05,-0.06114308526328576,False,False,False,False,False,False,False,-3.9887180203806993,ORACLE_IDENTITY_FROZEN_QB_ELO_FORMULA
2025,1,REG,2025_01_NYG_WAS,away,NYG,WAS,Russell Wilson,WilsRu00,00-0029263,ORACLE_STARTER_IDENTITY_ONLY,POSTGAME_ACTUAL_STARTER,False,CREDITED,2025-09-02 12:00:00+00:00,2025-01-14 12:00:00+00:00,108,3639.0,0.0590342665989783,-0.05,3639.0,0.9357161223965029,0.05202512115034251,4.356182076576764,0.08743620411967207,0.017754581823183187,-0.036179943175628074,-0.05,0.0590342665989783,False,False,False,False,False,False,False,50.0,ORACLE_IDENTITY_FROZEN_QB_ELO_FORMULA
2025,1,REG,2025_01_NYG_WAS,home,WAS,NYG,Jayden Daniels,DaniJa02,00-0039910,ORACLE_STARTER_IDENTITY_ONLY,POSTGAME_ACTUAL_STARTER,False,CREDITED,2025-09-02 12:00:00+00:00,2025-01-28 12:00:00+00:00,20,645.0,0.15097563084251278,-0.05,645.0,0.7206703910614525,0.0948371864730958,2.078662655247311,0.07670750747792748,0.020512386434174145,0.12442239779274428,-0.05,0.15097563084251278,False,False,False,False,False,False,False,50.0,ORACLE_IDENTITY_FROZEN_QB_ELO_FORMULA
2025,1,REG,2025_01_PIT_NYJ,away,PIT,NYJ,Aaron Rodgers,RodgAa00,00-0023459,ORACLE_STARTER_IDENTITY_ONLY,POSTGAME_ACTUAL_STARTER,False,CREDITED,2025-09-02 12:00:00+00:00,2025-01-07 12:00:00+00:00,104,3752.0,0.13185823291438412,-0.05,3752.0,0.9375312343828086,0.12049777358689887,1.7632855412875998,0.05899898097068445,0.01276632157143304,-0.07436440168943276,-0.05,0.13185823291438412,False,False,False,False,False,False,False,50.0,ORACLE_IDENTITY_FROZEN_QB_ELO_FORMULA
2025,1,REG,2025_01_PIT_NYJ,home,NYJ,PIT,Justin Fields,FielJu00,00-0036945,ORACLE_STARTER_IDENTITY_ONLY,POSTGAME_ACTUAL_STARTER,False,CREDITED,2025-09-02 12:00:00+00:00,2025-01-14 12:00:00+00:00,51,1271.0,-0.11751888899762968,-0.05,1271.0,0.8356344510190664,-0.10642110974095156,-0.6890295434408353,0.10863748072332428,0.028060134310134308,-0.4387308452328953,-0.05,-0.11751888899762968,False,False,False,False,False,False,False,-28.210554870475782,ORACLE_IDENTITY_FROZEN_QB_ELO_FORMULA
2025,1,REG,2025_01_SF_SEA,away,SF,SEA,Brock Purdy,PurdBr00,00-0037834,ORACLE_STARTER_IDENTITY_ONLY,POSTGAME_ACTUAL_STARTER,False,CREDITED,2025-09-02 12:00:00+00:00,2024-12-31 12:00:00+00:00,46,1318.0,0.23056904777569465,-0.05,1318.0,0.8405612244897959,0.18583546235227394,2.083122833749695,0.06116430541227917,0.0237635780118499,0.18221082210897332,-0.05,0.23056904777569465,False,False,False,False,False,False,False,50.0,ORACLE_IDENTITY_FROZEN_QB_ELO_FORMULA
2025,1,REG,2025_01_SF_SEA,home,SEA,SF,Sam Darnold,DarnSa00,00-0034869,ORACLE_STARTER_IDENTITY_ONLY,POSTGAME_ACTUAL_STARTER,False,CREDITED,2025-09-02 12:00:00+00:00,2025-01-14 12:00:00+00:00,84,2602.0,-0.049986912006311245,-0.05,2602.0,0.9123422159887798,-0.049988059270835154,-0.7022733461649362,0.07726789320314062,0.028903361610163738,-0.15431750393156898,-0.05,-0.049986912006311245,False,False,False,False,False,False,False,0.0059703645824242535,ORACLE_IDENTITY_FROZEN_QB_ELO_FORMULA
2025,1,REG,2025_01_TB_ATL,away,TB,ATL,Baker Mayfield,MayfBa00,00-0034855,ORACLE_STARTER_IDENTITY_ONLY,POSTGAME_ACTUAL_STARTER,False,CREDITED,2025-09-02 12:00:00+00:00,2025-01-14 12:00:00+00:00,111,3821.0,0.07790406921592534,-0.05,3821.0,0.9385900270203881,0.07004948378139295,-0.30770263152879496,0.06612698798636751,0.026354759878210624,0.4530849632971106,-0.05,0.07790406921592534,False,False,False,False,False,False,False,50.0,ORACLE_IDENTITY_FROZEN_QB_ELO_FORMULA
2025,1,REG,2025_01_TB_ATL,home,ATL,TB,Michael Penix,PeniMi00,00-0039917,ORACLE_STARTER_IDENTITY_ONLY,POSTGAME_ACTUAL_STARTER,False,CREDITED,2025-09-02 12:00:00+00:00,2025-01-07 12:00:00+00:00,5,109.0,0.13415969510575637,-0.05,109.0,0.30362116991643456,0.005914782079463644,-2.0091677976275246,0.06631174809447789,0.029566255471547946,0.27909381816842194,-0.05,0.13415969510575637,False,False,False,False,False,False,False,27.957391039731824,ORACLE_IDENTITY_FROZEN_QB_ELO_FORMULA
2025,1,REG,2025_01_TEN_DEN,away,TEN,DEN,Cam Ward,WardCa00,00-0040676,ORACLE_STARTER_IDENTITY_ONLY,POSTGAME_ACTUAL_STARTER,False,CREDITED,2025-09-02 12:00:00+00:00,,0,0.0,,-0.05,0.0,0.0,-0.05,-1.0,0.08,0.03,-0.05,-0.05,-0.05,True,True,False,True,True,True,True,0.0,ORACLE_IDENTITY_FROZEN_QB_ELO_FORMULA
2025,1,REG,2025_01_TEN_DEN,home,DEN,TEN,Bo Nix,NixxBo00,00-0039732,ORACLE_STARTER_IDENTITY_ONLY,POSTGAME_ACTUAL_STARTER,False,CREDITED,2025-09-02 12:00:00+00:00,2025-01-14 12:00:00+00:00,18,615.0,0.04683375175150433,-0.05,615.0,0.7109826589595376,0.01884711829731233,-0.05483756115724703,0.05240748041651731,0.023155735693886965,0.16752097656096407,-0.05,0.04683375175150433,False,False,False,False,False,False,False,34.42355914865616,ORACLE_IDENTITY_FROZEN_QB_ELO_FORMULA
2025,2,REG,2025_02_ATL_MIN,away,ATL,MIN,Michael Penix,PeniMi00,00-0039917,ORACLE_STARTER_IDENTITY_ONLY,POSTGAME_ACTUAL_STARTER,False,CREDITED,2025-09-09 12:00:00+00:00,2025-09-09 12:00:00+00:00,6,152.0,0.15977583010749774,-0.05,152.0,0.3781094527363184,0.029318224319252878,-2.4311739585269194,0.06169383098028905,0.02637323586150878,0.2622823200484551,0.2238161676118511,0.15977583010749774,False,False,False,False,False,False,False,39.65911215962644,ORACLE_IDENTITY_FROZEN_QB_ELO_FORMULA
2025,2,REG,2025_02_ATL_MIN,home,MIN,ATL,J.J. McCarthy,McCaJJ00,00-0039923,ORACLE_STARTER_IDENTITY_ONLY,POSTGAME_ACTUAL_STARTER,False,CREDITED,2025-09-09 12:00:00+00:00,2025-09-09 12:00:00+00:00,1,23.0,-0.42679525647802186,-0.05,23.0,0.08424908424908426,-0.08174465530767218,-1.1904821760488518,0.08424908424908426,0.03168498168498168,-0.42679525647802186,-0.42679525647802186,-0.42679525647802186,False,True,False,False,False,False,False,-15.872327653836088,ORACLE_IDENTITY_FROZEN_QB_ELO_FORMULA
2025,2,REG,2025_02_BUF_NYJ,away,BUF,NYJ,Josh Allen,AlleJo02,00-0034857,ORACLE_STARTER_IDENTITY_ONLY,POSTGAME_ACTUAL_STARTER,False,CREDITED,2025-09-09 12:00:00+00:00,2025-09-09 12:00:00+00:00,124,4351.0,0.14062065666250226,-0.05,4351.0,0.9456639860899805,0.13026309001055147,1.7886825866960396,0.05001256087801676,0.021765195533661165,0.2622952089327378,0.3028449869206907,0.14062065666250226,False,False,False,False,False,False,False,50.0,ORACLE_IDENTITY_FROZEN_QB_ELO_FORMULA
2025,2,REG,2025_02_BUF_NYJ,home,NYJ,BUF,Justin Fields,FielJu00,00-0036945,ORACLE_STARTER_IDENTITY_ONLY,POSTGAME_ACTUAL_STARTER,False,CREDITED,2025-09-09 12:00:00+00:00,2025-09-09 12:00:00+00:00,52,1294.0,-0.1068339274978578,-0.05,1294.0,0.8380829015544041,-0.0976315428641373,-0.5101293460660434,0.1075784372777122,0.02760757420396904,-0.19303924960027047,0.4371277488541648,-0.1068339274978578,False,False,False,False,False,False,False,-23.81577143206865,ORACLE_IDENTITY_FROZEN_QB_ELO_FORMULA
2025,2,REG,2025_02_CAR_ARI,away,CAR,ARI,Bryce Young,YounBr01,00-0039150,ORACLE_STARTER_IDENTITY_ONLY,POSTGAME_ACTUAL_STARTER,False,CREDITED,2025-09-09 12:00:00+00:00,2025-09-09 12:00:00+00:00,31,1038.0,-0.185086540185087,-0.05,1038.0,0.8059006211180124,-0.15886632663984496,-0.9439912556417752,0.08462041103550187,0.02371295287119352,-0.013734095203659836,-0.4278524880928261,-0.185086540185087,False,False,False,False,False,False,False,-50.0,ORACLE_IDENTITY_FROZEN_QB_ELO_FORMULA
2025,2,REG,2025_02_CAR_ARI,home,ARI,CAR,Kyler Murray,MurrKy00,00-0035228,ORACLE_STARTER_IDENTITY_ONLY,POSTGAME_ACTUAL_STARTER,False,CREDITED,2025-09-09 12:00:00+00:00,2025-09-09 12:00:00+00:00,84,3029.0,0.041791999185006215,-0.05,3029.0,0.9237572430619091,0.03479352410228235,0.617380310564005,0.06110105422333445,0.021457763658073305,0.0940895957777183,0.04484703899588642,0.041791999185006215,False,False,False,False,False,False,False,42.39676205114118,ORACLE_IDENTITY_FROZEN_QB_ELO_FORMULA
2025,2,REG,2025_02_CHI_DET,away,CHI,DET,Caleb Williams,WillCa03,00-0039918,ORACLE_STARTER_IDENTITY_ONLY,POSTGAME_ACTUAL_STARTER,False,CREDITED,2025-09-09 12:00:00+00:00,2025-09-09 12:00:00+00:00,18,667.0,-0.06863135443952453,-0.05,667.0,0.7273718647764449,-0.06355192302198785,-0.5661495697197747,0.09519385201903754,0.015489114054459869,-0.048219400415552505,-0.18887156235513003,-0.06863135443952453,False,False,False,False,False,False,False,-6.775961510993925,ORACLE_IDENTITY_FROZEN_QB_ELO_FORMULA
2025,2,REG,2025_02_CHI_DET,home,DET,CHI,Jared Goff,GoffJa00,00-0033106,ORACLE_STARTER_IDENTITY_ONLY,POSTGAME_ACTUAL_STARTER,False,CREDITED,2025-09-09 12:00:00+00:00,2025-09-09 12:00:00+00:00,122,4527.0,0.12470237608573337,-0.05,4527.0,0.9476658990998534,0.11555948430816725,0.6337538979958427,0.04901263796601512,0.02049693136945386,0.15784620416137013,0.031962275764993685,0.12470237608573337,False,False,False,False,False,False,False,50.0,ORACLE_IDENTITY_FROZEN_QB_ELO_FORMULA
2025,2,REG,2025_02_CLE_BAL,away,CLE,BAL,Joe Flacco,FlacJo00,00-0026158,ORACLE_STARTER_IDENTITY_ONLY,POSTGAME_ACTUAL_STARTER,False,CREDITED,2025-09-09 12:00:00+00:00,2025-09-09 12:00:00+00:00,43,1644.0,-0.024473424241975177,-0.05,1644.0,0.8680042238648363,-0.027842824421228717,-1.207520936354145,0.05814317168401388,0.024106973257706818,-0.03992509264521994,-0.0391942024729802,-0.024473424241975177,False,False,False,False,False,False,False,11.078587789385642,ORACLE_IDENTITY_FROZEN_QB_ELO_FORMULA
2025,2,REG,2025_02_CLE_BAL,home,BAL,CLE,Lamar Jackson,JackLa00,00-0034796,ORACLE_STARTER_IDENTITY_ONLY,POSTGAME_ACTUAL_STARTER,False,CREDITED,2025-09-09 12:00:00+00:00,2025-09-09 12:00:00+00:00,112,3069.0,0.1538361807437679,-0.05,3069.0,0.9246761072612233,0.13848244612914243,1.5547343410651404,0.07103622347022699,0.020454327466150828,0.34764028773365074,0.4189724084660335,0.1538361807437679,False,False,False,False,False,False,False,50.0,ORACLE_IDENTITY_FROZEN_QB_ELO_FORMULA
2025,2,REG,2025_02_DEN_IND,away,DEN,IND,Bo Nix,NixxBo00,00-0039732,ORACLE_STARTER_IDENTITY_ONLY,POSTGAME_ACTUAL_STARTER,False,CREDITED,2025-09-09 12:00:00+00:00,2025-09-09 12:00:00+00:00,19,656.0,0.031980984195125864,-0.05,656.0,0.7240618101545254,0.009359299814572371,-0.12960441855383642,0.05112629605376501,0.024393988846657333,0.05517935116186573,-0.186726018072547,0.031980984195125864,False,False,False,False,False,False,False,29.679649907286187,ORACLE_IDENTITY_FROZEN_QB_ELO_FORMULA
2025,2,REG,2025_02_DEN_IND,home,IND,DEN,Daniel Jones,JoneDa05,00-0035710,ORACLE_STARTER_IDENTITY_ONLY,POSTGAME_ACTUAL_STARTER,False,CREDITED,2025-09-09 12:00:00+00:00,2025-09-09 12:00:00+00:00,73,2549.0,-0.04709628685939506,-0.05,2549.0,0.9106823865666309,-0.04735563958720901,-0.3559237232312708,0.08154679801312474,0.021424277354629838,-0.0068330550980798795,0.4332571117027661,-0.04709628685939506,False,False,False,False,False,False,False,1.322180206395497,ORACLE_IDENTITY_FROZEN_QB_ELO_FORMULA
2025,2,REG,2025_02_JAX_CIN,away,JAX,CIN,Trevor Lawrence,LawrTr00,00-0036971,ORACLE_STARTER_IDENTITY_ONLY,POSTGAME_ACTUAL_STARTER,False,CREDITED,2025-09-09 12:00:00+00:00,2025-09-09 12:00:00+00:00,63,2267.0,0.01525870493998007,-0.05,2267.0,0.9006754072308304,0.00877691064717315,-1.0701410781339376,0.052457910240788885,0.024753387795163964,-0.029060686725978002,0.04235848220560686,0.01525870493998007,False,False,False,False,False,False,False,29.388455323586577,ORACLE_IDENTITY_FROZEN_QB_ELO_FORMULA
2025,2,REG,2025_02_JAX_CIN,home,CIN,JAX,Joe Burrow,BurrJo01,00-0036442,ORACLE_STARTER_IDENTITY_ONLY,POSTGAME_ACTUAL_STARTER,False,CREDITED,2025-09-09 12:00:00+00:00,2025-09-09 12:00:00+00:00,77,3049.0,0.1290655774940151,-0.05,3049.0,0.9242194604425583,0.11549589141535374,3.781541080133593,0.07319631676925813,0.018654477165854028,0.0876225390704442,-0.012753566816483541,0.1290655774940151,False,False,False,False,False,False,False,50.0,ORACLE_IDENTITY_FROZEN_QB_ELO_FORMULA
2025,2,REG,2025_02_LAC_LV,away,LAC,LV,Justin Herbert,HerbJu00,00-0036355,ORACLE_STARTER_IDENTITY_ONLY,POSTGAME_ACTUAL_STARTER,False,CREDITED,2025-09-09 12:00:00+00:00,2025-09-09 12:00:00+00:00,82,3216.0,0.1098910693866236,-0.05,3216.0,0.927870744373918,0.09835824557050822,0.09707018902803033,0.05653559901979811,0.017144327907438795,0.15144883022249211,0.47479086920147634,0.1098910693866236,False,False,False,False,False,False,False,50.0,ORACLE_IDENTITY_FROZEN_QB_ELO_FORMULA
2025,2,REG,2025_02_LAC_LV,home,LV,LAC,Geno Smith,SmitGe00,00-0030565,ORACLE_STARTER_IDENTITY_ONLY,POSTGAME_ACTUAL_STARTER,False,CREDITED,2025-09-09 12:00:00+00:00,2025-09-09 12:00:00+00:00,60,1971.0,0.05258769883463025,-0.05,1971.0,0.8874380909500225,0.04104023160876011,4.23091033948574,0.07416567606126817,0.021885445337416373,0.15046301300639287,0.39329810038280205,0.05258769883463025,False,False,False,False,False,False,False,45.520115804380055,ORACLE_IDENTITY_FROZEN_QB_ELO_FORMULA
2025,2,REG,2025_02_LA_TEN,away,LAR,TEN,Matthew Stafford,StafMa00,00-0026498,ORACLE_STARTER_IDENTITY_ONLY,POSTGAME_ACTUAL_STARTER,False,CREDITED,2025-09-09 12:00:00+00:00,2025-09-09 12:00:00+00:00,105,3824.0,0.1086558998639194,-0.05,3824.0,0.9386352479135984,0.09892001990172503,-0.4815842821772315,0.05974301645369152,0.020916770262395135,0.1369683233129101,0.19031590178019542,0.1086558998639194,False,False,False,False,False,False,False,50.0,ORACLE_IDENTITY_FROZEN_QB_ELO_FORMULA
2025,2,REG,2025_02_LA_TEN,home,TEN,LAR,Cam Ward,WardCa00,00-0040676,ORACLE_STARTER_IDENTITY_ONLY,POSTGAME_ACTUAL_STARTER,False,CREDITED,2025-09-09 12:00:00+00:00,2025-09-09 12:00:00+00:00,1,34.0,-0.39380760055258246,-0.05,34.0,0.11971830985915492,-0.09116006485488663,-2.388377050278892,0.09154929577464789,0.02640845070422535,-0.39380760055258246,-0.39380760055258246,-0.39380760055258246,False,True,False,False,False,False,False,-20.580032427443314,ORACLE_IDENTITY_FROZEN_QB_ELO_FORMULA
2025,2,REG,2025_02_NE_MIA,away,NE,MIA,Drake Maye,MayeDr00,00-0039851,ORACLE_STARTER_IDENTITY_ONLY,POSTGAME_ACTUAL_STARTER,False,CREDITED,2025-09-09 12:00:00+00:00,2025-09-09 12:00:00+00:00,14,422.0,-0.05449794154646568,-0.05,422.0,0.6279761904761905,-0.05282460019733411,1.4075749272855769,0.08495898995688668,0.029149615575396824,-0.3386924377842118,-0.006512648858278949,-0.05449794154646568,False,False,False,False,False,False,False,-1.412300098667052,ORACLE_IDENTITY_FROZEN_QB_ELO_FORMULA
2025,2,REG,2025_02_NE_MIA,home,MIA,NE,Tua Tagovailoa,TagoTu00,00-0036212,ORACLE_STARTER_IDENTITY_ONLY,POSTGAME_ACTUAL_STARTER,False,CREDITED,2025-09-09 12:00:00+00:00,2025-09-09 12:00:00+00:00,66,2215.0,0.13553863544143996,-0.05,2215.0,0.8985801217038539,0.1167213296157361,1.6478688474786907,0.05335651120184089,0.023163256529961623,-0.027338861751924154,-0.5527913850075028,0.13553863544143996,False,False,False,False,False,False,False,50.0,ORACLE_IDENTITY_FROZEN_QB_ELO_FORMULA
2025,2,REG,2025_02_NYG_DAL,away,NYG,DAL,Russell Wilson,WilsRu00,00-0029263,ORACLE_STARTER_IDENTITY_ONLY,POSTGAME_ACTUAL_STARTER,False,CREDITED,2025-09-09 12:00:00+00:00,2025-09-09 12:00:00+00:00,109,3678.0,0.05515320175574097,-0.05,3678.0,0.9363543788187373,0.04846066091079819,4.171687616173288,0.08706186665972886,0.017571210097161085,-0.11508696068584247,-0.2921496548917946,0.05515320175574097,False,False,False,False,False,False,False,49.2303304553991,ORACLE_IDENTITY_FROZEN_QB_ELO_FORMULA
2025,2,REG,2025_02_NYG_DAL,home,DAL,NYG,Dak Prescott,PresDa01,00-0033077,ORACLE_STARTER_IDENTITY_ONLY,POSTGAME_ACTUAL_STARTER,False,CREDITED,2025-09-09 12:00:00+00:00,2025-09-09 12:00:00+00:00,97,3694.0,0.12645252477904886,-0.05,3694.0,0.9366125760649088,0.1152676537864621,1.1657944793382495,0.05707619483201227,0.020999696497664602,-0.02594237463595919,0.048658096213696954,0.12645252477904886,False,False,False,False,False,False,False,50.0,ORACLE_IDENTITY_FROZEN_QB_ELO_FORMULA
2025,2,REG,2025_02_PHI_KC,away,PHI,KC,Jalen Hurts,HurtJa00,00-0036389,ORACLE_STARTER_IDENTITY_ONLY,POSTGAME_ACTUAL_STARTER,False,CREDITED,2025-09-09 12:00:00+00:00,2025-09-09 12:00:00+00:00,86,2392.0,0.09706010796060274,-0.05,2392.0,0.9053747161241483,0.08314450349801732,2.522666850982681,0.07119445392578434,0.019982914547481245,0.19856670393808232,0.06628133483405026,0.09706010796060274,False,False,False,False,False,False,False,50.0,ORACLE_IDENTITY_FROZEN_QB_ELO_FORMULA
2025,2,REG,2025_02_PHI_KC,home,KC,PHI,Patrick Mahomes,MahoPa00,00-0033873,ORACLE_STARTER_IDENTITY_ONLY,POSTGAME_ACTUAL_STARTER,False,CREDITED,2025-09-09 12:00:00+00:00,2025-09-09 12:00:00+00:00,133,5160.0,0.22955583888970077,-0.05,5160.0,0.9537892791127541,0.21663736204636894,2.8622056551439923,0.04508697350057176,0.017444031599509583,0.08727207337830263,0.08411104095088513,0.22955583888970077,False,False,False,False,False,False,False,50.0,ORACLE_IDENTITY_FROZEN_QB_ELO_FORMULA
2025,2,REG,2025_02_SEA_PIT,away,SEA,PIT,Sam Darnold,DarnSa00,00-0034869,ORACLE_STARTER_IDENTITY_ONLY,POSTGAME_ACTUAL_STARTER,False,CREDITED,2025-09-09 12:00:00+00:00,2025-09-09 12:00:00+00:00,85,2626.0,-0.052216957246090184,-0.05,2626.0,0.9130737134909597,-0.05202424538533826,-0.6324665476914995,0.07695903413524384,0.028652470790755384,-0.20245970541527333,-0.2846264546265305,-0.052216957246090184,False,False,False,False,False,False,False,-1.0121226926691276,ORACLE_IDENTITY_FROZEN_QB_ELO_FORMULA
2025,2,REG,2025_02_SEA_PIT,home,PIT,SEA,Aaron Rodgers,RodgAa00,00-0023459,ORACLE_STARTER_IDENTITY_ONLY,POSTGAME_ACTUAL_STARTER,False,CREDITED,2025-09-09 12:00:00+00:00,2025-09-09 12:00:00+00:00,105,3786.0,0.13327673497144188,-0.05,3786.0,0.9380574826560951,0.12192411263673908,1.7996615935976377,0.059461999621880895,0.012664782063981068,0.03558230884623015,0.30013986028333556,0.13327673497144188,False,False,False,False,False,False,False,50.0,ORACLE_IDENTITY_FROZEN_QB_ELO_FORMULA
2025,2,REG,2025_02_SF_NO,away,SF,NO,Mac Jones,JoneMa05,00-0036972,ORACLE_STARTER_IDENTITY_ONLY,POSTGAME_ACTUAL_STARTER,False,CREDITED,2025-09-09 12:00:00+00:00,2025-01-07 12:00:00+00:00,53,1709.0,-0.015138632390485228,-0.05,1709.0,0.8723838693210821,-0.01958750523498686,-0.05559020330532059,0.059769895693803976,0.02878473888850795,0.08963063338629992,-0.05,-0.015138632390485228,False,False,False,False,False,False,False,15.20624738250657,ORACLE_IDENTITY_FROZEN_QB_ELO_FORMULA
2025,2,REG,2025_02_SF_NO,home,NO,SF,Spencer Rattler,RattSp00,00-0039376,ORACLE_STARTER_IDENTITY_ONLY,POSTGAME_ACTUAL_STARTER,False,CREDITED,2025-09-09 12:00:00+00:00,2025-09-09 12:00:00+00:00,8,297.0,-0.2571153663760917,-0.05,297.0,0.5429616087751371,-0.16245569252961473,-5.088733262219481,0.07741871323156495,0.02361921029103671,-0.18642718230963456,-0.08384810904884071,-0.2571153663760917,False,False,False,False,False,False,False,-50.0,ORACLE_IDENTITY_FROZEN_QB_ELO_FORMULA
2025,2,REG,2025_02_TB_HOU,away,TB,HOU,Baker Mayfield,MayfBa00,00-0034855,ORACLE_STARTER_IDENTITY_ONLY,POSTGAME_ACTUAL_STARTER,False,CREDITED,2025-09-09 12:00:00+00:00,2025-09-09 12:00:00+00:00,112,3854.0,0.07876645992364009,-0.05,3854.0,0.9390838206627681,0.07092249915831114,-0.39213692541570216,0.0658276610113452,0.026134414219982652,0.37286007379301145,0.17473437586652327,0.07876645992364009,False,False,False,False,False,False,False,50.0,ORACLE_IDENTITY_FROZEN_QB_ELO_FORMULA
2025,2,REG,2025_02_TB_HOU,home,HOU,TB,C.J. Stroud,StroCJ00,00-0039163,ORACLE_STARTER_IDENTITY_ONLY,POSTGAME_ACTUAL_STARTER,False,CREDITED,2025-09-09 12:00:00+00:00,2025-09-09 12:00:00+00:00,37,1277.0,0.054640663312784714,-0.05,1277.0,0.8362802881466929,0.03750892406707668,-0.7154045638863048,0.07844784406682731,0.018457478375878127,0.03156119973031526,-0.13550111149862543,0.054640663312784714,False,False,False,False,False,False,False,43.75446203353834,ORACLE_IDENTITY_FROZEN_QB_ELO_FORMULA
2025,2,REG,2025_02_WAS_GB,away,WAS,GB,Jayden Daniels,DaniJa02,00-0039910,ORACLE_STARTER_IDENTITY_ONLY,POSTGAME_ACTUAL_STARTER,False,CREDITED,2025-09-09 12:00:00+00:00,2025-09-09 12:00:00+00:00,21,678.0,0.14570547026320474,-0.05,678.0,0.7306034482758621,0.09298309142074658,1.9608892739322275,0.0772057850922777,0.01979028514588859,0.0960034826144854,0.041356290792905245,0.14570547026320474,False,False,False,False,False,False,False,50.0,ORACLE_IDENTITY_FROZEN_QB_ELO_FORMULA
2025,2,REG,2025_02_WAS_GB,home,GB,WAS,Jordan Love,LoveJo03,00-0036264,ORACLE_STARTER_IDENTITY_ONLY,POSTGAME_ACTUAL_STARTER,False,CREDITED,2025-09-09 12:00:00+00:00,2025-09-09 12:00:00+00:00,46,1246.0,0.14438326933750228,-0.05,1246.0,0.8328877005347594,0.11189943422094106,0.45292564109596045,0.044946469334817,0.025887747443474995,0.1296440569216135,0.45751337509230317,0.14438326933750228,False,False,False,False,False,False,False,50.0,ORACLE_IDENTITY_FROZEN_QB_ELO_FORMULA
2025,3,REG,2025_03_ARI_SF,away,ARI,SF,Kyler Murray,MurrKy00,00-0035228,ORACLE_STARTER_IDENTITY_ONLY,POSTGAME_ACTUAL_STARTER,False,CREDITED,2025-09-16 12:00:00+00:00,2025-09-16 12:00:00+00:00,85,3055.0,0.04348614941694363,-0.05,3055.0,0.924357034795764,0.03641457986951976,0.6185340904034213,0.06091893356207444,0.021607302236373187,0.13968916412848384,0.13341086992041448,0.04348614941694363,False,False,False,False,False,False,False,43.20728993475988,ORACLE_IDENTITY_FROZEN_QB_ELO_FORMULA
2025,3,REG,2025_03_ARI_SF,home,SF,ARI,Mac Jones,JoneMa05,00-0036972,ORACLE_STARTER_IDENTITY_ONLY,POSTGAME_ACTUAL_STARTER,False,CREDITED,2025-09-16 12:00:00+00:00,2025-09-16 12:00:00+00:00,54,1751.0,-0.01326459544311957,-0.05,1751.0,0.8750624687656172,-0.017854226197352507,-0.12961067825980851,0.060010680063031965,0.028188243461754248,0.09501395264213819,0.0640033894636492,-0.01326459544311957,False,False,False,False,False,False,False,16.072886901323745,ORACLE_IDENTITY_FROZEN_QB_ELO_FORMULA
2025,3,REG,2025_03_ATL_CAR,away,ATL,CAR,Michael Penix,PeniMi00,00-0039917,ORACLE_STARTER_IDENTITY_ONLY,POSTGAME_ACTUAL_STARTER,False,CREDITED,2025-09-16 12:00:00+00:00,2025-09-16 12:00:00+00:00,7,176.0,0.12290712431079324,-0.05,176.0,0.4131455399061033,0.021435807226994393,-2.7014216942443223,0.06482180764034678,0.024983232729711605,0.1476115914195494,0.10415283965252138,0.12290712431079324,False,False,False,False,False,False,False,35.7179036134972,ORACLE_IDENTITY_FROZEN_QB_ELO_FORMULA
2025,3,REG,2025_03_ATL_CAR,home,CAR,ATL,Bryce Young,YounBr01,00-0039150,ORACLE_STARTER_IDENTITY_ONLY,POSTGAME_ACTUAL_STARTER,False,CREDITED,2025-09-16 12:00:00+00:00,2025-09-16 12:00:00+00:00,32,1096.0,-0.17185306894597352,-0.05,1096.0,0.8142644873699851,-0.14922062671975259,-1.0068897194534523,0.0831468029056258,0.023467988178240782,0.000418517579346568,-0.13230991203417902,-0.17185306894597352,False,False,False,False,False,False,False,-49.610313359876294,ORACLE_IDENTITY_FROZEN_QB_ELO_FORMULA
2025,3,REG,2025_03_CIN_MIN,away,CIN,MIN,Jake Browning,BrowJa08,00-0035100,ORACLE_STARTER_IDENTITY_ONLY,POSTGAME_ACTUAL_STARTER,False,CREDITED,2025-09-16 12:00:00+00:00,2025-09-16 12:00:00+00:00,12,300.0,0.07679256305344402,-0.05,300.0,0.5454545454545454,0.019159579847333092,1.6530565657611844,0.08035630797728407,0.03347107438016529,0.027441639864730853,-0.061251567665072414,0.07679256305344402,False,False,False,False,False,False,False,34.579789923666546,ORACLE_IDENTITY_FROZEN_QB_ELO_FORMULA
2025,3,REG,2025_03_CIN_MIN,home,MIN,CIN,Carson Wentz,WentCa00,00-0032950,ORACLE_STARTER_IDENTITY_ONLY,POSTGAME_ACTUAL_STARTER,False,CREDITED,2025-09-16 12:00:00+00:00,2025-01-07 12:00:00+00:00,68,2467.0,-0.007144760598630783,-0.05,2467.0,0.9079867500920132,-0.01108801045153557,-0.8762448449561403,0.0727457858405894,0.021047346054259133,0.1000215411496438,-0.05,-0.007144760598630783,False,False,False,False,False,False,False,19.455994774232217,ORACLE_IDENTITY_FROZEN_QB_ELO_FORMULA
2025,3,REG,2025_03_DAL_CHI,away,DAL,CHI,Dak Prescott,PresDa01,00-0033077,ORACLE_STARTER_IDENTITY_ONLY,POSTGAME_ACTUAL_STARTER,False,CREDITED,2025-09-16 12:00:00+00:00,2025-09-16 12:00:00+00:00,98,3749.0,0.12729353490193918,-0.05,3749.0,0.9374843710927732,0.11620991806635908,1.178699249380102,0.05704134839857918,0.0209753202307368,0.03709845689287106,0.1302562364426808,0.12729353490193918,False,False,False,False,False,False,False,50.0,ORACLE_IDENTITY_FROZEN_QB_ELO_FORMULA
2025,3,REG,2025_03_DAL_CHI,home,CHI,DAL,Caleb Williams,WillCa03,00-0039918,ORACLE_STARTER_IDENTITY_ONLY,POSTGAME_ACTUAL_STARTER,False,CREDITED,2025-09-16 12:00:00+00:00,2025-09-16 12:00:00+00:00,19,701.0,-0.0667062395661503,-0.05,701.0,0.7371188222923238,-0.062314483633934124,-0.7450051623258015,0.09598850124256712,0.016115832071335975,-0.04653831808477139,-0.11480612753860985,-0.0667062395661503,False,False,False,False,False,False,False,-6.157241816967061,ORACLE_IDENTITY_FROZEN_QB_ELO_FORMULA
2025,3,REG,2025_03_DEN_LAC,away,DEN,LAC,Bo Nix,NixxBo00,00-0039732,ORACLE_STARTER_IDENTITY_ONLY,POSTGAME_ACTUAL_STARTER,False,CREDITED,2025-09-16 12:00:00+00:00,2025-09-16 12:00:00+00:00,20,686.0,0.04318874438338796,-0.05,686.0,0.7329059829059829,0.018298588298081342,-0.0926483164288813,0.04943494458675855,0.024695050776234385,0.11327314912278223,0.012518610957380195,0.04318874438338796,False,False,False,False,False,False,False,34.14929414904067,ORACLE_IDENTITY_FROZEN_QB_ELO_FORMULA
2025,3,REG,2025_03_DEN_LAC,home,LAC,DEN,Justin Herbert,HerbJu00,00-0036355,ORACLE_STARTER_IDENTITY_ONLY,POSTGAME_ACTUAL_STARTER,False,CREDITED,2025-09-16 12:00:00+00:00,2025-09-16 12:00:00+00:00,83,3245.0,0.11201380502033333,-0.05,3245.0,0.9284692417739628,0.10042483470414354,0.09900091294571584,0.05663716143192399,0.0170038564002508,0.21615812061288825,0.4198322120771831,0.11201380502033333,False,False,False,False,False,False,False,50.0,ORACLE_IDENTITY_FROZEN_QB_ELO_FORMULA
2025,3,REG,2025_03_DET_BAL,away,DET,BAL,Jared Goff,GoffJa00,00-0033106,ORACLE_STARTER_IDENTITY_ONLY,POSTGAME_ACTUAL_STARTER,False,CREDITED,2025-09-16 12:00:00+00:00,2025-09-16 12:00:00+00:00,123,4555.0,0.129458202983215,-0.05,4555.0,0.9479708636836629,0.12012114767711642,0.7213591751875399,0.04871297306462016,0.020371555740804147,0.35187151421538715,0.37835744864060805,0.129458202983215,False,False,False,False,False,False,False,50.0,ORACLE_IDENTITY_FROZEN_QB_ELO_FORMULA
2025,3,REG,2025_03_DET_BAL,home,BAL,DET,Lamar Jackson,JackLa00,00-0034796,ORACLE_STARTER_IDENTITY_ONLY,POSTGAME_ACTUAL_STARTER,False,CREDITED,2025-09-16 12:00:00+00:00,2025-09-16 12:00:00+00:00,113,3101.0,0.15522942438432433,-0.05,3101.0,0.9253954043569084,0.13991836616406736,1.6029342368372257,0.07124808650834556,0.020263230962853398,0.34253391295372504,0.3422354264379934,0.15522942438432433,False,False,False,False,False,False,False,50.0,ORACLE_IDENTITY_FROZEN_QB_ELO_FORMULA
2025,3,REG,2025_03_GB_CLE,away,GB,CLE,Jordan Love,LoveJo03,00-0036264,ORACLE_STARTER_IDENTITY_ONLY,POSTGAME_ACTUAL_STARTER,False,CREDITED,2025-09-16 12:00:00+00:00,2025-09-16 12:00:00+00:00,47,1279.0,0.1458349942900286,-0.05,1279.0,0.8364944408109876,0.11381488403986043,0.6623870071499502,0.04527387088180987,0.02534069871730688,0.14073812791123064,0.30799799704142583,0.1458349942900286,False,False,False,False,False,False,False,50.0,ORACLE_IDENTITY_FROZEN_QB_ELO_FORMULA
2025,3,REG,2025_03_GB_CLE,home,CLE,GB,Joe Flacco,FlacJo00,00-0026158,ORACLE_STARTER_IDENTITY_ONLY,POSTGAME_ACTUAL_STARTER,False,CREDITED,2025-09-16 12:00:00+00:00,2025-09-16 12:00:00+00:00,44,1691.0,-0.03982403752066585,-0.05,1691.0,0.871200412158681,-0.04113469729389282,-1.2539782633295613,0.05776138260717351,0.02406098967149972,-0.19569980296209286,-0.30405135549959234,-0.03982403752066585,False,False,False,False,False,False,False,4.4326513530535925,ORACLE_IDENTITY_FROZEN_QB_ELO_FORMULA
2025,3,REG,2025_03_HOU_JAX,away,HOU,JAX,C.J. Stroud,StroCJ00,00-0039163,ORACLE_STARTER_IDENTITY_ONLY,POSTGAME_ACTUAL_STARTER,False,CREDITED,2025-09-16 12:00:00+00:00,2025-09-16 12:00:00+00:00,38,1304.0,0.050217174571694154,-0.05,1304.0,0.8391248391248392,0.03409472049001878,-0.8679966584746895,0.07899722198868932,0.018145696717125286,-0.024627205630004114,-0.1498445120400286,0.050217174571694154,False,False,False,False,False,False,False,42.04736024500939,ORACLE_IDENTITY_FROZEN_QB_ELO_FORMULA
2025,3,REG,2025_03_HOU_JAX,home,JAX,HOU,Trevor Lawrence,LawrTr00,00-0036971,ORACLE_STARTER_IDENTITY_ONLY,POSTGAME_ACTUAL_STARTER,False,CREDITED,2025-09-16 12:00:00+00:00,2025-09-16 12:00:00+00:00,64,2310.0,0.0171958760453449,-0.05,2310.0,0.90234375,0.010633778775291687,-1.13774630008656,0.05195472486892104,0.025148822246922026,0.01167304370294507,0.08496157246463085,0.0171958760453449,False,False,False,False,False,False,False,30.316889387645844,ORACLE_IDENTITY_FROZEN_QB_ELO_FORMULA
2025,3,REG,2025_03_IND_TEN,away,IND,TEN,Daniel Jones,JoneDa05,00-0035710,ORACLE_STARTER_IDENTITY_ONLY,POSTGAME_ACTUAL_STARTER,False,CREDITED,2025-09-16 12:00:00+00:00,2025-09-16 12:00:00+00:00,74,2584.0,-0.04192227751000522,-0.05,2584.0,0.9117854622441779,-0.04263485006557992,-0.2861364747843401,0.08085256979891724,0.021144196989699403,0.07880609865290318,0.36833156518757393,-0.04192227751000522,False,False,False,False,False,False,False,3.682574967210042,ORACLE_IDENTITY_FROZEN_QB_ELO_FORMULA
2025,3,REG,2025_03_IND_TEN,home,TEN,IND,Cam Ward,WardCa00,00-0040676,ORACLE_STARTER_IDENTITY_ONLY,POSTGAME_ACTUAL_STARTER,False,CREDITED,2025-09-16 12:00:00+00:00,2025-09-16 12:00:00+00:00,2,72.0,-0.27663176652406973,-0.05,72.0,0.2236024844720497,-0.1006754260550715,-2.6491413347738746,0.09614073336878737,0.023291925465838508,-0.2700374555181361,-0.27663176652406973,-0.27663176652406973,False,True,False,False,False,False,False,-25.33771302753575,ORACLE_IDENTITY_FROZEN_QB_ELO_FORMULA
2025,3,REG,2025_03_KC_NYG,away,KC,NYG,Patrick Mahomes,MahoPa00,00-0033873,ORACLE_STARTER_IDENTITY_ONLY,POSTGAME_ACTUAL_STARTER,False,CREDITED,2025-09-16 12:00:00+00:00,2025-09-16 12:00:00+00:00,134,5191.0,0.2268639323783061,-0.05,5191.0,0.9540525638669363,0.21414274452780502,2.813669999171566,0.04519517372485844,0.017539023076898273,0.00090769816948809,-0.050172271545888276,0.2268639323783061,False,False,False,False,False,False,False,50.0,ORACLE_IDENTITY_FROZEN_QB_ELO_FORMULA
2025,3,REG,2025_03_KC_NYG,home,NYG,KC,Russell Wilson,WilsRu00,00-0029263,ORACLE_STARTER_IDENTITY_ONLY,POSTGAME_ACTUAL_STARTER,False,CREDITED,2025-09-16 12:00:00+00:00,2025-09-16 12:00:00+00:00,110,3722.0,0.05918036671596439,-0.05,3722.0,0.9370594159113796,0.05230849066385183,4.276400317215992,0.08684770847430318,0.017648732927482643,0.010696896079424716,0.06538212937418149,0.05918036671596439,False,False,False,False,False,False,False,50.0,ORACLE_IDENTITY_FROZEN_QB_ELO_FORMULA
2025,3,REG,2025_03_LA_PHI,away,LAR,PHI,Matthew Stafford,StafMa00,00-0026498,ORACLE_STARTER_IDENTITY_ONLY,POSTGAME_ACTUAL_STARTER,False,CREDITED,2025-09-16 12:00:00+00:00,2025-09-16 12:00:00+00:00,106,3858.0,0.11028532874676217,-0.05,3858.0,0.939143135345667,0.10053086618914518,-0.385438474861098,0.0594840626277214,0.02099717959910016,0.18231815517814126,0.2421207346361302,0.11028532874676217,False,False,False,False,False,False,False,50.0,ORACLE_IDENTITY_FROZEN_QB_ELO_FORMULA
2025,3,REG,2025_03_LA_PHI,home,PHI,LAR,Jalen Hurts,HurtJa00,00-0036389,ORACLE_STARTER_IDENTITY_ONLY,POSTGAME_ACTUAL_STARTER,False,CREDITED,2025-09-16 12:00:00+00:00,2025-09-16 12:00:00+00:00,87,2416.0,0.09411800546360453,-0.05,2416.0,0.9062265566391597,0.08060356384098595,2.539381287291111,0.07130240158823334,0.019804951237809454,0.09466481587253071,-0.0651225892657678,0.09411800546360453,False,False,False,False,False,False,False,50.0,ORACLE_IDENTITY_FROZEN_QB_ELO_FORMULA
2025,3,REG,2025_03_LV_WAS,away,LV,WAS,Geno Smith,SmitGe00,00-0030565,ORACLE_STARTER_IDENTITY_ONLY,POSTGAME_ACTUAL_STARTER,False,CREDITED,2025-09-16 12:00:00+00:00,2025-09-16 12:00:00+00:00,61,2017.0,0.03981986973818331,-0.05,2017.0,0.8897220996912218,0.029914723097448487,3.8309655156744395,0.07398236857370795,0.02286791131882908,-0.02811539318455128,-0.10638133287098218,0.03981986973818331,False,False,False,False,False,False,False,39.95736154872424,ORACLE_IDENTITY_FROZEN_QB_ELO_FORMULA
2025,3,REG,2025_03_LV_WAS,home,WAS,LV,Marcus Mariota,MariMa01,00-0032268,ORACLE_STARTER_IDENTITY_ONLY,POSTGAME_ACTUAL_STARTER,False,CREDITED,2025-09-16 12:00:00+00:00,2025-01-21 12:00:00+00:00,51,990.0,0.036877226656805324,-0.05,990.0,0.7983870967741935,0.019361656766320373,0.723252252977753,0.09177326075762407,0.024907924815849632,0.02924973583981089,-0.05,0.036877226656805324,False,False,False,False,False,False,False,34.68082838316019,ORACLE_IDENTITY_FROZEN_QB_ELO_FORMULA
2025,3,REG,2025_03_MIA_BUF,away,MIA,BUF,Tua Tagovailoa,TagoTu00,00-0036212,ORACLE_STARTER_IDENTITY_ONLY,POSTGAME_ACTUAL_STARTER,False,CREDITED,2025-09-16 12:00:00+00:00,2025-09-16 12:00:00+00:00,67,2252.0,0.1375342776310431,-0.05,2252.0,0.9000799360511591,0.11879584061754958,1.8117624215937687,0.05445800394470016,0.023271575137824983,0.05544455752122917,-0.07498640027276696,0.1375342776310431,False,False,False,False,False,False,False,50.0,ORACLE_IDENTITY_FROZEN_QB_ELO_FORMULA
2025,3,REG,2025_03_MIA_BUF,home,BUF,MIA,Josh Allen,AlleJo02,00-0034857,ORACLE_STARTER_IDENTITY_ONLY,POSTGAME_ACTUAL_STARTER,False,CREDITED,2025-09-16 12:00:00+00:00,2025-09-16 12:00:00+00:00,125,4377.0,0.13925544498462616,-0.05,4377.0,0.9459693105684028,0.1290298428134231,1.725120506175642,0.049946980698050876,0.021641435192332102,0.16006069555418276,0.16577233321557078,0.13925544498462616,False,False,False,False,False,False,False,50.0,ORACLE_IDENTITY_FROZEN_QB_ELO_FORMULA
2025,3,REG,2025_03_NO_SEA,away,NO,SEA,Spencer Rattler,RattSp00,00-0039376,ORACLE_STARTER_IDENTITY_ONLY,POSTGAME_ACTUAL_STARTER,False,CREDITED,2025-09-16 12:00:00+00:00,2025-09-16 12:00:00+00:00,9,334.0,-0.23715594950465888,-0.05,334.0,0.571917808219178,-0.15703782043588366,-4.529329197467303,0.07764944918427966,0.022126845756982743,-0.15246142407510113,-0.08064293845790582,-0.23715594950465888,False,False,False,False,False,False,False,-50.0,ORACLE_IDENTITY_FROZEN_QB_ELO_FORMULA
2025,3,REG,2025_03_NO_SEA,home,SEA,NO,Sam Darnold,DarnSa00,00-0034869,ORACLE_STARTER_IDENTITY_ONLY,POSTGAME_ACTUAL_STARTER,False,CREDITED,2025-09-16 12:00:00+00:00,2025-09-16 12:00:00+00:00,86,2661.0,-0.05041747399175458,-0.05,2661.0,0.9141188594984542,-0.050381620849212966,-0.5381494693054809,0.0767154228310526,0.02904561815647796,-0.13002789375279006,-0.06884706469010597,-0.05041747399175458,False,False,False,False,False,False,False,-0.1908104246064815,ORACLE_IDENTITY_FROZEN_QB_ELO_FORMULA
2025,3,REG,2025_03_NYJ_TB,away,NYJ,TB,Tyrod Taylor,TaylTy00,00-0028118,ORACLE_STARTER_IDENTITY_ONLY,POSTGAME_ACTUAL_STARTER,False,CREDITED,2025-09-16 12:00:00+00:00,2025-09-16 12:00:00+00:00,31,542.0,-0.028606727076271536,-0.05,542.0,0.6843434343434344,-0.03535965413552926,-1.0043325313702245,0.08498097194878197,0.024770058306643673,0.28330129625685413,0.4151728881003622,-0.028606727076271536,False,False,False,False,False,False,False,7.320172932235372,ORACLE_IDENTITY_FROZEN_QB_ELO_FORMULA
2025,3,REG,2025_03_NYJ_TB,home,TB,NYJ,Baker Mayfield,MayfBa00,00-0034855,ORACLE_STARTER_IDENTITY_ONLY,POSTGAME_ACTUAL_STARTER,False,CREDITED,2025-09-16 12:00:00+00:00,2025-09-16 12:00:00+00:00,113,3896.0,0.07778181771139726,-0.05,3896.0,0.9397009165460685,0.07007669122132265,-0.36954184047932004,0.06611662240875146,0.025877324263128925,0.28171776939895804,0.07156270903104778,0.07778181771139726,False,False,False,False,False,False,False,50.0,ORACLE_IDENTITY_FROZEN_QB_ELO_FORMULA
2025,3,REG,2025_03_PIT_NE,away,PIT,NE,Aaron Rodgers,RodgAa00,00-0023459,ORACLE_STARTER_IDENTITY_ONLY,POSTGAME_ACTUAL_STARTER,False,CREDITED,2025-09-16 12:00:00+00:00,2025-09-16 12:00:00+00:00,106,3822.0,0.13009071555648224,-0.05,3822.0,0.9386051080550099,0.11903406553459606,1.7286871661778904,0.05966754774043583,0.013077932406001549,-0.03224135930601332,0.03108168768290012,0.13009071555648224,False,False,False,False,False,False,False,50.0,ORACLE_IDENTITY_FROZEN_QB_ELO_FORMULA
2025,3,REG,2025_03_PIT_NE,home,NE,PIT,Drake Maye,MayeDr00,00-0039851,ORACLE_STARTER_IDENTITY_ONLY,POSTGAME_ACTUAL_STARTER,False,CREDITED,2025-09-16 12:00:00+00:00,2025-09-16 12:00:00+00:00,15,448.0,-0.018836320638128682,-0.05,448.0,0.6418338108882522,-0.029998096913870557,1.8655871324299569,0.08606542374841203,0.02809184542708898,-0.10119081293038919,0.18784413342961762,-0.018836320638128682,False,False,False,False,False,False,False,10.000951543064723,ORACLE_IDENTITY_FROZEN_QB_ELO_FORMULA
2025,4,REG,2025_04_BAL_KC,away,BAL,KC,Lamar Jackson,JackLa00,00-0034796,ORACLE_STARTER_IDENTITY_ONLY,POSTGAME_ACTUAL_STARTER,False,CREDITED,2025-09-23 12:00:00+00:00,2025-09-23 12:00:00+00:00,114,3135.0,0.15680153662801447,-0.05,3135.0,0.9261447562776958,0.14152815873820543,1.704645569896372,0.07240719373515045,0.02008750650241722,0.32160072240792603,0.3357435287811898,0.15680153662801447,False,False,False,False,False,False,False,50.0,ORACLE_IDENTITY_FROZEN_QB_ELO_FORMULA
2025,4,REG,2025_04_BAL_KC,home,KC,BAL,Patrick Mahomes,MahoPa00,00-0033873,ORACLE_STARTER_IDENTITY_ONLY,POSTGAME_ACTUAL_STARTER,False,CREDITED,2025-09-23 12:00:00+00:00,2025-09-23 12:00:00+00:00,135,5230.0,0.22674678845123614,-0.05,5230.0,0.9543795620437956,0.2141214787591177,2.7832339100898604,0.04523811448665892,0.017415026912040582,0.06259930170049831,0.04187619022128835,0.22674678845123614,False,False,False,False,False,False,False,50.0,ORACLE_IDENTITY_FROZEN_QB_ELO_FORMULA
2025,4,REG,2025_04_CAR_NE,away,CAR,NE,Bryce Young,YounBr01,00-0039150,ORACLE_STARTER_IDENTITY_ONLY,POSTGAME_ACTUAL_STARTER,False,CREDITED,2025-09-23 12:00:00+00:00,2025-09-23 12:00:00+00:00,33,1121.0,-0.17015547821033192,-0.05,1121.0,0.8176513493800146,-0.14824528889407884,-1.0124924279105867,0.08232010375979931,0.023020049456512072,-0.02996105672098347,-0.12537136169953342,-0.17015547821033192,False,False,False,False,False,False,False,-49.12264444703942,ORACLE_IDENTITY_FROZEN_QB_ELO_FORMULA
2025,4,REG,2025_04_CAR_NE,home,NE,CAR,Drake Maye,MayeDr00,00-0039851,ORACLE_STARTER_IDENTITY_ONLY,POSTGAME_ACTUAL_STARTER,False,CREDITED,2025-09-23 12:00:00+00:00,2025-09-23 12:00:00+00:00,16,490.0,-0.014463216551201386,-0.05,490.0,0.6621621621621622,-0.02646888663525497,2.201410365870706,0.08789072350287665,0.028031409788166546,-0.05884844563485117,0.1340184863927224,-0.014463216551201386,False,False,False,False,False,False,False,11.765556682372516,ORACLE_IDENTITY_FROZEN_QB_ELO_FORMULA
2025,4,REG,2025_04_CHI_LV,away,CHI,LV,Caleb Williams,WillCa03,00-0039918,ORACLE_STARTER_IDENTITY_ONLY,POSTGAME_ACTUAL_STARTER,False,CREDITED,2025-09-23 12:00:00+00:00,2025-09-23 12:00:00+00:00,20,729.0,-0.0364049427165694,-0.05,729.0,0.7446373850868233,-0.039876612094360664,-0.6052515118098089,0.09291458737148144,0.015618835234582726,0.14431518373524455,0.11308791869477036,-0.0364049427165694,False,False,False,False,False,False,False,5.061693952819669,ORACLE_IDENTITY_FROZEN_QB_ELO_FORMULA
2025,4,REG,2025_04_CHI_LV,home,LV,CHI,Geno Smith,SmitGe00,00-0030565,ORACLE_STARTER_IDENTITY_ONLY,POSTGAME_ACTUAL_STARTER,False,CREDITED,2025-09-23 12:00:00+00:00,2025-09-23 12:00:00+00:00,62,2051.0,0.044720042495715914,-0.05,2051.0,0.8913515862668405,0.034428860129818925,3.9387814848297955,0.07497833836342482,0.022554814099925335,0.08020684325674235,0.021219254404396135,0.044720042495715914,False,False,False,False,False,False,False,42.214430064909465,ORACLE_IDENTITY_FROZEN_QB_ELO_FORMULA
2025,4,REG,2025_04_CIN_DEN,away,CIN,DEN,Jake Browning,BrowJa08,00-0035100,ORACLE_STARTER_IDENTITY_ONLY,POSTGAME_ACTUAL_STARTER,False,CREDITED,2025-09-23 12:00:00+00:00,2025-09-23 12:00:00+00:00,13,330.0,0.016071040084407778,-0.05,330.0,0.5689655172413793,-0.012407856503699024,1.5892389243380047,0.0813557932160347,0.03553893583009819,-0.18061906158823024,-0.3088906932116657,0.016071040084407778,False,False,False,False,False,False,False,18.796071748150492,ORACLE_IDENTITY_FROZEN_QB_ELO_FORMULA
2025,4,REG,2025_04_CIN_DEN,home,DEN,CIN,Bo Nix,NixxBo00,00-0039732,ORACLE_STARTER_IDENTITY_ONLY,POSTGAME_ACTUAL_STARTER,False,CREDITED,2025-09-23 12:00:00+00:00,2025-09-23 12:00:00+00:00,21,713.0,0.039545106234778395,-0.05,713.0,0.7403946002076843,0.01629871313125337,-0.30675027114509773,0.050090835641466214,0.024024885682534476,0.06663747520938863,-0.005644495968922436,0.039545106234778395,False,False,False,False,False,False,False,33.14935656562669,ORACLE_IDENTITY_FROZEN_QB_ELO_FORMULA
2025,4,REG,2025_04_CLE_DET,away,CLE,DET,Joe Flacco,FlacJo00,00-0026158,ORACLE_STARTER_IDENTITY_ONLY,POSTGAME_ACTUAL_STARTER,False,CREDITED,2025-09-23 12:00:00+00:00,2025-09-23 12:00:00+00:00,45,1729.0,-0.04400156373147016,-0.05,1729.0,0.8736735725113693,-0.04475932475579177,-1.296024901969343,0.05766275204674108,0.024132682380683453,-0.21647985785066637,-0.28266674699793587,-0.04400156373147016,False,False,False,False,False,False,False,2.620337622104115,ORACLE_IDENTITY_FROZEN_QB_ELO_FORMULA
2025,4,REG,2025_04_CLE_DET,home,DET,CLE,Jared Goff,GoffJa00,00-0033106,ORACLE_STARTER_IDENTITY_ONLY,POSTGAME_ACTUAL_STARTER,False,CREDITED,2025-09-23 12:00:00+00:00,2025-09-23 12:00:00+00:00,124,4583.0,0.1318940206523867,-0.05,4583.0,0.9482722946410097,0.12248506034551795,0.79593454707756,0.048416959781570956,0.020247708588354955,0.3974428888548126,0.4168401622671339,0.1318940206523867,False,False,False,False,False,False,False,50.0,ORACLE_IDENTITY_FROZEN_QB_ELO_FORMULA
2025,4,REG,2025_04_GB_DAL,away,GB,DAL,Jordan Love,LoveJo03,00-0036264,ORACLE_STARTER_IDENTITY_ONLY,POSTGAME_ACTUAL_STARTER,False,CREDITED,2025-09-23 12:00:00+00:00,2025-09-23 12:00:00+00:00,48,1309.0,0.14229859029316755,-0.05,1309.0,0.8396407953816549,0.1114617413045262,0.6072466010109469,0.04729061214636546,0.025584012097713403,0.08795256011389566,0.1992135191330688,0.14229859029316755,False,False,False,False,False,False,False,50.0,ORACLE_IDENTITY_FROZEN_QB_ELO_FORMULA
2025,4,REG,2025_04_GB_DAL,home,DAL,GB,Dak Prescott,PresDa01,00-0033077,ORACLE_STARTER_IDENTITY_ONLY,POSTGAME_ACTUAL_STARTER,False,CREDITED,2025-09-23 12:00:00+00:00,2025-09-23 12:00:00+00:00,99,3791.0,0.1253635076365973,-0.05,3791.0,0.9381341252165306,0.11451449083156158,1.280284109217197,0.056942580950904625,0.021280129927338236,0.012087539671028238,0.07457031971282728,0.1253635076365973,False,False,False,False,False,False,False,50.0,ORACLE_IDENTITY_FROZEN_QB_ELO_FORMULA
2025,4,REG,2025_04_IND_LA,away,IND,LAR,Daniel Jones,JoneDa05,00-0035710,ORACLE_STARTER_IDENTITY_ONLY,POSTGAME_ACTUAL_STARTER,False,CREDITED,2025-09-23 12:00:00+00:00,2025-09-23 12:00:00+00:00,75,2609.0,-0.036959208883913075,-0.05,2609.0,0.9125568380552641,-0.03809953689336454,-0.2676348085131022,0.08008104266594615,0.020943131004997315,0.17362126073505807,0.38663100856878785,-0.036959208883913075,False,False,False,False,False,False,False,5.950231553317733,ORACLE_IDENTITY_FROZEN_QB_ELO_FORMULA
2025,4,REG,2025_04_IND_LA,home,LAR,IND,Matthew Stafford,StafMa00,00-0026498,ORACLE_STARTER_IDENTITY_ONLY,POSTGAME_ACTUAL_STARTER,False,CREDITED,2025-09-23 12:00:00+00:00,2025-09-23 12:00:00+00:00,107,3892.0,0.10863262402582748,-0.05,3892.0,0.9396426846933849,0.09905798471958488,-0.4218396616739718,0.05922950175265657,0.021076220102173814,0.09370898346772764,0.13268744765162244,0.10863262402582748,False,False,False,False,False,False,False,50.0,ORACLE_IDENTITY_FROZEN_QB_ELO_FORMULA
2025,4,REG,2025_04_JAX_SF,away,JAX,SF,Trevor Lawrence,LawrTr00,00-0036971,ORACLE_STARTER_IDENTITY_ONLY,POSTGAME_ACTUAL_STARTER,False,CREDITED,2025-09-23 12:00:00+00:00,2025-09-23 12:00:00+00:00,65,2352.0,0.01281627457703267,-0.05,2352.0,0.9039200614911607,0.006780890778317004,-1.3950577554044599,0.051884675035401395,0.025146439078692785,-0.06809802378814983,-0.02557186059300319,0.01281627457703267,False,False,False,False,False,False,False,28.390445389158504,ORACLE_IDENTITY_FROZEN_QB_ELO_FORMULA
2025,4,REG,2025_04_JAX_SF,home,SF,JAX,Brock Purdy,PurdBr00,00-0037834,ORACLE_STARTER_IDENTITY_ONLY,POSTGAME_ACTUAL_STARTER,False,CREDITED,2025-09-23 12:00:00+00:00,2025-09-09 12:00:00+00:00,47,1354.0,0.23440410105036477,-0.05,1354.0,0.844139650872818,0.19007677856745256,2.3899250160732604,0.06039326042531356,0.02453791990611706,0.23225208615989015,0.3702745599243923,0.23440410105036477,False,False,False,False,False,False,False,50.0,ORACLE_IDENTITY_FROZEN_QB_ELO_FORMULA
2025,4,REG,2025_04_LAC_NYG,away,LAC,NYG,Justin Herbert,HerbJu00,00-0036355,ORACLE_STARTER_IDENTITY_ONLY,POSTGAME_ACTUAL_STARTER,False,CREDITED,2025-09-23 12:00:00+00:00,2025-09-23 12:00:00+00:00,84,3297.0,0.10962417988263327,-0.05,3297.0,0.929517902452777,0.09837353286525004,0.03921924614499542,0.05719135070264317,0.017063287346692935,0.14244958787956066,0.21708397425513326,0.10962417988263327,False,False,False,False,False,False,False,50.0,ORACLE_IDENTITY_FROZEN_QB_ELO_FORMULA
2025,4,REG,2025_04_LAC_NYG,home,NYG,LAC,Jaxson Dart,DartJa00,00-0040691,ORACLE_STARTER_IDENTITY_ONLY,POSTGAME_ACTUAL_STARTER,False,CREDITED,2025-09-23 12:00:00+00:00,2025-09-23 12:00:00+00:00,2,0.0,,-0.05,0.0,0.0,-0.05,-1.0,0.08,0.03,,,-0.05,False,True,False,True,True,True,True,0.0,ORACLE_IDENTITY_FROZEN_QB_ELO_FORMULA
2025,4,REG,2025_04_MIN_PIT,away,MIN,PIT,Carson Wentz,WentCa00,00-0032950,ORACLE_STARTER_IDENTITY_ONLY,POSTGAME_ACTUAL_STARTER,False,CREDITED,2025-09-23 12:00:00+00:00,2025-09-23 12:00:00+00:00,69,2490.0,-0.0035185984175281487,-0.05,2490.0,0.9087591240875912,-0.007759602211549306,-0.8390652829492639,0.07320049575794012,0.020880854622871044,0.2000804481004178,0.4105891226643926,-0.0035185984175281487,False,False,False,False,False,False,False,21.12019889422535,ORACLE_IDENTITY_FROZEN_QB_ELO_FORMULA
2025,4,REG,2025_04_MIN_PIT,home,PIT,MIN,Aaron Rodgers,RodgAa00,00-0023459,ORACLE_STARTER_IDENTITY_ONLY,POSTGAME_ACTUAL_STARTER,False,CREDITED,2025-09-23 12:00:00+00:00,2025-09-23 12:00:00+00:00,107,3845.0,0.12931652980033545,-0.05,3845.0,0.938949938949939,0.11836924470873987,1.7453908492162515,0.05931157173570739,0.013259938156203717,-0.01232144463669011,0.02501803806222214,0.12931652980033545,False,False,False,False,False,False,False,50.0,ORACLE_IDENTITY_FROZEN_QB_ELO_FORMULA
2025,4,REG,2025_04_NO_BUF,away,NO,BUF,Spencer Rattler,RattSp00,00-0039376,ORACLE_STARTER_IDENTITY_ONLY,POSTGAME_ACTUAL_STARTER,False,CREDITED,2025-09-23 12:00:00+00:00,2025-09-23 12:00:00+00:00,10,375.0,-0.20654638161148328,-0.05,375.0,0.6,-0.14392782896688996,-3.7314785500491086,0.07570589496533724,0.022374639769452448,-0.08551163819348544,-0.04268064746539691,-0.20654638161148328,False,False,False,False,False,False,False,-46.96391448344498,ORACLE_IDENTITY_FROZEN_QB_ELO_FORMULA
2025,4,REG,2025_04_NO_BUF,home,BUF,NO,Josh Allen,AlleJo02,00-0034857,ORACLE_STARTER_IDENTITY_ONLY,POSTGAME_ACTUAL_STARTER,False,CREDITED,2025-09-23 12:00:00+00:00,2025-09-23 12:00:00+00:00,126,4407.0,0.14069844583411276,-0.05,4407.0,0.9463173716985184,0.13046125204872985,1.7628372877089582,0.050052622030112515,0.021504393973141345,0.202397590495744,0.2192867643820799,0.14069844583411276,False,False,False,False,False,False,False,50.0,ORACLE_IDENTITY_FROZEN_QB_ELO_FORMULA
2025,4,REG,2025_04_NYJ_MIA,away,NYJ,MIA,Justin Fields,FielJu00,00-0036945,ORACLE_STARTER_IDENTITY_ONLY,POSTGAME_ACTUAL_STARTER,False,CREDITED,2025-09-23 12:00:00+00:00,2025-09-16 12:00:00+00:00,53,1307.0,-0.11280471630854123,-0.05,1307.0,0.8394348105330764,-0.10272046513504393,-0.8072079643624437,0.10795078796933627,0.027386321795478105,-0.3759402123367547,0.04719144768476358,-0.11280471630854123,False,False,False,False,False,False,False,-26.360232567521965,ORACLE_IDENTITY_FROZEN_QB_ELO_FORMULA
2025,4,REG,2025_04_NYJ_MIA,home,MIA,NYJ,Tua Tagovailoa,TagoTu00,00-0036212,ORACLE_STARTER_IDENTITY_ONLY,POSTGAME_ACTUAL_STARTER,False,CREDITED,2025-09-23 12:00:00+00:00,2025-09-23 12:00:00+00:00,68,2286.0,0.13544248797673147,-0.05,2286.0,0.9014195583596214,0.1171614856130947,1.761994798900823,0.05368920786689344,0.02335905683333212,0.02482598692045181,-0.04468327165316141,0.13544248797673147,False,False,False,False,False,False,False,50.0,ORACLE_IDENTITY_FROZEN_QB_ELO_FORMULA
2025,4,REG,2025_04_PHI_TB,away,PHI,TB,Jalen Hurts,HurtJa00,00-0036389,ORACLE_STARTER_IDENTITY_ONLY,POSTGAME_ACTUAL_STARTER,False,CREDITED,2025-09-23 12:00:00+00:00,2025-09-23 12:00:00+00:00,88,2452.0,0.0927096147139098,-0.05,2452.0,0.9074759437453738,0.07950554229404398,2.583251190822487,0.07181072278884211,0.019551245295607846,0.05243055961428286,-0.040501352278320135,0.0927096147139098,False,False,False,False,False,False,False,50.0,ORACLE_IDENTITY_FROZEN_QB_ELO_FORMULA
2025,4,REG,2025_04_PHI_TB,home,TB,PHI,Baker Mayfield,MayfBa00,00-0034855,ORACLE_STARTER_IDENTITY_ONLY,POSTGAME_ACTUAL_STARTER,False,CREDITED,2025-09-23 12:00:00+00:00,2025-09-23 12:00:00+00:00,114,3926.0,0.07934949955968688,-0.05,3926.0,0.9401340996168582,0.07160587530443743,-0.35807176417715547,0.06587265106901598,0.02568463036241442,0.2838741628855882,0.131341191015595,0.07934949955968688,False,False,False,False,False,False,False,50.0,ORACLE_IDENTITY_FROZEN_QB_ELO_FORMULA
2025,4,REG,2025_04_SEA_ARI,away,SEA,ARI,Sam Darnold,DarnSa00,00-0034869,ORACLE_STARTER_IDENTITY_ONLY,POSTGAME_ACTUAL_STARTER,False,CREDITED,2025-09-23 12:00:00+00:00,2025-09-23 12:00:00+00:00,87,2679.0,-0.04318386426288257,-0.05,2679.0,0.9146466370775008,-0.043765644370181774,-0.3678474600417865,0.0762044472689782,0.028852062925125405,0.14382823738494205,0.17717972277763816,-0.04318386426288257,False,False,False,False,False,False,False,3.1171778149091147,ORACLE_IDENTITY_FROZEN_QB_ELO_FORMULA
2025,4,REG,2025_04_SEA_ARI,home,ARI,SEA,Kyler Murray,MurrKy00,00-0035228,ORACLE_STARTER_IDENTITY_ONLY,POSTGAME_ACTUAL_STARTER,False,CREDITED,2025-09-23 12:00:00+00:00,2025-09-23 12:00:00+00:00,86,3091.0,0.042754683798708046,-0.05,3091.0,0.925172104160431,0.03581404598078616,0.5822980880957392,0.06054985810467468,0.02136654760533721,0.09944143383516349,0.07418828669165746,0.042754683798708046,False,False,False,False,False,False,False,42.90702299039308,ORACLE_IDENTITY_FROZEN_QB_ELO_FORMULA
2025,4,REG,2025_04_TEN_HOU,away,TEN,HOU,Cam Ward,WardCa00,00-0040676,ORACLE_STARTER_IDENTITY_ONLY,POSTGAME_ACTUAL_STARTER,False,CREDITED,2025-09-23 12:00:00+00:00,2025-09-23 12:00:00+00:00,3,114.0,-0.2849105818930646,-0.05,114.0,0.3131868131868132,-0.12357089652694882,-2.4695844969445355,0.09576161466917768,0.023767898767898768,-0.2822159652166394,-0.2849105818930646,-0.2849105818930646,False,False,False,False,False,False,False,-36.78544826347441,ORACLE_IDENTITY_FROZEN_QB_ELO_FORMULA
2025,4,REG,2025_04_TEN_HOU,home,HOU,TEN,C.J. Stroud,StroCJ00,00-0039163,ORACLE_STARTER_IDENTITY_ONLY,POSTGAME_ACTUAL_STARTER,False,CREDITED,2025-09-23 12:00:00+00:00,2025-09-23 12:00:00+00:00,39,1344.0,0.045448687635867714,-0.05,1344.0,0.8431618569636136,0.030478692711798122,-0.8075126071540744,0.07824509753475956,0.01904230947022996,-0.04137310480250989,-0.1305943690568846,0.045448687635867714,False,False,False,False,False,False,False,40.23934635589906,ORACLE_IDENTITY_FROZEN_QB_ELO_FORMULA
2025,4,REG,2025_04_WAS_ATL,away,WAS,ATL,Marcus Mariota,MariMa01,00-0032268,ORACLE_STARTER_IDENTITY_ONLY,POSTGAME_ACTUAL_STARTER,False,CREDITED,2025-09-23 12:00:00+00:00,2025-09-23 12:00:00+00:00,52,1012.0,0.04733647606882601,-0.05,1012.0,0.8019017432646592,0.028054289842830364,0.979076423475668,0.0909129238339753,0.024448372546629283,0.1817988517523226,0.4901113678443683,0.04733647606882601,False,False,False,False,False,False,False,39.02714492141518,ORACLE_IDENTITY_FROZEN_QB_ELO_FORMULA
2025,4,REG,2025_04_WAS_ATL,home,ATL,WAS,Michael Penix,PeniMi00,00-0039917,ORACLE_STARTER_IDENTITY_ONLY,POSTGAME_ACTUAL_STARTER,False,CREDITED,2025-09-23 12:00:00+00:00,2025-09-23 12:00:00+00:00,8,212.0,0.009037932271890406,-0.05,212.0,0.4588744588744589,-0.022909000775669337,-3.491298144254995,0.059638559450460954,0.027480689245395127,-0.038512654942135544,-0.12366696770342199,0.009037932271890406,False,False,False,False,False,False,False,13.545499612165333,ORACLE_IDENTITY_FROZEN_QB_ELO_FORMULA
2025,5,REG,2025_05_DAL_NYJ,away,DAL,NYJ,Dak Prescott,PresDa01,00-0033077,ORACLE_STARTER_IDENTITY_ONLY,POSTGAME_ACTUAL_STARTER,False,CREDITED,2025-09-30 12:00:00+00:00,2025-09-30 12:00:00+00:00,100,3832.0,0.13003125760019227,-0.05,3832.0,0.9387555120039196,0.11900533540517803,1.4030539910872672,0.05660488159875946,0.021059223928285856,0.15017648611857706,0.18843162022718266,0.13003125760019227,False,False,False,False,False,False,False,50.0,ORACLE_IDENTITY_FROZEN_QB_ELO_FORMULA
2025,5,REG,2025_05_DAL_NYJ,home,NYJ,DAL,Justin Fields,FielJu00,00-0036945,ORACLE_STARTER_IDENTITY_ONLY,POSTGAME_ACTUAL_STARTER,False,CREDITED,2025-09-30 12:00:00+00:00,2025-09-30 12:00:00+00:00,54,1336.0,-0.10579823567800552,-0.05,1336.0,0.8423707440100883,-0.09700280130253176,-0.6936543825706474,0.10719407234814014,0.026858956547758994,-0.2173136234637978,0.1129872929549786,-0.10579823567800552,False,False,False,False,False,False,False,-23.50140065126588,ORACLE_IDENTITY_FROZEN_QB_ELO_FORMULA
2025,5,REG,2025_05_DEN_PHI,away,DEN,PHI,Bo Nix,NixxBo00,00-0039732,ORACLE_STARTER_IDENTITY_ONLY,POSTGAME_ACTUAL_STARTER,False,CREDITED,2025-09-30 12:00:00+00:00,2025-09-30 12:00:00+00:00,22,755.0,0.05554910311660753,-0.05,755.0,0.7512437810945274,0.02929310731645641,-0.38747934679232243,0.04793137518953676,0.024019023340597287,0.1499460918277518,0.09301875241621181,0.05554910311660753,False,False,False,False,False,False,False,39.64655365822821,ORACLE_IDENTITY_FROZEN_QB_ELO_FORMULA
2025,5,REG,2025_05_DEN_PHI,home,PHI,DEN,Jalen Hurts,HurtJa00,00-0036389,ORACLE_STARTER_IDENTITY_ONLY,POSTGAME_ACTUAL_STARTER,False,CREDITED,2025-09-30 12:00:00+00:00,2025-09-30 12:00:00+00:00,89,2478.0,0.09122074549745339,-0.05,2478.0,0.908357771260997,0.07827896163588324,2.5112892230471284,0.07185923487895395,0.019365567555968813,0.0399589055421018,-0.04269323854733412,0.09122074549745339,False,False,False,False,False,False,False,50.0,ORACLE_IDENTITY_FROZEN_QB_ELO_FORMULA
2025,5,REG,2025_05_DET_CIN,away,DET,CIN,Jared Goff,GoffJa00,00-0033106,ORACLE_STARTER_IDENTITY_ONLY,POSTGAME_ACTUAL_STARTER,False,CREDITED,2025-09-30 12:00:00+00:00,2025-09-30 12:00:00+00:00,125,4610.0,0.1308497627567032,-0.05,4610.0,0.948559670781893,0.12154679142148184,0.788396315749428,0.04813491446916309,0.020345828094366105,0.2750054869970672,0.31621070548227315,0.1308497627567032,False,False,False,False,False,False,False,50.0,ORACLE_IDENTITY_FROZEN_QB_ELO_FORMULA
2025,5,REG,2025_05_DET_CIN,home,CIN,DET,Jake Browning,BrowJa08,00-0035100,ORACLE_STARTER_IDENTITY_ONLY,POSTGAME_ACTUAL_STARTER,False,CREDITED,2025-09-30 12:00:00+00:00,2025-09-30 12:00:00+00:00,14,358.0,-0.013430561931112632,-0.05,358.0,0.5888157894736842,-0.028467337452859086,1.299341653185334,0.08251770074890954,0.0339434451955577,-0.25999879718741387,-0.32702141376730065,-0.013430561931112632,False,False,False,False,False,False,False,10.766331273570458,ORACLE_IDENTITY_FROZEN_QB_ELO_FORMULA
2025,5,REG,2025_05_HOU_BAL,away,HOU,BAL,C.J. Stroud,StroCJ00,00-0039163,ORACLE_STARTER_IDENTITY_ONLY,POSTGAME_ACTUAL_STARTER,False,CREDITED,2025-09-30 12:00:00+00:00,2025-09-30 12:00:00+00:00,40,1374.0,0.050509223779855554,-0.05,1374.0,0.8460591133004927,0.03503674474970538,-0.6396504078361835,0.0780280175271848,0.018685717796005287,0.04091713426329716,-0.03383656788377594,0.050509223779855554,False,False,False,False,False,False,False,42.51837237485269,ORACLE_IDENTITY_FROZEN_QB_ELO_FORMULA
2025,5,REG,2025_05_HOU_BAL,home,BAL,HOU,Cooper Rush,RushCo00,00-0033662,ORACLE_STARTER_IDENTITY_ONLY,POSTGAME_ACTUAL_STARTER,False,CREDITED,2025-09-30 12:00:00+00:00,2025-09-30 12:00:00+00:00,33,578.0,-0.056840071225826405,-0.05,578.0,0.6980676328502415,-0.05477483232913968,-4.6818995441260265,0.05162507924383945,0.02165846980240325,-0.11501556254676708,-0.449906651978381,-0.056840071225826405,False,False,False,False,False,False,False,-2.3874161645698404,ORACLE_IDENTITY_FROZEN_QB_ELO_FORMULA
2025,5,REG,2025_05_KC_JAX,away,KC,JAX,Patrick Mahomes,MahoPa00,00-0033873,ORACLE_STARTER_IDENTITY_ONLY,POSTGAME_ACTUAL_STARTER,False,CREDITED,2025-09-30 12:00:00+00:00,2025-09-30 12:00:00+00:00,136,5268.0,0.22821177990289068,-0.05,5268.0,0.9546937296121784,0.2156070417775332,2.8047870631190386,0.04510552891674812,0.01729288040001593,0.1590201669090937,0.14197136001484773,0.22821177990289068,False,False,False,False,False,False,False,50.0,ORACLE_IDENTITY_FROZEN_QB_ELO_FORMULA
2025,5,REG,2025_05_KC_JAX,home,JAX,KC,Trevor Lawrence,LawrTr00,00-0036971,ORACLE_STARTER_IDENTITY_ONLY,POSTGAME_ACTUAL_STARTER,False,CREDITED,2025-09-30 12:00:00+00:00,2025-09-30 12:00:00+00:00,66,2383.0,0.015084355114775435,-0.05,2383.0,0.905051272312951,0.008904678404295428,-1.3661364638270026,0.05124354428466316,0.024835131431853653,-0.007705260291524776,0.018351518071724082,0.015084355114775435,False,False,False,False,False,False,False,29.452339202147716,ORACLE_IDENTITY_FROZEN_QB_ELO_FORMULA
2025,5,REG,2025_05_LV_IND,away,LV,IND,Geno Smith,SmitGe00,00-0030565,ORACLE_STARTER_IDENTITY_ONLY,POSTGAME_ACTUAL_STARTER,False,CREDITED,2025-09-30 12:00:00+00:00,2025-09-30 12:00:00+00:00,63,2072.0,0.039212344084993335,-0.05,2072.0,0.892334194659776,0.02960722521279336,3.8647297052373055,0.07424547987855691,0.02373269194873421,-0.0736641931727486,-0.057987309414712106,0.039212344084993335,False,False,False,False,False,False,False,39.80361260639668,ORACLE_IDENTITY_FROZEN_QB_ELO_FORMULA
2025,5,REG,2025_05_LV_IND,home,IND,LV,Daniel Jones,JoneDa05,00-0035710,ORACLE_STARTER_IDENTITY_ONLY,POSTGAME_ACTUAL_STARTER,False,CREDITED,2025-09-30 12:00:00+00:00,2025-09-30 12:00:00+00:00,76,2644.0,-0.03484445480341144,-0.05,2644.0,0.9136143745680718,-0.036153676053980593,-0.17041456272718886,0.07979573898567795,0.021436749756523682,0.17297660549645869,0.3134713946447948,-0.03484445480341144,False,False,False,False,False,False,False,6.923161973009704,ORACLE_IDENTITY_FROZEN_QB_ELO_FORMULA
2025,5,REG,2025_05_MIA_CAR,away,MIA,CAR,Tua Tagovailoa,TagoTu00,00-0036212,ORACLE_STARTER_IDENTITY_ONLY,POSTGAME_ACTUAL_STARTER,False,CREDITED,2025-09-30 12:00:00+00:00,2025-09-30 12:00:00+00:00,69,2311.0,0.13863512802189826,-0.05,2311.0,0.9023818820773135,0.12022092185029554,1.7261779713983247,0.05313769850352771,0.02311882309100861,0.12529484018073664,0.05615028702808876,0.13863512802189826,False,False,False,False,False,False,False,50.0,ORACLE_IDENTITY_FROZEN_QB_ELO_FORMULA
2025,5,REG,2025_05_MIA_CAR,home,CAR,MIA,Bryce Young,YounBr01,00-0039150,ORACLE_STARTER_IDENTITY_ONLY,POSTGAME_ACTUAL_STARTER,False,CREDITED,2025-09-30 12:00:00+00:00,2025-09-30 12:00:00+00:00,34,1152.0,-0.1735142524694424,-0.05,1152.0,0.8216833095577746,-0.15148959974664597,-0.9984481869130996,0.08114973516838273,0.022484128969447844,-0.10476826826478067,-0.1593090723848496,-0.1735142524694424,False,False,False,False,False,False,False,-50.0,ORACLE_IDENTITY_FROZEN_QB_ELO_FORMULA
2025,5,REG,2025_05_MIN_CLE,away,MIN,CLE,Carson Wentz,WentCa00,00-0032950,ORACLE_STARTER_IDENTITY_ONLY,POSTGAME_ACTUAL_STARTER,False,CREDITED,2025-09-30 12:00:00+00:00,2025-09-30 12:00:00+00:00,70,2542.0,-0.00225481077568028,-0.05,2542.0,0.910458452722063,-0.00652998889390375,-0.7313496332350141,0.07395174204092106,0.021282844601597267,0.16657583444770635,0.16696708915794015,-0.00225481077568028,False,False,False,False,False,False,False,21.735005553048126,ORACLE_IDENTITY_FROZEN_QB_ELO_FORMULA
2025,5,REG,2025_05_MIN_CLE,home,CLE,MIN,Dillon Gabriel,GabrDi00,00-0040704,ORACLE_STARTER_IDENTITY_ONLY,POSTGAME_ACTUAL_STARTER,False,CREDITED,2025-09-30 12:00:00+00:00,2025-09-30 12:00:00+00:00,2,4.0,0.5522786909277784,-0.05,4.0,0.015748031496062992,-0.040515296205861764,-0.7777788976984701,0.07874015748031496,0.02952755905511811,-0.20429770483003398,0.5522786909277784,0.5522786909277784,False,True,False,False,False,False,False,4.742351897069119,ORACLE_IDENTITY_FROZEN_QB_ELO_FORMULA
2025,5,REG,2025_05_NE_BUF,away,NE,BUF,Drake Maye,MayeDr00,00-0039851,ORACLE_STARTER_IDENTITY_ONLY,POSTGAME_ACTUAL_STARTER,False,CREDITED,2025-09-30 12:00:00+00:00,2025-09-30 12:00:00+00:00,17,508.0,0.0255598637919169,-0.05,508.0,0.6701846965699209,0.0006390643882503745,2.6497245133602303,0.08708769905330511,0.02733961389431029,0.24698887823268648,0.26350182857264776,0.0255598637919169,False,False,False,False,False,False,False,25.319532194125188,ORACLE_IDENTITY_FROZEN_QB_ELO_FORMULA
2025,5,REG,2025_05_NE_BUF,home,BUF,NE,Josh Allen,AlleJo02,00-0034857,ORACLE_STARTER_IDENTITY_ONLY,POSTGAME_ACTUAL_STARTER,False,CREDITED,2025-09-30 12:00:00+00:00,2025-09-30 12:00:00+00:00,127,4432.0,0.1409911637077262,-0.05,4432.0,0.9466040153780436,0.13079300246745892,1.7999682359230373,0.05039812626941224,0.02162273442664488,0.20502313846645592,0.21517778755654413,0.1409911637077262,False,False,False,False,False,False,False,50.0,ORACLE_IDENTITY_FROZEN_QB_ELO_FORMULA
2025,5,REG,2025_05_NYG_NO,away,NYG,NO,Jaxson Dart,DartJa00,00-0040691,ORACLE_STARTER_IDENTITY_ONLY,POSTGAME_ACTUAL_STARTER,False,CREDITED,2025-09-30 12:00:00+00:00,2025-09-30 12:00:00+00:00,3,25.0,-0.18147767337905235,-0.05,25.0,0.09090909090909091,-0.06195251576173204,-0.9352860382299103,0.09090909090909091,0.02727272727272727,-0.18147767337905235,-0.18147767337905235,-0.18147767337905235,False,True,False,False,False,False,False,-5.976257880866018,ORACLE_IDENTITY_FROZEN_QB_ELO_FORMULA
2025,5,REG,2025_05_NYG_NO,home,NO,NYG,Spencer Rattler,RattSp00,00-0039376,ORACLE_STARTER_IDENTITY_ONLY,POSTGAME_ACTUAL_STARTER,False,CREDITED,2025-09-30 12:00:00+00:00,2025-09-30 12:00:00+00:00,11,405.0,-0.21187310323232575,-0.05,405.0,0.6183206106870229,-0.15008947604441517,-3.2503064712427343,0.07678700758564769,0.0213699636690207,-0.13588657614710845,-0.08662974820607784,-0.21187310323232575,False,False,False,False,False,False,False,-50.0,ORACLE_IDENTITY_FROZEN_QB_ELO_FORMULA
2025,5,REG,2025_05_SF_LA,away,SF,LAR,Mac Jones,JoneMa05,00-0036972,ORACLE_STARTER_IDENTITY_ONLY,POSTGAME_ACTUAL_STARTER,False,CREDITED,2025-09-30 12:00:00+00:00,2025-09-23 12:00:00+00:00,55,1793.0,-0.012073661486919168,-0.05,1793.0,0.8776309348996574,-0.016714672073443987,-0.05754374270044811,0.05924115068008595,0.028107478315737705,0.09220011797806067,0.04953225367475868,-0.012073661486919168,False,False,False,False,False,False,False,16.642663963278007,ORACLE_IDENTITY_FROZEN_QB_ELO_FORMULA
2025,5,REG,2025_05_SF_LA,home,LAR,SF,Matthew Stafford,StafMa00,00-0026498,ORACLE_STARTER_IDENTITY_ONLY,POSTGAME_ACTUAL_STARTER,False,CREDITED,2025-09-30 12:00:00+00:00,2025-09-30 12:00:00+00:00,108,3936.0,0.11102928576934643,-0.05,3936.0,0.9402771141901577,0.10141215212330329,-0.36066551015036696,0.05932268481546509,0.020856510462984597,0.16660547287258914,0.19062130074440903,0.11102928576934643,False,False,False,False,False,False,False,50.0,ORACLE_IDENTITY_FROZEN_QB_ELO_FORMULA
2025,5,REG,2025_05_TB_SEA,away,TB,SEA,Baker Mayfield,MayfBa00,00-0034855,ORACLE_STARTER_IDENTITY_ONLY,POSTGAME_ACTUAL_STARTER,False,CREDITED,2025-09-30 12:00:00+00:00,2025-09-30 12:00:00+00:00,115,3968.0,0.07709158311855971,-0.05,3968.0,0.9407302038880986,0.06955889089958389,-0.457887814223432,0.0656872022677957,0.025677726090243873,0.15918431746216655,0.056276741444322494,0.07709158311855971,False,False,False,False,False,False,False,50.0,ORACLE_IDENTITY_FROZEN_QB_ELO_FORMULA
2025,5,REG,2025_05_TB_SEA,home,SEA,TB,Sam Darnold,DarnSa00,00-0034869,ORACLE_STARTER_IDENTITY_ONLY,POSTGAME_ACTUAL_STARTER,False,CREDITED,2025-09-30 12:00:00+00:00,2025-09-30 12:00:00+00:00,88,2708.0,-0.03917193088430806,-0.05,2708.0,0.9154834347532116,-0.04008708209422117,-0.2982464314187977,0.07646405200937575,0.028576892737643245,0.20100391399400916,0.22006316661010836,-0.03917193088430806,False,False,False,False,False,False,False,4.956458952889417,ORACLE_IDENTITY_FROZEN_QB_ELO_FORMULA
2025,5,REG,2025_05_TEN_ARI,away,TEN,ARI,Cam Ward,WardCa00,00-0040676,ORACLE_STARTER_IDENTITY_ONLY,POSTGAME_ACTUAL_STARTER,False,CREDITED,2025-09-30 12:00:00+00:00,2025-09-30 12:00:00+00:00,4,142.0,-0.34899017427271795,-0.05,142.0,0.3622448979591837,-0.15830766517021924,-4.116746376376525,0.09379275620022445,0.02492857142857143,-0.3958688402027488,-0.34899017427271795,-0.34899017427271795,False,False,False,False,False,False,False,-50.0,ORACLE_IDENTITY_FROZEN_QB_ELO_FORMULA
2025,5,REG,2025_05_TEN_ARI,home,ARI,TEN,Kyler Murray,MurrKy00,00-0035228,ORACLE_STARTER_IDENTITY_ONLY,POSTGAME_ACTUAL_STARTER,False,CREDITED,2025-09-30 12:00:00+00:00,2025-09-30 12:00:00+00:00,87,3138.0,0.041180124169071665,-0.05,3138.0,0.9262101534828807,0.03445195680122399,0.5109602812811037,0.06141397398450781,0.02171947987782968,0.05813014810826071,0.02861689232042338,0.041180124169071665,False,False,False,False,False,False,False,42.225978400612,ORACLE_IDENTITY_FROZEN_QB_ELO_FORMULA
2025,5,REG,2025_05_WAS_LAC,away,WAS,LAC,Jayden Daniels,DaniJa02,00-0039910,ORACLE_STARTER_IDENTITY_ONLY,POSTGAME_ACTUAL_STARTER,False,CREDITED,2025-09-30 12:00:00+00:00,2025-09-16 12:00:00+00:00,22,724.0,0.12396093975686069,-0.05,724.0,0.7433264887063655,0.07930977452152685,1.5319200672380262,0.07766250282862502,0.018861263727793502,0.015900805539604403,-0.09891026169976905,0.12396093975686069,False,False,False,False,False,False,False,50.0,ORACLE_IDENTITY_FROZEN_QB_ELO_FORMULA
2025,5,REG,2025_05_WAS_LAC,home,LAC,WAS,Justin Herbert,HerbJu00,00-0036355,ORACLE_STARTER_IDENTITY_ONLY,POSTGAME_ACTUAL_STARTER,False,CREDITED,2025-09-30 12:00:00+00:00,2025-09-30 12:00:00+00:00,85,3340.0,0.10180386916579046,-0.05,3340.0,0.9303621169916435,0.09123256908460728,-0.030012429139860713,0.05706225274232429,0.017447495246938144,-0.020927024805849643,0.02218578413884222,0.10180386916579046,False,False,False,False,False,False,False,50.0,ORACLE_IDENTITY_FROZEN_QB_ELO_FORMULA
2025,6,REG,2025_06_ARI_IND,away,ARI,IND,Jacoby Brissett,BrisJa00,00-0033119,ORACLE_STARTER_IDENTITY_ONLY,POSTGAME_ACTUAL_STARTER,False,CREDITED,2025-10-07 12:00:00+00:00,2025-10-07 12:00:00+00:00,66,1328.0,-0.010392072306792977,-0.05,1328.0,0.8415716096324461,-0.016667092537022227,-0.9771219216193955,0.06772732151379018,0.016309166221326762,-0.5435186297805337,-0.7791321533732116,-0.010392072306792977,False,False,False,False,False,False,False,16.66645373148889,ORACLE_IDENTITY_FROZEN_QB_ELO_FORMULA
2025,6,REG,2025_06_ARI_IND,home,IND,ARI,Daniel Jones,JoneDa05,00-0035710,ORACLE_STARTER_IDENTITY_ONLY,POSTGAME_ACTUAL_STARTER,False,CREDITED,2025-10-07 12:00:00+00:00,2025-10-07 12:00:00+00:00,77,2673.0,-0.029393972565392903,-0.05,2673.0,0.9144714334587752,-0.031156376553984,-0.18121996097355747,0.07893307504970211,0.021205714995804117,0.26353882087832736,0.3352638832838713,-0.029393972565392903,False,False,False,False,False,False,False,9.421811723008002,ORACLE_IDENTITY_FROZEN_QB_ELO_FORMULA
2025,6,REG,2025_06_BUF_ATL,away,BUF,ATL,Josh Allen,AlleJo02,00-0034857,ORACLE_STARTER_IDENTITY_ONLY,POSTGAME_ACTUAL_STARTER,False,CREDITED,2025-10-07 12:00:00+00:00,2025-10-07 12:00:00+00:00,128,4464.0,0.14239302448868427,-0.05,4464.0,0.9469664828171405,0.13218974571860131,1.8286239950178425,0.050265750117352966,0.021696451010541844,0.23612721595845299,0.23914293565633188,0.14239302448868427,False,False,False,False,False,False,False,50.0,ORACLE_IDENTITY_FROZEN_QB_ELO_FORMULA
2025,6,REG,2025_06_BUF_ATL,home,ATL,BUF,Michael Penix,PeniMi00,00-0039917,ORACLE_STARTER_IDENTITY_ONLY,POSTGAME_ACTUAL_STARTER,False,CREDITED,2025-10-07 12:00:00+00:00,2025-09-30 12:00:00+00:00,9,239.0,0.08458301364469877,-0.05,239.0,0.4887525562372188,0.015777791944955016,-2.666254454162514,0.05839067276293431,0.02808748999733262,0.12099103882002626,0.04293860121741037,0.08458301364469877,False,False,False,False,False,False,False,32.888895972477506,ORACLE_IDENTITY_FROZEN_QB_ELO_FORMULA
2025,6,REG,2025_06_CHI_WAS,away,CHI,WAS,Caleb Williams,WillCa03,00-0039918,ORACLE_STARTER_IDENTITY_ONLY,POSTGAME_ACTUAL_STARTER,False,CREDITED,2025-10-07 12:00:00+00:00,2025-09-30 12:00:00+00:00,21,767.0,-0.03603568873043749,-0.05,767.0,0.7541789577187807,-0.039468410281460725,-1.0395781128141441,0.09021590908799042,0.01609346314957855,0.10701514716960484,0.07250551781926041,-0.03603568873043749,False,False,False,False,False,False,False,5.265794859269639,ORACLE_IDENTITY_FROZEN_QB_ELO_FORMULA
2025,6,REG,2025_06_CHI_WAS,home,WAS,CHI,Jayden Daniels,DaniJa02,00-0039910,ORACLE_STARTER_IDENTITY_ONLY,POSTGAME_ACTUAL_STARTER,False,CREDITED,2025-10-07 12:00:00+00:00,2025-10-07 12:00:00+00:00,23,751.0,0.13879424410535396,-0.05,751.0,0.7502497502497503,0.0916428344886322,1.4664403875928336,0.07651830998760804,0.018334266889180183,0.15299089631303003,0.06496012449441184,0.13879424410535396,False,False,False,False,False,False,False,50.0,ORACLE_IDENTITY_FROZEN_QB_ELO_FORMULA
2025,6,REG,2025_06_CIN_GB,away,CIN,GB,Joe Flacco,FlacJo00,00-0026158,ORACLE_STARTER_IDENTITY_ONLY,POSTGAME_ACTUAL_STARTER,False,CREDITED,2025-10-07 12:00:00+00:00,2025-09-30 12:00:00+00:00,46,1766.0,-0.054105910037314936,-0.05,1766.0,0.8759920634920635,-0.05359674460610028,-1.5438180903501324,0.058079873936992536,0.02475246050801273,-0.3132843051980857,-0.3371619014634206,-0.054105910037314936,False,False,False,False,False,False,False,-1.79837230305014,ORACLE_IDENTITY_FROZEN_QB_ELO_FORMULA
2025,6,REG,2025_06_CIN_GB,home,GB,CIN,Jordan Love,LoveJo03,00-0036264,ORACLE_STARTER_IDENTITY_ONLY,POSTGAME_ACTUAL_STARTER,False,CREDITED,2025-10-07 12:00:00+00:00,2025-09-30 12:00:00+00:00,49,1353.0,0.15375276681277442,-0.05,1353.0,0.8440424204616345,0.12197597847640909,1.0108165091242056,0.04660620134932634,0.024868013678057344,0.19029740290397096,0.3016703028462487,0.15375276681277442,False,False,False,False,False,False,False,50.0,ORACLE_IDENTITY_FROZEN_QB_ELO_FORMULA
2025,6,REG,2025_06_CLE_PIT,away,CLE,PIT,Dillon Gabriel,GabrDi00,00-0040704,ORACLE_STARTER_IDENTITY_ONLY,POSTGAME_ACTUAL_STARTER,False,CREDITED,2025-10-07 12:00:00+00:00,2025-10-07 12:00:00+00:00,3,39.0,0.0016092334561090766,-0.05,39.0,0.13494809688581316,-0.04303543216336244,-1.4940860466978467,0.07608181587420342,0.025951557093425604,-0.14412078579899654,0.0016092334561090766,0.0016092334561090766,False,True,False,False,False,False,False,3.4822839183187813,ORACLE_IDENTITY_FROZEN_QB_ELO_FORMULA
2025,6,REG,2025_06_CLE_PIT,home,PIT,CLE,Aaron Rodgers,RodgAa00,00-0023459,ORACLE_STARTER_IDENTITY_ONLY,POSTGAME_ACTUAL_STARTER,False,CREDITED,2025-10-07 12:00:00+00:00,2025-09-30 12:00:00+00:00,108,3869.0,0.1294919833905402,-0.05,3869.0,0.9393056567127943,0.11859783533333332,1.790004980819421,0.0594478638507006,0.013184440113123443,0.024942381761171025,0.052172589227158866,0.1294919833905402,False,False,False,False,False,False,False,50.0,ORACLE_IDENTITY_FROZEN_QB_ELO_FORMULA
2025,6,REG,2025_06_DAL_CAR,away,DAL,CAR,Dak Prescott,PresDa01,00-0033077,ORACLE_STARTER_IDENTITY_ONLY,POSTGAME_ACTUAL_STARTER,False,CREDITED,2025-10-07 12:00:00+00:00,2025-10-07 12:00:00+00:00,101,3862.0,0.1321401968415524,-0.05,3862.0,0.9392023346303502,0.12106649810361754,1.3879460309642109,0.05643116792290996,0.02090188021160992,0.21560741204338327,0.21914574915073268,0.1321401968415524,False,False,False,False,False,False,False,50.0,ORACLE_IDENTITY_FROZEN_QB_ELO_FORMULA
2025,6,REG,2025_06_DAL_CAR,home,CAR,DAL,Bryce Young,YounBr01,00-0039150,ORACLE_STARTER_IDENTITY_ONLY,POSTGAME_ACTUAL_STARTER,False,CREDITED,2025-10-07 12:00:00+00:00,2025-10-07 12:00:00+00:00,35,1185.0,-0.169809911666907,-0.05,1185.0,0.8257839721254355,-0.14893710475629604,-0.7772748466468042,0.08137260883125444,0.02273157886285907,-0.08114766533034691,-0.1386593346364983,-0.169809911666907,False,False,False,False,False,False,False,-49.46855237814802,ORACLE_IDENTITY_FROZEN_QB_ELO_FORMULA
2025,6,REG,2025_06_DEN_NYJ,away,DEN,NYJ,Bo Nix,NixxBo00,00-0039732,ORACLE_STARTER_IDENTITY_ONLY,POSTGAME_ACTUAL_STARTER,False,CREDITED,2025-10-07 12:00:00+00:00,2025-10-07 12:00:00+00:00,23,796.0,0.05799187684529513,-0.05,796.0,0.7609942638623327,0.03218119882299706,-0.3422704213700771,0.047960057419133235,0.023086391981904295,0.13648330748187112,0.09533355684667454,0.05799187684529513,False,False,False,False,False,False,False,41.09059941149854,ORACLE_IDENTITY_FROZEN_QB_ELO_FORMULA
2025,6,REG,2025_06_DEN_NYJ,home,NYJ,DEN,Justin Fields,FielJu00,00-0036945,ORACLE_STARTER_IDENTITY_ONLY,POSTGAME_ACTUAL_STARTER,False,CREDITED,2025-10-07 12:00:00+00:00,2025-10-07 12:00:00+00:00,55,1387.0,-0.09895335602763326,-0.05,1387.0,0.8472816127061699,-0.09147727844247242,-0.5089492848793693,0.10689980102653127,0.026005474941727846,-0.12791623050366757,0.09721076591949848,-0.09895335602763326,False,False,False,False,False,False,False,-20.738639221236205,ORACLE_IDENTITY_FROZEN_QB_ELO_FORMULA
2025,6,REG,2025_06_DET_KC,away,DET,KC,Jared Goff,GoffJa00,00-0033106,ORACLE_STARTER_IDENTITY_ONLY,POSTGAME_ACTUAL_STARTER,False,CREDITED,2025-10-07 12:00:00+00:00,2025-10-07 12:00:00+00:00,126,4637.0,0.13241501115708557,-0.05,4637.0,0.9488438714958052,0.12308336540523958,0.863379265052723,0.048628617837234586,0.020244887123515475,0.3129649394129475,0.33443535554985127,0.13241501115708557,False,False,False,False,False,False,False,50.0,ORACLE_IDENTITY_FROZEN_QB_ELO_FORMULA
2025,6,REG,2025_06_DET_KC,home,KC,DET,Patrick Mahomes,MahoPa00,00-0033873,ORACLE_STARTER_IDENTITY_ONLY,POSTGAME_ACTUAL_STARTER,False,CREDITED,2025-10-07 12:00:00+00:00,2025-10-07 12:00:00+00:00,137,5309.0,0.22689282724583926,-0.05,5309.0,0.9550278827127181,0.2144403705429323,2.830964570964876,0.04475801445275433,0.01734785686323435,0.1233011485000665,0.12472267932375936,0.22689282724583926,False,False,False,False,False,False,False,50.0,ORACLE_IDENTITY_FROZEN_QB_ELO_FORMULA
2025,6,REG,2025_06_LAC_MIA,away,LAC,MIA,Justin Herbert,HerbJu00,00-0036355,ORACLE_STARTER_IDENTITY_ONLY,POSTGAME_ACTUAL_STARTER,False,CREDITED,2025-10-07 12:00:00+00:00,2025-10-07 12:00:00+00:00,86,3373.0,0.09918216524103958,-0.05,3373.0,0.9309964118134143,0.0888880605459637,0.003736179176567947,0.057606013596561256,0.01759159548017164,-0.07763623130799063,-0.011665183900492261,0.09918216524103958,False,False,False,False,False,False,False,50.0,ORACLE_IDENTITY_FROZEN_QB_ELO_FORMULA
2025,6,REG,2025_06_LAC_MIA,home,MIA,LAC,Tua Tagovailoa,TagoTu00,00-0036212,ORACLE_STARTER_IDENTITY_ONLY,POSTGAME_ACTUAL_STARTER,False,CREDITED,2025-10-07 12:00:00+00:00,2025-10-07 12:00:00+00:00,70,2350.0,0.1411557256995514,-0.05,2350.0,0.9038461538461539,0.12277536745920993,1.9175470626349655,0.05348426863845731,0.02278059990324141,0.1692716237246032,0.11335231840297567,0.1411557256995514,False,False,False,False,False,False,False,50.0,ORACLE_IDENTITY_FROZEN_QB_ELO_FORMULA
2025,6,REG,2025_06_LA_BAL,away,LAR,BAL,Matthew Stafford,StafMa00,00-0026498,ORACLE_STARTER_IDENTITY_ONLY,POSTGAME_ACTUAL_STARTER,False,CREDITED,2025-10-07 12:00:00+00:00,2025-10-07 12:00:00+00:00,109,3984.0,0.11357602023590381,-0.05,3984.0,0.9409541804440246,0.10391754006137005,-0.3950023227913568,0.05886890001978635,0.020610553319541477,0.20752501361384118,0.2223111510607808,0.11357602023590381,False,False,False,False,False,False,False,50.0,ORACLE_IDENTITY_FROZEN_QB_ELO_FORMULA
2025,6,REG,2025_06_LA_BAL,home,BAL,LAR,Cooper Rush,RushCo00,00-0033662,ORACLE_STARTER_IDENTITY_ONLY,POSTGAME_ACTUAL_STARTER,False,CREDITED,2025-10-07 12:00:00+00:00,2025-10-07 12:00:00+00:00,34,599.0,-0.06795889484650096,-0.05,599.0,0.7055359246171967,-0.06267064548062906,-4.574855969204107,0.05152473480768083,0.024812958881734196,-0.20469361640125436,-0.4050846260152325,-0.06795889484650096,False,False,False,False,False,False,False,-6.335322740314529,ORACLE_IDENTITY_FROZEN_QB_ELO_FORMULA
2025,6,REG,2025_06_NE_NO,away,NE,NO,Drake Maye,MayeDr00,00-0039851,ORACLE_STARTER_IDENTITY_ONLY,POSTGAME_ACTUAL_STARTER,False,CREDITED,2025-10-07 12:00:00+00:00,2025-10-07 12:00:00+00:00,18,542.0,0.04148679120716768,-0.05,542.0,0.6843434343434344,0.012608384891773843,3.1161235621851118,0.08836937785661982,0.02619499475405789,0.26093656509026986,0.26795844568027005,0.04148679120716768,False,False,False,False,False,False,False,31.30419244588692,ORACLE_IDENTITY_FROZEN_QB_ELO_FORMULA
2025,6,REG,2025_06_NE_NO,home,NO,NE,Spencer Rattler,RattSp00,00-0039376,ORACLE_STARTER_IDENTITY_ONLY,POSTGAME_ACTUAL_STARTER,False,CREDITED,2025-10-07 12:00:00+00:00,2025-10-07 12:00:00+00:00,12,436.0,-0.17718770257859634,-0.05,436.0,0.6355685131195336,-0.13083649901496794,-3.240650994696256,0.0730582986064368,0.020348774430407085,-0.04321389454581876,-0.029200125274175464,-0.17718770257859634,False,False,False,False,False,False,False,-40.41824950748397,ORACLE_IDENTITY_FROZEN_QB_ELO_FORMULA
2025,6,REG,2025_06_PHI_NYG,away,PHI,NYG,Jalen Hurts,HurtJa00,00-0036389,ORACLE_STARTER_IDENTITY_ONLY,POSTGAME_ACTUAL_STARTER,False,CREDITED,2025-10-07 12:00:00+00:00,2025-10-07 12:00:00+00:00,90,2522.0,0.08992242871473005,-0.05,2522.0,0.9098124098124099,0.07730316205575369,2.440949925966808,0.07281384921847689,0.01907757338348598,0.03251444056411073,-0.027884173634919362,0.08992242871473005,False,False,False,False,False,False,False,50.0,ORACLE_IDENTITY_FROZEN_QB_ELO_FORMULA
2025,6,REG,2025_06_PHI_NYG,home,NYG,PHI,Jaxson Dart,DartJa00,00-0040691,ORACLE_STARTER_IDENTITY_ONLY,POSTGAME_ACTUAL_STARTER,False,CREDITED,2025-10-07 12:00:00+00:00,2025-10-07 12:00:00+00:00,4,66.0,-0.26616012101115627,-0.05,66.0,0.2088607594936709,-0.0951473670466339,-1.0540256684040148,0.08061129978388393,0.030696202531645567,-0.2540626284922843,-0.26616012101115627,-0.26616012101115627,False,True,False,False,False,False,False,-22.573683523316948,ORACLE_IDENTITY_FROZEN_QB_ELO_FORMULA
2025,6,REG,2025_06_SEA_JAX,away,SEA,JAX,Sam Darnold,DarnSa00,00-0034869,ORACLE_STARTER_IDENTITY_ONLY,POSTGAME_ACTUAL_STARTER,False,CREDITED,2025-10-07 12:00:00+00:00,2025-10-07 12:00:00+00:00,89,2742.0,-0.02939517637768248,-0.05,2742.0,0.9164438502673797,-0.031116836105483076,-0.09385819226435291,0.07552301382492918,0.02858729999365898,0.3359451585005906,0.33895101990457976,-0.02939517637768248,False,False,False,False,False,False,False,9.441581947258463,ORACLE_IDENTITY_FROZEN_QB_ELO_FORMULA
2025,6,REG,2025_06_SEA_JAX,home,JAX,SEA,Trevor Lawrence,LawrTr00,00-0036971,ORACLE_STARTER_IDENTITY_ONLY,POSTGAME_ACTUAL_STARTER,False,CREDITED,2025-10-07 12:00:00+00:00,2025-10-07 12:00:00+00:00,67,2411.0,0.014629432370572262,-0.05,2411.0,0.9060503570086433,0.008557520272622968,-1.2728702750051828,0.051794816627898,0.024984858880166227,-0.02871967469907444,0.0117065640160745,0.014629432370572262,False,False,False,False,False,False,False,29.278760136311483,ORACLE_IDENTITY_FROZEN_QB_ELO_FORMULA
2025,6,REG,2025_06_SF_TB,away,SF,TB,Mac Jones,JoneMa05,00-0036972,ORACLE_STARTER_IDENTITY_ONLY,POSTGAME_ACTUAL_STARTER,False,CREDITED,2025-10-07 12:00:00+00:00,2025-10-07 12:00:00+00:00,56,1843.0,-0.003833389336169529,-0.05,1843.0,0.8805542283803154,-0.00934779576997632,-0.07882789083550867,0.0582691510378789,0.027409538222784448,0.13454929119910353,0.13708777989902152,-0.003833389336169529,False,False,False,False,False,False,False,20.326102115011842,ORACLE_IDENTITY_FROZEN_QB_ELO_FORMULA
2025,6,REG,2025_06_SF_TB,home,TB,SF,Baker Mayfield,MayfBa00,00-0034855,ORACLE_STARTER_IDENTITY_ONLY,POSTGAME_ACTUAL_STARTER,False,CREDITED,2025-10-07 12:00:00+00:00,2025-10-07 12:00:00+00:00,116,4002.0,0.08316512452240463,-0.05,4002.0,0.9412041392285984,0.07533556640137895,-0.28396781493539636,0.06538567143569425,0.025464167569053717,0.3303728952522262,0.192087321885037,0.08316512452240463,False,False,False,False,False,False,False,50.0,ORACLE_IDENTITY_FROZEN_QB_ELO_FORMULA
2025,6,REG,2025_06_TEN_LV,away,TEN,LV,Cam Ward,WardCa00,00-0040676,ORACLE_STARTER_IDENTITY_ONLY,POSTGAME_ACTUAL_STARTER,False,CREDITED,2025-10-07 12:00:00+00:00,2025-10-07 12:00:00+00:00,5,183.0,-0.256731650444072,-0.05,183.0,0.4226327944572748,-0.13737157512994266,-4.638094814535849,0.08912760879684861,0.025052103869768493,-0.2533356491896723,-0.256731650444072,-0.256731650444072,False,False,False,False,False,False,False,-43.68578756497133,ORACLE_IDENTITY_FROZEN_QB_ELO_FORMULA
2025,6,REG,2025_06_TEN_LV,home,LV,TEN,Geno Smith,SmitGe00,00-0030565,ORACLE_STARTER_IDENTITY_ONLY,POSTGAME_ACTUAL_STARTER,False,CREDITED,2025-10-07 12:00:00+00:00,2025-10-07 12:00:00+00:00,64,2112.0,0.0334619616587908,-0.05,2112.0,0.8941574936494496,0.02462813845189084,3.7960329971493505,0.0746698792022735,0.02425740984345074,-0.12439513321544766,-0.10538337671506762,0.0334619616587908,False,False,False,False,False,False,False,37.31406922594542,ORACLE_IDENTITY_FROZEN_QB_ELO_FORMULA
2025,7,REG,2025_07_ATL_SF,away,ATL,SF,Michael Penix,PeniMi00,00-0039917,ORACLE_STARTER_IDENTITY_ONLY,POSTGAME_ACTUAL_STARTER,False,CREDITED,2025-10-14 12:00:00+00:00,2025-10-14 12:00:00+00:00,10,273.0,0.07274613068189188,-0.05,273.0,0.5219885277246654,0.014072072038540124,-2.9040154635019135,0.0583898960132183,0.026294279917679856,0.07727911878323879,0.03167336466593154,0.07274613068189188,False,False,False,False,False,False,False,32.036036019270064,ORACLE_IDENTITY_FROZEN_QB_ELO_FORMULA
2025,7,REG,2025_07_ATL_SF,home,SF,ATL,Mac Jones,JoneMa05,00-0036972,ORACLE_STARTER_IDENTITY_ONLY,POSTGAME_ACTUAL_STARTER,False,CREDITED,2025-10-14 12:00:00+00:00,2025-10-14 12:00:00+00:00,57,1888.0,-0.005909558591049473,-0.05,1888.0,0.883068288119738,-0.011065129382554448,0.061729009748078295,0.059719891812942516,0.027871884981333063,0.06893610507354349,0.08242586206069277,-0.005909558591049473,False,False,False,False,False,False,False,19.467435308722777,ORACLE_IDENTITY_FROZEN_QB_ELO_FORMULA
2025,7,REG,2025_07_CAR_NYJ,away,CAR,NYJ,Bryce Young,YounBr01,00-0039150,ORACLE_STARTER_IDENTITY_ONLY,POSTGAME_ACTUAL_STARTER,False,CREDITED,2025-10-14 12:00:00+00:00,2025-10-14 12:00:00+00:00,36,1211.0,-0.164078419901933,-0.05,1211.0,0.8288843258042436,-0.14455781416922717,-0.5072536411395389,0.08057126801752507,0.023055293486504987,-0.038384053829314674,-0.11060309627790078,-0.164078419901933,False,False,False,False,False,False,False,-47.27890708461358,ORACLE_IDENTITY_FROZEN_QB_ELO_FORMULA
2025,7,REG,2025_07_CAR_NYJ,home,NYJ,CAR,Justin Fields,FielJu00,00-0036945,ORACLE_STARTER_IDENTITY_ONLY,POSTGAME_ACTUAL_STARTER,False,CREDITED,2025-10-14 12:00:00+00:00,2025-10-14 12:00:00+00:00,56,1413.0,-0.10849996793109296,-0.05,1413.0,0.8496692723992784,-0.09970562518739286,-0.6742944529391599,0.10969953239318267,0.025700386385043072,-0.2777054960697302,-0.026376459032547192,-0.10849996793109296,False,False,False,False,False,False,False,-24.852812593696427,ORACLE_IDENTITY_FROZEN_QB_ELO_FORMULA
2025,7,REG,2025_07_GB_ARI,away,GB,ARI,Jordan Love,LoveJo03,00-0036264,ORACLE_STARTER_IDENTITY_ONLY,POSTGAME_ACTUAL_STARTER,False,CREDITED,2025-10-14 12:00:00+00:00,2025-10-14 12:00:00+00:00,50,1380.0,0.15608717801432945,-0.05,1380.0,0.8466257668711656,0.12447871512869609,1.104028676512797,0.04644740034365381,0.0250944376896875,0.2151789107818054,0.2965018380271018,0.15608717801432945,False,False,False,False,False,False,False,50.0,ORACLE_IDENTITY_FROZEN_QB_ELO_FORMULA
2025,7,REG,2025_07_GB_ARI,home,ARI,GB,Jacoby Brissett,BrisJa00,00-0033119,ORACLE_STARTER_IDENTITY_ONLY,POSTGAME_ACTUAL_STARTER,False,CREDITED,2025-10-14 12:00:00+00:00,2025-10-14 12:00:00+00:00,67,1374.0,-0.005373961376573962,-0.05,1374.0,0.8460591133004927,-0.01224373333215063,-0.8143173296577692,0.06702581856297382,0.0164973717175288,-0.36816988221150226,0.1157082466562025,-0.005373961376573962,False,False,False,False,False,False,False,18.878133333924684,ORACLE_IDENTITY_FROZEN_QB_ELO_FORMULA
2025,7,REG,2025_07_HOU_SEA,away,HOU,SEA,C.J. Stroud,StroCJ00,00-0039163,ORACLE_STARTER_IDENTITY_ONLY,POSTGAME_ACTUAL_STARTER,False,CREDITED,2025-10-14 12:00:00+00:00,2025-10-07 12:00:00+00:00,41,1403.0,0.06262217379694919,-0.05,1403.0,0.8487598306110102,0.04558917715494235,-0.2829461643437137,0.07786710381286127,0.018354225579988462,0.22008456976220214,0.09049011195628552,0.06262217379694919,False,False,False,False,False,False,False,47.79458857747118,ORACLE_IDENTITY_FROZEN_QB_ELO_FORMULA
2025,7,REG,2025_07_HOU_SEA,home,SEA,HOU,Sam Darnold,DarnSa00,00-0034869,ORACLE_STARTER_IDENTITY_ONLY,POSTGAME_ACTUAL_STARTER,False,CREDITED,2025-10-14 12:00:00+00:00,2025-10-14 12:00:00+00:00,90,2770.0,-0.025117500654837307,-0.05,2770.0,0.9172185430463576,-0.02717731020327793,-0.02132755082401845,0.07513777876728571,0.028310481291455476,0.3486755000943086,0.34514323853449824,-0.025117500654837307,False,False,False,False,False,False,False,11.411344898361037,ORACLE_IDENTITY_FROZEN_QB_ELO_FORMULA
2025,7,REG,2025_07_IND_LAC,away,IND,LAC,Daniel Jones,JoneDa05,00-0035710,ORACLE_STARTER_IDENTITY_ONLY,POSTGAME_ACTUAL_STARTER,False,CREDITED,2025-10-14 12:00:00+00:00,2025-10-14 12:00:00+00:00,78,2704.0,-0.02792874339033048,-0.05,2704.0,0.9153689911983751,-0.02979665610272634,-0.13779703230489465,0.0784169229627165,0.021340307046617064,0.22397595693156863,0.29469959642943844,-0.02792874339033048,False,False,False,False,False,False,False,10.101671948636833,ORACLE_IDENTITY_FROZEN_QB_ELO_FORMULA
2025,7,REG,2025_07_IND_LAC,home,LAC,IND,Justin Herbert,HerbJu00,00-0036355,ORACLE_STARTER_IDENTITY_ONLY,POSTGAME_ACTUAL_STARTER,False,CREDITED,2025-10-14 12:00:00+00:00,2025-10-14 12:00:00+00:00,87,3412.0,0.10183955307186257,-0.05,3412.0,0.9317312943746586,0.09147366332091618,0.10041132478878254,0.057254802793841715,0.01739831252152894,0.01746084603643376,0.047413593502914,0.10183955307186257,False,False,False,False,False,False,False,50.0,ORACLE_IDENTITY_FROZEN_QB_ELO_FORMULA
2025,7,REG,2025_07_LA_JAX,away,LAR,JAX,Matthew Stafford,StafMa00,00-0026498,ORACLE_STARTER_IDENTITY_ONLY,POSTGAME_ACTUAL_STARTER,False,CREDITED,2025-10-14 12:00:00+00:00,2025-10-14 12:00:00+00:00,110,4012.0,0.11302934389698353,-0.05,4012.0,0.9413420929141249,0.10346638379040309,-0.38788598361758103,0.05895028679863873,0.020476772464050108,0.16558241108112987,0.19891796181746013,0.11302934389698353,False,False,False,False,False,False,False,50.0,ORACLE_IDENTITY_FROZEN_QB_ELO_FORMULA
2025,7,REG,2025_07_LA_JAX,home,JAX,LAR,Trevor Lawrence,LawrTr00,00-0036971,ORACLE_STARTER_IDENTITY_ONLY,POSTGAME_ACTUAL_STARTER,False,CREDITED,2025-10-14 12:00:00+00:00,2025-10-14 12:00:00+00:00,68,2460.0,0.014223589859555717,-0.05,2460.0,0.9077490774907749,0.00829890444815759,-1.2870861512314664,0.053279171401004556,0.024575313320700773,-0.028258037844180052,0.007804865332232499,0.014223589859555717,False,False,False,False,False,False,False,29.149452224078797,ORACLE_IDENTITY_FROZEN_QB_ELO_FORMULA
2025,7,REG,2025_07_LV_KC,away,LV,KC,Geno Smith,SmitGe00,00-0030565,ORACLE_STARTER_IDENTITY_ONLY,POSTGAME_ACTUAL_STARTER,False,CREDITED,2025-10-14 12:00:00+00:00,2025-10-14 12:00:00+00:00,65,2137.0,0.03333748325350072,-0.05,2137.0,0.8952660242982824,0.02460921730738628,3.7852522346566997,0.07472542043847773,0.024457876992439204,-0.08715721890820437,-0.08953607600457926,0.03333748325350072,False,False,False,False,False,False,False,37.304608653693144,ORACLE_IDENTITY_FROZEN_QB_ELO_FORMULA
2025,7,REG,2025_07_LV_KC,home,KC,LV,Patrick Mahomes,MahoPa00,00-0033873,ORACLE_STARTER_IDENTITY_ONLY,POSTGAME_ACTUAL_STARTER,False,CREDITED,2025-10-14 12:00:00+00:00,2025-10-14 12:00:00+00:00,138,5342.0,0.22833289574606985,-0.05,5342.0,0.9552932761087267,0.21588954382609174,2.858142252269126,0.04501667612664275,0.017250278611182116,0.22411401955418073,0.17362039792863893,0.22833289574606985,False,False,False,False,False,False,False,50.0,ORACLE_IDENTITY_FROZEN_QB_ELO_FORMULA
2025,7,REG,2025_07_MIA_CLE,away,MIA,CLE,Tua Tagovailoa,TagoTu00,00-0036212,ORACLE_STARTER_IDENTITY_ONLY,POSTGAME_ACTUAL_STARTER,False,CREDITED,2025-10-14 12:00:00+00:00,2025-10-14 12:00:00+00:00,71,2384.0,0.13914137326333645,-0.05,2384.0,0.9050873196659074,0.12118945856484209,1.9192392045933797,0.05355252443221503,0.023690843927572463,0.11420206480787984,0.09324957792230004,0.13914137326333645,False,False,False,False,False,False,False,50.0,ORACLE_IDENTITY_FROZEN_QB_ELO_FORMULA
2025,7,REG,2025_07_MIA_CLE,home,CLE,MIA,Dillon Gabriel,GabrDi00,00-0040704,ORACLE_STARTER_IDENTITY_ONLY,POSTGAME_ACTUAL_STARTER,False,CREDITED,2025-10-14 12:00:00+00:00,2025-10-14 12:00:00+00:00,4,97.0,-0.1391287539792546,-0.05,97.0,0.27953890489913547,-0.07491495428238529,-2.93193593925443,0.08045550591466377,0.021613832853025934,-0.17891793660678115,-0.1391287539792546,-0.1391287539792546,False,True,False,False,False,False,False,-12.457477141192642,ORACLE_IDENTITY_FROZEN_QB_ELO_FORMULA
2025,7,REG,2025_07_NE_TEN,away,NE,TEN,Drake Maye,MayeDr00,00-0039851,ORACLE_STARTER_IDENTITY_ONLY,POSTGAME_ACTUAL_STARTER,False,CREDITED,2025-10-14 12:00:00+00:00,2025-10-14 12:00:00+00:00,19,569.0,0.07182197574661231,-0.05,569.0,0.6947496947496947,0.034635780463763616,3.380708493789996,0.08656826148860902,0.025283227410886983,0.3717429990435983,0.32267926909139977,0.07182197574661231,False,False,False,False,False,False,False,42.31789023188181,ORACLE_IDENTITY_FROZEN_QB_ELO_FORMULA
2025,7,REG,2025_07_NE_TEN,home,TEN,NE,Cam Ward,WardCa00,00-0040676,ORACLE_STARTER_IDENTITY_ONLY,POSTGAME_ACTUAL_STARTER,False,CREDITED,2025-10-14 12:00:00+00:00,2025-10-14 12:00:00+00:00,6,227.0,-0.2712019616616783,-0.05,227.0,0.4758909853249476,-0.1552680194909874,-3.739534776665515,0.09339027520876064,0.025146854308072317,-0.2777623615179251,-0.2712019616616783,-0.2712019616616783,False,False,False,False,False,False,False,-50.0,ORACLE_IDENTITY_FROZEN_QB_ELO_FORMULA
2025,7,REG,2025_07_NO_CHI,away,NO,CHI,Spencer Rattler,RattSp00,00-0039376,ORACLE_STARTER_IDENTITY_ONLY,POSTGAME_ACTUAL_STARTER,False,CREDITED,2025-10-14 12:00:00+00:00,2025-10-14 12:00:00+00:00,13,464.0,-0.15808610835806258,-0.05,464.0,0.6498599439775911,-0.12024083232232638,-2.8567797563303508,0.07299435718297614,0.0195509758427733,0.0210171906537445,-0.007598597692229158,-0.15808610835806258,False,False,False,False,False,False,False,-35.12041616116319,ORACLE_IDENTITY_FROZEN_QB_ELO_FORMULA
2025,7,REG,2025_07_NO_CHI,home,CHI,NO,Caleb Williams,WillCa03,00-0039918,ORACLE_STARTER_IDENTITY_ONLY,POSTGAME_ACTUAL_STARTER,False,CREDITED,2025-10-14 12:00:00+00:00,2025-10-14 12:00:00+00:00,22,799.0,-0.030468779551559,-0.05,799.0,0.7616777883698761,-0.035123503204666964,-1.2595381758742592,0.09032374412757498,0.015601014902244921,0.11236548631932061,0.077952351328884,-0.030468779551559,False,False,False,False,False,False,False,7.438248397666519,ORACLE_IDENTITY_FROZEN_QB_ELO_FORMULA
2025,7,REG,2025_07_NYG_DEN,away,NYG,DEN,Jaxson Dart,DartJa00,00-0040691,ORACLE_STARTER_IDENTITY_ONLY,POSTGAME_ACTUAL_STARTER,False,CREDITED,2025-10-14 12:00:00+00:00,2025-10-14 12:00:00+00:00,5,93.0,-0.10575809918698656,-0.05,93.0,0.27113702623906705,-0.06511808520230247,-0.616552892031828,0.08008759833782525,0.02824558394786486,-0.023459652629233458,-0.10575809918698656,-0.10575809918698656,False,True,False,False,False,False,False,-7.559042601151235,ORACLE_IDENTITY_FROZEN_QB_ELO_FORMULA
2025,7,REG,2025_07_NYG_DEN,home,DEN,NYG,Bo Nix,NixxBo00,00-0039732,ORACLE_STARTER_IDENTITY_ONLY,POSTGAME_ACTUAL_STARTER,False,CREDITED,2025-10-14 12:00:00+00:00,2025-10-14 12:00:00+00:00,24,827.0,0.062020384260790665,-0.05,827.0,0.7678737233054782,0.03601750954844371,-0.2303548787781079,0.047507009898852134,0.022417850656669177,0.1401276633301256,0.1054423577946239,0.062020384260790665,False,False,False,False,False,False,False,43.008754774221856,ORACLE_IDENTITY_FROZEN_QB_ELO_FORMULA
2025,7,REG,2025_07_PHI_MIN,away,PHI,MIN,Jalen Hurts,HurtJa00,00-0036389,ORACLE_STARTER_IDENTITY_ONLY,POSTGAME_ACTUAL_STARTER,False,CREDITED,2025-10-14 12:00:00+00:00,2025-10-14 12:00:00+00:00,91,2558.0,0.08950587199925109,-0.05,2558.0,0.9109686609686609,0.07708547741242316,2.526994559825475,0.07294736587732305,0.01922001174747267,0.04597511443207538,-0.011014242634921036,0.08950587199925109,False,False,False,False,False,False,False,50.0,ORACLE_IDENTITY_FROZEN_QB_ELO_FORMULA
2025,7,REG,2025_07_PHI_MIN,home,MIN,PHI,Carson Wentz,WentCa00,00-0032950,ORACLE_STARTER_IDENTITY_ONLY,POSTGAME_ACTUAL_STARTER,False,CREDITED,2025-10-14 12:00:00+00:00,2025-10-07 12:00:00+00:00,71,2579.0,0.0011306724718254777,-0.05,2579.0,0.9116295510781195,-0.003387768008187378,-0.6326394454738933,0.07404438759126937,0.021006070871913852,0.20017542731317406,0.19014156380104644,0.0011306724718254777,False,False,False,False,False,False,False,23.30611599590631,ORACLE_IDENTITY_FROZEN_QB_ELO_FORMULA
2025,7,REG,2025_07_PIT_CIN,away,PIT,CIN,Aaron Rodgers,RodgAa00,00-0023459,ORACLE_STARTER_IDENTITY_ONLY,POSTGAME_ACTUAL_STARTER,False,CREDITED,2025-10-14 12:00:00+00:00,2025-10-14 12:00:00+00:00,109,3899.0,0.13105032542357994,-0.05,3899.0,0.9397445167510243,0.12014105057279782,1.8390990376067677,0.05899142905798166,0.013083573615834437,0.09524134850295587,0.11039014038700072,0.13105032542357994,False,False,False,False,False,False,False,50.0,ORACLE_IDENTITY_FROZEN_QB_ELO_FORMULA
2025,7,REG,2025_07_PIT_CIN,home,CIN,PIT,Joe Flacco,FlacJo00,00-0026158,ORACLE_STARTER_IDENTITY_ONLY,POSTGAME_ACTUAL_STARTER,False,CREDITED,2025-10-14 12:00:00+00:00,2025-10-14 12:00:00+00:00,47,1812.0,-0.04896860025299995,-0.05,1812.0,0.8787584869059166,-0.049093648718931085,-1.4001569228913986,0.05724246990020712,0.02418098558933721,-0.187593314605089,-0.23214991777982208,-0.04896860025299995,False,False,False,False,False,False,False,0.4531756405344589,ORACLE_IDENTITY_FROZEN_QB_ELO_FORMULA
2025,7,REG,2025_07_TB_DET,away,TB,DET,Baker Mayfield,MayfBa00,00-0034855,ORACLE_STARTER_IDENTITY_ONLY,POSTGAME_ACTUAL_STARTER,False,CREDITED,2025-10-14 12:00:00+00:00,2025-10-14 12:00:00+00:00,117,4026.0,0.08573484754857477,-0.05,4026.0,0.941534144059869,0.07779899350574415,-0.2392701218831988,0.06524905858182732,0.025317396748924827,0.3668488493949343,0.22873690725403445,0.08573484754857477,False,False,False,False,False,False,False,50.0,ORACLE_IDENTITY_FROZEN_QB_ELO_FORMULA
2025,7,REG,2025_07_TB_DET,home,DET,TB,Jared Goff,GoffJa00,00-0033106,ORACLE_STARTER_IDENTITY_ONLY,POSTGAME_ACTUAL_STARTER,False,CREDITED,2025-10-14 12:00:00+00:00,2025-10-14 12:00:00+00:00,127,4667.0,0.13301157597241065,-0.05,4667.0,0.9491559894244458,0.12370653346822055,0.9459315184872763,0.048533980620173105,0.020119459267936922,0.27995465397056796,0.31599141507553286,0.13301157597241065,False,False,False,False,False,False,False,50.0,ORACLE_IDENTITY_FROZEN_QB_ELO_FORMULA
2025,7,REG,2025_07_WAS_DAL,away,WAS,DAL,Jayden Daniels,DaniJa02,00-0039910,ORACLE_STARTER_IDENTITY_ONLY,POSTGAME_ACTUAL_STARTER,False,CREDITED,2025-10-14 12:00:00+00:00,2025-10-14 12:00:00+00:00,24,780.0,0.14180396631766137,-0.05,780.0,0.7572815533980582,0.09524960556094744,1.7325045183517593,0.07725594624824145,0.01888335992644076,0.17301957143080926,0.0978687346421636,0.14180396631766137,False,False,False,False,False,False,False,50.0,ORACLE_IDENTITY_FROZEN_QB_ELO_FORMULA
2025,7,REG,2025_07_WAS_DAL,home,DAL,WAS,Dak Prescott,PresDa01,00-0033077,ORACLE_STARTER_IDENTITY_ONLY,POSTGAME_ACTUAL_STARTER,False,CREDITED,2025-10-14 12:00:00+00:00,2025-10-14 12:00:00+00:00,102,3896.0,0.13574438011016401,-0.05,3896.0,0.9397009165460685,0.12454416423280244,1.4377539589776736,0.05594157688923213,0.02072054928480072,0.3213735727973273,0.26409943081087556,0.13574438011016401,False,False,False,False,False,False,False,50.0,ORACLE_IDENTITY_FROZEN_QB_ELO_FORMULA
2025,8,REG,2025_08_BUF_CAR,away,BUF,CAR,Josh Allen,AlleJo02,00-0034857,ORACLE_STARTER_IDENTITY_ONLY,POSTGAME_ACTUAL_STARTER,False,CREDITED,2025-10-21 12:00:00+00:00,2025-10-14 12:00:00+00:00,129,4494.0,0.14006843894047627,-0.05,4494.0,0.9473018549747049,0.1300521847804596,1.7725839280242135,0.05074454110745229,0.022015122699568433,0.09485845664522213,0.1693122892885462,0.14006843894047627,False,False,False,False,False,False,False,50.0,ORACLE_IDENTITY_FROZEN_QB_ELO_FORMULA
2025,8,REG,2025_08_BUF_CAR,home,CAR,BUF,Andy Dalton,DaltAn00,00-0027973,ORACLE_STARTER_IDENTITY_ONLY,POSTGAME_ACTUAL_STARTER,False,CREDITED,2025-10-21 12:00:00+00:00,2025-10-21 12:00:00+00:00,68,2207.0,-0.0033930561006745618,-0.05,2207.0,0.8982498982498982,-0.008135317384692212,-1.8717861423965392,0.06174601665577842,0.027774977316261724,0.08021145441301675,0.5798879058801014,-0.0033930561006745618,False,False,False,False,False,False,False,20.932341307653896,ORACLE_IDENTITY_FROZEN_QB_ELO_FORMULA
2025,8,REG,2025_08_CHI_BAL,away,CHI,BAL,Caleb Williams,WillCa03,00-0039918,ORACLE_STARTER_IDENTITY_ONLY,POSTGAME_ACTUAL_STARTER,False,CREDITED,2025-10-21 12:00:00+00:00,2025-10-21 12:00:00+00:00,23,826.0,-0.026636945127326287,-0.05,826.0,0.7676579925650557,-0.03206516419625606,-1.3120220899671786,0.08889472295854883,0.016219151699735746,0.09549143080650761,0.07818711301542627,-0.026636945127326287,False,False,False,False,False,False,False,8.967417901871972,ORACLE_IDENTITY_FROZEN_QB_ELO_FORMULA
2025,8,REG,2025_08_CHI_BAL,home,BAL,CHI,Tyler Huntley,HuntTy01,00-0035993,ORACLE_STARTER_IDENTITY_ONLY,POSTGAME_ACTUAL_STARTER,False,CREDITED,2025-10-21 12:00:00+00:00,2025-10-14 12:00:00+00:00,27,583.0,-0.11260319602761573,-0.05,583.0,0.6998799519807923,-0.09381472182965182,-0.1109906029007024,0.08362612406890733,0.023474803455216672,-0.024879594262778096,-0.38188232917730747,-0.11260319602761573,False,False,False,False,False,False,False,-21.90736091482591,ORACLE_IDENTITY_FROZEN_QB_ELO_FORMULA
2025,8,REG,2025_08_CLE_NE,away,CLE,NE,Dillon Gabriel,GabrDi00,00-0040704,ORACLE_STARTER_IDENTITY_ONLY,POSTGAME_ACTUAL_STARTER,False,CREDITED,2025-10-21 12:00:00+00:00,2025-10-21 12:00:00+00:00,5,117.0,-0.10857605725383072,-0.05,117.0,0.3188010899182561,-0.06867411089563541,-2.766404980690652,0.08150469535189078,0.020435967302452316,-0.1063437423934896,-0.10857605725383072,-0.10857605725383072,False,False,False,False,False,False,False,-9.337055447817704,ORACLE_IDENTITY_FROZEN_QB_ELO_FORMULA
2025,8,REG,2025_08_CLE_NE,home,NE,CLE,Drake Maye,MayeDr00,00-0039851,ORACLE_STARTER_IDENTITY_ONLY,POSTGAME_ACTUAL_STARTER,False,CREDITED,2025-10-21 12:00:00+00:00,2025-10-21 12:00:00+00:00,20,596.0,0.08414029388863667,-0.05,596.0,0.7044917257683215,0.04450072713667548,4.025760553215265,0.08842154397953775,0.024520619910690832,0.39519623923228986,0.3270464673575534,0.08414029388863667,False,False,False,False,False,False,False,47.25036356833774,ORACLE_IDENTITY_FROZEN_QB_ELO_FORMULA
2025,8,REG,2025_08_DAL_DEN,away,DAL,DEN,Dak Prescott,PresDa01,00-0033077,ORACLE_STARTER_IDENTITY_ONLY,POSTGAME_ACTUAL_STARTER,False,CREDITED,2025-10-21 12:00:00+00:00,2025-10-21 12:00:00+00:00,103,3927.0,0.1365236587873579,-0.05,3927.0,0.9401484318889155,0.12535992531911766,1.4298889932848908,0.05576167096044581,0.020563009670734676,0.30484907047891,0.2603856645380432,0.1365236587873579,False,False,False,False,False,False,False,50.0,ORACLE_IDENTITY_FROZEN_QB_ELO_FORMULA
2025,8,REG,2025_08_DAL_DEN,home,DEN,DAL,Bo Nix,NixxBo00,00-0039732,ORACLE_STARTER_IDENTITY_ONLY,POSTGAME_ACTUAL_STARTER,False,CREDITED,2025-10-21 12:00:00+00:00,2025-10-21 12:00:00+00:00,25,879.0,0.056749664085521914,-0.05,879.0,0.7785651018600531,0.03311156309227082,-0.7204363530878799,0.04709039757062959,0.021385108044507103,0.07268466185679519,0.0795640092602733,0.056749664085521914,False,False,False,False,False,False,False,41.555781546135414,ORACLE_IDENTITY_FROZEN_QB_ELO_FORMULA
2025,8,REG,2025_08_GB_PIT,away,GB,PIT,Jordan Love,LoveJo03,00-0036264,ORACLE_STARTER_IDENTITY_ONLY,POSTGAME_ACTUAL_STARTER,False,CREDITED,2025-10-21 12:00:00+00:00,2025-10-21 12:00:00+00:00,51,1410.0,0.1570752717510277,-0.05,1410.0,0.8493975903614458,0.1258892368487645,1.0287612994313586,0.046209269736682206,0.024637038160042094,0.21689943942359896,0.28095007381067544,0.1570752717510277,False,False,False,False,False,False,False,50.0,ORACLE_IDENTITY_FROZEN_QB_ELO_FORMULA
2025,8,REG,2025_08_GB_PIT,home,PIT,GB,Aaron Rodgers,RodgAa00,00-0023459,ORACLE_STARTER_IDENTITY_ONLY,POSTGAME_ACTUAL_STARTER,False,CREDITED,2025-10-21 12:00:00+00:00,2025-10-21 12:00:00+00:00,110,3933.0,0.1334432464827287,-0.05,3933.0,0.940234281616065,0.12247962907400717,1.8652805451703052,0.05848256772157687,0.013479212284924965,0.17841819078026552,0.16596367021928704,0.1334432464827287,False,False,False,False,False,False,False,50.0,ORACLE_IDENTITY_FROZEN_QB_ELO_FORMULA
2025,8,REG,2025_08_MIA_ATL,away,MIA,ATL,Tua Tagovailoa,TagoTu00,00-0036212,ORACLE_STARTER_IDENTITY_ONLY,POSTGAME_ACTUAL_STARTER,False,CREDITED,2025-10-21 12:00:00+00:00,2025-10-21 12:00:00+00:00,72,2409.0,0.12826441885749693,-0.05,2409.0,0.9059796916133885,0.11150394322215498,1.7877220675779761,0.05379338918840025,0.024665801289623934,-0.16964526225509727,-0.022627601135631944,0.12826441885749693,False,False,False,False,False,False,False,50.0,ORACLE_IDENTITY_FROZEN_QB_ELO_FORMULA
2025,8,REG,2025_08_MIA_ATL,home,ATL,MIA,Kirk Cousins,CousKi00,00-0029604,ORACLE_STARTER_IDENTITY_ONLY,POSTGAME_ACTUAL_STARTER,False,CREDITED,2025-10-21 12:00:00+00:00,2025-09-23 12:00:00+00:00,106,3874.0,0.08822883332616786,-0.05,3874.0,0.9393792434529583,0.07984929687332064,2.444290805194824,0.06005551893677572,0.02039975058888735,-0.2193608372778177,-0.4347821690607816,0.08822883332616786,False,False,False,False,False,False,False,50.0,ORACLE_IDENTITY_FROZEN_QB_ELO_FORMULA
2025,8,REG,2025_08_MIN_LAC,away,MIN,LAC,Carson Wentz,WentCa00,00-0032950,ORACLE_STARTER_IDENTITY_ONLY,POSTGAME_ACTUAL_STARTER,False,CREDITED,2025-10-21 12:00:00+00:00,2025-10-21 12:00:00+00:00,72,2623.0,0.00021518939996516758,-0.05,2623.0,0.9129829446571528,-0.0041543885151031565,-0.6311776977241301,0.0735927808437008,0.02142714283623663,0.12814625702239052,0.11859635698301552,0.00021518939996516758,False,False,False,False,False,False,False,22.922805742448425,ORACLE_IDENTITY_FROZEN_QB_ELO_FORMULA
2025,8,REG,2025_08_MIN_LAC,home,LAC,MIN,Justin Herbert,HerbJu00,00-0036355,ORACLE_STARTER_IDENTITY_ONLY,POSTGAME_ACTUAL_STARTER,False,CREDITED,2025-10-21 12:00:00+00:00,2025-10-21 12:00:00+00:00,88,3470.0,0.10181417472964453,-0.05,3470.0,0.9327956989247311,0.09161160922362004,0.1428057338304916,0.05716823104259434,0.017695763335699454,0.02763280386380604,0.05815303940902002,0.10181417472964453,False,False,False,False,False,False,False,50.0,ORACLE_IDENTITY_FROZEN_QB_ELO_FORMULA
2025,8,REG,2025_08_NYG_PHI,away,NYG,PHI,Jaxson Dart,DartJa00,00-0040691,ORACLE_STARTER_IDENTITY_ONLY,POSTGAME_ACTUAL_STARTER,False,CREDITED,2025-10-21 12:00:00+00:00,2025-10-21 12:00:00+00:00,6,130.0,-0.012864279441039026,-0.05,130.0,0.34210526315789475,-0.03729567454561862,-2.1801061945762696,0.08276881785943818,0.028434433541480824,0.0679204006333503,-0.012864279441039026,-0.012864279441039026,False,False,False,False,False,False,False,6.3521627271906915,ORACLE_IDENTITY_FROZEN_QB_ELO_FORMULA
2025,8,REG,2025_08_NYG_PHI,home,PHI,NYG,Jalen Hurts,HurtJa00,00-0036389,ORACLE_STARTER_IDENTITY_ONLY,POSTGAME_ACTUAL_STARTER,False,CREDITED,2025-10-21 12:00:00+00:00,2025-10-21 12:00:00+00:00,92,2584.0,0.09564248279377294,-0.05,2584.0,0.9117854622441779,0.08279469849650999,2.662235762644464,0.07331945613568348,0.01905094444920171,0.22165775941948793,0.0760547954958133,0.09564248279377294,False,False,False,False,False,False,False,50.0,ORACLE_IDENTITY_FROZEN_QB_ELO_FORMULA
2025,8,REG,2025_08_NYJ_CIN,away,NYJ,CIN,Justin Fields,FielJu00,00-0036945,ORACLE_STARTER_IDENTITY_ONLY,POSTGAME_ACTUAL_STARTER,False,CREDITED,2025-10-21 12:00:00+00:00,2025-10-21 12:00:00+00:00,57,1428.0,-0.11334899700658586,-0.05,1428.0,0.8510131108462455,-0.10391082701156412,-0.793950094377303,0.11043853775036931,0.025490647659659336,-0.3751999600581282,-0.07875433752533341,-0.11334899700658586,False,False,False,False,False,False,False,-26.955413505782058,ORACLE_IDENTITY_FROZEN_QB_ELO_FORMULA
2025,8,REG,2025_08_NYJ_CIN,home,CIN,NYJ,Joe Flacco,FlacJo00,00-0026158,ORACLE_STARTER_IDENTITY_ONLY,POSTGAME_ACTUAL_STARTER,False,CREDITED,2025-10-21 12:00:00+00:00,2025-10-21 12:00:00+00:00,48,1861.0,-0.03939666741395407,-0.05,1861.0,0.881572714353387,-0.04065239131092777,-1.3292202967822053,0.056856446745144486,0.02361135586981675,-0.04595406534087265,-0.1312095215306027,-0.03939666741395407,False,False,False,False,False,False,False,4.673804344536115,ORACLE_IDENTITY_FROZEN_QB_ELO_FORMULA
2025,8,REG,2025_08_SF_HOU,away,SF,HOU,Mac Jones,JoneMa05,00-0036972,ORACLE_STARTER_IDENTITY_ONLY,POSTGAME_ACTUAL_STARTER,False,CREDITED,2025-10-21 12:00:00+00:00,2025-10-21 12:00:00+00:00,58,1915.0,-0.004772501084825582,-0.05,1915.0,0.8845265588914549,-0.009995076017293762,0.07564046567489924,0.05943118802992542,0.02800711552214245,0.06931143700638172,0.08114883468579666,-0.004772501084825582,False,False,False,False,False,False,False,20.00246199135312,ORACLE_IDENTITY_FROZEN_QB_ELO_FORMULA
2025,8,REG,2025_08_SF_HOU,home,HOU,SF,C.J. Stroud,StroCJ00,00-0039163,ORACLE_STARTER_IDENTITY_ONLY,POSTGAME_ACTUAL_STARTER,False,CREDITED,2025-10-21 12:00:00+00:00,2025-10-21 12:00:00+00:00,42,1455.0,0.050812886148770366,-0.05,1455.0,0.8533724340175953,0.036030938033114884,-0.7163215541374901,0.07723734836900217,0.018419882654145105,0.06834332808978989,0.00148407500955534,0.050812886148770366,False,False,False,False,False,False,False,43.01546901655745,ORACLE_IDENTITY_FROZEN_QB_ELO_FORMULA
2025,8,REG,2025_08_TB_NO,away,TB,NO,Baker Mayfield,MayfBa00,00-0034855,ORACLE_STARTER_IDENTITY_ONLY,POSTGAME_ACTUAL_STARTER,False,CREDITED,2025-10-21 12:00:00+00:00,2025-10-21 12:00:00+00:00,118,4080.0,0.07851477288544277,-0.05,4080.0,0.9422632794457275,0.07109475135626017,-0.3532523143982148,0.0653582157050123,0.025251547635373343,0.13833875375935803,0.0873911637717756,0.07851477288544277,False,False,False,False,False,False,False,50.0,ORACLE_IDENTITY_FROZEN_QB_ELO_FORMULA
2025,8,REG,2025_08_TB_NO,home,NO,TB,Spencer Rattler,RattSp00,00-0039376,ORACLE_STARTER_IDENTITY_ONLY,POSTGAME_ACTUAL_STARTER,False,CREDITED,2025-10-21 12:00:00+00:00,2025-10-21 12:00:00+00:00,14,500.0,-0.17065696731615942,-0.05,500.0,0.6666666666666666,-0.13043797821077294,-2.708860207000997,0.07474337557137287,0.022958963282937367,-0.06752932203155819,-0.052857780836507884,-0.17065696731615942,False,False,False,False,False,False,False,-40.21898910538647,ORACLE_IDENTITY_FROZEN_QB_ELO_FORMULA
2025,8,REG,2025_08_TEN_IND,away,TEN,IND,Cam Ward,WardCa00,00-0040676,ORACLE_STARTER_IDENTITY_ONLY,POSTGAME_ACTUAL_STARTER,False,CREDITED,2025-10-21 12:00:00+00:00,2025-10-21 12:00:00+00:00,7,266.0,-0.2755085110772865,-0.05,266.0,0.5155038759689923,-0.16625051152433762,-2.9707139549721093,0.09599526346884245,0.02545657600840888,-0.2844939500190455,-0.2755085110772865,-0.2755085110772865,False,False,False,False,False,False,False,-50.0,ORACLE_IDENTITY_FROZEN_QB_ELO_FORMULA
2025,8,REG,2025_08_TEN_IND,home,IND,TEN,Daniel Jones,JoneDa05,00-0035710,ORACLE_STARTER_IDENTITY_ONLY,POSTGAME_ACTUAL_STARTER,False,CREDITED,2025-10-21 12:00:00+00:00,2025-10-21 12:00:00+00:00,79,2739.0,-0.021815782919732653,-0.05,2739.0,0.9163599866175979,-0.024173111213498744,-0.07200860474026605,0.07780001719905462,0.021076685231626015,0.2878988673040191,0.31533958685290847,-0.021815782919732653,False,False,False,False,False,False,False,12.91344439325063,ORACLE_IDENTITY_FROZEN_QB_ELO_FORMULA
2025,8,REG,2025_08_WAS_KC,away,WAS,KC,Marcus Mariota,MariMa01,00-0032268,ORACLE_STARTER_IDENTITY_ONLY,POSTGAME_ACTUAL_STARTER,False,CREDITED,2025-10-21 12:00:00+00:00,2025-10-21 12:00:00+00:00,54,1053.0,0.03305869441591427,-0.05,1053.0,0.8081350729086723,0.017122644067504002,0.8772721581468765,0.09105339971347147,0.025383304388135252,-0.23882400466792672,-0.02547018769015729,0.03305869441591427,False,False,False,False,False,False,False,33.561322033752006,ORACLE_IDENTITY_FROZEN_QB_ELO_FORMULA
2025,8,REG,2025_08_WAS_KC,home,KC,WAS,Patrick Mahomes,MahoPa00,00-0033873,ORACLE_STARTER_IDENTITY_ONLY,POSTGAME_ACTUAL_STARTER,False,CREDITED,2025-10-21 12:00:00+00:00,2025-10-21 12:00:00+00:00,139,5378.0,0.23043648144697193,-0.05,5378.0,0.9555792466240227,0.21797928166698916,2.879035363155199,0.04490466576853483,0.017138078130184153,0.30022229711125487,0.22493194768890462,0.23043648144697193,False,False,False,False,False,False,False,50.0,ORACLE_IDENTITY_FROZEN_QB_ELO_FORMULA
2025,9,REG,2025_09_ARI_DAL,away,ARI,DAL,Jacoby Brissett,BrisJa00,00-0033119,ORACLE_STARTER_IDENTITY_ONLY,POSTGAME_ACTUAL_STARTER,False,CREDITED,2025-10-28 12:00:00+00:00,2025-10-21 12:00:00+00:00,68,1416.0,-0.004554779793140767,-0.05,1416.0,0.8499399759903962,-0.011374290628503796,-0.6854172575631063,0.0687788104896492,0.016109478692842842,-0.2506513159249483,0.07524355777906504,-0.004554779793140767,False,False,False,False,False,False,False,19.3128546857481,ORACLE_IDENTITY_FROZEN_QB_ELO_FORMULA
2025,9,REG,2025_09_ARI_DAL,home,DAL,ARI,Dak Prescott,PresDa01,00-0033077,ORACLE_STARTER_IDENTITY_ONLY,POSTGAME_ACTUAL_STARTER,False,CREDITED,2025-10-28 12:00:00+00:00,2025-10-28 12:00:00+00:00,104,3960.0,0.13428960130031345,-0.05,3960.0,0.9406175771971497,0.12334603827772951,1.3950823681703461,0.05579940251360453,0.02090585360088149,0.19528387310734444,0.2183490125903075,0.13428960130031345,False,False,False,False,False,False,False,50.0,ORACLE_IDENTITY_FROZEN_QB_ELO_FORMULA
2025,9,REG,2025_09_ATL_NE,away,ATL,NE,Michael Penix,PeniMi00,00-0039917,ORACLE_STARTER_IDENTITY_ONLY,POSTGAME_ACTUAL_STARTER,False,CREDITED,2025-10-28 12:00:00+00:00,2025-10-21 12:00:00+00:00,11,313.0,0.04219665651745559,-0.05,313.0,0.5559502664298401,0.0012567557548198924,-3.1094940093827628,0.057786656775398,0.024440497335701597,0.004421455625112017,-0.007321902722398677,0.04219665651745559,False,False,False,False,False,False,False,25.628377877409946,ORACLE_IDENTITY_FROZEN_QB_ELO_FORMULA
2025,9,REG,2025_09_ATL_NE,home,NE,ATL,Drake Maye,MayeDr00,00-0039851,ORACLE_STARTER_IDENTITY_ONLY,POSTGAME_ACTUAL_STARTER,False,CREDITED,2025-10-28 12:00:00+00:00,2025-10-28 12:00:00+00:00,21,626.0,0.08966791647337792,-0.05,626.0,0.7146118721461188,0.04980835126978834,4.480505726424402,0.09182809129756635,0.02503319408011917,0.39359533191222223,0.31504571945728815,0.08966791647337792,False,False,False,False,False,False,False,49.90417563489417,ORACLE_IDENTITY_FROZEN_QB_ELO_FORMULA
2025,9,REG,2025_09_BAL_MIA,away,BAL,MIA,Lamar Jackson,JackLa00,00-0034796,ORACLE_STARTER_IDENTITY_ONLY,POSTGAME_ACTUAL_STARTER,False,CREDITED,2025-10-28 12:00:00+00:00,2025-09-30 12:00:00+00:00,115,3158.0,0.15417480304006104,-0.05,3158.0,0.9266431924882629,0.13919719131470445,1.7365247681918237,0.0727749892745225,0.020276906132207347,0.16993965207732067,0.2172787352331537,0.15417480304006104,False,False,False,False,False,False,False,50.0,ORACLE_IDENTITY_FROZEN_QB_ELO_FORMULA
2025,9,REG,2025_09_BAL_MIA,home,MIA,BAL,Tua Tagovailoa,TagoTu00,00-0036212,ORACLE_STARTER_IDENTITY_ONLY,POSTGAME_ACTUAL_STARTER,False,CREDITED,2025-10-28 12:00:00+00:00,2025-10-28 12:00:00+00:00,73,2436.0,0.13083013790091097,-0.05,2436.0,0.9069247952345495,0.11399933578801903,1.788433051784732,0.053622580600174205,0.024413783554277008,-0.032977874223515315,0.01997978567379468,0.13083013790091097,False,False,False,False,False,False,False,50.0,ORACLE_IDENTITY_FROZEN_QB_ELO_FORMULA
2025,9,REG,2025_09_CAR_GB,away,CAR,GB,Bryce Young,YounBr01,00-0039150,ORACLE_STARTER_IDENTITY_ONLY,POSTGAME_ACTUAL_STARTER,False,CREDITED,2025-10-28 12:00:00+00:00,2025-10-21 12:00:00+00:00,37,1237.0,-0.16037249801665907,-0.05,1237.0,0.831876260928043,-0.14181626095938618,-0.5566415221643018,0.07979958138128614,0.022634047204998384,-0.025520625802357002,-0.09779355052260999,-0.16037249801665907,False,False,False,False,False,False,False,-45.90813047969309,ORACLE_IDENTITY_FROZEN_QB_ELO_FORMULA
2025,9,REG,2025_09_CAR_GB,home,GB,CAR,Jordan Love,LoveJo03,00-0036264,ORACLE_STARTER_IDENTITY_ONLY,POSTGAME_ACTUAL_STARTER,False,CREDITED,2025-10-28 12:00:00+00:00,2025-10-28 12:00:00+00:00,52,1447.0,0.16899185853955176,-0.05,1447.0,0.8526812021213906,0.13673024119430252,1.31283012836098,0.045164486875837864,0.024077920181231838,0.33698986825949906,0.3370855422907903,0.16899185853955176,False,False,False,False,False,False,False,50.0,ORACLE_IDENTITY_FROZEN_QB_ELO_FORMULA
2025,9,REG,2025_09_CHI_CIN,away,CHI,CIN,Caleb Williams,WillCa03,00-0039918,ORACLE_STARTER_IDENTITY_ONLY,POSTGAME_ACTUAL_STARTER,False,CREDITED,2025-10-28 12:00:00+00:00,2025-10-28 12:00:00+00:00,24,865.0,-0.02398225212380964,-0.05,865.0,0.7757847533632287,-0.029815827880802996,-0.9662717246554503,0.08651236343372709,0.016609065722201593,0.08757969564577844,0.06966971300796426,-0.02398225212380964,False,False,False,False,False,False,False,10.092086059598504,ORACLE_IDENTITY_FROZEN_QB_ELO_FORMULA
2025,9,REG,2025_09_CHI_CIN,home,CIN,CHI,Joe Flacco,FlacJo00,00-0026158,ORACLE_STARTER_IDENTITY_ONLY,POSTGAME_ACTUAL_STARTER,False,CREDITED,2025-10-28 12:00:00+00:00,2025-10-28 12:00:00+00:00,49,1896.0,-0.036922135396094714,-0.05,1896.0,0.8835041938490215,-0.038445651775860006,-1.44105037573418,0.056383717352756366,0.023215949940087872,-0.014209953214637935,-0.10478994664958866,-0.036922135396094714,False,False,False,False,False,False,False,5.777174112069998,ORACLE_IDENTITY_FROZEN_QB_ELO_FORMULA
2025,9,REG,2025_09_DEN_HOU,away,DEN,HOU,Bo Nix,NixxBo00,00-0039732,ORACLE_STARTER_IDENTITY_ONLY,POSTGAME_ACTUAL_STARTER,False,CREDITED,2025-10-28 12:00:00+00:00,2025-10-28 12:00:00+00:00,26,908.0,0.07099118339643726,-0.05,908.0,0.7841105354058722,0.044870461592370486,-0.4684352223992972,0.045874346625638704,0.021728261857617687,0.19813822269001338,0.12091654212929862,0.07099118339643726,False,False,False,False,False,False,False,47.435230796185245,ORACLE_IDENTITY_FROZEN_QB_ELO_FORMULA
2025,9,REG,2025_09_DEN_HOU,home,HOU,DEN,C.J. Stroud,StroCJ00,00-0039163,ORACLE_STARTER_IDENTITY_ONLY,POSTGAME_ACTUAL_STARTER,False,CREDITED,2025-10-28 12:00:00+00:00,2025-10-28 12:00:00+00:00,43,1494.0,0.06329933720340696,-0.05,1494.0,0.856651376146789,0.04705803313181766,-0.4925790488445268,0.0753656339956742,0.01859870374562256,0.18705329136144222,0.08394163185317002,0.06329933720340696,False,False,False,False,False,False,False,48.529016565908826,ORACLE_IDENTITY_FROZEN_QB_ELO_FORMULA
2025,9,REG,2025_09_IND_PIT,away,IND,PIT,Daniel Jones,JoneDa05,00-0035710,ORACLE_STARTER_IDENTITY_ONLY,POSTGAME_ACTUAL_STARTER,False,CREDITED,2025-10-28 12:00:00+00:00,2025-10-28 12:00:00+00:00,80,2771.0,-0.016639934240746796,-0.05,2771.0,0.9172459450513075,-0.01940061495568003,0.06867448225961484,0.07796663058272849,0.02085636210314133,0.34343387920778895,0.32933220007632985,-0.016639934240746796,False,False,False,False,False,False,False,15.299692522159985,ORACLE_IDENTITY_FROZEN_QB_ELO_FORMULA
2025,9,REG,2025_09_IND_PIT,home,PIT,IND,Aaron Rodgers,RodgAa00,00-0023459,ORACLE_STARTER_IDENTITY_ONLY,POSTGAME_ACTUAL_STARTER,False,CREDITED,2025-10-28 12:00:00+00:00,2025-10-28 12:00:00+00:00,111,3972.0,0.13115676257900452,-0.05,3972.0,0.9407863571766935,0.1204298107446248,1.8933873903689702,0.058649454971662074,0.013356867521286807,0.12470109171877156,0.11925537405229983,0.13115676257900452,False,False,False,False,False,False,False,50.0,ORACLE_IDENTITY_FROZEN_QB_ELO_FORMULA
2025,9,REG,2025_09_JAX_LV,away,JAX,LV,Trevor Lawrence,LawrTr00,00-0036971,ORACLE_STARTER_IDENTITY_ONLY,POSTGAME_ACTUAL_STARTER,False,CREDITED,2025-10-28 12:00:00+00:00,2025-10-21 12:00:00+00:00,69,2515.0,0.008824916761490803,-0.05,2515.0,0.9095840867992767,0.0035062081935440777,-1.4932905846840203,0.0546329408301335,0.024123452116811734,-0.08417255781725183,-0.04059414827002585,0.008824916761490803,False,False,False,False,False,False,False,26.75310409677204,ORACLE_IDENTITY_FROZEN_QB_ELO_FORMULA
2025,9,REG,2025_09_JAX_LV,home,LV,JAX,Geno Smith,SmitGe00,00-0030565,ORACLE_STARTER_IDENTITY_ONLY,POSTGAME_ACTUAL_STARTER,False,CREDITED,2025-10-28 12:00:00+00:00,2025-10-21 12:00:00+00:00,66,2154.0,0.028479640666208398,-0.05,2154.0,0.8960066555740432,0.020318280363982064,3.7005173085426213,0.0746109991262072,0.024281766569954597,-0.21956790262096704,-0.12768452968363733,0.028479640666208398,False,False,False,False,False,False,False,35.159140181991035,ORACLE_IDENTITY_FROZEN_QB_ELO_FORMULA
2025,9,REG,2025_09_KC_BUF,away,KC,BUF,Patrick Mahomes,MahoPa00,00-0033873,ORACLE_STARTER_IDENTITY_ONLY,POSTGAME_ACTUAL_STARTER,False,CREDITED,2025-10-28 12:00:00+00:00,2025-10-28 12:00:00+00:00,140,5415.0,0.23136065023858332,-0.05,5415.0,0.9558693733451015,0.21894402842752492,2.9294924547087393,0.04513153950522322,0.017399819723873486,0.33944220952297677,0.24254854097535838,0.23136065023858332,False,False,False,False,False,False,False,50.0,ORACLE_IDENTITY_FROZEN_QB_ELO_FORMULA
2025,9,REG,2025_09_KC_BUF,home,BUF,KC,Josh Allen,AlleJo02,00-0034857,ORACLE_STARTER_IDENTITY_ONLY,POSTGAME_ACTUAL_STARTER,False,CREDITED,2025-10-28 12:00:00+00:00,2025-10-28 12:00:00+00:00,130,4515.0,0.1410720196437249,-0.05,4515.0,0.9475341028331584,0.1310472547096365,1.7350767326582628,0.050931188332366074,0.021922515071086147,0.17501363053161037,0.18831587596927565,0.1410720196437249,False,False,False,False,False,False,False,50.0,ORACLE_IDENTITY_FROZEN_QB_ELO_FORMULA
2025,9,REG,2025_09_LAC_TEN,away,LAC,TEN,Justin Herbert,HerbJu00,00-0036355,ORACLE_STARTER_IDENTITY_ONLY,POSTGAME_ACTUAL_STARTER,False,CREDITED,2025-10-28 12:00:00+00:00,2025-10-28 12:00:00+00:00,89,3497.0,0.10430200003267408,-0.05,3497.0,0.9332799572991727,0.094006964001671,0.20628663347373455,0.05728765698816044,0.01785349015234835,0.15797156170108895,0.0895513110546418,0.10430200003267408,False,False,False,False,False,False,False,50.0,ORACLE_IDENTITY_FROZEN_QB_ELO_FORMULA
2025,9,REG,2025_09_LAC_TEN,home,TEN,LAC,Cam Ward,WardCa00,00-0040676,ORACLE_STARTER_IDENTITY_ONLY,POSTGAME_ACTUAL_STARTER,False,CREDITED,2025-10-28 12:00:00+00:00,2025-10-28 12:00:00+00:00,8,308.0,-0.2633965965128616,-0.05,308.0,0.5519713261648745,-0.16778880237627486,-3.2885772177085695,0.09591802991264053,0.025527823561729848,-0.25773539351433705,-0.2633965965128616,-0.2633965965128616,False,False,False,False,False,False,False,-50.0,ORACLE_IDENTITY_FROZEN_QB_ELO_FORMULA
2025,9,REG,2025_09_MIN_DET,away,MIN,DET,J.J. McCarthy,McCaJJ00,00-0039923,ORACLE_STARTER_IDENTITY_ONLY,POSTGAME_ACTUAL_STARTER,False,CREDITED,2025-10-28 12:00:00+00:00,2025-09-16 12:00:00+00:00,2,50.0,-0.5490218081278743,-0.05,50.0,0.16666666666666666,-0.1331703013546457,-2.0468900189167116,0.09624131023918935,0.03719512195121951,-0.5631568515159525,-0.5490218081278743,-0.5490218081278743,False,True,False,False,False,False,False,-41.585150677322844,ORACLE_IDENTITY_FROZEN_QB_ELO_FORMULA
2025,9,REG,2025_09_MIN_DET,home,DET,MIN,Jared Goff,GoffJa00,00-0033106,ORACLE_STARTER_IDENTITY_ONLY,POSTGAME_ACTUAL_STARTER,False,CREDITED,2025-10-28 12:00:00+00:00,2025-10-21 12:00:00+00:00,128,4700.0,0.1304510155632324,-0.05,4700.0,0.9494949494949495,0.1213373279085237,0.9321643607620352,0.048980826503792735,0.020207669536528597,0.13600931650358217,0.2334686546665806,0.1304510155632324,False,False,False,False,False,False,False,50.0,ORACLE_IDENTITY_FROZEN_QB_ELO_FORMULA
2025,9,REG,2025_09_NO_LA,away,NO,LAR,Tyler Shough,ShouTy00,00-0040743,ORACLE_STARTER_IDENTITY_ONLY,POSTGAME_ACTUAL_STARTER,False,CREDITED,2025-10-28 12:00:00+00:00,2025-10-28 12:00:00+00:00,2,34.0,-0.49659260245084624,-0.05,34.0,0.11971830985915492,-0.1034653115610168,-2.8255745171713578,0.07743727992957747,0.03014964788732394,-0.6490805733379342,-0.49659260245084624,-0.49659260245084624,False,True,False,False,False,False,False,-26.732655780508402,ORACLE_IDENTITY_FROZEN_QB_ELO_FORMULA
2025,9,REG,2025_09_NO_LA,home,LAR,NO,Matthew Stafford,StafMa00,00-0026498,ORACLE_STARTER_IDENTITY_ONLY,POSTGAME_ACTUAL_STARTER,False,CREDITED,2025-10-28 12:00:00+00:00,2025-10-21 12:00:00+00:00,111,4045.0,0.11435732096865799,-0.05,4045.0,0.9417927823050058,0.10479053860726929,-0.35025226191092057,0.05846941773868242,0.02030980619520605,0.19302387116392247,0.2080858476288054,0.11435732096865799,False,False,False,False,False,False,False,50.0,ORACLE_IDENTITY_FROZEN_QB_ELO_FORMULA
2025,9,REG,2025_09_SEA_WAS,away,SEA,WAS,Sam Darnold,DarnSa00,00-0034869,ORACLE_STARTER_IDENTITY_ONLY,POSTGAME_ACTUAL_STARTER,False,CREDITED,2025-10-28 12:00:00+00:00,2025-10-21 12:00:00+00:00,91,2803.0,-0.026853650122684196,-0.05,2803.0,0.9181133311496888,-0.028749027610181395,-0.04605556807214081,0.07497810885289743,0.028353923548479692,0.23029551131889064,0.26195066620572216,-0.026853650122684196,False,False,False,False,False,False,False,10.625486194909303,ORACLE_IDENTITY_FROZEN_QB_ELO_FORMULA
2025,9,REG,2025_09_SEA_WAS,home,WAS,SEA,Jayden Daniels,DaniJa02,00-0039910,ORACLE_STARTER_IDENTITY_ONLY,POSTGAME_ACTUAL_STARTER,False,CREDITED,2025-10-28 12:00:00+00:00,2025-10-21 12:00:00+00:00,25,804.0,0.13030037006036269,-0.05,804.0,0.7628083491461101,0.08753462763617799,1.476083639560469,0.07739368856636514,0.01845479255346428,0.08150343408633696,0.046183213179560326,0.13030037006036269,False,False,False,False,False,False,False,50.0,ORACLE_IDENTITY_FROZEN_QB_ELO_FORMULA
2025,9,REG,2025_09_SF_NYG,away,SF,NYG,Mac Jones,JoneMa05,00-0036972,ORACLE_STARTER_IDENTITY_ONLY,POSTGAME_ACTUAL_STARTER,False,CREDITED,2025-10-28 12:00:00+00:00,2025-10-28 12:00:00+00:00,59,1949.0,-0.006121813775717592,-0.05,1949.0,0.8863119599818099,-0.011110238767109409,0.03818082347458365,0.05942179885332053,0.028057266041915552,0.0329130024161724,0.05803324964262913,-0.006121813775717592,False,False,False,False,False,False,False,19.444880616445296,ORACLE_IDENTITY_FROZEN_QB_ELO_FORMULA
2025,9,REG,2025_09_SF_NYG,home,NYG,SF,Jaxson Dart,DartJa00,00-0040691,ORACLE_STARTER_IDENTITY_ONLY,POSTGAME_ACTUAL_STARTER,False,CREDITED,2025-10-28 12:00:00+00:00,2025-10-28 12:00:00+00:00,7,159.0,0.008962868106174996,-0.05,159.0,0.38875305623471884,-0.027078004819359843,-1.929203962970799,0.08868660548555321,0.02655050105031165,0.08377184073467746,0.008962868106174996,0.008962868106174996,False,False,False,False,False,False,False,11.46099759032008,ORACLE_IDENTITY_FROZEN_QB_ELO_FORMULA
2025,10,REG,2025_10_ARI_SEA,away,ARI,SEA,Jacoby Brissett,BrisJa00,00-0033119,ORACLE_STARTER_IDENTITY_ONLY,POSTGAME_ACTUAL_STARTER,False,CREDITED,2025-11-04 12:00:00+00:00,2025-11-04 12:00:00+00:00,69,1452.0,1.8058386294260464e-05,-0.05,1452.0,0.8531139835487661,-0.007328894960693735,-0.5271725791398363,0.07014812963850464,0.015789865670614696,-0.1158252261736954,0.10831637845476452,1.8058386294260464e-05,False,False,False,False,False,False,False,21.335552519653135,ORACLE_IDENTITY_FROZEN_QB_ELO_FORMULA
2025,10,REG,2025_10_ARI_SEA,home,SEA,ARI,Sam Darnold,DarnSa00,00-0034869,ORACLE_STARTER_IDENTITY_ONLY,POSTGAME_ACTUAL_STARTER,False,CREDITED,2025-11-04 12:00:00+00:00,2025-11-04 12:00:00+00:00,92,2827.0,-0.018016136655777032,-0.05,2827.0,0.91875203119922,-0.02061476058689687,0.15298833618452928,0.07434568507413848,0.028466401663082466,0.44953896263721427,0.33677066202584566,-0.018016136655777032,False,False,False,False,False,False,False,14.692619706551566,ORACLE_IDENTITY_FROZEN_QB_ELO_FORMULA
2025,10,REG,2025_10_ATL_IND,away,ATL,IND,Michael Penix,PeniMi00,00-0039917,ORACLE_STARTER_IDENTITY_ONLY,POSTGAME_ACTUAL_STARTER,False,CREDITED,2025-11-04 12:00:00+00:00,2025-11-04 12:00:00+00:00,12,351.0,0.04837668730391968,-0.05,351.0,0.5840266222961731,0.007454604398795025,-2.6058357350137666,0.055784549507517434,0.022877301431343408,0.031159784006812366,0.00955248118670911,0.04837668730391968,False,False,False,False,False,False,False,28.727302199397517,ORACLE_IDENTITY_FROZEN_QB_ELO_FORMULA
2025,10,REG,2025_10_ATL_IND,home,IND,ATL,Daniel Jones,JoneDa05,00-0035710,ORACLE_STARTER_IDENTITY_ONLY,POSTGAME_ACTUAL_STARTER,False,CREDITED,2025-11-04 12:00:00+00:00,2025-11-04 12:00:00+00:00,81,2826.0,-0.022012826605044087,-0.05,2826.0,0.9187256176853056,-0.024287466835453377,0.03865016539891622,0.07819561372084019,0.021548856798796187,0.1634038339176389,0.22268839361363493,-0.022012826605044087,False,False,False,False,False,False,False,12.856266582273312,ORACLE_IDENTITY_FROZEN_QB_ELO_FORMULA
2025,10,REG,2025_10_BAL_MIN,away,BAL,MIN,Lamar Jackson,JackLa00,00-0034796,ORACLE_STARTER_IDENTITY_ONLY,POSTGAME_ACTUAL_STARTER,False,CREDITED,2025-11-04 12:00:00+00:00,2025-11-04 12:00:00+00:00,116,3183.0,0.1562201515431915,-0.05,3183.0,0.9271773958636761,0.14120266308242893,1.8550554730034312,0.07282728286504002,0.0201300470762899,0.22838541469118412,0.2560258615151715,0.1562201515431915,False,False,False,False,False,False,False,50.0,ORACLE_IDENTITY_FROZEN_QB_ELO_FORMULA
2025,10,REG,2025_10_BAL_MIN,home,MIN,BAL,J.J. McCarthy,McCaJJ00,00-0039923,ORACLE_STARTER_IDENTITY_ONLY,POSTGAME_ACTUAL_STARTER,False,CREDITED,2025-11-04 12:00:00+00:00,2025-11-04 12:00:00+00:00,3,80.0,-0.4347249694096017,-0.05,80.0,0.24242424242424243,-0.14326665925081253,-1.8654074155628007,0.10263371528193663,0.03741965105601469,-0.42656065795732856,-0.4347249694096017,-0.4347249694096017,False,True,False,False,False,False,False,-46.63332962540626,ORACLE_IDENTITY_FROZEN_QB_ELO_FORMULA
2025,10,REG,2025_10_BUF_MIA,away,BUF,MIA,Josh Allen,AlleJo02,00-0034857,ORACLE_STARTER_IDENTITY_ONLY,POSTGAME_ACTUAL_STARTER,False,CREDITED,2025-11-04 12:00:00+00:00,2025-11-04 12:00:00+00:00,131,4544.0,0.14221866966475788,-0.05,4544.0,0.9478514810179391,0.13219475072103876,1.8306580518738698,0.051230942359849686,0.021797016185157975,0.2176328912553125,0.20496933483110463,0.14221866966475788,False,False,False,False,False,False,False,50.0,ORACLE_IDENTITY_FROZEN_QB_ELO_FORMULA
2025,10,REG,2025_10_BUF_MIA,home,MIA,BUF,Tua Tagovailoa,TagoTu00,00-0036212,ORACLE_STARTER_IDENTITY_ONLY,POSTGAME_ACTUAL_STARTER,False,CREDITED,2025-11-04 12:00:00+00:00,2025-11-04 12:00:00+00:00,74,2478.0,0.13002536553685579,-0.05,2478.0,0.908357771260997,0.11352743980950464,1.7150299291251168,0.053529869723239414,0.024422907761452506,0.013869125339791325,0.02937171685699427,0.13002536553685579,False,False,False,False,False,False,False,50.0,ORACLE_IDENTITY_FROZEN_QB_ELO_FORMULA
2025,10,REG,2025_10_CLE_NYJ,away,CLE,NYJ,Dillon Gabriel,GabrDi00,00-0040704,ORACLE_STARTER_IDENTITY_ONLY,POSTGAME_ACTUAL_STARTER,False,CREDITED,2025-11-04 12:00:00+00:00,2025-10-28 12:00:00+00:00,6,153.0,-0.21769132927388077,-0.05,153.0,0.37965260545905705,-0.11366445007172148,-2.9909856466232814,0.07646347409346987,0.023957641631426278,-0.24165911121258304,-0.21769132927388077,-0.21769132927388077,False,False,False,False,False,False,False,-31.832225035860738,ORACLE_IDENTITY_FROZEN_QB_ELO_FORMULA
2025,10,REG,2025_10_CLE_NYJ,home,NYJ,CLE,Justin Fields,FielJu00,00-0036945,ORACLE_STARTER_IDENTITY_ONLY,POSTGAME_ACTUAL_STARTER,False,CREDITED,2025-11-04 12:00:00+00:00,2025-10-28 12:00:00+00:00,58,1460.0,-0.098838285731492,-0.05,1460.0,0.8538011695906432,-0.09169818547834989,-0.6964875693730709,0.1080806406782845,0.024951494249739865,-0.14032226087895214,0.02644480204140734,-0.098838285731492,False,False,False,False,False,False,False,-20.849092739174942,ORACLE_IDENTITY_FROZEN_QB_ELO_FORMULA
2025,10,REG,2025_10_DET_WAS,away,DET,WAS,Jared Goff,GoffJa00,00-0033106,ORACLE_STARTER_IDENTITY_ONLY,POSTGAME_ACTUAL_STARTER,False,CREDITED,2025-11-04 12:00:00+00:00,2025-11-04 12:00:00+00:00,129,4742.0,0.13018711431570698,-0.05,4742.0,0.9499198717948718,0.12116332052986428,0.9053409042505939,0.049526214928575334,0.020049763224442886,0.13225747379010597,0.21263092312732657,0.13018711431570698,False,False,False,False,False,False,False,50.0,ORACLE_IDENTITY_FROZEN_QB_ELO_FORMULA
2025,10,REG,2025_10_DET_WAS,home,WAS,DET,Marcus Mariota,MariMa01,00-0032268,ORACLE_STARTER_IDENTITY_ONLY,POSTGAME_ACTUAL_STARTER,False,CREDITED,2025-11-04 12:00:00+00:00,2025-10-28 12:00:00+00:00,55,1085.0,0.02493876647848042,-0.05,1085.0,0.8127340823970037,0.010905289609851128,0.8830158706252245,0.09033823331008897,0.026414653126784968,-0.18992642452139696,-0.09566681418664276,0.02493876647848042,False,False,False,False,False,False,False,30.452644804925566,ORACLE_IDENTITY_FROZEN_QB_ELO_FORMULA
2025,10,REG,2025_10_JAX_HOU,away,JAX,HOU,Trevor Lawrence,LawrTr00,00-0036971,ORACLE_STARTER_IDENTITY_ONLY,POSTGAME_ACTUAL_STARTER,False,CREDITED,2025-11-04 12:00:00+00:00,2025-11-04 12:00:00+00:00,70,2550.0,0.008395756525723665,-0.05,2550.0,0.9107142857142857,0.0031818496930697653,-1.4741735043649968,0.05429935013484,0.024191507311586053,-0.05511632187509431,-0.03839385966195261,0.008395756525723665,False,False,False,False,False,False,False,26.590924846534886,ORACLE_IDENTITY_FROZEN_QB_ELO_FORMULA
2025,10,REG,2025_10_JAX_HOU,home,HOU,JAX,Davis Mills,MillDa02,00-0036898,ORACLE_STARTER_IDENTITY_ONLY,POSTGAME_ACTUAL_STARTER,False,CREDITED,2025-11-04 12:00:00+00:00,2025-11-04 12:00:00+00:00,40,1051.0,-0.12230986467008508,-0.05,1051.0,0.8078401229823213,-0.10841480996791655,-2.996291560911733,0.06635579623854333,0.026310069021169256,-0.0972113027423665,-0.13513858769113732,-0.12230986467008508,False,False,False,False,False,False,False,-29.207404983958277,ORACLE_IDENTITY_FROZEN_QB_ELO_FORMULA
2025,10,REG,2025_10_LA_SF,away,LAR,SF,Matthew Stafford,StafMa00,00-0026498,ORACLE_STARTER_IDENTITY_ONLY,POSTGAME_ACTUAL_STARTER,False,CREDITED,2025-11-04 12:00:00+00:00,2025-11-04 12:00:00+00:00,112,4079.0,0.11630751909910411,-0.05,4079.0,0.9422499422499423,0.10670325026686202,-0.24785920528717853,0.05847220603469733,0.020150209751460726,0.23937464310467896,0.2244493416922982,0.11630751909910411,False,False,False,False,False,False,False,50.0,ORACLE_IDENTITY_FROZEN_QB_ELO_FORMULA
2025,10,REG,2025_10_LA_SF,home,SF,LAR,Mac Jones,JoneMa05,00-0036972,ORACLE_STARTER_IDENTITY_ONLY,POSTGAME_ACTUAL_STARTER,False,CREDITED,2025-11-04 12:00:00+00:00,2025-11-04 12:00:00+00:00,60,1975.0,0.0006596061686499155,-0.05,1975.0,0.8876404494382022,-0.00503248441209727,0.17567913976234267,0.059621884444383925,0.027735513600464435,0.16001756847192136,0.10227387658100716,0.0006596061686499155,False,False,False,False,False,False,False,22.483757793951366,ORACLE_IDENTITY_FROZEN_QB_ELO_FORMULA
2025,10,REG,2025_10_LV_DEN,away,LV,DEN,Geno Smith,SmitGe00,00-0030565,ORACLE_STARTER_IDENTITY_ONLY,POSTGAME_ACTUAL_STARTER,False,CREDITED,2025-11-04 12:00:00+00:00,2025-11-04 12:00:00+00:00,67,2195.0,0.0332726283376852,-0.05,2195.0,0.8977505112474438,0.02475804466307526,3.6627966409030863,0.07416578864461276,0.024305545056799112,-0.09689092888868245,-0.062040680651513296,0.0332726283376852,False,False,False,False,False,False,False,37.37902233153763,ORACLE_IDENTITY_FROZEN_QB_ELO_FORMULA
2025,10,REG,2025_10_LV_DEN,home,DEN,LV,Bo Nix,NixxBo00,00-0039732,ORACLE_STARTER_IDENTITY_ONLY,POSTGAME_ACTUAL_STARTER,False,CREDITED,2025-11-04 12:00:00+00:00,2025-11-04 12:00:00+00:00,27,946.0,0.06436689800470544,-0.05,946.0,0.7909698996655519,0.040460773839842264,-0.7820368263489806,0.04524933917412813,0.021899287416158507,0.12820783617481976,0.09643839844922546,0.06436689800470544,False,False,False,False,False,False,False,45.23038691992114,ORACLE_IDENTITY_FROZEN_QB_ELO_FORMULA
2025,10,REG,2025_10_NE_TB,away,NE,TB,Drake Maye,MayeDr00,00-0039851,ORACLE_STARTER_IDENTITY_ONLY,POSTGAME_ACTUAL_STARTER,False,CREDITED,2025-11-04 12:00:00+00:00,2025-11-04 12:00:00+00:00,22,661.0,0.08587486146898565,-0.05,661.0,0.725576289791438,0.048587577860592215,4.516987945271427,0.09466646241087237,0.025362674303019306,0.2987409663064107,0.28059380610772733,0.08587486146898565,False,False,False,False,False,False,False,49.29378893029611,ORACLE_IDENTITY_FROZEN_QB_ELO_FORMULA
2025,10,REG,2025_10_NE_TB,home,TB,NE,Baker Mayfield,MayfBa00,00-0034855,ORACLE_STARTER_IDENTITY_ONLY,POSTGAME_ACTUAL_STARTER,False,CREDITED,2025-11-04 12:00:00+00:00,2025-10-28 12:00:00+00:00,119,4107.0,0.07761189819281555,-0.05,4107.0,0.9426210695432637,0.07028966396095788,-0.40812461933312355,0.06562820693224905,0.025102308280963197,0.06577786193052201,0.07374416208391614,0.07761189819281555,False,False,False,False,False,False,False,50.0,ORACLE_IDENTITY_FROZEN_QB_ELO_FORMULA
2025,10,REG,2025_10_NO_CAR,away,NO,CAR,Tyler Shough,ShouTy00,00-0040743,ORACLE_STARTER_IDENTITY_ONLY,POSTGAME_ACTUAL_STARTER,False,CREDITED,2025-11-04 12:00:00+00:00,2025-11-04 12:00:00+00:00,3,59.0,-0.2852889421598073,-0.05,59.0,0.19093851132686085,-0.09492572034766547,-2.8167549359286,0.07439118122977345,0.031091077207582057,-0.36993253230030737,-0.2852889421598073,-0.2852889421598073,False,True,False,False,False,False,False,-22.462860173832734,ORACLE_IDENTITY_FROZEN_QB_ELO_FORMULA
2025,10,REG,2025_10_NO_CAR,home,CAR,NO,Bryce Young,YounBr01,00-0039150,ORACLE_STARTER_IDENTITY_ONLY,POSTGAME_ACTUAL_STARTER,False,CREDITED,2025-11-04 12:00:00+00:00,2025-11-04 12:00:00+00:00,38,1258.0,-0.16032109451535134,-0.05,1258.0,0.8342175066312998,-0.14203178839543235,-0.7147303863472124,0.07933474416536694,0.023030130788751477,-0.0792616294154459,-0.1026796484974893,-0.16032109451535134,False,False,False,False,False,False,False,-46.01589419771617,ORACLE_IDENTITY_FROZEN_QB_ELO_FORMULA
2025,10,REG,2025_10_NYG_CHI,away,NYG,CHI,Jaxson Dart,DartJa00,00-0040691,ORACLE_STARTER_IDENTITY_ONLY,POSTGAME_ACTUAL_STARTER,False,CREDITED,2025-11-04 12:00:00+00:00,2025-11-04 12:00:00+00:00,8,194.0,0.01648724942792759,-0.05,194.0,0.4369369369369369,-0.02094926488959921,-1.4572056563772584,0.08603890414631302,0.024382239382239383,0.07315564908664719,0.01648724942792759,0.01648724942792759,False,False,False,False,False,False,False,14.525367555200397,ORACLE_IDENTITY_FROZEN_QB_ELO_FORMULA
2025,10,REG,2025_10_NYG_CHI,home,CHI,NYG,Caleb Williams,WillCa03,00-0039918,ORACLE_STARTER_IDENTITY_ONLY,POSTGAME_ACTUAL_STARTER,False,CREDITED,2025-11-04 12:00:00+00:00,2025-11-04 12:00:00+00:00,25,901.0,-0.006802944000490421,-0.05,901.0,0.7827975673327541,-0.016185449647647152,-0.9640735139108417,0.08550406108539704,0.01607404083511816,0.16995058472459038,0.11202646996717876,-0.006802944000490421,False,False,False,False,False,False,False,16.907275176176427,ORACLE_IDENTITY_FROZEN_QB_ELO_FORMULA
2025,10,REG,2025_10_PHI_GB,away,PHI,GB,Jalen Hurts,HurtJa00,00-0036389,ORACLE_STARTER_IDENTITY_ONLY,POSTGAME_ACTUAL_STARTER,False,CREDITED,2025-11-04 12:00:00+00:00,2025-10-28 12:00:00+00:00,93,2608.0,0.09762418926034389,-0.05,2608.0,0.9125262421273618,0.08471094667284004,2.716760005946716,0.07402582586650974,0.018905801288659044,0.2428410459254698,0.10009045284648846,0.09762418926034389,False,False,False,False,False,False,False,50.0,ORACLE_IDENTITY_FROZEN_QB_ELO_FORMULA
2025,10,REG,2025_10_PHI_GB,home,GB,PHI,Jordan Love,LoveJo03,00-0036264,ORACLE_STARTER_IDENTITY_ONLY,POSTGAME_ACTUAL_STARTER,False,CREDITED,2025-11-04 12:00:00+00:00,2025-11-04 12:00:00+00:00,53,1485.0,0.168635392987519,-0.05,1485.0,0.8559077809798271,0.13713173405559986,1.485778936035953,0.044747536813045746,0.024143788866980133,0.30025422493459614,0.3101758234490202,0.168635392987519,False,False,False,False,False,False,False,50.0,ORACLE_IDENTITY_FROZEN_QB_ELO_FORMULA
2025,10,REG,2025_10_PIT_LAC,away,PIT,LAC,Aaron Rodgers,RodgAa00,00-0023459,ORACLE_STARTER_IDENTITY_ONLY,POSTGAME_ACTUAL_STARTER,False,CREDITED,2025-11-04 12:00:00+00:00,2025-11-04 12:00:00+00:00,112,4010.0,0.12994244727575577,-0.05,4010.0,0.9413145539906104,0.11938244450135696,1.8537457275007547,0.058826494556564836,0.013240009160654986,0.09215963246046222,0.10212019411230101,0.12994244727575577,False,False,False,False,False,False,False,50.0,ORACLE_IDENTITY_FROZEN_QB_ELO_FORMULA
2025,10,REG,2025_10_PIT_LAC,home,LAC,PIT,Justin Herbert,HerbJu00,00-0036355,ORACLE_STARTER_IDENTITY_ONLY,POSTGAME_ACTUAL_STARTER,False,CREDITED,2025-11-04 12:00:00+00:00,2025-11-04 12:00:00+00:00,90,3532.0,0.10384936165387453,-0.05,3532.0,0.9338974087784241,0.09367952019076806,0.2574291191952917,0.05821528128754471,0.017987934110781426,0.11982783012636122,0.08623529484687449,0.10384936165387453,False,False,False,False,False,False,False,50.0,ORACLE_IDENTITY_FROZEN_QB_ELO_FORMULA
2025,11,REG,2025_11_BAL_CLE,away,BAL,CLE,Lamar Jackson,JackLa00,00-0034796,ORACLE_STARTER_IDENTITY_ONLY,POSTGAME_ACTUAL_STARTER,False,CREDITED,2025-11-11 12:00:00+00:00,2025-11-11 12:00:00+00:00,117,3213.0,0.15424508281628535,-0.05,3213.0,0.9278082587352007,0.13950027464300457,1.716081923236707,0.07247018877006993,0.019948223908389993,0.1539182252380098,0.19637810652873403,0.15424508281628535,False,False,False,False,False,False,False,50.0,ORACLE_IDENTITY_FROZEN_QB_ELO_FORMULA
2025,11,REG,2025_11_BAL_CLE,home,CLE,BAL,Dillon Gabriel,GabrDi00,00-0040704,ORACLE_STARTER_IDENTITY_ONLY,POSTGAME_ACTUAL_STARTER,False,CREDITED,2025-11-11 12:00:00+00:00,2025-11-11 12:00:00+00:00,7,191.0,-0.21341914001006454,-0.05,191.0,0.4331065759637188,-0.12077790417669462,-4.081203001452964,0.08291196575777215,0.021985039226418535,-0.22804199251816593,-0.21341914001006454,-0.21341914001006454,False,False,False,False,False,False,False,-35.38895208834731,ORACLE_IDENTITY_FROZEN_QB_ELO_FORMULA
2025,11,REG,2025_11_CAR_ATL,away,CAR,ATL,Bryce Young,YounBr01,00-0039150,ORACLE_STARTER_IDENTITY_ONLY,POSTGAME_ACTUAL_STARTER,False,CREDITED,2025-11-11 12:00:00+00:00,2025-11-11 12:00:00+00:00,39,1285.0,-0.16594664879514176,-0.05,1285.0,0.8371335504885994,-0.1470628297731317,-0.6531499590977764,0.0792414608923899,0.023331309004582343,-0.16585226542323478,-0.13271381281198463,-0.16594664879514176,False,False,False,False,False,False,False,-48.53141488656585,ORACLE_IDENTITY_FROZEN_QB_ELO_FORMULA
2025,11,REG,2025_11_CAR_ATL,home,ATL,CAR,Michael Penix,PeniMi00,00-0039917,ORACLE_STARTER_IDENTITY_ONLY,POSTGAME_ACTUAL_STARTER,False,CREDITED,2025-11-11 12:00:00+00:00,2025-11-11 12:00:00+00:00,13,382.0,0.024744982017760476,-0.05,382.0,0.6044303797468354,-0.00482186213483465,-3.2461710940335053,0.05763884570822552,0.021802930466447025,-0.052671073727666856,-0.0194417290370071,0.024744982017760476,False,False,False,False,False,False,False,22.589068932582673,ORACLE_IDENTITY_FROZEN_QB_ELO_FORMULA
2025,11,REG,2025_11_CHI_MIN,away,CHI,MIN,Caleb Williams,WillCa03,00-0039918,ORACLE_STARTER_IDENTITY_ONLY,POSTGAME_ACTUAL_STARTER,False,CREDITED,2025-11-11 12:00:00+00:00,2025-11-11 12:00:00+00:00,26,937.0,-0.013605822094279497,-0.05,937.0,0.7893850042123,-0.021270981720589627,-1.2029898615555337,0.08265769789215124,0.015551023022312871,0.08594028015927596,0.0775748669875687,-0.013605822094279497,False,False,False,False,False,False,False,14.364509139705188,ORACLE_IDENTITY_FROZEN_QB_ELO_FORMULA
2025,11,REG,2025_11_CHI_MIN,home,MIN,CHI,J.J. McCarthy,McCaJJ00,00-0039923,ORACLE_STARTER_IDENTITY_ONLY,POSTGAME_ACTUAL_STARTER,False,CREDITED,2025-11-11 12:00:00+00:00,2025-11-11 12:00:00+00:00,4,123.0,-0.35512886082976153,-0.05,123.0,0.3297587131367292,-0.1506189004880983,-3.0822830367458245,0.09153780905821449,0.038427167113494184,-0.35469363301581225,-0.35512886082976153,-0.35512886082976153,False,False,False,False,False,False,False,-50.0,ORACLE_IDENTITY_FROZEN_QB_ELO_FORMULA
2025,11,REG,2025_11_CIN_PIT,away,CIN,PIT,Joe Flacco,FlacJo00,00-0026158,ORACLE_STARTER_IDENTITY_ONLY,POSTGAME_ACTUAL_STARTER,False,CREDITED,2025-11-11 12:00:00+00:00,2025-11-04 12:00:00+00:00,50,1946.0,-0.027426115295918093,-0.05,1946.0,0.8861566484517304,-0.029996001988094996,-1.3446515676477695,0.05646524202670461,0.023653788439309795,0.08469828534848932,-0.04276902144496697,-0.027426115295918093,False,False,False,False,False,False,False,10.001999005952504,ORACLE_IDENTITY_FROZEN_QB_ELO_FORMULA
2025,11,REG,2025_11_CIN_PIT,home,PIT,CIN,Aaron Rodgers,RodgAa00,00-0023459,ORACLE_STARTER_IDENTITY_ONLY,POSTGAME_ACTUAL_STARTER,False,CREDITED,2025-11-11 12:00:00+00:00,2025-11-11 12:00:00+00:00,113,4044.0,0.12454616109489247,-0.05,4044.0,0.9417792268281323,0.11438394864176646,1.756389245616187,0.05905194390917563,0.013633397554280498,-0.08704094881552896,0.03036987842706021,0.12454616109489247,False,False,False,False,False,False,False,50.0,ORACLE_IDENTITY_FROZEN_QB_ELO_FORMULA
2025,11,REG,2025_11_DAL_LV,away,DAL,LV,Dak Prescott,PresDa01,00-0033077,ORACLE_STARTER_IDENTITY_ONLY,POSTGAME_ACTUAL_STARTER,False,CREDITED,2025-11-11 12:00:00+00:00,2025-11-04 12:00:00+00:00,105,4004.0,0.1318463115995582,-0.05,4004.0,0.9412317818523742,0.12115952789013423,1.3769033564945734,0.056360556466607314,0.020951515488731875,0.11668002579113121,0.18033496322841586,0.1318463115995582,False,False,False,False,False,False,False,50.0,ORACLE_IDENTITY_FROZEN_QB_ELO_FORMULA
2025,11,REG,2025_11_DAL_LV,home,LV,DAL,Geno Smith,SmitGe00,00-0030565,ORACLE_STARTER_IDENTITY_ONLY,POSTGAME_ACTUAL_STARTER,False,CREDITED,2025-11-11 12:00:00+00:00,2025-11-11 12:00:00+00:00,68,2227.0,0.02640262832069741,-0.05,2227.0,0.899071457408155,0.018691422394102996,3.546298277369082,0.07545332163087724,0.02446556986072352,-0.22528735940197142,-0.1056608079968606,0.02640262832069741,False,False,False,False,False,False,False,34.3457111970515,ORACLE_IDENTITY_FROZEN_QB_ELO_FORMULA
2025,11,REG,2025_11_DET_PHI,away,DET,PHI,Jared Goff,GoffJa00,00-0033106,ORACLE_STARTER_IDENTITY_ONLY,POSTGAME_ACTUAL_STARTER,False,CREDITED,2025-11-11 12:00:00+00:00,2025-11-11 12:00:00+00:00,130,4775.0,0.13482311701707844,-0.05,4775.0,0.9502487562189055,0.12562793706598002,0.9991460793573412,0.04918467881102809,0.019911455936178137,0.3116611122356959,0.27976208273700776,0.13482311701707844,False,False,False,False,False,False,False,50.0,ORACLE_IDENTITY_FROZEN_QB_ELO_FORMULA
2025,11,REG,2025_11_DET_PHI,home,PHI,DET,Jalen Hurts,HurtJa00,00-0036389,ORACLE_STARTER_IDENTITY_ONLY,POSTGAME_ACTUAL_STARTER,False,CREDITED,2025-11-11 12:00:00+00:00,2025-11-11 12:00:00+00:00,94,2634.0,0.10006909764488718,-0.05,2634.0,0.9133148404993066,0.087060333979415,2.6822874235739587,0.07330463999734921,0.018722286370189186,0.2710468511402516,0.12453723281125074,0.10006909764488718,False,False,False,False,False,False,False,50.0,ORACLE_IDENTITY_FROZEN_QB_ELO_FORMULA
2025,11,REG,2025_11_GB_NYG,away,GB,NYG,Jordan Love,LoveJo03,00-0036264,ORACLE_STARTER_IDENTITY_ONLY,POSTGAME_ACTUAL_STARTER,False,CREDITED,2025-11-11 12:00:00+00:00,2025-11-11 12:00:00+00:00,54,1524.0,0.1593386176924013,-0.05,1524.0,0.859075535512965,0.12983768509764348,1.3179419731037303,0.045423791675157484,0.023631904141269398,0.15449798412923835,0.2448679765861495,0.1593386176924013,False,False,False,False,False,False,False,50.0,ORACLE_IDENTITY_FROZEN_QB_ELO_FORMULA
2025,11,REG,2025_11_GB_NYG,home,NYG,GB,Jameis Winston,WinsJa00,00-0031503,ORACLE_STARTER_IDENTITY_ONLY,POSTGAME_ACTUAL_STARTER,False,CREDITED,2025-11-11 12:00:00+00:00,2024-12-17 12:00:00+00:00,58,1759.0,0.04998054319221076,-0.05,1759.0,0.8755599800895968,0.037538962406719126,-0.0349742494167814,0.0700301416289968,0.03961241690679404,-0.21860417378158115,-0.05,0.04998054319221076,False,False,False,False,False,False,False,43.76948120335956,ORACLE_IDENTITY_FROZEN_QB_ELO_FORMULA
2025,11,REG,2025_11_HOU_TEN,away,HOU,TEN,Davis Mills,MillDa02,00-0036898,ORACLE_STARTER_IDENTITY_ONLY,POSTGAME_ACTUAL_STARTER,False,CREDITED,2025-11-11 12:00:00+00:00,2025-11-11 12:00:00+00:00,41,1098.0,-0.11625908806473519,-0.05,1098.0,0.814540059347181,-0.10397068152453949,-3.0052954381710553,0.0655103666406273,0.026165005946264246,-0.07160611376329805,-0.049017807148702054,-0.11625908806473519,False,False,False,False,False,False,False,-26.985340762269743,ORACLE_IDENTITY_FROZEN_QB_ELO_FORMULA
2025,11,REG,2025_11_HOU_TEN,home,TEN,HOU,Cam Ward,WardCa00,00-0040676,ORACLE_STARTER_IDENTITY_ONLY,POSTGAME_ACTUAL_STARTER,False,CREDITED,2025-11-11 12:00:00+00:00,2025-11-04 12:00:00+00:00,9,333.0,-0.2494661953317584,-0.05,333.0,0.5711835334476844,-0.16393180625295978,-3.638158431841695,0.09855233429809351,0.024481786202285083,-0.20115875332248642,-0.2494661953317584,-0.2494661953317584,False,False,False,False,False,False,False,-50.0,ORACLE_IDENTITY_FROZEN_QB_ELO_FORMULA
2025,11,REG,2025_11_KC_DEN,away,KC,DEN,Patrick Mahomes,MahoPa00,00-0033873,ORACLE_STARTER_IDENTITY_ONLY,POSTGAME_ACTUAL_STARTER,False,CREDITED,2025-11-11 12:00:00+00:00,2025-11-04 12:00:00+00:00,141,5452.0,0.22955297861937113,-0.05,5452.0,0.9561557348298843,0.2172961836956877,2.8838400699005735,0.04535559094187147,0.01747467204287567,0.23960768319598003,0.21155824222128136,0.22955297861937113,False,False,False,False,False,False,False,50.0,ORACLE_IDENTITY_FROZEN_QB_ELO_FORMULA
2025,11,REG,2025_11_KC_DEN,home,DEN,KC,Bo Nix,NixxBo00,00-0039732,ORACLE_STARTER_IDENTITY_ONLY,POSTGAME_ACTUAL_STARTER,False,CREDITED,2025-11-11 12:00:00+00:00,2025-11-11 12:00:00+00:00,28,975.0,0.0557187358596631,-0.05,975.0,0.7959183673469388,0.03414348364340533,-0.9341622678118112,0.04499436190156604,0.02307491686770555,0.02572909160698944,0.07067089483025031,0.0557187358596631,False,False,False,False,False,False,False,42.071741821702666,ORACLE_IDENTITY_FROZEN_QB_ELO_FORMULA
2025,11,REG,2025_11_LAC_JAX,away,LAC,JAX,Justin Herbert,HerbJu00,00-0036355,ORACLE_STARTER_IDENTITY_ONLY,POSTGAME_ACTUAL_STARTER,False,CREDITED,2025-11-11 12:00:00+00:00,2025-11-11 12:00:00+00:00,91,3570.0,0.10110698593245675,-0.05,3570.0,0.9345549738219895,0.09121778528242686,0.12564773412680078,0.058887680749988305,0.017822128251209147,0.03142094547512971,0.062128099752988136,0.10110698593245675,False,False,False,False,False,False,False,50.0,ORACLE_IDENTITY_FROZEN_QB_ELO_FORMULA
2025,11,REG,2025_11_LAC_JAX,home,JAX,LAC,Trevor Lawrence,LawrTr00,00-0036971,ORACLE_STARTER_IDENTITY_ONLY,POSTGAME_ACTUAL_STARTER,False,CREDITED,2025-11-11 12:00:00+00:00,2025-11-11 12:00:00+00:00,71,2578.0,0.005857570373953688,-0.05,2578.0,0.9115983026874116,0.0009196663451388285,-1.5857163388770337,0.0553657051552688,0.02435677241193507,-0.11486643725657901,-0.05455480995750676,0.005857570373953688,False,False,False,False,False,False,False,25.459833172569414,ORACLE_IDENTITY_FROZEN_QB_ELO_FORMULA
2025,11,REG,2025_11_NYJ_NE,away,NYJ,NE,Justin Fields,FielJu00,00-0036945,ORACLE_STARTER_IDENTITY_ONLY,POSTGAME_ACTUAL_STARTER,False,CREDITED,2025-11-11 12:00:00+00:00,2025-11-11 12:00:00+00:00,59,1474.0,-0.10416035084798708,-0.05,1474.0,0.8549883990719258,-0.09630647166469429,-0.79034964710195,0.10885437421597069,0.025428644461048408,-0.29408605471606375,-0.02010662765922468,-0.10416035084798708,False,False,False,False,False,False,False,-23.153235832347143,ORACLE_IDENTITY_FROZEN_QB_ELO_FORMULA
2025,11,REG,2025_11_NYJ_NE,home,NE,NYJ,Drake Maye,MayeDr00,00-0039851,ORACLE_STARTER_IDENTITY_ONLY,POSTGAME_ACTUAL_STARTER,False,CREDITED,2025-11-11 12:00:00+00:00,2025-11-11 12:00:00+00:00,23,693.0,0.09133782419242119,-0.05,693.0,0.7348886532343585,0.05386756327184293,4.132847167131586,0.09233691595797837,0.02561893302879517,0.26242668949481684,0.2714070979106042,0.09133782419242119,False,False,False,False,False,False,False,50.0,ORACLE_IDENTITY_FROZEN_QB_ELO_FORMULA
2025,11,REG,2025_11_SEA_LA,away,SEA,LAR,Sam Darnold,DarnSa00,00-0034869,ORACLE_STARTER_IDENTITY_ONLY,POSTGAME_ACTUAL_STARTER,False,CREDITED,2025-11-11 12:00:00+00:00,2025-11-11 12:00:00+00:00,93,2840.0,-0.0164937280293421,-0.05,2840.0,0.919093851132686,-0.019204591457388856,0.23174205169599366,0.07435651139720319,0.02869701633909543,0.4325843987710554,0.3356254035180045,-0.0164937280293421,False,False,False,False,False,False,False,15.397704271305573,ORACLE_IDENTITY_FROZEN_QB_ELO_FORMULA
2025,11,REG,2025_11_SEA_LA,home,LAR,SEA,Matthew Stafford,StafMa00,00-0026498,ORACLE_STARTER_IDENTITY_ONLY,POSTGAME_ACTUAL_STARTER,False,CREDITED,2025-11-11 12:00:00+00:00,2025-11-11 12:00:00+00:00,113,4116.0,0.12091156297709005,-0.05,4116.0,0.9427393495190105,0.11112505570629927,-0.15285909081119964,0.058197036237951284,0.019973810016347005,0.34415519921733645,0.26941178145386135,0.12091156297709005,False,False,False,False,False,False,False,50.0,ORACLE_IDENTITY_FROZEN_QB_ELO_FORMULA
2025,11,REG,2025_11_SF_ARI,away,SF,ARI,Brock Purdy,PurdBr00,00-0037834,ORACLE_STARTER_IDENTITY_ONLY,POSTGAME_ACTUAL_STARTER,False,CREDITED,2025-11-11 12:00:00+00:00,2025-09-30 12:00:00+00:00,48,1393.0,0.2301224187101414,-0.05,1393.0,0.847839318320146,0.18749880052539683,2.126404424203682,0.05954342144226438,0.025228078779599483,0.18578568873066742,0.22253584280211403,0.2301224187101414,False,False,False,False,False,False,False,50.0,ORACLE_IDENTITY_FROZEN_QB_ELO_FORMULA
2025,11,REG,2025_11_SF_ARI,home,ARI,SF,Jacoby Brissett,BrisJa00,00-0033119,ORACLE_STARTER_IDENTITY_ONLY,POSTGAME_ACTUAL_STARTER,False,CREDITED,2025-11-11 12:00:00+00:00,2025-11-11 12:00:00+00:00,70,1501.0,-0.007624471590634114,-0.05,1501.0,0.8572244431753284,-0.01367466125502102,-0.7808219936792283,0.07100883618646195,0.015360108037946114,-0.1473483009254013,0.009428843834073667,-0.007624471590634114,False,False,False,False,False,False,False,18.16266937248949,ORACLE_IDENTITY_FROZEN_QB_ELO_FORMULA
2025,11,REG,2025_11_TB_BUF,away,TB,BUF,Baker Mayfield,MayfBa00,00-0034855,ORACLE_STARTER_IDENTITY_ONLY,POSTGAME_ACTUAL_STARTER,False,CREDITED,2025-11-11 12:00:00+00:00,2025-11-11 12:00:00+00:00,120,4152.0,0.0769890934367315,-0.05,4152.0,0.943207632894139,0.06977708222383217,-0.43044601539798083,0.06540658940263852,0.024839512073063046,0.05045099525343694,0.0665460525722789,0.0769890934367315,False,False,False,False,False,False,False,50.0,ORACLE_IDENTITY_FROZEN_QB_ELO_FORMULA
2025,11,REG,2025_11_TB_BUF,home,BUF,TB,Josh Allen,AlleJo02,00-0034857,ORACLE_STARTER_IDENTITY_ONLY,POSTGAME_ACTUAL_STARTER,False,CREDITED,2025-11-11 12:00:00+00:00,2025-11-11 12:00:00+00:00,132,4587.0,0.14180614437140485,-0.05,4587.0,0.9483150713252015,0.1318926574801807,1.8819117907108354,0.051392314651296095,0.021824870074782746,0.18184862990491843,0.18860237044806444,0.14180614437140485,False,False,False,False,False,False,False,50.0,ORACLE_IDENTITY_FROZEN_QB_ELO_FORMULA
2025,11,REG,2025_11_WAS_MIA,away,WAS,MIA,Marcus Mariota,MariMa01,00-0032268,ORACLE_STARTER_IDENTITY_ONLY,POSTGAME_ACTUAL_STARTER,False,CREDITED,2025-11-11 12:00:00+00:00,2025-11-11 12:00:00+00:00,56,1109.0,0.034413009076052076,-0.05,1109.0,0.8160412067696836,0.01888449379348179,1.1231046293864189,0.09021160868105448,0.025940215417772444,-0.030704601434504226,0.014497650627964457,0.034413009076052076,False,False,False,False,False,False,False,34.4422468967409,ORACLE_IDENTITY_FROZEN_QB_ELO_FORMULA
2025,11,REG,2025_11_WAS_MIA,home,MIA,WAS,Tua Tagovailoa,TagoTu00,00-0036212,ORACLE_STARTER_IDENTITY_ONLY,POSTGAME_ACTUAL_STARTER,False,CREDITED,2025-11-11 12:00:00+00:00,2025-11-11 12:00:00+00:00,75,2499.0,0.13267609926151858,-0.05,2499.0,0.9090578392142598,0.11606314007076571,1.7486660404387875,0.053099454079092646,0.024994039601624177,0.12209731457034463,0.05810686782370192,0.13267609926151858,False,False,False,False,False,False,False,50.0,ORACLE_IDENTITY_FROZEN_QB_ELO_FORMULA
2025,12,REG,2025_12_ATL_NO,away,ATL,NO,Kirk Cousins,CousKi00,00-0029604,ORACLE_STARTER_IDENTITY_ONLY,POSTGAME_ACTUAL_STARTER,False,CREDITED,2025-11-18 12:00:00+00:00,2025-11-18 12:00:00+00:00,108,3920.0,0.08457889247150954,-0.05,3920.0,0.9400479616306955,0.0765106135463591,2.3375639921678757,0.059613814729985545,0.020165848325410227,-0.2560844753005617,-0.24083095640699798,0.08457889247150954,False,False,False,False,False,False,False,50.0,ORACLE_IDENTITY_FROZEN_QB_ELO_FORMULA
2025,12,REG,2025_12_ATL_NO,home,NO,ATL,Tyler Shough,ShouTy00,00-0040743,ORACLE_STARTER_IDENTITY_ONLY,POSTGAME_ACTUAL_STARTER,False,CREDITED,2025-11-18 12:00:00+00:00,2025-11-11 12:00:00+00:00,4,88.0,-0.06037796939913294,-0.05,88.0,0.2603550295857988,-0.05270195652995177,-1.7083458795154227,0.07390539919318162,0.028462964283168177,-0.08612486858232081,-0.06037796939913294,-0.06037796939913294,False,True,False,False,False,False,False,-1.3509782649758841,ORACLE_IDENTITY_FROZEN_QB_ELO_FORMULA
2025,12,REG,2025_12_BUF_HOU,away,BUF,HOU,Josh Allen,AlleJo02,00-0034857,ORACLE_STARTER_IDENTITY_ONLY,POSTGAME_ACTUAL_STARTER,False,CREDITED,2025-11-18 12:00:00+00:00,2025-11-18 12:00:00+00:00,133,4617.0,0.14367524904662732,-0.05,4617.0,0.9486336552290939,0.13372685943050716,1.8643515683334342,0.05105891358989372,0.02211637784238835,0.2539982621514003,0.21175183015855817,0.14367524904662732,False,False,False,False,False,False,False,50.0,ORACLE_IDENTITY_FROZEN_QB_ELO_FORMULA
2025,12,REG,2025_12_BUF_HOU,home,HOU,BUF,Davis Mills,MillDa02,00-0036898,ORACLE_STARTER_IDENTITY_ONLY,POSTGAME_ACTUAL_STARTER,False,CREDITED,2025-11-18 12:00:00+00:00,2025-11-18 12:00:00+00:00,42,1143.0,-0.11193883724422322,-0.05,1143.0,0.8205312275664034,-0.10082275015803815,-2.911887488632372,0.0662425601518926,0.02534085635984278,-0.021782056074689086,-0.033469674978781734,-0.11193883724422322,False,False,False,False,False,False,False,-25.411375079019077,ORACLE_IDENTITY_FROZEN_QB_ELO_FORMULA
2025,12,REG,2025_12_CAR_SF,away,CAR,SF,Bryce Young,YounBr01,00-0039150,ORACLE_STARTER_IDENTITY_ONLY,POSTGAME_ACTUAL_STARTER,False,CREDITED,2025-11-18 12:00:00+00:00,2025-11-18 12:00:00+00:00,40,1335.0,-0.14938712235793938,-0.05,1335.0,0.8422712933753943,-0.13371092009328017,-0.5656632411740827,0.07988365278600477,0.022608639670379196,-0.0468078268143933,-0.07287323234596278,-0.14938712235793938,False,False,False,False,False,False,False,-41.85546004664008,ORACLE_IDENTITY_FROZEN_QB_ELO_FORMULA
2025,12,REG,2025_12_CAR_SF,home,SF,CAR,Brock Purdy,PurdBr00,00-0037834,ORACLE_STARTER_IDENTITY_ONLY,POSTGAME_ACTUAL_STARTER,False,CREDITED,2025-11-18 12:00:00+00:00,2025-11-18 12:00:00+00:00,49,1420.0,0.2318695530172964,-0.05,1420.0,0.8502994011976048,0.18967351214644365,2.257228470702972,0.05917308527573121,0.024811840098742023,0.22755595166340706,0.2481587095787727,0.2318695530172964,False,False,False,False,False,False,False,50.0,ORACLE_IDENTITY_FROZEN_QB_ELO_FORMULA
2025,12,REG,2025_12_CLE_LV,away,CLE,LV,Shedeur Sanders,SandSh00,00-0040668,ORACLE_STARTER_IDENTITY_ONLY,POSTGAME_ACTUAL_STARTER,False,CREDITED,2025-11-18 12:00:00+00:00,2025-11-18 12:00:00+00:00,1,18.0,-0.8004659601526024,-0.05,18.0,0.06716417910447761,-0.10040443015950315,-3.2706967174117247,0.08208955223880597,0.032182835820895525,-0.8004659601526024,-0.8004659601526024,-0.8004659601526024,False,True,False,False,False,False,False,-25.202215079751575,ORACLE_IDENTITY_FROZEN_QB_ELO_FORMULA
2025,12,REG,2025_12_CLE_LV,home,LV,CLE,Geno Smith,SmitGe00,00-0030565,ORACLE_STARTER_IDENTITY_ONLY,POSTGAME_ACTUAL_STARTER,False,CREDITED,2025-11-18 12:00:00+00:00,2025-11-18 12:00:00+00:00,69,2273.0,0.01968034202754216,-0.05,2273.0,0.9009116131589378,0.012775829341499532,3.424189091893305,0.07566068607260262,0.024453615199865577,-0.2409710210378776,-0.1333523688955735,0.01968034202754216,False,False,False,False,False,False,False,31.387914670749765,ORACLE_IDENTITY_FROZEN_QB_ELO_FORMULA
2025,12,REG,2025_12_IND_KC,away,IND,KC,Daniel Jones,JoneDa05,00-0035710,ORACLE_STARTER_IDENTITY_ONLY,POSTGAME_ACTUAL_STARTER,False,CREDITED,2025-11-18 12:00:00+00:00,2025-11-11 12:00:00+00:00,82,2859.0,-0.02242957758892419,-0.05,2859.0,0.9195882920553232,-0.02464656234375499,0.0664538608882117,0.07941660561727462,0.021701960720812756,0.09605752714623902,0.19931863560291616,-0.02242957758892419,False,False,False,False,False,False,False,12.676718828122507,ORACLE_IDENTITY_FROZEN_QB_ELO_FORMULA
2025,12,REG,2025_12_IND_KC,home,KC,IND,Patrick Mahomes,MahoPa00,00-0033873,ORACLE_STARTER_IDENTITY_ONLY,POSTGAME_ACTUAL_STARTER,False,CREDITED,2025-11-18 12:00:00+00:00,2025-11-18 12:00:00+00:00,142,5500.0,0.22779163155301096,-0.05,5500.0,0.9565217391304348,0.21571373452896703,2.8373725310867135,0.045495858500064386,0.017513493824298818,0.19278692557542645,0.18817643708385887,0.22779163155301096,False,False,False,False,False,False,False,50.0,ORACLE_IDENTITY_FROZEN_QB_ELO_FORMULA
2025,12,REG,2025_12_JAX_ARI,away,JAX,ARI,Trevor Lawrence,LawrTr00,00-0036971,ORACLE_STARTER_IDENTITY_ONLY,POSTGAME_ACTUAL_STARTER,False,CREDITED,2025-11-18 12:00:00+00:00,2025-11-18 12:00:00+00:00,72,2600.0,0.006776562417437475,-0.05,2600.0,0.9122807017543859,0.0017961622053815534,-1.5855614937255218,0.05491469585888012,0.024529284969951323,-0.05923527623089775,-0.043939559039828414,0.006776562417437475,False,False,False,False,False,False,False,25.898081102690778,ORACLE_IDENTITY_FROZEN_QB_ELO_FORMULA
2025,12,REG,2025_12_JAX_ARI,home,ARI,JAX,Jacoby Brissett,BrisJa00,00-0033119,ORACLE_STARTER_IDENTITY_ONLY,POSTGAME_ACTUAL_STARTER,False,CREDITED,2025-11-18 12:00:00+00:00,2025-11-18 12:00:00+00:00,71,1558.0,-0.0009801666476852782,-0.05,1558.0,0.8617256637168141,-0.007758351569188974,-0.3328825643203104,0.06861019065159497,0.01603410131217577,-0.06811170445831942,0.05015885227516929,-0.0009801666476852782,False,False,False,False,False,False,False,21.120824215405516,ORACLE_IDENTITY_FROZEN_QB_ELO_FORMULA
2025,12,REG,2025_12_MIN_GB,away,MIN,GB,J.J. McCarthy,McCaJJ00,00-0039923,ORACLE_STARTER_IDENTITY_ONLY,POSTGAME_ACTUAL_STARTER,False,CREDITED,2025-11-18 12:00:00+00:00,2025-11-18 12:00:00+00:00,5,155.0,-0.36725595051649074,-0.05,155.0,0.38271604938271603,-0.17141894402482977,-4.110361379437478,0.08333174323793355,0.04038800705467372,-0.372227254999817,-0.36725595051649074,-0.36725595051649074,False,False,False,False,False,False,False,-50.0,ORACLE_IDENTITY_FROZEN_QB_ELO_FORMULA
2025,12,REG,2025_12_MIN_GB,home,GB,MIN,Jordan Love,LoveJo03,00-0036264,ORACLE_STARTER_IDENTITY_ONLY,POSTGAME_ACTUAL_STARTER,False,CREDITED,2025-11-18 12:00:00+00:00,2025-11-18 12:00:00+00:00,55,1550.0,0.16323354777683793,-0.05,1550.0,0.8611111111111112,0.1336177772522771,1.2746255237332136,0.04585917362856654,0.02330246913580247,0.22147717872329378,0.256904320334338,0.16323354777683793,False,False,False,False,False,False,False,50.0,ORACLE_IDENTITY_FROZEN_QB_ELO_FORMULA
2025,12,REG,2025_12_NE_CIN,away,NE,CIN,Drake Maye,MayeDr00,00-0039851,ORACLE_STARTER_IDENTITY_ONLY,POSTGAME_ACTUAL_STARTER,False,CREDITED,2025-11-18 12:00:00+00:00,2025-11-18 12:00:00+00:00,24,728.0,0.10469749791909136,-0.05,728.0,0.7443762781186094,0.06515314773527454,4.489710330972418,0.08987238132442413,0.024637775747291476,0.29308734841893475,0.2797455666785128,0.10469749791909136,False,False,False,False,False,False,False,50.0,ORACLE_IDENTITY_FROZEN_QB_ELO_FORMULA
2025,12,REG,2025_12_NE_CIN,home,CIN,NE,Joe Flacco,FlacJo00,00-0026158,ORACLE_STARTER_IDENTITY_ONLY,POSTGAME_ACTUAL_STARTER,False,CREDITED,2025-11-18 12:00:00+00:00,2025-11-18 12:00:00+00:00,51,1987.0,-0.03168625254325587,-0.05,1987.0,0.8882431828341529,-0.03373293866940072,-1.500842979445141,0.055860496557588554,0.02367971721421361,0.0013986373310198644,-0.06258425372857485,-0.03168625254325587,False,False,False,False,False,False,False,8.133530665299642,ORACLE_IDENTITY_FROZEN_QB_ELO_FORMULA
2025,12,REG,2025_12_NYG_DET,away,NYG,DET,Jameis Winston,WinsJa00,00-0031503,ORACLE_STARTER_IDENTITY_ONLY,POSTGAME_ACTUAL_STARTER,False,CREDITED,2025-11-18 12:00:00+00:00,2025-11-18 12:00:00+00:00,59,1790.0,0.05270739208118748,-0.05,1790.0,0.8774509803921569,0.0401207018751596,-0.026793796105868586,0.06994595679826328,0.03953384238310709,-0.12289626446478998,0.2064452518562546,0.05270739208118748,False,False,False,False,False,False,False,45.060350937579805,ORACLE_IDENTITY_FROZEN_QB_ELO_FORMULA
2025,12,REG,2025_12_NYG_DET,home,DET,NYG,Jared Goff,GoffJa00,00-0033106,ORACLE_STARTER_IDENTITY_ONLY,POSTGAME_ACTUAL_STARTER,False,CREDITED,2025-11-18 12:00:00+00:00,2025-11-18 12:00:00+00:00,131,4814.0,0.13077674720921062,-0.05,4814.0,0.9506319115323855,0.12185214476009872,0.7603758294843306,0.049200769923368554,0.019966128982711485,0.10820102493724605,0.20272022356846453,0.13077674720921062,False,False,False,False,False,False,False,50.0,ORACLE_IDENTITY_FROZEN_QB_ELO_FORMULA
2025,12,REG,2025_12_NYJ_BAL,away,NYJ,BAL,Tyrod Taylor,TaylTy00,00-0028118,ORACLE_STARTER_IDENTITY_ONLY,POSTGAME_ACTUAL_STARTER,False,CREDITED,2025-11-18 12:00:00+00:00,2025-10-21 12:00:00+00:00,33,607.0,-0.045319779805682685,-0.05,607.0,0.7082847141190198,-0.0466850715776539,-0.8329246966103407,0.08667205021238854,0.026780524026731728,0.09208580249169081,-0.09107923771733181,-0.045319779805682685,False,False,False,False,False,False,False,1.6574642111730522,ORACLE_IDENTITY_FROZEN_QB_ELO_FORMULA
2025,12,REG,2025_12_NYJ_BAL,home,BAL,NYJ,Lamar Jackson,JackLa00,00-0034796,ORACLE_STARTER_IDENTITY_ONLY,POSTGAME_ACTUAL_STARTER,False,CREDITED,2025-11-18 12:00:00+00:00,2025-11-18 12:00:00+00:00,118,3243.0,0.14938918439756876,-0.05,3243.0,0.928428285141712,0.13511855854603938,1.6348888843146567,0.07319872324448538,0.02041232944620246,-0.015482430138852215,0.10558644983953493,0.14938918439756876,False,False,False,False,False,False,False,50.0,ORACLE_IDENTITY_FROZEN_QB_ELO_FORMULA
2025,12,REG,2025_12_PHI_DAL,away,PHI,DAL,Jalen Hurts,HurtJa00,00-0036389,ORACLE_STARTER_IDENTITY_ONLY,POSTGAME_ACTUAL_STARTER,False,CREDITED,2025-11-18 12:00:00+00:00,2025-11-18 12:00:00+00:00,95,2663.0,0.09564460632983239,-0.05,2663.0,0.9141778235496052,0.08314506922634524,2.552473757628034,0.07290161854012969,0.018528255558379142,0.12854983671421805,0.08146268119432447,0.09564460632983239,False,False,False,False,False,False,False,50.0,ORACLE_IDENTITY_FROZEN_QB_ELO_FORMULA
2025,12,REG,2025_12_PHI_DAL,home,DAL,PHI,Dak Prescott,PresDa01,00-0033077,ORACLE_STARTER_IDENTITY_ONLY,POSTGAME_ACTUAL_STARTER,False,CREDITED,2025-11-18 12:00:00+00:00,2025-11-18 12:00:00+00:00,106,4038.0,0.13288566085291176,-0.05,4038.0,0.9416977611940298,0.12222301737967764,1.436746676074131,0.05614108587705524,0.020780754201433774,0.15236879225333036,0.18685373436522432,0.13288566085291176,False,False,False,False,False,False,False,50.0,ORACLE_IDENTITY_FROZEN_QB_ELO_FORMULA
2025,12,REG,2025_12_PIT_CHI,away,PIT,CHI,Mason Rudolph,RudoMa00,00-0034771,ORACLE_STARTER_IDENTITY_ONLY,POSTGAME_ACTUAL_STARTER,False,CREDITED,2025-11-18 12:00:00+00:00,2025-11-18 12:00:00+00:00,32,777.0,0.011608806597906819,-0.05,777.0,0.7565725413826679,-0.003388468620668359,0.04218176709347693,0.05159229390656132,0.028686435291542876,0.2329682353978893,0.5894103761156264,0.011608806597906819,False,False,False,False,False,False,False,23.305765689665822,ORACLE_IDENTITY_FROZEN_QB_ELO_FORMULA
2025,12,REG,2025_12_PIT_CHI,home,CHI,PIT,Caleb Williams,WillCa03,00-0039918,ORACLE_STARTER_IDENTITY_ONLY,POSTGAME_ACTUAL_STARTER,False,CREDITED,2025-11-18 12:00:00+00:00,2025-11-18 12:00:00+00:00,27,971.0,-0.014121372300401171,-0.05,971.0,0.7952497952497952,-0.0214675286680504,-1.4405586738489449,0.08197329815119347,0.015108118264826269,0.05749506532917034,0.06719002057695618,-0.014121372300401171,False,False,False,False,False,False,False,14.266235665974802,ORACLE_IDENTITY_FROZEN_QB_ELO_FORMULA
2025,12,REG,2025_12_SEA_TEN,away,SEA,TEN,Sam Darnold,DarnSa00,00-0034869,ORACLE_STARTER_IDENTITY_ONLY,POSTGAME_ACTUAL_STARTER,False,CREDITED,2025-11-18 12:00:00+00:00,2025-11-18 12:00:00+00:00,94,2884.0,-0.021143712793035934,-0.05,2884.0,0.9202297383535418,-0.0234455863736808,0.22838347730863462,0.07322904655589407,0.029641289757163538,0.23922726193542088,0.2330369802739527,-0.021143712793035934,False,False,False,False,False,False,False,13.277206813159601,ORACLE_IDENTITY_FROZEN_QB_ELO_FORMULA
2025,12,REG,2025_12_SEA_TEN,home,TEN,SEA,Cam Ward,WardCa00,00-0040676,ORACLE_STARTER_IDENTITY_ONLY,POSTGAME_ACTUAL_STARTER,False,CREDITED,2025-11-18 12:00:00+00:00,2025-11-18 12:00:00+00:00,10,373.0,-0.22923745014679595,-0.05,373.0,0.5987158908507223,-0.1573123096384509,-3.5235787050517335,0.09694573609054657,0.022858689976599816,-0.16481893104120235,-0.22923745014679595,-0.22923745014679595,False,False,False,False,False,False,False,-50.0,ORACLE_IDENTITY_FROZEN_QB_ELO_FORMULA
2025,12,REG,2025_12_TB_LA,away,TB,LAR,Baker Mayfield,MayfBa00,00-0034855,ORACLE_STARTER_IDENTITY_ONLY,POSTGAME_ACTUAL_STARTER,False,CREDITED,2025-11-18 12:00:00+00:00,2025-11-18 12:00:00+00:00,121,4181.0,0.0742191356592072,-0.05,4181.0,0.9435793274655834,0.06721060848367079,-0.48407323871017743,0.06519735245878527,0.0249132342331194,-0.04755907372783281,0.035624875672520914,0.0742191356592072,False,False,False,False,False,False,False,50.0,ORACLE_IDENTITY_FROZEN_QB_ELO_FORMULA
2025,12,REG,2025_12_TB_LA,home,LAR,TB,Matthew Stafford,StafMa00,00-0026498,ORACLE_STARTER_IDENTITY_ONLY,POSTGAME_ACTUAL_STARTER,False,CREDITED,2025-11-18 12:00:00+00:00,2025-11-18 12:00:00+00:00,114,4144.0,0.11900552608286603,-0.05,4144.0,0.9431042330450614,0.1093898270567585,-0.2640080012704645,0.05780361050661573,0.019838843651657542,0.20993332125324546,0.2351116156499635,0.11900552608286603,False,False,False,False,False,False,False,50.0,ORACLE_IDENTITY_FROZEN_QB_ELO_FORMULA
2025,13,REG,2025_13_ARI_TB,away,ARI,TB,Jacoby Brissett,BrisJa00,00-0033119,ORACLE_STARTER_IDENTITY_ONLY,POSTGAME_ACTUAL_STARTER,False,CREDITED,2025-11-25 12:00:00+00:00,2025-11-25 12:00:00+00:00,72,1613.0,-0.00600640020421002,-0.05,1613.0,0.8658078368223295,-0.0119099965267798,-0.23514513399468084,0.06975204703079757,0.015577570590091013,-0.053789477327154174,0.011799354200499395,-0.00600640020421002,False,False,False,False,False,False,False,19.0450017366101,ORACLE_IDENTITY_FROZEN_QB_ELO_FORMULA
2025,13,REG,2025_13_ARI_TB,home,TB,ARI,Baker Mayfield,MayfBa00,00-0034855,ORACLE_STARTER_IDENTITY_ONLY,POSTGAME_ACTUAL_STARTER,False,CREDITED,2025-11-25 12:00:00+00:00,2025-11-25 12:00:00+00:00,122,4202.0,0.06965030609094087,-0.05,4202.0,0.9438454627133872,0.0629313985162025,-0.5754927751086112,0.06533465580152262,0.025280772686433067,-0.28458861132649244,-0.01222058663348726,0.06965030609094087,False,False,False,False,False,False,False,50.0,ORACLE_IDENTITY_FROZEN_QB_ELO_FORMULA
2025,13,REG,2025_13_ATL_NYJ,away,ATL,NYJ,Kirk Cousins,CousKi00,00-0029604,ORACLE_STARTER_IDENTITY_ONLY,POSTGAME_ACTUAL_STARTER,False,CREDITED,2025-11-25 12:00:00+00:00,2025-11-25 12:00:00+00:00,109,3946.0,0.08323966306965495,-0.05,3946.0,0.940419447092469,0.07530117027475178,2.3659091823110816,0.05993866696368367,0.020301607428043145,-0.22770312613173824,-0.20725010437861313,0.08323966306965495,False,False,False,False,False,False,False,50.0,ORACLE_IDENTITY_FROZEN_QB_ELO_FORMULA
2025,13,REG,2025_13_ATL_NYJ,home,NYJ,ATL,Tyrod Taylor,TaylTy00,00-0028118,ORACLE_STARTER_IDENTITY_ONLY,POSTGAME_ACTUAL_STARTER,False,CREDITED,2025-11-25 12:00:00+00:00,2025-11-25 12:00:00+00:00,34,638.0,-0.04192153667998262,-0.05,638.0,0.7184684684684685,-0.044195878830888415,-0.8545618726689177,0.08702394139990294,0.02709132142523146,0.07503821073426374,-0.057620997014436855,-0.04192153667998262,False,False,False,False,False,False,False,2.902060584555794,ORACLE_IDENTITY_FROZEN_QB_ELO_FORMULA
2025,13,REG,2025_13_BUF_PIT,away,BUF,PIT,Josh Allen,AlleJo02,00-0034857,ORACLE_STARTER_IDENTITY_ONLY,POSTGAME_ACTUAL_STARTER,False,CREDITED,2025-11-25 12:00:00+00:00,2025-11-25 12:00:00+00:00,134,4659.0,0.1412338169035226,-0.05,4659.0,0.9490731309839071,0.13149487735862941,1.8565531332253933,0.052076170291694215,0.02238419340746489,0.1324862575200773,0.1717179303497818,0.1412338169035226,False,False,False,False,False,False,False,50.0,ORACLE_IDENTITY_FROZEN_QB_ELO_FORMULA
2025,13,REG,2025_13_BUF_PIT,home,PIT,BUF,Aaron Rodgers,RodgAa00,00-0023459,ORACLE_STARTER_IDENTITY_ONLY,POSTGAME_ACTUAL_STARTER,False,CREDITED,2025-11-25 12:00:00+00:00,2025-11-18 12:00:00+00:00,114,4060.0,0.12436100496275115,-0.05,4060.0,0.9419953596287703,0.11424725757512058,1.7117104714991078,0.059064689929331074,0.013582930531770985,-0.0378346215436876,0.03281180966409104,0.12436100496275115,False,False,False,False,False,False,False,50.0,ORACLE_IDENTITY_FROZEN_QB_ELO_FORMULA
2025,13,REG,2025_13_CHI_PHI,away,CHI,PHI,Caleb Williams,WillCa03,00-0039918,ORACLE_STARTER_IDENTITY_ONLY,POSTGAME_ACTUAL_STARTER,False,CREDITED,2025-11-25 12:00:00+00:00,2025-11-25 12:00:00+00:00,28,1007.0,-0.013019664332467746,-0.05,1007.0,0.8011137629276054,-0.020374544139057295,-1.5158930845495253,0.08032425586038663,0.014655456558241312,0.029401658424171296,0.06210634278730927,-0.013019664332467746,False,False,False,False,False,False,False,14.812727930471354,ORACLE_IDENTITY_FROZEN_QB_ELO_FORMULA
2025,13,REG,2025_13_CHI_PHI,home,PHI,CHI,Jalen Hurts,HurtJa00,00-0036389,ORACLE_STARTER_IDENTITY_ONLY,POSTGAME_ACTUAL_STARTER,False,CREDITED,2025-11-25 12:00:00+00:00,2025-11-25 12:00:00+00:00,96,2703.0,0.09734464625452928,-0.05,2703.0,0.9153403318658991,0.08487049740128434,2.6089579948674566,0.07221891390405238,0.018264773771643344,0.1534586274970984,0.09707402863523723,0.09734464625452928,False,False,False,False,False,False,False,50.0,ORACLE_IDENTITY_FROZEN_QB_ELO_FORMULA
2025,13,REG,2025_13_CIN_BAL,away,CIN,BAL,Joe Burrow,BurrJo01,00-0036442,ORACLE_STARTER_IDENTITY_ONLY,POSTGAME_ACTUAL_STARTER,False,CREDITED,2025-11-25 12:00:00+00:00,2025-09-16 12:00:00+00:00,78,3064.0,0.12853258060789205,-0.05,3064.0,0.9245624622812312,0.11506452232425506,3.7622090910090575,0.07345120553586046,0.018575096178867778,0.0659155011914695,-0.003499797350822283,0.12853258060789205,False,False,False,False,False,False,False,50.0,ORACLE_IDENTITY_FROZEN_QB_ELO_FORMULA
2025,13,REG,2025_13_CIN_BAL,home,BAL,CIN,Lamar Jackson,JackLa00,00-0034796,ORACLE_STARTER_IDENTITY_ONLY,POSTGAME_ACTUAL_STARTER,False,CREDITED,2025-11-25 12:00:00+00:00,2025-11-25 12:00:00+00:00,119,3267.0,0.1482296819439012,-0.05,3267.0,0.9289166903611032,0.13413886008266285,1.6314752570036994,0.07297592526467202,0.020268199067891287,-0.017135527580155213,0.09278361127467047,0.1482296819439012,False,False,False,False,False,False,False,50.0,ORACLE_IDENTITY_FROZEN_QB_ELO_FORMULA
2025,13,REG,2025_13_DEN_WAS,away,DEN,WAS,Bo Nix,NixxBo00,00-0039732,ORACLE_STARTER_IDENTITY_ONLY,POSTGAME_ACTUAL_STARTER,False,CREDITED,2025-11-25 12:00:00+00:00,2025-11-18 12:00:00+00:00,29,1014.0,0.058518221302771525,-0.05,1014.0,0.8022151898734177,0.03705496550712842,-0.7946808518686457,0.04518160959692172,0.022372380161859304,0.05686295443869008,0.07630156126581127,0.058518221302771525,False,False,False,False,False,False,False,43.52748275356421,ORACLE_IDENTITY_FROZEN_QB_ELO_FORMULA
2025,13,REG,2025_13_DEN_WAS,home,WAS,DEN,Marcus Mariota,MariMa01,00-0032268,ORACLE_STARTER_IDENTITY_ONLY,POSTGAME_ACTUAL_STARTER,False,CREDITED,2025-11-25 12:00:00+00:00,2025-11-18 12:00:00+00:00,57,1140.0,0.037222079781676486,-0.05,1140.0,0.8201438848920863,0.02153465536051165,1.1503023743659884,0.08882218395522844,0.026118463829519475,-0.011231141174730268,0.03941189712460837,0.037222079781676486,False,False,False,False,False,False,False,35.767327680255825,ORACLE_IDENTITY_FROZEN_QB_ELO_FORMULA
2025,13,REG,2025_13_GB_DET,away,GB,DET,Jordan Love,LoveJo03,00-0036264,ORACLE_STARTER_IDENTITY_ONLY,POSTGAME_ACTUAL_STARTER,False,CREDITED,2025-11-25 12:00:00+00:00,2025-11-25 12:00:00+00:00,56,1572.0,0.16443758108964998,-0.05,1572.0,0.862788144895719,0.1350142027842644,1.3128277915919067,0.04585406476454636,0.023022071975544588,0.23631792623039458,0.2564396313475931,0.16443758108964998,False,False,False,False,False,False,False,50.0,ORACLE_IDENTITY_FROZEN_QB_ELO_FORMULA
2025,13,REG,2025_13_GB_DET,home,DET,GB,Jared Goff,GoffJa00,00-0033106,ORACLE_STARTER_IDENTITY_ONLY,POSTGAME_ACTUAL_STARTER,False,CREDITED,2025-11-25 12:00:00+00:00,2025-11-25 12:00:00+00:00,132,4859.0,0.1281987461619511,-0.05,4859.0,0.9510667449598748,0.1194789014681778,0.7288432161800684,0.04935155783287356,0.01999928300439465,0.0245626046401248,0.16030711889692917,0.1281987461619511,False,False,False,False,False,False,False,50.0,ORACLE_IDENTITY_FROZEN_QB_ELO_FORMULA
2025,13,REG,2025_13_HOU_IND,away,HOU,IND,C.J. Stroud,StroCJ00,00-0039163,ORACLE_STARTER_IDENTITY_ONLY,POSTGAME_ACTUAL_STARTER,False,CREDITED,2025-11-25 12:00:00+00:00,2025-11-04 12:00:00+00:00,44,1506.0,0.06469627402878102,-0.05,1506.0,0.857630979498861,0.04836707784017324,-0.5392605810561182,0.07592926591550588,0.01848253497272423,0.21099162728487725,0.09110082758507726,0.06469627402878102,False,False,False,False,False,False,False,49.18353892008662,ORACLE_IDENTITY_FROZEN_QB_ELO_FORMULA
2025,13,REG,2025_13_HOU_IND,home,IND,HOU,Daniel Jones,JoneDa05,00-0035710,ORACLE_STARTER_IDENTITY_ONLY,POSTGAME_ACTUAL_STARTER,False,CREDITED,2025-11-25 12:00:00+00:00,2025-11-25 12:00:00+00:00,83,2890.0,-0.021628600038387485,-0.05,2890.0,0.9203821656050956,-0.02388746946208275,0.010312597077247937,0.0785625599750982,0.021469205634289747,0.07281967997065794,0.1857494894104214,-0.021628600038387485,False,False,False,False,False,False,False,13.056265268958628,ORACLE_IDENTITY_FROZEN_QB_ELO_FORMULA
2025,13,REG,2025_13_JAX_TEN,away,JAX,TEN,Trevor Lawrence,LawrTr00,00-0036971,ORACLE_STARTER_IDENTITY_ONLY,POSTGAME_ACTUAL_STARTER,False,CREDITED,2025-11-25 12:00:00+00:00,2025-11-25 12:00:00+00:00,73,2633.0,0.0034042353351532314,-0.05,2633.0,0.9132847728061048,-0.0012267250650508294,-1.6007753524295745,0.05531002892705789,0.025360160961306607,-0.11392033177382889,-0.06260495615125565,0.0034042353351532314,False,False,False,False,False,False,False,24.386637467474586,ORACLE_IDENTITY_FROZEN_QB_ELO_FORMULA
2025,13,REG,2025_13_JAX_TEN,home,TEN,JAX,Cam Ward,WardCa00,00-0040676,ORACLE_STARTER_IDENTITY_ONLY,POSTGAME_ACTUAL_STARTER,False,CREDITED,2025-11-25 12:00:00+00:00,2025-11-25 12:00:00+00:00,11,419.0,-0.1983193526854412,-0.05,419.0,0.6263079222720478,-0.14289358561315374,-2.930365052756583,0.09622526919306967,0.02125848300999976,-0.10251862285334809,-0.1983193526854412,-0.1983193526854412,False,False,False,False,False,False,False,-46.446792806576866,ORACLE_IDENTITY_FROZEN_QB_ELO_FORMULA
2025,13,REG,2025_13_KC_DAL,away,KC,DAL,Patrick Mahomes,MahoPa00,00-0033873,ORACLE_STARTER_IDENTITY_ONLY,POSTGAME_ACTUAL_STARTER,False,CREDITED,2025-11-25 12:00:00+00:00,2025-11-25 12:00:00+00:00,143,5550.0,0.2272899674853786,-0.05,5550.0,0.9568965517241379,0.21533781371445712,2.823444267449019,0.045782038417413774,0.017548424258991682,0.18595220404263954,0.1861235690623964,0.2272899674853786,False,False,False,False,False,False,False,50.0,ORACLE_IDENTITY_FROZEN_QB_ELO_FORMULA
2025,13,REG,2025_13_KC_DAL,home,DAL,KC,Dak Prescott,PresDa01,00-0033077,ORACLE_STARTER_IDENTITY_ONLY,POSTGAME_ACTUAL_STARTER,False,CREDITED,2025-11-25 12:00:00+00:00,2025-11-25 12:00:00+00:00,107,4075.0,0.132796435628681,-0.05,4075.0,0.9421965317919075,0.12223016767326592,1.4370020770029486,0.05588471045624112,0.020842614051382866,0.14980159882796634,0.18110998848875492,0.132796435628681,False,False,False,False,False,False,False,50.0,ORACLE_IDENTITY_FROZEN_QB_ELO_FORMULA
2025,13,REG,2025_13_LA_CAR,away,LAR,CAR,Matthew Stafford,StafMa00,00-0026498,ORACLE_STARTER_IDENTITY_ONLY,POSTGAME_ACTUAL_STARTER,False,CREDITED,2025-11-25 12:00:00+00:00,2025-11-25 12:00:00+00:00,115,4180.0,0.11997755835297604,-0.05,4180.0,0.9435665914221218,0.11038514535337242,-0.22223343562707698,0.0575520336826454,0.01967254858778836,0.22290741986938137,0.2344740979027906,0.11997755835297604,False,False,False,False,False,False,False,50.0,ORACLE_IDENTITY_FROZEN_QB_ELO_FORMULA
2025,13,REG,2025_13_LA_CAR,home,CAR,LAR,Bryce Young,YounBr01,00-0039150,ORACLE_STARTER_IDENTITY_ONLY,POSTGAME_ACTUAL_STARTER,False,CREDITED,2025-11-25 12:00:00+00:00,2025-11-25 12:00:00+00:00,41,1365.0,-0.15363545279100546,-0.05,1365.0,0.8452012383900929,-0.13759281304007584,-0.605494438472832,0.07897379574284688,0.02351607981394522,-0.12487946430490739,-0.09487413372617322,-0.15363545279100546,False,False,False,False,False,False,False,-43.79640652003792,ORACLE_IDENTITY_FROZEN_QB_ELO_FORMULA
2025,13,REG,2025_13_LV_LAC,away,LV,LAC,Geno Smith,SmitGe00,00-0030565,ORACLE_STARTER_IDENTITY_ONLY,POSTGAME_ACTUAL_STARTER,False,CREDITED,2025-11-25 12:00:00+00:00,2025-11-25 12:00:00+00:00,70,2327.0,0.011569594723314813,-0.05,2327.0,0.902987970508343,0.005596603384227227,3.371961702036566,0.07769108286827574,0.023998356459442444,-0.29496713073272574,-0.16349339281919356,0.011569594723314813,False,False,False,False,False,False,False,27.798301692113615,ORACLE_IDENTITY_FROZEN_QB_ELO_FORMULA
2025,13,REG,2025_13_LV_LAC,home,LAC,LV,Justin Herbert,HerbJu00,00-0036355,ORACLE_STARTER_IDENTITY_ONLY,POSTGAME_ACTUAL_STARTER,False,CREDITED,2025-11-25 12:00:00+00:00,2025-11-18 12:00:00+00:00,92,3590.0,0.09677182077788314,-0.05,3590.0,0.9348958333333334,0.08721636369598972,0.0843200515350909,0.05909221702671993,0.018009967858552956,-0.17301651805759025,0.025058331732337635,0.09677182077788314,False,False,False,False,False,False,False,50.0,ORACLE_IDENTITY_FROZEN_QB_ELO_FORMULA
2025,13,REG,2025_13_MIN_SEA,away,MIN,SEA,Max Brosmer,BrosMa00,00-0040494,ORACLE_STARTER_IDENTITY_ONLY,POSTGAME_ACTUAL_STARTER,False,CREDITED,2025-11-25 12:00:00+00:00,2025-10-28 12:00:00+00:00,3,8.0,-0.47921943370602094,-0.05,8.0,0.031007751937984496,-0.06330912972731847,-1.5581367782844129,0.07751937984496124,0.02906976744186046,-0.41114429170141065,-0.47921943370602094,-0.47921943370602094,False,True,False,False,False,False,False,-6.654564863659236,ORACLE_IDENTITY_FROZEN_QB_ELO_FORMULA
2025,13,REG,2025_13_MIN_SEA,home,SEA,MIN,Sam Darnold,DarnSa00,00-0034869,ORACLE_STARTER_IDENTITY_ONLY,POSTGAME_ACTUAL_STARTER,False,CREDITED,2025-11-25 12:00:00+00:00,2025-11-25 12:00:00+00:00,95,2911.0,-0.01757232166872871,-0.05,2911.0,0.920911104080987,-0.02013699094516586,0.24506623386861176,0.07290770042153515,0.029377855156114553,0.25017339002044425,0.2431584603419603,-0.01757232166872871,False,False,False,False,False,False,False,14.931504527417072,ORACLE_IDENTITY_FROZEN_QB_ELO_FORMULA
2025,13,REG,2025_13_NO_MIA,away,NO,MIA,Tyler Shough,ShouTy00,00-0040743,ORACLE_STARTER_IDENTITY_ONLY,POSTGAME_ACTUAL_STARTER,False,CREDITED,2025-11-25 12:00:00+00:00,2025-11-25 12:00:00+00:00,5,136.0,-0.11294664170388208,-0.05,136.0,0.35233160621761656,-0.07217809137753359,-1.5078113950878453,0.07747281943369133,0.027818899580557613,-0.1281768957285989,-0.11294664170388208,-0.11294664170388208,False,False,False,False,False,False,False,-11.089045688766792,ORACLE_IDENTITY_FROZEN_QB_ELO_FORMULA
2025,13,REG,2025_13_NO_MIA,home,MIA,NO,Tua Tagovailoa,TagoTu00,00-0036212,ORACLE_STARTER_IDENTITY_ONLY,POSTGAME_ACTUAL_STARTER,False,CREDITED,2025-11-25 12:00:00+00:00,2025-11-18 12:00:00+00:00,76,2522.0,0.13227915695246445,-0.05,2522.0,0.9098124098124099,0.11583983904549616,1.7512443102644157,0.05368691624251763,0.024803249049480204,0.11514456779612717,0.059848811396570736,0.13227915695246445,False,False,False,False,False,False,False,50.0,ORACLE_IDENTITY_FROZEN_QB_ELO_FORMULA
2025,13,REG,2025_13_NYG_NE,away,NYG,NE,Jaxson Dart,DartJa00,00-0040691,ORACLE_STARTER_IDENTITY_ONLY,POSTGAME_ACTUAL_STARTER,False,CREDITED,2025-11-25 12:00:00+00:00,2025-11-11 12:00:00+00:00,9,225.0,0.029919246047610912,-0.05,225.0,0.47368421052631576,-0.012143515030079047,-0.7706224767160306,0.08457347268804066,0.022755417956656348,0.0840667990343052,0.029919246047610912,0.029919246047610912,False,False,False,False,False,False,False,18.928242484960478,ORACLE_IDENTITY_FROZEN_QB_ELO_FORMULA
2025,13,REG,2025_13_NYG_NE,home,NE,NYG,Drake Maye,MayeDr00,00-0039851,ORACLE_STARTER_IDENTITY_ONLY,POSTGAME_ACTUAL_STARTER,False,CREDITED,2025-11-25 12:00:00+00:00,2025-11-25 12:00:00+00:00,25,764.0,0.10891353343459662,-0.05,764.0,0.7534516765285996,0.06973366818938048,4.298106687197885,0.08750084259190084,0.02479215940754402,0.24230923032489482,0.2707174827508097,0.10891353343459662,False,False,False,False,False,False,False,50.0,ORACLE_IDENTITY_FROZEN_QB_ELO_FORMULA
2025,13,REG,2025_13_SF_CLE,away,SF,CLE,Brock Purdy,PurdBr00,00-0037834,ORACLE_STARTER_IDENTITY_ONLY,POSTGAME_ACTUAL_STARTER,False,CREDITED,2025-11-25 12:00:00+00:00,2025-11-25 12:00:00+00:00,50,1452.0,0.2241464686413075,-0.05,1452.0,0.8531139835487661,0.18387818593841274,2.2410226126968893,0.05799889105061079,0.026185566215059127,0.15245718569430497,0.16335258981199396,0.2241464686413075,False,False,False,False,False,False,False,50.0,ORACLE_IDENTITY_FROZEN_QB_ELO_FORMULA
2025,13,REG,2025_13_SF_CLE,home,CLE,SF,Shedeur Sanders,SandSh00,00-0040668,ORACLE_STARTER_IDENTITY_ONLY,POSTGAME_ACTUAL_STARTER,False,CREDITED,2025-11-25 12:00:00+00:00,2025-11-25 12:00:00+00:00,2,39.0,-0.30332679651828004,-0.05,39.0,0.13494809688581316,-0.08418596908032153,-3.41243531873375,0.0794383112722213,0.03344867358708189,-0.2891228204144423,-0.30332679651828004,-0.30332679651828004,False,True,False,False,False,False,False,-17.092984540160764,ORACLE_IDENTITY_FROZEN_QB_ELO_FORMULA
2025,14,REG,2025_14_CHI_GB,away,CHI,GB,Caleb Williams,WillCa03,00-0039918,ORACLE_STARTER_IDENTITY_ONLY,POSTGAME_ACTUAL_STARTER,False,CREDITED,2025-12-02 12:00:00+00:00,2025-12-02 12:00:00+00:00,29,1045.0,-0.018492018892157493,-0.05,1045.0,0.806949806949807,-0.024574640727648325,-1.847849783030953,0.07948442997309782,0.015057109002829253,-0.02120192698896418,0.042038029846665964,-0.018492018892157493,False,False,False,False,False,False,False,12.712679636175839,ORACLE_IDENTITY_FROZEN_QB_ELO_FORMULA
2025,14,REG,2025_14_CHI_GB,home,GB,CHI,Jordan Love,LoveJo03,00-0036264,ORACLE_STARTER_IDENTITY_ONLY,POSTGAME_ACTUAL_STARTER,False,CREDITED,2025-12-02 12:00:00+00:00,2025-12-02 12:00:00+00:00,57,1602.0,0.1718707069575188,-0.05,1602.0,0.8650107991360692,0.14192055753020796,1.3048039791733244,0.04508315188150577,0.022633892413606912,0.3150908405256681,0.2804208497002475,0.1718707069575188,False,False,False,False,False,False,False,50.0,ORACLE_IDENTITY_FROZEN_QB_ELO_FORMULA
2025,14,REG,2025_14_CIN_BUF,away,CIN,BUF,Joe Burrow,BurrJo01,00-0036442,ORACLE_STARTER_IDENTITY_ONLY,POSTGAME_ACTUAL_STARTER,False,CREDITED,2025-12-02 12:00:00+00:00,2025-12-02 12:00:00+00:00,79,3111.0,0.12856712749866306,-0.05,3111.0,0.9256173757810175,0.11528483595606688,3.6178930869824946,0.07268027501341201,0.018301224833878808,0.0865364628457984,0.07178050059456004,0.12856712749866306,False,False,False,False,False,False,False,50.0,ORACLE_IDENTITY_FROZEN_QB_ELO_FORMULA
2025,14,REG,2025_14_CIN_BUF,home,BUF,CIN,Josh Allen,AlleJo02,00-0034857,ORACLE_STARTER_IDENTITY_ONLY,POSTGAME_ACTUAL_STARTER,False,CREDITED,2025-12-02 12:00:00+00:00,2025-12-02 12:00:00+00:00,135,4682.0,0.14171845758480298,-0.05,4682.0,0.9493106244931062,0.1320003686966844,1.8056474737332413,0.05182029319862741,0.02248810096327407,0.15910451527100197,0.17585854776000193,0.14171845758480298,False,False,False,False,False,False,False,50.0,ORACLE_IDENTITY_FROZEN_QB_ELO_FORMULA
2025,14,REG,2025_14_DAL_DET,away,DAL,DET,Dak Prescott,PresDa01,00-0033077,ORACLE_STARTER_IDENTITY_ONLY,POSTGAME_ACTUAL_STARTER,False,CREDITED,2025-12-02 12:00:00+00:00,2025-12-02 12:00:00+00:00,108,4114.0,0.1352095352898538,-0.05,4114.0,0.9427131072410633,0.12459945650377142,1.4691156173028863,0.05535662320755472,0.02088831990298535,0.20080869698567147,0.19825109517551348,0.1352095352898538,False,False,False,False,False,False,False,50.0,ORACLE_IDENTITY_FROZEN_QB_ELO_FORMULA
2025,14,REG,2025_14_DAL_DET,home,DET,DAL,Jared Goff,GoffJa00,00-0033106,ORACLE_STARTER_IDENTITY_ONLY,POSTGAME_ACTUAL_STARTER,False,CREDITED,2025-12-02 12:00:00+00:00,2025-12-02 12:00:00+00:00,133,4888.0,0.12931374018539937,-0.05,4888.0,0.9513429349941611,0.1205888598727583,0.7478720531119173,0.04963912297369849,0.019892621347263325,0.11042976954317989,0.17180005420859007,0.12931374018539937,False,False,False,False,False,False,False,50.0,ORACLE_IDENTITY_FROZEN_QB_ELO_FORMULA
2025,14,REG,2025_14_DEN_LV,away,DEN,LV,Bo Nix,NixxBo00,00-0039732,ORACLE_STARTER_IDENTITY_ONLY,POSTGAME_ACTUAL_STARTER,False,CREDITED,2025-12-02 12:00:00+00:00,2025-12-02 12:00:00+00:00,30,1060.0,0.06540574521889336,-0.05,1060.0,0.8091603053435115,0.04338174803971524,-0.9098440076271325,0.04435028475086328,0.022368057061255615,0.09352421604587312,0.09072728260845851,0.06540574521889336,False,False,False,False,False,False,False,46.690874019857624,ORACLE_IDENTITY_FROZEN_QB_ELO_FORMULA
2025,14,REG,2025_14_DEN_LV,home,LV,DEN,Geno Smith,SmitGe00,00-0030565,ORACLE_STARTER_IDENTITY_ONLY,POSTGAME_ACTUAL_STARTER,False,CREDITED,2025-12-02 12:00:00+00:00,2025-12-02 12:00:00+00:00,71,2355.0,0.010636404825245862,-0.05,2355.0,0.9040307101727447,0.00481717211648906,3.456909809178932,0.07865965595614462,0.024184793213676246,-0.2296822694994955,-0.15815804020175098,0.010636404825245862,False,False,False,False,False,False,False,27.408586058244534,ORACLE_IDENTITY_FROZEN_QB_ELO_FORMULA
2025,14,REG,2025_14_HOU_KC,away,HOU,KC,C.J. Stroud,StroCJ00,00-0039163,ORACLE_STARTER_IDENTITY_ONLY,POSTGAME_ACTUAL_STARTER,False,CREDITED,2025-12-02 12:00:00+00:00,2025-12-02 12:00:00+00:00,45,1543.0,0.06815427869602232,-0.05,1543.0,0.860568878973787,0.05167989516339233,-0.3998548364244618,0.07546660314070999,0.01869709603090648,0.21904420274253686,0.10552891880173432,0.06815427869602232,False,False,False,False,False,False,False,50.0,ORACLE_IDENTITY_FROZEN_QB_ELO_FORMULA
2025,14,REG,2025_14_HOU_KC,home,KC,HOU,Patrick Mahomes,MahoPa00,00-0033873,ORACLE_STARTER_IDENTITY_ONLY,POSTGAME_ACTUAL_STARTER,False,CREDITED,2025-12-02 12:00:00+00:00,2025-12-02 12:00:00+00:00,144,5587.0,0.22828056475652692,-0.05,5587.0,0.9571697789960596,0.21636174666690353,2.835225169407695,0.04599712271419626,0.017441185720449302,0.23391719796841945,0.20127441304458246,0.22828056475652692,False,False,False,False,False,False,False,50.0,ORACLE_IDENTITY_FROZEN_QB_ELO_FORMULA
2025,14,REG,2025_14_IND_JAX,away,IND,JAX,Daniel Jones,JoneDa05,00-0035710,ORACLE_STARTER_IDENTITY_ONLY,POSTGAME_ACTUAL_STARTER,False,CREDITED,2025-12-02 12:00:00+00:00,2025-12-02 12:00:00+00:00,84,2918.0,-0.02118724979369194,-0.05,2918.0,0.9210858585858586,-0.02346098323800287,-0.07194096093155496,0.07816500014926166,0.021270305668626564,0.05748407064823664,0.17403492771457585,-0.02118724979369194,False,False,False,False,False,False,False,13.269508380998568,ORACLE_IDENTITY_FROZEN_QB_ELO_FORMULA
2025,14,REG,2025_14_IND_JAX,home,JAX,IND,Trevor Lawrence,LawrTr00,00-0036971,ORACLE_STARTER_IDENTITY_ONLY,POSTGAME_ACTUAL_STARTER,False,CREDITED,2025-12-02 12:00:00+00:00,2025-12-02 12:00:00+00:00,74,2663.0,0.005108191063277047,-0.05,2663.0,0.9141778235496052,0.0003786861659824132,-1.543877270703532,0.055747491178013524,0.025111056967498133,-0.04536342257230571,-0.047243698362991256,0.005108191063277047,False,False,False,False,False,False,False,25.189343082991208,ORACLE_IDENTITY_FROZEN_QB_ELO_FORMULA
2025,14,REG,2025_14_LA_ARI,away,LAR,ARI,Matthew Stafford,StafMa00,00-0026498,ORACLE_STARTER_IDENTITY_ONLY,POSTGAME_ACTUAL_STARTER,False,CREDITED,2025-12-02 12:00:00+00:00,2025-12-02 12:00:00+00:00,116,4210.0,0.11830316294351619,-0.05,4210.0,0.9439461883408071,0.10886912914623387,-0.19777757167063564,0.05761272772335994,0.020017602367495804,0.12562215624581094,0.2099274482506868,0.11830316294351619,False,False,False,False,False,False,False,50.0,ORACLE_IDENTITY_FROZEN_QB_ELO_FORMULA
2025,14,REG,2025_14_LA_ARI,home,ARI,LAR,Jacoby Brissett,BrisJa00,00-0033119,ORACLE_STARTER_IDENTITY_ONLY,POSTGAME_ACTUAL_STARTER,False,CREDITED,2025-12-02 12:00:00+00:00,2025-12-02 12:00:00+00:00,73,1655.0,-0.0022849194193770377,-0.05,1655.0,0.868766404199475,-0.00854674101788399,0.01981233275168326,0.06925373169260803,0.01579152021202028,-0.0006847246439515978,0.02843038636354326,-0.0022849194193770377,False,False,False,False,False,False,False,20.726629491058006,ORACLE_IDENTITY_FROZEN_QB_ELO_FORMULA
2025,14,REG,2025_14_MIA_NYJ,away,MIA,NYJ,Tua Tagovailoa,TagoTu00,00-0036212,ORACLE_STARTER_IDENTITY_ONLY,POSTGAME_ACTUAL_STARTER,False,CREDITED,2025-12-02 12:00:00+00:00,2025-12-02 12:00:00+00:00,77,2549.0,0.12817405080267114,-0.05,2549.0,0.9106823865666309,0.11225996980922069,1.7252429146123625,0.054505052628406506,0.024964995349260395,-0.007987218061446854,0.03527713086114944,0.12817405080267114,False,False,False,False,False,False,False,50.0,ORACLE_IDENTITY_FROZEN_QB_ELO_FORMULA
2025,14,REG,2025_14_MIA_NYJ,home,NYJ,MIA,Tyrod Taylor,TaylTy00,00-0028118,ORACLE_STARTER_IDENTITY_ONLY,POSTGAME_ACTUAL_STARTER,False,CREDITED,2025-12-02 12:00:00+00:00,2025-12-02 12:00:00+00:00,35,673.0,-0.04115220503540604,-0.05,673.0,0.7291440953412784,-0.04354868254477602,-0.8853137151217073,0.08584317470720376,0.026026105012297122,0.05037000987232527,-0.05001989066156549,-0.04115220503540604,False,False,False,False,False,False,False,3.225658727611991,ORACLE_IDENTITY_FROZEN_QB_ELO_FORMULA
2025,14,REG,2025_14_NO_TB,away,NO,TB,Tyler Shough,ShouTy00,00-0040743,ORACLE_STARTER_IDENTITY_ONLY,POSTGAME_ACTUAL_STARTER,False,CREDITED,2025-12-02 12:00:00+00:00,2025-12-02 12:00:00+00:00,6,178.0,-0.14841986544830738,-0.05,178.0,0.4158878504672897,-0.09093162628457643,-0.41987711392321203,0.07917655030087775,0.027666970594939593,-0.17010545666941787,-0.14841986544830738,-0.14841986544830738,False,False,False,False,False,False,False,-20.465813142288216,ORACLE_IDENTITY_FROZEN_QB_ELO_FORMULA
2025,14,REG,2025_14_NO_TB,home,TB,NO,Baker Mayfield,MayfBa00,00-0034855,ORACLE_STARTER_IDENTITY_ONLY,POSTGAME_ACTUAL_STARTER,False,CREDITED,2025-12-02 12:00:00+00:00,2025-12-02 12:00:00+00:00,123,4232.0,0.06957005834464185,-0.05,4232.0,0.9442213297634985,0.06290059949007683,-0.5755256553733831,0.06534357851368669,0.025111478221791817,-0.19363320267203488,-0.007115762618253652,0.06957005834464185,False,False,False,False,False,False,False,50.0,ORACLE_IDENTITY_FROZEN_QB_ELO_FORMULA
2025,14,REG,2025_14_PHI_LAC,away,PHI,LAC,Jalen Hurts,HurtJa00,00-0036389,ORACLE_STARTER_IDENTITY_ONLY,POSTGAME_ACTUAL_STARTER,False,CREDITED,2025-12-02 12:00:00+00:00,2025-12-02 12:00:00+00:00,97,2737.0,0.09690663489033391,-0.05,2737.0,0.9163039839303649,0.0846111348158165,2.58358695447107,0.07133271212424117,0.01840263266692786,0.13444068612499838,0.09385170748930814,0.09690663489033391,False,False,False,False,False,False,False,50.0,ORACLE_IDENTITY_FROZEN_QB_ELO_FORMULA
2025,14,REG,2025_14_PHI_LAC,home,LAC,PHI,Justin Herbert,HerbJu00,00-0036355,ORACLE_STARTER_IDENTITY_ONLY,POSTGAME_ACTUAL_STARTER,False,CREDITED,2025-12-02 12:00:00+00:00,2025-12-02 12:00:00+00:00,93,3613.0,0.09807529439219004,-0.05,3613.0,0.9352834584519804,0.08849237345042263,0.14351148226592433,0.05948441532987001,0.018185748247814403,-0.02770993615176798,0.039861790441204865,0.09807529439219004,False,False,False,False,False,False,False,50.0,ORACLE_IDENTITY_FROZEN_QB_ELO_FORMULA
2025,14,REG,2025_14_PIT_BAL,away,PIT,BAL,Aaron Rodgers,RodgAa00,00-0023459,ORACLE_STARTER_IDENTITY_ONLY,POSTGAME_ACTUAL_STARTER,False,CREDITED,2025-12-02 12:00:00+00:00,2025-12-02 12:00:00+00:00,115,4082.0,0.12129908555099948,-0.05,4082.0,0.9422899353647276,0.11141340425188825,1.598975313167518,0.05899463454950303,0.01351299428016443,-0.14956585556432872,0.0010951144368561926,0.12129908555099948,False,False,False,False,False,False,False,50.0,ORACLE_IDENTITY_FROZEN_QB_ELO_FORMULA
2025,14,REG,2025_14_PIT_BAL,home,BAL,PIT,Lamar Jackson,JackLa00,00-0034796,ORACLE_STARTER_IDENTITY_ONLY,POSTGAME_ACTUAL_STARTER,False,CREDITED,2025-12-02 12:00:00+00:00,2025-12-02 12:00:00+00:00,120,3302.0,0.14314032703116195,-0.05,3302.0,0.9296171171171171,0.12954655401376597,1.5493806904757466,0.07309994360471155,0.020375084072284465,-0.11826214190576033,0.03212891681612263,0.14314032703116195,False,False,False,False,False,False,False,50.0,ORACLE_IDENTITY_FROZEN_QB_ELO_FORMULA
2025,14,REG,2025_14_SEA_ATL,away,SEA,ATL,Sam Darnold,DarnSa00,00-0034869,ORACLE_STARTER_IDENTITY_ONLY,POSTGAME_ACTUAL_STARTER,False,CREDITED,2025-12-02 12:00:00+00:00,2025-12-02 12:00:00+00:00,96,2941.0,-0.020116520776901927,-0.05,2941.0,0.9216546537135694,-0.0224577523048789,0.10249647438408285,0.07343948837126735,0.02911900658100909,0.09926262853536733,0.20086905878141326,-0.020116520776901927,False,False,False,False,False,False,False,13.77112384756055,ORACLE_IDENTITY_FROZEN_QB_ELO_FORMULA
2025,14,REG,2025_14_SEA_ATL,home,ATL,SEA,Kirk Cousins,CousKi00,00-0029604,ORACLE_STARTER_IDENTITY_ONLY,POSTGAME_ACTUAL_STARTER,False,CREDITED,2025-12-02 12:00:00+00:00,2025-12-02 12:00:00+00:00,110,3981.0,0.08398075989928983,-0.05,3981.0,0.9409123138737887,0.07606414681140931,2.3393785517766297,0.059915497057999326,0.020133122140264973,-0.11758629210105909,-0.0928185713651235,0.08398075989928983,False,False,False,False,False,False,False,50.0,ORACLE_IDENTITY_FROZEN_QB_ELO_FORMULA
2025,14,REG,2025_14_TEN_CLE,away,TEN,CLE,Cam Ward,WardCa00,00-0040676,ORACLE_STARTER_IDENTITY_ONLY,POSTGAME_ACTUAL_STARTER,False,CREDITED,2025-12-02 12:00:00+00:00,2025-12-02 12:00:00+00:00,12,460.0,-0.2259177097646862,-0.05,460.0,0.647887323943662,-0.16397485421374036,-2.852937028045861,0.09482814861055902,0.019998632572131816,-0.19862038795937148,-0.2259177097646862,-0.2259177097646862,False,False,False,False,False,False,False,-50.0,ORACLE_IDENTITY_FROZEN_QB_ELO_FORMULA
2025,14,REG,2025_14_TEN_CLE,home,CLE,TEN,Shedeur Sanders,SandSh00,00-0040668,ORACLE_STARTER_IDENTITY_ONLY,POSTGAME_ACTUAL_STARTER,False,CREDITED,2025-12-02 12:00:00+00:00,2025-12-02 12:00:00+00:00,3,67.0,-0.23674530071864272,-0.05,67.0,0.2113564668769716,-0.08946982696576991,-3.11633946388059,0.08183197603738535,0.03058902621916533,-0.22501260478318724,-0.23674530071864272,-0.23674530071864272,False,True,False,False,False,False,False,-19.734913482884956,ORACLE_IDENTITY_FROZEN_QB_ELO_FORMULA
2025,14,REG,2025_14_WAS_MIN,away,WAS,MIN,Jayden Daniels,DaniJa02,00-0039910,ORACLE_STARTER_IDENTITY_ONLY,POSTGAME_ACTUAL_STARTER,False,CREDITED,2025-12-02 12:00:00+00:00,2025-11-04 12:00:00+00:00,26,830.0,0.12506156588619538,-0.05,830.0,0.7685185185185185,0.0845380552643909,1.5335738514146011,0.07908850270535676,0.019047098279381745,0.0383586450956135,0.03343683621921606,0.12506156588619538,False,False,False,False,False,False,False,50.0,ORACLE_IDENTITY_FROZEN_QB_ELO_FORMULA
2025,14,REG,2025_14_WAS_MIN,home,MIN,WAS,J.J. McCarthy,McCaJJ00,00-0039923,ORACLE_STARTER_IDENTITY_ONLY,POSTGAME_ACTUAL_STARTER,False,CREDITED,2025-12-02 12:00:00+00:00,2025-11-25 12:00:00+00:00,6,179.0,-0.40534404106280697,-0.05,179.0,0.4172494172494173,-0.19826709405650922,-4.145557079022199,0.08959701608794461,0.043724619196317316,-0.467652338243708,-0.40534404106280697,-0.40534404106280697,False,False,False,False,False,False,False,-50.0,ORACLE_IDENTITY_FROZEN_QB_ELO_FORMULA
2025,15,REG,2025_15_ARI_HOU,away,ARI,HOU,Jacoby Brissett,BrisJa00,00-0033119,ORACLE_STARTER_IDENTITY_ONLY,POSTGAME_ACTUAL_STARTER,False,CREDITED,2025-12-09 12:00:00+00:00,2025-12-09 12:00:00+00:00,74,1702.0,-0.004163850793630183,-0.05,1702.0,0.8719262295081968,-0.01003425924731484,-0.18554877080450335,0.06912265189921041,0.015959949721943187,0.0017178584703530547,0.01591715028654983,-0.004163850793630183,False,False,False,False,False,False,False,19.982870376342582,ORACLE_IDENTITY_FROZEN_QB_ELO_FORMULA
2025,15,REG,2025_15_ARI_HOU,home,HOU,ARI,C.J. Stroud,StroCJ00,00-0039163,ORACLE_STARTER_IDENTITY_ONLY,POSTGAME_ACTUAL_STARTER,False,CREDITED,2025-12-09 12:00:00+00:00,2025-12-09 12:00:00+00:00,46,1577.0,0.06681962109093029,-0.05,1577.0,0.8631636562671046,0.05083445126458515,-0.5047731974239906,0.07570143454015171,0.018352633469077995,0.17044263515714436,0.09546656165536785,0.06681962109093029,False,False,False,False,False,False,False,50.0,ORACLE_IDENTITY_FROZEN_QB_ELO_FORMULA
2025,15,REG,2025_15_ATL_TB,away,ATL,TB,Kirk Cousins,CousKi00,00-0029604,ORACLE_STARTER_IDENTITY_ONLY,POSTGAME_ACTUAL_STARTER,False,CREDITED,2025-12-09 12:00:00+00:00,2025-12-09 12:00:00+00:00,111,4012.0,0.07936743343987449,-0.05,4012.0,0.9413420929141249,0.0717790105492202,2.2261995075064247,0.059708647541726396,0.02048173587833053,-0.217872003679937,-0.18044809412253549,0.07936743343987449,False,False,False,False,False,False,False,50.0,ORACLE_IDENTITY_FROZEN_QB_ELO_FORMULA
2025,15,REG,2025_15_ATL_TB,home,TB,ATL,Baker Mayfield,MayfBa00,00-0034855,ORACLE_STARTER_IDENTITY_ONLY,POSTGAME_ACTUAL_STARTER,False,CREDITED,2025-12-09 12:00:00+00:00,2025-12-09 12:00:00+00:00,124,4262.0,0.06657782401053355,-0.05,4262.0,0.9445921985815603,0.0601185030879641,-0.6888334767457722,0.06487850658590913,0.025170184685985687,-0.2573779428216255,-0.030143421016805,0.06657782401053355,False,False,False,False,False,False,False,50.0,ORACLE_IDENTITY_FROZEN_QB_ELO_FORMULA
2025,15,REG,2025_15_BAL_CIN,away,BAL,CIN,Lamar Jackson,JackLa00,00-0034796,ORACLE_STARTER_IDENTITY_ONLY,POSTGAME_ACTUAL_STARTER,False,CREDITED,2025-12-09 12:00:00+00:00,2025-12-09 12:00:00+00:00,121,3339.0,0.13994770751267827,-0.05,3339.0,0.9303427138478685,0.12671646569652625,1.4799010571333095,0.07289929686478189,0.02046165304384526,-0.1353302526362365,0.009317457521963586,0.13994770751267827,False,False,False,False,False,False,False,50.0,ORACLE_IDENTITY_FROZEN_QB_ELO_FORMULA
2025,15,REG,2025_15_BAL_CIN,home,CIN,BAL,Joe Burrow,BurrJo01,00-0036442,ORACLE_STARTER_IDENTITY_ONLY,POSTGAME_ACTUAL_STARTER,False,CREDITED,2025-12-09 12:00:00+00:00,2025-12-09 12:00:00+00:00,80,3148.0,0.1297078810084647,-0.05,3148.0,0.9264273101824603,0.11648628882126158,3.656483604435902,0.07215844443598868,0.018727832316435634,0.11989603769691809,0.11729538028209614,0.1297078810084647,False,False,False,False,False,False,False,50.0,ORACLE_IDENTITY_FROZEN_QB_ELO_FORMULA
2025,15,REG,2025_15_BUF_NE,away,BUF,NE,Josh Allen,AlleJo02,00-0034857,ORACLE_STARTER_IDENTITY_ONLY,POSTGAME_ACTUAL_STARTER,False,CREDITED,2025-12-09 12:00:00+00:00,2025-12-09 12:00:00+00:00,136,4713.0,0.14420824344796607,-0.05,4713.0,0.9496272415877494,0.13442543851909414,1.869280384725599,0.05208756055351452,0.022354065098526405,0.2597472215499564,0.2027394243581967,0.14420824344796607,False,False,False,False,False,False,False,50.0,ORACLE_IDENTITY_FROZEN_QB_ELO_FORMULA
2025,15,REG,2025_15_BUF_NE,home,NE,BUF,Drake Maye,MayeDr00,00-0039851,ORACLE_STARTER_IDENTITY_ONLY,POSTGAME_ACTUAL_STARTER,False,CREDITED,2025-12-09 12:00:00+00:00,2025-12-02 12:00:00+00:00,26,798.0,0.11878188217448983,-0.05,798.0,0.7614503816793893,0.078519028602331,4.672118576829371,0.0875243936562956,0.023984121293914216,0.26805715578119643,0.27623241036448865,0.11878188217448983,False,False,False,False,False,False,False,50.0,ORACLE_IDENTITY_FROZEN_QB_ELO_FORMULA
2025,15,REG,2025_15_CAR_NO,away,CAR,NO,Bryce Young,YounBr01,00-0039150,ORACLE_STARTER_IDENTITY_ONLY,POSTGAME_ACTUAL_STARTER,False,CREDITED,2025-12-09 12:00:00+00:00,2025-12-02 12:00:00+00:00,42,1387.0,-0.14104968417913807,-0.05,1387.0,0.8472816127061699,-0.12714472324768755,-0.4803086916116005,0.07913252263176296,0.023203125524445013,0.09440227272246601,-0.05394013143905913,-0.14104968417913807,False,False,False,False,False,False,False,-38.572361623843776,ORACLE_IDENTITY_FROZEN_QB_ELO_FORMULA
2025,15,REG,2025_15_CAR_NO,home,NO,CAR,Tyler Shough,ShouTy00,00-0040743,ORACLE_STARTER_IDENTITY_ONLY,POSTGAME_ACTUAL_STARTER,False,CREDITED,2025-12-09 12:00:00+00:00,2025-12-09 12:00:00+00:00,7,201.0,-0.12385995627026135,-0.05,201.0,0.44567627494456763,-0.08291763017809875,-0.5065129350019959,0.08165670200983917,0.02874048009254796,-0.09865936586292262,-0.12385995627026135,-0.12385995627026135,False,False,False,False,False,False,False,-16.458815089049374,ORACLE_IDENTITY_FROZEN_QB_ELO_FORMULA
2025,15,REG,2025_15_CLE_CHI,away,CLE,CHI,Shedeur Sanders,SandSh00,00-0040668,ORACLE_STARTER_IDENTITY_ONLY,POSTGAME_ACTUAL_STARTER,False,CREDITED,2025-12-09 12:00:00+00:00,2025-12-09 12:00:00+00:00,4,111.0,-0.07638537954959533,-0.05,111.0,0.3074792243767313,-0.05811295603879524,-3.291773117935522,0.0772470790019132,0.029731328833068876,-0.08548129680062179,-0.07638537954959533,-0.07638537954959533,False,False,False,False,False,False,False,-4.056478019397618,ORACLE_IDENTITY_FROZEN_QB_ELO_FORMULA
2025,15,REG,2025_15_CLE_CHI,home,CHI,CLE,Caleb Williams,WillCa03,00-0039918,ORACLE_STARTER_IDENTITY_ONLY,POSTGAME_ACTUAL_STARTER,False,CREDITED,2025-12-09 12:00:00+00:00,2025-12-09 12:00:00+00:00,30,1081.0,-0.018015366726855477,-0.05,1081.0,0.8121712997746056,-0.024022998821736117,-1.7415663807932618,0.07800445045393717,0.01544961991642474,-0.02012897401349101,0.03822077670115803,-0.018015366726855477,False,False,False,False,False,False,False,12.988500589131943,ORACLE_IDENTITY_FROZEN_QB_ELO_FORMULA
2025,15,REG,2025_15_DET_LA,away,DET,LAR,Jared Goff,GoffJa00,00-0033106,ORACLE_STARTER_IDENTITY_ONLY,POSTGAME_ACTUAL_STARTER,False,CREDITED,2025-12-09 12:00:00+00:00,2025-12-09 12:00:00+00:00,134,4923.0,0.1309065651507153,-0.05,4923.0,0.9516721438237,0.12216373868876308,0.8090055695991213,0.04949366485439637,0.019755134455140037,0.16765390410612932,0.18638329046083446,0.1309065651507153,False,False,False,False,False,False,False,50.0,ORACLE_IDENTITY_FROZEN_QB_ELO_FORMULA
2025,15,REG,2025_15_DET_LA,home,LAR,DET,Matthew Stafford,StafMa00,00-0026498,ORACLE_STARTER_IDENTITY_ONLY,POSTGAME_ACTUAL_STARTER,False,CREDITED,2025-12-09 12:00:00+00:00,2025-12-09 12:00:00+00:00,117,4241.0,0.12124240638645568,-0.05,4241.0,0.944333110665776,0.11170987430081464,-0.16663344173448816,0.0571911216218625,0.019871170515136795,0.22358004430875994,0.23053375544980945,0.12124240638645568,False,False,False,False,False,False,False,50.0,ORACLE_IDENTITY_FROZEN_QB_ELO_FORMULA
2025,15,REG,2025_15_GB_DEN,away,GB,DEN,Jordan Love,LoveJo03,00-0036264,ORACLE_STARTER_IDENTITY_ONLY,POSTGAME_ACTUAL_STARTER,False,CREDITED,2025-12-09 12:00:00+00:00,2025-12-09 12:00:00+00:00,58,1628.0,0.1740627713250391,-0.05,1628.0,0.8668796592119276,0.14423545884832994,1.4538136574985447,0.04499143325055581,0.022875037778546423,0.31451338050802197,0.2822551992057683,0.1740627713250391,False,False,False,False,False,False,False,50.0,ORACLE_IDENTITY_FROZEN_QB_ELO_FORMULA
2025,15,REG,2025_15_GB_DEN,home,DEN,GB,Bo Nix,NixxBo00,00-0039732,ORACLE_STARTER_IDENTITY_ONLY,POSTGAME_ACTUAL_STARTER,False,CREDITED,2025-12-09 12:00:00+00:00,2025-12-09 12:00:00+00:00,31,1101.0,0.06821886829466109,-0.05,1101.0,0.8149518874907475,0.04634268985375414,-0.5621355374910862,0.04518378540551149,0.02171196239067483,0.10721582873448605,0.09501851434555328,0.06821886829466109,False,False,False,False,False,False,False,48.171344926877076,ORACLE_IDENTITY_FROZEN_QB_ELO_FORMULA
2025,15,REG,2025_15_IND_SEA,away,IND,SEA,Philip Rivers,RivePh00,00-0022942,ORACLE_STARTER_IDENTITY_ONLY,POSTGAME_ACTUAL_STARTER,False,CREDITED,2025-12-09 12:00:00+00:00,2021-01-12 12:00:00+00:00,51,1859.0,0.1820562356445125,-0.05,1859.0,0.8814604077761973,0.15454838409822133,1.924711071104984,0.049973099096415036,0.025455825226992274,0.19386032971331693,-0.05,0.1820562356445125,False,False,False,False,False,False,False,50.0,ORACLE_IDENTITY_FROZEN_QB_ELO_FORMULA
2025,15,REG,2025_15_IND_SEA,home,SEA,IND,Sam Darnold,DarnSa00,00-0034869,ORACLE_STARTER_IDENTITY_ONLY,POSTGAME_ACTUAL_STARTER,False,CREDITED,2025-12-09 12:00:00+00:00,2025-12-09 12:00:00+00:00,97,2973.0,-0.016475195974829413,-0.05,2973.0,0.9224325162891716,-0.019075630664960548,0.09879338604220544,0.07332951824245443,0.029161424985191663,0.14247025296451532,0.21043888122139076,-0.016475195974829413,False,False,False,False,False,False,False,15.462184667519727,ORACLE_IDENTITY_FROZEN_QB_ELO_FORMULA
2025,15,REG,2025_15_LAC_KC,away,LAC,KC,Justin Herbert,HerbJu00,00-0036355,ORACLE_STARTER_IDENTITY_ONLY,POSTGAME_ACTUAL_STARTER,False,CREDITED,2025-12-09 12:00:00+00:00,2025-12-09 12:00:00+00:00,94,3646.0,0.09374489819155855,-0.05,3646.0,0.9358316221765913,0.0845210212542152,0.031548013062173114,0.06056746613414459,0.01832876075059343,-0.14675885522384394,0.008322939512209667,0.09374489819155855,False,False,False,False,False,False,False,50.0,ORACLE_IDENTITY_FROZEN_QB_ELO_FORMULA
2025,15,REG,2025_15_LAC_KC,home,KC,LAC,Patrick Mahomes,MahoPa00,00-0033873,ORACLE_STARTER_IDENTITY_ONLY,POSTGAME_ACTUAL_STARTER,False,CREDITED,2025-12-09 12:00:00+00:00,2025-12-09 12:00:00+00:00,145,5622.0,0.22295192828891408,-0.05,5622.0,0.957425068119891,0.21133101853546918,2.731074367618061,0.046062652450539004,0.017873805521202872,-0.0036212937267675062,0.14284206780777076,0.22295192828891408,False,False,False,False,False,False,False,50.0,ORACLE_IDENTITY_FROZEN_QB_ELO_FORMULA
2025,15,REG,2025_15_LV_PHI,away,LV,PHI,Kenny Pickett,PickKe00,00-0038102,ORACLE_STARTER_IDENTITY_ONLY,POSTGAME_ACTUAL_STARTER,False,CREDITED,2025-12-09 12:00:00+00:00,2025-12-09 12:00:00+00:00,35,825.0,-0.051222880098595235,-0.05,825.0,0.7674418604651163,-0.05093848937799169,-0.5036007798621394,0.06744505863649708,0.020930232558139535,-0.5476208979908418,-0.002767470298736014,-0.051222880098595235,False,False,False,False,False,False,False,-0.4692446889958436,ORACLE_IDENTITY_FROZEN_QB_ELO_FORMULA
2025,15,REG,2025_15_LV_PHI,home,PHI,LV,Jalen Hurts,HurtJa00,00-0036389,ORACLE_STARTER_IDENTITY_ONLY,POSTGAME_ACTUAL_STARTER,False,CREDITED,2025-12-09 12:00:00+00:00,2025-12-09 12:00:00+00:00,98,2778.0,0.08925576225101875,-0.05,2778.0,0.917437252311757,0.07775842388815393,2.3935111391390653,0.07066478723163055,0.019565352788025764,-0.0095027187749561,0.042558247553512,0.08925576225101875,False,False,False,False,False,False,False,50.0,ORACLE_IDENTITY_FROZEN_QB_ELO_FORMULA
2025,15,REG,2025_15_MIA_PIT,away,MIA,PIT,Tua Tagovailoa,TagoTu00,00-0036212,ORACLE_STARTER_IDENTITY_ONLY,POSTGAME_ACTUAL_STARTER,False,CREDITED,2025-12-09 12:00:00+00:00,2025-12-09 12:00:00+00:00,78,2571.0,0.12772015569129022,-0.05,2571.0,0.9113789436370081,0.11197040775693269,1.6393311669712487,0.05443400591512266,0.024768564945241513,0.0068240311318871665,0.0376562387484909,0.12772015569129022,False,False,False,False,False,False,False,50.0,ORACLE_IDENTITY_FROZEN_QB_ELO_FORMULA
2025,15,REG,2025_15_MIA_PIT,home,PIT,MIA,Aaron Rodgers,RodgAa00,00-0023459,ORACLE_STARTER_IDENTITY_ONLY,POSTGAME_ACTUAL_STARTER,False,CREDITED,2025-12-09 12:00:00+00:00,2025-12-09 12:00:00+00:00,116,4116.0,0.12296249715608577,-0.05,4116.0,0.9427393495190105,0.113058552060112,1.6214448757344209,0.05850702062808251,0.013401653435656772,-0.030238795236286097,0.03170362654261218,0.12296249715608577,False,False,False,False,False,False,False,50.0,ORACLE_IDENTITY_FROZEN_QB_ELO_FORMULA
2025,15,REG,2025_15_MIN_DAL,away,MIN,DAL,J.J. McCarthy,McCaJJ00,00-0039923,ORACLE_STARTER_IDENTITY_ONLY,POSTGAME_ACTUAL_STARTER,False,CREDITED,2025-12-09 12:00:00+00:00,2025-12-09 12:00:00+00:00,7,206.0,-0.310772610053905,-0.05,206.0,0.4517543859649123,-0.16780517033136938,-3.909986370494808,0.0929681157934821,0.0412690379795643,-0.2337685909796305,-0.310772610053905,-0.310772610053905,False,False,False,False,False,False,False,-50.0,ORACLE_IDENTITY_FROZEN_QB_ELO_FORMULA
2025,15,REG,2025_15_MIN_DAL,home,DAL,MIN,Dak Prescott,PresDa01,00-0033077,ORACLE_STARTER_IDENTITY_ONLY,POSTGAME_ACTUAL_STARTER,False,CREDITED,2025-12-09 12:00:00+00:00,2025-12-09 12:00:00+00:00,109,4166.0,0.13382338265110544,-0.05,4166.0,0.9433876811594203,0.12341671470210716,1.4665171957636658,0.055815926277676134,0.02113234773762661,0.1449681022172631,0.1808682325924877,0.13382338265110544,False,False,False,False,False,False,False,50.0,ORACLE_IDENTITY_FROZEN_QB_ELO_FORMULA
2025,15,REG,2025_15_NYJ_JAX,away,NYJ,JAX,Brady Cook,CookBr03,00-0040398,ORACLE_STARTER_IDENTITY_ONLY,POSTGAME_ACTUAL_STARTER,False,CREDITED,2025-12-09 12:00:00+00:00,2025-12-09 12:00:00+00:00,1,36.0,-0.4942477373861453,-0.05,36.0,0.1258741258741259,-0.10591929561503928,-3.1639718724814907,0.09090909090909091,0.03461538461538462,-0.4942477373861453,-0.4942477373861453,-0.4942477373861453,False,True,False,False,False,False,False,-27.959647807519637,ORACLE_IDENTITY_FROZEN_QB_ELO_FORMULA
2025,15,REG,2025_15_NYJ_JAX,home,JAX,NYJ,Trevor Lawrence,LawrTr00,00-0036971,ORACLE_STARTER_IDENTITY_ONLY,POSTGAME_ACTUAL_STARTER,False,CREDITED,2025-12-09 12:00:00+00:00,2025-12-09 12:00:00+00:00,75,2693.0,0.009545743826511202,-0.05,2693.0,0.9150526673462454,0.004487491717565297,-1.5714651357189864,0.055147521911846284,0.024840469243057516,0.0727187196541835,-0.016975160797770138,0.009545743826511202,False,False,False,False,False,False,False,27.24374585878265,ORACLE_IDENTITY_FROZEN_QB_ELO_FORMULA
2025,15,REG,2025_15_TEN_SF,away,TEN,SF,Cam Ward,WardCa00,00-0040676,ORACLE_STARTER_IDENTITY_ONLY,POSTGAME_ACTUAL_STARTER,False,CREDITED,2025-12-09 12:00:00+00:00,2025-12-09 12:00:00+00:00,13,489.0,-0.23081601722812947,-0.05,489.0,0.6617050067658998,-0.16964686390332245,-3.1748578091274466,0.09226399601072019,0.020675974904662317,-0.23419609178070974,-0.23081601722812947,-0.23081601722812947,False,False,False,False,False,False,False,-50.0,ORACLE_IDENTITY_FROZEN_QB_ELO_FORMULA
2025,15,REG,2025_15_TEN_SF,home,SF,TEN,Brock Purdy,PurdBr00,00-0037834,ORACLE_STARTER_IDENTITY_ONLY,POSTGAME_ACTUAL_STARTER,False,CREDITED,2025-12-09 12:00:00+00:00,2025-12-02 12:00:00+00:00,51,1482.0,0.22186133434185593,-0.05,1482.0,0.8556581986143187,0.18262037961583746,2.369204006305747,0.05756323796277494,0.025721709006928408,0.12159719353692994,0.15437655522960603,0.22186133434185593,False,False,False,False,False,False,False,50.0,ORACLE_IDENTITY_FROZEN_QB_ELO_FORMULA
2025,15,REG,2025_15_WAS_NYG,away,WAS,NYG,Marcus Mariota,MariMa01,00-0032268,ORACLE_STARTER_IDENTITY_ONLY,POSTGAME_ACTUAL_STARTER,False,CREDITED,2025-12-09 12:00:00+00:00,2025-12-09 12:00:00+00:00,59,1197.0,0.030736222742460174,-0.05,1197.0,0.8272287491361437,0.01678732454922241,1.1740578339980732,0.08723492863993834,0.026570399738115154,-0.33272364145772343,0.0025952305782702815,0.030736222742460174,False,False,False,False,False,False,False,33.39366227461121,ORACLE_IDENTITY_FROZEN_QB_ELO_FORMULA
2025,15,REG,2025_15_WAS_NYG,home,NYG,WAS,Jaxson Dart,DartJa00,00-0040691,ORACLE_STARTER_IDENTITY_ONLY,POSTGAME_ACTUAL_STARTER,False,CREDITED,2025-12-09 12:00:00+00:00,2025-12-02 12:00:00+00:00,10,251.0,0.00727522854082974,-0.05,251.0,0.500998003992016,-0.021305224822857755,-0.544796634725105,0.08416574585070774,0.021562138880134467,0.009261380720960976,0.00727522854082974,0.00727522854082974,False,False,False,False,False,False,False,14.347387588571124,ORACLE_IDENTITY_FROZEN_QB_ELO_FORMULA
2025,16,REG,2025_16_ATL_ARI,away,ATL,ARI,Kirk Cousins,CousKi00,00-0029604,ORACLE_STARTER_IDENTITY_ONLY,POSTGAME_ACTUAL_STARTER,False,CREDITED,2025-12-16 12:00:00+00:00,2025-12-16 12:00:00+00:00,112,4057.0,0.08287201669214886,-0.05,4057.0,0.9419549570466682,0.07515945477595726,2.2855605282786216,0.0593019222252025,0.020259469710225148,-0.057461549349502664,-0.04417409236334424,0.08287201669214886,False,False,False,False,False,False,False,50.0,ORACLE_IDENTITY_FROZEN_QB_ELO_FORMULA
2025,16,REG,2025_16_ATL_ARI,home,ARI,ATL,Jacoby Brissett,BrisJa00,00-0033119,ORACLE_STARTER_IDENTITY_ONLY,POSTGAME_ACTUAL_STARTER,False,CREDITED,2025-12-16 12:00:00+00:00,2025-12-16 12:00:00+00:00,75,1744.0,-0.005111151600378369,-0.05,1744.0,0.8746238716148446,-0.01073914162039111,-0.15670120996710807,0.06866044100135292,0.01615583039939288,-0.01434352859667371,0.009848228384547228,-0.005111151600378369,False,False,False,False,False,False,False,19.63042918980445,ORACLE_IDENTITY_FROZEN_QB_ELO_FORMULA
2025,16,REG,2025_16_BUF_CLE,away,BUF,CLE,Josh Allen,AlleJo02,00-0034857,ORACLE_STARTER_IDENTITY_ONLY,POSTGAME_ACTUAL_STARTER,False,CREDITED,2025-12-16 12:00:00+00:00,2025-12-16 12:00:00+00:00,137,4743.0,0.14527352667701762,-0.05,4743.0,0.9499299018626076,0.13549616203266462,1.9197340532465068,0.05217373608993663,0.022221695729017284,0.2890077830916401,0.21049175067012316,0.14527352667701762,False,False,False,False,False,False,False,50.0,ORACLE_IDENTITY_FROZEN_QB_ELO_FORMULA
2025,16,REG,2025_16_BUF_CLE,home,CLE,BUF,Shedeur Sanders,SandSh00,00-0040668,ORACLE_STARTER_IDENTITY_ONLY,POSTGAME_ACTUAL_STARTER,False,CREDITED,2025-12-16 12:00:00+00:00,2025-12-16 12:00:00+00:00,5,151.0,-0.20251116542880285,-0.05,151.0,0.3765586034912718,-0.10742939147069633,-3.435177372064237,0.08178134340310422,0.035075355090534534,-0.24550589328759626,-0.20251116542880285,-0.20251116542880285,False,False,False,False,False,False,False,-28.71469573534816,ORACLE_IDENTITY_FROZEN_QB_ELO_FORMULA
2025,16,REG,2025_16_CIN_MIA,away,CIN,MIA,Joe Burrow,BurrJo01,00-0036442,ORACLE_STARTER_IDENTITY_ONLY,POSTGAME_ACTUAL_STARTER,False,CREDITED,2025-12-16 12:00:00+00:00,2025-12-16 12:00:00+00:00,81,3190.0,0.12367547327924165,-0.05,3190.0,0.9273255813953488,0.11105370923278512,3.643939522741714,0.07214953003405546,0.019126283791760124,-0.00619066683280187,0.006838836896582107,0.12367547327924165,False,False,False,False,False,False,False,50.0,ORACLE_IDENTITY_FROZEN_QB_ELO_FORMULA
2025,16,REG,2025_16_CIN_MIA,home,MIA,CIN,Quinn Ewers,EwerQu00,00-0040234,ORACLE_STARTER_IDENTITY_ONLY,POSTGAME_ACTUAL_STARTER,False,CREDITED,2025-12-16 12:00:00+00:00,2025-10-21 12:00:00+00:00,1,10.0,-0.30399087821133436,-0.05,10.0,0.038461538461538464,-0.05976887993120517,-1.1766554644474616,0.08461538461538462,0.028846153846153844,-0.30399087821133436,-0.30399087821133436,-0.30399087821133436,False,True,False,False,False,False,False,-4.884439965602585,ORACLE_IDENTITY_FROZEN_QB_ELO_FORMULA
2025,16,REG,2025_16_GB_CHI,away,GB,CHI,Jordan Love,LoveJo03,00-0036264,ORACLE_STARTER_IDENTITY_ONLY,POSTGAME_ACTUAL_STARTER,False,CREDITED,2025-12-16 12:00:00+00:00,2025-12-16 12:00:00+00:00,59,1671.0,0.16940556221576827,-0.05,1671.0,0.8698594482040604,0.14085200128190983,1.5703559316277507,0.045526386603384865,0.023463829380452935,0.2268348118064864,0.2545934881748487,0.16940556221576827,False,False,False,False,False,False,False,50.0,ORACLE_IDENTITY_FROZEN_QB_ELO_FORMULA
2025,16,REG,2025_16_GB_CHI,home,CHI,GB,Caleb Williams,WillCa03,00-0039918,ORACLE_STARTER_IDENTITY_ONLY,POSTGAME_ACTUAL_STARTER,False,CREDITED,2025-12-16 12:00:00+00:00,2025-12-16 12:00:00+00:00,31,1112.0,-0.01461353045456662,-0.05,1112.0,0.8164464023494861,-0.021108844247781262,-1.6704669969830044,0.07842453977186163,0.015102452031566184,0.012145269343925538,0.04235729700186074,-0.01461353045456662,False,False,False,False,False,False,False,14.44557787610937,ORACLE_IDENTITY_FROZEN_QB_ELO_FORMULA
2025,16,REG,2025_16_JAX_DEN,away,JAX,DEN,Trevor Lawrence,LawrTr00,00-0036971,ORACLE_STARTER_IDENTITY_ONLY,POSTGAME_ACTUAL_STARTER,False,CREDITED,2025-12-16 12:00:00+00:00,2025-12-16 12:00:00+00:00,76,2725.0,0.018649504933984373,-0.05,2725.0,0.9159663865546218,0.012880638973145349,-1.4152114998093657,0.05452169651907079,0.0245582284136006,0.2610853365154063,0.03621753356095059,0.018649504933984373,False,False,False,False,False,False,False,31.44031948657268,ORACLE_IDENTITY_FROZEN_QB_ELO_FORMULA
2025,16,REG,2025_16_JAX_DEN,home,DEN,JAX,Bo Nix,NixxBo00,00-0039732,ORACLE_STARTER_IDENTITY_ONLY,POSTGAME_ACTUAL_STARTER,False,CREDITED,2025-12-16 12:00:00+00:00,2025-12-16 12:00:00+00:00,32,1135.0,0.0849331723591298,-0.05,1135.0,0.8194945848375451,0.060577004063257986,-0.3291112762190219,0.044039415359501816,0.02116025511872401,0.24405497169853957,0.12945809048986667,0.0849331723591298,False,False,False,False,False,False,False,50.0,ORACLE_IDENTITY_FROZEN_QB_ELO_FORMULA
2025,16,REG,2025_16_KC_TEN,away,KC,TEN,Gardner Minshew II,MinsGa00,00-0035289,ORACLE_STARTER_IDENTITY_ONLY,POSTGAME_ACTUAL_STARTER,False,CREDITED,2025-12-16 12:00:00+00:00,2025-12-16 12:00:00+00:00,61,1868.0,-0.012363378282201807,-0.05,1868.0,0.8819641170915958,-0.016805850156351734,-1.0101559743481712,0.07105778362736405,0.02134312037318399,-0.13433875569231182,-0.21484247025800868,-0.012363378282201807,False,False,False,False,False,False,False,16.597074921824134,ORACLE_IDENTITY_FROZEN_QB_ELO_FORMULA
2025,16,REG,2025_16_KC_TEN,home,TEN,KC,Cam Ward,WardCa00,00-0040676,ORACLE_STARTER_IDENTITY_ONLY,POSTGAME_ACTUAL_STARTER,False,CREDITED,2025-12-16 12:00:00+00:00,2025-12-16 12:00:00+00:00,14,518.0,-0.21282699145693554,-0.05,518.0,0.6744791666666666,-0.15982341350871432,-3.1525124693900843,0.0883913410711408,0.019832478233830844,-0.14966800293179375,-0.21282699145693554,-0.21282699145693554,False,False,False,False,False,False,False,-50.0,ORACLE_IDENTITY_FROZEN_QB_ELO_FORMULA
2025,16,REG,2025_16_LAC_DAL,away,LAC,DAL,Justin Herbert,HerbJu00,00-0036355,ORACLE_STARTER_IDENTITY_ONLY,POSTGAME_ACTUAL_STARTER,False,CREDITED,2025-12-16 12:00:00+00:00,2025-12-16 12:00:00+00:00,95,3679.0,0.09306773194288401,-0.05,3679.0,0.936370577755154,0.0839644148174778,0.07750926734656982,0.06104381028559965,0.018455407940539008,-0.11543452010237214,0.008632604503953784,0.09306773194288401,False,False,False,False,False,False,False,50.0,ORACLE_IDENTITY_FROZEN_QB_ELO_FORMULA
2025,16,REG,2025_16_LAC_DAL,home,DAL,LAC,Dak Prescott,PresDa01,00-0033077,ORACLE_STARTER_IDENTITY_ONLY,POSTGAME_ACTUAL_STARTER,False,CREDITED,2025-12-16 12:00:00+00:00,2025-12-16 12:00:00+00:00,110,4206.0,0.13277192113883277,-0.05,4206.0,0.9438958707360862,0.12251766164944582,1.4165443899784411,0.05576346504731201,0.020941452726688944,0.10087014386332796,0.16944676419881904,0.13277192113883277,False,False,False,False,False,False,False,50.0,ORACLE_IDENTITY_FROZEN_QB_ELO_FORMULA
2025,16,REG,2025_16_LA_SEA,away,LAR,SEA,Matthew Stafford,StafMa00,00-0026498,ORACLE_STARTER_IDENTITY_ONLY,POSTGAME_ACTUAL_STARTER,False,CREDITED,2025-12-16 12:00:00+00:00,2025-12-16 12:00:00+00:00,118,4281.0,0.12204018235296556,-0.05,4281.0,0.9448245420436989,0.11254778650475514,-0.170063683460412,0.05712720338399832,0.019928587388430792,0.2239368601830673,0.22854303036156876,0.12204018235296556,False,False,False,False,False,False,False,50.0,ORACLE_IDENTITY_FROZEN_QB_ELO_FORMULA
2025,16,REG,2025_16_LA_SEA,home,SEA,LAR,Sam Darnold,DarnSa00,00-0034869,ORACLE_STARTER_IDENTITY_ONLY,POSTGAME_ACTUAL_STARTER,False,CREDITED,2025-12-16 12:00:00+00:00,2025-12-16 12:00:00+00:00,98,3010.0,-0.014672565685092311,-0.05,3010.0,0.9233128834355828,-0.017381724758321428,0.10415319168362763,0.07277761334690774,0.02881354625890187,0.13059136003893818,0.20237483978147636,-0.014672565685092311,False,False,False,False,False,False,False,16.309137620839287,ORACLE_IDENTITY_FROZEN_QB_ELO_FORMULA
2025,16,REG,2025_16_LV_HOU,away,LV,HOU,Geno Smith,SmitGe00,00-0030565,ORACLE_STARTER_IDENTITY_ONLY,POSTGAME_ACTUAL_STARTER,False,CREDITED,2025-12-16 12:00:00+00:00,2025-12-09 12:00:00+00:00,72,2379.0,0.009459335207799912,-0.05,2379.0,0.9049068086724991,0.003805157268678581,3.474706493528374,0.07906243362026223,0.023974190358725465,-0.19576507899939996,-0.15571066196036537,0.009459335207799912,False,False,False,False,False,False,False,26.902578634339292,ORACLE_IDENTITY_FROZEN_QB_ELO_FORMULA
2025,16,REG,2025_16_LV_HOU,home,HOU,LV,C.J. Stroud,StroCJ00,00-0039163,ORACLE_STARTER_IDENTITY_ONLY,POSTGAME_ACTUAL_STARTER,False,CREDITED,2025-12-16 12:00:00+00:00,2025-12-16 12:00:00+00:00,47,1607.0,0.07537447964877253,-0.05,1607.0,0.8653742595584276,0.05849584749357968,-0.2944320427313552,0.07498498931194059,0.01804348039221026,0.2708457751394524,0.13064784938507512,0.07537447964877253,False,False,False,False,False,False,False,50.0,ORACLE_IDENTITY_FROZEN_QB_ELO_FORMULA
2025,16,REG,2025_16_MIN_NYG,away,MIN,NYG,J.J. McCarthy,McCaJJ00,00-0039923,ORACLE_STARTER_IDENTITY_ONLY,POSTGAME_ACTUAL_STARTER,False,CREDITED,2025-12-16 12:00:00+00:00,2025-12-16 12:00:00+00:00,8,230.0,-0.21622547511272092,-0.05,230.0,0.4791666666666667,-0.12964970682484545,-3.5768568899771207,0.0876864704675135,0.041211569579288024,-0.029708112694891032,-0.21622547511272092,-0.21622547511272092,False,False,False,False,False,False,False,-39.82485341242272,ORACLE_IDENTITY_FROZEN_QB_ELO_FORMULA
2025,16,REG,2025_16_MIN_NYG,home,NYG,MIN,Jaxson Dart,DartJa00,00-0040691,ORACLE_STARTER_IDENTITY_ONLY,POSTGAME_ACTUAL_STARTER,False,CREDITED,2025-12-16 12:00:00+00:00,2025-12-16 12:00:00+00:00,11,288.0,0.010995116324402737,-0.05,288.0,0.5353159851301115,-0.017348339216676608,-0.7841637874090246,0.0799772268809253,0.022051368705643802,0.02159305776105226,0.010995116324402737,0.010995116324402737,False,False,False,False,False,False,False,16.325830391661697,ORACLE_IDENTITY_FROZEN_QB_ELO_FORMULA
2025,16,REG,2025_16_NE_BAL,away,NE,BAL,Drake Maye,MayeDr00,00-0039851,ORACLE_STARTER_IDENTITY_ONLY,POSTGAME_ACTUAL_STARTER,False,CREDITED,2025-12-16 12:00:00+00:00,2025-12-16 12:00:00+00:00,27,824.0,0.11109219787764912,-0.05,824.0,0.7672253258845437,0.07359401401413675,4.550235017888802,0.0881839092323193,0.0244435220709031,0.1467284101233191,0.2533337396600633,0.11109219787764912,False,False,False,False,False,False,False,50.0,ORACLE_IDENTITY_FROZEN_QB_ELO_FORMULA
2025,16,REG,2025_16_NE_BAL,home,BAL,NE,Lamar Jackson,JackLa00,00-0034796,ORACLE_STARTER_IDENTITY_ONLY,POSTGAME_ACTUAL_STARTER,False,CREDITED,2025-12-16 12:00:00+00:00,2025-12-16 12:00:00+00:00,122,3355.0,0.13942322827546919,-0.05,3355.0,0.9306518723994452,0.12628708207051292,1.4992127029771818,0.07353665559795565,0.020687479006593103,-0.1092884762977343,0.009102687030369268,0.13942322827546919,False,False,False,False,False,False,False,50.0,ORACLE_IDENTITY_FROZEN_QB_ELO_FORMULA
2025,16,REG,2025_16_NYJ_NO,away,NYJ,NO,Brady Cook,CookBr03,00-0040398,ORACLE_STARTER_IDENTITY_ONLY,POSTGAME_ACTUAL_STARTER,False,CREDITED,2025-12-16 12:00:00+00:00,2025-12-16 12:00:00+00:00,2,72.0,-0.348485278161519,-0.05,72.0,0.2236024844720497,-0.11674204977524648,-2.3491817522957343,0.08961845607808341,0.04103815439219166,-0.33523414550473474,-0.348485278161519,-0.348485278161519,False,True,False,False,False,False,False,-33.371024887623236,ORACLE_IDENTITY_FROZEN_QB_ELO_FORMULA
2025,16,REG,2025_16_NYJ_NO,home,NO,NYJ,Tyler Shough,ShouTy00,00-0040743,ORACLE_STARTER_IDENTITY_ONLY,POSTGAME_ACTUAL_STARTER,False,CREDITED,2025-12-16 12:00:00+00:00,2025-12-16 12:00:00+00:00,8,238.0,-0.0710270539459833,-0.05,238.0,0.48770491803278687,-0.06025499762119678,-0.17503950724537415,0.08552800706018218,0.026658318154219793,-0.006586286412092272,-0.0710270539459833,-0.0710270539459833,False,False,False,False,False,False,False,-5.1274988105983885,ORACLE_IDENTITY_FROZEN_QB_ELO_FORMULA
2025,16,REG,2025_16_PHI_WAS,away,PHI,WAS,Jalen Hurts,HurtJa00,00-0036389,ORACLE_STARTER_IDENTITY_ONLY,POSTGAME_ACTUAL_STARTER,False,CREDITED,2025-12-16 12:00:00+00:00,2025-12-16 12:00:00+00:00,99,2794.0,0.09335215898104211,-0.05,2794.0,0.9178712220762155,0.08157882135119306,2.458229869405426,0.07062146452076397,0.019461478561347154,0.21265107402797828,0.07106787738898586,0.09335215898104211,False,False,False,False,False,False,False,50.0,ORACLE_IDENTITY_FROZEN_QB_ELO_FORMULA
2025,16,REG,2025_16_PHI_WAS,home,WAS,PHI,Marcus Mariota,MariMa01,00-0032268,ORACLE_STARTER_IDENTITY_ONLY,POSTGAME_ACTUAL_STARTER,False,CREDITED,2025-12-16 12:00:00+00:00,2025-12-16 12:00:00+00:00,60,1218.0,0.031442163154783556,-0.05,1218.0,0.829700272479564,0.017572584960849024,1.2166591743270367,0.08734941535557955,0.02619030546393231,-0.24326019595458784,0.0087577901346082,0.031442163154783556,False,False,False,False,False,False,False,33.786292480424514,ORACLE_IDENTITY_FROZEN_QB_ELO_FORMULA
2025,16,REG,2025_16_PIT_DET,away,PIT,DET,Aaron Rodgers,RodgAa00,00-0023459,ORACLE_STARTER_IDENTITY_ONLY,POSTGAME_ACTUAL_STARTER,False,CREDITED,2025-12-16 12:00:00+00:00,2025-12-16 12:00:00+00:00,117,4146.0,0.1246790185901098,-0.05,4146.0,0.943130118289354,0.11474504346555851,1.6789898283041307,0.058777558186423114,0.0133138517533422,0.07146355365557103,0.05638940309047602,0.1246790185901098,False,False,False,False,False,False,False,50.0,ORACLE_IDENTITY_FROZEN_QB_ELO_FORMULA
2025,16,REG,2025_16_PIT_DET,home,DET,PIT,Jared Goff,GoffJa00,00-0033106,ORACLE_STARTER_IDENTITY_ONLY,POSTGAME_ACTUAL_STARTER,False,CREDITED,2025-12-16 12:00:00+00:00,2025-12-16 12:00:00+00:00,135,4965.0,0.13241708009549902,-0.05,4965.0,0.9520613614573347,0.12367225362879246,0.797378990876739,0.04928159151559005,0.019591871556949476,0.2041940360927159,0.19710091695457446,0.13241708009549902,False,False,False,False,False,False,False,50.0,ORACLE_IDENTITY_FROZEN_QB_ELO_FORMULA
2025,16,REG,2025_16_SF_IND,away,SF,IND,Brock Purdy,PurdBr00,00-0037834,ORACLE_STARTER_IDENTITY_ONLY,POSTGAME_ACTUAL_STARTER,False,CREDITED,2025-12-16 12:00:00+00:00,2025-12-16 12:00:00+00:00,52,1514.0,0.2289075456620173,-0.05,1514.0,0.8582766439909297,0.1893798322745432,2.6959563173256598,0.05765161818291569,0.025258471687043114,0.25478617066070103,0.21806405818328095,0.2289075456620173,False,False,False,False,False,False,False,50.0,ORACLE_IDENTITY_FROZEN_QB_ELO_FORMULA
2025,16,REG,2025_16_SF_IND,home,IND,SF,Philip Rivers,RivePh00,00-0022942,ORACLE_STARTER_IDENTITY_ONLY,POSTGAME_ACTUAL_STARTER,False,CREDITED,2025-12-16 12:00:00+00:00,2025-12-16 12:00:00+00:00,52,1887.0,0.1779637160647169,-0.05,1887.0,0.8830135704258306,0.15129505484984593,1.893813074921289,0.0497846639490796,0.025609487586425513,0.11347607718746919,-0.0904752534100249,0.1779637160647169,False,False,False,False,False,False,False,50.0,ORACLE_IDENTITY_FROZEN_QB_ELO_FORMULA
2025,16,REG,2025_16_TB_CAR,away,TB,CAR,Baker Mayfield,MayfBa00,00-0034855,ORACLE_STARTER_IDENTITY_ONLY,POSTGAME_ACTUAL_STARTER,False,CREDITED,2025-12-16 12:00:00+00:00,2025-12-16 12:00:00+00:00,125,4301.0,0.06697338994627,-0.05,4301.0,0.94506701823775,0.060547692849683,-0.6922830490685662,0.06538519502846113,0.02520399688651032,-0.1755544245536354,-0.01933292685914611,0.06697338994627,False,False,False,False,False,False,False,50.0,ORACLE_IDENTITY_FROZEN_QB_ELO_FORMULA
2025,16,REG,2025_16_TB_CAR,home,CAR,TB,Bryce Young,YounBr01,00-0039150,ORACLE_STARTER_IDENTITY_ONLY,POSTGAME_ACTUAL_STARTER,False,CREDITED,2025-12-16 12:00:00+00:00,2025-12-16 12:00:00+00:00,43,1412.0,-0.13274869449036383,-0.05,1412.0,0.8495788206979543,-0.12030153827941861,-0.36146890857442365,0.07851790582644187,0.022839451233870864,0.1574386941817867,-0.03150071192932514,-0.13274869449036383,False,False,False,False,False,False,False,-35.150769139709304,ORACLE_IDENTITY_FROZEN_QB_ELO_FORMULA
2025,17,REG,2025_17_ARI_CIN,away,ARI,CIN,Jacoby Brissett,BrisJa00,00-0033119,ORACLE_STARTER_IDENTITY_ONLY,POSTGAME_ACTUAL_STARTER,False,CREDITED,2025-12-23 12:00:00+00:00,2025-12-23 12:00:00+00:00,76,1777.0,-0.0063744625905864695,-0.05,1777.0,0.876665022200296,-0.011755017278476646,-0.37761664363742736,0.06852847315488068,0.016420702618638705,-0.03161178064113822,0.0037192504964961284,-0.0063744625905864695,False,False,False,False,False,False,False,19.12249136076168,ORACLE_IDENTITY_FROZEN_QB_ELO_FORMULA
2025,17,REG,2025_17_ARI_CIN,home,CIN,ARI,Joe Burrow,BurrJo01,00-0036442,ORACLE_STARTER_IDENTITY_ONLY,POSTGAME_ACTUAL_STARTER,False,CREDITED,2025-12-23 12:00:00+00:00,2025-12-23 12:00:00+00:00,82,3224.0,0.12883435241449478,-0.05,3224.0,0.9280368451352907,0.1159648682165605,3.7648603428754948,0.07201713649617372,0.01893625977393113,0.1609980742511993,0.10815282812010726,0.12883435241449478,False,False,False,False,False,False,False,50.0,ORACLE_IDENTITY_FROZEN_QB_ELO_FORMULA
2025,17,REG,2025_17_BAL_GB,away,BAL,GB,Tyler Huntley,HuntTy01,00-0035993,ORACLE_STARTER_IDENTITY_ONLY,POSTGAME_ACTUAL_STARTER,False,CREDITED,2025-12-23 12:00:00+00:00,2025-12-23 12:00:00+00:00,30,618.0,-0.09573681420886927,-0.05,618.0,0.7119815668202765,-0.08256376864179864,0.5039143974540157,0.08370981686217524,0.022526718305716245,-0.005148921267110449,0.003853236919780539,-0.09573681420886927,False,False,False,False,False,False,False,-16.281884320899316,ORACLE_IDENTITY_FROZEN_QB_ELO_FORMULA
2025,17,REG,2025_17_BAL_GB,home,GB,BAL,Malik Willis,WillMa12,00-0038128,ORACLE_STARTER_IDENTITY_ONLY,POSTGAME_ACTUAL_STARTER,False,CREDITED,2025-12-23 12:00:00+00:00,2025-12-23 12:00:00+00:00,18,158.0,-0.06820140442638778,-0.05,158.0,0.3872549019607843,-0.05704858308668939,-0.2787757484558358,0.10253502120369892,0.02705223880597015,0.5710129748092642,0.6304480013827055,-0.06820140442638778,False,False,False,False,False,False,False,-3.5242915433446944,ORACLE_IDENTITY_FROZEN_QB_ELO_FORMULA
2025,17,REG,2025_17_CHI_SF,away,CHI,SF,Caleb Williams,WillCa03,00-0039918,ORACLE_STARTER_IDENTITY_ONLY,POSTGAME_ACTUAL_STARTER,False,CREDITED,2025-12-23 12:00:00+00:00,2025-12-23 12:00:00+00:00,32,1146.0,-0.008711153880852826,-0.05,1146.0,0.8209169054441261,-0.016105288214510988,-1.6098410888509271,0.07635047719107091,0.014709936310922201,0.055145343259265595,0.05105912083908087,-0.008711153880852826,False,False,False,False,False,False,False,16.947355892744508,ORACLE_IDENTITY_FROZEN_QB_ELO_FORMULA
2025,17,REG,2025_17_CHI_SF,home,SF,CHI,Brock Purdy,PurdBr00,00-0037834,ORACLE_STARTER_IDENTITY_ONLY,POSTGAME_ACTUAL_STARTER,False,CREDITED,2025-12-23 12:00:00+00:00,2025-12-23 12:00:00+00:00,53,1549.0,0.237213541722634,-0.05,1549.0,0.8610339077265148,0.19730059818141193,2.8900008566207926,0.05707210872717118,0.02534194771229918,0.35084428981300436,0.2739955617860484,0.237213541722634,False,False,False,False,False,False,False,50.0,ORACLE_IDENTITY_FROZEN_QB_ELO_FORMULA
2025,17,REG,2025_17_DAL_WAS,away,DAL,WAS,Dak Prescott,PresDa01,00-0033077,ORACLE_STARTER_IDENTITY_ONLY,POSTGAME_ACTUAL_STARTER,False,CREDITED,2025-12-23 12:00:00+00:00,2025-12-23 12:00:00+00:00,111,4237.0,0.1348664576481361,-0.05,4237.0,0.9442834856251393,0.12456634300315414,1.4347135283036727,0.055597246459302245,0.020793236015154894,0.18366991830509877,0.1826313669984817,0.1348664576481361,False,False,False,False,False,False,False,50.0,ORACLE_IDENTITY_FROZEN_QB_ELO_FORMULA
2025,17,REG,2025_17_DAL_WAS,home,WAS,DAL,Josh Johnson,JohnJo05,00-0026300,ORACLE_STARTER_IDENTITY_ONLY,POSTGAME_ACTUAL_STARTER,False,CREDITED,2025-12-23 12:00:00+00:00,2025-12-23 12:00:00+00:00,15,219.0,0.04955411086011191,-0.05,219.0,0.4669509594882729,-0.0035131124128688525,-1.758952642515903,0.0758760956598806,0.03209322843908537,-0.4320193335493002,-0.4519196375156753,0.04955411086011191,False,False,False,False,False,False,False,23.243443793565575,ORACLE_IDENTITY_FROZEN_QB_ELO_FORMULA
2025,17,REG,2025_17_DEN_KC,away,DEN,KC,Bo Nix,NixxBo00,00-0039732,ORACLE_STARTER_IDENTITY_ONLY,POSTGAME_ACTUAL_STARTER,False,CREDITED,2025-12-23 12:00:00+00:00,2025-12-23 12:00:00+00:00,33,1183.0,0.08168044665125794,-0.05,1183.0,0.8255408234473133,0.05870758436038949,-0.42461394307507067,0.043253857449879834,0.021165264871879634,0.18547092409883284,0.1189303618889256,0.08168044665125794,False,False,False,False,False,False,False,50.0,ORACLE_IDENTITY_FROZEN_QB_ELO_FORMULA
2025,17,REG,2025_17_DEN_KC,home,KC,DEN,Chris Oladokun,OladCh00,00-0037324,ORACLE_STARTER_IDENTITY_ONLY,POSTGAME_ACTUAL_STARTER,False,CREDITED,2025-12-23 12:00:00+00:00,2025-12-23 12:00:00+00:00,2,21.0,-0.3542737251418094,-0.05,21.0,0.07749077490774908,-0.07357840674530626,-1.051442077678948,0.09294551769047102,0.027675276752767524,-0.7611004493114039,-0.2895512917511921,-0.3542737251418094,False,True,False,False,False,False,False,-11.789203372653128,ORACLE_IDENTITY_FROZEN_QB_ELO_FORMULA
2025,17,REG,2025_17_DET_MIN,away,DET,MIN,Jared Goff,GoffJa00,00-0033106,ORACLE_STARTER_IDENTITY_ONLY,POSTGAME_ACTUAL_STARTER,False,CREDITED,2025-12-23 12:00:00+00:00,2025-12-23 12:00:00+00:00,136,5022.0,0.13307274237510824,-0.05,5022.0,0.9525796661608498,0.12439137181483186,0.7113272238913596,0.04931763009187577,0.019380752024909836,0.2133138590221856,0.19638534404030306,0.13307274237510824,False,False,False,False,False,False,False,50.0,ORACLE_IDENTITY_FROZEN_QB_ELO_FORMULA
2025,17,REG,2025_17_DET_MIN,home,MIN,DET,Max Brosmer,BrosMa00,00-0040494,ORACLE_STARTER_IDENTITY_ONLY,POSTGAME_ACTUAL_STARTER,False,CREDITED,2025-12-23 12:00:00+00:00,2025-12-23 12:00:00+00:00,5,52.0,-0.639114247553359,-0.05,52.0,0.17218543046357615,-0.15143689030720087,-1.4895444996538965,0.08245240325240989,0.039488516274482174,-0.4029961930540186,-0.639114247553359,-0.639114247553359,False,True,False,False,False,False,False,-50.0,ORACLE_IDENTITY_FROZEN_QB_ELO_FORMULA
2025,17,REG,2025_17_HOU_LAC,away,HOU,LAC,C.J. Stroud,StroCJ00,00-0039163,ORACLE_STARTER_IDENTITY_ONLY,POSTGAME_ACTUAL_STARTER,False,CREDITED,2025-12-23 12:00:00+00:00,2025-12-23 12:00:00+00:00,48,1642.0,0.07553771273443315,-0.05,1642.0,0.8678646934460887,0.05894974857819198,-0.31903685619792677,0.07348571445610824,0.01768524012066617,0.21842839566022226,0.12611349423255422,0.07553771273443315,False,False,False,False,False,False,False,50.0,ORACLE_IDENTITY_FROZEN_QB_ELO_FORMULA
2025,17,REG,2025_17_HOU_LAC,home,LAC,HOU,Justin Herbert,HerbJu00,00-0036355,ORACLE_STARTER_IDENTITY_ONLY,POSTGAME_ACTUAL_STARTER,False,CREDITED,2025-12-23 12:00:00+00:00,2025-12-23 12:00:00+00:00,96,3708.0,0.09911408568096532,-0.05,3708.0,0.9368367862556847,0.08969556081481035,0.22350015748837004,0.06056799526660035,0.01831174328437679,0.13811740283836857,0.05758255462476631,0.09911408568096532,False,False,False,False,False,False,False,50.0,ORACLE_IDENTITY_FROZEN_QB_ELO_FORMULA
2025,17,REG,2025_17_JAX_IND,away,JAX,IND,Trevor Lawrence,LawrTr00,00-0036971,ORACLE_STARTER_IDENTITY_ONLY,POSTGAME_ACTUAL_STARTER,False,CREDITED,2025-12-23 12:00:00+00:00,2025-12-23 12:00:00+00:00,77,2766.0,0.02147698829485029,-0.05,2766.0,0.9171087533156499,0.01555217162584745,-1.327732709566634,0.05537144415962189,0.024247450261445272,0.2650563267146867,0.04992091082539654,0.02147698829485029,False,False,False,False,False,False,False,32.776085812923725,ORACLE_IDENTITY_FROZEN_QB_ELO_FORMULA
2025,17,REG,2025_17_JAX_IND,home,IND,JAX,Philip Rivers,RivePh00,00-0022942,ORACLE_STARTER_IDENTITY_ONLY,POSTGAME_ACTUAL_STARTER,False,CREDITED,2025-12-23 12:00:00+00:00,2025-12-23 12:00:00+00:00,53,1924.0,0.1760543973058183,-0.05,1924.0,0.8850045998160073,0.15005918142428445,1.8420867975579527,0.04985632753729938,0.025659470075097706,0.10356792031806018,0.004614789276342731,0.1760543973058183,False,False,False,False,False,False,False,50.0,ORACLE_IDENTITY_FROZEN_QB_ELO_FORMULA
2025,17,REG,2025_17_LA_ATL,away,LAR,ATL,Matthew Stafford,StafMa00,00-0026498,ORACLE_STARTER_IDENTITY_ONLY,POSTGAME_ACTUAL_STARTER,False,CREDITED,2025-12-23 12:00:00+00:00,2025-12-23 12:00:00+00:00,119,4330.0,0.1269788933099966,-0.05,4330.0,0.9454148471615721,0.11731847336949461,-0.1993130772855054,0.056479753020162796,0.019702806441743388,0.30875366502840396,0.2573314283850352,0.1269788933099966,False,False,False,False,False,False,False,50.0,ORACLE_IDENTITY_FROZEN_QB_ELO_FORMULA
2025,17,REG,2025_17_LA_ATL,home,ATL,LAR,Kirk Cousins,CousKi00,00-0029604,ORACLE_STARTER_IDENTITY_ONLY,POSTGAME_ACTUAL_STARTER,False,CREDITED,2025-12-23 12:00:00+00:00,2025-12-23 12:00:00+00:00,113,4093.0,0.08416261036349552,-0.05,4093.0,0.9424361040755238,0.07643968782357521,2.2071181141187726,0.05903219102189268,0.020330850360783588,0.02981290770220391,-0.0007851547982433653,0.08416261036349552,False,False,False,False,False,False,False,50.0,ORACLE_IDENTITY_FROZEN_QB_ELO_FORMULA
2025,17,REG,2025_17_NE_NYJ,away,NE,NYJ,Drake Maye,MayeDr00,00-0039851,ORACLE_STARTER_IDENTITY_ONLY,POSTGAME_ACTUAL_STARTER,False,CREDITED,2025-12-23 12:00:00+00:00,2025-12-23 12:00:00+00:00,28,871.0,0.12236777926906658,-0.05,871.0,0.7769848349687779,0.08392715052931043,4.891501725598612,0.08712810260308955,0.024371525784613025,0.18718158707669616,0.2592064925125688,0.12236777926906658,False,False,False,False,False,False,False,50.0,ORACLE_IDENTITY_FROZEN_QB_ELO_FORMULA
2025,17,REG,2025_17_NE_NYJ,home,NYJ,NE,Brady Cook,CookBr03,00-0040398,ORACLE_STARTER_IDENTITY_ONLY,POSTGAME_ACTUAL_STARTER,False,CREDITED,2025-12-23 12:00:00+00:00,2025-12-23 12:00:00+00:00,3,115.0,-0.4008307819470401,-0.05,115.0,0.3150684931506849,-0.16053572581893044,-3.439946657199658,0.10064543498189336,0.03983785294939894,-0.40434486691284005,-0.4008307819470401,-0.4008307819470401,False,False,False,False,False,False,False,-50.0,ORACLE_IDENTITY_FROZEN_QB_ELO_FORMULA
2025,17,REG,2025_17_NO_TEN,away,NO,TEN,Tyler Shough,ShouTy00,00-0040743,ORACLE_STARTER_IDENTITY_ONLY,POSTGAME_ACTUAL_STARTER,False,CREDITED,2025-12-23 12:00:00+00:00,2025-12-23 12:00:00+00:00,9,290.0,-0.04823608458665909,-0.05,290.0,0.5370370370370371,-0.04905271209283544,-0.3108284970176052,0.08274644044968081,0.024021663172606567,0.03424338312447854,-0.04823608458665909,-0.04823608458665909,False,False,False,False,False,False,False,0.47364395358228184,ORACLE_IDENTITY_FROZEN_QB_ELO_FORMULA
2025,17,REG,2025_17_NO_TEN,home,TEN,NO,Cam Ward,WardCa00,00-0040676,ORACLE_STARTER_IDENTITY_ONLY,POSTGAME_ACTUAL_STARTER,False,CREDITED,2025-12-23 12:00:00+00:00,2025-12-23 12:00:00+00:00,15,548.0,-0.18812477605786349,-0.05,548.0,0.6867167919799498,-0.144852603107405,-2.625607150681157,0.08754641928521936,0.019070563733276855,-0.04119187090342634,-0.18812477605786349,-0.18812477605786349,False,False,False,False,False,False,False,-47.426301553702494,ORACLE_IDENTITY_FROZEN_QB_ELO_FORMULA
2025,17,REG,2025_17_NYG_LV,away,NYG,LV,Jaxson Dart,DartJa00,00-0040691,ORACLE_STARTER_IDENTITY_ONLY,POSTGAME_ACTUAL_STARTER,False,CREDITED,2025-12-23 12:00:00+00:00,2025-12-23 12:00:00+00:00,12,306.0,-0.033996740107191,-0.05,306.0,0.5503597122302158,-0.04119245049064828,-1.210637076666576,0.08508611881784248,0.023423499467573956,-0.23850175785472227,-0.033996740107191,-0.033996740107191,False,False,False,False,False,False,False,4.4037747546758625,ORACLE_IDENTITY_FROZEN_QB_ELO_FORMULA
2025,17,REG,2025_17_NYG_LV,home,LV,NYG,Geno Smith,SmitGe00,00-0030565,ORACLE_STARTER_IDENTITY_ONLY,POSTGAME_ACTUAL_STARTER,False,CREDITED,2025-12-23 12:00:00+00:00,2025-12-23 12:00:00+00:00,73,2405.0,0.010025766434076213,-0.05,2405.0,0.9058380414312618,0.00437362270205397,3.4887328334436303,0.07940497218391393,0.024158001037146208,-0.12971569522281826,-0.14368647978486024,0.010025766434076213,False,False,False,False,False,False,False,27.186811351026986,ORACLE_IDENTITY_FROZEN_QB_ELO_FORMULA
2025,17,REG,2025_17_PHI_BUF,away,PHI,BUF,Jalen Hurts,HurtJa00,00-0036389,ORACLE_STARTER_IDENTITY_ONLY,POSTGAME_ACTUAL_STARTER,False,CREDITED,2025-12-23 12:00:00+00:00,2025-12-23 12:00:00+00:00,100,2826.0,0.09495895248721335,-0.05,2826.0,0.9187256176853056,0.08317750316282996,2.5116950706373053,0.07053618498507322,0.01925700707924048,0.2042122011485654,0.08250005776590087,0.09495895248721335,False,False,False,False,False,False,False,50.0,ORACLE_IDENTITY_FROZEN_QB_ELO_FORMULA
2025,17,REG,2025_17_PHI_BUF,home,BUF,PHI,Josh Allen,AlleJo02,00-0034857,ORACLE_STARTER_IDENTITY_ONLY,POSTGAME_ACTUAL_STARTER,False,CREDITED,2025-12-23 12:00:00+00:00,2025-12-23 12:00:00+00:00,138,4764.0,0.14296302129412003,-0.05,4764.0,0.9501396090945353,0.1333418096220957,1.9085678420452685,0.052345763304888104,0.022132709265121488,0.09449410569185487,0.18304669997952808,0.14296302129412003,False,False,False,False,False,False,False,50.0,ORACLE_IDENTITY_FROZEN_QB_ELO_FORMULA
2025,17,REG,2025_17_PIT_CLE,away,PIT,CLE,Aaron Rodgers,RodgAa00,00-0023459,ORACLE_STARTER_IDENTITY_ONLY,POSTGAME_ACTUAL_STARTER,False,CREDITED,2025-12-23 12:00:00+00:00,2025-12-23 12:00:00+00:00,118,4189.0,0.12604904166051228,-0.05,4189.0,0.9436810092363145,0.11613413730927821,1.6489092735565989,0.05865730415793266,0.013183273971411731,0.11393062857246423,0.07629021657577008,0.12604904166051228,False,False,False,False,False,False,False,50.0,ORACLE_IDENTITY_FROZEN_QB_ELO_FORMULA
2025,17,REG,2025_17_PIT_CLE,home,CLE,PIT,Shedeur Sanders,SandSh00,00-0040668,ORACLE_STARTER_IDENTITY_ONLY,POSTGAME_ACTUAL_STARTER,False,CREDITED,2025-12-23 12:00:00+00:00,2025-12-23 12:00:00+00:00,6,182.0,-0.23270461063553313,-0.05,182.0,0.4212962962962963,-0.126972775777007,-3.0777786710770454,0.08051410461543154,0.03754296961632291,-0.285309558060471,-0.23270461063553313,-0.23270461063553313,False,False,False,False,False,False,False,-38.486387888503494,ORACLE_IDENTITY_FROZEN_QB_ELO_FORMULA
2025,17,REG,2025_17_SEA_CAR,away,SEA,CAR,Sam Darnold,DarnSa00,00-0034869,ORACLE_STARTER_IDENTITY_ONLY,POSTGAME_ACTUAL_STARTER,False,CREDITED,2025-12-23 12:00:00+00:00,2025-12-23 12:00:00+00:00,99,3048.0,-0.01536283943164868,-0.05,3048.0,0.9241964827167981,-0.017988458031432737,0.11800883069979029,0.07313923485432136,0.02914790395210508,0.08268761220259861,0.18037749538313003,-0.01536283943164868,False,False,False,False,False,False,False,16.005770984283632,ORACLE_IDENTITY_FROZEN_QB_ELO_FORMULA
2025,17,REG,2025_17_SEA_CAR,home,CAR,SEA,Bryce Young,YounBr01,00-0039150,ORACLE_STARTER_IDENTITY_ONLY,POSTGAME_ACTUAL_STARTER,False,CREDITED,2025-12-23 12:00:00+00:00,2025-12-23 12:00:00+00:00,44,1446.0,-0.12681648310675825,-0.05,1446.0,0.8525943396226415,-0.11549329868654035,-0.21605811909788253,0.07811402667262772,0.022371524329692152,0.1473417054510013,-0.02040308496454662,-0.12681648310675825,False,False,False,False,False,False,False,-32.74664934327017,ORACLE_IDENTITY_FROZEN_QB_ELO_FORMULA
2025,17,REG,2025_17_TB_MIA,away,TB,MIA,Baker Mayfield,MayfBa00,00-0034855,ORACLE_STARTER_IDENTITY_ONLY,POSTGAME_ACTUAL_STARTER,False,CREDITED,2025-12-23 12:00:00+00:00,2025-12-23 12:00:00+00:00,126,4329.0,0.06719540007442971,-0.05,4329.0,0.9454029264031448,0.0607968741913532,-0.679791500602679,0.06542195938046777,0.025284691694462774,-0.09057972741278854,-0.012749192824660239,0.06719540007442971,False,False,False,False,False,False,False,50.0,ORACLE_IDENTITY_FROZEN_QB_ELO_FORMULA
2025,17,REG,2025_17_TB_MIA,home,MIA,TB,Quinn Ewers,EwerQu00,00-0040234,ORACLE_STARTER_IDENTITY_ONLY,POSTGAME_ACTUAL_STARTER,False,CREDITED,2025-12-23 12:00:00+00:00,2025-12-23 12:00:00+00:00,2,40.0,0.058884502714193473,-0.05,40.0,0.13793103448275862,-0.03498144790149056,-0.855512843277347,0.07477313974591651,0.03312159709618874,-0.04133822154142851,0.058884502714193473,0.058884502714193473,False,True,False,False,False,False,False,7.509276049254721,ORACLE_IDENTITY_FROZEN_QB_ELO_FORMULA
2025,18,REG,2025_18_ARI_LA,away,ARI,LAR,Jacoby Brissett,BrisJa00,00-0033119,ORACLE_STARTER_IDENTITY_ONLY,POSTGAME_ACTUAL_STARTER,False,CREDITED,2025-12-30 12:00:00+00:00,2025-12-30 12:00:00+00:00,77,1818.0,-0.006643737529947416,-0.05,1818.0,0.879110251450677,-0.011885065197990523,-0.47940828026563415,0.06908527585289675,0.016103715540345006,-0.03431873453971427,0.0018924886979055171,-0.006643737529947416,False,False,False,False,False,False,False,19.05746740100474,ORACLE_IDENTITY_FROZEN_QB_ELO_FORMULA
2025,18,REG,2025_18_ARI_LA,home,LAR,ARI,Matthew Stafford,StafMa00,00-0026498,ORACLE_STARTER_IDENTITY_ONLY,POSTGAME_ACTUAL_STARTER,False,CREDITED,2025-12-30 12:00:00+00:00,2025-12-30 12:00:00+00:00,120,4371.0,0.12518942885188583,-0.05,4371.0,0.945899156026834,0.1157115328958219,-0.224195047619574,0.05662516904793072,0.02021958639642157,0.20325728881622332,0.23520218260358508,0.12518942885188583,False,False,False,False,False,False,False,50.0,ORACLE_IDENTITY_FROZEN_QB_ELO_FORMULA
2025,18,REG,2025_18_BAL_PIT,away,BAL,PIT,Lamar Jackson,JackLa00,00-0034796,ORACLE_STARTER_IDENTITY_ONLY,POSTGAME_ACTUAL_STARTER,False,CREDITED,2025-12-30 12:00:00+00:00,2025-12-23 12:00:00+00:00,123,3365.0,0.14099737647933436,-0.05,3365.0,0.9308437067773168,0.1277887059067663,1.5178575771454665,0.07331673501585005,0.020625736633451193,0.09912935942972463,0.030935012645423993,0.14099737647933436,False,False,False,False,False,False,False,50.0,ORACLE_IDENTITY_FROZEN_QB_ELO_FORMULA
2025,18,REG,2025_18_BAL_PIT,home,PIT,BAL,Aaron Rodgers,RodgAa00,00-0023459,ORACLE_STARTER_IDENTITY_ONLY,POSTGAME_ACTUAL_STARTER,False,CREDITED,2025-12-30 12:00:00+00:00,2025-12-30 12:00:00+00:00,119,4230.0,0.12187697570319765,-0.05,4230.0,0.9441964285714286,0.11228562661261743,1.5492030085850914,0.058566049984781834,0.013061400753768843,0.005073093910010733,0.043775297879966854,0.12187697570319765,False,False,False,False,False,False,False,50.0,ORACLE_IDENTITY_FROZEN_QB_ELO_FORMULA
2025,18,REG,2025_18_CAR_TB,away,CAR,TB,Bryce Young,YounBr01,00-0039150,ORACLE_STARTER_IDENTITY_ONLY,POSTGAME_ACTUAL_STARTER,False,CREDITED,2025-12-30 12:00:00+00:00,2025-12-30 12:00:00+00:00,45,1472.0,-0.13894216601014778,-0.05,1472.0,0.8548199767711963,-0.1260295402827744,-0.3205435089931201,0.07809599885621867,0.022663952636572157,-0.1148899460064333,-0.0632294872367871,-0.13894216601014778,False,False,False,False,False,False,False,-38.0147701413872,ORACLE_IDENTITY_FROZEN_QB_ELO_FORMULA
2025,18,REG,2025_18_CAR_TB,home,TB,CAR,Baker Mayfield,MayfBa00,00-0034855,ORACLE_STARTER_IDENTITY_ONLY,POSTGAME_ACTUAL_STARTER,False,CREDITED,2025-12-30 12:00:00+00:00,2025-12-30 12:00:00+00:00,127,4376.0,0.06687135148387567,-0.05,4376.0,0.9459576307825335,0.060555346756039755,-0.5780432459252731,0.06540575555083078,0.02549036367098773,-0.05579526410372805,-0.008536533053223853,0.06687135148387567,False,False,False,False,False,False,False,50.0,ORACLE_IDENTITY_FROZEN_QB_ELO_FORMULA
2025,18,REG,2025_18_CLE_CIN,away,CLE,CIN,Shedeur Sanders,SandSh00,00-0040668,ORACLE_STARTER_IDENTITY_ONLY,POSTGAME_ACTUAL_STARTER,False,CREDITED,2025-12-30 12:00:00+00:00,2025-12-30 12:00:00+00:00,7,207.0,-0.23118582191845527,-0.05,207.0,0.45295404814004375,-0.1320688515035454,-2.4736554552697476,0.08048582613865721,0.04025106530001152,-0.2665126015136585,-0.23118582191845527,-0.23118582191845527,False,False,False,False,False,False,False,-41.034425751772694,ORACLE_IDENTITY_FROZEN_QB_ELO_FORMULA
2025,18,REG,2025_18_CLE_CIN,home,CIN,CLE,Joe Burrow,BurrJo01,00-0036442,ORACLE_STARTER_IDENTITY_ONLY,POSTGAME_ACTUAL_STARTER,False,CREDITED,2025-12-30 12:00:00+00:00,2025-12-30 12:00:00+00:00,83,3258.0,0.13326341006686462,-0.05,3258.0,0.9287343215507412,0.1202030188135248,3.8576405907668754,0.07217175821355835,0.018755483065121245,0.26707581107873446,0.17182566106546246,0.13326341006686462,False,False,False,False,False,False,False,50.0,ORACLE_IDENTITY_FROZEN_QB_ELO_FORMULA
2025,18,REG,2025_18_DAL_NYG,away,DAL,NYG,Dak Prescott,PresDa01,00-0033077,ORACLE_STARTER_IDENTITY_ONLY,POSTGAME_ACTUAL_STARTER,False,CREDITED,2025-12-30 12:00:00+00:00,2025-12-30 12:00:00+00:00,112,4280.0,0.13613231363448575,-0.05,4280.0,0.9448123620309051,0.12586011089527574,1.3274881627436192,0.05632289807389075,0.020612726321263413,0.21728537669803974,0.1883070189015898,0.13613231363448575,False,False,False,False,False,False,False,50.0,ORACLE_IDENTITY_FROZEN_QB_ELO_FORMULA
2025,18,REG,2025_18_DAL_NYG,home,NYG,DAL,Jaxson Dart,DartJa00,00-0040691,ORACLE_STARTER_IDENTITY_ONLY,POSTGAME_ACTUAL_STARTER,False,CREDITED,2025-12-30 12:00:00+00:00,2025-12-30 12:00:00+00:00,13,338.0,-0.02156387446286617,-0.05,338.0,0.5748299319727891,-0.033654063891919675,-0.8670960604836456,0.08381013038592675,0.02211715305014514,-0.1607405107296778,-0.02156387446286617,-0.02156387446286617,False,False,False,False,False,False,False,8.172968054040163,ORACLE_IDENTITY_FROZEN_QB_ELO_FORMULA
2025,18,REG,2025_18_DET_CHI,away,DET,CHI,Jared Goff,GoffJa00,00-0033106,ORACLE_STARTER_IDENTITY_ONLY,POSTGAME_ACTUAL_STARTER,False,CREDITED,2025-12-30 12:00:00+00:00,2025-12-30 12:00:00+00:00,137,5056.0,0.13085879050016483,-0.05,5056.0,0.9528835280814173,0.12233736237633498,0.6554721541131422,0.04987897555403343,0.019665687491617526,0.09235327206498932,0.17312102257828083,0.13085879050016483,False,False,False,False,False,False,False,50.0,ORACLE_IDENTITY_FROZEN_QB_ELO_FORMULA
2025,18,REG,2025_18_DET_CHI,home,CHI,DET,Caleb Williams,WillCa03,00-0039918,ORACLE_STARTER_IDENTITY_ONLY,POSTGAME_ACTUAL_STARTER,False,CREDITED,2025-12-30 12:00:00+00:00,2025-12-30 12:00:00+00:00,33,1188.0,0.007902838225933774,-0.05,1188.0,0.8261474269819193,-0.0021637191846944894,-1.6435072978116427,0.07393743482579426,0.014252741387245275,0.1486510190431691,0.08043332233984289,0.007902838225933774,False,False,False,False,False,False,False,23.918140407652757,ORACLE_IDENTITY_FROZEN_QB_ELO_FORMULA
2025,18,REG,2025_18_GB_MIN,away,GB,MIN,Clayton Tune,TuneCl00,00-0038582,ORACLE_STARTER_IDENTITY_ONLY,POSTGAME_ACTUAL_STARTER,False,CREDITED,2025-12-30 12:00:00+00:00,2025-12-30 12:00:00+00:00,12,35.0,-1.2134717451087842,-0.05,35.0,0.12280701754385964,-0.19288249501335944,-2.7850290449351904,0.09739850311650182,0.03996101364522417,-1.0105559200181493,-1.3454658557195216,-1.2134717451087842,False,True,False,False,False,False,False,-50.0,ORACLE_IDENTITY_FROZEN_QB_ELO_FORMULA
2025,18,REG,2025_18_GB_MIN,home,MIN,GB,J.J. McCarthy,McCaJJ00,00-0039923,ORACLE_STARTER_IDENTITY_ONLY,POSTGAME_ACTUAL_STARTER,False,CREDITED,2025-12-30 12:00:00+00:00,2025-12-23 12:00:00+00:00,9,247.0,-0.23369044763670344,-0.05,247.0,0.4969818913480885,-0.1412908260890659,-3.5838061345943366,0.09051591577148699,0.04219864642399854,-0.14672651039238116,-0.23369044763670344,-0.23369044763670344,False,False,False,False,False,False,False,-45.64541304453295,ORACLE_IDENTITY_FROZEN_QB_ELO_FORMULA
2025,18,REG,2025_18_IND_HOU,away,IND,HOU,Riley Leonard,LeonRi02,00-0040206,ORACLE_STARTER_IDENTITY_ONLY,POSTGAME_ACTUAL_STARTER,False,CREDITED,2025-12-30 12:00:00+00:00,2025-12-30 12:00:00+00:00,4,34.0,-0.3011395405807575,-0.05,34.0,0.11971830985915492,-0.08006600133713293,-1.937575580578455,0.07392943519704083,0.03366410584720444,-1.2595924336536277,-0.3011395405807575,-0.3011395405807575,False,True,False,False,False,False,False,-15.033000668566464,ORACLE_IDENTITY_FROZEN_QB_ELO_FORMULA
2025,18,REG,2025_18_IND_HOU,home,HOU,IND,C.J. Stroud,StroCJ00,00-0039163,ORACLE_STARTER_IDENTITY_ONLY,POSTGAME_ACTUAL_STARTER,False,CREDITED,2025-12-30 12:00:00+00:00,2025-12-30 12:00:00+00:00,49,1670.0,0.07111225649298943,-0.05,1670.0,0.8697916666666666,0.055342431428798085,-0.431697812797032,0.07232925275295683,0.018534052932298404,0.09942275919071174,0.10546880115450577,0.07111225649298943,False,False,False,False,False,False,False,50.0,ORACLE_IDENTITY_FROZEN_QB_ELO_FORMULA
2025,18,REG,2025_18_KC_LV,away,KC,LV,Chris Oladokun,OladCh00,00-0037324,ORACLE_STARTER_IDENTITY_ONLY,POSTGAME_ACTUAL_STARTER,False,CREDITED,2025-12-30 12:00:00+00:00,2025-12-30 12:00:00+00:00,3,44.0,-0.3638523513388042,-0.05,44.0,0.14965986394557823,-0.09697110020036526,-1.11080586572353,0.08781501452308907,0.025510204081632654,-0.5925182083276539,-0.3368528695479389,-0.3638523513388042,False,True,False,False,False,False,False,-23.48555010018263,ORACLE_IDENTITY_FROZEN_QB_ELO_FORMULA
2025,18,REG,2025_18_KC_LV,home,LV,KC,Kenny Pickett,PickKe00,00-0038102,ORACLE_STARTER_IDENTITY_ONLY,POSTGAME_ACTUAL_STARTER,False,CREDITED,2025-12-30 12:00:00+00:00,2025-12-30 12:00:00+00:00,37,857.0,-0.06870213817091592,-0.05,857.0,0.7741644083107497,-0.06447852973123301,-0.6748586376111536,0.06966306090942816,0.02134528873519601,-0.5450077000988178,-0.37445685440204785,-0.06870213817091592,False,False,False,False,False,False,False,-7.239264865616504,ORACLE_IDENTITY_FROZEN_QB_ELO_FORMULA
2025,18,REG,2025_18_LAC_DEN,away,LAC,DEN,Trey Lance,LancTr00,00-0037012,ORACLE_STARTER_IDENTITY_ONLY,POSTGAME_ACTUAL_STARTER,False,CREDITED,2025-12-30 12:00:00+00:00,2025-12-02 12:00:00+00:00,15,168.0,-0.08016104764061496,-0.05,168.0,0.4019138755980861,-0.06212214354933807,-3.5764925703579418,0.07546845696921652,0.02824806772175193,-0.0721134872117105,-0.5275225813090642,-0.08016104764061496,False,False,False,False,False,False,False,-6.061071774669035,ORACLE_IDENTITY_FROZEN_QB_ELO_FORMULA
2025,18,REG,2025_18_LAC_DEN,home,DEN,LAC,Bo Nix,NixxBo00,00-0039732,ORACLE_STARTER_IDENTITY_ONLY,POSTGAME_ACTUAL_STARTER,False,CREDITED,2025-12-30 12:00:00+00:00,2025-12-30 12:00:00+00:00,34,1222.0,0.08147040344484438,-0.05,1222.0,0.8301630434782609,0.059141870251086845,-0.31638431977820164,0.04278440773193304,0.021303724994463716,0.14647030514268616,0.11610705513818442,0.08147040344484438,False,False,False,False,False,False,False,50.0,ORACLE_IDENTITY_FROZEN_QB_ELO_FORMULA
2025,18,REG,2025_18_MIA_NE,away,MIA,NE,Quinn Ewers,EwerQu00,00-0040234,ORACLE_STARTER_IDENTITY_ONLY,POSTGAME_ACTUAL_STARTER,False,CREDITED,2025-12-30 12:00:00+00:00,2025-12-30 12:00:00+00:00,3,64.0,0.10996775551390442,-0.05,64.0,0.20382165605095542,-0.017395107156401652,-0.7607338122859324,0.07535739561217268,0.03067940552016985,0.06224694016090742,0.10996775551390442,0.10996775551390442,False,True,False,False,False,False,False,16.30244642179918,ORACLE_IDENTITY_FROZEN_QB_ELO_FORMULA
2025,18,REG,2025_18_MIA_NE,home,NE,MIA,Drake Maye,MayeDr00,00-0039851,ORACLE_STARTER_IDENTITY_ONLY,POSTGAME_ACTUAL_STARTER,False,CREDITED,2025-12-30 12:00:00+00:00,2025-12-30 12:00:00+00:00,29,893.0,0.15353270778457506,-0.05,893.0,0.7812773403324584,0.10901549260859626,5.383089152576616,0.08628410996636789,0.0238806356102039,0.5032049241691211,0.30653203887644925,0.15353270778457506,False,False,False,False,False,False,False,50.0,ORACLE_IDENTITY_FROZEN_QB_ELO_FORMULA
2025,18,REG,2025_18_NO_ATL,away,NO,ATL,Tyler Shough,ShouTy00,00-0040743,ORACLE_STARTER_IDENTITY_ONLY,POSTGAME_ACTUAL_STARTER,False,CREDITED,2025-12-30 12:00:00+00:00,2025-12-30 12:00:00+00:00,10,319.0,0.014152726639259157,-0.05,319.0,0.5606326889279437,-0.014033884362172816,0.7324096987173686,0.08202998044625427,0.02278089414257168,0.212816097420475,0.014152726639259157,0.014152726639259157,False,False,False,False,False,False,False,17.983057818913593,ORACLE_IDENTITY_FROZEN_QB_ELO_FORMULA
2025,18,REG,2025_18_NO_ATL,home,ATL,NO,Kirk Cousins,CousKi00,00-0029604,ORACLE_STARTER_IDENTITY_ONLY,POSTGAME_ACTUAL_STARTER,False,CREDITED,2025-12-30 12:00:00+00:00,2025-12-30 12:00:00+00:00,114,4113.0,0.08499988262759106,-0.05,4113.0,0.9426999770799909,0.07726438625883156,2.198730248654756,0.05874496458727589,0.020231971813718955,0.10284258487073698,0.02005534716498246,0.08499988262759106,False,False,False,False,False,False,False,50.0,ORACLE_IDENTITY_FROZEN_QB_ELO_FORMULA
2025,18,REG,2025_18_NYJ_BUF,away,NYJ,BUF,Brady Cook,CookBr03,00-0040398,ORACLE_STARTER_IDENTITY_ONLY,POSTGAME_ACTUAL_STARTER,False,CREDITED,2025-12-30 12:00:00+00:00,2025-12-30 12:00:00+00:00,4,149.0,-0.41214923353840943,-0.05,149.0,0.37343358395989973,-0.18523868620857895,-3.726897673962352,0.09354684813557479,0.03875145879967093,-0.41949155967375273,-0.41214923353840943,-0.41214923353840943,False,False,False,False,False,False,False,-50.0,ORACLE_IDENTITY_FROZEN_QB_ELO_FORMULA
2025,18,REG,2025_18_NYJ_BUF,home,BUF,NYJ,Josh Allen,AlleJo02,00-0034857,ORACLE_STARTER_IDENTITY_ONLY,POSTGAME_ACTUAL_STARTER,False,CREDITED,2025-12-30 12:00:00+00:00,2025-12-30 12:00:00+00:00,139,4804.0,0.14004722487085125,-0.05,4804.0,0.9505342303126236,0.1306463926156647,1.891817715565264,0.05287647950255522,0.021970525668285053,-0.003859105138476258,0.15117484108693574,0.14004722487085125,False,False,False,False,False,False,False,50.0,ORACLE_IDENTITY_FROZEN_QB_ELO_FORMULA
2025,18,REG,2025_18_SEA_SF,away,SEA,SF,Sam Darnold,DarnSa00,00-0034869,ORACLE_STARTER_IDENTITY_ONLY,POSTGAME_ACTUAL_STARTER,False,CREDITED,2025-12-30 12:00:00+00:00,2025-12-30 12:00:00+00:00,100,3078.0,-0.017623397754382906,-0.05,3078.0,0.9248798076923077,-0.020055534341343325,0.12355172999159114,0.07337461610025363,0.029217084532301207,-0.034509888850487204,0.15438401613003447,-0.017623397754382906,False,False,False,False,False,False,False,14.97223282932834,ORACLE_IDENTITY_FROZEN_QB_ELO_FORMULA
2025,18,REG,2025_18_SEA_SF,home,SF,SEA,Brock Purdy,PurdBr00,00-0037834,ORACLE_STARTER_IDENTITY_ONLY,POSTGAME_ACTUAL_STARTER,False,CREDITED,2025-12-30 12:00:00+00:00,2025-12-30 12:00:00+00:00,54,1583.0,0.2402323273542374,-0.05,1583.0,0.8636115657392253,0.20064799465453237,2.9304923826912956,0.05654733252306046,0.02543676186706929,0.35706234392369507,0.2868567113129652,0.2402323273542374,False,False,False,False,False,False,False,50.0,ORACLE_IDENTITY_FROZEN_QB_ELO_FORMULA
2025,18,REG,2025_18_TEN_JAX,away,TEN,JAX,Cam Ward,WardCa00,00-0040676,ORACLE_STARTER_IDENTITY_ONLY,POSTGAME_ACTUAL_STARTER,False,CREDITED,2025-12-30 12:00:00+00:00,2025-12-30 12:00:00+00:00,16,592.0,-0.18864839242875345,-0.05,592.0,0.7030878859857482,-0.14748200512805468,-2.5033170324360263,0.08772213163799703,0.01807238241837958,-0.07987659159825354,-0.18864839242875345,-0.18864839242875345,False,False,False,False,False,False,False,-48.74100256402734,ORACLE_IDENTITY_FROZEN_QB_ELO_FORMULA
2025,18,REG,2025_18_TEN_JAX,home,JAX,TEN,Trevor Lawrence,LawrTr00,00-0036971,ORACLE_STARTER_IDENTITY_ONLY,POSTGAME_ACTUAL_STARTER,False,CREDITED,2025-12-30 12:00:00+00:00,2025-12-30 12:00:00+00:00,78,2805.0,0.02347104718429786,-0.05,2805.0,0.9181669394435352,0.01745868653091833,-1.3135974242956028,0.05531913902097658,0.024283111509125155,0.24503705974180554,0.057905497473332124,0.02347104718429786,False,False,False,False,False,False,False,33.729343265459164,ORACLE_IDENTITY_FROZEN_QB_ELO_FORMULA
2025,18,REG,2025_18_WAS_PHI,away,WAS,PHI,Josh Johnson,JohnJo05,00-0026300,ORACLE_STARTER_IDENTITY_ONLY,POSTGAME_ACTUAL_STARTER,False,CREDITED,2025-12-30 12:00:00+00:00,2025-12-30 12:00:00+00:00,16,243.0,0.060857981692242734,-0.05,243.0,0.49290060851926976,0.004641966635324509,-1.4267524598548873,0.07417355775458234,0.030479814751655926,-0.290963226437637,-0.011298547155150176,0.060857981692242734,False,False,False,False,False,False,False,27.320983317662257,ORACLE_IDENTITY_FROZEN_QB_ELO_FORMULA
2025,18,REG,2025_18_WAS_PHI,home,PHI,WAS,Tanner McKee,McKeTa01,00-0038400,ORACLE_STARTER_IDENTITY_ONLY,POSTGAME_ACTUAL_STARTER,False,CREDITED,2025-12-30 12:00:00+00:00,2025-12-23 12:00:00+00:00,5,50.0,0.3754768697831363,-0.05,50.0,0.16666666666666666,0.020912811630522707,-0.5011920899980599,0.07328811369509045,0.025,1.0247423498726356,1.2315972191863693,0.3754768697831363,False,True,False,False,False,False,False,35.456405815261355,ORACLE_IDENTITY_FROZEN_QB_ELO_FORMULA
2025,19,WC,2025_19_BUF_JAX,away,BUF,JAX,Josh Allen,AlleJo02,00-0034857,ORACLE_STARTER_IDENTITY_ONLY,POSTGAME_ACTUAL_STARTER,False,CREDITED,2026-01-06 12:00:00+00:00,2025-12-30 12:00:00+00:00,139,4804.0,0.14004722487085125,-0.05,4804.0,0.9505342303126236,0.1306463926156647,1.891817715565264,0.05287647950255522,0.021970525668285053,-0.003859105138476258,0.15117484108693574,0.14004722487085125,False,False,False,False,False,False,False,50.0,ORACLE_IDENTITY_FROZEN_QB_ELO_FORMULA
2025,19,WC,2025_19_BUF_JAX,home,JAX,BUF,Trevor Lawrence,LawrTr00,00-0036971,ORACLE_STARTER_IDENTITY_ONLY,POSTGAME_ACTUAL_STARTER,False,CREDITED,2026-01-06 12:00:00+00:00,2026-01-06 12:00:00+00:00,79,2837.0,0.026767502597519463,-0.05,2837.0,0.9190152251376741,0.020550503682916332,-1.178618596581301,0.0553928391863034,0.024033259359180773,0.2793528219847933,0.07183668854255153,0.026767502597519463,False,False,False,False,False,False,False,35.275251841458164,ORACLE_IDENTITY_FROZEN_QB_ELO_FORMULA
2025,19,WC,2025_19_GB_CHI,away,GB,CHI,Jordan Love,LoveJo03,00-0036264,ORACLE_STARTER_IDENTITY_ONLY,POSTGAME_ACTUAL_STARTER,False,CREDITED,2026-01-06 12:00:00+00:00,2025-12-23 12:00:00+00:00,60,1684.0,0.16809955759614129,-0.05,1684.0,0.8707342295760083,0.13990675025434432,1.5441214969554138,0.04520859777199536,0.02329955444155265,0.1553412043550913,0.247269263815974,0.16809955759614129,False,False,False,False,False,False,False,50.0,ORACLE_IDENTITY_FROZEN_QB_ELO_FORMULA
2025,19,WC,2025_19_GB_CHI,home,CHI,GB,Caleb Williams,WillCa03,00-0039918,ORACLE_STARTER_IDENTITY_ONLY,POSTGAME_ACTUAL_STARTER,False,CREDITED,2026-01-06 12:00:00+00:00,2026-01-06 12:00:00+00:00,34,1222.0,0.006432484716548973,-0.05,1222.0,0.8301630434782609,-0.0031518367366692637,-1.6020556671378947,0.07285942975589614,0.014645656983455175,0.10437918100630733,0.07329422825293475,0.006432484716548973,False,False,False,False,False,False,False,23.42408163166537,ORACLE_IDENTITY_FROZEN_QB_ELO_FORMULA
2025,19,WC,2025_19_HOU_PIT,away,HOU,PIT,C.J. Stroud,StroCJ00,00-0039163,ORACLE_STARTER_IDENTITY_ONLY,POSTGAME_ACTUAL_STARTER,False,CREDITED,2026-01-06 12:00:00+00:00,2026-01-06 12:00:00+00:00,50,1693.0,0.07269318565106386,-0.05,1693.0,0.8713329902213073,0.05690662033311947,-0.48460906209050414,0.07140647369733283,0.018298925363949683,0.13151781328504017,0.10946472862921951,0.07269318565106386,False,False,False,False,False,False,False,50.0,ORACLE_IDENTITY_FROZEN_QB_ELO_FORMULA
2025,19,WC,2025_19_HOU_PIT,home,PIT,HOU,Aaron Rodgers,RodgAa00,00-0023459,ORACLE_STARTER_IDENTITY_ONLY,POSTGAME_ACTUAL_STARTER,False,CREDITED,2026-01-06 12:00:00+00:00,2026-01-06 12:00:00+00:00,120,4279.0,0.12222923381312308,-0.05,4279.0,0.9448001766394347,0.11272221052911319,1.5455114238319476,0.05837058755942208,0.01291758111221325,0.04604064467800793,0.053994820503182744,0.12222923381312308,False,False,False,False,False,False,False,50.0,ORACLE_IDENTITY_FROZEN_QB_ELO_FORMULA
2025,19,WC,2025_19_LAC_NE,away,LAC,NE,Justin Herbert,HerbJu00,00-0036355,ORACLE_STARTER_IDENTITY_ONLY,POSTGAME_ACTUAL_STARTER,False,CREDITED,2026-01-06 12:00:00+00:00,2025-12-30 12:00:00+00:00,97,3745.0,0.09602095846722304,-0.05,3745.0,0.9374217772215269,0.08688322639793498,0.23148751192628997,0.06120377717776829,0.018421653597027597,0.02483020247647248,0.038955314569926014,0.09602095846722304,False,False,False,False,False,False,False,50.0,ORACLE_IDENTITY_FROZEN_QB_ELO_FORMULA
2025,19,WC,2025_19_LAC_NE,home,NE,LAC,Drake Maye,MayeDr00,00-0039851,ORACLE_STARTER_IDENTITY_ONLY,POSTGAME_ACTUAL_STARTER,False,CREDITED,2026-01-06 12:00:00+00:00,2026-01-06 12:00:00+00:00,30,911.0,0.16068991035157767,-0.05,911.0,0.7846683893195521,0.11532171260145328,5.703646471275972,0.0848131596536142,0.02347685314903023,0.511405853929917,0.31300864491498265,0.16068991035157767,False,False,False,False,False,False,False,50.0,ORACLE_IDENTITY_FROZEN_QB_ELO_FORMULA
2025,19,WC,2025_19_LA_CAR,away,LAR,CAR,Matthew Stafford,StafMa00,00-0026498,ORACLE_STARTER_IDENTITY_ONLY,POSTGAME_ACTUAL_STARTER,False,CREDITED,2026-01-06 12:00:00+00:00,2026-01-06 12:00:00+00:00,121,4412.0,0.12768901015434306,-0.05,4412.0,0.9463749463749463,0.1181604274562337,-0.23935960856772637,0.05633224709187033,0.020035763785763785,0.2424304320750762,0.24524866177972265,0.12768901015434306,False,False,False,False,False,False,False,50.0,ORACLE_IDENTITY_FROZEN_QB_ELO_FORMULA
2025,19,WC,2025_19_LA_CAR,home,CAR,LAR,Bryce Young,YounBr01,00-0039150,ORACLE_STARTER_IDENTITY_ONLY,POSTGAME_ACTUAL_STARTER,False,CREDITED,2026-01-06 12:00:00+00:00,2026-01-06 12:00:00+00:00,46,1507.0,-0.1308163013923589,-0.05,1507.0,0.8577120091064314,-0.11931711223579104,-0.07053289050844276,0.07640868744463385,0.022793737115714863,-0.03080030658064098,-0.04516069602958803,-0.1308163013923589,False,False,False,False,False,False,False,-34.65855611789552,ORACLE_IDENTITY_FROZEN_QB_ELO_FORMULA
2025,19,WC,2025_19_SF_PHI,away,SF,PHI,Brock Purdy,PurdBr00,00-0037834,ORACLE_STARTER_IDENTITY_ONLY,POSTGAME_ACTUAL_STARTER,False,CREDITED,2026-01-06 12:00:00+00:00,2026-01-06 12:00:00+00:00,55,1613.0,0.22796891652556828,-0.05,1613.0,0.8658078368223295,0.19066766632084897,2.9346638887359635,0.05721102847410811,0.02561414927803912,0.13193572671015774,0.21661623078557984,0.22796891652556828,False,False,False,False,False,False,False,50.0,ORACLE_IDENTITY_FROZEN_QB_ELO_FORMULA
2025,19,WC,2025_19_SF_PHI,home,PHI,SF,Jalen Hurts,HurtJa00,00-0036389,ORACLE_STARTER_IDENTITY_ONLY,POSTGAME_ACTUAL_STARTER,False,CREDITED,2026-01-06 12:00:00+00:00,2025-12-30 12:00:00+00:00,101,2854.0,0.09216959061496342,-0.05,2854.0,0.9194587628865979,0.08071907590692835,2.4683727430265296,0.07021014168536341,0.019076871548493305,0.09421008438119799,0.0669656316819479,0.09216959061496342,False,False,False,False,False,False,False,50.0,ORACLE_IDENTITY_FROZEN_QB_ELO_FORMULA
2025,20,DIV,2025_20_BUF_DEN,away,BUF,DEN,Josh Allen,AlleJo02,00-0034857,ORACLE_STARTER_IDENTITY_ONLY,POSTGAME_ACTUAL_STARTER,False,CREDITED,2026-01-13 12:00:00+00:00,2026-01-13 12:00:00+00:00,140,4840.0,0.14105546802816832,-0.05,4840.0,0.9508840864440079,0.1316716041760972,1.9601023100877644,0.0526944465501472,0.021811024432326374,0.06997426060631025,0.1597209089238325,0.14105546802816832,False,False,False,False,False,False,False,50.0,ORACLE_IDENTITY_FROZEN_QB_ELO_FORMULA
2025,20,DIV,2025_20_BUF_DEN,home,DEN,BUF,Bo Nix,NixxBo00,00-0039732,ORACLE_STARTER_IDENTITY_ONLY,POSTGAME_ACTUAL_STARTER,False,CREDITED,2026-01-13 12:00:00+00:00,2026-01-06 12:00:00+00:00,35,1249.0,0.07583115370343897,-0.05,1249.0,0.8332221480987325,0.0548453041865212,-0.5134101368868272,0.04445002750517138,0.020960129400727324,0.05324141524792295,0.10373878401338915,0.07583115370343897,False,False,False,False,False,False,False,50.0,ORACLE_IDENTITY_FROZEN_QB_ELO_FORMULA
2025,20,DIV,2025_20_HOU_NE,away,HOU,NE,C.J. Stroud,StroCJ00,00-0039163,ORACLE_STARTER_IDENTITY_ONLY,POSTGAME_ACTUAL_STARTER,False,CREDITED,2026-01-13 12:00:00+00:00,2026-01-13 12:00:00+00:00,51,1728.0,0.07148943258131354,-0.05,1728.0,0.8736097067745198,0.056134347573564114,-0.480893568580556,0.07165601029186276,0.018524664501269113,0.08841826614086104,0.10264297469521678,0.07148943258131354,False,False,False,False,False,False,False,50.0,ORACLE_IDENTITY_FROZEN_QB_ELO_FORMULA
2025,20,DIV,2025_20_HOU_NE,home,NE,HOU,Drake Maye,MayeDr00,00-0039851,ORACLE_STARTER_IDENTITY_ONLY,POSTGAME_ACTUAL_STARTER,False,CREDITED,2026-01-13 12:00:00+00:00,2026-01-13 12:00:00+00:00,31,945.0,0.15508415213729687,-0.05,945.0,0.7907949790794979,0.11217951779895025,5.465309222041874,0.08647727357473033,0.02376754131738277,0.37661948466368333,0.29528774355527826,0.15508415213729687,False,False,False,False,False,False,False,50.0,ORACLE_IDENTITY_FROZEN_QB_ELO_FORMULA
2025,20,DIV,2025_20_LA_CHI,away,LAR,CHI,Matthew Stafford,StafMa00,00-0026498,ORACLE_STARTER_IDENTITY_ONLY,POSTGAME_ACTUAL_STARTER,False,CREDITED,2026-01-13 12:00:00+00:00,2026-01-13 12:00:00+00:00,122,4455.0,0.1275744051708273,-0.05,4455.0,0.946865037194474,0.11813899575686199,-0.2778562494151863,0.056019642741692306,0.020071662651406825,0.21813388203975764,0.23676810542761126,0.1275744051708273,False,False,False,False,False,False,False,50.0,ORACLE_IDENTITY_FROZEN_QB_ELO_FORMULA
2025,20,DIV,2025_20_LA_CHI,home,CHI,LAR,Caleb Williams,WillCa03,00-0039918,ORACLE_STARTER_IDENTITY_ONLY,POSTGAME_ACTUAL_STARTER,False,CREDITED,2026-01-13 12:00:00+00:00,2026-01-13 12:00:00+00:00,35,1271.0,0.016243137543881247,-0.05,1271.0,0.8356344510190664,0.005355047875261714,-1.7517939075365332,0.07107616314194021,0.015571473061351603,0.14773616287380953,0.08684550315691349,0.016243137543881247,False,False,False,False,False,False,False,27.67752393763086,ORACLE_IDENTITY_FROZEN_QB_ELO_FORMULA
2025,20,DIV,2025_20_SF_SEA,away,SF,SEA,Brock Purdy,PurdBr00,00-0037834,ORACLE_STARTER_IDENTITY_ONLY,POSTGAME_ACTUAL_STARTER,False,CREDITED,2026-01-13 12:00:00+00:00,2026-01-13 12:00:00+00:00,56,1645.0,0.22637785974477168,-0.05,1645.0,0.8680738786279684,0.18991640067554058,2.8335237924542946,0.05676323625396886,0.026287658332555634,0.1377076634577751,0.20987921479764635,0.22637785974477168,False,False,False,False,False,False,False,50.0,ORACLE_IDENTITY_FROZEN_QB_ELO_FORMULA
2025,20,DIV,2025_20_SF_SEA,home,SEA,SF,Sam Darnold,DarnSa00,00-0034869,ORACLE_STARTER_IDENTITY_ONLY,POSTGAME_ACTUAL_STARTER,False,CREDITED,2026-01-13 12:00:00+00:00,2026-01-06 12:00:00+00:00,101,3106.0,-0.01591969439431511,-0.05,3106.0,0.9255065554231228,-0.018458453751115236,0.18056984617708005,0.07335833827627687,0.028972375248242338,0.012779296709923456,0.15527343058672208,-0.01591969439431511,False,False,False,False,False,False,False,15.770773124442382,ORACLE_IDENTITY_FROZEN_QB_ELO_FORMULA
2025,21,CON,2025_21_LA_SEA,away,LAR,SEA,Matthew Stafford,StafMa00,00-0026498,ORACLE_STARTER_IDENTITY_ONLY,POSTGAME_ACTUAL_STARTER,False,CREDITED,2026-01-20 12:00:00+00:00,2026-01-20 12:00:00+00:00,123,4501.0,0.1266324620927129,-0.05,4501.0,0.947379499052831,0.11733797345386252,-0.37906101280670323,0.0563092811732781,0.019883308459690316,0.1662495687781849,0.22416349186769569,0.1266324620927129,False,False,False,False,False,False,False,50.0,ORACLE_IDENTITY_FROZEN_QB_ELO_FORMULA
2025,21,CON,2025_21_LA_SEA,home,SEA,LAR,Sam Darnold,DarnSa00,00-0034869,ORACLE_STARTER_IDENTITY_ONLY,POSTGAME_ACTUAL_STARTER,False,CREDITED,2026-01-20 12:00:00+00:00,2026-01-20 12:00:00+00:00,102,3125.0,-0.014196716384761771,-0.05,3125.0,0.9259259259259259,-0.01684881146737201,0.2423781108959584,0.07353195285578992,0.02881455850313982,0.09486666884953086,0.15946542714733156,-0.014196716384761771,False,False,False,False,False,False,False,16.575594266314,ORACLE_IDENTITY_FROZEN_QB_ELO_FORMULA
2025,21,CON,2025_21_NE_DEN,away,NE,DEN,Drake Maye,MayeDr00,00-0039851,ORACLE_STARTER_IDENTITY_ONLY,POSTGAME_ACTUAL_STARTER,False,CREDITED,2026-01-20 12:00:00+00:00,2026-01-20 12:00:00+00:00,32,977.0,0.14277867844549402,-0.05,977.0,0.7962510187449062,0.10350021910452131,5.204548977164986,0.08817341771771325,0.024086533066206,0.20363642469272114,0.2684845562209301,0.14277867844549402,False,False,False,False,False,False,False,50.0,ORACLE_IDENTITY_FROZEN_QB_ELO_FORMULA
2025,21,CON,2025_21_NE_DEN,home,DEN,NE,Jarrett Stidham,StidJa00,00-0035264,ORACLE_STARTER_IDENTITY_ONLY,POSTGAME_ACTUAL_STARTER,False,CREDITED,2026-01-20 12:00:00+00:00,2025-10-28 12:00:00+00:00,16,216.0,-0.1193910671483915,-0.05,216.0,0.463519313304721,-0.08216409979410422,-2.2299587781802304,0.0816095390582426,0.034917539922877494,0.006711637471620955,,-0.1193910671483915,False,False,False,False,False,False,False,-16.08204989705211,ORACLE_IDENTITY_FROZEN_QB_ELO_FORMULA
2025,22,SB,2025_22_SEA_NE,away,SEA,NE,Sam Darnold,DarnSa00,00-0034869,ORACLE_STARTER_IDENTITY_ONLY,POSTGAME_ACTUAL_STARTER,False,CREDITED,2026-02-03 12:00:00+00:00,2026-01-27 12:00:00+00:00,103,3164.0,-0.008338770741183202,-0.05,3164.0,0.9267721148213239,-0.01138953445375034,0.3383677529071111,0.07357059413774986,0.02848599770716134,0.18981570203044426,0.18002084173525443,-0.008338770741183202,False,False,False,False,False,False,False,19.305232773124832,ORACLE_IDENTITY_FROZEN_QB_ELO_FORMULA
2025,22,SB,2025_22_SEA_NE,home,NE,SEA,Drake Maye,MayeDr00,00-0039851,ORACLE_STARTER_IDENTITY_ONLY,POSTGAME_ACTUAL_STARTER,False,CREDITED,2026-02-03 12:00:00+00:00,2026-01-27 12:00:00+00:00,33,1003.0,0.12975840433745894,-0.05,1003.0,0.8004788507581804,0.09389280091817344,4.871154539523763,0.09010804570936146,0.023636766798272896,0.030930952164779937,0.24309051044013577,0.12975840433745894,False,False,False,False,False,False,False,50.0,ORACLE_IDENTITY_FROZEN_QB_ELO_FORMULA
