game_id,season,season_week,family,model,bucket,selected_side,price_american,price_decimal,edge_pp,p_model,implied_ev,w,p_push,profit,breakeven,reconstructed_line,reconstructed_book
2020_01_ARI_SF,2020,01,ML_QBELO_DISAGREEMENT,QB_ELO,2-4,home,-294,1.3401360544217686,2.3746186724039164,0.7480057466590933,0.002429470012526247,0,0,-1.0,0.7461928934010152,6.5,fanduel
2020_01_CHI_DET,2020,01,ML_QBELO_DISAGREEMENT,QB_ELO,12+,away,120,2.2,17.25728732483576,0.6158757651813865,0.35492668339905054,1,0,1.2,0.45454545454545453,2.5,fanduel
2020_01_CLE_BAL,2020,01,ML_QBELO_DISAGREEMENT,QB_ELO,4-8,home,-333,1.3003003003003002,5.683026527579149,0.8048487478000294,0.046545068460698724,1,0,0.3003,0.76905311778291,7.5,draftkings
2020_01_DAL_LA,2020,01,ML_QBELO_DISAGREEMENT,QB_ELO,8-12,home,-108,1.925925925925926,10.702959478124008,0.6105395161590013,0.17585388297289128,1,0,0.925926,0.5192307692307692,1.5,fanduel
2020_01_GB_MIN,2020,01,ML_QBELO_DISAGREEMENT,QB_ELO,2-4,away,115,2.15,3.764801849838123,0.48677904759426094,0.04657495232766107,1,0,1.15,0.46511627906976744,2.5,draftkings
2020_01_GB_MIN,2020,01,ML_DOG_VALUE_ZONE,QB_ELO,ZONE,away,115,2.15,3.764801849838123,0.48677904759426094,0.04657495232766107,1,0,1.15,0.46511627906976744,2.5,draftkings
2020_01_HOU_KC,2020,01,ML_QBELO_DISAGREEMENT,QB_ELO,8-12,away,340,4.4,10.132191758129702,0.3253362544988597,0.431479519794983,0,0,-1.0,0.22727272727272727,-9.0,fanduel
2020_01_HOU_KC,2020,01,LONG_DOG_201+_CONTEXT,QB_ELO,LONG201+,away,340,4.4,10.132191758129702,0.3253362544988597,0.431479519794983,0,0,-1.0,0.22727272727272727,-9.0,fanduel
2020_01_IND_JAX,2020,01,ML_QBELO_DISAGREEMENT,QB_ELO,12+,home,335,4.35,26.17406166213937,0.49871938937387694,1.1694293437763643,1,0,3.35,0.2298850574712644,8.0,draftkings
2020_01_IND_JAX,2020,01,LONG_DOG_201+_CONTEXT,QB_ELO,LONG201+,home,335,4.35,26.17406166213937,0.49871938937387694,1.1694293437763643,1,0,3.35,0.2298850574712644,8.0,draftkings
2020_01_LAC_CIN,2020,01,ML_QBELO_DISAGREEMENT,QB_ELO,2-4,home,130,2.3,3.7735377983465157,0.4612444531779336,0.060862242309247305,0,0,-1.0,0.4347826086956522,3.0,draftkings
2020_01_LAC_CIN,2020,01,ML_DOG_VALUE_ZONE,QB_ELO,ZONE,home,130,2.3,3.7735377983465157,0.4612444531779336,0.060862242309247305,0,0,-1.0,0.4347826086956522,3.0,draftkings
2020_01_LV_CAR,2020,01,ML_QBELO_DISAGREEMENT,QB_ELO,8-12,home,135,2.35,10.924154112350076,0.5258663779872694,0.23578598827008324,0,0,-1.0,0.425531914893617,-3.0,draftkings
2020_01_MIA_NE,2020,01,ML_QBELO_DISAGREEMENT,QB_ELO,2-4,home,-333,1.3003003003003002,3.088525027587541,0.7715383385273991,0.0032315332803716235,1,0,0.3003,0.76905311778291,7.0,fanduel
2020_01_NYJ_BUF,2020,01,ML_QBELO_DISAGREEMENT,QB_ELO,8-12,away,250,3.5,8.28312988196166,0.3597111301618513,0.2589889555664795,0,0,-1.0,0.2857142857142857,6.5,draftkings
2020_01_NYJ_BUF,2020,01,LONG_DOG_201+_CONTEXT,QB_ELO,LONG201+,away,250,3.5,8.28312988196166,0.3597111301618513,0.2589889555664795,0,0,-1.0,0.2857142857142857,6.5,draftkings
2020_01_PHI_WAS,2020,01,ML_QBELO_DISAGREEMENT,QB_ELO,4-8,home,230,3.3,4.254411940769542,0.3422074190709951,0.12928448293428385,1,0,2.3,0.30303030303030304,6.0,draftkings
2020_01_PHI_WAS,2020,01,LONG_DOG_201+_CONTEXT,QB_ELO,LONG201+,home,230,3.3,4.254411940769542,0.3422074190709951,0.12928448293428385,1,0,2.3,0.30303030303030304,6.0,draftkings
2020_01_PIT_NYG,2020,01,ML_QBELO_DISAGREEMENT,QB_ELO,8-12,home,215,3.15,10.65646208782382,0.40558356994422395,0.2775882453243055,0,0,-1.0,0.31746031746031744,6.0,draftkings
2020_01_PIT_NYG,2020,01,LONG_DOG_201+_CONTEXT,QB_ELO,LONG201+,home,215,3.15,10.65646208782382,0.40558356994422395,0.2775882453243055,0,0,-1.0,0.31746031746031744,6.0,draftkings
2020_01_SEA_ATL,2020,01,ML_QBELO_DISAGREEMENT,QB_ELO,0-2,away,100,2.0,0.40440379595527154,0.48002464615699647,-0.03995070768600706,1,0,1.0,0.5,-1.0,draftkings
2020_01_TB_NO,2020,01,ML_QBELO_DISAGREEMENT,QB_ELO,12+,home,-179,1.558659217877095,12.009290059646261,0.7484730597868058,0.16661443396937892,1,0,0.558659,0.6415770609318996,3.5,draftkings
2020_01_TEN_DEN,2020,01,ML_QBELO_DISAGREEMENT,QB_ELO,8-12,home,150,2.5,10.00596017777881,0.4901253431948809,0.2253133579872022,0,0,-1.0,0.4,3.0,fanduel
2020_01_TEN_DEN,2020,01,ML_DOG_VALUE_ZONE,QB_ELO,ZONE,home,150,2.5,10.00596017777881,0.4901253431948809,0.2253133579872022,0,0,-1.0,0.4,3.0,fanduel
2020_02_ATL_DAL,2020,02,ML_QBELO_DISAGREEMENT,QB_ELO,2-4,home,-149,1.6711409395973154,3.0308728555490827,0.5996901386973627,0.002166741849954912,1,0,0.671141,0.5983935742971888,-3.0,draftkings
2020_02_BAL_HOU,2020,02,ML_QBELO_DISAGREEMENT,QB_ELO,12+,home,280,3.8,13.161361407239264,0.3845755470988222,0.46138707897552433,0,0,-1.0,0.2631578947368421,7.5,draftkings
2020_02_BAL_HOU,2020,02,LONG_DOG_201+_CONTEXT,QB_ELO,LONG201+,home,280,3.8,13.161361407239264,0.3845755470988222,0.46138707897552433,0,0,-1.0,0.2631578947368421,7.5,draftkings
2020_02_BUF_MIA,2020,02,ML_QBELO_DISAGREEMENT,QB_ELO,4-8,home,205,3.05,7.669647231006371,0.3908812650224638,0.19218785831851437,0,0,-1.0,0.3278688524590164,5.5,draftkings
2020_02_BUF_MIA,2020,02,LONG_DOG_201+_CONTEXT,QB_ELO,LONG201+,home,205,3.05,7.669647231006371,0.3908812650224638,0.19218785831851437,0,0,-1.0,0.3278688524590164,5.5,draftkings
2020_02_CAR_TB,2020,02,ML_QBELO_DISAGREEMENT,QB_ELO,8-12,away,295,3.95,10.46470312908816,0.3470873495932688,0.3709950308934118,0,0,-1.0,0.2531645569620253,8.5,draftkings
2020_02_CAR_TB,2020,02,LONG_DOG_201+_CONTEXT,QB_ELO,LONG201+,away,295,3.95,10.46470312908816,0.3470873495932688,0.3709950308934118,0,0,-1.0,0.2531645569620253,8.5,draftkings
2020_02_CIN_CLE,2020,02,ML_QBELO_DISAGREEMENT,QB_ELO,2-4,away,215,3.15,3.383837305576698,0.343024064229594,0.08052580232322093,0,0,-1.0,0.31746031746031744,6.0,draftkings
2020_02_CIN_CLE,2020,02,LONG_DOG_201+_CONTEXT,QB_ELO,LONG201+,away,215,3.15,3.383837305576698,0.343024064229594,0.08052580232322093,0,0,-1.0,0.31746031746031744,6.0,draftkings
2020_02_DEN_PIT,2020,02,ML_QBELO_DISAGREEMENT,QB_ELO,4-8,away,240,3.4,7.2782981520627015,0.36895477748028893,0.2544462434329824,0,0,-1.0,0.29411764705882354,6.5,fanduel
2020_02_DEN_PIT,2020,02,LONG_DOG_201+_CONTEXT,QB_ELO,LONG201+,away,240,3.4,7.2782981520627015,0.36895477748028893,0.2544462434329824,0,0,-1.0,0.29411764705882354,6.5,fanduel
2020_02_DET_GB,2020,02,ML_QBELO_DISAGREEMENT,QB_ELO,12+,home,-263,1.3802281368821292,12.896017042858999,0.8340540042087508,0.15118480428812364,1,0,0.380228,0.7245179063360881,6.5,fanduel
2020_02_JAX_TEN,2020,02,ML_QBELO_DISAGREEMENT,QB_ELO,4-8,away,290,3.9,4.389766077155327,0.3027319884447979,0.18065475493471173,0,0,-1.0,0.25641025641025644,7.5,draftkings
2020_02_JAX_TEN,2020,02,LONG_DOG_201+_CONTEXT,QB_ELO,LONG201+,away,290,3.9,4.389766077155327,0.3027319884447979,0.18065475493471173,0,0,-1.0,0.25641025641025644,7.5,draftkings
2020_02_KC_LAC,2020,02,ML_QBELO_DISAGREEMENT,QB_ELO,8-12,home,310,4.1,9.804378354348694,0.336356327910184,0.3790609444317543,0,0,-1.0,0.24390243902439027,8.5,draftkings
2020_02_KC_LAC,2020,02,LONG_DOG_201+_CONTEXT,QB_ELO,LONG201+,home,310,4.1,9.804378354348694,0.336356327910184,0.3790609444317543,0,0,-1.0,0.24390243902439027,8.5,draftkings
2020_02_LA_PHI,2020,02,ML_QBELO_DISAGREEMENT,QB_ELO,4-8,away,110,2.1,5.26534568951173,0.5106687240706899,0.07240432054844881,1,0,1.1,0.47619047619047616,1.5,fanduel
2020_02_MIN_IND,2020,02,ML_QBELO_DISAGREEMENT,QB_ELO,12+,away,156,2.56,14.170205881231935,0.5174039750267523,0.3245541760684858,0,0,-1.0,0.390625,3.5,fanduel
2020_02_NE_SEA,2020,02,ML_QBELO_DISAGREEMENT,QB_ELO,8-12,away,172,2.7199999999999998,10.627167062911164,0.4607626885931835,0.25327451297345904,0,0,-1.0,0.36764705882352944,4.0,draftkings
2020_02_NE_SEA,2020,02,ML_DOG_VALUE_ZONE,QB_ELO,ZONE,away,172,2.7199999999999998,10.627167062911164,0.4607626885931835,0.25327451297345904,0,0,-1.0,0.36764705882352944,4.0,draftkings
2020_02_NO_LV,2020,02,ML_QBELO_DISAGREEMENT,QB_ELO,0-2,away,-204,1.4901960784313726,1.7379277600114151,0.6660912213940251,-0.007393474001060607,0,0,-1.0,0.6710526315789473,4.0,draftkings
2020_02_NYG_CHI,2020,02,ML_QBELO_DISAGREEMENT,QB_ELO,8-12,home,-233,1.4291845493562232,9.340556434287539,0.7690008024381134,0.0990440652870892,1,0,0.429185,0.6996996996996997,5.5,draftkings
2020_02_SF_NYJ,2020,02,ML_QBELO_DISAGREEMENT,QB_ELO,12+,home,275,3.75,14.875894137446755,0.40810585312294395,0.5303969492110399,0,0,-1.0,0.26666666666666666,7.0,draftkings
2020_02_SF_NYJ,2020,02,LONG_DOG_201+_CONTEXT,QB_ELO,LONG201+,home,275,3.75,14.875894137446755,0.40810585312294395,0.5303969492110399,0,0,-1.0,0.26666666666666666,7.0,draftkings
2020_02_WAS_ARI,2020,02,ML_QBELO_DISAGREEMENT,QB_ELO,8-12,away,270,3.7,10.006305275457866,0.360441247465762,0.3336326156233196,0,0,-1.0,0.27027027027027023,7.0,fanduel
2020_02_WAS_ARI,2020,02,LONG_DOG_201+_CONTEXT,QB_ELO,LONG201+,away,270,3.7,10.006305275457866,0.360441247465762,0.3336326156233196,0,0,-1.0,0.27027027027027023,7.0,fanduel
2020_03_CAR_LAC,2020,03,ML_QBELO_DISAGREEMENT,QB_ELO,4-8,away,240,3.4,4.720609987506203,0.32899083385859296,0.11856883511921601,1,0,2.4,0.29411764705882354,6.5,draftkings
2020_03_CAR_LAC,2020,03,LONG_DOG_201+_CONTEXT,QB_ELO,LONG201+,away,240,3.4,4.720609987506203,0.32899083385859296,0.11856883511921601,1,0,2.4,0.29411764705882354,6.5,draftkings
2020_03_CAR_LAC,2020,03,ML_XGB_DISAGREEMENT,XGB,0-2,away,240,3.4,1.6133585718617505,0.29791831970214844,0.012922286987304688,1,0,2.4,0.29411764705882354,6.5,draftkings
2020_03_CAR_LAC,2020,03,LONG_DOG_201+_CONTEXT,XGB,LONG201+,away,240,3.4,1.6133585718617505,0.29791831970214844,0.012922286987304688,1,0,2.4,0.29411764705882354,6.5,draftkings
2020_03_CAR_LAC,2020,03,ML_AVG_DISAGREEMENT,AVG,2-4,away,240,3.4,3.1669842796839767,0.3134545767803707,0.06574556105326024,1,0,2.4,0.29411764705882354,6.5,draftkings
2020_03_CAR_LAC,2020,03,LONG_DOG_201+_CONTEXT,AVG,LONG201+,away,240,3.4,3.1669842796839767,0.3134545767803707,0.06574556105326024,1,0,2.4,0.29411764705882354,6.5,draftkings
2020_03_CAR_LAC,2020,03,ML_CORROBORATED_DISAGREEMENT,CORROB,2-4,away,240,3.4,3.1669842796839767,0.3134545767803707,0.06574556105326024,1,0,2.4,0.29411764705882354,6.5,draftkings
2020_03_CHI_ATL,2020,03,ML_QBELO_DISAGREEMENT,QB_ELO,4-8,away,120,2.2,6.873382380855181,0.5226884283480978,0.14991454236581525,1,0,1.2,0.45454545454545453,2.5,fanduel
2020_03_CHI_ATL,2020,03,ML_XGB_DISAGREEMENT,XGB,8-12,home,-135,1.7407407407407407,11.75514730545607,0.6635968685150146,0.15515010445206245,0,0,-1.0,0.574468085106383,2.5,fanduel
2020_03_CHI_ATL,2020,03,ML_AVG_DISAGREEMENT,AVG,2-4,home,-135,1.7407407407407407,2.440882462300442,0.5704542200834584,-0.006987098373239187,0,0,-1.0,0.574468085106383,2.5,fanduel
2020_03_CIN_PHI,2020,03,ML_QBELO_DISAGREEMENT,QB_ELO,2-4,home,-238,1.4201680672268908,3.0472476787132385,0.716981223007615,0.018233837716697066,0,1,0.0,0.7041420118343195,6.0,draftkings
2020_03_CIN_PHI,2020,03,ML_XGB_DISAGREEMENT,XGB,8-12,away,210,3.1,11.016956098259811,0.4236608147621155,0.3133485257625581,0,1,0.0,0.3225806451612903,6.0,draftkings
2020_03_CIN_PHI,2020,03,LONG_DOG_201+_CONTEXT,XGB,LONG201+,away,210,3.1,11.016956098259811,0.4236608147621155,0.3133485257625581,0,1,0.0,0.3225806451612903,6.0,draftkings
2020_03_CIN_PHI,2020,03,ML_AVG_DISAGREEMENT,AVG,2-4,away,210,3.1,3.984854209773281,0.3533397958772502,0.09535336721947552,0,1,0.0,0.3225806451612903,6.0,draftkings
2020_03_CIN_PHI,2020,03,LONG_DOG_201+_CONTEXT,AVG,LONG201+,away,210,3.1,3.984854209773281,0.3533397958772502,0.09535336721947552,0,1,0.0,0.3225806451612903,6.0,draftkings
2020_03_DAL_SEA,2020,03,ML_QBELO_DISAGREEMENT,QB_ELO,0-2,away,198,2.98,1.1102323445527862,0.33477817247598507,-0.0023610460215645057,0,0,-1.0,0.33557046979865773,5.5,fanduel
2020_03_DAL_SEA,2020,03,ML_XGB_DISAGREEMENT,XGB,12+,away,198,2.98,13.506092827514582,0.458736777305603,0.36703559637069705,0,0,-1.0,0.33557046979865773,5.5,fanduel
2020_03_DAL_SEA,2020,03,ML_DOG_VALUE_ZONE,XGB,ZONE,away,198,2.98,13.506092827514582,0.458736777305603,0.36703559637069705,0,0,-1.0,0.33557046979865773,5.5,fanduel
2020_03_DAL_SEA,2020,03,ML_AVG_DISAGREEMENT,AVG,4-8,away,198,2.98,7.308162586033684,0.39675747489079405,0.18233727517456622,0,0,-1.0,0.33557046979865773,5.5,fanduel
2020_03_DAL_SEA,2020,03,ML_CORROBORATED_DISAGREEMENT,CORROB,4-8,away,198,2.98,7.308162586033684,0.39675747489079405,0.18233727517456622,0,0,-1.0,0.33557046979865773,5.5,fanduel
2020_03_DET_ARI,2020,03,ML_QBELO_DISAGREEMENT,QB_ELO,2-4,home,-233,1.4291845493562232,2.8397091401303087,0.7032601262118386,0.00508850656026727,0,0,-1.0,0.6996996996996997,-5.0,draftkings
2020_03_DET_ARI,2020,03,ML_XGB_DISAGREEMENT,XGB,8-12,home,-233,1.4291845493562232,10.786504117060458,0.7827280759811401,0.11866287253956931,0,0,-1.0,0.6996996996996997,-5.0,draftkings
2020_03_DET_ARI,2020,03,ML_AVG_DISAGREEMENT,AVG,4-8,home,-233,1.4291845493562232,6.813106628595378,0.7429941010964893,0.06187568954991818,0,0,-1.0,0.6996996996996997,-5.0,draftkings
2020_03_DET_ARI,2020,03,ML_CORROBORATED_DISAGREEMENT,CORROB,4-8,home,-233,1.4291845493562232,6.813106628595378,0.7429941010964893,0.06187568954991818,0,0,-1.0,0.6996996996996997,-5.0,draftkings
2020_03_GB_NO,2020,03,ML_QBELO_DISAGREEMENT,QB_ELO,8-12,away,152,2.52,8.487385072017545,0.4614835534819799,0.1629385547745894,1,0,1.52,0.3968253968253968,3.5,fanduel
2020_03_GB_NO,2020,03,ML_DOG_VALUE_ZONE,QB_ELO,ZONE,away,152,2.52,8.487385072017545,0.4614835534819799,0.1629385547745894,1,0,1.52,0.3968253968253968,3.5,fanduel
2020_03_GB_NO,2020,03,ML_XGB_DISAGREEMENT,XGB,12+,away,152,2.52,16.040582472499672,0.5370155274868011,0.353279129266739,1,0,1.52,0.3968253968253968,3.5,fanduel
2020_03_GB_NO,2020,03,ML_AVG_DISAGREEMENT,AVG,12+,away,152,2.52,12.263983772258607,0.4992495404843905,0.2581088420206641,1,0,1.52,0.3968253968253968,3.5,fanduel
2020_03_GB_NO,2020,03,ML_DOG_VALUE_ZONE,AVG,ZONE,away,152,2.52,12.263983772258607,0.4992495404843905,0.2581088420206641,1,0,1.52,0.3968253968253968,3.5,fanduel
2020_03_GB_NO,2020,03,ML_CORROBORATED_DISAGREEMENT,CORROB,12+,away,152,2.52,12.263983772258607,0.4992495404843905,0.2581088420206641,1,0,1.52,0.3968253968253968,3.5,fanduel
2020_03_GB_NO,2020,03,ML_DOG_VALUE_ZONE,CORROB,ZONE,away,152,2.52,12.263983772258607,0.4992495404843905,0.2581088420206641,1,0,1.52,0.3968253968253968,3.5,fanduel
2020_03_HOU_PIT,2020,03,ML_QBELO_DISAGREEMENT,QB_ELO,2-4,away,165,2.65,2.048966010765163,0.38723782636682036,0.02618023987207385,0,0,-1.0,0.37735849056603776,-3.5,fanduel
2020_03_HOU_PIT,2020,03,ML_XGB_DISAGREEMENT,XGB,8-12,home,-179,1.558659217877095,9.141106623017691,0.7246628999710083,0.12950250889335946,1,0,0.558659,0.6415770609318996,-3.5,fanduel
2020_03_HOU_PIT,2020,03,ML_AVG_DISAGREEMENT,AVG,2-4,home,-179,1.558659217877095,3.546070306126259,0.668712536802094,0.04229495959655982,1,0,0.558659,0.6415770609318996,-3.5,fanduel
2020_03_KC_BAL,2020,03,ML_QBELO_DISAGREEMENT,QB_ELO,0-2,away,155,2.55,1.5810509991931343,0.3906090054244945,-0.003947036167539109,1,0,1.55,0.3921568627450981,3.5,draftkings
2020_03_KC_BAL,2020,03,ML_XGB_DISAGREEMENT,XGB,2-4,away,155,2.55,2.818314347582307,0.40298163890838623,0.027603179216384888,1,0,1.55,0.3921568627450981,3.5,draftkings
2020_03_KC_BAL,2020,03,ML_DOG_VALUE_ZONE,XGB,ZONE,away,155,2.55,2.818314347582307,0.40298163890838623,0.027603179216384888,1,0,1.55,0.3921568627450981,3.5,draftkings
2020_03_KC_BAL,2020,03,ML_AVG_DISAGREEMENT,AVG,2-4,away,155,2.55,2.199682673387726,0.3967953221664404,0.011828071524423,1,0,1.55,0.3921568627450981,3.5,draftkings
2020_03_KC_BAL,2020,03,ML_CORROBORATED_DISAGREEMENT,CORROB,2-4,away,155,2.55,2.199682673387726,0.3967953221664404,0.011828071524423,1,0,1.55,0.3921568627450981,3.5,draftkings
2020_03_LA_BUF,2020,03,ML_QBELO_DISAGREEMENT,QB_ELO,2-4,away,108,2.08,2.8800038476156695,0.4897724214759913,0.018726636670062025,0,0,-1.0,0.4807692307692307,2.0,draftkings
2020_03_LA_BUF,2020,03,ML_XGB_DISAGREEMENT,XGB,12+,away,108,2.08,12.31209492908148,0.5840933322906494,0.21491413116455083,0,0,-1.0,0.4807692307692307,2.0,draftkings
2020_03_LA_BUF,2020,03,ML_AVG_DISAGREEMENT,AVG,4-8,away,108,2.08,7.5960493883485745,0.5369328768833204,0.11682038391730631,0,0,-1.0,0.4807692307692307,2.0,draftkings
2020_03_LA_BUF,2020,03,ML_CORROBORATED_DISAGREEMENT,CORROB,4-8,away,108,2.08,7.5960493883485745,0.5369328768833204,0.11682038391730631,0,0,-1.0,0.4807692307692307,2.0,draftkings
2020_03_LV_NE,2020,03,ML_QBELO_DISAGREEMENT,QB_ELO,4-8,away,250,3.5,6.02920513518162,0.3284420822922044,0.14954728802271533,0,0,-1.0,0.2857142857142857,7.0,draftkings
2020_03_LV_NE,2020,03,LONG_DOG_201+_CONTEXT,QB_ELO,LONG201+,away,250,3.5,6.02920513518162,0.3284420822922044,0.14954728802271533,0,0,-1.0,0.2857142857142857,7.0,draftkings
2020_03_LV_NE,2020,03,ML_XGB_DISAGREEMENT,XGB,12+,away,250,3.5,27.025595369973328,0.5384059846401215,0.8844209462404251,0,0,-1.0,0.2857142857142857,7.0,draftkings
2020_03_LV_NE,2020,03,LONG_DOG_201+_CONTEXT,XGB,LONG201+,away,250,3.5,27.025595369973328,0.5384059846401215,0.8844209462404251,0,0,-1.0,0.2857142857142857,7.0,draftkings
2020_03_LV_NE,2020,03,ML_AVG_DISAGREEMENT,AVG,12+,away,250,3.5,16.52740025257748,0.433424033466163,0.5169841171315706,0,0,-1.0,0.2857142857142857,7.0,draftkings
2020_03_LV_NE,2020,03,LONG_DOG_201+_CONTEXT,AVG,LONG201+,away,250,3.5,16.52740025257748,0.433424033466163,0.5169841171315706,0,0,-1.0,0.2857142857142857,7.0,draftkings
2020_03_LV_NE,2020,03,ML_CORROBORATED_DISAGREEMENT,CORROB,12+,away,250,3.5,16.52740025257748,0.433424033466163,0.5169841171315706,0,0,-1.0,0.2857142857142857,7.0,draftkings
2020_03_MIA_JAX,2020,03,ML_QBELO_DISAGREEMENT,QB_ELO,4-8,home,-147,1.6802721088435373,7.641331451235944,0.6493783081859149,0.09113225933279567,0,0,-1.0,0.5951417004048584,-2.5,draftkings
2020_03_MIA_JAX,2020,03,ML_XGB_DISAGREEMENT,XGB,2-4,home,-147,1.6802721088435373,3.155568484664717,0.6045206785202026,0.0157592353366669,0,0,-1.0,0.5951417004048584,-2.5,draftkings
2020_03_MIA_JAX,2020,03,ML_AVG_DISAGREEMENT,AVG,4-8,home,-147,1.6802721088435373,5.398449967950336,0.6269494933530588,0.0534457473347314,0,0,-1.0,0.5951417004048584,-2.5,draftkings
2020_03_MIA_JAX,2020,03,ML_CORROBORATED_DISAGREEMENT,CORROB,4-8,home,-147,1.6802721088435373,5.398449967950336,0.6269494933530588,0.0534457473347314,0,0,-1.0,0.5951417004048584,-2.5,draftkings
2020_03_NYJ_IND,2020,03,ML_QBELO_DISAGREEMENT,QB_ELO,12+,away,500,6.0,17.523809695792693,0.339311647170091,1.035869883020546,0,0,-1.0,0.16666666666666666,12.0,draftkings
2020_03_NYJ_IND,2020,03,LONG_DOG_201+_CONTEXT,QB_ELO,LONG201+,away,500,6.0,17.523809695792693,0.339311647170091,1.035869883020546,0,0,-1.0,0.16666666666666666,12.0,draftkings
2020_03_NYJ_IND,2020,03,ML_XGB_DISAGREEMENT,XGB,12+,away,500,6.0,12.771502782128321,0.29178857803344727,0.7507314682006836,0,0,-1.0,0.16666666666666666,12.0,draftkings
2020_03_NYJ_IND,2020,03,LONG_DOG_201+_CONTEXT,XGB,LONG201+,away,500,6.0,12.771502782128321,0.29178857803344727,0.7507314682006836,0,0,-1.0,0.16666666666666666,12.0,draftkings
2020_03_NYJ_IND,2020,03,ML_AVG_DISAGREEMENT,AVG,12+,away,500,6.0,15.147656238960508,0.31555011260176913,0.8933006756106148,0,0,-1.0,0.16666666666666666,12.0,draftkings
2020_03_NYJ_IND,2020,03,LONG_DOG_201+_CONTEXT,AVG,LONG201+,away,500,6.0,15.147656238960508,0.31555011260176913,0.8933006756106148,0,0,-1.0,0.16666666666666666,12.0,draftkings
2020_03_NYJ_IND,2020,03,ML_CORROBORATED_DISAGREEMENT,CORROB,12+,away,500,6.0,15.147656238960508,0.31555011260176913,0.8933006756106148,0,0,-1.0,0.16666666666666666,12.0,draftkings
2020_03_SF_NYG,2020,03,ML_QBELO_DISAGREEMENT,QB_ELO,8-12,away,-159,1.6289308176100628,11.216013690084814,0.7166189646606467,0.16732271601954385,1,0,0.628931,0.613899613899614,3.0,draftkings
2020_03_SF_NYG,2020,03,ML_XGB_DISAGREEMENT,XGB,0-2,home,144,2.44,0.2178807045992548,0.39771997928619385,-0.02956325054168707,0,0,-1.0,0.4098360655737705,3.0,draftkings
2020_03_SF_NYG,2020,03,ML_AVG_DISAGREEMENT,AVG,4-8,away,-159,1.6289308176100628,5.499066492742788,0.6594494926872264,0.07419760129554476,1,0,0.628931,0.613899613899614,3.0,draftkings
2020_03_TB_DEN,2020,03,ML_QBELO_DISAGREEMENT,QB_ELO,12+,home,205,3.05,23.586569186515803,0.5470990444997845,0.6686520857243428,0,0,-1.0,0.3278688524590164,5.5,draftkings
2020_03_TB_DEN,2020,03,LONG_DOG_201+_CONTEXT,QB_ELO,LONG201+,home,205,3.05,23.586569186515803,0.5470990444997845,0.6686520857243428,0,0,-1.0,0.3278688524590164,5.5,draftkings
2020_03_TB_DEN,2020,03,ML_XGB_DISAGREEMENT,XGB,12+,home,205,3.05,17.42782781389178,0.4855116307735443,0.48081047385931,0,0,-1.0,0.3278688524590164,5.5,draftkings
2020_03_TB_DEN,2020,03,LONG_DOG_201+_CONTEXT,XGB,LONG201+,home,205,3.05,17.42782781389178,0.4855116307735443,0.48081047385931,0,0,-1.0,0.3278688524590164,5.5,draftkings
2020_03_TB_DEN,2020,03,ML_AVG_DISAGREEMENT,AVG,12+,home,205,3.05,20.507198500203792,0.5163053376366644,0.5747312797918265,0,0,-1.0,0.3278688524590164,5.5,draftkings
2020_03_TB_DEN,2020,03,LONG_DOG_201+_CONTEXT,AVG,LONG201+,home,205,3.05,20.507198500203792,0.5163053376366644,0.5747312797918265,0,0,-1.0,0.3278688524590164,5.5,draftkings
2020_03_TB_DEN,2020,03,ML_CORROBORATED_DISAGREEMENT,CORROB,12+,home,205,3.05,20.507198500203792,0.5163053376366644,0.5747312797918265,0,0,-1.0,0.3278688524590164,5.5,draftkings
2020_03_TEN_MIN,2020,03,ML_QBELO_DISAGREEMENT,QB_ELO,4-8,home,130,2.3,6.0868420891099895,0.47020252776920207,0.08146581386916463,0,0,-1.0,0.4347826086956522,3.0,fanduel
2020_03_TEN_MIN,2020,03,ML_DOG_VALUE_ZONE,QB_ELO,ZONE,home,130,2.3,6.0868420891099895,0.47020252776920207,0.08146581386916463,0,0,-1.0,0.4347826086956522,3.0,fanduel
2020_03_TEN_MIN,2020,03,ML_XGB_DISAGREEMENT,XGB,8-12,away,-147,1.6802721088435373,8.16020206964616,0.6722679138183594,0.12959302525942018,1,0,0.680272,0.5951417004048584,3.0,fanduel
2020_03_TEN_MIN,2020,03,ML_AVG_DISAGREEMENT,AVG,0-2,away,-147,1.6802721088435373,1.0366799902680857,0.6010326930245786,0.009898470592319075,1,0,0.680272,0.5951417004048584,3.0,fanduel
2020_03_WAS_CLE,2020,03,ML_QBELO_DISAGREEMENT,QB_ELO,8-12,away,275,3.75,8.539921353666108,0.3442335412099057,0.2908757795371464,0,0,-1.0,0.26666666666666666,7.5,fanduel
2020_03_WAS_CLE,2020,03,LONG_DOG_201+_CONTEXT,QB_ELO,LONG201+,away,275,3.75,8.539921353666108,0.3442335412099057,0.2908757795371464,0,0,-1.0,0.26666666666666666,7.5,fanduel
2020_03_WAS_CLE,2020,03,ML_XGB_DISAGREEMENT,XGB,12+,away,275,3.75,18.636587717599856,0.44520020484924316,0.6695007681846619,0,0,-1.0,0.26666666666666666,7.5,fanduel
2020_03_WAS_CLE,2020,03,LONG_DOG_201+_CONTEXT,XGB,LONG201+,away,275,3.75,18.636587717599856,0.44520020484924316,0.6695007681846619,0,0,-1.0,0.26666666666666666,7.5,fanduel
2020_03_WAS_CLE,2020,03,ML_AVG_DISAGREEMENT,AVG,12+,away,275,3.75,13.588254535632988,0.3947168730295745,0.48018827386090424,0,0,-1.0,0.26666666666666666,7.5,fanduel
2020_03_WAS_CLE,2020,03,LONG_DOG_201+_CONTEXT,AVG,LONG201+,away,275,3.75,13.588254535632988,0.3947168730295745,0.48018827386090424,0,0,-1.0,0.26666666666666666,7.5,fanduel
2020_03_WAS_CLE,2020,03,ML_CORROBORATED_DISAGREEMENT,CORROB,12+,away,275,3.75,13.588254535632988,0.3947168730295745,0.48018827386090424,0,0,-1.0,0.26666666666666666,7.5,fanduel
2020_04_ARI_CAR,2020,04,ML_QBELO_DISAGREEMENT,QB_ELO,8-12,home,143,2.4299999999999997,10.144605586824657,0.5027662287923056,0.22172193596530243,1,0,1.43,0.41152263374485604,3.0,draftkings
2020_04_ARI_CAR,2020,04,ML_XGB_DISAGREEMENT,XGB,4-8,home,143,2.4299999999999997,4.793597899053753,0.44925615191459656,0.09169244915246955,1,0,1.43,0.41152263374485604,3.0,draftkings
2020_04_ARI_CAR,2020,04,ML_DOG_VALUE_ZONE,XGB,ZONE,home,143,2.4299999999999997,4.793597899053753,0.44925615191459656,0.09169244915246955,1,0,1.43,0.41152263374485604,3.0,draftkings
2020_04_ARI_CAR,2020,04,ML_AVG_DISAGREEMENT,AVG,4-8,home,143,2.4299999999999997,7.469101742939205,0.4760111903534511,0.15670719255888588,1,0,1.43,0.41152263374485604,3.0,draftkings
2020_04_ARI_CAR,2020,04,ML_DOG_VALUE_ZONE,AVG,ZONE,home,143,2.4299999999999997,7.469101742939205,0.4760111903534511,0.15670719255888588,1,0,1.43,0.41152263374485604,3.0,draftkings
2020_04_ARI_CAR,2020,04,ML_CORROBORATED_DISAGREEMENT,CORROB,4-8,home,143,2.4299999999999997,7.469101742939205,0.4760111903534511,0.15670719255888588,1,0,1.43,0.41152263374485604,3.0,draftkings
2020_04_ARI_CAR,2020,04,ML_DOG_VALUE_ZONE,CORROB,ZONE,home,143,2.4299999999999997,7.469101742939205,0.4760111903534511,0.15670719255888588,1,0,1.43,0.41152263374485604,3.0,draftkings
2020_04_ATL_GB,2020,04,ML_QBELO_DISAGREEMENT,QB_ELO,8-12,home,-233,1.4291845493562232,10.67939967373145,0.7926092040249144,0.13278482806994196,1,0,0.429185,0.6996996996996997,6.0,draftkings
2020_04_ATL_GB,2020,04,ML_XGB_DISAGREEMENT,XGB,0-2,home,-233,1.4291845493562232,1.8805273249814625,0.7046204805374146,0.007032703944030327,1,0,0.429185,0.6996996996996997,6.0,draftkings
2020_04_ATL_GB,2020,04,ML_AVG_DISAGREEMENT,AVG,4-8,home,-233,1.4291845493562232,6.279963499356455,0.7486148422811645,0.06990876600698614,1,0,0.429185,0.6996996996996997,6.0,draftkings
2020_04_ATL_GB,2020,04,ML_CORROBORATED_DISAGREEMENT,CORROB,4-8,home,-233,1.4291845493562232,6.279963499356455,0.7486148422811645,0.06990876600698614,1,0,0.429185,0.6996996996996997,6.0,draftkings
2020_04_BAL_WAS,2020,04,ML_QBELO_DISAGREEMENT,QB_ELO,8-12,home,750,8.5,9.571257260263218,0.21211468900474859,0.8029748565403629,0,0,-1.0,0.11764705882352941,14.0,draftkings
2020_04_BAL_WAS,2020,04,LONG_DOG_201+_CONTEXT,QB_ELO,LONG201+,home,750,8.5,9.571257260263218,0.21211468900474859,0.8029748565403629,0,0,-1.0,0.11764705882352941,14.0,draftkings
2020_04_BAL_WAS,2020,04,ML_XGB_DISAGREEMENT,XGB,12+,home,750,8.5,26.725879611161652,0.3836609125137329,2.2611177563667297,0,0,-1.0,0.11764705882352941,14.0,draftkings
2020_04_BAL_WAS,2020,04,LONG_DOG_201+_CONTEXT,XGB,LONG201+,home,750,8.5,26.725879611161652,0.3836609125137329,2.2611177563667297,0,0,-1.0,0.11764705882352941,14.0,draftkings
2020_04_BAL_WAS,2020,04,ML_AVG_DISAGREEMENT,AVG,12+,home,750,8.5,18.148568435712438,0.29788780075924076,1.5320463064535463,0,0,-1.0,0.11764705882352941,14.0,draftkings
2020_04_BAL_WAS,2020,04,LONG_DOG_201+_CONTEXT,AVG,LONG201+,home,750,8.5,18.148568435712438,0.29788780075924076,1.5320463064535463,0,0,-1.0,0.11764705882352941,14.0,draftkings
2020_04_BAL_WAS,2020,04,ML_CORROBORATED_DISAGREEMENT,CORROB,12+,home,750,8.5,18.148568435712438,0.29788780075924076,1.5320463064535463,0,0,-1.0,0.11764705882352941,14.0,draftkings
2020_04_BUF_LV,2020,04,ML_QBELO_DISAGREEMENT,QB_ELO,4-8,home,152,2.52,7.960324723165546,0.46966898864874823,0.1835658513948455,0,0,-1.0,0.3968253968253968,3.5,draftkings
2020_04_BUF_LV,2020,04,ML_DOG_VALUE_ZONE,QB_ELO,ZONE,home,152,2.52,7.960324723165546,0.46966898864874823,0.1835658513948455,0,0,-1.0,0.3968253968253968,3.5,draftkings
2020_04_BUF_LV,2020,04,ML_XGB_DISAGREEMENT,XGB,4-8,home,152,2.52,4.726030242713025,0.437326043844223,0.10206163048744199,0,0,-1.0,0.3968253968253968,3.5,draftkings
2020_04_BUF_LV,2020,04,ML_DOG_VALUE_ZONE,XGB,ZONE,home,152,2.52,4.726030242713025,0.437326043844223,0.10206163048744199,0,0,-1.0,0.3968253968253968,3.5,draftkings
2020_04_BUF_LV,2020,04,ML_AVG_DISAGREEMENT,AVG,4-8,home,152,2.52,6.343177482939283,0.4534975162464856,0.14281374094114363,0,0,-1.0,0.3968253968253968,3.5,draftkings
2020_04_BUF_LV,2020,04,ML_DOG_VALUE_ZONE,AVG,ZONE,home,152,2.52,6.343177482939283,0.4534975162464856,0.14281374094114363,0,0,-1.0,0.3968253968253968,3.5,draftkings
2020_04_BUF_LV,2020,04,ML_CORROBORATED_DISAGREEMENT,CORROB,4-8,home,152,2.52,6.343177482939283,0.4534975162464856,0.14281374094114363,0,0,-1.0,0.3968253968253968,3.5,draftkings
2020_04_BUF_LV,2020,04,ML_DOG_VALUE_ZONE,CORROB,ZONE,home,152,2.52,6.343177482939283,0.4534975162464856,0.14281374094114363,0,0,-1.0,0.3968253968253968,3.5,draftkings
2020_04_CLE_DAL,2020,04,ML_QBELO_DISAGREEMENT,QB_ELO,0-2,away,160,2.6,1.1820107850896322,0.38842981061270077,0.009917507593022012,1,0,1.6,0.3846153846153846,4.0,draftkings
2020_04_CLE_DAL,2020,04,ML_XGB_DISAGREEMENT,XGB,4-8,away,160,2.6,6.768892223056616,0.4442986249923706,0.1551764249801637,1,0,1.6,0.3846153846153846,4.0,draftkings
2020_04_CLE_DAL,2020,04,ML_DOG_VALUE_ZONE,XGB,ZONE,away,160,2.6,6.768892223056616,0.4442986249923706,0.1551764249801637,1,0,1.6,0.3846153846153846,4.0,draftkings
2020_04_CLE_DAL,2020,04,ML_AVG_DISAGREEMENT,AVG,2-4,away,160,2.6,3.9754515040731295,0.41636421780253574,0.08254696628659297,1,0,1.6,0.3846153846153846,4.0,draftkings
2020_04_CLE_DAL,2020,04,ML_DOG_VALUE_ZONE,AVG,ZONE,away,160,2.6,3.9754515040731295,0.41636421780253574,0.08254696628659297,1,0,1.6,0.3846153846153846,4.0,draftkings
2020_04_CLE_DAL,2020,04,ML_CORROBORATED_DISAGREEMENT,CORROB,2-4,away,160,2.6,3.9754515040731295,0.41636421780253574,0.08254696628659297,1,0,1.6,0.3846153846153846,4.0,draftkings
2020_04_CLE_DAL,2020,04,ML_DOG_VALUE_ZONE,CORROB,ZONE,away,160,2.6,3.9754515040731295,0.41636421780253574,0.08254696628659297,1,0,1.6,0.3846153846153846,4.0,draftkings
2020_04_DEN_NYJ,2020,04,ML_QBELO_DISAGREEMENT,QB_ELO,2-4,home,-106,1.9433962264150944,2.052811277559247,0.514760834008406,0.0003842623182230831,0,0,-1.0,0.5145631067961165,1.0,fanduel
2020_04_DEN_NYJ,2020,04,ML_XGB_DISAGREEMENT,XGB,4-8,home,-106,1.9433962264150944,5.49128581052602,0.5491455793380737,0.06720744663814338,0,0,-1.0,0.5145631067961165,1.0,fanduel
2020_04_DEN_NYJ,2020,04,ML_AVG_DISAGREEMENT,AVG,2-4,home,-106,1.9433962264150944,3.772048544042633,0.5319532066732399,0.03379585447818312,0,0,-1.0,0.5145631067961165,1.0,fanduel
2020_04_DEN_NYJ,2020,04,ML_CORROBORATED_DISAGREEMENT,CORROB,2-4,home,-106,1.9433962264150944,3.772048544042633,0.5319532066732399,0.03379585447818312,0,0,-1.0,0.5145631067961165,1.0,fanduel
2020_04_IND_CHI,2020,04,ML_QBELO_DISAGREEMENT,QB_ELO,12+,home,152,2.52,26.343789233659127,0.6341685735870843,0.5981048054394524,0,0,-1.0,0.3968253968253968,-3.5,fanduel
2020_04_IND_CHI,2020,04,ML_XGB_DISAGREEMENT,XGB,12+,home,152,2.52,14.059581058224008,0.5113264918327332,0.2885427594184875,0,0,-1.0,0.3968253968253968,-3.5,fanduel
2020_04_IND_CHI,2020,04,ML_AVG_DISAGREEMENT,AVG,12+,home,152,2.52,20.201685145941568,0.5727475327099087,0.44332378242896997,0,0,-1.0,0.3968253968253968,-3.5,fanduel
2020_04_IND_CHI,2020,04,ML_CORROBORATED_DISAGREEMENT,CORROB,12+,home,152,2.52,20.201685145941568,0.5727475327099087,0.44332378242896997,0,0,-1.0,0.3968253968253968,-3.5,fanduel
2020_04_JAX_CIN,2020,04,ML_QBELO_DISAGREEMENT,QB_ELO,2-4,away,107,2.0700000000000003,3.0250266407514994,0.5094691843580703,0.05460121162120579,0,0,-1.0,0.48309178743961345,-1.5,fanduel
2020_04_JAX_CIN,2020,04,ML_XGB_DISAGREEMENT,XGB,0-2,home,-120,1.8333333333333335,0.8196431263848836,0.5289775133132935,-0.03020789225896192,1,0,0.833333,0.5454545454545454,-1.5,fanduel
2020_04_JAX_CIN,2020,04,ML_AVG_DISAGREEMENT,AVG,0-2,away,107,2.0700000000000003,1.1026917571833106,0.49024583552238843,0.014808879531344132,0,0,-1.0,0.48309178743961345,-1.5,fanduel
2020_04_LAC_TB,2020,04,ML_QBELO_DISAGREEMENT,QB_ELO,8-12,away,295,3.95,8.59646669101627,0.33546006946678975,0.32506727439381966,0,0,-1.0,0.2531645569620253,7.5,draftkings
2020_04_LAC_TB,2020,04,LONG_DOG_201+_CONTEXT,QB_ELO,LONG201+,away,295,3.95,8.59646669101627,0.33546006946678975,0.32506727439381966,0,0,-1.0,0.2531645569620253,7.5,draftkings
2020_04_LAC_TB,2020,04,ML_XGB_DISAGREEMENT,XGB,4-8,away,295,3.95,5.707143189314101,0.30656683444976807,0.21093899607658395,0,0,-1.0,0.2531645569620253,7.5,draftkings
2020_04_LAC_TB,2020,04,LONG_DOG_201+_CONTEXT,XGB,LONG201+,away,295,3.95,5.707143189314101,0.30656683444976807,0.21093899607658395,0,0,-1.0,0.2531645569620253,7.5,draftkings
2020_04_LAC_TB,2020,04,ML_AVG_DISAGREEMENT,AVG,4-8,away,295,3.95,7.151804940165185,0.3210134519582789,0.2680031352352017,0,0,-1.0,0.2531645569620253,7.5,draftkings
2020_04_LAC_TB,2020,04,LONG_DOG_201+_CONTEXT,AVG,LONG201+,away,295,3.95,7.151804940165185,0.3210134519582789,0.2680031352352017,0,0,-1.0,0.2531645569620253,7.5,draftkings
2020_04_LAC_TB,2020,04,ML_CORROBORATED_DISAGREEMENT,CORROB,4-8,away,295,3.95,7.151804940165185,0.3210134519582789,0.2680031352352017,0,0,-1.0,0.2531645569620253,7.5,draftkings
2020_04_MIN_HOU,2020,04,ML_QBELO_DISAGREEMENT,QB_ELO,4-8,away,150,2.5,4.830754236178664,0.4286671550865446,0.07166788771636146,1,0,1.5,0.4,3.5,draftkings
2020_04_MIN_HOU,2020,04,ML_DOG_VALUE_ZONE,QB_ELO,ZONE,away,150,2.5,4.830754236178664,0.4286671550865446,0.07166788771636146,1,0,1.5,0.4,3.5,draftkings
2020_04_MIN_HOU,2020,04,ML_XGB_DISAGREEMENT,XGB,4-8,away,150,2.5,5.490604756119172,0.4352656602859497,0.08816415071487427,1,0,1.5,0.4,3.5,draftkings
2020_04_MIN_HOU,2020,04,ML_DOG_VALUE_ZONE,XGB,ZONE,away,150,2.5,5.490604756119172,0.4352656602859497,0.08816415071487427,1,0,1.5,0.4,3.5,draftkings
2020_04_MIN_HOU,2020,04,ML_AVG_DISAGREEMENT,AVG,4-8,away,150,2.5,5.1606794961489175,0.43196640768624717,0.07991601921561786,1,0,1.5,0.4,3.5,draftkings
2020_04_MIN_HOU,2020,04,ML_DOG_VALUE_ZONE,AVG,ZONE,away,150,2.5,5.1606794961489175,0.43196640768624717,0.07991601921561786,1,0,1.5,0.4,3.5,draftkings
2020_04_MIN_HOU,2020,04,ML_CORROBORATED_DISAGREEMENT,CORROB,4-8,away,150,2.5,5.1606794961489175,0.43196640768624717,0.07991601921561786,1,0,1.5,0.4,3.5,draftkings
2020_04_MIN_HOU,2020,04,ML_DOG_VALUE_ZONE,CORROB,ZONE,away,150,2.5,5.1606794961489175,0.43196640768624717,0.07991601921561786,1,0,1.5,0.4,3.5,draftkings
2020_04_NE_KC,2020,04,ML_QBELO_DISAGREEMENT,QB_ELO,12+,away,475,5.75,14.901474362213191,0.3168873919578772,0.8221025037577938,0,0,-1.0,0.17391304347826086,11.5,fanduel
2020_04_NE_KC,2020,04,LONG_DOG_201+_CONTEXT,QB_ELO,LONG201+,away,475,5.75,14.901474362213191,0.3168873919578772,0.8221025037577938,0,0,-1.0,0.17391304347826086,11.5,fanduel
2020_04_NE_KC,2020,04,ML_XGB_DISAGREEMENT,XGB,12+,away,475,5.75,27.30806659686065,0.4409533143043518,1.5354815572500229,0,0,-1.0,0.17391304347826086,11.5,fanduel
2020_04_NE_KC,2020,04,LONG_DOG_201+_CONTEXT,XGB,LONG201+,away,475,5.75,27.30806659686065,0.4409533143043518,1.5354815572500229,0,0,-1.0,0.17391304347826086,11.5,fanduel
2020_04_NE_KC,2020,04,ML_AVG_DISAGREEMENT,AVG,12+,away,475,5.75,21.10477047953692,0.3789203531311145,1.1787920305039084,0,0,-1.0,0.17391304347826086,11.5,fanduel
2020_04_NE_KC,2020,04,LONG_DOG_201+_CONTEXT,AVG,LONG201+,away,475,5.75,21.10477047953692,0.3789203531311145,1.1787920305039084,0,0,-1.0,0.17391304347826086,11.5,fanduel
2020_04_NE_KC,2020,04,ML_CORROBORATED_DISAGREEMENT,CORROB,12+,away,475,5.75,21.10477047953692,0.3789203531311145,1.1787920305039084,0,0,-1.0,0.17391304347826086,11.5,fanduel
2020_04_NO_DET,2020,04,ML_QBELO_DISAGREEMENT,QB_ELO,8-12,away,-154,1.6493506493506493,9.572443486314974,0.6874036940985933,0.13376972922754993,1,0,0.649351,0.6062992125984252,3.0,fanduel
2020_04_NO_DET,2020,04,ML_XGB_DISAGREEMENT,XGB,0-2,home,140,2.4,0.03540059872287893,0.4086747467517853,-0.0191806077957154,0,0,-1.0,0.4166666666666667,3.0,fanduel
2020_04_NO_DET,2020,04,ML_DOG_VALUE_ZONE,XGB,ZONE,home,140,2.4,0.03540059872287893,0.4086747467517853,-0.0191806077957154,0,0,-1.0,0.4166666666666667,3.0,fanduel
2020_04_NO_DET,2020,04,ML_AVG_DISAGREEMENT,AVG,4-8,away,-154,1.6493506493506493,4.768521443796048,0.639364473673404,0.0545362098249651,1,0,0.649351,0.6062992125984252,3.0,fanduel
2020_04_NYG_LA,2020,04,ML_QBELO_DISAGREEMENT,QB_ELO,4-8,away,660,7.6,5.159237323779317,0.17874123948323462,0.35843342007258294,0,0,-1.0,0.13157894736842105,13.5,fanduel
2020_04_NYG_LA,2020,04,LONG_DOG_201+_CONTEXT,QB_ELO,LONG201+,away,660,7.6,5.159237323779317,0.17874123948323462,0.35843342007258294,0,0,-1.0,0.13157894736842105,13.5,fanduel
2020_04_NYG_LA,2020,04,ML_XGB_DISAGREEMENT,XGB,8-12,away,660,7.6,8.746820729047775,0.2146170735359192,0.6310897588729858,0,0,-1.0,0.13157894736842105,13.5,fanduel
2020_04_NYG_LA,2020,04,LONG_DOG_201+_CONTEXT,XGB,LONG201+,away,660,7.6,8.746820729047775,0.2146170735359192,0.6310897588729858,0,0,-1.0,0.13157894736842105,13.5,fanduel
2020_04_NYG_LA,2020,04,ML_AVG_DISAGREEMENT,AVG,4-8,away,660,7.6,6.953029026413546,0.1966791565095769,0.49476158947278437,0,0,-1.0,0.13157894736842105,13.5,fanduel
2020_04_NYG_LA,2020,04,LONG_DOG_201+_CONTEXT,AVG,LONG201+,away,660,7.6,6.953029026413546,0.1966791565095769,0.49476158947278437,0,0,-1.0,0.13157894736842105,13.5,fanduel
2020_04_NYG_LA,2020,04,ML_CORROBORATED_DISAGREEMENT,CORROB,4-8,away,660,7.6,6.953029026413546,0.1966791565095769,0.49476158947278437,0,0,-1.0,0.13157894736842105,13.5,fanduel
2020_04_PHI_SF,2020,04,ML_QBELO_DISAGREEMENT,QB_ELO,4-8,away,320,4.2,4.855774237426172,0.27886854323852084,0.1712478816017875,1,0,3.2,0.23809523809523808,9.0,draftkings
2020_04_PHI_SF,2020,04,LONG_DOG_201+_CONTEXT,QB_ELO,LONG201+,away,320,4.2,4.855774237426172,0.27886854323852084,0.1712478816017875,1,0,3.2,0.23809523809523808,9.0,draftkings
2020_04_PHI_SF,2020,04,ML_XGB_DISAGREEMENT,XGB,0-2,home,-385,1.2597402597402598,1.1903110339204215,0.7815923094749451,-0.015396701051043182,0,0,-1.0,0.7938144329896907,9.0,draftkings
2020_04_PHI_SF,2020,04,ML_AVG_DISAGREEMENT,AVG,0-2,away,320,4.2,1.832731601752882,0.24863811688178794,0.044280090903509484,1,0,3.2,0.23809523809523808,9.0,draftkings
2020_04_PHI_SF,2020,04,LONG_DOG_201+_CONTEXT,AVG,LONG201+,away,320,4.2,1.832731601752882,0.24863811688178794,0.044280090903509484,1,0,3.2,0.23809523809523808,9.0,draftkings
2020_04_SEA_MIA,2020,04,ML_QBELO_DISAGREEMENT,QB_ELO,0-2,home,210,3.1,1.233827834941803,0.3258295321289354,0.010071549599699692,0,0,-1.0,0.3225806451612903,5.5,draftkings
2020_04_SEA_MIA,2020,04,LONG_DOG_201+_CONTEXT,QB_ELO,LONG201+,home,210,3.1,1.233827834941803,0.3258295321289354,0.010071549599699692,0,0,-1.0,0.3225806451612903,5.5,draftkings
2020_04_SEA_MIA,2020,04,ML_XGB_DISAGREEMENT,XGB,12+,home,210,3.1,12.503379709900742,0.4385250508785248,0.3594276577234268,0,0,-1.0,0.3225806451612903,5.5,draftkings
2020_04_SEA_MIA,2020,04,LONG_DOG_201+_CONTEXT,XGB,LONG201+,home,210,3.1,12.503379709900742,0.4385250508785248,0.3594276577234268,0,0,-1.0,0.3225806451612903,5.5,draftkings
2020_04_SEA_MIA,2020,04,ML_AVG_DISAGREEMENT,AVG,4-8,home,210,3.1,6.868603772421272,0.3821772915037301,0.18474960366156323,0,0,-1.0,0.3225806451612903,5.5,draftkings
2020_04_SEA_MIA,2020,04,LONG_DOG_201+_CONTEXT,AVG,LONG201+,home,210,3.1,6.868603772421272,0.3821772915037301,0.18474960366156323,0,0,-1.0,0.3225806451612903,5.5,draftkings
2020_04_SEA_MIA,2020,04,ML_CORROBORATED_DISAGREEMENT,CORROB,4-8,home,210,3.1,6.868603772421272,0.3821772915037301,0.18474960366156323,0,0,-1.0,0.3225806451612903,5.5,draftkings
2020_05_ARI_NYJ,2020,05,ML_QBELO_DISAGREEMENT,QB_ELO,12+,home,260,3.6,22.12211657667899,0.4921018303990509,0.7715665894365833,0,0,-1.0,0.2777777777777778,7.0,draftkings
2020_05_ARI_NYJ,2020,05,LONG_DOG_201+_CONTEXT,QB_ELO,LONG201+,home,260,3.6,22.12211657667899,0.4921018303990509,0.7715665894365833,0,0,-1.0,0.2777777777777778,7.0,draftkings
2020_05_ARI_NYJ,2020,05,ML_XGB_DISAGREEMENT,XGB,12+,home,260,3.6,21.376517887359835,0.4846458435058594,0.7447250366210938,0,0,-1.0,0.2777777777777778,7.0,draftkings
2020_05_ARI_NYJ,2020,05,LONG_DOG_201+_CONTEXT,XGB,LONG201+,home,260,3.6,21.376517887359835,0.4846458435058594,0.7447250366210938,0,0,-1.0,0.2777777777777778,7.0,draftkings
2020_05_ARI_NYJ,2020,05,ML_AVG_DISAGREEMENT,AVG,12+,home,260,3.6,21.749317232019415,0.4883738369524552,0.7581458130288388,0,0,-1.0,0.2777777777777778,7.0,draftkings
2020_05_ARI_NYJ,2020,05,LONG_DOG_201+_CONTEXT,AVG,LONG201+,home,260,3.6,21.749317232019415,0.4883738369524552,0.7581458130288388,0,0,-1.0,0.2777777777777778,7.0,draftkings
2020_05_ARI_NYJ,2020,05,ML_CORROBORATED_DISAGREEMENT,CORROB,12+,home,260,3.6,21.749317232019415,0.4883738369524552,0.7581458130288388,0,0,-1.0,0.2777777777777778,7.0,draftkings
2020_05_BUF_TEN,2020,05,ML_QBELO_DISAGREEMENT,QB_ELO,12+,home,143,2.4299999999999997,17.294198318490118,0.5711416933077175,0.38787431473775325,1,0,1.43,0.41152263374485604,3.0,draftkings
2020_05_BUF_TEN,2020,05,ML_XGB_DISAGREEMENT,XGB,8-12,home,143,2.4299999999999997,9.075545979333665,0.48895516991615295,0.18816106289625156,1,0,1.43,0.41152263374485604,3.0,draftkings
2020_05_BUF_TEN,2020,05,ML_DOG_VALUE_ZONE,XGB,ZONE,home,143,2.4299999999999997,9.075545979333665,0.48895516991615295,0.18816106289625156,1,0,1.43,0.41152263374485604,3.0,draftkings
2020_05_BUF_TEN,2020,05,ML_AVG_DISAGREEMENT,AVG,12+,home,143,2.4299999999999997,13.184872148911886,0.5300484316119352,0.2880176888170023,1,0,1.43,0.41152263374485604,3.0,draftkings
2020_05_BUF_TEN,2020,05,ML_CORROBORATED_DISAGREEMENT,CORROB,12+,home,143,2.4299999999999997,13.184872148911886,0.5300484316119352,0.2880176888170023,1,0,1.43,0.41152263374485604,3.0,draftkings
2020_05_CAR_ATL,2020,05,ML_QBELO_DISAGREEMENT,QB_ELO,4-8,home,-130,1.7692307692307692,4.040097869459736,0.5912699495987177,0.04609298775157744,0,0,-1.0,0.5652173913043479,2.5,draftkings
2020_05_CAR_ATL,2020,05,ML_XGB_DISAGREEMENT,XGB,4-8,away,120,2.2,6.652708128429302,0.5156581103801727,0.13444784283638,1,0,1.2,0.45454545454545453,2.5,draftkings
2020_05_CAR_ATL,2020,05,ML_AVG_DISAGREEMENT,AVG,0-2,away,120,2.2,1.3063051294847805,0.4621940803907275,0.01682697685960055,1,0,1.2,0.45454545454545453,2.5,draftkings
2020_05_CAR_ATL,2020,05,ML_DOG_VALUE_ZONE,AVG,ZONE,away,120,2.2,1.3063051294847805,0.4621940803907275,0.01682697685960055,1,0,1.2,0.45454545454545453,2.5,draftkings
2020_05_CIN_BAL,2020,05,ML_QBELO_DISAGREEMENT,QB_ELO,0-2,home,-714,1.1400560224089635,0.6296907385861084,0.8574656169783484,-0.02244115935521629,1,0,0.140056,0.8771498771498772,12.5,fanduel
2020_05_CIN_BAL,2020,05,ML_XGB_DISAGREEMENT,XGB,12+,away,550,6.5,25.587345917668554,0.404704749584198,1.630580872297287,0,0,-1.0,0.15384615384615385,12.5,fanduel
2020_05_CIN_BAL,2020,05,LONG_DOG_201+_CONTEXT,XGB,LONG201+,away,550,6.5,25.587345917668554,0.404704749584198,1.630580872297287,0,0,-1.0,0.15384615384615385,12.5,fanduel
2020_05_CIN_BAL,2020,05,ML_AVG_DISAGREEMENT,AVG,12+,away,550,6.5,12.478827589541236,0.27361956630292483,0.7785271809690113,0,0,-1.0,0.15384615384615385,12.5,fanduel
2020_05_CIN_BAL,2020,05,LONG_DOG_201+_CONTEXT,AVG,LONG201+,away,550,6.5,12.478827589541236,0.27361956630292483,0.7785271809690113,0,0,-1.0,0.15384615384615385,12.5,fanduel
2020_05_IND_CLE,2020,05,ML_QBELO_DISAGREEMENT,QB_ELO,0-2,away,102,2.02,1.124116840474615,0.4872217766021899,-0.015812011263576342,0,0,-1.0,0.49504950495049505,1.5,fanduel
2020_05_IND_CLE,2020,05,ML_XGB_DISAGREEMENT,XGB,0-2,away,102,2.02,1.3806851176030366,0.4897874593734741,-0.010629332065582253,0,0,-1.0,0.49504950495049505,1.5,fanduel
2020_05_IND_CLE,2020,05,ML_AVG_DISAGREEMENT,AVG,0-2,away,102,2.02,1.2524009790388313,0.48850461798783207,-0.013220671664579187,0,0,-1.0,0.49504950495049505,1.5,fanduel
2020_05_IND_CLE,2020,05,ML_CORROBORATED_DISAGREEMENT,CORROB,0-2,away,102,2.02,1.2524009790388313,0.48850461798783207,-0.013220671664579187,0,0,-1.0,0.49504950495049505,1.5,fanduel
2020_05_JAX_HOU,2020,05,ML_QBELO_DISAGREEMENT,QB_ELO,2-4,away,210,3.1,2.3145145478335016,0.3429315704005491,0.0630878682417022,0,0,-1.0,0.3225806451612903,5.5,fanduel
2020_05_JAX_HOU,2020,05,LONG_DOG_201+_CONTEXT,QB_ELO,LONG201+,away,210,3.1,2.3145145478335016,0.3429315704005491,0.0630878682417022,0,0,-1.0,0.3225806451612903,5.5,fanduel
2020_05_JAX_HOU,2020,05,ML_XGB_DISAGREEMENT,XGB,12+,away,210,3.1,16.121989936901514,0.48100632429122925,0.4911196053028106,0,0,-1.0,0.3225806451612903,5.5,fanduel
2020_05_JAX_HOU,2020,05,LONG_DOG_201+_CONTEXT,XGB,LONG201+,away,210,3.1,16.121989936901514,0.48100632429122925,0.4911196053028106,0,0,-1.0,0.3225806451612903,5.5,fanduel
2020_05_JAX_HOU,2020,05,ML_AVG_DISAGREEMENT,AVG,8-12,away,210,3.1,9.218252242367509,0.4119689473458892,0.2771037367722564,0,0,-1.0,0.3225806451612903,5.5,fanduel
2020_05_JAX_HOU,2020,05,LONG_DOG_201+_CONTEXT,AVG,LONG201+,away,210,3.1,9.218252242367509,0.4119689473458892,0.2771037367722564,0,0,-1.0,0.3225806451612903,5.5,fanduel
2020_05_JAX_HOU,2020,05,ML_CORROBORATED_DISAGREEMENT,CORROB,8-12,away,210,3.1,9.218252242367509,0.4119689473458892,0.2771037367722564,0,0,-1.0,0.3225806451612903,5.5,fanduel
2020_05_LAC_NO,2020,05,ML_QBELO_DISAGREEMENT,QB_ELO,2-4,home,-323,1.3095975232198143,2.330582583753371,0.7703438928111042,0.0088404540529321,1,0,0.309598,0.7635933806146572,7.0,draftkings
2020_05_LAC_NO,2020,05,ML_XGB_DISAGREEMENT,XGB,12+,away,285,3.85,17.230808793533193,0.4252700209617615,0.6372895807027816,0,0,-1.0,0.2597402597402597,7.0,draftkings
2020_05_LAC_NO,2020,05,LONG_DOG_201+_CONTEXT,XGB,LONG201+,away,285,3.85,17.230808793533193,0.4252700209617615,0.6372895807027816,0,0,-1.0,0.2597402597402597,7.0,draftkings
2020_05_LAC_NO,2020,05,ML_AVG_DISAGREEMENT,AVG,4-8,away,285,3.85,7.45011310488991,0.32746306407532866,0.26073279669001526,0,0,-1.0,0.2597402597402597,7.0,draftkings
2020_05_LAC_NO,2020,05,LONG_DOG_201+_CONTEXT,AVG,LONG201+,away,285,3.85,7.45011310488991,0.32746306407532866,0.26073279669001526,0,0,-1.0,0.2597402597402597,7.0,draftkings
2020_05_LA_WAS,2020,05,ML_QBELO_DISAGREEMENT,QB_ELO,0-2,home,300,4.0,1.8547159977592542,0.2729941051451573,0.09197642058062927,0,0,-1.0,0.25,7.5,draftkings
2020_05_LA_WAS,2020,05,LONG_DOG_201+_CONTEXT,QB_ELO,LONG201+,home,300,4.0,1.8547159977592542,0.2729941051451573,0.09197642058062927,0,0,-1.0,0.25,7.5,draftkings
2020_05_LA_WAS,2020,05,ML_XGB_DISAGREEMENT,XGB,12+,home,300,4.0,16.125575544736442,0.4157027006149292,0.6628108024597168,0,0,-1.0,0.25,7.5,draftkings
2020_05_LA_WAS,2020,05,LONG_DOG_201+_CONTEXT,XGB,LONG201+,home,300,4.0,16.125575544736442,0.4157027006149292,0.6628108024597168,0,0,-1.0,0.25,7.5,draftkings
2020_05_LA_WAS,2020,05,ML_AVG_DISAGREEMENT,AVG,8-12,home,300,4.0,8.990145771247848,0.34434840288004326,0.37739361152017303,0,0,-1.0,0.25,7.5,draftkings
2020_05_LA_WAS,2020,05,LONG_DOG_201+_CONTEXT,AVG,LONG201+,home,300,4.0,8.990145771247848,0.34434840288004326,0.37739361152017303,0,0,-1.0,0.25,7.5,draftkings
2020_05_LA_WAS,2020,05,ML_CORROBORATED_DISAGREEMENT,CORROB,8-12,home,300,4.0,8.990145771247848,0.34434840288004326,0.37739361152017303,0,0,-1.0,0.25,7.5,draftkings
2020_05_LV_KC,2020,05,ML_QBELO_DISAGREEMENT,QB_ELO,0-2,home,-588,1.1700680272108843,0.14909587270487412,0.8341027913388814,-0.024042992447023126,0,0,-1.0,0.8546511627906977,11.5,fanduel
2020_05_LV_KC,2020,05,ML_XGB_DISAGREEMENT,XGB,12+,away,475,5.75,27.5089535706315,0.4424777030944824,1.544246792793274,1,0,4.75,0.17391304347826086,11.5,fanduel
2020_05_LV_KC,2020,05,LONG_DOG_201+_CONTEXT,XGB,LONG201+,away,475,5.75,27.5089535706315,0.4424777030944824,1.544246792793274,1,0,4.75,0.17391304347826086,11.5,fanduel
2020_05_LV_KC,2020,05,ML_AVG_DISAGREEMENT,AVG,12+,away,475,5.75,13.67992884896331,0.3041874558778005,0.7490778712973529,1,0,4.75,0.17391304347826086,11.5,fanduel
2020_05_LV_KC,2020,05,LONG_DOG_201+_CONTEXT,AVG,LONG201+,away,475,5.75,13.67992884896331,0.3041874558778005,0.7490778712973529,1,0,4.75,0.17391304347826086,11.5,fanduel
2020_05_MIA_SF,2020,05,ML_QBELO_DISAGREEMENT,QB_ELO,0-2,home,-385,1.2597402597402598,0.12155613569512225,0.7610494946675116,-0.04127531191235545,0,0,-1.0,0.7938144329896907,8.5,draftkings
2020_05_MIA_SF,2020,05,ML_XGB_DISAGREEMENT,XGB,12+,away,320,4.2,17.401987452989033,0.41418594121932983,0.7395809531211854,1,0,3.2,0.23809523809523808,8.5,draftkings
2020_05_MIA_SF,2020,05,LONG_DOG_201+_CONTEXT,XGB,LONG201+,away,320,4.2,17.401987452989033,0.41418594121932983,0.7395809531211854,1,0,3.2,0.23809523809523808,8.5,draftkings
2020_05_MIA_SF,2020,05,ML_AVG_DISAGREEMENT,AVG,8-12,away,320,4.2,8.640215658646957,0.32656822327590906,0.3715865377588181,1,0,3.2,0.23809523809523808,8.5,draftkings
2020_05_MIA_SF,2020,05,LONG_DOG_201+_CONTEXT,AVG,LONG201+,away,320,4.2,8.640215658646957,0.32656822327590906,0.3715865377588181,1,0,3.2,0.23809523809523808,8.5,draftkings
2020_05_MIN_SEA,2020,05,ML_QBELO_DISAGREEMENT,QB_ELO,0-2,away,245,3.45,1.628560096371584,0.29689858767458266,0.02430012747731025,0,0,-1.0,0.2898550724637681,6.5,fanduel
2020_05_MIN_SEA,2020,05,LONG_DOG_201+_CONTEXT,QB_ELO,LONG201+,away,245,3.45,1.628560096371584,0.29689858767458266,0.02430012747731025,0,0,-1.0,0.2898550724637681,6.5,fanduel
2020_05_MIN_SEA,2020,05,ML_XGB_DISAGREEMENT,XGB,12+,away,245,3.45,13.149084505716907,0.4121038317680359,0.4217582195997238,0,0,-1.0,0.2898550724637681,6.5,fanduel
2020_05_MIN_SEA,2020,05,LONG_DOG_201+_CONTEXT,XGB,LONG201+,away,245,3.45,13.149084505716907,0.4121038317680359,0.4217582195997238,0,0,-1.0,0.2898550724637681,6.5,fanduel
2020_05_MIN_SEA,2020,05,ML_AVG_DISAGREEMENT,AVG,4-8,away,245,3.45,7.388822301044246,0.3545012097213093,0.22302917353851703,0,0,-1.0,0.2898550724637681,6.5,fanduel
2020_05_MIN_SEA,2020,05,LONG_DOG_201+_CONTEXT,AVG,LONG201+,away,245,3.45,7.388822301044246,0.3545012097213093,0.22302917353851703,0,0,-1.0,0.2898550724637681,6.5,fanduel
2020_05_MIN_SEA,2020,05,ML_CORROBORATED_DISAGREEMENT,CORROB,4-8,away,245,3.45,7.388822301044246,0.3545012097213093,0.22302917353851703,0,0,-1.0,0.2898550724637681,6.5,fanduel
2020_05_NYG_DAL,2020,05,ML_QBELO_DISAGREEMENT,QB_ELO,0-2,away,310,4.1,1.7258240521133894,0.2687523945888921,0.10188481781445757,0,0,-1.0,0.24390243902439027,7.5,draftkings
2020_05_NYG_DAL,2020,05,LONG_DOG_201+_CONTEXT,QB_ELO,LONG201+,away,310,4.1,1.7258240521133894,0.2687523945888921,0.10188481781445757,0,0,-1.0,0.24390243902439027,7.5,draftkings
2020_05_NYG_DAL,2020,05,ML_XGB_DISAGREEMENT,XGB,12+,away,310,4.1,13.998599377083432,0.39148014783859253,0.6050686061382293,0,0,-1.0,0.24390243902439027,7.5,draftkings
2020_05_NYG_DAL,2020,05,LONG_DOG_201+_CONTEXT,XGB,LONG201+,away,310,4.1,13.998599377083432,0.39148014783859253,0.6050686061382293,0,0,-1.0,0.24390243902439027,7.5,draftkings
2020_05_NYG_DAL,2020,05,ML_AVG_DISAGREEMENT,AVG,4-8,away,310,4.1,7.862211714598411,0.3301162712137423,0.35347671197634334,0,0,-1.0,0.24390243902439027,7.5,draftkings
2020_05_NYG_DAL,2020,05,LONG_DOG_201+_CONTEXT,AVG,LONG201+,away,310,4.1,7.862211714598411,0.3301162712137423,0.35347671197634334,0,0,-1.0,0.24390243902439027,7.5,draftkings
2020_05_NYG_DAL,2020,05,ML_CORROBORATED_DISAGREEMENT,CORROB,4-8,away,310,4.1,7.862211714598411,0.3301162712137423,0.35347671197634334,0,0,-1.0,0.24390243902439027,7.5,draftkings
2020_05_PHI_PIT,2020,05,ML_QBELO_DISAGREEMENT,QB_ELO,8-12,away,300,4.0,10.33522393091376,0.3471779012931422,0.38871160517256875,0,0,-1.0,0.25,7.5,fanduel
2020_05_PHI_PIT,2020,05,LONG_DOG_201+_CONTEXT,QB_ELO,LONG201+,away,300,4.0,10.33522393091376,0.3471779012931422,0.38871160517256875,0,0,-1.0,0.25,7.5,fanduel
2020_05_PHI_PIT,2020,05,ML_XGB_DISAGREEMENT,XGB,12+,away,300,4.0,14.088196769662895,0.38470762968063354,0.5388305187225342,0,0,-1.0,0.25,7.5,fanduel
2020_05_PHI_PIT,2020,05,LONG_DOG_201+_CONTEXT,XGB,LONG201+,away,300,4.0,14.088196769662895,0.38470762968063354,0.5388305187225342,0,0,-1.0,0.25,7.5,fanduel
2020_05_PHI_PIT,2020,05,ML_AVG_DISAGREEMENT,AVG,12+,away,300,4.0,12.211710350288326,0.36594276548688787,0.46377106194755147,0,0,-1.0,0.25,7.5,fanduel
2020_05_PHI_PIT,2020,05,LONG_DOG_201+_CONTEXT,AVG,LONG201+,away,300,4.0,12.211710350288326,0.36594276548688787,0.46377106194755147,0,0,-1.0,0.25,7.5,fanduel
2020_05_PHI_PIT,2020,05,ML_CORROBORATED_DISAGREEMENT,CORROB,12+,away,300,4.0,12.211710350288326,0.36594276548688787,0.46377106194755147,0,0,-1.0,0.25,7.5,fanduel
2020_05_TB_CHI,2020,05,ML_QBELO_DISAGREEMENT,QB_ELO,12+,home,164,2.6399999999999997,19.352287669818956,0.5602710429573583,0.47911555340742584,1,0,1.64,0.37878787878787884,3.5,fanduel
2020_05_TB_CHI,2020,05,ML_XGB_DISAGREEMENT,XGB,8-12,home,164,2.6399999999999997,9.696017486250486,0.4637083411216736,0.22419002056121817,1,0,1.64,0.37878787878787884,3.5,fanduel
2020_05_TB_CHI,2020,05,ML_DOG_VALUE_ZONE,XGB,ZONE,home,164,2.6399999999999997,9.696017486250486,0.4637083411216736,0.22419002056121817,1,0,1.64,0.37878787878787884,3.5,fanduel
2020_05_TB_CHI,2020,05,ML_AVG_DISAGREEMENT,AVG,12+,home,164,2.6399999999999997,14.524152578034721,0.5119896920395159,0.351652786984322,1,0,1.64,0.37878787878787884,3.5,fanduel
2020_05_TB_CHI,2020,05,ML_CORROBORATED_DISAGREEMENT,CORROB,12+,home,164,2.6399999999999997,14.524152578034721,0.5119896920395159,0.351652786984322,1,0,1.64,0.37878787878787884,3.5,fanduel
2020_06_ARI_DAL,2020,06,ML_QBELO_DISAGREEMENT,QB_ELO,8-12,home,-114,1.8771929824561404,8.269872250401566,0.5943266294807599,0.1156657781480932,0,0,-1.0,0.5327102803738317,1.0,draftkings
2020_06_ARI_DAL,2020,06,ML_XGB_DISAGREEMENT,XGB,8-12,home,-114,1.8771929824561404,11.631852942843768,0.6279464364051819,0.1787766437781484,0,0,-1.0,0.5327102803738317,1.0,draftkings
2020_06_ARI_DAL,2020,06,ML_AVG_DISAGREEMENT,AVG,8-12,home,-114,1.8771929824561404,9.950862596622667,0.6111365329429709,0.1472212109631208,0,0,-1.0,0.5327102803738317,1.0,draftkings
2020_06_ARI_DAL,2020,06,ML_CORROBORATED_DISAGREEMENT,CORROB,8-12,home,-114,1.8771929824561404,9.950862596622667,0.6111365329429709,0.1472212109631208,0,0,-1.0,0.5327102803738317,1.0,draftkings
2020_06_ATL_MIN,2020,06,ML_QBELO_DISAGREEMENT,QB_ELO,4-8,home,-179,1.558659217877095,6.450738617072482,0.6841477734459669,0.06635323347164679,0,0,-1.0,0.6415770609318996,3.5,draftkings
2020_06_ATL_MIN,2020,06,ML_XGB_DISAGREEMENT,XGB,8-12,away,163,2.63,8.343891022446076,0.46379852294921875,0.21979011535644521,1,0,1.63,0.3802281368821293,3.5,draftkings
2020_06_ATL_MIN,2020,06,ML_DOG_VALUE_ZONE,XGB,ZONE,away,163,2.63,8.343891022446076,0.46379852294921875,0.21979011535644521,1,0,1.63,0.3802281368821293,3.5,draftkings
2020_06_ATL_MIN,2020,06,ML_AVG_DISAGREEMENT,AVG,0-2,away,163,2.63,0.9465762026867941,0.38982537475162593,0.025240735596776087,1,0,1.63,0.3802281368821293,3.5,draftkings
2020_06_BAL_PHI,2020,06,ML_QBELO_DISAGREEMENT,QB_ELO,8-12,home,375,4.75,10.109912505284543,0.3131524752975986,0.4874742576635933,0,0,-1.0,0.21052631578947367,10.0,draftkings
2020_06_BAL_PHI,2020,06,LONG_DOG_201+_CONTEXT,QB_ELO,LONG201+,home,375,4.75,10.109912505284543,0.3131524752975986,0.4874742576635933,0,0,-1.0,0.21052631578947367,10.0,draftkings
2020_06_BAL_PHI,2020,06,ML_XGB_DISAGREEMENT,XGB,12+,home,375,4.75,17.129830356956262,0.3833516538143158,0.820920355618,0,0,-1.0,0.21052631578947367,10.0,draftkings
2020_06_BAL_PHI,2020,06,LONG_DOG_201+_CONTEXT,XGB,LONG201+,home,375,4.75,17.129830356956262,0.3833516538143158,0.820920355618,0,0,-1.0,0.21052631578947367,10.0,draftkings
2020_06_BAL_PHI,2020,06,ML_AVG_DISAGREEMENT,AVG,12+,home,375,4.75,13.619871431120403,0.3482520645559572,0.6541973066407967,0,0,-1.0,0.21052631578947367,10.0,draftkings
2020_06_BAL_PHI,2020,06,LONG_DOG_201+_CONTEXT,AVG,LONG201+,home,375,4.75,13.619871431120403,0.3482520645559572,0.6541973066407967,0,0,-1.0,0.21052631578947367,10.0,draftkings
2020_06_BAL_PHI,2020,06,ML_CORROBORATED_DISAGREEMENT,CORROB,12+,home,375,4.75,13.619871431120403,0.3482520645559572,0.6541973066407967,0,0,-1.0,0.21052631578947367,10.0,draftkings
2020_06_CHI_CAR,2020,06,ML_QBELO_DISAGREEMENT,QB_ELO,4-8,away,110,2.1,6.969235090762943,0.527707618083202,0.10818599797472417,1,0,1.1,0.47619047619047616,2.0,draftkings
2020_06_CHI_CAR,2020,06,ML_XGB_DISAGREEMENT,XGB,4-8,home,-125,1.8,5.219358615292846,0.594178318977356,0.06952097415924086,0,0,-1.0,0.5555555555555556,2.0,draftkings
2020_06_CHI_CAR,2020,06,ML_AVG_DISAGREEMENT,AVG,0-2,away,110,2.1,0.8749382377350401,0.46676464955292296,-0.01979423593886176,1,0,1.1,0.47619047619047616,2.0,draftkings
2020_06_CIN_IND,2020,06,ML_QBELO_DISAGREEMENT,QB_ELO,0-2,away,310,4.1,0.8041475941960086,0.26636524172841247,0.09209749108649112,0,0,-1.0,0.24390243902439027,7.5,draftkings
2020_06_CIN_IND,2020,06,LONG_DOG_201+_CONTEXT,QB_ELO,LONG201+,away,310,4.1,0.8041475941960086,0.26636524172841247,0.09209749108649112,0,0,-1.0,0.24390243902439027,7.5,draftkings
2020_06_CIN_IND,2020,06,ML_XGB_DISAGREEMENT,XGB,12+,away,310,4.1,18.582173487349024,0.4441455006599426,0.8209965527057645,0,0,-1.0,0.24390243902439027,7.5,draftkings
2020_06_CIN_IND,2020,06,LONG_DOG_201+_CONTEXT,XGB,LONG201+,away,310,4.1,18.582173487349024,0.4441455006599426,0.8209965527057645,0,0,-1.0,0.24390243902439027,7.5,draftkings
2020_06_CIN_IND,2020,06,ML_AVG_DISAGREEMENT,AVG,8-12,away,310,4.1,9.69316054077251,0.3552553711941775,0.4565470218961276,0,0,-1.0,0.24390243902439027,7.5,draftkings
2020_06_CIN_IND,2020,06,LONG_DOG_201+_CONTEXT,AVG,LONG201+,away,310,4.1,9.69316054077251,0.3552553711941775,0.4565470218961276,0,0,-1.0,0.24390243902439027,7.5,draftkings
2020_06_CIN_IND,2020,06,ML_CORROBORATED_DISAGREEMENT,CORROB,8-12,away,310,4.1,9.69316054077251,0.3552553711941775,0.4565470218961276,0,0,-1.0,0.24390243902439027,7.5,draftkings
2020_06_CLE_PIT,2020,06,ML_QBELO_DISAGREEMENT,QB_ELO,4-8,home,-167,1.5988023952095807,4.068282657372658,0.6405172408141019,0.02406049878661798,1,0,0.598802,0.6254681647940076,3.0,draftkings
2020_06_CLE_PIT,2020,06,ML_XGB_DISAGREEMENT,XGB,4-8,away,150,2.5,7.921979021693787,0.4793853759765625,0.19846343994140625,0,0,-1.0,0.4,3.0,draftkings
2020_06_CLE_PIT,2020,06,ML_DOG_VALUE_ZONE,XGB,ZONE,away,150,2.5,7.921979021693787,0.4793853759765625,0.19846343994140625,0,0,-1.0,0.4,3.0,draftkings
2020_06_CLE_PIT,2020,06,ML_AVG_DISAGREEMENT,AVG,0-2,away,150,2.5,1.926848182160562,0.41943406758123025,0.04858516895307563,0,0,-1.0,0.4,3.0,draftkings
2020_06_CLE_PIT,2020,06,ML_DOG_VALUE_ZONE,AVG,ZONE,away,150,2.5,1.926848182160562,0.41943406758123025,0.04858516895307563,0,0,-1.0,0.4,3.0,draftkings
2020_06_DEN_NE,2020,06,ML_QBELO_DISAGREEMENT,QB_ELO,4-8,away,325,4.25,4.117127430284875,0.2892272401881856,0.2292157707997886,1,0,3.25,0.23529411764705882,8.0,fanduel
2020_06_DEN_NE,2020,06,LONG_DOG_201+_CONTEXT,QB_ELO,LONG201+,away,325,4.25,4.117127430284875,0.2892272401881856,0.2292157707997886,1,0,3.25,0.23529411764705882,8.0,fanduel
2020_06_DEN_NE,2020,06,ML_XGB_DISAGREEMENT,XGB,4-8,away,325,4.25,7.6865165248696385,0.3249211311340332,0.3809148073196411,1,0,3.25,0.23529411764705882,8.0,fanduel
2020_06_DEN_NE,2020,06,LONG_DOG_201+_CONTEXT,XGB,LONG201+,away,325,4.25,7.6865165248696385,0.3249211311340332,0.3809148073196411,1,0,3.25,0.23529411764705882,8.0,fanduel
2020_06_DEN_NE,2020,06,ML_AVG_DISAGREEMENT,AVG,4-8,away,325,4.25,5.901821977577263,0.30707418566110944,0.3050652890597152,1,0,3.25,0.23529411764705882,8.0,fanduel
2020_06_DEN_NE,2020,06,LONG_DOG_201+_CONTEXT,AVG,LONG201+,away,325,4.25,5.901821977577263,0.30707418566110944,0.3050652890597152,1,0,3.25,0.23529411764705882,8.0,fanduel
2020_06_DEN_NE,2020,06,ML_CORROBORATED_DISAGREEMENT,CORROB,4-8,away,325,4.25,5.901821977577263,0.30707418566110944,0.3050652890597152,1,0,3.25,0.23529411764705882,8.0,fanduel
2020_06_DET_JAX,2020,06,ML_QBELO_DISAGREEMENT,QB_ELO,12+,home,148,2.48,16.91208191455022,0.5704409920695612,0.41469366033251176,0,0,-1.0,0.40322580645161293,3.0,draftkings
2020_06_DET_JAX,2020,06,ML_XGB_DISAGREEMENT,XGB,12+,home,148,2.48,22.848056398008527,0.6298007369041443,0.5619058275222779,0,0,-1.0,0.40322580645161293,3.0,draftkings
2020_06_DET_JAX,2020,06,ML_AVG_DISAGREEMENT,AVG,12+,home,148,2.48,19.880069156279372,0.6001208644868528,0.48829974392739484,0,0,-1.0,0.40322580645161293,3.0,draftkings
2020_06_DET_JAX,2020,06,ML_CORROBORATED_DISAGREEMENT,CORROB,12+,home,148,2.48,19.880069156279372,0.6001208644868528,0.48829974392739484,0,0,-1.0,0.40322580645161293,3.0,draftkings
2020_06_GB_TB,2020,06,ML_QBELO_DISAGREEMENT,QB_ELO,4-8,away,-133,1.7518796992481203,6.457435712345482,0.6277160503641325,0.09968300552513432,0,0,-1.0,0.5708154506437768,2.0,draftkings
2020_06_GB_TB,2020,06,ML_XGB_DISAGREEMENT,XGB,4-8,home,120,2.2,7.465498603013682,0.5115132927894592,0.12532924413681035,1,0,1.2,0.45454545454545453,2.0,draftkings
2020_06_GB_TB,2020,06,ML_AVG_DISAGREEMENT,AVG,0-2,home,120,2.2,0.5040314453340966,0.4418986212126634,-0.027823033332140534,1,0,1.2,0.45454545454545453,2.0,draftkings
2020_06_GB_TB,2020,06,ML_DOG_VALUE_ZONE,AVG,ZONE,home,120,2.2,0.5040314453340966,0.4418986212126634,-0.027823033332140534,1,0,1.2,0.45454545454545453,2.0,draftkings
2020_06_HOU_TEN,2020,06,ML_QBELO_DISAGREEMENT,QB_ELO,8-12,home,-185,1.5405405405405406,9.015435351655166,0.723406187257383,0.1144365587478604,1,0,0.540541,0.6491228070175439,3.5,draftkings
2020_06_HOU_TEN,2020,06,ML_XGB_DISAGREEMENT,XGB,0-2,away,163,2.63,0.8541333500505344,0.3752894997596741,-0.012988615632057221,0,0,-1.0,0.3802281368821293,3.5,draftkings
2020_06_HOU_TEN,2020,06,ML_AVG_DISAGREEMENT,AVG,4-8,home,-185,1.5405405405405406,4.080651000802316,0.6740583437488545,0.03841420523472183,1,0,0.540541,0.6491228070175439,3.5,draftkings
2020_06_KC_BUF,2020,06,ML_QBELO_DISAGREEMENT,QB_ELO,8-12,home,205,3.05,10.441660253408191,0.4273668069704499,0.3034687612598721,0,0,-1.0,0.3278688524590164,5.5,draftkings
2020_06_KC_BUF,2020,06,LONG_DOG_201+_CONTEXT,QB_ELO,LONG201+,home,205,3.05,10.441660253408191,0.4273668069704499,0.3034687612598721,0,0,-1.0,0.3278688524590164,5.5,draftkings
2020_06_KC_BUF,2020,06,ML_XGB_DISAGREEMENT,XGB,12+,home,205,3.05,21.88730038956938,0.5418232083320618,0.6525607854127884,0,0,-1.0,0.3278688524590164,5.5,draftkings
2020_06_KC_BUF,2020,06,LONG_DOG_201+_CONTEXT,XGB,LONG201+,home,205,3.05,21.88730038956938,0.5418232083320618,0.6525607854127884,0,0,-1.0,0.3278688524590164,5.5,draftkings
2020_06_KC_BUF,2020,06,ML_AVG_DISAGREEMENT,AVG,12+,home,205,3.05,16.16448032148879,0.48459500765125585,0.47801477333633025,0,0,-1.0,0.3278688524590164,5.5,draftkings
2020_06_KC_BUF,2020,06,LONG_DOG_201+_CONTEXT,AVG,LONG201+,home,205,3.05,16.16448032148879,0.48459500765125585,0.47801477333633025,0,0,-1.0,0.3278688524590164,5.5,draftkings
2020_06_KC_BUF,2020,06,ML_CORROBORATED_DISAGREEMENT,CORROB,12+,home,205,3.05,16.16448032148879,0.48459500765125585,0.47801477333633025,0,0,-1.0,0.3278688524590164,5.5,draftkings
2020_06_LA_SF,2020,06,ML_QBELO_DISAGREEMENT,QB_ELO,2-4,home,118,2.1799999999999997,2.4358408595086143,0.4763089319062184,0.03835347155555602,1,0,1.18,0.4587155963302753,-2.5,fanduel
2020_06_LA_SF,2020,06,ML_DOG_VALUE_ZONE,QB_ELO,ZONE,home,118,2.1799999999999997,2.4358408595086143,0.4763089319062184,0.03835347155555602,1,0,1.18,0.4587155963302753,-2.5,fanduel
2020_06_LA_SF,2020,06,ML_XGB_DISAGREEMENT,XGB,0-2,away,-133,1.7518796992481203,1.300853794240353,0.5610580146312714,-0.017093854067020908,0,0,-1.0,0.5708154506437768,-2.5,fanduel
2020_06_LA_SF,2020,06,ML_AVG_DISAGREEMENT,AVG,0-2,home,118,2.1799999999999997,0.5674935326341224,0.4576254586374735,-0.0023765001703078825,1,0,1.18,0.4587155963302753,-2.5,fanduel
2020_06_LA_SF,2020,06,ML_DOG_VALUE_ZONE,AVG,ZONE,home,118,2.1799999999999997,0.5674935326341224,0.4576254586374735,-0.0023765001703078825,1,0,1.18,0.4587155963302753,-2.5,fanduel
2020_06_NYJ_MIA,2020,06,ML_QBELO_DISAGREEMENT,QB_ELO,4-8,away,300,4.0,6.09608321534407,0.3047864941374453,0.21914597654978119,0,0,-1.0,0.25,8.5,draftkings
2020_06_NYJ_MIA,2020,06,LONG_DOG_201+_CONTEXT,QB_ELO,LONG201+,away,300,4.0,6.09608321534407,0.3047864941374453,0.21914597654978119,0,0,-1.0,0.25,8.5,draftkings
2020_06_NYJ_MIA,2020,06,ML_XGB_DISAGREEMENT,XGB,8-12,away,300,4.0,8.34998609156231,0.3273255228996277,0.30930209159851074,0,0,-1.0,0.25,8.5,draftkings
2020_06_NYJ_MIA,2020,06,LONG_DOG_201+_CONTEXT,XGB,LONG201+,away,300,4.0,8.34998609156231,0.3273255228996277,0.30930209159851074,0,0,-1.0,0.25,8.5,draftkings
2020_06_NYJ_MIA,2020,06,ML_AVG_DISAGREEMENT,AVG,4-8,away,300,4.0,7.223034653453183,0.31605600851853644,0.26422403407414574,0,0,-1.0,0.25,8.5,draftkings
2020_06_NYJ_MIA,2020,06,LONG_DOG_201+_CONTEXT,AVG,LONG201+,away,300,4.0,7.223034653453183,0.31605600851853644,0.26422403407414574,0,0,-1.0,0.25,8.5,draftkings
2020_06_NYJ_MIA,2020,06,ML_CORROBORATED_DISAGREEMENT,CORROB,4-8,away,300,4.0,7.223034653453183,0.31605600851853644,0.26422403407414574,0,0,-1.0,0.25,8.5,draftkings
2020_06_WAS_NYG,2020,06,ML_QBELO_DISAGREEMENT,QB_ELO,2-4,home,-118,1.847457627118644,2.771106619691266,0.554908081899177,0.025169168254411733,1,0,0.847458,0.5412844036697247,1.5,fanduel
2020_06_WAS_NYG,2020,06,ML_XGB_DISAGREEMENT,XGB,4-8,home,-118,1.847457627118644,5.338017898844005,0.5805771946907043,0.07259176646248777,1,0,0.847458,0.5412844036697247,1.5,fanduel
2020_06_WAS_NYG,2020,06,ML_AVG_DISAGREEMENT,AVG,4-8,home,-118,1.847457627118644,4.054562259267636,0.5677426382949406,0.04888046735844975,1,0,0.847458,0.5412844036697247,1.5,fanduel
2020_06_WAS_NYG,2020,06,ML_CORROBORATED_DISAGREEMENT,CORROB,4-8,home,-118,1.847457627118644,4.054562259267636,0.5677426382949406,0.04888046735844975,1,0,0.847458,0.5412844036697247,1.5,fanduel
2020_07_BUF_NYJ,2020,07,ML_QBELO_DISAGREEMENT,QB_ELO,8-12,home,380,4.8,10.459306437324775,0.3032904923454301,0.45579436325806433,0,0,-1.0,0.20833333333333334,10.5,fanduel
2020_07_BUF_NYJ,2020,07,LONG_DOG_201+_CONTEXT,QB_ELO,LONG201+,home,380,4.8,10.459306437324775,0.3032904923454301,0.45579436325806433,0,0,-1.0,0.20833333333333334,10.5,fanduel
2020_07_BUF_NYJ,2020,07,ML_XGB_DISAGREEMENT,XGB,12+,home,380,4.8,14.448260261215298,0.3431800305843353,0.6472641468048095,0,0,-1.0,0.20833333333333334,10.5,fanduel
2020_07_BUF_NYJ,2020,07,LONG_DOG_201+_CONTEXT,XGB,LONG201+,home,380,4.8,14.448260261215298,0.3431800305843353,0.6472641468048095,0,0,-1.0,0.20833333333333334,10.5,fanduel
2020_07_BUF_NYJ,2020,07,ML_AVG_DISAGREEMENT,AVG,12+,home,380,4.8,12.453783349270035,0.3232352614648827,0.5515292550314368,0,0,-1.0,0.20833333333333334,10.5,fanduel
2020_07_BUF_NYJ,2020,07,LONG_DOG_201+_CONTEXT,AVG,LONG201+,home,380,4.8,12.453783349270035,0.3232352614648827,0.5515292550314368,0,0,-1.0,0.20833333333333334,10.5,fanduel
2020_07_BUF_NYJ,2020,07,ML_CORROBORATED_DISAGREEMENT,CORROB,12+,home,380,4.8,12.453783349270035,0.3232352614648827,0.5515292550314368,0,0,-1.0,0.20833333333333334,10.5,fanduel
2020_07_CAR_NO,2020,07,ML_QBELO_DISAGREEMENT,QB_ELO,2-4,home,-263,1.3802281368821292,3.548859472611776,0.7597481546611718,0.04862578000762485,1,0,0.380228,0.7245179063360881,6.5,draftkings
2020_07_CAR_NO,2020,07,ML_XGB_DISAGREEMENT,XGB,12+,away,230,3.3,13.2281427210292,0.40802186727523804,0.34647216200828534,0,0,-1.0,0.30303030303030304,6.5,draftkings
2020_07_CAR_NO,2020,07,LONG_DOG_201+_CONTEXT,XGB,LONG201+,away,230,3.3,13.2281427210292,0.40802186727523804,0.34647216200828534,0,0,-1.0,0.30303030303030304,6.5,draftkings
2020_07_CAR_NO,2020,07,ML_AVG_DISAGREEMENT,AVG,4-8,away,230,3.3,4.839641624208701,0.32413685630703304,0.06965162581320894,0,0,-1.0,0.30303030303030304,6.5,draftkings
2020_07_CAR_NO,2020,07,LONG_DOG_201+_CONTEXT,AVG,LONG201+,away,230,3.3,4.839641624208701,0.32413685630703304,0.06965162581320894,0,0,-1.0,0.30303030303030304,6.5,draftkings
2020_07_CHI_LA,2020,07,ML_QBELO_DISAGREEMENT,QB_ELO,12+,away,245,3.45,13.641039117756183,0.4152839155320346,0.4327295085855194,0,0,-1.0,0.2898550724637681,6.5,fanduel
2020_07_CHI_LA,2020,07,LONG_DOG_201+_CONTEXT,QB_ELO,LONG201+,away,245,3.45,13.641039117756183,0.4152839155320346,0.4327295085855194,0,0,-1.0,0.2898550724637681,6.5,fanduel
2020_07_CHI_LA,2020,07,ML_XGB_DISAGREEMENT,XGB,4-8,away,245,3.45,7.171891005180775,0.3505924344062805,0.20954389870166779,0,0,-1.0,0.2898550724637681,6.5,fanduel
2020_07_CHI_LA,2020,07,LONG_DOG_201+_CONTEXT,XGB,LONG201+,away,245,3.45,7.171891005180775,0.3505924344062805,0.20954389870166779,0,0,-1.0,0.2898550724637681,6.5,fanduel
2020_07_CHI_LA,2020,07,ML_AVG_DISAGREEMENT,AVG,8-12,away,245,3.45,10.406465061468484,0.3829381749691576,0.3211367036435939,0,0,-1.0,0.2898550724637681,6.5,fanduel
2020_07_CHI_LA,2020,07,LONG_DOG_201+_CONTEXT,AVG,LONG201+,away,245,3.45,10.406465061468484,0.3829381749691576,0.3211367036435939,0,0,-1.0,0.2898550724637681,6.5,fanduel
2020_07_CHI_LA,2020,07,ML_CORROBORATED_DISAGREEMENT,CORROB,8-12,away,245,3.45,10.406465061468484,0.3829381749691576,0.3211367036435939,0,0,-1.0,0.2898550724637681,6.5,fanduel
2020_07_CLE_CIN,2020,07,ML_QBELO_DISAGREEMENT,QB_ELO,0-2,away,-179,1.558659217877095,0.22806636164051097,0.6122149221993124,-0.04576556819213318,1,0,0.558659,0.6415770609318996,3.5,fanduel
2020_07_CLE_CIN,2020,07,ML_XGB_DISAGREEMENT,XGB,12+,home,155,2.55,13.758473408492138,0.5276504755020142,0.34550871253013593,0,0,-1.0,0.3921568627450981,3.5,fanduel
2020_07_CLE_CIN,2020,07,ML_AVG_DISAGREEMENT,AVG,4-8,home,155,2.55,6.765203523425811,0.4577177766513509,0.16718033046094471,0,0,-1.0,0.3921568627450981,3.5,fanduel
2020_07_CLE_CIN,2020,07,ML_DOG_VALUE_ZONE,AVG,ZONE,home,155,2.55,6.765203523425811,0.4577177766513509,0.16718033046094471,0,0,-1.0,0.3921568627450981,3.5,fanduel
2020_07_DAL_WAS,2020,07,ML_QBELO_DISAGREEMENT,QB_ELO,8-12,away,-105,1.9523809523809523,8.698403831588974,0.5869840383158897,0.1460164557595942,0,0,-1.0,0.5121951219512195,1.0,draftkings
2020_07_DAL_WAS,2020,07,ML_XGB_DISAGREEMENT,XGB,2-4,away,-105,1.9523809523809523,3.1566381454467773,0.5315663814544678,0.037820078077770436,0,0,-1.0,0.5121951219512195,1.0,draftkings
2020_07_DAL_WAS,2020,07,ML_AVG_DISAGREEMENT,AVG,4-8,away,-105,1.9523809523809523,5.927520988517876,0.5592752098851788,0.09191826691868221,0,0,-1.0,0.5121951219512195,1.0,draftkings
2020_07_DAL_WAS,2020,07,ML_CORROBORATED_DISAGREEMENT,CORROB,4-8,away,-105,1.9523809523809523,5.927520988517876,0.5592752098851788,0.09191826691868221,0,0,-1.0,0.5121951219512195,1.0,draftkings
2020_07_DET_ATL,2020,07,ML_QBELO_DISAGREEMENT,QB_ELO,12+,home,-114,1.8771929824561404,12.833724480192343,0.6399651517786676,0.20133809193539376,0,0,-1.0,0.5327102803738317,1.5,fanduel
2020_07_DET_ATL,2020,07,ML_XGB_DISAGREEMENT,XGB,0-2,home,-114,1.8771929824561404,0.8806412996247737,0.5204343199729919,-0.023044346717365993,0,0,-1.0,0.5327102803738317,1.5,fanduel
2020_07_DET_ATL,2020,07,ML_AVG_DISAGREEMENT,AVG,4-8,home,-114,1.8771929824561404,6.857182889908553,0.5801997358758297,0.08914687260901366,0,0,-1.0,0.5327102803738317,1.5,fanduel
2020_07_DET_ATL,2020,07,ML_CORROBORATED_DISAGREEMENT,CORROB,4-8,home,-114,1.8771929824561404,6.857182889908553,0.5801997358758297,0.08914687260901366,0,0,-1.0,0.5327102803738317,1.5,fanduel
2020_07_GB_HOU,2020,07,ML_QBELO_DISAGREEMENT,QB_ELO,4-8,away,-152,1.6578947368421053,7.450187353880611,0.6544624204403775,0.085029802309047,1,0,0.657895,0.6031746031746031,3.0,draftkings
2020_07_GB_HOU,2020,07,ML_XGB_DISAGREEMENT,XGB,2-4,away,-152,1.6578947368421053,3.9976157734048723,0.6199367046356201,0.02778979979063334,1,0,0.657895,0.6031746031746031,3.0,draftkings
2020_07_GB_HOU,2020,07,ML_AVG_DISAGREEMENT,AVG,4-8,away,-152,1.6578947368421053,5.723901563642741,0.6371995625379988,0.05640980104984017,1,0,0.657895,0.6031746031746031,3.0,draftkings
2020_07_GB_HOU,2020,07,ML_CORROBORATED_DISAGREEMENT,CORROB,4-8,away,-152,1.6578947368421053,5.723901563642741,0.6371995625379988,0.05640980104984017,1,0,0.657895,0.6031746031746031,3.0,draftkings
2020_07_JAX_LAC,2020,07,ML_QBELO_DISAGREEMENT,QB_ELO,8-12,away,325,4.25,10.719318784418034,0.33750398870843945,0.43439195201086767,0,0,-1.0,0.23529411764705882,8.0,draftkings
2020_07_JAX_LAC,2020,07,LONG_DOG_201+_CONTEXT,QB_ELO,LONG201+,away,325,4.25,10.719318784418034,0.33750398870843945,0.43439195201086767,0,0,-1.0,0.23529411764705882,8.0,draftkings
2020_07_JAX_LAC,2020,07,ML_XGB_DISAGREEMENT,XGB,12+,away,325,4.25,13.068502824111809,0.3609958291053772,0.5342322736978531,0,0,-1.0,0.23529411764705882,8.0,draftkings
2020_07_JAX_LAC,2020,07,LONG_DOG_201+_CONTEXT,XGB,LONG201+,away,325,4.25,13.068502824111809,0.3609958291053772,0.5342322736978531,0,0,-1.0,0.23529411764705882,8.0,draftkings
2020_07_JAX_LAC,2020,07,ML_AVG_DISAGREEMENT,AVG,8-12,away,325,4.25,11.893910804264921,0.3492499089069083,0.4843121128543604,0,0,-1.0,0.23529411764705882,8.0,draftkings
2020_07_JAX_LAC,2020,07,LONG_DOG_201+_CONTEXT,AVG,LONG201+,away,325,4.25,11.893910804264921,0.3492499089069083,0.4843121128543604,0,0,-1.0,0.23529411764705882,8.0,draftkings
2020_07_JAX_LAC,2020,07,ML_CORROBORATED_DISAGREEMENT,CORROB,8-12,away,325,4.25,11.893910804264921,0.3492499089069083,0.4843121128543604,0,0,-1.0,0.23529411764705882,8.0,draftkings
2020_07_KC_DEN,2020,07,ML_QBELO_DISAGREEMENT,QB_ELO,4-8,home,280,3.8,6.85553960740366,0.3230023412416014,0.22740889671808517,0,0,-1.0,0.2631578947368421,7.0,draftkings
2020_07_KC_DEN,2020,07,LONG_DOG_201+_CONTEXT,QB_ELO,LONG201+,home,280,3.8,6.85553960740366,0.3230023412416014,0.22740889671808517,0,0,-1.0,0.2631578947368421,7.0,draftkings
2020_07_KC_DEN,2020,07,ML_XGB_DISAGREEMENT,XGB,12+,home,280,3.8,16.020841243169365,0.4146553575992584,0.575690358877182,0,0,-1.0,0.2631578947368421,7.0,draftkings
2020_07_KC_DEN,2020,07,LONG_DOG_201+_CONTEXT,XGB,LONG201+,home,280,3.8,16.020841243169365,0.4146553575992584,0.575690358877182,0,0,-1.0,0.2631578947368421,7.0,draftkings
2020_07_KC_DEN,2020,07,ML_AVG_DISAGREEMENT,AVG,8-12,home,280,3.8,11.438190425286516,0.3688288494204299,0.4015496277976336,0,0,-1.0,0.2631578947368421,7.0,draftkings
2020_07_KC_DEN,2020,07,LONG_DOG_201+_CONTEXT,AVG,LONG201+,home,280,3.8,11.438190425286516,0.3688288494204299,0.4015496277976336,0,0,-1.0,0.2631578947368421,7.0,draftkings
2020_07_KC_DEN,2020,07,ML_CORROBORATED_DISAGREEMENT,CORROB,8-12,home,280,3.8,11.438190425286516,0.3688288494204299,0.4015496277976336,0,0,-1.0,0.2631578947368421,7.0,draftkings
2020_07_NYG_PHI,2020,07,ML_QBELO_DISAGREEMENT,QB_ELO,4-8,home,-238,1.4201680672268908,5.700950354951662,0.7326047416447546,0.04042185998288694,1,0,0.420168,0.7041420118343195,5.0,draftkings
2020_07_NYG_PHI,2020,07,ML_XGB_DISAGREEMENT,XGB,4-8,away,210,3.1,5.789710510344737,0.38230186700820923,0.1851357877254487,0,0,-1.0,0.3225806451612903,5.0,draftkings
2020_07_NYG_PHI,2020,07,LONG_DOG_201+_CONTEXT,XGB,LONG201+,away,210,3.1,5.789710510344737,0.38230186700820923,0.1851357877254487,0,0,-1.0,0.3225806451612903,5.0,draftkings
2020_07_NYG_PHI,2020,07,ML_AVG_DISAGREEMENT,AVG,0-2,away,210,3.1,0.04438007769653751,0.32484856268172724,0.007030544313354481,0,0,-1.0,0.3225806451612903,5.0,draftkings
2020_07_NYG_PHI,2020,07,LONG_DOG_201+_CONTEXT,AVG,LONG201+,away,210,3.1,0.04438007769653751,0.32484856268172724,0.007030544313354481,0,0,-1.0,0.3225806451612903,5.0,draftkings
2020_07_PIT_TEN,2020,07,ML_QBELO_DISAGREEMENT,QB_ELO,4-8,home,-125,1.8,6.131916876393384,0.5897230972890063,0.06150157512021126,0,0,-1.0,0.5555555555555556,1.5,draftkings
2020_07_PIT_TEN,2020,07,ML_XGB_DISAGREEMENT,XGB,4-8,home,-125,1.8,5.6721577399152405,0.5851255059242249,0.053225910663604825,0,0,-1.0,0.5555555555555556,1.5,draftkings
2020_07_PIT_TEN,2020,07,ML_AVG_DISAGREEMENT,AVG,4-8,home,-125,1.8,5.902037308154318,0.5874243016066156,0.057363742891908265,0,0,-1.0,0.5555555555555556,1.5,draftkings
2020_07_PIT_TEN,2020,07,ML_CORROBORATED_DISAGREEMENT,CORROB,4-8,home,-125,1.8,5.902037308154318,0.5874243016066156,0.057363742891908265,0,0,-1.0,0.5555555555555556,1.5,draftkings
2020_07_SEA_ARI,2020,07,ML_QBELO_DISAGREEMENT,QB_ELO,0-2,home,166,2.66,0.5975353352496382,0.3735987006598166,-0.006227456244887852,1,0,1.66,0.37593984962406013,3.5,draftkings
2020_07_SEA_ARI,2020,07,ML_XGB_DISAGREEMENT,XGB,8-12,home,166,2.66,10.740600201976719,0.4750293493270874,0.26357806921005267,1,0,1.66,0.37593984962406013,3.5,draftkings
2020_07_SEA_ARI,2020,07,ML_DOG_VALUE_ZONE,XGB,ZONE,home,166,2.66,10.740600201976719,0.4750293493270874,0.26357806921005267,1,0,1.66,0.37593984962406013,3.5,draftkings
2020_07_SEA_ARI,2020,07,ML_AVG_DISAGREEMENT,AVG,4-8,home,166,2.66,5.6690677686131785,0.424314024993452,0.1286753064825823,1,0,1.66,0.37593984962406013,3.5,draftkings
2020_07_SEA_ARI,2020,07,ML_DOG_VALUE_ZONE,AVG,ZONE,home,166,2.66,5.6690677686131785,0.424314024993452,0.1286753064825823,1,0,1.66,0.37593984962406013,3.5,draftkings
2020_07_SEA_ARI,2020,07,ML_CORROBORATED_DISAGREEMENT,CORROB,4-8,home,166,2.66,5.6690677686131785,0.424314024993452,0.1286753064825823,1,0,1.66,0.37593984962406013,3.5,draftkings
2020_07_SEA_ARI,2020,07,ML_DOG_VALUE_ZONE,CORROB,ZONE,home,166,2.66,5.6690677686131785,0.424314024993452,0.1286753064825823,1,0,1.66,0.37593984962406013,3.5,draftkings
2020_07_SF_NE,2020,07,ML_QBELO_DISAGREEMENT,QB_ELO,2-4,away,138,2.38,2.578101201963201,0.4384087301228544,0.04341277769239338,1,0,1.38,0.42016806722689076,3.0,fanduel
2020_07_SF_NE,2020,07,ML_DOG_VALUE_ZONE,QB_ELO,ZONE,away,138,2.38,2.578101201963201,0.4384087301228544,0.04341277769239338,1,0,1.38,0.42016806722689076,3.0,fanduel
2020_07_SF_NE,2020,07,ML_XGB_DISAGREEMENT,XGB,8-12,away,138,2.38,9.644431744784876,0.5090720355510712,0.21159144461154922,1,0,1.38,0.42016806722689076,3.0,fanduel
2020_07_SF_NE,2020,07,ML_AVG_DISAGREEMENT,AVG,4-8,away,138,2.38,6.1112664733740445,0.47374038283696285,0.12750211115197163,1,0,1.38,0.42016806722689076,3.0,fanduel
2020_07_SF_NE,2020,07,ML_DOG_VALUE_ZONE,AVG,ZONE,away,138,2.38,6.1112664733740445,0.47374038283696285,0.12750211115197163,1,0,1.38,0.42016806722689076,3.0,fanduel
2020_07_SF_NE,2020,07,ML_CORROBORATED_DISAGREEMENT,CORROB,4-8,away,138,2.38,6.1112664733740445,0.47374038283696285,0.12750211115197163,1,0,1.38,0.42016806722689076,3.0,fanduel
2020_07_SF_NE,2020,07,ML_DOG_VALUE_ZONE,CORROB,ZONE,away,138,2.38,6.1112664733740445,0.47374038283696285,0.12750211115197163,1,0,1.38,0.42016806722689076,3.0,fanduel
2020_07_TB_LV,2020,07,ML_QBELO_DISAGREEMENT,QB_ELO,12+,home,175,2.75,13.777579203558865,0.5001991376169082,0.37554762844649736,0,0,-1.0,0.36363636363636365,4.0,draftkings
2020_07_TB_LV,2020,07,ML_XGB_DISAGREEMENT,XGB,8-12,home,175,2.75,11.945290850040656,0.4818762540817261,0.3251596987247467,0,0,-1.0,0.36363636363636365,4.0,draftkings
2020_07_TB_LV,2020,07,ML_DOG_VALUE_ZONE,XGB,ZONE,home,175,2.75,11.945290850040656,0.4818762540817261,0.3251596987247467,0,0,-1.0,0.36363636363636365,4.0,draftkings
2020_07_TB_LV,2020,07,ML_AVG_DISAGREEMENT,AVG,12+,home,175,2.75,12.86143502679976,0.4910376958493171,0.35035366358562214,0,0,-1.0,0.36363636363636365,4.0,draftkings
2020_07_TB_LV,2020,07,ML_DOG_VALUE_ZONE,AVG,ZONE,home,175,2.75,12.86143502679976,0.4910376958493171,0.35035366358562214,0,0,-1.0,0.36363636363636365,4.0,draftkings
2020_07_TB_LV,2020,07,ML_CORROBORATED_DISAGREEMENT,CORROB,12+,home,175,2.75,12.86143502679976,0.4910376958493171,0.35035366358562214,0,0,-1.0,0.36363636363636365,4.0,draftkings
2020_07_TB_LV,2020,07,ML_DOG_VALUE_ZONE,CORROB,ZONE,home,175,2.75,12.86143502679976,0.4910376958493171,0.35035366358562214,0,0,-1.0,0.36363636363636365,4.0,draftkings
2020_08_ATL_CAR,2020,08,ML_QBELO_DISAGREEMENT,QB_ELO,2-4,home,-120,1.8333333333333335,2.438738061707535,0.5549541301669338,0.01741590530604542,0,0,-1.0,0.5454545454545454,1.5,fanduel
2020_08_ATL_CAR,2020,08,ML_XGB_DISAGREEMENT,XGB,2-4,away,108,2.08,3.754877803420298,0.5069820284843445,0.05452261924743662,1,0,1.08,0.4807692307692307,1.5,fanduel
2020_08_ATL_CAR,2020,08,ML_AVG_DISAGREEMENT,AVG,0-2,away,108,2.08,0.6580698708563815,0.4760139491587053,-0.009890985749892889,1,0,1.08,0.4807692307692307,1.5,fanduel
2020_08_DAL_PHI,2020,08,ML_QBELO_DISAGREEMENT,QB_ELO,12+,away,370,4.7,13.541432720942668,0.34746767745417984,0.6330980840346452,0,0,-1.0,0.2127659574468085,10.5,fanduel
2020_08_DAL_PHI,2020,08,LONG_DOG_201+_CONTEXT,QB_ELO,LONG201+,away,370,4.7,13.541432720942668,0.34746767745417984,0.6330980840346452,0,0,-1.0,0.2127659574468085,10.5,fanduel
2020_08_DAL_PHI,2020,08,ML_XGB_DISAGREEMENT,XGB,12+,away,370,4.7,19.31917750489785,0.4052451252937317,0.9046520888805389,0,0,-1.0,0.2127659574468085,10.5,fanduel
2020_08_DAL_PHI,2020,08,LONG_DOG_201+_CONTEXT,XGB,LONG201+,away,370,4.7,19.31917750489785,0.4052451252937317,0.9046520888805389,0,0,-1.0,0.2127659574468085,10.5,fanduel
2020_08_DAL_PHI,2020,08,ML_AVG_DISAGREEMENT,AVG,12+,away,370,4.7,16.43030511292026,0.37635640137395576,0.7688750864575922,0,0,-1.0,0.2127659574468085,10.5,fanduel
2020_08_DAL_PHI,2020,08,LONG_DOG_201+_CONTEXT,AVG,LONG201+,away,370,4.7,16.43030511292026,0.37635640137395576,0.7688750864575922,0,0,-1.0,0.2127659574468085,10.5,fanduel
2020_08_DAL_PHI,2020,08,ML_CORROBORATED_DISAGREEMENT,CORROB,12+,away,370,4.7,16.43030511292026,0.37635640137395576,0.7688750864575922,0,0,-1.0,0.2127659574468085,10.5,fanduel
2020_08_IND_DET,2020,08,ML_QBELO_DISAGREEMENT,QB_ELO,4-8,home,160,2.6,4.855819541201134,0.4233566908445745,0.10072739619589366,0,0,-1.0,0.3846153846153846,3.0,fanduel
2020_08_IND_DET,2020,08,ML_DOG_VALUE_ZONE,QB_ELO,ZONE,home,160,2.6,4.855819541201134,0.4233566908445745,0.10072739619589366,0,0,-1.0,0.3846153846153846,3.0,fanduel
2020_08_IND_DET,2020,08,ML_XGB_DISAGREEMENT,XGB,2-4,home,160,2.6,3.5100590327553416,0.4098990857601166,0.06573762297630314,0,0,-1.0,0.3846153846153846,3.0,fanduel
2020_08_IND_DET,2020,08,ML_DOG_VALUE_ZONE,XGB,ZONE,home,160,2.6,3.5100590327553416,0.4098990857601166,0.06573762297630314,0,0,-1.0,0.3846153846153846,3.0,fanduel
2020_08_IND_DET,2020,08,ML_AVG_DISAGREEMENT,AVG,4-8,home,160,2.6,4.182939286978238,0.41662788830234554,0.0832325095860984,0,0,-1.0,0.3846153846153846,3.0,fanduel
2020_08_IND_DET,2020,08,ML_DOG_VALUE_ZONE,AVG,ZONE,home,160,2.6,4.182939286978238,0.41662788830234554,0.0832325095860984,0,0,-1.0,0.3846153846153846,3.0,fanduel
2020_08_IND_DET,2020,08,ML_CORROBORATED_DISAGREEMENT,CORROB,4-8,home,160,2.6,4.182939286978238,0.41662788830234554,0.0832325095860984,0,0,-1.0,0.3846153846153846,3.0,fanduel
2020_08_IND_DET,2020,08,ML_DOG_VALUE_ZONE,CORROB,ZONE,home,160,2.6,4.182939286978238,0.41662788830234554,0.0832325095860984,0,0,-1.0,0.3846153846153846,3.0,fanduel
2020_08_LAC_DEN,2020,08,ML_QBELO_DISAGREEMENT,QB_ELO,12+,home,150,2.5,23.877680326207102,0.6288425446791638,0.5721063616979094,1,0,1.5,0.4,-3.0,draftkings
2020_08_LAC_DEN,2020,08,ML_XGB_DISAGREEMENT,XGB,0-2,home,150,2.5,0.44741214540772734,0.39453986287117004,-0.01365034282207489,1,0,1.5,0.4,-3.0,draftkings
2020_08_LAC_DEN,2020,08,ML_AVG_DISAGREEMENT,AVG,12+,home,150,2.5,12.162546235807408,0.5116912037751669,0.27922800943791715,1,0,1.5,0.4,-3.0,draftkings
2020_08_LAC_DEN,2020,08,ML_CORROBORATED_DISAGREEMENT,CORROB,12+,home,150,2.5,12.162546235807408,0.5116912037751669,0.27922800943791715,1,0,1.5,0.4,-3.0,draftkings
2020_08_LA_MIA,2020,08,ML_QBELO_DISAGREEMENT,QB_ELO,0-2,home,146,2.46,1.1892763366906534,0.39652990347664124,-0.02453643744746259,1,0,1.46,0.4065040650406504,3.0,fanduel
2020_08_LA_MIA,2020,08,ML_XGB_DISAGREEMENT,XGB,12+,home,146,2.46,19.41374313090275,0.5787745714187622,0.4237854456901551,1,0,1.46,0.4065040650406504,3.0,fanduel
2020_08_LA_MIA,2020,08,ML_AVG_DISAGREEMENT,AVG,8-12,home,146,2.46,10.3015097337967,0.4876522374477017,0.19962450412134625,1,0,1.46,0.4065040650406504,3.0,fanduel
2020_08_LA_MIA,2020,08,ML_DOG_VALUE_ZONE,AVG,ZONE,home,146,2.46,10.3015097337967,0.4876522374477017,0.19962450412134625,1,0,1.46,0.4065040650406504,3.0,fanduel
2020_08_LA_MIA,2020,08,ML_CORROBORATED_DISAGREEMENT,CORROB,8-12,home,146,2.46,10.3015097337967,0.4876522374477017,0.19962450412134625,1,0,1.46,0.4065040650406504,3.0,fanduel
2020_08_LA_MIA,2020,08,ML_DOG_VALUE_ZONE,CORROB,ZONE,home,146,2.46,10.3015097337967,0.4876522374477017,0.19962450412134625,1,0,1.46,0.4065040650406504,3.0,fanduel
2020_08_LV_CLE,2020,08,ML_QBELO_DISAGREEMENT,QB_ELO,8-12,home,-116,1.8620689655172413,10.780876597235611,0.620510844494296,0.1554339862997236,0,0,-1.0,0.5370370370370371,1.5,draftkings
2020_08_LV_CLE,2020,08,ML_XGB_DISAGREEMENT,XGB,0-2,away,110,2.1,0.9036690891477295,0.49633461236953735,0.04230268597602849,1,0,1.1,0.47619047619047616,1.5,draftkings
2020_08_LV_CLE,2020,08,ML_AVG_DISAGREEMENT,AVG,4-8,home,-116,1.8620689655172413,4.938603754043946,0.5620881160623794,0.046646836805809944,0,0,-1.0,0.5370370370370371,1.5,draftkings
2020_08_MIN_GB,2020,08,ML_QBELO_DISAGREEMENT,QB_ELO,8-12,home,-250,1.4,8.541926454964033,0.7755540199002204,0.08577562786030857,0,0,-1.0,0.7142857142857143,5.5,fanduel
2020_08_MIN_GB,2020,08,ML_XGB_DISAGREEMENT,XGB,0-2,home,-250,1.4,1.3713129781255828,0.7038478851318359,-0.014612960815429732,0,0,-1.0,0.7142857142857143,5.5,fanduel
2020_08_MIN_GB,2020,08,ML_AVG_DISAGREEMENT,AVG,4-8,home,-250,1.4,4.956619716544807,0.7397009525160282,0.03558133352243931,0,0,-1.0,0.7142857142857143,5.5,fanduel
2020_08_MIN_GB,2020,08,ML_CORROBORATED_DISAGREEMENT,CORROB,4-8,home,-250,1.4,4.956619716544807,0.7397009525160282,0.03558133352243931,0,0,-1.0,0.7142857142857143,5.5,fanduel
2020_08_NE_BUF,2020,08,ML_QBELO_DISAGREEMENT,QB_ELO,4-8,away,188,2.88,6.115648051386119,0.39385659911043347,0.1343070054380484,0,0,-1.0,0.3472222222222222,4.5,draftkings
2020_08_NE_BUF,2020,08,ML_XGB_DISAGREEMENT,XGB,4-8,home,-222,1.4504504504504505,4.688398557426387,0.7141838669776917,0.035888311562237485,1,0,0.45045,0.6894409937888198,4.5,draftkings
2020_08_NE_BUF,2020,08,ML_AVG_DISAGREEMENT,AVG,0-2,away,188,2.88,0.7136247469798629,0.3398363660663709,-0.02127126572885185,0,0,-1.0,0.3472222222222222,4.5,draftkings
2020_08_NO_CHI,2020,08,ML_QBELO_DISAGREEMENT,QB_ELO,12+,home,210,3.1,15.51829963352449,0.47283712536196415,0.46579508862208896,0,0,-1.0,0.3225806451612903,5.5,fanduel
2020_08_NO_CHI,2020,08,LONG_DOG_201+_CONTEXT,QB_ELO,LONG201+,home,210,3.1,15.51829963352449,0.47283712536196415,0.46579508862208896,0,0,-1.0,0.3225806451612903,5.5,fanduel
2020_08_NO_CHI,2020,08,ML_XGB_DISAGREEMENT,XGB,8-12,home,210,3.1,11.398715162437329,0.43164128065109253,0.338087970018387,0,0,-1.0,0.3225806451612903,5.5,fanduel
2020_08_NO_CHI,2020,08,LONG_DOG_201+_CONTEXT,XGB,LONG201+,home,210,3.1,11.398715162437329,0.43164128065109253,0.338087970018387,0,0,-1.0,0.3225806451612903,5.5,fanduel
2020_08_NO_CHI,2020,08,ML_AVG_DISAGREEMENT,AVG,12+,home,210,3.1,13.458507397980906,0.4522392030065283,0.40194152932023774,0,0,-1.0,0.3225806451612903,5.5,fanduel
2020_08_NO_CHI,2020,08,LONG_DOG_201+_CONTEXT,AVG,LONG201+,home,210,3.1,13.458507397980906,0.4522392030065283,0.40194152932023774,0,0,-1.0,0.3225806451612903,5.5,fanduel
2020_08_NO_CHI,2020,08,ML_CORROBORATED_DISAGREEMENT,CORROB,12+,home,210,3.1,13.458507397980906,0.4522392030065283,0.40194152932023774,0,0,-1.0,0.3225806451612903,5.5,fanduel
2020_08_NYJ_KC,2020,08,ML_QBELO_DISAGREEMENT,QB_ELO,0-2,away,1300,14.0,0.7601390279390039,0.08475054531245396,0.18650763437435547,0,0,-1.0,0.07142857142857142,19.5,draftkings
2020_08_NYJ_KC,2020,08,LONG_DOG_201+_CONTEXT,QB_ELO,LONG201+,away,1300,14.0,0.7601390279390039,0.08475054531245396,0.18650763437435547,0,0,-1.0,0.07142857142857142,19.5,draftkings
2020_08_NYJ_KC,2020,08,ML_XGB_DISAGREEMENT,XGB,8-12,away,1300,14.0,9.24350596542835,0.1695842146873474,1.3741790056228638,0,0,-1.0,0.07142857142857142,19.5,draftkings
2020_08_NYJ_KC,2020,08,LONG_DOG_201+_CONTEXT,XGB,LONG201+,away,1300,14.0,9.24350596542835,0.1695842146873474,1.3741790056228638,0,0,-1.0,0.07142857142857142,19.5,draftkings
2020_08_NYJ_KC,2020,08,ML_AVG_DISAGREEMENT,AVG,4-8,away,1300,14.0,5.001822496683676,0.1271673799999007,0.7803433199986096,0,0,-1.0,0.07142857142857142,19.5,draftkings
2020_08_NYJ_KC,2020,08,LONG_DOG_201+_CONTEXT,AVG,LONG201+,away,1300,14.0,5.001822496683676,0.1271673799999007,0.7803433199986096,0,0,-1.0,0.07142857142857142,19.5,draftkings
2020_08_NYJ_KC,2020,08,ML_CORROBORATED_DISAGREEMENT,CORROB,4-8,away,1300,14.0,5.001822496683676,0.1271673799999007,0.7803433199986096,0,0,-1.0,0.07142857142857142,19.5,draftkings
2020_08_PIT_BAL,2020,08,ML_QBELO_DISAGREEMENT,QB_ELO,0-2,home,-189,1.529100529100529,1.599071038705413,0.6535673648057345,-0.0006297966727127902,0,0,-1.0,0.6539792387543253,4.0,draftkings
2020_08_PIT_BAL,2020,08,ML_XGB_DISAGREEMENT,XGB,4-8,away,175,2.75,6.95573239171241,0.4319806694984436,0.1879468411207199,1,0,1.75,0.36363636363636365,4.0,draftkings
2020_08_PIT_BAL,2020,08,ML_DOG_VALUE_ZONE,XGB,ZONE,away,175,2.75,6.95573239171241,0.4319806694984436,0.1879468411207199,1,0,1.75,0.36363636363636365,4.0,draftkings
2020_08_PIT_BAL,2020,08,ML_AVG_DISAGREEMENT,AVG,2-4,away,175,2.75,2.678330676503504,0.38920665234635454,0.07031829395247491,1,0,1.75,0.36363636363636365,4.0,draftkings
2020_08_SF_SEA,2020,08,ML_QBELO_DISAGREEMENT,QB_ELO,4-8,home,-114,1.8771929824561404,7.479147358467097,0.6075017539585027,0.14039802936069812,1,0,0.877193,0.5327102803738317,1.5,fanduel
2020_08_SF_SEA,2020,08,ML_XGB_DISAGREEMENT,XGB,4-8,home,-114,1.8771929824561404,7.888678078339484,0.6115970611572266,0.14808571129514458,1,0,0.877193,0.5327102803738317,1.5,fanduel
2020_08_SF_SEA,2020,08,ML_AVG_DISAGREEMENT,AVG,4-8,home,-114,1.8771929824561404,7.683912718403296,0.6095494075578647,0.14424187032792157,1,0,0.877193,0.5327102803738317,1.5,fanduel
2020_08_SF_SEA,2020,08,ML_CORROBORATED_DISAGREEMENT,CORROB,4-8,home,-114,1.8771929824561404,7.683912718403296,0.6095494075578647,0.14424187032792157,1,0,0.877193,0.5327102803738317,1.5,fanduel
2020_08_TB_NYG,2020,08,ML_QBELO_DISAGREEMENT,QB_ELO,8-12,home,540,6.4,9.49138368897441,0.2533073508095809,0.6211670451813178,0,0,-1.0,0.15625,12.5,fanduel
2020_08_TB_NYG,2020,08,LONG_DOG_201+_CONTEXT,QB_ELO,LONG201+,home,540,6.4,9.49138368897441,0.2533073508095809,0.6211670451813178,0,0,-1.0,0.15625,12.5,fanduel
2020_08_TB_NYG,2020,08,ML_XGB_DISAGREEMENT,XGB,12+,home,540,6.4,13.843415999221156,0.29682767391204834,0.8996971130371094,0,0,-1.0,0.15625,12.5,fanduel
2020_08_TB_NYG,2020,08,LONG_DOG_201+_CONTEXT,XGB,LONG201+,home,540,6.4,13.843415999221156,0.29682767391204834,0.8996971130371094,0,0,-1.0,0.15625,12.5,fanduel
2020_08_TB_NYG,2020,08,ML_AVG_DISAGREEMENT,AVG,8-12,home,540,6.4,11.667399844097783,0.2750675123608146,0.7604320791092136,0,0,-1.0,0.15625,12.5,fanduel
2020_08_TB_NYG,2020,08,LONG_DOG_201+_CONTEXT,AVG,LONG201+,home,540,6.4,11.667399844097783,0.2750675123608146,0.7604320791092136,0,0,-1.0,0.15625,12.5,fanduel
2020_08_TB_NYG,2020,08,ML_CORROBORATED_DISAGREEMENT,CORROB,8-12,home,540,6.4,11.667399844097783,0.2750675123608146,0.7604320791092136,0,0,-1.0,0.15625,12.5,fanduel
2020_08_TEN_CIN,2020,08,ML_QBELO_DISAGREEMENT,QB_ELO,0-2,home,270,3.7,0.05010329700016469,0.264576512408008,-0.021066904090370375,1,0,2.7,0.27027027027027023,7.0,fanduel
2020_08_TEN_CIN,2020,08,LONG_DOG_201+_CONTEXT,QB_ELO,LONG201+,home,270,3.7,0.05010329700016469,0.264576512408008,-0.021066904090370375,1,0,2.7,0.27027027027027023,7.0,fanduel
2020_08_TEN_CIN,2020,08,ML_XGB_DISAGREEMENT,XGB,0-2,away,-312,1.3205128205128205,1.1352471043765022,0.7472769916057587,-0.013211152110344293,0,0,-1.0,0.7572815533980582,7.0,fanduel
2020_08_TEN_CIN,2020,08,ML_AVG_DISAGREEMENT,AVG,0-2,away,-312,1.3205128205128205,0.5425719036881715,0.7413502395988754,-0.021037504119433836,0,0,-1.0,0.7572815533980582,7.0,fanduel
2020_09_BAL_IND,2020,09,ML_QBELO_DISAGREEMENT,QB_ELO,8-12,away,100,2.0,11.555936693721913,0.5871554384121466,0.17431087682429314,1,0,1.0,0.5,-1.0,draftkings
2020_09_BAL_IND,2020,09,ML_XGB_DISAGREEMENT,XGB,12+,home,-114,1.8771929824561404,16.160167192735063,0.6900056004524231,0.2952736710247241,0,0,-1.0,0.5327102803738317,-1.0,draftkings
2020_09_BAL_IND,2020,09,ML_AVG_DISAGREEMENT,AVG,2-4,home,-114,1.8771929824561404,2.3021152495065755,0.5514250810201382,0.03513129244131208,0,0,-1.0,0.5327102803738317,-1.0,draftkings
2020_09_CAR_KC,2020,09,ML_QBELO_DISAGREEMENT,QB_ELO,4-8,home,-455,1.2197802197802199,7.8921020871649095,0.8721709091148319,0.06385682320600372,1,0,0.21978,0.8198198198198198,10.0,draftkings
2020_09_CAR_KC,2020,09,ML_XGB_DISAGREEMENT,XGB,4-8,away,410,5.1,4.680971604774825,0.25355982780456543,0.2931551218032835,0,0,-1.0,0.19607843137254904,10.0,draftkings
2020_09_CAR_KC,2020,09,LONG_DOG_201+_CONTEXT,XGB,LONG201+,away,410,5.1,4.680971604774825,0.25355982780456543,0.2931551218032835,0,0,-1.0,0.19607843137254904,10.0,draftkings
2020_09_CAR_KC,2020,09,ML_AVG_DISAGREEMENT,AVG,0-2,home,-455,1.2197802197802199,1.6055652411950505,0.8093055406551333,-0.012825109750331909,1,0,0.21978,0.8198198198198198,10.0,draftkings
2020_09_CHI_TEN,2020,09,ML_QBELO_DISAGREEMENT,QB_ELO,8-12,away,230,3.3,8.088464643657971,0.3811950796934295,0.2579437629883172,0,0,-1.0,0.30303030303030304,6.5,fanduel
2020_09_CHI_TEN,2020,09,LONG_DOG_201+_CONTEXT,QB_ELO,LONG201+,away,230,3.3,8.088464643657971,0.3811950796934295,0.2579437629883172,0,0,-1.0,0.30303030303030304,6.5,fanduel
2020_09_CHI_TEN,2020,09,ML_XGB_DISAGREEMENT,XGB,12+,home,-256,1.390625,14.532548223756269,0.8450150489807129,0.17509905248880386,1,0,0.390625,0.7191011235955056,6.5,fanduel
2020_09_CHI_TEN,2020,09,ML_AVG_DISAGREEMENT,AVG,2-4,home,-256,1.390625,3.222041790049146,0.7319099846436417,0.01781232239506414,1,0,0.390625,0.7191011235955056,6.5,fanduel
2020_09_DEN_ATL,2020,09,ML_QBELO_DISAGREEMENT,QB_ELO,8-12,away,176,2.76,10.767620348257894,0.452613343227507,0.24921282730791927,0,0,-1.0,0.3623188405797102,4.5,fanduel
2020_09_DEN_ATL,2020,09,ML_DOG_VALUE_ZONE,QB_ELO,ZONE,away,176,2.76,10.767620348257894,0.452613343227507,0.24921282730791927,0,0,-1.0,0.3623188405797102,4.5,fanduel
2020_09_DEN_ATL,2020,09,ML_XGB_DISAGREEMENT,XGB,2-4,away,176,2.76,3.76305639789794,0.38256770372390747,0.05588686227798445,0,0,-1.0,0.3623188405797102,4.5,fanduel
2020_09_DEN_ATL,2020,09,ML_AVG_DISAGREEMENT,AVG,4-8,away,176,2.76,7.265338373077918,0.41759052347570724,0.15254984479295186,0,0,-1.0,0.3623188405797102,4.5,fanduel
2020_09_DEN_ATL,2020,09,ML_DOG_VALUE_ZONE,AVG,ZONE,away,176,2.76,7.265338373077918,0.41759052347570724,0.15254984479295186,0,0,-1.0,0.3623188405797102,4.5,fanduel
2020_09_DEN_ATL,2020,09,ML_CORROBORATED_DISAGREEMENT,CORROB,4-8,away,176,2.76,7.265338373077918,0.41759052347570724,0.15254984479295186,0,0,-1.0,0.3623188405797102,4.5,fanduel
2020_09_DEN_ATL,2020,09,ML_DOG_VALUE_ZONE,CORROB,ZONE,away,176,2.76,7.265338373077918,0.41759052347570724,0.15254984479295186,0,0,-1.0,0.3623188405797102,4.5,fanduel
2020_09_DET_MIN,2020,09,ML_QBELO_DISAGREEMENT,QB_ELO,8-12,home,-175,1.5714285714285714,9.094100808892557,0.7114998214728512,0.11807114802876617,1,0,0.571429,0.6363636363636364,3.5,draftkings
2020_09_DET_MIN,2020,09,ML_XGB_DISAGREEMENT,XGB,2-4,away,150,2.5,3.7358656695235304,0.4167998433113098,0.041999608278274536,0,0,-1.0,0.4,3.5,draftkings
2020_09_DET_MIN,2020,09,ML_DOG_VALUE_ZONE,XGB,ZONE,away,150,2.5,3.7358656695235304,0.4167998433113098,0.041999608278274536,0,0,-1.0,0.4,3.5,draftkings
2020_09_DET_MIN,2020,09,ML_AVG_DISAGREEMENT,AVG,2-4,home,-175,1.5714285714285714,2.679117569684508,0.6473499890807707,0.017264268555496676,1,0,0.571429,0.6363636363636364,3.5,draftkings
2020_09_GB_SF,2020,09,ML_QBELO_DISAGREEMENT,QB_ELO,12+,home,240,3.4,20.545463393337577,0.4951508443937578,0.6835128709387763,0,0,-1.0,0.29411764705882354,6.5,draftkings
2020_09_GB_SF,2020,09,LONG_DOG_201+_CONTEXT,QB_ELO,LONG201+,home,240,3.4,20.545463393337577,0.4951508443937578,0.6835128709387763,0,0,-1.0,0.29411764705882354,6.5,draftkings
2020_09_GB_SF,2020,09,ML_XGB_DISAGREEMENT,XGB,12+,home,240,3.4,22.663993255643316,0.5163361430168152,0.7555428862571716,0,0,-1.0,0.29411764705882354,6.5,draftkings
2020_09_GB_SF,2020,09,LONG_DOG_201+_CONTEXT,XGB,LONG201+,home,240,3.4,22.663993255643316,0.5163361430168152,0.7555428862571716,0,0,-1.0,0.29411764705882354,6.5,draftkings
2020_09_GB_SF,2020,09,ML_AVG_DISAGREEMENT,AVG,12+,home,240,3.4,21.604728324490445,0.5057434937052865,0.719527878597974,0,0,-1.0,0.29411764705882354,6.5,draftkings
2020_09_GB_SF,2020,09,LONG_DOG_201+_CONTEXT,AVG,LONG201+,home,240,3.4,21.604728324490445,0.5057434937052865,0.719527878597974,0,0,-1.0,0.29411764705882354,6.5,draftkings
2020_09_GB_SF,2020,09,ML_CORROBORATED_DISAGREEMENT,CORROB,12+,home,240,3.4,21.604728324490445,0.5057434937052865,0.719527878597974,0,0,-1.0,0.29411764705882354,6.5,draftkings
2020_09_HOU_JAX,2020,09,ML_QBELO_DISAGREEMENT,QB_ELO,12+,home,265,3.65,12.719957395711173,0.40294001402205776,0.47073105118051073,0,0,-1.0,0.273972602739726,6.5,fanduel
2020_09_HOU_JAX,2020,09,LONG_DOG_201+_CONTEXT,QB_ELO,LONG201+,home,265,3.65,12.719957395711173,0.40294001402205776,0.47073105118051073,0,0,-1.0,0.273972602739726,6.5,fanduel
2020_09_HOU_JAX,2020,09,ML_XGB_DISAGREEMENT,XGB,12+,home,265,3.65,37.90227816757766,0.6547632217407227,1.3898857593536378,0,0,-1.0,0.273972602739726,6.5,fanduel
2020_09_HOU_JAX,2020,09,LONG_DOG_201+_CONTEXT,XGB,LONG201+,home,265,3.65,37.90227816757766,0.6547632217407227,1.3898857593536378,0,0,-1.0,0.273972602739726,6.5,fanduel
2020_09_HOU_JAX,2020,09,ML_AVG_DISAGREEMENT,AVG,12+,home,265,3.65,25.31111778164442,0.5288516178813902,0.9303084052670743,0,0,-1.0,0.273972602739726,6.5,fanduel
2020_09_HOU_JAX,2020,09,LONG_DOG_201+_CONTEXT,AVG,LONG201+,home,265,3.65,25.31111778164442,0.5288516178813902,0.9303084052670743,0,0,-1.0,0.273972602739726,6.5,fanduel
2020_09_HOU_JAX,2020,09,ML_CORROBORATED_DISAGREEMENT,CORROB,12+,home,265,3.65,25.31111778164442,0.5288516178813902,0.9303084052670743,0,0,-1.0,0.273972602739726,6.5,fanduel
2020_09_LV_LAC,2020,09,ML_QBELO_DISAGREEMENT,QB_ELO,2-4,away,-114,1.8771929824561404,3.116160335878748,0.5451096810349525,0.023276067907717968,1,0,0.877193,0.5327102803738317,1.0,draftkings
2020_09_LV_LAC,2020,09,ML_XGB_DISAGREEMENT,XGB,12+,away,-114,1.8771929824561404,12.194589305175551,0.6358939707279205,0.1936956994366228,1,0,0.877193,0.5327102803738317,1.0,draftkings
2020_09_LV_LAC,2020,09,ML_AVG_DISAGREEMENT,AVG,4-8,away,-114,1.8771929824561404,7.65537482052715,0.5905018258814365,0.10848588367217027,1,0,0.877193,0.5327102803738317,1.0,draftkings
2020_09_LV_LAC,2020,09,ML_CORROBORATED_DISAGREEMENT,CORROB,4-8,away,-114,1.8771929824561404,7.65537482052715,0.5905018258814365,0.10848588367217027,1,0,0.877193,0.5327102803738317,1.0,draftkings
2020_09_MIA_ARI,2020,09,ML_QBELO_DISAGREEMENT,QB_ELO,8-12,away,210,3.1,11.657527491384151,0.420923101000798,0.3048616131024737,1,0,2.1,0.3225806451612903,5.5,fanduel
2020_09_MIA_ARI,2020,09,LONG_DOG_201+_CONTEXT,QB_ELO,LONG201+,away,210,3.1,11.657527491384151,0.420923101000798,0.3048616131024737,1,0,2.1,0.3225806451612903,5.5,fanduel
2020_09_MIA_ARI,2020,09,ML_XGB_DISAGREEMENT,XGB,12+,away,210,3.1,17.625265017799713,0.4806004762649536,0.48986147642135625,1,0,2.1,0.3225806451612903,5.5,fanduel
2020_09_MIA_ARI,2020,09,LONG_DOG_201+_CONTEXT,XGB,LONG201+,away,210,3.1,17.625265017799713,0.4806004762649536,0.48986147642135625,1,0,2.1,0.3225806451612903,5.5,fanduel
2020_09_MIA_ARI,2020,09,ML_AVG_DISAGREEMENT,AVG,12+,away,210,3.1,14.641396254591937,0.45076178863287586,0.3973615447619152,1,0,2.1,0.3225806451612903,5.5,fanduel
2020_09_MIA_ARI,2020,09,LONG_DOG_201+_CONTEXT,AVG,LONG201+,away,210,3.1,14.641396254591937,0.45076178863287586,0.3973615447619152,1,0,2.1,0.3225806451612903,5.5,fanduel
2020_09_MIA_ARI,2020,09,ML_CORROBORATED_DISAGREEMENT,CORROB,12+,away,210,3.1,14.641396254591937,0.45076178863287586,0.3973615447619152,1,0,2.1,0.3225806451612903,5.5,fanduel
2020_09_NE_NYJ,2020,09,ML_QBELO_DISAGREEMENT,QB_ELO,8-12,home,330,4.3,8.112213625804115,0.3059422801429332,0.31555180461461263,0,0,-1.0,0.23255813953488372,9.5,draftkings
2020_09_NE_NYJ,2020,09,LONG_DOG_201+_CONTEXT,QB_ELO,LONG201+,home,330,4.3,8.112213625804115,0.3059422801429332,0.31555180461461263,0,0,-1.0,0.23255813953488372,9.5,draftkings
2020_09_NE_NYJ,2020,09,ML_XGB_DISAGREEMENT,XGB,12+,home,330,4.3,18.91081562573962,0.4139283001422882,0.7798916906118392,0,0,-1.0,0.23255813953488372,9.5,draftkings
2020_09_NE_NYJ,2020,09,LONG_DOG_201+_CONTEXT,XGB,LONG201+,home,330,4.3,18.91081562573962,0.4139283001422882,0.7798916906118392,0,0,-1.0,0.23255813953488372,9.5,draftkings
2020_09_NE_NYJ,2020,09,ML_AVG_DISAGREEMENT,AVG,12+,home,330,4.3,13.51151462577187,0.3599352901426107,0.5477217476132261,0,0,-1.0,0.23255813953488372,9.5,draftkings
2020_09_NE_NYJ,2020,09,LONG_DOG_201+_CONTEXT,AVG,LONG201+,home,330,4.3,13.51151462577187,0.3599352901426107,0.5477217476132261,0,0,-1.0,0.23255813953488372,9.5,draftkings
2020_09_NE_NYJ,2020,09,ML_CORROBORATED_DISAGREEMENT,CORROB,12+,home,330,4.3,13.51151462577187,0.3599352901426107,0.5477217476132261,0,0,-1.0,0.23255813953488372,9.5,draftkings
2020_09_NO_TB,2020,09,ML_QBELO_DISAGREEMENT,QB_ELO,8-12,away,148,2.48,8.36604275471674,0.4746801542727066,0.1772067825963124,1,0,1.48,0.40322580645161293,-3.0,draftkings
2020_09_NO_TB,2020,09,ML_DOG_VALUE_ZONE,QB_ELO,ZONE,away,148,2.48,8.36604275471674,0.4746801542727066,0.1772067825963124,1,0,1.48,0.40322580645161293,-3.0,draftkings
2020_09_NO_TB,2020,09,ML_XGB_DISAGREEMENT,XGB,8-12,away,148,2.48,11.054379251388646,0.5015635192394257,0.2438775277137757,1,0,1.48,0.40322580645161293,-3.0,draftkings
2020_09_NO_TB,2020,09,ML_AVG_DISAGREEMENT,AVG,8-12,away,148,2.48,9.710211003052693,0.48812183675606613,0.21054215515504393,1,0,1.48,0.40322580645161293,-3.0,draftkings
2020_09_NO_TB,2020,09,ML_DOG_VALUE_ZONE,AVG,ZONE,away,148,2.48,9.710211003052693,0.48812183675606613,0.21054215515504393,1,0,1.48,0.40322580645161293,-3.0,draftkings
2020_09_NO_TB,2020,09,ML_CORROBORATED_DISAGREEMENT,CORROB,8-12,away,148,2.48,9.710211003052693,0.48812183675606613,0.21054215515504393,1,0,1.48,0.40322580645161293,-3.0,draftkings
2020_09_NO_TB,2020,09,ML_DOG_VALUE_ZONE,CORROB,ZONE,away,148,2.48,9.710211003052693,0.48812183675606613,0.21054215515504393,1,0,1.48,0.40322580645161293,-3.0,draftkings
2020_09_NYG_WAS,2020,09,ML_QBELO_DISAGREEMENT,QB_ELO,0-2,home,-152,1.6578947368421053,1.5267850940560712,0.6129565023432139,0.016217359147959742,0,0,-1.0,0.6031746031746031,3.0,draftkings
2020_09_NYG_WAS,2020,09,ML_XGB_DISAGREEMENT,XGB,12+,home,-152,1.6578947368421053,13.915660349541813,0.7368452548980713,0.22161186996259197,0,0,-1.0,0.6031746031746031,3.0,draftkings
2020_09_NYG_WAS,2020,09,ML_AVG_DISAGREEMENT,AVG,4-8,home,-152,1.6578947368421053,7.721222721798937,0.6749008786206425,0.11891461455527574,0,0,-1.0,0.6031746031746031,3.0,draftkings
2020_09_NYG_WAS,2020,09,ML_CORROBORATED_DISAGREEMENT,CORROB,4-8,home,-152,1.6578947368421053,7.721222721798937,0.6749008786206425,0.11891461455527574,0,0,-1.0,0.6031746031746031,3.0,draftkings
2020_09_PIT_DAL,2020,09,ML_QBELO_DISAGREEMENT,QB_ELO,12+,home,650,7.5,12.443877044017281,0.261530745490315,0.9614805911773627,0,0,-1.0,0.13333333333333333,14.0,fanduel
2020_09_PIT_DAL,2020,09,LONG_DOG_201+_CONTEXT,QB_ELO,LONG201+,home,650,7.5,12.443877044017281,0.261530745490315,0.9614805911773627,0,0,-1.0,0.13333333333333333,14.0,fanduel
2020_09_PIT_DAL,2020,09,ML_XGB_DISAGREEMENT,XGB,0-2,home,650,7.5,1.6509522361585705,0.1536014974117279,0.1520112305879593,0,0,-1.0,0.13333333333333333,14.0,fanduel
2020_09_PIT_DAL,2020,09,LONG_DOG_201+_CONTEXT,XGB,LONG201+,home,650,7.5,1.6509522361585705,0.1536014974117279,0.1520112305879593,0,0,-1.0,0.13333333333333333,14.0,fanduel
2020_09_PIT_DAL,2020,09,ML_AVG_DISAGREEMENT,AVG,4-8,home,650,7.5,7.0474146400879265,0.20756612145102146,0.5567459108826609,0,0,-1.0,0.13333333333333333,14.0,fanduel
2020_09_PIT_DAL,2020,09,LONG_DOG_201+_CONTEXT,AVG,LONG201+,home,650,7.5,7.0474146400879265,0.20756612145102146,0.5567459108826609,0,0,-1.0,0.13333333333333333,14.0,fanduel
2020_09_PIT_DAL,2020,09,ML_CORROBORATED_DISAGREEMENT,CORROB,4-8,home,650,7.5,7.0474146400879265,0.20756612145102146,0.5567459108826609,0,0,-1.0,0.13333333333333333,14.0,fanduel
2020_09_SEA_BUF,2020,09,ML_QBELO_DISAGREEMENT,QB_ELO,4-8,home,146,2.46,6.744498389166581,0.4656446940144821,0.14548594727562603,1,0,1.46,0.4065040650406504,3.0,fanduel
2020_09_SEA_BUF,2020,09,ML_DOG_VALUE_ZONE,QB_ELO,ZONE,home,146,2.46,6.744498389166581,0.4656446940144821,0.14548594727562603,1,0,1.46,0.4065040650406504,3.0,fanduel
2020_09_SEA_BUF,2020,09,ML_XGB_DISAGREEMENT,XGB,8-12,home,146,2.46,11.249777389360215,0.5106974840164185,0.25631581068038933,1,0,1.46,0.4065040650406504,3.0,fanduel
2020_09_SEA_BUF,2020,09,ML_AVG_DISAGREEMENT,AVG,8-12,home,146,2.46,8.997137889263396,0.48817108901545025,0.20090087897800757,1,0,1.46,0.4065040650406504,3.0,fanduel
2020_09_SEA_BUF,2020,09,ML_DOG_VALUE_ZONE,AVG,ZONE,home,146,2.46,8.997137889263396,0.48817108901545025,0.20090087897800757,1,0,1.46,0.4065040650406504,3.0,fanduel
2020_09_SEA_BUF,2020,09,ML_CORROBORATED_DISAGREEMENT,CORROB,8-12,home,146,2.46,8.997137889263396,0.48817108901545025,0.20090087897800757,1,0,1.46,0.4065040650406504,3.0,fanduel
2020_09_SEA_BUF,2020,09,ML_DOG_VALUE_ZONE,CORROB,ZONE,home,146,2.46,8.997137889263396,0.48817108901545025,0.20090087897800757,1,0,1.46,0.4065040650406504,3.0,fanduel
2020_10_BAL_NE,2020,10,ML_QBELO_DISAGREEMENT,QB_ELO,4-8,home,240,3.4,5.947079696687801,0.3510159864712512,0.19345435400225397,1,0,2.4,0.29411764705882354,6.5,fanduel
2020_10_BAL_NE,2020,10,LONG_DOG_201+_CONTEXT,QB_ELO,LONG201+,home,240,3.4,5.947079696687801,0.3510159864712512,0.19345435400225397,1,0,2.4,0.29411764705882354,6.5,fanduel
2020_10_BAL_NE,2020,10,ML_XGB_DISAGREEMENT,XGB,0-2,away,-263,1.3802281368821292,1.968044746373887,0.7281352579593658,0.004992770491444087,0,0,-1.0,0.7245179063360881,6.5,fanduel
2020_10_BAL_NE,2020,10,ML_AVG_DISAGREEMENT,AVG,0-2,home,240,3.4,1.9895174751569489,0.3114403642559427,0.058897238470205115,1,0,2.4,0.29411764705882354,6.5,fanduel
2020_10_BAL_NE,2020,10,LONG_DOG_201+_CONTEXT,AVG,LONG201+,home,240,3.4,1.9895174751569489,0.3114403642559427,0.058897238470205115,1,0,2.4,0.29411764705882354,6.5,fanduel
2020_10_BUF_ARI,2020,10,ML_QBELO_DISAGREEMENT,QB_ELO,12+,away,130,2.3,16.543781622568503,0.567749164823032,0.30582307909297346,0,0,-1.0,0.4347826086956522,3.0,draftkings
2020_10_BUF_ARI,2020,10,ML_XGB_DISAGREEMENT,XGB,2-4,away,130,2.3,3.332314523047292,0.4356344938278198,0.0019593358039855513,0,0,-1.0,0.4347826086956522,3.0,draftkings
2020_10_BUF_ARI,2020,10,ML_DOG_VALUE_ZONE,XGB,ZONE,away,130,2.3,3.332314523047292,0.4356344938278198,0.0019593358039855513,0,0,-1.0,0.4347826086956522,3.0,draftkings
2020_10_BUF_ARI,2020,10,ML_AVG_DISAGREEMENT,AVG,8-12,away,130,2.3,9.938048072807899,0.5016918293254259,0.1538912074484795,0,0,-1.0,0.4347826086956522,3.0,draftkings
2020_10_BUF_ARI,2020,10,ML_CORROBORATED_DISAGREEMENT,CORROB,8-12,away,130,2.3,9.938048072807899,0.5016918293254259,0.1538912074484795,0,0,-1.0,0.4347826086956522,3.0,draftkings
2020_10_CIN_PIT,2020,10,ML_QBELO_DISAGREEMENT,QB_ELO,8-12,home,-294,1.3401360544217686,11.349559465510929,0.8328826079442424,0.11617601200690975,1,0,0.340136,0.7461928934010152,6.5,fanduel
2020_10_CIN_PIT,2020,10,ML_XGB_DISAGREEMENT,XGB,2-4,away,255,3.55,2.8460819098154175,0.309073805809021,0.09721201062202445,0,0,-1.0,0.28169014084507044,6.5,fanduel
2020_10_CIN_PIT,2020,10,LONG_DOG_201+_CONTEXT,XGB,LONG201+,away,255,3.55,2.8460819098154175,0.309073805809021,0.09721201062202445,0,0,-1.0,0.28169014084507044,6.5,fanduel
2020_10_CIN_PIT,2020,10,ML_AVG_DISAGREEMENT,AVG,4-8,home,-294,1.3401360544217686,4.251738777847757,0.7619044010676107,0.02105555789332847,1,0,0.340136,0.7461928934010152,6.5,fanduel
2020_10_DEN_LV,2020,10,ML_QBELO_DISAGREEMENT,QB_ELO,4-8,home,-172,1.5813953488372094,4.172414237932753,0.647152491754589,0.023403940449117533,1,0,0.581395,0.6323529411764706,3.0,draftkings
2020_10_DEN_LV,2020,10,ML_XGB_DISAGREEMENT,XGB,12+,home,-172,1.5813953488372094,14.851086199329933,0.7539392113685608,0.19227596216423581,1,0,0.581395,0.6323529411764706,3.0,draftkings
2020_10_DEN_LV,2020,10,ML_AVG_DISAGREEMENT,AVG,8-12,home,-172,1.5813953488372094,9.511750218631343,0.7005458515615749,0.10783995130667678,1,0,0.581395,0.6323529411764706,3.0,draftkings
2020_10_DEN_LV,2020,10,ML_CORROBORATED_DISAGREEMENT,CORROB,8-12,home,-172,1.5813953488372094,9.511750218631343,0.7005458515615749,0.10783995130667678,1,0,0.581395,0.6323529411764706,3.0,draftkings
2020_10_HOU_CLE,2020,10,ML_QBELO_DISAGREEMENT,QB_ELO,4-8,away,185,2.85,6.0409296403274855,0.3967153026351433,0.1306386125101584,0,0,-1.0,0.3508771929824561,4.5,draftkings
2020_10_HOU_CLE,2020,10,ML_XGB_DISAGREEMENT,XGB,12+,away,185,2.85,14.115747757855635,0.4774634838104248,0.36077092885971074,0,0,-1.0,0.3508771929824561,4.5,draftkings
2020_10_HOU_CLE,2020,10,ML_DOG_VALUE_ZONE,XGB,ZONE,away,185,2.85,14.115747757855635,0.4774634838104248,0.36077092885971074,0,0,-1.0,0.3508771929824561,4.5,draftkings
2020_10_HOU_CLE,2020,10,ML_AVG_DISAGREEMENT,AVG,8-12,away,185,2.85,10.07833869909156,0.43708939322278406,0.24570477068493468,0,0,-1.0,0.3508771929824561,4.5,draftkings
2020_10_HOU_CLE,2020,10,ML_DOG_VALUE_ZONE,AVG,ZONE,away,185,2.85,10.07833869909156,0.43708939322278406,0.24570477068493468,0,0,-1.0,0.3508771929824561,4.5,draftkings
2020_10_HOU_CLE,2020,10,ML_CORROBORATED_DISAGREEMENT,CORROB,8-12,away,185,2.85,10.07833869909156,0.43708939322278406,0.24570477068493468,0,0,-1.0,0.3508771929824561,4.5,draftkings
2020_10_HOU_CLE,2020,10,ML_DOG_VALUE_ZONE,CORROB,ZONE,away,185,2.85,10.07833869909156,0.43708939322278406,0.24570477068493468,0,0,-1.0,0.3508771929824561,4.5,draftkings
2020_10_IND_TEN,2020,10,ML_QBELO_DISAGREEMENT,QB_ELO,12+,home,-102,1.9803921568627452,16.34692678652318,0.6416721148403207,0.27076242350730184,0,0,-1.0,0.504950495049505,-1.0,draftkings
2020_10_IND_TEN,2020,10,ML_XGB_DISAGREEMENT,XGB,8-12,home,-102,1.9803921568627452,10.67105856230251,0.584913432598114,0.15835797436097088,0,0,-1.0,0.504950495049505,-1.0,draftkings
2020_10_IND_TEN,2020,10,ML_AVG_DISAGREEMENT,AVG,12+,home,-102,1.9803921568627452,13.50899267441284,0.6132927737192173,0.21456019893413636,0,0,-1.0,0.504950495049505,-1.0,draftkings
2020_10_IND_TEN,2020,10,ML_CORROBORATED_DISAGREEMENT,CORROB,12+,home,-102,1.9803921568627452,13.50899267441284,0.6132927737192173,0.21456019893413636,0,0,-1.0,0.504950495049505,-1.0,draftkings
2020_10_JAX_GB,2020,10,ML_QBELO_DISAGREEMENT,QB_ELO,0-2,home,-909,1.11001100110011,1.6800360446642348,0.8884755524251337,-0.013782362599604081,1,0,0.110011,0.9008919722497521,13.5,fanduel
2020_10_JAX_GB,2020,10,ML_XGB_DISAGREEMENT,XGB,12+,away,650,7.5,17.518198357013553,0.3035067915916443,1.2763009369373322,0,0,-1.0,0.13333333333333333,13.5,fanduel
2020_10_JAX_GB,2020,10,LONG_DOG_201+_CONTEXT,XGB,LONG201+,away,650,7.5,17.518198357013553,0.3035067915916443,1.2763009369373322,0,0,-1.0,0.13333333333333333,13.5,fanduel
2020_10_JAX_GB,2020,10,ML_AVG_DISAGREEMENT,AVG,4-8,away,650,7.5,7.919081156174651,0.20751561958325526,0.5563671468744145,0,0,-1.0,0.13333333333333333,13.5,fanduel
2020_10_JAX_GB,2020,10,LONG_DOG_201+_CONTEXT,AVG,LONG201+,away,650,7.5,7.919081156174651,0.20751561958325526,0.5563671468744145,0,0,-1.0,0.13333333333333333,13.5,fanduel
2020_10_LAC_MIA,2020,10,ML_QBELO_DISAGREEMENT,QB_ELO,12+,home,-135,1.7407407407407407,12.89003194809143,0.6957331241931934,0.21109099396592934,1,0,0.740741,0.574468085106383,2.5,fanduel
2020_10_LAC_MIA,2020,10,ML_XGB_DISAGREEMENT,XGB,12+,home,-135,1.7407407407407407,12.857130762674062,0.6954041123390198,0.21051826962718256,1,0,0.740741,0.574468085106383,2.5,fanduel
2020_10_LAC_MIA,2020,10,ML_AVG_DISAGREEMENT,AVG,12+,home,-135,1.7407407407407407,12.873581355382747,0.6955686182661066,0.21080463179655595,1,0,0.740741,0.574468085106383,2.5,fanduel
2020_10_LAC_MIA,2020,10,ML_CORROBORATED_DISAGREEMENT,CORROB,12+,home,-135,1.7407407407407407,12.873581355382747,0.6955686182661066,0.21080463179655595,1,0,0.740741,0.574468085106383,2.5,fanduel
2020_10_MIN_CHI,2020,10,ML_QBELO_DISAGREEMENT,QB_ELO,12+,home,148,2.48,15.278705020823924,0.5419034499342547,0.3439205558369516,0,0,-1.0,0.40322580645161293,-3.5,draftkings
2020_10_MIN_CHI,2020,10,ML_XGB_DISAGREEMENT,XGB,4-8,home,148,2.48,4.448655919160238,0.4336029589176178,0.07533533811569204,0,0,-1.0,0.40322580645161293,-3.5,draftkings
2020_10_MIN_CHI,2020,10,ML_DOG_VALUE_ZONE,XGB,ZONE,home,148,2.48,4.448655919160238,0.4336029589176178,0.07533533811569204,0,0,-1.0,0.40322580645161293,-3.5,draftkings
2020_10_MIN_CHI,2020,10,ML_AVG_DISAGREEMENT,AVG,8-12,home,148,2.48,9.863680469992081,0.4877532044259362,0.2096279469763218,0,0,-1.0,0.40322580645161293,-3.5,draftkings
2020_10_MIN_CHI,2020,10,ML_DOG_VALUE_ZONE,AVG,ZONE,home,148,2.48,9.863680469992081,0.4877532044259362,0.2096279469763218,0,0,-1.0,0.40322580645161293,-3.5,draftkings
2020_10_MIN_CHI,2020,10,ML_CORROBORATED_DISAGREEMENT,CORROB,8-12,home,148,2.48,9.863680469992081,0.4877532044259362,0.2096279469763218,0,0,-1.0,0.40322580645161293,-3.5,draftkings
2020_10_MIN_CHI,2020,10,ML_DOG_VALUE_ZONE,CORROB,ZONE,home,148,2.48,9.863680469992081,0.4877532044259362,0.2096279469763218,0,0,-1.0,0.40322580645161293,-3.5,draftkings
2020_10_PHI_NYG,2020,10,ML_QBELO_DISAGREEMENT,QB_ELO,2-4,home,200,3.0,3.329976376251481,0.36291384913461017,0.08874154740383045,1,0,2.0,0.3333333333333333,5.0,draftkings
2020_10_PHI_NYG,2020,10,ML_XGB_DISAGREEMENT,XGB,12+,home,200,3.0,22.506155330359434,0.5546756386756897,0.6640269160270691,1,0,2.0,0.3333333333333333,5.0,draftkings
2020_10_PHI_NYG,2020,10,ML_AVG_DISAGREEMENT,AVG,12+,home,200,3.0,12.91806585330546,0.45879474390514996,0.37638423171544977,1,0,2.0,0.3333333333333333,5.0,draftkings
2020_10_PHI_NYG,2020,10,ML_DOG_VALUE_ZONE,AVG,ZONE,home,200,3.0,12.91806585330546,0.45879474390514996,0.37638423171544977,1,0,2.0,0.3333333333333333,5.0,draftkings
2020_10_PHI_NYG,2020,10,ML_CORROBORATED_DISAGREEMENT,CORROB,12+,home,200,3.0,12.91806585330546,0.45879474390514996,0.37638423171544977,1,0,2.0,0.3333333333333333,5.0,draftkings
2020_10_PHI_NYG,2020,10,ML_DOG_VALUE_ZONE,CORROB,ZONE,home,200,3.0,12.91806585330546,0.45879474390514996,0.37638423171544977,1,0,2.0,0.3333333333333333,5.0,draftkings
2020_10_SEA_LA,2020,10,ML_QBELO_DISAGREEMENT,QB_ELO,4-8,away,126,2.26,7.140832872458491,0.4973728842665064,0.12406271844230443,0,0,-1.0,0.4424778761061947,2.5,fanduel
2020_10_SEA_LA,2020,10,ML_DOG_VALUE_ZONE,QB_ELO,ZONE,away,126,2.26,7.140832872458491,0.4973728842665064,0.12406271844230443,0,0,-1.0,0.4424778761061947,2.5,fanduel
2020_10_SEA_LA,2020,10,ML_XGB_DISAGREEMENT,XGB,4-8,away,126,2.26,4.980216284568229,0.47576671838760376,0.0752327835559845,0,0,-1.0,0.4424778761061947,2.5,fanduel
2020_10_SEA_LA,2020,10,ML_DOG_VALUE_ZONE,XGB,ZONE,away,126,2.26,4.980216284568229,0.47576671838760376,0.0752327835559845,0,0,-1.0,0.4424778761061947,2.5,fanduel
2020_10_SEA_LA,2020,10,ML_AVG_DISAGREEMENT,AVG,4-8,away,126,2.26,6.06052457851336,0.4865698013270551,0.09964775099914447,0,0,-1.0,0.4424778761061947,2.5,fanduel
2020_10_SEA_LA,2020,10,ML_DOG_VALUE_ZONE,AVG,ZONE,away,126,2.26,6.06052457851336,0.4865698013270551,0.09964775099914447,0,0,-1.0,0.4424778761061947,2.5,fanduel
2020_10_SEA_LA,2020,10,ML_CORROBORATED_DISAGREEMENT,CORROB,4-8,away,126,2.26,6.06052457851336,0.4865698013270551,0.09964775099914447,0,0,-1.0,0.4424778761061947,2.5,fanduel
2020_10_SEA_LA,2020,10,ML_DOG_VALUE_ZONE,CORROB,ZONE,away,126,2.26,6.06052457851336,0.4865698013270551,0.09964775099914447,0,0,-1.0,0.4424778761061947,2.5,fanduel
2020_10_SF_NO,2020,10,ML_QBELO_DISAGREEMENT,QB_ELO,4-8,away,315,4.15,6.854094762681889,0.2975954484296903,0.235021110983215,0,0,-1.0,0.24096385542168672,9.5,fanduel
2020_10_SF_NO,2020,10,LONG_DOG_201+_CONTEXT,QB_ELO,LONG201+,away,315,4.15,6.854094762681889,0.2975954484296903,0.235021110983215,0,0,-1.0,0.24096385542168672,9.5,fanduel
2020_10_SF_NO,2020,10,ML_XGB_DISAGREEMENT,XGB,8-12,away,315,4.15,10.48958995496066,0.333950400352478,0.385894161462784,0,0,-1.0,0.24096385542168672,9.5,fanduel
2020_10_SF_NO,2020,10,LONG_DOG_201+_CONTEXT,XGB,LONG201+,away,315,4.15,10.48958995496066,0.333950400352478,0.385894161462784,0,0,-1.0,0.24096385542168672,9.5,fanduel
2020_10_SF_NO,2020,10,ML_AVG_DISAGREEMENT,AVG,8-12,away,315,4.15,8.671842358821275,0.3157729243910842,0.3104576362229994,0,0,-1.0,0.24096385542168672,9.5,fanduel
2020_10_SF_NO,2020,10,LONG_DOG_201+_CONTEXT,AVG,LONG201+,away,315,4.15,8.671842358821275,0.3157729243910842,0.3104576362229994,0,0,-1.0,0.24096385542168672,9.5,fanduel
2020_10_SF_NO,2020,10,ML_CORROBORATED_DISAGREEMENT,CORROB,8-12,away,315,4.15,8.671842358821275,0.3157729243910842,0.3104576362229994,0,0,-1.0,0.24096385542168672,9.5,fanduel
2020_10_TB_CAR,2020,10,ML_QBELO_DISAGREEMENT,QB_ELO,4-8,home,230,3.3,5.258522657175679,0.3575961198179442,0.1800671953992159,0,0,-1.0,0.30303030303030304,6.0,draftkings
2020_10_TB_CAR,2020,10,LONG_DOG_201+_CONTEXT,QB_ELO,LONG201+,home,230,3.3,5.258522657175679,0.3575961198179442,0.1800671953992159,0,0,-1.0,0.30303030303030304,6.0,draftkings
2020_10_TB_CAR,2020,10,ML_XGB_DISAGREEMENT,XGB,4-8,home,230,3.3,7.688801656101779,0.3818989098072052,0.26026640236377707,0,0,-1.0,0.30303030303030304,6.0,draftkings
2020_10_TB_CAR,2020,10,LONG_DOG_201+_CONTEXT,XGB,LONG201+,home,230,3.3,7.688801656101779,0.3818989098072052,0.26026640236377707,0,0,-1.0,0.30303030303030304,6.0,draftkings
2020_10_TB_CAR,2020,10,ML_AVG_DISAGREEMENT,AVG,4-8,home,230,3.3,6.473662156638732,0.36974751481257473,0.2201667988814966,0,0,-1.0,0.30303030303030304,6.0,draftkings
2020_10_TB_CAR,2020,10,LONG_DOG_201+_CONTEXT,AVG,LONG201+,home,230,3.3,6.473662156638732,0.36974751481257473,0.2201667988814966,0,0,-1.0,0.30303030303030304,6.0,draftkings
2020_10_TB_CAR,2020,10,ML_CORROBORATED_DISAGREEMENT,CORROB,4-8,home,230,3.3,6.473662156638732,0.36974751481257473,0.2201667988814966,0,0,-1.0,0.30303030303030304,6.0,draftkings
2020_10_WAS_DET,2020,10,ML_QBELO_DISAGREEMENT,QB_ELO,4-8,home,-130,1.7692307692307692,4.474542239543933,0.6152090009150536,0.08844669392663329,1,0,0.769231,0.5652173913043479,2.5,fanduel
2020_10_WAS_DET,2020,10,ML_XGB_DISAGREEMENT,XGB,2-4,home,-130,1.7692307692307692,3.91311838056726,0.6095947623252869,0.07851381026781512,1,0,0.769231,0.5652173913043479,2.5,fanduel
2020_10_WAS_DET,2020,10,ML_AVG_DISAGREEMENT,AVG,4-8,home,-130,1.7692307692307692,4.19383031005559,0.6124018816201702,0.0834802520972242,1,0,0.769231,0.5652173913043479,2.5,fanduel
2020_10_WAS_DET,2020,10,ML_CORROBORATED_DISAGREEMENT,CORROB,4-8,home,-130,1.7692307692307692,4.19383031005559,0.6124018816201702,0.0834802520972242,1,0,0.769231,0.5652173913043479,2.5,fanduel
2020_11_ARI_SEA,2020,11,ML_QBELO_DISAGREEMENT,QB_ELO,4-8,home,-152,1.6578947368421053,7.26263702493527,0.6734461426707402,0.11650281548043773,1,0,0.657895,0.6031746031746031,3.0,fanduel
2020_11_ARI_SEA,2020,11,ML_XGB_DISAGREEMENT,XGB,12+,away,142,2.42,12.308803790715107,0.5222682654857635,0.2638892024755477,0,0,-1.0,0.4132231404958678,3.0,fanduel
2020_11_ARI_SEA,2020,11,ML_AVG_DISAGREEMENT,AVG,2-4,away,142,2.42,2.5230833828899124,0.4244110614075116,0.02707476860617808,0,0,-1.0,0.4132231404958678,3.0,fanduel
2020_11_ARI_SEA,2020,11,ML_DOG_VALUE_ZONE,AVG,ZONE,away,142,2.42,2.5230833828899124,0.4244110614075116,0.02707476860617808,0,0,-1.0,0.4132231404958678,3.0,fanduel
2020_11_ATL_NO,2020,11,ML_QBELO_DISAGREEMENT,QB_ELO,12+,home,-179,1.558659217877095,13.782108678775407,0.7662012459780972,0.1942466347926768,1,0,0.558659,0.6415770609318996,-3.5,fanduel
2020_11_ATL_NO,2020,11,ML_XGB_DISAGREEMENT,XGB,0-2,home,-179,1.558659217877095,0.8687754818751059,0.6370679140090942,-0.00702822341599274,1,0,0.558659,0.6415770609318996,-3.5,fanduel
2020_11_ATL_NO,2020,11,ML_AVG_DISAGREEMENT,AVG,4-8,home,-179,1.558659217877095,7.325442080325251,0.7016345799935957,0.09360920568834197,1,0,0.558659,0.6415770609318996,-3.5,fanduel
2020_11_ATL_NO,2020,11,ML_CORROBORATED_DISAGREEMENT,CORROB,4-8,home,-179,1.558659217877095,7.325442080325251,0.7016345799935957,0.09360920568834197,1,0,0.558659,0.6415770609318996,-3.5,fanduel
2020_11_CIN_WAS,2020,11,ML_QBELO_DISAGREEMENT,QB_ELO,4-8,away,106,2.06,4.17062634847023,0.5111395139348438,0.05294739870577825,0,0,-1.0,0.4854368932038835,-1.5,draftkings
2020_11_CIN_WAS,2020,11,ML_XGB_DISAGREEMENT,XGB,4-8,away,106,2.06,4.527878520583384,0.5147120356559753,0.06030679345130929,0,0,-1.0,0.4854368932038835,-1.5,draftkings
2020_11_CIN_WAS,2020,11,ML_AVG_DISAGREEMENT,AVG,4-8,away,106,2.06,4.349252434526807,0.5129257747954096,0.05662709607854377,0,0,-1.0,0.4854368932038835,-1.5,draftkings
2020_11_CIN_WAS,2020,11,ML_CORROBORATED_DISAGREEMENT,CORROB,4-8,away,106,2.06,4.349252434526807,0.5129257747954096,0.05662709607854377,0,0,-1.0,0.4854368932038835,-1.5,draftkings
2020_11_DAL_MIN,2020,11,ML_QBELO_DISAGREEMENT,QB_ELO,2-4,home,-303,1.33003300330033,2.371951998072963,0.7612188828432609,0.012446236916944242,0,0,-1.0,0.7518610421836228,7.0,draftkings
2020_11_DAL_MIN,2020,11,ML_XGB_DISAGREEMENT,XGB,0-2,away,260,3.6,0.42921966676154333,0.26679283380508423,-0.0395457983016968,1,0,2.6,0.2777777777777778,7.0,draftkings
2020_11_DAL_MIN,2020,11,LONG_DOG_201+_CONTEXT,XGB,LONG201+,away,260,3.6,0.42921966676154333,0.26679283380508423,-0.0395457983016968,1,0,2.6,0.2777777777777778,7.0,draftkings
2020_11_DAL_MIN,2020,11,ML_AVG_DISAGREEMENT,AVG,0-2,home,-303,1.33003300330033,0.9713661656557071,0.7472130245190883,-0.006182016893753861,0,0,-1.0,0.7518610421836228,7.0,draftkings
2020_11_DET_CAR,2020,11,ML_QBELO_DISAGREEMENT,QB_ELO,8-12,home,130,2.3,10.543075817369102,0.559385362713237,0.2865863342404451,1,0,1.3,0.4347826086956522,-3.0,draftkings
2020_11_DET_CAR,2020,11,ML_XGB_DISAGREEMENT,XGB,8-12,home,130,2.3,9.966662797006704,0.553621232509613,0.2733288347721099,1,0,1.3,0.4347826086956522,-3.0,draftkings
2020_11_DET_CAR,2020,11,ML_AVG_DISAGREEMENT,AVG,8-12,home,130,2.3,10.254869307187903,0.556503297611425,0.2799575845062774,1,0,1.3,0.4347826086956522,-3.0,draftkings
2020_11_DET_CAR,2020,11,ML_CORROBORATED_DISAGREEMENT,CORROB,8-12,home,130,2.3,10.254869307187903,0.556503297611425,0.2799575845062774,1,0,1.3,0.4347826086956522,-3.0,draftkings
2020_11_GB_IND,2020,11,ML_QBELO_DISAGREEMENT,QB_ELO,8-12,away,106,2.06,9.120837069831522,0.5554492740860192,0.14422550461719963,0,0,-1.0,0.4854368932038835,1.5,fanduel
2020_11_GB_IND,2020,11,ML_XGB_DISAGREEMENT,XGB,2-4,away,106,2.06,2.671021746572011,0.4909511208534241,0.011359308958053704,0,0,-1.0,0.4854368932038835,1.5,fanduel
2020_11_GB_IND,2020,11,ML_AVG_DISAGREEMENT,AVG,4-8,away,106,2.06,5.895929408201761,0.5232001974697216,0.07779240678762656,0,0,-1.0,0.4854368932038835,1.5,fanduel
2020_11_GB_IND,2020,11,ML_CORROBORATED_DISAGREEMENT,CORROB,4-8,away,106,2.06,5.895929408201761,0.5232001974697216,0.07779240678762656,0,0,-1.0,0.4854368932038835,1.5,fanduel
2020_11_KC_LV,2020,11,ML_QBELO_DISAGREEMENT,QB_ELO,8-12,home,290,3.9,10.403894793548648,0.35114448143355687,0.36946347759087184,0,0,-1.0,0.25641025641025644,7.5,draftkings
2020_11_KC_LV,2020,11,LONG_DOG_201+_CONTEXT,QB_ELO,LONG201+,home,290,3.9,10.403894793548648,0.35114448143355687,0.36946347759087184,0,0,-1.0,0.25641025641025644,7.5,draftkings
2020_11_KC_LV,2020,11,ML_XGB_DISAGREEMENT,XGB,12+,home,290,3.9,15.777662931130157,0.40488216280937195,0.5790404349565506,0,0,-1.0,0.25641025641025644,7.5,draftkings
2020_11_KC_LV,2020,11,LONG_DOG_201+_CONTEXT,XGB,LONG201+,home,290,3.9,15.777662931130157,0.40488216280937195,0.5790404349565506,0,0,-1.0,0.25641025641025644,7.5,draftkings
2020_11_KC_LV,2020,11,ML_AVG_DISAGREEMENT,AVG,12+,home,290,3.9,13.090778862339405,0.37801332212146443,0.4742519562737113,0,0,-1.0,0.25641025641025644,7.5,draftkings
2020_11_KC_LV,2020,11,LONG_DOG_201+_CONTEXT,AVG,LONG201+,home,290,3.9,13.090778862339405,0.37801332212146443,0.4742519562737113,0,0,-1.0,0.25641025641025644,7.5,draftkings
2020_11_KC_LV,2020,11,ML_CORROBORATED_DISAGREEMENT,CORROB,12+,home,290,3.9,13.090778862339405,0.37801332212146443,0.4742519562737113,0,0,-1.0,0.25641025641025644,7.5,draftkings
2020_11_LA_TB,2020,11,ML_QBELO_DISAGREEMENT,QB_ELO,8-12,away,180,2.8,8.584788800642002,0.44033890597049186,0.23294893671737715,1,0,1.8,0.35714285714285715,4.0,fanduel
2020_11_LA_TB,2020,11,ML_DOG_VALUE_ZONE,QB_ELO,ZONE,away,180,2.8,8.584788800642002,0.44033890597049186,0.23294893671737715,1,0,1.8,0.35714285714285715,4.0,fanduel
2020_11_LA_TB,2020,11,ML_XGB_DISAGREEMENT,XGB,2-4,away,180,2.8,2.831701168757,0.38280802965164185,0.07186248302459708,1,0,1.8,0.35714285714285715,4.0,fanduel
2020_11_LA_TB,2020,11,ML_AVG_DISAGREEMENT,AVG,4-8,away,180,2.8,5.708244984699501,0.41157346781106685,0.152405709870987,1,0,1.8,0.35714285714285715,4.0,fanduel
2020_11_LA_TB,2020,11,ML_DOG_VALUE_ZONE,AVG,ZONE,away,180,2.8,5.708244984699501,0.41157346781106685,0.152405709870987,1,0,1.8,0.35714285714285715,4.0,fanduel
2020_11_LA_TB,2020,11,ML_CORROBORATED_DISAGREEMENT,CORROB,4-8,away,180,2.8,5.708244984699501,0.41157346781106685,0.152405709870987,1,0,1.8,0.35714285714285715,4.0,fanduel
2020_11_LA_TB,2020,11,ML_DOG_VALUE_ZONE,CORROB,ZONE,away,180,2.8,5.708244984699501,0.41157346781106685,0.152405709870987,1,0,1.8,0.35714285714285715,4.0,fanduel
2020_11_MIA_DEN,2020,11,ML_QBELO_DISAGREEMENT,QB_ELO,8-12,home,184,2.84,10.414860708030915,0.46031167200787326,0.30728514850236,1,0,1.84,0.35211267605633806,-3.5,fanduel
2020_11_MIA_DEN,2020,11,ML_DOG_VALUE_ZONE,QB_ELO,ZONE,home,184,2.84,10.414860708030915,0.46031167200787326,0.30728514850236,1,0,1.84,0.35211267605633806,-3.5,fanduel
2020_11_MIA_DEN,2020,11,ML_XGB_DISAGREEMENT,XGB,12+,away,-204,1.4901960784313726,15.397671887348697,0.7978136539459229,0.18889877842921843,0,0,-1.0,0.6710526315789473,-3.5,fanduel
2020_11_MIA_DEN,2020,11,ML_AVG_DISAGREEMENT,AVG,2-4,away,-204,1.4901960784313726,2.4914055896588905,0.6687509909690248,-0.003429895810864947,0,0,-1.0,0.6710526315789473,-3.5,fanduel
2020_11_NE_HOU,2020,11,ML_QBELO_DISAGREEMENT,QB_ELO,0-2,away,-135,1.7407407407407407,0.845891533392984,0.5662749440284434,-0.014262134469006038,0,0,-1.0,0.574468085106383,2.5,fanduel
2020_11_NE_HOU,2020,11,ML_XGB_DISAGREEMENT,XGB,4-8,home,122,2.2199999999999998,7.0512414078119425,0.512696385383606,0.13818597555160506,1,0,1.22,0.4504504504504505,2.5,fanduel
2020_11_NE_HOU,2020,11,ML_AVG_DISAGREEMENT,AVG,2-4,home,122,2.2199999999999998,3.1026749372094766,0.4732107206775813,0.0505277999042304,1,0,1.22,0.4504504504504505,2.5,fanduel
2020_11_NE_HOU,2020,11,ML_DOG_VALUE_ZONE,AVG,ZONE,home,122,2.2199999999999998,3.1026749372094766,0.4732107206775813,0.0505277999042304,1,0,1.22,0.4504504504504505,2.5,fanduel
2020_11_NYJ_LAC,2020,11,ML_QBELO_DISAGREEMENT,QB_ELO,8-12,away,360,4.6,10.382345100889006,0.31551181408410867,0.45135434478689973,0,0,-1.0,0.2173913043478261,10.0,fanduel
2020_11_NYJ_LAC,2020,11,LONG_DOG_201+_CONTEXT,QB_ELO,LONG201+,away,360,4.6,10.382345100889006,0.31551181408410867,0.45135434478689973,0,0,-1.0,0.2173913043478261,10.0,fanduel
2020_11_NYJ_LAC,2020,11,ML_XGB_DISAGREEMENT,XGB,8-12,away,360,4.6,8.422795581821402,0.2959163188934326,0.36121506690979,0,0,-1.0,0.2173913043478261,10.0,fanduel
2020_11_NYJ_LAC,2020,11,LONG_DOG_201+_CONTEXT,XGB,LONG201+,away,360,4.6,8.422795581821402,0.2959163188934326,0.36121506690979,0,0,-1.0,0.2173913043478261,10.0,fanduel
2020_11_NYJ_LAC,2020,11,ML_AVG_DISAGREEMENT,AVG,8-12,away,360,4.6,9.402570341355204,0.30571406648877064,0.40628470584834475,0,0,-1.0,0.2173913043478261,10.0,fanduel
2020_11_NYJ_LAC,2020,11,LONG_DOG_201+_CONTEXT,AVG,LONG201+,away,360,4.6,9.402570341355204,0.30571406648877064,0.40628470584834475,0,0,-1.0,0.2173913043478261,10.0,fanduel
2020_11_NYJ_LAC,2020,11,ML_CORROBORATED_DISAGREEMENT,CORROB,8-12,away,360,4.6,9.402570341355204,0.30571406648877064,0.40628470584834475,0,0,-1.0,0.2173913043478261,10.0,fanduel
2020_11_PHI_CLE,2020,11,ML_QBELO_DISAGREEMENT,QB_ELO,4-8,home,-137,1.72992700729927,4.334324216598063,0.611264564073635,0.05744307799599646,1,0,0.729927,0.5780590717299579,2.5,fanduel
2020_11_PHI_CLE,2020,11,ML_XGB_DISAGREEMENT,XGB,8-12,home,-137,1.72992700729927,8.569021888671813,0.6536115407943726,0.1307002567026736,1,0,0.729927,0.5780590717299579,2.5,fanduel
2020_11_PHI_CLE,2020,11,ML_AVG_DISAGREEMENT,AVG,4-8,home,-137,1.72992700729927,6.451673052634943,0.6324380524340039,0.09407166734933514,1,0,0.729927,0.5780590717299579,2.5,fanduel
2020_11_PHI_CLE,2020,11,ML_CORROBORATED_DISAGREEMENT,CORROB,4-8,home,-137,1.72992700729927,6.451673052634943,0.6324380524340039,0.09407166734933514,1,0,0.729927,0.5780590717299579,2.5,fanduel
2020_11_PIT_JAX,2020,11,ML_QBELO_DISAGREEMENT,QB_ELO,2-4,away,-500,1.2,3.5457872232260823,0.8294062665147929,-0.0047124801822485685,1,0,0.2,0.8333333333333334,10.5,draftkings
2020_11_PIT_JAX,2020,11,ML_XGB_DISAGREEMENT,XGB,0-2,home,410,5.1,1.2618300541115068,0.21866990625858307,0.11521652191877352,0,0,-1.0,0.19607843137254904,10.5,draftkings
2020_11_PIT_JAX,2020,11,LONG_DOG_201+_CONTEXT,XGB,LONG201+,home,410,5.1,1.2618300541115068,0.21866990625858307,0.11521652191877352,0,0,-1.0,0.19607843137254904,10.5,draftkings
2020_11_PIT_JAX,2020,11,ML_AVG_DISAGREEMENT,AVG,0-2,away,-500,1.2,1.1419785845572905,0.805368180128105,-0.03355818384627407,1,0,0.2,0.8333333333333334,10.5,draftkings
2020_11_TEN_BAL,2020,11,ML_QBELO_DISAGREEMENT,QB_ELO,0-2,home,-244,1.4098360655737705,1.1388165800515715,0.7050424327589403,-0.006005750536575927,0,0,-1.0,0.7093023255813954,6.5,fanduel
2020_11_TEN_BAL,2020,11,ML_XGB_DISAGREEMENT,XGB,8-12,away,230,3.3,11.130884087581345,0.4176545739173889,0.37826009392738325,1,0,2.3,0.30303030303030304,6.5,fanduel
2020_11_TEN_BAL,2020,11,LONG_DOG_201+_CONTEXT,XGB,LONG201+,away,230,3.3,11.130884087581345,0.4176545739173889,0.37826009392738325,1,0,2.3,0.30303030303030304,6.5,fanduel
2020_11_TEN_BAL,2020,11,ML_AVG_DISAGREEMENT,AVG,4-8,away,230,3.3,4.996033753764878,0.35630607057922425,0.17581003291144004,1,0,2.3,0.30303030303030304,6.5,fanduel
2020_11_TEN_BAL,2020,11,LONG_DOG_201+_CONTEXT,AVG,LONG201+,away,230,3.3,4.996033753764878,0.35630607057922425,0.17581003291144004,1,0,2.3,0.30303030303030304,6.5,fanduel
2020_12_ARI_NE,2020,12,ML_QBELO_DISAGREEMENT,QB_ELO,12+,home,106,2.06,13.57905748748297,0.6127733813085513,0.2623131654956157,1,0,1.06,0.4854368932038835,1.0,draftkings
2020_12_ARI_NE,2020,12,ML_XGB_DISAGREEMENT,XGB,0-2,home,106,2.06,0.06877737149753038,0.4776705801486969,-0.01599860489368432,1,0,1.06,0.4854368932038835,1.0,draftkings
2020_12_ARI_NE,2020,12,ML_AVG_DISAGREEMENT,AVG,4-8,home,106,2.06,6.823917429490245,0.545221980728624,0.12315728030096551,1,0,1.06,0.4854368932038835,1.0,draftkings
2020_12_ARI_NE,2020,12,ML_CORROBORATED_DISAGREEMENT,CORROB,4-8,home,106,2.06,6.823917429490245,0.545221980728624,0.12315728030096551,1,0,1.06,0.4854368932038835,1.0,draftkings
2020_12_BAL_PIT,2020,12,ML_QBELO_DISAGREEMENT,QB_ELO,12+,away,430,5.3,19.62731075698087,0.38310085596714893,1.0304345366258891,0,0,-1.0,0.18867924528301888,10.5,draftkings
2020_12_BAL_PIT,2020,12,LONG_DOG_201+_CONTEXT,QB_ELO,LONG201+,away,430,5.3,19.62731075698087,0.38310085596714893,1.0304345366258891,0,0,-1.0,0.18867924528301888,10.5,draftkings
2020_12_BAL_PIT,2020,12,ML_XGB_DISAGREEMENT,XGB,12+,away,430,5.3,12.717357339526227,0.31400132179260254,0.6642070055007934,0,0,-1.0,0.18867924528301888,10.5,draftkings
2020_12_BAL_PIT,2020,12,LONG_DOG_201+_CONTEXT,XGB,LONG201+,away,430,5.3,12.717357339526227,0.31400132179260254,0.6642070055007934,0,0,-1.0,0.18867924528301888,10.5,draftkings
2020_12_BAL_PIT,2020,12,ML_AVG_DISAGREEMENT,AVG,12+,away,430,5.3,16.172334048253546,0.34855108887987574,0.8473207710633412,0,0,-1.0,0.18867924528301888,10.5,draftkings
2020_12_BAL_PIT,2020,12,LONG_DOG_201+_CONTEXT,AVG,LONG201+,away,430,5.3,16.172334048253546,0.34855108887987574,0.8473207710633412,0,0,-1.0,0.18867924528301888,10.5,draftkings
2020_12_BAL_PIT,2020,12,ML_CORROBORATED_DISAGREEMENT,CORROB,12+,away,430,5.3,16.172334048253546,0.34855108887987574,0.8473207710633412,0,0,-1.0,0.18867924528301888,10.5,draftkings
2020_12_CAR_MIN,2020,12,ML_QBELO_DISAGREEMENT,QB_ELO,12+,home,-147,1.6802721088435373,13.05878956082741,0.7189846027819315,0.20808977474242907,1,0,0.680272,0.5951417004048584,3.0,fanduel
2020_12_CAR_MIN,2020,12,ML_XGB_DISAGREEMENT,XGB,0-2,away,130,2.3,0.5818048116040198,0.4174213409423828,-0.03993091583251962,0,0,-1.0,0.4347826086956522,3.0,fanduel
2020_12_CAR_MIN,2020,12,ML_DOG_VALUE_ZONE,XGB,ZONE,away,130,2.3,0.5818048116040198,0.4174213409423828,-0.03993091583251962,0,0,-1.0,0.4347826086956522,3.0,fanduel
2020_12_CAR_MIN,2020,12,ML_AVG_DISAGREEMENT,AVG,4-8,home,-147,1.6802721088435373,6.238492374611693,0.6507816309197744,0.09349022338220592,1,0,0.680272,0.5951417004048584,3.0,fanduel
2020_12_CHI_GB,2020,12,ML_QBELO_DISAGREEMENT,QB_ELO,0-2,away,300,4.0,1.0596515251313277,0.24713400896042248,-0.01146396415831008,0,0,-1.0,0.25,8.0,draftkings
2020_12_CHI_GB,2020,12,LONG_DOG_201+_CONTEXT,QB_ELO,LONG201+,away,300,4.0,1.0596515251313277,0.24713400896042248,-0.01146396415831008,0,0,-1.0,0.25,8.0,draftkings
2020_12_CHI_GB,2020,12,ML_XGB_DISAGREEMENT,XGB,0-2,away,300,4.0,0.35001859631320076,0.2400376796722412,-0.039849281311035156,0,0,-1.0,0.25,8.0,draftkings
2020_12_CHI_GB,2020,12,LONG_DOG_201+_CONTEXT,XGB,LONG201+,away,300,4.0,0.35001859631320076,0.2400376796722412,-0.039849281311035156,0,0,-1.0,0.25,8.0,draftkings
2020_12_CHI_GB,2020,12,ML_AVG_DISAGREEMENT,AVG,0-2,away,300,4.0,0.7048350607222698,0.2435858443163319,-0.025656622734672396,0,0,-1.0,0.25,8.0,draftkings
2020_12_CHI_GB,2020,12,LONG_DOG_201+_CONTEXT,AVG,LONG201+,away,300,4.0,0.7048350607222698,0.2435858443163319,-0.025656622734672396,0,0,-1.0,0.25,8.0,draftkings
2020_12_CHI_GB,2020,12,ML_CORROBORATED_DISAGREEMENT,CORROB,0-2,away,300,4.0,0.7048350607222698,0.2435858443163319,-0.025656622734672396,0,0,-1.0,0.25,8.0,draftkings
2020_12_CLE_JAX,2020,12,ML_QBELO_DISAGREEMENT,QB_ELO,4-8,home,290,3.9,4.614015864291382,0.3015868363612381,0.17618866180882864,0,0,-1.0,0.25641025641025644,7.0,draftkings
2020_12_CLE_JAX,2020,12,LONG_DOG_201+_CONTEXT,QB_ELO,LONG201+,home,290,3.9,4.614015864291382,0.3015868363612381,0.17618866180882864,0,0,-1.0,0.25641025641025644,7.0,draftkings
2020_12_CLE_JAX,2020,12,ML_XGB_DISAGREEMENT,XGB,8-12,home,290,3.9,8.351996013148344,0.33896663784980774,0.32196988761425005,0,0,-1.0,0.25641025641025644,7.0,draftkings
2020_12_CLE_JAX,2020,12,LONG_DOG_201+_CONTEXT,XGB,LONG201+,home,290,3.9,8.351996013148344,0.33896663784980774,0.32196988761425005,0,0,-1.0,0.25641025641025644,7.0,draftkings
2020_12_CLE_JAX,2020,12,ML_AVG_DISAGREEMENT,AVG,4-8,home,290,3.9,6.483005938719866,0.32027673710552296,0.24907927471153957,0,0,-1.0,0.25641025641025644,7.0,draftkings
2020_12_CLE_JAX,2020,12,LONG_DOG_201+_CONTEXT,AVG,LONG201+,home,290,3.9,6.483005938719866,0.32027673710552296,0.24907927471153957,0,0,-1.0,0.25641025641025644,7.0,draftkings
2020_12_CLE_JAX,2020,12,ML_CORROBORATED_DISAGREEMENT,CORROB,4-8,home,290,3.9,6.483005938719866,0.32027673710552296,0.24907927471153957,0,0,-1.0,0.25641025641025644,7.0,draftkings
2020_12_HOU_DET,2020,12,ML_QBELO_DISAGREEMENT,QB_ELO,0-2,home,138,2.38,1.136873144813827,0.41968947221269476,-0.001139056133786509,0,0,-1.0,0.42016806722689076,3.0,draftkings
2020_12_HOU_DET,2020,12,ML_DOG_VALUE_ZONE,QB_ELO,ZONE,home,138,2.38,1.136873144813827,0.41968947221269476,-0.001139056133786509,0,0,-1.0,0.42016806722689076,3.0,draftkings
2020_12_HOU_DET,2020,12,ML_XGB_DISAGREEMENT,XGB,12+,home,138,2.38,12.547610610205117,0.5337968468666077,0.27043649554252625,0,0,-1.0,0.42016806722689076,3.0,draftkings
2020_12_HOU_DET,2020,12,ML_AVG_DISAGREEMENT,AVG,4-8,home,138,2.38,6.842241877509469,0.4767431595396512,0.13464871970436976,0,0,-1.0,0.42016806722689076,3.0,draftkings
2020_12_HOU_DET,2020,12,ML_DOG_VALUE_ZONE,AVG,ZONE,home,138,2.38,6.842241877509469,0.4767431595396512,0.13464871970436976,0,0,-1.0,0.42016806722689076,3.0,draftkings
2020_12_HOU_DET,2020,12,ML_CORROBORATED_DISAGREEMENT,CORROB,4-8,home,138,2.38,6.842241877509469,0.4767431595396512,0.13464871970436976,0,0,-1.0,0.42016806722689076,3.0,draftkings
2020_12_HOU_DET,2020,12,ML_DOG_VALUE_ZONE,CORROB,ZONE,home,138,2.38,6.842241877509469,0.4767431595396512,0.13464871970436976,0,0,-1.0,0.42016806722689076,3.0,draftkings
2020_12_KC_TB,2020,12,ML_QBELO_DISAGREEMENT,QB_ELO,0-2,away,-192,1.5208333333333335,1.3645802679412178,0.6397463936817038,-0.02705235960907537,1,0,0.520833,0.6575342465753424,3.5,draftkings
2020_12_KC_TB,2020,12,ML_XGB_DISAGREEMENT,XGB,2-4,home,170,2.7,3.285481649476907,0.4067542254924774,0.0982364088296892,0,0,-1.0,0.37037037037037035,3.5,draftkings
2020_12_KC_TB,2020,12,ML_DOG_VALUE_ZONE,XGB,ZONE,home,170,2.7,3.285481649476907,0.4067542254924774,0.0982364088296892,0,0,-1.0,0.37037037037037035,3.5,draftkings
2020_12_KC_TB,2020,12,ML_AVG_DISAGREEMENT,AVG,0-2,home,170,2.7,0.9604506907678445,0.3835039159053868,0.03546057294454452,0,0,-1.0,0.37037037037037035,3.5,draftkings
2020_12_LAC_BUF,2020,12,ML_QBELO_DISAGREEMENT,QB_ELO,8-12,home,-222,1.4504504504504505,11.022716165495005,0.7675175301790733,0.11324614737685423,1,0,0.45045,0.6894409937888198,4.5,draftkings
2020_12_LAC_BUF,2020,12,ML_XGB_DISAGREEMENT,XGB,2-4,away,188,2.88,3.816214129023643,0.3808717727661133,0.09691070556640624,0,0,-1.0,0.3472222222222222,4.5,draftkings
2020_12_LAC_BUF,2020,12,ML_AVG_DISAGREEMENT,AVG,2-4,home,-222,1.4504504504504505,3.603251018235676,0.69332287870648,0.0056304817274170915,1,0,0.45045,0.6894409937888198,4.5,draftkings
2020_12_LV_ATL,2020,12,ML_QBELO_DISAGREEMENT,QB_ELO,8-12,home,155,2.55,11.94328352188147,0.4988740218348892,0.2721287556789673,1,0,1.55,0.3921568627450981,3.5,draftkings
2020_12_LV_ATL,2020,12,ML_DOG_VALUE_ZONE,QB_ELO,ZONE,home,155,2.55,11.94328352188147,0.4988740218348892,0.2721287556789673,1,0,1.55,0.3921568627450981,3.5,draftkings
2020_12_LV_ATL,2020,12,ML_XGB_DISAGREEMENT,XGB,4-8,home,155,2.55,7.583002763067537,0.4552712142467499,0.160941596329212,1,0,1.55,0.3921568627450981,3.5,draftkings
2020_12_LV_ATL,2020,12,ML_DOG_VALUE_ZONE,XGB,ZONE,home,155,2.55,7.583002763067537,0.4552712142467499,0.160941596329212,1,0,1.55,0.3921568627450981,3.5,draftkings
2020_12_LV_ATL,2020,12,ML_AVG_DISAGREEMENT,AVG,8-12,home,155,2.55,9.763143142474506,0.4770726180408196,0.2165351760040899,1,0,1.55,0.3921568627450981,3.5,draftkings
2020_12_LV_ATL,2020,12,ML_DOG_VALUE_ZONE,AVG,ZONE,home,155,2.55,9.763143142474506,0.4770726180408196,0.2165351760040899,1,0,1.55,0.3921568627450981,3.5,draftkings
2020_12_LV_ATL,2020,12,ML_CORROBORATED_DISAGREEMENT,CORROB,8-12,home,155,2.55,9.763143142474506,0.4770726180408196,0.2165351760040899,1,0,1.55,0.3921568627450981,3.5,draftkings
2020_12_LV_ATL,2020,12,ML_DOG_VALUE_ZONE,CORROB,ZONE,home,155,2.55,9.763143142474506,0.4770726180408196,0.2165351760040899,1,0,1.55,0.3921568627450981,3.5,draftkings
2020_12_MIA_NYJ,2020,12,ML_QBELO_DISAGREEMENT,QB_ELO,4-8,home,290,3.9,4.003807484278344,0.2944850200103482,0.14849157804035795,0,0,-1.0,0.25641025641025644,7.5,fanduel
2020_12_MIA_NYJ,2020,12,LONG_DOG_201+_CONTEXT,QB_ELO,LONG201+,home,290,3.9,4.003807484278344,0.2944850200103482,0.14849157804035795,0,0,-1.0,0.25641025641025644,7.5,fanduel
2020_12_MIA_NYJ,2020,12,ML_XGB_DISAGREEMENT,XGB,2-4,home,290,3.9,3.7703343652701946,0.2921502888202667,0.13938612639904013,0,0,-1.0,0.25641025641025644,7.5,fanduel
2020_12_MIA_NYJ,2020,12,LONG_DOG_201+_CONTEXT,XGB,LONG201+,home,290,3.9,3.7703343652701946,0.2921502888202667,0.13938612639904013,0,0,-1.0,0.25641025641025644,7.5,fanduel
2020_12_MIA_NYJ,2020,12,ML_AVG_DISAGREEMENT,AVG,2-4,home,290,3.9,3.8870709247742665,0.29331765441530744,0.14393885221969893,0,0,-1.0,0.25641025641025644,7.5,fanduel
2020_12_MIA_NYJ,2020,12,LONG_DOG_201+_CONTEXT,AVG,LONG201+,home,290,3.9,3.8870709247742665,0.29331765441530744,0.14393885221969893,0,0,-1.0,0.25641025641025644,7.5,fanduel
2020_12_MIA_NYJ,2020,12,ML_CORROBORATED_DISAGREEMENT,CORROB,2-4,home,290,3.9,3.8870709247742665,0.29331765441530744,0.14393885221969893,0,0,-1.0,0.25641025641025644,7.5,fanduel
2020_12_NO_DEN,2020,12,ML_QBELO_DISAGREEMENT,QB_ELO,12+,home,900,10.0,21.05688299478113,0.3065312533473288,2.065312533473288,0,0,-1.0,0.1,17.0,fanduel
2020_12_NO_DEN,2020,12,LONG_DOG_201+_CONTEXT,QB_ELO,LONG201+,home,900,10.0,21.05688299478113,0.3065312533473288,2.065312533473288,0,0,-1.0,0.1,17.0,fanduel
2020_12_NO_DEN,2020,12,ML_XGB_DISAGREEMENT,XGB,12+,home,900,10.0,18.501220314162023,0.2809746265411377,1.809746265411377,0,0,-1.0,0.1,17.0,fanduel
2020_12_NO_DEN,2020,12,LONG_DOG_201+_CONTEXT,XGB,LONG201+,home,900,10.0,18.501220314162023,0.2809746265411377,1.809746265411377,0,0,-1.0,0.1,17.0,fanduel
2020_12_NO_DEN,2020,12,ML_AVG_DISAGREEMENT,AVG,12+,home,900,10.0,19.779051654471576,0.29375293994423324,1.9375293994423322,0,0,-1.0,0.1,17.0,fanduel
2020_12_NO_DEN,2020,12,LONG_DOG_201+_CONTEXT,AVG,LONG201+,home,900,10.0,19.779051654471576,0.29375293994423324,1.9375293994423322,0,0,-1.0,0.1,17.0,fanduel
2020_12_NO_DEN,2020,12,ML_CORROBORATED_DISAGREEMENT,CORROB,12+,home,900,10.0,19.779051654471576,0.29375293994423324,1.9375293994423322,0,0,-1.0,0.1,17.0,fanduel
2020_12_NYG_CIN,2020,12,ML_QBELO_DISAGREEMENT,QB_ELO,12+,home,245,3.45,26.009367762810122,0.5543710766374483,0.9125802143991968,0,0,-1.0,0.2898550724637681,6.5,draftkings
2020_12_NYG_CIN,2020,12,LONG_DOG_201+_CONTEXT,QB_ELO,LONG201+,home,245,3.45,26.009367762810122,0.5543710766374483,0.9125802143991968,0,0,-1.0,0.2898550724637681,6.5,draftkings
2020_12_NYG_CIN,2020,12,ML_XGB_DISAGREEMENT,XGB,12+,home,245,3.45,21.556386428487283,0.50984126329422,0.758952358365059,0,0,-1.0,0.2898550724637681,6.5,draftkings
2020_12_NYG_CIN,2020,12,LONG_DOG_201+_CONTEXT,XGB,LONG201+,home,245,3.45,21.556386428487283,0.50984126329422,0.758952358365059,0,0,-1.0,0.2898550724637681,6.5,draftkings
2020_12_NYG_CIN,2020,12,ML_AVG_DISAGREEMENT,AVG,12+,home,245,3.45,23.7828770956487,0.5321061699658342,0.835766286382128,0,0,-1.0,0.2898550724637681,6.5,draftkings
2020_12_NYG_CIN,2020,12,LONG_DOG_201+_CONTEXT,AVG,LONG201+,home,245,3.45,23.7828770956487,0.5321061699658342,0.835766286382128,0,0,-1.0,0.2898550724637681,6.5,draftkings
2020_12_NYG_CIN,2020,12,ML_CORROBORATED_DISAGREEMENT,CORROB,12+,home,245,3.45,23.7828770956487,0.5321061699658342,0.835766286382128,0,0,-1.0,0.2898550724637681,6.5,draftkings
2020_12_SEA_PHI,2020,12,ML_QBELO_DISAGREEMENT,QB_ELO,8-12,home,250,3.5,8.074299676431924,0.36581516979860323,0.28035309429511135,0,0,-1.0,0.2857142857142857,6.5,draftkings
2020_12_SEA_PHI,2020,12,LONG_DOG_201+_CONTEXT,QB_ELO,LONG201+,home,250,3.5,8.074299676431924,0.36581516979860323,0.28035309429511135,0,0,-1.0,0.2857142857142857,6.5,draftkings
2020_12_SEA_PHI,2020,12,ML_XGB_DISAGREEMENT,XGB,12+,home,250,3.5,15.936020478096257,0.4444323778152466,0.555513322353363,0,0,-1.0,0.2857142857142857,6.5,draftkings
2020_12_SEA_PHI,2020,12,LONG_DOG_201+_CONTEXT,XGB,LONG201+,home,250,3.5,15.936020478096257,0.4444323778152466,0.555513322353363,0,0,-1.0,0.2857142857142857,6.5,draftkings
2020_12_SEA_PHI,2020,12,ML_AVG_DISAGREEMENT,AVG,12+,home,250,3.5,12.005160077264087,0.4051237738069249,0.4179332083242371,0,0,-1.0,0.2857142857142857,6.5,draftkings
2020_12_SEA_PHI,2020,12,LONG_DOG_201+_CONTEXT,AVG,LONG201+,home,250,3.5,12.005160077264087,0.4051237738069249,0.4179332083242371,0,0,-1.0,0.2857142857142857,6.5,draftkings
2020_12_SEA_PHI,2020,12,ML_CORROBORATED_DISAGREEMENT,CORROB,12+,home,250,3.5,12.005160077264087,0.4051237738069249,0.4179332083242371,0,0,-1.0,0.2857142857142857,6.5,draftkings
2020_12_SF_LA,2020,12,ML_QBELO_DISAGREEMENT,QB_ELO,0-2,away,205,3.05,1.4180180896001426,0.3346837468591002,0.020785427920255506,1,0,2.05,0.3278688524590164,5.5,fanduel
2020_12_SF_LA,2020,12,LONG_DOG_201+_CONTEXT,QB_ELO,LONG201+,away,205,3.05,1.4180180896001426,0.3346837468591002,0.020785427920255506,1,0,2.05,0.3278688524590164,5.5,fanduel
2020_12_SF_LA,2020,12,ML_XGB_DISAGREEMENT,XGB,2-4,home,-233,1.4291845493562232,2.8578076060602475,0.7080745100975037,0.011969149624329267,0,0,-1.0,0.6996996996996997,5.5,fanduel
2020_12_SF_LA,2020,12,ML_AVG_DISAGREEMENT,AVG,0-2,home,-233,1.4291845493562232,0.7198947582300552,0.6866953816192017,-0.01858557047556142,0,0,-1.0,0.6996996996996997,5.5,fanduel
2020_12_TEN_IND,2020,12,ML_QBELO_DISAGREEMENT,QB_ELO,0-2,away,128,2.2800000000000002,1.7118829395987578,0.4361108736361192,-0.0056672081096480476,1,0,1.28,0.43859649122807015,3.0,draftkings
2020_12_TEN_IND,2020,12,ML_DOG_VALUE_ZONE,QB_ELO,ZONE,away,128,2.2800000000000002,1.7118829395987578,0.4361108736361192,-0.0056672081096480476,1,0,1.28,0.43859649122807015,3.0,draftkings
2020_12_TEN_IND,2020,12,ML_XGB_DISAGREEMENT,XGB,0-2,away,128,2.2800000000000002,0.5298791617259713,0.42429083585739136,-0.032616894245147576,1,0,1.28,0.43859649122807015,3.0,draftkings
2020_12_TEN_IND,2020,12,ML_DOG_VALUE_ZONE,XGB,ZONE,away,128,2.2800000000000002,0.5298791617259713,0.42429083585739136,-0.032616894245147576,1,0,1.28,0.43859649122807015,3.0,draftkings
2020_12_TEN_IND,2020,12,ML_AVG_DISAGREEMENT,AVG,0-2,away,128,2.2800000000000002,1.1208810506623645,0.4302008547467553,-0.019142051177397867,1,0,1.28,0.43859649122807015,3.0,draftkings
2020_12_TEN_IND,2020,12,ML_DOG_VALUE_ZONE,AVG,ZONE,away,128,2.2800000000000002,1.1208810506623645,0.4302008547467553,-0.019142051177397867,1,0,1.28,0.43859649122807015,3.0,draftkings
2020_12_TEN_IND,2020,12,ML_CORROBORATED_DISAGREEMENT,CORROB,0-2,away,128,2.2800000000000002,1.1208810506623645,0.4302008547467553,-0.019142051177397867,1,0,1.28,0.43859649122807015,3.0,draftkings
2020_12_TEN_IND,2020,12,ML_DOG_VALUE_ZONE,CORROB,ZONE,away,128,2.2800000000000002,1.1208810506623645,0.4302008547467553,-0.019142051177397867,1,0,1.28,0.43859649122807015,3.0,draftkings
2020_12_WAS_DAL,2020,12,ML_QBELO_DISAGREEMENT,QB_ELO,4-8,home,-147,1.6802721088435373,5.09434253043789,0.6274343501099103,0.054260438620053364,0,0,-1.0,0.5951417004048584,3.0,draftkings
2020_12_WAS_DAL,2020,12,ML_XGB_DISAGREEMENT,XGB,8-12,away,130,2.3,9.653873845947746,0.5200478136539459,0.1961099714040755,1,0,1.3,0.4347826086956522,3.0,draftkings
2020_12_WAS_DAL,2020,12,ML_AVG_DISAGREEMENT,AVG,2-4,away,130,2.3,2.2797656577549286,0.44630673177201774,0.026505483075640823,1,0,1.3,0.4347826086956522,3.0,draftkings
2020_12_WAS_DAL,2020,12,ML_DOG_VALUE_ZONE,AVG,ZONE,away,130,2.3,2.2797656577549286,0.44630673177201774,0.026505483075640823,1,0,1.3,0.4347826086956522,3.0,draftkings
2020_13_BUF_SF,2020,13,ML_QBELO_DISAGREEMENT,QB_ELO,8-12,away,114,2.1399999999999997,10.19460803519046,0.5629184633517392,0.2046455115727217,1,0,1.14,0.4672897196261683,1.5,fanduel
2020_13_BUF_SF,2020,13,ML_XGB_DISAGREEMENT,XGB,12+,away,114,2.1399999999999997,12.173540952068846,0.5827077925205231,0.24699467599391922,1,0,1.14,0.4672897196261683,1.5,fanduel
2020_13_BUF_SF,2020,13,ML_AVG_DISAGREEMENT,AVG,8-12,away,114,2.1399999999999997,11.184074493629653,0.5728131279361312,0.22582009378332057,1,0,1.14,0.4672897196261683,1.5,fanduel
2020_13_BUF_SF,2020,13,ML_CORROBORATED_DISAGREEMENT,CORROB,8-12,away,114,2.1399999999999997,11.184074493629653,0.5728131279361312,0.22582009378332057,1,0,1.14,0.4672897196261683,1.5,fanduel
2020_13_CIN_MIA,2020,13,ML_QBELO_DISAGREEMENT,QB_ELO,4-8,away,425,5.25,4.318954914181761,0.2370506153776819,0.24451573073283006,0,0,-1.0,0.19047619047619047,10.5,draftkings
2020_13_CIN_MIA,2020,13,LONG_DOG_201+_CONTEXT,QB_ELO,LONG201+,away,425,5.25,4.318954914181761,0.2370506153776819,0.24451573073283006,0,0,-1.0,0.19047619047619047,10.5,draftkings
2020_13_CIN_MIA,2020,13,ML_XGB_DISAGREEMENT,XGB,8-12,away,425,5.25,11.259967194620357,0.30646073818206787,0.6089188754558563,0,0,-1.0,0.19047619047619047,10.5,draftkings
2020_13_CIN_MIA,2020,13,LONG_DOG_201+_CONTEXT,XGB,LONG201+,away,425,5.25,11.259967194620357,0.30646073818206787,0.6089188754558563,0,0,-1.0,0.19047619047619047,10.5,draftkings
2020_13_CIN_MIA,2020,13,ML_AVG_DISAGREEMENT,AVG,4-8,away,425,5.25,7.789461054401059,0.2717556767798749,0.4267173030943432,0,0,-1.0,0.19047619047619047,10.5,draftkings
2020_13_CIN_MIA,2020,13,LONG_DOG_201+_CONTEXT,AVG,LONG201+,away,425,5.25,7.789461054401059,0.2717556767798749,0.4267173030943432,0,0,-1.0,0.19047619047619047,10.5,draftkings
2020_13_CIN_MIA,2020,13,ML_CORROBORATED_DISAGREEMENT,CORROB,4-8,away,425,5.25,7.789461054401059,0.2717556767798749,0.4267173030943432,0,0,-1.0,0.19047619047619047,10.5,draftkings
2020_13_CLE_TEN,2020,13,ML_QBELO_DISAGREEMENT,QB_ELO,2-4,home,-200,1.5,3.787687785701499,0.6833858598929431,0.025078789839414695,0,0,-1.0,0.6666666666666666,4.0,draftkings
2020_13_CLE_TEN,2020,13,ML_XGB_DISAGREEMENT,XGB,8-12,away,180,2.8,10.61290873024992,0.46062010526657104,0.28973629474639884,1,0,1.8,0.35714285714285715,4.0,draftkings
2020_13_CLE_TEN,2020,13,ML_DOG_VALUE_ZONE,XGB,ZONE,away,180,2.8,10.61290873024992,0.46062010526657104,0.28973629474639884,1,0,1.8,0.35714285714285715,4.0,draftkings
2020_13_CLE_TEN,2020,13,ML_AVG_DISAGREEMENT,AVG,2-4,away,180,2.8,3.4126104722742188,0.38861712268681403,0.08812794352307929,1,0,1.8,0.35714285714285715,4.0,draftkings
2020_13_DAL_BAL,2020,13,ML_QBELO_DISAGREEMENT,QB_ELO,4-8,home,-400,1.25,5.651561858299992,0.8300663432206811,0.037582929025851364,1,0,0.25,0.8,8.5,draftkings
2020_13_DAL_BAL,2020,13,ML_XGB_DISAGREEMENT,XGB,2-4,away,335,4.35,3.1375026357346707,0.2578243017196655,0.12153571248054496,0,0,-1.0,0.2298850574712644,8.5,draftkings
2020_13_DAL_BAL,2020,13,LONG_DOG_201+_CONTEXT,XGB,LONG201+,away,335,4.35,3.1375026357346707,0.2578243017196655,0.12153571248054496,0,0,-1.0,0.2298850574712644,8.5,draftkings
2020_13_DAL_BAL,2020,13,ML_AVG_DISAGREEMENT,AVG,0-2,home,-400,1.25,1.2570296112826673,0.7861210207505078,-0.017348724061865273,1,0,0.25,0.8,8.5,draftkings
2020_13_DEN_KC,2020,13,ML_QBELO_DISAGREEMENT,QB_ELO,2-4,away,750,8.5,2.0239955360798563,0.1478272654181939,0.2565317560546483,0,0,-1.0,0.11764705882352941,12.5,fanduel
2020_13_DEN_KC,2020,13,LONG_DOG_201+_CONTEXT,QB_ELO,LONG201+,away,750,8.5,2.0239955360798563,0.1478272654181939,0.2565317560546483,0,0,-1.0,0.11764705882352941,12.5,fanduel
2020_13_DEN_KC,2020,13,ML_XGB_DISAGREEMENT,XGB,2-4,home,-833,1.1200480192076832,2.687608359407745,0.8992887735366821,0.007246609495467515,1,0,0.120048,0.892818863879957,12.5,fanduel
2020_13_DEN_KC,2020,13,ML_AVG_DISAGREEMENT,AVG,0-2,home,-833,1.1200480192076832,0.33180641166393743,0.875730754059244,-0.019139503556692916,1,0,0.120048,0.892818863879957,12.5,fanduel
2020_13_DET_CHI,2020,13,ML_QBELO_DISAGREEMENT,QB_ELO,12+,home,-152,1.6578947368421053,13.806578968457185,0.7224770389543707,0.19779088037171988,0,0,-1.0,0.6031746031746031,3.0,fanduel
2020_13_DET_CHI,2020,13,ML_XGB_DISAGREEMENT,XGB,0-2,away,135,2.35,1.3981149305657081,0.42956990003585815,0.009489265084266618,1,0,1.35,0.425531914893617,3.0,fanduel
2020_13_DET_CHI,2020,13,ML_DOG_VALUE_ZONE,XGB,ZONE,away,135,2.35,1.3981149305657081,0.42956990003585815,0.009489265084266618,1,0,1.35,0.425531914893617,3.0,fanduel
2020_13_DET_CHI,2020,13,ML_AVG_DISAGREEMENT,AVG,4-8,home,-152,1.6578947368421053,6.204232018945744,0.6464535694592562,0.07175197041929327,0,0,-1.0,0.6031746031746031,3.0,fanduel
2020_13_IND_HOU,2020,13,ML_QBELO_DISAGREEMENT,QB_ELO,8-12,home,150,2.5,11.20744756795155,0.5076156479197168,0.26903911979929207,0,0,-1.0,0.4,3.0,draftkings
2020_13_IND_HOU,2020,13,ML_XGB_DISAGREEMENT,XGB,4-8,away,-172,1.5813953488372094,7.894201180738591,0.6834008395671844,0.0807269090829894,1,0,0.581395,0.6323529411764706,3.0,draftkings
2020_13_IND_HOU,2020,13,ML_AVG_DISAGREEMENT,AVG,0-2,home,150,2.5,1.656623193606488,0.4121074041762662,0.030268510440665475,0,0,-1.0,0.4,3.0,draftkings
2020_13_IND_HOU,2020,13,ML_DOG_VALUE_ZONE,AVG,ZONE,home,150,2.5,1.656623193606488,0.4121074041762662,0.030268510440665475,0,0,-1.0,0.4,3.0,draftkings
2020_13_JAX_MIN,2020,13,ML_QBELO_DISAGREEMENT,QB_ELO,2-4,home,-455,1.2197802197802199,3.4735647196063035,0.826928851352199,0.008671456044990089,1,0,0.21978,0.8198198198198198,10.5,fanduel
2020_13_JAX_MIN,2020,13,ML_XGB_DISAGREEMENT,XGB,2-4,away,370,4.7,3.9458245030617123,0.2472650408744812,0.1621456921100617,0,0,-1.0,0.2127659574468085,10.5,fanduel
2020_13_JAX_MIN,2020,13,LONG_DOG_201+_CONTEXT,XGB,LONG201+,away,370,4.7,3.9458245030617123,0.2472650408744812,0.1621456921100617,0,0,-1.0,0.2127659574468085,10.5,fanduel
2020_13_JAX_MIN,2020,13,ML_AVG_DISAGREEMENT,AVG,0-2,away,370,4.7,0.23612989172769883,0.21016809476114107,-0.012209954622636965,0,0,-1.0,0.2127659574468085,10.5,fanduel
2020_13_JAX_MIN,2020,13,LONG_DOG_201+_CONTEXT,AVG,LONG201+,away,370,4.7,0.23612989172769883,0.21016809476114107,-0.012209954622636965,0,0,-1.0,0.2127659574468085,10.5,fanduel
2020_13_LA_ARI,2020,13,ML_QBELO_DISAGREEMENT,QB_ELO,0-2,home,132,2.3200000000000003,0.18646144962994882,0.4243148257214051,-0.015589604326340045,0,0,-1.0,0.43103448275862066,3.0,draftkings
2020_13_LA_ARI,2020,13,ML_DOG_VALUE_ZONE,QB_ELO,ZONE,home,132,2.3200000000000003,0.18646144962994882,0.4243148257214051,-0.015589604326340045,0,0,-1.0,0.43103448275862066,3.0,draftkings
2020_13_LA_ARI,2020,13,ML_XGB_DISAGREEMENT,XGB,12+,home,132,2.3200000000000003,22.240588408892027,0.6448560953140259,0.4960661411285403,0,0,-1.0,0.43103448275862066,3.0,draftkings
2020_13_LA_ARI,2020,13,ML_AVG_DISAGREEMENT,AVG,8-12,home,132,2.3200000000000003,11.213524929260988,0.5345854605177155,0.24023826840110019,0,0,-1.0,0.43103448275862066,3.0,draftkings
2020_13_LA_ARI,2020,13,ML_CORROBORATED_DISAGREEMENT,CORROB,8-12,home,132,2.3200000000000003,11.213524929260988,0.5345854605177155,0.24023826840110019,0,0,-1.0,0.43103448275862066,3.0,draftkings
2020_13_LV_NYJ,2020,13,ML_QBELO_DISAGREEMENT,QB_ELO,2-4,home,300,4.0,2.2683275446549493,0.26884563196708605,0.0753825278683442,0,0,-1.0,0.25,8.0,draftkings
2020_13_LV_NYJ,2020,13,LONG_DOG_201+_CONTEXT,QB_ELO,LONG201+,home,300,4.0,2.2683275446549493,0.26884563196708605,0.0753825278683442,0,0,-1.0,0.25,8.0,draftkings
2020_13_LV_NYJ,2020,13,ML_XGB_DISAGREEMENT,XGB,4-8,home,300,4.0,5.814394197380243,0.304306298494339,0.21722519397735596,0,0,-1.0,0.25,8.0,draftkings
2020_13_LV_NYJ,2020,13,LONG_DOG_201+_CONTEXT,XGB,LONG201+,home,300,4.0,5.814394197380243,0.304306298494339,0.21722519397735596,0,0,-1.0,0.25,8.0,draftkings
2020_13_LV_NYJ,2020,13,ML_AVG_DISAGREEMENT,AVG,4-8,home,300,4.0,4.041360871017593,0.2865759652307125,0.14630386092284997,0,0,-1.0,0.25,8.0,draftkings
2020_13_LV_NYJ,2020,13,LONG_DOG_201+_CONTEXT,AVG,LONG201+,home,300,4.0,4.041360871017593,0.2865759652307125,0.14630386092284997,0,0,-1.0,0.25,8.0,draftkings
2020_13_LV_NYJ,2020,13,ML_CORROBORATED_DISAGREEMENT,CORROB,4-8,home,300,4.0,4.041360871017593,0.2865759652307125,0.14630386092284997,0,0,-1.0,0.25,8.0,draftkings
2020_13_NE_LAC,2020,13,ML_QBELO_DISAGREEMENT,QB_ELO,12+,away,120,2.2,16.09122948023507,0.6117190015407247,0.3457818033895943,1,0,1.2,0.45454545454545453,2.0,fanduel
2020_13_NE_LAC,2020,13,ML_XGB_DISAGREEMENT,XGB,4-8,home,-133,1.7518796992481203,4.648116190423702,0.595674455165863,0.043549985365759936,0,0,-1.0,0.5708154506437768,2.0,fanduel
2020_13_NE_LAC,2020,13,ML_AVG_DISAGREEMENT,AVG,4-8,away,120,2.2,5.721556644905689,0.5080222731874309,0.1176490010123481,1,0,1.2,0.45454545454545453,2.0,fanduel
2020_13_NO_ATL,2020,13,ML_QBELO_DISAGREEMENT,QB_ELO,8-12,away,-141,1.7092198581560285,9.004256241224695,0.6710505181721154,0.1469728714856724,1,0,0.70922,0.5850622406639003,2.5,fanduel
2020_13_NO_ATL,2020,13,ML_XGB_DISAGREEMENT,XGB,12+,away,-141,1.7092198581560285,12.786981633295081,0.7088777720928192,0.21162796506644987,1,0,0.70922,0.5850622406639003,2.5,fanduel
2020_13_NO_ATL,2020,13,ML_AVG_DISAGREEMENT,AVG,8-12,away,-141,1.7092198581560285,10.895618937259888,0.6899641451324673,0.17930041827606114,1,0,0.70922,0.5850622406639003,2.5,fanduel
2020_13_NO_ATL,2020,13,ML_CORROBORATED_DISAGREEMENT,CORROB,8-12,away,-141,1.7092198581560285,10.895618937259888,0.6899641451324673,0.17930041827606114,1,0,0.70922,0.5850622406639003,2.5,fanduel
2020_13_NYG_SEA,2020,13,ML_QBELO_DISAGREEMENT,QB_ELO,0-2,home,-526,1.1901140684410647,0.6571787184908029,0.8194502897346625,-0.024760681798671524,0,0,-1.0,0.840255591054313,10.5,fanduel
2020_13_NYG_SEA,2020,13,ML_XGB_DISAGREEMENT,XGB,4-8,away,425,5.25,4.21371590515246,0.22925865650177002,0.2036079466342926,1,0,4.25,0.19047619047619047,10.5,fanduel
2020_13_NYG_SEA,2020,13,LONG_DOG_201+_CONTEXT,XGB,LONG201+,away,425,5.25,4.21371590515246,0.22925865650177002,0.2036079466342926,1,0,4.25,0.19047619047619047,10.5,fanduel
2020_13_NYG_SEA,2020,13,ML_AVG_DISAGREEMENT,AVG,0-2,away,425,5.25,1.778268593330834,0.20490418338355376,0.07574696276365733,1,0,4.25,0.19047619047619047,10.5,fanduel
2020_13_NYG_SEA,2020,13,LONG_DOG_201+_CONTEXT,AVG,LONG201+,away,425,5.25,1.778268593330834,0.20490418338355376,0.07574696276365733,1,0,4.25,0.19047619047619047,10.5,fanduel
2020_13_PHI_GB,2020,13,ML_QBELO_DISAGREEMENT,QB_ELO,2-4,home,-370,1.2702702702702702,3.9287079170436168,0.8098153373143173,0.02868434739926795,1,0,0.27027,0.7872340425531915,8.0,draftkings
2020_13_PHI_GB,2020,13,ML_XGB_DISAGREEMENT,XGB,0-2,home,-370,1.2702702702702702,1.362413042881172,0.7841523885726929,-0.003914533434687506,1,0,0.27027,0.7872340425531915,8.0,draftkings
2020_13_PHI_GB,2020,13,ML_AVG_DISAGREEMENT,AVG,2-4,home,-370,1.2702702702702702,2.6455604799623944,0.7969838629435051,0.012384906982290111,1,0,0.27027,0.7872340425531915,8.0,draftkings
2020_13_PHI_GB,2020,13,ML_CORROBORATED_DISAGREEMENT,CORROB,2-4,home,-370,1.2702702702702702,2.6455604799623944,0.7969838629435051,0.012384906982290111,1,0,0.27027,0.7872340425531915,8.0,draftkings
2020_13_WAS_PIT,2020,13,ML_QBELO_DISAGREEMENT,QB_ELO,12+,home,-278,1.3597122302158273,15.080411665933424,0.8604941911983692,0.17002447580209923,0,0,-1.0,0.7354497354497355,6.0,fanduel
2020_13_WAS_PIT,2020,13,ML_XGB_DISAGREEMENT,XGB,8-12,home,-278,1.3597122302158273,8.352704801574406,0.793217122554779,0.07854702275433989,0,0,-1.0,0.7354497354497355,6.0,fanduel
2020_13_WAS_PIT,2020,13,ML_AVG_DISAGREEMENT,AVG,8-12,home,-278,1.3597122302158273,11.716558233753915,0.8268556568765741,0.12428574927821945,0,0,-1.0,0.7354497354497355,6.0,fanduel
2020_13_WAS_PIT,2020,13,ML_CORROBORATED_DISAGREEMENT,CORROB,8-12,home,-278,1.3597122302158273,11.716558233753915,0.8268556568765741,0.12428574927821945,0,0,-1.0,0.7354497354497355,6.0,fanduel
2020_14_ARI_NYG,2020,14,ML_QBELO_DISAGREEMENT,QB_ELO,8-12,home,130,2.3,11.012713358699683,0.5217304264133394,0.19997998075068057,0,0,-1.0,0.4347826086956522,3.0,fanduel
2020_14_ARI_NYG,2020,14,ML_XGB_DISAGREEMENT,XGB,4-8,home,130,2.3,6.045542060978409,0.4720587134361267,0.08573504090309125,0,0,-1.0,0.4347826086956522,3.0,fanduel
2020_14_ARI_NYG,2020,14,ML_DOG_VALUE_ZONE,XGB,ZONE,home,130,2.3,6.045542060978409,0.4720587134361267,0.08573504090309125,0,0,-1.0,0.4347826086956522,3.0,fanduel
2020_14_ARI_NYG,2020,14,ML_AVG_DISAGREEMENT,AVG,8-12,home,130,2.3,8.529127709839045,0.4968945699247331,0.14285751082688591,0,0,-1.0,0.4347826086956522,3.0,fanduel
2020_14_ARI_NYG,2020,14,ML_DOG_VALUE_ZONE,AVG,ZONE,home,130,2.3,8.529127709839045,0.4968945699247331,0.14285751082688591,0,0,-1.0,0.4347826086956522,3.0,fanduel
2020_14_ARI_NYG,2020,14,ML_CORROBORATED_DISAGREEMENT,CORROB,8-12,home,130,2.3,8.529127709839045,0.4968945699247331,0.14285751082688591,0,0,-1.0,0.4347826086956522,3.0,fanduel
2020_14_ARI_NYG,2020,14,ML_DOG_VALUE_ZONE,CORROB,ZONE,home,130,2.3,8.529127709839045,0.4968945699247331,0.14285751082688591,0,0,-1.0,0.4347826086956522,3.0,fanduel
2020_14_ATL_LAC,2020,14,ML_QBELO_DISAGREEMENT,QB_ELO,12+,away,104,2.04,12.136561330144453,0.5973462214988883,0.21858629185773215,0,0,-1.0,0.49019607843137253,1.5,fanduel
2020_14_ATL_LAC,2020,14,ML_XGB_DISAGREEMENT,XGB,12+,away,104,2.04,12.059131410480234,0.5965719223022461,0.21700672149658207,0,0,-1.0,0.49019607843137253,1.5,fanduel
2020_14_ATL_LAC,2020,14,ML_AVG_DISAGREEMENT,AVG,12+,away,104,2.04,12.097846370312343,0.5969590719005672,0.217796506677157,0,0,-1.0,0.49019607843137253,1.5,fanduel
2020_14_ATL_LAC,2020,14,ML_CORROBORATED_DISAGREEMENT,CORROB,12+,away,104,2.04,12.097846370312343,0.5969590719005672,0.217796506677157,0,0,-1.0,0.49019607843137253,1.5,fanduel
2020_14_BAL_CLE,2020,14,ML_QBELO_DISAGREEMENT,QB_ELO,4-8,home,150,2.5,7.75151202044832,0.4646323202965854,0.16158080074146364,0,0,-1.0,0.4,3.0,fanduel
2020_14_BAL_CLE,2020,14,ML_DOG_VALUE_ZONE,QB_ELO,ZONE,home,150,2.5,7.75151202044832,0.4646323202965854,0.16158080074146364,0,0,-1.0,0.4,3.0,fanduel
2020_14_BAL_CLE,2020,14,ML_XGB_DISAGREEMENT,XGB,12+,home,150,2.5,23.0952865883087,0.6180700659751892,0.545175164937973,0,0,-1.0,0.4,3.0,fanduel
2020_14_BAL_CLE,2020,14,ML_AVG_DISAGREEMENT,AVG,12+,home,150,2.5,15.42339930437851,0.5413511931358873,0.35337798283971833,0,0,-1.0,0.4,3.0,fanduel
2020_14_BAL_CLE,2020,14,ML_CORROBORATED_DISAGREEMENT,CORROB,12+,home,150,2.5,15.42339930437851,0.5413511931358873,0.35337798283971833,0,0,-1.0,0.4,3.0,fanduel
2020_14_DAL_CIN,2020,14,ML_QBELO_DISAGREEMENT,QB_ELO,12+,home,140,2.4,13.570968118264009,0.5370298541066991,0.28887164985607794,0,0,-1.0,0.4166666666666667,3.0,fanduel
2020_14_DAL_CIN,2020,14,ML_XGB_DISAGREEMENT,XGB,12+,home,140,2.4,24.125538907621564,0.6425755620002747,0.542181348800659,0,0,-1.0,0.4166666666666667,3.0,fanduel
2020_14_DAL_CIN,2020,14,ML_AVG_DISAGREEMENT,AVG,12+,home,140,2.4,18.848253512942787,0.5898027080534869,0.4155264993283685,0,0,-1.0,0.4166666666666667,3.0,fanduel
2020_14_DAL_CIN,2020,14,ML_CORROBORATED_DISAGREEMENT,CORROB,12+,home,140,2.4,18.848253512942787,0.5898027080534869,0.4155264993283685,0,0,-1.0,0.4166666666666667,3.0,fanduel
2020_14_DEN_CAR,2020,14,ML_QBELO_DISAGREEMENT,QB_ELO,12+,away,175,2.75,13.847500820579272,0.5026245489237595,0.3822175095403386,1,0,1.75,0.36363636363636365,4.0,fanduel
2020_14_DEN_CAR,2020,14,ML_XGB_DISAGREEMENT,XGB,12+,home,-196,1.510204081632653,20.38278282240703,0.8396782875061035,0.2680855770500339,0,0,-1.0,0.6621621621621622,4.0,fanduel
2020_14_DEN_CAR,2020,14,ML_AVG_DISAGREEMENT,AVG,2-4,home,-196,1.510204081632653,3.267641000913879,0.668526869291172,0.009612006684627028,0,0,-1.0,0.6621621621621622,4.0,fanduel
2020_14_GB_DET,2020,14,ML_QBELO_DISAGREEMENT,QB_ELO,0-2,away,-385,1.2597402597402598,1.098401361941681,0.7889591468343368,-0.006116399442458786,1,0,0.25974,0.7938144329896907,9.0,draftkings
2020_14_GB_DET,2020,14,ML_XGB_DISAGREEMENT,XGB,8-12,away,-385,1.2597402597402598,9.601091727164468,0.8739860504865646,0.1009954142493088,1,0,0.25974,0.7938144329896907,9.0,draftkings
2020_14_GB_DET,2020,14,ML_AVG_DISAGREEMENT,AVG,4-8,away,-385,1.2597402597402598,5.34974654455308,0.8314725986604508,0.04743950740342506,1,0,0.25974,0.7938144329896907,9.0,draftkings
2020_14_GB_DET,2020,14,ML_CORROBORATED_DISAGREEMENT,CORROB,4-8,away,-385,1.2597402597402598,5.34974654455308,0.8314725986604508,0.04743950740342506,1,0,0.25974,0.7938144329896907,9.0,draftkings
2020_14_HOU_CHI,2020,14,ML_QBELO_DISAGREEMENT,QB_ELO,2-4,home,105,2.05,2.209564575727263,0.527862924524459,0.08211899527514088,1,0,1.05,0.48780487804878053,-1.0,fanduel
2020_14_HOU_CHI,2020,14,ML_XGB_DISAGREEMENT,XGB,12+,away,-116,1.8620689655172413,12.179421672876483,0.6160269379615784,0.1470846431008701,0,0,-1.0,0.5370370370370371,-1.0,fanduel
2020_14_HOU_CHI,2020,14,ML_AVG_DISAGREEMENT,AVG,4-8,away,-116,1.8620689655172413,4.984928548574613,0.5440820067185597,0.01311821940697322,0,0,-1.0,0.5370370370370371,-1.0,fanduel
2020_14_IND_LV,2020,14,ML_QBELO_DISAGREEMENT,QB_ELO,4-8,home,118,2.1799999999999997,6.223897055459526,0.5017377549196598,0.09378830572485808,0,0,-1.0,0.4587155963302753,-2.5,draftkings
2020_14_IND_LV,2020,14,ML_XGB_DISAGREEMENT,XGB,8-12,away,-132,1.7575757575757576,10.72372220176524,0.6677384376525879,0.17360089041969995,1,0,0.757576,0.5689655172413793,-2.5,draftkings
2020_14_IND_LV,2020,14,ML_AVG_DISAGREEMENT,AVG,2-4,away,-132,1.7575757575757576,2.249912573152857,0.5830003413664641,0.02466726664408836,1,0,0.757576,0.5689655172413793,-2.5,draftkings
2020_14_KC_MIA,2020,14,ML_QBELO_DISAGREEMENT,QB_ELO,4-8,home,295,3.95,4.794714672753914,0.29944130079529735,0.1827931381414245,0,0,-1.0,0.2531645569620253,7.5,fanduel
2020_14_KC_MIA,2020,14,LONG_DOG_201+_CONTEXT,QB_ELO,LONG201+,home,295,3.95,4.794714672753914,0.29944130079529735,0.1827931381414245,0,0,-1.0,0.2531645569620253,7.5,fanduel
2020_14_KC_MIA,2020,14,ML_XGB_DISAGREEMENT,XGB,12+,home,295,3.95,19.849441972183833,0.44998857378959656,0.7774548664689065,0,0,-1.0,0.2531645569620253,7.5,fanduel
2020_14_KC_MIA,2020,14,LONG_DOG_201+_CONTEXT,XGB,LONG201+,home,295,3.95,19.849441972183833,0.44998857378959656,0.7774548664689065,0,0,-1.0,0.2531645569620253,7.5,fanduel
2020_14_KC_MIA,2020,14,ML_AVG_DISAGREEMENT,AVG,12+,home,295,3.95,12.322078322468876,0.374714937292447,0.4801240023051656,0,0,-1.0,0.2531645569620253,7.5,fanduel
2020_14_KC_MIA,2020,14,LONG_DOG_201+_CONTEXT,AVG,LONG201+,home,295,3.95,12.322078322468876,0.374714937292447,0.4801240023051656,0,0,-1.0,0.2531645569620253,7.5,fanduel
2020_14_KC_MIA,2020,14,ML_CORROBORATED_DISAGREEMENT,CORROB,12+,home,295,3.95,12.322078322468876,0.374714937292447,0.4801240023051656,0,0,-1.0,0.2531645569620253,7.5,fanduel
2020_14_MIN_TB,2020,14,ML_QBELO_DISAGREEMENT,QB_ELO,12+,away,273,3.73,15.069361323098201,0.4100405249794584,0.5294511581733798,0,0,-1.0,0.2680965147453083,6.5,fanduel
2020_14_MIN_TB,2020,14,LONG_DOG_201+_CONTEXT,QB_ELO,LONG201+,away,273,3.73,15.069361323098201,0.4100405249794584,0.5294511581733798,0,0,-1.0,0.2680965147453083,6.5,fanduel
2020_14_MIN_TB,2020,14,ML_XGB_DISAGREEMENT,XGB,12+,away,273,3.73,33.53647495903297,0.5947116613388062,1.218274496793747,0,0,-1.0,0.2680965147453083,6.5,fanduel
2020_14_MIN_TB,2020,14,LONG_DOG_201+_CONTEXT,XGB,LONG201+,away,273,3.73,33.53647495903297,0.5947116613388062,1.218274496793747,0,0,-1.0,0.2680965147453083,6.5,fanduel
2020_14_MIN_TB,2020,14,ML_AVG_DISAGREEMENT,AVG,12+,away,273,3.73,24.302918141065593,0.5023760931591323,0.8738628274835636,0,0,-1.0,0.2680965147453083,6.5,fanduel
2020_14_MIN_TB,2020,14,LONG_DOG_201+_CONTEXT,AVG,LONG201+,away,273,3.73,24.302918141065593,0.5023760931591323,0.8738628274835636,0,0,-1.0,0.2680965147453083,6.5,fanduel
2020_14_MIN_TB,2020,14,ML_CORROBORATED_DISAGREEMENT,CORROB,12+,away,273,3.73,24.302918141065593,0.5023760931591323,0.8738628274835636,0,0,-1.0,0.2680965147453083,6.5,fanduel
2020_14_NE_LA,2020,14,ML_QBELO_DISAGREEMENT,QB_ELO,2-4,away,190,2.9,2.1695045653334355,0.3603260244375085,0.04494547086877465,0,0,-1.0,0.3448275862068966,4.5,fanduel
2020_14_NE_LA,2020,14,ML_XGB_DISAGREEMENT,XGB,4-8,home,-213,1.4694835680751175,5.446923228225153,0.7158382534980774,0.05191255091501512,1,0,0.469484,0.6805111821086262,4.5,fanduel
2020_14_NE_LA,2020,14,ML_AVG_DISAGREEMENT,AVG,0-2,home,-213,1.4694835680751175,1.6387093314458534,0.6777561145302844,-0.004048526535309738,1,0,0.469484,0.6805111821086262,4.5,fanduel
2020_14_NO_PHI,2020,14,ML_QBELO_DISAGREEMENT,QB_ELO,2-4,away,-333,1.3003003003003002,3.0948389211368443,0.7769983815870033,0.010331228910427592,0,0,-1.0,0.76905311778291,-7.5,draftkings
2020_14_NO_PHI,2020,14,ML_XGB_DISAGREEMENT,XGB,2-4,home,280,3.8,2.645637803580642,0.2804063856601715,0.06554426550865178,1,0,2.8,0.2631578947368421,-7.5,draftkings
2020_14_NO_PHI,2020,14,LONG_DOG_201+_CONTEXT,XGB,LONG201+,home,280,3.8,2.645637803580642,0.2804063856601715,0.06554426550865178,1,0,2.8,0.2631578947368421,-7.5,draftkings
2020_14_NO_PHI,2020,14,ML_AVG_DISAGREEMENT,AVG,0-2,away,-333,1.3003003003003002,0.2246005587780986,0.7482959979634158,-0.026990489134657514,0,0,-1.0,0.76905311778291,-7.5,draftkings
2020_14_NYJ_SEA,2020,14,ML_QBELO_DISAGREEMENT,QB_ELO,0-2,away,800,9.0,0.3646938686040921,0.11730783314378179,0.05577049829403613,0,0,-1.0,0.1111111111111111,16.5,fanduel
2020_14_NYJ_SEA,2020,14,LONG_DOG_201+_CONTEXT,QB_ELO,LONG201+,away,800,9.0,0.3646938686040921,0.11730783314378179,0.05577049829403613,0,0,-1.0,0.1111111111111111,16.5,fanduel
2020_14_NYJ_SEA,2020,14,ML_XGB_DISAGREEMENT,XGB,4-8,away,800,9.0,5.6275464470939545,0.16993635892868042,0.5294272303581238,0,0,-1.0,0.1111111111111111,16.5,fanduel
2020_14_NYJ_SEA,2020,14,LONG_DOG_201+_CONTEXT,XGB,LONG201+,away,800,9.0,5.6275464470939545,0.16993635892868042,0.5294272303581238,0,0,-1.0,0.1111111111111111,16.5,fanduel
2020_14_NYJ_SEA,2020,14,ML_AVG_DISAGREEMENT,AVG,2-4,away,800,9.0,2.9961201578490235,0.1436220960362311,0.29259886432607995,0,0,-1.0,0.1111111111111111,16.5,fanduel
2020_14_NYJ_SEA,2020,14,LONG_DOG_201+_CONTEXT,AVG,LONG201+,away,800,9.0,2.9961201578490235,0.1436220960362311,0.29259886432607995,0,0,-1.0,0.1111111111111111,16.5,fanduel
2020_14_NYJ_SEA,2020,14,ML_CORROBORATED_DISAGREEMENT,CORROB,2-4,away,800,9.0,2.9961201578490235,0.1436220960362311,0.29259886432607995,0,0,-1.0,0.1111111111111111,16.5,fanduel
2020_14_PIT_BUF,2020,14,ML_QBELO_DISAGREEMENT,QB_ELO,2-4,away,115,2.15,3.200672385049713,0.4703986649007723,0.011357129536660349,0,0,-1.0,0.46511627906976744,2.5,fanduel
2020_14_PIT_BUF,2020,14,ML_DOG_VALUE_ZONE,QB_ELO,ZONE,away,115,2.15,3.200672385049713,0.4703986649007723,0.011357129536660349,0,0,-1.0,0.46511627906976744,2.5,fanduel
2020_14_PIT_BUF,2020,14,ML_XGB_DISAGREEMENT,XGB,12+,away,115,2.15,21.060494854094188,0.648996889591217,0.39534331262111655,0,0,-1.0,0.46511627906976744,2.5,fanduel
2020_14_PIT_BUF,2020,14,ML_AVG_DISAGREEMENT,AVG,12+,away,115,2.15,12.130583619571949,0.5596977772459947,0.20335022107888845,0,0,-1.0,0.46511627906976744,2.5,fanduel
2020_14_PIT_BUF,2020,14,ML_CORROBORATED_DISAGREEMENT,CORROB,12+,away,115,2.15,12.130583619571949,0.5596977772459947,0.20335022107888845,0,0,-1.0,0.46511627906976744,2.5,fanduel
2020_14_TEN_JAX,2020,14,ML_QBELO_DISAGREEMENT,QB_ELO,2-4,away,-333,1.3003003003003002,2.8191193291318473,0.7820288367707819,0.016872331296542198,1,0,0.3003,0.76905311778291,7.5,fanduel
2020_14_TEN_JAX,2020,14,ML_XGB_DISAGREEMENT,XGB,8-12,away,-333,1.3003003003003002,9.60299835451871,0.8498676270246506,0.10508313063565655,1,0,0.3003,0.76905311778291,7.5,fanduel
2020_14_TEN_JAX,2020,14,ML_AVG_DISAGREEMENT,AVG,4-8,away,-333,1.3003003003003002,6.211058841825279,0.8159482318977163,0.060977730966099486,1,0,0.3003,0.76905311778291,7.5,fanduel
2020_14_TEN_JAX,2020,14,ML_CORROBORATED_DISAGREEMENT,CORROB,4-8,away,-333,1.3003003003003002,6.211058841825279,0.8159482318977163,0.060977730966099486,1,0,0.3003,0.76905311778291,7.5,fanduel
2020_14_WAS_SF,2020,14,ML_QBELO_DISAGREEMENT,QB_ELO,2-4,home,-147,1.6802721088435373,3.7786055888193393,0.6187940116480618,0.03974231889164126,0,0,-1.0,0.5951417004048584,3.0,fanduel
2020_14_WAS_SF,2020,14,ML_XGB_DISAGREEMENT,XGB,12+,away,130,2.3,16.68337566555593,0.5858258008956909,0.34739934206008893,1,0,1.3,0.4347826086956522,3.0,fanduel
2020_14_WAS_SF,2020,14,ML_AVG_DISAGREEMENT,AVG,4-8,away,130,2.3,6.452385038368286,0.4835158946238145,0.11208655763477338,1,0,1.3,0.4347826086956522,3.0,fanduel
2020_14_WAS_SF,2020,14,ML_DOG_VALUE_ZONE,AVG,ZONE,away,130,2.3,6.452385038368286,0.4835158946238145,0.11208655763477338,1,0,1.3,0.4347826086956522,3.0,fanduel
2020_15_BUF_DEN,2020,15,ML_QBELO_DISAGREEMENT,QB_ELO,4-8,home,215,3.15,4.370670527707721,0.3473943408519145,0.09429217368353071,0,0,-1.0,0.31746031746031744,6.0,draftkings
2020_15_BUF_DEN,2020,15,LONG_DOG_201+_CONTEXT,QB_ELO,LONG201+,home,215,3.15,4.370670527707721,0.3473943408519145,0.09429217368353071,0,0,-1.0,0.31746031746031744,6.0,draftkings
2020_15_BUF_DEN,2020,15,ML_XGB_DISAGREEMENT,XGB,0-2,home,215,3.15,1.1353578652839091,0.3150412142276764,-0.007620175182819433,0,0,-1.0,0.31746031746031744,6.0,draftkings
2020_15_BUF_DEN,2020,15,LONG_DOG_201+_CONTEXT,XGB,LONG201+,home,215,3.15,1.1353578652839091,0.3150412142276764,-0.007620175182819433,0,0,-1.0,0.31746031746031744,6.0,draftkings
2020_15_BUF_DEN,2020,15,ML_AVG_DISAGREEMENT,AVG,2-4,home,215,3.15,2.753014196495812,0.3312177775397954,0.04333599925035547,0,0,-1.0,0.31746031746031744,6.0,draftkings
2020_15_BUF_DEN,2020,15,LONG_DOG_201+_CONTEXT,AVG,LONG201+,home,215,3.15,2.753014196495812,0.3312177775397954,0.04333599925035547,0,0,-1.0,0.31746031746031744,6.0,draftkings
2020_15_BUF_DEN,2020,15,ML_CORROBORATED_DISAGREEMENT,CORROB,2-4,home,215,3.15,2.753014196495812,0.3312177775397954,0.04333599925035547,0,0,-1.0,0.31746031746031744,6.0,draftkings
2020_15_CAR_GB,2020,15,ML_QBELO_DISAGREEMENT,QB_ELO,8-12,home,-385,1.2597402597402598,9.103056273750909,0.8632187306136923,0.08743138791595007,1,0,0.25974,0.7938144329896907,8.5,fanduel
2020_15_CAR_GB,2020,15,ML_XGB_DISAGREEMENT,XGB,8-12,away,330,4.3,8.88810566129079,0.31669288873672485,0.36177942156791687,0,0,-1.0,0.23255813953488372,8.5,fanduel
2020_15_CAR_GB,2020,15,LONG_DOG_201+_CONTEXT,XGB,LONG201+,away,330,4.3,8.88810566129079,0.31669288873672485,0.36177942156791687,0,0,-1.0,0.23255813953488372,8.5,fanduel
2020_15_CAR_GB,2020,15,ML_AVG_DISAGREEMENT,AVG,0-2,home,-385,1.2597402597402598,0.10747530623005375,0.7732629209384837,-0.02588956712944257,1,0,0.25974,0.7938144329896907,8.5,fanduel
2020_15_CHI_MIN,2020,15,ML_QBELO_DISAGREEMENT,QB_ELO,4-8,home,-147,1.6802721088435373,5.069073374647914,0.6271816585520106,0.053835848043174206,0,0,-1.0,0.5951417004048584,3.0,fanduel
2020_15_CHI_MIN,2020,15,ML_XGB_DISAGREEMENT,XGB,4-8,home,-147,1.6802721088435373,6.471426680671222,0.6412051916122437,0.07739919951172913,0,0,-1.0,0.5951417004048584,3.0,fanduel
2020_15_CHI_MIN,2020,15,ML_AVG_DISAGREEMENT,AVG,4-8,home,-147,1.6802721088435373,5.7702500276595625,0.6341934250821271,0.06561752377745145,0,0,-1.0,0.5951417004048584,3.0,fanduel
2020_15_CHI_MIN,2020,15,ML_CORROBORATED_DISAGREEMENT,CORROB,4-8,home,-147,1.6802721088435373,5.7702500276595625,0.6341934250821271,0.06561752377745145,0,0,-1.0,0.5951417004048584,3.0,fanduel
2020_15_CLE_NYG,2020,15,ML_QBELO_DISAGREEMENT,QB_ELO,8-12,home,245,3.45,8.840561954719472,0.38394324563917775,0.3246041974551632,0,0,-1.0,0.2898550724637681,6.5,fanduel
2020_15_CLE_NYG,2020,15,LONG_DOG_201+_CONTEXT,QB_ELO,LONG201+,home,245,3.45,8.840561954719472,0.38394324563917775,0.3246041974551632,0,0,-1.0,0.2898550724637681,6.5,fanduel
2020_15_CLE_NYG,2020,15,ML_XGB_DISAGREEMENT,XGB,12+,home,245,3.45,20.947095220849306,0.5050085783004761,0.7422795951366425,0,0,-1.0,0.2898550724637681,6.5,fanduel
2020_15_CLE_NYG,2020,15,LONG_DOG_201+_CONTEXT,XGB,LONG201+,home,245,3.45,20.947095220849306,0.5050085783004761,0.7422795951366425,0,0,-1.0,0.2898550724637681,6.5,fanduel
2020_15_CLE_NYG,2020,15,ML_AVG_DISAGREEMENT,AVG,12+,home,245,3.45,14.893828587784391,0.44447591196982694,0.5334418962959031,0,0,-1.0,0.2898550724637681,6.5,fanduel
2020_15_CLE_NYG,2020,15,LONG_DOG_201+_CONTEXT,AVG,LONG201+,home,245,3.45,14.893828587784391,0.44447591196982694,0.5334418962959031,0,0,-1.0,0.2898550724637681,6.5,fanduel
2020_15_CLE_NYG,2020,15,ML_CORROBORATED_DISAGREEMENT,CORROB,12+,home,245,3.45,14.893828587784391,0.44447591196982694,0.5334418962959031,0,0,-1.0,0.2898550724637681,6.5,fanduel
2020_15_DET_TEN,2020,15,ML_QBELO_DISAGREEMENT,QB_ELO,4-8,home,-435,1.2298850574712643,4.214555073899451,0.8250089814967886,0.01466621862248707,1,0,0.229885,0.8130841121495328,9.5,fanduel
2020_15_DET_TEN,2020,15,ML_XGB_DISAGREEMENT,XGB,4-8,away,360,4.6,7.86144659712645,0.29575103521347046,0.360454761981964,0,0,-1.0,0.2173913043478261,9.5,fanduel
2020_15_DET_TEN,2020,15,LONG_DOG_201+_CONTEXT,XGB,LONG201+,away,360,4.6,7.86144659712645,0.29575103521347046,0.360454761981964,0,0,-1.0,0.2173913043478261,9.5,fanduel
2020_15_DET_TEN,2020,15,ML_AVG_DISAGREEMENT,AVG,0-2,away,360,4.6,1.8234457616134931,0.23537102685834088,0.08270672354836806,0,0,-1.0,0.2173913043478261,9.5,fanduel
2020_15_DET_TEN,2020,15,LONG_DOG_201+_CONTEXT,AVG,LONG201+,away,360,4.6,1.8234457616134931,0.23537102685834088,0.08270672354836806,0,0,-1.0,0.2173913043478261,9.5,fanduel
2020_15_HOU_IND,2020,15,ML_QBELO_DISAGREEMENT,QB_ELO,0-2,away,295,3.95,1.9897043760919804,0.26187907249165254,0.034422336342027515,0,0,-1.0,0.2531645569620253,7.0,fanduel
2020_15_HOU_IND,2020,15,LONG_DOG_201+_CONTEXT,QB_ELO,LONG201+,away,295,3.95,1.9897043760919804,0.26187907249165254,0.034422336342027515,0,0,-1.0,0.2531645569620253,7.0,fanduel
2020_15_HOU_IND,2020,15,ML_XGB_DISAGREEMENT,XGB,8-12,away,295,3.95,9.738756632007902,0.33936959505081177,0.3405099004507066,0,0,-1.0,0.2531645569620253,7.0,fanduel
2020_15_HOU_IND,2020,15,LONG_DOG_201+_CONTEXT,XGB,LONG201+,away,295,3.95,9.738756632007902,0.33936959505081177,0.3405099004507066,0,0,-1.0,0.2531645569620253,7.0,fanduel
2020_15_HOU_IND,2020,15,ML_AVG_DISAGREEMENT,AVG,4-8,away,295,3.95,5.864230504049947,0.3006243337712322,0.1874661183963673,0,0,-1.0,0.2531645569620253,7.0,fanduel
2020_15_HOU_IND,2020,15,LONG_DOG_201+_CONTEXT,AVG,LONG201+,away,295,3.95,5.864230504049947,0.3006243337712322,0.1874661183963673,0,0,-1.0,0.2531645569620253,7.0,fanduel
2020_15_HOU_IND,2020,15,ML_CORROBORATED_DISAGREEMENT,CORROB,4-8,away,295,3.95,5.864230504049947,0.3006243337712322,0.1874661183963673,0,0,-1.0,0.2531645569620253,7.0,fanduel
2020_15_JAX_BAL,2020,15,ML_QBELO_DISAGREEMENT,QB_ELO,4-8,home,-833,1.1200480192076832,4.517408299357917,0.9023127127738456,0.010633566648256876,1,0,0.120048,0.892818863879957,12.5,draftkings
2020_15_JAX_BAL,2020,15,ML_XGB_DISAGREEMENT,XGB,12+,away,650,7.5,12.61959036450125,0.2690572738647461,1.0179295539855957,0,0,-1.0,0.13333333333333333,12.5,draftkings
2020_15_JAX_BAL,2020,15,LONG_DOG_201+_CONTEXT,XGB,LONG201+,away,650,7.5,12.61959036450125,0.2690572738647461,1.0179295539855957,0,0,-1.0,0.13333333333333333,12.5,draftkings
2020_15_JAX_BAL,2020,15,ML_AVG_DISAGREEMENT,AVG,4-8,away,650,7.5,4.0510910325716685,0.1833722805454503,0.3752921040908772,0,0,-1.0,0.13333333333333333,12.5,draftkings
2020_15_JAX_BAL,2020,15,LONG_DOG_201+_CONTEXT,AVG,LONG201+,away,650,7.5,4.0510910325716685,0.1833722805454503,0.3752921040908772,0,0,-1.0,0.13333333333333333,12.5,draftkings
2020_15_KC_NO,2020,15,ML_QBELO_DISAGREEMENT,QB_ELO,4-8,home,130,2.3,4.410075194406321,0.4798586397134241,0.10367487134087527,0,0,-1.0,0.4347826086956522,2.5,draftkings
2020_15_KC_NO,2020,15,ML_DOG_VALUE_ZONE,QB_ELO,ZONE,home,130,2.3,4.410075194406321,0.4798586397134241,0.10367487134087527,0,0,-1.0,0.4347826086956522,2.5,draftkings
2020_15_KC_NO,2020,15,ML_XGB_DISAGREEMENT,XGB,8-12,home,130,2.3,11.639659364161936,0.5521544814109802,0.2699553072452545,0,0,-1.0,0.4347826086956522,2.5,draftkings
2020_15_KC_NO,2020,15,ML_AVG_DISAGREEMENT,AVG,8-12,home,130,2.3,8.02486727928413,0.5160065605622022,0.1868150892930649,0,0,-1.0,0.4347826086956522,2.5,draftkings
2020_15_KC_NO,2020,15,ML_CORROBORATED_DISAGREEMENT,CORROB,8-12,home,130,2.3,8.02486727928413,0.5160065605622022,0.1868150892930649,0,0,-1.0,0.4347826086956522,2.5,draftkings
2020_15_LAC_LV,2020,15,ML_QBELO_DISAGREEMENT,QB_ELO,4-8,home,-175,1.5714285714285714,7.714451571394532,0.6925073756042106,0.08822587594947384,0,0,-1.0,0.6363636363636364,3.5,draftkings
2020_15_LAC_LV,2020,15,ML_XGB_DISAGREEMENT,XGB,4-8,away,165,2.65,6.599716059903605,0.45063430070877075,0.19418089687824236,1,0,1.65,0.37735849056603776,3.5,draftkings
2020_15_LAC_LV,2020,15,ML_DOG_VALUE_ZONE,XGB,ZONE,away,165,2.65,6.599716059903605,0.45063430070877075,0.19418089687824236,1,0,1.65,0.37735849056603776,3.5,draftkings
2020_15_LAC_LV,2020,15,ML_AVG_DISAGREEMENT,AVG,0-2,home,-175,1.5714285714285714,0.5573677557454637,0.6209365374477199,-0.024242584010725876,0,0,-1.0,0.6363636363636364,3.5,draftkings
2020_15_NE_MIA,2020,15,ML_QBELO_DISAGREEMENT,QB_ELO,2-4,home,-112,1.8928571428571428,3.025200112231885,0.5485737801805703,0.03837179819893666,1,0,0.892857,0.5283018867924528,1.5,draftkings
2020_15_NE_MIA,2020,15,ML_XGB_DISAGREEMENT,XGB,12+,home,-112,1.8928571428571428,18.416622610303392,0.7024880051612854,0.3297094383410044,1,0,0.892857,0.5283018867924528,1.5,draftkings
2020_15_NE_MIA,2020,15,ML_AVG_DISAGREEMENT,AVG,8-12,home,-112,1.8928571428571428,10.720911361267637,0.6255308926709279,0.18404061826997054,1,0,0.892857,0.5283018867924528,1.5,draftkings
2020_15_NE_MIA,2020,15,ML_CORROBORATED_DISAGREEMENT,CORROB,8-12,home,-112,1.8928571428571428,10.720911361267637,0.6255308926709279,0.18404061826997054,1,0,0.892857,0.5283018867924528,1.5,draftkings
2020_15_NYJ_LA,2020,15,ML_QBELO_DISAGREEMENT,QB_ELO,0-2,away,1000,11.0,0.9381066477410327,0.09500215126312017,0.045023663894321775,1,0,10.0,0.09090909090909091,17.0,draftkings
2020_15_NYJ_LA,2020,15,LONG_DOG_201+_CONTEXT,QB_ELO,LONG201+,away,1000,11.0,0.9381066477410327,0.09500215126312017,0.045023663894321775,1,0,10.0,0.09090909090909091,17.0,draftkings
2020_15_NYJ_LA,2020,15,ML_XGB_DISAGREEMENT,XGB,12+,away,1000,11.0,19.069263734792663,0.2763137221336365,2.039450943470001,1,0,10.0,0.09090909090909091,17.0,draftkings
2020_15_NYJ_LA,2020,15,LONG_DOG_201+_CONTEXT,XGB,LONG201+,away,1000,11.0,19.069263734792663,0.2763137221336365,2.039450943470001,1,0,10.0,0.09090909090909091,17.0,draftkings
2020_15_NYJ_LA,2020,15,ML_AVG_DISAGREEMENT,AVG,8-12,away,1000,11.0,10.003685191266854,0.18565793669837838,1.0422373036821622,1,0,10.0,0.09090909090909091,17.0,draftkings
2020_15_NYJ_LA,2020,15,LONG_DOG_201+_CONTEXT,AVG,LONG201+,away,1000,11.0,10.003685191266854,0.18565793669837838,1.0422373036821622,1,0,10.0,0.09090909090909091,17.0,draftkings
2020_15_NYJ_LA,2020,15,ML_CORROBORATED_DISAGREEMENT,CORROB,8-12,away,1000,11.0,10.003685191266854,0.18565793669837838,1.0422373036821622,1,0,10.0,0.09090909090909091,17.0,draftkings
2020_15_PHI_ARI,2020,15,ML_QBELO_DISAGREEMENT,QB_ELO,8-12,away,235,3.35,8.799361615763369,0.3828997823774728,0.28271427096453383,0,0,-1.0,0.29850746268656714,6.5,fanduel
2020_15_PHI_ARI,2020,15,LONG_DOG_201+_CONTEXT,QB_ELO,LONG201+,away,235,3.35,8.799361615763369,0.3828997823774728,0.28271427096453383,0,0,-1.0,0.29850746268656714,6.5,fanduel
2020_15_PHI_ARI,2020,15,ML_XGB_DISAGREEMENT,XGB,0-2,home,-278,1.3597122302158273,0.44308573247281435,0.7095246911048889,-0.03525059986457546,1,0,0.359712,0.7354497354497355,6.5,fanduel
2020_15_PHI_ARI,2020,15,ML_AVG_DISAGREEMENT,AVG,4-8,away,235,3.35,4.178137941645277,0.3366875456362919,0.12790327788157785,0,0,-1.0,0.29850746268656714,6.5,fanduel
2020_15_PHI_ARI,2020,15,LONG_DOG_201+_CONTEXT,AVG,LONG201+,away,235,3.35,4.178137941645277,0.3366875456362919,0.12790327788157785,0,0,-1.0,0.29850746268656714,6.5,fanduel
2020_15_PIT_CIN,2020,15,ML_QBELO_DISAGREEMENT,QB_ELO,8-12,home,700,8.0,8.142641764516322,0.2008618139535237,0.6068945116281896,1,0,7.0,0.125,15.0,draftkings
2020_15_PIT_CIN,2020,15,LONG_DOG_201+_CONTEXT,QB_ELO,LONG201+,home,700,8.0,8.142641764516322,0.2008618139535237,0.6068945116281896,1,0,7.0,0.125,15.0,draftkings
2020_15_PIT_CIN,2020,15,ML_XGB_DISAGREEMENT,XGB,12+,home,700,8.0,19.6636501436772,0.31607189774513245,1.5285751819610596,1,0,7.0,0.125,15.0,draftkings
2020_15_PIT_CIN,2020,15,LONG_DOG_201+_CONTEXT,XGB,LONG201+,home,700,8.0,19.6636501436772,0.31607189774513245,1.5285751819610596,1,0,7.0,0.125,15.0,draftkings
2020_15_PIT_CIN,2020,15,ML_AVG_DISAGREEMENT,AVG,12+,home,700,8.0,13.903145954096757,0.25846685584932805,1.0677348467946244,1,0,7.0,0.125,15.0,draftkings
2020_15_PIT_CIN,2020,15,LONG_DOG_201+_CONTEXT,AVG,LONG201+,home,700,8.0,13.903145954096757,0.25846685584932805,1.0677348467946244,1,0,7.0,0.125,15.0,draftkings
2020_15_PIT_CIN,2020,15,ML_CORROBORATED_DISAGREEMENT,CORROB,12+,home,700,8.0,13.903145954096757,0.25846685584932805,1.0677348467946244,1,0,7.0,0.125,15.0,draftkings
2020_15_SEA_WAS,2020,15,ML_QBELO_DISAGREEMENT,QB_ELO,8-12,home,240,3.4,8.981760900799845,0.39350524458283576,0.33791783158164157,0,0,-1.0,0.29411764705882354,6.0,fanduel
2020_15_SEA_WAS,2020,15,LONG_DOG_201+_CONTEXT,QB_ELO,LONG201+,home,240,3.4,8.981760900799845,0.39350524458283576,0.33791783158164157,0,0,-1.0,0.29411764705882354,6.0,fanduel
2020_15_SEA_WAS,2020,15,ML_XGB_DISAGREEMENT,XGB,12+,home,240,3.4,18.733814009616793,0.49102577567100525,0.6694876372814178,0,0,-1.0,0.29411764705882354,6.0,fanduel
2020_15_SEA_WAS,2020,15,LONG_DOG_201+_CONTEXT,XGB,LONG201+,home,240,3.4,18.733814009616793,0.49102577567100525,0.6694876372814178,0,0,-1.0,0.29411764705882354,6.0,fanduel
2020_15_SEA_WAS,2020,15,ML_AVG_DISAGREEMENT,AVG,12+,home,240,3.4,13.857787455208321,0.4422655101269205,0.5037027344315297,0,0,-1.0,0.29411764705882354,6.0,fanduel
2020_15_SEA_WAS,2020,15,LONG_DOG_201+_CONTEXT,AVG,LONG201+,home,240,3.4,13.857787455208321,0.4422655101269205,0.5037027344315297,0,0,-1.0,0.29411764705882354,6.0,fanduel
2020_15_SEA_WAS,2020,15,ML_CORROBORATED_DISAGREEMENT,CORROB,12+,home,240,3.4,13.857787455208321,0.4422655101269205,0.5037027344315297,0,0,-1.0,0.29411764705882354,6.0,fanduel
2020_15_SF_DAL,2020,15,ML_QBELO_DISAGREEMENT,QB_ELO,8-12,home,184,2.84,9.78820436669887,0.44059167514286557,0.25128035740573806,1,0,1.84,0.35211267605633806,4.5,draftkings
2020_15_SF_DAL,2020,15,ML_DOG_VALUE_ZONE,QB_ELO,ZONE,home,184,2.84,9.78820436669887,0.44059167514286557,0.25128035740573806,1,0,1.84,0.35211267605633806,4.5,draftkings
2020_15_SF_DAL,2020,15,ML_XGB_DISAGREEMENT,XGB,12+,home,184,2.84,15.603083297305197,0.49874046444892883,0.41642291903495776,1,0,1.84,0.35211267605633806,4.5,draftkings
2020_15_SF_DAL,2020,15,ML_DOG_VALUE_ZONE,XGB,ZONE,home,184,2.84,15.603083297305197,0.49874046444892883,0.41642291903495776,1,0,1.84,0.35211267605633806,4.5,draftkings
2020_15_SF_DAL,2020,15,ML_AVG_DISAGREEMENT,AVG,12+,home,184,2.84,12.695643832002034,0.4696660697958972,0.333851638220348,1,0,1.84,0.35211267605633806,4.5,draftkings
2020_15_SF_DAL,2020,15,ML_DOG_VALUE_ZONE,AVG,ZONE,home,184,2.84,12.695643832002034,0.4696660697958972,0.333851638220348,1,0,1.84,0.35211267605633806,4.5,draftkings
2020_15_SF_DAL,2020,15,ML_CORROBORATED_DISAGREEMENT,CORROB,12+,home,184,2.84,12.695643832002034,0.4696660697958972,0.333851638220348,1,0,1.84,0.35211267605633806,4.5,draftkings
2020_15_SF_DAL,2020,15,ML_DOG_VALUE_ZONE,CORROB,ZONE,home,184,2.84,12.695643832002034,0.4696660697958972,0.333851638220348,1,0,1.84,0.35211267605633806,4.5,draftkings
2020_15_TB_ATL,2020,15,ML_QBELO_DISAGREEMENT,QB_ELO,12+,home,260,3.6,16.195245794859154,0.44198321780407823,0.5911395840946816,0,0,-1.0,0.2777777777777778,6.5,fanduel
2020_15_TB_ATL,2020,15,LONG_DOG_201+_CONTEXT,QB_ELO,LONG201+,home,260,3.6,16.195245794859154,0.44198321780407823,0.5911395840946816,0,0,-1.0,0.2777777777777778,6.5,fanduel
2020_15_TB_ATL,2020,15,ML_XGB_DISAGREEMENT,XGB,12+,home,260,3.6,13.114431233765906,0.41117507219314575,0.48023025989532475,0,0,-1.0,0.2777777777777778,6.5,fanduel
2020_15_TB_ATL,2020,15,LONG_DOG_201+_CONTEXT,XGB,LONG201+,home,260,3.6,13.114431233765906,0.41117507219314575,0.48023025989532475,0,0,-1.0,0.2777777777777778,6.5,fanduel
2020_15_TB_ATL,2020,15,ML_AVG_DISAGREEMENT,AVG,12+,home,260,3.6,14.65483851431253,0.426579144998612,0.5356849219950033,0,0,-1.0,0.2777777777777778,6.5,fanduel
2020_15_TB_ATL,2020,15,LONG_DOG_201+_CONTEXT,AVG,LONG201+,home,260,3.6,14.65483851431253,0.426579144998612,0.5356849219950033,0,0,-1.0,0.2777777777777778,6.5,fanduel
2020_15_TB_ATL,2020,15,ML_CORROBORATED_DISAGREEMENT,CORROB,12+,home,260,3.6,14.65483851431253,0.426579144998612,0.5356849219950033,0,0,-1.0,0.2777777777777778,6.5,fanduel
2020_16_ATL_KC,2020,16,ML_QBELO_DISAGREEMENT,QB_ELO,4-8,home,-526,1.1901140684410647,5.039679872391012,0.866171867734687,0.03084332547892421,1,0,0.190114,0.840255591054313,11.0,draftkings
2020_16_ATL_KC,2020,16,ML_XGB_DISAGREEMENT,XGB,12+,away,430,5.3,20.422086359314378,0.38844579458236694,1.0587627112865445,0,0,-1.0,0.18867924528301888,11.0,draftkings
2020_16_ATL_KC,2020,16,LONG_DOG_201+_CONTEXT,XGB,LONG201+,away,430,5.3,20.422086359314378,0.38844579458236694,1.0587627112865445,0,0,-1.0,0.18867924528301888,11.0,draftkings
2020_16_ATL_KC,2020,16,ML_AVG_DISAGREEMENT,AVG,4-8,away,430,5.3,7.691203243461681,0.26113696342383996,0.3840259061463518,0,0,-1.0,0.18867924528301888,11.0,draftkings
2020_16_ATL_KC,2020,16,LONG_DOG_201+_CONTEXT,AVG,LONG201+,away,430,5.3,7.691203243461681,0.26113696342383996,0.3840259061463518,0,0,-1.0,0.18867924528301888,11.0,draftkings
2020_16_BUF_NE,2020,16,ML_QBELO_DISAGREEMENT,QB_ELO,8-12,home,290,3.9,11.954380112129249,0.3710379551890507,0.4470480252372977,0,0,-1.0,0.25641025641025644,7.0,fanduel
2020_16_BUF_NE,2020,16,LONG_DOG_201+_CONTEXT,QB_ELO,LONG201+,home,290,3.9,11.954380112129249,0.3710379551890507,0.4470480252372977,0,0,-1.0,0.25641025641025644,7.0,fanduel
2020_16_BUF_NE,2020,16,ML_XGB_DISAGREEMENT,XGB,12+,home,290,3.9,21.197201338219294,0.46346616744995117,0.8075180530548096,0,0,-1.0,0.25641025641025644,7.0,fanduel
2020_16_BUF_NE,2020,16,LONG_DOG_201+_CONTEXT,XGB,LONG201+,home,290,3.9,21.197201338219294,0.46346616744995117,0.8075180530548096,0,0,-1.0,0.25641025641025644,7.0,fanduel
2020_16_BUF_NE,2020,16,ML_AVG_DISAGREEMENT,AVG,12+,home,290,3.9,16.575790725174272,0.41725206131950093,0.6272830391460535,0,0,-1.0,0.25641025641025644,7.0,fanduel
2020_16_BUF_NE,2020,16,LONG_DOG_201+_CONTEXT,AVG,LONG201+,home,290,3.9,16.575790725174272,0.41725206131950093,0.6272830391460535,0,0,-1.0,0.25641025641025644,7.0,fanduel
2020_16_BUF_NE,2020,16,ML_CORROBORATED_DISAGREEMENT,CORROB,12+,home,290,3.9,16.575790725174272,0.41725206131950093,0.6272830391460535,0,0,-1.0,0.25641025641025644,7.0,fanduel
2020_16_CAR_WAS,2020,16,ML_QBELO_DISAGREEMENT,QB_ELO,12+,home,-103,1.970873786407767,19.0993957411694,0.6637969417094298,0.30825999191275977,0,0,-1.0,0.5073891625615764,1.0,fanduel
2020_16_CAR_WAS,2020,16,ML_XGB_DISAGREEMENT,XGB,8-12,home,-103,1.970873786407767,9.514219802571999,0.5679451823234558,0.1193482719578789,0,0,-1.0,0.5073891625615764,1.0,fanduel
2020_16_CAR_WAS,2020,16,ML_AVG_DISAGREEMENT,AVG,12+,home,-103,1.970873786407767,14.3068077718707,0.6158710620164428,0.21380413193531944,0,0,-1.0,0.5073891625615764,1.0,fanduel
2020_16_CAR_WAS,2020,16,ML_CORROBORATED_DISAGREEMENT,CORROB,12+,home,-103,1.970873786407767,14.3068077718707,0.6158710620164428,0.21380413193531944,0,0,-1.0,0.5073891625615764,1.0,fanduel
2020_16_CHI_JAX,2020,16,ML_QBELO_DISAGREEMENT,QB_ELO,4-8,home,340,4.4,5.956778480062061,0.28198771362624336,0.240745939955471,0,0,-1.0,0.22727272727272727,8.5,fanduel
2020_16_CHI_JAX,2020,16,LONG_DOG_201+_CONTEXT,QB_ELO,LONG201+,home,340,4.4,5.956778480062061,0.28198771362624336,0.240745939955471,0,0,-1.0,0.22727272727272727,8.5,fanduel
2020_16_CHI_JAX,2020,16,ML_XGB_DISAGREEMENT,XGB,12+,home,340,4.4,30.5691588603729,0.5281115174293518,1.3236906766891483,0,0,-1.0,0.22727272727272727,8.5,fanduel
2020_16_CHI_JAX,2020,16,LONG_DOG_201+_CONTEXT,XGB,LONG201+,home,340,4.4,30.5691588603729,0.5281115174293518,1.3236906766891483,0,0,-1.0,0.22727272727272727,8.5,fanduel
2020_16_CHI_JAX,2020,16,ML_AVG_DISAGREEMENT,AVG,12+,home,340,4.4,18.262968670217486,0.4050496155277976,0.7822183083223095,0,0,-1.0,0.22727272727272727,8.5,fanduel
2020_16_CHI_JAX,2020,16,LONG_DOG_201+_CONTEXT,AVG,LONG201+,home,340,4.4,18.262968670217486,0.4050496155277976,0.7822183083223095,0,0,-1.0,0.22727272727272727,8.5,fanduel
2020_16_CHI_JAX,2020,16,ML_CORROBORATED_DISAGREEMENT,CORROB,12+,home,340,4.4,18.262968670217486,0.4050496155277976,0.7822183083223095,0,0,-1.0,0.22727272727272727,8.5,fanduel
2020_16_CIN_HOU,2020,16,ML_QBELO_DISAGREEMENT,QB_ELO,4-8,away,280,3.8,6.306981925535432,0.3229313493052993,0.2271391273601373,1,0,2.8,0.2631578947368421,7.5,draftkings
2020_16_CIN_HOU,2020,16,LONG_DOG_201+_CONTEXT,QB_ELO,LONG201+,away,280,3.8,6.306981925535432,0.3229313493052993,0.2271391273601373,1,0,2.8,0.2631578947368421,7.5,draftkings
2020_16_CIN_HOU,2020,16,ML_XGB_DISAGREEMENT,XGB,12+,away,280,3.8,19.24507010138978,0.4523122310638428,0.7187864780426025,1,0,2.8,0.2631578947368421,7.5,draftkings
2020_16_CIN_HOU,2020,16,LONG_DOG_201+_CONTEXT,XGB,LONG201+,away,280,3.8,19.24507010138978,0.4523122310638428,0.7187864780426025,1,0,2.8,0.2631578947368421,7.5,draftkings
2020_16_CIN_HOU,2020,16,ML_AVG_DISAGREEMENT,AVG,12+,away,280,3.8,12.77602601346261,0.3876217901845711,0.47296280270137014,1,0,2.8,0.2631578947368421,7.5,draftkings
2020_16_CIN_HOU,2020,16,LONG_DOG_201+_CONTEXT,AVG,LONG201+,away,280,3.8,12.77602601346261,0.3876217901845711,0.47296280270137014,1,0,2.8,0.2631578947368421,7.5,draftkings
2020_16_CIN_HOU,2020,16,ML_CORROBORATED_DISAGREEMENT,CORROB,12+,away,280,3.8,12.77602601346261,0.3876217901845711,0.47296280270137014,1,0,2.8,0.2631578947368421,7.5,draftkings
2020_16_CLE_NYJ,2020,16,ML_QBELO_DISAGREEMENT,QB_ELO,2-4,away,-303,1.33003300330033,3.574014958896199,0.7616913215998127,0.013074596055196341,0,0,-1.0,0.7518610421836228,6.5,fanduel
2020_16_CLE_NYJ,2020,16,ML_XGB_DISAGREEMENT,XGB,12+,home,250,3.5,18.379843940014812,0.4578472673892975,0.6024654358625412,1,0,2.5,0.2857142857142857,6.5,fanduel
2020_16_CLE_NYJ,2020,16,LONG_DOG_201+_CONTEXT,XGB,LONG201+,home,250,3.5,18.379843940014812,0.4578472673892975,0.6024654358625412,1,0,2.5,0.2857142857142857,6.5,fanduel
2020_16_CLE_NYJ,2020,16,ML_AVG_DISAGREEMENT,AVG,4-8,home,250,3.5,7.402914490559303,0.3480779728947424,0.21827290513159836,1,0,2.5,0.2857142857142857,6.5,fanduel
2020_16_CLE_NYJ,2020,16,LONG_DOG_201+_CONTEXT,AVG,LONG201+,home,250,3.5,7.402914490559303,0.3480779728947424,0.21827290513159836,1,0,2.5,0.2857142857142857,6.5,fanduel
2020_16_DEN_LAC,2020,16,ML_QBELO_DISAGREEMENT,QB_ELO,2-4,away,108,2.08,2.172907347189723,0.4890187930980655,0.01715908964397639,0,0,-1.0,0.4807692307692307,2.5,fanduel
2020_16_DEN_LAC,2020,16,ML_XGB_DISAGREEMENT,XGB,0-2,home,-122,1.819672131147541,1.4666829153756167,0.5473771095275879,-0.00395312856455321,1,0,0.819672,0.5495495495495495,2.5,fanduel
2020_16_DEN_LAC,2020,16,ML_AVG_DISAGREEMENT,AVG,0-2,away,108,2.08,0.35311221590705877,0.47082084178523886,-0.020692649086703097,0,0,-1.0,0.4807692307692307,2.5,fanduel
2020_16_IND_PIT,2020,16,ML_QBELO_DISAGREEMENT,QB_ELO,4-8,home,-106,1.9433962264150944,4.6329978719353795,0.5267754010174095,0.023733326505531727,1,0,0.943396,0.5145631067961165,-0.5,draftkings
2020_16_IND_PIT,2020,16,ML_XGB_DISAGREEMENT,XGB,0-2,home,-106,1.9433962264150944,0.3892891043085045,0.48433831334114075,-0.058738749544575475,1,0,0.943396,0.5145631067961165,-0.5,draftkings
2020_16_IND_PIT,2020,16,ML_AVG_DISAGREEMENT,AVG,2-4,home,-106,1.9433962264150944,2.5111434881219417,0.5055568571792751,-0.017502711519521874,1,0,0.943396,0.5145631067961165,-0.5,draftkings
2020_16_IND_PIT,2020,16,ML_CORROBORATED_DISAGREEMENT,CORROB,2-4,home,-106,1.9433962264150944,2.5111434881219417,0.5055568571792751,-0.017502711519521874,1,0,0.943396,0.5145631067961165,-0.5,draftkings
2020_16_LA_SEA,2020,16,ML_QBELO_DISAGREEMENT,QB_ELO,4-8,home,-118,1.847457627118644,4.420319513278259,0.5781015002175283,0.06801802582560312,1,0,0.847458,0.5412844036697247,-1.0,draftkings
2020_16_LA_SEA,2020,16,ML_XGB_DISAGREEMENT,XGB,4-8,home,-118,1.847457627118644,5.381833395715496,0.5877166390419006,0.0857815873824943,1,0,0.847458,0.5412844036697247,-1.0,draftkings
2020_16_LA_SEA,2020,16,ML_AVG_DISAGREEMENT,AVG,4-8,home,-118,1.847457627118644,4.901076454496877,0.5829090696297144,0.07689980660404871,1,0,0.847458,0.5412844036697247,-1.0,draftkings
2020_16_LA_SEA,2020,16,ML_CORROBORATED_DISAGREEMENT,CORROB,4-8,home,-118,1.847457627118644,4.901076454496877,0.5829090696297144,0.07689980660404871,1,0,0.847458,0.5412844036697247,-1.0,draftkings
2020_16_MIA_LV,2020,16,ML_QBELO_DISAGREEMENT,QB_ELO,2-4,home,118,2.1799999999999997,3.146510429891314,0.47476799623194205,0.034994231785633545,0,0,-1.0,0.4587155963302753,-2.5,draftkings
2020_16_MIA_LV,2020,16,ML_DOG_VALUE_ZONE,QB_ELO,ZONE,home,118,2.1799999999999997,3.146510429891314,0.47476799623194205,0.034994231785633545,0,0,-1.0,0.4587155963302753,-2.5,draftkings
2020_16_MIA_LV,2020,16,ML_XGB_DISAGREEMENT,XGB,8-12,home,118,2.1799999999999997,8.233628443568447,0.5256391763687134,0.14589340448379495,0,0,-1.0,0.4587155963302753,-2.5,draftkings
2020_16_MIA_LV,2020,16,ML_AVG_DISAGREEMENT,AVG,4-8,home,118,2.1799999999999997,5.690069436729877,0.5002035863003277,0.09044381813471425,0,0,-1.0,0.4587155963302753,-2.5,draftkings
2020_16_MIA_LV,2020,16,ML_CORROBORATED_DISAGREEMENT,CORROB,4-8,home,118,2.1799999999999997,5.690069436729877,0.5002035863003277,0.09044381813471425,0,0,-1.0,0.4587155963302753,-2.5,draftkings
2020_16_MIN_NO,2020,16,ML_QBELO_DISAGREEMENT,QB_ELO,4-8,home,-263,1.3802281368821292,6.307205227713453,0.7785963004483618,0.07464052115116093,1,0,0.380228,0.7245179063360881,6.5,draftkings
2020_16_MIN_NO,2020,16,ML_XGB_DISAGREEMENT,XGB,8-12,away,240,3.4,11.795931248702324,0.4024350643157959,0.36827921867370605,0,0,-1.0,0.29411764705882354,6.5,draftkings
2020_16_MIN_NO,2020,16,LONG_DOG_201+_CONTEXT,XGB,LONG201+,away,240,3.4,11.795931248702324,0.4024350643157959,0.36827921867370605,0,0,-1.0,0.29411764705882354,6.5,draftkings
2020_16_MIN_NO,2020,16,ML_AVG_DISAGREEMENT,AVG,2-4,away,240,3.4,2.744363010494438,0.31191938193371704,0.06052589857463797,0,0,-1.0,0.29411764705882354,6.5,draftkings
2020_16_MIN_NO,2020,16,LONG_DOG_201+_CONTEXT,AVG,LONG201+,away,240,3.4,2.744363010494438,0.31191938193371704,0.06052589857463797,0,0,-1.0,0.29411764705882354,6.5,draftkings
2020_16_NYG_BAL,2020,16,ML_QBELO_DISAGREEMENT,QB_ELO,4-8,home,-400,1.25,7.724705081361294,0.8536334551069941,0.0670418188837425,1,0,0.25,0.8,9.5,draftkings
2020_16_NYG_BAL,2020,16,ML_XGB_DISAGREEMENT,XGB,12+,away,340,4.4,15.213706518968229,0.37575066089630127,0.6533029079437258,0,0,-1.0,0.22727272727272727,9.5,draftkings
2020_16_NYG_BAL,2020,16,LONG_DOG_201+_CONTEXT,XGB,LONG201+,away,340,4.4,15.213706518968229,0.37575066089630127,0.6533029079437258,0,0,-1.0,0.22727272727272727,9.5,draftkings
2020_16_NYG_BAL,2020,16,ML_AVG_DISAGREEMENT,AVG,2-4,away,340,4.4,3.7445007188034563,0.26105860289465355,0.1486578527364757,0,0,-1.0,0.22727272727272727,9.5,draftkings
2020_16_NYG_BAL,2020,16,LONG_DOG_201+_CONTEXT,AVG,LONG201+,away,340,4.4,3.7445007188034563,0.26105860289465355,0.1486578527364757,0,0,-1.0,0.22727272727272727,9.5,draftkings
2020_16_PHI_DAL,2020,16,ML_QBELO_DISAGREEMENT,QB_ELO,12+,home,150,2.5,16.944039866013405,0.5640120492848725,0.41003012321218124,1,0,1.5,0.4,3.5,draftkings
2020_16_PHI_DAL,2020,16,ML_XGB_DISAGREEMENT,XGB,12+,home,150,2.5,15.874023377849033,0.5533118844032288,0.3832797110080719,1,0,1.5,0.4,3.5,draftkings
2020_16_PHI_DAL,2020,16,ML_AVG_DISAGREEMENT,AVG,12+,home,150,2.5,16.409031621931224,0.5586619668440507,0.3966549171101268,1,0,1.5,0.4,3.5,draftkings
2020_16_PHI_DAL,2020,16,ML_CORROBORATED_DISAGREEMENT,CORROB,12+,home,150,2.5,16.409031621931224,0.5586619668440507,0.3966549171101268,1,0,1.5,0.4,3.5,draftkings
2020_16_SF_ARI,2020,16,ML_QBELO_DISAGREEMENT,QB_ELO,8-12,away,215,3.15,8.397970964174739,0.37490595590688347,0.18095376110668293,1,0,2.15,0.31746031746031744,6.0,draftkings
2020_16_SF_ARI,2020,16,LONG_DOG_201+_CONTEXT,QB_ELO,LONG201+,away,215,3.15,8.397970964174739,0.37490595590688347,0.18095376110668293,1,0,2.15,0.31746031746031744,6.0,draftkings
2020_16_SF_ARI,2020,16,ML_XGB_DISAGREEMENT,XGB,8-12,away,215,3.15,8.482441463116519,0.37575066089630127,0.183614581823349,1,0,2.15,0.31746031746031744,6.0,draftkings
2020_16_SF_ARI,2020,16,LONG_DOG_201+_CONTEXT,XGB,LONG201+,away,215,3.15,8.482441463116519,0.37575066089630127,0.183614581823349,1,0,2.15,0.31746031746031744,6.0,draftkings
2020_16_SF_ARI,2020,16,ML_AVG_DISAGREEMENT,AVG,8-12,away,215,3.15,8.440206213645629,0.37532830840159237,0.18228417146501585,1,0,2.15,0.31746031746031744,6.0,draftkings
2020_16_SF_ARI,2020,16,LONG_DOG_201+_CONTEXT,AVG,LONG201+,away,215,3.15,8.440206213645629,0.37532830840159237,0.18228417146501585,1,0,2.15,0.31746031746031744,6.0,draftkings
2020_16_SF_ARI,2020,16,ML_CORROBORATED_DISAGREEMENT,CORROB,8-12,away,215,3.15,8.440206213645629,0.37532830840159237,0.18228417146501585,1,0,2.15,0.31746031746031744,6.0,draftkings
2020_16_TB_DET,2020,16,ML_QBELO_DISAGREEMENT,QB_ELO,4-8,home,410,5.1,7.123500320657239,0.25954079255676704,0.3236580420395119,0,0,-1.0,0.19607843137254904,11.5,fanduel
2020_16_TB_DET,2020,16,LONG_DOG_201+_CONTEXT,QB_ELO,LONG201+,home,410,5.1,7.123500320657239,0.25954079255676704,0.3236580420395119,0,0,-1.0,0.19607843137254904,11.5,fanduel
2020_16_TB_DET,2020,16,ML_XGB_DISAGREEMENT,XGB,12+,home,410,5.1,25.389886486657172,0.44220465421676636,1.2552437365055082,0,0,-1.0,0.19607843137254904,11.5,fanduel
2020_16_TB_DET,2020,16,LONG_DOG_201+_CONTEXT,XGB,LONG201+,home,410,5.1,25.389886486657172,0.44220465421676636,1.2552437365055082,0,0,-1.0,0.19607843137254904,11.5,fanduel
2020_16_TB_DET,2020,16,ML_AVG_DISAGREEMENT,AVG,12+,home,410,5.1,16.256693403657202,0.35087272338676667,0.7894508892725098,0,0,-1.0,0.19607843137254904,11.5,fanduel
2020_16_TB_DET,2020,16,LONG_DOG_201+_CONTEXT,AVG,LONG201+,home,410,5.1,16.256693403657202,0.35087272338676667,0.7894508892725098,0,0,-1.0,0.19607843137254904,11.5,fanduel
2020_16_TB_DET,2020,16,ML_CORROBORATED_DISAGREEMENT,CORROB,12+,home,410,5.1,16.256693403657202,0.35087272338676667,0.7894508892725098,0,0,-1.0,0.19607843137254904,11.5,fanduel
2020_16_TEN_GB,2020,16,ML_QBELO_DISAGREEMENT,QB_ELO,4-8,home,-175,1.5714285714285714,5.545392220081446,0.6683367221087122,0.050243420456547616,1,0,0.571429,0.6363636363636364,3.5,draftkings
2020_16_TEN_GB,2020,16,ML_XGB_DISAGREEMENT,XGB,4-8,away,150,2.5,7.449299792883285,0.46161019802093506,0.15402549505233765,0,0,-1.0,0.4,3.5,draftkings
2020_16_TEN_GB,2020,16,ML_DOG_VALUE_ZONE,XGB,ZONE,away,150,2.5,7.449299792883285,0.46161019802093506,0.15402549505233765,0,0,-1.0,0.4,3.5,draftkings
2020_16_TEN_GB,2020,16,ML_AVG_DISAGREEMENT,AVG,0-2,away,150,2.5,0.951953786400922,0.39663673795611143,-0.008408155109721482,0,0,-1.0,0.4,3.5,draftkings
2020_17_ARI_LA,2020,17,ML_QBELO_DISAGREEMENT,QB_ELO,12+,home,-103,1.970873786407767,20.442979364191416,0.7067527819340532,0.39292053138459027,1,0,0.970874,0.5073891625615764,1.0,fanduel
2020_17_ARI_LA,2020,17,ML_XGB_DISAGREEMENT,XGB,12+,home,-103,1.970873786407767,17.259649775369834,0.6749194860458374,0.33018112298354363,1,0,0.970874,0.5073891625615764,1.0,fanduel
2020_17_ARI_LA,2020,17,ML_AVG_DISAGREEMENT,AVG,12+,home,-103,1.970873786407767,18.85131456978063,0.6908361339899454,0.36155082718406706,1,0,0.970874,0.5073891625615764,1.0,fanduel
2020_17_ARI_LA,2020,17,ML_CORROBORATED_DISAGREEMENT,CORROB,12+,home,-103,1.970873786407767,18.85131456978063,0.6908361339899454,0.36155082718406706,1,0,0.970874,0.5073891625615764,1.0,fanduel
2020_17_ATL_TB,2020,17,ML_QBELO_DISAGREEMENT,QB_ELO,0-2,away,275,3.75,0.4889954590213963,0.26372428226345856,-0.01103394151203041,0,0,-1.0,0.26666666666666666,7.0,draftkings
2020_17_ATL_TB,2020,17,LONG_DOG_201+_CONTEXT,QB_ELO,LONG201+,away,275,3.75,0.4889954590213963,0.26372428226345856,-0.01103394151203041,0,0,-1.0,0.26666666666666666,7.0,draftkings
2020_17_ATL_TB,2020,17,ML_XGB_DISAGREEMENT,XGB,2-4,home,-323,1.3095975232198143,2.7346338247585478,0.7685120105743408,0.006441425612836449,1,0,0.309598,0.7635933806146572,7.0,draftkings
2020_17_ATL_TB,2020,17,ML_AVG_DISAGREEMENT,AVG,0-2,home,-323,1.3095975232198143,1.122819182868573,0.7523938641554411,-0.014666859016248979,1,0,0.309598,0.7635933806146572,7.0,draftkings
2020_17_BAL_CIN,2020,17,ML_QBELO_DISAGREEMENT,QB_ELO,8-12,home,650,7.5,10.380657254341955,0.2334805882610926,0.7511044119581947,0,0,-1.0,0.13333333333333333,13.5,fanduel
2020_17_BAL_CIN,2020,17,LONG_DOG_201+_CONTEXT,QB_ELO,LONG201+,home,650,7.5,10.380657254341955,0.2334805882610926,0.7511044119581947,0,0,-1.0,0.13333333333333333,13.5,fanduel
2020_17_BAL_CIN,2020,17,ML_XGB_DISAGREEMENT,XGB,12+,home,650,7.5,18.212250046236537,0.31179651618003845,1.3384738713502884,0,0,-1.0,0.13333333333333333,13.5,fanduel
2020_17_BAL_CIN,2020,17,LONG_DOG_201+_CONTEXT,XGB,LONG201+,home,650,7.5,18.212250046236537,0.31179651618003845,1.3384738713502884,0,0,-1.0,0.13333333333333333,13.5,fanduel
2020_17_BAL_CIN,2020,17,ML_AVG_DISAGREEMENT,AVG,12+,home,650,7.5,14.296453650289248,0.27263855222056554,1.0447891416542414,0,0,-1.0,0.13333333333333333,13.5,fanduel
2020_17_BAL_CIN,2020,17,LONG_DOG_201+_CONTEXT,AVG,LONG201+,home,650,7.5,14.296453650289248,0.27263855222056554,1.0447891416542414,0,0,-1.0,0.13333333333333333,13.5,fanduel
2020_17_BAL_CIN,2020,17,ML_CORROBORATED_DISAGREEMENT,CORROB,12+,home,650,7.5,14.296453650289248,0.27263855222056554,1.0447891416542414,0,0,-1.0,0.13333333333333333,13.5,fanduel
2020_17_DAL_NYG,2020,17,ML_QBELO_DISAGREEMENT,QB_ELO,0-2,away,-125,1.8,0.2773734997627453,0.5418013519977929,-0.024757566403972753,0,0,-1.0,0.5555555555555556,-1.5,draftkings
2020_17_DAL_NYG,2020,17,ML_XGB_DISAGREEMENT,XGB,8-12,home,114,2.1399999999999997,10.959212543827574,0.5705645084381104,0.22100804805755603,1,0,1.14,0.4672897196261683,-1.5,draftkings
2020_17_DAL_NYG,2020,17,ML_AVG_DISAGREEMENT,AVG,4-8,home,114,2.1399999999999997,5.3409195220324115,0.5143815782201587,0.10077657739113954,1,0,1.14,0.4672897196261683,-1.5,draftkings
2020_17_GB_CHI,2020,17,ML_QBELO_DISAGREEMENT,QB_ELO,0-2,away,-200,1.5,1.9877437321231817,0.6702270876708822,0.005340631506323357,1,0,0.5,0.6666666666666666,4.5,draftkings
2020_17_GB_CHI,2020,17,ML_XGB_DISAGREEMENT,XGB,4-8,home,188,2.88,6.299907323363774,0.4126494228839874,0.18843033790588382,0,0,-1.0,0.3472222222222222,4.5,draftkings
2020_17_GB_CHI,2020,17,ML_DOG_VALUE_ZONE,XGB,ZONE,home,188,2.88,6.299907323363774,0.4126494228839874,0.18843033790588382,0,0,-1.0,0.3472222222222222,4.5,draftkings
2020_17_GB_CHI,2020,17,ML_AVG_DISAGREEMENT,AVG,2-4,home,188,2.88,2.1560817956202905,0.3712111676065526,0.06908816270687135,0,0,-1.0,0.3472222222222222,4.5,draftkings
2020_17_JAX_IND,2020,17,ML_QBELO_DISAGREEMENT,QB_ELO,0-2,away,810,9.1,1.1832474186255908,0.11211102571828935,0.02021033403643302,0,0,-1.0,0.10989010989010989,15.5,fanduel
2020_17_JAX_IND,2020,17,LONG_DOG_201+_CONTEXT,QB_ELO,LONG201+,away,810,9.1,1.1832474186255908,0.11211102571828935,0.02021033403643302,0,0,-1.0,0.10989010989010989,15.5,fanduel
2020_17_JAX_IND,2020,17,ML_XGB_DISAGREEMENT,XGB,8-12,away,810,9.1,9.789890532374049,0.19817745685577393,0.8034148573875426,0,0,-1.0,0.10989010989010989,15.5,fanduel
2020_17_JAX_IND,2020,17,LONG_DOG_201+_CONTEXT,XGB,LONG201+,away,810,9.1,9.789890532374049,0.19817745685577393,0.8034148573875426,0,0,-1.0,0.10989010989010989,15.5,fanduel
2020_17_JAX_IND,2020,17,ML_AVG_DISAGREEMENT,AVG,4-8,away,810,9.1,5.48656897549982,0.15514424128703164,0.4118125957119878,0,0,-1.0,0.10989010989010989,15.5,fanduel
2020_17_JAX_IND,2020,17,LONG_DOG_201+_CONTEXT,AVG,LONG201+,away,810,9.1,5.48656897549982,0.15514424128703164,0.4118125957119878,0,0,-1.0,0.10989010989010989,15.5,fanduel
2020_17_JAX_IND,2020,17,ML_CORROBORATED_DISAGREEMENT,CORROB,4-8,away,810,9.1,5.48656897549982,0.15514424128703164,0.4118125957119878,0,0,-1.0,0.10989010989010989,15.5,fanduel
2020_17_LAC_KC,2020,17,ML_QBELO_DISAGREEMENT,QB_ELO,12+,home,245,3.45,61.43105717937023,0.8949235585045691,2.0874862768407634,0,0,-1.0,0.2898550724637681,7.0,fanduel
2020_17_LAC_KC,2020,17,LONG_DOG_201+_CONTEXT,QB_ELO,LONG201+,home,245,3.45,61.43105717937023,0.8949235585045691,2.0874862768407634,0,0,-1.0,0.2898550724637681,7.0,fanduel
2020_17_LAC_KC,2020,17,ML_XGB_DISAGREEMENT,XGB,12+,home,245,3.45,47.33410066095983,0.7539539933204651,1.6011412769556048,0,0,-1.0,0.2898550724637681,7.0,fanduel
2020_17_LAC_KC,2020,17,LONG_DOG_201+_CONTEXT,XGB,LONG201+,home,245,3.45,47.33410066095983,0.7539539933204651,1.6011412769556048,0,0,-1.0,0.2898550724637681,7.0,fanduel
2020_17_LAC_KC,2020,17,ML_AVG_DISAGREEMENT,AVG,12+,home,245,3.45,54.382578920165024,0.8244387759125171,1.844313776898184,0,0,-1.0,0.2898550724637681,7.0,fanduel
2020_17_LAC_KC,2020,17,LONG_DOG_201+_CONTEXT,AVG,LONG201+,home,245,3.45,54.382578920165024,0.8244387759125171,1.844313776898184,0,0,-1.0,0.2898550724637681,7.0,fanduel
2020_17_LAC_KC,2020,17,ML_CORROBORATED_DISAGREEMENT,CORROB,12+,home,245,3.45,54.382578920165024,0.8244387759125171,1.844313776898184,0,0,-1.0,0.2898550724637681,7.0,fanduel
2020_17_LV_DEN,2020,17,ML_QBELO_DISAGREEMENT,QB_ELO,8-12,home,126,2.26,11.351636887417438,0.5394809244160959,0.21922688918037658,0,0,-1.0,0.4424778761061947,2.5,fanduel
2020_17_LV_DEN,2020,17,ML_XGB_DISAGREEMENT,XGB,4-8,away,-143,1.6993006993006992,7.750557998840901,0.6515410244464874,0.10716411846501006,1,0,0.699301,0.5884773662551441,2.5,fanduel
2020_17_LV_DEN,2020,17,ML_AVG_DISAGREEMENT,AVG,0-2,home,126,2.26,1.8005394442882738,0.4439699499848042,0.0033720869656574948,0,0,-1.0,0.4424778761061947,2.5,fanduel
2020_17_LV_DEN,2020,17,ML_DOG_VALUE_ZONE,AVG,ZONE,home,126,2.26,1.8005394442882738,0.4439699499848042,0.0033720869656574948,0,0,-1.0,0.4424778761061947,2.5,fanduel
2020_17_MIA_BUF,2020,17,ML_QBELO_DISAGREEMENT,QB_ELO,12+,home,133,2.33,31.653694170128283,0.7216258713803765,0.6813882803162772,1,0,1.33,0.4291845493562232,3.0,draftkings
2020_17_MIA_BUF,2020,17,ML_XGB_DISAGREEMENT,XGB,12+,home,133,2.33,25.633761451035948,0.6614265441894531,0.5411238479614258,1,0,1.33,0.4291845493562232,3.0,draftkings
2020_17_MIA_BUF,2020,17,ML_AVG_DISAGREEMENT,AVG,12+,home,133,2.33,28.643727810582114,0.6915262077849148,0.6112560641388516,1,0,1.33,0.4291845493562232,3.0,draftkings
2020_17_MIA_BUF,2020,17,ML_CORROBORATED_DISAGREEMENT,CORROB,12+,home,133,2.33,28.643727810582114,0.6915262077849148,0.6112560641388516,1,0,1.33,0.4291845493562232,3.0,draftkings
2020_17_MIN_DET,2020,17,ML_QBELO_DISAGREEMENT,QB_ELO,0-2,away,-167,1.5988023952095807,1.0358747706720073,0.6266548768117872,0.0018973180164501002,1,0,0.598802,0.6254681647940076,-3.0,fanduel
2020_17_MIN_DET,2020,17,ML_XGB_DISAGREEMENT,XGB,4-8,away,-167,1.5988023952095807,4.935596716644774,0.6656520962715149,0.06424616589517629,1,0,0.598802,0.6254681647940076,-3.0,fanduel
2020_17_MIN_DET,2020,17,ML_AVG_DISAGREEMENT,AVG,2-4,away,-167,1.5988023952095807,2.985735743658391,0.6461534865416511,0.033071741955813305,1,0,0.598802,0.6254681647940076,-3.0,fanduel
2020_17_MIN_DET,2020,17,ML_CORROBORATED_DISAGREEMENT,CORROB,2-4,away,-167,1.5988023952095807,2.985735743658391,0.6461534865416511,0.033071741955813305,1,0,0.598802,0.6254681647940076,-3.0,fanduel
2020_17_NO_CAR,2020,17,ML_QBELO_DISAGREEMENT,QB_ELO,4-8,away,-250,1.4,7.648654597493676,0.7714756527287494,0.08006591382024908,1,0,0.4,0.7142857142857143,6.0,fanduel
2020_17_NO_CAR,2020,17,ML_XGB_DISAGREEMENT,XGB,4-8,home,225,3.25,7.075398335789279,0.3757648766040802,0.22123584896326065,0,0,-1.0,0.3076923076923077,6.0,fanduel
2020_17_NO_CAR,2020,17,LONG_DOG_201+_CONTEXT,XGB,LONG201+,home,225,3.25,7.075398335789279,0.3757648766040802,0.22123584896326065,0,0,-1.0,0.3076923076923077,6.0,fanduel
2020_17_NO_CAR,2020,17,ML_AVG_DISAGREEMENT,AVG,0-2,away,-250,1.4,0.28662813085219563,0.6978553880623346,-0.0230024567127316,1,0,0.4,0.7142857142857143,6.0,fanduel
2020_17_NYJ_NE,2020,17,ML_QBELO_DISAGREEMENT,QB_ELO,12+,home,-145,1.6896551724137931,18.198966370326374,0.764039817684786,0.2909638298811903,1,0,0.689655,0.5918367346938775,3.0,draftkings
2020_17_NYJ_NE,2020,17,ML_XGB_DISAGREEMENT,XGB,4-8,home,-145,1.6896551724137931,4.581438564173823,0.6278645396232605,0.0608745669496471,1,0,0.689655,0.5918367346938775,3.0,draftkings
2020_17_NYJ_NE,2020,17,ML_AVG_DISAGREEMENT,AVG,8-12,home,-145,1.6896551724137931,11.390202467250099,0.6959521786540233,0.1759191984154187,1,0,0.689655,0.5918367346938775,3.0,draftkings
2020_17_NYJ_NE,2020,17,ML_CORROBORATED_DISAGREEMENT,CORROB,8-12,home,-145,1.6896551724137931,11.390202467250099,0.6959521786540233,0.1759191984154187,1,0,0.689655,0.5918367346938775,3.0,draftkings
2020_17_PIT_CLE,2020,17,ML_QBELO_DISAGREEMENT,QB_ELO,12+,away,385,4.85,33.77422871102845,0.5361139860812313,1.6001528324939716,0,0,-1.0,0.2061855670103093,10.0,fanduel
2020_17_PIT_CLE,2020,17,LONG_DOG_201+_CONTEXT,QB_ELO,LONG201+,away,385,4.85,33.77422871102845,0.5361139860812313,1.6001528324939716,0,0,-1.0,0.2061855670103093,10.0,fanduel
2020_17_PIT_CLE,2020,17,ML_XGB_DISAGREEMENT,XGB,12+,away,385,4.85,26.63250063703923,0.4646967053413391,1.2537790209054944,0,0,-1.0,0.2061855670103093,10.0,fanduel
2020_17_PIT_CLE,2020,17,LONG_DOG_201+_CONTEXT,XGB,LONG201+,away,385,4.85,26.63250063703923,0.4646967053413391,1.2537790209054944,0,0,-1.0,0.2061855670103093,10.0,fanduel
2020_17_PIT_CLE,2020,17,ML_AVG_DISAGREEMENT,AVG,12+,away,385,4.85,30.203364674033832,0.5004053457112851,1.4269659266997325,0,0,-1.0,0.2061855670103093,10.0,fanduel
2020_17_PIT_CLE,2020,17,LONG_DOG_201+_CONTEXT,AVG,LONG201+,away,385,4.85,30.203364674033832,0.5004053457112851,1.4269659266997325,0,0,-1.0,0.2061855670103093,10.0,fanduel
2020_17_PIT_CLE,2020,17,ML_CORROBORATED_DISAGREEMENT,CORROB,12+,away,385,4.85,30.203364674033832,0.5004053457112851,1.4269659266997325,0,0,-1.0,0.2061855670103093,10.0,fanduel
2020_17_SEA_SF,2020,17,ML_QBELO_DISAGREEMENT,QB_ELO,4-8,home,285,3.85,6.666971295732632,0.31865123043308835,0.22680723716739015,0,0,-1.0,0.2597402597402597,7.0,fanduel
2020_17_SEA_SF,2020,17,LONG_DOG_201+_CONTEXT,QB_ELO,LONG201+,home,285,3.85,6.666971295732632,0.31865123043308835,0.22680723716739015,0,0,-1.0,0.2597402597402597,7.0,fanduel
2020_17_SEA_SF,2020,17,ML_XGB_DISAGREEMENT,XGB,12+,home,285,3.85,15.946645458348785,0.4114479720592499,0.5840746924281122,0,0,-1.0,0.2597402597402597,7.0,fanduel
2020_17_SEA_SF,2020,17,LONG_DOG_201+_CONTEXT,XGB,LONG201+,home,285,3.85,15.946645458348785,0.4114479720592499,0.5840746924281122,0,0,-1.0,0.2597402597402597,7.0,fanduel
2020_17_SEA_SF,2020,17,ML_AVG_DISAGREEMENT,AVG,8-12,home,285,3.85,11.306808377040712,0.36504960124616914,0.40544096479775127,0,0,-1.0,0.2597402597402597,7.0,fanduel
2020_17_SEA_SF,2020,17,LONG_DOG_201+_CONTEXT,AVG,LONG201+,home,285,3.85,11.306808377040712,0.36504960124616914,0.40544096479775127,0,0,-1.0,0.2597402597402597,7.0,fanduel
2020_17_SEA_SF,2020,17,ML_CORROBORATED_DISAGREEMENT,CORROB,8-12,home,285,3.85,11.306808377040712,0.36504960124616914,0.40544096479775127,0,0,-1.0,0.2597402597402597,7.0,fanduel
2020_17_TEN_HOU,2020,17,ML_QBELO_DISAGREEMENT,QB_ELO,4-8,home,270,3.7,7.756609473445875,0.3421707291690269,0.2660316979253996,0,0,-1.0,0.27027027027027023,7.0,draftkings
2020_17_TEN_HOU,2020,17,LONG_DOG_201+_CONTEXT,QB_ELO,LONG201+,home,270,3.7,7.756609473445875,0.3421707291690269,0.2660316979253996,0,0,-1.0,0.27027027027027023,7.0,draftkings
2020_17_TEN_HOU,2020,17,ML_XGB_DISAGREEMENT,XGB,2-4,home,270,3.7,2.329217752755952,0.2878968119621277,0.06521820425987257,0,0,-1.0,0.27027027027027023,7.0,draftkings
2020_17_TEN_HOU,2020,17,LONG_DOG_201+_CONTEXT,XGB,LONG201+,home,270,3.7,2.329217752755952,0.2878968119621277,0.06521820425987257,0,0,-1.0,0.27027027027027023,7.0,draftkings
2020_17_TEN_HOU,2020,17,ML_AVG_DISAGREEMENT,AVG,4-8,home,270,3.7,5.042913613100914,0.3150337705655773,0.16562495109263597,0,0,-1.0,0.27027027027027023,7.0,draftkings
2020_17_TEN_HOU,2020,17,LONG_DOG_201+_CONTEXT,AVG,LONG201+,home,270,3.7,5.042913613100914,0.3150337705655773,0.16562495109263597,0,0,-1.0,0.27027027027027023,7.0,draftkings
2020_17_TEN_HOU,2020,17,ML_CORROBORATED_DISAGREEMENT,CORROB,4-8,home,270,3.7,5.042913613100914,0.3150337705655773,0.16562495109263597,0,0,-1.0,0.27027027027027023,7.0,draftkings
2020_17_WAS_PHI,2020,17,ML_QBELO_DISAGREEMENT,QB_ELO,12+,home,245,3.45,27.37835178925005,0.5500924789988584,0.8978190525460614,0,0,-1.0,0.2898550724637681,6.5,fanduel
2020_17_WAS_PHI,2020,17,LONG_DOG_201+_CONTEXT,QB_ELO,LONG201+,home,245,3.45,27.37835178925005,0.5500924789988584,0.8978190525460614,0,0,-1.0,0.2898550724637681,6.5,fanduel
2020_17_WAS_PHI,2020,17,ML_XGB_DISAGREEMENT,XGB,12+,home,245,3.45,18.960627179044693,0.4659152328968048,0.6074075534939767,0,0,-1.0,0.2898550724637681,6.5,fanduel
2020_17_WAS_PHI,2020,17,LONG_DOG_201+_CONTEXT,XGB,LONG201+,home,245,3.45,18.960627179044693,0.4659152328968048,0.6074075534939767,0,0,-1.0,0.2898550724637681,6.5,fanduel
2020_17_WAS_PHI,2020,17,ML_AVG_DISAGREEMENT,AVG,12+,home,245,3.45,23.16948948414737,0.5080038559478316,0.752613303020019,0,0,-1.0,0.2898550724637681,6.5,fanduel
2020_17_WAS_PHI,2020,17,LONG_DOG_201+_CONTEXT,AVG,LONG201+,home,245,3.45,23.16948948414737,0.5080038559478316,0.752613303020019,0,0,-1.0,0.2898550724637681,6.5,fanduel
2020_17_WAS_PHI,2020,17,ML_CORROBORATED_DISAGREEMENT,CORROB,12+,home,245,3.45,23.16948948414737,0.5080038559478316,0.752613303020019,0,0,-1.0,0.2898550724637681,6.5,fanduel
2020_18_BAL_TEN,2020,18,ML_QBELO_DISAGREEMENT,QB_ELO,8-12,home,164,2.6399999999999997,10.475240551237508,0.46890194623034187,0.23790113804810242,0,0,-1.0,0.37878787878787884,-3.5,draftkings
2020_18_BAL_TEN,2020,18,ML_DOG_VALUE_ZONE,QB_ELO,ZONE,home,164,2.6399999999999997,10.475240551237508,0.46890194623034187,0.23790113804810242,0,0,-1.0,0.37878787878787884,-3.5,draftkings
2020_18_BAL_TEN,2020,18,ML_XGB_DISAGREEMENT,XGB,12+,home,164,2.6399999999999997,14.185467356883741,0.5060042142868042,0.335851125717163,0,0,-1.0,0.37878787878787884,-3.5,draftkings
2020_18_BAL_TEN,2020,18,ML_AVG_DISAGREEMENT,AVG,12+,home,164,2.6399999999999997,12.330353954060625,0.48745308025857303,0.2868761318826327,0,0,-1.0,0.37878787878787884,-3.5,draftkings
2020_18_BAL_TEN,2020,18,ML_DOG_VALUE_ZONE,AVG,ZONE,home,164,2.6399999999999997,12.330353954060625,0.48745308025857303,0.2868761318826327,0,0,-1.0,0.37878787878787884,-3.5,draftkings
2020_18_BAL_TEN,2020,18,ML_CORROBORATED_DISAGREEMENT,CORROB,12+,home,164,2.6399999999999997,12.330353954060625,0.48745308025857303,0.2868761318826327,0,0,-1.0,0.37878787878787884,-3.5,draftkings
2020_18_BAL_TEN,2020,18,ML_DOG_VALUE_ZONE,CORROB,ZONE,home,164,2.6399999999999997,12.330353954060625,0.48745308025857303,0.2868761318826327,0,0,-1.0,0.37878787878787884,-3.5,draftkings
2020_18_CHI_NO,2020,18,ML_QBELO_DISAGREEMENT,QB_ELO,0-2,away,460,5.6,1.7807925235083677,0.2049294226853291,0.14760476703784287,0,0,-1.0,0.17857142857142858,10.5,fanduel
2020_18_CHI_NO,2020,18,LONG_DOG_201+_CONTEXT,QB_ELO,LONG201+,away,460,5.6,1.7807925235083677,0.2049294226853291,0.14760476703784287,0,0,-1.0,0.17857142857142858,10.5,fanduel
2020_18_CHI_NO,2020,18,ML_XGB_DISAGREEMENT,XGB,12+,away,460,5.6,24.617118948899407,0.4332926869392395,1.4264390468597412,0,0,-1.0,0.17857142857142858,10.5,fanduel
2020_18_CHI_NO,2020,18,LONG_DOG_201+_CONTEXT,XGB,LONG201+,away,460,5.6,24.617118948899407,0.4332926869392395,1.4264390468597412,0,0,-1.0,0.17857142857142858,10.5,fanduel
2020_18_CHI_NO,2020,18,ML_AVG_DISAGREEMENT,AVG,12+,away,460,5.6,13.198955736203889,0.3191110548122843,0.787021906948792,0,0,-1.0,0.17857142857142858,10.5,fanduel
2020_18_CHI_NO,2020,18,LONG_DOG_201+_CONTEXT,AVG,LONG201+,away,460,5.6,13.198955736203889,0.3191110548122843,0.787021906948792,0,0,-1.0,0.17857142857142858,10.5,fanduel
2020_18_CHI_NO,2020,18,ML_CORROBORATED_DISAGREEMENT,CORROB,12+,away,460,5.6,13.198955736203889,0.3191110548122843,0.787021906948792,0,0,-1.0,0.17857142857142858,10.5,fanduel
2020_18_CLE_PIT,2020,18,ML_QBELO_DISAGREEMENT,QB_ELO,4-8,away,225,3.25,6.319827986081678,0.3635087131176665,0.18140331763241613,1,0,2.25,0.3076923076923077,5.5,fanduel
2020_18_CLE_PIT,2020,18,LONG_DOG_201+_CONTEXT,QB_ELO,LONG201+,away,225,3.25,6.319827986081678,0.3635087131176665,0.18140331763241613,1,0,2.25,0.3076923076923077,5.5,fanduel
2020_18_CLE_PIT,2020,18,ML_XGB_DISAGREEMENT,XGB,12+,away,225,3.25,15.453368390776207,0.4548441171646118,0.4782433807849884,1,0,2.25,0.3076923076923077,5.5,fanduel
2020_18_CLE_PIT,2020,18,LONG_DOG_201+_CONTEXT,XGB,LONG201+,away,225,3.25,15.453368390776207,0.4548441171646118,0.4782433807849884,1,0,2.25,0.3076923076923077,5.5,fanduel
2020_18_CLE_PIT,2020,18,ML_AVG_DISAGREEMENT,AVG,8-12,away,225,3.25,10.886598188428948,0.4091764151411392,0.3298233492087026,1,0,2.25,0.3076923076923077,5.5,fanduel
2020_18_CLE_PIT,2020,18,LONG_DOG_201+_CONTEXT,AVG,LONG201+,away,225,3.25,10.886598188428948,0.4091764151411392,0.3298233492087026,1,0,2.25,0.3076923076923077,5.5,fanduel
2020_18_CLE_PIT,2020,18,ML_CORROBORATED_DISAGREEMENT,CORROB,8-12,away,225,3.25,10.886598188428948,0.4091764151411392,0.3298233492087026,1,0,2.25,0.3076923076923077,5.5,fanduel
2020_18_IND_BUF,2020,18,ML_QBELO_DISAGREEMENT,QB_ELO,4-8,away,260,3.6,4.7883018386023934,0.3135523503437232,0.1287884612374035,0,0,-1.0,0.2777777777777778,6.5,fanduel
2020_18_IND_BUF,2020,18,LONG_DOG_201+_CONTEXT,QB_ELO,LONG201+,away,260,3.6,4.7883018386023934,0.3135523503437232,0.1287884612374035,0,0,-1.0,0.2777777777777778,6.5,fanduel
2020_18_IND_BUF,2020,18,ML_XGB_DISAGREEMENT,XGB,12+,away,260,3.6,14.46681757670627,0.41033750772476196,0.47721502780914316,0,0,-1.0,0.2777777777777778,6.5,fanduel
2020_18_IND_BUF,2020,18,LONG_DOG_201+_CONTEXT,XGB,LONG201+,away,260,3.6,14.46681757670627,0.41033750772476196,0.47721502780914316,0,0,-1.0,0.2777777777777778,6.5,fanduel
2020_18_IND_BUF,2020,18,ML_AVG_DISAGREEMENT,AVG,8-12,away,260,3.6,9.627559707654331,0.3619449290342426,0.30300174452327333,0,0,-1.0,0.2777777777777778,6.5,fanduel
2020_18_IND_BUF,2020,18,LONG_DOG_201+_CONTEXT,AVG,LONG201+,away,260,3.6,9.627559707654331,0.3619449290342426,0.30300174452327333,0,0,-1.0,0.2777777777777778,6.5,fanduel
2020_18_IND_BUF,2020,18,ML_CORROBORATED_DISAGREEMENT,CORROB,8-12,away,260,3.6,9.627559707654331,0.3619449290342426,0.30300174452327333,0,0,-1.0,0.2777777777777778,6.5,fanduel
2020_18_LA_SEA,2020,18,ML_QBELO_DISAGREEMENT,QB_ELO,0-2,home,-167,1.5988023952095807,1.7050572000587905,0.6269848305834952,0.0024248488969653703,0,0,-1.0,0.6254681647940076,3.0,draftkings
2020_18_LA_SEA,2020,18,ML_XGB_DISAGREEMENT,XGB,8-12,home,-167,1.5988023952095807,10.128868806092207,0.7112229466438293,0.1371049506221702,0,0,-1.0,0.6254681647940076,3.0,draftkings
2020_18_LA_SEA,2020,18,ML_AVG_DISAGREEMENT,AVG,4-8,home,-167,1.5988023952095807,5.916963003075493,0.6691038886136622,0.06976489975956768,0,0,-1.0,0.6254681647940076,3.0,draftkings
2020_18_LA_SEA,2020,18,ML_CORROBORATED_DISAGREEMENT,CORROB,4-8,home,-167,1.5988023952095807,5.916963003075493,0.6691038886136622,0.06976489975956768,0,0,-1.0,0.6254681647940076,3.0,draftkings
2020_18_TB_WAS,2020,18,ML_QBELO_DISAGREEMENT,QB_ELO,12+,home,385,4.85,13.178811393915574,0.33313039581835036,0.6156824197189992,0,0,-1.0,0.2061855670103093,10.0,fanduel
2020_18_TB_WAS,2020,18,LONG_DOG_201+_CONTEXT,QB_ELO,LONG201+,home,385,4.85,13.178811393915574,0.33313039581835036,0.6156824197189992,0,0,-1.0,0.2061855670103093,10.0,fanduel
2020_18_TB_WAS,2020,18,ML_XGB_DISAGREEMENT,XGB,12+,home,385,4.85,16.894376557945407,0.3702860474586487,0.795887330174446,0,0,-1.0,0.2061855670103093,10.0,fanduel
2020_18_TB_WAS,2020,18,LONG_DOG_201+_CONTEXT,XGB,LONG201+,home,385,4.85,16.894376557945407,0.3702860474586487,0.795887330174446,0,0,-1.0,0.2061855670103093,10.0,fanduel
2020_18_TB_WAS,2020,18,ML_AVG_DISAGREEMENT,AVG,12+,home,385,4.85,15.03659397593049,0.3517082216384995,0.7057848749467226,0,0,-1.0,0.2061855670103093,10.0,fanduel
2020_18_TB_WAS,2020,18,LONG_DOG_201+_CONTEXT,AVG,LONG201+,home,385,4.85,15.03659397593049,0.3517082216384995,0.7057848749467226,0,0,-1.0,0.2061855670103093,10.0,fanduel
2020_18_TB_WAS,2020,18,ML_CORROBORATED_DISAGREEMENT,CORROB,12+,home,385,4.85,15.03659397593049,0.3517082216384995,0.7057848749467226,0,0,-1.0,0.2061855670103093,10.0,fanduel
2020_19_BAL_BUF,2020,19,ML_QBELO_DISAGREEMENT,QB_ELO,4-8,home,-133,1.7518796992481203,4.0584856827925675,0.5984008855224392,0.048326363358859536,1,0,0.75188,0.5708154506437768,2.5,fanduel
2020_19_BAL_BUF,2020,19,ML_XGB_DISAGREEMENT,XGB,2-4,away,123,2.23,2.3982524971368937,0.46616649627685547,0.03955128669738772,0,0,-1.0,0.4484304932735426,2.5,fanduel
2020_19_BAL_BUF,2020,19,ML_DOG_VALUE_ZONE,XGB,ZONE,away,123,2.23,2.3982524971368937,0.46616649627685547,0.03955128669738772,0,0,-1.0,0.4484304932735426,2.5,fanduel
2020_19_BAL_BUF,2020,19,ML_AVG_DISAGREEMENT,AVG,0-2,home,-133,1.7518796992481203,0.8301165928278342,0.5661171946227919,-0.0082307793450338,1,0,0.75188,0.5708154506437768,2.5,fanduel
2020_19_CLE_KC,2020,19,ML_QBELO_DISAGREEMENT,QB_ELO,0-2,away,320,4.2,1.42005298240456,0.21487501907959894,-0.09752491986568446,0,0,-1.0,0.23809523809523808,8.5,draftkings
2020_19_CLE_KC,2020,19,LONG_DOG_201+_CONTEXT,QB_ELO,LONG201+,away,320,4.2,1.42005298240456,0.21487501907959894,-0.09752491986568446,0,0,-1.0,0.23809523809523808,8.5,draftkings
2020_19_CLE_KC,2020,19,ML_XGB_DISAGREEMENT,XGB,12+,away,320,4.2,38.388080883442775,0.5845552980899811,1.4551322519779206,0,0,-1.0,0.23809523809523808,8.5,draftkings
2020_19_CLE_KC,2020,19,LONG_DOG_201+_CONTEXT,XGB,LONG201+,away,320,4.2,38.388080883442775,0.5845552980899811,1.4551322519779206,0,0,-1.0,0.23809523809523808,8.5,draftkings
2020_19_CLE_KC,2020,19,ML_AVG_DISAGREEMENT,AVG,12+,away,320,4.2,19.904066932923666,0.39971515858479,0.6788036660561181,0,0,-1.0,0.23809523809523808,8.5,draftkings
2020_19_CLE_KC,2020,19,LONG_DOG_201+_CONTEXT,AVG,LONG201+,away,320,4.2,19.904066932923666,0.39971515858479,0.6788036660561181,0,0,-1.0,0.23809523809523808,8.5,draftkings
2020_19_CLE_KC,2020,19,ML_CORROBORATED_DISAGREEMENT,CORROB,12+,away,320,4.2,19.904066932923666,0.39971515858479,0.6788036660561181,0,0,-1.0,0.23809523809523808,8.5,draftkings
2020_19_LA_GB,2020,19,ML_QBELO_DISAGREEMENT,QB_ELO,2-4,away,290,3.9,3.8271787046451564,0.29222179467081666,0.13966499921618492,0,0,-1.0,0.25641025641025644,7.0,draftkings
2020_19_LA_GB,2020,19,LONG_DOG_201+_CONTEXT,QB_ELO,LONG201+,away,290,3.9,3.8271787046451564,0.29222179467081666,0.13966499921618492,0,0,-1.0,0.25641025641025644,7.0,draftkings
2020_19_LA_GB,2020,19,ML_XGB_DISAGREEMENT,XGB,4-8,away,290,3.9,4.878603630568862,0.3027360439300537,0.18067057132720943,0,0,-1.0,0.25641025641025644,7.0,draftkings
2020_19_LA_GB,2020,19,LONG_DOG_201+_CONTEXT,XGB,LONG201+,away,290,3.9,4.878603630568862,0.3027360439300537,0.18067057132720943,0,0,-1.0,0.25641025641025644,7.0,draftkings
2020_19_LA_GB,2020,19,ML_AVG_DISAGREEMENT,AVG,4-8,away,290,3.9,4.352891167607015,0.29747891930043524,0.1601677852716974,0,0,-1.0,0.25641025641025644,7.0,draftkings
2020_19_LA_GB,2020,19,LONG_DOG_201+_CONTEXT,AVG,LONG201+,away,290,3.9,4.352891167607015,0.29747891930043524,0.1601677852716974,0,0,-1.0,0.25641025641025644,7.0,draftkings
2020_19_LA_GB,2020,19,ML_CORROBORATED_DISAGREEMENT,CORROB,4-8,away,290,3.9,4.352891167607015,0.29747891930043524,0.1601677852716974,0,0,-1.0,0.25641025641025644,7.0,draftkings
2020_19_TB_NO,2020,19,ML_QBELO_DISAGREEMENT,QB_ELO,8-12,home,-137,1.72992700729927,10.381949191505669,0.6654275508647816,0.1511410916419944,0,0,-1.0,0.5780590717299579,2.5,fanduel
2020_19_TB_NO,2020,19,ML_XGB_DISAGREEMENT,XGB,12+,away,120,2.2,12.46545143330256,0.5630464553833008,0.23870220184326185,1,0,1.2,0.45454545454545453,2.5,fanduel
2020_19_TB_NO,2020,19,ML_AVG_DISAGREEMENT,AVG,0-2,away,120,2.2,1.0417511208984431,0.4488094522592596,-0.012619205029628766,1,0,1.2,0.45454545454545453,2.5,fanduel
2020_19_TB_NO,2020,19,ML_DOG_VALUE_ZONE,AVG,ZONE,away,120,2.2,1.0417511208984431,0.4488094522592596,-0.012619205029628766,1,0,1.2,0.45454545454545453,2.5,fanduel
2020_20_BUF_KC,2020,20,ML_QBELO_DISAGREEMENT,QB_ELO,0-2,home,-149,1.6711409395973154,1.8878915858196677,0.5998868716180651,0.0024955102879073987,1,0,0.671141,0.5983935742971888,3.0,fanduel
2020_20_TB_GB,2020,20,ML_QBELO_DISAGREEMENT,QB_ELO,4-8,home,-167,1.5988023952095807,7.742116492904683,0.6792214548062304,0.08594088882193707,0,0,-1.0,0.6254681647940076,3.0,draftkings
2020_21_KC_TB,2020,21,ML_QBELO_DISAGREEMENT,QB_ELO,2-4,away,-154,1.6493506493506493,2.9202717716156124,0.6208819769515996,0.024052091855235824,0,0,-1.0,0.6062992125984252,3.0,draftkings
2021_01_ARI_TEN,2021,01,ML_QBELO_DISAGREEMENT,QB_ELO,8-12,home,-145,1.6896551724137931,10.91036824604692,0.6820686761340247,0.152460866571283,0,0,-1.0,0.5918367346938775,3.0,draftkings
2021_01_BAL_LV,2021,01,ML_QBELO_DISAGREEMENT,QB_ELO,2-4,home,165,2.65,2.0549110751334365,0.3962510269657673,0.05006522145928338,1,0,1.65,0.37735849056603776,3.5,fanduel
2021_01_CHI_LA,2021,01,ML_QBELO_DISAGREEMENT,QB_ELO,8-12,away,310,4.1,10.662597542535146,0.3427238304512218,0.4051677048500093,0,0,-1.0,0.24390243902439027,8.5,fanduel
2021_01_CHI_LA,2021,01,LONG_DOG_201+_CONTEXT,QB_ELO,LONG201+,away,310,4.1,10.662597542535146,0.3427238304512218,0.4051677048500093,0,0,-1.0,0.24390243902439027,8.5,fanduel
2021_01_CLE_KC,2021,01,ML_QBELO_DISAGREEMENT,QB_ELO,4-8,home,-227,1.4405286343612334,4.659898175764332,0.7229231327271861,0.04139147313563796,1,0,0.440529,0.6941896024464832,5.0,draftkings
2021_01_DAL_TB,2021,01,ML_QBELO_DISAGREEMENT,QB_ELO,4-8,away,350,4.5,4.844909183325338,0.26050244207800655,0.1722609893510294,0,0,-1.0,0.2222222222222222,9.5,fanduel
2021_01_DAL_TB,2021,01,LONG_DOG_201+_CONTEXT,QB_ELO,LONG201+,away,350,4.5,4.844909183325338,0.26050244207800655,0.1722609893510294,0,0,-1.0,0.2222222222222222,9.5,fanduel
2021_01_DEN_NYG,2021,01,ML_QBELO_DISAGREEMENT,QB_ELO,8-12,home,126,2.26,9.625121927717556,0.5257876407575612,0.1882800681120882,0,0,-1.0,0.4424778761061947,3.0,fanduel
2021_01_GB_NO,2021,01,ML_QBELO_DISAGREEMENT,QB_ELO,8-12,home,176,2.76,11.048051544664434,0.4812111966971374,0.3281429028840992,1,0,1.76,0.3623188405797102,3.5,fanduel
2021_01_GB_NO,2021,01,ML_DOG_VALUE_ZONE,QB_ELO,ZONE,home,176,2.76,11.048051544664434,0.4812111966971374,0.3281429028840992,1,0,1.76,0.3623188405797102,3.5,fanduel
2021_01_JAX_HOU,2021,01,ML_QBELO_DISAGREEMENT,QB_ELO,12+,home,160,2.6,31.59019407619058,0.6916038569763387,0.7981700281384807,1,0,1.6,0.3846153846153846,3.5,draftkings
2021_01_LAC_WAS,2021,01,ML_QBELO_DISAGREEMENT,QB_ELO,0-2,away,125,2.25,0.7862123091828821,0.4618167276313748,0.03908763717059327,1,0,1.25,0.4444444444444444,2.5,draftkings
2021_01_LAC_WAS,2021,01,ML_DOG_VALUE_ZONE,QB_ELO,ZONE,away,125,2.25,0.7862123091828821,0.4618167276313748,0.03908763717059327,1,0,1.25,0.4444444444444444,2.5,draftkings
2021_01_MIA_NE,2021,01,ML_QBELO_DISAGREEMENT,QB_ELO,8-12,away,160,2.6,8.933818953715122,0.4632375985348596,0.20441775619063485,1,0,1.6,0.3846153846153846,3.5,fanduel
2021_01_MIA_NE,2021,01,ML_DOG_VALUE_ZONE,QB_ELO,ZONE,away,160,2.6,8.933818953715122,0.4632375985348596,0.20441775619063485,1,0,1.6,0.3846153846153846,3.5,fanduel
2021_01_MIN_CIN,2021,01,ML_QBELO_DISAGREEMENT,QB_ELO,2-4,home,140,2.4,3.9415914450189993,0.46292498964465845,0.11101997514718032,1,0,1.4,0.4166666666666667,3.0,draftkings
2021_01_MIN_CIN,2021,01,ML_DOG_VALUE_ZONE,QB_ELO,ZONE,home,140,2.4,3.9415914450189993,0.46292498964465845,0.11101997514718032,1,0,1.4,0.4166666666666667,3.0,draftkings
2021_01_NYJ_CAR,2021,01,ML_QBELO_DISAGREEMENT,QB_ELO,0-2,home,-189,1.529100529100529,1.3292721838362054,0.642562040587869,-0.017458043757173858,1,0,0.529101,0.6539792387543253,3.5,fanduel
2021_01_PHI_ATL,2021,01,ML_QBELO_DISAGREEMENT,QB_ELO,2-4,home,-189,1.529100529100529,2.1149794761369245,0.6320333950353538,-0.03355740124223672,0,0,-1.0,0.6539792387543253,3.5,fanduel
2021_01_PIT_BUF,2021,01,ML_QBELO_DISAGREEMENT,QB_ELO,2-4,away,235,3.35,3.30622338718205,0.32733963288116763,0.09658777015191156,1,0,2.35,0.29850746268656714,6.5,fanduel
2021_01_PIT_BUF,2021,01,LONG_DOG_201+_CONTEXT,QB_ELO,LONG201+,away,235,3.35,3.30622338718205,0.32733963288116763,0.09658777015191156,1,0,2.35,0.29850746268656714,6.5,fanduel
2021_01_SEA_IND,2021,01,ML_QBELO_DISAGREEMENT,QB_ELO,12+,home,145,2.45,12.305434145058358,0.535682059553806,0.31242104590682485,0,0,-1.0,0.4081632653061224,3.0,draftkings
2021_01_SF_DET,2021,01,ML_QBELO_DISAGREEMENT,QB_ELO,12+,home,350,4.5,20.392869809689902,0.4263486269225218,0.9185688211513481,0,0,-1.0,0.2222222222222222,9.0,draftkings
2021_01_SF_DET,2021,01,LONG_DOG_201+_CONTEXT,QB_ELO,LONG201+,home,350,4.5,20.392869809689902,0.4263486269225218,0.9185688211513481,0,0,-1.0,0.2222222222222222,9.0,draftkings
2021_02_ATL_TB,2021,02,ML_QBELO_DISAGREEMENT,QB_ELO,8-12,away,575,6.75,9.08466798204805,0.23628211585901338,0.5949042820483403,0,0,-1.0,0.14814814814814814,12.5,draftkings
2021_02_ATL_TB,2021,02,LONG_DOG_201+_CONTEXT,QB_ELO,LONG201+,away,575,6.75,9.08466798204805,0.23628211585901338,0.5949042820483403,0,0,-1.0,0.14814814814814814,12.5,draftkings
2021_02_BUF_MIA,2021,02,ML_QBELO_DISAGREEMENT,QB_ELO,12+,home,166,2.66,12.292062567215023,0.48966879193131896,0.3025189865373086,0,0,-1.0,0.37593984962406013,3.5,fanduel
2021_02_BUF_MIA,2021,02,ML_DOG_VALUE_ZONE,QB_ELO,ZONE,home,166,2.66,12.292062567215023,0.48966879193131896,0.3025189865373086,0,0,-1.0,0.37593984962406013,3.5,fanduel
2021_02_CIN_CHI,2021,02,ML_QBELO_DISAGREEMENT,QB_ELO,8-12,home,-122,1.819672131147541,8.89852002300956,0.6338747306844041,0.15344418206506338,1,0,0.819672,0.5495495495495495,1.5,draftkings
2021_02_DAL_LAC,2021,02,ML_QBELO_DISAGREEMENT,QB_ELO,2-4,home,-161,1.62111801242236,3.223720138122177,0.6340374912584054,0.027849597630085654,0,0,-1.0,0.6168582375478928,3.0,draftkings
2021_02_DEN_JAX,2021,02,ML_QBELO_DISAGREEMENT,QB_ELO,4-8,home,225,3.25,5.531850802649474,0.35693162989175165,0.16002779714819293,0,0,-1.0,0.3076923076923077,6.0,draftkings
2021_02_DEN_JAX,2021,02,LONG_DOG_201+_CONTEXT,QB_ELO,LONG201+,home,225,3.25,5.531850802649474,0.35693162989175165,0.16002779714819293,0,0,-1.0,0.3076923076923077,6.0,draftkings
2021_02_DET_GB,2021,02,ML_QBELO_DISAGREEMENT,QB_ELO,2-4,home,-588,1.1700680272108843,3.148770925943456,0.8391800169517422,-0.018102293090478616,1,0,0.170068,0.8546511627906977,11.5,fanduel
2021_02_HOU_CLE,2021,02,ML_QBELO_DISAGREEMENT,QB_ELO,12+,away,540,6.4,20.845978513695417,0.3535218329656975,1.262539730980464,0,0,-1.0,0.15625,13.5,draftkings
2021_02_HOU_CLE,2021,02,LONG_DOG_201+_CONTEXT,QB_ELO,LONG201+,away,540,6.4,20.845978513695417,0.3535218329656975,1.262539730980464,0,0,-1.0,0.15625,13.5,draftkings
2021_02_KC_BAL,2021,02,ML_QBELO_DISAGREEMENT,QB_ELO,8-12,home,170,2.7,10.684600869380212,0.47534872397696737,0.28344155473781196,1,0,1.7,0.37037037037037035,3.5,draftkings
2021_02_KC_BAL,2021,02,ML_DOG_VALUE_ZONE,QB_ELO,ZONE,home,170,2.7,10.684600869380212,0.47534872397696737,0.28344155473781196,1,0,1.7,0.37037037037037035,3.5,draftkings
2021_02_LA_IND,2021,02,ML_QBELO_DISAGREEMENT,QB_ELO,12+,home,172,2.7199999999999998,16.111409661433772,0.5038237280902146,0.3704005404053836,0,0,-1.0,0.36764705882352944,4.5,fanduel
2021_02_LV_PIT,2021,02,ML_QBELO_DISAGREEMENT,QB_ELO,0-2,away,200,3.0,1.9242197872765043,0.3383146838594464,0.014944051578339224,1,0,2.0,0.3333333333333333,5.5,draftkings
2021_02_MIN_ARI,2021,02,ML_QBELO_DISAGREEMENT,QB_ELO,2-4,away,165,2.65,3.2243144498279808,0.3963926852162466,0.05044061582305348,0,0,-1.0,0.37735849056603776,3.5,fanduel
2021_02_NE_NYJ,2021,02,ML_QBELO_DISAGREEMENT,QB_ELO,8-12,home,205,3.05,8.235568796846627,0.39654048068086634,0.20944846607664225,0,0,-1.0,0.3278688524590164,6.0,draftkings
2021_02_NE_NYJ,2021,02,LONG_DOG_201+_CONTEXT,QB_ELO,LONG201+,home,205,3.05,8.235568796846627,0.39654048068086634,0.20944846607664225,0,0,-1.0,0.3278688524590164,6.0,draftkings
2021_02_NO_CAR,2021,02,ML_QBELO_DISAGREEMENT,QB_ELO,8-12,away,-154,1.6493506493506493,11.390396283245297,0.7045698559543507,0.16208274943120182,0,0,-1.0,0.6062992125984252,-3.0,draftkings
2021_02_NYG_WAS,2021,02,ML_QBELO_DISAGREEMENT,QB_ELO,0-2,away,170,2.7,1.0134891925150713,0.36790787761423127,-0.0066487304415755455,0,0,-1.0,0.37037037037037035,4.0,draftkings
2021_02_SF_PHI,2021,02,ML_QBELO_DISAGREEMENT,QB_ELO,4-8,home,135,2.35,7.039100342000354,0.4904304565184322,0.15251157281831573,0,0,-1.0,0.425531914893617,3.0,fanduel
2021_02_SF_PHI,2021,02,ML_DOG_VALUE_ZONE,QB_ELO,ZONE,home,135,2.35,7.039100342000354,0.4904304565184322,0.15251157281831573,0,0,-1.0,0.425531914893617,3.0,fanduel
2021_02_TEN_SEA,2021,02,ML_QBELO_DISAGREEMENT,QB_ELO,0-2,away,225,3.25,1.1245144212063407,0.31155557746891316,0.01255562677396771,1,0,2.25,0.3076923076923077,6.5,fanduel
2021_02_TEN_SEA,2021,02,LONG_DOG_201+_CONTEXT,QB_ELO,LONG201+,away,225,3.25,1.1245144212063407,0.31155557746891316,0.01255562677396771,1,0,2.25,0.3076923076923077,6.5,fanduel
2021_03_ARI_JAX,2021,03,ML_QBELO_DISAGREEMENT,QB_ELO,4-8,home,300,4.0,5.836350130549195,0.29490099501460115,0.1796039800584046,0,0,-1.0,0.25,8.0,draftkings
2021_03_ARI_JAX,2021,03,LONG_DOG_201+_CONTEXT,QB_ELO,LONG201+,home,300,4.0,5.836350130549195,0.29490099501460115,0.1796039800584046,0,0,-1.0,0.25,8.0,draftkings
2021_03_ARI_JAX,2021,03,ML_XGB_DISAGREEMENT,XGB,4-8,home,300,4.0,5.960407113692962,0.2961415648460388,0.18456625938415527,0,0,-1.0,0.25,8.0,draftkings
2021_03_ARI_JAX,2021,03,LONG_DOG_201+_CONTEXT,XGB,LONG201+,home,300,4.0,5.960407113692962,0.2961415648460388,0.18456625938415527,0,0,-1.0,0.25,8.0,draftkings
2021_03_ARI_JAX,2021,03,ML_AVG_DISAGREEMENT,AVG,4-8,home,300,4.0,5.898378622121076,0.29552127993031996,0.18208511972127983,0,0,-1.0,0.25,8.0,draftkings
2021_03_ARI_JAX,2021,03,LONG_DOG_201+_CONTEXT,AVG,LONG201+,home,300,4.0,5.898378622121076,0.29552127993031996,0.18208511972127983,0,0,-1.0,0.25,8.0,draftkings
2021_03_ARI_JAX,2021,03,ML_CORROBORATED_DISAGREEMENT,CORROB,4-8,home,300,4.0,5.898378622121076,0.29552127993031996,0.18208511972127983,0,0,-1.0,0.25,8.0,draftkings
2021_03_ATL_NYG,2021,03,ML_QBELO_DISAGREEMENT,QB_ELO,4-8,away,130,2.3,5.546021989782352,0.482495226224268,0.1097390203158164,1,0,1.3,0.4347826086956522,2.5,draftkings
2021_03_ATL_NYG,2021,03,ML_DOG_VALUE_ZONE,QB_ELO,ZONE,away,130,2.3,5.546021989782352,0.482495226224268,0.1097390203158164,1,0,1.3,0.4347826086956522,2.5,draftkings
2021_03_ATL_NYG,2021,03,ML_XGB_DISAGREEMENT,XGB,2-4,away,130,2.3,2.115985508560386,0.44819486141204834,0.03084818124771105,1,0,1.3,0.4347826086956522,2.5,draftkings
2021_03_ATL_NYG,2021,03,ML_DOG_VALUE_ZONE,XGB,ZONE,away,130,2.3,2.115985508560386,0.44819486141204834,0.03084818124771105,1,0,1.3,0.4347826086956522,2.5,draftkings
2021_03_ATL_NYG,2021,03,ML_AVG_DISAGREEMENT,AVG,2-4,away,130,2.3,3.831003749171363,0.4653450438181581,0.07029360078176361,1,0,1.3,0.4347826086956522,2.5,draftkings
2021_03_ATL_NYG,2021,03,ML_DOG_VALUE_ZONE,AVG,ZONE,away,130,2.3,3.831003749171363,0.4653450438181581,0.07029360078176361,1,0,1.3,0.4347826086956522,2.5,draftkings
2021_03_ATL_NYG,2021,03,ML_CORROBORATED_DISAGREEMENT,CORROB,2-4,away,130,2.3,3.831003749171363,0.4653450438181581,0.07029360078176361,1,0,1.3,0.4347826086956522,2.5,draftkings
2021_03_ATL_NYG,2021,03,ML_DOG_VALUE_ZONE,CORROB,ZONE,away,130,2.3,3.831003749171363,0.4653450438181581,0.07029360078176361,1,0,1.3,0.4347826086956522,2.5,draftkings
2021_03_BAL_DET,2021,03,ML_QBELO_DISAGREEMENT,QB_ELO,2-4,home,310,4.1,2.5204147795672234,0.25869811172830676,0.06066225808605763,0,0,-1.0,0.24390243902439027,8.0,draftkings
2021_03_BAL_DET,2021,03,LONG_DOG_201+_CONTEXT,QB_ELO,LONG201+,home,310,4.1,2.5204147795672234,0.25869811172830676,0.06066225808605763,0,0,-1.0,0.24390243902439027,8.0,draftkings
2021_03_BAL_DET,2021,03,ML_XGB_DISAGREEMENT,XGB,8-12,home,310,4.1,9.482758238351233,0.32832154631614685,0.346118339896202,0,0,-1.0,0.24390243902439027,8.0,draftkings
2021_03_BAL_DET,2021,03,LONG_DOG_201+_CONTEXT,XGB,LONG201+,home,310,4.1,9.482758238351233,0.32832154631614685,0.346118339896202,0,0,-1.0,0.24390243902439027,8.0,draftkings
2021_03_BAL_DET,2021,03,ML_AVG_DISAGREEMENT,AVG,4-8,home,310,4.1,6.0015865089592255,0.2935098290222268,0.2033902989911296,0,0,-1.0,0.24390243902439027,8.0,draftkings
2021_03_BAL_DET,2021,03,LONG_DOG_201+_CONTEXT,AVG,LONG201+,home,310,4.1,6.0015865089592255,0.2935098290222268,0.2033902989911296,0,0,-1.0,0.24390243902439027,8.0,draftkings
2021_03_BAL_DET,2021,03,ML_CORROBORATED_DISAGREEMENT,CORROB,4-8,home,310,4.1,6.0015865089592255,0.2935098290222268,0.2033902989911296,0,0,-1.0,0.24390243902439027,8.0,draftkings
2021_03_CAR_HOU,2021,03,ML_QBELO_DISAGREEMENT,QB_ELO,12+,home,315,4.15,27.506357826699013,0.5028754103908071,1.0869329531218495,0,0,-1.0,0.24096385542168672,,
2021_03_CAR_HOU,2021,03,LONG_DOG_201+_CONTEXT,QB_ELO,LONG201+,home,315,4.15,27.506357826699013,0.5028754103908071,1.0869329531218495,0,0,-1.0,0.24096385542168672,,
2021_03_CAR_HOU,2021,03,ML_XGB_DISAGREEMENT,XGB,12+,home,315,4.15,31.14551714124074,0.5392670035362244,1.2379580646753312,0,0,-1.0,0.24096385542168672,,
2021_03_CAR_HOU,2021,03,LONG_DOG_201+_CONTEXT,XGB,LONG201+,home,315,4.15,31.14551714124074,0.5392670035362244,1.2379580646753312,0,0,-1.0,0.24096385542168672,,
2021_03_CAR_HOU,2021,03,ML_AVG_DISAGREEMENT,AVG,12+,home,315,4.15,29.325937483969877,0.5210712069635157,1.1624455088985903,0,0,-1.0,0.24096385542168672,,
2021_03_CAR_HOU,2021,03,LONG_DOG_201+_CONTEXT,AVG,LONG201+,home,315,4.15,29.325937483969877,0.5210712069635157,1.1624455088985903,0,0,-1.0,0.24096385542168672,,
2021_03_CAR_HOU,2021,03,ML_CORROBORATED_DISAGREEMENT,CORROB,12+,home,315,4.15,29.325937483969877,0.5210712069635157,1.1624455088985903,0,0,-1.0,0.24096385542168672,,
2021_03_CHI_CLE,2021,03,ML_QBELO_DISAGREEMENT,QB_ELO,12+,away,300,4.0,14.11258023230801,0.3763492646122548,0.5053970584490193,0,0,-1.0,0.25,7.5,draftkings
2021_03_CHI_CLE,2021,03,LONG_DOG_201+_CONTEXT,QB_ELO,LONG201+,away,300,4.0,14.11258023230801,0.3763492646122548,0.5053970584490193,0,0,-1.0,0.25,7.5,draftkings
2021_03_CHI_CLE,2021,03,ML_XGB_DISAGREEMENT,XGB,4-8,away,300,4.0,6.348008900324473,0.29870355129241943,0.19481420516967773,0,0,-1.0,0.25,7.5,draftkings
2021_03_CHI_CLE,2021,03,LONG_DOG_201+_CONTEXT,XGB,LONG201+,away,300,4.0,6.348008900324473,0.29870355129241943,0.19481420516967773,0,0,-1.0,0.25,7.5,draftkings
2021_03_CHI_CLE,2021,03,ML_AVG_DISAGREEMENT,AVG,8-12,away,300,4.0,10.230294566316243,0.3375264079523371,0.3501056318093485,0,0,-1.0,0.25,7.5,draftkings
2021_03_CHI_CLE,2021,03,LONG_DOG_201+_CONTEXT,AVG,LONG201+,away,300,4.0,10.230294566316243,0.3375264079523371,0.3501056318093485,0,0,-1.0,0.25,7.5,draftkings
2021_03_CHI_CLE,2021,03,ML_CORROBORATED_DISAGREEMENT,CORROB,8-12,away,300,4.0,10.230294566316243,0.3375264079523371,0.3501056318093485,0,0,-1.0,0.25,7.5,draftkings
2021_03_CIN_PIT,2021,03,ML_QBELO_DISAGREEMENT,QB_ELO,12+,home,-141,1.7092198581560285,15.489893459936422,0.724280344741236,0.23795434810381488,0,0,-1.0,0.5850622406639003,2.5,draftkings
2021_03_CIN_PIT,2021,03,ML_XGB_DISAGREEMENT,XGB,2-4,away,126,2.26,2.3420745392726317,0.4540393352508545,0.02612889766693116,1,0,1.26,0.4424778761061947,2.5,draftkings
2021_03_CIN_PIT,2021,03,ML_DOG_VALUE_ZONE,XGB,ZONE,away,126,2.26,2.3420745392726317,0.4540393352508545,0.02612889766693116,1,0,1.26,0.4424778761061947,2.5,draftkings
2021_03_CIN_PIT,2021,03,ML_AVG_DISAGREEMENT,AVG,4-8,home,-141,1.7092198581560285,6.573909460331895,0.6351205047451908,0.0855605790325602,0,0,-1.0,0.5850622406639003,2.5,draftkings
2021_03_GB_SF,2021,03,ML_QBELO_DISAGREEMENT,QB_ELO,12+,away,150,2.5,16.237106114096424,0.5533907878665034,0.38347696966625855,1,0,1.5,0.4,3.0,draftkings
2021_03_GB_SF,2021,03,ML_XGB_DISAGREEMENT,XGB,8-12,away,150,2.5,10.374102499870396,0.49476075172424316,0.2369018793106079,1,0,1.5,0.4,3.0,draftkings
2021_03_GB_SF,2021,03,ML_DOG_VALUE_ZONE,XGB,ZONE,away,150,2.5,10.374102499870396,0.49476075172424316,0.2369018793106079,1,0,1.5,0.4,3.0,draftkings
2021_03_GB_SF,2021,03,ML_AVG_DISAGREEMENT,AVG,12+,away,150,2.5,13.30560430698341,0.5240757697953733,0.3101894244884331,1,0,1.5,0.4,3.0,draftkings
2021_03_GB_SF,2021,03,ML_CORROBORATED_DISAGREEMENT,CORROB,12+,away,150,2.5,13.30560430698341,0.5240757697953733,0.3101894244884331,1,0,1.5,0.4,3.0,draftkings
2021_03_IND_TEN,2021,03,ML_QBELO_DISAGREEMENT,QB_ELO,4-8,away,185,2.85,7.072750743796852,0.4078049490955711,0.1622441049223775,0,0,-1.0,0.3508771929824561,4.5,fanduel
2021_03_IND_TEN,2021,03,ML_DOG_VALUE_ZONE,QB_ELO,ZONE,away,185,2.85,7.072750743796852,0.4078049490955711,0.1622441049223775,0,0,-1.0,0.3508771929824561,4.5,fanduel
2021_03_IND_TEN,2021,03,ML_XGB_DISAGREEMENT,XGB,8-12,away,185,2.85,10.299443915981076,0.44007188081741333,0.2542048603296281,0,0,-1.0,0.3508771929824561,4.5,fanduel
2021_03_IND_TEN,2021,03,ML_DOG_VALUE_ZONE,XGB,ZONE,away,185,2.85,10.299443915981076,0.44007188081741333,0.2542048603296281,0,0,-1.0,0.3508771929824561,4.5,fanduel
2021_03_IND_TEN,2021,03,ML_AVG_DISAGREEMENT,AVG,8-12,away,185,2.85,8.686097329888964,0.4239384149564922,0.2082244826260029,0,0,-1.0,0.3508771929824561,4.5,fanduel
2021_03_IND_TEN,2021,03,ML_DOG_VALUE_ZONE,AVG,ZONE,away,185,2.85,8.686097329888964,0.4239384149564922,0.2082244826260029,0,0,-1.0,0.3508771929824561,4.5,fanduel
2021_03_IND_TEN,2021,03,ML_CORROBORATED_DISAGREEMENT,CORROB,8-12,away,185,2.85,8.686097329888964,0.4239384149564922,0.2082244826260029,0,0,-1.0,0.3508771929824561,4.5,fanduel
2021_03_IND_TEN,2021,03,ML_DOG_VALUE_ZONE,CORROB,ZONE,away,185,2.85,8.686097329888964,0.4239384149564922,0.2082244826260029,0,0,-1.0,0.3508771929824561,4.5,fanduel
2021_03_LAC_KC,2021,03,ML_QBELO_DISAGREEMENT,QB_ELO,4-8,home,-294,1.3401360544217686,4.02073456537101,0.7613338212992373,0.0202909033738079,0,0,-1.0,0.7461928934010152,7.0,draftkings
2021_03_LAC_KC,2021,03,ML_XGB_DISAGREEMENT,XGB,12+,away,260,3.6,18.738374979637562,0.4662572741508484,0.6785261869430543,1,0,2.6,0.2777777777777778,7.0,draftkings
2021_03_LAC_KC,2021,03,LONG_DOG_201+_CONTEXT,XGB,LONG201+,away,260,3.6,18.738374979637562,0.4662572741508484,0.6785261869430543,1,0,2.6,0.2777777777777778,7.0,draftkings
2021_03_LAC_KC,2021,03,ML_AVG_DISAGREEMENT,AVG,4-8,away,260,3.6,7.3588202071332764,0.35246172642580553,0.2688622151328999,1,0,2.6,0.2777777777777778,7.0,draftkings
2021_03_LAC_KC,2021,03,LONG_DOG_201+_CONTEXT,AVG,LONG201+,away,260,3.6,7.3588202071332764,0.35246172642580553,0.2688622151328999,1,0,2.6,0.2777777777777778,7.0,draftkings
2021_03_MIA_LV,2021,03,ML_QBELO_DISAGREEMENT,QB_ELO,0-2,away,156,2.56,1.6228416780625698,0.3887416925197079,-0.00482126714954767,0,0,-1.0,0.390625,-3.5,draftkings
2021_03_MIA_LV,2021,03,ML_XGB_DISAGREEMENT,XGB,8-12,home,-179,1.558659217877095,9.484170019281745,0.7223284244537354,0.12586385710945347,1,0,0.558659,0.6415770609318996,-3.5,draftkings
2021_03_MIA_LV,2021,03,ML_AVG_DISAGREEMENT,AVG,2-4,home,-179,1.558659217877095,3.930664170609588,0.6667933659670138,0.03930362628378137,1,0,0.558659,0.6415770609318996,-3.5,draftkings
2021_03_NO_NE,2021,03,ML_QBELO_DISAGREEMENT,QB_ELO,12+,away,130,2.3,15.578817281442298,0.5758276259128516,0.3244035395995586,1,0,1.3,0.4347826086956522,3.0,fanduel
2021_03_NO_NE,2021,03,ML_XGB_DISAGREEMENT,XGB,12+,away,130,2.3,14.483734171663482,0.5648767948150635,0.299216628074646,1,0,1.3,0.4347826086956522,3.0,fanduel
2021_03_NO_NE,2021,03,ML_AVG_DISAGREEMENT,AVG,12+,away,130,2.3,15.03127572655289,0.5703522103639576,0.3118100838371023,1,0,1.3,0.4347826086956522,3.0,fanduel
2021_03_NO_NE,2021,03,ML_CORROBORATED_DISAGREEMENT,CORROB,12+,away,130,2.3,15.03127572655289,0.5703522103639576,0.3118100838371023,1,0,1.3,0.4347826086956522,3.0,fanduel
2021_03_NYJ_DEN,2021,03,ML_QBELO_DISAGREEMENT,QB_ELO,4-8,away,440,5.4,6.592406667888912,0.24255303813823215,0.3097864059464537,0,0,-1.0,0.18518518518518517,10.0,fanduel
2021_03_NYJ_DEN,2021,03,LONG_DOG_201+_CONTEXT,QB_ELO,LONG201+,away,440,5.4,6.592406667888912,0.24255303813823215,0.3097864059464537,0,0,-1.0,0.18518518518518517,10.0,fanduel
2021_03_NYJ_DEN,2021,03,ML_XGB_DISAGREEMENT,XGB,8-12,away,440,5.4,10.737255775742332,0.28400152921676636,0.5336082577705383,0,0,-1.0,0.18518518518518517,10.0,fanduel
2021_03_NYJ_DEN,2021,03,LONG_DOG_201+_CONTEXT,XGB,LONG201+,away,440,5.4,10.737255775742332,0.28400152921676636,0.5336082577705383,0,0,-1.0,0.18518518518518517,10.0,fanduel
2021_03_NYJ_DEN,2021,03,ML_AVG_DISAGREEMENT,AVG,8-12,away,440,5.4,8.664831221815621,0.26327728367749925,0.421697331858496,0,0,-1.0,0.18518518518518517,10.0,fanduel
2021_03_NYJ_DEN,2021,03,LONG_DOG_201+_CONTEXT,AVG,LONG201+,away,440,5.4,8.664831221815621,0.26327728367749925,0.421697331858496,0,0,-1.0,0.18518518518518517,10.0,fanduel
2021_03_NYJ_DEN,2021,03,ML_CORROBORATED_DISAGREEMENT,CORROB,8-12,away,440,5.4,8.664831221815621,0.26327728367749925,0.421697331858496,0,0,-1.0,0.18518518518518517,10.0,fanduel
2021_03_PHI_DAL,2021,03,ML_QBELO_DISAGREEMENT,QB_ELO,0-2,away,158,2.58,1.677957460176993,0.3906789835994783,0.007951777686654005,0,0,-1.0,0.38759689922480617,3.5,draftkings
2021_03_PHI_DAL,2021,03,ML_XGB_DISAGREEMENT,XGB,0-2,away,158,2.58,0.7196715651339503,0.38109612464904785,-0.016771998405456512,0,0,-1.0,0.38759689922480617,3.5,draftkings
2021_03_PHI_DAL,2021,03,ML_AVG_DISAGREEMENT,AVG,0-2,away,158,2.58,1.1988145126554661,0.385887554124263,-0.00441011035940142,0,0,-1.0,0.38759689922480617,3.5,draftkings
2021_03_PHI_DAL,2021,03,ML_CORROBORATED_DISAGREEMENT,CORROB,0-2,away,158,2.58,1.1988145126554661,0.385887554124263,-0.00441011035940142,0,0,-1.0,0.38759689922480617,3.5,draftkings
2021_03_SEA_MIN,2021,03,ML_QBELO_DISAGREEMENT,QB_ELO,4-8,away,-130,1.7692307692307692,6.604059104542259,0.605068208045588,0.07050529115757875,0,0,-1.0,0.5652173913043479,2.5,fanduel
2021_03_SEA_MIN,2021,03,ML_XGB_DISAGREEMENT,XGB,2-4,home,118,2.1799999999999997,2.905990245205442,0.49003228545188904,0.06827038228511806,1,0,1.18,0.4587155963302753,2.5,fanduel
2021_03_SEA_MIN,2021,03,ML_DOG_VALUE_ZONE,XGB,ZONE,home,118,2.1799999999999997,2.905990245205442,0.49003228545188904,0.06827038228511806,1,0,1.18,0.4587155963302753,2.5,fanduel
2021_03_SEA_MIN,2021,03,ML_AVG_DISAGREEMENT,AVG,0-2,away,-130,1.7692307692307692,1.8490344296684058,0.5575179612968495,-0.013622068474804738,0,0,-1.0,0.5652173913043479,2.5,fanduel
2021_03_TB_LA,2021,03,ML_QBELO_DISAGREEMENT,QB_ELO,4-8,home,100,2.0,5.4952124293578315,0.5479805682422677,0.09596113648453541,1,0,1.0,0.5,-1.0,draftkings
2021_03_TB_LA,2021,03,ML_XGB_DISAGREEMENT,XGB,0-2,away,-112,1.8928571428571428,0.6475311414662288,0.5134468674659729,-0.028118429439408454,0,0,-1.0,0.5283018867924528,-1.0,draftkings
2021_03_TB_LA,2021,03,ML_AVG_DISAGREEMENT,AVG,2-4,home,100,2.0,2.423840643945807,0.5172668503881475,0.03453370077629492,1,0,1.0,0.5,-1.0,draftkings
2021_03_WAS_BUF,2021,03,ML_QBELO_DISAGREEMENT,QB_ELO,2-4,home,-333,1.3003003003003002,3.7710483162311514,0.7700999859247424,0.0013612429591993713,1,0,0.3003,0.76905311778291,7.0,fanduel
2021_03_WAS_BUF,2021,03,ML_XGB_DISAGREEMENT,XGB,2-4,away,280,3.8,2.9921167133921456,0.2975316643714905,0.13062032461166373,0,0,-1.0,0.2631578947368421,7.0,fanduel
2021_03_WAS_BUF,2021,03,LONG_DOG_201+_CONTEXT,XGB,LONG201+,away,280,3.8,2.9921167133921456,0.2975316643714905,0.13062032461166373,0,0,-1.0,0.2631578947368421,7.0,fanduel
2021_03_WAS_BUF,2021,03,ML_AVG_DISAGREEMENT,AVG,0-2,home,-333,1.3003003003003002,0.3894658014195085,0.736284160776626,-0.04260948463579872,1,0,0.3003,0.76905311778291,7.0,fanduel
2021_04_ARI_LA,2021,04,ML_QBELO_DISAGREEMENT,QB_ELO,4-8,home,-196,1.510204081632653,4.372495511983243,0.6851083310286553,0.034653397880010095,0,0,-1.0,0.6621621621621622,3.5,fanduel
2021_04_ARI_LA,2021,04,ML_XGB_DISAGREEMENT,XGB,4-8,away,170,2.7,5.230602243134491,0.410922646522522,0.10949114561080941,1,0,1.7,0.37037037037037035,3.5,fanduel
2021_04_ARI_LA,2021,04,ML_DOG_VALUE_ZONE,XGB,ZONE,away,170,2.7,5.230602243134491,0.410922646522522,0.10949114561080941,1,0,1.7,0.37037037037037035,3.5,fanduel
2021_04_ARI_LA,2021,04,ML_AVG_DISAGREEMENT,AVG,0-2,away,170,2.7,0.42905336557563234,0.3629071577469334,-0.02015067408327975,1,0,1.7,0.37037037037037035,3.5,fanduel
2021_04_BAL_DEN,2021,04,ML_QBELO_DISAGREEMENT,QB_ELO,8-12,away,100,2.0,9.104944776385382,0.5541089780295916,0.10821795605918316,1,0,1.0,0.5,-1.0,draftkings
2021_04_BAL_DEN,2021,04,ML_XGB_DISAGREEMENT,XGB,2-4,away,100,2.0,2.4131550781320343,0.4871910810470581,-0.02561783790588379,1,0,1.0,0.5,-1.0,draftkings
2021_04_BAL_DEN,2021,04,ML_AVG_DISAGREEMENT,AVG,4-8,away,100,2.0,5.759049927258708,0.5206500295383248,0.04130005907664969,1,0,1.0,0.5,-1.0,draftkings
2021_04_BAL_DEN,2021,04,ML_CORROBORATED_DISAGREEMENT,CORROB,4-8,away,100,2.0,5.759049927258708,0.5206500295383248,0.04130005907664969,1,0,1.0,0.5,-1.0,draftkings
2021_04_CAR_DAL,2021,04,ML_QBELO_DISAGREEMENT,QB_ELO,8-12,away,176,2.76,11.377900298418886,0.46342935263453855,0.2790650132713264,0,0,-1.0,0.3623188405797102,4.5,fanduel
2021_04_CAR_DAL,2021,04,ML_DOG_VALUE_ZONE,QB_ELO,ZONE,away,176,2.76,11.377900298418886,0.46342935263453855,0.2790650132713264,0,0,-1.0,0.3623188405797102,4.5,fanduel
2021_04_CAR_DAL,2021,04,ML_XGB_DISAGREEMENT,XGB,0-2,away,176,2.76,0.1379463639292644,0.35102981328964233,-0.031157715320587198,0,0,-1.0,0.3623188405797102,4.5,fanduel
2021_04_CAR_DAL,2021,04,ML_AVG_DISAGREEMENT,AVG,4-8,away,176,2.76,5.757923331174075,0.40722958296209044,0.12395364897536942,0,0,-1.0,0.3623188405797102,4.5,fanduel
2021_04_CAR_DAL,2021,04,ML_DOG_VALUE_ZONE,AVG,ZONE,away,176,2.76,5.757923331174075,0.40722958296209044,0.12395364897536942,0,0,-1.0,0.3623188405797102,4.5,fanduel
2021_04_CAR_DAL,2021,04,ML_CORROBORATED_DISAGREEMENT,CORROB,4-8,away,176,2.76,5.757923331174075,0.40722958296209044,0.12395364897536942,0,0,-1.0,0.3623188405797102,4.5,fanduel
2021_04_CAR_DAL,2021,04,ML_DOG_VALUE_ZONE,CORROB,ZONE,away,176,2.76,5.757923331174075,0.40722958296209044,0.12395364897536942,0,0,-1.0,0.3623188405797102,4.5,fanduel
2021_04_CLE_MIN,2021,04,ML_QBELO_DISAGREEMENT,QB_ELO,0-2,home,-102,1.9803921568627452,0.5202742461465626,0.5028797541693266,-0.004100878998000157,0,0,-1.0,0.504950495049505,1.0,draftkings
2021_04_CLE_MIN,2021,04,ML_XGB_DISAGREEMENT,XGB,4-8,away,-115,1.8695652173913042,4.861719749315451,0.5509401857852936,0.030018608207287967,1,0,0.869565,0.5348837209302326,1.0,draftkings
2021_04_CLE_MIN,2021,04,ML_AVG_DISAGREEMENT,AVG,2-4,away,-115,1.8695652173913042,2.170722751584442,0.5240302158079835,-0.020291335663335297,1,0,0.869565,0.5348837209302326,1.0,draftkings
2021_04_DET_CHI,2021,04,ML_QBELO_DISAGREEMENT,QB_ELO,12+,home,-143,1.6993006993006992,14.995838847405974,0.7193397986159316,0.22237462282287668,1,0,0.699301,0.5884773662551441,3.0,fanduel
2021_04_DET_CHI,2021,04,ML_XGB_DISAGREEMENT,XGB,8-12,away,125,2.25,10.886537458507862,0.5394839644432068,0.21383891999721527,0,0,-1.0,0.4444444444444444,3.0,fanduel
2021_04_DET_CHI,2021,04,ML_AVG_DISAGREEMENT,AVG,2-4,home,-143,1.6993006993006992,2.054650694449056,0.5899279170863624,0.00246492204186044,1,0,0.699301,0.5884773662551441,3.0,fanduel
2021_04_HOU_BUF,2021,04,ML_QBELO_DISAGREEMENT,QB_ELO,8-12,away,1040,11.4,9.01263443137725,0.18087960229044375,1.0620274661110587,0,0,-1.0,0.08771929824561403,18.5,draftkings
2021_04_HOU_BUF,2021,04,LONG_DOG_201+_CONTEXT,QB_ELO,LONG201+,away,1040,11.4,9.01263443137725,0.18087960229044375,1.0620274661110587,0,0,-1.0,0.08771929824561403,18.5,draftkings
2021_04_HOU_BUF,2021,04,ML_XGB_DISAGREEMENT,XGB,12+,away,1040,11.4,21.084994007478137,0.30160319805145264,2.4382764577865603,0,0,-1.0,0.08771929824561403,18.5,draftkings
2021_04_HOU_BUF,2021,04,LONG_DOG_201+_CONTEXT,XGB,LONG201+,away,1040,11.4,21.084994007478137,0.30160319805145264,2.4382764577865603,0,0,-1.0,0.08771929824561403,18.5,draftkings
2021_04_HOU_BUF,2021,04,ML_AVG_DISAGREEMENT,AVG,12+,away,1040,11.4,15.048814219427694,0.2412414001709482,1.7501519619488093,0,0,-1.0,0.08771929824561403,18.5,draftkings
2021_04_HOU_BUF,2021,04,LONG_DOG_201+_CONTEXT,AVG,LONG201+,away,1040,11.4,15.048814219427694,0.2412414001709482,1.7501519619488093,0,0,-1.0,0.08771929824561403,18.5,draftkings
2021_04_HOU_BUF,2021,04,ML_CORROBORATED_DISAGREEMENT,CORROB,12+,away,1040,11.4,15.048814219427694,0.2412414001709482,1.7501519619488093,0,0,-1.0,0.08771929824561403,18.5,draftkings
2021_04_IND_MIA,2021,04,ML_QBELO_DISAGREEMENT,QB_ELO,0-2,away,125,2.25,0.6099897706011048,0.4320644532479325,-0.027854980192151824,1,0,1.25,0.4444444444444444,2.5,draftkings
2021_04_IND_MIA,2021,04,ML_DOG_VALUE_ZONE,QB_ELO,ZONE,away,125,2.25,0.6099897706011048,0.4320644532479325,-0.027854980192151824,1,0,1.25,0.4444444444444444,2.5,draftkings
2021_04_IND_MIA,2021,04,ML_XGB_DISAGREEMENT,XGB,8-12,away,125,2.25,10.26421274739019,0.5286066830158234,0.18936503678560257,1,0,1.25,0.4444444444444444,2.5,draftkings
2021_04_IND_MIA,2021,04,ML_AVG_DISAGREEMENT,AVG,4-8,away,125,2.25,5.4371012589956464,0.48033556813187794,0.08075502829672532,1,0,1.25,0.4444444444444444,2.5,draftkings
2021_04_IND_MIA,2021,04,ML_DOG_VALUE_ZONE,AVG,ZONE,away,125,2.25,5.4371012589956464,0.48033556813187794,0.08075502829672532,1,0,1.25,0.4444444444444444,2.5,draftkings
2021_04_IND_MIA,2021,04,ML_CORROBORATED_DISAGREEMENT,CORROB,4-8,away,125,2.25,5.4371012589956464,0.48033556813187794,0.08075502829672532,1,0,1.25,0.4444444444444444,2.5,draftkings
2021_04_IND_MIA,2021,04,ML_DOG_VALUE_ZONE,CORROB,ZONE,away,125,2.25,5.4371012589956464,0.48033556813187794,0.08075502829672532,1,0,1.25,0.4444444444444444,2.5,draftkings
2021_04_JAX_CIN,2021,04,ML_QBELO_DISAGREEMENT,QB_ELO,2-4,home,-333,1.3003003003003002,2.410341565633789,0.7691575842856361,0.00013583782486614737,1,0,0.3003,0.76905311778291,7.5,fanduel
2021_04_JAX_CIN,2021,04,ML_XGB_DISAGREEMENT,XGB,2-4,home,-333,1.3003003003003002,2.6556925845494295,0.7716110944747925,0.003326137860615974,1,0,0.3003,0.76905311778291,7.5,fanduel
2021_04_JAX_CIN,2021,04,ML_AVG_DISAGREEMENT,AVG,2-4,home,-333,1.3003003003003002,2.533017075091615,0.7703843393802143,0.0017309878427411718,1,0,0.3003,0.76905311778291,7.5,fanduel
2021_04_JAX_CIN,2021,04,ML_CORROBORATED_DISAGREEMENT,CORROB,2-4,home,-333,1.3003003003003002,2.533017075091615,0.7703843393802143,0.0017309878427411718,1,0,0.3003,0.76905311778291,7.5,fanduel
2021_04_KC_PHI,2021,04,ML_QBELO_DISAGREEMENT,QB_ELO,4-8,home,280,3.8,5.147201434081467,0.3092872284859104,0.17529146824645947,0,0,-1.0,0.2631578947368421,7.0,draftkings
2021_04_KC_PHI,2021,04,LONG_DOG_201+_CONTEXT,QB_ELO,LONG201+,home,280,3.8,5.147201434081467,0.3092872284859104,0.17529146824645947,0,0,-1.0,0.2631578947368421,7.0,draftkings
2021_04_KC_PHI,2021,04,ML_XGB_DISAGREEMENT,XGB,8-12,home,280,3.8,11.37488165021821,0.37156403064727783,0.41194331645965576,0,0,-1.0,0.2631578947368421,7.0,draftkings
2021_04_KC_PHI,2021,04,LONG_DOG_201+_CONTEXT,XGB,LONG201+,home,280,3.8,11.37488165021821,0.37156403064727783,0.41194331645965576,0,0,-1.0,0.2631578947368421,7.0,draftkings
2021_04_KC_PHI,2021,04,ML_AVG_DISAGREEMENT,AVG,8-12,home,280,3.8,8.261041542149838,0.3404256295665941,0.2936173923530576,0,0,-1.0,0.2631578947368421,7.0,draftkings
2021_04_KC_PHI,2021,04,LONG_DOG_201+_CONTEXT,AVG,LONG201+,home,280,3.8,8.261041542149838,0.3404256295665941,0.2936173923530576,0,0,-1.0,0.2631578947368421,7.0,draftkings
2021_04_KC_PHI,2021,04,ML_CORROBORATED_DISAGREEMENT,CORROB,8-12,home,280,3.8,8.261041542149838,0.3404256295665941,0.2936173923530576,0,0,-1.0,0.2631578947368421,7.0,draftkings
2021_04_LV_LAC,2021,04,ML_QBELO_DISAGREEMENT,QB_ELO,8-12,away,146,2.46,9.294036779987753,0.4865472380288852,0.19690620555105753,0,0,-1.0,0.4065040650406504,3.0,draftkings
2021_04_LV_LAC,2021,04,ML_DOG_VALUE_ZONE,QB_ELO,ZONE,away,146,2.46,9.294036779987753,0.4865472380288852,0.19690620555105753,0,0,-1.0,0.4065040650406504,3.0,draftkings
2021_04_LV_LAC,2021,04,ML_XGB_DISAGREEMENT,XGB,12+,away,146,2.46,20.178905243181994,0.5953959226608276,0.4646739697456359,0,0,-1.0,0.4065040650406504,3.0,draftkings
2021_04_LV_LAC,2021,04,ML_AVG_DISAGREEMENT,AVG,12+,away,146,2.46,14.736471011584879,0.5409715803448565,0.33079008764834694,0,0,-1.0,0.4065040650406504,3.0,draftkings
2021_04_LV_LAC,2021,04,ML_CORROBORATED_DISAGREEMENT,CORROB,12+,away,146,2.46,14.736471011584879,0.5409715803448565,0.33079008764834694,0,0,-1.0,0.4065040650406504,3.0,draftkings
2021_04_NYG_NO,2021,04,ML_QBELO_DISAGREEMENT,QB_ELO,8-12,home,-333,1.3003003003003002,10.400332247056966,0.8505483151244718,0.10596822957626517,0,0,-1.0,0.76905311778291,7.0,draftkings
2021_04_NYG_NO,2021,04,ML_XGB_DISAGREEMENT,XGB,12+,away,270,3.7,15.201339694696259,0.4054684042930603,0.5002330958843233,1,0,2.7,0.27027027027027023,7.0,draftkings
2021_04_NYG_NO,2021,04,LONG_DOG_201+_CONTEXT,XGB,LONG201+,away,270,3.7,15.201339694696259,0.4054684042930603,0.5002330958843233,1,0,2.7,0.27027027027027023,7.0,draftkings
2021_04_NYG_NO,2021,04,ML_AVG_DISAGREEMENT,AVG,2-4,away,270,3.7,2.400503723819658,0.2774600445842943,0.026602164961889052,1,0,2.7,0.27027027027027023,7.0,draftkings
2021_04_NYG_NO,2021,04,LONG_DOG_201+_CONTEXT,AVG,LONG201+,away,270,3.7,2.400503723819658,0.2774600445842943,0.026602164961889052,1,0,2.7,0.27027027027027023,7.0,draftkings
2021_04_PIT_GB,2021,04,ML_QBELO_DISAGREEMENT,QB_ELO,2-4,home,-263,1.3802281368821292,2.9199932846721066,0.7228541998051456,-0.002296294565521495,1,0,0.380228,0.7245179063360881,6.0,draftkings
2021_04_PIT_GB,2021,04,ML_XGB_DISAGREEMENT,XGB,8-12,away,225,3.25,10.881820118922898,0.41516393423080444,0.34928278625011444,0,0,-1.0,0.3076923076923077,6.0,draftkings
2021_04_PIT_GB,2021,04,LONG_DOG_201+_CONTEXT,XGB,LONG201+,away,225,3.25,10.881820118922898,0.41516393423080444,0.34928278625011444,0,0,-1.0,0.3076923076923077,6.0,draftkings
2021_04_PIT_GB,2021,04,ML_AVG_DISAGREEMENT,AVG,2-4,away,225,3.25,3.980913417125392,0.3461548672128294,0.12500331844169565,0,0,-1.0,0.3076923076923077,6.0,draftkings
2021_04_PIT_GB,2021,04,LONG_DOG_201+_CONTEXT,AVG,LONG201+,away,225,3.25,3.980913417125392,0.3461548672128294,0.12500331844169565,0,0,-1.0,0.3076923076923077,6.0,draftkings
2021_04_SEA_SF,2021,04,ML_QBELO_DISAGREEMENT,QB_ELO,4-8,away,118,2.1799999999999997,5.414389950073745,0.4925358405510126,0.07372813240120735,1,0,1.18,0.4587155963302753,-2.5,draftkings
2021_04_SEA_SF,2021,04,ML_DOG_VALUE_ZONE,QB_ELO,ZONE,away,118,2.1799999999999997,5.414389950073745,0.4925358405510126,0.07372813240120735,1,0,1.18,0.4587155963302753,-2.5,draftkings
2021_04_SEA_SF,2021,04,ML_XGB_DISAGREEMENT,XGB,12+,home,-135,1.7407407407407407,19.120384977219896,0.7528119087219238,0.3104503596270525,0,0,-1.0,0.574468085106383,-2.5,draftkings
2021_04_SEA_SF,2021,04,ML_AVG_DISAGREEMENT,AVG,4-8,home,-135,1.7407407407407407,6.852997513573078,0.6301380340854557,0.09690694822283019,0,0,-1.0,0.574468085106383,-2.5,draftkings
2021_04_TB_NE,2021,04,ML_QBELO_DISAGREEMENT,QB_ELO,12+,home,245,3.45,14.70503400494773,0.43272144041223426,0.4928889694222083,0,0,-1.0,0.2898550724637681,7.0,draftkings
2021_04_TB_NE,2021,04,LONG_DOG_201+_CONTEXT,QB_ELO,LONG201+,home,245,3.45,14.70503400494773,0.43272144041223426,0.4928889694222083,0,0,-1.0,0.2898550724637681,7.0,draftkings
2021_04_TB_NE,2021,04,ML_XGB_DISAGREEMENT,XGB,12+,home,245,3.45,17.238326336481265,0.4580543637275696,0.5802875548601152,0,0,-1.0,0.2898550724637681,7.0,draftkings
2021_04_TB_NE,2021,04,LONG_DOG_201+_CONTEXT,XGB,LONG201+,home,245,3.45,17.238326336481265,0.4580543637275696,0.5802875548601152,0,0,-1.0,0.2898550724637681,7.0,draftkings
2021_04_TB_NE,2021,04,ML_AVG_DISAGREEMENT,AVG,12+,home,245,3.45,15.971680170714498,0.4453879020699019,0.5365882621411617,0,0,-1.0,0.2898550724637681,7.0,draftkings
2021_04_TB_NE,2021,04,LONG_DOG_201+_CONTEXT,AVG,LONG201+,home,245,3.45,15.971680170714498,0.4453879020699019,0.5365882621411617,0,0,-1.0,0.2898550724637681,7.0,draftkings
2021_04_TB_NE,2021,04,ML_CORROBORATED_DISAGREEMENT,CORROB,12+,home,245,3.45,15.971680170714498,0.4453879020699019,0.5365882621411617,0,0,-1.0,0.2898550724637681,7.0,draftkings
2021_04_TEN_NYJ,2021,04,ML_QBELO_DISAGREEMENT,QB_ELO,4-8,away,-238,1.4201680672268908,4.8899289048219945,0.7305375612905189,0.037486116454602536,0,0,-1.0,0.7041420118343195,5.5,draftkings
2021_04_TEN_NYJ,2021,04,ML_XGB_DISAGREEMENT,XGB,4-8,away,-238,1.4201680672268908,7.528494135881337,0.7569232136011124,0.07495817729905885,0,0,-1.0,0.7041420118343195,5.5,draftkings
2021_04_TEN_NYJ,2021,04,ML_AVG_DISAGREEMENT,AVG,4-8,away,-238,1.4201680672268908,6.209211520351666,0.7437303874458157,0.05622214687683069,0,0,-1.0,0.7041420118343195,5.5,draftkings
2021_04_TEN_NYJ,2021,04,ML_CORROBORATED_DISAGREEMENT,CORROB,4-8,away,-238,1.4201680672268908,6.209211520351666,0.7437303874458157,0.05622214687683069,0,0,-1.0,0.7041420118343195,5.5,draftkings
2021_04_WAS_ATL,2021,04,ML_QBELO_DISAGREEMENT,QB_ELO,12+,home,125,2.25,13.05435862244117,0.5674018929837341,0.2766542592134018,0,0,-1.0,0.4444444444444444,2.5,draftkings
2021_04_WAS_ATL,2021,04,ML_XGB_DISAGREEMENT,XGB,0-2,home,125,2.25,0.35495058360450193,0.44040781259536743,-0.009082421660423279,0,0,-1.0,0.4444444444444444,2.5,draftkings
2021_04_WAS_ATL,2021,04,ML_DOG_VALUE_ZONE,XGB,ZONE,home,125,2.25,0.35495058360450193,0.44040781259536743,-0.009082421660423279,0,0,-1.0,0.4444444444444444,2.5,draftkings
2021_04_WAS_ATL,2021,04,ML_AVG_DISAGREEMENT,AVG,4-8,home,125,2.25,6.704654603022836,0.5039048527895508,0.13378591877648915,0,0,-1.0,0.4444444444444444,2.5,draftkings
2021_04_WAS_ATL,2021,04,ML_CORROBORATED_DISAGREEMENT,CORROB,4-8,home,125,2.25,6.704654603022836,0.5039048527895508,0.13378591877648915,0,0,-1.0,0.4444444444444444,2.5,draftkings
2021_05_BUF_KC,2021,05,ML_QBELO_DISAGREEMENT,QB_ELO,2-4,away,130,2.3,2.5502653140763556,0.45253765946720803,0.040836616774578394,1,0,1.3,0.4347826086956522,3.0,fanduel
2021_05_BUF_KC,2021,05,ML_DOG_VALUE_ZONE,QB_ELO,ZONE,away,130,2.3,2.5502653140763556,0.45253765946720803,0.040836616774578394,1,0,1.3,0.4347826086956522,3.0,fanduel
2021_05_BUF_KC,2021,05,ML_XGB_DISAGREEMENT,XGB,4-8,away,130,2.3,5.580869074463096,0.48284369707107544,0.11054050326347342,1,0,1.3,0.4347826086956522,3.0,fanduel
2021_05_BUF_KC,2021,05,ML_DOG_VALUE_ZONE,XGB,ZONE,away,130,2.3,5.580869074463096,0.48284369707107544,0.11054050326347342,1,0,1.3,0.4347826086956522,3.0,fanduel
2021_05_BUF_KC,2021,05,ML_AVG_DISAGREEMENT,AVG,4-8,away,130,2.3,4.06556719426972,0.4676906782691417,0.0756885600190258,1,0,1.3,0.4347826086956522,3.0,fanduel
2021_05_BUF_KC,2021,05,ML_DOG_VALUE_ZONE,AVG,ZONE,away,130,2.3,4.06556719426972,0.4676906782691417,0.0756885600190258,1,0,1.3,0.4347826086956522,3.0,fanduel
2021_05_BUF_KC,2021,05,ML_CORROBORATED_DISAGREEMENT,CORROB,4-8,away,130,2.3,4.06556719426972,0.4676906782691417,0.0756885600190258,1,0,1.3,0.4347826086956522,3.0,fanduel
2021_05_BUF_KC,2021,05,ML_DOG_VALUE_ZONE,CORROB,ZONE,away,130,2.3,4.06556719426972,0.4676906782691417,0.0756885600190258,1,0,1.3,0.4347826086956522,3.0,fanduel
2021_05_CHI_LV,2021,05,ML_QBELO_DISAGREEMENT,QB_ELO,4-8,away,198,2.98,5.360642810073413,0.3733928530229482,0.11271070200838573,1,0,1.98,0.33557046979865773,5.5,fanduel
2021_05_CHI_LV,2021,05,ML_XGB_DISAGREEMENT,XGB,0-2,home,-238,1.4201680672268908,0.24583890907627914,0.6826719641685486,-0.030491076096767045,0,0,-1.0,0.7041420118343195,5.5,fanduel
2021_05_CHI_LV,2021,05,ML_AVG_DISAGREEMENT,AVG,2-4,away,198,2.98,2.5574019504985723,0.3453604444271998,0.029174124393055445,1,0,1.98,0.33557046979865773,5.5,fanduel
2021_05_CLE_LAC,2021,05,ML_QBELO_DISAGREEMENT,QB_ELO,2-4,away,115,2.15,3.2388367029981993,0.4815193961258617,0.03526670167060253,0,0,-1.0,0.46511627906976744,2.5,draftkings
2021_05_CLE_LAC,2021,05,ML_DOG_VALUE_ZONE,QB_ELO,ZONE,away,115,2.15,3.2388367029981993,0.4815193961258617,0.03526670167060253,0,0,-1.0,0.46511627906976744,2.5,draftkings
2021_05_CLE_LAC,2021,05,ML_XGB_DISAGREEMENT,XGB,2-4,home,-133,1.7518796992481203,2.5023298707238295,0.5758922696113586,0.008893976086064459,1,0,0.75188,0.5708154506437768,2.5,draftkings
2021_05_CLE_LAC,2021,05,ML_AVG_DISAGREEMENT,AVG,0-2,away,115,2.15,0.368253416137182,0.45281356325725153,-0.026450838996909254,0,0,-1.0,0.46511627906976744,2.5,draftkings
2021_05_CLE_LAC,2021,05,ML_DOG_VALUE_ZONE,AVG,ZONE,away,115,2.15,0.368253416137182,0.45281356325725153,-0.026450838996909254,0,0,-1.0,0.46511627906976744,2.5,draftkings
2021_05_DEN_PIT,2021,05,ML_QBELO_DISAGREEMENT,QB_ELO,8-12,home,115,2.15,11.33500296207391,0.5743224126205737,0.23479318713423347,1,0,1.15,0.46511627906976744,-1.5,fanduel
2021_05_DEN_PIT,2021,05,ML_XGB_DISAGREEMENT,XGB,12+,away,-133,1.7518796992481203,16.8131425358233,0.7071590423583984,0.23885757044741984,0,0,-1.0,0.5708154506437768,-1.5,fanduel
2021_05_DEN_PIT,2021,05,ML_AVG_DISAGREEMENT,AVG,2-4,away,-133,1.7518796992481203,2.7390697868746927,0.5664183148689124,-0.007703252898822677,0,0,-1.0,0.5708154506437768,-1.5,fanduel
2021_05_DET_MIN,2021,05,ML_QBELO_DISAGREEMENT,QB_ELO,4-8,away,370,4.7,4.303033375476062,0.2561862363803632,0.20407531098770715,0,0,-1.0,0.2127659574468085,10.0,fanduel
2021_05_DET_MIN,2021,05,LONG_DOG_201+_CONTEXT,QB_ELO,LONG201+,away,370,4.7,4.303033375476062,0.2561862363803632,0.20407531098770715,0,0,-1.0,0.2127659574468085,10.0,fanduel
2021_05_DET_MIN,2021,05,ML_XGB_DISAGREEMENT,XGB,12+,away,370,4.7,18.135162472577683,0.3945075273513794,0.8541853785514832,0,0,-1.0,0.2127659574468085,10.0,fanduel
2021_05_DET_MIN,2021,05,LONG_DOG_201+_CONTEXT,XGB,LONG201+,away,370,4.7,18.135162472577683,0.3945075273513794,0.8541853785514832,0,0,-1.0,0.2127659574468085,10.0,fanduel
2021_05_DET_MIN,2021,05,ML_AVG_DISAGREEMENT,AVG,8-12,away,370,4.7,11.219097924026878,0.32534688186587135,0.5291303447695954,0,0,-1.0,0.2127659574468085,10.0,fanduel
2021_05_DET_MIN,2021,05,LONG_DOG_201+_CONTEXT,AVG,LONG201+,away,370,4.7,11.219097924026878,0.32534688186587135,0.5291303447695954,0,0,-1.0,0.2127659574468085,10.0,fanduel
2021_05_DET_MIN,2021,05,ML_CORROBORATED_DISAGREEMENT,CORROB,8-12,away,370,4.7,11.219097924026878,0.32534688186587135,0.5291303447695954,0,0,-1.0,0.2127659574468085,10.0,fanduel
2021_05_GB_CIN,2021,05,ML_QBELO_DISAGREEMENT,QB_ELO,8-12,away,-143,1.6993006993006992,11.213111460410675,0.6737391735538316,0.14488544876630116,1,0,0.699301,0.5884773662551441,3.0,fanduel
2021_05_GB_CIN,2021,05,ML_XGB_DISAGREEMENT,XGB,4-8,home,125,2.25,6.266776992918649,0.5010597109794617,0.12738434970378876,0,0,-1.0,0.4444444444444444,3.0,fanduel
2021_05_GB_CIN,2021,05,ML_AVG_DISAGREEMENT,AVG,2-4,away,-143,1.6993006993006992,2.4731672337460098,0.586339731287185,-0.0036324845959025964,1,0,0.699301,0.5884773662551441,3.0,fanduel
2021_05_IND_BAL,2021,05,ML_QBELO_DISAGREEMENT,QB_ELO,4-8,away,280,3.8,6.215649280046312,0.31117023052464543,0.1824468759936526,0,0,-1.0,0.2631578947368421,7.5,draftkings
2021_05_IND_BAL,2021,05,LONG_DOG_201+_CONTEXT,QB_ELO,LONG201+,away,280,3.8,6.215649280046312,0.31117023052464543,0.1824468759936526,0,0,-1.0,0.2631578947368421,7.5,draftkings
2021_05_IND_BAL,2021,05,ML_XGB_DISAGREEMENT,XGB,8-12,away,280,3.8,8.858542056286604,0.33759915828704834,0.28287680149078365,0,0,-1.0,0.2631578947368421,7.5,draftkings
2021_05_IND_BAL,2021,05,LONG_DOG_201+_CONTEXT,XGB,LONG201+,away,280,3.8,8.858542056286604,0.33759915828704834,0.28287680149078365,0,0,-1.0,0.2631578947368421,7.5,draftkings
2021_05_IND_BAL,2021,05,ML_AVG_DISAGREEMENT,AVG,4-8,away,280,3.8,7.537095668166452,0.32438469440584683,0.2326618387422179,0,0,-1.0,0.2631578947368421,7.5,draftkings
2021_05_IND_BAL,2021,05,LONG_DOG_201+_CONTEXT,AVG,LONG201+,away,280,3.8,7.537095668166452,0.32438469440584683,0.2326618387422179,0,0,-1.0,0.2631578947368421,7.5,draftkings
2021_05_IND_BAL,2021,05,ML_CORROBORATED_DISAGREEMENT,CORROB,4-8,away,280,3.8,7.537095668166452,0.32438469440584683,0.2326618387422179,0,0,-1.0,0.2631578947368421,7.5,draftkings
2021_05_LA_SEA,2021,05,ML_QBELO_DISAGREEMENT,QB_ELO,12+,home,120,2.2,13.511878787730685,0.5784216798103358,0.2725276955827387,0,0,-1.0,0.45454545454545453,,
2021_05_LA_SEA,2021,05,ML_XGB_DISAGREEMENT,XGB,0-2,away,-141,1.7092198581560285,1.9495568954055575,0.5761926770210266,-0.01516003431157853,1,0,0.70922,0.5850622406639003,,
2021_05_LA_SEA,2021,05,ML_AVG_DISAGREEMENT,AVG,4-8,home,120,2.2,5.7811609461625615,0.5011145013946545,0.10245190306824004,0,0,-1.0,0.45454545454545453,,
2021_05_MIA_TB,2021,05,ML_QBELO_DISAGREEMENT,QB_ELO,8-12,away,460,5.6,9.643866303877935,0.2738644741668397,0.5336410553343021,0,0,-1.0,0.17857142857142858,11.5,draftkings
2021_05_MIA_TB,2021,05,LONG_DOG_201+_CONTEXT,QB_ELO,LONG201+,away,460,5.6,9.643866303877935,0.2738644741668397,0.5336410553343021,0,0,-1.0,0.17857142857142858,11.5,draftkings
2021_05_MIA_TB,2021,05,ML_XGB_DISAGREEMENT,XGB,4-8,home,-625,1.16,5.92765901846094,0.8818507790565491,0.022946903705596933,1,0,0.16,0.8620689655172414,11.5,draftkings
2021_05_MIA_TB,2021,05,ML_AVG_DISAGREEMENT,AVG,0-2,away,460,5.6,1.8581036427084974,0.1960068475551453,0.09763834630881352,0,0,-1.0,0.17857142857142858,11.5,draftkings
2021_05_MIA_TB,2021,05,LONG_DOG_201+_CONTEXT,AVG,LONG201+,away,460,5.6,1.8581036427084974,0.1960068475551453,0.09763834630881352,0,0,-1.0,0.17857142857142858,11.5,draftkings
2021_05_NE_HOU,2021,05,ML_QBELO_DISAGREEMENT,QB_ELO,12+,home,315,4.15,20.964053664789155,0.45865427437207384,0.9034152386441066,0,0,-1.0,0.24096385542168672,7.5,fanduel
2021_05_NE_HOU,2021,05,LONG_DOG_201+_CONTEXT,QB_ELO,LONG201+,home,315,4.15,20.964053664789155,0.45865427437207384,0.9034152386441066,0,0,-1.0,0.24096385542168672,7.5,fanduel
2021_05_NE_HOU,2021,05,ML_XGB_DISAGREEMENT,XGB,4-8,home,315,4.15,5.756755085194379,0.3065812885761261,0.2723123475909235,0,0,-1.0,0.24096385542168672,7.5,fanduel
2021_05_NE_HOU,2021,05,LONG_DOG_201+_CONTEXT,XGB,LONG201+,home,315,4.15,5.756755085194379,0.3065812885761261,0.2723123475909235,0,0,-1.0,0.24096385542168672,7.5,fanduel
2021_05_NE_HOU,2021,05,ML_AVG_DISAGREEMENT,AVG,12+,home,315,4.15,13.360404374991766,0.38261778147409997,0.587863793117515,0,0,-1.0,0.24096385542168672,7.5,fanduel
2021_05_NE_HOU,2021,05,LONG_DOG_201+_CONTEXT,AVG,LONG201+,home,315,4.15,13.360404374991766,0.38261778147409997,0.587863793117515,0,0,-1.0,0.24096385542168672,7.5,fanduel
2021_05_NE_HOU,2021,05,ML_CORROBORATED_DISAGREEMENT,CORROB,12+,home,315,4.15,13.360404374991766,0.38261778147409997,0.587863793117515,0,0,-1.0,0.24096385542168672,7.5,fanduel
2021_05_NO_WAS,2021,05,ML_QBELO_DISAGREEMENT,QB_ELO,4-8,away,-145,1.6896551724137931,7.606867762249414,0.6308395381429516,0.06590128858636657,1,0,0.689655,0.5918367346938775,2.5,draftkings
2021_05_NO_WAS,2021,05,ML_XGB_DISAGREEMENT,XGB,8-12,away,-145,1.6896551724137931,8.355730429544527,0.6383281648159027,0.07855448537859422,1,0,0.689655,0.5918367346938775,2.5,draftkings
2021_05_NO_WAS,2021,05,ML_AVG_DISAGREEMENT,AVG,4-8,away,-145,1.6896551724137931,7.981299095896965,0.6345838514794271,0.07222788698248017,1,0,0.689655,0.5918367346938775,2.5,draftkings
2021_05_NO_WAS,2021,05,ML_CORROBORATED_DISAGREEMENT,CORROB,4-8,away,-145,1.6896551724137931,7.981299095896965,0.6345838514794271,0.07222788698248017,1,0,0.689655,0.5918367346938775,2.5,draftkings
2021_05_NYG_DAL,2021,05,ML_QBELO_DISAGREEMENT,QB_ELO,4-8,away,260,3.6,4.126029340255793,0.30376093054002673,0.09353934994409618,0,0,-1.0,0.2777777777777778,7.0,fanduel
2021_05_NYG_DAL,2021,05,LONG_DOG_201+_CONTEXT,QB_ELO,LONG201+,away,260,3.6,4.126029340255793,0.30376093054002673,0.09353934994409618,0,0,-1.0,0.2777777777777778,7.0,fanduel
2021_05_NYG_DAL,2021,05,ML_XGB_DISAGREEMENT,XGB,2-4,away,260,3.6,2.4859077370587848,0.28735971450805664,0.034494972229003995,0,0,-1.0,0.2777777777777778,7.0,fanduel
2021_05_NYG_DAL,2021,05,LONG_DOG_201+_CONTEXT,XGB,LONG201+,away,260,3.6,2.4859077370587848,0.28735971450805664,0.034494972229003995,0,0,-1.0,0.2777777777777778,7.0,fanduel
2021_05_NYG_DAL,2021,05,ML_AVG_DISAGREEMENT,AVG,2-4,away,260,3.6,3.305968538657295,0.29556032252404174,0.06401716108655031,0,0,-1.0,0.2777777777777778,7.0,fanduel
2021_05_NYG_DAL,2021,05,LONG_DOG_201+_CONTEXT,AVG,LONG201+,away,260,3.6,3.305968538657295,0.29556032252404174,0.06401716108655031,0,0,-1.0,0.2777777777777778,7.0,fanduel
2021_05_NYG_DAL,2021,05,ML_CORROBORATED_DISAGREEMENT,CORROB,2-4,away,260,3.6,3.305968538657295,0.29556032252404174,0.06401716108655031,0,0,-1.0,0.2777777777777778,7.0,fanduel
2021_05_NYJ_ATL,2021,05,ML_QBELO_DISAGREEMENT,QB_ELO,2-4,home,-143,1.6993006993006992,2.871754240132429,0.5966388643089787,0.013868839350222428,1,0,0.699301,0.5884773662551441,3.0,draftkings
2021_05_NYJ_ATL,2021,05,ML_XGB_DISAGREEMENT,XGB,12+,away,125,2.25,14.6942209520951,0.5790208876132965,0.30279699712991714,0,0,-1.0,0.4444444444444444,3.0,draftkings
2021_05_NYJ_ATL,2021,05,ML_AVG_DISAGREEMENT,AVG,4-8,away,125,2.25,5.911233355981343,0.49119101165215895,0.10517977621735763,0,0,-1.0,0.4444444444444444,3.0,draftkings
2021_05_NYJ_ATL,2021,05,ML_DOG_VALUE_ZONE,AVG,ZONE,away,125,2.25,5.911233355981343,0.49119101165215895,0.10517977621735763,0,0,-1.0,0.4444444444444444,3.0,draftkings
2021_05_PHI_CAR,2021,05,ML_QBELO_DISAGREEMENT,QB_ELO,8-12,home,-141,1.7092198581560285,10.372237192558131,0.6802132967311127,0.1626340745545971,0,0,-1.0,0.5850622406639003,-2.5,draftkings
2021_05_PHI_CAR,2021,05,ML_XGB_DISAGREEMENT,XGB,2-4,home,-141,1.7092198581560285,3.8607313185801573,0.615098237991333,0.051338123091569265,0,0,-1.0,0.5850622406639003,-2.5,draftkings
2021_05_PHI_CAR,2021,05,ML_AVG_DISAGREEMENT,AVG,4-8,home,-141,1.7092198581560285,7.116484255569144,0.6476557673612229,0.10698609882308308,0,0,-1.0,0.5850622406639003,-2.5,draftkings
2021_05_PHI_CAR,2021,05,ML_CORROBORATED_DISAGREEMENT,CORROB,4-8,home,-141,1.7092198581560285,7.116484255569144,0.6476557673612229,0.10698609882308308,0,0,-1.0,0.5850622406639003,-2.5,draftkings
2021_05_SF_ARI,2021,05,ML_QBELO_DISAGREEMENT,QB_ELO,2-4,away,210,3.1,2.8352583575527945,0.342537376287928,0.06186586649257686,0,0,-1.0,0.3225806451612903,5.5,draftkings
2021_05_SF_ARI,2021,05,LONG_DOG_201+_CONTEXT,QB_ELO,LONG201+,away,210,3.1,2.8352583575527945,0.342537376287928,0.06186586649257686,0,0,-1.0,0.3225806451612903,5.5,draftkings
2021_05_SF_ARI,2021,05,ML_XGB_DISAGREEMENT,XGB,4-8,home,-233,1.4291845493562232,5.4170675948331475,0.7399858832359314,0.057576391062511334,1,0,0.429185,0.6996996996996997,5.5,draftkings
2021_05_SF_ARI,2021,05,ML_AVG_DISAGREEMENT,AVG,0-2,home,-233,1.4291845493562232,1.2909046186401762,0.6987242534740017,-0.0013940926744954174,1,0,0.429185,0.6996996996996997,5.5,draftkings
2021_05_TEN_JAX,2021,05,ML_QBELO_DISAGREEMENT,QB_ELO,8-12,away,-196,1.510204081632653,10.971639318966286,0.7592491034700367,0.146621095036382,1,0,0.510204,0.6621621621621622,4.5,fanduel
2021_05_TEN_JAX,2021,05,ML_XGB_DISAGREEMENT,XGB,4-8,home,172,2.7199999999999998,6.743851777549098,0.4179058074951172,0.1367037963867186,0,0,-1.0,0.36764705882352944,4.5,fanduel
2021_05_TEN_JAX,2021,05,ML_DOG_VALUE_ZONE,XGB,ZONE,home,172,2.7199999999999998,6.743851777549098,0.4179058074951172,0.1367037963867186,0,0,-1.0,0.36764705882352944,4.5,fanduel
2021_05_TEN_JAX,2021,05,ML_AVG_DISAGREEMENT,AVG,2-4,away,-196,1.510204081632653,2.113893770708586,0.6706716479874597,0.012851060225959499,1,0,0.510204,0.6621621621621622,4.5,fanduel
2021_06_ARI_CLE,2021,06,ML_QBELO_DISAGREEMENT,QB_ELO,2-4,away,145,2.45,3.682323757345313,0.4638582438998976,0.1364526975547493,1,0,1.45,0.4081632653061224,3.0,draftkings
2021_06_ARI_CLE,2021,06,ML_DOG_VALUE_ZONE,QB_ELO,ZONE,away,145,2.45,3.682323757345313,0.4638582438998976,0.1364526975547493,1,0,1.45,0.4081632653061224,3.0,draftkings
2021_06_ARI_CLE,2021,06,ML_XGB_DISAGREEMENT,XGB,4-8,away,145,2.45,7.491123433708396,0.5019462406635284,0.22976828962564477,1,0,1.45,0.4081632653061224,3.0,draftkings
2021_06_ARI_CLE,2021,06,ML_AVG_DISAGREEMENT,AVG,4-8,away,145,2.45,5.58672359552686,0.4829022422817131,0.18311049359019704,1,0,1.45,0.4081632653061224,3.0,draftkings
2021_06_ARI_CLE,2021,06,ML_DOG_VALUE_ZONE,AVG,ZONE,away,145,2.45,5.58672359552686,0.4829022422817131,0.18311049359019704,1,0,1.45,0.4081632653061224,3.0,draftkings
2021_06_ARI_CLE,2021,06,ML_CORROBORATED_DISAGREEMENT,CORROB,4-8,away,145,2.45,5.58672359552686,0.4829022422817131,0.18311049359019704,1,0,1.45,0.4081632653061224,3.0,draftkings
2021_06_ARI_CLE,2021,06,ML_DOG_VALUE_ZONE,CORROB,ZONE,away,145,2.45,5.58672359552686,0.4829022422817131,0.18311049359019704,1,0,1.45,0.4081632653061224,3.0,draftkings
2021_06_BUF_TEN,2021,06,ML_QBELO_DISAGREEMENT,QB_ELO,8-12,home,215,3.15,10.195898755678867,0.41182423220620856,0.29724633144955703,1,0,2.15,0.31746031746031744,6.0,draftkings
2021_06_BUF_TEN,2021,06,LONG_DOG_201+_CONTEXT,QB_ELO,LONG201+,home,215,3.15,10.195898755678867,0.41182423220620856,0.29724633144955703,1,0,2.15,0.31746031746031744,6.0,draftkings
2021_06_BUF_TEN,2021,06,ML_XGB_DISAGREEMENT,XGB,8-12,home,215,3.15,10.0345036961069,0.4102102816104889,0.2921623870730399,1,0,2.15,0.31746031746031744,6.0,draftkings
2021_06_BUF_TEN,2021,06,LONG_DOG_201+_CONTEXT,XGB,LONG201+,home,215,3.15,10.0345036961069,0.4102102816104889,0.2921623870730399,1,0,2.15,0.31746031746031744,6.0,draftkings
2021_06_BUF_TEN,2021,06,ML_AVG_DISAGREEMENT,AVG,8-12,home,215,3.15,10.115201225892884,0.4110172569083487,0.29470435926129834,1,0,2.15,0.31746031746031744,6.0,draftkings
2021_06_BUF_TEN,2021,06,LONG_DOG_201+_CONTEXT,AVG,LONG201+,home,215,3.15,10.115201225892884,0.4110172569083487,0.29470435926129834,1,0,2.15,0.31746031746031744,6.0,draftkings
2021_06_BUF_TEN,2021,06,ML_CORROBORATED_DISAGREEMENT,CORROB,8-12,home,215,3.15,10.115201225892884,0.4110172569083487,0.29470435926129834,1,0,2.15,0.31746031746031744,6.0,draftkings
2021_06_CIN_DET,2021,06,ML_QBELO_DISAGREEMENT,QB_ELO,2-4,home,165,2.65,3.946269443025985,0.3947877688564579,0.04618758746961338,0,0,-1.0,0.37735849056603776,4.0,draftkings
2021_06_CIN_DET,2021,06,ML_XGB_DISAGREEMENT,XGB,2-4,home,165,2.65,2.437838769767281,0.37970346212387085,0.006214174628257796,0,0,-1.0,0.37735849056603776,4.0,draftkings
2021_06_CIN_DET,2021,06,ML_AVG_DISAGREEMENT,AVG,2-4,home,165,2.65,3.19205410639663,0.38724561549016434,0.026200881048935365,0,0,-1.0,0.37735849056603776,4.0,draftkings
2021_06_CIN_DET,2021,06,ML_CORROBORATED_DISAGREEMENT,CORROB,2-4,home,165,2.65,3.19205410639663,0.38724561549016434,0.026200881048935365,0,0,-1.0,0.37735849056603776,4.0,draftkings
2021_06_DAL_NE,2021,06,ML_QBELO_DISAGREEMENT,QB_ELO,12+,home,165,2.65,16.39608534337924,0.521733839122873,0.3825946736756134,0,0,-1.0,0.37735849056603776,-3.5,fanduel
2021_06_DAL_NE,2021,06,ML_XGB_DISAGREEMENT,XGB,0-2,away,-196,1.510204081632653,0.9610126010812126,0.6518371403217316,-0.015592890126364667,1,0,0.510204,0.6621621621621622,-3.5,fanduel
2021_06_DAL_NE,2021,06,ML_AVG_DISAGREEMENT,AVG,4-8,home,165,2.65,7.717536371149015,0.4349483494005707,0.15261312591151222,0,0,-1.0,0.37735849056603776,-3.5,fanduel
2021_06_DAL_NE,2021,06,ML_DOG_VALUE_ZONE,AVG,ZONE,home,165,2.65,7.717536371149015,0.4349483494005707,0.15261312591151222,0,0,-1.0,0.37735849056603776,-3.5,fanduel
2021_06_GB_CHI,2021,06,ML_QBELO_DISAGREEMENT,QB_ELO,4-8,home,195,2.95,5.786134274803811,0.3815371917784953,0.12553471574656117,0,0,-1.0,0.3389830508474576,6.0,draftkings
2021_06_GB_CHI,2021,06,ML_XGB_DISAGREEMENT,XGB,12+,home,195,2.95,15.59376637239831,0.4796135127544403,0.41485986262559904,0,0,-1.0,0.3389830508474576,6.0,draftkings
2021_06_GB_CHI,2021,06,ML_DOG_VALUE_ZONE,XGB,ZONE,home,195,2.95,15.59376637239831,0.4796135127544403,0.41485986262559904,0,0,-1.0,0.3389830508474576,6.0,draftkings
2021_06_GB_CHI,2021,06,ML_AVG_DISAGREEMENT,AVG,8-12,home,195,2.95,10.68995032360106,0.4305753522664678,0.2701972891860802,0,0,-1.0,0.3389830508474576,6.0,draftkings
2021_06_GB_CHI,2021,06,ML_DOG_VALUE_ZONE,AVG,ZONE,home,195,2.95,10.68995032360106,0.4305753522664678,0.2701972891860802,0,0,-1.0,0.3389830508474576,6.0,draftkings
2021_06_GB_CHI,2021,06,ML_CORROBORATED_DISAGREEMENT,CORROB,8-12,home,195,2.95,10.68995032360106,0.4305753522664678,0.2701972891860802,0,0,-1.0,0.3389830508474576,6.0,draftkings
2021_06_GB_CHI,2021,06,ML_DOG_VALUE_ZONE,CORROB,ZONE,home,195,2.95,10.68995032360106,0.4305753522664678,0.2701972891860802,0,0,-1.0,0.3389830508474576,6.0,draftkings
2021_06_HOU_IND,2021,06,ML_QBELO_DISAGREEMENT,QB_ELO,4-8,away,420,5.2,7.846697964764374,0.26864130611357084,0.39693479179056834,0,0,-1.0,0.1923076923076923,11.5,fanduel
2021_06_HOU_IND,2021,06,LONG_DOG_201+_CONTEXT,QB_ELO,LONG201+,away,420,5.2,7.846697964764374,0.26864130611357084,0.39693479179056834,0,0,-1.0,0.1923076923076923,11.5,fanduel
2021_06_HOU_IND,2021,06,ML_XGB_DISAGREEMENT,XGB,12+,away,420,5.2,20.49353270069733,0.3951096534729004,1.054570198059082,0,0,-1.0,0.1923076923076923,11.5,fanduel
2021_06_HOU_IND,2021,06,LONG_DOG_201+_CONTEXT,XGB,LONG201+,away,420,5.2,20.49353270069733,0.3951096534729004,1.054570198059082,0,0,-1.0,0.1923076923076923,11.5,fanduel
2021_06_HOU_IND,2021,06,ML_AVG_DISAGREEMENT,AVG,12+,away,420,5.2,14.170115332730852,0.3318754797932356,0.7257524949248253,0,0,-1.0,0.1923076923076923,11.5,fanduel
2021_06_HOU_IND,2021,06,LONG_DOG_201+_CONTEXT,AVG,LONG201+,away,420,5.2,14.170115332730852,0.3318754797932356,0.7257524949248253,0,0,-1.0,0.1923076923076923,11.5,fanduel
2021_06_HOU_IND,2021,06,ML_CORROBORATED_DISAGREEMENT,CORROB,12+,away,420,5.2,14.170115332730852,0.3318754797932356,0.7257524949248253,0,0,-1.0,0.1923076923076923,11.5,fanduel
2021_06_KC_WAS,2021,06,ML_QBELO_DISAGREEMENT,QB_ELO,4-8,home,240,3.4,6.133982291558798,0.35226606918072406,0.1977046352144618,0,0,-1.0,0.29411764705882354,6.5,draftkings
2021_06_KC_WAS,2021,06,LONG_DOG_201+_CONTEXT,QB_ELO,LONG201+,home,240,3.4,6.133982291558798,0.35226606918072406,0.1977046352144618,0,0,-1.0,0.29411764705882354,6.5,draftkings
2021_06_KC_WAS,2021,06,ML_XGB_DISAGREEMENT,XGB,2-4,home,240,3.4,3.6849053283966704,0.3277752995491028,0.11443601846694951,0,0,-1.0,0.29411764705882354,6.5,draftkings
2021_06_KC_WAS,2021,06,LONG_DOG_201+_CONTEXT,XGB,LONG201+,home,240,3.4,3.6849053283966704,0.3277752995491028,0.11443601846694951,0,0,-1.0,0.29411764705882354,6.5,draftkings
2021_06_KC_WAS,2021,06,ML_AVG_DISAGREEMENT,AVG,4-8,home,240,3.4,4.9094438099777316,0.3400206843649134,0.15607032684070554,0,0,-1.0,0.29411764705882354,6.5,draftkings
2021_06_KC_WAS,2021,06,LONG_DOG_201+_CONTEXT,AVG,LONG201+,home,240,3.4,4.9094438099777316,0.3400206843649134,0.15607032684070554,0,0,-1.0,0.29411764705882354,6.5,draftkings
2021_06_KC_WAS,2021,06,ML_CORROBORATED_DISAGREEMENT,CORROB,4-8,home,240,3.4,4.9094438099777316,0.3400206843649134,0.15607032684070554,0,0,-1.0,0.29411764705882354,6.5,draftkings
2021_06_LAC_BAL,2021,06,ML_QBELO_DISAGREEMENT,QB_ELO,8-12,home,-145,1.6896551724137931,8.054654160355101,0.6754576119244575,0.14129044773442834,1,0,0.689655,0.5918367346938775,3.0,fanduel
2021_06_LAC_BAL,2021,06,ML_XGB_DISAGREEMENT,XGB,8-12,away,134,2.34,8.077541157990902,0.4858643412590027,0.13692255854606628,0,0,-1.0,0.4273504273504274,3.0,fanduel
2021_06_LAC_BAL,2021,06,ML_DOG_VALUE_ZONE,XGB,ZONE,away,134,2.34,8.077541157990902,0.4858643412590027,0.13692255854606628,0,0,-1.0,0.4273504273504274,3.0,fanduel
2021_06_LAC_BAL,2021,06,ML_AVG_DISAGREEMENT,AVG,0-2,away,134,2.34,0.011443498817892417,0.4052033646672726,-0.05182412667858227,0,0,-1.0,0.4273504273504274,3.0,fanduel
2021_06_LAC_BAL,2021,06,ML_DOG_VALUE_ZONE,AVG,ZONE,away,134,2.34,0.011443498817892417,0.4052033646672726,-0.05182412667858227,0,0,-1.0,0.4273504273504274,3.0,fanduel
2021_06_LA_NYG,2021,06,ML_QBELO_DISAGREEMENT,QB_ELO,2-4,home,300,4.0,3.801294959712029,0.27999497832785303,0.11997991331141211,0,0,-1.0,0.25,7.5,draftkings
2021_06_LA_NYG,2021,06,LONG_DOG_201+_CONTEXT,QB_ELO,LONG201+,home,300,4.0,3.801294959712029,0.27999497832785303,0.11997991331141211,0,0,-1.0,0.25,7.5,draftkings
2021_06_LA_NYG,2021,06,ML_XGB_DISAGREEMENT,XGB,8-12,home,300,4.0,8.44188473144943,0.32640087604522705,0.3056035041809082,0,0,-1.0,0.25,7.5,draftkings
2021_06_LA_NYG,2021,06,LONG_DOG_201+_CONTEXT,XGB,LONG201+,home,300,4.0,8.44188473144943,0.32640087604522705,0.3056035041809082,0,0,-1.0,0.25,7.5,draftkings
2021_06_LA_NYG,2021,06,ML_AVG_DISAGREEMENT,AVG,4-8,home,300,4.0,6.12158984558073,0.30319792718654004,0.21279170874616016,0,0,-1.0,0.25,7.5,draftkings
2021_06_LA_NYG,2021,06,LONG_DOG_201+_CONTEXT,AVG,LONG201+,home,300,4.0,6.12158984558073,0.30319792718654004,0.21279170874616016,0,0,-1.0,0.25,7.5,draftkings
2021_06_LA_NYG,2021,06,ML_CORROBORATED_DISAGREEMENT,CORROB,4-8,home,300,4.0,6.12158984558073,0.30319792718654004,0.21279170874616016,0,0,-1.0,0.25,7.5,draftkings
2021_06_LV_DEN,2021,06,ML_QBELO_DISAGREEMENT,QB_ELO,12+,away,184,2.84,13.571080693317905,0.46993329156632513,0.3346105480483632,1,0,1.84,0.35211267605633806,5.5,fanduel
2021_06_LV_DEN,2021,06,ML_DOG_VALUE_ZONE,QB_ELO,ZONE,away,184,2.84,13.571080693317905,0.46993329156632513,0.3346105480483632,1,0,1.84,0.35211267605633806,5.5,fanduel
2021_06_LV_DEN,2021,06,ML_XGB_DISAGREEMENT,XGB,8-12,away,184,2.84,9.728641410190031,0.4315088987350464,0.22548527240753158,1,0,1.84,0.35211267605633806,5.5,fanduel
2021_06_LV_DEN,2021,06,ML_DOG_VALUE_ZONE,XGB,ZONE,away,184,2.84,9.728641410190031,0.4315088987350464,0.22548527240753158,1,0,1.84,0.35211267605633806,5.5,fanduel
2021_06_LV_DEN,2021,06,ML_AVG_DISAGREEMENT,AVG,8-12,away,184,2.84,11.649861051753962,0.4507210951506857,0.2800479102279474,1,0,1.84,0.35211267605633806,5.5,fanduel
2021_06_LV_DEN,2021,06,ML_DOG_VALUE_ZONE,AVG,ZONE,away,184,2.84,11.649861051753962,0.4507210951506857,0.2800479102279474,1,0,1.84,0.35211267605633806,5.5,fanduel
2021_06_LV_DEN,2021,06,ML_CORROBORATED_DISAGREEMENT,CORROB,8-12,away,184,2.84,11.649861051753962,0.4507210951506857,0.2800479102279474,1,0,1.84,0.35211267605633806,5.5,fanduel
2021_06_LV_DEN,2021,06,ML_DOG_VALUE_ZONE,CORROB,ZONE,away,184,2.84,11.649861051753962,0.4507210951506857,0.2800479102279474,1,0,1.84,0.35211267605633806,5.5,fanduel
2021_06_MIA_JAX,2021,06,ML_QBELO_DISAGREEMENT,QB_ELO,12+,away,-147,1.6802721088435373,15.899735073337872,0.7354882755389102,0.2358204357694611,0,0,-1.0,0.5951417004048584,3.0,draftkings
2021_06_MIA_JAX,2021,06,ML_XGB_DISAGREEMENT,XGB,12+,home,135,2.35,18.747370049370293,0.6109827756881714,0.43580952286720276,1,0,1.35,0.425531914893617,3.0,draftkings
2021_06_MIA_JAX,2021,06,ML_AVG_DISAGREEMENT,AVG,0-2,home,135,2.35,1.4238174880162158,0.4377472500746306,0.028706037675382046,1,0,1.35,0.425531914893617,3.0,draftkings
2021_06_MIA_JAX,2021,06,ML_DOG_VALUE_ZONE,AVG,ZONE,home,135,2.35,1.4238174880162158,0.4377472500746306,0.028706037675382046,1,0,1.35,0.425531914893617,3.0,draftkings
2021_06_MIN_CAR,2021,06,ML_QBELO_DISAGREEMENT,QB_ELO,8-12,home,125,2.25,10.261504251307791,0.5459179344461068,0.22831535250374024,0,0,-1.0,0.4444444444444444,2.5,draftkings
2021_06_MIN_CAR,2021,06,ML_XGB_DISAGREEMENT,XGB,8-12,home,125,2.25,10.366020373194912,0.546963095664978,0.23066696524620056,0,0,-1.0,0.4444444444444444,2.5,draftkings
2021_06_MIN_CAR,2021,06,ML_AVG_DISAGREEMENT,AVG,8-12,home,125,2.25,10.313762312251356,0.5464405150555425,0.22949115887497062,0,0,-1.0,0.4444444444444444,2.5,draftkings
2021_06_MIN_CAR,2021,06,ML_CORROBORATED_DISAGREEMENT,CORROB,8-12,home,125,2.25,10.313762312251356,0.5464405150555425,0.22949115887497062,0,0,-1.0,0.4444444444444444,2.5,draftkings
2021_06_SEA_PIT,2021,06,ML_QBELO_DISAGREEMENT,QB_ELO,12+,away,188,2.88,15.293312456367486,0.49406372885217387,0.4229035390942606,0,0,-1.0,0.3472222222222222,4.5,draftkings
2021_06_SEA_PIT,2021,06,ML_DOG_VALUE_ZONE,QB_ELO,ZONE,away,188,2.88,15.293312456367486,0.49406372885217387,0.4229035390942606,0,0,-1.0,0.3472222222222222,4.5,draftkings
2021_06_SEA_PIT,2021,06,ML_XGB_DISAGREEMENT,XGB,12+,away,188,2.88,20.127556727178845,0.5424061715602875,0.562129774093628,0,0,-1.0,0.3472222222222222,4.5,draftkings
2021_06_SEA_PIT,2021,06,ML_AVG_DISAGREEMENT,AVG,12+,away,188,2.88,17.710434591773165,0.5182349502062307,0.4925166565939443,0,0,-1.0,0.3472222222222222,4.5,draftkings
2021_06_SEA_PIT,2021,06,ML_CORROBORATED_DISAGREEMENT,CORROB,12+,away,188,2.88,17.710434591773165,0.5182349502062307,0.4925166565939443,0,0,-1.0,0.3472222222222222,4.5,draftkings
2021_06_TB_PHI,2021,06,ML_QBELO_DISAGREEMENT,QB_ELO,2-4,home,245,3.45,2.611640124719461,0.30790113523072554,0.06225891654600324,0,0,-1.0,0.2898550724637681,7.0,draftkings
2021_06_TB_PHI,2021,06,LONG_DOG_201+_CONTEXT,QB_ELO,LONG201+,home,245,3.45,2.611640124719461,0.30790113523072554,0.06225891654600324,0,0,-1.0,0.2898550724637681,7.0,draftkings
2021_06_TB_PHI,2021,06,ML_XGB_DISAGREEMENT,XGB,2-4,home,245,3.45,3.4554460791096755,0.3163391947746277,0.09137022197246547,0,0,-1.0,0.2898550724637681,7.0,draftkings
2021_06_TB_PHI,2021,06,LONG_DOG_201+_CONTEXT,XGB,LONG201+,home,245,3.45,3.4554460791096755,0.3163391947746277,0.09137022197246547,0,0,-1.0,0.2898550724637681,7.0,draftkings
2021_06_TB_PHI,2021,06,ML_AVG_DISAGREEMENT,AVG,2-4,home,245,3.45,3.0335431019145656,0.3121201650026766,0.07681456925923436,0,0,-1.0,0.2898550724637681,7.0,draftkings
2021_06_TB_PHI,2021,06,LONG_DOG_201+_CONTEXT,AVG,LONG201+,home,245,3.45,3.0335431019145656,0.3121201650026766,0.07681456925923436,0,0,-1.0,0.2898550724637681,7.0,draftkings
2021_06_TB_PHI,2021,06,ML_CORROBORATED_DISAGREEMENT,CORROB,2-4,home,245,3.45,3.0335431019145656,0.3121201650026766,0.07681456925923436,0,0,-1.0,0.2898550724637681,7.0,draftkings
2021_07_ATL_MIA,2021,07,ML_QBELO_DISAGREEMENT,QB_ELO,8-12,home,110,2.1,10.2786915761647,0.564934347009445,0.18636212871983449,0,0,-1.0,0.47619047619047616,-1.5,draftkings
2021_07_ATL_MIA,2021,07,ML_XGB_DISAGREEMENT,XGB,8-12,away,-125,1.8,8.750192987259965,0.6253544986248016,0.12563809752464294,1,0,0.8,0.5555555555555556,-1.5,draftkings
2021_07_ATL_MIA,2021,07,ML_AVG_DISAGREEMENT,AVG,0-2,home,110,2.1,0.7642492944523682,0.4697899241923217,-0.01344115919612443,0,0,-1.0,0.47619047619047616,-1.5,draftkings
2021_07_CAR_NYG,2021,07,ML_QBELO_DISAGREEMENT,QB_ELO,4-8,home,130,2.3,5.995743561995454,0.4789494798600862,0.10158380367819819,1,0,1.3,0.4347826086956522,-3.0,draftkings
2021_07_CAR_NYG,2021,07,ML_DOG_VALUE_ZONE,QB_ELO,ZONE,home,130,2.3,5.995743561995454,0.4789494798600862,0.10158380367819819,1,0,1.3,0.4347826086956522,-3.0,draftkings
2021_07_CAR_NYG,2021,07,ML_XGB_DISAGREEMENT,XGB,12+,away,-149,1.6711409395973154,22.546258738626502,0.8064705431461334,0.3477259412307867,0,0,-1.0,0.5983935742971888,-3.0,draftkings
2021_07_CAR_NYG,2021,07,ML_AVG_DISAGREEMENT,AVG,8-12,away,-149,1.6711409395973154,8.27525758831552,0.6637605316430236,0.10923739851753611,0,0,-1.0,0.5983935742971888,-3.0,draftkings
2021_07_CHI_TB,2021,07,ML_QBELO_DISAGREEMENT,QB_ELO,8-12,away,500,6.0,11.54202418860171,0.27208737834983354,0.6325242700990013,0,0,-1.0,0.16666666666666666,12.5,fanduel
2021_07_CHI_TB,2021,07,LONG_DOG_201+_CONTEXT,QB_ELO,LONG201+,away,500,6.0,11.54202418860171,0.27208737834983354,0.6325242700990013,0,0,-1.0,0.16666666666666666,12.5,fanduel
2021_07_CHI_TB,2021,07,ML_XGB_DISAGREEMENT,XGB,8-12,away,500,6.0,9.893379279643746,0.2556009292602539,0.5336055755615234,0,0,-1.0,0.16666666666666666,12.5,fanduel
2021_07_CHI_TB,2021,07,LONG_DOG_201+_CONTEXT,XGB,LONG201+,away,500,6.0,9.893379279643746,0.2556009292602539,0.5336055755615234,0,0,-1.0,0.16666666666666666,12.5,fanduel
2021_07_CHI_TB,2021,07,ML_AVG_DISAGREEMENT,AVG,8-12,away,500,6.0,10.717701734122734,0.2638441538050438,0.5830649228302627,0,0,-1.0,0.16666666666666666,12.5,fanduel
2021_07_CHI_TB,2021,07,LONG_DOG_201+_CONTEXT,AVG,LONG201+,away,500,6.0,10.717701734122734,0.2638441538050438,0.5830649228302627,0,0,-1.0,0.16666666666666666,12.5,fanduel
2021_07_CHI_TB,2021,07,ML_CORROBORATED_DISAGREEMENT,CORROB,8-12,away,500,6.0,10.717701734122734,0.2638441538050438,0.5830649228302627,0,0,-1.0,0.16666666666666666,12.5,fanduel
2021_07_CIN_BAL,2021,07,ML_QBELO_DISAGREEMENT,QB_ELO,4-8,home,-278,1.3597122302158273,6.956539077659274,0.7792554653156277,0.05956318665218441,0,0,-1.0,0.7354497354497355,6.5,fanduel
2021_07_CIN_BAL,2021,07,ML_XGB_DISAGREEMENT,XGB,12+,away,235,3.35,15.609065732940975,0.44640058279037476,0.49544195234775557,1,0,2.35,0.29850746268656714,6.5,fanduel
2021_07_CIN_BAL,2021,07,LONG_DOG_201+_CONTEXT,XGB,LONG201+,away,235,3.35,15.609065732940975,0.44640058279037476,0.49544195234775557,1,0,2.35,0.29850746268656714,6.5,fanduel
2021_07_CIN_BAL,2021,07,ML_AVG_DISAGREEMENT,AVG,4-8,away,235,3.35,4.326263327640845,0.33357255873737346,0.11746807177020102,1,0,2.35,0.29850746268656714,6.5,fanduel
2021_07_CIN_BAL,2021,07,LONG_DOG_201+_CONTEXT,AVG,LONG201+,away,235,3.35,4.326263327640845,0.33357255873737346,0.11746807177020102,1,0,2.35,0.29850746268656714,6.5,fanduel
2021_07_DEN_CLE,2021,07,ML_QBELO_DISAGREEMENT,QB_ELO,12+,home,-125,1.8,14.301047236695762,0.6849952051913851,0.23299136934449316,1,0,0.8,0.5555555555555556,1.5,fanduel
2021_07_DEN_CLE,2021,07,ML_XGB_DISAGREEMENT,XGB,2-4,away,114,2.1399999999999997,3.555231876955683,0.4935675859451294,0.05623463392257677,0,0,-1.0,0.4672897196261683,1.5,fanduel
2021_07_DEN_CLE,2021,07,ML_DOG_VALUE_ZONE,XGB,ZONE,away,114,2.1399999999999997,3.555231876955683,0.4935675859451294,0.05623463392257677,0,0,-1.0,0.4672897196261683,1.5,fanduel
2021_07_DEN_CLE,2021,07,ML_AVG_DISAGREEMENT,AVG,4-8,home,-125,1.8,5.372907679870032,0.5957138096231278,0.07228485732163015,1,0,0.8,0.5555555555555556,1.5,fanduel
2021_07_DET_LA,2021,07,ML_QBELO_DISAGREEMENT,QB_ELO,0-2,away,800,9.0,1.3065324172282358,0.11418891967790035,0.027700277101103232,0,0,-1.0,0.1111111111111111,16.5,fanduel
2021_07_DET_LA,2021,07,LONG_DOG_201+_CONTEXT,QB_ELO,LONG201+,away,800,9.0,1.3065324172282358,0.11418891967790035,0.027700277101103232,0,0,-1.0,0.1111111111111111,16.5,fanduel
2021_07_DET_LA,2021,07,ML_XGB_DISAGREEMENT,XGB,0-2,away,800,9.0,1.8630122870541679,0.11975371837615967,0.07778346538543701,0,0,-1.0,0.1111111111111111,16.5,fanduel
2021_07_DET_LA,2021,07,LONG_DOG_201+_CONTEXT,XGB,LONG201+,away,800,9.0,1.8630122870541679,0.11975371837615967,0.07778346538543701,0,0,-1.0,0.1111111111111111,16.5,fanduel
2021_07_DET_LA,2021,07,ML_AVG_DISAGREEMENT,AVG,0-2,away,800,9.0,1.5847723521412074,0.11697131902703006,0.052741871243270566,0,0,-1.0,0.1111111111111111,16.5,fanduel
2021_07_DET_LA,2021,07,LONG_DOG_201+_CONTEXT,AVG,LONG201+,away,800,9.0,1.5847723521412074,0.11697131902703006,0.052741871243270566,0,0,-1.0,0.1111111111111111,16.5,fanduel
2021_07_DET_LA,2021,07,ML_CORROBORATED_DISAGREEMENT,CORROB,0-2,away,800,9.0,1.5847723521412074,0.11697131902703006,0.052741871243270566,0,0,-1.0,0.1111111111111111,16.5,fanduel
2021_07_HOU_ARI,2021,07,ML_QBELO_DISAGREEMENT,QB_ELO,8-12,away,1100,12.0,9.116866334828353,0.1702133278334308,1.0425599340011695,0,0,-1.0,0.08333333333333333,20.5,draftkings
2021_07_HOU_ARI,2021,07,LONG_DOG_201+_CONTEXT,QB_ELO,LONG201+,away,1100,12.0,9.116866334828353,0.1702133278334308,1.0425599340011695,0,0,-1.0,0.08333333333333333,20.5,draftkings
2021_07_HOU_ARI,2021,07,ML_XGB_DISAGREEMENT,XGB,4-8,away,1100,12.0,5.822697819978926,0.13727164268493652,0.6472597122192383,0,0,-1.0,0.08333333333333333,20.5,draftkings
2021_07_HOU_ARI,2021,07,LONG_DOG_201+_CONTEXT,XGB,LONG201+,away,1100,12.0,5.822697819978926,0.13727164268493652,0.6472597122192383,0,0,-1.0,0.08333333333333333,20.5,draftkings
2021_07_HOU_ARI,2021,07,ML_AVG_DISAGREEMENT,AVG,4-8,away,1100,12.0,7.46978207740364,0.15374248525918366,0.8449098231102039,0,0,-1.0,0.08333333333333333,20.5,draftkings
2021_07_HOU_ARI,2021,07,LONG_DOG_201+_CONTEXT,AVG,LONG201+,away,1100,12.0,7.46978207740364,0.15374248525918366,0.8449098231102039,0,0,-1.0,0.08333333333333333,20.5,draftkings
2021_07_HOU_ARI,2021,07,ML_CORROBORATED_DISAGREEMENT,CORROB,4-8,away,1100,12.0,7.46978207740364,0.15374248525918366,0.8449098231102039,0,0,-1.0,0.08333333333333333,20.5,draftkings
2021_07_IND_SF,2021,07,ML_QBELO_DISAGREEMENT,QB_ELO,8-12,away,150,2.5,11.929105070156131,0.5029949215964942,0.25748730399123554,1,0,1.5,0.4,3.5,fanduel
2021_07_IND_SF,2021,07,ML_XGB_DISAGREEMENT,XGB,12+,away,150,2.5,14.991660582778444,0.5336204767227173,0.3340511918067932,1,0,1.5,0.4,3.5,fanduel
2021_07_IND_SF,2021,07,ML_AVG_DISAGREEMENT,AVG,12+,away,150,2.5,13.460382826467288,0.5183076991596057,0.2957692478990144,1,0,1.5,0.4,3.5,fanduel
2021_07_IND_SF,2021,07,ML_CORROBORATED_DISAGREEMENT,CORROB,12+,away,150,2.5,13.460382826467288,0.5183076991596057,0.2957692478990144,1,0,1.5,0.4,3.5,fanduel
2021_07_KC_TEN,2021,07,ML_QBELO_DISAGREEMENT,QB_ELO,12+,home,180,2.8,14.834741528062661,0.5069640393718037,0.41949931024105025,1,0,1.8,0.35714285714285715,4.0,fanduel
2021_07_KC_TEN,2021,07,ML_XGB_DISAGREEMENT,XGB,12+,home,180,2.8,13.441815593430512,0.4930347800254822,0.3804973840713499,1,0,1.8,0.35714285714285715,4.0,fanduel
2021_07_KC_TEN,2021,07,ML_DOG_VALUE_ZONE,XGB,ZONE,home,180,2.8,13.441815593430512,0.4930347800254822,0.3804973840713499,1,0,1.8,0.35714285714285715,4.0,fanduel
2021_07_KC_TEN,2021,07,ML_AVG_DISAGREEMENT,AVG,12+,home,180,2.8,14.138278560746587,0.4999994096986429,0.3999983471562001,1,0,1.8,0.35714285714285715,4.0,fanduel
2021_07_KC_TEN,2021,07,ML_DOG_VALUE_ZONE,AVG,ZONE,home,180,2.8,14.138278560746587,0.4999994096986429,0.3999983471562001,1,0,1.8,0.35714285714285715,4.0,fanduel
2021_07_KC_TEN,2021,07,ML_CORROBORATED_DISAGREEMENT,CORROB,12+,home,180,2.8,14.138278560746587,0.4999994096986429,0.3999983471562001,1,0,1.8,0.35714285714285715,4.0,fanduel
2021_07_KC_TEN,2021,07,ML_DOG_VALUE_ZONE,CORROB,ZONE,home,180,2.8,14.138278560746587,0.4999994096986429,0.3999983471562001,1,0,1.8,0.35714285714285715,4.0,fanduel
2021_07_NO_SEA,2021,07,ML_QBELO_DISAGREEMENT,QB_ELO,12+,home,188,2.88,14.80844528112158,0.46715693879789716,0.3454119837379437,0,0,-1.0,0.3472222222222222,5.5,fanduel
2021_07_NO_SEA,2021,07,ML_DOG_VALUE_ZONE,QB_ELO,ZONE,home,188,2.88,14.80844528112158,0.46715693879789716,0.3454119837379437,0,0,-1.0,0.3472222222222222,5.5,fanduel
2021_07_NO_SEA,2021,07,ML_XGB_DISAGREEMENT,XGB,4-8,home,188,2.88,6.619521873858414,0.3852677047252655,0.10957098960876466,0,0,-1.0,0.3472222222222222,5.5,fanduel
2021_07_NO_SEA,2021,07,ML_AVG_DISAGREEMENT,AVG,8-12,home,188,2.88,10.713983577489994,0.4262123217615813,0.22749148667335417,0,0,-1.0,0.3472222222222222,5.5,fanduel
2021_07_NO_SEA,2021,07,ML_DOG_VALUE_ZONE,AVG,ZONE,home,188,2.88,10.713983577489994,0.4262123217615813,0.22749148667335417,0,0,-1.0,0.3472222222222222,5.5,fanduel
2021_07_NO_SEA,2021,07,ML_CORROBORATED_DISAGREEMENT,CORROB,8-12,home,188,2.88,10.713983577489994,0.4262123217615813,0.22749148667335417,0,0,-1.0,0.3472222222222222,5.5,fanduel
2021_07_NO_SEA,2021,07,ML_DOG_VALUE_ZONE,CORROB,ZONE,home,188,2.88,10.713983577489994,0.4262123217615813,0.22749148667335417,0,0,-1.0,0.3472222222222222,5.5,fanduel
2021_07_NYJ_NE,2021,07,ML_QBELO_DISAGREEMENT,QB_ELO,0-2,away,270,3.7,0.16320867115585114,0.2604664143848031,-0.03627426677622847,0,0,-1.0,0.27027027027027023,7.0,draftkings
2021_07_NYJ_NE,2021,07,LONG_DOG_201+_CONTEXT,QB_ELO,LONG201+,away,270,3.7,0.16320867115585114,0.2604664143848031,-0.03627426677622847,0,0,-1.0,0.27027027027027023,7.0,draftkings
2021_07_NYJ_NE,2021,07,ML_XGB_DISAGREEMENT,XGB,0-2,home,-333,1.3003003003003002,1.0315026258754911,0.7514806985855103,-0.022849421959381666,1,0,0.3003,0.76905311778291,7.0,draftkings
2021_07_NYJ_NE,2021,07,ML_AVG_DISAGREEMENT,AVG,0-2,home,-333,1.3003003003003002,0.4341469773598283,0.7455071421003536,-0.030616839250891648,1,0,0.3003,0.76905311778291,7.0,draftkings
2021_07_PHI_LV,2021,07,ML_QBELO_DISAGREEMENT,QB_ELO,12+,home,-115,1.8695652173913042,20.278654598482472,0.7190333513882566,0.344279743899784,1,0,0.869565,0.5348837209302326,1.0,draftkings
2021_07_PHI_LV,2021,07,ML_XGB_DISAGREEMENT,XGB,12+,home,-115,1.8695652173913042,13.79349730275068,0.6541817784309387,0.22303549880566798,1,0,0.869565,0.5348837209302326,1.0,draftkings
2021_07_PHI_LV,2021,07,ML_AVG_DISAGREEMENT,AVG,12+,home,-115,1.8695652173913042,17.03607595061658,0.6866075649095977,0.2836576213527262,1,0,0.869565,0.5348837209302326,1.0,draftkings
2021_07_PHI_LV,2021,07,ML_CORROBORATED_DISAGREEMENT,CORROB,12+,home,-115,1.8695652173913042,17.03607595061658,0.6866075649095977,0.2836576213527262,1,0,0.869565,0.5348837209302326,1.0,draftkings
2021_07_WAS_GB,2021,07,ML_QBELO_DISAGREEMENT,QB_ELO,4-8,home,-400,1.25,6.574248899400271,0.8441112833202439,0.055139104150304874,1,0,0.25,0.8,8.5,draftkings
2021_07_WAS_GB,2021,07,ML_XGB_DISAGREEMENT,XGB,8-12,away,320,4.2,8.721926153128878,0.3088504672050476,0.2971719622611999,0,0,-1.0,0.23809523809523808,8.5,draftkings
2021_07_WAS_GB,2021,07,LONG_DOG_201+_CONTEXT,XGB,LONG201+,away,320,4.2,8.721926153128878,0.3088504672050476,0.2971719622611999,0,0,-1.0,0.23809523809523808,8.5,draftkings
2021_07_WAS_GB,2021,07,ML_AVG_DISAGREEMENT,AVG,0-2,away,320,4.2,1.0738386268642985,0.2323695919424018,-0.0240477138419124,0,0,-1.0,0.23809523809523808,8.5,draftkings
2021_07_WAS_GB,2021,07,LONG_DOG_201+_CONTEXT,AVG,LONG201+,away,320,4.2,1.0738386268642985,0.2323695919424018,-0.0240477138419124,0,0,-1.0,0.23809523809523808,8.5,draftkings
2021_08_CAR_ATL,2021,08,ML_QBELO_DISAGREEMENT,QB_ELO,4-8,home,-141,1.7092198581560285,5.740241740837371,0.6179036330433092,0.056133160024379736,0,0,-1.0,0.5850622406639003,-2.5,draftkings
2021_08_CAR_ATL,2021,08,ML_XGB_DISAGREEMENT,XGB,4-8,home,-141,1.7092198581560285,5.424183827818096,0.6147430539131165,0.0507310354117807,0,0,-1.0,0.5850622406639003,-2.5,draftkings
2021_08_CAR_ATL,2021,08,ML_AVG_DISAGREEMENT,AVG,4-8,home,-141,1.7092198581560285,5.582212784327734,0.6163233434782128,0.05343209771808022,0,0,-1.0,0.5850622406639003,-2.5,draftkings
2021_08_CAR_ATL,2021,08,ML_CORROBORATED_DISAGREEMENT,CORROB,4-8,home,-141,1.7092198581560285,5.582212784327734,0.6163233434782128,0.05343209771808022,0,0,-1.0,0.5850622406639003,-2.5,draftkings
2021_08_CIN_NYJ,2021,08,ML_QBELO_DISAGREEMENT,QB_ELO,8-12,home,440,5.4,11.255320154915822,0.3033322158575843,0.6379939656309552,1,0,4.4,0.18518518518518517,11.5,fanduel
2021_08_CIN_NYJ,2021,08,LONG_DOG_201+_CONTEXT,QB_ELO,LONG201+,home,440,5.4,11.255320154915822,0.3033322158575843,0.6379939656309552,1,0,4.4,0.18518518518518517,11.5,fanduel
2021_08_CIN_NYJ,2021,08,ML_XGB_DISAGREEMENT,XGB,4-8,away,-526,1.1901140684410647,6.947796680447782,0.8786989524960518,0.04575198528997815,0,0,-1.0,0.840255591054313,11.5,fanduel
2021_08_CIN_NYJ,2021,08,ML_AVG_DISAGREEMENT,AVG,2-4,home,440,5.4,2.1537617372340168,0.21231663168076625,0.1465098110761378,1,0,4.4,0.18518518518518517,11.5,fanduel
2021_08_CIN_NYJ,2021,08,LONG_DOG_201+_CONTEXT,AVG,LONG201+,home,440,5.4,2.1537617372340168,0.21231663168076625,0.1465098110761378,1,0,4.4,0.18518518518518517,11.5,fanduel
2021_08_DAL_MIN,2021,08,ML_QBELO_DISAGREEMENT,QB_ELO,12+,away,165,2.65,13.17595843335973,0.48708465875979534,0.2907743457134575,1,0,1.65,0.37735849056603776,4.5,fanduel
2021_08_DAL_MIN,2021,08,ML_DOG_VALUE_ZONE,QB_ELO,ZONE,away,165,2.65,13.17595843335973,0.48708465875979534,0.2907743457134575,1,0,1.65,0.37735849056603776,4.5,fanduel
2021_08_DAL_MIN,2021,08,ML_XGB_DISAGREEMENT,XGB,12+,away,165,2.65,28.319215632293222,0.6385172307491302,0.692070661485195,1,0,1.65,0.37735849056603776,4.5,fanduel
2021_08_DAL_MIN,2021,08,ML_AVG_DISAGREEMENT,AVG,12+,away,165,2.65,20.74758703282648,0.5628009447544629,0.4914225035993265,1,0,1.65,0.37735849056603776,4.5,fanduel
2021_08_DAL_MIN,2021,08,ML_CORROBORATED_DISAGREEMENT,CORROB,12+,away,165,2.65,20.74758703282648,0.5628009447544629,0.4914225035993265,1,0,1.65,0.37735849056603776,4.5,fanduel
2021_08_GB_ARI,2021,08,ML_QBELO_DISAGREEMENT,QB_ELO,12+,away,225,3.25,22.405417932964777,0.5189603455494869,0.6866211230358323,1,0,2.25,0.3076923076923077,6.0,draftkings
2021_08_GB_ARI,2021,08,LONG_DOG_201+_CONTEXT,QB_ELO,LONG201+,away,225,3.25,22.405417932964777,0.5189603455494869,0.6866211230358323,1,0,2.25,0.3076923076923077,6.0,draftkings
2021_08_GB_ARI,2021,08,ML_XGB_DISAGREEMENT,XGB,4-8,away,225,3.25,6.731847224222753,0.36222463846206665,0.1772300750017166,1,0,2.25,0.3076923076923077,6.0,draftkings
2021_08_GB_ARI,2021,08,LONG_DOG_201+_CONTEXT,XGB,LONG201+,away,225,3.25,6.731847224222753,0.36222463846206665,0.1772300750017166,1,0,2.25,0.3076923076923077,6.0,draftkings
2021_08_GB_ARI,2021,08,ML_AVG_DISAGREEMENT,AVG,12+,away,225,3.25,14.568632578593766,0.44059249200577677,0.4319255990187745,1,0,2.25,0.3076923076923077,6.0,draftkings
2021_08_GB_ARI,2021,08,LONG_DOG_201+_CONTEXT,AVG,LONG201+,away,225,3.25,14.568632578593766,0.44059249200577677,0.4319255990187745,1,0,2.25,0.3076923076923077,6.0,draftkings
2021_08_GB_ARI,2021,08,ML_CORROBORATED_DISAGREEMENT,CORROB,12+,away,225,3.25,14.568632578593766,0.44059249200577677,0.4319255990187745,1,0,2.25,0.3076923076923077,6.0,draftkings
2021_08_JAX_SEA,2021,08,ML_QBELO_DISAGREEMENT,QB_ELO,12+,home,-196,1.510204081632653,19.856125935046453,0.8361379137691449,0.2627388901819738,1,0,0.510204,0.6621621621621622,4.0,draftkings
2021_08_JAX_SEA,2021,08,ML_XGB_DISAGREEMENT,XGB,0-2,home,-196,1.510204081632653,1.806186153056888,0.6556385159492493,-0.00985203713786853,1,0,0.510204,0.6621621621621622,4.0,draftkings
2021_08_JAX_SEA,2021,08,ML_AVG_DISAGREEMENT,AVG,8-12,home,-196,1.510204081632653,10.83115604405167,0.7458882148591971,0.12644342652205265,1,0,0.510204,0.6621621621621622,4.0,draftkings
2021_08_JAX_SEA,2021,08,ML_CORROBORATED_DISAGREEMENT,CORROB,8-12,home,-196,1.510204081632653,10.83115604405167,0.7458882148591971,0.12644342652205265,1,0,0.510204,0.6621621621621622,4.0,draftkings
2021_08_LA_HOU,2021,08,ML_QBELO_DISAGREEMENT,QB_ELO,12+,home,750,8.5,12.677853530166017,0.22799690456126653,0.9379736887707655,0,0,-1.0,0.11764705882352941,17.0,fanduel
2021_08_LA_HOU,2021,08,LONG_DOG_201+_CONTEXT,QB_ELO,LONG201+,home,750,8.5,12.677853530166017,0.22799690456126653,0.9379736887707655,0,0,-1.0,0.11764705882352941,17.0,fanduel
2021_08_LA_HOU,2021,08,ML_XGB_DISAGREEMENT,XGB,2-4,home,750,8.5,2.186028991722011,0.12307865917682648,0.046168603003025055,0,0,-1.0,0.11764705882352941,17.0,fanduel
2021_08_LA_HOU,2021,08,LONG_DOG_201+_CONTEXT,XGB,LONG201+,home,750,8.5,2.186028991722011,0.12307865917682648,0.046168603003025055,0,0,-1.0,0.11764705882352941,17.0,fanduel
2021_08_LA_HOU,2021,08,ML_AVG_DISAGREEMENT,AVG,4-8,home,750,8.5,7.431941260944014,0.1755377818690465,0.4920711458868954,0,0,-1.0,0.11764705882352941,17.0,fanduel
2021_08_LA_HOU,2021,08,LONG_DOG_201+_CONTEXT,AVG,LONG201+,home,750,8.5,7.431941260944014,0.1755377818690465,0.4920711458868954,0,0,-1.0,0.11764705882352941,17.0,fanduel
2021_08_LA_HOU,2021,08,ML_CORROBORATED_DISAGREEMENT,CORROB,4-8,home,750,8.5,7.431941260944014,0.1755377818690465,0.4920711458868954,0,0,-1.0,0.11764705882352941,17.0,fanduel
2021_08_MIA_BUF,2021,08,ML_QBELO_DISAGREEMENT,QB_ELO,4-8,away,700,8.0,5.73890020784009,0.17605135375046133,0.4084108300036906,0,0,-1.0,0.125,15.0,draftkings
2021_08_MIA_BUF,2021,08,LONG_DOG_201+_CONTEXT,QB_ELO,LONG201+,away,700,8.0,5.73890020784009,0.17605135375046133,0.4084108300036906,0,0,-1.0,0.125,15.0,draftkings
2021_08_MIA_BUF,2021,08,ML_XGB_DISAGREEMENT,XGB,0-2,away,700,8.0,0.25122818308997846,0.1211746335029602,-0.03060293197631836,0,0,-1.0,0.125,15.0,draftkings
2021_08_MIA_BUF,2021,08,LONG_DOG_201+_CONTEXT,XGB,LONG201+,away,700,8.0,0.25122818308997846,0.1211746335029602,-0.03060293197631836,0,0,-1.0,0.125,15.0,draftkings
2021_08_MIA_BUF,2021,08,ML_AVG_DISAGREEMENT,AVG,2-4,away,700,8.0,2.9950641954650346,0.14861299362671077,0.18890394901368612,0,0,-1.0,0.125,15.0,draftkings
2021_08_MIA_BUF,2021,08,LONG_DOG_201+_CONTEXT,AVG,LONG201+,away,700,8.0,2.9950641954650346,0.14861299362671077,0.18890394901368612,0,0,-1.0,0.125,15.0,draftkings
2021_08_MIA_BUF,2021,08,ML_CORROBORATED_DISAGREEMENT,CORROB,2-4,away,700,8.0,2.9950641954650346,0.14861299362671077,0.18890394901368612,0,0,-1.0,0.125,15.0,draftkings
2021_08_NE_LAC,2021,08,ML_QBELO_DISAGREEMENT,QB_ELO,0-2,home,-185,1.5405405405405406,1.0530820900759186,0.6420281056175939,-0.010929675129652594,0,0,-1.0,0.6491228070175439,3.5,draftkings
2021_08_NE_LAC,2021,08,ML_XGB_DISAGREEMENT,XGB,12+,away,160,2.6,19.962998325275393,0.5681326985359192,0.4771450161933899,1,0,1.6,0.3846153846153846,3.5,draftkings
2021_08_NE_LAC,2021,08,ML_AVG_DISAGREEMENT,AVG,8-12,away,160,2.6,9.454958117599732,0.46305229645916257,0.20393597079382264,1,0,1.6,0.3846153846153846,3.5,draftkings
2021_08_NE_LAC,2021,08,ML_DOG_VALUE_ZONE,AVG,ZONE,away,160,2.6,9.454958117599732,0.46305229645916257,0.20393597079382264,1,0,1.6,0.3846153846153846,3.5,draftkings
2021_08_NYG_KC,2021,08,ML_QBELO_DISAGREEMENT,QB_ELO,2-4,away,400,5.0,2.5379465997773103,0.2155537924637002,0.07776896231850117,0,0,-1.0,0.2,10.5,draftkings
2021_08_NYG_KC,2021,08,LONG_DOG_201+_CONTEXT,QB_ELO,LONG201+,away,400,5.0,2.5379465997773103,0.2155537924637002,0.07776896231850117,0,0,-1.0,0.2,10.5,draftkings
2021_08_NYG_KC,2021,08,ML_XGB_DISAGREEMENT,XGB,12+,away,400,5.0,12.778474373976136,0.3179590702056885,0.5897953510284424,0,0,-1.0,0.2,10.5,draftkings
2021_08_NYG_KC,2021,08,LONG_DOG_201+_CONTEXT,XGB,LONG201+,away,400,5.0,12.778474373976136,0.3179590702056885,0.5897953510284424,0,0,-1.0,0.2,10.5,draftkings
2021_08_NYG_KC,2021,08,ML_AVG_DISAGREEMENT,AVG,4-8,away,400,5.0,7.65821048687673,0.2667564313346944,0.333782156673472,0,0,-1.0,0.2,10.5,draftkings
2021_08_NYG_KC,2021,08,LONG_DOG_201+_CONTEXT,AVG,LONG201+,away,400,5.0,7.65821048687673,0.2667564313346944,0.333782156673472,0,0,-1.0,0.2,10.5,draftkings
2021_08_NYG_KC,2021,08,ML_CORROBORATED_DISAGREEMENT,CORROB,4-8,away,400,5.0,7.65821048687673,0.2667564313346944,0.333782156673472,0,0,-1.0,0.2,10.5,draftkings
2021_08_PHI_DET,2021,08,ML_QBELO_DISAGREEMENT,QB_ELO,4-8,home,145,2.45,6.040760902298575,0.4504733504400785,0.10365970857819251,0,0,-1.0,0.4081632653061224,3.0,fanduel
2021_08_PHI_DET,2021,08,ML_DOG_VALUE_ZONE,QB_ELO,ZONE,home,145,2.45,6.040760902298575,0.4504733504400785,0.10365970857819251,0,0,-1.0,0.4081632653061224,3.0,fanduel
2021_08_PHI_DET,2021,08,ML_XGB_DISAGREEMENT,XGB,2-4,home,145,2.45,2.3830789449530156,0.4138965308666229,0.01404650062322621,0,0,-1.0,0.4081632653061224,3.0,fanduel
2021_08_PHI_DET,2021,08,ML_DOG_VALUE_ZONE,XGB,ZONE,home,145,2.45,2.3830789449530156,0.4138965308666229,0.01404650062322621,0,0,-1.0,0.4081632653061224,3.0,fanduel
2021_08_PHI_DET,2021,08,ML_AVG_DISAGREEMENT,AVG,4-8,home,145,2.45,4.211919923625795,0.4321849406533507,0.05885310460070925,0,0,-1.0,0.4081632653061224,3.0,fanduel
2021_08_PHI_DET,2021,08,ML_DOG_VALUE_ZONE,AVG,ZONE,home,145,2.45,4.211919923625795,0.4321849406533507,0.05885310460070925,0,0,-1.0,0.4081632653061224,3.0,fanduel
2021_08_PHI_DET,2021,08,ML_CORROBORATED_DISAGREEMENT,CORROB,4-8,home,145,2.45,4.211919923625795,0.4321849406533507,0.05885310460070925,0,0,-1.0,0.4081632653061224,3.0,fanduel
2021_08_PHI_DET,2021,08,ML_DOG_VALUE_ZONE,CORROB,ZONE,home,145,2.45,4.211919923625795,0.4321849406533507,0.05885310460070925,0,0,-1.0,0.4081632653061224,3.0,fanduel
2021_08_PIT_CLE,2021,08,ML_QBELO_DISAGREEMENT,QB_ELO,8-12,away,188,2.88,8.547927613073231,0.4181793947273046,0.2043566568146371,1,0,1.88,0.3472222222222222,5.5,fanduel
2021_08_PIT_CLE,2021,08,ML_DOG_VALUE_ZONE,QB_ELO,ZONE,away,188,2.88,8.547927613073231,0.4181793947273046,0.2043566568146371,1,0,1.88,0.3472222222222222,5.5,fanduel
2021_08_PIT_CLE,2021,08,ML_XGB_DISAGREEMENT,XGB,4-8,away,188,2.88,4.103453439949095,0.37373465299606323,0.07635580062866199,1,0,1.88,0.3472222222222222,5.5,fanduel
2021_08_PIT_CLE,2021,08,ML_AVG_DISAGREEMENT,AVG,4-8,away,188,2.88,6.325690526511157,0.39595702386168385,0.14035622872164955,1,0,1.88,0.3472222222222222,5.5,fanduel
2021_08_PIT_CLE,2021,08,ML_CORROBORATED_DISAGREEMENT,CORROB,4-8,away,188,2.88,6.325690526511157,0.39595702386168385,0.14035622872164955,1,0,1.88,0.3472222222222222,5.5,fanduel
2021_08_SF_CHI,2021,08,ML_QBELO_DISAGREEMENT,QB_ELO,12+,home,180,2.8,25.651026517681636,0.6069775548964426,0.699537153710039,0,0,-1.0,0.35714285714285715,4.5,fanduel
2021_08_SF_CHI,2021,08,ML_XGB_DISAGREEMENT,XGB,4-8,home,180,2.8,5.996349927420924,0.41043078899383545,0.14920620918273908,0,0,-1.0,0.35714285714285715,4.5,fanduel
2021_08_SF_CHI,2021,08,ML_DOG_VALUE_ZONE,XGB,ZONE,home,180,2.8,5.996349927420924,0.41043078899383545,0.14920620918273908,0,0,-1.0,0.35714285714285715,4.5,fanduel
2021_08_SF_CHI,2021,08,ML_AVG_DISAGREEMENT,AVG,12+,home,180,2.8,15.823688222551285,0.5087041719451391,0.42437168144638937,0,0,-1.0,0.35714285714285715,4.5,fanduel
2021_08_SF_CHI,2021,08,ML_CORROBORATED_DISAGREEMENT,CORROB,12+,home,180,2.8,15.823688222551285,0.5087041719451391,0.42437168144638937,0,0,-1.0,0.35714285714285715,4.5,fanduel
2021_08_TB_NO,2021,08,ML_QBELO_DISAGREEMENT,QB_ELO,12+,home,168,2.6799999999999997,19.88042575731842,0.5620886501717361,0.5063975824602527,1,0,1.68,0.373134328358209,4.0,draftkings
2021_08_TB_NO,2021,08,ML_XGB_DISAGREEMENT,XGB,4-8,away,-196,1.510204081632653,5.899949217168721,0.6957150995731354,0.050671783028816586,0,0,-1.0,0.6621621621621622,4.0,draftkings
2021_08_TB_NO,2021,08,ML_AVG_DISAGREEMENT,AVG,4-8,home,168,2.6799999999999997,6.990238270074844,0.4331867752993004,0.16094055780212502,1,0,1.68,0.373134328358209,4.0,draftkings
2021_08_TB_NO,2021,08,ML_DOG_VALUE_ZONE,AVG,ZONE,home,168,2.6799999999999997,6.990238270074844,0.4331867752993004,0.16094055780212502,1,0,1.68,0.373134328358209,4.0,draftkings
2021_08_TEN_IND,2021,08,ML_QBELO_DISAGREEMENT,QB_ELO,4-8,away,140,2.4,7.834344428357359,0.48343237396266725,0.1602376975104014,1,0,1.4,0.4166666666666667,3.0,draftkings
2021_08_TEN_IND,2021,08,ML_DOG_VALUE_ZONE,QB_ELO,ZONE,away,140,2.4,7.834344428357359,0.48343237396266725,0.1602376975104014,1,0,1.4,0.4166666666666667,3.0,draftkings
2021_08_TEN_IND,2021,08,ML_XGB_DISAGREEMENT,XGB,12+,away,140,2.4,24.421498343736143,0.6493039131164551,0.5583293914794922,1,0,1.4,0.4166666666666667,3.0,draftkings
2021_08_TEN_IND,2021,08,ML_AVG_DISAGREEMENT,AVG,12+,away,140,2.4,16.127921386046744,0.5663681435395611,0.3592835444949467,1,0,1.4,0.4166666666666667,3.0,draftkings
2021_08_TEN_IND,2021,08,ML_CORROBORATED_DISAGREEMENT,CORROB,12+,away,140,2.4,16.127921386046744,0.5663681435395611,0.3592835444949467,1,0,1.4,0.4166666666666667,3.0,draftkings
2021_08_WAS_DEN,2021,08,ML_QBELO_DISAGREEMENT,QB_ELO,4-8,away,165,2.65,4.298401072059965,0.4032999041065819,0.06874474588244195,0,0,-1.0,0.37735849056603776,-4.0,draftkings
2021_08_WAS_DEN,2021,08,ML_DOG_VALUE_ZONE,QB_ELO,ZONE,away,165,2.65,4.298401072059965,0.4032999041065819,0.06874474588244195,0,0,-1.0,0.37735849056603776,-4.0,draftkings
2021_08_WAS_DEN,2021,08,ML_XGB_DISAGREEMENT,XGB,4-8,home,-196,1.510204081632653,5.05727274161335,0.6902568340301514,0.04242868812716738,1,0,0.510204,0.6621621621621622,-4.0,draftkings
2021_08_WAS_DEN,2021,08,ML_AVG_DISAGREEMENT,AVG,0-2,home,-196,1.510204081632653,0.37943583477668685,0.6434784649617847,-0.02821619577199863,1,0,0.510204,0.6621621621621622,-4.0,draftkings
2021_09_ARI_SF,2021,09,ML_QBELO_DISAGREEMENT,QB_ELO,12+,away,184,2.84,24.615998644896887,0.5958103360993185,0.6921013545220647,1,0,1.84,0.35211267605633806,4.5,fanduel
2021_09_ARI_SF,2021,09,ML_XGB_DISAGREEMENT,XGB,12+,away,184,2.84,29.54897617960309,0.6451401114463806,0.8321979165077209,1,0,1.84,0.35211267605633806,4.5,fanduel
2021_09_ARI_SF,2021,09,ML_AVG_DISAGREEMENT,AVG,12+,away,184,2.84,27.08248741224999,0.6204752237728496,0.7621496355148927,1,0,1.84,0.35211267605633806,4.5,fanduel
2021_09_ARI_SF,2021,09,ML_CORROBORATED_DISAGREEMENT,CORROB,12+,away,184,2.84,27.08248741224999,0.6204752237728496,0.7621496355148927,1,0,1.84,0.35211267605633806,4.5,fanduel
2021_09_ATL_NO,2021,09,ML_QBELO_DISAGREEMENT,QB_ELO,8-12,home,-294,1.3401360544217686,10.944005187335026,0.8237689515105934,0.10396247243256385,0,0,-1.0,0.7461928934010152,7.0,fanduel
2021_09_ATL_NO,2021,09,ML_XGB_DISAGREEMENT,XGB,4-8,away,245,3.45,4.18352034244745,0.32750630378723145,0.12989674806594853,1,0,2.45,0.2898550724637681,7.0,fanduel
2021_09_ATL_NO,2021,09,LONG_DOG_201+_CONTEXT,XGB,LONG201+,away,245,3.45,4.18352034244745,0.32750630378723145,0.12989674806594853,1,0,2.45,0.2898550724637681,7.0,fanduel
2021_09_ATL_NO,2021,09,ML_AVG_DISAGREEMENT,AVG,2-4,home,-294,1.3401360544217686,3.38024242244378,0.7481313238616809,0.002597760549327477,0,0,-1.0,0.7461928934010152,7.0,fanduel
2021_09_BUF_JAX,2021,09,ML_QBELO_DISAGREEMENT,QB_ELO,0-2,home,700,8.0,1.9391002089825236,0.13856760013966274,0.10854080111730191,1,0,7.0,0.125,14.5,draftkings
2021_09_BUF_JAX,2021,09,LONG_DOG_201+_CONTEXT,QB_ELO,LONG201+,home,700,8.0,1.9391002089825236,0.13856760013966274,0.10854080111730191,1,0,7.0,0.125,14.5,draftkings
2021_09_BUF_JAX,2021,09,ML_XGB_DISAGREEMENT,XGB,12+,home,700,8.0,12.752693726853714,0.24670353531837463,0.9736282825469971,1,0,7.0,0.125,14.5,draftkings
2021_09_BUF_JAX,2021,09,LONG_DOG_201+_CONTEXT,XGB,LONG201+,home,700,8.0,12.752693726853714,0.24670353531837463,0.9736282825469971,1,0,7.0,0.125,14.5,draftkings
2021_09_BUF_JAX,2021,09,ML_AVG_DISAGREEMENT,AVG,4-8,home,700,8.0,7.345896967918118,0.1926355677290187,0.5410845418321495,1,0,7.0,0.125,14.5,draftkings
2021_09_BUF_JAX,2021,09,LONG_DOG_201+_CONTEXT,AVG,LONG201+,home,700,8.0,7.345896967918118,0.1926355677290187,0.5410845418321495,1,0,7.0,0.125,14.5,draftkings
2021_09_BUF_JAX,2021,09,ML_CORROBORATED_DISAGREEMENT,CORROB,4-8,home,700,8.0,7.345896967918118,0.1926355677290187,0.5410845418321495,1,0,7.0,0.125,14.5,draftkings
2021_09_CHI_PIT,2021,09,ML_QBELO_DISAGREEMENT,QB_ELO,2-4,away,250,3.5,3.6122113177364135,0.30645221104625064,0.07258273866187714,0,0,-1.0,0.2857142857142857,,
2021_09_CHI_PIT,2021,09,LONG_DOG_201+_CONTEXT,QB_ELO,LONG201+,away,250,3.5,3.6122113177364135,0.30645221104625064,0.07258273866187714,0,0,-1.0,0.2857142857142857,,
2021_09_CHI_PIT,2021,09,ML_XGB_DISAGREEMENT,XGB,2-4,home,-323,1.3095975232198143,2.7597215369191797,0.7572671175003052,-0.008284858505792303,1,0,0.309598,0.7635933806146572,,
2021_09_CHI_PIT,2021,09,ML_AVG_DISAGREEMENT,AVG,0-2,away,250,3.5,0.42624489040862246,0.27459254677297273,-0.038926086294595486,0,0,-1.0,0.2857142857142857,,
2021_09_CHI_PIT,2021,09,LONG_DOG_201+_CONTEXT,AVG,LONG201+,away,250,3.5,0.42624489040862246,0.27459254677297273,-0.038926086294595486,0,0,-1.0,0.2857142857142857,,
2021_09_CLE_CIN,2021,09,ML_QBELO_DISAGREEMENT,QB_ELO,0-2,home,-127,1.7874015748031495,0.00920287076126014,0.54323923682944,-0.02901333259619787,0,0,-1.0,0.5594713656387665,-1.5,fanduel
2021_09_CLE_CIN,2021,09,ML_XGB_DISAGREEMENT,XGB,8-12,home,-127,1.7874015748031495,11.720329341549562,0.660350501537323,0.1803115263698607,0,0,-1.0,0.5594713656387665,-1.5,fanduel
2021_09_CLE_CIN,2021,09,ML_AVG_DISAGREEMENT,AVG,4-8,home,-127,1.7874015748031495,5.864766106155406,0.6017948691833814,0.0756490968868313,0,0,-1.0,0.5594713656387665,-1.5,fanduel
2021_09_CLE_CIN,2021,09,ML_CORROBORATED_DISAGREEMENT,CORROB,4-8,home,-127,1.7874015748031495,5.864766106155406,0.6017948691833814,0.0756490968868313,0,0,-1.0,0.5594713656387665,-1.5,fanduel
2021_09_DEN_DAL,2021,09,ML_QBELO_DISAGREEMENT,QB_ELO,8-12,away,360,4.6,8.485317508102613,0.29090478079849413,0.3381619916730729,1,0,3.6,0.2173913043478261,10.0,draftkings
2021_09_DEN_DAL,2021,09,LONG_DOG_201+_CONTEXT,QB_ELO,LONG201+,away,360,4.6,8.485317508102613,0.29090478079849413,0.3381619916730729,1,0,3.6,0.2173913043478261,10.0,draftkings
2021_09_DEN_DAL,2021,09,ML_XGB_DISAGREEMENT,XGB,4-8,away,360,4.6,6.126938484497097,0.26732099056243896,0.2296765565872192,1,0,3.6,0.2173913043478261,10.0,draftkings
2021_09_DEN_DAL,2021,09,LONG_DOG_201+_CONTEXT,XGB,LONG201+,away,360,4.6,6.126938484497097,0.26732099056243896,0.2296765565872192,1,0,3.6,0.2173913043478261,10.0,draftkings
2021_09_DEN_DAL,2021,09,ML_AVG_DISAGREEMENT,AVG,4-8,away,360,4.6,7.306127996299855,0.27911288568046655,0.28391927413014595,1,0,3.6,0.2173913043478261,10.0,draftkings
2021_09_DEN_DAL,2021,09,LONG_DOG_201+_CONTEXT,AVG,LONG201+,away,360,4.6,7.306127996299855,0.27911288568046655,0.28391927413014595,1,0,3.6,0.2173913043478261,10.0,draftkings
2021_09_DEN_DAL,2021,09,ML_CORROBORATED_DISAGREEMENT,CORROB,4-8,away,360,4.6,7.306127996299855,0.27911288568046655,0.28391927413014595,1,0,3.6,0.2173913043478261,10.0,draftkings
2021_09_GB_KC,2021,09,ML_QBELO_DISAGREEMENT,QB_ELO,12+,away,265,3.65,30.90733119167454,0.56790763958999,1.0728628845034636,0,0,-1.0,0.273972602739726,7.0,draftkings
2021_09_GB_KC,2021,09,LONG_DOG_201+_CONTEXT,QB_ELO,LONG201+,away,265,3.65,30.90733119167454,0.56790763958999,1.0728628845034636,0,0,-1.0,0.273972602739726,7.0,draftkings
2021_09_GB_KC,2021,09,ML_XGB_DISAGREEMENT,XGB,12+,away,265,3.65,36.19601176030158,0.6207944452762604,1.2658997252583504,0,0,-1.0,0.273972602739726,7.0,draftkings
2021_09_GB_KC,2021,09,LONG_DOG_201+_CONTEXT,XGB,LONG201+,away,265,3.65,36.19601176030158,0.6207944452762604,1.2658997252583504,0,0,-1.0,0.273972602739726,7.0,draftkings
2021_09_GB_KC,2021,09,ML_AVG_DISAGREEMENT,AVG,12+,away,265,3.65,33.55167147598806,0.5943510424331252,1.1693813048809067,0,0,-1.0,0.273972602739726,7.0,draftkings
2021_09_GB_KC,2021,09,LONG_DOG_201+_CONTEXT,AVG,LONG201+,away,265,3.65,33.55167147598806,0.5943510424331252,1.1693813048809067,0,0,-1.0,0.273972602739726,7.0,draftkings
2021_09_GB_KC,2021,09,ML_CORROBORATED_DISAGREEMENT,CORROB,12+,away,265,3.65,33.55167147598806,0.5943510424331252,1.1693813048809067,0,0,-1.0,0.273972602739726,7.0,draftkings
2021_09_HOU_MIA,2021,09,ML_QBELO_DISAGREEMENT,QB_ELO,0-2,away,175,2.75,0.3095962240982131,0.3480331019859102,-0.04290896953874701,0,0,-1.0,0.36363636363636365,4.0,draftkings
2021_09_HOU_MIA,2021,09,ML_XGB_DISAGREEMENT,XGB,8-12,away,175,2.75,10.966390967828971,0.4546010494232178,0.2501528859138489,0,0,-1.0,0.36363636363636365,4.0,draftkings
2021_09_HOU_MIA,2021,09,ML_DOG_VALUE_ZONE,XGB,ZONE,away,175,2.75,10.966390967828971,0.4546010494232178,0.2501528859138489,0,0,-1.0,0.36363636363636365,4.0,draftkings
2021_09_HOU_MIA,2021,09,ML_AVG_DISAGREEMENT,AVG,4-8,away,175,2.75,5.637993595963592,0.401317075704564,0.10362195818755104,0,0,-1.0,0.36363636363636365,4.0,draftkings
2021_09_HOU_MIA,2021,09,ML_DOG_VALUE_ZONE,AVG,ZONE,away,175,2.75,5.637993595963592,0.401317075704564,0.10362195818755104,0,0,-1.0,0.36363636363636365,4.0,draftkings
2021_09_HOU_MIA,2021,09,ML_CORROBORATED_DISAGREEMENT,CORROB,4-8,away,175,2.75,5.637993595963592,0.401317075704564,0.10362195818755104,0,0,-1.0,0.36363636363636365,4.0,draftkings
2021_09_HOU_MIA,2021,09,ML_DOG_VALUE_ZONE,CORROB,ZONE,away,175,2.75,5.637993595963592,0.401317075704564,0.10362195818755104,0,0,-1.0,0.36363636363636365,4.0,draftkings
2021_09_LAC_PHI,2021,09,ML_QBELO_DISAGREEMENT,QB_ELO,4-8,away,-110,1.9090909090909092,7.986740388315761,0.5821903921752967,0.11145438506193006,1,0,0.909091,0.5238095238095238,1.0,fanduel
2021_09_LAC_PHI,2021,09,ML_XGB_DISAGREEMENT,XGB,4-8,away,-110,1.9090909090909092,6.716303370340537,0.5694860219955444,0.08720058744603931,1,0,0.909091,0.5238095238095238,1.0,fanduel
2021_09_LAC_PHI,2021,09,ML_AVG_DISAGREEMENT,AVG,4-8,away,-110,1.9090909090909092,7.351521879328149,0.5758382070854206,0.0993274862539848,1,0,0.909091,0.5238095238095238,1.0,fanduel
2021_09_LAC_PHI,2021,09,ML_CORROBORATED_DISAGREEMENT,CORROB,4-8,away,-110,1.9090909090909092,7.351521879328149,0.5758382070854206,0.0993274862539848,1,0,0.909091,0.5238095238095238,1.0,fanduel
2021_09_LV_NYG,2021,09,ML_QBELO_DISAGREEMENT,QB_ELO,2-4,away,-145,1.6896551724137931,3.818323957402403,0.6181437864755954,0.0444498461139371,0,0,-1.0,0.5918367346938775,3.0,fanduel
2021_09_LV_NYG,2021,09,ML_XGB_DISAGREEMENT,XGB,8-12,away,-145,1.6896551724137931,9.417197901929653,0.6741325259208679,0.1390515093145699,0,0,-1.0,0.5918367346938775,3.0,fanduel
2021_09_LV_NYG,2021,09,ML_AVG_DISAGREEMENT,AVG,4-8,away,-145,1.6896551724137931,6.617760929666028,0.6461381561982317,0.0917506777142536,0,0,-1.0,0.5918367346938775,3.0,fanduel
2021_09_LV_NYG,2021,09,ML_CORROBORATED_DISAGREEMENT,CORROB,4-8,away,-145,1.6896551724137931,6.617760929666028,0.6461381561982317,0.0917506777142536,0,0,-1.0,0.5918367346938775,3.0,fanduel
2021_09_MIN_BAL,2021,09,ML_QBELO_DISAGREEMENT,QB_ELO,0-2,home,-303,1.33003300330033,0.17330628991283348,0.7228595385446556,-0.038572956985161055,1,0,0.330033,0.7518610421836228,7.0,fanduel
2021_09_MIN_BAL,2021,09,ML_XGB_DISAGREEMENT,XGB,4-8,away,245,3.45,6.046209604881703,0.3393356204032898,0.17070789039134993,0,0,-1.0,0.2898550724637681,7.0,fanduel
2021_09_MIN_BAL,2021,09,LONG_DOG_201+_CONTEXT,XGB,LONG201+,away,245,3.45,6.046209604881703,0.3393356204032898,0.17070789039134993,0,0,-1.0,0.2898550724637681,7.0,fanduel
2021_09_MIN_BAL,2021,09,ML_AVG_DISAGREEMENT,AVG,2-4,away,245,3.45,2.936451657484429,0.30823804092931706,0.0634212412061439,0,0,-1.0,0.2898550724637681,7.0,fanduel
2021_09_MIN_BAL,2021,09,LONG_DOG_201+_CONTEXT,AVG,LONG201+,away,245,3.45,2.936451657484429,0.30823804092931706,0.0634212412061439,0,0,-1.0,0.2898550724637681,7.0,fanduel
2021_09_NE_CAR,2021,09,ML_QBELO_DISAGREEMENT,QB_ELO,8-12,home,152,2.52,10.155464831309729,0.4906710480391127,0.2364910410585641,0,0,-1.0,0.3968253968253968,3.5,fanduel
2021_09_NE_CAR,2021,09,ML_DOG_VALUE_ZONE,QB_ELO,ZONE,home,152,2.52,10.155464831309729,0.4906710480391127,0.2364910410585641,0,0,-1.0,0.3968253968253968,3.5,fanduel
2021_09_NE_CAR,2021,09,ML_XGB_DISAGREEMENT,XGB,4-8,home,152,2.52,6.872800664033285,0.45784440636634827,0.15376790404319762,0,0,-1.0,0.3968253968253968,3.5,fanduel
2021_09_NE_CAR,2021,09,ML_DOG_VALUE_ZONE,XGB,ZONE,home,152,2.52,6.872800664033285,0.45784440636634827,0.15376790404319762,0,0,-1.0,0.3968253968253968,3.5,fanduel
2021_09_NE_CAR,2021,09,ML_AVG_DISAGREEMENT,AVG,8-12,home,152,2.52,8.51413274767151,0.4742577272027305,0.19512947255088098,0,0,-1.0,0.3968253968253968,3.5,fanduel
2021_09_NE_CAR,2021,09,ML_DOG_VALUE_ZONE,AVG,ZONE,home,152,2.52,8.51413274767151,0.4742577272027305,0.19512947255088098,0,0,-1.0,0.3968253968253968,3.5,fanduel
2021_09_NE_CAR,2021,09,ML_CORROBORATED_DISAGREEMENT,CORROB,8-12,home,152,2.52,8.51413274767151,0.4742577272027305,0.19512947255088098,0,0,-1.0,0.3968253968253968,3.5,fanduel
2021_09_NE_CAR,2021,09,ML_DOG_VALUE_ZONE,CORROB,ZONE,home,152,2.52,8.51413274767151,0.4742577272027305,0.19512947255088098,0,0,-1.0,0.3968253968253968,3.5,fanduel
2021_09_NYJ_IND,2021,09,ML_QBELO_DISAGREEMENT,QB_ELO,0-2,home,-417,1.2398081534772183,1.0731025501557911,0.8077651639937593,0.0014738364143251914,1,0,0.239808,0.8065764023210832,10.5,fanduel
2021_09_NYJ_IND,2021,09,ML_XGB_DISAGREEMENT,XGB,0-2,away,385,4.85,1.3032966903303633,0.2159988284111023,0.04759431779384604,0,0,-1.0,0.2061855670103093,10.5,fanduel
2021_09_NYJ_IND,2021,09,LONG_DOG_201+_CONTEXT,XGB,LONG201+,away,385,4.85,1.3032966903303633,0.2159988284111023,0.04759431779384604,0,0,-1.0,0.2061855670103093,10.5,fanduel
2021_09_NYJ_IND,2021,09,ML_AVG_DISAGREEMENT,AVG,0-2,away,385,4.85,0.11509707008728332,0.2041168322086715,-0.010033363787943284,0,0,-1.0,0.2061855670103093,10.5,fanduel
2021_09_NYJ_IND,2021,09,LONG_DOG_201+_CONTEXT,AVG,LONG201+,away,385,4.85,0.11509707008728332,0.2041168322086715,-0.010033363787943284,0,0,-1.0,0.2061855670103093,10.5,fanduel
2021_09_TEN_LA,2021,09,ML_QBELO_DISAGREEMENT,QB_ELO,12+,away,280,3.8,13.33300184847547,0.38186394755484687,0.4510830007084181,1,0,2.8,0.2631578947368421,7.5,draftkings
2021_09_TEN_LA,2021,09,LONG_DOG_201+_CONTEXT,QB_ELO,LONG201+,away,280,3.8,13.33300184847547,0.38186394755484687,0.4510830007084181,1,0,2.8,0.2631578947368421,7.5,draftkings
2021_09_TEN_LA,2021,09,ML_XGB_DISAGREEMENT,XGB,12+,away,280,3.8,13.460359505786803,0.3831375241279602,0.4559225916862486,1,0,2.8,0.2631578947368421,7.5,draftkings
2021_09_TEN_LA,2021,09,LONG_DOG_201+_CONTEXT,XGB,LONG201+,away,280,3.8,13.460359505786803,0.3831375241279602,0.4559225916862486,1,0,2.8,0.2631578947368421,7.5,draftkings
2021_09_TEN_LA,2021,09,ML_AVG_DISAGREEMENT,AVG,12+,away,280,3.8,13.396680677131137,0.38250073584140354,0.45350279619733347,1,0,2.8,0.2631578947368421,7.5,draftkings
2021_09_TEN_LA,2021,09,LONG_DOG_201+_CONTEXT,AVG,LONG201+,away,280,3.8,13.396680677131137,0.38250073584140354,0.45350279619733347,1,0,2.8,0.2631578947368421,7.5,draftkings
2021_09_TEN_LA,2021,09,ML_CORROBORATED_DISAGREEMENT,CORROB,12+,away,280,3.8,13.396680677131137,0.38250073584140354,0.45350279619733347,1,0,2.8,0.2631578947368421,7.5,draftkings
2021_10_ATL_DAL,2021,10,ML_QBELO_DISAGREEMENT,QB_ELO,8-12,away,310,4.1,9.841682589985787,0.329997783737799,0.3529909133249758,0,0,-1.0,0.24390243902439027,7.5,fanduel
2021_10_ATL_DAL,2021,10,LONG_DOG_201+_CONTEXT,QB_ELO,LONG201+,away,310,4.1,9.841682589985787,0.329997783737799,0.3529909133249758,0,0,-1.0,0.24390243902439027,7.5,fanduel
2021_10_ATL_DAL,2021,10,ML_XGB_DISAGREEMENT,XGB,12+,away,310,4.1,20.340944819843585,0.43499040603637695,0.7834606647491453,0,0,-1.0,0.24390243902439027,7.5,fanduel
2021_10_ATL_DAL,2021,10,LONG_DOG_201+_CONTEXT,XGB,LONG201+,away,310,4.1,20.340944819843585,0.43499040603637695,0.7834606647491453,0,0,-1.0,0.24390243902439027,7.5,fanduel
2021_10_ATL_DAL,2021,10,ML_AVG_DISAGREEMENT,AVG,12+,away,310,4.1,15.091313704914686,0.38249409488708797,0.5682257890370606,0,0,-1.0,0.24390243902439027,7.5,fanduel
2021_10_ATL_DAL,2021,10,LONG_DOG_201+_CONTEXT,AVG,LONG201+,away,310,4.1,15.091313704914686,0.38249409488708797,0.5682257890370606,0,0,-1.0,0.24390243902439027,7.5,fanduel
2021_10_ATL_DAL,2021,10,ML_CORROBORATED_DISAGREEMENT,CORROB,12+,away,310,4.1,15.091313704914686,0.38249409488708797,0.5682257890370606,0,0,-1.0,0.24390243902439027,7.5,fanduel
2021_10_BAL_MIA,2021,10,ML_QBELO_DISAGREEMENT,QB_ELO,8-12,home,330,4.3,9.424414727044187,0.31866066432609713,0.3702408566022175,1,0,3.3,0.23255813953488372,,
2021_10_BAL_MIA,2021,10,LONG_DOG_201+_CONTEXT,QB_ELO,LONG201+,home,330,4.3,9.424414727044187,0.31866066432609713,0.3702408566022175,1,0,3.3,0.23255813953488372,,
2021_10_BAL_MIA,2021,10,ML_XGB_DISAGREEMENT,XGB,12+,home,330,4.3,25.60853731268399,0.4805018901824951,1.0661581277847287,1,0,3.3,0.23255813953488372,,
2021_10_BAL_MIA,2021,10,LONG_DOG_201+_CONTEXT,XGB,LONG201+,home,330,4.3,25.60853731268399,0.4805018901824951,1.0661581277847287,1,0,3.3,0.23255813953488372,,
2021_10_BAL_MIA,2021,10,ML_AVG_DISAGREEMENT,AVG,12+,home,330,4.3,17.51647601986409,0.39958127725429615,0.7181994921934733,1,0,3.3,0.23255813953488372,,
2021_10_BAL_MIA,2021,10,LONG_DOG_201+_CONTEXT,AVG,LONG201+,home,330,4.3,17.51647601986409,0.39958127725429615,0.7181994921934733,1,0,3.3,0.23255813953488372,,
2021_10_BAL_MIA,2021,10,ML_CORROBORATED_DISAGREEMENT,CORROB,12+,home,330,4.3,17.51647601986409,0.39958127725429615,0.7181994921934733,1,0,3.3,0.23255813953488372,,
2021_10_BUF_NYJ,2021,10,ML_QBELO_DISAGREEMENT,QB_ELO,2-4,home,530,6.3,3.6409637258849186,0.18681169484768614,0.17691367754042275,0,0,-1.0,0.15873015873015872,13.5,fanduel
2021_10_BUF_NYJ,2021,10,LONG_DOG_201+_CONTEXT,QB_ELO,LONG201+,home,530,6.3,3.6409637258849186,0.18681169484768614,0.17691367754042275,0,0,-1.0,0.15873015873015872,13.5,fanduel
2021_10_BUF_NYJ,2021,10,ML_XGB_DISAGREEMENT,XGB,12+,home,530,6.3,32.191781359837314,0.4723198711872101,1.9756151884794235,0,0,-1.0,0.15873015873015872,13.5,fanduel
2021_10_BUF_NYJ,2021,10,LONG_DOG_201+_CONTEXT,XGB,LONG201+,home,530,6.3,32.191781359837314,0.4723198711872101,1.9756151884794235,0,0,-1.0,0.15873015873015872,13.5,fanduel
2021_10_BUF_NYJ,2021,10,ML_AVG_DISAGREEMENT,AVG,12+,home,530,6.3,17.916372542861115,0.3295657830174481,1.0762644330099231,0,0,-1.0,0.15873015873015872,13.5,fanduel
2021_10_BUF_NYJ,2021,10,LONG_DOG_201+_CONTEXT,AVG,LONG201+,home,530,6.3,17.916372542861115,0.3295657830174481,1.0762644330099231,0,0,-1.0,0.15873015873015872,13.5,fanduel
2021_10_BUF_NYJ,2021,10,ML_CORROBORATED_DISAGREEMENT,CORROB,12+,home,530,6.3,17.916372542861115,0.3295657830174481,1.0762644330099231,0,0,-1.0,0.15873015873015872,13.5,fanduel
2021_10_CAR_ARI,2021,10,ML_QBELO_DISAGREEMENT,QB_ELO,4-8,home,-323,1.3095975232198143,6.571770388774567,0.8079024897426499,0.058027099570095775,0,0,-1.0,0.7635933806146572,7.0,draftkings
2021_10_CAR_ARI,2021,10,ML_XGB_DISAGREEMENT,XGB,12+,away,260,3.6,16.880485202082834,0.4266200661659241,0.5358322381973266,1,0,2.6,0.2777777777777778,7.0,draftkings
2021_10_CAR_ARI,2021,10,LONG_DOG_201+_CONTEXT,XGB,LONG201+,away,260,3.6,16.880485202082834,0.4266200661659241,0.5358322381973266,1,0,2.6,0.2777777777777778,7.0,draftkings
2021_10_CAR_ARI,2021,10,ML_AVG_DISAGREEMENT,AVG,4-8,away,260,3.6,5.154357406654136,0.3093587882116371,0.11369163756189349,1,0,2.6,0.2777777777777778,7.0,draftkings
2021_10_CAR_ARI,2021,10,LONG_DOG_201+_CONTEXT,AVG,LONG201+,away,260,3.6,5.154357406654136,0.3093587882116371,0.11369163756189349,1,0,2.6,0.2777777777777778,7.0,draftkings
2021_10_CLE_NE,2021,10,ML_QBELO_DISAGREEMENT,QB_ELO,0-2,away,115,2.15,0.9205038132422128,0.4600117448707961,-0.010974748527788458,0,0,-1.0,0.46511627906976744,2.5,fanduel
2021_10_CLE_NE,2021,10,ML_DOG_VALUE_ZONE,QB_ELO,ZONE,away,115,2.15,0.9205038132422128,0.4600117448707961,-0.010974748527788458,0,0,-1.0,0.46511627906976744,2.5,fanduel
2021_10_CLE_NE,2021,10,ML_XGB_DISAGREEMENT,XGB,0-2,away,115,2.15,0.17128292799976075,0.4525195360183716,-0.027082997560501143,0,0,-1.0,0.46511627906976744,2.5,fanduel
2021_10_CLE_NE,2021,10,ML_DOG_VALUE_ZONE,XGB,ZONE,away,115,2.15,0.17128292799976075,0.4525195360183716,-0.027082997560501143,0,0,-1.0,0.46511627906976744,2.5,fanduel
2021_10_CLE_NE,2021,10,ML_AVG_DISAGREEMENT,AVG,0-2,away,115,2.15,0.5458933706209868,0.45626564044458384,-0.0190288730441448,0,0,-1.0,0.46511627906976744,2.5,fanduel
2021_10_CLE_NE,2021,10,ML_DOG_VALUE_ZONE,AVG,ZONE,away,115,2.15,0.5458933706209868,0.45626564044458384,-0.0190288730441448,0,0,-1.0,0.46511627906976744,2.5,fanduel
2021_10_CLE_NE,2021,10,ML_CORROBORATED_DISAGREEMENT,CORROB,0-2,away,115,2.15,0.5458933706209868,0.45626564044458384,-0.0190288730441448,0,0,-1.0,0.46511627906976744,2.5,fanduel
2021_10_CLE_NE,2021,10,ML_DOG_VALUE_ZONE,CORROB,ZONE,away,115,2.15,0.5458933706209868,0.45626564044458384,-0.0190288730441448,0,0,-1.0,0.46511627906976744,2.5,fanduel
2021_10_DET_PIT,2021,10,ML_QBELO_DISAGREEMENT,QB_ELO,12+,home,-244,1.4098360655737705,17.045560774862835,0.8592222551140017,0.21136252360334673,0,1,0.0,0.7093023255813954,6.0,fanduel
2021_10_DET_PIT,2021,10,ML_XGB_DISAGREEMENT,XGB,8-12,away,205,3.05,11.169027188090697,0.42292362451553345,0.28991705477237684,0,1,0.0,0.3278688524590164,6.0,fanduel
2021_10_DET_PIT,2021,10,LONG_DOG_201+_CONTEXT,XGB,LONG201+,away,205,3.05,11.169027188090697,0.42292362451553345,0.28991705477237684,0,1,0.0,0.3278688524590164,6.0,fanduel
2021_10_DET_PIT,2021,10,ML_AVG_DISAGREEMENT,AVG,2-4,home,-244,1.4098360655737705,2.9382667933860795,0.7181493152992342,0.012472805175969492,0,1,0.0,0.7093023255813954,6.0,fanduel
2021_10_JAX_IND,2021,10,ML_QBELO_DISAGREEMENT,QB_ELO,4-8,home,-455,1.2197802197802199,4.940056158562367,0.8395184486415856,0.024027997793582667,1,0,0.21978,0.8198198198198198,10.5,fanduel
2021_10_JAX_IND,2021,10,ML_XGB_DISAGREEMENT,XGB,12+,away,350,4.5,19.918599466094253,0.40906810760498047,0.8408064842224121,0,0,-1.0,0.2222222222222222,10.5,fanduel
2021_10_JAX_IND,2021,10,LONG_DOG_201+_CONTEXT,XGB,LONG201+,away,350,4.5,19.918599466094253,0.40906810760498047,0.8408064842224121,0,0,-1.0,0.2222222222222222,10.5,fanduel
2021_10_JAX_IND,2021,10,ML_AVG_DISAGREEMENT,AVG,4-8,away,350,4.5,7.489271653765947,0.2847748294816974,0.28148673266763824,0,0,-1.0,0.2222222222222222,10.5,fanduel
2021_10_JAX_IND,2021,10,LONG_DOG_201+_CONTEXT,AVG,LONG201+,away,350,4.5,7.489271653765947,0.2847748294816974,0.28148673266763824,0,0,-1.0,0.2222222222222222,10.5,fanduel
2021_10_KC_LV,2021,10,ML_QBELO_DISAGREEMENT,QB_ELO,0-2,away,-145,1.6896551724137931,1.4212371285963088,0.5846759498055774,-0.01209925722505889,1,0,0.689655,0.5918367346938775,3.0,fanduel
2021_10_KC_LV,2021,10,ML_XGB_DISAGREEMENT,XGB,8-12,home,128,2.2800000000000002,10.694412451723394,0.5364805459976196,0.22317564487457298,0,0,-1.0,0.43859649122807015,3.0,fanduel
2021_10_KC_LV,2021,10,ML_AVG_DISAGREEMENT,AVG,4-8,home,128,2.2800000000000002,4.636587661563546,0.47590229809602114,0.08505723965892842,0,0,-1.0,0.43859649122807015,3.0,fanduel
2021_10_KC_LV,2021,10,ML_DOG_VALUE_ZONE,AVG,ZONE,home,128,2.2800000000000002,4.636587661563546,0.47590229809602114,0.08505723965892842,0,0,-1.0,0.43859649122807015,3.0,fanduel
2021_10_LA_SF,2021,10,ML_QBELO_DISAGREEMENT,QB_ELO,0-2,away,-179,1.558659217877095,0.8380048418420882,0.6344806394207125,-0.011060902802353056,0,0,-1.0,0.6415770609318996,3.5,draftkings
2021_10_LA_SF,2021,10,ML_XGB_DISAGREEMENT,XGB,8-12,home,160,2.6,10.853200274545571,0.48243141174316406,0.25432167053222665,1,0,1.6,0.3846153846153846,3.5,draftkings
2021_10_LA_SF,2021,10,ML_DOG_VALUE_ZONE,XGB,ZONE,home,160,2.6,10.853200274545571,0.48243141174316406,0.25432167053222665,1,0,1.6,0.3846153846153846,3.5,draftkings
2021_10_LA_SF,2021,10,ML_AVG_DISAGREEMENT,AVG,4-8,home,160,2.6,5.007597716351741,0.42397538616122576,0.10233600401918697,1,0,1.6,0.3846153846153846,3.5,draftkings
2021_10_LA_SF,2021,10,ML_DOG_VALUE_ZONE,AVG,ZONE,home,160,2.6,5.007597716351741,0.42397538616122576,0.10233600401918697,1,0,1.6,0.3846153846153846,3.5,draftkings
2021_10_MIN_LAC,2021,10,ML_QBELO_DISAGREEMENT,QB_ELO,0-2,home,-169,1.5917159763313609,1.7168386191609875,0.633464515296677,0.008295589436722484,0,0,-1.0,0.6282527881040892,3.5,fanduel
2021_10_MIN_LAC,2021,10,ML_XGB_DISAGREEMENT,XGB,8-12,away,152,2.52,9.531189667937745,0.4790157675743103,0.20711973428726194,1,0,1.52,0.3968253968253968,3.5,fanduel
2021_10_MIN_LAC,2021,10,ML_DOG_VALUE_ZONE,XGB,ZONE,away,152,2.52,9.531189667937745,0.4790157675743103,0.20711973428726194,1,0,1.52,0.3968253968253968,3.5,fanduel
2021_10_MIN_LAC,2021,10,ML_AVG_DISAGREEMENT,AVG,2-4,away,152,2.52,3.9071755243883843,0.4227756261388167,0.06539457786981817,1,0,1.52,0.3968253968253968,3.5,fanduel
2021_10_MIN_LAC,2021,10,ML_DOG_VALUE_ZONE,AVG,ZONE,away,152,2.52,3.9071755243883843,0.4227756261388167,0.06539457786981817,1,0,1.52,0.3968253968253968,3.5,fanduel
2021_10_NO_TEN,2021,10,ML_QBELO_DISAGREEMENT,QB_ELO,0-2,away,130,2.3,1.0877391354692234,0.4264661420848933,-0.019127873204745516,0,0,-1.0,0.4347826086956522,3.0,draftkings
2021_10_NO_TEN,2021,10,ML_DOG_VALUE_ZONE,QB_ELO,ZONE,away,130,2.3,1.0877391354692234,0.4264661420848933,-0.019127873204745516,0,0,-1.0,0.4347826086956522,3.0,draftkings
2021_10_NO_TEN,2021,10,ML_XGB_DISAGREEMENT,XGB,4-8,away,130,2.3,5.241809855873935,0.46800684928894043,0.07641575336456286,0,0,-1.0,0.4347826086956522,3.0,draftkings
2021_10_NO_TEN,2021,10,ML_DOG_VALUE_ZONE,XGB,ZONE,away,130,2.3,5.241809855873935,0.46800684928894043,0.07641575336456286,0,0,-1.0,0.4347826086956522,3.0,draftkings
2021_10_NO_TEN,2021,10,ML_AVG_DISAGREEMENT,AVG,2-4,away,130,2.3,3.164774495671574,0.4472364956869168,0.02864394007990856,0,0,-1.0,0.4347826086956522,3.0,draftkings
2021_10_NO_TEN,2021,10,ML_DOG_VALUE_ZONE,AVG,ZONE,away,130,2.3,3.164774495671574,0.4472364956869168,0.02864394007990856,0,0,-1.0,0.4347826086956522,3.0,draftkings
2021_10_NO_TEN,2021,10,ML_CORROBORATED_DISAGREEMENT,CORROB,2-4,away,130,2.3,3.164774495671574,0.4472364956869168,0.02864394007990856,0,0,-1.0,0.4347826086956522,3.0,draftkings
2021_10_NO_TEN,2021,10,ML_DOG_VALUE_ZONE,CORROB,ZONE,away,130,2.3,3.164774495671574,0.4472364956869168,0.02864394007990856,0,0,-1.0,0.4347826086956522,3.0,draftkings
2021_10_PHI_DEN,2021,10,ML_QBELO_DISAGREEMENT,QB_ELO,12+,home,-108,1.925925925925926,18.797212292448673,0.6810005668731761,0.3115566473113023,0,0,-1.0,0.5192307692307692,1.0,fanduel
2021_10_PHI_DEN,2021,10,ML_XGB_DISAGREEMENT,XGB,4-8,home,-108,1.925925925925926,7.956059585386188,0.5725890398025513,0.10276407665676546,0,0,-1.0,0.5192307692307692,1.0,fanduel
2021_10_PHI_DEN,2021,10,ML_AVG_DISAGREEMENT,AVG,12+,home,-108,1.925925925925926,13.376635938917424,0.6267948033378636,0.20716036198403365,0,0,-1.0,0.5192307692307692,1.0,fanduel
2021_10_PHI_DEN,2021,10,ML_CORROBORATED_DISAGREEMENT,CORROB,12+,home,-108,1.925925925925926,13.376635938917424,0.6267948033378636,0.20716036198403365,0,0,-1.0,0.5192307692307692,1.0,fanduel
2021_10_SEA_GB,2021,10,ML_QBELO_DISAGREEMENT,QB_ELO,8-12,home,-167,1.5988023952095807,11.863911496455081,0.7259923186054574,0.16071825789016225,1,0,0.598802,0.6254681647940076,3.0,draftkings
2021_10_SEA_GB,2021,10,ML_XGB_DISAGREEMENT,XGB,4-8,away,150,2.5,4.501348053070775,0.437660276889801,0.09415069222450256,0,0,-1.0,0.4,3.0,draftkings
2021_10_SEA_GB,2021,10,ML_DOG_VALUE_ZONE,XGB,ZONE,away,150,2.5,4.501348053070775,0.437660276889801,0.09415069222450256,0,0,-1.0,0.4,3.0,draftkings
2021_10_SEA_GB,2021,10,ML_AVG_DISAGREEMENT,AVG,2-4,home,-167,1.5988023952095807,3.6812817216921534,0.6441660208578281,0.02989417706012043,1,0,0.598802,0.6254681647940076,3.0,draftkings
2021_10_TB_WAS,2021,10,ML_QBELO_DISAGREEMENT,QB_ELO,4-8,home,370,4.7,6.945539259327263,0.27446804427493043,0.2899998080921731,1,0,3.7,0.2127659574468085,9.5,draftkings
2021_10_TB_WAS,2021,10,LONG_DOG_201+_CONTEXT,QB_ELO,LONG201+,home,370,4.7,6.945539259327263,0.27446804427493043,0.2899998080921731,1,0,3.7,0.2127659574468085,9.5,draftkings
2021_10_TB_WAS,2021,10,ML_XGB_DISAGREEMENT,XGB,12+,home,370,4.7,27.548923850083728,0.4805018901824951,1.2583588838577273,1,0,3.7,0.2127659574468085,9.5,draftkings
2021_10_TB_WAS,2021,10,LONG_DOG_201+_CONTEXT,XGB,LONG201+,home,370,4.7,27.548923850083728,0.4805018901824951,1.2583588838577273,1,0,3.7,0.2127659574468085,9.5,draftkings
2021_10_TB_WAS,2021,10,ML_AVG_DISAGREEMENT,AVG,12+,home,370,4.7,17.247231554705497,0.3774849672287128,0.7741793459749502,1,0,3.7,0.2127659574468085,9.5,draftkings
2021_10_TB_WAS,2021,10,LONG_DOG_201+_CONTEXT,AVG,LONG201+,home,370,4.7,17.247231554705497,0.3774849672287128,0.7741793459749502,1,0,3.7,0.2127659574468085,9.5,draftkings
2021_10_TB_WAS,2021,10,ML_CORROBORATED_DISAGREEMENT,CORROB,12+,home,370,4.7,17.247231554705497,0.3774849672287128,0.7741793459749502,1,0,3.7,0.2127659574468085,9.5,draftkings
2021_11_ARI_SEA,2021,11,ML_QBELO_DISAGREEMENT,QB_ELO,8-12,away,145,2.45,11.156653524432636,0.5061381858690648,0.24003855537920882,1,0,1.45,0.4081632653061224,3.0,draftkings
2021_11_ARI_SEA,2021,11,ML_XGB_DISAGREEMENT,XGB,8-12,away,145,2.45,8.21746104951041,0.47674626111984253,0.1680283397436142,1,0,1.45,0.4081632653061224,3.0,draftkings
2021_11_ARI_SEA,2021,11,ML_DOG_VALUE_ZONE,XGB,ZONE,away,145,2.45,8.21746104951041,0.47674626111984253,0.1680283397436142,1,0,1.45,0.4081632653061224,3.0,draftkings
2021_11_ARI_SEA,2021,11,ML_AVG_DISAGREEMENT,AVG,8-12,away,145,2.45,9.687057286971523,0.49144222349445366,0.20403344756141162,1,0,1.45,0.4081632653061224,3.0,draftkings
2021_11_ARI_SEA,2021,11,ML_DOG_VALUE_ZONE,AVG,ZONE,away,145,2.45,9.687057286971523,0.49144222349445366,0.20403344756141162,1,0,1.45,0.4081632653061224,3.0,draftkings
2021_11_ARI_SEA,2021,11,ML_CORROBORATED_DISAGREEMENT,CORROB,8-12,away,145,2.45,9.687057286971523,0.49144222349445366,0.20403344756141162,1,0,1.45,0.4081632653061224,3.0,draftkings
2021_11_ARI_SEA,2021,11,ML_DOG_VALUE_ZONE,CORROB,ZONE,away,145,2.45,9.687057286971523,0.49144222349445366,0.20403344756141162,1,0,1.45,0.4081632653061224,3.0,draftkings
2021_11_BAL_CHI,2021,11,ML_QBELO_DISAGREEMENT,QB_ELO,8-12,away,-125,1.8,9.159014295003187,0.6243004233238636,0.12374076198295447,1,0,0.8,0.5555555555555556,1.5,draftkings
2021_11_BAL_CHI,2021,11,ML_XGB_DISAGREEMENT,XGB,4-8,home,110,2.1,5.5964019253989195,0.5232537388801575,0.09883285164833078,0,0,-1.0,0.47619047619047616,1.5,draftkings
2021_11_BAL_CHI,2021,11,ML_AVG_DISAGREEMENT,AVG,0-2,away,-125,1.8,1.7813061848021339,0.5505233422218531,-0.009057984000664487,1,0,0.8,0.5555555555555556,1.5,draftkings
2021_11_CIN_LV,2021,11,ML_QBELO_DISAGREEMENT,QB_ELO,12+,home,110,2.1,13.449703981095256,0.5884516443504986,0.23574845313604698,0,0,-1.0,0.47619047619047616,,
2021_11_CIN_LV,2021,11,ML_XGB_DISAGREEMENT,XGB,4-8,home,110,2.1,6.929913434061147,0.5232537388801575,0.09883285164833078,0,0,-1.0,0.47619047619047616,,
2021_11_CIN_LV,2021,11,ML_AVG_DISAGREEMENT,AVG,8-12,home,110,2.1,10.189808707578202,0.555852691615328,0.16729065239218888,0,0,-1.0,0.47619047619047616,,
2021_11_CIN_LV,2021,11,ML_CORROBORATED_DISAGREEMENT,CORROB,8-12,home,110,2.1,10.189808707578202,0.555852691615328,0.16729065239218888,0,0,-1.0,0.47619047619047616,,
2021_11_DAL_KC,2021,11,ML_QBELO_DISAGREEMENT,QB_ELO,12+,home,-130,1.7692307692307692,13.907410015271626,0.6938449606731737,0.2275718534986919,1,0,0.769231,0.5652173913043479,2.5,draftkings
2021_11_DAL_KC,2021,11,ML_XGB_DISAGREEMENT,XGB,2-4,away,115,2.15,2.6641223279094017,0.4718703627586365,0.014521279931068332,0,0,-1.0,0.46511627906976744,2.5,draftkings
2021_11_DAL_KC,2021,11,ML_DOG_VALUE_ZONE,XGB,ZONE,away,115,2.15,2.6641223279094017,0.4718703627586365,0.014521279931068332,0,0,-1.0,0.46511627906976744,2.5,draftkings
2021_11_DAL_KC,2021,11,ML_AVG_DISAGREEMENT,AVG,4-8,home,-130,1.7692307692307692,5.621643843681124,0.6109872989572687,0.08097752892439836,1,0,0.769231,0.5652173913043479,2.5,draftkings
2021_11_DET_CLE,2021,11,ML_QBELO_DISAGREEMENT,QB_ELO,0-2,away,530,6.3,0.8900552696912811,0.17091172588127035,0.07674387305200314,0,0,-1.0,0.15873015873015872,13.5,fanduel
2021_11_DET_CLE,2021,11,LONG_DOG_201+_CONTEXT,QB_ELO,LONG201+,away,530,6.3,0.8900552696912811,0.17091172588127035,0.07674387305200314,0,0,-1.0,0.15873015873015872,13.5,fanduel
2021_11_DET_CLE,2021,11,ML_XGB_DISAGREEMENT,XGB,12+,away,530,6.3,30.258563477233803,0.46459680795669556,1.9269598901271818,0,0,-1.0,0.15873015873015872,13.5,fanduel
2021_11_DET_CLE,2021,11,LONG_DOG_201+_CONTEXT,XGB,LONG201+,away,530,6.3,30.258563477233803,0.46459680795669556,1.9269598901271818,0,0,-1.0,0.15873015873015872,13.5,fanduel
2021_11_DET_CLE,2021,11,ML_AVG_DISAGREEMENT,AVG,12+,away,530,6.3,15.574309373462548,0.317754266918983,1.0018518815895927,0,0,-1.0,0.15873015873015872,13.5,fanduel
2021_11_DET_CLE,2021,11,LONG_DOG_201+_CONTEXT,AVG,LONG201+,away,530,6.3,15.574309373462548,0.317754266918983,1.0018518815895927,0,0,-1.0,0.15873015873015872,13.5,fanduel
2021_11_DET_CLE,2021,11,ML_CORROBORATED_DISAGREEMENT,CORROB,12+,away,530,6.3,15.574309373462548,0.317754266918983,1.0018518815895927,0,0,-1.0,0.15873015873015872,13.5,fanduel
2021_11_GB_MIN,2021,11,ML_QBELO_DISAGREEMENT,QB_ELO,12+,away,-125,1.8,12.806830711447425,0.660778587488306,0.18940145747895087,0,0,-1.0,0.5555555555555556,-1.5,draftkings
2021_11_GB_MIN,2021,11,ML_XGB_DISAGREEMENT,XGB,4-8,home,110,2.1,5.5964019253989195,0.5232537388801575,0.09883285164833078,1,0,1.1,0.47619047619047616,-1.5,draftkings
2021_11_GB_MIN,2021,11,ML_AVG_DISAGREEMENT,AVG,2-4,away,-125,1.8,3.6052143930242586,0.5687624243040743,0.023772363747333713,0,0,-1.0,0.5555555555555556,-1.5,draftkings
2021_11_HOU_TEN,2021,11,ML_QBELO_DISAGREEMENT,QB_ELO,8-12,home,-435,1.2298850574712643,9.387817742306993,0.8839960644790319,0.08721355056616553,0,0,-1.0,0.8130841121495328,10.5,fanduel
2021_11_HOU_TEN,2021,11,ML_XGB_DISAGREEMENT,XGB,12+,away,360,4.6,24.935492614516495,0.4592370390892029,1.1124903798103332,1,0,3.6,0.2173913043478261,10.5,fanduel
2021_11_HOU_TEN,2021,11,LONG_DOG_201+_CONTEXT,XGB,LONG201+,away,360,4.6,24.935492614516495,0.4592370390892029,1.1124903798103332,1,0,3.6,0.2173913043478261,10.5,fanduel
2021_11_HOU_TEN,2021,11,ML_AVG_DISAGREEMENT,AVG,4-8,away,360,4.6,7.773837436104755,0.2876204873050855,0.32305424160339324,1,0,3.6,0.2173913043478261,10.5,fanduel
2021_11_HOU_TEN,2021,11,LONG_DOG_201+_CONTEXT,AVG,LONG201+,away,360,4.6,7.773837436104755,0.2876204873050855,0.32305424160339324,1,0,3.6,0.2173913043478261,10.5,fanduel
2021_11_IND_BUF,2021,11,ML_QBELO_DISAGREEMENT,QB_ELO,4-8,away,250,3.5,4.065305872465652,0.31639349878960255,0.10737724576360885,1,0,2.5,0.2857142857142857,7.0,draftkings
2021_11_IND_BUF,2021,11,LONG_DOG_201+_CONTEXT,QB_ELO,LONG201+,away,250,3.5,4.065305872465652,0.31639349878960255,0.10737724576360885,1,0,2.5,0.2857142857142857,7.0,draftkings
2021_11_IND_BUF,2021,11,ML_XGB_DISAGREEMENT,XGB,12+,away,250,3.5,18.349659902425685,0.4592370390892029,0.6073296368122101,1,0,2.5,0.2857142857142857,7.0,draftkings
2021_11_IND_BUF,2021,11,LONG_DOG_201+_CONTEXT,XGB,LONG201+,away,250,3.5,18.349659902425685,0.4592370390892029,0.6073296368122101,1,0,2.5,0.2857142857142857,7.0,draftkings
2021_11_IND_BUF,2021,11,ML_AVG_DISAGREEMENT,AVG,8-12,away,250,3.5,11.207482887445675,0.38781526893940277,0.3573534412879096,1,0,2.5,0.2857142857142857,7.0,draftkings
2021_11_IND_BUF,2021,11,LONG_DOG_201+_CONTEXT,AVG,LONG201+,away,250,3.5,11.207482887445675,0.38781526893940277,0.3573534412879096,1,0,2.5,0.2857142857142857,7.0,draftkings
2021_11_IND_BUF,2021,11,ML_CORROBORATED_DISAGREEMENT,CORROB,8-12,away,250,3.5,11.207482887445675,0.38781526893940277,0.3573534412879096,1,0,2.5,0.2857142857142857,7.0,draftkings
2021_11_MIA_NYJ,2021,11,ML_QBELO_DISAGREEMENT,QB_ELO,0-2,away,-189,1.529100529100529,0.7887776324409623,0.6402644290170894,-0.020971322825720562,1,0,0.529101,0.6539792387543253,,
2021_11_MIA_NYJ,2021,11,ML_XGB_DISAGREEMENT,XGB,12+,home,160,2.6,16.777984473598423,0.5354031920433044,0.39204829931259155,0,0,-1.0,0.3846153846153846,,
2021_11_MIA_NYJ,2021,11,ML_AVG_DISAGREEMENT,AVG,4-8,home,160,2.6,7.994603420578733,0.44756938151310754,0.16368039193407968,0,0,-1.0,0.3846153846153846,,
2021_11_MIA_NYJ,2021,11,ML_DOG_VALUE_ZONE,AVG,ZONE,home,160,2.6,7.994603420578733,0.44756938151310754,0.16368039193407968,0,0,-1.0,0.3846153846153846,,
2021_11_NE_ATL,2021,11,ML_QBELO_DISAGREEMENT,QB_ELO,12+,home,250,3.5,14.080825943266573,0.4059441737654499,0.4208046081790746,0,0,-1.0,0.2857142857142857,-7.0,fanduel
2021_11_NE_ATL,2021,11,LONG_DOG_201+_CONTEXT,QB_ELO,LONG201+,home,250,3.5,14.080825943266573,0.4059441737654499,0.4208046081790746,0,0,-1.0,0.2857142857142857,-7.0,fanduel
2021_11_NE_ATL,2021,11,ML_XGB_DISAGREEMENT,XGB,12+,home,250,3.5,25.81178245473733,0.5232537388801575,0.8313880860805511,0,0,-1.0,0.2857142857142857,-7.0,fanduel
2021_11_NE_ATL,2021,11,LONG_DOG_201+_CONTEXT,XGB,LONG201+,home,250,3.5,25.81178245473733,0.5232537388801575,0.8313880860805511,0,0,-1.0,0.2857142857142857,-7.0,fanduel
2021_11_NE_ATL,2021,11,ML_AVG_DISAGREEMENT,AVG,12+,home,250,3.5,19.94630419900195,0.4645989563228037,0.6260963471298129,0,0,-1.0,0.2857142857142857,-7.0,fanduel
2021_11_NE_ATL,2021,11,LONG_DOG_201+_CONTEXT,AVG,LONG201+,home,250,3.5,19.94630419900195,0.4645989563228037,0.6260963471298129,0,0,-1.0,0.2857142857142857,-7.0,fanduel
2021_11_NE_ATL,2021,11,ML_CORROBORATED_DISAGREEMENT,CORROB,12+,home,250,3.5,19.94630419900195,0.4645989563228037,0.6260963471298129,0,0,-1.0,0.2857142857142857,-7.0,fanduel
2021_11_NO_PHI,2021,11,ML_QBELO_DISAGREEMENT,QB_ELO,12+,away,130,2.3,27.73862350516633,0.6867203419297655,0.5794567864384605,0,0,-1.0,0.4347826086956522,-3.0,fanduel
2021_11_NO_PHI,2021,11,ML_XGB_DISAGREEMENT,XGB,4-8,away,130,2.3,4.99029322111007,0.4592370390892029,0.05624518990516658,0,0,-1.0,0.4347826086956522,-3.0,fanduel
2021_11_NO_PHI,2021,11,ML_DOG_VALUE_ZONE,XGB,ZONE,away,130,2.3,4.99029322111007,0.4592370390892029,0.05624518990516658,0,0,-1.0,0.4347826086956522,-3.0,fanduel
2021_11_NO_PHI,2021,11,ML_AVG_DISAGREEMENT,AVG,12+,away,130,2.3,16.36445836313821,0.5729786905094842,0.3178509881718137,0,0,-1.0,0.4347826086956522,-3.0,fanduel
2021_11_NO_PHI,2021,11,ML_CORROBORATED_DISAGREEMENT,CORROB,12+,away,130,2.3,16.36445836313821,0.5729786905094842,0.3178509881718137,0,0,-1.0,0.4347826086956522,-3.0,fanduel
2021_11_NYG_TB,2021,11,ML_QBELO_DISAGREEMENT,QB_ELO,4-8,away,410,5.1,7.432396404034641,0.25095293549968944,0.279859971048416,0,0,-1.0,0.19607843137254904,11.5,draftkings
2021_11_NYG_TB,2021,11,LONG_DOG_201+_CONTEXT,QB_ELO,LONG201+,away,410,5.1,7.432396404034641,0.25095293549968944,0.279859971048416,0,0,-1.0,0.19607843137254904,11.5,draftkings
2021_11_NYG_TB,2021,11,ML_XGB_DISAGREEMENT,XGB,12+,away,410,5.1,28.260806762985986,0.4592370390892029,1.3421088993549346,0,0,-1.0,0.19607843137254904,11.5,draftkings
2021_11_NYG_TB,2021,11,LONG_DOG_201+_CONTEXT,XGB,LONG201+,away,410,5.1,28.260806762985986,0.4592370390892029,1.3421088993549346,0,0,-1.0,0.19607843137254904,11.5,draftkings
2021_11_NYG_TB,2021,11,ML_AVG_DISAGREEMENT,AVG,12+,away,410,5.1,17.846601583510317,0.3550949872944462,0.8109844352016755,0,0,-1.0,0.19607843137254904,11.5,draftkings
2021_11_NYG_TB,2021,11,LONG_DOG_201+_CONTEXT,AVG,LONG201+,away,410,5.1,17.846601583510317,0.3550949872944462,0.8109844352016755,0,0,-1.0,0.19607843137254904,11.5,draftkings
2021_11_NYG_TB,2021,11,ML_CORROBORATED_DISAGREEMENT,CORROB,12+,away,410,5.1,17.846601583510317,0.3550949872944462,0.8109844352016755,0,0,-1.0,0.19607843137254904,11.5,draftkings
2021_11_PIT_LAC,2021,11,ML_QBELO_DISAGREEMENT,QB_ELO,12+,away,235,3.35,20.642211286315376,0.4961183233235358,0.6619963831338449,0,0,-1.0,0.29850746268656714,6.5,fanduel
2021_11_PIT_LAC,2021,11,LONG_DOG_201+_CONTEXT,QB_ELO,LONG201+,away,235,3.35,20.642211286315376,0.4961183233235358,0.6619963831338449,0,0,-1.0,0.29850746268656714,6.5,fanduel
2021_11_PIT_LAC,2021,11,ML_XGB_DISAGREEMENT,XGB,12+,away,235,3.35,17.490059749631353,0.46459680795669556,0.5563993066549302,0,0,-1.0,0.29850746268656714,6.5,fanduel
2021_11_PIT_LAC,2021,11,LONG_DOG_201+_CONTEXT,XGB,LONG201+,away,235,3.35,17.490059749631353,0.46459680795669556,0.5563993066549302,0,0,-1.0,0.29850746268656714,6.5,fanduel
2021_11_PIT_LAC,2021,11,ML_AVG_DISAGREEMENT,AVG,12+,away,235,3.35,19.066135517973365,0.48035756564011567,0.6091978448943876,0,0,-1.0,0.29850746268656714,6.5,fanduel
2021_11_PIT_LAC,2021,11,LONG_DOG_201+_CONTEXT,AVG,LONG201+,away,235,3.35,19.066135517973365,0.48035756564011567,0.6091978448943876,0,0,-1.0,0.29850746268656714,6.5,fanduel
2021_11_PIT_LAC,2021,11,ML_CORROBORATED_DISAGREEMENT,CORROB,12+,away,235,3.35,19.066135517973365,0.48035756564011567,0.6091978448943876,0,0,-1.0,0.29850746268656714,6.5,fanduel
2021_11_SF_JAX,2021,11,ML_QBELO_DISAGREEMENT,QB_ELO,2-4,home,260,3.6,2.3005932551181054,0.304790666534712,0.09724639952496328,0,0,-1.0,0.2777777777777778,7.0,draftkings
2021_11_SF_JAX,2021,11,LONG_DOG_201+_CONTEXT,QB_ELO,LONG201+,home,260,3.6,2.3005932551181054,0.304790666534712,0.09724639952496328,0,0,-1.0,0.2777777777777778,7.0,draftkings
2021_11_SF_JAX,2021,11,ML_XGB_DISAGREEMENT,XGB,12+,home,260,3.6,24.146900489662652,0.5232537388801575,0.883713459968567,0,0,-1.0,0.2777777777777778,7.0,draftkings
2021_11_SF_JAX,2021,11,LONG_DOG_201+_CONTEXT,XGB,LONG201+,home,260,3.6,24.146900489662652,0.5232537388801575,0.883713459968567,0,0,-1.0,0.2777777777777778,7.0,draftkings
2021_11_SF_JAX,2021,11,ML_AVG_DISAGREEMENT,AVG,12+,home,260,3.6,13.223746872390379,0.4140222027074347,0.490479929746765,0,0,-1.0,0.2777777777777778,7.0,draftkings
2021_11_SF_JAX,2021,11,LONG_DOG_201+_CONTEXT,AVG,LONG201+,home,260,3.6,13.223746872390379,0.4140222027074347,0.490479929746765,0,0,-1.0,0.2777777777777778,7.0,draftkings
2021_11_SF_JAX,2021,11,ML_CORROBORATED_DISAGREEMENT,CORROB,12+,home,260,3.6,13.223746872390379,0.4140222027074347,0.490479929746765,0,0,-1.0,0.2777777777777778,7.0,draftkings
2021_11_WAS_CAR,2021,11,ML_QBELO_DISAGREEMENT,QB_ELO,0-2,away,150,2.5,0.295494021029602,0.39007214030239823,-0.024819649244004482,1,0,1.5,0.4,3.5,draftkings
2021_11_WAS_CAR,2021,11,ML_XGB_DISAGREEMENT,XGB,4-8,away,150,2.5,7.747960786459335,0.46459680795669556,0.1614920198917389,1,0,1.5,0.4,3.5,draftkings
2021_11_WAS_CAR,2021,11,ML_DOG_VALUE_ZONE,XGB,ZONE,away,150,2.5,7.747960786459335,0.46459680795669556,0.1614920198917389,1,0,1.5,0.4,3.5,draftkings
2021_11_WAS_CAR,2021,11,ML_AVG_DISAGREEMENT,AVG,4-8,away,150,2.5,4.021727403744463,0.42733447412954684,0.0683361853238671,1,0,1.5,0.4,3.5,draftkings
2021_11_WAS_CAR,2021,11,ML_DOG_VALUE_ZONE,AVG,ZONE,away,150,2.5,4.021727403744463,0.42733447412954684,0.0683361853238671,1,0,1.5,0.4,3.5,draftkings
2021_11_WAS_CAR,2021,11,ML_CORROBORATED_DISAGREEMENT,CORROB,4-8,away,150,2.5,4.021727403744463,0.42733447412954684,0.0683361853238671,1,0,1.5,0.4,3.5,draftkings
2021_11_WAS_CAR,2021,11,ML_DOG_VALUE_ZONE,CORROB,ZONE,away,150,2.5,4.021727403744463,0.42733447412954684,0.0683361853238671,1,0,1.5,0.4,3.5,draftkings
2021_12_ATL_JAX,2021,12,ML_QBELO_DISAGREEMENT,QB_ELO,4-8,away,-123,1.8130081300813008,7.319484177898428,0.6037615913288428,0.09462467371001582,1,0,0.813008,0.5515695067264574,1.5,draftkings
2021_12_ATL_JAX,2021,12,ML_XGB_DISAGREEMENT,XGB,2-4,home,106,2.06,3.545135018920176,0.5048846006393433,0.040062277317047146,0,0,-1.0,0.4854368932038835,1.5,draftkings
2021_12_ATL_JAX,2021,12,ML_AVG_DISAGREEMENT,AVG,0-2,away,-123,1.8130081300813008,1.887174579489126,0.5494384953447498,-0.0038635409603317017,1,0,0.813008,0.5515695067264574,1.5,draftkings
2021_12_BUF_NO,2021,12,ML_QBELO_DISAGREEMENT,QB_ELO,12+,home,240,3.4,24.15384622718706,0.5377102582315325,0.8282148779872105,0,0,-1.0,0.29411764705882354,7.0,draftkings
2021_12_BUF_NO,2021,12,LONG_DOG_201+_CONTEXT,QB_ELO,LONG201+,home,240,3.4,24.15384622718706,0.5377102582315325,0.8282148779872105,0,0,-1.0,0.29411764705882354,7.0,draftkings
2021_12_BUF_NO,2021,12,ML_XGB_DISAGREEMENT,XGB,12+,home,240,3.4,17.26486567304626,0.4688204526901245,0.5939895391464234,0,0,-1.0,0.29411764705882354,7.0,draftkings
2021_12_BUF_NO,2021,12,LONG_DOG_201+_CONTEXT,XGB,LONG201+,home,240,3.4,17.26486567304626,0.4688204526901245,0.5939895391464234,0,0,-1.0,0.29411764705882354,7.0,draftkings
2021_12_BUF_NO,2021,12,ML_AVG_DISAGREEMENT,AVG,12+,home,240,3.4,20.70935595011666,0.5032653554608285,0.7111022085668168,0,0,-1.0,0.29411764705882354,7.0,draftkings
2021_12_BUF_NO,2021,12,LONG_DOG_201+_CONTEXT,AVG,LONG201+,home,240,3.4,20.70935595011666,0.5032653554608285,0.7111022085668168,0,0,-1.0,0.29411764705882354,7.0,draftkings
2021_12_BUF_NO,2021,12,ML_CORROBORATED_DISAGREEMENT,CORROB,12+,home,240,3.4,20.70935595011666,0.5032653554608285,0.7111022085668168,0,0,-1.0,0.29411764705882354,7.0,draftkings
2021_12_CAR_MIA,2021,12,ML_QBELO_DISAGREEMENT,QB_ELO,12+,home,100,2.0,15.86126275714988,0.6390580498695545,0.278116099739109,1,0,1.0,0.5,1.5,fanduel
2021_12_CAR_MIA,2021,12,ML_XGB_DISAGREEMENT,XGB,8-12,home,100,2.0,9.423276030387301,0.5746781826019287,0.14935636520385742,1,0,1.0,0.5,1.5,fanduel
2021_12_CAR_MIA,2021,12,ML_AVG_DISAGREEMENT,AVG,12+,home,100,2.0,12.642269393768595,0.6068681162357417,0.21373623247148332,1,0,1.0,0.5,1.5,fanduel
2021_12_CAR_MIA,2021,12,ML_CORROBORATED_DISAGREEMENT,CORROB,12+,home,100,2.0,12.642269393768595,0.6068681162357417,0.21373623247148332,1,0,1.0,0.5,1.5,fanduel
2021_12_CHI_DET,2021,12,ML_QBELO_DISAGREEMENT,QB_ELO,4-8,away,-145,1.6896551724137931,5.695756917096972,0.6379655249308381,0.07794174902107143,1,0,0.689655,0.5918367346938775,3.0,fanduel
2021_12_CHI_DET,2021,12,ML_XGB_DISAGREEMENT,XGB,8-12,home,130,2.3,11.417525836835834,0.53316730260849,0.2262847959995269,0,0,-1.0,0.4347826086956522,3.0,fanduel
2021_12_CHI_DET,2021,12,ML_AVG_DISAGREEMENT,AVG,2-4,home,130,2.3,2.8608844598694283,0.4476008888388259,0.029482044329299573,0,0,-1.0,0.4347826086956522,3.0,fanduel
2021_12_CHI_DET,2021,12,ML_DOG_VALUE_ZONE,AVG,ZONE,home,130,2.3,2.8608844598694283,0.4476008888388259,0.029482044329299573,0,0,-1.0,0.4347826086956522,3.0,fanduel
2021_12_CLE_BAL,2021,12,ML_QBELO_DISAGREEMENT,QB_ELO,4-8,home,-154,1.6493506493506493,6.143486918472196,0.6591235205873751,0.08712580668307313,1,0,0.649351,0.6062992125984252,3.0,fanduel
2021_12_CLE_BAL,2021,12,ML_XGB_DISAGREEMENT,XGB,4-8,away,136,2.3600000000000003,5.328134330099904,0.45559269189834595,0.07519875288009659,0,0,-1.0,0.42372881355932196,3.0,fanduel
2021_12_CLE_BAL,2021,12,ML_DOG_VALUE_ZONE,XGB,ZONE,away,136,2.3600000000000003,5.328134330099904,0.45559269189834595,0.07519875288009659,0,0,-1.0,0.42372881355932196,3.0,fanduel
2021_12_CLE_BAL,2021,12,ML_AVG_DISAGREEMENT,AVG,0-2,home,-154,1.6493506493506493,0.4076762941861434,0.6017654143445146,-0.007477823094112268,1,0,0.649351,0.6062992125984252,3.0,fanduel
2021_12_LAC_DEN,2021,12,ML_QBELO_DISAGREEMENT,QB_ELO,4-8,home,132,2.3200000000000003,5.9847646662475995,0.4809397584308923,0.11578023955967032,1,0,1.32,0.43103448275862066,3.0,fanduel
2021_12_LAC_DEN,2021,12,ML_DOG_VALUE_ZONE,QB_ELO,ZONE,home,132,2.3200000000000003,5.9847646662475995,0.4809397584308923,0.11578023955967032,1,0,1.32,0.43103448275862066,3.0,fanduel
2021_12_LAC_DEN,2021,12,ML_XGB_DISAGREEMENT,XGB,0-2,home,132,2.3200000000000003,0.3839980659791076,0.4249320924282074,-0.014157545566558682,1,0,1.32,0.43103448275862066,3.0,fanduel
2021_12_LAC_DEN,2021,12,ML_DOG_VALUE_ZONE,XGB,ZONE,home,132,2.3200000000000003,0.3839980659791076,0.4249320924282074,-0.014157545566558682,1,0,1.32,0.43103448275862066,3.0,fanduel
2021_12_LAC_DEN,2021,12,ML_AVG_DISAGREEMENT,AVG,2-4,home,132,2.3200000000000003,3.1843813661133535,0.45293592542954986,0.05081134699655587,1,0,1.32,0.43103448275862066,3.0,fanduel
2021_12_LAC_DEN,2021,12,ML_DOG_VALUE_ZONE,AVG,ZONE,home,132,2.3200000000000003,3.1843813661133535,0.45293592542954986,0.05081134699655587,1,0,1.32,0.43103448275862066,3.0,fanduel
2021_12_LAC_DEN,2021,12,ML_CORROBORATED_DISAGREEMENT,CORROB,2-4,home,132,2.3200000000000003,3.1843813661133535,0.45293592542954986,0.05081134699655587,1,0,1.32,0.43103448275862066,3.0,fanduel
2021_12_LAC_DEN,2021,12,ML_DOG_VALUE_ZONE,CORROB,ZONE,home,132,2.3200000000000003,3.1843813661133535,0.45293592542954986,0.05081134699655587,1,0,1.32,0.43103448275862066,3.0,fanduel
2021_12_LA_GB,2021,12,ML_QBELO_DISAGREEMENT,QB_ELO,12+,home,115,2.15,23.62637591319463,0.6803678938945803,0.4627909718733476,1,0,1.15,0.46511627906976744,2.5,fanduel
2021_12_LA_GB,2021,12,ML_XGB_DISAGREEMENT,XGB,4-8,home,115,2.15,5.234840539659147,0.49645254015922546,0.06737296134233461,1,0,1.15,0.46511627906976744,2.5,fanduel
2021_12_LA_GB,2021,12,ML_DOG_VALUE_ZONE,XGB,ZONE,home,115,2.15,5.234840539659147,0.49645254015922546,0.06737296134233461,1,0,1.15,0.46511627906976744,2.5,fanduel
2021_12_LA_GB,2021,12,ML_AVG_DISAGREEMENT,AVG,12+,home,115,2.15,14.43060822642689,0.5884102170269029,0.2650819666078412,1,0,1.15,0.46511627906976744,2.5,fanduel
2021_12_LA_GB,2021,12,ML_CORROBORATED_DISAGREEMENT,CORROB,12+,home,115,2.15,14.43060822642689,0.5884102170269029,0.2650819666078412,1,0,1.15,0.46511627906976744,2.5,fanduel
2021_12_LV_DAL,2021,12,ML_QBELO_DISAGREEMENT,QB_ELO,4-8,away,280,3.8,7.89678973123899,0.3378022249856345,0.283648454945411,1,0,2.8,0.2631578947368421,7.5,fanduel
2021_12_LV_DAL,2021,12,LONG_DOG_201+_CONTEXT,QB_ELO,LONG201+,away,280,3.8,7.89678973123899,0.3378022249856345,0.283648454945411,1,0,2.8,0.2631578947368421,7.5,fanduel
2021_12_LV_DAL,2021,12,ML_XGB_DISAGREEMENT,XGB,12+,away,280,3.8,13.040617563791262,0.3892405033111572,0.4791139125823973,1,0,2.8,0.2631578947368421,7.5,fanduel
2021_12_LV_DAL,2021,12,LONG_DOG_201+_CONTEXT,XGB,LONG201+,away,280,3.8,13.040617563791262,0.3892405033111572,0.4791139125823973,1,0,2.8,0.2631578947368421,7.5,fanduel
2021_12_LV_DAL,2021,12,ML_AVG_DISAGREEMENT,AVG,8-12,away,280,3.8,10.468703647515126,0.36352136414839586,0.3813811837639043,1,0,2.8,0.2631578947368421,7.5,fanduel
2021_12_LV_DAL,2021,12,LONG_DOG_201+_CONTEXT,AVG,LONG201+,away,280,3.8,10.468703647515126,0.36352136414839586,0.3813811837639043,1,0,2.8,0.2631578947368421,7.5,fanduel
2021_12_LV_DAL,2021,12,ML_CORROBORATED_DISAGREEMENT,CORROB,8-12,away,280,3.8,10.468703647515126,0.36352136414839586,0.3813811837639043,1,0,2.8,0.2631578947368421,7.5,fanduel
2021_12_MIN_SF,2021,12,ML_QBELO_DISAGREEMENT,QB_ELO,8-12,away,155,2.55,8.15105849386173,0.45630908037118045,0.16358815494651013,0,0,-1.0,0.3921568627450981,3.5,draftkings
2021_12_MIN_SF,2021,12,ML_DOG_VALUE_ZONE,QB_ELO,ZONE,away,155,2.55,8.15105849386173,0.45630908037118045,0.16358815494651013,0,0,-1.0,0.3921568627450981,3.5,draftkings
2021_12_MIN_SF,2021,12,ML_XGB_DISAGREEMENT,XGB,8-12,away,155,2.55,11.993555341082063,0.4947340488433838,0.26157182455062866,0,0,-1.0,0.3921568627450981,3.5,draftkings
2021_12_MIN_SF,2021,12,ML_DOG_VALUE_ZONE,XGB,ZONE,away,155,2.55,11.993555341082063,0.4947340488433838,0.26157182455062866,0,0,-1.0,0.3921568627450981,3.5,draftkings
2021_12_MIN_SF,2021,12,ML_AVG_DISAGREEMENT,AVG,8-12,away,155,2.55,10.072306917471895,0.4755215646072821,0.2125799897485694,0,0,-1.0,0.3921568627450981,3.5,draftkings
2021_12_MIN_SF,2021,12,ML_DOG_VALUE_ZONE,AVG,ZONE,away,155,2.55,10.072306917471895,0.4755215646072821,0.2125799897485694,0,0,-1.0,0.3921568627450981,3.5,draftkings
2021_12_MIN_SF,2021,12,ML_CORROBORATED_DISAGREEMENT,CORROB,8-12,away,155,2.55,10.072306917471895,0.4755215646072821,0.2125799897485694,0,0,-1.0,0.3921568627450981,3.5,draftkings
2021_12_MIN_SF,2021,12,ML_DOG_VALUE_ZONE,CORROB,ZONE,away,155,2.55,10.072306917471895,0.4755215646072821,0.2125799897485694,0,0,-1.0,0.3921568627450981,3.5,draftkings
2021_12_NYJ_HOU,2021,12,ML_QBELO_DISAGREEMENT,QB_ELO,8-12,home,-145,1.6896551724137931,9.908626499104967,0.6755771897965811,0.14149249310456802,0,0,-1.0,0.5918367346938775,3.0,draftkings
2021_12_NYJ_HOU,2021,12,ML_XGB_DISAGREEMENT,XGB,2-4,away,125,2.25,3.8650200814137503,0.46215927600860596,0.0398583710193634,1,0,1.25,0.4444444444444444,3.0,draftkings
2021_12_NYJ_HOU,2021,12,ML_DOG_VALUE_ZONE,XGB,ZONE,away,125,2.25,3.8650200814137503,0.46215927600860596,0.0398583710193634,1,0,1.25,0.4444444444444444,3.0,draftkings
2021_12_NYJ_HOU,2021,12,ML_AVG_DISAGREEMENT,AVG,2-4,home,-145,1.6896551724137931,3.0218032088456193,0.6067089568939876,0.025128927165703363,0,0,-1.0,0.5918367346938775,3.0,draftkings
2021_12_PHI_NYG,2021,12,ML_QBELO_DISAGREEMENT,QB_ELO,12+,home,172,2.7199999999999998,14.665937371211546,0.4940085510430112,0.3437032588369904,1,0,1.72,0.36764705882352944,-4.0,fanduel
2021_12_PHI_NYG,2021,12,ML_DOG_VALUE_ZONE,QB_ELO,ZONE,home,172,2.7199999999999998,14.665937371211546,0.4940085510430112,0.3437032588369904,1,0,1.72,0.36764705882352944,-4.0,fanduel
2021_12_PHI_NYG,2021,12,ML_XGB_DISAGREEMENT,XGB,8-12,home,172,2.7199999999999998,8.32963481245791,0.43064552545547485,0.17135582923889148,1,0,1.72,0.36764705882352944,-4.0,fanduel
2021_12_PHI_NYG,2021,12,ML_DOG_VALUE_ZONE,XGB,ZONE,home,172,2.7199999999999998,8.32963481245791,0.43064552545547485,0.17135582923889148,1,0,1.72,0.36764705882352944,-4.0,fanduel
2021_12_PHI_NYG,2021,12,ML_AVG_DISAGREEMENT,AVG,8-12,home,172,2.7199999999999998,11.497786091834728,0.46232703824924304,0.25752954403794104,1,0,1.72,0.36764705882352944,-4.0,fanduel
2021_12_PHI_NYG,2021,12,ML_DOG_VALUE_ZONE,AVG,ZONE,home,172,2.7199999999999998,11.497786091834728,0.46232703824924304,0.25752954403794104,1,0,1.72,0.36764705882352944,-4.0,fanduel
2021_12_PHI_NYG,2021,12,ML_CORROBORATED_DISAGREEMENT,CORROB,8-12,home,172,2.7199999999999998,11.497786091834728,0.46232703824924304,0.25752954403794104,1,0,1.72,0.36764705882352944,-4.0,fanduel
2021_12_PHI_NYG,2021,12,ML_DOG_VALUE_ZONE,CORROB,ZONE,home,172,2.7199999999999998,11.497786091834728,0.46232703824924304,0.25752954403794104,1,0,1.72,0.36764705882352944,-4.0,fanduel
2021_12_PIT_CIN,2021,12,ML_QBELO_DISAGREEMENT,QB_ELO,8-12,away,155,2.55,10.478891452430966,0.47551959577480274,0.2125749692257468,0,0,-1.0,0.3921568627450981,3.5,draftkings
2021_12_PIT_CIN,2021,12,ML_DOG_VALUE_ZONE,QB_ELO,ZONE,away,155,2.55,10.478891452430966,0.47551959577480274,0.2125749692257468,0,0,-1.0,0.3921568627450981,3.5,draftkings
2021_12_PIT_CIN,2021,12,ML_XGB_DISAGREEMENT,XGB,2-4,away,155,2.55,2.2612648179133386,0.39334332942962646,0.0030254900455473077,0,0,-1.0,0.3921568627450981,3.5,draftkings
2021_12_PIT_CIN,2021,12,ML_AVG_DISAGREEMENT,AVG,4-8,away,155,2.55,6.370078135172147,0.43443146260221455,0.10780022963564706,0,0,-1.0,0.3921568627450981,3.5,draftkings
2021_12_PIT_CIN,2021,12,ML_DOG_VALUE_ZONE,AVG,ZONE,away,155,2.55,6.370078135172147,0.43443146260221455,0.10780022963564706,0,0,-1.0,0.3921568627450981,3.5,draftkings
2021_12_PIT_CIN,2021,12,ML_CORROBORATED_DISAGREEMENT,CORROB,4-8,away,155,2.55,6.370078135172147,0.43443146260221455,0.10780022963564706,0,0,-1.0,0.3921568627450981,3.5,draftkings
2021_12_PIT_CIN,2021,12,ML_DOG_VALUE_ZONE,CORROB,ZONE,away,155,2.55,6.370078135172147,0.43443146260221455,0.10780022963564706,0,0,-1.0,0.3921568627450981,3.5,draftkings
2021_12_SEA_WAS,2021,12,ML_QBELO_DISAGREEMENT,QB_ELO,4-8,home,114,2.1399999999999997,4.654937213123278,0.49849989544236506,0.06678977624666116,1,0,1.14,0.4672897196261683,2.0,draftkings
2021_12_SEA_WAS,2021,12,ML_DOG_VALUE_ZONE,QB_ELO,ZONE,home,114,2.1399999999999997,4.654937213123278,0.49849989544236506,0.06678977624666116,1,0,1.14,0.4672897196261683,2.0,draftkings
2021_12_SEA_WAS,2021,12,ML_XGB_DISAGREEMENT,XGB,8-12,home,114,2.1399999999999997,8.85650187192022,0.5405155420303345,0.15670325994491563,1,0,1.14,0.4672897196261683,2.0,draftkings
2021_12_SEA_WAS,2021,12,ML_AVG_DISAGREEMENT,AVG,4-8,home,114,2.1399999999999997,6.755719542521743,0.5195077187363497,0.11174651809578817,1,0,1.14,0.4672897196261683,2.0,draftkings
2021_12_SEA_WAS,2021,12,ML_CORROBORATED_DISAGREEMENT,CORROB,4-8,home,114,2.1399999999999997,6.755719542521743,0.5195077187363497,0.11174651809578817,1,0,1.14,0.4672897196261683,2.0,draftkings
2021_12_TB_IND,2021,12,ML_QBELO_DISAGREEMENT,QB_ELO,12+,home,136,2.3600000000000003,15.570948545457025,0.5757489385529989,0.35876749498507765,0,0,-1.0,0.42372881355932196,3.0,fanduel
2021_12_TB_IND,2021,12,ML_XGB_DISAGREEMENT,XGB,8-12,home,136,2.3600000000000003,9.865500729356963,0.5186944603919983,0.22411892652511622,0,0,-1.0,0.42372881355932196,3.0,fanduel
2021_12_TB_IND,2021,12,ML_AVG_DISAGREEMENT,AVG,12+,home,136,2.3600000000000003,12.718224637406989,0.5472216994724985,0.2914432107550968,0,0,-1.0,0.42372881355932196,3.0,fanduel
2021_12_TB_IND,2021,12,ML_CORROBORATED_DISAGREEMENT,CORROB,12+,home,136,2.3600000000000003,12.718224637406989,0.5472216994724985,0.2914432107550968,0,0,-1.0,0.42372881355932196,3.0,fanduel
2021_12_TEN_NE,2021,12,ML_QBELO_DISAGREEMENT,QB_ELO,12+,away,270,3.7,20.910124880776593,0.47998191344002694,0.7759330797280997,0,0,-1.0,0.27027027027027023,7.5,fanduel
2021_12_TEN_NE,2021,12,LONG_DOG_201+_CONTEXT,QB_ELO,LONG201+,away,270,3.7,20.910124880776593,0.47998191344002694,0.7759330797280997,0,0,-1.0,0.27027027027027023,7.5,fanduel
2021_12_TEN_NE,2021,12,ML_XGB_DISAGREEMENT,XGB,12+,away,270,3.7,18.965045089966036,0.4605311155319214,0.7039651274681091,0,0,-1.0,0.27027027027027023,7.5,fanduel
2021_12_TEN_NE,2021,12,LONG_DOG_201+_CONTEXT,XGB,LONG201+,away,270,3.7,18.965045089966036,0.4605311155319214,0.7039651274681091,0,0,-1.0,0.27027027027027023,7.5,fanduel
2021_12_TEN_NE,2021,12,ML_AVG_DISAGREEMENT,AVG,12+,away,270,3.7,19.937584985371316,0.47025651448597416,0.7399491035981045,0,0,-1.0,0.27027027027027023,7.5,fanduel
2021_12_TEN_NE,2021,12,LONG_DOG_201+_CONTEXT,AVG,LONG201+,away,270,3.7,19.937584985371316,0.47025651448597416,0.7399491035981045,0,0,-1.0,0.27027027027027023,7.5,fanduel
2021_12_TEN_NE,2021,12,ML_CORROBORATED_DISAGREEMENT,CORROB,12+,away,270,3.7,19.937584985371316,0.47025651448597416,0.7399491035981045,0,0,-1.0,0.27027027027027023,7.5,fanduel
2021_13_ARI_CHI,2021,13,ML_QBELO_DISAGREEMENT,QB_ELO,8-12,home,300,4.0,10.100631691530854,0.3425317854324373,0.37012714172974914,0,0,-1.0,0.25,7.5,fanduel
2021_13_ARI_CHI,2021,13,LONG_DOG_201+_CONTEXT,QB_ELO,LONG201+,home,300,4.0,10.100631691530854,0.3425317854324373,0.37012714172974914,0,0,-1.0,0.25,7.5,fanduel
2021_13_ARI_CHI,2021,13,ML_XGB_DISAGREEMENT,XGB,12+,home,300,4.0,19.295931131761858,0.4344847798347473,0.7379391193389893,0,0,-1.0,0.25,7.5,fanduel
2021_13_ARI_CHI,2021,13,LONG_DOG_201+_CONTEXT,XGB,LONG201+,home,300,4.0,19.295931131761858,0.4344847798347473,0.7379391193389893,0,0,-1.0,0.25,7.5,fanduel
2021_13_ARI_CHI,2021,13,ML_AVG_DISAGREEMENT,AVG,12+,home,300,4.0,14.698281411646352,0.3885082826335923,0.5540331305343691,0,0,-1.0,0.25,7.5,fanduel
2021_13_ARI_CHI,2021,13,LONG_DOG_201+_CONTEXT,AVG,LONG201+,home,300,4.0,14.698281411646352,0.3885082826335923,0.5540331305343691,0,0,-1.0,0.25,7.5,fanduel
2021_13_ARI_CHI,2021,13,ML_CORROBORATED_DISAGREEMENT,CORROB,12+,home,300,4.0,14.698281411646352,0.3885082826335923,0.5540331305343691,0,0,-1.0,0.25,7.5,fanduel
2021_13_BAL_PIT,2021,13,ML_QBELO_DISAGREEMENT,QB_ELO,4-8,home,184,2.84,7.8608472458000564,0.42989652866408956,0.22090614140601428,1,0,1.84,0.35211267605633806,-4.0,draftkings
2021_13_BAL_PIT,2021,13,ML_DOG_VALUE_ZONE,QB_ELO,ZONE,home,184,2.84,7.8608472458000564,0.42989652866408956,0.22090614140601428,1,0,1.84,0.35211267605633806,-4.0,draftkings
2021_13_BAL_PIT,2021,13,ML_XGB_DISAGREEMENT,XGB,12+,home,184,2.84,19.432511346401597,0.545613169670105,0.549541401863098,1,0,1.84,0.35211267605633806,-4.0,draftkings
2021_13_BAL_PIT,2021,13,ML_AVG_DISAGREEMENT,AVG,12+,home,184,2.84,13.646679296100828,0.48775484916709727,0.3852237716345561,1,0,1.84,0.35211267605633806,-4.0,draftkings
2021_13_BAL_PIT,2021,13,ML_DOG_VALUE_ZONE,AVG,ZONE,home,184,2.84,13.646679296100828,0.48775484916709727,0.3852237716345561,1,0,1.84,0.35211267605633806,-4.0,draftkings
2021_13_BAL_PIT,2021,13,ML_CORROBORATED_DISAGREEMENT,CORROB,12+,home,184,2.84,13.646679296100828,0.48775484916709727,0.3852237716345561,1,0,1.84,0.35211267605633806,-4.0,draftkings
2021_13_BAL_PIT,2021,13,ML_DOG_VALUE_ZONE,CORROB,ZONE,home,184,2.84,13.646679296100828,0.48775484916709727,0.3852237716345561,1,0,1.84,0.35211267605633806,-4.0,draftkings
2021_13_DAL_NO,2021,13,ML_QBELO_DISAGREEMENT,QB_ELO,12+,home,220,3.2,33.62672100314525,0.6412781032776399,1.0520899304884477,0,0,-1.0,0.3125,6.5,draftkings
2021_13_DAL_NO,2021,13,LONG_DOG_201+_CONTEXT,QB_ELO,LONG201+,home,220,3.2,33.62672100314525,0.6412781032776399,1.0520899304884477,0,0,-1.0,0.3125,6.5,draftkings
2021_13_DAL_NO,2021,13,ML_XGB_DISAGREEMENT,XGB,12+,home,220,3.2,12.602921495770053,0.43104010820388794,0.3793283462524415,0,0,-1.0,0.3125,6.5,draftkings
2021_13_DAL_NO,2021,13,LONG_DOG_201+_CONTEXT,XGB,LONG201+,home,220,3.2,12.602921495770053,0.43104010820388794,0.3793283462524415,0,0,-1.0,0.3125,6.5,draftkings
2021_13_DAL_NO,2021,13,ML_AVG_DISAGREEMENT,AVG,12+,home,220,3.2,23.114821249457655,0.536159105740764,0.7157091383704448,0,0,-1.0,0.3125,6.5,draftkings
2021_13_DAL_NO,2021,13,LONG_DOG_201+_CONTEXT,AVG,LONG201+,home,220,3.2,23.114821249457655,0.536159105740764,0.7157091383704448,0,0,-1.0,0.3125,6.5,draftkings
2021_13_DAL_NO,2021,13,ML_CORROBORATED_DISAGREEMENT,CORROB,12+,home,220,3.2,23.114821249457655,0.536159105740764,0.7157091383704448,0,0,-1.0,0.3125,6.5,draftkings
2021_13_DEN_KC,2021,13,ML_QBELO_DISAGREEMENT,QB_ELO,0-2,home,-385,1.2597402597402598,0.7108558915800978,0.7780540581129296,-0.019853978740854816,1,0,0.25974,0.7938144329896907,8.5,draftkings
2021_13_DEN_KC,2021,13,ML_XGB_DISAGREEMENT,XGB,12+,away,310,4.1,18.11440684949191,0.4101985692977905,0.6818141341209409,0,0,-1.0,0.24390243902439027,8.5,draftkings
2021_13_DEN_KC,2021,13,LONG_DOG_201+_CONTEXT,XGB,LONG201+,away,310,4.1,18.11440684949191,0.4101985692977905,0.6818141341209409,0,0,-1.0,0.24390243902439027,8.5,draftkings
2021_13_DEN_KC,2021,13,ML_AVG_DISAGREEMENT,AVG,8-12,away,310,4.1,8.701775478955904,0.31607225559243046,0.29589624792896485,0,0,-1.0,0.24390243902439027,8.5,draftkings
2021_13_DEN_KC,2021,13,LONG_DOG_201+_CONTEXT,AVG,LONG201+,away,310,4.1,8.701775478955904,0.31607225559243046,0.29589624792896485,0,0,-1.0,0.24390243902439027,8.5,draftkings
2021_13_IND_HOU,2021,13,ML_QBELO_DISAGREEMENT,QB_ELO,4-8,home,350,4.5,6.312731095547217,0.279128982148286,0.256080419667287,0,0,-1.0,0.2222222222222222,10.0,draftkings
2021_13_IND_HOU,2021,13,LONG_DOG_201+_CONTEXT,QB_ELO,LONG201+,home,350,4.5,6.312731095547217,0.279128982148286,0.256080419667287,0,0,-1.0,0.2222222222222222,10.0,draftkings
2021_13_IND_HOU,2021,13,ML_XGB_DISAGREEMENT,XGB,12+,home,350,4.5,17.864610588772205,0.3946477770805359,0.7759149968624115,0,0,-1.0,0.2222222222222222,10.0,draftkings
2021_13_IND_HOU,2021,13,LONG_DOG_201+_CONTEXT,XGB,LONG201+,home,350,4.5,17.864610588772205,0.3946477770805359,0.7759149968624115,0,0,-1.0,0.2222222222222222,10.0,draftkings
2021_13_IND_HOU,2021,13,ML_AVG_DISAGREEMENT,AVG,12+,home,350,4.5,12.088670842159713,0.336888379614411,0.5159977082648495,0,0,-1.0,0.2222222222222222,10.0,draftkings
2021_13_IND_HOU,2021,13,LONG_DOG_201+_CONTEXT,AVG,LONG201+,home,350,4.5,12.088670842159713,0.336888379614411,0.5159977082648495,0,0,-1.0,0.2222222222222222,10.0,draftkings
2021_13_IND_HOU,2021,13,ML_CORROBORATED_DISAGREEMENT,CORROB,12+,home,350,4.5,12.088670842159713,0.336888379614411,0.5159977082648495,0,0,-1.0,0.2222222222222222,10.0,draftkings
2021_13_JAX_LA,2021,13,ML_QBELO_DISAGREEMENT,QB_ELO,0-2,home,-714,1.1400560224089635,1.5606141294045917,0.8747042067704777,-0.0027882012448616766,1,0,0.140056,0.8771498771498772,14.0,draftkings
2021_13_JAX_LA,2021,13,ML_XGB_DISAGREEMENT,XGB,12+,away,575,6.75,21.813212690831655,0.35903406143188477,1.4234799146652222,0,0,-1.0,0.14814814814814814,14.0,draftkings
2021_13_JAX_LA,2021,13,LONG_DOG_201+_CONTEXT,XGB,LONG201+,away,575,6.75,21.813212690831655,0.35903406143188477,1.4234799146652222,0,0,-1.0,0.14814814814814814,14.0,draftkings
2021_13_JAX_LA,2021,13,ML_AVG_DISAGREEMENT,AVG,8-12,away,575,6.75,10.126299280713539,0.2421649273307036,0.6346132594822493,0,0,-1.0,0.14814814814814814,14.0,draftkings
2021_13_JAX_LA,2021,13,LONG_DOG_201+_CONTEXT,AVG,LONG201+,away,575,6.75,10.126299280713539,0.2421649273307036,0.6346132594822493,0,0,-1.0,0.14814814814814814,14.0,draftkings
2021_13_LAC_CIN,2021,13,ML_QBELO_DISAGREEMENT,QB_ELO,4-8,home,-145,1.6896551724137931,4.020740658957922,0.6177571953644736,0.04379664044342091,0,0,-1.0,0.5918367346938775,-2.5,draftkings
2021_13_LAC_CIN,2021,13,ML_XGB_DISAGREEMENT,XGB,0-2,away,125,2.25,0.3485712828086518,0.42593592405319214,-0.04164417088031769,1,0,1.25,0.4444444444444444,-2.5,draftkings
2021_13_LAC_CIN,2021,13,ML_DOG_VALUE_ZONE,XGB,ZONE,away,125,2.25,0.3485712828086518,0.42593592405319214,-0.04164417088031769,1,0,1.25,0.4444444444444444,-2.5,draftkings
2021_13_LAC_CIN,2021,13,ML_AVG_DISAGREEMENT,AVG,0-2,home,-145,1.6896551724137931,1.836084688074635,0.5959106356556407,0.006883487831944812,0,0,-1.0,0.5918367346938775,-2.5,draftkings
2021_13_MIN_DET,2021,13,ML_QBELO_DISAGREEMENT,QB_ELO,0-2,away,-303,1.33003300330033,0.8654525885246955,0.7351649656897783,-0.022206332762440106,0,0,-1.0,0.7518610421836228,7.0,fanduel
2021_13_MIN_DET,2021,13,ML_XGB_DISAGREEMENT,XGB,12+,home,250,3.5,17.226788847777957,0.4457574486732483,0.560151070356369,1,0,2.5,0.2857142857142857,7.0,fanduel
2021_13_MIN_DET,2021,13,LONG_DOG_201+_CONTEXT,XGB,LONG201+,home,250,3.5,17.226788847777957,0.4457574486732483,0.560151070356369,1,0,2.5,0.2857142857142857,7.0,fanduel
2021_13_MIN_DET,2021,13,ML_AVG_DISAGREEMENT,AVG,8-12,home,250,3.5,8.180668129626628,0.355296241491735,0.24353684522107244,1,0,2.5,0.2857142857142857,7.0,fanduel
2021_13_MIN_DET,2021,13,LONG_DOG_201+_CONTEXT,AVG,LONG201+,home,250,3.5,8.180668129626628,0.355296241491735,0.24353684522107244,1,0,2.5,0.2857142857142857,7.0,fanduel
2021_13_NE_BUF,2021,13,ML_QBELO_DISAGREEMENT,QB_ELO,4-8,home,-149,1.6711409395973154,4.388117450819539,0.6322778816818528,0.0566254532804118,0,0,-1.0,0.5983935742971888,3.0,draftkings
2021_13_NE_BUF,2021,13,ML_XGB_DISAGREEMENT,XGB,4-8,away,130,2.3,5.947951376087662,0.47108280658721924,0.08349045515060416,1,0,1.3,0.4347826086956522,3.0,draftkings
2021_13_NE_BUF,2021,13,ML_DOG_VALUE_ZONE,XGB,ZONE,away,130,2.3,5.947951376087662,0.47108280658721924,0.08349045515060416,1,0,1.3,0.4347826086956522,3.0,draftkings
2021_13_NE_BUF,2021,13,ML_AVG_DISAGREEMENT,AVG,0-2,away,130,2.3,0.7799169626340585,0.4194024624526832,-0.035374336358828695,1,0,1.3,0.4347826086956522,3.0,draftkings
2021_13_NE_BUF,2021,13,ML_DOG_VALUE_ZONE,AVG,ZONE,away,130,2.3,0.7799169626340585,0.4194024624526832,-0.035374336358828695,1,0,1.3,0.4347826086956522,3.0,draftkings
2021_13_NYG_MIA,2021,13,ML_QBELO_DISAGREEMENT,QB_ELO,4-8,away,220,3.2,4.190843497101238,0.3435215568362693,0.0992689818760617,0,0,-1.0,0.3125,6.5,draftkings
2021_13_NYG_MIA,2021,13,LONG_DOG_201+_CONTEXT,QB_ELO,LONG201+,away,220,3.2,4.190843497101238,0.3435215568362693,0.0992689818760617,0,0,-1.0,0.3125,6.5,draftkings
2021_13_NYG_MIA,2021,13,ML_XGB_DISAGREEMENT,XGB,8-12,away,220,3.2,11.346796190930974,0.41508108377456665,0.3282594680786133,0,0,-1.0,0.3125,6.5,draftkings
2021_13_NYG_MIA,2021,13,LONG_DOG_201+_CONTEXT,XGB,LONG201+,away,220,3.2,11.346796190930974,0.41508108377456665,0.3282594680786133,0,0,-1.0,0.3125,6.5,draftkings
2021_13_NYG_MIA,2021,13,ML_AVG_DISAGREEMENT,AVG,4-8,away,220,3.2,7.768819844016106,0.37930132030541797,0.2137642249773375,0,0,-1.0,0.3125,6.5,draftkings
2021_13_NYG_MIA,2021,13,LONG_DOG_201+_CONTEXT,AVG,LONG201+,away,220,3.2,7.768819844016106,0.37930132030541797,0.2137642249773375,0,0,-1.0,0.3125,6.5,draftkings
2021_13_NYG_MIA,2021,13,ML_CORROBORATED_DISAGREEMENT,CORROB,4-8,away,220,3.2,7.768819844016106,0.37930132030541797,0.2137642249773375,0,0,-1.0,0.3125,6.5,draftkings
2021_13_PHI_NYJ,2021,13,ML_QBELO_DISAGREEMENT,QB_ELO,4-8,home,188,2.88,7.143588266890488,0.40413600126547716,0.1639116836445742,0,0,-1.0,0.3472222222222222,5.5,draftkings
2021_13_PHI_NYJ,2021,13,ML_DOG_VALUE_ZONE,QB_ELO,ZONE,home,188,2.88,7.143588266890488,0.40413600126547716,0.1639116836445742,0,0,-1.0,0.3472222222222222,5.5,draftkings
2021_13_PHI_NYJ,2021,13,ML_XGB_DISAGREEMENT,XGB,12+,home,188,2.88,12.007273716209472,0.452772855758667,0.30398582458496093,0,0,-1.0,0.3472222222222222,5.5,draftkings
2021_13_PHI_NYJ,2021,13,ML_DOG_VALUE_ZONE,XGB,ZONE,home,188,2.88,12.007273716209472,0.452772855758667,0.30398582458496093,0,0,-1.0,0.3472222222222222,5.5,draftkings
2021_13_PHI_NYJ,2021,13,ML_AVG_DISAGREEMENT,AVG,8-12,home,188,2.88,9.575430991549977,0.42845442851207205,0.23394875411476757,0,0,-1.0,0.3472222222222222,5.5,draftkings
2021_13_PHI_NYJ,2021,13,ML_DOG_VALUE_ZONE,AVG,ZONE,home,188,2.88,9.575430991549977,0.42845442851207205,0.23394875411476757,0,0,-1.0,0.3472222222222222,5.5,draftkings
2021_13_PHI_NYJ,2021,13,ML_CORROBORATED_DISAGREEMENT,CORROB,8-12,home,188,2.88,9.575430991549977,0.42845442851207205,0.23394875411476757,0,0,-1.0,0.3472222222222222,5.5,draftkings
2021_13_PHI_NYJ,2021,13,ML_DOG_VALUE_ZONE,CORROB,ZONE,home,188,2.88,9.575430991549977,0.42845442851207205,0.23394875411476757,0,0,-1.0,0.3472222222222222,5.5,draftkings
2021_13_SF_SEA,2021,13,ML_QBELO_DISAGREEMENT,QB_ELO,8-12,home,125,2.25,8.553757451531386,0.5079877857404195,0.1429725179159438,1,0,1.25,0.4444444444444444,-3.0,draftkings
2021_13_SF_SEA,2021,13,ML_XGB_DISAGREEMENT,XGB,4-8,home,125,2.25,7.357356292192807,0.4960237741470337,0.1160534918308258,1,0,1.25,0.4444444444444444,-3.0,draftkings
2021_13_SF_SEA,2021,13,ML_DOG_VALUE_ZONE,XGB,ZONE,home,125,2.25,7.357356292192807,0.4960237741470337,0.1160534918308258,1,0,1.25,0.4444444444444444,-3.0,draftkings
2021_13_SF_SEA,2021,13,ML_AVG_DISAGREEMENT,AVG,4-8,home,125,2.25,7.955556871862091,0.5020057799437265,0.12951300487338457,1,0,1.25,0.4444444444444444,-3.0,draftkings
2021_13_SF_SEA,2021,13,ML_CORROBORATED_DISAGREEMENT,CORROB,4-8,home,125,2.25,7.955556871862091,0.5020057799437265,0.12951300487338457,1,0,1.25,0.4444444444444444,-3.0,draftkings
2021_13_TB_ATL,2021,13,ML_QBELO_DISAGREEMENT,QB_ELO,8-12,home,390,4.9,11.009375964711325,0.313737328363058,0.5373129089789843,0,0,-1.0,0.2040816326530612,10.5,fanduel
2021_13_TB_ATL,2021,13,LONG_DOG_201+_CONTEXT,QB_ELO,LONG201+,home,390,4.9,11.009375964711325,0.313737328363058,0.5373129089789843,0,0,-1.0,0.2040816326530612,10.5,fanduel
2021_13_TB_ATL,2021,13,ML_XGB_DISAGREEMENT,XGB,12+,home,390,4.9,21.673407320033025,0.420377641916275,1.0598504453897477,0,0,-1.0,0.2040816326530612,10.5,fanduel
2021_13_TB_ATL,2021,13,LONG_DOG_201+_CONTEXT,XGB,LONG201+,home,390,4.9,21.673407320033025,0.420377641916275,1.0598504453897477,0,0,-1.0,0.2040816326530612,10.5,fanduel
2021_13_TB_ATL,2021,13,ML_AVG_DISAGREEMENT,AVG,12+,home,390,4.9,16.341391642372173,0.3670574851396665,0.7985816771843661,0,0,-1.0,0.2040816326530612,10.5,fanduel
2021_13_TB_ATL,2021,13,LONG_DOG_201+_CONTEXT,AVG,LONG201+,home,390,4.9,16.341391642372173,0.3670574851396665,0.7985816771843661,0,0,-1.0,0.2040816326530612,10.5,fanduel
2021_13_TB_ATL,2021,13,ML_CORROBORATED_DISAGREEMENT,CORROB,12+,home,390,4.9,16.341391642372173,0.3670574851396665,0.7985816771843661,0,0,-1.0,0.2040816326530612,10.5,fanduel
2021_13_WAS_LV,2021,13,ML_QBELO_DISAGREEMENT,QB_ELO,2-4,home,-123,1.8130081300813008,3.2857758092730616,0.5777472885470392,0.04746053126820926,0,0,-1.0,0.5515695067264574,2.0,draftkings
2021_13_WAS_LV,2021,13,ML_XGB_DISAGREEMENT,XGB,0-2,away,110,2.1,1.8700918470055505,0.47381138801574707,-0.0049960851669310635,1,0,1.1,0.47619047619047616,2.0,draftkings
2021_13_WAS_LV,2021,13,ML_AVG_DISAGREEMENT,AVG,0-2,home,-123,1.8130081300813008,0.70784198113375,0.551967950265646,0.0007223813759273945,0,0,-1.0,0.5515695067264574,2.0,draftkings
2021_14_ATL_CAR,2021,14,ML_QBELO_DISAGREEMENT,QB_ELO,0-2,home,-139,1.7194244604316546,1.2113595811695577,0.5726148114466311,-0.015432086793202737,0,0,-1.0,0.5815899581589958,2.5,draftkings
2021_14_ATL_CAR,2021,14,ML_XGB_DISAGREEMENT,XGB,4-8,home,-139,1.7194244604316546,4.3865027250654105,0.6043662428855896,0.03916210107666118,0,0,-1.0,0.5815899581589958,2.5,draftkings
2021_14_ATL_CAR,2021,14,ML_AVG_DISAGREEMENT,AVG,2-4,home,-139,1.7194244604316546,2.7989311531174788,0.5884905271661103,0.011865007141729222,0,0,-1.0,0.5815899581589958,2.5,draftkings
2021_14_ATL_CAR,2021,14,ML_CORROBORATED_DISAGREEMENT,CORROB,2-4,home,-139,1.7194244604316546,2.7989311531174788,0.5884905271661103,0.011865007141729222,0,0,-1.0,0.5815899581589958,2.5,draftkings
2021_14_BAL_CLE,2021,14,ML_QBELO_DISAGREEMENT,QB_ELO,12+,away,125,2.25,12.887632948334977,0.5489157825817784,0.23506051080900137,0,0,-1.0,0.4444444444444444,3.0,draftkings
2021_14_BAL_CLE,2021,14,ML_XGB_DISAGREEMENT,XGB,4-8,away,125,2.25,6.962593596254546,0.4896653890609741,0.10174712538719177,0,0,-1.0,0.4444444444444444,3.0,draftkings
2021_14_BAL_CLE,2021,14,ML_DOG_VALUE_ZONE,XGB,ZONE,away,125,2.25,6.962593596254546,0.4896653890609741,0.10174712538719177,0,0,-1.0,0.4444444444444444,3.0,draftkings
2021_14_BAL_CLE,2021,14,ML_AVG_DISAGREEMENT,AVG,8-12,away,125,2.25,9.925113272294766,0.5192905858213763,0.16840381809809668,0,0,-1.0,0.4444444444444444,3.0,draftkings
2021_14_BAL_CLE,2021,14,ML_CORROBORATED_DISAGREEMENT,CORROB,8-12,away,125,2.25,9.925113272294766,0.5192905858213763,0.16840381809809668,0,0,-1.0,0.4444444444444444,3.0,draftkings
2021_14_BUF_TB,2021,14,ML_QBELO_DISAGREEMENT,QB_ELO,4-8,away,160,2.6,4.0964605651079395,0.41486401464878775,0.07864643808684812,0,0,-1.0,0.3846153846153846,3.5,fanduel
2021_14_BUF_TB,2021,14,ML_DOG_VALUE_ZONE,QB_ELO,ZONE,away,160,2.6,4.0964605651079395,0.41486401464878775,0.07864643808684812,0,0,-1.0,0.3846153846153846,3.5,fanduel
2021_14_BUF_TB,2021,14,ML_XGB_DISAGREEMENT,XGB,4-8,away,160,2.6,5.198299008447549,0.42588239908218384,0.10729423761367807,0,0,-1.0,0.3846153846153846,3.5,fanduel
2021_14_BUF_TB,2021,14,ML_DOG_VALUE_ZONE,XGB,ZONE,away,160,2.6,5.198299008447549,0.42588239908218384,0.10729423761367807,0,0,-1.0,0.3846153846153846,3.5,fanduel
2021_14_BUF_TB,2021,14,ML_AVG_DISAGREEMENT,AVG,4-8,away,160,2.6,4.647379786777739,0.42037320686548574,0.09297033785026287,0,0,-1.0,0.3846153846153846,3.5,fanduel
2021_14_BUF_TB,2021,14,ML_DOG_VALUE_ZONE,AVG,ZONE,away,160,2.6,4.647379786777739,0.42037320686548574,0.09297033785026287,0,0,-1.0,0.3846153846153846,3.5,fanduel
2021_14_BUF_TB,2021,14,ML_CORROBORATED_DISAGREEMENT,CORROB,4-8,away,160,2.6,4.647379786777739,0.42037320686548574,0.09297033785026287,0,0,-1.0,0.3846153846153846,3.5,fanduel
2021_14_BUF_TB,2021,14,ML_DOG_VALUE_ZONE,CORROB,ZONE,away,160,2.6,4.647379786777739,0.42037320686548574,0.09297033785026287,0,0,-1.0,0.3846153846153846,3.5,fanduel
2021_14_CHI_GB,2021,14,ML_QBELO_DISAGREEMENT,QB_ELO,0-2,home,-625,1.16,1.1756276703493662,0.8472172696112952,-0.017227967250897702,1,0,0.16,0.8620689655172414,11.5,draftkings
2021_14_CHI_GB,2021,14,ML_XGB_DISAGREEMENT,XGB,12+,away,460,5.6,15.130177364281728,0.31584078073501587,0.7687083721160888,0,0,-1.0,0.17857142857142858,11.5,draftkings
2021_14_CHI_GB,2021,14,LONG_DOG_201+_CONTEXT,XGB,LONG201+,away,460,5.6,15.130177364281728,0.31584078073501587,0.7687083721160888,0,0,-1.0,0.17857142857142858,11.5,draftkings
2021_14_CHI_GB,2021,14,ML_AVG_DISAGREEMENT,AVG,4-8,away,460,5.6,6.977274846966175,0.23431175556186035,0.3121458311464178,0,0,-1.0,0.17857142857142858,11.5,draftkings
2021_14_CHI_GB,2021,14,LONG_DOG_201+_CONTEXT,AVG,LONG201+,away,460,5.6,6.977274846966175,0.23431175556186035,0.3121458311464178,0,0,-1.0,0.17857142857142858,11.5,draftkings
2021_14_DAL_WAS,2021,14,ML_QBELO_DISAGREEMENT,QB_ELO,12+,home,235,3.35,19.025531716760142,0.4805652426285664,0.6098935628056976,0,0,-1.0,0.29850746268656714,6.5,draftkings
2021_14_DAL_WAS,2021,14,LONG_DOG_201+_CONTEXT,QB_ELO,LONG201+,home,235,3.35,19.025531716760142,0.4805652426285664,0.6098935628056976,0,0,-1.0,0.29850746268656714,6.5,draftkings
2021_14_DAL_WAS,2021,14,ML_XGB_DISAGREEMENT,XGB,8-12,home,235,3.35,8.876128039345089,0.3790712058544159,0.2698885396122932,0,0,-1.0,0.29850746268656714,6.5,draftkings
2021_14_DAL_WAS,2021,14,LONG_DOG_201+_CONTEXT,XGB,LONG201+,home,235,3.35,8.876128039345089,0.3790712058544159,0.2698885396122932,0,0,-1.0,0.29850746268656714,6.5,draftkings
2021_14_DAL_WAS,2021,14,ML_AVG_DISAGREEMENT,AVG,12+,home,235,3.35,13.950829878052618,0.4298182242414912,0.4398910512089955,0,0,-1.0,0.29850746268656714,6.5,draftkings
2021_14_DAL_WAS,2021,14,LONG_DOG_201+_CONTEXT,AVG,LONG201+,home,235,3.35,13.950829878052618,0.4298182242414912,0.4398910512089955,0,0,-1.0,0.29850746268656714,6.5,draftkings
2021_14_DAL_WAS,2021,14,ML_CORROBORATED_DISAGREEMENT,CORROB,12+,home,235,3.35,13.950829878052618,0.4298182242414912,0.4398910512089955,0,0,-1.0,0.29850746268656714,6.5,draftkings
2021_14_DET_DEN,2021,14,ML_QBELO_DISAGREEMENT,QB_ELO,4-8,away,460,5.6,5.914188162604292,0.22137964386380515,0.23972600563730873,0,0,-1.0,0.17857142857142858,12.5,fanduel
2021_14_DET_DEN,2021,14,LONG_DOG_201+_CONTEXT,QB_ELO,LONG201+,away,460,5.6,5.914188162604292,0.22137964386380515,0.23972600563730873,0,0,-1.0,0.17857142857142858,12.5,fanduel
2021_14_DET_DEN,2021,14,ML_XGB_DISAGREEMENT,XGB,8-12,away,460,5.6,11.42061364400637,0.2764438986778259,0.5480858325958251,0,0,-1.0,0.17857142857142858,12.5,fanduel
2021_14_DET_DEN,2021,14,LONG_DOG_201+_CONTEXT,XGB,LONG201+,away,460,5.6,11.42061364400637,0.2764438986778259,0.5480858325958251,0,0,-1.0,0.17857142857142858,12.5,fanduel
2021_14_DET_DEN,2021,14,ML_AVG_DISAGREEMENT,AVG,8-12,away,460,5.6,8.66740090330533,0.24891177127081554,0.393905919116567,0,0,-1.0,0.17857142857142858,12.5,fanduel
2021_14_DET_DEN,2021,14,LONG_DOG_201+_CONTEXT,AVG,LONG201+,away,460,5.6,8.66740090330533,0.24891177127081554,0.393905919116567,0,0,-1.0,0.17857142857142858,12.5,fanduel
2021_14_DET_DEN,2021,14,ML_CORROBORATED_DISAGREEMENT,CORROB,8-12,away,460,5.6,8.66740090330533,0.24891177127081554,0.393905919116567,0,0,-1.0,0.17857142857142858,12.5,fanduel
2021_14_JAX_TEN,2021,14,ML_QBELO_DISAGREEMENT,QB_ELO,8-12,home,-417,1.2398081534772183,11.080365453625241,0.8875893688219667,0.10044053640517214,1,0,0.239808,0.8065764023210832,9.0,draftkings
2021_14_JAX_TEN,2021,14,ML_XGB_DISAGREEMENT,XGB,4-8,away,340,4.4,4.873244251523695,0.2719467282295227,0.1965656042099,0,0,-1.0,0.22727272727272727,9.0,draftkings
2021_14_JAX_TEN,2021,14,LONG_DOG_201+_CONTEXT,XGB,LONG201+,away,340,4.4,4.873244251523695,0.2719467282295227,0.1965656042099,0,0,-1.0,0.22727272727272727,9.0,draftkings
2021_14_JAX_TEN,2021,14,ML_AVG_DISAGREEMENT,AVG,2-4,home,-417,1.2398081534772183,3.10356060105077,0.807821320296222,0.0015434594559875503,1,0,0.239808,0.8065764023210832,9.0,draftkings
2021_14_LA_ARI,2021,14,ML_QBELO_DISAGREEMENT,QB_ELO,4-8,home,-159,1.6289308176100628,4.897800745966352,0.64388907778057,0.04885076191929327,0,0,-1.0,0.613899613899614,3.0,draftkings
2021_14_LA_ARI,2021,14,ML_XGB_DISAGREEMENT,XGB,8-12,away,140,2.4,10.837409064561337,0.513463020324707,0.23231124877929688,1,0,1.4,0.4166666666666667,3.0,draftkings
2021_14_LA_ARI,2021,14,ML_AVG_DISAGREEMENT,AVG,2-4,away,140,2.4,2.969804159297479,0.43478697127206845,0.043488731052964136,1,0,1.4,0.4166666666666667,3.0,draftkings
2021_14_LA_ARI,2021,14,ML_DOG_VALUE_ZONE,AVG,ZONE,away,140,2.4,2.969804159297479,0.43478697127206845,0.043488731052964136,1,0,1.4,0.4166666666666667,3.0,draftkings
2021_14_LV_KC,2021,14,ML_QBELO_DISAGREEMENT,QB_ELO,2-4,home,-417,1.2398081534772183,2.575702335839858,0.8074735673021938,0.0011123124585952215,1,0,0.239808,0.8065764023210832,9.5,draftkings
2021_14_LV_KC,2021,14,ML_XGB_DISAGREEMENT,XGB,12+,away,330,4.3,17.134388139954467,0.3896273374557495,0.6753975510597228,0,0,-1.0,0.23255813953488372,9.5,draftkings
2021_14_LV_KC,2021,14,LONG_DOG_201+_CONTEXT,XGB,LONG201+,away,330,4.3,17.134388139954467,0.3896273374557495,0.6753975510597228,0,0,-1.0,0.23255813953488372,9.5,draftkings
2021_14_LV_KC,2021,14,ML_AVG_DISAGREEMENT,AVG,4-8,away,330,4.3,7.279342902057303,0.29107688507677787,0.25163060583014474,0,0,-1.0,0.23255813953488372,9.5,draftkings
2021_14_LV_KC,2021,14,LONG_DOG_201+_CONTEXT,AVG,LONG201+,away,330,4.3,7.279342902057303,0.29107688507677787,0.25163060583014474,0,0,-1.0,0.23255813953488372,9.5,draftkings
2021_14_NO_NYJ,2021,14,ML_QBELO_DISAGREEMENT,QB_ELO,4-8,away,-233,1.4291845493562232,4.113229907417515,0.7206287331110763,0.02991145118449956,1,0,0.429185,0.6996996996996997,5.5,draftkings
2021_14_NO_NYJ,2021,14,ML_XGB_DISAGREEMENT,XGB,4-8,home,198,2.98,6.148534685771728,0.38198891282081604,0.13832696020603175,0,0,-1.0,0.33557046979865773,5.5,draftkings
2021_14_NO_NYJ,2021,14,ML_AVG_DISAGREEMENT,AVG,0-2,home,198,2.98,1.0176523891771094,0.33068008985486985,-0.014573332232487801,0,0,-1.0,0.33557046979865773,5.5,draftkings
2021_14_NYG_LAC,2021,14,ML_QBELO_DISAGREEMENT,QB_ELO,4-8,away,330,4.3,7.3259684188082765,0.30315018994719545,0.30354581677294035,0,0,-1.0,0.23255813953488372,9.0,draftkings
2021_14_NYG_LAC,2021,14,LONG_DOG_201+_CONTEXT,QB_ELO,LONG201+,away,330,4.3,7.3259684188082765,0.30315018994719545,0.30354581677294035,0,0,-1.0,0.23255813953488372,9.0,draftkings
2021_14_NYG_LAC,2021,14,ML_XGB_DISAGREEMENT,XGB,4-8,away,330,4.3,7.239623835862413,0.3022867441177368,0.2998329997062683,0,0,-1.0,0.23255813953488372,9.0,draftkings
2021_14_NYG_LAC,2021,14,LONG_DOG_201+_CONTEXT,XGB,LONG201+,away,330,4.3,7.239623835862413,0.3022867441177368,0.2998329997062683,0,0,-1.0,0.23255813953488372,9.0,draftkings
2021_14_NYG_LAC,2021,14,ML_AVG_DISAGREEMENT,AVG,4-8,away,330,4.3,7.282796127335339,0.3027184670324661,0.301689408239604,0,0,-1.0,0.23255813953488372,9.0,draftkings
2021_14_NYG_LAC,2021,14,LONG_DOG_201+_CONTEXT,AVG,LONG201+,away,330,4.3,7.282796127335339,0.3027184670324661,0.301689408239604,0,0,-1.0,0.23255813953488372,9.0,draftkings
2021_14_NYG_LAC,2021,14,ML_CORROBORATED_DISAGREEMENT,CORROB,4-8,away,330,4.3,7.282796127335339,0.3027184670324661,0.301689408239604,0,0,-1.0,0.23255813953488372,9.0,draftkings
2021_14_PIT_MIN,2021,14,ML_QBELO_DISAGREEMENT,QB_ELO,8-12,away,152,2.52,10.161112271871314,0.4723418039692062,0.19030134600239967,0,0,-1.0,0.3968253968253968,3.5,fanduel
2021_14_PIT_MIN,2021,14,ML_DOG_VALUE_ZONE,QB_ELO,ZONE,away,152,2.52,10.161112271871314,0.4723418039692062,0.19030134600239967,0,0,-1.0,0.3968253968253968,3.5,fanduel
2021_14_PIT_MIN,2021,14,ML_XGB_DISAGREEMENT,XGB,0-2,away,152,2.52,0.7945971657832118,0.3786766529083252,-0.04573483467102046,0,0,-1.0,0.3968253968253968,3.5,fanduel
2021_14_PIT_MIN,2021,14,ML_AVG_DISAGREEMENT,AVG,4-8,away,152,2.52,5.477854718827263,0.4255092284387657,0.0722832556656896,0,0,-1.0,0.3968253968253968,3.5,fanduel
2021_14_PIT_MIN,2021,14,ML_DOG_VALUE_ZONE,AVG,ZONE,away,152,2.52,5.477854718827263,0.4255092284387657,0.0722832556656896,0,0,-1.0,0.3968253968253968,3.5,fanduel
2021_14_PIT_MIN,2021,14,ML_CORROBORATED_DISAGREEMENT,CORROB,4-8,away,152,2.52,5.477854718827263,0.4255092284387657,0.0722832556656896,0,0,-1.0,0.3968253968253968,3.5,fanduel
2021_14_PIT_MIN,2021,14,ML_DOG_VALUE_ZONE,CORROB,ZONE,away,152,2.52,5.477854718827263,0.4255092284387657,0.0722832556656896,0,0,-1.0,0.3968253968253968,3.5,fanduel
2021_14_SEA_HOU,2021,14,ML_QBELO_DISAGREEMENT,QB_ELO,8-12,home,340,4.4,9.429705475607802,0.32169765490611557,0.41546968158690856,0,0,-1.0,0.22727272727272727,9.0,draftkings
2021_14_SEA_HOU,2021,14,LONG_DOG_201+_CONTEXT,QB_ELO,LONG201+,home,340,4.4,9.429705475607802,0.32169765490611557,0.41546968158690856,0,0,-1.0,0.22727272727272727,9.0,draftkings
2021_14_SEA_HOU,2021,14,ML_XGB_DISAGREEMENT,XGB,12+,home,340,4.4,19.67170544119589,0.42411765456199646,0.8661176800727846,0,0,-1.0,0.22727272727272727,9.0,draftkings
2021_14_SEA_HOU,2021,14,LONG_DOG_201+_CONTEXT,XGB,LONG201+,home,340,4.4,19.67170544119589,0.42411765456199646,0.8661176800727846,0,0,-1.0,0.22727272727272727,9.0,draftkings
2021_14_SEA_HOU,2021,14,ML_AVG_DISAGREEMENT,AVG,12+,home,340,4.4,14.550705458401847,0.372907654734056,0.6407936808298467,0,0,-1.0,0.22727272727272727,9.0,draftkings
2021_14_SEA_HOU,2021,14,LONG_DOG_201+_CONTEXT,AVG,LONG201+,home,340,4.4,14.550705458401847,0.372907654734056,0.6407936808298467,0,0,-1.0,0.22727272727272727,9.0,draftkings
2021_14_SEA_HOU,2021,14,ML_CORROBORATED_DISAGREEMENT,CORROB,12+,home,340,4.4,14.550705458401847,0.372907654734056,0.6407936808298467,0,0,-1.0,0.22727272727272727,9.0,draftkings
2021_14_SF_CIN,2021,14,ML_QBELO_DISAGREEMENT,QB_ELO,8-12,home,116,2.16,9.163111682845603,0.54243782356683,0.17166569890435301,0,0,-1.0,0.4629629629629629,2.5,draftkings
2021_14_SF_CIN,2021,14,ML_XGB_DISAGREEMENT,XGB,8-12,home,116,2.16,10.770598094473149,0.5585126876831055,0.20638740539550793,0,0,-1.0,0.4629629629629629,2.5,draftkings
2021_14_SF_CIN,2021,14,ML_AVG_DISAGREEMENT,AVG,8-12,home,116,2.16,9.966854888659372,0.5504752556249677,0.18902655214993036,0,0,-1.0,0.4629629629629629,2.5,draftkings
2021_14_SF_CIN,2021,14,ML_CORROBORATED_DISAGREEMENT,CORROB,8-12,home,116,2.16,9.966854888659372,0.5504752556249677,0.18902655214993036,0,0,-1.0,0.4629629629629629,2.5,draftkings
2021_15_ARI_DET,2021,15,ML_QBELO_DISAGREEMENT,QB_ELO,2-4,home,530,6.3,3.4913005135432633,0.1853150627242696,0.16748489516289844,1,0,5.3,0.15873015873015872,13.0,fanduel
2021_15_ARI_DET,2021,15,LONG_DOG_201+_CONTEXT,QB_ELO,LONG201+,home,530,6.3,3.4913005135432633,0.1853150627242696,0.16748489516289844,1,0,5.3,0.15873015873015872,13.0,fanduel
2021_15_ARI_DET,2021,15,ML_XGB_DISAGREEMENT,XGB,4-8,home,530,6.3,5.014970558808107,0.20055176317691803,0.26347610801458354,1,0,5.3,0.15873015873015872,13.0,fanduel
2021_15_ARI_DET,2021,15,LONG_DOG_201+_CONTEXT,XGB,LONG201+,home,530,6.3,5.014970558808107,0.20055176317691803,0.26347610801458354,1,0,5.3,0.15873015873015872,13.0,fanduel
2021_15_ARI_DET,2021,15,ML_AVG_DISAGREEMENT,AVG,4-8,home,530,6.3,4.253135536175684,0.1929334129505938,0.21548050158874088,1,0,5.3,0.15873015873015872,13.0,fanduel
2021_15_ARI_DET,2021,15,LONG_DOG_201+_CONTEXT,AVG,LONG201+,home,530,6.3,4.253135536175684,0.1929334129505938,0.21548050158874088,1,0,5.3,0.15873015873015872,13.0,fanduel
2021_15_ARI_DET,2021,15,ML_CORROBORATED_DISAGREEMENT,CORROB,4-8,home,530,6.3,4.253135536175684,0.1929334129505938,0.21548050158874088,1,0,5.3,0.15873015873015872,13.0,fanduel
2021_15_ATL_SF,2021,15,ML_QBELO_DISAGREEMENT,QB_ELO,8-12,away,320,4.2,8.996628073331294,0.3211222991304724,0.34871365634798424,0,0,-1.0,0.23809523809523808,9.0,draftkings
2021_15_ATL_SF,2021,15,LONG_DOG_201+_CONTEXT,QB_ELO,LONG201+,away,320,4.2,8.996628073331294,0.3211222991304724,0.34871365634798424,0,0,-1.0,0.23809523809523808,9.0,draftkings
2021_15_ATL_SF,2021,15,ML_XGB_DISAGREEMENT,XGB,4-8,home,-400,1.25,7.195982041055659,0.8408038020133972,0.05100475251674652,1,0,0.25,0.8,9.0,draftkings
2021_15_ATL_SF,2021,15,ML_AVG_DISAGREEMENT,AVG,0-2,away,320,4.2,0.9003230161378079,0.24015924855853754,0.008668843945857763,0,0,-1.0,0.23809523809523808,9.0,draftkings
2021_15_ATL_SF,2021,15,LONG_DOG_201+_CONTEXT,AVG,LONG201+,away,320,4.2,0.9003230161378079,0.24015924855853754,0.008668843945857763,0,0,-1.0,0.23809523809523808,9.0,draftkings
2021_15_CAR_BUF,2021,15,ML_QBELO_DISAGREEMENT,QB_ELO,2-4,away,550,6.5,2.7237083614712168,0.18221506946665667,0.18439795153326832,0,0,-1.0,0.15384615384615385,14.5,fanduel
2021_15_CAR_BUF,2021,15,LONG_DOG_201+_CONTEXT,QB_ELO,LONG201+,away,550,6.5,2.7237083614712168,0.18221506946665667,0.18439795153326832,0,0,-1.0,0.15384615384615385,14.5,fanduel
2021_15_CAR_BUF,2021,15,ML_XGB_DISAGREEMENT,XGB,12+,away,550,6.5,14.863233900767463,0.30361032485961914,0.9734671115875244,0,0,-1.0,0.15384615384615385,14.5,fanduel
2021_15_CAR_BUF,2021,15,LONG_DOG_201+_CONTEXT,XGB,LONG201+,away,550,6.5,14.863233900767463,0.30361032485961914,0.9734671115875244,0,0,-1.0,0.15384615384615385,14.5,fanduel
2021_15_CAR_BUF,2021,15,ML_AVG_DISAGREEMENT,AVG,8-12,away,550,6.5,8.79347113111934,0.2429126971631379,0.5789325315603964,0,0,-1.0,0.15384615384615385,14.5,fanduel
2021_15_CAR_BUF,2021,15,LONG_DOG_201+_CONTEXT,AVG,LONG201+,away,550,6.5,8.79347113111934,0.2429126971631379,0.5789325315603964,0,0,-1.0,0.15384615384615385,14.5,fanduel
2021_15_CAR_BUF,2021,15,ML_CORROBORATED_DISAGREEMENT,CORROB,8-12,away,550,6.5,8.79347113111934,0.2429126971631379,0.5789325315603964,0,0,-1.0,0.15384615384615385,14.5,fanduel
2021_15_CIN_DEN,2021,15,ML_QBELO_DISAGREEMENT,QB_ELO,2-4,away,134,2.34,2.7713027189635975,0.43180445287469726,0.010422419726791476,1,0,1.34,0.4273504273504274,-3.0,draftkings
2021_15_CIN_DEN,2021,15,ML_DOG_VALUE_ZONE,QB_ELO,ZONE,away,134,2.34,2.7713027189635975,0.43180445287469726,0.010422419726791476,1,0,1.34,0.4273504273504274,-3.0,draftkings
2021_15_CIN_DEN,2021,15,ML_XGB_DISAGREEMENT,XGB,12+,away,134,2.34,19.47961668690311,0.5988875925540924,0.4013969665765762,1,0,1.34,0.4273504273504274,-3.0,draftkings
2021_15_CIN_DEN,2021,15,ML_AVG_DISAGREEMENT,AVG,8-12,away,134,2.34,11.12545970293336,0.5153460227143949,0.20590969315168395,1,0,1.34,0.4273504273504274,-3.0,draftkings
2021_15_CIN_DEN,2021,15,ML_CORROBORATED_DISAGREEMENT,CORROB,8-12,away,134,2.34,11.12545970293336,0.5153460227143949,0.20590969315168395,1,0,1.34,0.4273504273504274,-3.0,draftkings
2021_15_DAL_NYG,2021,15,ML_QBELO_DISAGREEMENT,QB_ELO,12+,home,440,5.4,16.432638745766113,0.3508613076290587,0.8946510611969172,0,0,-1.0,0.18518518518518517,11.5,draftkings
2021_15_DAL_NYG,2021,15,LONG_DOG_201+_CONTEXT,QB_ELO,LONG201+,home,440,5.4,16.432638745766113,0.3508613076290587,0.8946510611969172,0,0,-1.0,0.18518518518518517,11.5,draftkings
2021_15_DAL_NYG,2021,15,ML_XGB_DISAGREEMENT,XGB,8-12,home,440,5.4,9.860961751590406,0.28514453768730164,0.5397805035114289,0,0,-1.0,0.18518518518518517,11.5,draftkings
2021_15_DAL_NYG,2021,15,LONG_DOG_201+_CONTEXT,XGB,LONG201+,home,440,5.4,9.860961751590406,0.28514453768730164,0.5397805035114289,0,0,-1.0,0.18518518518518517,11.5,draftkings
2021_15_DAL_NYG,2021,15,ML_AVG_DISAGREEMENT,AVG,12+,home,440,5.4,13.146800248678261,0.3180029226581802,0.7172157823541732,0,0,-1.0,0.18518518518518517,11.5,draftkings
2021_15_DAL_NYG,2021,15,LONG_DOG_201+_CONTEXT,AVG,LONG201+,home,440,5.4,13.146800248678261,0.3180029226581802,0.7172157823541732,0,0,-1.0,0.18518518518518517,11.5,draftkings
2021_15_DAL_NYG,2021,15,ML_CORROBORATED_DISAGREEMENT,CORROB,12+,home,440,5.4,13.146800248678261,0.3180029226581802,0.7172157823541732,0,0,-1.0,0.18518518518518517,11.5,draftkings
2021_15_GB_BAL,2021,15,ML_QBELO_DISAGREEMENT,QB_ELO,12+,home,330,4.3,19.23007517375,0.42093952604510165,0.8100399619939371,0,0,-1.0,0.23255813953488372,9.5,fanduel
2021_15_GB_BAL,2021,15,LONG_DOG_201+_CONTEXT,QB_ELO,LONG201+,home,330,4.3,19.23007517375,0.42093952604510165,0.8100399619939371,0,0,-1.0,0.23255813953488372,9.5,fanduel
2021_15_GB_BAL,2021,15,ML_XGB_DISAGREEMENT,XGB,12+,home,330,4.3,23.486229166186547,0.46350106596946716,0.9930545836687088,0,0,-1.0,0.23255813953488372,9.5,fanduel
2021_15_GB_BAL,2021,15,LONG_DOG_201+_CONTEXT,XGB,LONG201+,home,330,4.3,23.486229166186547,0.46350106596946716,0.9930545836687088,0,0,-1.0,0.23255813953488372,9.5,fanduel
2021_15_GB_BAL,2021,15,ML_AVG_DISAGREEMENT,AVG,12+,home,330,4.3,21.35815216996827,0.4422202960072844,0.901547272831323,0,0,-1.0,0.23255813953488372,9.5,fanduel
2021_15_GB_BAL,2021,15,LONG_DOG_201+_CONTEXT,AVG,LONG201+,home,330,4.3,21.35815216996827,0.4422202960072844,0.901547272831323,0,0,-1.0,0.23255813953488372,9.5,fanduel
2021_15_GB_BAL,2021,15,ML_CORROBORATED_DISAGREEMENT,CORROB,12+,home,330,4.3,21.35815216996827,0.4422202960072844,0.901547272831323,0,0,-1.0,0.23255813953488372,9.5,fanduel
2021_15_HOU_JAX,2021,15,ML_QBELO_DISAGREEMENT,QB_ELO,12+,away,198,2.98,20.63060635074724,0.5204908562198725,0.55106275153522,1,0,1.98,0.33557046979865773,5.5,fanduel
2021_15_HOU_JAX,2021,15,ML_XGB_DISAGREEMENT,XGB,8-12,away,198,2.98,8.572202138595808,0.39990681409835815,0.19172230601310725,1,0,1.98,0.33557046979865773,5.5,fanduel
2021_15_HOU_JAX,2021,15,ML_AVG_DISAGREEMENT,AVG,12+,away,198,2.98,14.601404244671523,0.4601988351591153,0.3713925287741635,1,0,1.98,0.33557046979865773,5.5,fanduel
2021_15_HOU_JAX,2021,15,ML_DOG_VALUE_ZONE,AVG,ZONE,away,198,2.98,14.601404244671523,0.4601988351591153,0.3713925287741635,1,0,1.98,0.33557046979865773,5.5,fanduel
2021_15_HOU_JAX,2021,15,ML_CORROBORATED_DISAGREEMENT,CORROB,12+,away,198,2.98,14.601404244671523,0.4601988351591153,0.3713925287741635,1,0,1.98,0.33557046979865773,5.5,fanduel
2021_15_HOU_JAX,2021,15,ML_DOG_VALUE_ZONE,CORROB,ZONE,away,198,2.98,14.601404244671523,0.4601988351591153,0.3713925287741635,1,0,1.98,0.33557046979865773,5.5,fanduel
2021_15_KC_LAC,2021,15,ML_QBELO_DISAGREEMENT,QB_ELO,0-2,away,-164,1.6097560975609757,0.6676542004156905,0.622972671109224,0.002834055931921764,1,0,0.609756,0.6212121212121212,3.5,draftkings
2021_15_KC_LAC,2021,15,ML_XGB_DISAGREEMENT,XGB,8-12,home,145,2.45,9.19701324677228,0.47567400336265564,0.1654013082385064,0,0,-1.0,0.4081632653061224,3.5,draftkings
2021_15_KC_LAC,2021,15,ML_DOG_VALUE_ZONE,XGB,ZONE,home,145,2.45,9.19701324677228,0.47567400336265564,0.1654013082385064,0,0,-1.0,0.4081632653061224,3.5,draftkings
2021_15_KC_LAC,2021,15,ML_AVG_DISAGREEMENT,AVG,4-8,home,145,2.45,4.264679523178295,0.4263506661267158,0.044559132010453695,0,0,-1.0,0.4081632653061224,3.5,draftkings
2021_15_KC_LAC,2021,15,ML_DOG_VALUE_ZONE,AVG,ZONE,home,145,2.45,4.264679523178295,0.4263506661267158,0.044559132010453695,0,0,-1.0,0.4081632653061224,3.5,draftkings
2021_15_LV_CLE,2021,15,ML_QBELO_DISAGREEMENT,QB_ELO,12+,home,125,2.25,24.42352083548106,0.6677442835492791,0.5024246379858779,0,0,-1.0,0.4444444444444444,3.0,draftkings
2021_15_LV_CLE,2021,15,ML_XGB_DISAGREEMENT,XGB,12+,home,125,2.25,26.089958950890068,0.6844086647033691,0.5399194955825806,0,0,-1.0,0.4444444444444444,3.0,draftkings
2021_15_LV_CLE,2021,15,ML_AVG_DISAGREEMENT,AVG,12+,home,125,2.25,25.256739893185564,0.6760764741263241,0.5211720667842292,0,0,-1.0,0.4444444444444444,3.0,draftkings
2021_15_LV_CLE,2021,15,ML_CORROBORATED_DISAGREEMENT,CORROB,12+,home,125,2.25,25.256739893185564,0.6760764741263241,0.5211720667842292,0,0,-1.0,0.4444444444444444,3.0,draftkings
2021_15_MIN_CHI,2021,15,ML_QBELO_DISAGREEMENT,QB_ELO,12+,home,250,3.5,15.717170664655544,0.43291214671150147,0.5151925134902551,0,0,-1.0,0.2857142857142857,7.0,draftkings
2021_15_MIN_CHI,2021,15,LONG_DOG_201+_CONTEXT,QB_ELO,LONG201+,home,250,3.5,15.717170664655544,0.43291214671150147,0.5151925134902551,0,0,-1.0,0.2857142857142857,7.0,draftkings
2021_15_MIN_CHI,2021,15,ML_XGB_DISAGREEMENT,XGB,8-12,home,250,3.5,9.547618491025844,0.37121662497520447,0.29925818741321564,0,0,-1.0,0.2857142857142857,7.0,draftkings
2021_15_MIN_CHI,2021,15,LONG_DOG_201+_CONTEXT,XGB,LONG201+,home,250,3.5,9.547618491025844,0.37121662497520447,0.29925818741321564,0,0,-1.0,0.2857142857142857,7.0,draftkings
2021_15_MIN_CHI,2021,15,ML_AVG_DISAGREEMENT,AVG,12+,home,250,3.5,12.632394577840694,0.40206438584335297,0.40722535045173536,0,0,-1.0,0.2857142857142857,7.0,draftkings
2021_15_MIN_CHI,2021,15,LONG_DOG_201+_CONTEXT,AVG,LONG201+,home,250,3.5,12.632394577840694,0.40206438584335297,0.40722535045173536,0,0,-1.0,0.2857142857142857,7.0,draftkings
2021_15_MIN_CHI,2021,15,ML_CORROBORATED_DISAGREEMENT,CORROB,12+,home,250,3.5,12.632394577840694,0.40206438584335297,0.40722535045173536,0,0,-1.0,0.2857142857142857,7.0,draftkings
2021_15_NE_IND,2021,15,ML_QBELO_DISAGREEMENT,QB_ELO,0-2,away,108,2.08,0.30526458873899043,0.4736863896821163,-0.014732309461198079,0,0,-1.0,0.4807692307692307,1.5,draftkings
2021_15_NE_IND,2021,15,ML_XGB_DISAGREEMENT,XGB,8-12,away,108,2.08,11.595076462431047,0.5865845084190369,0.2200957775115968,0,0,-1.0,0.4807692307692307,1.5,draftkings
2021_15_NE_IND,2021,15,ML_AVG_DISAGREEMENT,AVG,4-8,away,108,2.08,5.950170525585014,0.5301354490505765,0.10268173402519931,0,0,-1.0,0.4807692307692307,1.5,draftkings
2021_15_NE_IND,2021,15,ML_CORROBORATED_DISAGREEMENT,CORROB,4-8,away,108,2.08,5.950170525585014,0.5301354490505765,0.10268173402519931,0,0,-1.0,0.4807692307692307,1.5,draftkings
2021_15_NO_TB,2021,15,ML_QBELO_DISAGREEMENT,QB_ELO,8-12,away,410,5.1,11.17889914158198,0.29459900917116977,0.5024549467729658,1,0,4.1,0.19607843137254904,11.5,fanduel
2021_15_NO_TB,2021,15,LONG_DOG_201+_CONTEXT,QB_ELO,LONG201+,away,410,5.1,11.17889914158198,0.29459900917116977,0.5024549467729658,1,0,4.1,0.19607843137254904,11.5,fanduel
2021_15_NO_TB,2021,15,ML_XGB_DISAGREEMENT,XGB,0-2,home,-526,1.1901140684410647,1.695055692466152,0.8341405391693115,-0.00727760927758736,0,0,-1.0,0.840255591054313,11.5,fanduel
2021_15_NO_TB,2021,15,ML_AVG_DISAGREEMENT,AVG,4-8,away,410,5.1,4.741921724557921,0.23022923500092918,0.17416909850473883,1,0,4.1,0.19607843137254904,11.5,fanduel
2021_15_NO_TB,2021,15,LONG_DOG_201+_CONTEXT,AVG,LONG201+,away,410,5.1,4.741921724557921,0.23022923500092918,0.17416909850473883,1,0,4.1,0.19607843137254904,11.5,fanduel
2021_15_NYJ_MIA,2021,15,ML_QBELO_DISAGREEMENT,QB_ELO,2-4,home,-455,1.2197802197802199,2.9249419824295964,0.8235453001823323,0.004544267255372381,1,0,0.21978,0.8198198198198198,10.5,draftkings
2021_15_NYJ_MIA,2021,15,ML_XGB_DISAGREEMENT,XGB,4-8,away,385,4.85,5.702135280829271,0.26272547245025635,0.27421854138374324,0,0,-1.0,0.2061855670103093,10.5,draftkings
2021_15_NYJ_MIA,2021,15,LONG_DOG_201+_CONTEXT,XGB,LONG201+,away,385,4.85,5.702135280829271,0.26272547245025635,0.27421854138374324,0,0,-1.0,0.2061855670103093,10.5,draftkings
2021_15_NYJ_MIA,2021,15,ML_AVG_DISAGREEMENT,AVG,0-2,away,385,4.85,1.3885966491998385,0.21959008613396203,0.06501191774971571,0,0,-1.0,0.2061855670103093,10.5,draftkings
2021_15_NYJ_MIA,2021,15,LONG_DOG_201+_CONTEXT,AVG,LONG201+,away,385,4.85,1.3885966491998385,0.21959008613396203,0.06501191774971571,0,0,-1.0,0.2061855670103093,10.5,draftkings
2021_15_SEA_LA,2021,15,ML_QBELO_DISAGREEMENT,QB_ELO,8-12,away,280,3.8,9.385100558785123,0.34143084313096905,0.29743720389768225,0,0,-1.0,0.2631578947368421,7.5,draftkings
2021_15_SEA_LA,2021,15,LONG_DOG_201+_CONTEXT,QB_ELO,LONG201+,away,280,3.8,9.385100558785123,0.34143084313096905,0.29743720389768225,0,0,-1.0,0.2631578947368421,7.5,draftkings
2021_15_SEA_LA,2021,15,ML_XGB_DISAGREEMENT,XGB,8-12,away,280,3.8,10.344097544516343,0.35102081298828125,0.3338790893554686,0,0,-1.0,0.2631578947368421,7.5,draftkings
2021_15_SEA_LA,2021,15,LONG_DOG_201+_CONTEXT,XGB,LONG201+,away,280,3.8,10.344097544516343,0.35102081298828125,0.3338790893554686,0,0,-1.0,0.2631578947368421,7.5,draftkings
2021_15_SEA_LA,2021,15,ML_AVG_DISAGREEMENT,AVG,8-12,away,280,3.8,9.864599051650726,0.3462258280596251,0.3156581466265753,0,0,-1.0,0.2631578947368421,7.5,draftkings
2021_15_SEA_LA,2021,15,LONG_DOG_201+_CONTEXT,AVG,LONG201+,away,280,3.8,9.864599051650726,0.3462258280596251,0.3156581466265753,0,0,-1.0,0.2631578947368421,7.5,draftkings
2021_15_SEA_LA,2021,15,ML_CORROBORATED_DISAGREEMENT,CORROB,8-12,away,280,3.8,9.864599051650726,0.3462258280596251,0.3156581466265753,0,0,-1.0,0.2631578947368421,7.5,draftkings
2021_15_TEN_PIT,2021,15,ML_QBELO_DISAGREEMENT,QB_ELO,4-8,away,-105,1.9523809523809523,6.301072950705594,0.5549343034409677,0.08344316386093698,0,0,-1.0,0.5121951219512195,1.0,draftkings
2021_15_TEN_PIT,2021,15,ML_XGB_DISAGREEMENT,XGB,8-12,away,-105,1.9523809523809523,9.854796198718502,0.5904715359210968,0.1528253796554746,0,0,-1.0,0.5121951219512195,1.0,draftkings
2021_15_TEN_PIT,2021,15,ML_AVG_DISAGREEMENT,AVG,8-12,away,-105,1.9523809523809523,8.077934574712048,0.5727029196810323,0.1181342717582059,0,0,-1.0,0.5121951219512195,1.0,draftkings
2021_15_TEN_PIT,2021,15,ML_CORROBORATED_DISAGREEMENT,CORROB,8-12,away,-105,1.9523809523809523,8.077934574712048,0.5727029196810323,0.1181342717582059,0,0,-1.0,0.5121951219512195,1.0,draftkings
2021_15_WAS_PHI,2021,15,ML_QBELO_DISAGREEMENT,QB_ELO,12+,away,320,4.2,18.295606998941626,0.40858783894248485,0.7160689235584365,0,0,-1.0,0.23809523809523808,9.5,fanduel
2021_15_WAS_PHI,2021,15,LONG_DOG_201+_CONTEXT,QB_ELO,LONG201+,away,320,4.2,18.295606998941626,0.40858783894248485,0.7160689235584365,0,0,-1.0,0.23809523809523808,9.5,fanduel
2021_15_WAS_PHI,2021,15,ML_XGB_DISAGREEMENT,XGB,0-2,home,-370,1.2702702702702702,0.03873064629866807,0.7747555375099182,-0.01585107397388774,1,0,0.27027,0.7872340425531915,9.5,fanduel
2021_15_WAS_PHI,2021,15,ML_AVG_DISAGREEMENT,AVG,8-12,away,320,4.2,9.12843817632147,0.3169161507162833,0.3310478330083899,0,0,-1.0,0.23809523809523808,9.5,fanduel
2021_15_WAS_PHI,2021,15,LONG_DOG_201+_CONTEXT,AVG,LONG201+,away,320,4.2,9.12843817632147,0.3169161507162833,0.3310478330083899,0,0,-1.0,0.23809523809523808,9.5,fanduel
2021_16_BAL_CIN,2021,16,ML_QBELO_DISAGREEMENT,QB_ELO,12+,away,280,3.8,28.10893844544704,0.5360352158251722,1.0369338201356544,0,0,-1.0,0.2631578947368421,7.0,draftkings
2021_16_BAL_CIN,2021,16,LONG_DOG_201+_CONTEXT,QB_ELO,LONG201+,away,280,3.8,28.10893844544704,0.5360352158251722,1.0369338201356544,0,0,-1.0,0.2631578947368421,7.0,draftkings
2021_16_BAL_CIN,2021,16,ML_XGB_DISAGREEMENT,XGB,4-8,away,280,3.8,5.214957706893442,0.30709540843963623,0.16696255207061772,0,0,-1.0,0.2631578947368421,7.0,draftkings
2021_16_BAL_CIN,2021,16,LONG_DOG_201+_CONTEXT,XGB,LONG201+,away,280,3.8,5.214957706893442,0.30709540843963623,0.16696255207061772,0,0,-1.0,0.2631578947368421,7.0,draftkings
2021_16_BAL_CIN,2021,16,ML_AVG_DISAGREEMENT,AVG,12+,away,280,3.8,16.66194807617024,0.4215653121324042,0.6019481861031359,0,0,-1.0,0.2631578947368421,7.0,draftkings
2021_16_BAL_CIN,2021,16,LONG_DOG_201+_CONTEXT,AVG,LONG201+,away,280,3.8,16.66194807617024,0.4215653121324042,0.6019481861031359,0,0,-1.0,0.2631578947368421,7.0,draftkings
2021_16_BAL_CIN,2021,16,ML_CORROBORATED_DISAGREEMENT,CORROB,12+,away,280,3.8,16.66194807617024,0.4215653121324042,0.6019481861031359,0,0,-1.0,0.2631578947368421,7.0,draftkings
2021_16_BUF_NE,2021,16,ML_QBELO_DISAGREEMENT,QB_ELO,0-2,home,-112,1.8928571428571428,1.3548501306695937,0.5318702803649474,0.006754459262221957,0,0,-1.0,0.5283018867924528,1.0,fanduel
2021_16_BUF_NE,2021,16,ML_XGB_DISAGREEMENT,XGB,8-12,home,-112,1.8928571428571428,9.619334669324386,0.6145151257514954,0.1631893451724733,0,0,-1.0,0.5283018867924528,1.0,fanduel
2021_16_BUF_NE,2021,16,ML_AVG_DISAGREEMENT,AVG,4-8,home,-112,1.8928571428571428,5.4870923999969845,0.5731927030582213,0.0849719022173474,0,0,-1.0,0.5283018867924528,1.0,fanduel
2021_16_BUF_NE,2021,16,ML_CORROBORATED_DISAGREEMENT,CORROB,4-8,home,-112,1.8928571428571428,5.4870923999969845,0.5731927030582213,0.0849719022173474,0,0,-1.0,0.5283018867924528,1.0,fanduel
2021_16_CHI_SEA,2021,16,ML_QBELO_DISAGREEMENT,QB_ELO,0-2,away,270,3.7,0.9533252563869277,0.27876890390704123,0.031444944456052504,1,0,2.7,0.27027027027027023,7.0,fanduel
2021_16_CHI_SEA,2021,16,LONG_DOG_201+_CONTEXT,QB_ELO,LONG201+,away,270,3.7,0.9533252563869277,0.27876890390704123,0.031444944456052504,1,0,2.7,0.27027027027027023,7.0,fanduel
2021_16_CHI_SEA,2021,16,ML_XGB_DISAGREEMENT,XGB,2-4,home,-303,1.33003300330033,2.8453628866975555,0.7592179775238037,0.009784966805587159,0,0,-1.0,0.7518610421836228,7.0,fanduel
2021_16_CHI_SEA,2021,16,ML_AVG_DISAGREEMENT,AVG,0-2,home,-303,1.33003300330033,0.9460188151553139,0.7402245368083813,-0.015476936192152957,0,0,-1.0,0.7518610421836228,7.0,fanduel
2021_16_CLE_GB,2021,16,ML_QBELO_DISAGREEMENT,QB_ELO,2-4,home,-370,1.2702702702702702,3.293152299478519,0.792314025837968,0.006452951740121282,1,0,0.27027,0.7872340425531915,7.5,draftkings
2021_16_CLE_GB,2021,16,ML_XGB_DISAGREEMENT,XGB,0-2,away,295,3.95,0.9880678464215392,0.2504981756210327,-0.010532206296920754,0,0,-1.0,0.2531645569620253,7.5,draftkings
2021_16_CLE_GB,2021,16,LONG_DOG_201+_CONTEXT,XGB,LONG201+,away,295,3.95,0.9880678464215392,0.2504981756210327,-0.010532206296920754,0,0,-1.0,0.2531645569620253,7.5,draftkings
2021_16_CLE_GB,2021,16,ML_AVG_DISAGREEMENT,AVG,0-2,home,-370,1.2702702702702702,1.1525422265284857,0.7709079251084676,-0.020738581618973684,1,0,0.27027,0.7872340425531915,7.5,draftkings
2021_16_DEN_LV,2021,16,ML_QBELO_DISAGREEMENT,QB_ELO,4-8,home,-105,1.9523809523809523,7.722711259623899,0.5749041243041,0.12243186173657605,1,0,0.952381,0.5121951219512195,-1.0,draftkings
2021_16_DEN_LV,2021,16,ML_XGB_DISAGREEMENT,XGB,12+,away,-108,1.925925925925926,18.91620292459316,0.6914850175380707,0.33174892266591405,0,0,-1.0,0.5192307692307692,-1.0,draftkings
2021_16_DEN_LV,2021,16,ML_AVG_DISAGREEMENT,AVG,4-8,away,-108,1.925925925925926,5.596745832484629,0.5582904466169853,0.07522604533641619,0,0,-1.0,0.5192307692307692,-1.0,draftkings
2021_16_DET_ATL,2021,16,ML_QBELO_DISAGREEMENT,QB_ELO,2-4,away,260,3.6,3.4306672320449483,0.29944258665323364,0.07799331195164116,0,0,-1.0,0.2777777777777778,7.0,draftkings
2021_16_DET_ATL,2021,16,LONG_DOG_201+_CONTEXT,QB_ELO,LONG201+,away,260,3.6,3.4306672320449483,0.29944258665323364,0.07799331195164116,0,0,-1.0,0.2777777777777778,7.0,draftkings
2021_16_DET_ATL,2021,16,ML_XGB_DISAGREEMENT,XGB,2-4,away,260,3.6,3.7150054924570575,0.30228596925735474,0.088229489326477,0,0,-1.0,0.2777777777777778,7.0,draftkings
2021_16_DET_ATL,2021,16,LONG_DOG_201+_CONTEXT,XGB,LONG201+,away,260,3.6,3.7150054924570575,0.30228596925735474,0.088229489326477,0,0,-1.0,0.2777777777777778,7.0,draftkings
2021_16_DET_ATL,2021,16,ML_AVG_DISAGREEMENT,AVG,2-4,away,260,3.6,3.5728363622509973,0.30086427795529413,0.08311140063905897,0,0,-1.0,0.2777777777777778,7.0,draftkings
2021_16_DET_ATL,2021,16,LONG_DOG_201+_CONTEXT,AVG,LONG201+,away,260,3.6,3.5728363622509973,0.30086427795529413,0.08311140063905897,0,0,-1.0,0.2777777777777778,7.0,draftkings
2021_16_DET_ATL,2021,16,ML_CORROBORATED_DISAGREEMENT,CORROB,2-4,away,260,3.6,3.5728363622509973,0.30086427795529413,0.08311140063905897,0,0,-1.0,0.2777777777777778,7.0,draftkings
2021_16_IND_ARI,2021,16,ML_QBELO_DISAGREEMENT,QB_ELO,8-12,away,135,2.35,9.106211467178232,0.5047193700887226,0.1860905197084981,1,0,1.35,0.425531914893617,3.0,draftkings
2021_16_IND_ARI,2021,16,ML_XGB_DISAGREEMENT,XGB,12+,away,135,2.35,16.884743427651067,0.5825046896934509,0.36888602077960964,1,0,1.35,0.425531914893617,3.0,draftkings
2021_16_IND_ARI,2021,16,ML_AVG_DISAGREEMENT,AVG,12+,away,135,2.35,12.995477447414643,0.5436120298910867,0.27748827024405376,1,0,1.35,0.425531914893617,3.0,draftkings
2021_16_IND_ARI,2021,16,ML_CORROBORATED_DISAGREEMENT,CORROB,12+,away,135,2.35,12.995477447414643,0.5436120298910867,0.27748827024405376,1,0,1.35,0.425531914893617,3.0,draftkings
2021_16_JAX_NYJ,2021,16,ML_QBELO_DISAGREEMENT,QB_ELO,8-12,home,-130,1.7692307692307692,9.45193275651518,0.6481594691689689,0.146743676222022,1,0,0.769231,0.5652173913043479,-2.0,draftkings
2021_16_JAX_NYJ,2021,16,ML_XGB_DISAGREEMENT,XGB,2-4,home,-130,1.7692307692307692,3.3131644609104005,0.5867717862129211,0.03813469868439889,1,0,0.769231,0.5652173913043479,-2.0,draftkings
2021_16_JAX_NYJ,2021,16,ML_AVG_DISAGREEMENT,AVG,4-8,home,-130,1.7692307692307692,6.38254860871279,0.617465627690945,0.09243918745321045,1,0,0.769231,0.5652173913043479,-2.0,draftkings
2021_16_JAX_NYJ,2021,16,ML_CORROBORATED_DISAGREEMENT,CORROB,4-8,home,-130,1.7692307692307692,6.38254860871279,0.617465627690945,0.09243918745321045,1,0,0.769231,0.5652173913043479,-2.0,draftkings
2021_16_LAC_HOU,2021,16,ML_QBELO_DISAGREEMENT,QB_ELO,12+,home,460,5.6,16.206260673931695,0.32660161383151554,0.8289690374564869,1,0,4.6,0.17857142857142858,12.5,fanduel
2021_16_LAC_HOU,2021,16,LONG_DOG_201+_CONTEXT,QB_ELO,LONG201+,home,460,5.6,16.206260673931695,0.32660161383151554,0.8289690374564869,1,0,4.6,0.17857142857142858,12.5,fanduel
2021_16_LAC_HOU,2021,16,ML_XGB_DISAGREEMENT,XGB,12+,home,460,5.6,14.565479979447439,0.310193806886673,0.7370853185653685,1,0,4.6,0.17857142857142858,12.5,fanduel
2021_16_LAC_HOU,2021,16,LONG_DOG_201+_CONTEXT,XGB,LONG201+,home,460,5.6,14.565479979447439,0.310193806886673,0.7370853185653685,1,0,4.6,0.17857142857142858,12.5,fanduel
2021_16_LAC_HOU,2021,16,ML_AVG_DISAGREEMENT,AVG,12+,home,460,5.6,15.385870326689567,0.31839771035909425,0.7830271780109277,1,0,4.6,0.17857142857142858,12.5,fanduel
2021_16_LAC_HOU,2021,16,LONG_DOG_201+_CONTEXT,AVG,LONG201+,home,460,5.6,15.385870326689567,0.31839771035909425,0.7830271780109277,1,0,4.6,0.17857142857142858,12.5,fanduel
2021_16_LAC_HOU,2021,16,ML_CORROBORATED_DISAGREEMENT,CORROB,12+,home,460,5.6,15.385870326689567,0.31839771035909425,0.7830271780109277,1,0,4.6,0.17857142857142858,12.5,fanduel
2021_16_LA_MIN,2021,16,ML_QBELO_DISAGREEMENT,QB_ELO,4-8,home,152,2.52,6.0643762789478135,0.45521541341421656,0.14714284180382564,0,0,-1.0,0.3968253968253968,3.0,draftkings
2021_16_LA_MIN,2021,16,ML_DOG_VALUE_ZONE,QB_ELO,ZONE,home,152,2.52,6.0643762789478135,0.45521541341421656,0.14714284180382564,0,0,-1.0,0.3968253968253968,3.0,draftkings
2021_16_LA_MIN,2021,16,ML_XGB_DISAGREEMENT,XGB,4-8,away,-169,1.5917159763313609,7.005893051670631,0.6754872798919678,0.07518389521265867,1,0,0.591716,0.6282527881040892,3.0,draftkings
2021_16_LA_MIN,2021,16,ML_AVG_DISAGREEMENT,AVG,0-2,away,-169,1.5917159763313609,0.470758386361414,0.6101359332388756,-0.028836887329837135,1,0,0.591716,0.6282527881040892,3.0,draftkings
2021_16_MIA_NO,2021,16,ML_QBELO_DISAGREEMENT,QB_ELO,12+,home,155,2.55,24.354318168200596,0.6345629084075451,0.6181354164392401,0,0,-1.0,0.3921568627450981,3.5,draftkings
2021_16_MIA_NO,2021,16,ML_XGB_DISAGREEMENT,XGB,8-12,home,155,2.55,9.620667007354832,0.4872263967990875,0.2424273118376732,0,0,-1.0,0.3921568627450981,3.5,draftkings
2021_16_MIA_NO,2021,16,ML_DOG_VALUE_ZONE,XGB,ZONE,home,155,2.55,9.620667007354832,0.4872263967990875,0.2424273118376732,0,0,-1.0,0.3921568627450981,3.5,draftkings
2021_16_MIA_NO,2021,16,ML_AVG_DISAGREEMENT,AVG,12+,home,155,2.55,16.98749258777771,0.5608946526033163,0.4302813641384564,0,0,-1.0,0.3921568627450981,3.5,draftkings
2021_16_MIA_NO,2021,16,ML_CORROBORATED_DISAGREEMENT,CORROB,12+,home,155,2.55,16.98749258777771,0.5608946526033163,0.4302813641384564,0,0,-1.0,0.3921568627450981,3.5,draftkings
2021_16_NYG_PHI,2021,16,ML_QBELO_DISAGREEMENT,QB_ELO,8-12,away,430,5.3,11.37341052293822,0.2963784388003017,0.5708057256415988,0,0,-1.0,0.18867924528301888,11.5,draftkings
2021_16_NYG_PHI,2021,16,LONG_DOG_201+_CONTEXT,QB_ELO,LONG201+,away,430,5.3,11.37341052293822,0.2963784388003017,0.5708057256415988,0,0,-1.0,0.18867924528301888,11.5,draftkings
2021_16_NYG_PHI,2021,16,ML_XGB_DISAGREEMENT,XGB,4-8,away,430,5.3,5.217996624139742,0.2348242998123169,0.24456878900527945,0,0,-1.0,0.18867924528301888,11.5,draftkings
2021_16_NYG_PHI,2021,16,LONG_DOG_201+_CONTEXT,XGB,LONG201+,away,430,5.3,5.217996624139742,0.2348242998123169,0.24456878900527945,0,0,-1.0,0.18867924528301888,11.5,draftkings
2021_16_NYG_PHI,2021,16,ML_AVG_DISAGREEMENT,AVG,8-12,away,430,5.3,8.295703573538981,0.2656013693063093,0.40768725732343913,0,0,-1.0,0.18867924528301888,11.5,draftkings
2021_16_NYG_PHI,2021,16,LONG_DOG_201+_CONTEXT,AVG,LONG201+,away,430,5.3,8.295703573538981,0.2656013693063093,0.40768725732343913,0,0,-1.0,0.18867924528301888,11.5,draftkings
2021_16_NYG_PHI,2021,16,ML_CORROBORATED_DISAGREEMENT,CORROB,8-12,away,430,5.3,8.295703573538981,0.2656013693063093,0.40768725732343913,0,0,-1.0,0.18867924528301888,11.5,draftkings
2021_16_PIT_KC,2021,16,ML_QBELO_DISAGREEMENT,QB_ELO,2-4,away,380,4.8,2.39211639201313,0.22459565317568464,0.07805913524328623,0,0,-1.0,0.20833333333333334,10.5,fanduel
2021_16_PIT_KC,2021,16,LONG_DOG_201+_CONTEXT,QB_ELO,LONG201+,away,380,4.8,2.39211639201313,0.22459565317568464,0.07805913524328623,0,0,-1.0,0.20833333333333334,10.5,fanduel
2021_16_PIT_KC,2021,16,ML_XGB_DISAGREEMENT,XGB,0-2,home,-455,1.2197802197802199,0.15463979202567923,0.8008719086647034,-0.023112287233163942,1,0,0.21978,0.8198198198198198,10.5,fanduel
2021_16_PIT_KC,2021,16,ML_AVG_DISAGREEMENT,AVG,0-2,away,380,4.8,1.118738299993724,0.21186187225549058,0.016936986826354694,0,0,-1.0,0.20833333333333334,10.5,fanduel
2021_16_PIT_KC,2021,16,LONG_DOG_201+_CONTEXT,AVG,LONG201+,away,380,4.8,1.118738299993724,0.21186187225549058,0.016936986826354694,0,0,-1.0,0.20833333333333334,10.5,fanduel
2021_16_SF_TEN,2021,16,ML_QBELO_DISAGREEMENT,QB_ELO,12+,home,155,2.55,23.12452351020111,0.5945296277005631,0.5160505506364357,1,0,1.55,0.3921568627450981,,
2021_16_SF_TEN,2021,16,ML_XGB_DISAGREEMENT,XGB,4-8,home,155,2.55,7.199506616266326,0.4352794587612152,0.10996261984109879,1,0,1.55,0.3921568627450981,,
2021_16_SF_TEN,2021,16,ML_DOG_VALUE_ZONE,XGB,ZONE,home,155,2.55,7.199506616266326,0.4352794587612152,0.10996261984109879,1,0,1.55,0.3921568627450981,,
2021_16_SF_TEN,2021,16,ML_AVG_DISAGREEMENT,AVG,12+,home,155,2.55,15.162015063233724,0.5149045432308892,0.31300658523876734,1,0,1.55,0.3921568627450981,,
2021_16_SF_TEN,2021,16,ML_CORROBORATED_DISAGREEMENT,CORROB,12+,home,155,2.55,15.162015063233724,0.5149045432308892,0.31300658523876734,1,0,1.55,0.3921568627450981,,
2021_16_TB_CAR,2021,16,ML_QBELO_DISAGREEMENT,QB_ELO,4-8,home,385,4.85,6.373875977057608,0.25791351705212945,0.2508805577028277,0,0,-1.0,0.2061855670103093,11.5,fanduel
2021_16_TB_CAR,2021,16,LONG_DOG_201+_CONTEXT,QB_ELO,LONG201+,home,385,4.85,6.373875977057608,0.25791351705212945,0.2508805577028277,0,0,-1.0,0.2061855670103093,11.5,fanduel
2021_16_TB_CAR,2021,16,ML_XGB_DISAGREEMENT,XGB,12+,home,385,4.85,13.342938753007688,0.32760414481163025,0.5888801023364065,0,0,-1.0,0.2061855670103093,11.5,fanduel
2021_16_TB_CAR,2021,16,LONG_DOG_201+_CONTEXT,XGB,LONG201+,home,385,4.85,13.342938753007688,0.32760414481163025,0.5888801023364065,0,0,-1.0,0.2061855670103093,11.5,fanduel
2021_16_TB_CAR,2021,16,ML_AVG_DISAGREEMENT,AVG,8-12,home,385,4.85,9.858407365032646,0.2927588309318798,0.419880330019617,0,0,-1.0,0.2061855670103093,11.5,fanduel
2021_16_TB_CAR,2021,16,LONG_DOG_201+_CONTEXT,AVG,LONG201+,home,385,4.85,9.858407365032646,0.2927588309318798,0.419880330019617,0,0,-1.0,0.2061855670103093,11.5,fanduel
2021_16_TB_CAR,2021,16,ML_CORROBORATED_DISAGREEMENT,CORROB,8-12,home,385,4.85,9.858407365032646,0.2927588309318798,0.419880330019617,0,0,-1.0,0.2061855670103093,11.5,fanduel
2021_16_WAS_DAL,2021,16,ML_QBELO_DISAGREEMENT,QB_ELO,2-4,away,340,4.4,3.219779176300483,0.24782379534147891,0.09042469950250731,0,0,-1.0,0.22727272727272727,9.5,draftkings
2021_16_WAS_DAL,2021,16,LONG_DOG_201+_CONTEXT,QB_ELO,LONG201+,away,340,4.4,3.219779176300483,0.24782379534147891,0.09042469950250731,0,0,-1.0,0.22727272727272727,9.5,draftkings
2021_16_WAS_DAL,2021,16,ML_XGB_DISAGREEMENT,XGB,4-8,away,340,4.4,7.096928136033817,0.28659528493881226,0.26101925373077406,0,0,-1.0,0.22727272727272727,9.5,draftkings
2021_16_WAS_DAL,2021,16,LONG_DOG_201+_CONTEXT,XGB,LONG201+,away,340,4.4,7.096928136033817,0.28659528493881226,0.26101925373077406,0,0,-1.0,0.22727272727272727,9.5,draftkings
2021_16_WAS_DAL,2021,16,ML_AVG_DISAGREEMENT,AVG,4-8,away,340,4.4,5.158353656167145,0.26720954014014553,0.17572197661664046,0,0,-1.0,0.22727272727272727,9.5,draftkings
2021_16_WAS_DAL,2021,16,LONG_DOG_201+_CONTEXT,AVG,LONG201+,away,340,4.4,5.158353656167145,0.26720954014014553,0.17572197661664046,0,0,-1.0,0.22727272727272727,9.5,draftkings
2021_16_WAS_DAL,2021,16,ML_CORROBORATED_DISAGREEMENT,CORROB,4-8,away,340,4.4,5.158353656167145,0.26720954014014553,0.17572197661664046,0,0,-1.0,0.22727272727272727,9.5,draftkings
2021_17_ARI_DAL,2021,17,ML_QBELO_DISAGREEMENT,QB_ELO,4-8,away,220,3.2,5.030910827906865,0.34775744404333886,0.11282382093868448,1,0,2.2,0.3125,-6.5,draftkings
2021_17_ARI_DAL,2021,17,LONG_DOG_201+_CONTEXT,QB_ELO,LONG201+,away,220,3.2,5.030910827906865,0.34775744404333886,0.11282382093868448,1,0,2.2,0.3125,-6.5,draftkings
2021_17_ARI_DAL,2021,17,ML_XGB_DISAGREEMENT,XGB,4-8,away,220,3.2,5.534297359241924,0.35279130935668945,0.1289321899414062,1,0,2.2,0.3125,-6.5,draftkings
2021_17_ARI_DAL,2021,17,LONG_DOG_201+_CONTEXT,XGB,LONG201+,away,220,3.2,5.534297359241924,0.35279130935668945,0.1289321899414062,1,0,2.2,0.3125,-6.5,draftkings
2021_17_ARI_DAL,2021,17,ML_AVG_DISAGREEMENT,AVG,4-8,away,220,3.2,5.2826040935743945,0.35027437670001416,0.12087800544004534,1,0,2.2,0.3125,-6.5,draftkings
2021_17_ARI_DAL,2021,17,LONG_DOG_201+_CONTEXT,AVG,LONG201+,away,220,3.2,5.2826040935743945,0.35027437670001416,0.12087800544004534,1,0,2.2,0.3125,-6.5,draftkings
2021_17_ARI_DAL,2021,17,ML_CORROBORATED_DISAGREEMENT,CORROB,4-8,away,220,3.2,5.2826040935743945,0.35027437670001416,0.12087800544004534,1,0,2.2,0.3125,-6.5,draftkings
2021_17_ATL_BUF,2021,17,ML_QBELO_DISAGREEMENT,QB_ELO,4-8,away,640,7.4,5.703229682879324,0.192139839826443,0.4218348147156783,0,0,-1.0,0.13513513513513511,14.5,fanduel
2021_17_ATL_BUF,2021,17,LONG_DOG_201+_CONTEXT,QB_ELO,LONG201+,away,640,7.4,5.703229682879324,0.192139839826443,0.4218348147156783,0,0,-1.0,0.13513513513513511,14.5,fanduel
2021_17_ATL_BUF,2021,17,ML_XGB_DISAGREEMENT,XGB,12+,away,640,7.4,15.801981496209756,0.2931273579597473,1.16914244890213,0,0,-1.0,0.13513513513513511,14.5,fanduel
2021_17_ATL_BUF,2021,17,LONG_DOG_201+_CONTEXT,XGB,LONG201+,away,640,7.4,15.801981496209756,0.2931273579597473,1.16914244890213,0,0,-1.0,0.13513513513513511,14.5,fanduel
2021_17_ATL_BUF,2021,17,ML_AVG_DISAGREEMENT,AVG,8-12,away,640,7.4,10.752605589544546,0.24263359889309521,0.7954886318089047,0,0,-1.0,0.13513513513513511,14.5,fanduel
2021_17_ATL_BUF,2021,17,LONG_DOG_201+_CONTEXT,AVG,LONG201+,away,640,7.4,10.752605589544546,0.24263359889309521,0.7954886318089047,0,0,-1.0,0.13513513513513511,14.5,fanduel
2021_17_ATL_BUF,2021,17,ML_CORROBORATED_DISAGREEMENT,CORROB,8-12,away,640,7.4,10.752605589544546,0.24263359889309521,0.7954886318089047,0,0,-1.0,0.13513513513513511,14.5,fanduel
2021_17_CAR_NO,2021,17,ML_QBELO_DISAGREEMENT,QB_ELO,4-8,home,-294,1.3401360544217686,6.817196579527041,0.7875589790844035,0.05543618285460883,1,0,0.340136,0.7461928934010152,6.5,draftkings
2021_17_CAR_NO,2021,17,ML_XGB_DISAGREEMENT,XGB,8-12,away,235,3.35,8.650608715693103,0.36711907386779785,0.2298488974571229,0,0,-1.0,0.29850746268656714,6.5,draftkings
2021_17_CAR_NO,2021,17,LONG_DOG_201+_CONTEXT,XGB,LONG201+,away,235,3.35,8.650608715693103,0.36711907386779785,0.2298488974571229,0,0,-1.0,0.29850746268656714,6.5,draftkings
2021_17_CAR_NO,2021,17,ML_AVG_DISAGREEMENT,AVG,0-2,away,235,3.35,0.9167060680830341,0.28978004739169716,-0.029236841237814448,0,0,-1.0,0.29850746268656714,6.5,draftkings
2021_17_CAR_NO,2021,17,LONG_DOG_201+_CONTEXT,AVG,LONG201+,away,235,3.35,0.9167060680830341,0.28978004739169716,-0.029236841237814448,0,0,-1.0,0.29850746268656714,6.5,draftkings
2021_17_CLE_PIT,2021,17,ML_QBELO_DISAGREEMENT,QB_ELO,2-4,home,-127,1.7874015748031495,2.727903864101333,0.5730233803687786,0.024222892470179058,1,0,0.787402,0.5594713656387665,2.5,draftkings
2021_17_CLE_PIT,2021,17,ML_XGB_DISAGREEMENT,XGB,0-2,away,125,2.25,1.0511916991742365,0.46476757526397705,0.045727044343948364,0,0,-1.0,0.4444444444444444,2.5,draftkings
2021_17_CLE_PIT,2021,17,ML_DOG_VALUE_ZONE,XGB,ZONE,away,125,2.25,1.0511916991742365,0.46476757526397705,0.045727044343948364,0,0,-1.0,0.4444444444444444,2.5,draftkings
2021_17_CLE_PIT,2021,17,ML_AVG_DISAGREEMENT,AVG,0-2,home,-127,1.7874015748031495,0.8383560824635539,0.5541279025524009,-0.009550914335472505,1,0,0.787402,0.5594713656387665,2.5,draftkings
2021_17_DEN_LAC,2021,17,ML_QBELO_DISAGREEMENT,QB_ELO,12+,away,300,4.0,12.698679057937683,0.3784276313523456,0.5137105254093823,0,0,-1.0,0.25,7.5,fanduel
2021_17_DEN_LAC,2021,17,LONG_DOG_201+_CONTEXT,QB_ELO,LONG201+,away,300,4.0,12.698679057937683,0.3784276313523456,0.5137105254093823,0,0,-1.0,0.25,7.5,fanduel
2021_17_DEN_LAC,2021,17,ML_XGB_DISAGREEMENT,XGB,12+,away,300,4.0,16.84319796043811,0.41987282037734985,0.6794912815093994,0,0,-1.0,0.25,7.5,fanduel
2021_17_DEN_LAC,2021,17,LONG_DOG_201+_CONTEXT,XGB,LONG201+,away,300,4.0,16.84319796043811,0.41987282037734985,0.6794912815093994,0,0,-1.0,0.25,7.5,fanduel
2021_17_DEN_LAC,2021,17,ML_AVG_DISAGREEMENT,AVG,12+,away,300,4.0,14.770938509187898,0.3991502258648477,0.5966009034593909,0,0,-1.0,0.25,7.5,fanduel
2021_17_DEN_LAC,2021,17,LONG_DOG_201+_CONTEXT,AVG,LONG201+,away,300,4.0,14.770938509187898,0.3991502258648477,0.5966009034593909,0,0,-1.0,0.25,7.5,fanduel
2021_17_DEN_LAC,2021,17,ML_CORROBORATED_DISAGREEMENT,CORROB,12+,away,300,4.0,14.770938509187898,0.3991502258648477,0.5966009034593909,0,0,-1.0,0.25,7.5,fanduel
2021_17_DET_SEA,2021,17,ML_QBELO_DISAGREEMENT,QB_ELO,0-2,home,-370,1.2702702702702702,1.9670549899182488,0.7889379143140255,0.0021643776421405025,1,0,0.27027,0.7872340425531915,8.5,draftkings
2021_17_DET_SEA,2021,17,ML_XGB_DISAGREEMENT,XGB,8-12,away,310,4.1,8.262471762529222,0.3133573532104492,0.2847651481628417,0,0,-1.0,0.24390243902439027,8.5,draftkings
2021_17_DET_SEA,2021,17,LONG_DOG_201+_CONTEXT,XGB,LONG201+,away,310,4.1,8.262471762529222,0.3133573532104492,0.2847651481628417,0,0,-1.0,0.24390243902439027,8.5,draftkings
2021_17_DET_SEA,2021,17,ML_AVG_DISAGREEMENT,AVG,2-4,away,310,4.1,3.147708386305481,0.2622097194482118,0.07505984973766822,0,0,-1.0,0.24390243902439027,8.5,draftkings
2021_17_DET_SEA,2021,17,LONG_DOG_201+_CONTEXT,AVG,LONG201+,away,310,4.1,3.147708386305481,0.2622097194482118,0.07505984973766822,0,0,-1.0,0.24390243902439027,8.5,draftkings
2021_17_HOU_SF,2021,17,ML_QBELO_DISAGREEMENT,QB_ELO,4-8,away,530,6.3,6.589180953476525,0.24078809197192463,0.5169649794231252,0,0,-1.0,0.15873015873015872,13.5,fanduel
2021_17_HOU_SF,2021,17,LONG_DOG_201+_CONTEXT,QB_ELO,LONG201+,away,530,6.3,6.589180953476525,0.24078809197192463,0.5169649794231252,0,0,-1.0,0.15873015873015872,13.5,fanduel
2021_17_HOU_SF,2021,17,ML_XGB_DISAGREEMENT,XGB,8-12,away,530,6.3,9.629889082639043,0.2711951732635498,0.7085295915603638,0,0,-1.0,0.15873015873015872,13.5,fanduel
2021_17_HOU_SF,2021,17,LONG_DOG_201+_CONTEXT,XGB,LONG201+,away,530,6.3,9.629889082639043,0.2711951732635498,0.7085295915603638,0,0,-1.0,0.15873015873015872,13.5,fanduel
2021_17_HOU_SF,2021,17,ML_AVG_DISAGREEMENT,AVG,8-12,away,530,6.3,8.109535018057779,0.25599163261773716,0.6127472854917442,0,0,-1.0,0.15873015873015872,13.5,fanduel
2021_17_HOU_SF,2021,17,LONG_DOG_201+_CONTEXT,AVG,LONG201+,away,530,6.3,8.109535018057779,0.25599163261773716,0.6127472854917442,0,0,-1.0,0.15873015873015872,13.5,fanduel
2021_17_HOU_SF,2021,17,ML_CORROBORATED_DISAGREEMENT,CORROB,8-12,away,530,6.3,8.109535018057779,0.25599163261773716,0.6127472854917442,0,0,-1.0,0.15873015873015872,13.5,fanduel
2021_17_JAX_NE,2021,17,ML_QBELO_DISAGREEMENT,QB_ELO,0-2,home,-1429,1.0699790062981105,0.4202001691693158,0.9003558478455393,-0.036638144607537004,1,0,0.069979,0.9345977763243951,17.5,fanduel
2021_17_JAX_NE,2021,17,ML_XGB_DISAGREEMENT,XGB,12+,away,870,9.7,18.237117804013764,0.2862173318862915,1.7763081192970276,0,0,-1.0,0.10309278350515465,17.5,fanduel
2021_17_JAX_NE,2021,17,LONG_DOG_201+_CONTEXT,XGB,LONG201+,away,870,9.7,18.237117804013764,0.2862173318862915,1.7763081192970276,0,0,-1.0,0.10309278350515465,17.5,fanduel
2021_17_JAX_NE,2021,17,ML_AVG_DISAGREEMENT,AVG,8-12,away,870,9.7,8.908458817422222,0.19293074202037608,0.8714281975976479,0,0,-1.0,0.10309278350515465,17.5,fanduel
2021_17_JAX_NE,2021,17,LONG_DOG_201+_CONTEXT,AVG,LONG201+,away,870,9.7,8.908458817422222,0.19293074202037608,0.8714281975976479,0,0,-1.0,0.10309278350515465,17.5,fanduel
2021_17_KC_CIN,2021,17,ML_QBELO_DISAGREEMENT,QB_ELO,4-8,away,-189,1.529100529100529,4.1072959474642845,0.669453118664986,0.023661117958629463,0,0,-1.0,0.6539792387543253,3.5,draftkings
2021_17_KC_CIN,2021,17,ML_XGB_DISAGREEMENT,XGB,4-8,home,162,2.62,4.49042118102772,0.4165240526199341,0.09129301786422728,1,0,1.62,0.38167938931297707,3.5,draftkings
2021_17_KC_CIN,2021,17,ML_DOG_VALUE_ZONE,XGB,ZONE,home,162,2.62,4.49042118102772,0.4165240526199341,0.09129301786422728,1,0,1.62,0.38167938931297707,3.5,draftkings
2021_17_KC_CIN,2021,17,ML_AVG_DISAGREEMENT,AVG,0-2,home,162,2.62,0.19156261678171527,0.37353546697747403,-0.02133707651901795,1,0,1.62,0.38167938931297707,3.5,draftkings
2021_17_LA_BAL,2021,17,ML_QBELO_DISAGREEMENT,QB_ELO,12+,home,260,3.6,17.186597121746157,0.43807087145523677,0.5770551372388524,0,0,-1.0,0.2777777777777778,7.0,draftkings
2021_17_LA_BAL,2021,17,LONG_DOG_201+_CONTEXT,QB_ELO,LONG201+,home,260,3.6,17.186597121746157,0.43807087145523677,0.5770551372388524,0,0,-1.0,0.2777777777777778,7.0,draftkings
2021_17_LA_BAL,2021,17,ML_XGB_DISAGREEMENT,XGB,12+,home,260,3.6,13.319747975184882,0.399402379989624,0.4378485679626465,0,0,-1.0,0.2777777777777778,7.0,draftkings
2021_17_LA_BAL,2021,17,LONG_DOG_201+_CONTEXT,XGB,LONG201+,home,260,3.6,13.319747975184882,0.399402379989624,0.4378485679626465,0,0,-1.0,0.2777777777777778,7.0,draftkings
2021_17_LA_BAL,2021,17,ML_AVG_DISAGREEMENT,AVG,12+,home,260,3.6,15.253172548465521,0.4187366257224304,0.5074518526007497,0,0,-1.0,0.2777777777777778,7.0,draftkings
2021_17_LA_BAL,2021,17,LONG_DOG_201+_CONTEXT,AVG,LONG201+,home,260,3.6,15.253172548465521,0.4187366257224304,0.5074518526007497,0,0,-1.0,0.2777777777777778,7.0,draftkings
2021_17_LA_BAL,2021,17,ML_CORROBORATED_DISAGREEMENT,CORROB,12+,home,260,3.6,15.253172548465521,0.4187366257224304,0.5074518526007497,0,0,-1.0,0.2777777777777778,7.0,draftkings
2021_17_LV_IND,2021,17,ML_QBELO_DISAGREEMENT,QB_ELO,0-2,away,300,4.0,1.3412934124431786,0.24714224185195643,-0.011431032592174262,1,0,3.0,0.25,8.5,draftkings
2021_17_LV_IND,2021,17,LONG_DOG_201+_CONTEXT,QB_ELO,LONG201+,away,300,4.0,1.3412934124431786,0.24714224185195643,-0.011431032592174262,1,0,3.0,0.25,8.5,draftkings
2021_17_LV_IND,2021,17,ML_XGB_DISAGREEMENT,XGB,2-4,away,300,4.0,2.049016468077003,0.2542194724082947,0.01687788963317871,1,0,3.0,0.25,8.5,draftkings
2021_17_LV_IND,2021,17,LONG_DOG_201+_CONTEXT,XGB,LONG201+,away,300,4.0,2.049016468077003,0.2542194724082947,0.01687788963317871,1,0,3.0,0.25,8.5,draftkings
2021_17_LV_IND,2021,17,ML_AVG_DISAGREEMENT,AVG,0-2,away,300,4.0,1.6951549402600907,0.25068085713012556,0.0027234285205022246,1,0,3.0,0.25,8.5,draftkings
2021_17_LV_IND,2021,17,LONG_DOG_201+_CONTEXT,AVG,LONG201+,away,300,4.0,1.6951549402600907,0.25068085713012556,0.0027234285205022246,1,0,3.0,0.25,8.5,draftkings
2021_17_LV_IND,2021,17,ML_CORROBORATED_DISAGREEMENT,CORROB,0-2,away,300,4.0,1.6951549402600907,0.25068085713012556,0.0027234285205022246,1,0,3.0,0.25,8.5,draftkings
2021_17_MIA_TEN,2021,17,ML_QBELO_DISAGREEMENT,QB_ELO,0-2,away,138,2.38,0.2478492674332866,0.42014459462511866,-0.0000558647922176414,0,0,-1.0,0.42016806722689076,3.0,fanduel
2021_17_MIA_TEN,2021,17,ML_DOG_VALUE_ZONE,QB_ELO,ZONE,away,138,2.38,0.2478492674332866,0.42014459462511866,-0.0000558647922176414,0,0,-1.0,0.42016806722689076,3.0,fanduel
2021_17_MIA_TEN,2021,17,ML_XGB_DISAGREEMENT,XGB,4-8,away,138,2.38,5.08274192627457,0.4684935212135315,0.11501458048820501,0,0,-1.0,0.42016806722689076,3.0,fanduel
2021_17_MIA_TEN,2021,17,ML_DOG_VALUE_ZONE,XGB,ZONE,away,138,2.38,5.08274192627457,0.4684935212135315,0.11501458048820501,0,0,-1.0,0.42016806722689076,3.0,fanduel
2021_17_MIA_TEN,2021,17,ML_AVG_DISAGREEMENT,AVG,2-4,away,138,2.38,2.6652955968539227,0.444319057919325,0.05747935784799352,0,0,-1.0,0.42016806722689076,3.0,fanduel
2021_17_MIA_TEN,2021,17,ML_DOG_VALUE_ZONE,AVG,ZONE,away,138,2.38,2.6652955968539227,0.444319057919325,0.05747935784799352,0,0,-1.0,0.42016806722689076,3.0,fanduel
2021_17_MIA_TEN,2021,17,ML_CORROBORATED_DISAGREEMENT,CORROB,2-4,away,138,2.38,2.6652955968539227,0.444319057919325,0.05747935784799352,0,0,-1.0,0.42016806722689076,3.0,fanduel
2021_17_MIA_TEN,2021,17,ML_DOG_VALUE_ZONE,CORROB,ZONE,away,138,2.38,2.6652955968539227,0.444319057919325,0.05747935784799352,0,0,-1.0,0.42016806722689076,3.0,fanduel
2021_17_MIN_GB,2021,17,ML_QBELO_DISAGREEMENT,QB_ELO,4-8,away,500,6.0,4.763214566978752,0.20914017158687725,0.25484102952126353,0,0,-1.0,0.16666666666666666,12.5,fanduel
2021_17_MIN_GB,2021,17,LONG_DOG_201+_CONTEXT,QB_ELO,LONG201+,away,500,6.0,4.763214566978752,0.20914017158687725,0.25484102952126353,0,0,-1.0,0.16666666666666666,12.5,fanduel
2021_17_MIN_GB,2021,17,ML_XGB_DISAGREEMENT,XGB,12+,away,500,6.0,26.40600182685487,0.4255680441856384,1.5534082651138306,0,0,-1.0,0.16666666666666666,12.5,fanduel
2021_17_MIN_GB,2021,17,LONG_DOG_201+_CONTEXT,XGB,LONG201+,away,500,6.0,26.40600182685487,0.4255680441856384,1.5534082651138306,0,0,-1.0,0.16666666666666666,12.5,fanduel
2021_17_MIN_GB,2021,17,ML_AVG_DISAGREEMENT,AVG,12+,away,500,6.0,15.584608196916811,0.31735410788625784,0.904124647317547,0,0,-1.0,0.16666666666666666,12.5,fanduel
2021_17_MIN_GB,2021,17,LONG_DOG_201+_CONTEXT,AVG,LONG201+,away,500,6.0,15.584608196916811,0.31735410788625784,0.904124647317547,0,0,-1.0,0.16666666666666666,12.5,fanduel
2021_17_MIN_GB,2021,17,ML_CORROBORATED_DISAGREEMENT,CORROB,12+,away,500,6.0,15.584608196916811,0.31735410788625784,0.904124647317547,0,0,-1.0,0.16666666666666666,12.5,fanduel
2021_17_NYG_CHI,2021,17,ML_QBELO_DISAGREEMENT,QB_ELO,8-12,away,240,3.4,9.95905902111343,0.38020357692200113,0.2926921615348037,0,0,-1.0,0.29411764705882354,6.5,draftkings
2021_17_NYG_CHI,2021,17,LONG_DOG_201+_CONTEXT,QB_ELO,LONG201+,away,240,3.4,9.95905902111343,0.38020357692200113,0.2926921615348037,0,0,-1.0,0.29411764705882354,6.5,draftkings
2021_17_NYG_CHI,2021,17,ML_XGB_DISAGREEMENT,XGB,8-12,away,240,3.4,10.567297396341907,0.3862859606742859,0.313372266292572,0,0,-1.0,0.29411764705882354,6.5,draftkings
2021_17_NYG_CHI,2021,17,LONG_DOG_201+_CONTEXT,XGB,LONG201+,away,240,3.4,10.567297396341907,0.3862859606742859,0.313372266292572,0,0,-1.0,0.29411764705882354,6.5,draftkings
2021_17_NYG_CHI,2021,17,ML_AVG_DISAGREEMENT,AVG,8-12,away,240,3.4,10.26317820872767,0.3832447687981435,0.30303221391368784,0,0,-1.0,0.29411764705882354,6.5,draftkings
2021_17_NYG_CHI,2021,17,LONG_DOG_201+_CONTEXT,AVG,LONG201+,away,240,3.4,10.26317820872767,0.3832447687981435,0.30303221391368784,0,0,-1.0,0.29411764705882354,6.5,draftkings
2021_17_NYG_CHI,2021,17,ML_CORROBORATED_DISAGREEMENT,CORROB,8-12,away,240,3.4,10.26317820872767,0.3832447687981435,0.30303221391368784,0,0,-1.0,0.29411764705882354,6.5,draftkings
2021_17_PHI_WAS,2021,17,ML_QBELO_DISAGREEMENT,QB_ELO,12+,home,220,3.2,14.158822110671181,0.4479339541482873,0.4333886532745195,0,0,-1.0,0.3125,-6.5,draftkings
2021_17_PHI_WAS,2021,17,LONG_DOG_201+_CONTEXT,QB_ELO,LONG201+,home,220,3.2,14.158822110671181,0.4479339541482873,0.4333886532745195,0,0,-1.0,0.3125,-6.5,draftkings
2021_17_PHI_WAS,2021,17,ML_XGB_DISAGREEMENT,XGB,4-8,home,220,3.2,4.277661240596481,0.3491223454475403,0.11719150543212886,0,0,-1.0,0.3125,-6.5,draftkings
2021_17_PHI_WAS,2021,17,LONG_DOG_201+_CONTEXT,XGB,LONG201+,home,220,3.2,4.277661240596481,0.3491223454475403,0.11719150543212886,0,0,-1.0,0.3125,-6.5,draftkings
2021_17_PHI_WAS,2021,17,ML_AVG_DISAGREEMENT,AVG,8-12,home,220,3.2,9.21824167563383,0.3985281497979138,0.27529007935332417,0,0,-1.0,0.3125,-6.5,draftkings
2021_17_PHI_WAS,2021,17,LONG_DOG_201+_CONTEXT,AVG,LONG201+,home,220,3.2,9.21824167563383,0.3985281497979138,0.27529007935332417,0,0,-1.0,0.3125,-6.5,draftkings
2021_17_PHI_WAS,2021,17,ML_CORROBORATED_DISAGREEMENT,CORROB,8-12,home,220,3.2,9.21824167563383,0.3985281497979138,0.27529007935332417,0,0,-1.0,0.3125,-6.5,draftkings
2021_17_TB_NYJ,2021,17,ML_QBELO_DISAGREEMENT,QB_ELO,2-4,home,590,6.9,3.979505446968906,0.17425382549058135,0.2023513958850114,0,0,-1.0,0.14492753623188406,14.0,draftkings
2021_17_TB_NYJ,2021,17,LONG_DOG_201+_CONTEXT,QB_ELO,LONG201+,home,590,6.9,3.979505446968906,0.17425382549058135,0.2023513958850114,0,0,-1.0,0.14492753623188406,14.0,draftkings
2021_17_TB_NYJ,2021,17,ML_XGB_DISAGREEMENT,XGB,12+,home,590,6.9,18.43419167690247,0.318800687789917,1.1997247457504274,0,0,-1.0,0.14492753623188406,14.0,draftkings
2021_17_TB_NYJ,2021,17,LONG_DOG_201+_CONTEXT,XGB,LONG201+,home,590,6.9,18.43419167690247,0.318800687789917,1.1997247457504274,0,0,-1.0,0.14492753623188406,14.0,draftkings
2021_17_TB_NYJ,2021,17,ML_AVG_DISAGREEMENT,AVG,8-12,home,590,6.9,11.206848561935686,0.24652725664024916,0.7010380708177193,0,0,-1.0,0.14492753623188406,14.0,draftkings
2021_17_TB_NYJ,2021,17,LONG_DOG_201+_CONTEXT,AVG,LONG201+,home,590,6.9,11.206848561935686,0.24652725664024916,0.7010380708177193,0,0,-1.0,0.14492753623188406,14.0,draftkings
2021_17_TB_NYJ,2021,17,ML_CORROBORATED_DISAGREEMENT,CORROB,8-12,home,590,6.9,11.206848561935686,0.24652725664024916,0.7010380708177193,0,0,-1.0,0.14492753623188406,14.0,draftkings
2021_18_CAR_TB,2021,18,ML_QBELO_DISAGREEMENT,QB_ELO,4-8,home,-476,1.2100840336134453,6.625060625047718,0.8638982602279655,0.04538949136829418,1,0,0.210084,0.826388888888889,-10.5,draftkings
2021_18_CAR_TB,2021,18,ML_XGB_DISAGREEMENT,XGB,0-2,away,370,4.7,0.3189205090616959,0.20554155111312866,-0.03395470976829529,0,0,-1.0,0.2127659574468085,-10.5,draftkings
2021_18_CAR_TB,2021,18,LONG_DOG_201+_CONTEXT,XGB,LONG201+,away,370,4.7,0.3189205090616959,0.20554155111312866,-0.03395470976829529,0,0,-1.0,0.2127659574468085,-10.5,draftkings
2021_18_CAR_TB,2021,18,ML_AVG_DISAGREEMENT,AVG,2-4,home,-476,1.2100840336134453,3.1530700579930127,0.8291783545574184,0.0033754878678002864,1,0,0.210084,0.826388888888889,-10.5,draftkings
2021_18_CHI_MIN,2021,18,ML_QBELO_DISAGREEMENT,QB_ELO,2-4,home,-189,1.529100529100529,3.8274571185875406,0.6666547303762186,0.019382100945646297,1,0,0.529101,0.6539792387543253,3.5,fanduel
2021_18_CHI_MIN,2021,18,ML_XGB_DISAGREEMENT,XGB,8-12,home,-189,1.529100529100529,8.730342025454208,0.7156835794448853,0.09435213999773451,1,0,0.529101,0.6539792387543253,3.5,fanduel
2021_18_CHI_MIN,2021,18,ML_AVG_DISAGREEMENT,AVG,4-8,home,-189,1.529100529100529,6.278899572020869,0.6911691549105519,0.0568671204716904,1,0,0.529101,0.6539792387543253,3.5,fanduel
2021_18_CHI_MIN,2021,18,ML_CORROBORATED_DISAGREEMENT,CORROB,4-8,home,-189,1.529100529100529,6.278899572020869,0.6911691549105519,0.0568671204716904,1,0,0.529101,0.6539792387543253,3.5,fanduel
2021_18_CIN_CLE,2021,18,ML_QBELO_DISAGREEMENT,QB_ELO,12+,away,215,3.15,19.183265565924945,0.5177051368742456,0.6307711811538734,0,0,-1.0,0.31746031746031744,6.0,draftkings
2021_18_CIN_CLE,2021,18,LONG_DOG_201+_CONTEXT,QB_ELO,LONG201+,away,215,3.15,19.183265565924945,0.5177051368742456,0.6307711811538734,0,0,-1.0,0.31746031746031744,6.0,draftkings
2021_18_CIN_CLE,2021,18,ML_XGB_DISAGREEMENT,XGB,12+,away,215,3.15,39.60593339324038,0.7219318151473999,1.2740852177143096,0,0,-1.0,0.31746031746031744,6.0,draftkings
2021_18_CIN_CLE,2021,18,LONG_DOG_201+_CONTEXT,XGB,LONG201+,away,215,3.15,39.60593339324038,0.7219318151473999,1.2740852177143096,0,0,-1.0,0.31746031746031744,6.0,draftkings
2021_18_CIN_CLE,2021,18,ML_AVG_DISAGREEMENT,AVG,12+,away,215,3.15,29.394599479582663,0.6198184760108227,0.9524281994340915,0,0,-1.0,0.31746031746031744,6.0,draftkings
2021_18_CIN_CLE,2021,18,LONG_DOG_201+_CONTEXT,AVG,LONG201+,away,215,3.15,29.394599479582663,0.6198184760108227,0.9524281994340915,0,0,-1.0,0.31746031746031744,6.0,draftkings
2021_18_CIN_CLE,2021,18,ML_CORROBORATED_DISAGREEMENT,CORROB,12+,away,215,3.15,29.394599479582663,0.6198184760108227,0.9524281994340915,0,0,-1.0,0.31746031746031744,6.0,draftkings
2021_18_DAL_PHI,2021,18,ML_QBELO_DISAGREEMENT,QB_ELO,12+,home,220,3.2,18.06589866240611,0.4883512943163688,0.5627241418123803,0,0,-1.0,0.3125,6.5,fanduel
2021_18_DAL_PHI,2021,18,LONG_DOG_201+_CONTEXT,QB_ELO,LONG201+,home,220,3.2,18.06589866240611,0.4883512943163688,0.5627241418123803,0,0,-1.0,0.3125,6.5,fanduel
2021_18_DAL_PHI,2021,18,ML_XGB_DISAGREEMENT,XGB,12+,home,220,3.2,14.089651061938358,0.4485888183116913,0.43548421859741215,0,0,-1.0,0.3125,6.5,fanduel
2021_18_DAL_PHI,2021,18,LONG_DOG_201+_CONTEXT,XGB,LONG201+,home,220,3.2,14.089651061938358,0.4485888183116913,0.43548421859741215,0,0,-1.0,0.3125,6.5,fanduel
2021_18_DAL_PHI,2021,18,ML_AVG_DISAGREEMENT,AVG,12+,home,220,3.2,16.077774862172234,0.46847005631403005,0.49910418020489633,0,0,-1.0,0.3125,6.5,fanduel
2021_18_DAL_PHI,2021,18,LONG_DOG_201+_CONTEXT,AVG,LONG201+,home,220,3.2,16.077774862172234,0.46847005631403005,0.49910418020489633,0,0,-1.0,0.3125,6.5,fanduel
2021_18_DAL_PHI,2021,18,ML_CORROBORATED_DISAGREEMENT,CORROB,12+,home,220,3.2,16.077774862172234,0.46847005631403005,0.49910418020489633,0,0,-1.0,0.3125,6.5,fanduel
2021_18_GB_DET,2021,18,ML_QBELO_DISAGREEMENT,QB_ELO,12+,away,-167,1.5988023952095807,26.07633942774322,0.8832415074798733,0.4121286377073421,0,0,-1.0,0.6254681647940076,3.5,draftkings
2021_18_GB_DET,2021,18,ML_XGB_DISAGREEMENT,XGB,8-12,away,-167,1.5988023952095807,11.411546108306613,0.7365935742855072,0.17766757086365503,0,0,-1.0,0.6254681647940076,3.5,draftkings
2021_18_GB_DET,2021,18,ML_AVG_DISAGREEMENT,AVG,12+,away,-167,1.5988023952095807,18.74394276802491,0.8099175408826902,0.29489810428549856,0,0,-1.0,0.6254681647940076,3.5,draftkings
2021_18_GB_DET,2021,18,ML_CORROBORATED_DISAGREEMENT,CORROB,12+,away,-167,1.5988023952095807,18.74394276802491,0.8099175408826902,0.29489810428549856,0,0,-1.0,0.6254681647940076,3.5,draftkings
2021_18_IND_JAX,2021,18,ML_QBELO_DISAGREEMENT,QB_ELO,0-2,home,650,7.5,0.18824087388782385,0.125895937487469,-0.05578046884398258,1,0,6.5,0.13333333333333333,,
2021_18_IND_JAX,2021,18,LONG_DOG_201+_CONTEXT,QB_ELO,LONG201+,home,650,7.5,0.18824087388782385,0.125895937487469,-0.05578046884398258,1,0,6.5,0.13333333333333333,,
2021_18_IND_JAX,2021,18,ML_XGB_DISAGREEMENT,XGB,2-4,home,650,7.5,2.9405161217611027,0.15341868996620178,0.15064017474651337,1,0,6.5,0.13333333333333333,,
2021_18_IND_JAX,2021,18,LONG_DOG_201+_CONTEXT,XGB,LONG201+,home,650,7.5,2.9405161217611027,0.15341868996620178,0.15064017474651337,1,0,6.5,0.13333333333333333,,
2021_18_IND_JAX,2021,18,ML_AVG_DISAGREEMENT,AVG,0-2,home,650,7.5,1.5643784978244617,0.13965731372683537,0.04742985295126534,1,0,6.5,0.13333333333333333,,
2021_18_IND_JAX,2021,18,LONG_DOG_201+_CONTEXT,AVG,LONG201+,home,650,7.5,1.5643784978244617,0.13965731372683537,0.04742985295126534,1,0,6.5,0.13333333333333333,,
2021_18_IND_JAX,2021,18,ML_CORROBORATED_DISAGREEMENT,CORROB,0-2,home,650,7.5,1.5643784978244617,0.13965731372683537,0.04742985295126534,1,0,6.5,0.13333333333333333,,
2021_18_KC_DEN,2021,18,ML_QBELO_DISAGREEMENT,QB_ELO,4-8,home,480,5.8,4.853549048570699,0.23743906516900684,0.37714657798023965,0,0,-1.0,0.1724137931034483,11.0,fanduel
2021_18_KC_DEN,2021,18,LONG_DOG_201+_CONTEXT,QB_ELO,LONG201+,home,480,5.8,4.853549048570699,0.23743906516900684,0.37714657798023965,0,0,-1.0,0.1724137931034483,11.0,fanduel
2021_18_KC_DEN,2021,18,ML_XGB_DISAGREEMENT,XGB,0-2,home,480,5.8,1.1241029165157483,0.20014460384845734,0.16083870232105246,0,0,-1.0,0.1724137931034483,11.0,fanduel
2021_18_KC_DEN,2021,18,LONG_DOG_201+_CONTEXT,XGB,LONG201+,home,480,5.8,1.1241029165157483,0.20014460384845734,0.16083870232105246,0,0,-1.0,0.1724137931034483,11.0,fanduel
2021_18_KC_DEN,2021,18,ML_AVG_DISAGREEMENT,AVG,2-4,home,480,5.8,2.988825982543222,0.21879183450873207,0.26899264015064595,0,0,-1.0,0.1724137931034483,11.0,fanduel
2021_18_KC_DEN,2021,18,LONG_DOG_201+_CONTEXT,AVG,LONG201+,home,480,5.8,2.988825982543222,0.21879183450873207,0.26899264015064595,0,0,-1.0,0.1724137931034483,11.0,fanduel
2021_18_KC_DEN,2021,18,ML_CORROBORATED_DISAGREEMENT,CORROB,2-4,home,480,5.8,2.988825982543222,0.21879183450873207,0.26899264015064595,0,0,-1.0,0.1724137931034483,11.0,fanduel
2021_18_LAC_LV,2021,18,ML_QBELO_DISAGREEMENT,QB_ELO,12+,home,145,2.45,17.418354305782774,0.5554660387250722,0.360891794876427,1,0,1.45,0.4081632653061224,3.0,fanduel
2021_18_LAC_LV,2021,18,ML_XGB_DISAGREEMENT,XGB,4-8,home,145,2.45,5.872465450594283,0.44000715017318726,0.07801751792430878,1,0,1.45,0.4081632653061224,3.0,fanduel
2021_18_LAC_LV,2021,18,ML_DOG_VALUE_ZONE,XGB,ZONE,home,145,2.45,5.872465450594283,0.44000715017318726,0.07801751792430878,1,0,1.45,0.4081632653061224,3.0,fanduel
2021_18_LAC_LV,2021,18,ML_AVG_DISAGREEMENT,AVG,8-12,home,145,2.45,11.645409878188529,0.4977365944491297,0.21945465640036788,1,0,1.45,0.4081632653061224,3.0,fanduel
2021_18_LAC_LV,2021,18,ML_DOG_VALUE_ZONE,AVG,ZONE,home,145,2.45,11.645409878188529,0.4977365944491297,0.21945465640036788,1,0,1.45,0.4081632653061224,3.0,fanduel
2021_18_LAC_LV,2021,18,ML_CORROBORATED_DISAGREEMENT,CORROB,8-12,home,145,2.45,11.645409878188529,0.4977365944491297,0.21945465640036788,1,0,1.45,0.4081632653061224,3.0,fanduel
2021_18_LAC_LV,2021,18,ML_DOG_VALUE_ZONE,CORROB,ZONE,home,145,2.45,11.645409878188529,0.4977365944491297,0.21945465640036788,1,0,1.45,0.4081632653061224,3.0,fanduel
2021_18_NE_MIA,2021,18,ML_QBELO_DISAGREEMENT,QB_ELO,12+,home,220,3.2,23.88250982227533,0.536915839343673,0.7181306858997538,1,0,2.2,0.3125,6.0,draftkings
2021_18_NE_MIA,2021,18,LONG_DOG_201+_CONTEXT,QB_ELO,LONG201+,home,220,3.2,23.88250982227533,0.536915839343673,0.7181306858997538,1,0,2.2,0.3125,6.0,draftkings
2021_18_NE_MIA,2021,18,ML_XGB_DISAGREEMENT,XGB,8-12,home,220,3.2,10.418237737502146,0.40227311849594116,0.2872739791870118,1,0,2.2,0.3125,6.0,draftkings
2021_18_NE_MIA,2021,18,LONG_DOG_201+_CONTEXT,XGB,LONG201+,home,220,3.2,10.418237737502146,0.40227311849594116,0.2872739791870118,1,0,2.2,0.3125,6.0,draftkings
2021_18_NE_MIA,2021,18,ML_AVG_DISAGREEMENT,AVG,12+,home,220,3.2,17.15037377988874,0.4695944789198071,0.5027023325433828,1,0,2.2,0.3125,6.0,draftkings
2021_18_NE_MIA,2021,18,LONG_DOG_201+_CONTEXT,AVG,LONG201+,home,220,3.2,17.15037377988874,0.4695944789198071,0.5027023325433828,1,0,2.2,0.3125,6.0,draftkings
2021_18_NE_MIA,2021,18,ML_CORROBORATED_DISAGREEMENT,CORROB,12+,home,220,3.2,17.15037377988874,0.4695944789198071,0.5027023325433828,1,0,2.2,0.3125,6.0,draftkings
2021_18_NO_ATL,2021,18,ML_QBELO_DISAGREEMENT,QB_ELO,2-4,home,180,2.8,3.010336806243008,0.38304454453301834,0.07252472469245119,0,0,-1.0,0.35714285714285715,4.5,fanduel
2021_18_NO_ATL,2021,18,ML_XGB_DISAGREEMENT,XGB,12+,home,180,2.8,19.22777680789723,0.5452189445495605,0.5266130447387694,0,0,-1.0,0.35714285714285715,4.5,fanduel
2021_18_NO_ATL,2021,18,ML_AVG_DISAGREEMENT,AVG,8-12,home,180,2.8,11.119056807070121,0.46413174454128947,0.2995688847156104,0,0,-1.0,0.35714285714285715,4.5,fanduel
2021_18_NO_ATL,2021,18,ML_DOG_VALUE_ZONE,AVG,ZONE,home,180,2.8,11.119056807070121,0.46413174454128947,0.2995688847156104,0,0,-1.0,0.35714285714285715,4.5,fanduel
2021_18_NO_ATL,2021,18,ML_CORROBORATED_DISAGREEMENT,CORROB,8-12,home,180,2.8,11.119056807070121,0.46413174454128947,0.2995688847156104,0,0,-1.0,0.35714285714285715,4.5,fanduel
2021_18_NO_ATL,2021,18,ML_DOG_VALUE_ZONE,CORROB,ZONE,home,180,2.8,11.119056807070121,0.46413174454128947,0.2995688847156104,0,0,-1.0,0.35714285714285715,4.5,fanduel
2021_18_NYJ_BUF,2021,18,ML_QBELO_DISAGREEMENT,QB_ELO,0-2,home,-1111,1.09000900090009,1.6771624208105407,0.906223144911526,-0.012208615222450092,1,0,0.090009,0.9174236168455822,16.0,fanduel
2021_18_NYJ_BUF,2021,18,ML_XGB_DISAGREEMENT,XGB,4-8,away,750,8.5,6.334938313780782,0.1738978624343872,0.47813183069229126,0,0,-1.0,0.11764705882352941,16.0,fanduel
2021_18_NYJ_BUF,2021,18,LONG_DOG_201+_CONTEXT,XGB,LONG201+,away,750,8.5,6.334938313780782,0.1738978624343872,0.47813183069229126,0,0,-1.0,0.11764705882352941,16.0,fanduel
2021_18_NYJ_BUF,2021,18,ML_AVG_DISAGREEMENT,AVG,2-4,away,750,8.5,2.3288879464851155,0.13383735876143055,0.13761754947215965,0,0,-1.0,0.11764705882352941,16.0,fanduel
2021_18_NYJ_BUF,2021,18,LONG_DOG_201+_CONTEXT,AVG,LONG201+,away,750,8.5,2.3288879464851155,0.13383735876143055,0.13761754947215965,0,0,-1.0,0.11764705882352941,16.0,fanduel
2021_18_PIT_BAL,2021,18,ML_QBELO_DISAGREEMENT,QB_ELO,0-2,away,138,2.38,0.9408871359143034,0.4197613867877513,-0.0009678994451518541,1,0,1.38,0.42016806722689076,-3.0,draftkings
2021_18_PIT_BAL,2021,18,ML_DOG_VALUE_ZONE,QB_ELO,ZONE,away,138,2.38,0.9408871359143034,0.4197613867877513,-0.0009678994451518541,1,0,1.38,0.42016806722689076,-3.0,draftkings
2021_18_PIT_BAL,2021,18,ML_XGB_DISAGREEMENT,XGB,12+,home,-154,1.6493506493506493,12.312160655791127,0.712769091129303,0.17560616329118806,0,0,-1.0,0.6062992125984252,-3.0,draftkings
2021_18_PIT_BAL,2021,18,ML_AVG_DISAGREEMENT,AVG,4-8,home,-154,1.6493506493506493,5.685636759938406,0.6465038521707758,0.06631154838556519,0,0,-1.0,0.6062992125984252,-3.0,draftkings
2021_18_SEA_ARI,2021,18,ML_QBELO_DISAGREEMENT,QB_ELO,4-8,away,190,2.9,5.003456322832156,0.3796486486004169,0.10098108094120906,1,0,1.9,0.3448275862068966,5.0,draftkings
2021_18_SEA_ARI,2021,18,ML_XGB_DISAGREEMENT,XGB,12+,away,190,2.9,20.062972861945127,0.5302438139915466,0.5377070605754852,1,0,1.9,0.3448275862068966,5.0,draftkings
2021_18_SEA_ARI,2021,18,ML_AVG_DISAGREEMENT,AVG,12+,away,190,2.9,12.533214592388642,0.4549462312959818,0.31934407075834703,1,0,1.9,0.3448275862068966,5.0,draftkings
2021_18_SEA_ARI,2021,18,ML_DOG_VALUE_ZONE,AVG,ZONE,away,190,2.9,12.533214592388642,0.4549462312959818,0.31934407075834703,1,0,1.9,0.3448275862068966,5.0,draftkings
2021_18_SEA_ARI,2021,18,ML_CORROBORATED_DISAGREEMENT,CORROB,12+,away,190,2.9,12.533214592388642,0.4549462312959818,0.31934407075834703,1,0,1.9,0.3448275862068966,5.0,draftkings
2021_18_SEA_ARI,2021,18,ML_DOG_VALUE_ZONE,CORROB,ZONE,away,190,2.9,12.533214592388642,0.4549462312959818,0.31934407075834703,1,0,1.9,0.3448275862068966,5.0,draftkings
2021_18_SF_LA,2021,18,ML_QBELO_DISAGREEMENT,QB_ELO,8-12,home,-196,1.510204081632653,8.123828452281078,0.7037163977252519,0.06275537615650273,0,0,-1.0,0.6621621621621622,,
2021_18_SF_LA,2021,18,ML_XGB_DISAGREEMENT,XGB,12+,away,165,2.65,15.662156107841763,0.5341434478759766,0.4154801368713379,1,0,1.65,0.37735849056603776,,
2021_18_SF_LA,2021,18,ML_AVG_DISAGREEMENT,AVG,2-4,away,165,2.65,3.769163827780342,0.41521352507536236,0.10031584144971029,1,0,1.65,0.37735849056603776,,
2021_18_SF_LA,2021,18,ML_DOG_VALUE_ZONE,AVG,ZONE,away,165,2.65,3.769163827780342,0.41521352507536236,0.10031584144971029,1,0,1.65,0.37735849056603776,,
2021_18_TEN_HOU,2021,18,ML_QBELO_DISAGREEMENT,QB_ELO,8-12,home,410,5.1,8.647134302542186,0.2671577309502828,0.362504427846442,0,0,-1.0,0.19607843137254904,10.5,draftkings
2021_18_TEN_HOU,2021,18,LONG_DOG_201+_CONTEXT,QB_ELO,LONG201+,home,410,5.1,8.647134302542186,0.2671577309502828,0.362504427846442,0,0,-1.0,0.19607843137254904,10.5,draftkings
2021_18_TEN_HOU,2021,18,ML_XGB_DISAGREEMENT,XGB,12+,home,410,5.1,34.005722054987054,0.5207436084747314,1.6557924032211302,0,0,-1.0,0.19607843137254904,10.5,draftkings
2021_18_TEN_HOU,2021,18,LONG_DOG_201+_CONTEXT,XGB,LONG201+,home,410,5.1,34.005722054987054,0.5207436084747314,1.6557924032211302,0,0,-1.0,0.19607843137254904,10.5,draftkings
2021_18_TEN_HOU,2021,18,ML_AVG_DISAGREEMENT,AVG,12+,home,410,5.1,21.326428178764623,0.39395066971250714,1.0091484155337862,0,0,-1.0,0.19607843137254904,10.5,draftkings
2021_18_TEN_HOU,2021,18,LONG_DOG_201+_CONTEXT,AVG,LONG201+,home,410,5.1,21.326428178764623,0.39395066971250714,1.0091484155337862,0,0,-1.0,0.19607843137254904,10.5,draftkings
2021_18_TEN_HOU,2021,18,ML_CORROBORATED_DISAGREEMENT,CORROB,12+,home,410,5.1,21.326428178764623,0.39395066971250714,1.0091484155337862,0,0,-1.0,0.19607843137254904,10.5,draftkings
2021_18_WAS_NYG,2021,18,ML_QBELO_DISAGREEMENT,QB_ELO,12+,home,210,3.1,18.627356979240673,0.4919504256876032,0.52504631963157,0,0,-1.0,0.3225806451612903,6.0,fanduel
2021_18_WAS_NYG,2021,18,LONG_DOG_201+_CONTEXT,QB_ELO,LONG201+,home,210,3.1,18.627356979240673,0.4919504256876032,0.52504631963157,0,0,-1.0,0.3225806451612903,6.0,fanduel
2021_18_WAS_NYG,2021,18,ML_XGB_DISAGREEMENT,XGB,4-8,home,210,3.1,4.357754364284366,0.34925439953804016,0.08268863856792463,0,0,-1.0,0.3225806451612903,6.0,fanduel
2021_18_WAS_NYG,2021,18,LONG_DOG_201+_CONTEXT,XGB,LONG201+,home,210,3.1,4.357754364284366,0.34925439953804016,0.08268863856792463,0,0,-1.0,0.3225806451612903,6.0,fanduel
2021_18_WAS_NYG,2021,18,ML_AVG_DISAGREEMENT,AVG,8-12,home,210,3.1,11.492555671762522,0.4206024126128217,0.3038674790997473,0,0,-1.0,0.3225806451612903,6.0,fanduel
2021_18_WAS_NYG,2021,18,LONG_DOG_201+_CONTEXT,AVG,LONG201+,home,210,3.1,11.492555671762522,0.4206024126128217,0.3038674790997473,0,0,-1.0,0.3225806451612903,6.0,fanduel
2021_18_WAS_NYG,2021,18,ML_CORROBORATED_DISAGREEMENT,CORROB,8-12,home,210,3.1,11.492555671762522,0.4206024126128217,0.3038674790997473,0,0,-1.0,0.3225806451612903,6.0,fanduel
2021_19_ARI_LA,2021,19,ML_QBELO_DISAGREEMENT,QB_ELO,8-12,home,-175,1.5714285714285714,10.528443365594375,0.7142647069304044,0.12241596803349264,1,0,0.571429,0.6363636363636364,-3.0,fanduel
2021_19_ARI_LA,2021,19,ML_XGB_DISAGREEMENT,XGB,0-2,home,-175,1.5714285714285714,0.6501639815291504,0.6154819130897522,-0.03281413657324661,1,0,0.571429,0.6363636363636364,-3.0,fanduel
2021_19_ARI_LA,2021,19,ML_AVG_DISAGREEMENT,AVG,4-8,home,-175,1.5714285714285714,5.589303673561763,0.6648733100100783,0.044800915730123014,1,0,0.571429,0.6363636363636364,-3.0,fanduel
2021_19_ARI_LA,2021,19,ML_CORROBORATED_DISAGREEMENT,CORROB,4-8,home,-175,1.5714285714285714,5.589303673561763,0.6648733100100783,0.044800915730123014,1,0,0.571429,0.6363636363636364,-3.0,fanduel
2021_19_LV_CIN,2021,19,ML_QBELO_DISAGREEMENT,QB_ELO,8-12,away,210,3.1,9.957449146810454,0.40592022450968,0.258352695980008,0,0,-1.0,0.3225806451612903,6.0,draftkings
2021_19_LV_CIN,2021,19,LONG_DOG_201+_CONTEXT,QB_ELO,LONG201+,away,210,3.1,9.957449146810454,0.40592022450968,0.258352695980008,0,0,-1.0,0.3225806451612903,6.0,draftkings
2021_19_LV_CIN,2021,19,ML_XGB_DISAGREEMENT,XGB,4-8,away,210,3.1,7.085814869899459,0.37720388174057007,0.1693320333957673,0,0,-1.0,0.3225806451612903,6.0,draftkings
2021_19_LV_CIN,2021,19,LONG_DOG_201+_CONTEXT,XGB,LONG201+,away,210,3.1,7.085814869899459,0.37720388174057007,0.1693320333957673,0,0,-1.0,0.3225806451612903,6.0,draftkings
2021_19_LV_CIN,2021,19,ML_AVG_DISAGREEMENT,AVG,8-12,away,210,3.1,8.521632008354956,0.39156205312512504,0.21384236468788775,0,0,-1.0,0.3225806451612903,6.0,draftkings
2021_19_LV_CIN,2021,19,LONG_DOG_201+_CONTEXT,AVG,LONG201+,away,210,3.1,8.521632008354956,0.39156205312512504,0.21384236468788775,0,0,-1.0,0.3225806451612903,6.0,draftkings
2021_19_LV_CIN,2021,19,ML_CORROBORATED_DISAGREEMENT,CORROB,8-12,away,210,3.1,8.521632008354956,0.39156205312512504,0.21384236468788775,0,0,-1.0,0.3225806451612903,6.0,draftkings
2021_19_NE_BUF,2021,19,ML_QBELO_DISAGREEMENT,QB_ELO,4-8,home,-208,1.4807692307692308,5.484050968486542,0.7146416074512911,0.05821930334133496,1,0,0.480769,0.6753246753246753,-4.5,draftkings
2021_19_NE_BUF,2021,19,ML_XGB_DISAGREEMENT,XGB,12+,away,180,2.8,16.95392450251843,0.5097381472587585,0.4272668123245238,0,0,-1.0,0.35714285714285715,-4.5,draftkings
2021_19_NE_BUF,2021,19,ML_AVG_DISAGREEMENT,AVG,4-8,away,180,2.8,5.734936767015947,0.3975482699037337,0.1131351557304543,0,0,-1.0,0.35714285714285715,-4.5,draftkings
2021_19_PHI_TB,2021,19,ML_QBELO_DISAGREEMENT,QB_ELO,0-2,away,275,3.75,0.10521820251983005,0.25298413209171966,-0.05130950465605122,0,0,-1.0,0.26666666666666666,-7.0,draftkings
2021_19_PHI_TB,2021,19,LONG_DOG_201+_CONTEXT,QB_ELO,LONG201+,away,275,3.75,0.10521820251983005,0.25298413209171966,-0.05130950465605122,0,0,-1.0,0.26666666666666666,-7.0,draftkings
2021_19_PHI_TB,2021,19,ML_XGB_DISAGREEMENT,XGB,12+,away,275,3.75,22.323758938507776,0.4751695394515991,0.7818857729434967,0,0,-1.0,0.26666666666666666,-7.0,draftkings
2021_19_PHI_TB,2021,19,LONG_DOG_201+_CONTEXT,XGB,LONG201+,away,275,3.75,22.323758938507776,0.4751695394515991,0.7818857729434967,0,0,-1.0,0.26666666666666666,-7.0,draftkings
2021_19_PHI_TB,2021,19,ML_AVG_DISAGREEMENT,AVG,8-12,away,275,3.75,11.214488570513803,0.3640768357716594,0.36528813414372263,0,0,-1.0,0.26666666666666666,-7.0,draftkings
2021_19_PHI_TB,2021,19,LONG_DOG_201+_CONTEXT,AVG,LONG201+,away,275,3.75,11.214488570513803,0.3640768357716594,0.36528813414372263,0,0,-1.0,0.26666666666666666,-7.0,draftkings
2021_19_PHI_TB,2021,19,ML_CORROBORATED_DISAGREEMENT,CORROB,8-12,away,275,3.75,11.214488570513803,0.3640768357716594,0.36528813414372263,0,0,-1.0,0.26666666666666666,-7.0,draftkings
2021_19_PIT_KC,2021,19,ML_QBELO_DISAGREEMENT,QB_ELO,8-12,away,540,6.4,10.409171486732948,0.2487822868363201,0.5922066357524487,0,0,-1.0,0.15625,12.5,draftkings
2021_19_PIT_KC,2021,19,LONG_DOG_201+_CONTEXT,QB_ELO,LONG201+,away,540,6.4,10.409171486732948,0.2487822868363201,0.5922066357524487,0,0,-1.0,0.15625,12.5,draftkings
2021_19_PIT_KC,2021,19,ML_XGB_DISAGREEMENT,XGB,12+,away,540,6.4,15.646135931686755,0.30115193128585815,0.9273723602294923,0,0,-1.0,0.15625,12.5,draftkings
2021_19_PIT_KC,2021,19,LONG_DOG_201+_CONTEXT,XGB,LONG201+,away,540,6.4,15.646135931686755,0.30115193128585815,0.9273723602294923,0,0,-1.0,0.15625,12.5,draftkings
2021_19_PIT_KC,2021,19,ML_AVG_DISAGREEMENT,AVG,12+,away,540,6.4,13.027653709209853,0.2749671090610891,0.7597894979909705,0,0,-1.0,0.15625,12.5,draftkings
2021_19_PIT_KC,2021,19,LONG_DOG_201+_CONTEXT,AVG,LONG201+,away,540,6.4,13.027653709209853,0.2749671090610891,0.7597894979909705,0,0,-1.0,0.15625,12.5,draftkings
2021_19_PIT_KC,2021,19,ML_CORROBORATED_DISAGREEMENT,CORROB,12+,away,540,6.4,13.027653709209853,0.2749671090610891,0.7597894979909705,0,0,-1.0,0.15625,12.5,draftkings
2021_19_SF_DAL,2021,19,ML_QBELO_DISAGREEMENT,QB_ELO,2-4,home,-161,1.62111801242236,2.4178369032129,0.6240127832725043,0.011598362944867047,0,0,-1.0,0.6168582375478928,-3.0,fanduel
2021_19_SF_DAL,2021,19,ML_XGB_DISAGREEMENT,XGB,4-8,away,145,2.45,6.478467774058899,0.4649502635002136,0.13912814557552355,1,0,1.45,0.4081632653061224,-3.0,fanduel
2021_19_SF_DAL,2021,19,ML_DOG_VALUE_ZONE,XGB,ZONE,away,145,2.45,6.478467774058899,0.4649502635002136,0.13912814557552355,1,0,1.45,0.4081632653061224,-3.0,fanduel
2021_19_SF_DAL,2021,19,ML_AVG_DISAGREEMENT,AVG,2-4,away,145,2.45,2.0303154354230077,0.4204687401138547,0.03014841327894402,1,0,1.45,0.4081632653061224,-3.0,fanduel
2021_19_SF_DAL,2021,19,ML_DOG_VALUE_ZONE,AVG,ZONE,away,145,2.45,2.0303154354230077,0.4204687401138547,0.03014841327894402,1,0,1.45,0.4081632653061224,-3.0,fanduel
2021_20_BUF_KC,2021,20,ML_QBELO_DISAGREEMENT,QB_ELO,4-8,home,-130,1.7692307692307692,5.718061791429241,0.6165693870152581,0.09085353087314885,1,0,0.769231,0.5652173913043479,-2.5,draftkings
2021_20_BUF_KC,2021,20,ML_XGB_DISAGREEMENT,XGB,2-4,away,118,2.1799999999999997,2.3418558071912843,0.46402978897094727,0.011584939956664986,0,0,-1.0,0.4587155963302753,-2.5,draftkings
2021_20_BUF_KC,2021,20,ML_DOG_VALUE_ZONE,XGB,ZONE,away,118,2.1799999999999997,2.3418558071912843,0.46402978897094727,0.011584939956664986,0,0,-1.0,0.4587155963302753,-2.5,draftkings
2021_20_BUF_KC,2021,20,ML_AVG_DISAGREEMENT,AVG,0-2,home,-130,1.7692307692307692,1.6881029921189783,0.5762697990221555,0.019554259808428842,1,0,0.769231,0.5652173913043479,-2.5,draftkings
2021_20_CIN_TEN,2021,20,ML_QBELO_DISAGREEMENT,QB_ELO,2-4,home,-200,1.5,2.070342054127583,0.6620867964500987,-0.00686980532485193,0,0,-1.0,0.6666666666666666,-4.0,draftkings
2021_20_CIN_TEN,2021,20,ML_XGB_DISAGREEMENT,XGB,12+,away,170,2.7,16.960709908196442,0.5282237231731415,0.4262040525674822,1,0,1.7,0.37037037037037035,-4.0,draftkings
2021_20_CIN_TEN,2021,20,ML_AVG_DISAGREEMENT,AVG,4-8,away,170,2.7,7.445183927034432,0.4330684633615214,0.1692848510761078,1,0,1.7,0.37037037037037035,-4.0,draftkings
2021_20_CIN_TEN,2021,20,ML_DOG_VALUE_ZONE,AVG,ZONE,away,170,2.7,7.445183927034432,0.4330684633615214,0.1692848510761078,1,0,1.7,0.37037037037037035,-4.0,draftkings
2021_20_LA_TB,2021,20,ML_QBELO_DISAGREEMENT,QB_ELO,0-2,away,130,2.3,0.04056348648058816,0.42044508796323454,-0.032976297684560674,1,0,1.3,0.4347826086956522,-2.5,draftkings
2021_20_LA_TB,2021,20,ML_DOG_VALUE_ZONE,QB_ELO,ZONE,away,130,2.3,0.04056348648058816,0.42044508796323454,-0.032976297684560674,1,0,1.3,0.4347826086956522,-2.5,draftkings
2021_20_LA_TB,2021,20,ML_XGB_DISAGREEMENT,XGB,2-4,away,130,2.3,3.396656315599639,0.45400601625442505,0.04421383738517748,1,0,1.3,0.4347826086956522,-2.5,draftkings
2021_20_LA_TB,2021,20,ML_DOG_VALUE_ZONE,XGB,ZONE,away,130,2.3,3.396656315599639,0.45400601625442505,0.04421383738517748,1,0,1.3,0.4347826086956522,-2.5,draftkings
2021_20_LA_TB,2021,20,ML_AVG_DISAGREEMENT,AVG,0-2,away,130,2.3,1.718609901040108,0.43722555210882974,0.005618769850308292,1,0,1.3,0.4347826086956522,-2.5,draftkings
2021_20_LA_TB,2021,20,ML_DOG_VALUE_ZONE,AVG,ZONE,away,130,2.3,1.718609901040108,0.43722555210882974,0.005618769850308292,1,0,1.3,0.4347826086956522,-2.5,draftkings
2021_20_LA_TB,2021,20,ML_CORROBORATED_DISAGREEMENT,CORROB,0-2,away,130,2.3,1.718609901040108,0.43722555210882974,0.005618769850308292,1,0,1.3,0.4347826086956522,-2.5,draftkings
2021_20_LA_TB,2021,20,ML_DOG_VALUE_ZONE,CORROB,ZONE,away,130,2.3,1.718609901040108,0.43722555210882974,0.005618769850308292,1,0,1.3,0.4347826086956522,-2.5,draftkings
2021_20_SF_GB,2021,20,ML_QBELO_DISAGREEMENT,QB_ELO,2-4,home,-227,1.4405286343612334,2.429393804823088,0.701343733611863,0.010305730797705692,0,0,-1.0,0.6941896024464832,5.5,draftkings
2021_20_SF_GB,2021,20,ML_XGB_DISAGREEMENT,XGB,8-12,away,190,2.9,9.085837977688888,0.41380858421325684,0.20004489421844474,1,0,1.9,0.3448275862068966,5.5,draftkings
2021_20_SF_GB,2021,20,ML_DOG_VALUE_ZONE,XGB,ZONE,away,190,2.9,9.085837977688888,0.41380858421325684,0.20004489421844474,1,0,1.9,0.3448275862068966,5.5,draftkings
2021_20_SF_GB,2021,20,ML_AVG_DISAGREEMENT,AVG,2-4,away,190,2.9,3.328222086432903,0.356232425300697,0.033074033372021194,1,0,1.9,0.3448275862068966,5.5,draftkings
2021_21_CIN_KC,2021,21,ML_QBELO_DISAGREEMENT,QB_ELO,2-4,home,-333,1.3003003003003002,2.045829852921599,0.7679875250823778,-0.0013855905084998454,0,0,-1.0,0.76905311778291,7.0,draftkings
2021_21_SF_LA,2021,21,ML_QBELO_DISAGREEMENT,QB_ELO,2-4,home,-179,1.558659217877095,3.1972517458918603,0.6562706012444858,0.022902222051461196,1,0,0.558659,0.6415770609318996,3.5,draftkings
2021_22_LA_CIN,2021,22,ML_QBELO_DISAGREEMENT,QB_ELO,0-2,home,172,2.7199999999999998,1.573503993205655,0.3606721796769846,-0.018971671278601887,0,0,-1.0,0.36764705882352944,4.5,draftkings
2022_01_BAL_NYJ,2022,01,ML_QBELO_DISAGREEMENT,QB_ELO,4-8,home,245,3.45,6.51415932524928,0.356686782756866,0.2305694005111878,0,0,-1.0,0.2898550724637681,6.5,draftkings
2022_01_BAL_NYJ,2022,01,LONG_DOG_201+_CONTEXT,QB_ELO,LONG201+,home,245,3.45,6.51415932524928,0.356686782756866,0.2305694005111878,0,0,-1.0,0.2898550724637681,6.5,draftkings
2022_01_BUF_LA,2022,01,ML_QBELO_DISAGREEMENT,QB_ELO,8-12,home,115,2.15,10.011379602973813,0.5552242655754297,0.19373217098717377,0,0,-1.0,0.46511627906976744,2.5,draftkings
2022_01_CLE_CAR,2022,01,ML_QBELO_DISAGREEMENT,QB_ELO,8-12,away,100,2.0,9.874013422422873,0.5747207424216725,0.14944148484334496,1,0,1.0,0.5,-1.0,draftkings
2022_01_DEN_SEA,2022,01,ML_QBELO_DISAGREEMENT,QB_ELO,12+,home,220,3.2,37.150900883378704,0.6758568349207436,1.1627418717463796,1,0,2.2,0.3125,6.5,fanduel
2022_01_DEN_SEA,2022,01,LONG_DOG_201+_CONTEXT,QB_ELO,LONG201+,home,220,3.2,37.150900883378704,0.6758568349207436,1.1627418717463796,1,0,2.2,0.3125,6.5,fanduel
2022_01_GB_MIN,2022,01,ML_QBELO_DISAGREEMENT,QB_ELO,8-12,away,110,2.1,10.890010522767074,0.5669153724032433,0.19052228204681088,0,0,-1.0,0.47619047619047616,-1.5,draftkings
2022_01_IND_HOU,2022,01,ML_QBELO_DISAGREEMENT,QB_ELO,8-12,home,270,3.7,11.752341719810088,0.38054691055867285,0.4080235690670897,0,1,0.0,0.27027027027027023,7.5,fanduel
2022_01_IND_HOU,2022,01,LONG_DOG_201+_CONTEXT,QB_ELO,LONG201+,home,270,3.7,11.752341719810088,0.38054691055867285,0.4080235690670897,0,1,0.0,0.27027027027027023,7.5,fanduel
2022_01_JAX_WAS,2022,01,ML_QBELO_DISAGREEMENT,QB_ELO,8-12,home,-145,1.6896551724137931,11.670685202974362,0.7185071419069272,0.21402930873929082,1,0,0.689655,0.5918367346938775,-2.5,fanduel
2022_01_KC_ARI,2022,01,ML_QBELO_DISAGREEMENT,QB_ELO,8-12,home,230,3.3,9.932371896673814,0.40301135454157544,0.32993746998719886,0,0,-1.0,0.30303030303030304,6.5,draftkings
2022_01_KC_ARI,2022,01,LONG_DOG_201+_CONTEXT,QB_ELO,LONG201+,home,230,3.3,9.932371896673814,0.40301135454157544,0.32993746998719886,0,0,-1.0,0.30303030303030304,6.5,draftkings
2022_01_LV_LAC,2022,01,ML_QBELO_DISAGREEMENT,QB_ELO,4-8,away,152,2.52,6.83232263286086,0.4399430671382655,0.10865652918842894,0,0,-1.0,0.3968253968253968,-3.5,draftkings
2022_01_LV_LAC,2022,01,ML_DOG_VALUE_ZONE,QB_ELO,ZONE,away,152,2.52,6.83232263286086,0.4399430671382655,0.10865652918842894,0,0,-1.0,0.3968253968253968,-3.5,draftkings
2022_01_NE_MIA,2022,01,ML_QBELO_DISAGREEMENT,QB_ELO,0-2,away,148,2.48,1.5241569548603229,0.4062612962741424,0.007528014759873303,0,0,-1.0,0.40322580645161293,-3.0,draftkings
2022_01_NE_MIA,2022,01,ML_DOG_VALUE_ZONE,QB_ELO,ZONE,away,148,2.48,1.5241569548603229,0.4062612962741424,0.007528014759873303,0,0,-1.0,0.40322580645161293,-3.0,draftkings
2022_01_NO_ATL,2022,01,ML_QBELO_DISAGREEMENT,QB_ELO,8-12,home,195,2.95,8.803386295144971,0.4078202878736638,0.20306984922730842,0,0,-1.0,0.3389830508474576,5.5,draftkings
2022_01_NO_ATL,2022,01,ML_DOG_VALUE_ZONE,QB_ELO,ZONE,home,195,2.95,8.803386295144971,0.4078202878736638,0.20306984922730842,0,0,-1.0,0.3389830508474576,5.5,draftkings
2022_01_NYG_TEN,2022,01,ML_QBELO_DISAGREEMENT,QB_ELO,8-12,home,-233,1.4291845493562232,9.727656239169002,0.78309176967929,0.11918265795366323,0,0,-1.0,0.6996996996996997,-5.0,draftkings
2022_01_PHI_DET,2022,01,ML_QBELO_DISAGREEMENT,QB_ELO,8-12,home,205,3.05,11.354069546765361,0.4319024232253545,0.31730239083733114,0,0,-1.0,0.3278688524590164,5.5,draftkings
2022_01_PHI_DET,2022,01,LONG_DOG_201+_CONTEXT,QB_ELO,LONG201+,home,205,3.05,11.354069546765361,0.4319024232253545,0.31730239083733114,0,0,-1.0,0.3278688524590164,5.5,draftkings
2022_01_PIT_CIN,2022,01,ML_QBELO_DISAGREEMENT,QB_ELO,12+,away,265,3.65,17.17678126467974,0.4369037269795816,0.5946986034754727,1,0,2.65,0.273972602739726,7.5,fanduel
2022_01_PIT_CIN,2022,01,LONG_DOG_201+_CONTEXT,QB_ELO,LONG201+,away,265,3.65,17.17678126467974,0.4369037269795816,0.5946986034754727,1,0,2.65,0.273972602739726,7.5,fanduel
2022_01_SF_CHI,2022,01,ML_QBELO_DISAGREEMENT,QB_ELO,12+,home,230,3.3,12.809416682472413,0.42300033304456325,0.3959010990470586,1,0,2.3,0.30303030303030304,6.5,draftkings
2022_01_SF_CHI,2022,01,LONG_DOG_201+_CONTEXT,QB_ELO,LONG201+,home,230,3.3,12.809416682472413,0.42300033304456325,0.3959010990470586,1,0,2.3,0.30303030303030304,6.5,draftkings
2022_01_TB_DAL,2022,01,ML_QBELO_DISAGREEMENT,QB_ELO,8-12,home,115,2.15,9.398806369613515,0.5308463704554576,0.14131969647923381,0,0,-1.0,0.46511627906976744,2.5,draftkings
2022_02_ARI_LV,2022,02,ML_QBELO_DISAGREEMENT,QB_ELO,8-12,away,198,2.98,11.390673244269733,0.43425824806346314,0.29408957922912005,1,0,1.98,0.33557046979865773,5.5,draftkings
2022_02_ARI_LV,2022,02,ML_DOG_VALUE_ZONE,QB_ELO,ZONE,away,198,2.98,11.390673244269733,0.43425824806346314,0.29408957922912005,1,0,1.98,0.33557046979865773,5.5,draftkings
2022_02_ATL_LA,2022,02,ML_QBELO_DISAGREEMENT,QB_ELO,4-8,away,385,4.85,5.667714718800659,0.25953886913028124,0.2587635152818639,0,0,-1.0,0.2061855670103093,10.0,draftkings
2022_02_ATL_LA,2022,02,LONG_DOG_201+_CONTEXT,QB_ELO,LONG201+,away,385,4.85,5.667714718800659,0.25953886913028124,0.2587635152818639,0,0,-1.0,0.2061855670103093,10.0,draftkings
2022_02_CAR_NYG,2022,02,ML_QBELO_DISAGREEMENT,QB_ELO,8-12,home,100,2.0,10.444607210521978,0.5881992667017879,0.1763985334035758,1,0,1.0,0.5,1.0,draftkings
2022_02_CHI_GB,2022,02,ML_QBELO_DISAGREEMENT,QB_ELO,4-8,away,380,4.8,7.807761281085285,0.28933078554973446,0.38878777063872527,0,0,-1.0,0.20833333333333334,10.5,fanduel
2022_02_CHI_GB,2022,02,LONG_DOG_201+_CONTEXT,QB_ELO,LONG201+,away,380,4.8,7.807761281085285,0.28933078554973446,0.38878777063872527,0,0,-1.0,0.20833333333333334,10.5,fanduel
2022_02_CIN_DAL,2022,02,ML_QBELO_DISAGREEMENT,QB_ELO,12+,home,250,3.5,33.72356445736193,0.6086060651977713,1.1301212281921993,1,0,2.5,0.2857142857142857,7.5,draftkings
2022_02_CIN_DAL,2022,02,LONG_DOG_201+_CONTEXT,QB_ELO,LONG201+,home,250,3.5,33.72356445736193,0.6086060651977713,1.1301212281921993,1,0,2.5,0.2857142857142857,7.5,draftkings
2022_02_HOU_DEN,2022,02,ML_QBELO_DISAGREEMENT,QB_ELO,12+,away,400,5.0,19.299009977579264,0.3872744638226834,0.936372319113417,0,0,-1.0,0.2,10.5,fanduel
2022_02_HOU_DEN,2022,02,LONG_DOG_201+_CONTEXT,QB_ELO,LONG201+,away,400,5.0,19.299009977579264,0.3872744638226834,0.936372319113417,0,0,-1.0,0.2,10.5,fanduel
2022_02_IND_JAX,2022,02,ML_QBELO_DISAGREEMENT,QB_ELO,8-12,away,-155,1.6451612903225805,11.869669251226,0.7142079694060386,0.17498730450670852,0,0,-1.0,0.607843137254902,3.0,fanduel
2022_02_LAC_KC,2022,02,ML_QBELO_DISAGREEMENT,QB_ELO,8-12,home,-189,1.529100529100529,10.370227871358118,0.7412789331322616,0.13349000886361684,1,0,0.529101,0.6539792387543253,-3.5,fanduel
2022_02_MIA_BAL,2022,02,ML_QBELO_DISAGREEMENT,QB_ELO,8-12,away,155,2.55,9.576128609915369,0.4752024727152282,0.2117663054238319,1,0,1.55,0.3921568627450981,3.5,draftkings
2022_02_MIA_BAL,2022,02,ML_DOG_VALUE_ZONE,QB_ELO,ZONE,away,155,2.55,9.576128609915369,0.4752024727152282,0.2117663054238319,1,0,1.55,0.3921568627450981,3.5,draftkings
2022_02_MIN_PHI,2022,02,ML_QBELO_DISAGREEMENT,QB_ELO,4-8,away,120,2.2,5.089615610675907,0.48224051268476054,0.0609291279064732,0,0,-1.0,0.45454545454545453,3.0,draftkings
2022_02_MIN_PHI,2022,02,ML_DOG_VALUE_ZONE,QB_ELO,ZONE,away,120,2.2,5.089615610675907,0.48224051268476054,0.0609291279064732,0,0,-1.0,0.45454545454545453,3.0,draftkings
2022_02_NE_PIT,2022,02,ML_QBELO_DISAGREEMENT,QB_ELO,12+,home,132,2.3200000000000003,19.817519214572794,0.6188893801331407,0.4358233619088865,0,0,-1.0,0.43103448275862066,3.0,draftkings
2022_02_NYJ_CLE,2022,02,ML_QBELO_DISAGREEMENT,QB_ELO,8-12,home,-250,1.4,8.079445884618707,0.771183043607921,0.07965626105108936,0,0,-1.0,0.7142857142857143,6.5,fanduel
2022_02_SEA_SF,2022,02,ML_QBELO_DISAGREEMENT,QB_ELO,12+,away,310,4.1,22.880313130298944,0.45706780629423693,0.8739780058063713,0,0,-1.0,0.24390243902439027,8.5,fanduel
2022_02_SEA_SF,2022,02,LONG_DOG_201+_CONTEXT,QB_ELO,LONG201+,away,310,4.1,22.880313130298944,0.45706780629423693,0.8739780058063713,0,0,-1.0,0.24390243902439027,8.5,fanduel
2022_02_TB_NO,2022,02,ML_QBELO_DISAGREEMENT,QB_ELO,4-8,home,128,2.2800000000000002,5.990588196892804,0.4858704375108495,0.10778459752473712,0,0,-1.0,0.43859649122807015,2.5,fanduel
2022_02_TB_NO,2022,02,ML_DOG_VALUE_ZONE,QB_ELO,ZONE,home,128,2.2800000000000002,5.990588196892804,0.4858704375108495,0.10778459752473712,0,0,-1.0,0.43859649122807015,2.5,fanduel
2022_02_TEN_BUF,2022,02,ML_QBELO_DISAGREEMENT,QB_ELO,8-12,away,360,4.6,10.330711177212432,0.3212861587474538,0.4779163302382874,0,0,-1.0,0.2173913043478261,10.0,draftkings
2022_02_TEN_BUF,2022,02,LONG_DOG_201+_CONTEXT,QB_ELO,LONG201+,away,360,4.6,10.330711177212432,0.3212861587474538,0.4779163302382874,0,0,-1.0,0.2173913043478261,10.0,draftkings
2022_02_WAS_DET,2022,02,ML_QBELO_DISAGREEMENT,QB_ELO,2-4,away,-108,1.925925925925926,2.533473398662389,0.5438591129282817,0.047432365639653806,0,0,-1.0,0.5192307692307692,1.0,draftkings
2022_03_ATL_SEA,2022,03,ML_QBELO_DISAGREEMENT,QB_ELO,12+,home,-115,1.8695652173913042,18.33304069052295,0.6879770311327282,0.2862179277698831,0,0,-1.0,0.5348837209302326,-1.0,fanduel
2022_03_ATL_SEA,2022,03,ML_XGB_DISAGREEMENT,XGB,2-4,home,-115,1.8695652173913042,2.0946596960092823,0.5255932211875916,-0.017369195171024532,0,0,-1.0,0.5348837209302326,-1.0,fanduel
2022_03_ATL_SEA,2022,03,ML_AVG_DISAGREEMENT,AVG,8-12,home,-115,1.8695652173913042,10.213850193266117,0.6067851261601599,0.13442436629942933,0,0,-1.0,0.5348837209302326,-1.0,fanduel
2022_03_ATL_SEA,2022,03,ML_CORROBORATED_DISAGREEMENT,CORROB,8-12,home,-115,1.8695652173913042,10.213850193266117,0.6067851261601599,0.13442436629942933,0,0,-1.0,0.5348837209302326,-1.0,fanduel
2022_03_BAL_NE,2022,03,ML_QBELO_DISAGREEMENT,QB_ELO,12+,home,126,2.26,13.315614661339936,0.5726549309784639,0.2942001440113282,0,0,-1.0,0.4424778761061947,2.5,draftkings
2022_03_BAL_NE,2022,03,ML_XGB_DISAGREEMENT,XGB,8-12,home,126,2.26,8.609443682252705,0.5255932211875916,0.1878406798839567,0,0,-1.0,0.4424778761061947,2.5,draftkings
2022_03_BAL_NE,2022,03,ML_AVG_DISAGREEMENT,AVG,8-12,home,126,2.26,10.96252917179632,0.5491240760830277,0.24102041194764245,0,0,-1.0,0.4424778761061947,2.5,draftkings
2022_03_BAL_NE,2022,03,ML_CORROBORATED_DISAGREEMENT,CORROB,8-12,home,126,2.26,10.96252917179632,0.5491240760830277,0.24102041194764245,0,0,-1.0,0.4424778761061947,2.5,draftkings
2022_03_BUF_MIA,2022,03,ML_QBELO_DISAGREEMENT,QB_ELO,12+,home,190,2.9,12.0445697490215,0.4733255762321627,0.37264417107327175,1,0,1.9,0.3448275862068966,4.5,fanduel
2022_03_BUF_MIA,2022,03,ML_DOG_VALUE_ZONE,QB_ELO,ZONE,home,190,2.9,12.0445697490215,0.4733255762321627,0.37264417107327175,1,0,1.9,0.3448275862068966,4.5,fanduel
2022_03_BUF_MIA,2022,03,ML_XGB_DISAGREEMENT,XGB,12+,home,190,2.9,18.2040277260097,0.5349201560020447,0.5512684524059295,1,0,1.9,0.3448275862068966,4.5,fanduel
2022_03_BUF_MIA,2022,03,ML_AVG_DISAGREEMENT,AVG,12+,home,190,2.9,15.124298737515595,0.5041228661171037,0.4619563117396006,1,0,1.9,0.3448275862068966,4.5,fanduel
2022_03_BUF_MIA,2022,03,ML_CORROBORATED_DISAGREEMENT,CORROB,12+,home,190,2.9,15.124298737515595,0.5041228661171037,0.4619563117396006,1,0,1.9,0.3448275862068966,4.5,fanduel
2022_03_CIN_NYJ,2022,03,ML_QBELO_DISAGREEMENT,QB_ELO,4-8,home,230,3.3,7.389416513338598,0.3748545330489818,0.23701995906163997,0,0,-1.0,0.30303030303030304,6.5,fanduel
2022_03_CIN_NYJ,2022,03,LONG_DOG_201+_CONTEXT,QB_ELO,LONG201+,home,230,3.3,7.389416513338598,0.3748545330489818,0.23701995906163997,0,0,-1.0,0.30303030303030304,6.5,fanduel
2022_03_CIN_NYJ,2022,03,ML_XGB_DISAGREEMENT,XGB,12+,home,230,3.3,23.554783463719957,0.5365082025527954,0.7704770684242248,0,0,-1.0,0.30303030303030304,6.5,fanduel
2022_03_CIN_NYJ,2022,03,LONG_DOG_201+_CONTEXT,XGB,LONG201+,home,230,3.3,23.554783463719957,0.5365082025527954,0.7704770684242248,0,0,-1.0,0.30303030303030304,6.5,fanduel
2022_03_CIN_NYJ,2022,03,ML_AVG_DISAGREEMENT,AVG,12+,home,230,3.3,15.472099988529282,0.45568136780088864,0.5037485137429325,0,0,-1.0,0.30303030303030304,6.5,fanduel
2022_03_CIN_NYJ,2022,03,LONG_DOG_201+_CONTEXT,AVG,LONG201+,home,230,3.3,15.472099988529282,0.45568136780088864,0.5037485137429325,0,0,-1.0,0.30303030303030304,6.5,fanduel
2022_03_CIN_NYJ,2022,03,ML_CORROBORATED_DISAGREEMENT,CORROB,12+,home,230,3.3,15.472099988529282,0.45568136780088864,0.5037485137429325,0,0,-1.0,0.30303030303030304,6.5,fanduel
2022_03_DAL_NYG,2022,03,ML_QBELO_DISAGREEMENT,QB_ELO,12+,away,100,2.0,14.599295140769541,0.6197713890305067,0.23954277806101332,1,0,1.0,0.5,-1.0,draftkings
2022_03_DAL_NYG,2022,03,ML_XGB_DISAGREEMENT,XGB,0-2,home,-115,1.8695652173913042,1.9103061207558558,0.5453246235847473,0.019519948441049317,0,0,-1.0,0.5348837209302326,-1.0,draftkings
2022_03_DAL_NYG,2022,03,ML_AVG_DISAGREEMENT,AVG,4-8,away,100,2.0,6.344494510006838,0.5372233827228796,0.07444676544575923,1,0,1.0,0.5,-1.0,draftkings
2022_03_DET_MIN,2022,03,ML_QBELO_DISAGREEMENT,QB_ELO,0-2,away,225,3.25,0.4138261552895428,0.2971445379714942,-0.03428025159264381,0,0,-1.0,0.3076923076923077,6.5,draftkings
2022_03_DET_MIN,2022,03,LONG_DOG_201+_CONTEXT,QB_ELO,LONG201+,away,225,3.25,0.4138261552895428,0.2971445379714942,-0.03428025159264381,0,0,-1.0,0.3076923076923077,6.5,draftkings
2022_03_DET_MIN,2022,03,ML_XGB_DISAGREEMENT,XGB,12+,away,225,3.25,17.048552102860583,0.4634917974472046,0.5063483417034149,0,0,-1.0,0.3076923076923077,6.5,draftkings
2022_03_DET_MIN,2022,03,LONG_DOG_201+_CONTEXT,XGB,LONG201+,away,225,3.25,17.048552102860583,0.4634917974472046,0.5063483417034149,0,0,-1.0,0.3076923076923077,6.5,draftkings
2022_03_DET_MIN,2022,03,ML_AVG_DISAGREEMENT,AVG,8-12,away,225,3.25,8.731189129075068,0.38031816770934945,0.23603404505538572,0,0,-1.0,0.3076923076923077,6.5,draftkings
2022_03_DET_MIN,2022,03,LONG_DOG_201+_CONTEXT,AVG,LONG201+,away,225,3.25,8.731189129075068,0.38031816770934945,0.23603404505538572,0,0,-1.0,0.3076923076923077,6.5,draftkings
2022_03_DET_MIN,2022,03,ML_CORROBORATED_DISAGREEMENT,CORROB,8-12,away,225,3.25,8.731189129075068,0.38031816770934945,0.23603404505538572,0,0,-1.0,0.3076923076923077,6.5,draftkings
2022_03_GB_TB,2022,03,ML_QBELO_DISAGREEMENT,QB_ELO,8-12,home,-120,1.8333333333333335,10.03176495727206,0.6330279299465523,0.1605512049020128,0,0,-1.0,0.5454545454545454,-1.5,draftkings
2022_03_GB_TB,2022,03,ML_XGB_DISAGREEMENT,XGB,0-2,home,-120,1.8333333333333335,1.261434321091559,0.5453246235847473,-0.0002381900946298865,0,0,-1.0,0.5454545454545454,-1.5,draftkings
2022_03_GB_TB,2022,03,ML_AVG_DISAGREEMENT,AVG,4-8,home,-120,1.8333333333333335,5.646599639181815,0.5891762767656499,0.08015650740369162,0,0,-1.0,0.5454545454545454,-1.5,draftkings
2022_03_GB_TB,2022,03,ML_CORROBORATED_DISAGREEMENT,CORROB,4-8,home,-120,1.8333333333333335,5.646599639181815,0.5891762767656499,0.08015650740369162,0,0,-1.0,0.5454545454545454,-1.5,draftkings
2022_03_HOU_CHI,2022,03,ML_QBELO_DISAGREEMENT,QB_ELO,4-8,home,-154,1.6493506493506493,5.32001480739781,0.6586284974492396,0.08630933994874579,1,0,0.649351,0.6062992125984252,-3.0,fanduel
2022_03_HOU_CHI,2022,03,ML_XGB_DISAGREEMENT,XGB,4-8,away,145,2.45,6.892014682246616,0.4634917974472046,0.13555490374565138,0,0,-1.0,0.4081632653061224,-3.0,fanduel
2022_03_HOU_CHI,2022,03,ML_DOG_VALUE_ZONE,XGB,ZONE,away,145,2.45,6.892014682246616,0.4634917974472046,0.13555490374565138,0,0,-1.0,0.4081632653061224,-3.0,fanduel
2022_03_HOU_CHI,2022,03,ML_AVG_DISAGREEMENT,AVG,0-2,away,145,2.45,0.7859999374244087,0.4024316499989825,-0.014042457502492778,0,0,-1.0,0.4081632653061224,-3.0,fanduel
2022_03_HOU_CHI,2022,03,ML_DOG_VALUE_ZONE,AVG,ZONE,away,145,2.45,0.7859999374244087,0.4024316499989825,-0.014042457502492778,0,0,-1.0,0.4081632653061224,-3.0,fanduel
2022_03_JAX_LAC,2022,03,ML_QBELO_DISAGREEMENT,QB_ELO,8-12,home,-250,1.4,9.664706998697635,0.7449775217470883,0.042968530445923525,0,0,-1.0,0.7142857142857143,6.5,fanduel
2022_03_JAX_LAC,2022,03,ML_XGB_DISAGREEMENT,XGB,12+,away,235,3.35,12.27372305725204,0.47440677881240845,0.5892627090215683,1,0,2.35,0.29850746268656714,6.5,fanduel
2022_03_JAX_LAC,2022,03,LONG_DOG_201+_CONTEXT,XGB,LONG201+,away,235,3.35,12.27372305725204,0.47440677881240845,0.5892627090215683,1,0,2.35,0.29850746268656714,6.5,fanduel
2022_03_JAX_LAC,2022,03,ML_AVG_DISAGREEMENT,AVG,0-2,away,235,3.35,1.304508029277207,0.3647146285326601,0.22179400558441142,1,0,2.35,0.29850746268656714,6.5,fanduel
2022_03_JAX_LAC,2022,03,LONG_DOG_201+_CONTEXT,AVG,LONG201+,away,235,3.35,1.304508029277207,0.3647146285326601,0.22179400558441142,1,0,2.35,0.29850746268656714,6.5,fanduel
2022_03_KC_IND,2022,03,ML_QBELO_DISAGREEMENT,QB_ELO,2-4,home,198,2.98,3.007605059378926,0.35684706882841893,0.06340426510868835,1,0,1.98,0.33557046979865773,5.5,fanduel
2022_03_KC_IND,2022,03,ML_XGB_DISAGREEMENT,XGB,12+,home,198,2.98,19.88222029529619,0.5255932211875916,0.5662677991390228,1,0,1.98,0.33557046979865773,5.5,fanduel
2022_03_KC_IND,2022,03,ML_AVG_DISAGREEMENT,AVG,8-12,home,198,2.98,11.444912677337554,0.4412201450080052,0.31483603212385547,1,0,1.98,0.33557046979865773,5.5,fanduel
2022_03_KC_IND,2022,03,ML_DOG_VALUE_ZONE,AVG,ZONE,home,198,2.98,11.444912677337554,0.4412201450080052,0.31483603212385547,1,0,1.98,0.33557046979865773,5.5,fanduel
2022_03_KC_IND,2022,03,ML_CORROBORATED_DISAGREEMENT,CORROB,8-12,home,198,2.98,11.444912677337554,0.4412201450080052,0.31483603212385547,1,0,1.98,0.33557046979865773,5.5,fanduel
2022_03_KC_IND,2022,03,ML_DOG_VALUE_ZONE,CORROB,ZONE,home,198,2.98,11.444912677337554,0.4412201450080052,0.31483603212385547,1,0,1.98,0.33557046979865773,5.5,fanduel
2022_03_LA_ARI,2022,03,ML_QBELO_DISAGREEMENT,QB_ELO,8-12,home,165,2.65,9.63481463633964,0.4834653464554986,0.28118316810707134,0,0,-1.0,0.37735849056603776,3.5,draftkings
2022_03_LA_ARI,2022,03,ML_DOG_VALUE_ZONE,QB_ELO,ZONE,home,165,2.65,9.63481463633964,0.4834653464554986,0.28118316810707134,0,0,-1.0,0.37735849056603776,3.5,draftkings
2022_03_LA_ARI,2022,03,ML_XGB_DISAGREEMENT,XGB,12+,home,165,2.65,14.93910024606932,0.5365082025527954,0.4217467367649077,0,0,-1.0,0.37735849056603776,3.5,draftkings
2022_03_LA_ARI,2022,03,ML_AVG_DISAGREEMENT,AVG,12+,home,165,2.65,12.286957441204477,0.509986774504147,0.3514649524359894,0,0,-1.0,0.37735849056603776,3.5,draftkings
2022_03_LA_ARI,2022,03,ML_CORROBORATED_DISAGREEMENT,CORROB,12+,home,165,2.65,12.286957441204477,0.509986774504147,0.3514649524359894,0,0,-1.0,0.37735849056603776,3.5,draftkings
2022_03_LV_TEN,2022,03,ML_QBELO_DISAGREEMENT,QB_ELO,12+,home,110,2.1,19.875178035417218,0.6588240774294268,0.3835305626017964,1,0,1.1,0.47619047619047616,2.0,draftkings
2022_03_LV_TEN,2022,03,ML_XGB_DISAGREEMENT,XGB,4-8,home,110,2.1,7.6435905477540755,0.5365082025527954,0.1266672253608705,1,0,1.1,0.47619047619047616,2.0,draftkings
2022_03_LV_TEN,2022,03,ML_AVG_DISAGREEMENT,AVG,12+,home,110,2.1,13.759384291585652,0.5976661399911112,0.25509889398133345,1,0,1.1,0.47619047619047616,2.0,draftkings
2022_03_LV_TEN,2022,03,ML_CORROBORATED_DISAGREEMENT,CORROB,12+,home,110,2.1,13.759384291585652,0.5976661399911112,0.25509889398133345,1,0,1.1,0.47619047619047616,2.0,draftkings
2022_03_NO_CAR,2022,03,ML_QBELO_DISAGREEMENT,QB_ELO,8-12,away,-134,1.7462686567164178,9.74507023737219,0.6494569353304807,0.13412629005472,0,0,-1.0,0.5726495726495727,2.5,fanduel
2022_03_NO_CAR,2022,03,ML_XGB_DISAGREEMENT,XGB,8-12,home,115,2.15,8.851443550955429,0.5365082025527954,0.15349263548851,1,0,1.15,0.46511627906976744,2.5,fanduel
2022_03_NO_CAR,2022,03,ML_AVG_DISAGREEMENT,AVG,0-2,away,-134,1.7462686567164178,0.4468133432083854,0.5564743663888426,-0.02824625570903605,0,0,-1.0,0.5726495726495727,2.5,fanduel
2022_03_PHI_WAS,2022,03,ML_QBELO_DISAGREEMENT,QB_ELO,12+,home,220,3.2,13.693602083999274,0.4399065048203211,0.4077008154250277,0,0,-1.0,0.3125,6.5,fanduel
2022_03_PHI_WAS,2022,03,LONG_DOG_201+_CONTEXT,QB_ELO,LONG201+,home,220,3.2,13.693602083999274,0.4399065048203211,0.4077008154250277,0,0,-1.0,0.3125,6.5,fanduel
2022_03_PHI_WAS,2022,03,ML_XGB_DISAGREEMENT,XGB,12+,home,220,3.2,22.262273720726316,0.5255932211875916,0.6818983078002931,0,0,-1.0,0.3125,6.5,fanduel
2022_03_PHI_WAS,2022,03,LONG_DOG_201+_CONTEXT,XGB,LONG201+,home,220,3.2,22.262273720726316,0.5255932211875916,0.6818983078002931,0,0,-1.0,0.3125,6.5,fanduel
2022_03_PHI_WAS,2022,03,ML_AVG_DISAGREEMENT,AVG,12+,home,220,3.2,17.977937902362797,0.48274986300395634,0.5447995616126604,0,0,-1.0,0.3125,6.5,fanduel
2022_03_PHI_WAS,2022,03,LONG_DOG_201+_CONTEXT,AVG,LONG201+,home,220,3.2,17.977937902362797,0.48274986300395634,0.5447995616126604,0,0,-1.0,0.3125,6.5,fanduel
2022_03_PHI_WAS,2022,03,ML_CORROBORATED_DISAGREEMENT,CORROB,12+,home,220,3.2,17.977937902362797,0.48274986300395634,0.5447995616126604,0,0,-1.0,0.3125,6.5,fanduel
2022_03_PIT_CLE,2022,03,ML_QBELO_DISAGREEMENT,QB_ELO,12+,away,172,2.7199999999999998,13.749877765343788,0.4768072865507398,0.29691581941801215,0,0,-1.0,0.36764705882352944,4.5,fanduel
2022_03_PIT_CLE,2022,03,ML_DOG_VALUE_ZONE,QB_ELO,ZONE,away,172,2.7199999999999998,13.749877765343788,0.4768072865507398,0.29691581941801215,0,0,-1.0,0.36764705882352944,4.5,fanduel
2022_03_PIT_CLE,2022,03,ML_XGB_DISAGREEMENT,XGB,12+,away,172,2.7199999999999998,12.418328854990268,0.4634917974472046,0.26069768905639634,0,0,-1.0,0.36764705882352944,4.5,fanduel
2022_03_PIT_CLE,2022,03,ML_DOG_VALUE_ZONE,XGB,ZONE,away,172,2.7199999999999998,12.418328854990268,0.4634917974472046,0.26069768905639634,0,0,-1.0,0.36764705882352944,4.5,fanduel
2022_03_PIT_CLE,2022,03,ML_AVG_DISAGREEMENT,AVG,12+,away,172,2.7199999999999998,13.084103310167027,0.4701495419989722,0.27880675423720414,0,0,-1.0,0.36764705882352944,4.5,fanduel
2022_03_PIT_CLE,2022,03,ML_DOG_VALUE_ZONE,AVG,ZONE,away,172,2.7199999999999998,13.084103310167027,0.4701495419989722,0.27880675423720414,0,0,-1.0,0.36764705882352944,4.5,fanduel
2022_03_PIT_CLE,2022,03,ML_CORROBORATED_DISAGREEMENT,CORROB,12+,away,172,2.7199999999999998,13.084103310167027,0.4701495419989722,0.27880675423720414,0,0,-1.0,0.36764705882352944,4.5,fanduel
2022_03_PIT_CLE,2022,03,ML_DOG_VALUE_ZONE,CORROB,ZONE,away,172,2.7199999999999998,13.084103310167027,0.4701495419989722,0.27880675423720414,0,0,-1.0,0.36764705882352944,4.5,fanduel
2022_03_SF_DEN,2022,03,ML_QBELO_DISAGREEMENT,QB_ELO,0-2,away,-118,1.847457627118644,1.4562281553106682,0.5451290311029652,0.007102786274969519,0,0,-1.0,0.5412844036697247,1.5,draftkings
2022_03_SF_DEN,2022,03,ML_XGB_DISAGREEMENT,XGB,4-8,home,100,2.0,7.589137313460581,0.5453246235847473,0.09064924716949463,1,0,1.0,0.5,1.5,draftkings
2022_03_SF_DEN,2022,03,ML_AVG_DISAGREEMENT,AVG,2-4,home,100,2.0,3.066454579074951,0.500097796240891,0.00019559248178202537,1,0,1.0,0.5,1.5,draftkings
2022_04_ARI_CAR,2022,04,ML_QBELO_DISAGREEMENT,QB_ELO,4-8,away,100,2.0,6.982438587403195,0.5392576363241735,0.0785152726483469,1,0,1.0,0.5,-1.0,fanduel
2022_04_ARI_CAR,2022,04,ML_XGB_DISAGREEMENT,XGB,0-2,home,-104,1.9615384615384617,1.2146296524055078,0.5427130460739136,0.06455251345267676,0,0,-1.0,0.5098039215686274,-1.0,fanduel
2022_04_ARI_CAR,2022,04,ML_AVG_DISAGREEMENT,AVG,2-4,away,100,2.0,2.8839044674988434,0.49827229512512994,-0.0034554097497401237,1,0,1.0,0.5,-1.0,fanduel
2022_04_BUF_BAL,2022,04,ML_QBELO_DISAGREEMENT,QB_ELO,4-8,home,152,2.52,5.3627399942863025,0.4436931413599558,0.11810671622708857,0,0,-1.0,0.3968253968253968,3.5,fanduel
2022_04_BUF_BAL,2022,04,ML_DOG_VALUE_ZONE,QB_ELO,ZONE,home,152,2.52,5.3627399942863025,0.4436931413599558,0.11810671622708857,0,0,-1.0,0.3968253968253968,3.5,fanduel
2022_04_BUF_BAL,2022,04,ML_XGB_DISAGREEMENT,XGB,12+,home,152,2.52,14.168267262251904,0.5317484140396118,0.3400060033798218,0,0,-1.0,0.3968253968253968,3.5,fanduel
2022_04_BUF_BAL,2022,04,ML_AVG_DISAGREEMENT,AVG,8-12,home,152,2.52,9.765503628269107,0.48772077769978384,0.22905635980345518,0,0,-1.0,0.3968253968253968,3.5,fanduel
2022_04_BUF_BAL,2022,04,ML_DOG_VALUE_ZONE,AVG,ZONE,home,152,2.52,9.765503628269107,0.48772077769978384,0.22905635980345518,0,0,-1.0,0.3968253968253968,3.5,fanduel
2022_04_BUF_BAL,2022,04,ML_CORROBORATED_DISAGREEMENT,CORROB,8-12,home,152,2.52,9.765503628269107,0.48772077769978384,0.22905635980345518,0,0,-1.0,0.3968253968253968,3.5,fanduel
2022_04_BUF_BAL,2022,04,ML_DOG_VALUE_ZONE,CORROB,ZONE,home,152,2.52,9.765503628269107,0.48772077769978384,0.22905635980345518,0,0,-1.0,0.3968253968253968,3.5,fanduel
2022_04_CHI_NYG,2022,04,ML_QBELO_DISAGREEMENT,QB_ELO,8-12,away,132,2.3200000000000003,10.947522569131468,0.5312425335814495,0.23248267790896282,0,0,-1.0,0.43103448275862066,3.0,fanduel
2022_04_CHI_NYG,2022,04,ML_XGB_DISAGREEMENT,XGB,2-4,away,132,2.3200000000000003,3.551964603595165,0.4572869539260864,0.06090573310852054,0,0,-1.0,0.43103448275862066,3.0,fanduel
2022_04_CHI_NYG,2022,04,ML_DOG_VALUE_ZONE,XGB,ZONE,away,132,2.3200000000000003,3.551964603595165,0.4572869539260864,0.06090573310852054,0,0,-1.0,0.43103448275862066,3.0,fanduel
2022_04_CHI_NYG,2022,04,ML_AVG_DISAGREEMENT,AVG,4-8,away,132,2.3200000000000003,7.249743586363317,0.49426474375376794,0.14669420550874168,0,0,-1.0,0.43103448275862066,3.0,fanduel
2022_04_CHI_NYG,2022,04,ML_DOG_VALUE_ZONE,AVG,ZONE,away,132,2.3200000000000003,7.249743586363317,0.49426474375376794,0.14669420550874168,0,0,-1.0,0.43103448275862066,3.0,fanduel
2022_04_CHI_NYG,2022,04,ML_CORROBORATED_DISAGREEMENT,CORROB,4-8,away,132,2.3200000000000003,7.249743586363317,0.49426474375376794,0.14669420550874168,0,0,-1.0,0.43103448275862066,3.0,fanduel
2022_04_CHI_NYG,2022,04,ML_DOG_VALUE_ZONE,CORROB,ZONE,away,132,2.3200000000000003,7.249743586363317,0.49426474375376794,0.14669420550874168,0,0,-1.0,0.43103448275862066,3.0,fanduel
2022_04_CLE_ATL,2022,04,ML_QBELO_DISAGREEMENT,QB_ELO,2-4,away,-118,1.847457627118644,2.1863264612723476,0.5391546574423478,-0.003934615911594719,0,0,-1.0,0.5412844036697247,1.5,fanduel
2022_04_CLE_ATL,2022,04,ML_XGB_DISAGREEMENT,XGB,4-8,home,100,2.0,4.903980686923603,0.5317484140396118,0.06349682807922363,1,0,1.0,0.5,1.5,fanduel
2022_04_CLE_ATL,2022,04,ML_AVG_DISAGREEMENT,AVG,0-2,home,100,2.0,1.3588271128256224,0.496296878298632,-0.00740624340273599,1,0,1.0,0.5,1.5,fanduel
2022_04_DEN_LV,2022,04,ML_QBELO_DISAGREEMENT,QB_ELO,2-4,away,125,2.25,2.3482161498177723,0.4512253741678609,0.01525709187768709,0,0,-1.0,0.4444444444444444,2.5,draftkings
2022_04_DEN_LV,2022,04,ML_DOG_VALUE_ZONE,QB_ELO,ZONE,away,125,2.25,2.3482161498177723,0.4512253741678609,0.01525709187768709,0,0,-1.0,0.4444444444444444,2.5,draftkings
2022_04_DEN_LV,2022,04,ML_XGB_DISAGREEMENT,XGB,4-8,away,125,2.25,4.0508373290705,0.4682515859603882,0.05356606841087341,0,0,-1.0,0.4444444444444444,2.5,draftkings
2022_04_DEN_LV,2022,04,ML_DOG_VALUE_ZONE,XGB,ZONE,away,125,2.25,4.0508373290705,0.4682515859603882,0.05356606841087341,0,0,-1.0,0.4444444444444444,2.5,draftkings
2022_04_DEN_LV,2022,04,ML_AVG_DISAGREEMENT,AVG,2-4,away,125,2.25,3.1995267394441362,0.45973848006412454,0.03441158014428014,0,0,-1.0,0.4444444444444444,2.5,draftkings
2022_04_DEN_LV,2022,04,ML_DOG_VALUE_ZONE,AVG,ZONE,away,125,2.25,3.1995267394441362,0.45973848006412454,0.03441158014428014,0,0,-1.0,0.4444444444444444,2.5,draftkings
2022_04_DEN_LV,2022,04,ML_CORROBORATED_DISAGREEMENT,CORROB,2-4,away,125,2.25,3.1995267394441362,0.45973848006412454,0.03441158014428014,0,0,-1.0,0.4444444444444444,2.5,draftkings
2022_04_DEN_LV,2022,04,ML_DOG_VALUE_ZONE,CORROB,ZONE,away,125,2.25,3.1995267394441362,0.45973848006412454,0.03441158014428014,0,0,-1.0,0.4444444444444444,2.5,draftkings
2022_04_JAX_PHI,2022,04,ML_QBELO_DISAGREEMENT,QB_ELO,4-8,home,-260,1.3846153846153846,4.782858899365716,0.7566951409952982,0.04773173368579742,1,0,0.384615,0.7222222222222222,6.5,fanduel
2022_04_JAX_PHI,2022,04,ML_XGB_DISAGREEMENT,XGB,12+,away,240,3.4,17.71181379620293,0.4682515859603882,0.5920553922653198,0,0,-1.0,0.29411764705882354,6.5,fanduel
2022_04_JAX_PHI,2022,04,LONG_DOG_201+_CONTEXT,XGB,LONG201+,away,240,3.4,17.71181379620293,0.4682515859603882,0.5920553922653198,0,0,-1.0,0.29411764705882354,6.5,fanduel
2022_04_JAX_PHI,2022,04,ML_AVG_DISAGREEMENT,AVG,4-8,away,240,3.4,6.464477448418609,0.355778222482545,0.20964595644065298,0,0,-1.0,0.29411764705882354,6.5,fanduel
2022_04_JAX_PHI,2022,04,LONG_DOG_201+_CONTEXT,AVG,LONG201+,away,240,3.4,6.464477448418609,0.355778222482545,0.20964595644065298,0,0,-1.0,0.29411764705882354,6.5,fanduel
2022_04_KC_TB,2022,04,ML_QBELO_DISAGREEMENT,QB_ELO,0-2,home,-125,1.8,1.007666851061162,0.5561220639710656,0.0010197151479180988,0,0,-1.0,0.5555555555555556,-1.5,fanduel
2022_04_KC_TB,2022,04,ML_XGB_DISAGREEMENT,XGB,0-2,away,112,2.12,1.429698142084218,0.4682515859603882,-0.0073066377639769975,1,0,1.12,0.4716981132075471,-1.5,fanduel
2022_04_KC_TB,2022,04,ML_DOG_VALUE_ZONE,XGB,ZONE,away,112,2.12,1.429698142084218,0.4682515859603882,-0.0073066377639769975,1,0,1.12,0.4716981132075471,-1.5,fanduel
2022_04_KC_TB,2022,04,ML_AVG_DISAGREEMENT,AVG,0-2,away,112,2.12,0.21101564551153085,0.4560647609946613,-0.033142706691318025,1,0,1.12,0.4716981132075471,-1.5,fanduel
2022_04_KC_TB,2022,04,ML_DOG_VALUE_ZONE,AVG,ZONE,away,112,2.12,0.21101564551153085,0.4560647609946613,-0.033142706691318025,1,0,1.12,0.4716981132075471,-1.5,fanduel
2022_04_LAC_HOU,2022,04,ML_QBELO_DISAGREEMENT,QB_ELO,12+,home,210,3.1,12.992063391650627,0.4480037545595294,0.3888116391345411,0,0,-1.0,0.3225806451612903,6.0,draftkings
2022_04_LAC_HOU,2022,04,LONG_DOG_201+_CONTEXT,QB_ELO,LONG201+,home,210,3.1,12.992063391650627,0.4480037545595294,0.3888116391345411,0,0,-1.0,0.3225806451612903,6.0,draftkings
2022_04_LAC_HOU,2022,04,ML_XGB_DISAGREEMENT,XGB,12+,home,210,3.1,21.366529339658868,0.5317484140396118,0.6484200835227967,0,0,-1.0,0.3225806451612903,6.0,draftkings
2022_04_LAC_HOU,2022,04,LONG_DOG_201+_CONTEXT,XGB,LONG201+,home,210,3.1,21.366529339658868,0.5317484140396118,0.6484200835227967,0,0,-1.0,0.3225806451612903,6.0,draftkings
2022_04_LAC_HOU,2022,04,ML_AVG_DISAGREEMENT,AVG,12+,home,210,3.1,17.17929636565475,0.48987608429957064,0.5186158613286691,0,0,-1.0,0.3225806451612903,6.0,draftkings
2022_04_LAC_HOU,2022,04,LONG_DOG_201+_CONTEXT,AVG,LONG201+,home,210,3.1,17.17929636565475,0.48987608429957064,0.5186158613286691,0,0,-1.0,0.3225806451612903,6.0,draftkings
2022_04_LAC_HOU,2022,04,ML_CORROBORATED_DISAGREEMENT,CORROB,12+,home,210,3.1,17.17929636565475,0.48987608429957064,0.5186158613286691,0,0,-1.0,0.3225806451612903,6.0,draftkings
2022_04_LA_SF,2022,04,ML_QBELO_DISAGREEMENT,QB_ELO,4-8,away,104,2.04,5.647527813453723,0.5280713496094647,0.07726555320330797,0,0,-1.0,0.49019607843137253,2.0,draftkings
2022_04_LA_SF,2022,04,ML_XGB_DISAGREEMENT,XGB,0-2,home,-120,1.8333333333333335,1.4309117548841122,0.5427130460739136,-0.005026082197825077,1,0,0.833333,0.5454545454545454,2.0,draftkings
2022_04_LA_SF,2022,04,ML_AVG_DISAGREEMENT,AVG,2-4,away,104,2.04,2.108308029284811,0.49267915176777555,0.005065469606262196,0,0,-1.0,0.49019607843137253,2.0,draftkings
2022_04_MIA_CIN,2022,04,ML_QBELO_DISAGREEMENT,QB_ELO,12+,away,172,2.7199999999999998,18.719752409153127,0.5349138426593532,0.4549656520334404,0,0,-1.0,0.36764705882352944,4.0,draftkings
2022_04_MIA_CIN,2022,04,ML_XGB_DISAGREEMENT,XGB,12+,away,172,2.7199999999999998,12.05352673925663,0.4682515859603882,0.27364431381225574,0,0,-1.0,0.36764705882352944,4.0,draftkings
2022_04_MIA_CIN,2022,04,ML_DOG_VALUE_ZONE,XGB,ZONE,away,172,2.7199999999999998,12.05352673925663,0.4682515859603882,0.27364431381225574,0,0,-1.0,0.36764705882352944,4.0,draftkings
2022_04_MIA_CIN,2022,04,ML_AVG_DISAGREEMENT,AVG,12+,away,172,2.7199999999999998,15.38663957420488,0.5015827143098707,0.3643049829228482,0,0,-1.0,0.36764705882352944,4.0,draftkings
2022_04_MIA_CIN,2022,04,ML_CORROBORATED_DISAGREEMENT,CORROB,12+,away,172,2.7199999999999998,15.38663957420488,0.5015827143098707,0.3643049829228482,0,0,-1.0,0.36764705882352944,4.0,draftkings
2022_04_MIN_NO,2022,04,ML_QBELO_DISAGREEMENT,QB_ELO,8-12,home,170,2.7,11.885468099068014,0.46539610637027984,0.2565694871997557,0,0,-1.0,0.37037037037037035,4.5,fanduel
2022_04_MIN_NO,2022,04,ML_DOG_VALUE_ZONE,QB_ELO,ZONE,home,170,2.7,11.885468099068014,0.46539610637027984,0.2565694871997557,0,0,-1.0,0.37037037037037035,4.5,fanduel
2022_04_MIN_NO,2022,04,ML_XGB_DISAGREEMENT,XGB,12+,home,170,2.7,17.46503504191979,0.5211917757987976,0.4072177946567537,0,0,-1.0,0.37037037037037035,4.5,fanduel
2022_04_MIN_NO,2022,04,ML_AVG_DISAGREEMENT,AVG,12+,home,170,2.7,14.675251570493902,0.4932939410845387,0.3318936409282547,0,0,-1.0,0.37037037037037035,4.5,fanduel
2022_04_MIN_NO,2022,04,ML_DOG_VALUE_ZONE,AVG,ZONE,home,170,2.7,14.675251570493902,0.4932939410845387,0.3318936409282547,0,0,-1.0,0.37037037037037035,4.5,fanduel
2022_04_MIN_NO,2022,04,ML_CORROBORATED_DISAGREEMENT,CORROB,12+,home,170,2.7,14.675251570493902,0.4932939410845387,0.3318936409282547,0,0,-1.0,0.37037037037037035,4.5,fanduel
2022_04_MIN_NO,2022,04,ML_DOG_VALUE_ZONE,CORROB,ZONE,home,170,2.7,14.675251570493902,0.4932939410845387,0.3318936409282547,0,0,-1.0,0.37037037037037035,4.5,fanduel
2022_04_NE_GB,2022,04,ML_QBELO_DISAGREEMENT,QB_ELO,4-8,away,360,4.6,6.822575240414139,0.2786137579414911,0.281623286530859,0,0,-1.0,0.2173913043478261,9.5,fanduel
2022_04_NE_GB,2022,04,LONG_DOG_201+_CONTEXT,QB_ELO,LONG201+,away,360,4.6,6.822575240414139,0.2786137579414911,0.281623286530859,0,0,-1.0,0.2173913043478261,9.5,fanduel
2022_04_NE_GB,2022,04,ML_XGB_DISAGREEMENT,XGB,12+,away,360,4.6,24.68989483887367,0.4572869539260864,1.1035199880599973,0,0,-1.0,0.2173913043478261,9.5,fanduel
2022_04_NE_GB,2022,04,LONG_DOG_201+_CONTEXT,XGB,LONG201+,away,360,4.6,24.68989483887367,0.4572869539260864,1.1035199880599973,0,0,-1.0,0.2173913043478261,9.5,fanduel
2022_04_NE_GB,2022,04,ML_AVG_DISAGREEMENT,AVG,12+,away,360,4.6,15.756235039643904,0.3679503559337888,0.6925716372954283,0,0,-1.0,0.2173913043478261,9.5,fanduel
2022_04_NE_GB,2022,04,LONG_DOG_201+_CONTEXT,AVG,LONG201+,away,360,4.6,15.756235039643904,0.3679503559337888,0.6925716372954283,0,0,-1.0,0.2173913043478261,9.5,fanduel
2022_04_NE_GB,2022,04,ML_CORROBORATED_DISAGREEMENT,CORROB,12+,away,360,4.6,15.756235039643904,0.3679503559337888,0.6925716372954283,0,0,-1.0,0.2173913043478261,9.5,fanduel
2022_04_NYJ_PIT,2022,04,ML_QBELO_DISAGREEMENT,QB_ELO,12+,home,-164,1.6097560975609757,17.222877084044686,0.7661374002820712,0.23329435167357815,0,0,-1.0,0.6212121212121212,3.0,draftkings
2022_04_NYJ_PIT,2022,04,ML_XGB_DISAGREEMENT,XGB,4-8,away,140,2.4,5.11955833677108,0.4572869539260864,0.09748868942260747,1,0,1.4,0.4166666666666667,3.0,draftkings
2022_04_NYJ_PIT,2022,04,ML_DOG_VALUE_ZONE,XGB,ZONE,away,140,2.4,5.11955833677108,0.4572869539260864,0.09748868942260747,1,0,1.4,0.4166666666666667,3.0,draftkings
2022_04_NYJ_PIT,2022,04,ML_AVG_DISAGREEMENT,AVG,4-8,home,-164,1.6097560975609757,6.051659373636797,0.6544252231779923,0.053464993408475436,0,0,-1.0,0.6212121212121212,3.0,draftkings
2022_04_SEA_DET,2022,04,ML_QBELO_DISAGREEMENT,QB_ELO,12+,away,154,2.54,16.27993610881393,0.5513853719917469,0.4005188448590371,1,0,1.54,0.39370078740157477,3.5,fanduel
2022_04_SEA_DET,2022,04,ML_XGB_DISAGREEMENT,XGB,4-8,away,154,2.54,7.966557505678063,0.4682515859603882,0.189359028339386,1,0,1.54,0.39370078740157477,3.5,fanduel
2022_04_SEA_DET,2022,04,ML_DOG_VALUE_ZONE,XGB,ZONE,away,154,2.54,7.966557505678063,0.4682515859603882,0.189359028339386,1,0,1.54,0.39370078740157477,3.5,fanduel
2022_04_SEA_DET,2022,04,ML_AVG_DISAGREEMENT,AVG,12+,away,154,2.54,12.123246807246002,0.5098184789760676,0.29493893659921167,1,0,1.54,0.39370078740157477,3.5,fanduel
2022_04_SEA_DET,2022,04,ML_CORROBORATED_DISAGREEMENT,CORROB,12+,away,154,2.54,12.123246807246002,0.5098184789760676,0.29493893659921167,1,0,1.54,0.39370078740157477,3.5,fanduel
2022_04_TEN_IND,2022,04,ML_QBELO_DISAGREEMENT,QB_ELO,8-12,away,165,2.65,11.620889511218385,0.4604236131035897,0.22012257472451258,1,0,1.65,0.37735849056603776,4.0,draftkings
2022_04_TEN_IND,2022,04,ML_DOG_VALUE_ZONE,QB_ELO,ZONE,away,165,2.65,11.620889511218385,0.4604236131035897,0.22012257472451258,1,0,1.65,0.37735849056603776,4.0,draftkings
2022_04_TEN_IND,2022,04,ML_XGB_DISAGREEMENT,XGB,12+,away,165,2.65,12.457903181785928,0.46879374980926514,0.24230343699455248,1,0,1.65,0.37735849056603776,4.0,draftkings
2022_04_TEN_IND,2022,04,ML_DOG_VALUE_ZONE,XGB,ZONE,away,165,2.65,12.457903181785928,0.46879374980926514,0.24230343699455248,1,0,1.65,0.37735849056603776,4.0,draftkings
2022_04_TEN_IND,2022,04,ML_AVG_DISAGREEMENT,AVG,12+,away,165,2.65,12.039396346502157,0.4646086814564274,0.23121300585953253,1,0,1.65,0.37735849056603776,4.0,draftkings
2022_04_TEN_IND,2022,04,ML_DOG_VALUE_ZONE,AVG,ZONE,away,165,2.65,12.039396346502157,0.4646086814564274,0.23121300585953253,1,0,1.65,0.37735849056603776,4.0,draftkings
2022_04_TEN_IND,2022,04,ML_CORROBORATED_DISAGREEMENT,CORROB,12+,away,165,2.65,12.039396346502157,0.4646086814564274,0.23121300585953253,1,0,1.65,0.37735849056603776,4.0,draftkings
2022_04_TEN_IND,2022,04,ML_DOG_VALUE_ZONE,CORROB,ZONE,away,165,2.65,12.039396346502157,0.4646086814564274,0.23121300585953253,1,0,1.65,0.37735849056603776,4.0,draftkings
2022_04_WAS_DAL,2022,04,ML_QBELO_DISAGREEMENT,QB_ELO,12+,home,-155,1.6451612903225805,16.172319622738517,0.7540167448723608,0.2404791609190451,1,0,0.645161,0.607843137254902,-3.0,draftkings
2022_04_WAS_DAL,2022,04,ML_XGB_DISAGREEMENT,XGB,4-8,away,136,2.3600000000000003,4.9580502571062,0.4572869539260864,0.07919721126556412,0,0,-1.0,0.42372881355932196,-3.0,draftkings
2022_04_WAS_DAL,2022,04,ML_DOG_VALUE_ZONE,XGB,ZONE,away,136,2.3600000000000003,4.9580502571062,0.4572869539260864,0.07919721126556412,0,0,-1.0,0.42372881355932196,-3.0,draftkings
2022_04_WAS_DAL,2022,04,ML_AVG_DISAGREEMENT,AVG,4-8,home,-155,1.6451612903225805,5.607134682816151,0.6483648954731371,0.06666482803645124,1,0,0.645161,0.607843137254902,-3.0,draftkings
2022_05_ATL_TB,2022,05,ML_QBELO_DISAGREEMENT,QB_ELO,2-4,away,370,4.7,3.893050410199947,0.248818563803492,0.16944724987641235,0,0,-1.0,0.2127659574468085,10.0,draftkings
2022_05_ATL_TB,2022,05,LONG_DOG_201+_CONTEXT,QB_ELO,LONG201+,away,370,4.7,3.893050410199947,0.248818563803492,0.16944724987641235,0,0,-1.0,0.2127659574468085,10.0,draftkings
2022_05_ATL_TB,2022,05,ML_XGB_DISAGREEMENT,XGB,12+,away,370,4.7,25.874511519474773,0.46863317489624023,1.202575922012329,0,0,-1.0,0.2127659574468085,10.0,draftkings
2022_05_ATL_TB,2022,05,LONG_DOG_201+_CONTEXT,XGB,LONG201+,away,370,4.7,25.874511519474773,0.46863317489624023,1.202575922012329,0,0,-1.0,0.2127659574468085,10.0,draftkings
2022_05_ATL_TB,2022,05,ML_AVG_DISAGREEMENT,AVG,12+,away,370,4.7,14.883780964837353,0.35872586934986606,0.6860115859443705,0,0,-1.0,0.2127659574468085,10.0,draftkings
2022_05_ATL_TB,2022,05,LONG_DOG_201+_CONTEXT,AVG,LONG201+,away,370,4.7,14.883780964837353,0.35872586934986606,0.6860115859443705,0,0,-1.0,0.2127659574468085,10.0,draftkings
2022_05_ATL_TB,2022,05,ML_CORROBORATED_DISAGREEMENT,CORROB,12+,away,370,4.7,14.883780964837353,0.35872586934986606,0.6860115859443705,0,0,-1.0,0.2127659574468085,10.0,draftkings
2022_05_CHI_MIN,2022,05,ML_QBELO_DISAGREEMENT,QB_ELO,4-8,away,290,3.9,6.096225790873225,0.30068561403571803,0.17267389473930028,0,0,-1.0,0.25641025641025644,7.5,draftkings
2022_05_CHI_MIN,2022,05,LONG_DOG_201+_CONTEXT,QB_ELO,LONG201+,away,290,3.9,6.096225790873225,0.30068561403571803,0.17267389473930028,0,0,-1.0,0.25641025641025644,7.5,draftkings
2022_05_CHI_MIN,2022,05,ML_XGB_DISAGREEMENT,XGB,12+,away,290,3.9,21.811166250781035,0.45783501863479614,0.785556572675705,0,0,-1.0,0.25641025641025644,7.5,draftkings
2022_05_CHI_MIN,2022,05,LONG_DOG_201+_CONTEXT,XGB,LONG201+,away,290,3.9,21.811166250781035,0.45783501863479614,0.785556572675705,0,0,-1.0,0.25641025641025644,7.5,draftkings
2022_05_CHI_MIN,2022,05,ML_AVG_DISAGREEMENT,AVG,12+,away,290,3.9,13.953696020827126,0.37926031633525703,0.4791152337075024,0,0,-1.0,0.25641025641025644,7.5,draftkings
2022_05_CHI_MIN,2022,05,LONG_DOG_201+_CONTEXT,AVG,LONG201+,away,290,3.9,13.953696020827126,0.37926031633525703,0.4791152337075024,0,0,-1.0,0.25641025641025644,7.5,draftkings
2022_05_CHI_MIN,2022,05,ML_CORROBORATED_DISAGREEMENT,CORROB,12+,away,290,3.9,13.953696020827126,0.37926031633525703,0.4791152337075024,0,0,-1.0,0.25641025641025644,7.5,draftkings
2022_05_CIN_BAL,2022,05,ML_QBELO_DISAGREEMENT,QB_ELO,4-8,away,140,2.4,4.99569945618879,0.4450832697079945,0.06819984729918671,0,0,-1.0,0.4166666666666667,3.0,draftkings
2022_05_CIN_BAL,2022,05,ML_DOG_VALUE_ZONE,QB_ELO,ZONE,away,140,2.4,4.99569945618879,0.4450832697079945,0.06819984729918671,0,0,-1.0,0.4166666666666667,3.0,draftkings
2022_05_CIN_BAL,2022,05,ML_XGB_DISAGREEMENT,XGB,4-8,away,140,2.4,7.350689975013363,0.46863317489624023,0.12471961975097656,0,0,-1.0,0.4166666666666667,3.0,draftkings
2022_05_CIN_BAL,2022,05,ML_DOG_VALUE_ZONE,XGB,ZONE,away,140,2.4,7.350689975013363,0.46863317489624023,0.12471961975097656,0,0,-1.0,0.4166666666666667,3.0,draftkings
2022_05_CIN_BAL,2022,05,ML_AVG_DISAGREEMENT,AVG,4-8,away,140,2.4,6.173194715601077,0.45685822230211737,0.09645973352508164,0,0,-1.0,0.4166666666666667,3.0,draftkings
2022_05_CIN_BAL,2022,05,ML_DOG_VALUE_ZONE,AVG,ZONE,away,140,2.4,6.173194715601077,0.45685822230211737,0.09645973352508164,0,0,-1.0,0.4166666666666667,3.0,draftkings
2022_05_CIN_BAL,2022,05,ML_CORROBORATED_DISAGREEMENT,CORROB,4-8,away,140,2.4,6.173194715601077,0.45685822230211737,0.09645973352508164,0,0,-1.0,0.4166666666666667,3.0,draftkings
2022_05_CIN_BAL,2022,05,ML_DOG_VALUE_ZONE,CORROB,ZONE,away,140,2.4,6.173194715601077,0.45685822230211737,0.09645973352508164,0,0,-1.0,0.4166666666666667,3.0,draftkings
2022_05_DAL_LA,2022,05,ML_QBELO_DISAGREEMENT,QB_ELO,8-12,away,198,2.98,10.981024934892364,0.4432698134320676,0.3209440440275615,1,0,1.98,0.33557046979865773,5.5,draftkings
2022_05_DAL_LA,2022,05,ML_DOG_VALUE_ZONE,QB_ELO,ZONE,away,198,2.98,10.981024934892364,0.4432698134320676,0.3209440440275615,1,0,1.98,0.33557046979865773,5.5,draftkings
2022_05_DAL_LA,2022,05,ML_XGB_DISAGREEMENT,XGB,12+,away,198,2.98,14.589332736201593,0.4793528914451599,0.4284716165065765,1,0,1.98,0.33557046979865773,5.5,draftkings
2022_05_DAL_LA,2022,05,ML_DOG_VALUE_ZONE,XGB,ZONE,away,198,2.98,14.589332736201593,0.4793528914451599,0.4284716165065765,1,0,1.98,0.33557046979865773,5.5,draftkings
2022_05_DAL_LA,2022,05,ML_AVG_DISAGREEMENT,AVG,12+,away,198,2.98,12.78517883554698,0.46131135243861376,0.374707830267069,1,0,1.98,0.33557046979865773,5.5,draftkings
2022_05_DAL_LA,2022,05,ML_DOG_VALUE_ZONE,AVG,ZONE,away,198,2.98,12.78517883554698,0.46131135243861376,0.374707830267069,1,0,1.98,0.33557046979865773,5.5,draftkings
2022_05_DAL_LA,2022,05,ML_CORROBORATED_DISAGREEMENT,CORROB,12+,away,198,2.98,12.78517883554698,0.46131135243861376,0.374707830267069,1,0,1.98,0.33557046979865773,5.5,draftkings
2022_05_DAL_LA,2022,05,ML_DOG_VALUE_ZONE,CORROB,ZONE,away,198,2.98,12.78517883554698,0.46131135243861376,0.374707830267069,1,0,1.98,0.33557046979865773,5.5,draftkings
2022_05_DET_NE,2022,05,ML_QBELO_DISAGREEMENT,QB_ELO,8-12,home,-150,1.6666666666666665,9.061531125203482,0.6861265881458134,0.14354431357635566,1,0,0.666667,0.6000000000000001,3.0,fanduel
2022_05_DET_NE,2022,05,ML_XGB_DISAGREEMENT,XGB,4-8,away,130,2.3,7.486416833893833,0.4793528914451599,0.10251165032386766,0,0,-1.0,0.4347826086956522,3.0,fanduel
2022_05_DET_NE,2022,05,ML_DOG_VALUE_ZONE,XGB,ZONE,away,130,2.3,7.486416833893833,0.4793528914451599,0.10251165032386766,0,0,-1.0,0.4347826086956522,3.0,fanduel
2022_05_DET_NE,2022,05,ML_AVG_DISAGREEMENT,AVG,0-2,home,-150,1.6666666666666665,0.7875571456548158,0.6033868483503267,0.005644747250544535,1,0,0.666667,0.6000000000000001,3.0,fanduel
2022_05_HOU_JAX,2022,05,ML_QBELO_DISAGREEMENT,QB_ELO,8-12,away,265,3.65,11.717549334450117,0.3885459139686531,0.41819258598558395,1,0,2.65,0.273972602739726,7.0,fanduel
2022_05_HOU_JAX,2022,05,LONG_DOG_201+_CONTEXT,QB_ELO,LONG201+,away,265,3.65,11.717549334450117,0.3885459139686531,0.41819258598558395,1,0,2.65,0.273972602739726,7.0,fanduel
2022_05_HOU_JAX,2022,05,ML_XGB_DISAGREEMENT,XGB,12+,away,265,3.65,18.64645980106442,0.45783501863479614,0.671097818017006,1,0,2.65,0.273972602739726,7.0,fanduel
2022_05_HOU_JAX,2022,05,LONG_DOG_201+_CONTEXT,XGB,LONG201+,away,265,3.65,18.64645980106442,0.45783501863479614,0.671097818017006,1,0,2.65,0.273972602739726,7.0,fanduel
2022_05_HOU_JAX,2022,05,ML_AVG_DISAGREEMENT,AVG,12+,away,265,3.65,15.182004567757268,0.42319046630172463,0.5446452020012948,1,0,2.65,0.273972602739726,7.0,fanduel
2022_05_HOU_JAX,2022,05,LONG_DOG_201+_CONTEXT,AVG,LONG201+,away,265,3.65,15.182004567757268,0.42319046630172463,0.5446452020012948,1,0,2.65,0.273972602739726,7.0,fanduel
2022_05_HOU_JAX,2022,05,ML_CORROBORATED_DISAGREEMENT,CORROB,12+,away,265,3.65,15.182004567757268,0.42319046630172463,0.5446452020012948,1,0,2.65,0.273972602739726,7.0,fanduel
2022_05_IND_DEN,2022,05,ML_QBELO_DISAGREEMENT,QB_ELO,8-12,away,150,2.5,11.546132928035924,0.49441563508000774,0.23603908770001936,1,0,1.5,0.4,3.5,draftkings
2022_05_IND_DEN,2022,05,ML_DOG_VALUE_ZONE,QB_ELO,ZONE,away,150,2.5,11.546132928035924,0.49441563508000774,0.23603908770001936,1,0,1.5,0.4,3.5,draftkings
2022_05_IND_DEN,2022,05,ML_XGB_DISAGREEMENT,XGB,4-8,away,150,2.5,7.888071283514764,0.45783501863479614,0.14458754658699036,1,0,1.5,0.4,3.5,draftkings
2022_05_IND_DEN,2022,05,ML_DOG_VALUE_ZONE,XGB,ZONE,away,150,2.5,7.888071283514764,0.45783501863479614,0.14458754658699036,1,0,1.5,0.4,3.5,draftkings
2022_05_IND_DEN,2022,05,ML_AVG_DISAGREEMENT,AVG,8-12,away,150,2.5,9.717102105775343,0.47612532685740194,0.19031331714350497,1,0,1.5,0.4,3.5,draftkings
2022_05_IND_DEN,2022,05,ML_DOG_VALUE_ZONE,AVG,ZONE,away,150,2.5,9.717102105775343,0.47612532685740194,0.19031331714350497,1,0,1.5,0.4,3.5,draftkings
2022_05_IND_DEN,2022,05,ML_CORROBORATED_DISAGREEMENT,CORROB,8-12,away,150,2.5,9.717102105775343,0.47612532685740194,0.19031331714350497,1,0,1.5,0.4,3.5,draftkings
2022_05_IND_DEN,2022,05,ML_DOG_VALUE_ZONE,CORROB,ZONE,away,150,2.5,9.717102105775343,0.47612532685740194,0.19031331714350497,1,0,1.5,0.4,3.5,draftkings
2022_05_LAC_CLE,2022,05,ML_QBELO_DISAGREEMENT,QB_ELO,8-12,home,105,2.05,11.490617589711928,0.5886846135199305,0.2068034577158575,0,0,-1.0,0.48780487804878053,2.0,draftkings
2022_05_LAC_CLE,2022,05,ML_XGB_DISAGREEMENT,XGB,4-8,home,105,2.05,5.758838748094853,0.5313668251037598,0.08930199146270734,0,0,-1.0,0.48780487804878053,2.0,draftkings
2022_05_LAC_CLE,2022,05,ML_AVG_DISAGREEMENT,AVG,8-12,home,105,2.05,8.624728168903395,0.5600257193118452,0.14805272458928265,0,0,-1.0,0.48780487804878053,2.0,draftkings
2022_05_LAC_CLE,2022,05,ML_CORROBORATED_DISAGREEMENT,CORROB,8-12,home,105,2.05,8.624728168903395,0.5600257193118452,0.14805272458928265,0,0,-1.0,0.48780487804878053,2.0,draftkings
2022_05_LV_KC,2022,05,ML_QBELO_DISAGREEMENT,QB_ELO,4-8,home,-350,1.2857142857142856,4.985876634663422,0.7921831944770278,0.018521250041892756,1,0,0.285714,0.7777777777777779,7.0,draftkings
2022_05_LV_KC,2022,05,ML_XGB_DISAGREEMENT,XGB,12+,away,290,3.9,20.015944676518966,0.45783501863479614,0.785556572675705,0,0,-1.0,0.25641025641025644,7.0,draftkings
2022_05_LV_KC,2022,05,LONG_DOG_201+_CONTEXT,XGB,LONG201+,away,290,3.9,20.015944676518966,0.45783501863479614,0.785556572675705,0,0,-1.0,0.25641025641025644,7.0,draftkings
2022_05_LV_KC,2022,05,ML_AVG_DISAGREEMENT,AVG,4-8,away,290,3.9,7.5150340209277635,0.3328259120788841,0.29802105710764804,0,0,-1.0,0.25641025641025644,7.0,draftkings
2022_05_LV_KC,2022,05,LONG_DOG_201+_CONTEXT,AVG,LONG201+,away,290,3.9,7.5150340209277635,0.3328259120788841,0.29802105710764804,0,0,-1.0,0.25641025641025644,7.0,draftkings
2022_05_MIA_NYJ,2022,05,ML_QBELO_DISAGREEMENT,QB_ELO,8-12,away,-180,1.5555555555555556,9.974713301768045,0.7030899538255289,0.09369548372860037,0,0,-1.0,0.6428571428571428,3.5,fanduel
2022_05_MIA_NYJ,2022,05,ML_XGB_DISAGREEMENT,XGB,12+,home,155,2.55,12.398992936268838,0.5206471085548401,0.3276501268148422,1,0,1.55,0.3921568627450981,3.5,fanduel
2022_05_MIA_NYJ,2022,05,ML_AVG_DISAGREEMENT,AVG,0-2,home,155,2.55,1.2121398172503905,0.4087785773646556,0.042385372279871714,1,0,1.55,0.3921568627450981,3.5,fanduel
2022_05_MIA_NYJ,2022,05,ML_DOG_VALUE_ZONE,AVG,ZONE,home,155,2.55,1.2121398172503905,0.4087785773646556,0.042385372279871714,1,0,1.55,0.3921568627450981,3.5,fanduel
2022_05_NYG_GB,2022,05,ML_QBELO_DISAGREEMENT,QB_ELO,0-2,away,310,4.1,1.0801642298976788,0.24798944638590514,0.01675673018221091,1,0,3.1,0.24390243902439027,8.5,fanduel
2022_05_NYG_GB,2022,05,LONG_DOG_201+_CONTEXT,QB_ELO,LONG201+,away,310,4.1,1.0801642298976788,0.24798944638590514,0.01675673018221091,1,0,3.1,0.24390243902439027,8.5,fanduel
2022_05_NYG_GB,2022,05,ML_XGB_DISAGREEMENT,XGB,12+,away,310,4.1,22.064721454786778,0.45783501863479614,0.8771235764026639,1,0,3.1,0.24390243902439027,8.5,fanduel
2022_05_NYG_GB,2022,05,LONG_DOG_201+_CONTEXT,XGB,LONG201+,away,310,4.1,22.064721454786778,0.45783501863479614,0.8771235764026639,1,0,3.1,0.24390243902439027,8.5,fanduel
2022_05_NYG_GB,2022,05,ML_AVG_DISAGREEMENT,AVG,8-12,away,310,4.1,11.572442842342229,0.35291223251035064,0.4469401532924375,1,0,3.1,0.24390243902439027,8.5,fanduel
2022_05_NYG_GB,2022,05,LONG_DOG_201+_CONTEXT,AVG,LONG201+,away,310,4.1,11.572442842342229,0.35291223251035064,0.4469401532924375,1,0,3.1,0.24390243902439027,8.5,fanduel
2022_05_NYG_GB,2022,05,ML_CORROBORATED_DISAGREEMENT,CORROB,8-12,away,310,4.1,11.572442842342229,0.35291223251035064,0.4469401532924375,1,0,3.1,0.24390243902439027,8.5,fanduel
2022_05_PHI_ARI,2022,05,ML_QBELO_DISAGREEMENT,QB_ELO,12+,home,205,3.05,17.024582413803653,0.49131514989245245,0.49851120717197994,0,0,-1.0,0.3278688524590164,5.5,draftkings
2022_05_PHI_ARI,2022,05,LONG_DOG_201+_CONTEXT,QB_ELO,LONG201+,home,205,3.05,17.024582413803653,0.49131514989245245,0.49851120717197994,0,0,-1.0,0.3278688524590164,5.5,draftkings
2022_05_PHI_ARI,2022,05,ML_XGB_DISAGREEMENT,XGB,12+,home,205,3.05,21.029749934934383,0.5313668251037598,0.6206688165664671,0,0,-1.0,0.3278688524590164,5.5,draftkings
2022_05_PHI_ARI,2022,05,LONG_DOG_201+_CONTEXT,XGB,LONG201+,home,205,3.05,21.029749934934383,0.5313668251037598,0.6206688165664671,0,0,-1.0,0.3278688524590164,5.5,draftkings
2022_05_PHI_ARI,2022,05,ML_AVG_DISAGREEMENT,AVG,12+,home,205,3.05,19.027166174369015,0.5113409874981061,0.5595900118692234,0,0,-1.0,0.3278688524590164,5.5,draftkings
2022_05_PHI_ARI,2022,05,LONG_DOG_201+_CONTEXT,AVG,LONG201+,home,205,3.05,19.027166174369015,0.5113409874981061,0.5595900118692234,0,0,-1.0,0.3278688524590164,5.5,draftkings
2022_05_PHI_ARI,2022,05,ML_CORROBORATED_DISAGREEMENT,CORROB,12+,home,205,3.05,19.027166174369015,0.5113409874981061,0.5595900118692234,0,0,-1.0,0.3278688524590164,5.5,draftkings
2022_05_PIT_BUF,2022,05,ML_QBELO_DISAGREEMENT,QB_ELO,8-12,away,640,7.4,8.836432560501681,0.22699648826675434,0.6797740131739822,0,0,-1.0,0.13513513513513511,14.0,fanduel
2022_05_PIT_BUF,2022,05,LONG_DOG_201+_CONTEXT,QB_ELO,LONG201+,away,640,7.4,8.836432560501681,0.22699648826675434,0.6797740131739822,0,0,-1.0,0.13513513513513511,14.0,fanduel
2022_05_PIT_BUF,2022,05,ML_XGB_DISAGREEMENT,XGB,12+,away,640,7.4,31.920285597305863,0.45783501863479614,2.3879791378974917,0,0,-1.0,0.13513513513513511,14.0,fanduel
2022_05_PIT_BUF,2022,05,LONG_DOG_201+_CONTEXT,XGB,LONG201+,away,640,7.4,31.920285597305863,0.45783501863479614,2.3879791378974917,0,0,-1.0,0.13513513513513511,14.0,fanduel
2022_05_PIT_BUF,2022,05,ML_AVG_DISAGREEMENT,AVG,12+,away,640,7.4,20.37835907890377,0.34241575345077524,1.533876575535737,0,0,-1.0,0.13513513513513511,14.0,fanduel
2022_05_PIT_BUF,2022,05,LONG_DOG_201+_CONTEXT,AVG,LONG201+,away,640,7.4,20.37835907890377,0.34241575345077524,1.533876575535737,0,0,-1.0,0.13513513513513511,14.0,fanduel
2022_05_PIT_BUF,2022,05,ML_CORROBORATED_DISAGREEMENT,CORROB,12+,away,640,7.4,20.37835907890377,0.34241575345077524,1.533876575535737,0,0,-1.0,0.13513513513513511,14.0,fanduel
2022_05_SEA_NO,2022,05,ML_QBELO_DISAGREEMENT,QB_ELO,12+,away,200,3.0,12.092117872683467,0.4484320957574024,0.3452962872722072,0,0,-1.0,0.3333333333333333,5.5,fanduel
2022_05_SEA_NO,2022,05,ML_DOG_VALUE_ZONE,QB_ELO,ZONE,away,200,3.0,12.092117872683467,0.4484320957574024,0.3452962872722072,0,0,-1.0,0.3333333333333333,5.5,fanduel
2022_05_SEA_NO,2022,05,ML_XGB_DISAGREEMENT,XGB,12+,away,200,3.0,14.212850347877065,0.4696394205093384,0.40891826152801514,0,0,-1.0,0.3333333333333333,5.5,fanduel
2022_05_SEA_NO,2022,05,ML_DOG_VALUE_ZONE,XGB,ZONE,away,200,3.0,14.212850347877065,0.4696394205093384,0.40891826152801514,0,0,-1.0,0.3333333333333333,5.5,fanduel
2022_05_SEA_NO,2022,05,ML_AVG_DISAGREEMENT,AVG,12+,away,200,3.0,13.152484110280266,0.4590357581333704,0.37710727440011116,0,0,-1.0,0.3333333333333333,5.5,fanduel
2022_05_SEA_NO,2022,05,ML_DOG_VALUE_ZONE,AVG,ZONE,away,200,3.0,13.152484110280266,0.4590357581333704,0.37710727440011116,0,0,-1.0,0.3333333333333333,5.5,fanduel
2022_05_SEA_NO,2022,05,ML_CORROBORATED_DISAGREEMENT,CORROB,12+,away,200,3.0,13.152484110280266,0.4590357581333704,0.37710727440011116,0,0,-1.0,0.3333333333333333,5.5,fanduel
2022_05_SEA_NO,2022,05,ML_DOG_VALUE_ZONE,CORROB,ZONE,away,200,3.0,13.152484110280266,0.4590357581333704,0.37710727440011116,0,0,-1.0,0.3333333333333333,5.5,fanduel
2022_05_SF_CAR,2022,05,ML_QBELO_DISAGREEMENT,QB_ELO,0-2,home,215,3.15,1.9513700489916574,0.3375968211329397,0.06342998656875998,0,0,-1.0,0.31746031746031744,6.0,draftkings
2022_05_SF_CAR,2022,05,LONG_DOG_201+_CONTEXT,QB_ELO,LONG201+,home,215,3.15,1.9513700489916574,0.3375968211329397,0.06342998656875998,0,0,-1.0,0.31746031746031744,6.0,draftkings
2022_05_SF_CAR,2022,05,ML_XGB_DISAGREEMENT,XGB,12+,home,215,3.15,22.408186072218072,0.5421649813652039,0.707819691300392,0,0,-1.0,0.31746031746031744,6.0,draftkings
2022_05_SF_CAR,2022,05,LONG_DOG_201+_CONTEXT,XGB,LONG201+,home,215,3.15,22.408186072218072,0.5421649813652039,0.707819691300392,0,0,-1.0,0.31746031746031744,6.0,draftkings
2022_05_SF_CAR,2022,05,ML_AVG_DISAGREEMENT,AVG,12+,home,215,3.15,12.179778060604862,0.43988090124907175,0.385624838934576,0,0,-1.0,0.31746031746031744,6.0,draftkings
2022_05_SF_CAR,2022,05,LONG_DOG_201+_CONTEXT,AVG,LONG201+,home,215,3.15,12.179778060604862,0.43988090124907175,0.385624838934576,0,0,-1.0,0.31746031746031744,6.0,draftkings
2022_05_SF_CAR,2022,05,ML_CORROBORATED_DISAGREEMENT,CORROB,12+,home,215,3.15,12.179778060604862,0.43988090124907175,0.385624838934576,0,0,-1.0,0.31746031746031744,6.0,draftkings
2022_05_TEN_WAS,2022,05,ML_QBELO_DISAGREEMENT,QB_ELO,12+,away,-115,1.8695652173913042,15.731936828666987,0.6526727440591712,0.22021426063236338,1,0,0.869565,0.5348837209302326,-1.0,draftkings
2022_05_TEN_WAS,2022,05,ML_XGB_DISAGREEMENT,XGB,2-4,home,-102,1.9803921568627452,2.571395526316289,0.5303605794906616,0.050321931932486796,0,0,-1.0,0.504950495049505,-1.0,draftkings
2022_05_TEN_WAS,2022,05,ML_AVG_DISAGREEMENT,AVG,4-8,away,-115,1.8695652173913042,6.580270651175341,0.5611560822842547,0.04911789296621527,1,0,0.869565,0.5348837209302326,-1.0,draftkings
2022_06_ARI_SEA,2022,06,ML_QBELO_DISAGREEMENT,QB_ELO,8-12,home,120,2.2,9.498292288472499,0.5449465721095692,0.19888245864105225,1,0,1.2,0.45454545454545453,2.5,fanduel
2022_06_ARI_SEA,2022,06,ML_XGB_DISAGREEMENT,XGB,8-12,home,120,2.2,8.39190879348848,0.533882737159729,0.174542021751404,1,0,1.2,0.45454545454545453,2.5,fanduel
2022_06_ARI_SEA,2022,06,ML_AVG_DISAGREEMENT,AVG,8-12,home,120,2.2,8.945100540980489,0.5394146546346491,0.18671224019622823,1,0,1.2,0.45454545454545453,2.5,fanduel
2022_06_ARI_SEA,2022,06,ML_CORROBORATED_DISAGREEMENT,CORROB,8-12,home,120,2.2,8.945100540980489,0.5394146546346491,0.18671224019622823,1,0,1.2,0.45454545454545453,2.5,fanduel
2022_06_BAL_NYG,2022,06,ML_QBELO_DISAGREEMENT,QB_ELO,8-12,home,200,3.0,11.296740235860419,0.43105052300162733,0.29315156900488204,1,0,2.0,0.3333333333333333,5.5,fanduel
2022_06_BAL_NYG,2022,06,ML_DOG_VALUE_ZONE,QB_ELO,ZONE,home,200,3.0,11.296740235860419,0.43105052300162733,0.29315156900488204,1,0,2.0,0.3333333333333333,5.5,fanduel
2022_06_BAL_NYG,2022,06,ML_XGB_DISAGREEMENT,XGB,12+,home,200,3.0,21.285228604185235,0.5309354066848755,0.5928062200546265,1,0,2.0,0.3333333333333333,5.5,fanduel
2022_06_BAL_NYG,2022,06,ML_AVG_DISAGREEMENT,AVG,12+,home,200,3.0,16.290984420022824,0.4809929648432514,0.44297889452975414,1,0,2.0,0.3333333333333333,5.5,fanduel
2022_06_BAL_NYG,2022,06,ML_DOG_VALUE_ZONE,AVG,ZONE,home,200,3.0,16.290984420022824,0.4809929648432514,0.44297889452975414,1,0,2.0,0.3333333333333333,5.5,fanduel
2022_06_BAL_NYG,2022,06,ML_CORROBORATED_DISAGREEMENT,CORROB,12+,home,200,3.0,16.290984420022824,0.4809929648432514,0.44297889452975414,1,0,2.0,0.3333333333333333,5.5,fanduel
2022_06_BAL_NYG,2022,06,ML_DOG_VALUE_ZONE,CORROB,ZONE,home,200,3.0,16.290984420022824,0.4809929648432514,0.44297889452975414,1,0,2.0,0.3333333333333333,5.5,fanduel
2022_06_BUF_KC,2022,06,ML_QBELO_DISAGREEMENT,QB_ELO,12+,home,125,2.25,16.56338452763995,0.5863480332638122,0.31928307484357754,0,0,-1.0,0.4444444444444444,-2.5,draftkings
2022_06_BUF_KC,2022,06,ML_XGB_DISAGREEMENT,XGB,8-12,home,125,2.25,11.022121869746277,0.5309354066848755,0.19460466504096985,0,0,-1.0,0.4444444444444444,-2.5,draftkings
2022_06_BUF_KC,2022,06,ML_AVG_DISAGREEMENT,AVG,12+,home,125,2.25,13.792753198693115,0.5586417199743439,0.2569438699422737,0,0,-1.0,0.4444444444444444,-2.5,draftkings
2022_06_BUF_KC,2022,06,ML_CORROBORATED_DISAGREEMENT,CORROB,12+,home,125,2.25,13.792753198693115,0.5586417199743439,0.2569438699422737,0,0,-1.0,0.4444444444444444,-2.5,draftkings
2022_06_CAR_LA,2022,06,ML_QBELO_DISAGREEMENT,QB_ELO,0-2,away,360,4.6,0.40057675536422643,0.222994152204819,0.02577310014216727,0,0,-1.0,0.2173913043478261,10.0,fanduel
2022_06_CAR_LA,2022,06,LONG_DOG_201+_CONTEXT,QB_ELO,LONG201+,away,360,4.6,0.40057675536422643,0.222994152204819,0.02577310014216727,0,0,-1.0,0.2173913043478261,10.0,fanduel
2022_06_CAR_LA,2022,06,ML_XGB_DISAGREEMENT,XGB,12+,away,360,4.6,25.83083253631665,0.47729671001434326,1.195564866065979,0,0,-1.0,0.2173913043478261,10.0,fanduel
2022_06_CAR_LA,2022,06,LONG_DOG_201+_CONTEXT,XGB,LONG201+,away,360,4.6,25.83083253631665,0.47729671001434326,1.195564866065979,0,0,-1.0,0.2173913043478261,10.0,fanduel
2022_06_CAR_LA,2022,06,ML_AVG_DISAGREEMENT,AVG,12+,away,360,4.6,13.115704645840434,0.3501454311095811,0.6106689831040728,0,0,-1.0,0.2173913043478261,10.0,fanduel
2022_06_CAR_LA,2022,06,LONG_DOG_201+_CONTEXT,AVG,LONG201+,away,360,4.6,13.115704645840434,0.3501454311095811,0.6106689831040728,0,0,-1.0,0.2173913043478261,10.0,fanduel
2022_06_CAR_LA,2022,06,ML_CORROBORATED_DISAGREEMENT,CORROB,12+,away,360,4.6,13.115704645840434,0.3501454311095811,0.6106689831040728,0,0,-1.0,0.2173913043478261,10.0,fanduel
2022_06_CIN_NO,2022,06,ML_QBELO_DISAGREEMENT,QB_ELO,12+,home,140,2.4,13.990727016619331,0.536564449358345,0.287754678460028,0,0,-1.0,0.4166666666666667,3.0,fanduel
2022_06_CIN_NO,2022,06,ML_XGB_DISAGREEMENT,XGB,12+,home,140,2.4,13.427822749272378,0.5309354066848755,0.2742449760437011,0,0,-1.0,0.4166666666666667,3.0,fanduel
2022_06_CIN_NO,2022,06,ML_AVG_DISAGREEMENT,AVG,12+,home,140,2.4,13.709274882945854,0.5337499280216103,0.28099982725186456,0,0,-1.0,0.4166666666666667,3.0,fanduel
2022_06_CIN_NO,2022,06,ML_CORROBORATED_DISAGREEMENT,CORROB,12+,home,140,2.4,13.709274882945854,0.5337499280216103,0.28099982725186456,0,0,-1.0,0.4166666666666667,3.0,fanduel
2022_06_DAL_PHI,2022,06,ML_QBELO_DISAGREEMENT,QB_ELO,12+,away,245,3.45,19.073743321067028,0.47171852552466664,0.6274289130601001,0,0,-1.0,0.2898550724637681,7.0,draftkings
2022_06_DAL_PHI,2022,06,LONG_DOG_201+_CONTEXT,QB_ELO,LONG201+,away,245,3.45,19.073743321067028,0.47171852552466664,0.6274289130601001,0,0,-1.0,0.2898550724637681,7.0,draftkings
2022_06_DAL_PHI,2022,06,ML_XGB_DISAGREEMENT,XGB,12+,away,245,3.45,17.74869872529592,0.45846807956695557,0.5817148745059968,0,0,-1.0,0.2898550724637681,7.0,draftkings
2022_06_DAL_PHI,2022,06,LONG_DOG_201+_CONTEXT,XGB,LONG201+,away,245,3.45,17.74869872529592,0.45846807956695557,0.5817148745059968,0,0,-1.0,0.2898550724637681,7.0,draftkings
2022_06_DAL_PHI,2022,06,ML_AVG_DISAGREEMENT,AVG,12+,away,245,3.45,18.41122102318147,0.46509330254581105,0.6045718937830482,0,0,-1.0,0.2898550724637681,7.0,draftkings
2022_06_DAL_PHI,2022,06,LONG_DOG_201+_CONTEXT,AVG,LONG201+,away,245,3.45,18.41122102318147,0.46509330254581105,0.6045718937830482,0,0,-1.0,0.2898550724637681,7.0,draftkings
2022_06_DAL_PHI,2022,06,ML_CORROBORATED_DISAGREEMENT,CORROB,12+,away,245,3.45,18.41122102318147,0.46509330254581105,0.6045718937830482,0,0,-1.0,0.2898550724637681,7.0,draftkings
2022_06_DEN_LAC,2022,06,ML_QBELO_DISAGREEMENT,QB_ELO,2-4,home,-200,1.5,2.2902240005354235,0.6596178474068024,-0.010573228889796393,1,0,0.5,0.6666666666666666,4.0,fanduel
2022_06_DEN_LAC,2022,06,ML_XGB_DISAGREEMENT,XGB,8-12,away,180,2.8,9.518368696840362,0.45846807956695557,0.2837106227874755,0,0,-1.0,0.35714285714285715,4.0,fanduel
2022_06_DEN_LAC,2022,06,ML_DOG_VALUE_ZONE,XGB,ZONE,away,180,2.8,9.518368696840362,0.45846807956695557,0.2837106227874755,0,0,-1.0,0.35714285714285715,4.0,fanduel
2022_06_DEN_LAC,2022,06,ML_AVG_DISAGREEMENT,AVG,2-4,away,180,2.8,3.614072348152464,0.3994251160800766,0.11839032502421443,0,0,-1.0,0.35714285714285715,4.0,fanduel
2022_06_JAX_IND,2022,06,ML_QBELO_DISAGREEMENT,QB_ELO,12+,home,-125,1.8,21.83429968074899,0.7498591807938613,0.34974652542895024,1,0,0.8,0.5555555555555556,-1.5,fanduel
2022_06_JAX_IND,2022,06,ML_XGB_DISAGREEMENT,XGB,0-2,away,108,2.08,0.8812894000714722,0.47729671001434326,-0.007222843170165971,0,0,-1.0,0.4807692307692307,-1.5,fanduel
2022_06_JAX_IND,2022,06,ML_AVG_DISAGREEMENT,AVG,8-12,home,-125,1.8,10.476505140338766,0.636281235389759,0.14530622370156632,1,0,0.8,0.5555555555555556,-1.5,fanduel
2022_06_MIN_MIA,2022,06,ML_QBELO_DISAGREEMENT,QB_ELO,12+,home,156,2.56,14.401051367283497,0.5340762550899277,0.367235213030215,0,0,-1.0,0.390625,3.5,fanduel
2022_06_MIN_MIA,2022,06,ML_XGB_DISAGREEMENT,XGB,12+,home,156,2.56,14.086966526778271,0.5309354066848755,0.35919464111328137,0,0,-1.0,0.390625,3.5,fanduel
2022_06_MIN_MIA,2022,06,ML_AVG_DISAGREEMENT,AVG,12+,home,156,2.56,14.244008947030878,0.5325058308874016,0.36321492707174796,0,0,-1.0,0.390625,3.5,fanduel
2022_06_MIN_MIA,2022,06,ML_CORROBORATED_DISAGREEMENT,CORROB,12+,home,156,2.56,14.244008947030878,0.5325058308874016,0.36321492707174796,0,0,-1.0,0.390625,3.5,fanduel
2022_06_NE_CLE,2022,06,ML_QBELO_DISAGREEMENT,QB_ELO,0-2,away,130,2.3,1.6945892835417697,0.4446891055051009,0.02278494266173192,1,0,1.3,0.4347826086956522,3.0,draftkings
2022_06_NE_CLE,2022,06,ML_DOG_VALUE_ZONE,QB_ELO,ZONE,away,130,2.3,1.6945892835417697,0.4446891055051009,0.02278494266173192,1,0,1.3,0.4347826086956522,3.0,draftkings
2022_06_NE_CLE,2022,06,ML_XGB_DISAGREEMENT,XGB,2-4,away,130,2.3,3.0724866897272385,0.45846807956695557,0.054476583003997714,1,0,1.3,0.4347826086956522,3.0,draftkings
2022_06_NE_CLE,2022,06,ML_DOG_VALUE_ZONE,XGB,ZONE,away,130,2.3,3.0724866897272385,0.45846807956695557,0.054476583003997714,1,0,1.3,0.4347826086956522,3.0,draftkings
2022_06_NE_CLE,2022,06,ML_AVG_DISAGREEMENT,AVG,2-4,away,130,2.3,2.3835379866345097,0.4515785925360283,0.03863076283286504,1,0,1.3,0.4347826086956522,3.0,draftkings
2022_06_NE_CLE,2022,06,ML_DOG_VALUE_ZONE,AVG,ZONE,away,130,2.3,2.3835379866345097,0.4515785925360283,0.03863076283286504,1,0,1.3,0.4347826086956522,3.0,draftkings
2022_06_NE_CLE,2022,06,ML_CORROBORATED_DISAGREEMENT,CORROB,2-4,away,130,2.3,2.3835379866345097,0.4515785925360283,0.03863076283286504,1,0,1.3,0.4347826086956522,3.0,draftkings
2022_06_NE_CLE,2022,06,ML_DOG_VALUE_ZONE,CORROB,ZONE,away,130,2.3,2.3835379866345097,0.4515785925360283,0.03863076283286504,1,0,1.3,0.4347826086956522,3.0,draftkings
2022_06_NYJ_GB,2022,06,ML_QBELO_DISAGREEMENT,QB_ELO,4-8,home,-340,1.2941176470588236,4.452399085645908,0.7969441533133412,0.031339492523147605,0,0,-1.0,0.7727272727272727,7.5,fanduel
2022_06_NYJ_GB,2022,06,ML_XGB_DISAGREEMENT,XGB,12+,away,310,4.1,21.088824202383773,0.45846807956695557,0.8797191262245176,1,0,3.1,0.24390243902439027,7.5,fanduel
2022_06_NYJ_GB,2022,06,LONG_DOG_201+_CONTEXT,XGB,LONG201+,away,310,4.1,21.088824202383773,0.45846807956695557,0.8797191262245176,1,0,3.1,0.24390243902439027,7.5,fanduel
2022_06_NYJ_GB,2022,06,ML_AVG_DISAGREEMENT,AVG,8-12,away,310,4.1,8.318212558368934,0.33076196312680717,0.35612404881990933,1,0,3.1,0.24390243902439027,7.5,fanduel
2022_06_NYJ_GB,2022,06,LONG_DOG_201+_CONTEXT,AVG,LONG201+,away,310,4.1,8.318212558368934,0.33076196312680717,0.35612404881990933,1,0,3.1,0.24390243902439027,7.5,fanduel
2022_06_SF_ATL,2022,06,ML_QBELO_DISAGREEMENT,QB_ELO,2-4,home,175,2.75,2.7660761364781905,0.3900841069461014,0.07273129410177881,1,0,1.75,0.36363636363636365,4.0,draftkings
2022_06_SF_ATL,2022,06,ML_XGB_DISAGREEMENT,XGB,12+,home,175,2.75,16.851206110355598,0.5309354066848755,0.4600723683834076,1,0,1.75,0.36363636363636365,4.0,draftkings
2022_06_SF_ATL,2022,06,ML_AVG_DISAGREEMENT,AVG,8-12,home,175,2.75,9.808641123416894,0.46050975681548845,0.2664018312425933,1,0,1.75,0.36363636363636365,4.0,draftkings
2022_06_SF_ATL,2022,06,ML_DOG_VALUE_ZONE,AVG,ZONE,home,175,2.75,9.808641123416894,0.46050975681548845,0.2664018312425933,1,0,1.75,0.36363636363636365,4.0,draftkings
2022_06_SF_ATL,2022,06,ML_CORROBORATED_DISAGREEMENT,CORROB,8-12,home,175,2.75,9.808641123416894,0.46050975681548845,0.2664018312425933,1,0,1.75,0.36363636363636365,4.0,draftkings
2022_06_SF_ATL,2022,06,ML_DOG_VALUE_ZONE,CORROB,ZONE,home,175,2.75,9.808641123416894,0.46050975681548845,0.2664018312425933,1,0,1.75,0.36363636363636365,4.0,draftkings
2022_06_TB_PIT,2022,06,ML_QBELO_DISAGREEMENT,QB_ELO,12+,home,380,4.8,14.880219005430886,0.36872807804274016,0.7698947746051528,1,0,3.8,0.20833333333333334,10.0,draftkings
2022_06_TB_PIT,2022,06,LONG_DOG_201+_CONTEXT,QB_ELO,LONG201+,home,380,4.8,14.880219005430886,0.36872807804274016,0.7698947746051528,1,0,3.8,0.20833333333333334,10.0,draftkings
2022_06_TB_PIT,2022,06,ML_XGB_DISAGREEMENT,XGB,12+,home,380,4.8,30.277740199722547,0.5227032899856567,1.5089757919311522,1,0,3.8,0.20833333333333334,10.0,draftkings
2022_06_TB_PIT,2022,06,LONG_DOG_201+_CONTEXT,XGB,LONG201+,home,380,4.8,30.277740199722547,0.5227032899856567,1.5089757919311522,1,0,3.8,0.20833333333333334,10.0,draftkings
2022_06_TB_PIT,2022,06,ML_AVG_DISAGREEMENT,AVG,12+,home,380,4.8,22.57897960257672,0.4457156840141985,1.1394352832681527,1,0,3.8,0.20833333333333334,10.0,draftkings
2022_06_TB_PIT,2022,06,LONG_DOG_201+_CONTEXT,AVG,LONG201+,home,380,4.8,22.57897960257672,0.4457156840141985,1.1394352832681527,1,0,3.8,0.20833333333333334,10.0,draftkings
2022_06_TB_PIT,2022,06,ML_CORROBORATED_DISAGREEMENT,CORROB,12+,home,380,4.8,22.57897960257672,0.4457156840141985,1.1394352832681527,1,0,3.8,0.20833333333333334,10.0,draftkings
2022_06_WAS_CHI,2022,06,ML_QBELO_DISAGREEMENT,QB_ELO,12+,home,102,2.02,13.220707746449378,0.6091898838982154,0.23056356547439516,0,0,-1.0,0.49504950495049505,1.5,fanduel
2022_06_WAS_CHI,2022,06,ML_XGB_DISAGREEMENT,XGB,4-8,home,102,2.02,6.454911399932284,0.5415319204330444,0.09389447927474981,0,0,-1.0,0.49504950495049505,1.5,fanduel
2022_06_WAS_CHI,2022,06,ML_AVG_DISAGREEMENT,AVG,8-12,home,102,2.02,9.837809573190825,0.5753609021656299,0.16222902237457237,0,0,-1.0,0.49504950495049505,1.5,fanduel
2022_06_WAS_CHI,2022,06,ML_CORROBORATED_DISAGREEMENT,CORROB,8-12,home,102,2.02,9.837809573190825,0.5753609021656299,0.16222902237457237,0,0,-1.0,0.49504950495049505,1.5,fanduel
2022_07_ATL_CIN,2022,07,ML_QBELO_DISAGREEMENT,QB_ELO,2-4,away,245,3.45,3.748109056754595,0.3313264393579497,0.14307621578492657,0,0,-1.0,0.2898550724637681,6.5,draftkings
2022_07_ATL_CIN,2022,07,LONG_DOG_201+_CONTEXT,QB_ELO,LONG201+,away,245,3.45,3.748109056754595,0.3313264393579497,0.14307621578492657,0,0,-1.0,0.2898550724637681,6.5,draftkings
2022_07_ATL_CIN,2022,07,ML_XGB_DISAGREEMENT,XGB,12+,away,245,3.45,16.483534054446565,0.4586806893348694,0.5824483782052994,0,0,-1.0,0.2898550724637681,6.5,draftkings
2022_07_ATL_CIN,2022,07,LONG_DOG_201+_CONTEXT,XGB,LONG201+,away,245,3.45,16.483534054446565,0.4586806893348694,0.5824483782052994,0,0,-1.0,0.2898550724637681,6.5,draftkings
2022_07_ATL_CIN,2022,07,ML_AVG_DISAGREEMENT,AVG,8-12,away,245,3.45,10.115821555600585,0.3950035643464096,0.3627622969951132,0,0,-1.0,0.2898550724637681,6.5,draftkings
2022_07_ATL_CIN,2022,07,LONG_DOG_201+_CONTEXT,AVG,LONG201+,away,245,3.45,10.115821555600585,0.3950035643464096,0.3627622969951132,0,0,-1.0,0.2898550724637681,6.5,draftkings
2022_07_ATL_CIN,2022,07,ML_CORROBORATED_DISAGREEMENT,CORROB,8-12,away,245,3.45,10.115821555600585,0.3950035643464096,0.3627622969951132,0,0,-1.0,0.2898550724637681,6.5,draftkings
2022_07_CHI_NE,2022,07,ML_QBELO_DISAGREEMENT,QB_ELO,4-8,away,330,4.3,4.719899818650316,0.2717904041828231,0.1686987379861391,1,0,3.3,0.23255813953488372,8.5,draftkings
2022_07_CHI_NE,2022,07,LONG_DOG_201+_CONTEXT,QB_ELO,LONG201+,away,330,4.3,4.719899818650316,0.2717904041828231,0.1686987379861391,1,0,3.3,0.23255813953488372,8.5,draftkings
2022_07_CHI_NE,2022,07,ML_XGB_DISAGREEMENT,XGB,12+,away,330,4.3,23.40892833385495,0.4586806893348694,0.9723269641399384,1,0,3.3,0.23255813953488372,8.5,draftkings
2022_07_CHI_NE,2022,07,LONG_DOG_201+_CONTEXT,XGB,LONG201+,away,330,4.3,23.40892833385495,0.4586806893348694,0.9723269641399384,1,0,3.3,0.23255813953488372,8.5,draftkings
2022_07_CHI_NE,2022,07,ML_AVG_DISAGREEMENT,AVG,12+,away,330,4.3,14.064414076252627,0.3652355467588462,0.5705128510630384,1,0,3.3,0.23255813953488372,8.5,draftkings
2022_07_CHI_NE,2022,07,LONG_DOG_201+_CONTEXT,AVG,LONG201+,away,330,4.3,14.064414076252627,0.3652355467588462,0.5705128510630384,1,0,3.3,0.23255813953488372,8.5,draftkings
2022_07_CHI_NE,2022,07,ML_CORROBORATED_DISAGREEMENT,CORROB,12+,away,330,4.3,14.064414076252627,0.3652355467588462,0.5705128510630384,1,0,3.3,0.23255813953488372,8.5,draftkings
2022_07_CLE_BAL,2022,07,ML_QBELO_DISAGREEMENT,QB_ELO,4-8,away,240,3.4,5.248230392669356,0.3425866945901802,0.16479476160661277,0,0,-1.0,0.29411764705882354,6.5,fanduel
2022_07_CLE_BAL,2022,07,LONG_DOG_201+_CONTEXT,QB_ELO,LONG201+,away,240,3.4,5.248230392669356,0.3425866945901802,0.16479476160661277,0,0,-1.0,0.29411764705882354,6.5,fanduel
2022_07_CLE_BAL,2022,07,ML_XGB_DISAGREEMENT,XGB,12+,away,240,3.4,16.857629867138275,0.4586806893348694,0.5595143437385559,0,0,-1.0,0.29411764705882354,6.5,fanduel
2022_07_CLE_BAL,2022,07,LONG_DOG_201+_CONTEXT,XGB,LONG201+,away,240,3.4,16.857629867138275,0.4586806893348694,0.5595143437385559,0,0,-1.0,0.29411764705882354,6.5,fanduel
2022_07_CLE_BAL,2022,07,ML_AVG_DISAGREEMENT,AVG,8-12,away,240,3.4,11.052930129903821,0.40063369196252485,0.36215455267258445,0,0,-1.0,0.29411764705882354,6.5,fanduel
2022_07_CLE_BAL,2022,07,LONG_DOG_201+_CONTEXT,AVG,LONG201+,away,240,3.4,11.052930129903821,0.40063369196252485,0.36215455267258445,0,0,-1.0,0.29411764705882354,6.5,fanduel
2022_07_CLE_BAL,2022,07,ML_CORROBORATED_DISAGREEMENT,CORROB,8-12,away,240,3.4,11.052930129903821,0.40063369196252485,0.36215455267258445,0,0,-1.0,0.29411764705882354,6.5,fanduel
2022_07_DET_DAL,2022,07,ML_QBELO_DISAGREEMENT,QB_ELO,8-12,home,-285,1.3508771929824561,9.47177123744327,0.8072512501283614,0.09049730280497936,1,0,0.350877,0.7402597402597403,7.0,fanduel
2022_07_DET_DAL,2022,07,ML_XGB_DISAGREEMENT,XGB,12+,away,240,3.4,17.12142270887981,0.4586806893348694,0.5595143437385559,0,0,-1.0,0.29411764705882354,7.0,fanduel
2022_07_DET_DAL,2022,07,LONG_DOG_201+_CONTEXT,XGB,LONG201+,away,240,3.4,17.12142270887981,0.4586806893348694,0.5595143437385559,0,0,-1.0,0.29411764705882354,7.0,fanduel
2022_07_DET_DAL,2022,07,ML_AVG_DISAGREEMENT,AVG,2-4,away,240,3.4,3.8248257357182625,0.32571471960325393,0.10743004665106337,0,0,-1.0,0.29411764705882354,7.0,fanduel
2022_07_DET_DAL,2022,07,LONG_DOG_201+_CONTEXT,AVG,LONG201+,away,240,3.4,3.8248257357182625,0.32571471960325393,0.10743004665106337,0,0,-1.0,0.29411764705882354,7.0,fanduel
2022_07_GB_WAS,2022,07,ML_QBELO_DISAGREEMENT,QB_ELO,2-4,home,175,2.75,2.779289273008123,0.3794624409699693,0.043521712667415446,1,0,1.75,0.36363636363636365,4.5,fanduel
2022_07_GB_WAS,2022,07,ML_XGB_DISAGREEMENT,XGB,12+,home,175,2.75,18.297100237351525,0.5346405506134033,0.47026151418685913,1,0,1.75,0.36363636363636365,4.5,fanduel
2022_07_GB_WAS,2022,07,ML_AVG_DISAGREEMENT,AVG,8-12,home,175,2.75,10.538194755179825,0.4570514957916863,0.2568916134271373,1,0,1.75,0.36363636363636365,4.5,fanduel
2022_07_GB_WAS,2022,07,ML_DOG_VALUE_ZONE,AVG,ZONE,home,175,2.75,10.538194755179825,0.4570514957916863,0.2568916134271373,1,0,1.75,0.36363636363636365,4.5,fanduel
2022_07_GB_WAS,2022,07,ML_CORROBORATED_DISAGREEMENT,CORROB,8-12,home,175,2.75,10.538194755179825,0.4570514957916863,0.2568916134271373,1,0,1.75,0.36363636363636365,4.5,fanduel
2022_07_GB_WAS,2022,07,ML_DOG_VALUE_ZONE,CORROB,ZONE,home,175,2.75,10.538194755179825,0.4570514957916863,0.2568916134271373,1,0,1.75,0.36363636363636365,4.5,fanduel
2022_07_HOU_LV,2022,07,ML_QBELO_DISAGREEMENT,QB_ELO,4-8,away,260,3.6,5.247039238593737,0.31639513868587854,0.13902249926916288,0,0,-1.0,0.2777777777777778,7.0,draftkings
2022_07_HOU_LV,2022,07,LONG_DOG_201+_CONTEXT,QB_ELO,LONG201+,away,260,3.6,5.247039238593737,0.31639513868587854,0.13902249926916288,0,0,-1.0,0.2777777777777778,7.0,draftkings
2022_07_HOU_LV,2022,07,ML_XGB_DISAGREEMENT,XGB,12+,away,260,3.6,20.143470308665552,0.4653594493865967,0.6752940177917481,0,0,-1.0,0.2777777777777778,7.0,draftkings
2022_07_HOU_LV,2022,07,LONG_DOG_201+_CONTEXT,XGB,LONG201+,away,260,3.6,20.143470308665552,0.4653594493865967,0.6752940177917481,0,0,-1.0,0.2777777777777778,7.0,draftkings
2022_07_HOU_LV,2022,07,ML_AVG_DISAGREEMENT,AVG,12+,away,260,3.6,12.695254773629644,0.3908772940362376,0.4071582585304554,0,0,-1.0,0.2777777777777778,7.0,draftkings
2022_07_HOU_LV,2022,07,LONG_DOG_201+_CONTEXT,AVG,LONG201+,away,260,3.6,12.695254773629644,0.3908772940362376,0.4071582585304554,0,0,-1.0,0.2777777777777778,7.0,draftkings
2022_07_HOU_LV,2022,07,ML_CORROBORATED_DISAGREEMENT,CORROB,12+,away,260,3.6,12.695254773629644,0.3908772940362376,0.4071582585304554,0,0,-1.0,0.2777777777777778,7.0,draftkings
2022_07_IND_TEN,2022,07,ML_QBELO_DISAGREEMENT,QB_ELO,4-8,home,-135,1.7407407407407407,7.799207158194655,0.646647715003945,0.12564602241427458,1,0,0.740741,0.574468085106383,2.5,fanduel
2022_07_IND_TEN,2022,07,ML_XGB_DISAGREEMENT,XGB,2-4,away,120,2.2,3.4015092808595213,0.4653594493865967,0.023790788650512873,0,0,-1.0,0.45454545454545453,2.5,fanduel
2022_07_IND_TEN,2022,07,ML_DOG_VALUE_ZONE,XGB,ZONE,away,120,2.2,3.4015092808595213,0.4653594493865967,0.023790788650512873,0,0,-1.0,0.45454545454545453,2.5,fanduel
2022_07_IND_TEN,2022,07,ML_AVG_DISAGREEMENT,AVG,2-4,home,-135,1.7407407407407407,2.1988489386675747,0.5906441328086742,0.028158305259543992,1,0,0.740741,0.574468085106383,2.5,fanduel
2022_07_KC_SF,2022,07,ML_QBELO_DISAGREEMENT,QB_ELO,4-8,away,-118,1.847457627118644,7.173887896289088,0.5890302717925152,0.08820846822685002,1,0,0.847458,0.5412844036697247,1.5,fanduel
2022_07_KC_SF,2022,07,ML_XGB_DISAGREEMENT,XGB,4-8,home,100,2.0,5.861070349475483,0.5413193106651306,0.08263862133026123,0,0,-1.0,0.5,1.5,fanduel
2022_07_KC_SF,2022,07,ML_AVG_DISAGREEMENT,AVG,0-2,away,-118,1.847457627118644,0.6564087734068025,0.5238554805636924,-0.032199196924703966,1,0,0.847458,0.5412844036697247,1.5,fanduel
2022_07_NO_ARI,2022,07,ML_QBELO_DISAGREEMENT,QB_ELO,2-4,away,125,2.25,2.604710478203387,0.461052222489301,0.037367500600927306,0,0,-1.0,0.4444444444444444,2.5,draftkings
2022_07_NO_ARI,2022,07,ML_DOG_VALUE_ZONE,QB_ELO,ZONE,away,125,2.25,2.604710478203387,0.461052222489301,0.037367500600927306,0,0,-1.0,0.4444444444444444,2.5,draftkings
2022_07_NO_ARI,2022,07,ML_XGB_DISAGREEMENT,XGB,4-8,away,125,2.25,4.034085149286715,0.4753459692001343,0.06952843070030212,0,0,-1.0,0.4444444444444444,2.5,draftkings
2022_07_NO_ARI,2022,07,ML_DOG_VALUE_ZONE,XGB,ZONE,away,125,2.25,4.034085149286715,0.4753459692001343,0.06952843070030212,0,0,-1.0,0.4444444444444444,2.5,draftkings
2022_07_NO_ARI,2022,07,ML_AVG_DISAGREEMENT,AVG,2-4,away,125,2.25,3.319397813745051,0.46819909584471764,0.053447965650614604,0,0,-1.0,0.4444444444444444,2.5,draftkings
2022_07_NO_ARI,2022,07,ML_DOG_VALUE_ZONE,AVG,ZONE,away,125,2.25,3.319397813745051,0.46819909584471764,0.053447965650614604,0,0,-1.0,0.4444444444444444,2.5,draftkings
2022_07_NO_ARI,2022,07,ML_CORROBORATED_DISAGREEMENT,CORROB,2-4,away,125,2.25,3.319397813745051,0.46819909584471764,0.053447965650614604,0,0,-1.0,0.4444444444444444,2.5,draftkings
2022_07_NO_ARI,2022,07,ML_DOG_VALUE_ZONE,CORROB,ZONE,away,125,2.25,3.319397813745051,0.46819909584471764,0.053447965650614604,0,0,-1.0,0.4444444444444444,2.5,draftkings
2022_07_NYG_JAX,2022,07,ML_QBELO_DISAGREEMENT,QB_ELO,12+,away,142,2.42,19.761088425997464,0.5942680634521263,0.4381287135541456,1,0,1.42,0.4132231404958678,3.0,fanduel
2022_07_NYG_JAX,2022,07,ML_XGB_DISAGREEMENT,XGB,4-8,away,142,2.42,6.202351014271768,0.4586806893348694,0.11000726819038387,1,0,1.42,0.4132231404958678,3.0,fanduel
2022_07_NYG_JAX,2022,07,ML_DOG_VALUE_ZONE,XGB,ZONE,away,142,2.42,6.202351014271768,0.4586806893348694,0.11000726819038387,1,0,1.42,0.4132231404958678,3.0,fanduel
2022_07_NYG_JAX,2022,07,ML_AVG_DISAGREEMENT,AVG,12+,away,142,2.42,12.98171972013461,0.5264743763934978,0.27406799087226474,1,0,1.42,0.4132231404958678,3.0,fanduel
2022_07_NYG_JAX,2022,07,ML_CORROBORATED_DISAGREEMENT,CORROB,12+,away,142,2.42,12.98171972013461,0.5264743763934978,0.27406799087226474,1,0,1.42,0.4132231404958678,3.0,fanduel
2022_07_NYJ_DEN,2022,07,ML_QBELO_DISAGREEMENT,QB_ELO,8-12,home,115,2.15,8.340781724683316,0.5497607683536301,0.1819856519603047,0,0,-1.0,0.46511627906976744,-2.5,draftkings
2022_07_NYJ_DEN,2022,07,ML_XGB_DISAGREEMENT,XGB,4-8,home,115,2.15,6.82875995066064,0.5346405506134033,0.14947718381881714,0,0,-1.0,0.46511627906976744,-2.5,draftkings
2022_07_NYJ_DEN,2022,07,ML_AVG_DISAGREEMENT,AVG,4-8,home,115,2.15,7.584770837671978,0.5422006594835167,0.1657314178895608,0,0,-1.0,0.46511627906976744,-2.5,draftkings
2022_07_NYJ_DEN,2022,07,ML_CORROBORATED_DISAGREEMENT,CORROB,4-8,home,115,2.15,7.584770837671978,0.5422006594835167,0.1657314178895608,0,0,-1.0,0.46511627906976744,-2.5,draftkings
2022_07_PIT_MIA,2022,07,ML_QBELO_DISAGREEMENT,QB_ELO,12+,away,290,3.9,14.170342403512915,0.40427855848625216,0.5766863780963833,0,0,-1.0,0.25641025641025644,7.5,draftkings
2022_07_PIT_MIA,2022,07,LONG_DOG_201+_CONTEXT,QB_ELO,LONG201+,away,290,3.9,14.170342403512915,0.40427855848625216,0.5766863780963833,0,0,-1.0,0.25641025641025644,7.5,draftkings
2022_07_PIT_MIA,2022,07,ML_XGB_DISAGREEMENT,XGB,12+,away,290,3.9,20.278431493547366,0.4653594493865967,0.814901852607727,0,0,-1.0,0.25641025641025644,7.5,draftkings
2022_07_PIT_MIA,2022,07,LONG_DOG_201+_CONTEXT,XGB,LONG201+,away,290,3.9,20.278431493547366,0.4653594493865967,0.814901852607727,0,0,-1.0,0.25641025641025644,7.5,draftkings
2022_07_PIT_MIA,2022,07,ML_AVG_DISAGREEMENT,AVG,12+,away,290,3.9,17.224386948530135,0.43481900393642436,0.695794115352055,0,0,-1.0,0.25641025641025644,7.5,draftkings
2022_07_PIT_MIA,2022,07,LONG_DOG_201+_CONTEXT,AVG,LONG201+,away,290,3.9,17.224386948530135,0.43481900393642436,0.695794115352055,0,0,-1.0,0.25641025641025644,7.5,draftkings
2022_07_PIT_MIA,2022,07,ML_CORROBORATED_DISAGREEMENT,CORROB,12+,away,290,3.9,17.224386948530135,0.43481900393642436,0.695794115352055,0,0,-1.0,0.25641025641025644,7.5,draftkings
2022_07_SEA_LAC,2022,07,ML_QBELO_DISAGREEMENT,QB_ELO,8-12,away,185,2.85,9.09418919001187,0.4219307210271357,0.2025025549273367,1,0,1.85,0.3508771929824561,5.0,draftkings
2022_07_SEA_LAC,2022,07,ML_DOG_VALUE_ZONE,QB_ELO,ZONE,away,185,2.85,9.09418919001187,0.4219307210271357,0.2025025549273367,1,0,1.85,0.3508771929824561,5.0,draftkings
2022_07_SEA_LAC,2022,07,ML_XGB_DISAGREEMENT,XGB,12+,away,185,2.85,14.435714007311729,0.4753459692001343,0.35473601222038265,1,0,1.85,0.3508771929824561,5.0,draftkings
2022_07_SEA_LAC,2022,07,ML_DOG_VALUE_ZONE,XGB,ZONE,away,185,2.85,14.435714007311729,0.4753459692001343,0.35473601222038265,1,0,1.85,0.3508771929824561,5.0,draftkings
2022_07_SEA_LAC,2022,07,ML_AVG_DISAGREEMENT,AVG,8-12,away,185,2.85,11.7649515986618,0.448638345113635,0.2786192835738597,1,0,1.85,0.3508771929824561,5.0,draftkings
2022_07_SEA_LAC,2022,07,ML_DOG_VALUE_ZONE,AVG,ZONE,away,185,2.85,11.7649515986618,0.448638345113635,0.2786192835738597,1,0,1.85,0.3508771929824561,5.0,draftkings
2022_07_SEA_LAC,2022,07,ML_CORROBORATED_DISAGREEMENT,CORROB,8-12,away,185,2.85,11.7649515986618,0.448638345113635,0.2786192835738597,1,0,1.85,0.3508771929824561,5.0,draftkings
2022_07_SEA_LAC,2022,07,ML_DOG_VALUE_ZONE,CORROB,ZONE,away,185,2.85,11.7649515986618,0.448638345113635,0.2786192835738597,1,0,1.85,0.3508771929824561,5.0,draftkings
2022_07_TB_CAR,2022,07,ML_QBELO_DISAGREEMENT,QB_ELO,8-12,home,500,6.0,10.126645286500766,0.2550766172021034,0.5304597032126204,1,0,5.0,0.16666666666666666,13.5,fanduel
2022_07_TB_CAR,2022,07,LONG_DOG_201+_CONTEXT,QB_ELO,LONG201+,home,500,6.0,10.126645286500766,0.2550766172021034,0.5304597032126204,1,0,5.0,0.16666666666666666,13.5,fanduel
2022_07_TB_CAR,2022,07,ML_XGB_DISAGREEMENT,XGB,12+,home,500,6.0,37.084386646277004,0.5246540307998657,2.1479241847991943,1,0,5.0,0.16666666666666666,13.5,fanduel
2022_07_TB_CAR,2022,07,LONG_DOG_201+_CONTEXT,XGB,LONG201+,home,500,6.0,37.084386646277004,0.5246540307998657,2.1479241847991943,1,0,5.0,0.16666666666666666,13.5,fanduel
2022_07_TB_CAR,2022,07,ML_AVG_DISAGREEMENT,AVG,12+,home,500,6.0,23.605515966388882,0.38986532400098456,1.3391919440059072,1,0,5.0,0.16666666666666666,13.5,fanduel
2022_07_TB_CAR,2022,07,LONG_DOG_201+_CONTEXT,AVG,LONG201+,home,500,6.0,23.605515966388882,0.38986532400098456,1.3391919440059072,1,0,5.0,0.16666666666666666,13.5,fanduel
2022_07_TB_CAR,2022,07,ML_CORROBORATED_DISAGREEMENT,CORROB,12+,home,500,6.0,23.605515966388882,0.38986532400098456,1.3391919440059072,1,0,5.0,0.16666666666666666,13.5,fanduel
2022_08_ARI_MIN,2022,08,ML_QBELO_DISAGREEMENT,QB_ELO,0-2,home,-190,1.526315789473684,1.9527717972675718,0.676818086496799,0.03303813202142991,1,0,0.526316,0.6551724137931035,4.0,draftkings
2022_08_ARI_MIN,2022,08,ML_XGB_DISAGREEMENT,XGB,8-12,away,170,2.7,11.493822857432455,0.4576478600502014,0.23564922213554396,0,0,-1.0,0.37037037037037035,4.0,draftkings
2022_08_ARI_MIN,2022,08,ML_DOG_VALUE_ZONE,XGB,ZONE,away,170,2.7,11.493822857432455,0.4576478600502014,0.23564922213554396,0,0,-1.0,0.37037037037037035,4.0,draftkings
2022_08_ARI_MIN,2022,08,ML_AVG_DISAGREEMENT,AVG,4-8,away,170,2.7,4.770525530082437,0.3904148867767012,0.05412019429709347,0,0,-1.0,0.37037037037037035,4.0,draftkings
2022_08_BAL_TB,2022,08,ML_QBELO_DISAGREEMENT,QB_ELO,4-8,home,-120,1.8333333333333335,6.277094974417063,0.5985300463564668,0.09730508498685575,0,0,-1.0,0.5454545454545454,1.5,fanduel
2022_08_BAL_TB,2022,08,ML_XGB_DISAGREEMENT,XGB,0-2,away,108,2.08,0.9314959515891008,0.47355586290359497,-0.015003805160522465,1,0,1.08,0.4807692307692307,1.5,fanduel
2022_08_BAL_TB,2022,08,ML_AVG_DISAGREEMENT,AVG,2-4,home,-120,1.8333333333333335,2.6727995114139813,0.562487091726436,0.031226334831799374,0,0,-1.0,0.5454545454545454,1.5,fanduel
2022_08_CAR_ATL,2022,08,ML_QBELO_DISAGREEMENT,QB_ELO,0-2,home,-190,1.526315789473684,0.4841084385369676,0.6519612056434219,-0.0049013177021456356,1,0,0.526316,0.6551724137931035,4.0,draftkings
2022_08_CAR_ATL,2022,08,ML_XGB_DISAGREEMENT,XGB,8-12,away,166,2.66,11.030274941280693,0.46318262815475464,0.23206579089164747,0,0,-1.0,0.37593984962406013,4.0,draftkings
2022_08_CAR_ATL,2022,08,ML_DOG_VALUE_ZONE,XGB,ZONE,away,166,2.66,11.030274941280693,0.46318262815475464,0.23206579089164747,0,0,-1.0,0.37593984962406013,4.0,draftkings
2022_08_CAR_ATL,2022,08,ML_AVG_DISAGREEMENT,AVG,4-8,away,166,2.66,5.273083251371869,0.4056107112556664,0.07892449194007267,0,0,-1.0,0.37593984962406013,4.0,draftkings
2022_08_CAR_ATL,2022,08,ML_DOG_VALUE_ZONE,AVG,ZONE,away,166,2.66,5.273083251371869,0.4056107112556664,0.07892449194007267,0,0,-1.0,0.37593984962406013,4.0,draftkings
2022_08_CHI_DAL,2022,08,ML_QBELO_DISAGREEMENT,QB_ELO,2-4,away,360,4.6,3.1227062734363042,0.24211784019737848,0.11374206490794081,0,0,-1.0,0.2173913043478261,10.0,draftkings
2022_08_CHI_DAL,2022,08,LONG_DOG_201+_CONTEXT,QB_ELO,LONG201+,away,360,4.6,3.1227062734363042,0.24211784019737848,0.11374206490794081,0,0,-1.0,0.2173913043478261,10.0,draftkings
2022_08_CHI_DAL,2022,08,ML_XGB_DISAGREEMENT,XGB,12+,away,360,4.6,24.675708258718597,0.4576478600502014,1.1051801562309262,0,0,-1.0,0.2173913043478261,10.0,draftkings
2022_08_CHI_DAL,2022,08,LONG_DOG_201+_CONTEXT,XGB,LONG201+,away,360,4.6,24.675708258718597,0.4576478600502014,1.1051801562309262,0,0,-1.0,0.2173913043478261,10.0,draftkings
2022_08_CHI_DAL,2022,08,ML_AVG_DISAGREEMENT,AVG,12+,away,360,4.6,13.89920726607745,0.34988285012378995,0.6094611105694336,0,0,-1.0,0.2173913043478261,10.0,draftkings
2022_08_CHI_DAL,2022,08,LONG_DOG_201+_CONTEXT,AVG,LONG201+,away,360,4.6,13.89920726607745,0.34988285012378995,0.6094611105694336,0,0,-1.0,0.2173913043478261,10.0,draftkings
2022_08_CHI_DAL,2022,08,ML_CORROBORATED_DISAGREEMENT,CORROB,12+,away,360,4.6,13.89920726607745,0.34988285012378995,0.6094611105694336,0,0,-1.0,0.2173913043478261,10.0,draftkings
2022_08_CIN_CLE,2022,08,ML_QBELO_DISAGREEMENT,QB_ELO,2-4,home,155,2.55,2.4943458121926607,0.40864732901685946,0.04205068899299147,1,0,1.55,0.3921568627450981,-3.0,draftkings
2022_08_CIN_CLE,2022,08,ML_DOG_VALUE_ZONE,QB_ELO,ZONE,home,155,2.55,2.4943458121926607,0.40864732901685946,0.04205068899299147,1,0,1.55,0.3921568627450981,-3.0,draftkings
2022_08_CIN_CLE,2022,08,ML_XGB_DISAGREEMENT,XGB,12+,home,155,2.55,14.274026620147218,0.526444137096405,0.3424325495958327,1,0,1.55,0.3921568627450981,-3.0,draftkings
2022_08_CIN_CLE,2022,08,ML_AVG_DISAGREEMENT,AVG,8-12,home,155,2.55,8.384186216169942,0.4675457330566323,0.1922416192944123,1,0,1.55,0.3921568627450981,-3.0,draftkings
2022_08_CIN_CLE,2022,08,ML_DOG_VALUE_ZONE,AVG,ZONE,home,155,2.55,8.384186216169942,0.4675457330566323,0.1922416192944123,1,0,1.55,0.3921568627450981,-3.0,draftkings
2022_08_CIN_CLE,2022,08,ML_CORROBORATED_DISAGREEMENT,CORROB,8-12,home,155,2.55,8.384186216169942,0.4675457330566323,0.1922416192944123,1,0,1.55,0.3921568627450981,-3.0,draftkings
2022_08_CIN_CLE,2022,08,ML_DOG_VALUE_ZONE,CORROB,ZONE,home,155,2.55,8.384186216169942,0.4675457330566323,0.1922416192944123,1,0,1.55,0.3921568627450981,-3.0,draftkings
2022_08_DEN_JAX,2022,08,ML_QBELO_DISAGREEMENT,QB_ELO,12+,away,105,2.05,12.565780278540561,0.5950910532355471,0.21993665913287153,1,0,1.05,0.48780487804878053,1.5,draftkings
2022_08_DEN_JAX,2022,08,ML_XGB_DISAGREEMENT,XGB,0-2,home,-118,1.847457627118644,1.1785390399940088,0.5423521399497986,0.0019725975343736213,0,0,-1.0,0.5412844036697247,1.5,draftkings
2022_08_DEN_JAX,2022,08,ML_AVG_DISAGREEMENT,AVG,4-8,away,105,2.05,5.693620619273276,0.5263694566428743,0.07905738611789226,1,0,1.05,0.48780487804878053,1.5,draftkings
2022_08_GB_BUF,2022,08,ML_QBELO_DISAGREEMENT,QB_ELO,4-8,away,410,5.1,5.033745411793225,0.25748225172727757,0.3131594838091154,0,0,-1.0,0.19607843137254904,10.5,draftkings
2022_08_GB_BUF,2022,08,LONG_DOG_201+_CONTEXT,QB_ELO,LONG201+,away,410,5.1,5.033745411793225,0.25748225172727757,0.3131594838091154,0,0,-1.0,0.19607843137254904,10.5,draftkings
2022_08_GB_BUF,2022,08,ML_XGB_DISAGREEMENT,XGB,12+,away,410,5.1,25.050306244085608,0.4576478600502014,1.334004086256027,0,0,-1.0,0.19607843137254904,10.5,draftkings
2022_08_GB_BUF,2022,08,LONG_DOG_201+_CONTEXT,XGB,LONG201+,away,410,5.1,25.050306244085608,0.4576478600502014,1.334004086256027,0,0,-1.0,0.19607843137254904,10.5,draftkings
2022_08_GB_BUF,2022,08,ML_AVG_DISAGREEMENT,AVG,12+,away,410,5.1,15.042025827939423,0.35756505588873955,0.8235817850325715,0,0,-1.0,0.19607843137254904,10.5,draftkings
2022_08_GB_BUF,2022,08,LONG_DOG_201+_CONTEXT,AVG,LONG201+,away,410,5.1,15.042025827939423,0.35756505588873955,0.8235817850325715,0,0,-1.0,0.19607843137254904,10.5,draftkings
2022_08_GB_BUF,2022,08,ML_CORROBORATED_DISAGREEMENT,CORROB,12+,away,410,5.1,15.042025827939423,0.35756505588873955,0.8235817850325715,0,0,-1.0,0.19607843137254904,10.5,draftkings
2022_08_LV_NO,2022,08,ML_QBELO_DISAGREEMENT,QB_ELO,4-8,home,102,2.02,6.991763112929084,0.5436960687521021,0.09826605887924611,1,0,1.02,0.49504950495049505,-1.5,fanduel
2022_08_LV_NO,2022,08,ML_XGB_DISAGREEMENT,XGB,4-8,home,102,2.02,5.266569947359379,0.526444137096405,0.06341715693473815,1,0,1.02,0.49504950495049505,-1.5,fanduel
2022_08_LV_NO,2022,08,ML_AVG_DISAGREEMENT,AVG,4-8,home,102,2.02,6.129166530144225,0.5350701029242535,0.08084160790699202,1,0,1.02,0.49504950495049505,-1.5,fanduel
2022_08_LV_NO,2022,08,ML_CORROBORATED_DISAGREEMENT,CORROB,4-8,home,102,2.02,6.129166530144225,0.5350701029242535,0.08084160790699202,1,0,1.02,0.49504950495049505,-1.5,fanduel
2022_08_MIA_DET,2022,08,ML_QBELO_DISAGREEMENT,QB_ELO,0-2,home,160,2.6,0.4401326974388886,0.36220485146080694,-0.05826738620190197,0,0,-1.0,0.3846153846153846,4.0,draftkings
2022_08_MIA_DET,2022,08,ML_XGB_DISAGREEMENT,XGB,12+,home,160,2.6,16.864061260998696,0.526444137096405,0.36875475645065303,0,0,-1.0,0.3846153846153846,4.0,draftkings
2022_08_MIA_DET,2022,08,ML_AVG_DISAGREEMENT,AVG,8-12,home,160,2.6,8.652096979218793,0.444324494278606,0.1552436851243757,0,0,-1.0,0.3846153846153846,4.0,draftkings
2022_08_MIA_DET,2022,08,ML_DOG_VALUE_ZONE,AVG,ZONE,home,160,2.6,8.652096979218793,0.444324494278606,0.1552436851243757,0,0,-1.0,0.3846153846153846,4.0,draftkings
2022_08_MIA_DET,2022,08,ML_CORROBORATED_DISAGREEMENT,CORROB,8-12,home,160,2.6,8.652096979218793,0.444324494278606,0.1552436851243757,0,0,-1.0,0.3846153846153846,4.0,draftkings
2022_08_MIA_DET,2022,08,ML_DOG_VALUE_ZONE,CORROB,ZONE,home,160,2.6,8.652096979218793,0.444324494278606,0.1552436851243757,0,0,-1.0,0.3846153846153846,4.0,draftkings
2022_08_NE_NYJ,2022,08,ML_QBELO_DISAGREEMENT,QB_ELO,12+,home,138,2.38,12.526820819663115,0.5329746595516556,0.26847968973294023,0,0,-1.0,0.42016806722689076,3.0,fanduel
2022_08_NE_NYJ,2022,08,ML_XGB_DISAGREEMENT,XGB,12+,home,138,2.38,12.329320913691893,0.5309996604919434,0.2637791919708252,0,0,-1.0,0.42016806722689076,3.0,fanduel
2022_08_NE_NYJ,2022,08,ML_AVG_DISAGREEMENT,AVG,12+,home,138,2.38,12.428070866677505,0.5319871600217995,0.2661294408518826,0,0,-1.0,0.42016806722689076,3.0,fanduel
2022_08_NE_NYJ,2022,08,ML_CORROBORATED_DISAGREEMENT,CORROB,12+,home,138,2.38,12.428070866677505,0.5319871600217995,0.2661294408518826,0,0,-1.0,0.42016806722689076,3.0,fanduel
2022_08_NYG_SEA,2022,08,ML_QBELO_DISAGREEMENT,QB_ELO,2-4,home,-172,1.5813953488372094,3.4971884105163165,0.6404002334804246,0.012725950620206428,1,0,0.581395,0.6323529411764706,3.0,draftkings
2022_08_NYG_SEA,2022,08,ML_XGB_DISAGREEMENT,XGB,4-8,away,150,2.5,7.898421227885654,0.47355586290359497,0.18388965725898743,0,0,-1.0,0.4,3.0,draftkings
2022_08_NYG_SEA,2022,08,ML_DOG_VALUE_ZONE,XGB,ZONE,away,150,2.5,7.898421227885654,0.47355586290359497,0.18388965725898743,0,0,-1.0,0.4,3.0,draftkings
2022_08_NYG_SEA,2022,08,ML_AVG_DISAGREEMENT,AVG,2-4,away,150,2.5,2.2006164086846747,0.41657781471158517,0.04144453677896287,0,0,-1.0,0.4,3.0,draftkings
2022_08_NYG_SEA,2022,08,ML_DOG_VALUE_ZONE,AVG,ZONE,away,150,2.5,2.2006164086846747,0.41657781471158517,0.04144453677896287,0,0,-1.0,0.4,3.0,draftkings
2022_08_PIT_PHI,2022,08,ML_QBELO_DISAGREEMENT,QB_ELO,4-8,away,420,5.2,7.462938566127139,0.2589135395604437,0.3463504057143074,0,0,-1.0,0.1923076923076923,11.5,draftkings
2022_08_PIT_PHI,2022,08,LONG_DOG_201+_CONTEXT,QB_ELO,LONG201+,away,420,5.2,7.462938566127139,0.2589135395604437,0.3463504057143074,0,0,-1.0,0.1923076923076923,11.5,draftkings
2022_08_PIT_PHI,2022,08,ML_XGB_DISAGREEMENT,XGB,12+,away,420,5.2,27.33637061510291,0.4576478600502014,1.3797688722610473,0,0,-1.0,0.1923076923076923,11.5,draftkings
2022_08_PIT_PHI,2022,08,LONG_DOG_201+_CONTEXT,XGB,LONG201+,away,420,5.2,27.33637061510291,0.4576478600502014,1.3797688722610473,0,0,-1.0,0.1923076923076923,11.5,draftkings
2022_08_PIT_PHI,2022,08,ML_AVG_DISAGREEMENT,AVG,12+,away,420,5.2,17.399654590615018,0.3582806998053225,0.863059638987677,0,0,-1.0,0.1923076923076923,11.5,draftkings
2022_08_PIT_PHI,2022,08,LONG_DOG_201+_CONTEXT,AVG,LONG201+,away,420,5.2,17.399654590615018,0.3582806998053225,0.863059638987677,0,0,-1.0,0.1923076923076923,11.5,draftkings
2022_08_PIT_PHI,2022,08,ML_CORROBORATED_DISAGREEMENT,CORROB,12+,away,420,5.2,17.399654590615018,0.3582806998053225,0.863059638987677,0,0,-1.0,0.1923076923076923,11.5,draftkings
2022_08_SF_LA,2022,08,ML_QBELO_DISAGREEMENT,QB_ELO,8-12,home,-105,1.9523809523809523,10.875916272774088,0.6134057869552396,0.19760177453165828,0,0,-1.0,0.5121951219512195,1.0,draftkings
2022_08_SF_LA,2022,08,ML_XGB_DISAGREEMENT,XGB,2-4,home,-105,1.9523809523809523,2.17975128689063,0.526444137096405,0.027819505759647978,0,0,-1.0,0.5121951219512195,1.0,draftkings
2022_08_SF_LA,2022,08,ML_AVG_DISAGREEMENT,AVG,4-8,home,-105,1.9523809523809523,6.52783377983236,0.5699249620258223,0.11271064014565302,0,0,-1.0,0.5121951219512195,1.0,draftkings
2022_08_SF_LA,2022,08,ML_CORROBORATED_DISAGREEMENT,CORROB,4-8,home,-105,1.9523809523809523,6.52783377983236,0.5699249620258223,0.11271064014565302,0,0,-1.0,0.5121951219512195,1.0,draftkings
2022_08_TEN_HOU,2022,08,ML_QBELO_DISAGREEMENT,QB_ELO,12+,away,-120,1.8333333333333335,20.063334812606058,0.7268549105032494,0.332567335922624,1,0,0.833333,0.5454545454545454,-1.5,draftkings
2022_08_TEN_HOU,2022,08,ML_XGB_DISAGREEMENT,XGB,4-8,home,106,2.06,5.266569947359379,0.526444137096405,0.08447492241859433,0,0,-1.0,0.4854368932038835,-1.5,draftkings
2022_08_TEN_HOU,2022,08,ML_AVG_DISAGREEMENT,AVG,4-8,away,-120,1.8333333333333335,7.3983824326233405,0.6002053867034222,0.10037654228960746,1,0,0.833333,0.5454545454545454,-1.5,draftkings
2022_08_WAS_IND,2022,08,ML_QBELO_DISAGREEMENT,QB_ELO,4-8,home,-145,1.6896551724137931,7.49906916923565,0.6617267296270246,0.11808999143876586,0,0,-1.0,0.5918367346938775,3.0,draftkings
2022_08_WAS_IND,2022,08,ML_XGB_DISAGREEMENT,XGB,4-8,away,128,2.2800000000000002,4.991866608942274,0.46318262815475464,0.056056392192840754,1,0,1.28,0.43859649122807015,3.0,draftkings
2022_08_WAS_IND,2022,08,ML_DOG_VALUE_ZONE,XGB,ZONE,away,128,2.2800000000000002,4.991866608942274,0.46318262815475464,0.056056392192840754,1,0,1.28,0.43859649122807015,3.0,draftkings
2022_08_WAS_IND,2022,08,ML_AVG_DISAGREEMENT,AVG,0-2,home,-145,1.6896551724137931,1.2536012801466878,0.599272050736135,0.01256312020933148,0,0,-1.0,0.5918367346938775,3.0,draftkings
2022_09_BAL_NO,2022,09,ML_QBELO_DISAGREEMENT,QB_ELO,0-2,home,115,2.15,1.4307829228709434,0.4815975488548777,0.03543473003798714,0,0,-1.0,0.46511627906976744,2.0,draftkings
2022_09_BAL_NO,2022,09,ML_DOG_VALUE_ZONE,QB_ELO,ZONE,home,115,2.15,1.4307829228709434,0.4815975488548777,0.03543473003798714,0,0,-1.0,0.46511627906976744,2.0,draftkings
2022_09_BAL_NO,2022,09,ML_XGB_DISAGREEMENT,XGB,2-4,home,115,2.15,2.998742099120233,0.4972771406173706,0.06914585232734671,0,0,-1.0,0.46511627906976744,2.0,draftkings
2022_09_BAL_NO,2022,09,ML_DOG_VALUE_ZONE,XGB,ZONE,home,115,2.15,2.998742099120233,0.4972771406173706,0.06914585232734671,0,0,-1.0,0.46511627906976744,2.0,draftkings
2022_09_BAL_NO,2022,09,ML_AVG_DISAGREEMENT,AVG,2-4,home,115,2.15,2.2147625109955884,0.48943734473612416,0.052290291182666815,0,0,-1.0,0.46511627906976744,2.0,draftkings
2022_09_BAL_NO,2022,09,ML_DOG_VALUE_ZONE,AVG,ZONE,home,115,2.15,2.2147625109955884,0.48943734473612416,0.052290291182666815,0,0,-1.0,0.46511627906976744,2.0,draftkings
2022_09_BAL_NO,2022,09,ML_CORROBORATED_DISAGREEMENT,CORROB,2-4,home,115,2.15,2.2147625109955884,0.48943734473612416,0.052290291182666815,0,0,-1.0,0.46511627906976744,2.0,draftkings
2022_09_BAL_NO,2022,09,ML_DOG_VALUE_ZONE,CORROB,ZONE,home,115,2.15,2.2147625109955884,0.48943734473612416,0.052290291182666815,0,0,-1.0,0.46511627906976744,2.0,draftkings
2022_09_BUF_NYJ,2022,09,ML_QBELO_DISAGREEMENT,QB_ELO,4-8,home,420,5.2,6.233002198547019,0.2520007411795251,0.31040385413353055,1,0,4.2,0.1923076923076923,10.5,fanduel
2022_09_BUF_NYJ,2022,09,LONG_DOG_201+_CONTEXT,QB_ELO,LONG201+,home,420,5.2,6.233002198547019,0.2520007411795251,0.31040385413353055,1,0,4.2,0.1923076923076923,10.5,fanduel
2022_09_BUF_NYJ,2022,09,ML_XGB_DISAGREEMENT,XGB,12+,home,420,5.2,24.205350132024257,0.4317242205142975,1.244965946674347,1,0,4.2,0.1923076923076923,10.5,fanduel
2022_09_BUF_NYJ,2022,09,LONG_DOG_201+_CONTEXT,XGB,LONG201+,home,420,5.2,24.205350132024257,0.4317242205142975,1.244965946674347,1,0,4.2,0.1923076923076923,10.5,fanduel
2022_09_BUF_NYJ,2022,09,ML_AVG_DISAGREEMENT,AVG,12+,home,420,5.2,15.219176165285639,0.3418624808469113,0.7776849004039388,1,0,4.2,0.1923076923076923,10.5,fanduel
2022_09_BUF_NYJ,2022,09,LONG_DOG_201+_CONTEXT,AVG,LONG201+,home,420,5.2,15.219176165285639,0.3418624808469113,0.7776849004039388,1,0,4.2,0.1923076923076923,10.5,fanduel
2022_09_BUF_NYJ,2022,09,ML_CORROBORATED_DISAGREEMENT,CORROB,12+,home,420,5.2,15.219176165285639,0.3418624808469113,0.7776849004039388,1,0,4.2,0.1923076923076923,10.5,fanduel
2022_09_CAR_CIN,2022,09,ML_QBELO_DISAGREEMENT,QB_ELO,0-2,home,-315,1.3174603174603174,1.2943747459336463,0.7547598035778088,-0.005633909572093199,1,0,0.31746,0.7590361445783133,7.0,fanduel
2022_09_CAR_CIN,2022,09,ML_XGB_DISAGREEMENT,XGB,4-8,away,275,3.75,4.196245704696966,0.3001464009284973,0.12554900348186493,0,0,-1.0,0.26666666666666666,7.0,fanduel
2022_09_CAR_CIN,2022,09,LONG_DOG_201+_CONTEXT,XGB,LONG201+,away,275,3.75,4.196245704696966,0.3001464009284973,0.12554900348186493,0,0,-1.0,0.26666666666666666,7.0,fanduel
2022_09_CAR_CIN,2022,09,ML_AVG_DISAGREEMENT,AVG,0-2,away,275,3.75,1.4509354793816653,0.2726932986753443,0.02259987003254116,0,0,-1.0,0.26666666666666666,7.0,fanduel
2022_09_CAR_CIN,2022,09,LONG_DOG_201+_CONTEXT,AVG,LONG201+,away,275,3.75,1.4509354793816653,0.2726932986753443,0.02259987003254116,0,0,-1.0,0.26666666666666666,7.0,fanduel
2022_09_GB_DET,2022,09,ML_QBELO_DISAGREEMENT,QB_ELO,0-2,away,-195,1.5128205128205128,1.2401310357645023,0.6595214316156972,-0.0022624496070221545,0,0,-1.0,0.6610169491525424,4.0,fanduel
2022_09_GB_DET,2022,09,ML_XGB_DISAGREEMENT,XGB,12+,home,168,2.6799999999999997,14.808470322445244,0.5009645819664001,0.34258507966995233,1,0,1.68,0.373134328358209,4.0,fanduel
2022_09_GB_DET,2022,09,ML_AVG_DISAGREEMENT,AVG,4-8,home,168,2.6799999999999997,6.784169643340377,0.42072157517535147,0.12753382146994174,1,0,1.68,0.373134328358209,4.0,fanduel
2022_09_GB_DET,2022,09,ML_DOG_VALUE_ZONE,AVG,ZONE,home,168,2.6799999999999997,6.784169643340377,0.42072157517535147,0.12753382146994174,1,0,1.68,0.373134328358209,4.0,fanduel
2022_09_IND_NE,2022,09,ML_QBELO_DISAGREEMENT,QB_ELO,4-8,away,188,2.88,6.2291487089278785,0.39793346897526705,0.14604839064876907,0,0,-1.0,0.3472222222222222,4.5,fanduel
2022_09_IND_NE,2022,09,ML_XGB_DISAGREEMENT,XGB,0-2,home,-210,1.4761904761904763,0.8484067247468974,0.6728420853614807,-0.006756921609242683,1,0,0.47619,0.6774193548387096,4.5,fanduel
2022_09_IND_NE,2022,09,ML_AVG_DISAGREEMENT,AVG,2-4,away,188,2.88,2.690370992090496,0.3625456918068932,0.04413159240385234,0,0,-1.0,0.3472222222222222,4.5,fanduel
2022_09_LAC_ATL,2022,09,ML_QBELO_DISAGREEMENT,QB_ELO,8-12,home,125,2.25,11.481704569405254,0.5487277111452832,0.23463735007688724,0,0,-1.0,0.4444444444444444,2.5,draftkings
2022_09_LAC_ATL,2022,09,ML_XGB_DISAGREEMENT,XGB,12+,home,125,2.25,19.197923189526595,0.6258898973464966,0.4082522690296173,0,0,-1.0,0.4444444444444444,2.5,draftkings
2022_09_LAC_ATL,2022,09,ML_AVG_DISAGREEMENT,AVG,12+,home,125,2.25,15.339813879465918,0.5873088042458898,0.32144480955325205,0,0,-1.0,0.4444444444444444,2.5,draftkings
2022_09_LAC_ATL,2022,09,ML_CORROBORATED_DISAGREEMENT,CORROB,12+,home,125,2.25,15.339813879465918,0.5873088042458898,0.32144480955325205,0,0,-1.0,0.4444444444444444,2.5,draftkings
2022_09_LA_TB,2022,09,ML_QBELO_DISAGREEMENT,QB_ELO,0-2,home,-150,1.6666666666666665,0.5212777229951282,0.5913054924617394,-0.014490845897101146,1,0,0.666667,0.6000000000000001,3.0,fanduel
2022_09_LA_TB,2022,09,ML_XGB_DISAGREEMENT,XGB,2-4,home,-150,1.6666666666666665,3.519713404952296,0.621289849281311,0.03548308213551832,1,0,0.666667,0.6000000000000001,3.0,fanduel
2022_09_LA_TB,2022,09,ML_AVG_DISAGREEMENT,AVG,2-4,home,-150,1.6666666666666665,2.020495563973712,0.6062976708715252,0.010496118119208475,1,0,0.666667,0.6000000000000001,3.0,fanduel
2022_09_LA_TB,2022,09,ML_CORROBORATED_DISAGREEMENT,CORROB,2-4,home,-150,1.6666666666666665,2.020495563973712,0.6062976708715252,0.010496118119208475,1,0,0.666667,0.6000000000000001,3.0,fanduel
2022_09_LV_JAX,2022,09,ML_QBELO_DISAGREEMENT,QB_ELO,4-8,away,-142,1.704225352112676,7.367228926233571,0.6368139825030134,0.08527453356147352,0,0,-1.0,0.5867768595041323,2.5,draftkings
2022_09_LV_JAX,2022,09,ML_XGB_DISAGREEMENT,XGB,12+,home,125,2.25,12.708704627183604,0.5639453530311584,0.2688770443201065,1,0,1.25,0.4444444444444444,2.5,draftkings
2022_09_LV_JAX,2022,09,ML_AVG_DISAGREEMENT,AVG,2-4,home,125,2.25,2.6707378504750134,0.46356568526407255,0.043022791844163244,1,0,1.25,0.4444444444444444,2.5,draftkings
2022_09_LV_JAX,2022,09,ML_DOG_VALUE_ZONE,AVG,ZONE,home,125,2.25,2.6707378504750134,0.46356568526407255,0.043022791844163244,1,0,1.25,0.4444444444444444,2.5,draftkings
2022_09_MIA_CHI,2022,09,ML_QBELO_DISAGREEMENT,QB_ELO,4-8,home,160,2.6,6.254023227987515,0.4271156538202064,0.11050069993253664,0,0,-1.0,0.3846153846153846,4.0,draftkings
2022_09_MIA_CHI,2022,09,ML_DOG_VALUE_ZONE,QB_ELO,ZONE,home,160,2.6,6.254023227987515,0.4271156538202064,0.11050069993253664,0,0,-1.0,0.3846153846153846,4.0,draftkings
2022_09_MIA_CHI,2022,09,ML_XGB_DISAGREEMENT,XGB,12+,home,160,2.6,14.32674768285042,0.5078428983688354,0.32039153575897217,0,0,-1.0,0.3846153846153846,4.0,draftkings
2022_09_MIA_CHI,2022,09,ML_AVG_DISAGREEMENT,AVG,8-12,home,160,2.6,10.290385455418965,0.4674792760945209,0.2154461178457543,0,0,-1.0,0.3846153846153846,4.0,draftkings
2022_09_MIA_CHI,2022,09,ML_DOG_VALUE_ZONE,AVG,ZONE,home,160,2.6,10.290385455418965,0.4674792760945209,0.2154461178457543,0,0,-1.0,0.3846153846153846,4.0,draftkings
2022_09_MIA_CHI,2022,09,ML_CORROBORATED_DISAGREEMENT,CORROB,8-12,home,160,2.6,10.290385455418965,0.4674792760945209,0.2154461178457543,0,0,-1.0,0.3846153846153846,4.0,draftkings
2022_09_MIA_CHI,2022,09,ML_DOG_VALUE_ZONE,CORROB,ZONE,home,160,2.6,10.290385455418965,0.4674792760945209,0.2154461178457543,0,0,-1.0,0.3846153846153846,4.0,draftkings
2022_09_MIN_WAS,2022,09,ML_QBELO_DISAGREEMENT,QB_ELO,2-4,away,-165,1.606060606060606,3.759192173785464,0.643985051508847,0.03427902212026934,1,0,0.606061,0.6226415094339623,3.5,draftkings
2022_09_MIN_WAS,2022,09,ML_XGB_DISAGREEMENT,XGB,12+,home,142,2.42,15.603664631151965,0.5496435165405273,0.3301373100280762,0,0,-1.0,0.4132231404958678,3.5,draftkings
2022_09_MIN_WAS,2022,09,ML_AVG_DISAGREEMENT,AVG,4-8,home,142,2.42,5.922236228683247,0.4528292325158402,0.09584674268833315,0,0,-1.0,0.4132231404958678,3.5,draftkings
2022_09_MIN_WAS,2022,09,ML_DOG_VALUE_ZONE,AVG,ZONE,home,142,2.42,5.922236228683247,0.4528292325158402,0.09584674268833315,0,0,-1.0,0.4132231404958678,3.5,draftkings
2022_09_PHI_HOU,2022,09,ML_QBELO_DISAGREEMENT,QB_ELO,8-12,home,560,6.6,8.210336944739458,0.23517777440438337,0.5521733110689302,0,0,-1.0,0.15151515151515152,14.0,draftkings
2022_09_PHI_HOU,2022,09,LONG_DOG_201+_CONTEXT,QB_ELO,LONG201+,home,560,6.6,8.210336944739458,0.23517777440438337,0.5521733110689302,0,0,-1.0,0.15151515151515152,14.0,draftkings
2022_09_PHI_HOU,2022,09,ML_XGB_DISAGREEMENT,XGB,12+,home,560,6.6,20.920954012662936,0.36228394508361816,1.39107403755188,0,0,-1.0,0.15151515151515152,14.0,draftkings
2022_09_PHI_HOU,2022,09,LONG_DOG_201+_CONTEXT,XGB,LONG201+,home,560,6.6,20.920954012662936,0.36228394508361816,1.39107403755188,0,0,-1.0,0.15151515151515152,14.0,draftkings
2022_09_PHI_HOU,2022,09,ML_AVG_DISAGREEMENT,AVG,12+,home,560,6.6,14.565645478701198,0.29873085974400077,0.971623674310405,0,0,-1.0,0.15151515151515152,14.0,draftkings
2022_09_PHI_HOU,2022,09,LONG_DOG_201+_CONTEXT,AVG,LONG201+,home,560,6.6,14.565645478701198,0.29873085974400077,0.971623674310405,0,0,-1.0,0.15151515151515152,14.0,draftkings
2022_09_PHI_HOU,2022,09,ML_CORROBORATED_DISAGREEMENT,CORROB,12+,home,560,6.6,14.565645478701198,0.29873085974400077,0.971623674310405,0,0,-1.0,0.15151515151515152,14.0,draftkings
2022_09_SEA_ARI,2022,09,ML_QBELO_DISAGREEMENT,QB_ELO,4-8,away,112,2.12,7.796442754399657,0.5299149508551289,0.12341969581287326,1,0,1.12,0.4716981132075471,2.0,draftkings
2022_09_SEA_ARI,2022,09,ML_XGB_DISAGREEMENT,XGB,12+,away,112,2.12,16.242947871065727,0.6143800020217896,0.30248560428619387,1,0,1.12,0.4716981132075471,2.0,draftkings
2022_09_SEA_ARI,2022,09,ML_AVG_DISAGREEMENT,AVG,12+,away,112,2.12,12.019695312732692,0.5721474764384592,0.21295265004953357,1,0,1.12,0.4716981132075471,2.0,draftkings
2022_09_SEA_ARI,2022,09,ML_CORROBORATED_DISAGREEMENT,CORROB,12+,away,112,2.12,12.019695312732692,0.5721474764384592,0.21295265004953357,1,0,1.12,0.4716981132075471,2.0,draftkings
2022_09_TEN_KC,2022,09,ML_QBELO_DISAGREEMENT,QB_ELO,12+,away,610,7.1,19.189954253289788,0.33985179755398287,1.4129477626332783,0,0,-1.0,0.14084507042253522,14.0,fanduel
2022_09_TEN_KC,2022,09,LONG_DOG_201+_CONTEXT,QB_ELO,LONG201+,away,610,7.1,19.189954253289788,0.33985179755398287,1.4129477626332783,0,0,-1.0,0.14084507042253522,14.0,fanduel
2022_09_TEN_KC,2022,09,ML_XGB_DISAGREEMENT,XGB,12+,away,610,7.1,17.469317077542378,0.3226454257965088,1.2907825231552121,0,0,-1.0,0.14084507042253522,14.0,fanduel
2022_09_TEN_KC,2022,09,LONG_DOG_201+_CONTEXT,XGB,LONG201+,away,610,7.1,17.469317077542378,0.3226454257965088,1.2907825231552121,0,0,-1.0,0.14084507042253522,14.0,fanduel
2022_09_TEN_KC,2022,09,ML_AVG_DISAGREEMENT,AVG,12+,away,610,7.1,18.329635665416077,0.3312486116752458,1.351865142894245,0,0,-1.0,0.14084507042253522,14.0,fanduel
2022_09_TEN_KC,2022,09,LONG_DOG_201+_CONTEXT,AVG,LONG201+,away,610,7.1,18.329635665416077,0.3312486116752458,1.351865142894245,0,0,-1.0,0.14084507042253522,14.0,fanduel
2022_09_TEN_KC,2022,09,ML_CORROBORATED_DISAGREEMENT,CORROB,12+,away,610,7.1,18.329635665416077,0.3312486116752458,1.351865142894245,0,0,-1.0,0.14084507042253522,14.0,fanduel
2022_10_ARI_LA,2022,10,ML_QBELO_DISAGREEMENT,QB_ELO,2-4,home,-170,1.5882352941176472,3.6655462113215687,0.6406898289417551,0.017566198907493336,0,0,-1.0,0.6296296296296295,3.5,fanduel
2022_10_ARI_LA,2022,10,ML_XGB_DISAGREEMENT,XGB,0-2,home,-170,1.5882352941176472,0.6493327396771886,0.6105276942253113,-0.030338367995093818,0,0,-1.0,0.6296296296296295,3.5,fanduel
2022_10_ARI_LA,2022,10,ML_AVG_DISAGREEMENT,AVG,2-4,home,-170,1.5882352941176472,2.1574394754993786,0.6256087615835332,-0.006386084543800186,0,0,-1.0,0.6296296296296295,3.5,fanduel
2022_10_ARI_LA,2022,10,ML_CORROBORATED_DISAGREEMENT,CORROB,2-4,home,-170,1.5882352941176472,2.1574394754993786,0.6256087615835332,-0.006386084543800186,0,0,-1.0,0.6296296296296295,3.5,fanduel
2022_10_ATL_CAR,2022,10,ML_QBELO_DISAGREEMENT,QB_ELO,2-4,home,125,2.25,3.7671838441198204,0.4583860264286109,0.03136855946437467,1,0,1.25,0.4444444444444444,2.5,draftkings
2022_10_ATL_CAR,2022,10,ML_DOG_VALUE_ZONE,QB_ELO,ZONE,home,125,2.25,3.7671838441198204,0.4583860264286109,0.03136855946437467,1,0,1.25,0.4444444444444444,2.5,draftkings
2022_10_ATL_CAR,2022,10,ML_XGB_DISAGREEMENT,XGB,8-12,home,125,2.25,11.642963849726746,0.5371438264846802,0.2085736095905304,1,0,1.25,0.4444444444444444,2.5,draftkings
2022_10_ATL_CAR,2022,10,ML_AVG_DISAGREEMENT,AVG,4-8,home,125,2.25,7.705073846923282,0.49776492645664555,0.11997108452745242,1,0,1.25,0.4444444444444444,2.5,draftkings
2022_10_ATL_CAR,2022,10,ML_DOG_VALUE_ZONE,AVG,ZONE,home,125,2.25,7.705073846923282,0.49776492645664555,0.11997108452745242,1,0,1.25,0.4444444444444444,2.5,draftkings
2022_10_ATL_CAR,2022,10,ML_CORROBORATED_DISAGREEMENT,CORROB,4-8,home,125,2.25,7.705073846923282,0.49776492645664555,0.11997108452745242,1,0,1.25,0.4444444444444444,2.5,draftkings
2022_10_ATL_CAR,2022,10,ML_DOG_VALUE_ZONE,CORROB,ZONE,home,125,2.25,7.705073846923282,0.49776492645664555,0.11997108452745242,1,0,1.25,0.4444444444444444,2.5,draftkings
2022_10_CLE_MIA,2022,10,ML_QBELO_DISAGREEMENT,QB_ELO,4-8,home,-178,1.5617977528089888,4.186184665443604,0.6436621365316196,0.00527007840331617,1,0,0.561798,0.6402877697841727,3.5,draftkings
2022_10_CLE_MIA,2022,10,ML_XGB_DISAGREEMENT,XGB,4-8,away,160,2.6,5.212583852601793,0.45032554864883423,0.17084642648696913,0,0,-1.0,0.3846153846153846,3.5,draftkings
2022_10_CLE_MIA,2022,10,ML_DOG_VALUE_ZONE,XGB,ZONE,away,160,2.6,5.212583852601793,0.45032554864883423,0.17084642648696913,0,0,-1.0,0.3846153846153846,3.5,draftkings
2022_10_CLE_MIA,2022,10,ML_AVG_DISAGREEMENT,AVG,0-2,away,160,2.6,0.5131995935790945,0.40333170605860724,0.04866243575237883,0,0,-1.0,0.3846153846153846,3.5,draftkings
2022_10_CLE_MIA,2022,10,ML_DOG_VALUE_ZONE,AVG,ZONE,away,160,2.6,0.5131995935790945,0.40333170605860724,0.04866243575237883,0,0,-1.0,0.3846153846153846,3.5,draftkings
2022_10_DAL_GB,2022,10,ML_QBELO_DISAGREEMENT,QB_ELO,4-8,home,172,2.7199999999999998,6.049093832747637,0.4170510398564544,0.13437882840955595,1,0,1.72,0.36764705882352944,3.5,draftkings
2022_10_DAL_GB,2022,10,ML_DOG_VALUE_ZONE,QB_ELO,ZONE,home,172,2.7199999999999998,6.049093832747637,0.4170510398564544,0.13437882840955595,1,0,1.72,0.36764705882352944,3.5,draftkings
2022_10_DAL_GB,2022,10,ML_XGB_DISAGREEMENT,XGB,12+,home,172,2.7199999999999998,13.442326543726951,0.49098336696624756,0.33547475814819316,1,0,1.72,0.36764705882352944,3.5,draftkings
2022_10_DAL_GB,2022,10,ML_DOG_VALUE_ZONE,XGB,ZONE,home,172,2.7199999999999998,13.442326543726951,0.49098336696624756,0.33547475814819316,1,0,1.72,0.36764705882352944,3.5,draftkings
2022_10_DAL_GB,2022,10,ML_AVG_DISAGREEMENT,AVG,8-12,home,172,2.7199999999999998,9.745710188237295,0.454017203411351,0.23492679327887456,1,0,1.72,0.36764705882352944,3.5,draftkings
2022_10_DAL_GB,2022,10,ML_DOG_VALUE_ZONE,AVG,ZONE,home,172,2.7199999999999998,9.745710188237295,0.454017203411351,0.23492679327887456,1,0,1.72,0.36764705882352944,3.5,draftkings
2022_10_DAL_GB,2022,10,ML_CORROBORATED_DISAGREEMENT,CORROB,8-12,home,172,2.7199999999999998,9.745710188237295,0.454017203411351,0.23492679327887456,1,0,1.72,0.36764705882352944,3.5,draftkings
2022_10_DAL_GB,2022,10,ML_DOG_VALUE_ZONE,CORROB,ZONE,home,172,2.7199999999999998,9.745710188237295,0.454017203411351,0.23492679327887456,1,0,1.72,0.36764705882352944,3.5,draftkings
2022_10_DEN_TEN,2022,10,ML_QBELO_DISAGREEMENT,QB_ELO,12+,home,-130,1.7692307692307692,24.27845572716355,0.7908340339605033,0.3991679062378135,1,0,0.769231,0.5652173913043479,-2.0,draftkings
2022_10_DEN_TEN,2022,10,ML_XGB_DISAGREEMENT,XGB,12+,home,-130,1.7692307692307692,14.391205018185971,0.6919615268707275,0.2242396244635949,1,0,0.769231,0.5652173913043479,-2.0,draftkings
2022_10_DEN_TEN,2022,10,ML_AVG_DISAGREEMENT,AVG,12+,home,-130,1.7692307692307692,19.33483037267476,0.7413977804156154,0.3117037653507042,1,0,0.769231,0.5652173913043479,-2.0,draftkings
2022_10_DEN_TEN,2022,10,ML_CORROBORATED_DISAGREEMENT,CORROB,12+,home,-130,1.7692307692307692,19.33483037267476,0.7413977804156154,0.3117037653507042,1,0,0.769231,0.5652173913043479,-2.0,draftkings
2022_10_DET_CHI,2022,10,ML_QBELO_DISAGREEMENT,QB_ELO,2-4,home,-150,1.6666666666666665,2.295118385363748,0.611976703257156,0.019961172095259938,0,0,-1.0,0.6000000000000001,3.0,fanduel
2022_10_DET_CHI,2022,10,ML_XGB_DISAGREEMENT,XGB,2-4,away,130,2.3,2.8869174036086855,0.43984365463256836,0.011640405654907093,1,0,1.3,0.4347826086956522,3.0,fanduel
2022_10_DET_CHI,2022,10,ML_DOG_VALUE_ZONE,XGB,ZONE,away,130,2.3,2.8869174036086855,0.43984365463256836,0.011640405654907093,1,0,1.3,0.4347826086956522,3.0,fanduel
2022_10_DET_CHI,2022,10,ML_AVG_DISAGREEMENT,AVG,0-2,away,130,2.3,0.2958995091224714,0.4139334756877062,-0.04795300591827578,1,0,1.3,0.4347826086956522,3.0,fanduel
2022_10_DET_CHI,2022,10,ML_DOG_VALUE_ZONE,AVG,ZONE,away,130,2.3,0.2958995091224714,0.4139334756877062,-0.04795300591827578,1,0,1.3,0.4347826086956522,3.0,fanduel
2022_10_HOU_NYG,2022,10,ML_QBELO_DISAGREEMENT,QB_ELO,4-8,home,-215,1.4651162790697674,4.5372841026082416,0.7178619239955147,0.05175119097017267,1,0,0.465116,0.6825396825396826,5.5,fanduel
2022_10_HOU_NYG,2022,10,ML_XGB_DISAGREEMENT,XGB,8-12,home,-215,1.4651162790697674,8.936723455070927,0.7618563175201416,0.11620809311090508,1,0,0.465116,0.6825396825396826,5.5,fanduel
2022_10_HOU_NYG,2022,10,ML_AVG_DISAGREEMENT,AVG,4-8,home,-215,1.4651162790697674,6.73700377883959,0.7398591207578282,0.08397964204053898,1,0,0.465116,0.6825396825396826,5.5,fanduel
2022_10_HOU_NYG,2022,10,ML_CORROBORATED_DISAGREEMENT,CORROB,4-8,home,-215,1.4651162790697674,6.73700377883959,0.7398591207578282,0.08397964204053898,1,0,0.465116,0.6825396825396826,5.5,fanduel
2022_10_IND_LV,2022,10,ML_QBELO_DISAGREEMENT,QB_ELO,12+,away,190,2.9,12.878762687847562,0.4707059217274987,0.3650471730097462,1,0,1.9,0.3448275862068966,4.5,fanduel
2022_10_IND_LV,2022,10,ML_DOG_VALUE_ZONE,QB_ELO,ZONE,away,190,2.9,12.878762687847562,0.4707059217274987,0.3650471730097462,1,0,1.9,0.3448275862068966,4.5,fanduel
2022_10_IND_LV,2022,10,ML_XGB_DISAGREEMENT,XGB,0-2,home,-200,1.5,1.3220732631310628,0.6713024377822876,0.0069536566734313965,0,0,-1.0,0.6666666666666666,4.5,fanduel
2022_10_IND_LV,2022,10,ML_AVG_DISAGREEMENT,AVG,4-8,away,190,2.9,5.778344712358247,0.39970174197260555,0.1591350517205561,1,0,1.9,0.3448275862068966,4.5,fanduel
2022_10_JAX_KC,2022,10,ML_QBELO_DISAGREEMENT,QB_ELO,8-12,home,-435,1.2298850574712643,11.679609568625738,0.8967883307063169,0.10294656765029786,1,0,0.229885,0.8130841121495328,9.5,fanduel
2022_10_JAX_KC,2022,10,ML_XGB_DISAGREEMENT,XGB,8-12,away,380,4.8,8.354009421195407,0.30354785919189453,0.45702972412109366,0,0,-1.0,0.20833333333333334,9.5,fanduel
2022_10_JAX_KC,2022,10,LONG_DOG_201+_CONTEXT,XGB,LONG201+,away,380,4.8,8.354009421195407,0.30354785919189453,0.45702972412109366,0,0,-1.0,0.20833333333333334,9.5,fanduel
2022_10_JAX_KC,2022,10,ML_AVG_DISAGREEMENT,AVG,0-2,home,-435,1.2298850574712643,1.662800073715165,0.7966202357572112,-0.020248675562970164,1,0,0.229885,0.8130841121495328,9.5,fanduel
2022_10_LAC_SF,2022,10,ML_QBELO_DISAGREEMENT,QB_ELO,8-12,away,285,3.85,10.526170878564955,0.3561121950232359,0.37103195083945817,0,0,-1.0,0.2597402597402597,8.0,draftkings
2022_10_LAC_SF,2022,10,LONG_DOG_201+_CONTEXT,QB_ELO,LONG201+,away,285,3.85,10.526170878564955,0.3561121950232359,0.37103195083945817,0,0,-1.0,0.2597402597402597,8.0,draftkings
2022_10_LAC_SF,2022,10,ML_XGB_DISAGREEMENT,XGB,12+,away,285,3.85,20.536465696614904,0.45621514320373535,0.7564283013343811,0,0,-1.0,0.2597402597402597,8.0,draftkings
2022_10_LAC_SF,2022,10,LONG_DOG_201+_CONTEXT,XGB,LONG201+,away,285,3.85,20.536465696614904,0.45621514320373535,0.7564283013343811,0,0,-1.0,0.2597402597402597,8.0,draftkings
2022_10_LAC_SF,2022,10,ML_AVG_DISAGREEMENT,AVG,12+,away,285,3.85,15.531318287589924,0.40616366911348556,0.5637301260869194,0,0,-1.0,0.2597402597402597,8.0,draftkings
2022_10_LAC_SF,2022,10,LONG_DOG_201+_CONTEXT,AVG,LONG201+,away,285,3.85,15.531318287589924,0.40616366911348556,0.5637301260869194,0,0,-1.0,0.2597402597402597,8.0,draftkings
2022_10_LAC_SF,2022,10,ML_CORROBORATED_DISAGREEMENT,CORROB,12+,away,285,3.85,15.531318287589924,0.40616366911348556,0.5637301260869194,0,0,-1.0,0.2597402597402597,8.0,draftkings
2022_10_MIN_BUF,2022,10,ML_QBELO_DISAGREEMENT,QB_ELO,2-4,away,188,2.88,2.8255872936854667,0.3460625326465596,-0.0033399059779083418,1,0,1.88,0.3472222222222222,5.0,draftkings
2022_10_MIN_BUF,2022,10,ML_XGB_DISAGREEMENT,XGB,4-8,away,188,2.88,4.958701275657313,0.3673936724662781,0.05809377670288085,1,0,1.88,0.3472222222222222,5.0,draftkings
2022_10_MIN_BUF,2022,10,ML_AVG_DISAGREEMENT,AVG,2-4,away,188,2.88,3.8921442846713896,0.35672810255641885,0.0273769353624862,1,0,1.88,0.3472222222222222,5.0,draftkings
2022_10_MIN_BUF,2022,10,ML_CORROBORATED_DISAGREEMENT,CORROB,2-4,away,188,2.88,3.8921442846713896,0.35672810255641885,0.0273769353624862,1,0,1.88,0.3472222222222222,5.0,draftkings
2022_10_NO_PIT,2022,10,ML_QBELO_DISAGREEMENT,QB_ELO,2-4,home,-108,1.925925925925926,3.8949417322602597,0.5412724056147417,0.04245055896172478,1,0,0.925926,0.5192307692307692,-1.0,fanduel
2022_10_NO_PIT,2022,10,ML_XGB_DISAGREEMENT,XGB,12+,away,100,2.0,18.282877065793794,0.680505782365799,0.3610115647315979,0,0,-1.0,0.5,-1.0,fanduel
2022_10_NO_PIT,2022,10,ML_AVG_DISAGREEMENT,AVG,4-8,away,100,2.0,7.1939676667667705,0.5696166883755287,0.1392333767510574,0,0,-1.0,0.5,-1.0,fanduel
2022_10_SEA_TB,2022,10,ML_QBELO_DISAGREEMENT,QB_ELO,8-12,away,124,2.24,11.067595844622247,0.5384191711159056,0.2060589432996287,0,0,-1.0,0.4464285714285714,2.5,fanduel
2022_10_SEA_TB,2022,10,ML_XGB_DISAGREEMENT,XGB,12+,away,124,2.24,27.73707645241492,0.7051139771938324,0.5794553089141847,0,0,-1.0,0.4464285714285714,2.5,fanduel
2022_10_SEA_TB,2022,10,ML_AVG_DISAGREEMENT,AVG,12+,away,124,2.24,19.402336148518586,0.621766574154869,0.3927571261069067,0,0,-1.0,0.4464285714285714,2.5,fanduel
2022_10_SEA_TB,2022,10,ML_CORROBORATED_DISAGREEMENT,CORROB,12+,away,124,2.24,19.402336148518586,0.621766574154869,0.3927571261069067,0,0,-1.0,0.4464285714285714,2.5,fanduel
2022_10_WAS_PHI,2022,10,ML_QBELO_DISAGREEMENT,QB_ELO,0-2,away,400,5.0,1.6291145916906058,0.20271963170997642,0.013598158549882111,1,0,4.0,0.2,11.5,fanduel
2022_10_WAS_PHI,2022,10,LONG_DOG_201+_CONTEXT,QB_ELO,LONG201+,away,400,5.0,1.6291145916906058,0.20271963170997642,0.013598158549882111,1,0,4.0,0.2,11.5,fanduel
2022_10_WAS_PHI,2022,10,ML_XGB_DISAGREEMENT,XGB,4-8,away,400,5.0,7.35530272303061,0.25998151302337646,0.2999075651168823,1,0,4.0,0.2,11.5,fanduel
2022_10_WAS_PHI,2022,10,LONG_DOG_201+_CONTEXT,XGB,LONG201+,away,400,5.0,7.35530272303061,0.25998151302337646,0.2999075651168823,1,0,4.0,0.2,11.5,fanduel
2022_10_WAS_PHI,2022,10,ML_AVG_DISAGREEMENT,AVG,4-8,away,400,5.0,4.492208657360608,0.23135057236667644,0.15675286183338222,1,0,4.0,0.2,11.5,fanduel
2022_10_WAS_PHI,2022,10,LONG_DOG_201+_CONTEXT,AVG,LONG201+,away,400,5.0,4.492208657360608,0.23135057236667644,0.15675286183338222,1,0,4.0,0.2,11.5,fanduel
2022_10_WAS_PHI,2022,10,ML_CORROBORATED_DISAGREEMENT,CORROB,4-8,away,400,5.0,4.492208657360608,0.23135057236667644,0.15675286183338222,1,0,4.0,0.2,11.5,fanduel
2022_11_CAR_BAL,2022,11,ML_QBELO_DISAGREEMENT,QB_ELO,4-8,away,500,6.0,5.363480860516456,0.2154043623089451,0.29242617385367065,0,0,-1.0,0.16666666666666666,13.0,fanduel
2022_11_CAR_BAL,2022,11,LONG_DOG_201+_CONTEXT,QB_ELO,LONG201+,away,500,6.0,5.363480860516456,0.2154043623089451,0.29242617385367065,0,0,-1.0,0.16666666666666666,13.0,fanduel
2022_11_CAR_BAL,2022,11,ML_XGB_DISAGREEMENT,XGB,12+,away,500,6.0,21.875448556471312,0.38052403926849365,1.283144235610962,0,0,-1.0,0.16666666666666666,13.0,fanduel
2022_11_CAR_BAL,2022,11,LONG_DOG_201+_CONTEXT,XGB,LONG201+,away,500,6.0,21.875448556471312,0.38052403926849365,1.283144235610962,0,0,-1.0,0.16666666666666666,13.0,fanduel
2022_11_CAR_BAL,2022,11,ML_AVG_DISAGREEMENT,AVG,12+,away,500,6.0,13.619464708493878,0.2979642007887193,0.787785204732316,0,0,-1.0,0.16666666666666666,13.0,fanduel
2022_11_CAR_BAL,2022,11,LONG_DOG_201+_CONTEXT,AVG,LONG201+,away,500,6.0,13.619464708493878,0.2979642007887193,0.787785204732316,0,0,-1.0,0.16666666666666666,13.0,fanduel
2022_11_CAR_BAL,2022,11,ML_CORROBORATED_DISAGREEMENT,CORROB,12+,away,500,6.0,13.619464708493878,0.2979642007887193,0.787785204732316,0,0,-1.0,0.16666666666666666,13.0,fanduel
2022_11_CHI_ATL,2022,11,ML_QBELO_DISAGREEMENT,QB_ELO,2-4,home,-136,1.7352941176470589,3.466144253363268,0.5989035547642718,0.039273815620354036,1,0,0.735294,0.576271186440678,2.5,draftkings
2022_11_CHI_ATL,2022,11,ML_XGB_DISAGREEMENT,XGB,2-4,home,-136,1.7352941176470589,3.864122669758352,0.6028833389282227,0.04617991166956292,1,0,0.735294,0.576271186440678,2.5,draftkings
2022_11_CHI_ATL,2022,11,ML_AVG_DISAGREEMENT,AVG,2-4,home,-136,1.7352941176470589,3.66513346156081,0.6008934468462472,0.04272686364495848,1,0,0.735294,0.576271186440678,2.5,draftkings
2022_11_CHI_ATL,2022,11,ML_CORROBORATED_DISAGREEMENT,CORROB,2-4,home,-136,1.7352941176470589,3.66513346156081,0.6008934468462472,0.04272686364495848,1,0,0.735294,0.576271186440678,2.5,draftkings
2022_11_CIN_PIT,2022,11,ML_QBELO_DISAGREEMENT,QB_ELO,8-12,home,160,2.6,9.136904022120278,0.4634460508935896,0.20495973232333298,0,0,-1.0,0.3846153846153846,3.5,draftkings
2022_11_CIN_PIT,2022,11,ML_DOG_VALUE_ZONE,QB_ELO,ZONE,home,160,2.6,9.136904022120278,0.4634460508935896,0.20495973232333298,0,0,-1.0,0.3846153846153846,3.5,draftkings
2022_11_CIN_PIT,2022,11,ML_XGB_DISAGREEMENT,XGB,4-8,home,160,2.6,7.308245440215239,0.4451594650745392,0.157414609193802,0,0,-1.0,0.3846153846153846,3.5,draftkings
2022_11_CIN_PIT,2022,11,ML_DOG_VALUE_ZONE,XGB,ZONE,home,160,2.6,7.308245440215239,0.4451594650745392,0.157414609193802,0,0,-1.0,0.3846153846153846,3.5,draftkings
2022_11_CIN_PIT,2022,11,ML_AVG_DISAGREEMENT,AVG,8-12,home,160,2.6,8.222574731167759,0.4543027579840644,0.1811871707585675,0,0,-1.0,0.3846153846153846,3.5,draftkings
2022_11_CIN_PIT,2022,11,ML_DOG_VALUE_ZONE,AVG,ZONE,home,160,2.6,8.222574731167759,0.4543027579840644,0.1811871707585675,0,0,-1.0,0.3846153846153846,3.5,draftkings
2022_11_CIN_PIT,2022,11,ML_CORROBORATED_DISAGREEMENT,CORROB,8-12,home,160,2.6,8.222574731167759,0.4543027579840644,0.1811871707585675,0,0,-1.0,0.3846153846153846,3.5,draftkings
2022_11_CIN_PIT,2022,11,ML_DOG_VALUE_ZONE,CORROB,ZONE,home,160,2.6,8.222574731167759,0.4543027579840644,0.1811871707585675,0,0,-1.0,0.3846153846153846,3.5,draftkings
2022_11_CLE_BUF,2022,11,ML_QBELO_DISAGREEMENT,QB_ELO,0-2,away,290,3.9,1.1583934068989916,0.257268046678768,0.0033453820471951445,0,0,-1.0,0.25641025641025644,7.5,fanduel
2022_11_CLE_BUF,2022,11,LONG_DOG_201+_CONTEXT,QB_ELO,LONG201+,away,290,3.9,1.1583934068989916,0.257268046678768,0.0033453820471951445,0,0,-1.0,0.25641025641025644,7.5,fanduel
2022_11_CLE_BUF,2022,11,ML_XGB_DISAGREEMENT,XGB,12+,away,290,3.9,18.594602197274142,0.43163013458251953,0.6833575248718262,0,0,-1.0,0.25641025641025644,7.5,fanduel
2022_11_CLE_BUF,2022,11,LONG_DOG_201+_CONTEXT,XGB,LONG201+,away,290,3.9,18.594602197274142,0.43163013458251953,0.6833575248718262,0,0,-1.0,0.25641025641025644,7.5,fanduel
2022_11_CLE_BUF,2022,11,ML_AVG_DISAGREEMENT,AVG,8-12,away,290,3.9,9.876497802086567,0.3444490906306438,0.3433514534595108,0,0,-1.0,0.25641025641025644,7.5,fanduel
2022_11_CLE_BUF,2022,11,LONG_DOG_201+_CONTEXT,AVG,LONG201+,away,290,3.9,9.876497802086567,0.3444490906306438,0.3433514534595108,0,0,-1.0,0.25641025641025644,7.5,fanduel
2022_11_CLE_BUF,2022,11,ML_CORROBORATED_DISAGREEMENT,CORROB,8-12,away,290,3.9,9.876497802086567,0.3444490906306438,0.3433514534595108,0,0,-1.0,0.25641025641025644,7.5,fanduel
2022_11_DAL_MIN,2022,11,ML_QBELO_DISAGREEMENT,QB_ELO,12+,home,114,2.1399999999999997,15.045112384947302,0.612598555097271,0.31096090790815967,0,0,-1.0,0.4672897196261683,2.5,fanduel
2022_11_DAL_MIN,2022,11,ML_XGB_DISAGREEMENT,XGB,4-8,home,114,2.1399999999999997,5.09569479292955,0.5131043791770935,0.0980433714389799,0,0,-1.0,0.4672897196261683,2.5,fanduel
2022_11_DAL_MIN,2022,11,ML_AVG_DISAGREEMENT,AVG,8-12,home,114,2.1399999999999997,10.070403588938426,0.5628514671371823,0.20450213967356978,0,0,-1.0,0.4672897196261683,2.5,fanduel
2022_11_DAL_MIN,2022,11,ML_CORROBORATED_DISAGREEMENT,CORROB,8-12,home,114,2.1399999999999997,10.070403588938426,0.5628514671371823,0.20450213967356978,0,0,-1.0,0.4672897196261683,2.5,fanduel
2022_11_DET_NYG,2022,11,ML_QBELO_DISAGREEMENT,QB_ELO,4-8,home,-155,1.6451612903225805,7.283660803975689,0.6730826104997815,0.1073294559835114,0,0,-1.0,0.607843137254902,3.0,draftkings
2022_11_DET_NYG,2022,11,ML_XGB_DISAGREEMENT,XGB,4-8,away,138,2.38,4.908256747772483,0.4488365650177002,0.0682310247421265,1,0,1.38,0.42016806722689076,3.0,draftkings
2022_11_DET_NYG,2022,11,ML_DOG_VALUE_ZONE,XGB,ZONE,away,138,2.38,4.908256747772483,0.4488365650177002,0.0682310247421265,1,0,1.38,0.42016806722689076,3.0,draftkings
2022_11_DET_NYG,2022,11,ML_AVG_DISAGREEMENT,AVG,0-2,home,-155,1.6451612903225805,1.1877020281016004,0.6121230227410406,0.00704110192880858,0,0,-1.0,0.607843137254902,3.0,draftkings
2022_11_KC_LAC,2022,11,ML_QBELO_DISAGREEMENT,QB_ELO,2-4,away,-230,1.434782608695652,2.7341883817402324,0.7102421630544697,0.01904310351293481,1,0,0.434783,0.696969696969697,5.5,draftkings
2022_11_KC_LAC,2022,11,ML_XGB_DISAGREEMENT,XGB,12+,home,205,3.05,12.640663929108364,0.4435063600540161,0.352694398164749,0,0,-1.0,0.3278688524590164,5.5,draftkings
2022_11_KC_LAC,2022,11,LONG_DOG_201+_CONTEXT,XGB,LONG201+,home,205,3.05,12.640663929108364,0.4435063600540161,0.352694398164749,0,0,-1.0,0.3278688524590164,5.5,draftkings
2022_11_KC_LAC,2022,11,ML_AVG_DISAGREEMENT,AVG,4-8,home,205,3.05,4.953237773684071,0.3666320984997732,0.11822790042430809,0,0,-1.0,0.3278688524590164,5.5,draftkings
2022_11_KC_LAC,2022,11,LONG_DOG_201+_CONTEXT,AVG,LONG201+,home,205,3.05,4.953237773684071,0.3666320984997732,0.11822790042430809,0,0,-1.0,0.3278688524590164,5.5,draftkings
2022_11_LA_NO,2022,11,ML_QBELO_DISAGREEMENT,QB_ELO,2-4,away,120,2.2,2.836316354779045,0.47440382855387286,0.04368842281852037,0,0,-1.0,0.45454545454545453,-2.5,draftkings
2022_11_LA_NO,2022,11,ML_DOG_VALUE_ZONE,QB_ELO,ZONE,away,120,2.2,2.836316354779045,0.47440382855387286,0.04368842281852037,0,0,-1.0,0.45454545454545453,-2.5,draftkings
2022_11_LA_NO,2022,11,ML_XGB_DISAGREEMENT,XGB,4-8,home,-135,1.7407407407407407,4.466793427411819,0.5986272692680359,0.04205487613324754,1,0,0.740741,0.574468085106383,-2.5,draftkings
2022_11_LA_NO,2022,11,ML_AVG_DISAGREEMENT,AVG,0-2,home,-135,1.7407407407407407,0.8152385363163872,0.5621117203570816,-0.021509227526561703,1,0,0.740741,0.574468085106383,-2.5,draftkings
2022_11_LV_DEN,2022,11,ML_QBELO_DISAGREEMENT,QB_ELO,2-4,away,122,2.2199999999999998,3.325018040119021,0.45570039162629583,0.011654869410376634,1,0,1.22,0.4504504504504505,-2.5,fanduel
2022_11_LV_DEN,2022,11,ML_DOG_VALUE_ZONE,QB_ELO,ZONE,away,122,2.2199999999999998,3.325018040119021,0.45570039162629583,0.011654869410376634,1,0,1.22,0.4504504504504505,-2.5,fanduel
2022_11_LV_DEN,2022,11,ML_XGB_DISAGREEMENT,XGB,4-8,away,122,2.2199999999999998,6.220117551271787,0.4846513867378235,0.07592607855796807,1,0,1.22,0.4504504504504505,-2.5,fanduel
2022_11_LV_DEN,2022,11,ML_DOG_VALUE_ZONE,XGB,ZONE,away,122,2.2199999999999998,6.220117551271787,0.4846513867378235,0.07592607855796807,1,0,1.22,0.4504504504504505,-2.5,fanduel
2022_11_LV_DEN,2022,11,ML_AVG_DISAGREEMENT,AVG,4-8,away,122,2.2199999999999998,4.772567795695403,0.47017588918205966,0.04379047398417235,1,0,1.22,0.4504504504504505,-2.5,fanduel
2022_11_LV_DEN,2022,11,ML_DOG_VALUE_ZONE,AVG,ZONE,away,122,2.2199999999999998,4.772567795695403,0.47017588918205966,0.04379047398417235,1,0,1.22,0.4504504504504505,-2.5,fanduel
2022_11_LV_DEN,2022,11,ML_CORROBORATED_DISAGREEMENT,CORROB,4-8,away,122,2.2199999999999998,4.772567795695403,0.47017588918205966,0.04379047398417235,1,0,1.22,0.4504504504504505,-2.5,fanduel
2022_11_LV_DEN,2022,11,ML_DOG_VALUE_ZONE,CORROB,ZONE,away,122,2.2199999999999998,4.772567795695403,0.47017588918205966,0.04379047398417235,1,0,1.22,0.4504504504504505,-2.5,fanduel
2022_11_NYJ_NE,2022,11,ML_QBELO_DISAGREEMENT,QB_ELO,2-4,home,-170,1.5882352941176472,2.850329950967878,0.6537048040771156,0.03823704176953657,1,0,0.588235,0.6296296296296295,-3.5,draftkings
2022_11_NYJ_NE,2022,11,ML_XGB_DISAGREEMENT,XGB,4-8,away,154,2.54,4.338673863726106,0.4181852340698242,0.06219049453735348,0,0,-1.0,0.39370078740157477,-3.5,draftkings
2022_11_NYJ_NE,2022,11,ML_DOG_VALUE_ZONE,XGB,ZONE,away,154,2.54,4.338673863726106,0.4181852340698242,0.06219049453735348,0,0,-1.0,0.39370078740157477,-3.5,draftkings
2022_11_NYJ_NE,2022,11,ML_AVG_DISAGREEMENT,AVG,0-2,away,154,2.54,0.7441719563791138,0.3822402149963543,-0.02910985390926002,0,0,-1.0,0.39370078740157477,-3.5,draftkings
2022_11_PHI_IND,2022,11,ML_QBELO_DISAGREEMENT,QB_ELO,12+,home,235,3.35,14.077171000117772,0.42329937108632065,0.41805289313917426,0,0,-1.0,0.29850746268656714,6.5,fanduel
2022_11_PHI_IND,2022,11,LONG_DOG_201+_CONTEXT,QB_ELO,LONG201+,home,235,3.35,14.077171000117772,0.42329937108632065,0.41805289313917426,0,0,-1.0,0.29850746268656714,6.5,fanduel
2022_11_PHI_IND,2022,11,ML_XGB_DISAGREEMENT,XGB,12+,home,235,3.35,16.87102856635906,0.4512379467487335,0.5116471216082574,0,0,-1.0,0.29850746268656714,6.5,fanduel
2022_11_PHI_IND,2022,11,LONG_DOG_201+_CONTEXT,XGB,LONG201+,home,235,3.35,16.87102856635906,0.4512379467487335,0.5116471216082574,0,0,-1.0,0.29850746268656714,6.5,fanduel
2022_11_PHI_IND,2022,11,ML_AVG_DISAGREEMENT,AVG,12+,home,235,3.35,15.474099783238415,0.4372686589175271,0.46485000737371585,0,0,-1.0,0.29850746268656714,6.5,fanduel
2022_11_PHI_IND,2022,11,LONG_DOG_201+_CONTEXT,AVG,LONG201+,home,235,3.35,15.474099783238415,0.4372686589175271,0.46485000737371585,0,0,-1.0,0.29850746268656714,6.5,fanduel
2022_11_PHI_IND,2022,11,ML_CORROBORATED_DISAGREEMENT,CORROB,12+,home,235,3.35,15.474099783238415,0.4372686589175271,0.46485000737371585,0,0,-1.0,0.29850746268656714,6.5,fanduel
2022_11_SF_ARI,2022,11,ML_QBELO_DISAGREEMENT,QB_ELO,12+,home,360,4.6,18.42092403968906,0.39502896401498105,0.8171332344689126,0,0,-1.0,0.2173913043478261,10.0,fanduel
2022_11_SF_ARI,2022,11,LONG_DOG_201+_CONTEXT,QB_ELO,LONG201+,home,360,4.6,18.42092403968906,0.39502896401498105,0.8171332344689126,0,0,-1.0,0.2173913043478261,10.0,fanduel
2022_11_SF_ARI,2022,11,ML_XGB_DISAGREEMENT,XGB,12+,home,360,4.6,27.719124912017556,0.488010972738266,1.2448504745960234,0,0,-1.0,0.2173913043478261,10.0,fanduel
2022_11_SF_ARI,2022,11,LONG_DOG_201+_CONTEXT,XGB,LONG201+,home,360,4.6,27.719124912017556,0.488010972738266,1.2448504745960234,0,0,-1.0,0.2173913043478261,10.0,fanduel
2022_11_SF_ARI,2022,11,ML_AVG_DISAGREEMENT,AVG,12+,home,360,4.6,23.07002447585331,0.44151996837662355,1.030991854532468,0,0,-1.0,0.2173913043478261,10.0,fanduel
2022_11_SF_ARI,2022,11,LONG_DOG_201+_CONTEXT,AVG,LONG201+,home,360,4.6,23.07002447585331,0.44151996837662355,1.030991854532468,0,0,-1.0,0.2173913043478261,10.0,fanduel
2022_11_SF_ARI,2022,11,ML_CORROBORATED_DISAGREEMENT,CORROB,12+,home,360,4.6,23.07002447585331,0.44151996837662355,1.030991854532468,0,0,-1.0,0.2173913043478261,10.0,fanduel
2022_11_TEN_GB,2022,11,ML_QBELO_DISAGREEMENT,QB_ELO,12+,away,148,2.48,18.064704621054123,0.5657926483025497,0.4031657677903233,1,0,1.48,0.40322580645161293,3.0,draftkings
2022_11_TEN_GB,2022,11,ML_XGB_DISAGREEMENT,XGB,4-8,away,148,2.48,7.262957347943316,0.45777517557144165,0.13528243541717533,1,0,1.48,0.40322580645161293,3.0,draftkings
2022_11_TEN_GB,2022,11,ML_DOG_VALUE_ZONE,XGB,ZONE,away,148,2.48,7.262957347943316,0.45777517557144165,0.13528243541717533,1,0,1.48,0.40322580645161293,3.0,draftkings
2022_11_TEN_GB,2022,11,ML_AVG_DISAGREEMENT,AVG,12+,away,148,2.48,12.66383098449872,0.5117839119369957,0.2692241016037493,1,0,1.48,0.40322580645161293,3.0,draftkings
2022_11_TEN_GB,2022,11,ML_CORROBORATED_DISAGREEMENT,CORROB,12+,away,148,2.48,12.66383098449872,0.5117839119369957,0.2692241016037493,1,0,1.48,0.40322580645161293,3.0,draftkings
2022_11_WAS_HOU,2022,11,ML_QBELO_DISAGREEMENT,QB_ELO,2-4,away,-165,1.606060606060606,3.5106043607626036,0.6300171139285325,0.011845667824612827,1,0,0.606061,0.6226415094339623,3.0,fanduel
2022_11_WAS_HOU,2022,11,ML_XGB_DISAGREEMENT,XGB,12+,home,140,2.4,13.350340888291806,0.5385923385620117,0.2926216125488281,0,0,-1.0,0.4166666666666667,3.0,fanduel
2022_11_WAS_HOU,2022,11,ML_AVG_DISAGREEMENT,AVG,4-8,home,140,2.4,4.919868263764593,0.4542876123167396,0.09029026956017505,0,0,-1.0,0.4166666666666667,3.0,fanduel
2022_11_WAS_HOU,2022,11,ML_DOG_VALUE_ZONE,AVG,ZONE,home,140,2.4,4.919868263764593,0.4542876123167396,0.09029026956017505,0,0,-1.0,0.4166666666666667,3.0,fanduel
2022_12_ATL_WAS,2022,12,ML_QBELO_DISAGREEMENT,QB_ELO,0-2,home,-190,1.526315789473684,0.6491820510419077,0.6457629250102331,-0.014361851300170536,1,0,0.526316,0.6551724137931035,3.5,draftkings
2022_12_ATL_WAS,2022,12,ML_XGB_DISAGREEMENT,XGB,0-2,away,165,2.65,0.2684319183346773,0.3634132146835327,-0.03695498108863837,0,0,-1.0,0.37735849056603776,3.5,draftkings
2022_12_ATL_WAS,2022,12,ML_AVG_DISAGREEMENT,AVG,0-2,home,-190,1.526315789473684,0.19037506635362078,0.6411748551633503,-0.02136469475067604,1,0,0.526316,0.6551724137931035,3.5,draftkings
2022_12_BAL_JAX,2022,12,ML_QBELO_DISAGREEMENT,QB_ELO,12+,away,-188,1.5319148936170213,13.393860324916318,0.7558978405930159,0.1579711600573861,0,0,-1.0,0.6527777777777778,3.5,fanduel
2022_12_BAL_JAX,2022,12,ML_XGB_DISAGREEMENT,XGB,12+,home,160,2.6,15.208384204584856,0.5301246047019958,0.3783239722251892,1,0,1.6,0.3846153846153846,3.5,fanduel
2022_12_BAL_JAX,2022,12,ML_AVG_DISAGREEMENT,AVG,0-2,home,160,2.6,0.9072619398342696,0.38711338205449,0.00649479334167391,1,0,1.6,0.3846153846153846,3.5,fanduel
2022_12_BUF_DET,2022,12,ML_QBELO_DISAGREEMENT,QB_ELO,2-4,home,340,4.4,3.8475812054094227,0.2599060680746388,0.14358669952841074,0,0,-1.0,0.22727272727272727,9.5,fanduel
2022_12_BUF_DET,2022,12,LONG_DOG_201+_CONTEXT,QB_ELO,LONG201+,home,340,4.4,3.8475812054094227,0.2599060680746388,0.14358669952841074,0,0,-1.0,0.22727272727272727,9.5,fanduel
2022_12_BUF_DET,2022,12,ML_XGB_DISAGREEMENT,XGB,8-12,home,340,4.4,8.089919482517383,0.3023294508457184,0.330249583721161,0,0,-1.0,0.22727272727272727,9.5,fanduel
2022_12_BUF_DET,2022,12,LONG_DOG_201+_CONTEXT,XGB,LONG201+,home,340,4.4,8.089919482517383,0.3023294508457184,0.330249583721161,0,0,-1.0,0.22727272727272727,9.5,fanduel
2022_12_BUF_DET,2022,12,ML_AVG_DISAGREEMENT,AVG,4-8,home,340,4.4,5.968750343963403,0.2811177594601786,0.23691814162478586,0,0,-1.0,0.22727272727272727,9.5,fanduel
2022_12_BUF_DET,2022,12,LONG_DOG_201+_CONTEXT,AVG,LONG201+,home,340,4.4,5.968750343963403,0.2811177594601786,0.23691814162478586,0,0,-1.0,0.22727272727272727,9.5,fanduel
2022_12_BUF_DET,2022,12,ML_CORROBORATED_DISAGREEMENT,CORROB,4-8,home,340,4.4,5.968750343963403,0.2811177594601786,0.23691814162478586,0,0,-1.0,0.22727272727272727,9.5,fanduel
2022_12_CHI_NYJ,2022,12,ML_QBELO_DISAGREEMENT,QB_ELO,4-8,away,250,3.5,6.5848100726257295,0.35595249138974394,0.24583371986410385,0,0,-1.0,0.2857142857142857,7.0,draftkings
2022_12_CHI_NYJ,2022,12,LONG_DOG_201+_CONTEXT,QB_ELO,LONG201+,away,250,3.5,6.5848100726257295,0.35595249138974394,0.24583371986410385,0,0,-1.0,0.2857142857142857,7.0,draftkings
2022_12_CHI_NYJ,2022,12,ML_XGB_DISAGREEMENT,XGB,4-8,home,-295,1.3389830508474576,5.136251596866259,0.7612581253051758,0.019311727103540344,1,0,0.338983,0.7468354430379747,7.0,draftkings
2022_12_CHI_NYJ,2022,12,ML_AVG_DISAGREEMENT,AVG,0-2,away,250,3.5,0.724279237879738,0.297347183042284,0.0407151406479942,0,0,-1.0,0.2857142857142857,7.0,draftkings
2022_12_CHI_NYJ,2022,12,LONG_DOG_201+_CONTEXT,AVG,LONG201+,away,250,3.5,0.724279237879738,0.297347183042284,0.0407151406479942,0,0,-1.0,0.2857142857142857,7.0,draftkings
2022_12_CIN_TEN,2022,12,ML_QBELO_DISAGREEMENT,QB_ELO,12+,home,-108,1.925925925925926,14.117263266180657,0.6458192568893053,0.2438000503053288,0,0,-1.0,0.5192307692307692,1.0,draftkings
2022_12_CIN_TEN,2022,12,ML_XGB_DISAGREEMENT,XGB,12+,away,-108,1.925925925925926,20.87120663127648,0.7040654420852661,0.3559778884605127,1,0,0.925926,0.5192307692307692,1.0,draftkings
2022_12_CIN_TEN,2022,12,ML_AVG_DISAGREEMENT,AVG,2-4,away,-108,1.925925925925926,3.376971682547908,0.5291230925979804,0.019051882040554968,1,0,0.925926,0.5192307692307692,1.0,draftkings
2022_12_DEN_CAR,2022,12,ML_QBELO_DISAGREEMENT,QB_ELO,8-12,home,105,2.05,10.804290157272783,0.5862457485478167,0.20180378452302428,1,0,1.05,0.48780487804878053,1.5,draftkings
2022_12_DEN_CAR,2022,12,ML_XGB_DISAGREEMENT,XGB,4-8,home,105,2.05,4.6064826517342725,0.5242676734924316,0.07474873065948473,1,0,1.05,0.48780487804878053,1.5,draftkings
2022_12_DEN_CAR,2022,12,ML_AVG_DISAGREEMENT,AVG,4-8,home,105,2.05,7.705386404503528,0.5552567110201242,0.1382762575912544,1,0,1.05,0.48780487804878053,1.5,draftkings
2022_12_DEN_CAR,2022,12,ML_CORROBORATED_DISAGREEMENT,CORROB,4-8,home,105,2.05,7.705386404503528,0.5552567110201242,0.1382762575912544,1,0,1.05,0.48780487804878053,1.5,draftkings
2022_12_GB_PHI,2022,12,ML_QBELO_DISAGREEMENT,QB_ELO,0-2,away,235,3.35,0.6804326015203865,0.2942707882612752,-0.014192859324728135,0,0,-1.0,0.29850746268656714,6.5,draftkings
2022_12_GB_PHI,2022,12,LONG_DOG_201+_CONTEXT,QB_ELO,LONG201+,away,235,3.35,0.6804326015203865,0.2942707882612752,-0.014192859324728135,0,0,-1.0,0.29850746268656714,6.5,draftkings
2022_12_GB_PHI,2022,12,ML_XGB_DISAGREEMENT,XGB,0-2,away,235,3.35,1.4266197093833477,0.3017326593399048,0.010804408788681164,0,0,-1.0,0.29850746268656714,6.5,draftkings
2022_12_GB_PHI,2022,12,LONG_DOG_201+_CONTEXT,XGB,LONG201+,away,235,3.35,1.4266197093833477,0.3017326593399048,0.010804408788681164,0,0,-1.0,0.29850746268656714,6.5,draftkings
2022_12_GB_PHI,2022,12,ML_AVG_DISAGREEMENT,AVG,0-2,away,235,3.35,1.0535261554518671,0.29800172380059,-0.0016942252680235415,0,0,-1.0,0.29850746268656714,6.5,draftkings
2022_12_GB_PHI,2022,12,LONG_DOG_201+_CONTEXT,AVG,LONG201+,away,235,3.35,1.0535261554518671,0.29800172380059,-0.0016942252680235415,0,0,-1.0,0.29850746268656714,6.5,draftkings
2022_12_GB_PHI,2022,12,ML_CORROBORATED_DISAGREEMENT,CORROB,0-2,away,235,3.35,1.0535261554518671,0.29800172380059,-0.0016942252680235415,0,0,-1.0,0.29850746268656714,6.5,draftkings
2022_12_HOU_MIA,2022,12,ML_QBELO_DISAGREEMENT,QB_ELO,2-4,away,625,7.25,2.1989643351228856,0.15985974077435294,0.15898312061405884,0,0,-1.0,0.13793103448275862,14.0,fanduel
2022_12_HOU_MIA,2022,12,LONG_DOG_201+_CONTEXT,QB_ELO,LONG201+,away,625,7.25,2.1989643351228856,0.15985974077435294,0.15898312061405884,0,0,-1.0,0.13793103448275862,14.0,fanduel
2022_12_HOU_MIA,2022,12,ML_XGB_DISAGREEMENT,XGB,4-8,away,625,7.25,5.983630392498992,0.197706401348114,0.4333714097738266,0,0,-1.0,0.13793103448275862,14.0,fanduel
2022_12_HOU_MIA,2022,12,LONG_DOG_201+_CONTEXT,XGB,LONG201+,away,625,7.25,5.983630392498992,0.197706401348114,0.4333714097738266,0,0,-1.0,0.13793103448275862,14.0,fanduel
2022_12_HOU_MIA,2022,12,ML_AVG_DISAGREEMENT,AVG,4-8,away,625,7.25,4.091297363810939,0.17878307106123348,0.2961772651939427,0,0,-1.0,0.13793103448275862,14.0,fanduel
2022_12_HOU_MIA,2022,12,LONG_DOG_201+_CONTEXT,AVG,LONG201+,away,625,7.25,4.091297363810939,0.17878307106123348,0.2961772651939427,0,0,-1.0,0.13793103448275862,14.0,fanduel
2022_12_HOU_MIA,2022,12,ML_CORROBORATED_DISAGREEMENT,CORROB,4-8,away,625,7.25,4.091297363810939,0.17878307106123348,0.2961772651939427,0,0,-1.0,0.13793103448275862,14.0,fanduel
2022_12_LAC_ARI,2022,12,ML_QBELO_DISAGREEMENT,QB_ELO,12+,home,135,2.35,13.20791644165617,0.5641578425089072,0.3257709298959319,0,0,-1.0,0.425531914893617,-2.5,fanduel
2022_12_LAC_ARI,2022,12,ML_XGB_DISAGREEMENT,XGB,4-8,home,135,2.35,6.433237723411628,0.4964110553264618,0.16656598001718526,0,0,-1.0,0.425531914893617,-2.5,fanduel
2022_12_LAC_ARI,2022,12,ML_DOG_VALUE_ZONE,XGB,ZONE,home,135,2.35,6.433237723411628,0.4964110553264618,0.16656598001718526,0,0,-1.0,0.425531914893617,-2.5,fanduel
2022_12_LAC_ARI,2022,12,ML_AVG_DISAGREEMENT,AVG,8-12,home,135,2.35,9.820577082533905,0.5302844489176846,0.2461684549565588,0,0,-1.0,0.425531914893617,-2.5,fanduel
2022_12_LAC_ARI,2022,12,ML_CORROBORATED_DISAGREEMENT,CORROB,8-12,home,135,2.35,9.820577082533905,0.5302844489176846,0.2461684549565588,0,0,-1.0,0.425531914893617,-2.5,fanduel
2022_12_LA_KC,2022,12,ML_QBELO_DISAGREEMENT,QB_ELO,4-8,away,800,9.0,5.1699420377979255,0.16343925092471434,0.47095325832242896,0,0,-1.0,0.1111111111111111,16.5,fanduel
2022_12_LA_KC,2022,12,LONG_DOG_201+_CONTEXT,QB_ELO,LONG201+,away,800,9.0,5.1699420377979255,0.16343925092471434,0.47095325832242896,0,0,-1.0,0.1111111111111111,16.5,fanduel
2022_12_LA_KC,2022,12,ML_XGB_DISAGREEMENT,XGB,2-4,away,800,9.0,3.088466686690017,0.14262449741363525,0.2836204767227173,0,0,-1.0,0.1111111111111111,16.5,fanduel
2022_12_LA_KC,2022,12,LONG_DOG_201+_CONTEXT,XGB,LONG201+,away,800,9.0,3.088466686690017,0.14262449741363525,0.2836204767227173,0,0,-1.0,0.1111111111111111,16.5,fanduel
2022_12_LA_KC,2022,12,ML_AVG_DISAGREEMENT,AVG,4-8,away,800,9.0,4.129204362243966,0.15303187416917474,0.3772868675225727,0,0,-1.0,0.1111111111111111,16.5,fanduel
2022_12_LA_KC,2022,12,LONG_DOG_201+_CONTEXT,AVG,LONG201+,away,800,9.0,4.129204362243966,0.15303187416917474,0.3772868675225727,0,0,-1.0,0.1111111111111111,16.5,fanduel
2022_12_LA_KC,2022,12,ML_CORROBORATED_DISAGREEMENT,CORROB,4-8,away,800,9.0,4.129204362243966,0.15303187416917474,0.3772868675225727,0,0,-1.0,0.1111111111111111,16.5,fanduel
2022_12_LV_SEA,2022,12,ML_QBELO_DISAGREEMENT,QB_ELO,8-12,home,-195,1.5128205128205128,8.03253421978145,0.7183230952873165,0.08669391338337618,0,0,-1.0,0.6610169491525424,3.5,fanduel
2022_12_LV_SEA,2022,12,ML_XGB_DISAGREEMENT,XGB,0-2,home,-195,1.5128205128205128,1.3965302044317562,0.6519630551338196,-0.013696916592426778,0,0,-1.0,0.6610169491525424,3.5,fanduel
2022_12_LV_SEA,2022,12,ML_AVG_DISAGREEMENT,AVG,4-8,home,-195,1.5128205128205128,4.714532212106604,0.685143075210568,0.03649849839547481,0,0,-1.0,0.6610169491525424,3.5,fanduel
2022_12_LV_SEA,2022,12,ML_CORROBORATED_DISAGREEMENT,CORROB,4-8,home,-195,1.5128205128205128,4.714532212106604,0.685143075210568,0.03649849839547481,0,0,-1.0,0.6610169491525424,3.5,fanduel
2022_12_NE_MIN,2022,12,ML_QBELO_DISAGREEMENT,QB_ELO,4-8,home,-142,1.704225352112676,6.706106442058902,0.629440533342114,0.07270851456895477,1,0,0.704225,0.5867768595041323,2.5,draftkings
2022_12_NE_MIN,2022,12,ML_XGB_DISAGREEMENT,XGB,4-8,home,-142,1.704225352112676,6.920314883817957,0.6315826177597046,0.07635910913977817,1,0,0.704225,0.5867768595041323,2.5,draftkings
2022_12_NE_MIN,2022,12,ML_AVG_DISAGREEMENT,AVG,4-8,home,-142,1.704225352112676,6.813210662938429,0.6305115755509093,0.07453381185436658,1,0,0.704225,0.5867768595041323,2.5,draftkings
2022_12_NE_MIN,2022,12,ML_CORROBORATED_DISAGREEMENT,CORROB,4-8,home,-142,1.704225352112676,6.813210662938429,0.6305115755509093,0.07453381185436658,1,0,0.704225,0.5867768595041323,2.5,draftkings
2022_12_NO_SF,2022,12,ML_QBELO_DISAGREEMENT,QB_ELO,4-8,away,340,4.4,5.458437085311473,0.2833572481408435,0.2467718918197115,0,0,-1.0,0.22727272727272727,8.5,draftkings
2022_12_NO_SF,2022,12,LONG_DOG_201+_CONTEXT,QB_ELO,LONG201+,away,340,4.4,5.458437085311473,0.2833572481408435,0.2467718918197115,0,0,-1.0,0.22727272727272727,8.5,draftkings
2022_12_NO_SF,2022,12,ML_XGB_DISAGREEMENT,XGB,8-12,away,340,4.4,8.231818811907054,0.3110910654067993,0.36880068778991704,0,0,-1.0,0.22727272727272727,8.5,draftkings
2022_12_NO_SF,2022,12,LONG_DOG_201+_CONTEXT,XGB,LONG201+,away,340,4.4,8.231818811907054,0.3110910654067993,0.36880068778991704,0,0,-1.0,0.22727272727272727,8.5,draftkings
2022_12_NO_SF,2022,12,ML_AVG_DISAGREEMENT,AVG,4-8,away,340,4.4,6.845127948609264,0.2972241567738214,0.30778628980481426,0,0,-1.0,0.22727272727272727,8.5,draftkings
2022_12_NO_SF,2022,12,LONG_DOG_201+_CONTEXT,AVG,LONG201+,away,340,4.4,6.845127948609264,0.2972241567738214,0.30778628980481426,0,0,-1.0,0.22727272727272727,8.5,draftkings
2022_12_NO_SF,2022,12,ML_CORROBORATED_DISAGREEMENT,CORROB,4-8,away,340,4.4,6.845127948609264,0.2972241567738214,0.30778628980481426,0,0,-1.0,0.22727272727272727,8.5,draftkings
2022_12_NYG_DAL,2022,12,ML_QBELO_DISAGREEMENT,QB_ELO,0-2,away,385,4.85,0.5176165346549827,0.21599588896464028,0.04758006147850535,0,0,-1.0,0.2061855670103093,10.0,fanduel
2022_12_NYG_DAL,2022,12,LONG_DOG_201+_CONTEXT,QB_ELO,LONG201+,away,385,4.85,0.5176165346549827,0.21599588896464028,0.04758006147850535,0,0,-1.0,0.2061855670103093,10.0,fanduel
2022_12_NYG_DAL,2022,12,ML_XGB_DISAGREEMENT,XGB,12+,away,385,4.85,13.184696196311682,0.3426666855812073,0.6619334250688551,0,0,-1.0,0.2061855670103093,10.0,fanduel
2022_12_NYG_DAL,2022,12,LONG_DOG_201+_CONTEXT,XGB,LONG201+,away,385,4.85,13.184696196311682,0.3426666855812073,0.6619334250688551,0,0,-1.0,0.2061855670103093,10.0,fanduel
2022_12_NYG_DAL,2022,12,ML_AVG_DISAGREEMENT,AVG,4-8,away,385,4.85,6.851156365483332,0.2793312872729238,0.35475674327368023,0,0,-1.0,0.2061855670103093,10.0,fanduel
2022_12_NYG_DAL,2022,12,LONG_DOG_201+_CONTEXT,AVG,LONG201+,away,385,4.85,6.851156365483332,0.2793312872729238,0.35475674327368023,0,0,-1.0,0.2061855670103093,10.0,fanduel
2022_12_NYG_DAL,2022,12,ML_CORROBORATED_DISAGREEMENT,CORROB,4-8,away,385,4.85,6.851156365483332,0.2793312872729238,0.35475674327368023,0,0,-1.0,0.2061855670103093,10.0,fanduel
2022_12_PIT_IND,2022,12,ML_QBELO_DISAGREEMENT,QB_ELO,4-8,home,-136,1.7352941176470589,4.996175566172411,0.598011232350592,0.03772537378485086,0,0,-1.0,0.576271186440678,2.5,draftkings
2022_12_PIT_IND,2022,12,ML_XGB_DISAGREEMENT,XGB,4-8,home,-136,1.7352941176470589,5.203429167889951,0.6000837683677673,0.041321833344066805,0,0,-1.0,0.576271186440678,2.5,draftkings
2022_12_PIT_IND,2022,12,ML_AVG_DISAGREEMENT,AVG,4-8,home,-136,1.7352941176470589,5.099802367031181,0.5990475003591796,0.03952360356445883,0,0,-1.0,0.576271186440678,2.5,draftkings
2022_12_PIT_IND,2022,12,ML_CORROBORATED_DISAGREEMENT,CORROB,4-8,home,-136,1.7352941176470589,5.099802367031181,0.5990475003591796,0.03952360356445883,0,0,-1.0,0.576271186440678,2.5,draftkings
2022_12_TB_CLE,2022,12,ML_QBELO_DISAGREEMENT,QB_ELO,0-2,home,160,2.6,1.796743080815244,0.4075023145290827,0.05950601777561504,1,0,1.6,0.3846153846153846,3.5,draftkings
2022_12_TB_CLE,2022,12,ML_DOG_VALUE_ZONE,QB_ELO,ZONE,home,160,2.6,1.796743080815244,0.4075023145290827,0.05950601777561504,1,0,1.6,0.3846153846153846,3.5,draftkings
2022_12_TB_CLE,2022,12,ML_XGB_DISAGREEMENT,XGB,12+,home,160,2.6,23.815602757209952,0.6276909112930298,0.6319963693618775,1,0,1.6,0.3846153846153846,3.5,draftkings
2022_12_TB_CLE,2022,12,ML_AVG_DISAGREEMENT,AVG,12+,home,160,2.6,12.806172919012603,0.5175966129110563,0.3457511935687465,1,0,1.6,0.3846153846153846,3.5,draftkings
2022_12_TB_CLE,2022,12,ML_CORROBORATED_DISAGREEMENT,CORROB,12+,home,160,2.6,12.806172919012603,0.5175966129110563,0.3457511935687465,1,0,1.6,0.3846153846153846,3.5,draftkings
2022_13_BUF_NE,2022,13,ML_QBELO_DISAGREEMENT,QB_ELO,0-2,home,175,2.75,0.7609149509323843,0.3687548531207808,0.014075846082147292,0,0,-1.0,0.36363636363636365,4.0,draftkings
2022_13_BUF_NE,2022,13,ML_XGB_DISAGREEMENT,XGB,8-12,home,175,2.75,8.80793644808892,0.4492250680923462,0.23536893725395203,0,0,-1.0,0.36363636363636365,4.0,draftkings
2022_13_BUF_NE,2022,13,ML_DOG_VALUE_ZONE,XGB,ZONE,home,175,2.75,8.80793644808892,0.4492250680923462,0.23536893725395203,0,0,-1.0,0.36363636363636365,4.0,draftkings
2022_13_BUF_NE,2022,13,ML_AVG_DISAGREEMENT,AVG,4-8,home,175,2.75,4.784425699510653,0.4089899606065635,0.12472239166804955,0,0,-1.0,0.36363636363636365,4.0,draftkings
2022_13_BUF_NE,2022,13,ML_DOG_VALUE_ZONE,AVG,ZONE,home,175,2.75,4.784425699510653,0.4089899606065635,0.12472239166804955,0,0,-1.0,0.36363636363636365,4.0,draftkings
2022_13_BUF_NE,2022,13,ML_CORROBORATED_DISAGREEMENT,CORROB,4-8,home,175,2.75,4.784425699510653,0.4089899606065635,0.12472239166804955,0,0,-1.0,0.36363636363636365,4.0,draftkings
2022_13_BUF_NE,2022,13,ML_DOG_VALUE_ZONE,CORROB,ZONE,home,175,2.75,4.784425699510653,0.4089899606065635,0.12472239166804955,0,0,-1.0,0.36363636363636365,4.0,draftkings
2022_13_CLE_HOU,2022,13,ML_QBELO_DISAGREEMENT,QB_ELO,4-8,home,295,3.95,6.9836896614619395,0.33293639894447646,0.315098775830682,0,0,-1.0,0.2531645569620253,7.5,fanduel
2022_13_CLE_HOU,2022,13,LONG_DOG_201+_CONTEXT,QB_ELO,LONG201+,home,295,3.95,6.9836896614619395,0.33293639894447646,0.315098775830682,0,0,-1.0,0.2531645569620253,7.5,fanduel
2022_13_CLE_HOU,2022,13,ML_XGB_DISAGREEMENT,XGB,12+,home,295,3.95,13.9779348368614,0.40287885069847107,0.5913714602589608,0,0,-1.0,0.2531645569620253,7.5,fanduel
2022_13_CLE_HOU,2022,13,LONG_DOG_201+_CONTEXT,XGB,LONG201+,home,295,3.95,13.9779348368614,0.40287885069847107,0.5913714602589608,0,0,-1.0,0.2531645569620253,7.5,fanduel
2022_13_CLE_HOU,2022,13,ML_AVG_DISAGREEMENT,AVG,8-12,home,295,3.95,10.48081224916167,0.36790762482147377,0.45323511804482153,0,0,-1.0,0.2531645569620253,7.5,fanduel
2022_13_CLE_HOU,2022,13,LONG_DOG_201+_CONTEXT,AVG,LONG201+,home,295,3.95,10.48081224916167,0.36790762482147377,0.45323511804482153,0,0,-1.0,0.2531645569620253,7.5,fanduel
2022_13_CLE_HOU,2022,13,ML_CORROBORATED_DISAGREEMENT,CORROB,8-12,home,295,3.95,10.48081224916167,0.36790762482147377,0.45323511804482153,0,0,-1.0,0.2531645569620253,7.5,fanduel
2022_13_DEN_BAL,2022,13,ML_QBELO_DISAGREEMENT,QB_ELO,4-8,home,-405,1.2469135802469136,5.1329991766576155,0.8203100531162694,0.02285574524374323,1,0,0.246914,0.801980198019802,9.5,fanduel
2022_13_DEN_BAL,2022,13,ML_XGB_DISAGREEMENT,XGB,4-8,away,330,4.3,4.462042981130218,0.2756403684616089,0.18525358438491812,0,0,-1.0,0.23255813953488372,9.5,fanduel
2022_13_DEN_BAL,2022,13,LONG_DOG_201+_CONTEXT,XGB,LONG201+,away,330,4.3,4.462042981130218,0.2756403684616089,0.18525358438491812,0,0,-1.0,0.23255813953488372,9.5,fanduel
2022_13_DEN_BAL,2022,13,ML_AVG_DISAGREEMENT,AVG,0-2,home,-405,1.2469135802469136,0.3354780977636973,0.7723348423273302,-0.036965196604193284,1,0,0.246914,0.801980198019802,9.5,fanduel
2022_13_GB_CHI,2022,13,ML_QBELO_DISAGREEMENT,QB_ELO,4-8,home,176,2.76,7.9194021934651975,0.42809302607060706,0.1815367519548754,0,0,-1.0,0.3623188405797102,4.5,fanduel
2022_13_GB_CHI,2022,13,ML_DOG_VALUE_ZONE,QB_ELO,ZONE,home,176,2.76,7.9194021934651975,0.42809302607060706,0.1815367519548754,0,0,-1.0,0.3623188405797102,4.5,fanduel
2022_13_GB_CHI,2022,13,ML_XGB_DISAGREEMENT,XGB,12+,home,176,2.76,23.023122819818187,0.579130232334137,0.598399441242218,0,0,-1.0,0.3623188405797102,4.5,fanduel
2022_13_GB_CHI,2022,13,ML_AVG_DISAGREEMENT,AVG,12+,home,176,2.76,15.471262506641692,0.503611629202372,0.3899680965985466,0,0,-1.0,0.3623188405797102,4.5,fanduel
2022_13_GB_CHI,2022,13,ML_CORROBORATED_DISAGREEMENT,CORROB,12+,home,176,2.76,15.471262506641692,0.503611629202372,0.3899680965985466,0,0,-1.0,0.3623188405797102,4.5,fanduel
2022_13_IND_DAL,2022,13,ML_QBELO_DISAGREEMENT,QB_ELO,0-2,away,400,5.0,0.4049891428441199,0.20865422491878505,0.043271124593925236,0,0,-1.0,0.2,10.5,draftkings
2022_13_IND_DAL,2022,13,LONG_DOG_201+_CONTEXT,QB_ELO,LONG201+,away,400,5.0,0.4049891428441199,0.20865422491878505,0.043271124593925236,0,0,-1.0,0.2,10.5,draftkings
2022_13_IND_DAL,2022,13,ML_XGB_DISAGREEMENT,XGB,2-4,away,400,5.0,3.109549894907876,0.2356998324394226,0.17849916219711304,0,0,-1.0,0.2,10.5,draftkings
2022_13_IND_DAL,2022,13,LONG_DOG_201+_CONTEXT,XGB,LONG201+,away,400,5.0,3.109549894907876,0.2356998324394226,0.17849916219711304,0,0,-1.0,0.2,10.5,draftkings
2022_13_IND_DAL,2022,13,ML_AVG_DISAGREEMENT,AVG,0-2,away,400,5.0,1.757269518875998,0.22217702867910383,0.11088514339551914,0,0,-1.0,0.2,10.5,draftkings
2022_13_IND_DAL,2022,13,LONG_DOG_201+_CONTEXT,AVG,LONG201+,away,400,5.0,1.757269518875998,0.22217702867910383,0.11088514339551914,0,0,-1.0,0.2,10.5,draftkings
2022_13_IND_DAL,2022,13,ML_CORROBORATED_DISAGREEMENT,CORROB,0-2,away,400,5.0,1.757269518875998,0.22217702867910383,0.11088514339551914,0,0,-1.0,0.2,10.5,draftkings
2022_13_JAX_DET,2022,13,ML_QBELO_DISAGREEMENT,QB_ELO,8-12,home,-118,1.847457627118644,11.45101116808821,0.655606563373089,0.21120534589265594,1,0,0.847458,0.5412844036697247,-1.5,draftkings
2022_13_JAX_DET,2022,13,ML_XGB_DISAGREEMENT,XGB,0-2,away,100,2.0,0.11545447631906569,0.4600580930709839,-0.07988381385803223,0,0,-1.0,0.5,-1.5,draftkings
2022_13_JAX_DET,2022,13,ML_AVG_DISAGREEMENT,AVG,4-8,home,-118,1.847457627118644,5.6677783458845665,0.5977742351510525,0.10436257002482585,1,0,0.847458,0.5412844036697247,-1.5,draftkings
2022_13_KC_CIN,2022,13,ML_QBELO_DISAGREEMENT,QB_ELO,2-4,away,-142,1.704225352112676,3.1103641026329565,0.5897108013990613,0.005000098158963517,0,0,-1.0,0.5867768595041323,2.5,fanduel
2022_13_KC_CIN,2022,13,ML_XGB_DISAGREEMENT,XGB,0-2,home,125,2.25,1.6632228417394257,0.4580250680446625,0.03055640310049057,1,0,1.25,0.4444444444444444,2.5,fanduel
2022_13_KC_CIN,2022,13,ML_DOG_VALUE_ZONE,XGB,ZONE,home,125,2.25,1.6632228417394257,0.4580250680446625,0.03055640310049057,1,0,1.25,0.4444444444444444,2.5,fanduel
2022_13_KC_CIN,2022,13,ML_AVG_DISAGREEMENT,AVG,0-2,away,-142,1.704225352112676,0.7235706304467682,0.5658428666771994,-0.03567624129660385,0,0,-1.0,0.5867768595041323,2.5,fanduel
2022_13_LAC_LV,2022,13,ML_QBELO_DISAGREEMENT,QB_ELO,0-2,away,118,2.1799999999999997,1.3682737674507894,0.4531815220395724,-0.012064281953732325,0,0,-1.0,0.4587155963302753,2.5,draftkings
2022_13_LAC_LV,2022,13,ML_DOG_VALUE_ZONE,QB_ELO,ZONE,away,118,2.1799999999999997,1.3682737674507894,0.4531815220395724,-0.012064281953732325,0,0,-1.0,0.4587155963302753,2.5,draftkings
2022_13_LAC_LV,2022,13,ML_XGB_DISAGREEMENT,XGB,0-2,away,118,2.1799999999999997,0.5259213624590031,0.44475799798965454,-0.03042756438255323,0,0,-1.0,0.4587155963302753,2.5,draftkings
2022_13_LAC_LV,2022,13,ML_DOG_VALUE_ZONE,XGB,ZONE,away,118,2.1799999999999997,0.5259213624590031,0.44475799798965454,-0.03042756438255323,0,0,-1.0,0.4587155963302753,2.5,draftkings
2022_13_LAC_LV,2022,13,ML_AVG_DISAGREEMENT,AVG,0-2,away,118,2.1799999999999997,0.9470975649548907,0.4489697600146134,-0.02124592316814289,0,0,-1.0,0.4587155963302753,2.5,draftkings
2022_13_LAC_LV,2022,13,ML_DOG_VALUE_ZONE,AVG,ZONE,away,118,2.1799999999999997,0.9470975649548907,0.4489697600146134,-0.02124592316814289,0,0,-1.0,0.4587155963302753,2.5,draftkings
2022_13_LAC_LV,2022,13,ML_CORROBORATED_DISAGREEMENT,CORROB,0-2,away,118,2.1799999999999997,0.9470975649548907,0.4489697600146134,-0.02124592316814289,0,0,-1.0,0.4587155963302753,2.5,draftkings
2022_13_LAC_LV,2022,13,ML_DOG_VALUE_ZONE,CORROB,ZONE,away,118,2.1799999999999997,0.9470975649548907,0.4489697600146134,-0.02124592316814289,0,0,-1.0,0.4587155963302753,2.5,draftkings
2022_13_MIA_SF,2022,13,ML_QBELO_DISAGREEMENT,QB_ELO,4-8,away,195,2.95,5.459881860938248,0.38346555608793464,0.13122339045940734,0,0,-1.0,0.3389830508474576,5.5,fanduel
2022_13_MIA_SF,2022,13,ML_XGB_DISAGREEMENT,XGB,12+,away,195,2.95,19.550145924729318,0.5243681967258453,0.5468861803412439,0,0,-1.0,0.3389830508474576,5.5,fanduel
2022_13_MIA_SF,2022,13,ML_AVG_DISAGREEMENT,AVG,12+,away,195,2.95,12.505013892833777,0.45391687640688994,0.3390547854003254,0,0,-1.0,0.3389830508474576,5.5,fanduel
2022_13_MIA_SF,2022,13,ML_DOG_VALUE_ZONE,AVG,ZONE,away,195,2.95,12.505013892833777,0.45391687640688994,0.3390547854003254,0,0,-1.0,0.3389830508474576,5.5,fanduel
2022_13_MIA_SF,2022,13,ML_CORROBORATED_DISAGREEMENT,CORROB,12+,away,195,2.95,12.505013892833777,0.45391687640688994,0.3390547854003254,0,0,-1.0,0.3389830508474576,5.5,fanduel
2022_13_MIA_SF,2022,13,ML_DOG_VALUE_ZONE,CORROB,ZONE,away,195,2.95,12.505013892833777,0.45391687640688994,0.3390547854003254,0,0,-1.0,0.3389830508474576,5.5,fanduel
2022_13_NO_TB,2022,13,ML_QBELO_DISAGREEMENT,QB_ELO,4-8,home,-180,1.5555555555555556,4.775628370756479,0.6827510057566815,0.06205712006594899,1,0,0.555556,0.6428571428571428,3.5,draftkings
2022_13_NO_TB,2022,13,ML_XGB_DISAGREEMENT,XGB,0-2,away,155,2.55,0.8248782794356035,0.37325406074523926,-0.04820214509963994,0,0,-1.0,0.3921568627450981,3.5,draftkings
2022_13_NO_TB,2022,13,ML_AVG_DISAGREEMENT,AVG,0-2,home,-180,1.5555555555555556,1.9753750456604435,0.6547484725057211,0.018497623897788307,1,0,0.555556,0.6428571428571428,3.5,draftkings
2022_13_NYJ_MIN,2022,13,ML_QBELO_DISAGREEMENT,QB_ELO,12+,home,-150,1.6666666666666665,16.225099628487282,0.745626159421104,0.24271026570183984,1,0,0.666667,0.6000000000000001,3.0,draftkings
2022_13_NYJ_MIN,2022,13,ML_XGB_DISAGREEMENT,XGB,4-8,home,-150,1.6666666666666665,4.923134321142508,0.6326065063476562,0.05434417724609375,1,0,0.666667,0.6000000000000001,3.0,draftkings
2022_13_NYJ_MIN,2022,13,ML_AVG_DISAGREEMENT,AVG,8-12,home,-150,1.6666666666666665,10.574116974814896,0.6891163328843801,0.1485272214739668,1,0,0.666667,0.6000000000000001,3.0,draftkings
2022_13_NYJ_MIN,2022,13,ML_CORROBORATED_DISAGREEMENT,CORROB,8-12,home,-150,1.6666666666666665,10.574116974814896,0.6891163328843801,0.1485272214739668,1,0,0.666667,0.6000000000000001,3.0,draftkings
2022_13_PIT_ATL,2022,13,ML_QBELO_DISAGREEMENT,QB_ELO,0-2,home,100,2.0,0.275830990479875,0.48423393096314093,-0.03153213807371813,0,0,-1.0,0.5,1.0,fanduel
2022_13_PIT_ATL,2022,13,ML_XGB_DISAGREEMENT,XGB,12+,home,100,2.0,14.876684586823252,0.6302424669265747,0.2604849338531494,0,0,-1.0,0.5,1.0,fanduel
2022_13_PIT_ATL,2022,13,ML_AVG_DISAGREEMENT,AVG,4-8,home,100,2.0,7.576257788651564,0.5572381989448578,0.11447639788971564,0,0,-1.0,0.5,1.0,fanduel
2022_13_PIT_ATL,2022,13,ML_CORROBORATED_DISAGREEMENT,CORROB,4-8,home,100,2.0,7.576257788651564,0.5572381989448578,0.11447639788971564,0,0,-1.0,0.5,1.0,fanduel
2022_13_SEA_LA,2022,13,ML_QBELO_DISAGREEMENT,QB_ELO,12+,home,250,3.5,17.94485669399357,0.4555360134127778,0.5943760469447221,0,0,-1.0,0.2857142857142857,6.5,draftkings
2022_13_SEA_LA,2022,13,LONG_DOG_201+_CONTEXT,QB_ELO,LONG201+,home,250,3.5,17.94485669399357,0.4555360134127778,0.5943760469447221,0,0,-1.0,0.2857142857142857,6.5,draftkings
2022_13_SEA_LA,2022,13,ML_XGB_DISAGREEMENT,XGB,2-4,home,250,3.5,2.3270712830823106,0.29935815930366516,0.047753557562828064,0,0,-1.0,0.2857142857142857,6.5,draftkings
2022_13_SEA_LA,2022,13,LONG_DOG_201+_CONTEXT,XGB,LONG201+,home,250,3.5,2.3270712830823106,0.29935815930366516,0.047753557562828064,0,0,-1.0,0.2857142857142857,6.5,draftkings
2022_13_SEA_LA,2022,13,ML_AVG_DISAGREEMENT,AVG,8-12,home,250,3.5,10.135963988537938,0.37744708635822144,0.321064802253775,0,0,-1.0,0.2857142857142857,6.5,draftkings
2022_13_SEA_LA,2022,13,LONG_DOG_201+_CONTEXT,AVG,LONG201+,home,250,3.5,10.135963988537938,0.37744708635822144,0.321064802253775,0,0,-1.0,0.2857142857142857,6.5,draftkings
2022_13_SEA_LA,2022,13,ML_CORROBORATED_DISAGREEMENT,CORROB,8-12,home,250,3.5,10.135963988537938,0.37744708635822144,0.321064802253775,0,0,-1.0,0.2857142857142857,6.5,draftkings
2022_13_TEN_PHI,2022,13,ML_QBELO_DISAGREEMENT,QB_ELO,8-12,away,190,2.9,9.91636296669755,0.4326231937501195,0.25460726187534655,0,0,-1.0,0.3448275862068966,4.5,fanduel
2022_13_TEN_PHI,2022,13,ML_DOG_VALUE_ZONE,QB_ELO,ZONE,away,190,2.9,9.91636296669755,0.4326231937501195,0.25460726187534655,0,0,-1.0,0.3448275862068966,4.5,fanduel
2022_13_TEN_PHI,2022,13,ML_XGB_DISAGREEMENT,XGB,2-4,home,-210,1.4761904761904763,2.9977627628371084,0.696518063545227,0.028193331900097096,1,0,0.47619,0.6774193548387096,4.5,fanduel
2022_13_TEN_PHI,2022,13,ML_AVG_DISAGREEMENT,AVG,2-4,away,190,2.9,3.459300101930224,0.3680525651024462,0.06735243879709407,0,0,-1.0,0.3448275862068966,4.5,fanduel
2022_13_WAS_NYG,2022,13,ML_QBELO_DISAGREEMENT,QB_ELO,0-2,home,118,2.1799999999999997,1.3020242052460607,0.4610140090957017,0.005010539828629534,0,1,0.0,0.4587155963302753,2.5,fanduel
2022_13_WAS_NYG,2022,13,ML_DOG_VALUE_ZONE,QB_ELO,ZONE,home,118,2.1799999999999997,1.3020242052460607,0.4610140090957017,0.005010539828629534,0,1,0.0,0.4587155963302753,2.5,fanduel
2022_13_WAS_NYG,2022,13,ML_XGB_DISAGREEMENT,XGB,12+,home,118,2.1799999999999997,18.217657826315538,0.6301703453063965,0.37377135276794426,0,1,0.0,0.4587155963302753,2.5,fanduel
2022_13_WAS_NYG,2022,13,ML_AVG_DISAGREEMENT,AVG,8-12,home,118,2.1799999999999997,9.7598410157808,0.5455921772010491,0.189390946298287,0,1,0.0,0.4587155963302753,2.5,fanduel
2022_13_WAS_NYG,2022,13,ML_CORROBORATED_DISAGREEMENT,CORROB,8-12,home,118,2.1799999999999997,9.7598410157808,0.5455921772010491,0.189390946298287,0,1,0.0,0.4587155963302753,2.5,fanduel
2022_14_BAL_PIT,2022,14,ML_QBELO_DISAGREEMENT,QB_ELO,8-12,away,110,2.1,9.51928055476088,0.554096353855402,0.16360234309634425,1,0,1.1,0.47619047619047616,-1.5,fanduel
2022_14_BAL_PIT,2022,14,ML_XGB_DISAGREEMENT,XGB,4-8,home,-130,1.7692307692307692,7.197475153960465,0.6130712032318115,0.08466443648705102,0,0,-1.0,0.5652173913043479,-1.5,fanduel
2022_14_BAL_PIT,2022,14,ML_AVG_DISAGREEMENT,AVG,0-2,away,110,2.1,1.1609027004002015,0.47051257531179524,-0.011923591845229953,1,0,1.1,0.47619047619047616,-1.5,fanduel
2022_14_CAR_SEA,2022,14,ML_QBELO_DISAGREEMENT,QB_ELO,8-12,home,-188,1.5319148936170213,10.002326018414143,0.7319569045594655,0.12129568358045772,0,0,-1.0,0.6527777777777778,3.5,draftkings
2022_14_CAR_SEA,2022,14,ML_XGB_DISAGREEMENT,XGB,8-12,home,-188,1.5319148936170213,9.631024304914494,0.728243887424469,0.11560765733110134,0,0,-1.0,0.6527777777777778,3.5,draftkings
2022_14_CAR_SEA,2022,14,ML_AVG_DISAGREEMENT,AVG,8-12,home,-188,1.5319148936170213,9.816675161664312,0.7301003959919672,0.11845167045577942,0,0,-1.0,0.6527777777777778,3.5,draftkings
2022_14_CAR_SEA,2022,14,ML_CORROBORATED_DISAGREEMENT,CORROB,8-12,home,-188,1.5319148936170213,9.816675161664312,0.7301003959919672,0.11845167045577942,0,0,-1.0,0.6527777777777778,3.5,draftkings
2022_14_CLE_CIN,2022,14,ML_QBELO_DISAGREEMENT,QB_ELO,4-8,home,-200,1.5,5.109075020891806,0.7140133085513154,0.07101996282697298,1,0,0.5,0.6666666666666666,4.5,draftkings
2022_14_CLE_CIN,2022,14,ML_XGB_DISAGREEMENT,XGB,12+,home,-200,1.5,13.329488321644057,0.7962174415588379,0.19432616233825684,1,0,0.5,0.6666666666666666,4.5,draftkings
2022_14_CLE_CIN,2022,14,ML_AVG_DISAGREEMENT,AVG,8-12,home,-200,1.5,9.219281671267932,0.7551153750550766,0.1326730625826149,1,0,0.5,0.6666666666666666,4.5,draftkings
2022_14_CLE_CIN,2022,14,ML_CORROBORATED_DISAGREEMENT,CORROB,8-12,home,-200,1.5,9.219281671267932,0.7551153750550766,0.1326730625826149,1,0,0.5,0.6666666666666666,4.5,draftkings
2022_14_HOU_DAL,2022,14,ML_QBELO_DISAGREEMENT,QB_ELO,0-2,home,-2000,1.05,0.556508447122972,0.907707576068624,-0.04690704512794486,1,0,0.05,0.9523809523809523,17.5,fanduel
2022_14_HOU_DAL,2022,14,ML_XGB_DISAGREEMENT,XGB,2-4,away,1100,12.0,3.582122589991489,0.13367873430252075,0.604144811630249,0,0,-1.0,0.08333333333333333,17.5,fanduel
2022_14_HOU_DAL,2022,14,LONG_DOG_201+_CONTEXT,XGB,LONG201+,away,1100,12.0,3.582122589991489,0.13367873430252075,0.604144811630249,0,0,-1.0,0.08333333333333333,17.5,fanduel
2022_14_HOU_DAL,2022,14,ML_AVG_DISAGREEMENT,AVG,0-2,away,1100,12.0,1.5128070714342536,0.1129855791169484,0.3558269494033808,0,0,-1.0,0.08333333333333333,17.5,fanduel
2022_14_HOU_DAL,2022,14,LONG_DOG_201+_CONTEXT,AVG,LONG201+,away,1100,12.0,1.5128070714342536,0.1129855791169484,0.3558269494033808,0,0,-1.0,0.08333333333333333,17.5,fanduel
2022_14_JAX_TEN,2022,14,ML_QBELO_DISAGREEMENT,QB_ELO,12+,home,-178,1.5617977528089888,22.138533192848474,0.8410257192037268,0.3135120783069443,0,0,-1.0,0.6402877697841727,3.5,draftkings
2022_14_JAX_TEN,2022,14,ML_XGB_DISAGREEMENT,XGB,4-8,home,-178,1.5617977528089888,7.009907843825891,0.689739465713501,0.07723354757501832,0,0,-1.0,0.6402877697841727,3.5,draftkings
2022_14_JAX_TEN,2022,14,ML_AVG_DISAGREEMENT,AVG,12+,home,-178,1.5617977528089888,14.574220518337189,0.765382592458614,0.1953728129409813,0,0,-1.0,0.6402877697841727,3.5,draftkings
2022_14_JAX_TEN,2022,14,ML_CORROBORATED_DISAGREEMENT,CORROB,12+,home,-178,1.5617977528089888,14.574220518337189,0.765382592458614,0.1953728129409813,0,0,-1.0,0.6402877697841727,3.5,draftkings
2022_14_KC_DEN,2022,14,ML_QBELO_DISAGREEMENT,QB_ELO,4-8,away,-420,1.2380952380952381,6.902591712940276,0.8346462814562288,0.03337158656485473,1,0,0.238095,0.8076923076923077,9.0,draftkings
2022_14_KC_DEN,2022,14,ML_XGB_DISAGREEMENT,XGB,4-8,home,350,4.5,6.406698979794126,0.2984466254711151,0.343009814620018,0,0,-1.0,0.2222222222222222,9.0,draftkings
2022_14_KC_DEN,2022,14,LONG_DOG_201+_CONTEXT,XGB,LONG201+,home,350,4.5,6.406698979794126,0.2984466254711151,0.343009814620018,0,0,-1.0,0.2222222222222222,9.0,draftkings
2022_14_KC_DEN,2022,14,ML_AVG_DISAGREEMENT,AVG,0-2,away,-420,1.2380952380952381,0.2479463665730819,0.7680998279925568,-0.049019260580643875,1,0,0.238095,0.8076923076923077,9.0,draftkings
2022_14_LV_LA,2022,14,ML_QBELO_DISAGREEMENT,QB_ELO,12+,home,245,3.45,19.68131909107648,0.4879466389091237,0.6834159042364769,1,0,2.45,0.2898550724637681,6.5,fanduel
2022_14_LV_LA,2022,14,LONG_DOG_201+_CONTEXT,QB_ELO,LONG201+,home,245,3.45,19.68131909107648,0.4879466389091237,0.6834159042364769,1,0,2.45,0.2898550724637681,6.5,fanduel
2022_14_LV_LA,2022,14,ML_XGB_DISAGREEMENT,XGB,4-8,home,245,3.45,6.06487547222832,0.3517822027206421,0.21364859938621517,1,0,2.45,0.2898550724637681,6.5,fanduel
2022_14_LV_LA,2022,14,LONG_DOG_201+_CONTEXT,XGB,LONG201+,home,245,3.45,6.06487547222832,0.3517822027206421,0.21364859938621517,1,0,2.45,0.2898550724637681,6.5,fanduel
2022_14_LV_LA,2022,14,ML_AVG_DISAGREEMENT,AVG,12+,home,245,3.45,12.873097281652402,0.4198644208148829,0.44853225181134615,1,0,2.45,0.2898550724637681,6.5,fanduel
2022_14_LV_LA,2022,14,LONG_DOG_201+_CONTEXT,AVG,LONG201+,home,245,3.45,12.873097281652402,0.4198644208148829,0.44853225181134615,1,0,2.45,0.2898550724637681,6.5,fanduel
2022_14_LV_LA,2022,14,ML_CORROBORATED_DISAGREEMENT,CORROB,12+,home,245,3.45,12.873097281652402,0.4198644208148829,0.44853225181134615,1,0,2.45,0.2898550724637681,6.5,fanduel
2022_14_MIA_LAC,2022,14,ML_QBELO_DISAGREEMENT,QB_ELO,4-8,home,150,2.5,5.853688187592937,0.4531085325006678,0.1327713312516694,1,0,1.5,0.4,3.5,fanduel
2022_14_MIA_LAC,2022,14,ML_DOG_VALUE_ZONE,QB_ELO,ZONE,home,150,2.5,5.853688187592937,0.4531085325006678,0.1327713312516694,1,0,1.5,0.4,3.5,fanduel
2022_14_MIA_LAC,2022,14,ML_XGB_DISAGREEMENT,XGB,4-8,away,-174,1.5747126436781609,5.6199211478696665,0.6616275608539581,0.041873285482669775,0,0,-1.0,0.635036496350365,3.5,fanduel
2022_14_MIA_LAC,2022,14,ML_AVG_DISAGREEMENT,AVG,0-2,home,150,2.5,0.11688351986164358,0.39574048582335486,-0.010648785441612851,1,0,1.5,0.4,3.5,fanduel
2022_14_MIN_DET,2022,14,ML_QBELO_DISAGREEMENT,QB_ELO,12+,away,116,2.16,22.963953499127783,0.671032374618546,0.4494299291760595,0,0,-1.0,0.4629629629629629,-1.5,fanduel
2022_14_MIN_DET,2022,14,ML_XGB_DISAGREEMENT,XGB,4-8,away,116,2.16,7.150277428149948,0.5128956139087677,0.10785452604293821,0,0,-1.0,0.4629629629629629,-1.5,fanduel
2022_14_MIN_DET,2022,14,ML_AVG_DISAGREEMENT,AVG,12+,away,116,2.16,15.057115463638866,0.5919639942636569,0.27864222760949886,0,0,-1.0,0.4629629629629629,-1.5,fanduel
2022_14_MIN_DET,2022,14,ML_CORROBORATED_DISAGREEMENT,CORROB,12+,away,116,2.16,15.057115463638866,0.5919639942636569,0.27864222760949886,0,0,-1.0,0.4629629629629629,-1.5,fanduel
2022_14_NE_ARI,2022,14,ML_QBELO_DISAGREEMENT,QB_ELO,4-8,home,116,2.16,5.354588564453911,0.496848777577568,0.07319335956754691,0,0,-1.0,0.4629629629629629,2.5,draftkings
2022_14_NE_ARI,2022,14,ML_DOG_VALUE_ZONE,QB_ELO,ZONE,home,116,2.16,5.354588564453911,0.496848777577568,0.07319335956754691,0,0,-1.0,0.4629629629629629,2.5,draftkings
2022_14_NE_ARI,2022,14,ML_XGB_DISAGREEMENT,XGB,12+,home,116,2.16,17.979291848033167,0.6230958104133606,0.345886950492859,0,0,-1.0,0.4629629629629629,2.5,draftkings
2022_14_NE_ARI,2022,14,ML_AVG_DISAGREEMENT,AVG,8-12,home,116,2.16,11.666940206243542,0.5599722939954643,0.20954015503020296,0,0,-1.0,0.4629629629629629,2.5,draftkings
2022_14_NE_ARI,2022,14,ML_CORROBORATED_DISAGREEMENT,CORROB,8-12,home,116,2.16,11.666940206243542,0.5599722939954643,0.20954015503020296,0,0,-1.0,0.4629629629629629,2.5,draftkings
2022_14_NYJ_BUF,2022,14,ML_QBELO_DISAGREEMENT,QB_ELO,2-4,home,-460,1.2173913043478262,3.7839411554665525,0.8306278440067194,0.011199114442962843,1,0,0.217391,0.8214285714285714,10.0,draftkings
2022_14_NYJ_BUF,2022,14,ML_XGB_DISAGREEMENT,XGB,8-12,away,380,4.8,9.479867062267774,0.3020102381706238,0.4496491432189942,0,0,-1.0,0.20833333333333334,10.0,draftkings
2022_14_NYJ_BUF,2022,14,LONG_DOG_201+_CONTEXT,XGB,LONG201+,away,380,4.8,9.479867062267774,0.3020102381706238,0.4496491432189942,0,0,-1.0,0.20833333333333334,10.0,draftkings
2022_14_NYJ_BUF,2022,14,ML_AVG_DISAGREEMENT,AVG,2-4,away,380,4.8,2.8479629534006152,0.2356911970819522,0.13131774599337054,0,0,-1.0,0.20833333333333334,10.0,draftkings
2022_14_NYJ_BUF,2022,14,LONG_DOG_201+_CONTEXT,AVG,LONG201+,away,380,4.8,2.8479629534006152,0.2356911970819522,0.13131774599337054,0,0,-1.0,0.20833333333333334,10.0,draftkings
2022_14_PHI_NYG,2022,14,ML_QBELO_DISAGREEMENT,QB_ELO,2-4,home,275,3.75,3.4846384555366763,0.2989218639933731,0.12095698997514925,0,0,-1.0,0.26666666666666666,7.5,draftkings
2022_14_PHI_NYG,2022,14,LONG_DOG_201+_CONTEXT,QB_ELO,LONG201+,home,275,3.75,3.4846384555366763,0.2989218639933731,0.12095698997514925,0,0,-1.0,0.26666666666666666,7.5,draftkings
2022_14_PHI_NYG,2022,14,ML_XGB_DISAGREEMENT,XGB,12+,home,275,3.75,15.649942405015283,0.4205749034881592,0.5771558880805969,0,0,-1.0,0.26666666666666666,7.5,draftkings
2022_14_PHI_NYG,2022,14,LONG_DOG_201+_CONTEXT,XGB,LONG201+,home,275,3.75,15.649942405015283,0.4205749034881592,0.5771558880805969,0,0,-1.0,0.26666666666666666,7.5,draftkings
2022_14_PHI_NYG,2022,14,ML_AVG_DISAGREEMENT,AVG,8-12,home,275,3.75,9.567290430275976,0.3597483837407661,0.349056439027873,0,0,-1.0,0.26666666666666666,7.5,draftkings
2022_14_PHI_NYG,2022,14,LONG_DOG_201+_CONTEXT,AVG,LONG201+,home,275,3.75,9.567290430275976,0.3597483837407661,0.349056439027873,0,0,-1.0,0.26666666666666666,7.5,draftkings
2022_14_PHI_NYG,2022,14,ML_CORROBORATED_DISAGREEMENT,CORROB,8-12,home,275,3.75,9.567290430275976,0.3597483837407661,0.349056439027873,0,0,-1.0,0.26666666666666666,7.5,draftkings
2022_14_TB_SF,2022,14,ML_QBELO_DISAGREEMENT,QB_ELO,2-4,home,-174,1.5747126436781609,2.4750140570743318,0.6623267949894237,0.04297437831667872,1,0,0.574713,0.635036496350365,-3.5,fanduel
2022_14_TB_SF,2022,14,ML_XGB_DISAGREEMENT,XGB,0-2,home,-174,1.5747126436781609,0.7735356823232453,0.6453120112419128,0.016180983220023704,1,0,0.574713,0.635036496350365,-3.5,fanduel
2022_14_TB_SF,2022,14,ML_AVG_DISAGREEMENT,AVG,0-2,home,-174,1.5747126436781609,1.624274869698794,0.6538194031156683,0.02957768076835121,1,0,0.574713,0.635036496350365,-3.5,fanduel
2022_14_TB_SF,2022,14,ML_CORROBORATED_DISAGREEMENT,CORROB,0-2,home,-174,1.5747126436781609,1.624274869698794,0.6538194031156683,0.02957768076835121,1,0,0.574713,0.635036496350365,-3.5,fanduel
2022_15_ARI_DEN,2022,15,ML_QBELO_DISAGREEMENT,QB_ELO,8-12,away,115,2.15,8.727471423675603,0.5524399426097302,0.1877458766109199,0,0,-1.0,0.46511627906976744,-1.5,fanduel
2022_15_ARI_DEN,2022,15,ML_XGB_DISAGREEMENT,XGB,0-2,home,-126,1.7936507936507935,0.6262213713092435,0.5410969853401184,-0.029460962802644874,1,0,0.793651,0.5575221238938054,-1.5,fanduel
2022_15_ARI_DEN,2022,15,ML_AVG_DISAGREEMENT,AVG,4-8,away,115,2.15,4.050625026183175,0.5056714786348059,0.08719367906483266,0,0,-1.0,0.46511627906976744,-1.5,fanduel
2022_15_ATL_NO,2022,15,ML_QBELO_DISAGREEMENT,QB_ELO,4-8,away,190,2.9,4.495490387604733,0.376259558758377,0.09115272039929323,0,0,-1.0,0.3448275862068966,5.5,fanduel
2022_15_ATL_NO,2022,15,ML_XGB_DISAGREEMENT,XGB,8-12,away,190,2.9,9.066738147936466,0.42197203636169434,0.22371890544891349,0,0,-1.0,0.3448275862068966,5.5,fanduel
2022_15_ATL_NO,2022,15,ML_DOG_VALUE_ZONE,XGB,ZONE,away,190,2.9,9.066738147936466,0.42197203636169434,0.22371890544891349,0,0,-1.0,0.3448275862068966,5.5,fanduel
2022_15_ATL_NO,2022,15,ML_AVG_DISAGREEMENT,AVG,4-8,away,190,2.9,6.781114267770599,0.3991157975600357,0.15743581292410336,0,0,-1.0,0.3448275862068966,5.5,fanduel
2022_15_ATL_NO,2022,15,ML_CORROBORATED_DISAGREEMENT,CORROB,4-8,away,190,2.9,6.781114267770599,0.3991157975600357,0.15743581292410336,0,0,-1.0,0.3448275862068966,5.5,fanduel
2022_15_BAL_CLE,2022,15,ML_QBELO_DISAGREEMENT,QB_ELO,12+,away,136,2.3600000000000003,18.14478360881048,0.5891542874431293,0.39040411836578515,0,0,-1.0,0.42372881355932196,3.0,fanduel
2022_15_BAL_CLE,2022,15,ML_XGB_DISAGREEMENT,XGB,4-8,away,136,2.3600000000000003,5.555872923274413,0.46326518058776855,0.09330582618713401,0,0,-1.0,0.42372881355932196,3.0,fanduel
2022_15_BAL_CLE,2022,15,ML_DOG_VALUE_ZONE,XGB,ZONE,away,136,2.3600000000000003,5.555872923274413,0.46326518058776855,0.09330582618713401,0,0,-1.0,0.42372881355932196,3.0,fanduel
2022_15_BAL_CLE,2022,15,ML_AVG_DISAGREEMENT,AVG,8-12,away,136,2.3600000000000003,11.850328266042448,0.5262097340154489,0.24185497227645958,0,0,-1.0,0.42372881355932196,3.0,fanduel
2022_15_BAL_CLE,2022,15,ML_CORROBORATED_DISAGREEMENT,CORROB,8-12,away,136,2.3600000000000003,11.850328266042448,0.5262097340154489,0.24185497227645958,0,0,-1.0,0.42372881355932196,3.0,fanduel
2022_15_CIN_TB,2022,15,ML_QBELO_DISAGREEMENT,QB_ELO,4-8,home,165,2.65,6.427536170293596,0.44463497442769395,0.17828268223338894,0,0,-1.0,0.37735849056603776,-3.5,draftkings
2022_15_CIN_TB,2022,15,ML_DOG_VALUE_ZONE,QB_ELO,ZONE,home,165,2.65,6.427536170293596,0.44463497442769395,0.17828268223338894,0,0,-1.0,0.37735849056603776,-3.5,draftkings
2022_15_CIN_TB,2022,15,ML_XGB_DISAGREEMENT,XGB,4-8,away,-186,1.5376344086021505,7.848569037673547,0.6981260776519775,0.07346267854013755,1,0,0.537634,0.6503496503496503,-3.5,draftkings
2022_15_CIN_TB,2022,15,ML_AVG_DISAGREEMENT,AVG,0-2,away,-186,1.5376344086021505,0.7105164336899783,0.6267455516121418,-0.03629447440283562,1,0,0.537634,0.6503496503496503,-3.5,draftkings
2022_15_DAL_JAX,2022,15,ML_QBELO_DISAGREEMENT,QB_ELO,12+,away,-205,1.4878048780487805,12.080045715481635,0.7675318302635802,0.1419376011238631,0,0,-1.0,0.6721311475409836,3.5,fanduel
2022_15_DAL_JAX,2022,15,ML_XGB_DISAGREEMENT,XGB,4-8,away,-205,1.4878048780487805,7.71324371920632,0.723863810300827,0.07696810800854759,0,0,-1.0,0.6721311475409836,3.5,fanduel
2022_15_DAL_JAX,2022,15,ML_AVG_DISAGREEMENT,AVG,8-12,away,-205,1.4878048780487805,9.896644717343971,0.7456978202822035,0.10945285456620524,0,0,-1.0,0.6721311475409836,3.5,fanduel
2022_15_DAL_JAX,2022,15,ML_CORROBORATED_DISAGREEMENT,CORROB,8-12,away,-205,1.4878048780487805,9.896644717343971,0.7456978202822035,0.10945285456620524,0,0,-1.0,0.6721311475409836,3.5,fanduel
2022_15_DET_NYJ,2022,15,ML_QBELO_DISAGREEMENT,QB_ELO,0-2,away,115,2.15,0.14424123536931344,0.4687321319798614,0.007774083756701966,1,0,1.15,0.46511627906976744,2.5,draftkings
2022_15_DET_NYJ,2022,15,ML_DOG_VALUE_ZONE,QB_ELO,ZONE,away,115,2.15,0.14424123536931344,0.4687321319798614,0.007774083756701966,1,0,1.15,0.46511627906976744,2.5,draftkings
2022_15_DET_NYJ,2022,15,ML_XGB_DISAGREEMENT,XGB,12+,away,115,2.15,17.11138450653753,0.6384035646915436,0.37256766408681874,1,0,1.15,0.46511627906976744,2.5,draftkings
2022_15_DET_NYJ,2022,15,ML_AVG_DISAGREEMENT,AVG,8-12,away,115,2.15,8.627812870953422,0.5535678483357025,0.19017087392176024,1,0,1.15,0.46511627906976744,2.5,draftkings
2022_15_DET_NYJ,2022,15,ML_CORROBORATED_DISAGREEMENT,CORROB,8-12,away,115,2.15,8.627812870953422,0.5535678483357025,0.19017087392176024,1,0,1.15,0.46511627906976744,2.5,draftkings
2022_15_IND_MIN,2022,15,ML_QBELO_DISAGREEMENT,QB_ELO,12+,home,-196,1.510204081632653,12.113995413060719,0.7535166068232869,0.13796385520251486,1,0,0.510204,0.6621621621621622,3.5,draftkings
2022_15_IND_MIN,2022,15,ML_XGB_DISAGREEMENT,XGB,4-8,home,-196,1.510204081632653,5.275555279361788,0.6851322054862976,0.03468945318338812,1,0,0.510204,0.6621621621621622,3.5,draftkings
2022_15_IND_MIN,2022,15,ML_AVG_DISAGREEMENT,AVG,8-12,home,-196,1.510204081632653,8.694775346211259,0.7193244061547923,0.08632665419295149,1,0,0.510204,0.6621621621621622,3.5,draftkings
2022_15_IND_MIN,2022,15,ML_CORROBORATED_DISAGREEMENT,CORROB,8-12,home,-196,1.510204081632653,8.694775346211259,0.7193244061547923,0.08632665419295149,1,0,0.510204,0.6621621621621622,3.5,draftkings
2022_15_KC_HOU,2022,15,ML_QBELO_DISAGREEMENT,QB_ELO,2-4,away,-975,1.1025641025641026,2.9759405886547907,0.8857457313170748,-0.023408552650404646,1,0,0.102564,0.9069767441860465,14.5,fanduel
2022_15_KC_HOU,2022,15,ML_XGB_DISAGREEMENT,XGB,12+,home,730,8.3,16.210809199775706,0.3061217665672302,1.5408106625080111,0,0,-1.0,0.12048192771084336,14.5,fanduel
2022_15_KC_HOU,2022,15,LONG_DOG_201+_CONTEXT,XGB,LONG201+,home,730,8.3,16.210809199775706,0.3061217665672302,1.5408106625080111,0,0,-1.0,0.12048192771084336,14.5,fanduel
2022_15_KC_HOU,2022,15,ML_AVG_DISAGREEMENT,AVG,4-8,home,730,8.3,6.617434305560452,0.2101880176250777,0.744560546288145,0,0,-1.0,0.12048192771084336,14.5,fanduel
2022_15_KC_HOU,2022,15,LONG_DOG_201+_CONTEXT,AVG,LONG201+,home,730,8.3,6.617434305560452,0.2101880176250777,0.744560546288145,0,0,-1.0,0.12048192771084336,14.5,fanduel
2022_15_LA_GB,2022,15,ML_QBELO_DISAGREEMENT,QB_ELO,12+,away,330,4.3,12.053520854780167,0.3607094260279,0.5510505319199701,0,0,-1.0,0.23255813953488372,7.5,fanduel
2022_15_LA_GB,2022,15,LONG_DOG_201+_CONTEXT,QB_ELO,LONG201+,away,330,4.3,12.053520854780167,0.3607094260279,0.5510505319199701,0,0,-1.0,0.23255813953488372,7.5,fanduel
2022_15_LA_GB,2022,15,ML_XGB_DISAGREEMENT,XGB,8-12,away,330,4.3,11.68081924739727,0.35698240995407104,0.5350243628025055,0,0,-1.0,0.23255813953488372,7.5,fanduel
2022_15_LA_GB,2022,15,LONG_DOG_201+_CONTEXT,XGB,LONG201+,away,330,4.3,11.68081924739727,0.35698240995407104,0.5350243628025055,0,0,-1.0,0.23255813953488372,7.5,fanduel
2022_15_LA_GB,2022,15,ML_AVG_DISAGREEMENT,AVG,8-12,away,330,4.3,11.867170051088719,0.35884591799098553,0.5430374473612378,0,0,-1.0,0.23255813953488372,7.5,fanduel
2022_15_LA_GB,2022,15,LONG_DOG_201+_CONTEXT,AVG,LONG201+,away,330,4.3,11.867170051088719,0.35884591799098553,0.5430374473612378,0,0,-1.0,0.23255813953488372,7.5,fanduel
2022_15_LA_GB,2022,15,ML_CORROBORATED_DISAGREEMENT,CORROB,8-12,away,330,4.3,11.867170051088719,0.35884591799098553,0.5430374473612378,0,0,-1.0,0.23255813953488372,7.5,fanduel
2022_15_MIA_BUF,2022,15,ML_QBELO_DISAGREEMENT,QB_ELO,4-8,home,-350,1.2857142857142856,4.023782382335894,0.7812626780731289,0.004480586094022687,1,0,0.285714,0.7777777777777779,7.0,draftkings
2022_15_MIA_BUF,2022,15,ML_XGB_DISAGREEMENT,XGB,12+,away,290,3.9,23.280596978169125,0.4917811155319214,0.9179463505744934,0,0,-1.0,0.25641025641025644,7.0,draftkings
2022_15_MIA_BUF,2022,15,LONG_DOG_201+_CONTEXT,XGB,LONG201+,away,290,3.9,23.280596978169125,0.4917811155319214,0.9179463505744934,0,0,-1.0,0.25641025641025644,7.0,draftkings
2022_15_MIA_BUF,2022,15,ML_AVG_DISAGREEMENT,AVG,8-12,away,290,3.9,9.628407297916613,0.35525921872939625,0.38551095304464544,0,0,-1.0,0.25641025641025644,7.0,draftkings
2022_15_MIA_BUF,2022,15,LONG_DOG_201+_CONTEXT,AVG,LONG201+,away,290,3.9,9.628407297916613,0.35525921872939625,0.38551095304464544,0,0,-1.0,0.25641025641025644,7.0,draftkings
2022_15_NE_LV,2022,15,ML_QBELO_DISAGREEMENT,QB_ELO,4-8,away,116,2.16,5.746807450710545,0.5074317237319497,0.09605252326101144,0,0,-1.0,0.4629629629629629,2.5,draftkings
2022_15_NE_LV,2022,15,ML_XGB_DISAGREEMENT,XGB,4-8,home,-135,1.7407407407407407,7.849969477614438,0.6285360455513,0.09411830151522604,1,0,0.740741,0.574468085106383,2.5,draftkings
2022_15_NE_LV,2022,15,ML_AVG_DISAGREEMENT,AVG,0-2,home,-135,1.7407407407407407,1.051581013451952,0.5605521609096752,-0.02422401619426917,1,0,0.740741,0.574468085106383,2.5,draftkings
2022_15_NYG_WAS,2022,15,ML_QBELO_DISAGREEMENT,QB_ELO,2-4,home,-200,1.5,3.8628742859675547,0.6869591946197875,0.03043879192968113,0,0,-1.0,0.6666666666666666,-3.5,fanduel
2022_15_NYG_WAS,2022,15,ML_XGB_DISAGREEMENT,XGB,0-2,home,-200,1.5,1.6000209536732535,0.6643306612968445,-0.0035040080547332764,0,0,-1.0,0.6666666666666666,-3.5,fanduel
2022_15_NYG_WAS,2022,15,ML_AVG_DISAGREEMENT,AVG,2-4,home,-200,1.5,2.731447619820404,0.675644927958316,0.013467391937473927,0,0,-1.0,0.6666666666666666,-3.5,fanduel
2022_15_NYG_WAS,2022,15,ML_CORROBORATED_DISAGREEMENT,CORROB,2-4,home,-200,1.5,2.731447619820404,0.675644927958316,0.013467391937473927,0,0,-1.0,0.6666666666666666,-3.5,fanduel
2022_15_PHI_CHI,2022,15,ML_QBELO_DISAGREEMENT,QB_ELO,2-4,away,-405,1.2469135802469136,2.80548154684771,0.7992819381807483,-0.003364496836350872,1,0,0.246914,0.801980198019802,9.0,draftkings
2022_15_PHI_CHI,2022,15,ML_XGB_DISAGREEMENT,XGB,4-8,home,340,4.4,6.764081256403209,0.29641368985176086,0.3042202353477479,0,0,-1.0,0.22727272727272727,9.0,draftkings
2022_15_PHI_CHI,2022,15,LONG_DOG_201+_CONTEXT,XGB,LONG201+,home,340,4.4,6.764081256403209,0.29641368985176086,0.3042202353477479,0,0,-1.0,0.22727272727272727,9.0,draftkings
2022_15_PHI_CHI,2022,15,ML_AVG_DISAGREEMENT,AVG,0-2,home,340,4.4,1.979299854777747,0.24856587583550624,0.09368985367622762,0,0,-1.0,0.22727272727272727,9.0,draftkings
2022_15_PHI_CHI,2022,15,LONG_DOG_201+_CONTEXT,AVG,LONG201+,home,340,4.4,1.979299854777747,0.24856587583550624,0.09368985367622762,0,0,-1.0,0.22727272727272727,9.0,draftkings
2022_15_PIT_CAR,2022,15,ML_QBELO_DISAGREEMENT,QB_ELO,4-8,away,130,2.3,6.34452157127996,0.48940977125472107,0.12564247388585836,1,0,1.3,0.4347826086956522,3.0,draftkings
2022_15_PIT_CAR,2022,15,ML_DOG_VALUE_ZONE,QB_ELO,ZONE,away,130,2.3,6.34452157127996,0.48940977125472107,0.12564247388585836,1,0,1.3,0.4347826086956522,3.0,draftkings
2022_15_PIT_CAR,2022,15,ML_XGB_DISAGREEMENT,XGB,8-12,home,-148,1.6756756756756757,8.26148603362331,0.6566503047943115,0.10033294316884622,0,0,-1.0,0.5967741935483871,3.0,draftkings
2022_15_PIT_CAR,2022,15,ML_AVG_DISAGREEMENT,AVG,0-2,home,-148,1.6756756756756757,0.9584822311716756,0.5836202667697952,-0.022041715142505414,0,0,-1.0,0.5967741935483871,3.0,draftkings
2022_15_SF_SEA,2022,15,ML_QBELO_DISAGREEMENT,QB_ELO,0-2,home,160,2.6,0.6660474068602096,0.393258412212932,0.022471871753623196,0,0,-1.0,0.3846153846153846,-3.5,draftkings
2022_15_SF_SEA,2022,15,ML_XGB_DISAGREEMENT,XGB,0-2,away,-178,1.5617977528089888,1.2173093164089988,0.6255751550197601,-0.022978128677003773,1,0,0.561798,0.6402877697841727,-3.5,draftkings
2022_15_SF_SEA,2022,15,ML_AVG_DISAGREEMENT,AVG,0-2,away,-178,1.5617977528089888,0.27563095477438626,0.616158371403414,-0.037685240167701695,1,0,0.561798,0.6402877697841727,-3.5,draftkings
2022_15_TEN_LAC,2022,15,ML_QBELO_DISAGREEMENT,QB_ELO,8-12,away,135,2.35,9.873250491465896,0.5153573417784276,0.211089753179305,0,0,-1.0,0.425531914893617,-2.5,draftkings
2022_15_TEN_LAC,2022,15,ML_XGB_DISAGREEMENT,XGB,8-12,home,-155,1.6451612903225805,8.041172498632744,0.6637868881225586,0.09203649336291897,1,0,0.645161,0.607843137254902,-2.5,draftkings
2022_15_TEN_LAC,2022,15,ML_AVG_DISAGREEMENT,AVG,0-2,away,135,2.35,0.9160389964165849,0.4257852268279345,0.0005952830456461555,0,0,-1.0,0.425531914893617,-2.5,draftkings
2022_15_TEN_LAC,2022,15,ML_DOG_VALUE_ZONE,AVG,ZONE,away,135,2.35,0.9160389964165849,0.4257852268279345,0.0005952830456461555,0,0,-1.0,0.425531914893617,-2.5,draftkings
2022_16_ATL_BAL,2022,16,ML_QBELO_DISAGREEMENT,QB_ELO,4-8,home,-285,1.3508771929824561,5.791774502266433,0.7667842970243054,0.035831418787219516,1,0,0.350877,0.7402597402597403,6.5,draftkings
2022_16_ATL_BAL,2022,16,ML_XGB_DISAGREEMENT,XGB,2-4,away,240,3.4,3.331162083785327,0.32444506883621216,0.10311323404312134,0,0,-1.0,0.29411764705882354,6.5,draftkings
2022_16_ATL_BAL,2022,16,LONG_DOG_201+_CONTEXT,XGB,LONG201+,away,240,3.4,3.331162083785327,0.32444506883621216,0.10311323404312134,0,0,-1.0,0.29411764705882354,6.5,draftkings
2022_16_ATL_BAL,2022,16,ML_AVG_DISAGREEMENT,AVG,0-2,home,-285,1.3508771929824561,1.2303062092405614,0.7211696140940467,-0.025788416048393104,1,0,0.350877,0.7402597402597403,6.5,draftkings
2022_16_BUF_CHI,2022,16,ML_QBELO_DISAGREEMENT,QB_ELO,4-8,away,-380,1.263157894736842,7.895891935448207,0.852205730061657,0.07647039586735627,1,0,0.263158,0.7916666666666667,8.5,fanduel
2022_16_BUF_CHI,2022,16,ML_XGB_DISAGREEMENT,XGB,12+,home,310,4.1,16.977147844704312,0.39652466773986816,0.6257511377334593,0,0,-1.0,0.24390243902439027,8.5,fanduel
2022_16_BUF_CHI,2022,16,LONG_DOG_201+_CONTEXT,XGB,LONG201+,home,310,4.1,16.977147844704312,0.39652466773986816,0.6257511377334593,0,0,-1.0,0.24390243902439027,8.5,fanduel
2022_16_BUF_CHI,2022,16,ML_AVG_DISAGREEMENT,AVG,4-8,home,310,4.1,4.540627954628055,0.2721594688391056,0.1158538222403327,0,0,-1.0,0.24390243902439027,8.5,fanduel
2022_16_BUF_CHI,2022,16,LONG_DOG_201+_CONTEXT,AVG,LONG201+,home,310,4.1,4.540627954628055,0.2721594688391056,0.1158538222403327,0,0,-1.0,0.24390243902439027,8.5,fanduel
2022_16_CIN_NE,2022,16,ML_QBELO_DISAGREEMENT,QB_ELO,0-2,away,-164,1.6097560975609757,1.5843157133880514,0.6113544340276591,-0.015868472053036542,1,0,0.609756,0.6212121212121212,3.0,draftkings
2022_16_CIN_NE,2022,16,ML_XGB_DISAGREEMENT,XGB,0-2,away,-164,1.6097560975609757,1.840005380614207,0.6139113306999207,-0.01175249204403006,1,0,0.609756,0.6212121212121212,3.0,draftkings
2022_16_CIN_NE,2022,16,ML_AVG_DISAGREEMENT,AVG,0-2,away,-164,1.6097560975609757,1.7121605470011292,0.6126328823637899,-0.013810482048533301,1,0,0.609756,0.6212121212121212,3.0,draftkings
2022_16_CIN_NE,2022,16,ML_CORROBORATED_DISAGREEMENT,CORROB,0-2,away,-164,1.6097560975609757,1.7121605470011292,0.6126328823637899,-0.013810482048533301,1,0,0.609756,0.6212121212121212,3.0,draftkings
2022_16_DEN_LA,2022,16,ML_QBELO_DISAGREEMENT,QB_ELO,12+,home,142,2.42,24.115034772358346,0.6378075269157352,0.5434942151360791,1,0,1.42,0.4132231404958678,3.0,fanduel
2022_16_DEN_LA,2022,16,ML_XGB_DISAGREEMENT,XGB,8-12,home,142,2.42,8.17325011934379,0.4783896803855896,0.15770302653312673,1,0,1.42,0.4132231404958678,3.0,fanduel
2022_16_DEN_LA,2022,16,ML_DOG_VALUE_ZONE,XGB,ZONE,home,142,2.42,8.17325011934379,0.4783896803855896,0.15770302653312673,1,0,1.42,0.4132231404958678,3.0,fanduel
2022_16_DEN_LA,2022,16,ML_AVG_DISAGREEMENT,AVG,12+,home,142,2.42,16.144142445851063,0.5580986036506623,0.3505986208346028,1,0,1.42,0.4132231404958678,3.0,fanduel
2022_16_DEN_LA,2022,16,ML_CORROBORATED_DISAGREEMENT,CORROB,12+,home,142,2.42,16.144142445851063,0.5580986036506623,0.3505986208346028,1,0,1.42,0.4132231404958678,3.0,fanduel
2022_16_DET_CAR,2022,16,ML_QBELO_DISAGREEMENT,QB_ELO,0-2,home,115,2.15,1.251986774203112,0.4644703910531634,-0.0013886592356987526,1,0,1.15,0.46511627906976744,2.5,fanduel
2022_16_DET_CAR,2022,16,ML_DOG_VALUE_ZONE,QB_ELO,ZONE,home,115,2.15,1.251986774203112,0.4644703910531634,-0.0013886592356987526,1,0,1.15,0.46511627906976744,2.5,fanduel
2022_16_DET_CAR,2022,16,ML_XGB_DISAGREEMENT,XGB,4-8,away,-134,1.7462686567164178,4.743346875333188,0.5954829454421997,0.03987320323488608,0,0,-1.0,0.5726495726495727,2.5,fanduel
2022_16_DET_CAR,2022,16,ML_AVG_DISAGREEMENT,AVG,0-2,away,-134,1.7462686567164178,1.745680050565035,0.5655062771945182,-0.0124741129588265,0,0,-1.0,0.5726495726495727,2.5,fanduel
2022_16_GB_MIA,2022,16,ML_QBELO_DISAGREEMENT,QB_ELO,4-8,away,160,2.6,5.33064781594409,0.42810497359200406,0.11307293133921048,1,0,1.6,0.3846153846153846,3.5,fanduel
2022_16_GB_MIA,2022,16,ML_DOG_VALUE_ZONE,QB_ELO,ZONE,away,160,2.6,5.33064781594409,0.42810497359200406,0.11307293133921048,1,0,1.6,0.3846153846153846,3.5,fanduel
2022_16_GB_MIA,2022,16,ML_XGB_DISAGREEMENT,XGB,2-4,home,-180,1.5555555555555556,3.5938222071357107,0.661139726638794,0.0284395747714572,0,0,-1.0,0.6428571428571428,3.5,fanduel
2022_16_GB_MIA,2022,16,ML_AVG_DISAGREEMENT,AVG,0-2,away,160,2.6,0.868412804404195,0.3834826234766051,-0.0029451789608266887,1,0,1.6,0.3846153846153846,3.5,fanduel
2022_16_HOU_TEN,2022,16,ML_QBELO_DISAGREEMENT,QB_ELO,12+,home,-170,1.5882352941176472,23.405201334104277,0.845991019962604,0.3436327964111947,0,0,-1.0,0.6296296296296295,3.5,fanduel
2022_16_HOU_TEN,2022,16,ML_XGB_DISAGREEMENT,XGB,4-8,home,-170,1.5882352941176472,4.324299735335336,0.6551820039749146,0.040583182783688,0,0,-1.0,0.6296296296296295,3.5,fanduel
2022_16_HOU_TEN,2022,16,ML_AVG_DISAGREEMENT,AVG,12+,home,-170,1.5882352941176472,13.864750534719805,0.7505865119687593,0.19210798959744135,0,0,-1.0,0.6296296296296295,3.5,fanduel
2022_16_HOU_TEN,2022,16,ML_CORROBORATED_DISAGREEMENT,CORROB,12+,home,-170,1.5882352941176472,13.864750534719805,0.7505865119687593,0.19210798959744135,0,0,-1.0,0.6296296296296295,3.5,fanduel
2022_16_JAX_NYJ,2022,16,ML_QBELO_DISAGREEMENT,QB_ELO,2-4,home,-138,1.7246376811594204,3.550106984775836,0.5960022854826938,0.027887999600588076,0,0,-1.0,0.5798319327731092,2.5,draftkings
2022_16_JAX_NYJ,2022,16,ML_XGB_DISAGREEMENT,XGB,4-8,away,125,2.25,4.696231859742939,0.4864611029624939,0.09453748166561127,1,0,1.25,0.4444444444444444,2.5,draftkings
2022_16_JAX_NYJ,2022,16,ML_DOG_VALUE_ZONE,XGB,ZONE,away,125,2.25,4.696231859742939,0.4864611029624939,0.09453748166561127,1,0,1.25,0.4444444444444444,2.5,draftkings
2022_16_JAX_NYJ,2022,16,ML_AVG_DISAGREEMENT,AVG,0-2,away,125,2.25,0.5730624374835513,0.4452294087399,0.0017661696647750524,1,0,1.25,0.4444444444444444,2.5,draftkings
2022_16_JAX_NYJ,2022,16,ML_DOG_VALUE_ZONE,AVG,ZONE,away,125,2.25,0.5730624374835513,0.4452294087399,0.0017661696647750524,1,0,1.25,0.4444444444444444,2.5,draftkings
2022_16_LAC_IND,2022,16,ML_QBELO_DISAGREEMENT,QB_ELO,8-12,home,170,2.7,10.571002473557629,0.46941986510736855,0.2674336357898952,0,0,-1.0,0.37037037037037035,3.5,draftkings
2022_16_LAC_IND,2022,16,ML_DOG_VALUE_ZONE,QB_ELO,ZONE,home,170,2.7,10.571002473557629,0.46941986510736855,0.2674336357898952,0,0,-1.0,0.37037037037037035,3.5,draftkings
2022_16_LAC_IND,2022,16,ML_XGB_DISAGREEMENT,XGB,4-8,home,170,2.7,5.8512714311893035,0.4222225546836853,0.14000089764595036,0,0,-1.0,0.37037037037037035,3.5,draftkings
2022_16_LAC_IND,2022,16,ML_DOG_VALUE_ZONE,XGB,ZONE,home,170,2.7,5.8512714311893035,0.4222225546836853,0.14000089764595036,0,0,-1.0,0.37037037037037035,3.5,draftkings
2022_16_LAC_IND,2022,16,ML_AVG_DISAGREEMENT,AVG,8-12,home,170,2.7,8.211136952373465,0.4458212098955269,0.20371726671792278,0,0,-1.0,0.37037037037037035,3.5,draftkings
2022_16_LAC_IND,2022,16,ML_DOG_VALUE_ZONE,AVG,ZONE,home,170,2.7,8.211136952373465,0.4458212098955269,0.20371726671792278,0,0,-1.0,0.37037037037037035,3.5,draftkings
2022_16_LAC_IND,2022,16,ML_CORROBORATED_DISAGREEMENT,CORROB,8-12,home,170,2.7,8.211136952373465,0.4458212098955269,0.20371726671792278,0,0,-1.0,0.37037037037037035,3.5,draftkings
2022_16_LAC_IND,2022,16,ML_DOG_VALUE_ZONE,CORROB,ZONE,home,170,2.7,8.211136952373465,0.4458212098955269,0.20371726671792278,0,0,-1.0,0.37037037037037035,3.5,draftkings
2022_16_LV_PIT,2022,16,ML_QBELO_DISAGREEMENT,QB_ELO,0-2,home,-124,1.8064516129032258,1.763954254066391,0.5800190114621889,0.04777627877040569,1,0,0.806452,0.5535714285714286,2.0,draftkings
2022_16_LV_PIT,2022,16,ML_XGB_DISAGREEMENT,XGB,0-2,away,110,2.1,1.5603114608628232,0.45322364568710327,-0.04823034405708304,0,0,-1.0,0.47619047619047616,2.0,draftkings
2022_16_LV_PIT,2022,16,ML_AVG_DISAGREEMENT,AVG,0-2,home,-124,1.8064516129032258,0.10182139660178668,0.5633976828875429,0.017750652958141933,1,0,0.806452,0.5535714285714286,2.0,draftkings
2022_16_NO_CLE,2022,16,ML_QBELO_DISAGREEMENT,QB_ELO,0-2,home,-175,1.5714285714285714,1.1506827387212648,0.6353329755293468,-0.0016196098824551308,0,0,-1.0,0.6363636363636364,3.5,fanduel
2022_16_NO_CLE,2022,16,ML_XGB_DISAGREEMENT,XGB,4-8,away,156,2.56,4.65937276976457,0.4227675795555115,0.08228500366210945,1,0,1.56,0.390625,3.5,fanduel
2022_16_NO_CLE,2022,16,ML_DOG_VALUE_ZONE,XGB,ZONE,away,156,2.56,4.65937276976457,0.4227675795555115,0.08228500366210945,1,0,1.56,0.390625,3.5,fanduel
2022_16_NO_CLE,2022,16,ML_AVG_DISAGREEMENT,AVG,0-2,away,156,2.56,1.7543450155216633,0.3937173020130824,0.007916293153491072,1,0,1.56,0.390625,3.5,fanduel
2022_16_NYG_MIN,2022,16,ML_QBELO_DISAGREEMENT,QB_ELO,8-12,home,-198,1.5050505050505052,8.371098263290389,0.7421424202054456,0.11696182434961022,1,0,0.505051,0.6644295302013422,4.5,draftkings
2022_16_NYG_MIN,2022,16,ML_XGB_DISAGREEMENT,XGB,0-2,away,180,2.8,0.002887543112345403,0.34159743785858154,-0.043527173995971724,0,0,-1.0,0.35714285714285715,4.5,draftkings
2022_16_NYG_MIN,2022,16,ML_AVG_DISAGREEMENT,AVG,4-8,home,-198,1.5050505050505052,4.1841053600890294,0.700272491173432,0.053945466513549256,1,0,0.505051,0.6644295302013422,4.5,draftkings
2022_16_PHI_DAL,2022,16,ML_QBELO_DISAGREEMENT,QB_ELO,12+,away,168,2.6799999999999997,13.61018365375976,0.4865691262572238,0.30400525836935977,0,0,-1.0,0.373134328358209,4.0,fanduel
2022_16_PHI_DAL,2022,16,ML_DOG_VALUE_ZONE,QB_ELO,ZONE,away,168,2.6799999999999997,13.61018365375976,0.4865691262572238,0.30400525836935977,0,0,-1.0,0.373134328358209,4.0,fanduel
2022_16_PHI_DAL,2022,16,ML_XGB_DISAGREEMENT,XGB,12+,away,168,2.6799999999999997,17.263088103766748,0.5230981707572937,0.401903097629547,0,0,-1.0,0.373134328358209,4.0,fanduel
2022_16_PHI_DAL,2022,16,ML_AVG_DISAGREEMENT,AVG,12+,away,168,2.6799999999999997,15.436635878763255,0.5048336485072588,0.3529541779994534,0,0,-1.0,0.373134328358209,4.0,fanduel
2022_16_PHI_DAL,2022,16,ML_CORROBORATED_DISAGREEMENT,CORROB,12+,away,168,2.6799999999999997,15.436635878763255,0.5048336485072588,0.3529541779994534,0,0,-1.0,0.373134328358209,4.0,fanduel
2022_16_SEA_KC,2022,16,ML_QBELO_DISAGREEMENT,QB_ELO,0-2,home,-475,1.2105263157894737,0.8631971693625062,0.8111949153747897,-0.018027207704201964,1,0,0.210526,0.8260869565217391,10.5,fanduel
2022_16_SEA_KC,2022,16,ML_XGB_DISAGREEMENT,XGB,12+,away,385,4.85,19.476001618711557,0.3921970725059509,0.9021558016538618,0,0,-1.0,0.2061855670103093,10.5,fanduel
2022_16_SEA_KC,2022,16,LONG_DOG_201+_CONTEXT,XGB,LONG201+,away,385,4.85,19.476001618711557,0.3921970725059509,0.9021558016538618,0,0,-1.0,0.2061855670103093,10.5,fanduel
2022_16_SEA_KC,2022,16,ML_AVG_DISAGREEMENT,AVG,8-12,away,385,4.85,9.306402224674523,0.2905010785655806,0.4089302310430658,0,0,-1.0,0.2061855670103093,10.5,fanduel
2022_16_SEA_KC,2022,16,LONG_DOG_201+_CONTEXT,AVG,LONG201+,away,385,4.85,9.306402224674523,0.2905010785655806,0.4089302310430658,0,0,-1.0,0.2061855670103093,10.5,fanduel
2022_16_TB_ARI,2022,16,ML_QBELO_DISAGREEMENT,QB_ELO,12+,home,290,3.9,16.280659818857202,0.42178174393880213,0.6449488013613283,0,0,-1.0,0.25641025641025644,7.5,draftkings
2022_16_TB_ARI,2022,16,LONG_DOG_201+_CONTEXT,QB_ELO,LONG201+,home,290,3.9,16.280659818857202,0.42178174393880213,0.6449488013613283,0,0,-1.0,0.25641025641025644,7.5,draftkings
2022_16_TB_ARI,2022,16,ML_XGB_DISAGREEMENT,XGB,12+,home,290,3.9,26.311350113850278,0.5220886468887329,1.0361457228660584,0,0,-1.0,0.25641025641025644,7.5,draftkings
2022_16_TB_ARI,2022,16,LONG_DOG_201+_CONTEXT,XGB,LONG201+,home,290,3.9,26.311350113850278,0.5220886468887329,1.0361457228660584,0,0,-1.0,0.25641025641025644,7.5,draftkings
2022_16_TB_ARI,2022,16,ML_AVG_DISAGREEMENT,AVG,12+,home,290,3.9,21.29600496635374,0.4719351954137675,0.8405472621136931,0,0,-1.0,0.25641025641025644,7.5,draftkings
2022_16_TB_ARI,2022,16,LONG_DOG_201+_CONTEXT,AVG,LONG201+,home,290,3.9,21.29600496635374,0.4719351954137675,0.8405472621136931,0,0,-1.0,0.25641025641025644,7.5,draftkings
2022_16_TB_ARI,2022,16,ML_CORROBORATED_DISAGREEMENT,CORROB,12+,home,290,3.9,21.29600496635374,0.4719351954137675,0.8405472621136931,0,0,-1.0,0.25641025641025644,7.5,draftkings
2022_16_WAS_SF,2022,16,ML_QBELO_DISAGREEMENT,QB_ELO,4-8,home,-280,1.3571428571428572,7.46675667300477,0.7897886966242892,0.07185608827582102,1,0,0.357143,0.7368421052631579,-6.5,draftkings
2022_16_WAS_SF,2022,16,ML_XGB_DISAGREEMENT,XGB,4-8,away,245,3.45,5.746201648710658,0.342340886592865,0.18107605874538435,0,0,-1.0,0.2898550724637681,-6.5,draftkings
2022_16_WAS_SF,2022,16,LONG_DOG_201+_CONTEXT,XGB,LONG201+,away,245,3.45,5.746201648710658,0.342340886592865,0.18107605874538435,0,0,-1.0,0.2898550724637681,-6.5,draftkings
2022_16_WAS_SF,2022,16,ML_AVG_DISAGREEMENT,AVG,0-2,home,-280,1.3571428571428572,0.8602775121470563,0.723723905015712,-0.017803271764390782,1,0,0.357143,0.7368421052631579,-6.5,draftkings
2022_17_ARI_ATL,2022,17,ML_QBELO_DISAGREEMENT,QB_ELO,12+,away,245,3.45,15.913415905792593,0.4407003711124794,0.5204162803380541,0,0,-1.0,0.2898550724637681,6.5,draftkings
2022_17_ARI_ATL,2022,17,LONG_DOG_201+_CONTEXT,QB_ELO,LONG201+,away,245,3.45,15.913415905792593,0.4407003711124794,0.5204162803380541,0,0,-1.0,0.2898550724637681,6.5,draftkings
2022_17_ARI_ATL,2022,17,ML_XGB_DISAGREEMENT,XGB,8-12,away,245,3.45,11.173390400761086,0.3933001160621643,0.35688540041446704,0,0,-1.0,0.2898550724637681,6.5,draftkings
2022_17_ARI_ATL,2022,17,LONG_DOG_201+_CONTEXT,XGB,LONG201+,away,245,3.45,11.173390400761086,0.3933001160621643,0.35688540041446704,0,0,-1.0,0.2898550724637681,6.5,draftkings
2022_17_ARI_ATL,2022,17,ML_AVG_DISAGREEMENT,AVG,12+,away,245,3.45,13.543403153276845,0.4170002435873219,0.43865084037626056,0,0,-1.0,0.2898550724637681,6.5,draftkings
2022_17_ARI_ATL,2022,17,LONG_DOG_201+_CONTEXT,AVG,LONG201+,away,245,3.45,13.543403153276845,0.4170002435873219,0.43865084037626056,0,0,-1.0,0.2898550724637681,6.5,draftkings
2022_17_ARI_ATL,2022,17,ML_CORROBORATED_DISAGREEMENT,CORROB,12+,away,245,3.45,13.543403153276845,0.4170002435873219,0.43865084037626056,0,0,-1.0,0.2898550724637681,6.5,draftkings
2022_17_CAR_TB,2022,17,ML_QBELO_DISAGREEMENT,QB_ELO,2-4,home,-195,1.5128205128205128,2.639586370044389,0.6706741707063525,0.01460964286345634,1,0,0.512821,0.6610169491525424,3.5,fanduel
2022_17_CAR_TB,2022,17,ML_XGB_DISAGREEMENT,XGB,12+,away,165,2.65,12.680931811049234,0.48253101110458374,0.27870717942714696,0,0,-1.0,0.37735849056603776,3.5,fanduel
2022_17_CAR_TB,2022,17,ML_DOG_VALUE_ZONE,XGB,ZONE,away,165,2.65,12.680931811049234,0.48253101110458374,0.27870717942714696,0,0,-1.0,0.37735849056603776,3.5,fanduel
2022_17_CAR_TB,2022,17,ML_AVG_DISAGREEMENT,AVG,4-8,away,165,2.65,5.020672720502417,0.40592842019911557,0.07571031352765623,0,0,-1.0,0.37735849056603776,3.5,fanduel
2022_17_CAR_TB,2022,17,ML_DOG_VALUE_ZONE,AVG,ZONE,away,165,2.65,5.020672720502417,0.40592842019911557,0.07571031352765623,0,0,-1.0,0.37735849056603776,3.5,fanduel
2022_17_CHI_DET,2022,17,ML_QBELO_DISAGREEMENT,QB_ELO,4-8,home,-245,1.4081632653061225,5.766195412378594,0.7266731249967691,0.023274400505654436,1,0,0.408163,0.7101449275362319,5.5,fanduel
2022_17_CHI_DET,2022,17,ML_XGB_DISAGREEMENT,XGB,12+,home,-245,1.4081632653061225,14.8379569044772,0.8173907399177551,0.1510196133535735,1,0,0.408163,0.7101449275362319,5.5,fanduel
2022_17_CHI_DET,2022,17,ML_AVG_DISAGREEMENT,AVG,8-12,home,-245,1.4081632653061225,10.302076158427898,0.7720319324572621,0.08714700692961408,1,0,0.408163,0.7101449275362319,5.5,fanduel
2022_17_CHI_DET,2022,17,ML_CORROBORATED_DISAGREEMENT,CORROB,8-12,home,-245,1.4081632653061225,10.302076158427898,0.7720319324572621,0.08714700692961408,1,0,0.408163,0.7101449275362319,5.5,fanduel
2022_17_CLE_WAS,2022,17,ML_QBELO_DISAGREEMENT,QB_ELO,0-2,home,-130,1.7692307692307692,1.2448170167791317,0.545158450541623,-0.035488895195590064,0,0,-1.0,0.5652173913043479,2.5,draftkings
2022_17_CLE_WAS,2022,17,ML_XGB_DISAGREEMENT,XGB,12+,home,-130,1.7692307692307692,14.309308294937995,0.6758033633232117,0.19565210434106683,0,0,-1.0,0.5652173913043479,2.5,draftkings
2022_17_CLE_WAS,2022,17,ML_AVG_DISAGREEMENT,AVG,4-8,home,-130,1.7692307692307692,7.777062655858558,0.6104809069324173,0.08008160457273816,0,0,-1.0,0.5652173913043479,2.5,draftkings
2022_17_CLE_WAS,2022,17,ML_CORROBORATED_DISAGREEMENT,CORROB,4-8,home,-130,1.7692307692307692,7.777062655858558,0.6104809069324173,0.08008160457273816,0,0,-1.0,0.5652173913043479,2.5,draftkings
2022_17_DAL_TEN,2022,17,ML_QBELO_DISAGREEMENT,QB_ELO,12+,home,625,7.25,23.63908347067276,0.3861562755970978,1.799632998078959,0,0,-1.0,0.13793103448275862,14.0,draftkings
2022_17_DAL_TEN,2022,17,LONG_DOG_201+_CONTEXT,QB_ELO,LONG201+,home,625,7.25,23.63908347067276,0.3861562755970978,1.799632998078959,0,0,-1.0,0.13793103448275862,14.0,draftkings
2022_17_DAL_TEN,2022,17,ML_XGB_DISAGREEMENT,XGB,12+,home,625,7.25,15.149351053518215,0.30125895142555237,1.1841273978352547,0,0,-1.0,0.13793103448275862,14.0,draftkings
2022_17_DAL_TEN,2022,17,LONG_DOG_201+_CONTEXT,XGB,LONG201+,home,625,7.25,15.149351053518215,0.30125895142555237,1.1841273978352547,0,0,-1.0,0.13793103448275862,14.0,draftkings
2022_17_DAL_TEN,2022,17,ML_AVG_DISAGREEMENT,AVG,12+,home,625,7.25,19.394217262095484,0.34370761351132506,1.4918801979571068,0,0,-1.0,0.13793103448275862,14.0,draftkings
2022_17_DAL_TEN,2022,17,LONG_DOG_201+_CONTEXT,AVG,LONG201+,home,625,7.25,19.394217262095484,0.34370761351132506,1.4918801979571068,0,0,-1.0,0.13793103448275862,14.0,draftkings
2022_17_DAL_TEN,2022,17,ML_CORROBORATED_DISAGREEMENT,CORROB,12+,home,625,7.25,19.394217262095484,0.34370761351132506,1.4918801979571068,0,0,-1.0,0.13793103448275862,14.0,draftkings
2022_17_DEN_KC,2022,17,ML_QBELO_DISAGREEMENT,QB_ELO,4-8,home,-740,1.135135135135135,6.119447949375056,0.9066653994831205,0.02918775076462321,1,0,0.135135,0.880952380952381,12.5,draftkings
2022_17_DEN_KC,2022,17,ML_XGB_DISAGREEMENT,XGB,0-2,away,540,6.4,1.576264181020126,0.1702917218208313,0.08986701965332045,0,0,-1.0,0.15625,12.5,draftkings
2022_17_DEN_KC,2022,17,LONG_DOG_201+_CONTEXT,XGB,LONG201+,away,540,6.4,1.576264181020126,0.1702917218208313,0.08986701965332045,0,0,-1.0,0.15625,12.5,draftkings
2022_17_DEN_KC,2022,17,ML_AVG_DISAGREEMENT,AVG,2-4,home,-740,1.135135135135135,2.2715918841774707,0.8681868388311447,-0.014490615380862826,1,0,0.135135,0.880952380952381,12.5,draftkings
2022_17_IND_NYG,2022,17,ML_QBELO_DISAGREEMENT,QB_ELO,4-8,away,210,3.1,4.976166843729862,0.3762307794367964,0.16631541625406876,0,0,-1.0,0.3225806451612903,5.5,draftkings
2022_17_IND_NYG,2022,17,LONG_DOG_201+_CONTEXT,QB_ELO,LONG201+,away,210,3.1,4.976166843729862,0.3762307794367964,0.16631541625406876,0,0,-1.0,0.3225806451612903,5.5,draftkings
2022_17_IND_NYG,2022,17,ML_XGB_DISAGREEMENT,XGB,4-8,home,-240,1.4166666666666667,4.972093061009342,0.7232518196105957,0.024606744448343987,1,0,0.416667,0.7058823529411764,5.5,draftkings
2022_17_IND_NYG,2022,17,ML_AVG_DISAGREEMENT,AVG,0-2,away,210,3.1,0.0020368913602630823,0.3264894799131004,0.012117387730611329,0,0,-1.0,0.3225806451612903,5.5,draftkings
2022_17_IND_NYG,2022,17,LONG_DOG_201+_CONTEXT,AVG,LONG201+,away,210,3.1,0.0020368913602630823,0.3264894799131004,0.012117387730611329,0,0,-1.0,0.3225806451612903,5.5,draftkings
2022_17_JAX_HOU,2022,17,ML_QBELO_DISAGREEMENT,QB_ELO,0-2,home,160,2.6,1.3162484421816667,0.37687232479360894,-0.02013195553661673,0,0,-1.0,0.3846153846153846,3.5,draftkings
2022_17_JAX_HOU,2022,17,ML_XGB_DISAGREEMENT,XGB,2-4,away,-180,1.5555555555555556,2.418092210549594,0.6604710817337036,0.02739946047465014,1,0,0.555556,0.6428571428571428,3.5,draftkings
2022_17_JAX_HOU,2022,17,ML_AVG_DISAGREEMENT,AVG,0-2,away,-180,1.5555555555555556,0.5509218841839636,0.6417993784700473,-0.0016454112688152334,1,0,0.555556,0.6428571428571428,3.5,draftkings
2022_17_LA_LAC,2022,17,ML_QBELO_DISAGREEMENT,QB_ELO,4-8,away,240,3.4,4.568399739925066,0.3280241029634886,0.11528195007586128,0,0,-1.0,0.29411764705882354,6.5,fanduel
2022_17_LA_LAC,2022,17,LONG_DOG_201+_CONTEXT,QB_ELO,LONG201+,away,240,3.4,4.568399739925066,0.3280241029634886,0.11528195007586128,0,0,-1.0,0.29411764705882354,6.5,fanduel
2022_17_LA_LAC,2022,17,ML_XGB_DISAGREEMENT,XGB,2-4,away,240,3.4,2.1151784866212497,0.30349189043045044,0.03187242746353136,0,0,-1.0,0.29411764705882354,6.5,fanduel
2022_17_LA_LAC,2022,17,LONG_DOG_201+_CONTEXT,XGB,LONG201+,away,240,3.4,2.1151784866212497,0.30349189043045044,0.03187242746353136,0,0,-1.0,0.29411764705882354,6.5,fanduel
2022_17_LA_LAC,2022,17,ML_AVG_DISAGREEMENT,AVG,2-4,away,240,3.4,3.3417891132731525,0.31575799669696947,0.0735771887696961,0,0,-1.0,0.29411764705882354,6.5,fanduel
2022_17_LA_LAC,2022,17,LONG_DOG_201+_CONTEXT,AVG,LONG201+,away,240,3.4,3.3417891132731525,0.31575799669696947,0.0735771887696961,0,0,-1.0,0.29411764705882354,6.5,fanduel
2022_17_LA_LAC,2022,17,ML_CORROBORATED_DISAGREEMENT,CORROB,2-4,away,240,3.4,3.3417891132731525,0.31575799669696947,0.0735771887696961,0,0,-1.0,0.29411764705882354,6.5,fanduel
2022_17_MIA_NE,2022,17,ML_QBELO_DISAGREEMENT,QB_ELO,0-2,away,140,2.4,0.6076108132969327,0.41998339290118114,0.007960142962834649,0,0,-1.0,0.4166666666666667,3.0,fanduel
2022_17_MIA_NE,2022,17,ML_DOG_VALUE_ZONE,QB_ELO,ZONE,away,140,2.4,0.6076108132969327,0.41998339290118114,0.007960142962834649,0,0,-1.0,0.4166666666666667,3.0,fanduel
2022_17_MIA_NE,2022,17,ML_XGB_DISAGREEMENT,XGB,12+,away,140,2.4,31.169087168396715,0.725598156452179,0.7414355754852295,0,0,-1.0,0.4166666666666667,3.0,fanduel
2022_17_MIA_NE,2022,17,ML_AVG_DISAGREEMENT,AVG,12+,away,140,2.4,15.888348990846824,0.57279077467668,0.374697859224032,0,0,-1.0,0.4166666666666667,3.0,fanduel
2022_17_MIA_NE,2022,17,ML_CORROBORATED_DISAGREEMENT,CORROB,12+,away,140,2.4,15.888348990846824,0.57279077467668,0.374697859224032,0,0,-1.0,0.4166666666666667,3.0,fanduel
2022_17_MIN_GB,2022,17,ML_QBELO_DISAGREEMENT,QB_ELO,12+,away,148,2.48,12.991657197880524,0.5121892037788472,0.27022922537154126,0,0,-1.0,0.40322580645161293,-3.0,draftkings
2022_17_MIN_GB,2022,17,ML_XGB_DISAGREEMENT,XGB,4-8,away,148,2.48,4.813137563480296,0.43040400743484497,0.06740193843841547,0,0,-1.0,0.40322580645161293,-3.0,draftkings
2022_17_MIN_GB,2022,17,ML_DOG_VALUE_ZONE,XGB,ZONE,away,148,2.48,4.813137563480296,0.43040400743484497,0.06740193843841547,0,0,-1.0,0.40322580645161293,-3.0,draftkings
2022_17_MIN_GB,2022,17,ML_AVG_DISAGREEMENT,AVG,8-12,away,148,2.48,8.902397380680416,0.47129660560684616,0.16881558190497858,0,0,-1.0,0.40322580645161293,-3.0,draftkings
2022_17_MIN_GB,2022,17,ML_DOG_VALUE_ZONE,AVG,ZONE,away,148,2.48,8.902397380680416,0.47129660560684616,0.16881558190497858,0,0,-1.0,0.40322580645161293,-3.0,draftkings
2022_17_MIN_GB,2022,17,ML_CORROBORATED_DISAGREEMENT,CORROB,8-12,away,148,2.48,8.902397380680416,0.47129660560684616,0.16881558190497858,0,0,-1.0,0.40322580645161293,-3.0,draftkings
2022_17_MIN_GB,2022,17,ML_DOG_VALUE_ZONE,CORROB,ZONE,away,148,2.48,8.902397380680416,0.47129660560684616,0.16881558190497858,0,0,-1.0,0.40322580645161293,-3.0,draftkings
2022_17_NO_PHI,2022,17,ML_QBELO_DISAGREEMENT,QB_ELO,4-8,home,-240,1.4166666666666667,6.865820465115046,0.7485903348377925,0.06050297435353946,0,0,-1.0,0.7058823529411764,5.5,fanduel
2022_17_NO_PHI,2022,17,ML_XGB_DISAGREEMENT,XGB,12+,home,-240,1.4166666666666667,12.284951129666489,0.8027816414833069,0.1372739921013515,0,0,-1.0,0.7058823529411764,5.5,fanduel
2022_17_NO_PHI,2022,17,ML_AVG_DISAGREEMENT,AVG,8-12,home,-240,1.4166666666666667,9.575385797390767,0.7756859881605497,0.09888848322744548,0,0,-1.0,0.7058823529411764,5.5,fanduel
2022_17_NO_PHI,2022,17,ML_CORROBORATED_DISAGREEMENT,CORROB,8-12,home,-240,1.4166666666666667,9.575385797390767,0.7756859881605497,0.09888848322744548,0,0,-1.0,0.7058823529411764,5.5,fanduel
2022_17_NYJ_SEA,2022,17,ML_QBELO_DISAGREEMENT,QB_ELO,12+,home,106,2.06,19.30457599539748,0.6690263681514186,0.3781943183919223,1,0,1.06,0.4854368932038835,2.5,fanduel
2022_17_NYJ_SEA,2022,17,ML_XGB_DISAGREEMENT,XGB,8-12,home,106,2.06,10.276785638690683,0.5787484645843506,0.19222183704376228,1,0,1.06,0.4854368932038835,2.5,fanduel
2022_17_NYJ_SEA,2022,17,ML_AVG_DISAGREEMENT,AVG,12+,home,106,2.06,14.790680817044082,0.6238874163678846,0.2852080777178423,1,0,1.06,0.4854368932038835,2.5,fanduel
2022_17_NYJ_SEA,2022,17,ML_CORROBORATED_DISAGREEMENT,CORROB,12+,home,106,2.06,14.790680817044082,0.6238874163678846,0.2852080777178423,1,0,1.06,0.4854368932038835,2.5,fanduel
2022_17_PIT_BAL,2022,17,ML_QBELO_DISAGREEMENT,QB_ELO,8-12,home,-115,1.8695652173913042,11.790927718935873,0.6397064302142698,0.19597289127015638,0,0,-1.0,0.5348837209302326,1.0,draftkings
2022_17_PIT_BAL,2022,17,ML_XGB_DISAGREEMENT,XGB,12+,home,-115,1.8695652173913042,17.13990840623387,0.6931962370872498,0.29597557368485816,0,0,-1.0,0.5348837209302326,1.0,draftkings
2022_17_PIT_BAL,2022,17,ML_AVG_DISAGREEMENT,AVG,12+,home,-115,1.8695652173913042,14.465418062584877,0.6664513336507598,0.24597423247750738,0,0,-1.0,0.5348837209302326,1.0,draftkings
2022_17_PIT_BAL,2022,17,ML_CORROBORATED_DISAGREEMENT,CORROB,12+,home,-115,1.8695652173913042,14.465418062584877,0.6664513336507598,0.24597423247750738,0,0,-1.0,0.5348837209302326,1.0,draftkings
2022_17_SF_LV,2022,17,ML_QBELO_DISAGREEMENT,QB_ELO,8-12,home,370,4.7,11.137279338573325,0.3263825200162237,0.5339978440762514,0,0,-1.0,0.2127659574468085,9.5,draftkings
2022_17_SF_LV,2022,17,LONG_DOG_201+_CONTEXT,QB_ELO,LONG201+,home,370,4.7,11.137279338573325,0.3263825200162237,0.5339978440762514,0,0,-1.0,0.2127659574468085,9.5,draftkings
2022_17_SF_LV,2022,17,ML_XGB_DISAGREEMENT,XGB,12+,home,370,4.7,18.019800628538786,0.3952077329158783,0.8574763447046281,0,0,-1.0,0.2127659574468085,9.5,draftkings
2022_17_SF_LV,2022,17,LONG_DOG_201+_CONTEXT,XGB,LONG201+,home,370,4.7,18.019800628538786,0.3952077329158783,0.8574763447046281,0,0,-1.0,0.2127659574468085,9.5,draftkings
2022_17_SF_LV,2022,17,ML_AVG_DISAGREEMENT,AVG,12+,home,370,4.7,14.578539983556055,0.360795126466051,0.6957370943904397,0,0,-1.0,0.2127659574468085,9.5,draftkings
2022_17_SF_LV,2022,17,LONG_DOG_201+_CONTEXT,AVG,LONG201+,home,370,4.7,14.578539983556055,0.360795126466051,0.6957370943904397,0,0,-1.0,0.2127659574468085,9.5,draftkings
2022_17_SF_LV,2022,17,ML_CORROBORATED_DISAGREEMENT,CORROB,12+,home,370,4.7,14.578539983556055,0.360795126466051,0.6957370943904397,0,0,-1.0,0.2127659574468085,9.5,draftkings
2022_18_ARI_SF,2022,18,ML_QBELO_DISAGREEMENT,QB_ELO,0-2,away,700,8.0,1.2265879237482262,0.1277144853325194,0.021715882660155117,0,0,-1.0,0.125,14.5,draftkings
2022_18_ARI_SF,2022,18,LONG_DOG_201+_CONTEXT,QB_ELO,LONG201+,away,700,8.0,1.2265879237482262,0.1277144853325194,0.021715882660155117,0,0,-1.0,0.125,14.5,draftkings
2022_18_ARI_SF,2022,18,ML_XGB_DISAGREEMENT,XGB,12+,away,700,8.0,14.325838080910716,0.2587069869041443,1.0696558952331543,0,0,-1.0,0.125,14.5,draftkings
2022_18_ARI_SF,2022,18,LONG_DOG_201+_CONTEXT,XGB,LONG201+,away,700,8.0,14.325838080910716,0.2587069869041443,1.0696558952331543,0,0,-1.0,0.125,14.5,draftkings
2022_18_ARI_SF,2022,18,ML_AVG_DISAGREEMENT,AVG,4-8,away,700,8.0,7.776213002329471,0.19321073611833184,0.5456858889466547,0,0,-1.0,0.125,14.5,draftkings
2022_18_ARI_SF,2022,18,LONG_DOG_201+_CONTEXT,AVG,LONG201+,away,700,8.0,7.776213002329471,0.19321073611833184,0.5456858889466547,0,0,-1.0,0.125,14.5,draftkings
2022_18_ARI_SF,2022,18,ML_CORROBORATED_DISAGREEMENT,CORROB,4-8,away,700,8.0,7.776213002329471,0.19321073611833184,0.5456858889466547,0,0,-1.0,0.125,14.5,draftkings
2022_18_BAL_CIN,2022,18,ML_QBELO_DISAGREEMENT,QB_ELO,12+,away,460,5.6,12.183689226563995,0.30366228324687394,0.7005087861824939,0,0,-1.0,0.17857142857142858,11.5,fanduel
2022_18_BAL_CIN,2022,18,LONG_DOG_201+_CONTEXT,QB_ELO,LONG201+,away,460,5.6,12.183689226563995,0.30366228324687394,0.7005087861824939,0,0,-1.0,0.17857142857142858,11.5,fanduel
2022_18_BAL_CIN,2022,18,ML_XGB_DISAGREEMENT,XGB,12+,away,460,5.6,12.934172995229872,0.3111671209335327,0.742535877227783,0,0,-1.0,0.17857142857142858,11.5,fanduel
2022_18_BAL_CIN,2022,18,LONG_DOG_201+_CONTEXT,XGB,LONG201+,away,460,5.6,12.934172995229872,0.3111671209335327,0.742535877227783,0,0,-1.0,0.17857142857142858,11.5,fanduel
2022_18_BAL_CIN,2022,18,ML_AVG_DISAGREEMENT,AVG,12+,away,460,5.6,12.558931110896939,0.3074147020902034,0.7215223317051389,0,0,-1.0,0.17857142857142858,11.5,fanduel
2022_18_BAL_CIN,2022,18,LONG_DOG_201+_CONTEXT,AVG,LONG201+,away,460,5.6,12.558931110896939,0.3074147020902034,0.7215223317051389,0,0,-1.0,0.17857142857142858,11.5,fanduel
2022_18_BAL_CIN,2022,18,ML_CORROBORATED_DISAGREEMENT,CORROB,12+,away,460,5.6,12.558931110896939,0.3074147020902034,0.7215223317051389,0,0,-1.0,0.17857142857142858,11.5,fanduel
2022_18_CAR_NO,2022,18,ML_QBELO_DISAGREEMENT,QB_ELO,4-8,home,-176,1.5681818181818183,6.237611900475304,0.6960663695298824,0.09155862494458855,0,0,-1.0,0.6376811594202898,-3.5,draftkings
2022_18_CAR_NO,2022,18,ML_XGB_DISAGREEMENT,XGB,4-8,away,155,2.55,7.0397389540327096,0.43670713901519775,0.11360320448875427,1,0,1.55,0.3921568627450981,-3.5,draftkings
2022_18_CAR_NO,2022,18,ML_DOG_VALUE_ZONE,XGB,ZONE,away,155,2.55,7.0397389540327096,0.43670713901519775,0.11360320448875427,1,0,1.55,0.3921568627450981,-3.5,draftkings
2022_18_CAR_NO,2022,18,ML_AVG_DISAGREEMENT,AVG,0-2,away,155,2.55,0.4010635267787055,0.3703203847426577,-0.05568301890622285,1,0,1.55,0.3921568627450981,-3.5,draftkings
2022_18_CLE_PIT,2022,18,ML_QBELO_DISAGREEMENT,QB_ELO,2-4,home,-145,1.6896551724137931,2.5849804873622984,0.6109120455375234,0.03223069763236719,1,0,0.689655,0.5918367346938775,2.5,draftkings
2022_18_CLE_PIT,2022,18,ML_XGB_DISAGREEMENT,XGB,4-8,home,-145,1.6896551724137931,6.311585992203705,0.6481781005859375,0.09519748030037722,1,0,0.689655,0.5918367346938775,2.5,draftkings
2022_18_CLE_PIT,2022,18,ML_AVG_DISAGREEMENT,AVG,4-8,home,-145,1.6896551724137931,4.448283239783002,0.6295450730617305,0.0637140889663721,1,0,0.689655,0.5918367346938775,2.5,draftkings
2022_18_CLE_PIT,2022,18,ML_CORROBORATED_DISAGREEMENT,CORROB,4-8,home,-145,1.6896551724137931,4.448283239783002,0.6295450730617305,0.0637140889663721,1,0,0.689655,0.5918367346938775,2.5,draftkings
2022_18_DAL_WAS,2022,18,ML_QBELO_DISAGREEMENT,QB_ELO,0-2,home,275,3.75,1.515224336062021,0.2749246332666073,0.0309673747497774,1,0,2.75,0.26666666666666666,7.5,draftkings
2022_18_DAL_WAS,2022,18,LONG_DOG_201+_CONTEXT,QB_ELO,LONG201+,home,275,3.75,1.515224336062021,0.2749246332666073,0.0309673747497774,1,0,2.75,0.26666666666666666,7.5,draftkings
2022_18_DAL_WAS,2022,18,ML_XGB_DISAGREEMENT,XGB,8-12,home,275,3.75,9.55599846667668,0.3553323745727539,0.33249640464782715,1,0,2.75,0.26666666666666666,7.5,draftkings
2022_18_DAL_WAS,2022,18,LONG_DOG_201+_CONTEXT,XGB,LONG201+,home,275,3.75,9.55599846667668,0.3553323745727539,0.33249640464782715,1,0,2.75,0.26666666666666666,7.5,draftkings
2022_18_DAL_WAS,2022,18,ML_AVG_DISAGREEMENT,AVG,4-8,home,275,3.75,5.5356114013693505,0.3151285039196806,0.18173188969880227,1,0,2.75,0.26666666666666666,7.5,draftkings
2022_18_DAL_WAS,2022,18,LONG_DOG_201+_CONTEXT,AVG,LONG201+,home,275,3.75,5.5356114013693505,0.3151285039196806,0.18173188969880227,1,0,2.75,0.26666666666666666,7.5,draftkings
2022_18_DAL_WAS,2022,18,ML_CORROBORATED_DISAGREEMENT,CORROB,4-8,home,275,3.75,5.5356114013693505,0.3151285039196806,0.18173188969880227,1,0,2.75,0.26666666666666666,7.5,draftkings
2022_18_DET_GB,2022,18,ML_QBELO_DISAGREEMENT,QB_ELO,0-2,home,-245,1.4081632653061225,0.6564880327667333,0.6841991667138398,-0.03653586728051128,0,0,-1.0,0.7101449275362319,5.5,draftkings
2022_18_DET_GB,2022,18,ML_XGB_DISAGREEMENT,XGB,12+,away,220,3.2,21.8317406875293,0.5406831204891205,0.7301859855651855,1,0,2.2,0.3125,5.5,draftkings
2022_18_DET_GB,2022,18,LONG_DOG_201+_CONTEXT,XGB,LONG201+,away,220,3.2,21.8317406875293,0.5406831204891205,0.7301859855651855,1,0,2.2,0.3125,5.5,draftkings
2022_18_DET_GB,2022,18,ML_AVG_DISAGREEMENT,AVG,8-12,away,220,3.2,10.587626327381283,0.4282419768876403,0.37037432604044906,1,0,2.2,0.3125,5.5,draftkings
2022_18_DET_GB,2022,18,LONG_DOG_201+_CONTEXT,AVG,LONG201+,away,220,3.2,10.587626327381283,0.4282419768876403,0.37037432604044906,1,0,2.2,0.3125,5.5,draftkings
2022_18_HOU_IND,2022,18,ML_QBELO_DISAGREEMENT,QB_ELO,8-12,home,-150,1.6666666666666665,10.156397826799068,0.6932432375034342,0.15540539583905688,0,0,-1.0,0.6000000000000001,3.0,draftkings
2022_18_HOU_IND,2022,18,ML_XGB_DISAGREEMENT,XGB,8-12,away,130,2.3,11.765490382391397,0.5259756445884705,0.20974398255348192,1,0,1.3,0.4347826086956522,3.0,draftkings
2022_18_HOU_IND,2022,18,ML_AVG_DISAGREEMENT,AVG,0-2,away,130,2.3,0.8045462777961698,0.4163662035425182,-0.04235773185220826,1,0,1.3,0.4347826086956522,3.0,draftkings
2022_18_HOU_IND,2022,18,ML_DOG_VALUE_ZONE,AVG,ZONE,away,130,2.3,0.8045462777961698,0.4163662035425182,-0.04235773185220826,1,0,1.3,0.4347826086956522,3.0,draftkings
2022_18_KC_LV,2022,18,ML_QBELO_DISAGREEMENT,QB_ELO,2-4,home,340,4.4,3.5477609136581876,0.26425048642431065,0.16270214026696705,0,0,-1.0,0.22727272727272727,8.5,fanduel
2022_18_KC_LV,2022,18,LONG_DOG_201+_CONTEXT,QB_ELO,LONG201+,home,340,4.4,3.5477609136581876,0.26425048642431065,0.16270214026696705,0,0,-1.0,0.22727272727272727,8.5,fanduel
2022_18_KC_LV,2022,18,ML_XGB_DISAGREEMENT,XGB,12+,home,340,4.4,14.009282128824474,0.3688656985759735,0.6230090737342835,0,0,-1.0,0.22727272727272727,8.5,fanduel
2022_18_KC_LV,2022,18,LONG_DOG_201+_CONTEXT,XGB,LONG201+,home,340,4.4,14.009282128824474,0.3688656985759735,0.6230090737342835,0,0,-1.0,0.22727272727272727,8.5,fanduel
2022_18_KC_LV,2022,18,ML_AVG_DISAGREEMENT,AVG,8-12,home,340,4.4,8.778521521241334,0.3165580925001421,0.3928556070006255,0,0,-1.0,0.22727272727272727,8.5,fanduel
2022_18_KC_LV,2022,18,LONG_DOG_201+_CONTEXT,AVG,LONG201+,home,340,4.4,8.778521521241334,0.3165580925001421,0.3928556070006255,0,0,-1.0,0.22727272727272727,8.5,fanduel
2022_18_KC_LV,2022,18,ML_CORROBORATED_DISAGREEMENT,CORROB,8-12,home,340,4.4,8.778521521241334,0.3165580925001421,0.3928556070006255,0,0,-1.0,0.22727272727272727,8.5,fanduel
2022_18_LAC_DEN,2022,18,ML_QBELO_DISAGREEMENT,QB_ELO,12+,away,240,3.4,37.88390150678696,0.6836085276971362,1.324268994170263,0,0,-1.0,0.29411764705882354,6.5,fanduel
2022_18_LAC_DEN,2022,18,LONG_DOG_201+_CONTEXT,QB_ELO,LONG201+,away,240,3.4,37.88390150678696,0.6836085276971362,1.324268994170263,0,0,-1.0,0.29411764705882354,6.5,fanduel
2022_18_LAC_DEN,2022,18,ML_XGB_DISAGREEMENT,XGB,12+,away,240,3.4,30.79311285259763,0.6127006411552429,1.0831821799278258,0,0,-1.0,0.29411764705882354,6.5,fanduel
2022_18_LAC_DEN,2022,18,LONG_DOG_201+_CONTEXT,XGB,LONG201+,away,240,3.4,30.79311285259763,0.6127006411552429,1.0831821799278258,0,0,-1.0,0.29411764705882354,6.5,fanduel
2022_18_LAC_DEN,2022,18,ML_AVG_DISAGREEMENT,AVG,12+,away,240,3.4,34.33850717969229,0.6481545844261896,1.2037255870490444,0,0,-1.0,0.29411764705882354,6.5,fanduel
2022_18_LAC_DEN,2022,18,LONG_DOG_201+_CONTEXT,AVG,LONG201+,away,240,3.4,34.33850717969229,0.6481545844261896,1.2037255870490444,0,0,-1.0,0.29411764705882354,6.5,fanduel
2022_18_LAC_DEN,2022,18,ML_CORROBORATED_DISAGREEMENT,CORROB,12+,away,240,3.4,34.33850717969229,0.6481545844261896,1.2037255870490444,0,0,-1.0,0.29411764705882354,6.5,fanduel
2022_18_LA_SEA,2022,18,ML_QBELO_DISAGREEMENT,QB_ELO,0-2,away,200,3.0,1.059727778654579,0.33736829602117546,0.012104888063526387,0,0,-1.0,0.3333333333333333,5.5,fanduel
2022_18_LA_SEA,2022,18,ML_XGB_DISAGREEMENT,XGB,8-12,away,200,3.0,8.13244011722612,0.40809541940689087,0.2242862582206726,0,0,-1.0,0.3333333333333333,5.5,fanduel
2022_18_LA_SEA,2022,18,ML_DOG_VALUE_ZONE,XGB,ZONE,away,200,3.0,8.13244011722612,0.40809541940689087,0.2242862582206726,0,0,-1.0,0.3333333333333333,5.5,fanduel
2022_18_LA_SEA,2022,18,ML_AVG_DISAGREEMENT,AVG,4-8,away,200,3.0,4.5960839479403495,0.37273185771403317,0.11819557314209961,0,0,-1.0,0.3333333333333333,5.5,fanduel
2022_18_LA_SEA,2022,18,ML_CORROBORATED_DISAGREEMENT,CORROB,4-8,away,200,3.0,4.5960839479403495,0.37273185771403317,0.11819557314209961,0,0,-1.0,0.3333333333333333,5.5,fanduel
2022_18_MIN_CHI,2022,18,ML_QBELO_DISAGREEMENT,QB_ELO,4-8,away,-285,1.3508771929824561,4.318639294202353,0.7520529449436646,0.015931171239687236,1,0,0.350877,0.7402597402597403,7.0,fanduel
2022_18_MIN_CHI,2022,18,ML_XGB_DISAGREEMENT,XGB,8-12,home,240,3.4,9.545199621360096,0.38658544421195984,0.31439051032066345,0,0,-1.0,0.29411764705882354,7.0,fanduel
2022_18_MIN_CHI,2022,18,LONG_DOG_201+_CONTEXT,XGB,LONG201+,home,240,3.4,9.545199621360096,0.38658544421195984,0.31439051032066345,0,0,-1.0,0.29411764705882354,7.0,fanduel
2022_18_MIN_CHI,2022,18,ML_AVG_DISAGREEMENT,AVG,2-4,home,240,3.4,2.6132801635788736,0.3172662496341476,0.07870524875610196,0,0,-1.0,0.29411764705882354,7.0,fanduel
2022_18_MIN_CHI,2022,18,LONG_DOG_201+_CONTEXT,AVG,LONG201+,home,240,3.4,2.6132801635788736,0.3172662496341476,0.07870524875610196,0,0,-1.0,0.29411764705882354,7.0,fanduel
2022_18_NE_BUF,2022,18,ML_QBELO_DISAGREEMENT,QB_ELO,4-8,home,-360,1.2777777777777777,4.449706879181425,0.8037602046511402,0.027026928165345687,1,0,0.277778,0.782608695652174,8.5,fanduel
2022_18_NE_BUF,2022,18,ML_XGB_DISAGREEMENT,XGB,4-8,away,315,4.15,6.111047453577855,0.30184733867645264,0.2526664555072786,0,0,-1.0,0.24096385542168672,8.5,fanduel
2022_18_NE_BUF,2022,18,LONG_DOG_201+_CONTEXT,XGB,LONG201+,away,315,4.15,6.111047453577855,0.30184733867645264,0.2526664555072786,0,0,-1.0,0.24096385542168672,8.5,fanduel
2022_18_NE_BUF,2022,18,ML_AVG_DISAGREEMENT,AVG,0-2,away,315,4.15,0.8306702871982208,0.2490435670126563,0.033530803102523654,0,0,-1.0,0.24096385542168672,8.5,fanduel
2022_18_NE_BUF,2022,18,LONG_DOG_201+_CONTEXT,AVG,LONG201+,away,315,4.15,0.8306702871982208,0.2490435670126563,0.033530803102523654,0,0,-1.0,0.24096385542168672,8.5,fanduel
2022_18_NYG_PHI,2022,18,ML_QBELO_DISAGREEMENT,QB_ELO,12+,away,900,10.0,16.38472496642236,0.26504948434121045,1.6504948434121047,0,0,-1.0,0.1,16.5,fanduel
2022_18_NYG_PHI,2022,18,LONG_DOG_201+_CONTEXT,QB_ELO,LONG201+,away,900,10.0,16.38472496642236,0.26504948434121045,1.6504948434121047,0,0,-1.0,0.1,16.5,fanduel
2022_18_NYG_PHI,2022,18,ML_XGB_DISAGREEMENT,XGB,12+,away,900,10.0,26.066745812544234,0.3618696928024292,2.618696928024292,0,0,-1.0,0.1,16.5,fanduel
2022_18_NYG_PHI,2022,18,LONG_DOG_201+_CONTEXT,XGB,LONG201+,away,900,10.0,26.066745812544234,0.3618696928024292,2.618696928024292,0,0,-1.0,0.1,16.5,fanduel
2022_18_NYG_PHI,2022,18,ML_AVG_DISAGREEMENT,AVG,12+,away,900,10.0,21.2257353894833,0.3134595885718199,2.134595885718199,0,0,-1.0,0.1,16.5,fanduel
2022_18_NYG_PHI,2022,18,LONG_DOG_201+_CONTEXT,AVG,LONG201+,away,900,10.0,21.2257353894833,0.3134595885718199,2.134595885718199,0,0,-1.0,0.1,16.5,fanduel
2022_18_NYG_PHI,2022,18,ML_CORROBORATED_DISAGREEMENT,CORROB,12+,away,900,10.0,21.2257353894833,0.3134595885718199,2.134595885718199,0,0,-1.0,0.1,16.5,fanduel
2022_18_NYJ_MIA,2022,18,ML_QBELO_DISAGREEMENT,QB_ELO,4-8,home,-194,1.5154639175257731,5.437598442974623,0.6936470889295603,0.05119713476953969,1,0,0.515464,0.6598639455782314,-3.5,draftkings
2022_18_NYJ_MIA,2022,18,ML_XGB_DISAGREEMENT,XGB,0-2,home,-194,1.5154639175257731,0.12253878860501999,0.6404964923858643,-0.02935067648740164,1,0,0.515464,0.6598639455782314,-3.5,draftkings
2022_18_NYJ_MIA,2022,18,ML_AVG_DISAGREEMENT,AVG,2-4,home,-194,1.5154639175257731,2.7800686157898213,0.6670717906577123,0.010923229141069024,1,0,0.515464,0.6598639455782314,-3.5,draftkings
2022_18_NYJ_MIA,2022,18,ML_CORROBORATED_DISAGREEMENT,CORROB,2-4,home,-194,1.5154639175257731,2.7800686157898213,0.6670717906577123,0.010923229141069024,1,0,0.515464,0.6598639455782314,-3.5,draftkings
2022_18_TB_ATL,2022,18,ML_QBELO_DISAGREEMENT,QB_ELO,12+,away,200,3.0,28.16801680031491,0.6221150461054992,0.8663451383164975,0,0,-1.0,0.3333333333333333,5.5,draftkings
2022_18_TB_ATL,2022,18,ML_XGB_DISAGREEMENT,XGB,12+,away,200,3.0,21.472439266104715,0.5551592707633972,0.6654778122901917,0,0,-1.0,0.3333333333333333,5.5,draftkings
2022_18_TB_ATL,2022,18,ML_AVG_DISAGREEMENT,AVG,12+,away,200,3.0,24.820228033209812,0.5886371584344482,0.7659114753033447,0,0,-1.0,0.3333333333333333,5.5,draftkings
2022_18_TB_ATL,2022,18,ML_CORROBORATED_DISAGREEMENT,CORROB,12+,away,200,3.0,24.820228033209812,0.5886371584344482,0.7659114753033447,0,0,-1.0,0.3333333333333333,5.5,draftkings
2022_18_TEN_JAX,2022,18,ML_QBELO_DISAGREEMENT,QB_ELO,12+,away,230,3.3,16.876354618946017,0.45562527883432535,0.5035634201532735,0,0,-1.0,0.30303030303030304,-6.0,draftkings
2022_18_TEN_JAX,2022,18,LONG_DOG_201+_CONTEXT,QB_ELO,LONG201+,away,230,3.3,16.876354618946017,0.45562527883432535,0.5035634201532735,0,0,-1.0,0.30303030303030304,-6.0,draftkings
2022_18_TEN_JAX,2022,18,ML_XGB_DISAGREEMENT,XGB,0-2,home,-265,1.3773584905660377,0.9674981279203632,0.7228132486343384,-0.004427034899873616,1,0,0.377358,0.726027397260274,-6.0,draftkings
2022_18_TEN_JAX,2022,18,ML_AVG_DISAGREEMENT,AVG,4-8,away,230,3.3,7.954428245512829,0.3664060150999935,0.20913984982997835,0,0,-1.0,0.30303030303030304,-6.0,draftkings
2022_18_TEN_JAX,2022,18,LONG_DOG_201+_CONTEXT,AVG,LONG201+,away,230,3.3,7.954428245512829,0.3664060150999935,0.20913984982997835,0,0,-1.0,0.30303030303030304,-6.0,draftkings
2022_19_BAL_CIN,2022,19,ML_QBELO_DISAGREEMENT,QB_ELO,4-8,away,350,4.5,4.185074508403563,0.26801429704213586,0.20606433668961133,0,0,-1.0,0.2222222222222222,8.5,draftkings
2022_19_BAL_CIN,2022,19,LONG_DOG_201+_CONTEXT,QB_ELO,LONG201+,away,350,4.5,4.185074508403563,0.26801429704213586,0.20606433668961133,0,0,-1.0,0.2222222222222222,8.5,draftkings
2022_19_BAL_CIN,2022,19,ML_XGB_DISAGREEMENT,XGB,0-2,home,-430,1.2325581395348837,1.3901636751191049,0.7877380847930908,-0.029067011766655493,1,0,0.232558,0.8113207547169812,8.5,draftkings
2022_19_BAL_CIN,2022,19,ML_AVG_DISAGREEMENT,AVG,0-2,away,350,4.5,1.3974554166422237,0.24013810612452247,0.0806214775603511,0,0,-1.0,0.2222222222222222,8.5,draftkings
2022_19_BAL_CIN,2022,19,LONG_DOG_201+_CONTEXT,AVG,LONG201+,away,350,4.5,1.3974554166422237,0.24013810612452247,0.0806214775603511,0,0,-1.0,0.2222222222222222,8.5,draftkings
2022_19_DAL_TB,2022,19,ML_QBELO_DISAGREEMENT,QB_ELO,2-4,away,-145,1.6896551724137931,2.7645874355973543,0.5918879865866127,0.00008659802565591512,1,0,0.689655,0.5918367346938775,3.0,fanduel
2022_19_DAL_TB,2022,19,ML_XGB_DISAGREEMENT,XGB,12+,away,-145,1.6896551724137931,15.0408012080808,0.7146501243114471,0.20751227900899694,1,0,0.689655,0.5918367346938775,3.0,fanduel
2022_19_DAL_TB,2022,19,ML_AVG_DISAGREEMENT,AVG,8-12,away,-145,1.6896551724137931,8.902694321839078,0.6532690554490299,0.10379943851732643,1,0,0.689655,0.5918367346938775,3.0,fanduel
2022_19_DAL_TB,2022,19,ML_CORROBORATED_DISAGREEMENT,CORROB,8-12,away,-145,1.6896551724137931,8.902694321839078,0.6532690554490299,0.10379943851732643,1,0,0.689655,0.5918367346938775,3.0,fanduel
2022_19_LAC_JAX,2022,19,ML_QBELO_DISAGREEMENT,QB_ELO,4-8,home,116,2.16,5.899523026685882,0.508958879491703,0.09935117970207874,1,0,1.16,0.4629629629629629,2.5,draftkings
2022_19_LAC_JAX,2022,19,ML_XGB_DISAGREEMENT,XGB,8-12,home,116,2.16,9.799985079804397,0.5479635000228882,0.1836011600494385,1,0,1.16,0.4629629629629629,2.5,draftkings
2022_19_LAC_JAX,2022,19,ML_AVG_DISAGREEMENT,AVG,4-8,home,116,2.16,7.849754053245139,0.5284611897572956,0.1414761698757585,1,0,1.16,0.4629629629629629,2.5,draftkings
2022_19_LAC_JAX,2022,19,ML_CORROBORATED_DISAGREEMENT,CORROB,4-8,home,116,2.16,7.849754053245139,0.5284611897572956,0.1414761698757585,1,0,1.16,0.4629629629629629,2.5,draftkings
2022_19_MIA_BUF,2022,19,ML_QBELO_DISAGREEMENT,QB_ELO,4-8,away,650,7.5,4.396294332304612,0.17355143374936577,0.30163575312024316,0,0,-1.0,0.13333333333333333,14.0,draftkings
2022_19_MIA_BUF,2022,19,LONG_DOG_201+_CONTEXT,QB_ELO,LONG201+,away,650,7.5,4.396294332304612,0.17355143374936577,0.30163575312024316,0,0,-1.0,0.13333333333333333,14.0,draftkings
2022_19_MIA_BUF,2022,19,ML_XGB_DISAGREEMENT,XGB,12+,away,650,7.5,12.956416040681024,0.2591526508331299,0.9436448812484741,0,0,-1.0,0.13333333333333333,14.0,draftkings
2022_19_MIA_BUF,2022,19,LONG_DOG_201+_CONTEXT,XGB,LONG201+,away,650,7.5,12.956416040681024,0.2591526508331299,0.9436448812484741,0,0,-1.0,0.13333333333333333,14.0,draftkings
2022_19_MIA_BUF,2022,19,ML_AVG_DISAGREEMENT,AVG,8-12,away,650,7.5,8.676355186492819,0.21635204229124783,0.6226403171843586,0,0,-1.0,0.13333333333333333,14.0,draftkings
2022_19_MIA_BUF,2022,19,LONG_DOG_201+_CONTEXT,AVG,LONG201+,away,650,7.5,8.676355186492819,0.21635204229124783,0.6226403171843586,0,0,-1.0,0.13333333333333333,14.0,draftkings
2022_19_MIA_BUF,2022,19,ML_CORROBORATED_DISAGREEMENT,CORROB,8-12,away,650,7.5,8.676355186492819,0.21635204229124783,0.6226403171843586,0,0,-1.0,0.13333333333333333,14.0,draftkings
2022_19_NYG_MIN,2022,19,ML_QBELO_DISAGREEMENT,QB_ELO,12+,home,-150,1.6666666666666665,15.86005821111991,0.7326360265692775,0.2210600442821291,0,0,-1.0,0.6000000000000001,3.0,draftkings
2022_19_NYG_MIN,2022,19,ML_XGB_DISAGREEMENT,XGB,12+,home,-150,1.6666666666666665,13.470031956856342,0.7087357640266418,0.18122627337773634,0,0,-1.0,0.6000000000000001,3.0,draftkings
2022_19_NYG_MIN,2022,19,ML_AVG_DISAGREEMENT,AVG,12+,home,-150,1.6666666666666665,14.665045083988126,0.7206858952979597,0.2011431588299326,0,0,-1.0,0.6000000000000001,3.0,draftkings
2022_19_NYG_MIN,2022,19,ML_CORROBORATED_DISAGREEMENT,CORROB,12+,home,-150,1.6666666666666665,14.665045083988126,0.7206858952979597,0.2011431588299326,0,0,-1.0,0.6000000000000001,3.0,draftkings
2022_19_SEA_SF,2022,19,ML_QBELO_DISAGREEMENT,QB_ELO,0-2,away,385,4.85,1.0738118024738397,0.21970322123733632,0.06556062300108101,0,0,-1.0,0.2061855670103093,9.5,draftkings
2022_19_SEA_SF,2022,19,LONG_DOG_201+_CONTEXT,QB_ELO,LONG201+,away,385,4.85,1.0738118024738397,0.21970322123733632,0.06556062300108101,0,0,-1.0,0.2061855670103093,9.5,draftkings
2022_19_SEA_SF,2022,19,ML_XGB_DISAGREEMENT,XGB,4-8,away,385,4.85,6.911881726622288,0.2780839204788208,0.3487070143222808,0,0,-1.0,0.2061855670103093,9.5,draftkings
2022_19_SEA_SF,2022,19,LONG_DOG_201+_CONTEXT,XGB,LONG201+,away,385,4.85,6.911881726622288,0.2780839204788208,0.3487070143222808,0,0,-1.0,0.2061855670103093,9.5,draftkings
2022_19_SEA_SF,2022,19,ML_AVG_DISAGREEMENT,AVG,2-4,away,385,4.85,3.9928467645480694,0.24889357085807862,0.20713381866168112,0,0,-1.0,0.2061855670103093,9.5,draftkings
2022_19_SEA_SF,2022,19,LONG_DOG_201+_CONTEXT,AVG,LONG201+,away,385,4.85,3.9928467645480694,0.24889357085807862,0.20713381866168112,0,0,-1.0,0.2061855670103093,9.5,draftkings
2022_19_SEA_SF,2022,19,ML_CORROBORATED_DISAGREEMENT,CORROB,2-4,away,385,4.85,3.9928467645480694,0.24889357085807862,0.20713381866168112,0,0,-1.0,0.2061855670103093,9.5,draftkings
2022_20_CIN_BUF,2022,20,ML_QBELO_DISAGREEMENT,QB_ELO,4-8,away,205,3.05,5.746991119845718,0.3624808044446446,0.105566453556166,1,0,2.05,0.3278688524590164,5.5,draftkings
2022_20_CIN_BUF,2022,20,LONG_DOG_201+_CONTEXT,QB_ELO,LONG201+,away,205,3.05,5.746991119845718,0.3624808044446446,0.105566453556166,1,0,2.05,0.3278688524590164,5.5,draftkings
2022_20_CIN_BUF,2022,20,ML_XGB_DISAGREEMENT,XGB,12+,away,205,3.05,15.492739448879794,0.45993828773498535,0.4028117775917053,1,0,2.05,0.3278688524590164,5.5,draftkings
2022_20_CIN_BUF,2022,20,LONG_DOG_201+_CONTEXT,XGB,LONG201+,away,205,3.05,15.492739448879794,0.45993828773498535,0.4028117775917053,1,0,2.05,0.3278688524590164,5.5,draftkings
2022_20_CIN_BUF,2022,20,ML_AVG_DISAGREEMENT,AVG,8-12,away,205,3.05,10.619865284362756,0.41120954608981497,0.25418911557393553,1,0,2.05,0.3278688524590164,5.5,draftkings
2022_20_CIN_BUF,2022,20,LONG_DOG_201+_CONTEXT,AVG,LONG201+,away,205,3.05,10.619865284362756,0.41120954608981497,0.25418911557393553,1,0,2.05,0.3278688524590164,5.5,draftkings
2022_20_CIN_BUF,2022,20,ML_CORROBORATED_DISAGREEMENT,CORROB,8-12,away,205,3.05,10.619865284362756,0.41120954608981497,0.25418911557393553,1,0,2.05,0.3278688524590164,5.5,draftkings
2022_20_DAL_SF,2022,20,ML_QBELO_DISAGREEMENT,QB_ELO,0-2,home,-195,1.5128205128205128,0.2174598003135464,0.6540879221156297,-0.010482374235329384,1,0,0.512821,0.6610169491525424,-3.5,draftkings
2022_20_DAL_SF,2022,20,ML_XGB_DISAGREEMENT,XGB,12+,away,172,2.7199999999999998,17.65776069112613,0.5246642827987671,0.4270868492126463,0,0,-1.0,0.36764705882352944,-3.5,draftkings
2022_20_DAL_SF,2022,20,ML_AVG_DISAGREEMENT,AVG,8-12,away,172,2.7199999999999998,8.720150445406288,0.4352881803415687,0.18398385052906674,0,0,-1.0,0.36764705882352944,-3.5,draftkings
2022_20_DAL_SF,2022,20,ML_DOG_VALUE_ZONE,AVG,ZONE,away,172,2.7199999999999998,8.720150445406288,0.4352881803415687,0.18398385052906674,0,0,-1.0,0.36764705882352944,-3.5,draftkings
2022_20_JAX_KC,2022,20,ML_QBELO_DISAGREEMENT,QB_ELO,4-8,home,-500,1.2,4.70488406510049,0.8398372731030588,0.007804727723670579,1,0,0.2,0.8333333333333334,9.5,draftkings
2022_20_JAX_KC,2022,20,ML_XGB_DISAGREEMENT,XGB,12+,away,400,5.0,21.142648300823684,0.41863805055618286,1.0931902527809143,0,0,-1.0,0.2,9.5,draftkings
2022_20_JAX_KC,2022,20,LONG_DOG_201+_CONTEXT,XGB,LONG201+,away,400,5.0,21.142648300823684,0.41863805055618286,1.0931902527809143,0,0,-1.0,0.2,9.5,draftkings
2022_20_JAX_KC,2022,20,ML_AVG_DISAGREEMENT,AVG,8-12,away,400,5.0,8.2188821178616,0.28940038872656204,0.4470019436328103,0,0,-1.0,0.2,9.5,draftkings
2022_20_JAX_KC,2022,20,LONG_DOG_201+_CONTEXT,AVG,LONG201+,away,400,5.0,8.2188821178616,0.28940038872656204,0.4470019436328103,0,0,-1.0,0.2,9.5,draftkings
2022_20_NYG_PHI,2022,20,ML_QBELO_DISAGREEMENT,QB_ELO,0-2,away,300,4.0,1.432609635381904,0.2493437226757932,-0.002625109296827244,0,0,-1.0,0.25,8.0,draftkings
2022_20_NYG_PHI,2022,20,LONG_DOG_201+_CONTEXT,QB_ELO,LONG201+,away,300,4.0,1.432609635381904,0.2493437226757932,-0.002625109296827244,0,0,-1.0,0.25,8.0,draftkings
2022_20_NYG_PHI,2022,20,ML_XGB_DISAGREEMENT,XGB,8-12,away,300,4.0,9.266612049275363,0.3276837468147278,0.31073498725891113,0,0,-1.0,0.25,8.0,draftkings
2022_20_NYG_PHI,2022,20,LONG_DOG_201+_CONTEXT,XGB,LONG201+,away,300,4.0,9.266612049275363,0.3276837468147278,0.31073498725891113,0,0,-1.0,0.25,8.0,draftkings
2022_20_NYG_PHI,2022,20,ML_AVG_DISAGREEMENT,AVG,4-8,away,300,4.0,5.349610842328628,0.28851373474526043,0.15405493898104172,0,0,-1.0,0.25,8.0,draftkings
2022_20_NYG_PHI,2022,20,LONG_DOG_201+_CONTEXT,AVG,LONG201+,away,300,4.0,5.349610842328628,0.28851373474526043,0.15405493898104172,0,0,-1.0,0.25,8.0,draftkings
2022_20_NYG_PHI,2022,20,ML_CORROBORATED_DISAGREEMENT,CORROB,4-8,away,300,4.0,5.349610842328628,0.28851373474526043,0.15405493898104172,0,0,-1.0,0.25,8.0,draftkings
2022_21_CIN_KC,2022,21,ML_QBELO_DISAGREEMENT,QB_ELO,8-12,home,-125,1.8,8.785538900134737,0.6339007844618013,0.1410214120312423,1,0,0.8,0.5555555555555556,1.5,draftkings
2022_21_SF_PHI,2022,21,ML_QBELO_DISAGREEMENT,QB_ELO,12+,away,132,2.3200000000000003,12.35957058639307,0.5425877501040623,0.2588035802414248,0,0,-1.0,0.43103448275862066,2.5,draftkings
2022_22_KC_PHI,2022,22,ML_QBELO_DISAGREEMENT,QB_ELO,12+,away,100,2.0,17.844478062709186,0.6566476276021808,0.3132952552043615,1,0,1.0,0.5,-1.5,fanduel
2020_01_ARI_SF,2020,01,SPREAD_DISAGREEMENT,EXPECTED_MARGIN,2-3,away,-105,1.9523809523809523,2.992519480685619,,,1,0,0.952381,0.5121951219512195,6.5,fanduel
2020_01_CHI_DET,2020,01,SPREAD_DISAGREEMENT,EXPECTED_MARGIN,2-3,away,-110,1.9090909090909092,2.820884347728736,,,1,0,0.909091,0.5238095238095238,2.5,fanduel
2020_01_CLE_BAL,2020,01,SPREAD_DISAGREEMENT,EXPECTED_MARGIN,4+,away,-110,1.9090909090909092,4.861108583009223,,,0,0,-1.0,0.5238095238095238,7.5,draftkings
2020_01_DAL_LA,2020,01,SPREAD_DISAGREEMENT,EXPECTED_MARGIN,3-4,away,-115,1.8695652173913042,3.570177628505956,,,0,0,-1.0,0.5348837209302326,1.5,fanduel
2020_01_GB_MIN,2020,01,SPREAD_DISAGREEMENT,EXPECTED_MARGIN,1-2,away,-115,1.8695652173913042,1.072429333525573,,,1,0,0.869565,0.5348837209302326,2.5,draftkings
2020_01_HOU_KC,2020,01,SPREAD_DISAGREEMENT,EXPECTED_MARGIN,1-2,home,-115,1.8695652173913042,1.936359108264785,,,1,0,0.869565,0.5348837209302326,-9.0,fanduel
2020_01_IND_JAX,2020,01,SPREAD_DISAGREEMENT,EXPECTED_MARGIN,4+,home,-110,1.9090909090909092,9.340413361880003,,,1,0,0.909091,0.5238095238095238,8.0,draftkings
2020_01_LAC_CIN,2020,01,SPREAD_DISAGREEMENT,EXPECTED_MARGIN,4+,home,-118,1.847457627118644,4.4153661934729165,,,0,1,0.0,0.5412844036697247,3.0,draftkings
2020_01_LV_CAR,2020,01,SPREAD_DISAGREEMENT,EXPECTED_MARGIN,0-1,away,-103,1.970873786407767,0.7546448021590138,,,1,0,0.970874,0.5073891625615764,-3.0,draftkings
2020_01_MIA_NE,2020,01,SPREAD_DISAGREEMENT,EXPECTED_MARGIN,4+,away,-105,1.9523809523809523,7.0684414721067945,,,0,0,-1.0,0.5121951219512195,7.0,fanduel
2020_01_NYJ_BUF,2020,01,SPREAD_DISAGREEMENT,EXPECTED_MARGIN,4+,away,-102,1.9803921568627452,7.604098461581966,,,0,0,-1.0,0.504950495049505,6.5,draftkings
2020_01_PHI_WAS,2020,01,SPREAD_DISAGREEMENT,EXPECTED_MARGIN,2-3,home,-110,1.9090909090909092,2.0769296188540736,,,1,0,0.909091,0.5238095238095238,6.0,draftkings
2020_01_PIT_NYG,2020,01,SPREAD_DISAGREEMENT,EXPECTED_MARGIN,4+,home,-110,1.9090909090909092,7.299120805250116,,,0,0,-1.0,0.5238095238095238,6.0,draftkings
2020_01_SEA_ATL,2020,01,SPREAD_DISAGREEMENT,EXPECTED_MARGIN,0-1,home,-108,1.925925925925926,0.5736300652201791,,,0,0,-1.0,0.5192307692307692,-1.0,draftkings
2020_01_TB_NO,2020,01,SPREAD_DISAGREEMENT,EXPECTED_MARGIN,0-1,away,-106,1.9433962264150944,0.47551698691916755,,,0,0,-1.0,0.5145631067961165,3.5,draftkings
2020_01_TEN_DEN,2020,01,SPREAD_DISAGREEMENT,EXPECTED_MARGIN,0-1,home,100,2.0,0.07307498619979214,,,1,0,1.0,0.5,3.0,fanduel
2020_02_ATL_DAL,2020,02,SPREAD_DISAGREEMENT,EXPECTED_MARGIN,1-2,home,-105,1.9523809523809523,1.4725772961257135,,,0,0,-1.0,0.5121951219512195,-3.0,draftkings
2020_02_BAL_HOU,2020,02,SPREAD_DISAGREEMENT,EXPECTED_MARGIN,3-4,home,-110,1.9090909090909092,3.049922196618766,,,0,0,-1.0,0.5238095238095238,7.5,draftkings
2020_02_BUF_MIA,2020,02,SPREAD_DISAGREEMENT,EXPECTED_MARGIN,4+,home,-110,1.9090909090909092,5.003436953572848,,,1,0,0.909091,0.5238095238095238,5.5,draftkings
2020_02_CAR_TB,2020,02,SPREAD_DISAGREEMENT,EXPECTED_MARGIN,4+,away,-110,1.9090909090909092,6.773864051144475,,,0,0,-1.0,0.5238095238095238,8.5,draftkings
2020_02_CIN_CLE,2020,02,SPREAD_DISAGREEMENT,EXPECTED_MARGIN,4+,away,-110,1.9090909090909092,7.876311454614161,,,1,0,0.909091,0.5238095238095238,6.0,draftkings
2020_02_DEN_PIT,2020,02,SPREAD_DISAGREEMENT,EXPECTED_MARGIN,4+,away,-110,1.9090909090909092,4.712624888345626,,,1,0,0.909091,0.5238095238095238,6.5,fanduel
2020_02_DET_GB,2020,02,SPREAD_DISAGREEMENT,EXPECTED_MARGIN,3-4,away,-110,1.9090909090909092,3.3180941560664614,,,0,0,-1.0,0.5238095238095238,6.5,fanduel
2020_02_JAX_TEN,2020,02,SPREAD_DISAGREEMENT,EXPECTED_MARGIN,3-4,away,-111,1.900900900900901,3.7607361823568546,,,1,0,0.900901,0.5260663507109005,7.5,draftkings
2020_02_KC_LAC,2020,02,SPREAD_DISAGREEMENT,EXPECTED_MARGIN,4+,home,-110,1.9090909090909092,4.687194405660865,,,1,0,0.909091,0.5238095238095238,8.5,draftkings
2020_02_LA_PHI,2020,02,SPREAD_DISAGREEMENT,EXPECTED_MARGIN,1-2,away,-105,1.9523809523809523,1.7428502882167543,,,1,0,0.952381,0.5121951219512195,1.5,fanduel
2020_02_MIN_IND,2020,02,SPREAD_DISAGREEMENT,EXPECTED_MARGIN,1-2,away,-115,1.8695652173913042,1.9745205497359954,,,0,0,-1.0,0.5348837209302326,3.5,fanduel
2020_02_NE_SEA,2020,02,SPREAD_DISAGREEMENT,EXPECTED_MARGIN,1-2,away,-110,1.9090909090909092,1.8794235846858953,,,0,0,-1.0,0.5238095238095238,4.0,draftkings
2020_02_NO_LV,2020,02,SPREAD_DISAGREEMENT,EXPECTED_MARGIN,2-3,home,-110,1.9090909090909092,2.7885535089067766,,,1,0,0.909091,0.5238095238095238,4.0,draftkings
2020_02_NYG_CHI,2020,02,SPREAD_DISAGREEMENT,EXPECTED_MARGIN,1-2,away,-110,1.9090909090909092,1.8895983886145942,,,1,0,0.909091,0.5238095238095238,5.5,draftkings
2020_02_SF_NYJ,2020,02,SPREAD_DISAGREEMENT,EXPECTED_MARGIN,4+,home,-110,1.9090909090909092,6.135598466068419,,,0,0,-1.0,0.5238095238095238,7.0,draftkings
2020_02_WAS_ARI,2020,02,SPREAD_DISAGREEMENT,EXPECTED_MARGIN,4+,away,-105,1.9523809523809523,4.673203827318236,,,0,0,-1.0,0.5121951219512195,7.0,fanduel
2020_03_CAR_LAC,2020,03,SPREAD_DISAGREEMENT,EXPECTED_MARGIN,2-3,away,-110,1.9090909090909092,2.312730182959669,,,1,0,0.909091,0.5238095238095238,6.5,draftkings
2020_03_CHI_ATL,2020,03,SPREAD_DISAGREEMENT,EXPECTED_MARGIN,1-2,away,-105,1.9523809523809523,1.5545184347098555,,,1,0,0.952381,0.5121951219512195,2.5,fanduel
2020_03_CIN_PHI,2020,03,SPREAD_DISAGREEMENT,EXPECTED_MARGIN,4+,away,-114,1.8771929824561404,6.2396991085382965,,,1,0,0.877193,0.5327102803738317,6.0,draftkings
2020_03_DAL_SEA,2020,03,SPREAD_DISAGREEMENT,EXPECTED_MARGIN,3-4,away,-110,1.9090909090909092,3.0508263124233395,,,0,0,-1.0,0.5238095238095238,5.5,fanduel
2020_03_DET_ARI,2020,03,SPREAD_DISAGREEMENT,EXPECTED_MARGIN,2-3,home,-110,1.9090909090909092,2.0653560233662382,,,0,0,-1.0,0.5238095238095238,-5.0,draftkings
2020_03_GB_NO,2020,03,SPREAD_DISAGREEMENT,EXPECTED_MARGIN,3-4,away,-110,1.9090909090909092,3.7657109706484846,,,1,0,0.909091,0.5238095238095238,3.5,fanduel
2020_03_HOU_PIT,2020,03,SPREAD_DISAGREEMENT,EXPECTED_MARGIN,1-2,home,-105,1.9523809523809523,1.9860690841909268,,,1,0,0.952381,0.5121951219512195,-3.5,fanduel
2020_03_KC_BAL,2020,03,SPREAD_DISAGREEMENT,EXPECTED_MARGIN,1-2,away,-114,1.8771929824561404,1.7218190623948395,,,1,0,0.877193,0.5327102803738317,3.5,draftkings
2020_03_LA_BUF,2020,03,SPREAD_DISAGREEMENT,EXPECTED_MARGIN,2-3,away,-112,1.8928571428571428,2.132646236410288,,,0,0,-1.0,0.5283018867924528,2.0,draftkings
2020_03_LV_NE,2020,03,SPREAD_DISAGREEMENT,EXPECTED_MARGIN,4+,away,-110,1.9090909090909092,6.830092482356513,,,0,0,-1.0,0.5238095238095238,7.0,draftkings
2020_03_MIA_JAX,2020,03,SPREAD_DISAGREEMENT,EXPECTED_MARGIN,0-1,home,-119,1.8403361344537816,0.34665123953094223,,,0,0,-1.0,0.5433789954337899,-2.5,draftkings
2020_03_NYJ_IND,2020,03,SPREAD_DISAGREEMENT,EXPECTED_MARGIN,4+,away,-110,1.9090909090909092,6.25429337843504,,,0,0,-1.0,0.5238095238095238,12.0,draftkings
2020_03_SF_NYG,2020,03,SPREAD_DISAGREEMENT,EXPECTED_MARGIN,0-1,home,-102,1.9803921568627452,0.10424625926813391,,,0,0,-1.0,0.504950495049505,3.0,draftkings
2020_03_TB_DEN,2020,03,SPREAD_DISAGREEMENT,EXPECTED_MARGIN,4+,home,-110,1.9090909090909092,6.4601089483053755,,,0,0,-1.0,0.5238095238095238,5.5,draftkings
2020_03_TEN_MIN,2020,03,SPREAD_DISAGREEMENT,EXPECTED_MARGIN,0-1,home,-120,1.8333333333333335,0.38649853091196107,,,1,0,0.833333,0.5454545454545454,3.0,fanduel
2020_03_WAS_CLE,2020,03,SPREAD_DISAGREEMENT,EXPECTED_MARGIN,4+,away,-115,1.8695652173913042,4.893624139595044,,,0,0,-1.0,0.5348837209302326,7.5,fanduel
2020_04_ARI_CAR,2020,04,SPREAD_DISAGREEMENT,EXPECTED_MARGIN,1-2,home,-110,1.9090909090909092,1.8483550483731293,,,1,0,0.909091,0.5238095238095238,3.0,draftkings
2020_04_ATL_GB,2020,04,SPREAD_DISAGREEMENT,EXPECTED_MARGIN,1-2,away,-114,1.8771929824561404,1.9058515539230427,,,0,0,-1.0,0.5327102803738317,6.0,draftkings
2020_04_BAL_WAS,2020,04,SPREAD_DISAGREEMENT,EXPECTED_MARGIN,4+,home,-110,1.9090909090909092,11.234471009789974,,,0,1,0.0,0.5238095238095238,14.0,draftkings
2020_04_BUF_LV,2020,04,SPREAD_DISAGREEMENT,EXPECTED_MARGIN,1-2,home,-114,1.8771929824561404,1.6543717446160215,,,0,0,-1.0,0.5327102803738317,3.5,draftkings
2020_04_CLE_DAL,2020,04,SPREAD_DISAGREEMENT,EXPECTED_MARGIN,4+,away,-118,1.847457627118644,4.259781856914675,,,1,0,0.847458,0.5412844036697247,4.0,draftkings
2020_04_DEN_NYJ,2020,04,SPREAD_DISAGREEMENT,EXPECTED_MARGIN,0-1,away,-110,1.9090909090909092,0.6048221447356994,,,1,0,0.909091,0.5238095238095238,1.0,fanduel
2020_04_IND_CHI,2020,04,SPREAD_DISAGREEMENT,EXPECTED_MARGIN,0-1,away,-105,1.9523809523809523,0.014893604519546244,,,1,0,0.952381,0.5121951219512195,-3.5,fanduel
2020_04_JAX_CIN,2020,04,SPREAD_DISAGREEMENT,EXPECTED_MARGIN,1-2,home,-105,1.9523809523809523,1.1907750258759862,,,1,0,0.952381,0.5121951219512195,-1.5,fanduel
2020_04_LAC_TB,2020,04,SPREAD_DISAGREEMENT,EXPECTED_MARGIN,3-4,away,-118,1.847457627118644,3.502557385117157,,,1,0,0.847458,0.5412844036697247,7.5,draftkings
2020_04_MIN_HOU,2020,04,SPREAD_DISAGREEMENT,EXPECTED_MARGIN,4+,away,-114,1.8771929824561404,4.117868530534285,,,1,0,0.877193,0.5327102803738317,3.5,draftkings
2020_04_NE_KC,2020,04,SPREAD_DISAGREEMENT,EXPECTED_MARGIN,4+,away,-110,1.9090909090909092,9.146202140963837,,,0,0,-1.0,0.5238095238095238,11.5,fanduel
2020_04_NO_DET,2020,04,SPREAD_DISAGREEMENT,EXPECTED_MARGIN,3-4,home,-115,1.8695652173913042,3.0635662852019827,,,0,0,-1.0,0.5348837209302326,3.0,fanduel
2020_04_NYG_LA,2020,04,SPREAD_DISAGREEMENT,EXPECTED_MARGIN,4+,away,-105,1.9523809523809523,7.6350077158481575,,,1,0,0.952381,0.5121951219512195,13.5,fanduel
2020_04_PHI_SF,2020,04,SPREAD_DISAGREEMENT,EXPECTED_MARGIN,2-3,away,-110,1.9090909090909092,2.2517304734514845,,,1,0,0.909091,0.5238095238095238,9.0,draftkings
2020_04_SEA_MIA,2020,04,SPREAD_DISAGREEMENT,EXPECTED_MARGIN,4+,home,-110,1.9090909090909092,6.321683633802262,,,0,0,-1.0,0.5238095238095238,5.5,draftkings
2020_05_ARI_NYJ,2020,05,SPREAD_DISAGREEMENT,EXPECTED_MARGIN,3-4,home,-118,1.847457627118644,3.3109370418219974,,,0,0,-1.0,0.5412844036697247,7.0,draftkings
2020_05_BUF_TEN,2020,05,SPREAD_DISAGREEMENT,EXPECTED_MARGIN,2-3,home,-103,1.970873786407767,2.216091115927842,,,1,0,0.970874,0.5073891625615764,3.0,draftkings
2020_05_CAR_ATL,2020,05,SPREAD_DISAGREEMENT,EXPECTED_MARGIN,4+,away,-106,1.9433962264150944,4.94901390760284,,,1,0,0.943396,0.5145631067961165,2.5,draftkings
2020_05_CIN_BAL,2020,05,SPREAD_DISAGREEMENT,EXPECTED_MARGIN,4+,away,-115,1.8695652173913042,10.960712713881374,,,0,0,-1.0,0.5348837209302326,12.5,fanduel
2020_05_IND_CLE,2020,05,SPREAD_DISAGREEMENT,EXPECTED_MARGIN,2-3,away,-115,1.8695652173913042,2.730957609687355,,,0,0,-1.0,0.5348837209302326,1.5,fanduel
2020_05_JAX_HOU,2020,05,SPREAD_DISAGREEMENT,EXPECTED_MARGIN,4+,away,-105,1.9523809523809523,5.76651011021594,,,0,0,-1.0,0.5121951219512195,5.5,fanduel
2020_05_LAC_NO,2020,05,SPREAD_DISAGREEMENT,EXPECTED_MARGIN,4+,away,-110,1.9090909090909092,5.8773303240606225,,,1,0,0.909091,0.5238095238095238,7.0,draftkings
2020_05_LA_WAS,2020,05,SPREAD_DISAGREEMENT,EXPECTED_MARGIN,2-3,home,-112,1.8928571428571428,2.7083696850810846,,,0,0,-1.0,0.5283018867924528,7.5,draftkings
2020_05_LV_KC,2020,05,SPREAD_DISAGREEMENT,EXPECTED_MARGIN,4+,away,-115,1.8695652173913042,6.196227533382036,,,1,0,0.869565,0.5348837209302326,11.5,fanduel
2020_05_MIA_SF,2020,05,SPREAD_DISAGREEMENT,EXPECTED_MARGIN,4+,away,-110,1.9090909090909092,6.6463282878664,,,1,0,0.909091,0.5238095238095238,8.5,draftkings
2020_05_MIN_SEA,2020,05,SPREAD_DISAGREEMENT,EXPECTED_MARGIN,4+,away,-110,1.9090909090909092,4.719030819852758,,,1,0,0.909091,0.5238095238095238,6.5,fanduel
2020_05_NYG_DAL,2020,05,SPREAD_DISAGREEMENT,EXPECTED_MARGIN,4+,away,-114,1.8771929824561404,5.414677781149145,,,1,0,0.877193,0.5327102803738317,7.5,draftkings
2020_05_PHI_PIT,2020,05,SPREAD_DISAGREEMENT,EXPECTED_MARGIN,4+,away,-110,1.9090909090909092,7.58697871863729,,,0,0,-1.0,0.5238095238095238,7.5,fanduel
2020_05_TB_CHI,2020,05,SPREAD_DISAGREEMENT,EXPECTED_MARGIN,0-1,home,-115,1.8695652173913042,0.35027537629334304,,,1,0,0.869565,0.5348837209302326,3.5,fanduel
2020_06_ARI_DAL,2020,06,SPREAD_DISAGREEMENT,EXPECTED_MARGIN,2-3,away,-110,1.9090909090909092,2.910484419891695,,,1,0,0.909091,0.5238095238095238,1.0,draftkings
2020_06_ATL_MIN,2020,06,SPREAD_DISAGREEMENT,EXPECTED_MARGIN,1-2,away,-110,1.9090909090909092,1.4480677211208643,,,1,0,0.909091,0.5238095238095238,3.5,draftkings
2020_06_BAL_PHI,2020,06,SPREAD_DISAGREEMENT,EXPECTED_MARGIN,4+,home,-110,1.9090909090909092,5.759812541400066,,,1,0,0.909091,0.5238095238095238,10.0,draftkings
2020_06_CHI_CAR,2020,06,SPREAD_DISAGREEMENT,EXPECTED_MARGIN,0-1,away,-110,1.9090909090909092,0.5270374125633701,,,1,0,0.909091,0.5238095238095238,2.0,draftkings
2020_06_CIN_IND,2020,06,SPREAD_DISAGREEMENT,EXPECTED_MARGIN,4+,away,-114,1.8771929824561404,4.236455526152767,,,1,0,0.877193,0.5327102803738317,7.5,draftkings
2020_06_CLE_PIT,2020,06,SPREAD_DISAGREEMENT,EXPECTED_MARGIN,3-4,away,-110,1.9090909090909092,3.528297172888543,,,0,0,-1.0,0.5238095238095238,3.0,draftkings
2020_06_DEN_NE,2020,06,SPREAD_DISAGREEMENT,EXPECTED_MARGIN,4+,away,-120,1.8333333333333335,7.495005237634796,,,1,0,0.833333,0.5454545454545454,8.0,fanduel
2020_06_DET_JAX,2020,06,SPREAD_DISAGREEMENT,EXPECTED_MARGIN,0-1,home,-110,1.9090909090909092,0.5454415109112993,,,0,0,-1.0,0.5238095238095238,3.0,draftkings
2020_06_GB_TB,2020,06,SPREAD_DISAGREEMENT,EXPECTED_MARGIN,1-2,home,-110,1.9090909090909092,1.564791196522389,,,1,0,0.909091,0.5238095238095238,2.0,draftkings
2020_06_HOU_TEN,2020,06,SPREAD_DISAGREEMENT,EXPECTED_MARGIN,0-1,away,-110,1.9090909090909092,0.8660150746130206,,,0,0,-1.0,0.5238095238095238,3.5,draftkings
2020_06_KC_BUF,2020,06,SPREAD_DISAGREEMENT,EXPECTED_MARGIN,2-3,home,-110,1.9090909090909092,2.477266819343299,,,0,0,-1.0,0.5238095238095238,5.5,draftkings
2020_06_LA_SF,2020,06,SPREAD_DISAGREEMENT,EXPECTED_MARGIN,2-3,away,-105,1.9523809523809523,2.6582987798709645,,,0,0,-1.0,0.5121951219512195,-2.5,fanduel
2020_06_NYJ_MIA,2020,06,SPREAD_DISAGREEMENT,EXPECTED_MARGIN,0-1,away,-110,1.9090909090909092,0.8007752691564782,,,0,0,-1.0,0.5238095238095238,8.5,draftkings
2020_06_WAS_NYG,2020,06,SPREAD_DISAGREEMENT,EXPECTED_MARGIN,0-1,away,-115,1.8695652173913042,0.01072818020968569,,,1,0,0.869565,0.5348837209302326,1.5,fanduel
2020_07_BUF_NYJ,2020,07,SPREAD_DISAGREEMENT,EXPECTED_MARGIN,4+,home,-115,1.8695652173913042,7.964263275662841,,,1,0,0.869565,0.5348837209302326,10.5,fanduel
2020_07_CAR_NO,2020,07,SPREAD_DISAGREEMENT,EXPECTED_MARGIN,4+,away,-109,1.9174311926605505,5.533336416069535,,,1,0,0.917431,0.5215311004784688,6.5,draftkings
2020_07_CHI_LA,2020,07,SPREAD_DISAGREEMENT,EXPECTED_MARGIN,4+,away,-102,1.9803921568627452,6.603937521729577,,,0,0,-1.0,0.504950495049505,6.5,fanduel
2020_07_CLE_CIN,2020,07,SPREAD_DISAGREEMENT,EXPECTED_MARGIN,4+,home,-114,1.8771929824561404,4.590947187816141,,,1,0,0.877193,0.5327102803738317,3.5,fanduel
2020_07_DAL_WAS,2020,07,SPREAD_DISAGREEMENT,EXPECTED_MARGIN,0-1,away,-118,1.847457627118644,0.15427337913407158,,,0,0,-1.0,0.5412844036697247,1.0,draftkings
2020_07_DET_ATL,2020,07,SPREAD_DISAGREEMENT,EXPECTED_MARGIN,1-2,away,-115,1.8695652173913042,1.4946828613935104,,,1,0,0.869565,0.5348837209302326,1.5,fanduel
2020_07_GB_HOU,2020,07,SPREAD_DISAGREEMENT,EXPECTED_MARGIN,4+,home,-118,1.847457627118644,5.878314106736646,,,0,0,-1.0,0.5412844036697247,3.0,draftkings
2020_07_JAX_LAC,2020,07,SPREAD_DISAGREEMENT,EXPECTED_MARGIN,3-4,away,-109,1.9174311926605505,3.815801345845067,,,0,0,-1.0,0.5215311004784688,8.0,draftkings
2020_07_KC_DEN,2020,07,SPREAD_DISAGREEMENT,EXPECTED_MARGIN,4+,home,-110,1.9090909090909092,6.431106116329673,,,0,0,-1.0,0.5238095238095238,7.0,draftkings
2020_07_NYG_PHI,2020,07,SPREAD_DISAGREEMENT,EXPECTED_MARGIN,2-3,away,-110,1.9090909090909092,2.986853476186049,,,1,0,0.909091,0.5238095238095238,5.0,draftkings
2020_07_PIT_TEN,2020,07,SPREAD_DISAGREEMENT,EXPECTED_MARGIN,2-3,away,-110,1.9090909090909092,2.824136833766868,,,1,0,0.909091,0.5238095238095238,1.5,draftkings
2020_07_SEA_ARI,2020,07,SPREAD_DISAGREEMENT,EXPECTED_MARGIN,4+,home,-110,1.9090909090909092,6.720835321835867,,,1,0,0.909091,0.5238095238095238,3.5,draftkings
2020_07_SF_NE,2020,07,SPREAD_DISAGREEMENT,EXPECTED_MARGIN,3-4,away,-106,1.9433962264150944,3.6337612301391076,,,1,0,0.943396,0.5145631067961165,3.0,fanduel
2020_07_TB_LV,2020,07,SPREAD_DISAGREEMENT,EXPECTED_MARGIN,0-1,home,-110,1.9090909090909092,0.621399394656212,,,0,0,-1.0,0.5238095238095238,4.0,draftkings
2020_08_ATL_CAR,2020,08,SPREAD_DISAGREEMENT,EXPECTED_MARGIN,2-3,away,-108,1.925925925925926,2.809631672243171,,,1,0,0.925926,0.5192307692307692,1.5,fanduel
2020_08_DAL_PHI,2020,08,SPREAD_DISAGREEMENT,EXPECTED_MARGIN,4+,away,-110,1.9090909090909092,6.747956986595025,,,0,0,-1.0,0.5238095238095238,10.5,fanduel
2020_08_IND_DET,2020,08,SPREAD_DISAGREEMENT,EXPECTED_MARGIN,3-4,home,104,2.04,3.073006242513511,,,0,0,-1.0,0.49019607843137253,3.0,fanduel
2020_08_LAC_DEN,2020,08,SPREAD_DISAGREEMENT,EXPECTED_MARGIN,2-3,away,-110,1.9090909090909092,2.1038160153744023,,,0,0,-1.0,0.5238095238095238,-3.0,draftkings
2020_08_LA_MIA,2020,08,SPREAD_DISAGREEMENT,EXPECTED_MARGIN,3-4,home,-102,1.9803921568627452,3.857413498781998,,,1,0,0.980392,0.504950495049505,3.0,fanduel
2020_08_LV_CLE,2020,08,SPREAD_DISAGREEMENT,EXPECTED_MARGIN,0-1,away,-110,1.9090909090909092,0.071816767157312,,,1,0,0.909091,0.5238095238095238,1.5,draftkings
2020_08_MIN_GB,2020,08,SPREAD_DISAGREEMENT,EXPECTED_MARGIN,4+,away,-106,1.9433962264150944,5.073018025974378,,,1,0,0.943396,0.5145631067961165,5.5,fanduel
2020_08_NE_BUF,2020,08,SPREAD_DISAGREEMENT,EXPECTED_MARGIN,1-2,away,-110,1.9090909090909092,1.6273762513893182,,,1,0,0.909091,0.5238095238095238,4.5,draftkings
2020_08_NO_CHI,2020,08,SPREAD_DISAGREEMENT,EXPECTED_MARGIN,3-4,home,-106,1.9433962264150944,3.104619710852205,,,1,0,0.943396,0.5145631067961165,5.5,fanduel
2020_08_NYJ_KC,2020,08,SPREAD_DISAGREEMENT,EXPECTED_MARGIN,4+,away,-110,1.9090909090909092,12.418612701161909,,,0,0,-1.0,0.5238095238095238,19.5,draftkings
2020_08_PIT_BAL,2020,08,SPREAD_DISAGREEMENT,EXPECTED_MARGIN,4+,away,-110,1.9090909090909092,6.774744930089646,,,1,0,0.909091,0.5238095238095238,4.0,draftkings
2020_08_SF_SEA,2020,08,SPREAD_DISAGREEMENT,EXPECTED_MARGIN,4+,away,-110,1.9090909090909092,5.550062311487764,,,0,0,-1.0,0.5238095238095238,1.5,fanduel
2020_08_TB_NYG,2020,08,SPREAD_DISAGREEMENT,EXPECTED_MARGIN,4+,home,-105,1.9523809523809523,5.257395019320555,,,1,0,0.952381,0.5121951219512195,12.5,fanduel
2020_08_TEN_CIN,2020,08,SPREAD_DISAGREEMENT,EXPECTED_MARGIN,3-4,home,-110,1.9090909090909092,3.7008599739647536,,,1,0,0.909091,0.5238095238095238,7.0,fanduel
2020_09_BAL_IND,2020,09,SPREAD_DISAGREEMENT,EXPECTED_MARGIN,1-2,home,-110,1.9090909090909092,1.075144412586873,,,0,0,-1.0,0.5238095238095238,-1.0,draftkings
2020_09_CAR_KC,2020,09,SPREAD_DISAGREEMENT,EXPECTED_MARGIN,4+,away,-110,1.9090909090909092,4.105126463349183,,,1,0,0.909091,0.5238095238095238,10.0,draftkings
2020_09_CHI_TEN,2020,09,SPREAD_DISAGREEMENT,EXPECTED_MARGIN,4+,away,-115,1.8695652173913042,6.2608921829222375,,,0,0,-1.0,0.5348837209302326,6.5,fanduel
2020_09_DEN_ATL,2020,09,SPREAD_DISAGREEMENT,EXPECTED_MARGIN,1-2,away,-120,1.8333333333333335,1.6336980619987997,,,0,0,-1.0,0.5454545454545454,4.5,fanduel
2020_09_DET_MIN,2020,09,SPREAD_DISAGREEMENT,EXPECTED_MARGIN,1-2,away,-110,1.9090909090909092,1.9321726914031352,,,0,0,-1.0,0.5238095238095238,3.5,draftkings
2020_09_GB_SF,2020,09,SPREAD_DISAGREEMENT,EXPECTED_MARGIN,4+,home,-110,1.9090909090909092,7.957825252411318,,,0,0,-1.0,0.5238095238095238,6.5,draftkings
2020_09_HOU_JAX,2020,09,SPREAD_DISAGREEMENT,EXPECTED_MARGIN,4+,home,-105,1.9523809523809523,5.670650475573524,,,1,0,0.952381,0.5121951219512195,6.5,fanduel
2020_09_LV_LAC,2020,09,SPREAD_DISAGREEMENT,EXPECTED_MARGIN,2-3,home,-110,1.9090909090909092,2.0582209657513886,,,0,0,-1.0,0.5238095238095238,1.0,draftkings
2020_09_MIA_ARI,2020,09,SPREAD_DISAGREEMENT,EXPECTED_MARGIN,4+,away,-106,1.9433962264150944,7.572595119053226,,,1,0,0.943396,0.5145631067961165,5.5,fanduel
2020_09_NE_NYJ,2020,09,SPREAD_DISAGREEMENT,EXPECTED_MARGIN,4+,home,-110,1.9090909090909092,7.450093782275232,,,1,0,0.909091,0.5238095238095238,9.5,draftkings
2020_09_NO_TB,2020,09,SPREAD_DISAGREEMENT,EXPECTED_MARGIN,0-1,home,-114,1.8771929824561404,0.15291855004913657,,,0,0,-1.0,0.5327102803738317,-3.0,draftkings
2020_09_NYG_WAS,2020,09,SPREAD_DISAGREEMENT,EXPECTED_MARGIN,2-3,away,-120,1.8333333333333335,2.4430891189365695,,,1,0,0.833333,0.5454545454545454,3.0,draftkings
2020_09_PIT_DAL,2020,09,SPREAD_DISAGREEMENT,EXPECTED_MARGIN,4+,home,-106,1.9433962264150944,7.973913555091407,,,1,0,0.943396,0.5145631067961165,14.0,fanduel
2020_09_SEA_BUF,2020,09,SPREAD_DISAGREEMENT,EXPECTED_MARGIN,0-1,home,-105,1.9523809523809523,0.7005342294575456,,,1,0,0.952381,0.5121951219512195,3.0,fanduel
2020_10_BAL_NE,2020,10,SPREAD_DISAGREEMENT,EXPECTED_MARGIN,1-2,home,-105,1.9523809523809523,1.703981593808507,,,1,0,0.952381,0.5121951219512195,6.5,fanduel
2020_10_BUF_ARI,2020,10,SPREAD_DISAGREEMENT,EXPECTED_MARGIN,4+,away,-118,1.847457627118644,5.146168190755812,,,1,0,0.847458,0.5412844036697247,3.0,draftkings
2020_10_CIN_PIT,2020,10,SPREAD_DISAGREEMENT,EXPECTED_MARGIN,4+,away,-106,1.9433962264150944,7.105665250763121,,,0,0,-1.0,0.5145631067961165,6.5,fanduel
2020_10_DEN_LV,2020,10,SPREAD_DISAGREEMENT,EXPECTED_MARGIN,2-3,away,-103,1.970873786407767,2.790564742793883,,,0,0,-1.0,0.5073891625615764,3.0,draftkings
2020_10_HOU_CLE,2020,10,SPREAD_DISAGREEMENT,EXPECTED_MARGIN,4+,away,-110,1.9090909090909092,6.076034180538137,,,1,0,0.909091,0.5238095238095238,4.5,draftkings
2020_10_IND_TEN,2020,10,SPREAD_DISAGREEMENT,EXPECTED_MARGIN,0-1,away,-105,1.9523809523809523,0.06329640292376126,,,1,0,0.952381,0.5121951219512195,-1.0,draftkings
2020_10_JAX_GB,2020,10,SPREAD_DISAGREEMENT,EXPECTED_MARGIN,4+,away,-106,1.9433962264150944,11.62142226870149,,,1,0,0.943396,0.5145631067961165,13.5,fanduel
2020_10_LAC_MIA,2020,10,SPREAD_DISAGREEMENT,EXPECTED_MARGIN,1-2,away,-106,1.9433962264150944,1.0848012076345874,,,0,0,-1.0,0.5145631067961165,2.5,fanduel
2020_10_MIN_CHI,2020,10,SPREAD_DISAGREEMENT,EXPECTED_MARGIN,0-1,away,-103,1.970873786407767,0.5330554010774904,,,1,0,0.970874,0.5073891625615764,-3.5,draftkings
2020_10_PHI_NYG,2020,10,SPREAD_DISAGREEMENT,EXPECTED_MARGIN,2-3,home,-110,1.9090909090909092,2.7516910282644353,,,1,0,0.909091,0.5238095238095238,5.0,draftkings
2020_10_SEA_LA,2020,10,SPREAD_DISAGREEMENT,EXPECTED_MARGIN,3-4,away,-102,1.9803921568627452,3.0785592996093563,,,0,0,-1.0,0.504950495049505,2.5,fanduel
2020_10_SF_NO,2020,10,SPREAD_DISAGREEMENT,EXPECTED_MARGIN,4+,away,-114,1.8771929824561404,4.482577956702535,,,0,0,-1.0,0.5327102803738317,9.5,fanduel
2020_10_TB_CAR,2020,10,SPREAD_DISAGREEMENT,EXPECTED_MARGIN,4+,home,-110,1.9090909090909092,6.799485908553091,,,0,0,-1.0,0.5238095238095238,6.0,draftkings
2020_10_WAS_DET,2020,10,SPREAD_DISAGREEMENT,EXPECTED_MARGIN,4+,away,-102,1.9803921568627452,6.077590331794596,,,0,0,-1.0,0.504950495049505,2.5,fanduel
2020_11_ARI_SEA,2020,11,SPREAD_DISAGREEMENT,EXPECTED_MARGIN,4+,away,-106,1.9433962264150944,4.278045556097155,,,0,0,-1.0,0.5145631067961165,3.0,fanduel
2020_11_ATL_NO,2020,11,SPREAD_DISAGREEMENT,EXPECTED_MARGIN,1-2,home,-104,1.9615384615384617,1.5593131630830541,,,1,0,0.961538,0.5098039215686274,-3.5,fanduel
2020_11_CIN_WAS,2020,11,SPREAD_DISAGREEMENT,EXPECTED_MARGIN,1-2,home,-110,1.9090909090909092,1.287764842467773,,,1,0,0.909091,0.5238095238095238,-1.5,draftkings
2020_11_DAL_MIN,2020,11,SPREAD_DISAGREEMENT,EXPECTED_MARGIN,3-4,away,-110,1.9090909090909092,3.7561806454361424,,,1,0,0.909091,0.5238095238095238,7.0,draftkings
2020_11_DET_CAR,2020,11,SPREAD_DISAGREEMENT,EXPECTED_MARGIN,1-2,away,-104,1.9615384615384617,1.0526193850449452,,,0,0,-1.0,0.5098039215686274,-3.0,draftkings
2020_11_GB_IND,2020,11,SPREAD_DISAGREEMENT,EXPECTED_MARGIN,1-2,away,-104,1.9615384615384617,1.2894081649537874,,,0,0,-1.0,0.5098039215686274,1.5,fanduel
2020_11_KC_LV,2020,11,SPREAD_DISAGREEMENT,EXPECTED_MARGIN,4+,home,-115,1.8695652173913042,8.625737773100703,,,1,0,0.869565,0.5348837209302326,7.5,draftkings
2020_11_LA_TB,2020,11,SPREAD_DISAGREEMENT,EXPECTED_MARGIN,2-3,away,-108,1.925925925925926,2.3151050353991707,,,1,0,0.925926,0.5192307692307692,4.0,fanduel
2020_11_MIA_DEN,2020,11,SPREAD_DISAGREEMENT,EXPECTED_MARGIN,1-2,away,-115,1.8695652173913042,1.702635566373388,,,0,0,-1.0,0.5348837209302326,-3.5,fanduel
2020_11_NE_HOU,2020,11,SPREAD_DISAGREEMENT,EXPECTED_MARGIN,2-3,home,-105,1.9523809523809523,2.690842915859289,,,1,0,0.952381,0.5121951219512195,2.5,fanduel
2020_11_NYJ_LAC,2020,11,SPREAD_DISAGREEMENT,EXPECTED_MARGIN,4+,away,-112,1.8928571428571428,8.133594237730282,,,1,0,0.892857,0.5283018867924528,10.0,fanduel
2020_11_PHI_CLE,2020,11,SPREAD_DISAGREEMENT,EXPECTED_MARGIN,1-2,away,-106,1.9433962264150944,1.3322601451052698,,,0,0,-1.0,0.5145631067961165,2.5,fanduel
2020_11_PIT_JAX,2020,11,SPREAD_DISAGREEMENT,EXPECTED_MARGIN,4+,home,-110,1.9090909090909092,6.232519136434501,,,0,0,-1.0,0.5238095238095238,10.5,draftkings
2020_11_TEN_BAL,2020,11,SPREAD_DISAGREEMENT,EXPECTED_MARGIN,2-3,away,-114,1.8771929824561404,2.9145057785151565,,,1,0,0.877193,0.5327102803738317,6.5,fanduel
2020_12_ARI_NE,2020,12,SPREAD_DISAGREEMENT,EXPECTED_MARGIN,1-2,home,-110,1.9090909090909092,1.3726645737575858,,,1,0,0.909091,0.5238095238095238,1.0,draftkings
2020_12_BAL_PIT,2020,12,SPREAD_DISAGREEMENT,EXPECTED_MARGIN,3-4,away,-110,1.9090909090909092,3.21068856584343,,,1,0,0.909091,0.5238095238095238,10.5,draftkings
2020_12_CAR_MIN,2020,12,SPREAD_DISAGREEMENT,EXPECTED_MARGIN,1-2,away,-114,1.8771929824561404,1.33524219977701,,,1,0,0.877193,0.5327102803738317,3.0,fanduel
2020_12_CHI_GB,2020,12,SPREAD_DISAGREEMENT,EXPECTED_MARGIN,4+,away,-110,1.9090909090909092,5.2898385658617215,,,0,0,-1.0,0.5238095238095238,8.0,draftkings
2020_12_CLE_JAX,2020,12,SPREAD_DISAGREEMENT,EXPECTED_MARGIN,4+,home,-104,1.9615384615384617,4.146486510797047,,,1,0,0.961538,0.5098039215686274,7.0,draftkings
2020_12_HOU_DET,2020,12,SPREAD_DISAGREEMENT,EXPECTED_MARGIN,0-1,home,-118,1.847457627118644,0.7414198643227472,,,0,0,-1.0,0.5412844036697247,3.0,draftkings
2020_12_KC_TB,2020,12,SPREAD_DISAGREEMENT,EXPECTED_MARGIN,3-4,home,-110,1.9090909090909092,3.5024216357064084,,,1,0,0.909091,0.5238095238095238,3.5,draftkings
2020_12_LAC_BUF,2020,12,SPREAD_DISAGREEMENT,EXPECTED_MARGIN,2-3,away,-114,1.8771929824561404,2.458764355522458,,,0,0,-1.0,0.5327102803738317,4.5,draftkings
2020_12_LV_ATL,2020,12,SPREAD_DISAGREEMENT,EXPECTED_MARGIN,1-2,home,-110,1.9090909090909092,1.9368241502110841,,,1,0,0.909091,0.5238095238095238,3.5,draftkings
2020_12_MIA_NYJ,2020,12,SPREAD_DISAGREEMENT,EXPECTED_MARGIN,4+,home,-115,1.8695652173913042,6.235396777344732,,,0,0,-1.0,0.5348837209302326,7.5,fanduel
2020_12_NO_DEN,2020,12,SPREAD_DISAGREEMENT,EXPECTED_MARGIN,4+,home,-115,1.8695652173913042,12.53870636463784,,,0,0,-1.0,0.5348837209302326,17.0,fanduel
2020_12_NYG_CIN,2020,12,SPREAD_DISAGREEMENT,EXPECTED_MARGIN,4+,home,-110,1.9090909090909092,4.370322897284655,,,1,0,0.909091,0.5238095238095238,6.5,draftkings
2020_12_SEA_PHI,2020,12,SPREAD_DISAGREEMENT,EXPECTED_MARGIN,4+,home,-110,1.9090909090909092,6.4597429881655195,,,1,0,0.909091,0.5238095238095238,6.5,draftkings
2020_12_SF_LA,2020,12,SPREAD_DISAGREEMENT,EXPECTED_MARGIN,1-2,away,-114,1.8771929824561404,1.9667775641884155,,,1,0,0.877193,0.5327102803738317,5.5,fanduel
2020_12_TEN_IND,2020,12,SPREAD_DISAGREEMENT,EXPECTED_MARGIN,0-1,away,-118,1.847457627118644,0.5075490599451946,,,1,0,0.847458,0.5412844036697247,3.0,draftkings
2020_12_WAS_DAL,2020,12,SPREAD_DISAGREEMENT,EXPECTED_MARGIN,2-3,away,-118,1.847457627118644,2.0805429565431055,,,1,0,0.847458,0.5412844036697247,3.0,draftkings
2020_13_BUF_SF,2020,13,SPREAD_DISAGREEMENT,EXPECTED_MARGIN,3-4,away,-105,1.9523809523809523,3.6846270914256927,,,1,0,0.952381,0.5121951219512195,1.5,fanduel
2020_13_CIN_MIA,2020,13,SPREAD_DISAGREEMENT,EXPECTED_MARGIN,4+,away,-110,1.9090909090909092,8.368992007520433,,,0,0,-1.0,0.5238095238095238,10.5,draftkings
2020_13_CLE_TEN,2020,13,SPREAD_DISAGREEMENT,EXPECTED_MARGIN,2-3,away,-110,1.9090909090909092,2.3239578312131606,,,1,0,0.909091,0.5238095238095238,4.0,draftkings
2020_13_DAL_BAL,2020,13,SPREAD_DISAGREEMENT,EXPECTED_MARGIN,4+,away,-110,1.9090909090909092,5.664444204284571,,,0,0,-1.0,0.5238095238095238,8.5,draftkings
2020_13_DEN_KC,2020,13,SPREAD_DISAGREEMENT,EXPECTED_MARGIN,4+,away,-106,1.9433962264150944,9.165025361327789,,,1,0,0.943396,0.5145631067961165,12.5,fanduel
2020_13_DET_CHI,2020,13,SPREAD_DISAGREEMENT,EXPECTED_MARGIN,2-3,away,-114,1.8771929824561404,2.7799672231764134,,,1,0,0.877193,0.5327102803738317,3.0,fanduel
2020_13_IND_HOU,2020,13,SPREAD_DISAGREEMENT,EXPECTED_MARGIN,4+,home,-104,1.9615384615384617,6.013707154028186,,,0,0,-1.0,0.5098039215686274,3.0,draftkings
2020_13_JAX_MIN,2020,13,SPREAD_DISAGREEMENT,EXPECTED_MARGIN,4+,away,-114,1.8771929824561404,8.74429144865018,,,1,0,0.877193,0.5327102803738317,10.5,fanduel
2020_13_LA_ARI,2020,13,SPREAD_DISAGREEMENT,EXPECTED_MARGIN,1-2,home,-120,1.8333333333333335,1.2625777928881092,,,0,0,-1.0,0.5454545454545454,3.0,draftkings
2020_13_LV_NYJ,2020,13,SPREAD_DISAGREEMENT,EXPECTED_MARGIN,4+,home,-114,1.8771929824561404,7.547105676761063,,,1,0,0.877193,0.5327102803738317,8.0,draftkings
2020_13_NE_LAC,2020,13,SPREAD_DISAGREEMENT,EXPECTED_MARGIN,3-4,away,-106,1.9433962264150944,3.648342350404061,,,1,0,0.943396,0.5145631067961165,2.0,fanduel
2020_13_NO_ATL,2020,13,SPREAD_DISAGREEMENT,EXPECTED_MARGIN,0-1,home,-105,1.9523809523809523,0.27991879311824874,,,0,0,-1.0,0.5121951219512195,2.5,fanduel
2020_13_NYG_SEA,2020,13,SPREAD_DISAGREEMENT,EXPECTED_MARGIN,4+,away,-104,1.9615384615384617,11.585645517649613,,,1,0,0.961538,0.5098039215686274,10.5,fanduel
2020_13_PHI_GB,2020,13,SPREAD_DISAGREEMENT,EXPECTED_MARGIN,4+,away,-110,1.9090909090909092,5.463930131688649,,,0,0,-1.0,0.5238095238095238,8.0,draftkings
2020_13_WAS_PIT,2020,13,SPREAD_DISAGREEMENT,EXPECTED_MARGIN,4+,away,-108,1.925925925925926,7.01140053204044,,,1,0,0.925926,0.5192307692307692,6.0,fanduel
2020_14_ARI_NYG,2020,14,SPREAD_DISAGREEMENT,EXPECTED_MARGIN,2-3,home,-114,1.8771929824561404,2.7803703191522935,,,0,0,-1.0,0.5327102803738317,3.0,fanduel
2020_14_ATL_LAC,2020,14,SPREAD_DISAGREEMENT,EXPECTED_MARGIN,4+,away,-108,1.925925925925926,11.987719187543966,,,0,0,-1.0,0.5192307692307692,1.5,fanduel
2020_14_BAL_CLE,2020,14,SPREAD_DISAGREEMENT,EXPECTED_MARGIN,0-1,home,-104,1.9615384615384617,0.47033236053984595,,,0,0,-1.0,0.5098039215686274,3.0,fanduel
2020_14_DAL_CIN,2020,14,SPREAD_DISAGREEMENT,EXPECTED_MARGIN,3-4,home,-106,1.9433962264150944,3.3508353546131353,,,0,0,-1.0,0.5145631067961165,3.0,fanduel
2020_14_DEN_CAR,2020,14,SPREAD_DISAGREEMENT,EXPECTED_MARGIN,3-4,away,-106,1.9433962264150944,3.1385010737258625,,,1,0,0.943396,0.5145631067961165,4.0,fanduel
2020_14_GB_DET,2020,14,SPREAD_DISAGREEMENT,EXPECTED_MARGIN,3-4,home,-108,1.925925925925926,3.063996260185295,,,1,0,0.925926,0.5192307692307692,9.0,draftkings
2020_14_HOU_CHI,2020,14,SPREAD_DISAGREEMENT,EXPECTED_MARGIN,4+,away,-110,1.9090909090909092,5.016850866972479,,,0,0,-1.0,0.5238095238095238,-1.0,fanduel
2020_14_IND_LV,2020,14,SPREAD_DISAGREEMENT,EXPECTED_MARGIN,1-2,away,-109,1.9174311926605505,1.46691217713391,,,1,0,0.917431,0.5215311004784688,-2.5,draftkings
2020_14_KC_MIA,2020,14,SPREAD_DISAGREEMENT,EXPECTED_MARGIN,4+,home,-114,1.8771929824561404,6.618943561540469,,,1,0,0.877193,0.5327102803738317,7.5,fanduel
2020_14_MIN_TB,2020,14,SPREAD_DISAGREEMENT,EXPECTED_MARGIN,4+,away,-102,1.9803921568627452,9.65185959817526,,,0,0,-1.0,0.504950495049505,6.5,fanduel
2020_14_NE_LA,2020,14,SPREAD_DISAGREEMENT,EXPECTED_MARGIN,4+,away,-110,1.9090909090909092,10.774474820518869,,,0,0,-1.0,0.5238095238095238,4.5,fanduel
2020_14_NO_PHI,2020,14,SPREAD_DISAGREEMENT,EXPECTED_MARGIN,1-2,away,-109,1.9174311926605505,1.0659693797373002,,,0,0,-1.0,0.5215311004784688,-7.5,draftkings
2020_14_NYJ_SEA,2020,14,SPREAD_DISAGREEMENT,EXPECTED_MARGIN,4+,away,-115,1.8695652173913042,16.450631797329386,,,0,0,-1.0,0.5348837209302326,16.5,fanduel
2020_14_PIT_BUF,2020,14,SPREAD_DISAGREEMENT,EXPECTED_MARGIN,3-4,away,-115,1.8695652173913042,3.8994156032006586,,,0,0,-1.0,0.5348837209302326,2.5,fanduel
2020_14_TEN_JAX,2020,14,SPREAD_DISAGREEMENT,EXPECTED_MARGIN,2-3,home,-110,1.9090909090909092,2.9112942733500375,,,0,0,-1.0,0.5238095238095238,7.5,fanduel
2020_14_WAS_SF,2020,14,SPREAD_DISAGREEMENT,EXPECTED_MARGIN,4+,away,-114,1.8771929824561404,6.85086035483711,,,1,0,0.877193,0.5327102803738317,3.0,fanduel
2020_15_BUF_DEN,2020,15,SPREAD_DISAGREEMENT,EXPECTED_MARGIN,1-2,home,-110,1.9090909090909092,1.969927656823593,,,0,0,-1.0,0.5238095238095238,6.0,draftkings
2020_15_CAR_GB,2020,15,SPREAD_DISAGREEMENT,EXPECTED_MARGIN,4+,away,-110,1.9090909090909092,5.32477305174244,,,1,0,0.909091,0.5238095238095238,8.5,fanduel
2020_15_CHI_MIN,2020,15,SPREAD_DISAGREEMENT,EXPECTED_MARGIN,4+,away,-122,1.819672131147541,6.42533891054838,,,1,0,0.819672,0.5495495495495495,3.0,fanduel
2020_15_CLE_NYG,2020,15,SPREAD_DISAGREEMENT,EXPECTED_MARGIN,4+,home,-110,1.9090909090909092,5.4759199933672065,,,0,0,-1.0,0.5238095238095238,6.5,fanduel
2020_15_DET_TEN,2020,15,SPREAD_DISAGREEMENT,EXPECTED_MARGIN,4+,away,-114,1.8771929824561404,4.979390111592075,,,0,0,-1.0,0.5327102803738317,9.5,fanduel
2020_15_HOU_IND,2020,15,SPREAD_DISAGREEMENT,EXPECTED_MARGIN,2-3,away,-102,1.9803921568627452,2.9857773678889608,,,0,1,0.0,0.504950495049505,7.0,fanduel
2020_15_JAX_BAL,2020,15,SPREAD_DISAGREEMENT,EXPECTED_MARGIN,4+,away,-110,1.9090909090909092,7.77933517163417,,,0,0,-1.0,0.5238095238095238,12.5,draftkings
2020_15_KC_NO,2020,15,SPREAD_DISAGREEMENT,EXPECTED_MARGIN,2-3,home,-104,1.9615384615384617,2.4629927946352446,,,0,0,-1.0,0.5098039215686274,2.5,draftkings
2020_15_LAC_LV,2020,15,SPREAD_DISAGREEMENT,EXPECTED_MARGIN,3-4,away,-114,1.8771929824561404,3.3825991804090663,,,1,0,0.877193,0.5327102803738317,3.5,draftkings
2020_15_NE_MIA,2020,15,SPREAD_DISAGREEMENT,EXPECTED_MARGIN,1-2,away,-112,1.8928571428571428,1.3644484201448073,,,0,0,-1.0,0.5283018867924528,1.5,draftkings
2020_15_NYJ_LA,2020,15,SPREAD_DISAGREEMENT,EXPECTED_MARGIN,4+,away,-110,1.9090909090909092,7.224102924556632,,,1,0,0.909091,0.5238095238095238,17.0,draftkings
2020_15_PHI_ARI,2020,15,SPREAD_DISAGREEMENT,EXPECTED_MARGIN,4+,away,-114,1.8771929824561404,4.663280607870135,,,0,0,-1.0,0.5327102803738317,6.5,fanduel
2020_15_PIT_CIN,2020,15,SPREAD_DISAGREEMENT,EXPECTED_MARGIN,4+,home,-112,1.8928571428571428,11.584174215863584,,,1,0,0.892857,0.5283018867924528,15.0,draftkings
2020_15_SEA_WAS,2020,15,SPREAD_DISAGREEMENT,EXPECTED_MARGIN,4+,home,-106,1.9433962264150944,4.204872796981373,,,1,0,0.943396,0.5145631067961165,6.0,fanduel
2020_15_SF_DAL,2020,15,SPREAD_DISAGREEMENT,EXPECTED_MARGIN,4+,home,-110,1.9090909090909092,5.196990350391591,,,1,0,0.909091,0.5238095238095238,4.5,draftkings
2020_15_TB_ATL,2020,15,SPREAD_DISAGREEMENT,EXPECTED_MARGIN,4+,home,-105,1.9523809523809523,4.8501658210563185,,,1,0,0.952381,0.5121951219512195,6.5,fanduel
2020_16_ATL_KC,2020,16,SPREAD_DISAGREEMENT,EXPECTED_MARGIN,4+,away,-112,1.8928571428571428,8.741138938676784,,,1,0,0.892857,0.5283018867924528,11.0,draftkings
2020_16_BUF_NE,2020,16,SPREAD_DISAGREEMENT,EXPECTED_MARGIN,3-4,home,-105,1.9523809523809523,3.3401918080794246,,,0,0,-1.0,0.5121951219512195,7.0,fanduel
2020_16_CAR_WAS,2020,16,SPREAD_DISAGREEMENT,EXPECTED_MARGIN,3-4,home,-110,1.9090909090909092,3.7313717932808466,,,0,0,-1.0,0.5238095238095238,1.0,fanduel
2020_16_CHI_JAX,2020,16,SPREAD_DISAGREEMENT,EXPECTED_MARGIN,2-3,home,-118,1.847457627118644,2.5349007223140134,,,0,0,-1.0,0.5412844036697247,8.5,fanduel
2020_16_CIN_HOU,2020,16,SPREAD_DISAGREEMENT,EXPECTED_MARGIN,4+,away,-110,1.9090909090909092,8.700631496934474,,,1,0,0.909091,0.5238095238095238,7.5,draftkings
2020_16_CLE_NYJ,2020,16,SPREAD_DISAGREEMENT,EXPECTED_MARGIN,3-4,home,-104,1.9615384615384617,3.3358137593391213,,,1,0,0.961538,0.5098039215686274,6.5,fanduel
2020_16_DEN_LAC,2020,16,SPREAD_DISAGREEMENT,EXPECTED_MARGIN,0-1,away,-118,1.847457627118644,0.5221289358383316,,,0,0,-1.0,0.5412844036697247,2.5,fanduel
2020_16_IND_PIT,2020,16,SPREAD_DISAGREEMENT,EXPECTED_MARGIN,1-2,away,-110,1.9090909090909092,1.7262249738717728,,,0,0,-1.0,0.5238095238095238,-0.5,draftkings
2020_16_LA_SEA,2020,16,SPREAD_DISAGREEMENT,EXPECTED_MARGIN,1-2,home,-112,1.8928571428571428,1.5288019156490655,,,1,0,0.892857,0.5283018867924528,-1.0,draftkings
2020_16_MIA_LV,2020,16,SPREAD_DISAGREEMENT,EXPECTED_MARGIN,0-1,away,-109,1.9174311926605505,0.6504434847437359,,,0,0,-1.0,0.5215311004784688,-2.5,draftkings
2020_16_MIN_NO,2020,16,SPREAD_DISAGREEMENT,EXPECTED_MARGIN,4+,away,-114,1.8771929824561404,4.302668088220177,,,0,0,-1.0,0.5327102803738317,6.5,draftkings
2020_16_NYG_BAL,2020,16,SPREAD_DISAGREEMENT,EXPECTED_MARGIN,4+,away,-108,1.925925925925926,4.157813781920648,,,0,0,-1.0,0.5192307692307692,9.5,draftkings
2020_16_PHI_DAL,2020,16,SPREAD_DISAGREEMENT,EXPECTED_MARGIN,4+,home,-115,1.8695652173913042,5.9128561693347805,,,1,0,0.869565,0.5348837209302326,3.5,draftkings
2020_16_SF_ARI,2020,16,SPREAD_DISAGREEMENT,EXPECTED_MARGIN,2-3,away,-114,1.8771929824561404,2.390957290529677,,,1,0,0.877193,0.5327102803738317,6.0,draftkings
2020_16_TB_DET,2020,16,SPREAD_DISAGREEMENT,EXPECTED_MARGIN,4+,home,-114,1.8771929824561404,7.984193949276229,,,0,0,-1.0,0.5327102803738317,11.5,fanduel
2020_16_TEN_GB,2020,16,SPREAD_DISAGREEMENT,EXPECTED_MARGIN,4+,away,-115,1.8695652173913042,4.574764913501845,,,0,0,-1.0,0.5348837209302326,3.5,draftkings
2020_17_ARI_LA,2020,17,SPREAD_DISAGREEMENT,EXPECTED_MARGIN,1-2,home,-118,1.847457627118644,1.9137442919829724,,,1,0,0.847458,0.5412844036697247,1.0,fanduel
2020_17_ATL_TB,2020,17,SPREAD_DISAGREEMENT,EXPECTED_MARGIN,0-1,away,-109,1.9174311926605505,0.9399402708218858,,,0,0,-1.0,0.5215311004784688,7.0,draftkings
2020_17_BAL_CIN,2020,17,SPREAD_DISAGREEMENT,EXPECTED_MARGIN,4+,home,-108,1.925925925925926,11.168711812009551,,,0,0,-1.0,0.5192307692307692,13.5,fanduel
2020_17_DAL_NYG,2020,17,SPREAD_DISAGREEMENT,EXPECTED_MARGIN,4+,away,-114,1.8771929824561404,4.458743013548009,,,0,0,-1.0,0.5327102803738317,-1.5,draftkings
2020_17_GB_CHI,2020,17,SPREAD_DISAGREEMENT,EXPECTED_MARGIN,3-4,home,-109,1.9174311926605505,3.0749564315846136,,,0,0,-1.0,0.5215311004784688,4.5,draftkings
2020_17_JAX_IND,2020,17,SPREAD_DISAGREEMENT,EXPECTED_MARGIN,4+,away,-108,1.925925925925926,9.700512582044691,,,1,0,0.925926,0.5192307692307692,15.5,fanduel
2020_17_LAC_KC,2020,17,SPREAD_DISAGREEMENT,EXPECTED_MARGIN,4+,home,-118,1.847457627118644,9.286073959524568,,,0,0,-1.0,0.5412844036697247,7.0,fanduel
2020_17_LV_DEN,2020,17,SPREAD_DISAGREEMENT,EXPECTED_MARGIN,2-3,home,-104,1.9615384615384617,2.3641994237752364,,,1,0,0.961538,0.5098039215686274,2.5,fanduel
2020_17_MIA_BUF,2020,17,SPREAD_DISAGREEMENT,EXPECTED_MARGIN,4+,home,-110,1.9090909090909092,7.7359491294809395,,,1,0,0.909091,0.5238095238095238,3.0,draftkings
2020_17_MIN_DET,2020,17,SPREAD_DISAGREEMENT,EXPECTED_MARGIN,1-2,away,-115,1.8695652173913042,1.0566364719603705,,,0,0,-1.0,0.5348837209302326,-3.0,fanduel
2020_17_NO_CAR,2020,17,SPREAD_DISAGREEMENT,EXPECTED_MARGIN,4+,home,-114,1.8771929824561404,4.495215187029451,,,0,0,-1.0,0.5327102803738317,6.0,fanduel
2020_17_NYJ_NE,2020,17,SPREAD_DISAGREEMENT,EXPECTED_MARGIN,4+,away,-114,1.8771929824561404,4.911661842955606,,,0,0,-1.0,0.5327102803738317,3.0,draftkings
2020_17_PIT_CLE,2020,17,SPREAD_DISAGREEMENT,EXPECTED_MARGIN,4+,away,-102,1.9803921568627452,9.854406949539715,,,1,0,0.980392,0.504950495049505,10.0,fanduel
2020_17_SEA_SF,2020,17,SPREAD_DISAGREEMENT,EXPECTED_MARGIN,4+,home,-104,1.9615384615384617,4.92360949952737,,,1,0,0.961538,0.5098039215686274,7.0,fanduel
2020_17_TEN_HOU,2020,17,SPREAD_DISAGREEMENT,EXPECTED_MARGIN,4+,home,-109,1.9174311926605505,7.5942040500916335,,,1,0,0.917431,0.5215311004784688,7.0,draftkings
2020_17_WAS_PHI,2020,17,SPREAD_DISAGREEMENT,EXPECTED_MARGIN,3-4,home,-110,1.9090909090909092,3.967555320495393,,,1,0,0.909091,0.5238095238095238,6.5,fanduel
2020_18_BAL_TEN,2020,18,SPREAD_DISAGREEMENT,EXPECTED_MARGIN,2-3,away,-108,1.925925925925926,2.694008392575281,,,1,0,0.925926,0.5192307692307692,-3.5,draftkings
2020_18_CHI_NO,2020,18,SPREAD_DISAGREEMENT,EXPECTED_MARGIN,4+,away,-105,1.9523809523809523,5.946765003474834,,,0,0,-1.0,0.5121951219512195,10.5,fanduel
2020_18_CLE_PIT,2020,18,SPREAD_DISAGREEMENT,EXPECTED_MARGIN,4+,away,-104,1.9615384615384617,6.205581169781244,,,1,0,0.961538,0.5098039215686274,5.5,fanduel
2020_18_IND_BUF,2020,18,SPREAD_DISAGREEMENT,EXPECTED_MARGIN,2-3,away,-102,1.9803921568627452,2.0782437894561845,,,1,0,0.980392,0.504950495049505,6.5,fanduel
2020_18_LA_SEA,2020,18,SPREAD_DISAGREEMENT,EXPECTED_MARGIN,1-2,away,-105,1.9523809523809523,1.6696204574850064,,,1,0,0.952381,0.5121951219512195,3.0,draftkings
2020_18_TB_WAS,2020,18,SPREAD_DISAGREEMENT,EXPECTED_MARGIN,4+,home,-106,1.9433962264150944,5.699684929330196,,,1,0,0.943396,0.5145631067961165,10.0,fanduel
2020_19_BAL_BUF,2020,19,SPREAD_DISAGREEMENT,EXPECTED_MARGIN,2-3,away,-105,1.9523809523809523,2.5513710932607516,,,0,0,-1.0,0.5121951219512195,2.5,fanduel
2020_19_CLE_KC,2020,19,SPREAD_DISAGREEMENT,EXPECTED_MARGIN,4+,away,-114,1.8771929824561404,12.51226542325837,,,1,0,0.877193,0.5327102803738317,8.5,draftkings
2020_19_LA_GB,2020,19,SPREAD_DISAGREEMENT,EXPECTED_MARGIN,4+,away,-110,1.9090909090909092,5.708928304300823,,,0,0,-1.0,0.5238095238095238,7.0,draftkings
2020_19_TB_NO,2020,19,SPREAD_DISAGREEMENT,EXPECTED_MARGIN,2-3,away,-102,1.9803921568627452,2.9444348735684827,,,1,0,0.980392,0.504950495049505,2.5,fanduel
2020_20_BUF_KC,2020,20,SPREAD_DISAGREEMENT,EXPECTED_MARGIN,4+,away,-114,1.8771929824561404,9.30240823454395,,,0,0,-1.0,0.5327102803738317,3.0,fanduel
2020_20_TB_GB,2020,20,SPREAD_DISAGREEMENT,EXPECTED_MARGIN,3-4,away,-104,1.9615384615384617,3.5625457272389554,,,1,0,0.961538,0.5098039215686274,3.0,draftkings
2020_21_KC_TB,2020,21,SPREAD_DISAGREEMENT,EXPECTED_MARGIN,4+,home,-110,1.9090909090909092,6.581491330414796,,,1,0,0.909091,0.5238095238095238,3.0,draftkings
2021_01_ARI_TEN,2021,01,SPREAD_DISAGREEMENT,EXPECTED_MARGIN,1-2,away,-115,1.8695652173913042,1.3967596066091374,,,1,0,0.869565,0.5348837209302326,3.0,draftkings
2021_01_BAL_LV,2021,01,SPREAD_DISAGREEMENT,EXPECTED_MARGIN,1-2,home,-110,1.9090909090909092,1.999221978746828,,,1,0,0.909091,0.5238095238095238,3.5,fanduel
2021_01_CHI_LA,2021,01,SPREAD_DISAGREEMENT,EXPECTED_MARGIN,4+,away,-114,1.8771929824561404,6.204321348806225,,,0,0,-1.0,0.5327102803738317,8.5,fanduel
2021_01_CLE_KC,2021,01,SPREAD_DISAGREEMENT,EXPECTED_MARGIN,4+,away,-105,1.9523809523809523,4.55667626752426,,,1,0,0.952381,0.5121951219512195,5.0,draftkings
2021_01_DAL_TB,2021,01,SPREAD_DISAGREEMENT,EXPECTED_MARGIN,1-2,away,-118,1.847457627118644,1.2967840806948558,,,1,0,0.847458,0.5412844036697247,9.5,fanduel
2021_01_DEN_NYG,2021,01,SPREAD_DISAGREEMENT,EXPECTED_MARGIN,4+,home,-125,1.8,4.123925891702669,,,0,0,-1.0,0.5555555555555556,3.0,fanduel
2021_01_GB_NO,2021,01,SPREAD_DISAGREEMENT,EXPECTED_MARGIN,2-3,home,-105,1.9523809523809523,2.7771496048168096,,,1,0,0.952381,0.5121951219512195,3.5,fanduel
2021_01_JAX_HOU,2021,01,SPREAD_DISAGREEMENT,EXPECTED_MARGIN,4+,home,-110,1.9090909090909092,6.0157990863215005,,,1,0,0.909091,0.5238095238095238,3.5,draftkings
2021_01_LAC_WAS,2021,01,SPREAD_DISAGREEMENT,EXPECTED_MARGIN,2-3,away,-110,1.9090909090909092,2.5790212548761353,,,1,0,0.909091,0.5238095238095238,2.5,draftkings
2021_01_MIA_NE,2021,01,SPREAD_DISAGREEMENT,EXPECTED_MARGIN,0-1,away,-111,1.900900900900901,0.43583759509138886,,,1,0,0.900901,0.5260663507109005,3.5,fanduel
2021_01_MIN_CIN,2021,01,SPREAD_DISAGREEMENT,EXPECTED_MARGIN,2-3,home,-115,1.8695652173913042,2.650497474430754,,,1,0,0.869565,0.5348837209302326,3.0,draftkings
2021_01_NYJ_CAR,2021,01,SPREAD_DISAGREEMENT,EXPECTED_MARGIN,3-4,away,-108,1.925925925925926,3.1310048266300967,,,0,0,-1.0,0.5192307692307692,3.5,fanduel
2021_01_PHI_ATL,2021,01,SPREAD_DISAGREEMENT,EXPECTED_MARGIN,1-2,away,-114,1.8771929824561404,1.0416473862862041,,,1,0,0.877193,0.5327102803738317,3.5,fanduel
2021_01_PIT_BUF,2021,01,SPREAD_DISAGREEMENT,EXPECTED_MARGIN,1-2,away,-111,1.900900900900901,1.0188313763227654,,,1,0,0.900901,0.5260663507109005,6.5,fanduel
2021_01_SEA_IND,2021,01,SPREAD_DISAGREEMENT,EXPECTED_MARGIN,4+,home,-115,1.8695652173913042,5.095950681463993,,,0,0,-1.0,0.5348837209302326,3.0,draftkings
2021_01_SF_DET,2021,01,SPREAD_DISAGREEMENT,EXPECTED_MARGIN,4+,home,-110,1.9090909090909092,7.087479431465102,,,1,0,0.909091,0.5238095238095238,9.0,draftkings
2021_02_ATL_TB,2021,02,SPREAD_DISAGREEMENT,EXPECTED_MARGIN,4+,away,-105,1.9523809523809523,4.678564003031546,,,0,0,-1.0,0.5121951219512195,12.5,draftkings
2021_02_BUF_MIA,2021,02,SPREAD_DISAGREEMENT,EXPECTED_MARGIN,1-2,home,-108,1.925925925925926,1.3435562989460799,,,0,0,-1.0,0.5192307692307692,3.5,fanduel
2021_02_CIN_CHI,2021,02,SPREAD_DISAGREEMENT,EXPECTED_MARGIN,4+,away,-110,1.9090909090909092,4.594346870789348,,,0,0,-1.0,0.5238095238095238,1.5,draftkings
2021_02_DAL_LAC,2021,02,SPREAD_DISAGREEMENT,EXPECTED_MARGIN,3-4,away,-110,1.9090909090909092,3.171636401624408,,,1,0,0.909091,0.5238095238095238,3.0,draftkings
2021_02_DEN_JAX,2021,02,SPREAD_DISAGREEMENT,EXPECTED_MARGIN,0-1,home,-110,1.9090909090909092,0.6914499700814005,,,0,0,-1.0,0.5238095238095238,6.0,draftkings
2021_02_DET_GB,2021,02,SPREAD_DISAGREEMENT,EXPECTED_MARGIN,4+,away,-105,1.9523809523809523,10.607190762192936,,,0,0,-1.0,0.5121951219512195,11.5,fanduel
2021_02_HOU_CLE,2021,02,SPREAD_DISAGREEMENT,EXPECTED_MARGIN,4+,away,-105,1.9523809523809523,15.331935527734451,,,1,0,0.952381,0.5121951219512195,13.5,draftkings
2021_02_KC_BAL,2021,02,SPREAD_DISAGREEMENT,EXPECTED_MARGIN,3-4,home,-110,1.9090909090909092,3.046552011918184,,,1,0,0.909091,0.5238095238095238,3.5,draftkings
2021_02_LA_IND,2021,02,SPREAD_DISAGREEMENT,EXPECTED_MARGIN,1-2,home,-114,1.8771929824561404,1.003091956050305,,,1,0,0.877193,0.5327102803738317,4.5,fanduel
2021_02_LV_PIT,2021,02,SPREAD_DISAGREEMENT,EXPECTED_MARGIN,4+,away,-110,1.9090909090909092,6.312477499096644,,,1,0,0.909091,0.5238095238095238,5.5,draftkings
2021_02_MIN_ARI,2021,02,SPREAD_DISAGREEMENT,EXPECTED_MARGIN,0-1,away,-106,1.9433962264150944,0.9346683445721204,,,1,0,0.943396,0.5145631067961165,3.5,fanduel
2021_02_NE_NYJ,2021,02,SPREAD_DISAGREEMENT,EXPECTED_MARGIN,3-4,home,-115,1.8695652173913042,3.485294404073141,,,0,0,-1.0,0.5348837209302326,6.0,draftkings
2021_02_NO_CAR,2021,02,SPREAD_DISAGREEMENT,EXPECTED_MARGIN,3-4,away,-110,1.9090909090909092,3.192532336039548,,,0,0,-1.0,0.5238095238095238,-3.0,draftkings
2021_02_NYG_WAS,2021,02,SPREAD_DISAGREEMENT,EXPECTED_MARGIN,2-3,away,-110,1.9090909090909092,2.213388398177578,,,1,0,0.909091,0.5238095238095238,4.0,draftkings
2021_02_SF_PHI,2021,02,SPREAD_DISAGREEMENT,EXPECTED_MARGIN,4+,home,-114,1.8771929824561404,4.200793919988854,,,0,0,-1.0,0.5327102803738317,3.0,fanduel
2021_02_TEN_SEA,2021,02,SPREAD_DISAGREEMENT,EXPECTED_MARGIN,1-2,away,-112,1.8928571428571428,1.8493894054188473,,,1,0,0.892857,0.5283018867924528,6.5,fanduel
2021_03_ARI_JAX,2021,03,SPREAD_DISAGREEMENT,EXPECTED_MARGIN,3-4,home,-110,1.9090909090909092,3.3115496368749824,,,0,0,-1.0,0.5238095238095238,8.0,draftkings
2021_03_ATL_NYG,2021,03,SPREAD_DISAGREEMENT,EXPECTED_MARGIN,0-1,away,-105,1.9523809523809523,0.05088345780891501,,,1,0,0.952381,0.5121951219512195,2.5,draftkings
2021_03_BAL_DET,2021,03,SPREAD_DISAGREEMENT,EXPECTED_MARGIN,2-3,home,-110,1.9090909090909092,2.9982358785281136,,,1,0,0.909091,0.5238095238095238,8.0,draftkings
2021_03_CHI_CLE,2021,03,SPREAD_DISAGREEMENT,EXPECTED_MARGIN,4+,away,-110,1.9090909090909092,5.9497082601376725,,,0,0,-1.0,0.5238095238095238,7.5,draftkings
2021_03_CIN_PIT,2021,03,SPREAD_DISAGREEMENT,EXPECTED_MARGIN,2-3,away,-105,1.9523809523809523,2.9251673097087654,,,1,0,0.952381,0.5121951219512195,2.5,draftkings
2021_03_GB_SF,2021,03,SPREAD_DISAGREEMENT,EXPECTED_MARGIN,3-4,away,100,2.0,3.3896265368642027,,,1,0,1.0,0.5,3.0,draftkings
2021_03_IND_TEN,2021,03,SPREAD_DISAGREEMENT,EXPECTED_MARGIN,4+,away,-105,1.9523809523809523,5.71413536498898,,,0,0,-1.0,0.5121951219512195,4.5,fanduel
2021_03_LAC_KC,2021,03,SPREAD_DISAGREEMENT,EXPECTED_MARGIN,4+,away,-110,1.9090909090909092,7.976536434261888,,,1,0,0.909091,0.5238095238095238,7.0,draftkings
2021_03_MIA_LV,2021,03,SPREAD_DISAGREEMENT,EXPECTED_MARGIN,0-1,home,-105,1.9523809523809523,0.7966689964538318,,,0,0,-1.0,0.5121951219512195,-3.5,draftkings
2021_03_NO_NE,2021,03,SPREAD_DISAGREEMENT,EXPECTED_MARGIN,2-3,away,-122,1.819672131147541,2.043989468053965,,,1,0,0.819672,0.5495495495495495,3.0,fanduel
2021_03_NYJ_DEN,2021,03,SPREAD_DISAGREEMENT,EXPECTED_MARGIN,4+,away,-110,1.9090909090909092,6.279964194317106,,,0,0,-1.0,0.5238095238095238,10.0,fanduel
2021_03_PHI_DAL,2021,03,SPREAD_DISAGREEMENT,EXPECTED_MARGIN,4+,away,-115,1.8695652173913042,4.129364141214857,,,0,0,-1.0,0.5348837209302326,3.5,draftkings
2021_03_SEA_MIN,2021,03,SPREAD_DISAGREEMENT,EXPECTED_MARGIN,0-1,home,-110,1.9090909090909092,0.19965339490995504,,,1,0,0.909091,0.5238095238095238,2.5,fanduel
2021_03_TB_LA,2021,03,SPREAD_DISAGREEMENT,EXPECTED_MARGIN,2-3,away,-110,1.9090909090909092,2.8622545307064655,,,0,0,-1.0,0.5238095238095238,-1.0,draftkings
2021_03_WAS_BUF,2021,03,SPREAD_DISAGREEMENT,EXPECTED_MARGIN,4+,away,-102,1.9803921568627452,4.970825439820555,,,0,0,-1.0,0.504950495049505,7.0,fanduel
2021_04_ARI_LA,2021,04,SPREAD_DISAGREEMENT,EXPECTED_MARGIN,1-2,away,-104,1.9615384615384617,1.853916180718322,,,1,0,0.961538,0.5098039215686274,3.5,fanduel
2021_04_BAL_DEN,2021,04,SPREAD_DISAGREEMENT,EXPECTED_MARGIN,3-4,home,-110,1.9090909090909092,3.8276271288087322,,,0,0,-1.0,0.5238095238095238,-1.0,draftkings
2021_04_CAR_DAL,2021,04,SPREAD_DISAGREEMENT,EXPECTED_MARGIN,2-3,away,-114,1.8771929824561404,2.678602922651095,,,0,0,-1.0,0.5327102803738317,4.5,fanduel
2021_04_CLE_MIN,2021,04,SPREAD_DISAGREEMENT,EXPECTED_MARGIN,1-2,home,-110,1.9090909090909092,1.6859342386893594,,,0,0,-1.0,0.5238095238095238,1.0,draftkings
2021_04_DET_CHI,2021,04,SPREAD_DISAGREEMENT,EXPECTED_MARGIN,2-3,away,-115,1.8695652173913042,2.1261013736209797,,,0,0,-1.0,0.5348837209302326,3.0,fanduel
2021_04_HOU_BUF,2021,04,SPREAD_DISAGREEMENT,EXPECTED_MARGIN,4+,away,-110,1.9090909090909092,11.568043592090515,,,0,0,-1.0,0.5238095238095238,18.5,draftkings
2021_04_IND_MIA,2021,04,SPREAD_DISAGREEMENT,EXPECTED_MARGIN,1-2,away,-105,1.9523809523809523,1.5917131864473966,,,1,0,0.952381,0.5121951219512195,2.5,draftkings
2021_04_JAX_CIN,2021,04,SPREAD_DISAGREEMENT,EXPECTED_MARGIN,2-3,away,-114,1.8771929824561404,2.4442383838568844,,,1,0,0.877193,0.5327102803738317,7.5,fanduel
2021_04_KC_PHI,2021,04,SPREAD_DISAGREEMENT,EXPECTED_MARGIN,4+,home,-110,1.9090909090909092,7.239333934387421,,,0,0,-1.0,0.5238095238095238,7.0,draftkings
2021_04_LV_LAC,2021,04,SPREAD_DISAGREEMENT,EXPECTED_MARGIN,1-2,away,-105,1.9523809523809523,1.38597199112181,,,0,0,-1.0,0.5121951219512195,3.0,draftkings
2021_04_NYG_NO,2021,04,SPREAD_DISAGREEMENT,EXPECTED_MARGIN,2-3,away,-105,1.9523809523809523,2.5528143585674314,,,1,0,0.952381,0.5121951219512195,7.0,draftkings
2021_04_PIT_GB,2021,04,SPREAD_DISAGREEMENT,EXPECTED_MARGIN,1-2,away,-110,1.9090909090909092,1.9828759039993145,,,0,0,-1.0,0.5238095238095238,6.0,draftkings
2021_04_SEA_SF,2021,04,SPREAD_DISAGREEMENT,EXPECTED_MARGIN,0-1,home,-110,1.9090909090909092,0.6080917434864155,,,0,0,-1.0,0.5238095238095238,-2.5,draftkings
2021_04_TB_NE,2021,04,SPREAD_DISAGREEMENT,EXPECTED_MARGIN,4+,home,-110,1.9090909090909092,5.53363385785422,,,1,0,0.909091,0.5238095238095238,7.0,draftkings
2021_04_TEN_NYJ,2021,04,SPREAD_DISAGREEMENT,EXPECTED_MARGIN,1-2,home,-110,1.9090909090909092,1.5018189709380536,,,1,0,0.909091,0.5238095238095238,5.5,draftkings
2021_04_WAS_ATL,2021,04,SPREAD_DISAGREEMENT,EXPECTED_MARGIN,4+,home,-105,1.9523809523809523,4.700425814936107,,,0,0,-1.0,0.5121951219512195,2.5,draftkings
2021_05_BUF_KC,2021,05,SPREAD_DISAGREEMENT,EXPECTED_MARGIN,4+,away,-114,1.8771929824561404,7.723012025904179,,,1,0,0.877193,0.5327102803738317,3.0,fanduel
2021_05_CHI_LV,2021,05,SPREAD_DISAGREEMENT,EXPECTED_MARGIN,4+,away,-110,1.9090909090909092,5.46019092932098,,,1,0,0.909091,0.5238095238095238,5.5,fanduel
2021_05_CLE_LAC,2021,05,SPREAD_DISAGREEMENT,EXPECTED_MARGIN,1-2,away,-110,1.9090909090909092,1.5227040176749114,,,0,0,-1.0,0.5238095238095238,2.5,draftkings
2021_05_DEN_PIT,2021,05,SPREAD_DISAGREEMENT,EXPECTED_MARGIN,0-1,away,-118,1.847457627118644,0.13590165133721754,,,0,0,-1.0,0.5412844036697247,-1.5,fanduel
2021_05_DET_MIN,2021,05,SPREAD_DISAGREEMENT,EXPECTED_MARGIN,4+,away,-106,1.9433962264150944,7.191218556940562,,,1,0,0.943396,0.5145631067961165,10.0,fanduel
2021_05_GB_CIN,2021,05,SPREAD_DISAGREEMENT,EXPECTED_MARGIN,2-3,home,-120,1.8333333333333335,2.6863923534435052,,,0,1,0.0,0.5454545454545454,3.0,fanduel
2021_05_IND_BAL,2021,05,SPREAD_DISAGREEMENT,EXPECTED_MARGIN,4+,away,-110,1.9090909090909092,4.8071214991944835,,,1,0,0.909091,0.5238095238095238,7.5,draftkings
2021_05_MIA_TB,2021,05,SPREAD_DISAGREEMENT,EXPECTED_MARGIN,4+,away,-110,1.9090909090909092,7.103251806149977,,,0,0,-1.0,0.5238095238095238,11.5,draftkings
2021_05_NE_HOU,2021,05,SPREAD_DISAGREEMENT,EXPECTED_MARGIN,4+,home,-108,1.925925925925926,4.2402212327769,,,1,0,0.925926,0.5192307692307692,7.5,fanduel
2021_05_NO_WAS,2021,05,SPREAD_DISAGREEMENT,EXPECTED_MARGIN,2-3,home,-105,1.9523809523809523,2.295101341237814,,,0,0,-1.0,0.5121951219512195,2.5,draftkings
2021_05_NYG_DAL,2021,05,SPREAD_DISAGREEMENT,EXPECTED_MARGIN,4+,away,-110,1.9090909090909092,4.239655212796158,,,0,0,-1.0,0.5238095238095238,7.0,fanduel
2021_05_NYJ_ATL,2021,05,SPREAD_DISAGREEMENT,EXPECTED_MARGIN,2-3,away,-115,1.8695652173913042,2.057566120470927,,,0,0,-1.0,0.5348837209302326,3.0,draftkings
2021_05_PHI_CAR,2021,05,SPREAD_DISAGREEMENT,EXPECTED_MARGIN,1-2,home,-115,1.8695652173913042,1.365774379872203,,,0,0,-1.0,0.5348837209302326,-2.5,draftkings
2021_05_SF_ARI,2021,05,SPREAD_DISAGREEMENT,EXPECTED_MARGIN,1-2,away,-105,1.9523809523809523,1.0787872566624408,,,0,0,-1.0,0.5121951219512195,5.5,draftkings
2021_05_TEN_JAX,2021,05,SPREAD_DISAGREEMENT,EXPECTED_MARGIN,4+,home,-108,1.925925925925926,4.226376686493438,,,0,0,-1.0,0.5192307692307692,4.5,fanduel
2021_06_ARI_CLE,2021,06,SPREAD_DISAGREEMENT,EXPECTED_MARGIN,3-4,away,-115,1.8695652173913042,3.8315975675913236,,,1,0,0.869565,0.5348837209302326,3.0,draftkings
2021_06_BUF_TEN,2021,06,SPREAD_DISAGREEMENT,EXPECTED_MARGIN,3-4,home,-105,1.9523809523809523,3.471684153909038,,,1,0,0.952381,0.5121951219512195,6.0,draftkings
2021_06_CIN_DET,2021,06,SPREAD_DISAGREEMENT,EXPECTED_MARGIN,3-4,home,-110,1.9090909090909092,3.3373778416115876,,,0,0,-1.0,0.5238095238095238,4.0,draftkings
2021_06_DAL_NE,2021,06,SPREAD_DISAGREEMENT,EXPECTED_MARGIN,0-1,away,-110,1.9090909090909092,0.5269296114080007,,,1,0,0.909091,0.5238095238095238,-3.5,fanduel
2021_06_GB_CHI,2021,06,SPREAD_DISAGREEMENT,EXPECTED_MARGIN,4+,home,-115,1.8695652173913042,5.530606120928201,,,0,0,-1.0,0.5348837209302326,6.0,draftkings
2021_06_HOU_IND,2021,06,SPREAD_DISAGREEMENT,EXPECTED_MARGIN,4+,away,-110,1.9090909090909092,7.418975041240714,,,0,0,-1.0,0.5238095238095238,11.5,fanduel
2021_06_KC_WAS,2021,06,SPREAD_DISAGREEMENT,EXPECTED_MARGIN,4+,home,-110,1.9090909090909092,5.790525256725115,,,0,0,-1.0,0.5238095238095238,6.5,draftkings
2021_06_LAC_BAL,2021,06,SPREAD_DISAGREEMENT,EXPECTED_MARGIN,2-3,away,-115,1.8695652173913042,2.6448274852510423,,,0,0,-1.0,0.5348837209302326,3.0,fanduel
2021_06_LA_NYG,2021,06,SPREAD_DISAGREEMENT,EXPECTED_MARGIN,4+,home,-110,1.9090909090909092,4.299233187434631,,,0,0,-1.0,0.5238095238095238,7.5,draftkings
2021_06_LV_DEN,2021,06,SPREAD_DISAGREEMENT,EXPECTED_MARGIN,3-4,away,-110,1.9090909090909092,3.2217561282685416,,,1,0,0.909091,0.5238095238095238,5.5,fanduel
2021_06_MIA_JAX,2021,06,SPREAD_DISAGREEMENT,EXPECTED_MARGIN,3-4,home,-115,1.8695652173913042,3.89428410758736,,,1,0,0.869565,0.5348837209302326,3.0,draftkings
2021_06_MIN_CAR,2021,06,SPREAD_DISAGREEMENT,EXPECTED_MARGIN,2-3,home,-110,1.9090909090909092,2.662332125157569,,,0,0,-1.0,0.5238095238095238,2.5,draftkings
2021_06_SEA_PIT,2021,06,SPREAD_DISAGREEMENT,EXPECTED_MARGIN,3-4,away,-110,1.9090909090909092,3.950245636676602,,,1,0,0.909091,0.5238095238095238,4.5,draftkings
2021_06_TB_PHI,2021,06,SPREAD_DISAGREEMENT,EXPECTED_MARGIN,3-4,home,-115,1.8695652173913042,3.1943713821580175,,,1,0,0.869565,0.5348837209302326,7.0,draftkings
2021_07_ATL_MIA,2021,07,SPREAD_DISAGREEMENT,EXPECTED_MARGIN,2-3,away,-110,1.9090909090909092,2.058765848974062,,,1,0,0.909091,0.5238095238095238,-1.5,draftkings
2021_07_CAR_NYG,2021,07,SPREAD_DISAGREEMENT,EXPECTED_MARGIN,1-2,away,-105,1.9523809523809523,1.6843901502081593,,,0,0,-1.0,0.5121951219512195,-3.0,draftkings
2021_07_CHI_TB,2021,07,SPREAD_DISAGREEMENT,EXPECTED_MARGIN,4+,away,-112,1.8928571428571428,9.920437180100592,,,0,0,-1.0,0.5283018867924528,12.5,fanduel
2021_07_CIN_BAL,2021,07,SPREAD_DISAGREEMENT,EXPECTED_MARGIN,4+,away,-110,1.9090909090909092,4.876702029410136,,,1,0,0.909091,0.5238095238095238,6.5,fanduel
2021_07_DEN_CLE,2021,07,SPREAD_DISAGREEMENT,EXPECTED_MARGIN,2-3,away,-105,1.9523809523809523,2.4646118866693953,,,0,0,-1.0,0.5121951219512195,1.5,fanduel
2021_07_DET_LA,2021,07,SPREAD_DISAGREEMENT,EXPECTED_MARGIN,4+,away,-110,1.9090909090909092,10.918223973060492,,,1,0,0.909091,0.5238095238095238,16.5,fanduel
2021_07_HOU_ARI,2021,07,SPREAD_DISAGREEMENT,EXPECTED_MARGIN,4+,away,-110,1.9090909090909092,12.499480565640429,,,0,0,-1.0,0.5238095238095238,20.5,draftkings
2021_07_IND_SF,2021,07,SPREAD_DISAGREEMENT,EXPECTED_MARGIN,4+,away,-114,1.8771929824561404,7.759749263969628,,,1,0,0.877193,0.5327102803738317,3.5,fanduel
2021_07_KC_TEN,2021,07,SPREAD_DISAGREEMENT,EXPECTED_MARGIN,4+,home,-106,1.9433962264150944,4.071220531292887,,,1,0,0.943396,0.5145631067961165,4.0,fanduel
2021_07_NO_SEA,2021,07,SPREAD_DISAGREEMENT,EXPECTED_MARGIN,3-4,home,-114,1.8771929824561404,3.5830786406307062,,,1,0,0.877193,0.5327102803738317,5.5,fanduel
2021_07_NYJ_NE,2021,07,SPREAD_DISAGREEMENT,EXPECTED_MARGIN,4+,away,-105,1.9523809523809523,7.346724206098099,,,0,0,-1.0,0.5121951219512195,7.0,draftkings
2021_07_PHI_LV,2021,07,SPREAD_DISAGREEMENT,EXPECTED_MARGIN,0-1,away,-110,1.9090909090909092,0.5703624165030305,,,0,0,-1.0,0.5238095238095238,1.0,draftkings
2021_07_WAS_GB,2021,07,SPREAD_DISAGREEMENT,EXPECTED_MARGIN,3-4,away,-110,1.9090909090909092,3.959057192103483,,,0,0,-1.0,0.5238095238095238,8.5,draftkings
2021_08_CAR_ATL,2021,08,SPREAD_DISAGREEMENT,EXPECTED_MARGIN,2-3,home,-110,1.9090909090909092,2.7147869772918405,,,0,0,-1.0,0.5238095238095238,-2.5,draftkings
2021_08_CIN_NYJ,2021,08,SPREAD_DISAGREEMENT,EXPECTED_MARGIN,2-3,home,-108,1.925925925925926,2.923853822074996,,,1,0,0.925926,0.5192307692307692,11.5,fanduel
2021_08_DAL_MIN,2021,08,SPREAD_DISAGREEMENT,EXPECTED_MARGIN,3-4,away,-115,1.8695652173913042,3.4145524617890963,,,1,0,0.869565,0.5348837209302326,4.5,fanduel
2021_08_GB_ARI,2021,08,SPREAD_DISAGREEMENT,EXPECTED_MARGIN,1-2,away,-105,1.9523809523809523,1.3543437332479797,,,1,0,0.952381,0.5121951219512195,6.0,draftkings
2021_08_JAX_SEA,2021,08,SPREAD_DISAGREEMENT,EXPECTED_MARGIN,1-2,away,-110,1.9090909090909092,1.2947852095799277,,,0,0,-1.0,0.5238095238095238,4.0,draftkings
2021_08_LA_HOU,2021,08,SPREAD_DISAGREEMENT,EXPECTED_MARGIN,4+,home,-115,1.8695652173913042,11.175167822290966,,,1,0,0.869565,0.5348837209302326,17.0,fanduel
2021_08_MIA_BUF,2021,08,SPREAD_DISAGREEMENT,EXPECTED_MARGIN,4+,away,-110,1.9090909090909092,8.446978944103318,,,0,1,0.0,0.5238095238095238,15.0,draftkings
2021_08_NE_LAC,2021,08,SPREAD_DISAGREEMENT,EXPECTED_MARGIN,4+,away,-105,1.9523809523809523,7.456224497999862,,,1,0,0.952381,0.5121951219512195,3.5,draftkings
2021_08_NYG_KC,2021,08,SPREAD_DISAGREEMENT,EXPECTED_MARGIN,4+,away,-105,1.9523809523809523,8.545554145162999,,,1,0,0.952381,0.5121951219512195,10.5,draftkings
2021_08_PHI_DET,2021,08,SPREAD_DISAGREEMENT,EXPECTED_MARGIN,4+,home,-104,1.9615384615384617,5.284687054857567,,,0,0,-1.0,0.5098039215686274,3.0,fanduel
2021_08_PIT_CLE,2021,08,SPREAD_DISAGREEMENT,EXPECTED_MARGIN,3-4,away,-115,1.8695652173913042,3.4729623767367634,,,1,0,0.869565,0.5348837209302326,5.5,fanduel
2021_08_SF_CHI,2021,08,SPREAD_DISAGREEMENT,EXPECTED_MARGIN,4+,home,-110,1.9090909090909092,5.336834059608314,,,0,0,-1.0,0.5238095238095238,4.5,fanduel
2021_08_TB_NO,2021,08,SPREAD_DISAGREEMENT,EXPECTED_MARGIN,2-3,home,-110,1.9090909090909092,2.570940112536398,,,1,0,0.909091,0.5238095238095238,4.0,draftkings
2021_08_TEN_IND,2021,08,SPREAD_DISAGREEMENT,EXPECTED_MARGIN,1-2,away,-110,1.9090909090909092,1.1697461941568008,,,1,0,0.909091,0.5238095238095238,3.0,draftkings
2021_08_WAS_DEN,2021,08,SPREAD_DISAGREEMENT,EXPECTED_MARGIN,0-1,home,-110,1.9090909090909092,0.8620549687621768,,,1,0,0.909091,0.5238095238095238,-4.0,draftkings
2021_09_ARI_SF,2021,09,SPREAD_DISAGREEMENT,EXPECTED_MARGIN,4+,away,-114,1.8771929824561404,4.887124643533259,,,1,0,0.877193,0.5327102803738317,4.5,fanduel
2021_09_ATL_NO,2021,09,SPREAD_DISAGREEMENT,EXPECTED_MARGIN,2-3,away,-115,1.8695652173913042,2.527733253073965,,,1,0,0.869565,0.5348837209302326,7.0,fanduel
2021_09_BUF_JAX,2021,09,SPREAD_DISAGREEMENT,EXPECTED_MARGIN,4+,home,-110,1.9090909090909092,10.026341198450414,,,1,0,0.909091,0.5238095238095238,14.5,draftkings
2021_09_CLE_CIN,2021,09,SPREAD_DISAGREEMENT,EXPECTED_MARGIN,2-3,home,-115,1.8695652173913042,2.22508548509569,,,0,0,-1.0,0.5348837209302326,-1.5,fanduel
2021_09_DEN_DAL,2021,09,SPREAD_DISAGREEMENT,EXPECTED_MARGIN,4+,away,-115,1.8695652173913042,6.784367265270092,,,1,0,0.869565,0.5348837209302326,10.0,draftkings
2021_09_GB_KC,2021,09,SPREAD_DISAGREEMENT,EXPECTED_MARGIN,4+,away,-110,1.9090909090909092,8.849996041809998,,,1,0,0.909091,0.5238095238095238,7.0,draftkings
2021_09_HOU_MIA,2021,09,SPREAD_DISAGREEMENT,EXPECTED_MARGIN,1-2,away,-110,1.9090909090909092,1.1928718668316058,,,0,0,-1.0,0.5238095238095238,4.0,draftkings
2021_09_LAC_PHI,2021,09,SPREAD_DISAGREEMENT,EXPECTED_MARGIN,4+,home,-110,1.9090909090909092,6.632639762902883,,,0,0,-1.0,0.5238095238095238,1.0,fanduel
2021_09_LV_NYG,2021,09,SPREAD_DISAGREEMENT,EXPECTED_MARGIN,2-3,home,-115,1.8695652173913042,2.000756515680436,,,1,0,0.869565,0.5348837209302326,3.0,fanduel
2021_09_MIN_BAL,2021,09,SPREAD_DISAGREEMENT,EXPECTED_MARGIN,4+,away,-110,1.9090909090909092,5.84025758663962,,,1,0,0.909091,0.5238095238095238,7.0,fanduel
2021_09_NE_CAR,2021,09,SPREAD_DISAGREEMENT,EXPECTED_MARGIN,0-1,home,-115,1.8695652173913042,0.4648162623846801,,,0,0,-1.0,0.5348837209302326,3.5,fanduel
2021_09_NYJ_IND,2021,09,SPREAD_DISAGREEMENT,EXPECTED_MARGIN,3-4,away,-115,1.8695652173913042,3.9905606003792506,,,0,0,-1.0,0.5348837209302326,10.5,fanduel
2021_09_TEN_LA,2021,09,SPREAD_DISAGREEMENT,EXPECTED_MARGIN,4+,away,-115,1.8695652173913042,6.369415378179507,,,1,0,0.869565,0.5348837209302326,7.5,draftkings
2021_10_ATL_DAL,2021,10,SPREAD_DISAGREEMENT,EXPECTED_MARGIN,4+,away,-108,1.925925925925926,9.03867524778368,,,0,0,-1.0,0.5192307692307692,7.5,fanduel
2021_10_BUF_NYJ,2021,10,SPREAD_DISAGREEMENT,EXPECTED_MARGIN,4+,home,-112,1.8928571428571428,8.060833295278506,,,0,0,-1.0,0.5283018867924528,13.5,fanduel
2021_10_CAR_ARI,2021,10,SPREAD_DISAGREEMENT,EXPECTED_MARGIN,1-2,away,-110,1.9090909090909092,1.9812486943976495,,,1,0,0.909091,0.5238095238095238,7.0,draftkings
2021_10_CLE_NE,2021,10,SPREAD_DISAGREEMENT,EXPECTED_MARGIN,1-2,away,-112,1.8928571428571428,1.2943474262846841,,,0,0,-1.0,0.5283018867924528,2.5,fanduel
2021_10_DET_PIT,2021,10,SPREAD_DISAGREEMENT,EXPECTED_MARGIN,1-2,away,-110,1.9090909090909092,1.468484429688374,,,1,0,0.909091,0.5238095238095238,6.0,fanduel
2021_10_JAX_IND,2021,10,SPREAD_DISAGREEMENT,EXPECTED_MARGIN,4+,away,-115,1.8695652173913042,6.91473678590366,,,1,0,0.869565,0.5348837209302326,10.5,fanduel
2021_10_KC_LV,2021,10,SPREAD_DISAGREEMENT,EXPECTED_MARGIN,1-2,home,-115,1.8695652173913042,1.093655975491501,,,0,0,-1.0,0.5348837209302326,3.0,fanduel
2021_10_LA_SF,2021,10,SPREAD_DISAGREEMENT,EXPECTED_MARGIN,1-2,home,-105,1.9523809523809523,1.8270915875166693,,,1,0,0.952381,0.5121951219512195,3.5,draftkings
2021_10_MIN_LAC,2021,10,SPREAD_DISAGREEMENT,EXPECTED_MARGIN,2-3,away,-112,1.8928571428571428,2.6156507387931214,,,1,0,0.892857,0.5283018867924528,3.5,fanduel
2021_10_NO_TEN,2021,10,SPREAD_DISAGREEMENT,EXPECTED_MARGIN,0-1,away,-120,1.8333333333333335,0.8854471126517893,,,1,0,0.833333,0.5454545454545454,3.0,draftkings
2021_10_PHI_DEN,2021,10,SPREAD_DISAGREEMENT,EXPECTED_MARGIN,1-2,away,-115,1.8695652173913042,1.085979516700995,,,1,0,0.869565,0.5348837209302326,1.0,fanduel
2021_10_SEA_GB,2021,10,SPREAD_DISAGREEMENT,EXPECTED_MARGIN,4+,away,-105,1.9523809523809523,4.513077616550692,,,0,0,-1.0,0.5121951219512195,3.0,draftkings
2021_10_TB_WAS,2021,10,SPREAD_DISAGREEMENT,EXPECTED_MARGIN,4+,home,-105,1.9523809523809523,6.489396385937837,,,1,0,0.952381,0.5121951219512195,9.5,draftkings
2021_11_ARI_SEA,2021,11,SPREAD_DISAGREEMENT,EXPECTED_MARGIN,3-4,away,-105,1.9523809523809523,3.438953047101183,,,1,0,0.952381,0.5121951219512195,3.0,draftkings
2021_11_BAL_CHI,2021,11,SPREAD_DISAGREEMENT,EXPECTED_MARGIN,1-2,home,-110,1.9090909090909092,1.3833775850081267,,,0,0,-1.0,0.5238095238095238,1.5,draftkings
2021_11_DAL_KC,2021,11,SPREAD_DISAGREEMENT,EXPECTED_MARGIN,1-2,away,-105,1.9523809523809523,1.7952152351167925,,,0,0,-1.0,0.5121951219512195,2.5,draftkings
2021_11_DET_CLE,2021,11,SPREAD_DISAGREEMENT,EXPECTED_MARGIN,4+,away,-115,1.8695652173913042,13.580312085355448,,,1,0,0.869565,0.5348837209302326,13.5,fanduel
2021_11_GB_MIN,2021,11,SPREAD_DISAGREEMENT,EXPECTED_MARGIN,0-1,away,-110,1.9090909090909092,0.7872117980557896,,,0,0,-1.0,0.5238095238095238,-1.5,draftkings
2021_11_HOU_TEN,2021,11,SPREAD_DISAGREEMENT,EXPECTED_MARGIN,4+,away,-115,1.8695652173913042,5.48621741740563,,,1,0,0.869565,0.5348837209302326,10.5,fanduel
2021_11_IND_BUF,2021,11,SPREAD_DISAGREEMENT,EXPECTED_MARGIN,4+,away,-110,1.9090909090909092,5.188469065719978,,,1,0,0.909091,0.5238095238095238,7.0,draftkings
2021_11_NE_ATL,2021,11,SPREAD_DISAGREEMENT,EXPECTED_MARGIN,3-4,away,-105,1.9523809523809523,3.439800062399609,,,1,0,0.952381,0.5121951219512195,-7.0,fanduel
2021_11_NO_PHI,2021,11,SPREAD_DISAGREEMENT,EXPECTED_MARGIN,0-1,home,-108,1.925925925925926,0.3484657615753797,,,1,0,0.925926,0.5192307692307692,-3.0,fanduel
2021_11_NYG_TB,2021,11,SPREAD_DISAGREEMENT,EXPECTED_MARGIN,4+,away,-110,1.9090909090909092,12.435380502986572,,,0,0,-1.0,0.5238095238095238,11.5,draftkings
2021_11_PIT_LAC,2021,11,SPREAD_DISAGREEMENT,EXPECTED_MARGIN,4+,away,-110,1.9090909090909092,6.570822387645766,,,1,0,0.909091,0.5238095238095238,6.5,fanduel
2021_11_SF_JAX,2021,11,SPREAD_DISAGREEMENT,EXPECTED_MARGIN,3-4,home,-110,1.9090909090909092,3.7838633321796493,,,0,0,-1.0,0.5238095238095238,7.0,draftkings
2021_11_WAS_CAR,2021,11,SPREAD_DISAGREEMENT,EXPECTED_MARGIN,1-2,away,-120,1.8333333333333335,1.8646000925931716,,,1,0,0.833333,0.5454545454545454,3.5,draftkings
2021_12_ATL_JAX,2021,12,SPREAD_DISAGREEMENT,EXPECTED_MARGIN,2-3,home,-110,1.9090909090909092,2.153191493372976,,,0,0,-1.0,0.5238095238095238,1.5,draftkings
2021_12_BUF_NO,2021,12,SPREAD_DISAGREEMENT,EXPECTED_MARGIN,4+,home,-110,1.9090909090909092,5.802600214527526,,,0,0,-1.0,0.5238095238095238,7.0,draftkings
2021_12_CAR_MIA,2021,12,SPREAD_DISAGREEMENT,EXPECTED_MARGIN,0-1,home,-118,1.847457627118644,0.8145402767604608,,,1,0,0.847458,0.5412844036697247,1.5,fanduel
2021_12_CHI_DET,2021,12,SPREAD_DISAGREEMENT,EXPECTED_MARGIN,1-2,home,-118,1.847457627118644,1.0981881367025323,,,1,0,0.847458,0.5412844036697247,3.0,fanduel
2021_12_CLE_BAL,2021,12,SPREAD_DISAGREEMENT,EXPECTED_MARGIN,3-4,away,-108,1.925925925925926,3.2283501999652557,,,0,0,-1.0,0.5192307692307692,3.0,fanduel
2021_12_LAC_DEN,2021,12,SPREAD_DISAGREEMENT,EXPECTED_MARGIN,0-1,home,-118,1.847457627118644,0.45436024258051333,,,1,0,0.847458,0.5412844036697247,3.0,fanduel
2021_12_LA_GB,2021,12,SPREAD_DISAGREEMENT,EXPECTED_MARGIN,3-4,home,-115,1.8695652173913042,3.7803609316532523,,,1,0,0.869565,0.5348837209302326,2.5,fanduel
2021_12_LV_DAL,2021,12,SPREAD_DISAGREEMENT,EXPECTED_MARGIN,3-4,away,-112,1.8928571428571428,3.833568332541997,,,1,0,0.892857,0.5283018867924528,7.5,fanduel
2021_12_MIN_SF,2021,12,SPREAD_DISAGREEMENT,EXPECTED_MARGIN,1-2,away,-110,1.9090909090909092,1.6551222388642728,,,0,0,-1.0,0.5238095238095238,3.5,draftkings
2021_12_NYJ_HOU,2021,12,SPREAD_DISAGREEMENT,EXPECTED_MARGIN,0-1,away,-120,1.8333333333333335,0.7509494896880007,,,1,0,0.833333,0.5454545454545454,3.0,draftkings
2021_12_PHI_NYG,2021,12,SPREAD_DISAGREEMENT,EXPECTED_MARGIN,3-4,away,-110,1.9090909090909092,3.2654655880125496,,,0,0,-1.0,0.5238095238095238,-4.0,fanduel
2021_12_PIT_CIN,2021,12,SPREAD_DISAGREEMENT,EXPECTED_MARGIN,2-3,away,-110,1.9090909090909092,2.92143732986505,,,0,0,-1.0,0.5238095238095238,3.5,draftkings
2021_12_SEA_WAS,2021,12,SPREAD_DISAGREEMENT,EXPECTED_MARGIN,3-4,home,-110,1.9090909090909092,3.6089583262256717,,,1,0,0.909091,0.5238095238095238,2.0,draftkings
2021_12_TB_IND,2021,12,SPREAD_DISAGREEMENT,EXPECTED_MARGIN,4+,home,-108,1.925925925925926,4.078526849196617,,,0,0,-1.0,0.5192307692307692,3.0,fanduel
2021_12_TEN_NE,2021,12,SPREAD_DISAGREEMENT,EXPECTED_MARGIN,2-3,away,-110,1.9090909090909092,2.306416397774754,,,0,0,-1.0,0.5238095238095238,7.5,fanduel
2021_13_ARI_CHI,2021,13,SPREAD_DISAGREEMENT,EXPECTED_MARGIN,4+,home,-104,1.9615384615384617,7.622350623666524,,,0,0,-1.0,0.5098039215686274,7.5,fanduel
2021_13_BAL_PIT,2021,13,SPREAD_DISAGREEMENT,EXPECTED_MARGIN,0-1,away,-110,1.9090909090909092,0.11552924361885886,,,0,0,-1.0,0.5238095238095238,-4.0,draftkings
2021_13_DAL_NO,2021,13,SPREAD_DISAGREEMENT,EXPECTED_MARGIN,3-4,home,100,2.0,3.5428123305251376,,,0,0,-1.0,0.5,6.5,draftkings
2021_13_DEN_KC,2021,13,SPREAD_DISAGREEMENT,EXPECTED_MARGIN,4+,away,-110,1.9090909090909092,7.122223722046392,,,0,0,-1.0,0.5238095238095238,8.5,draftkings
2021_13_IND_HOU,2021,13,SPREAD_DISAGREEMENT,EXPECTED_MARGIN,4+,home,-110,1.9090909090909092,8.307766371335749,,,0,0,-1.0,0.5238095238095238,10.0,draftkings
2021_13_JAX_LA,2021,13,SPREAD_DISAGREEMENT,EXPECTED_MARGIN,4+,away,-110,1.9090909090909092,12.013901384332655,,,0,0,-1.0,0.5238095238095238,14.0,draftkings
2021_13_LAC_CIN,2021,13,SPREAD_DISAGREEMENT,EXPECTED_MARGIN,4+,home,-115,1.8695652173913042,4.5809112070585805,,,0,0,-1.0,0.5348837209302326,-2.5,draftkings
2021_13_MIN_DET,2021,13,SPREAD_DISAGREEMENT,EXPECTED_MARGIN,4+,home,-106,1.9433962264150944,6.549166975107283,,,1,0,0.943396,0.5145631067961165,7.0,fanduel
2021_13_NE_BUF,2021,13,SPREAD_DISAGREEMENT,EXPECTED_MARGIN,4+,away,-110,1.9090909090909092,7.463493557511651,,,1,0,0.909091,0.5238095238095238,3.0,draftkings
2021_13_NYG_MIA,2021,13,SPREAD_DISAGREEMENT,EXPECTED_MARGIN,2-3,away,-115,1.8695652173913042,2.430060808766598,,,0,0,-1.0,0.5348837209302326,6.5,draftkings
2021_13_PHI_NYJ,2021,13,SPREAD_DISAGREEMENT,EXPECTED_MARGIN,4+,home,-110,1.9090909090909092,4.712185097263571,,,0,0,-1.0,0.5238095238095238,5.5,draftkings
2021_13_SF_SEA,2021,13,SPREAD_DISAGREEMENT,EXPECTED_MARGIN,0-1,away,-105,1.9523809523809523,0.6170801452845929,,,0,0,-1.0,0.5121951219512195,-3.0,draftkings
2021_13_TB_ATL,2021,13,SPREAD_DISAGREEMENT,EXPECTED_MARGIN,4+,home,-106,1.9433962264150944,6.756626823204535,,,0,0,-1.0,0.5145631067961165,10.5,fanduel
2021_13_WAS_LV,2021,13,SPREAD_DISAGREEMENT,EXPECTED_MARGIN,2-3,away,-110,1.9090909090909092,2.4547368440702435,,,1,0,0.909091,0.5238095238095238,2.0,draftkings
2021_14_ATL_CAR,2021,14,SPREAD_DISAGREEMENT,EXPECTED_MARGIN,0-1,away,-105,1.9523809523809523,0.7640369670847029,,,1,0,0.952381,0.5121951219512195,2.5,draftkings
2021_14_BAL_CLE,2021,14,SPREAD_DISAGREEMENT,EXPECTED_MARGIN,3-4,away,-120,1.8333333333333335,3.0891405300260217,,,1,0,0.833333,0.5454545454545454,3.0,draftkings
2021_14_BUF_TB,2021,14,SPREAD_DISAGREEMENT,EXPECTED_MARGIN,1-2,away,-106,1.9433962264150944,1.5974375995440937,,,0,0,-1.0,0.5145631067961165,3.5,fanduel
2021_14_CHI_GB,2021,14,SPREAD_DISAGREEMENT,EXPECTED_MARGIN,4+,away,-110,1.9090909090909092,8.798714563698262,,,0,0,-1.0,0.5238095238095238,11.5,draftkings
2021_14_DAL_WAS,2021,14,SPREAD_DISAGREEMENT,EXPECTED_MARGIN,4+,home,-105,1.9523809523809523,6.637955374079329,,,0,0,-1.0,0.5121951219512195,6.5,draftkings
2021_14_DET_DEN,2021,14,SPREAD_DISAGREEMENT,EXPECTED_MARGIN,4+,away,-108,1.925925925925926,12.678171167213634,,,0,0,-1.0,0.5192307692307692,12.5,fanduel
2021_14_JAX_TEN,2021,14,SPREAD_DISAGREEMENT,EXPECTED_MARGIN,4+,away,-110,1.9090909090909092,5.2696632758190525,,,0,0,-1.0,0.5238095238095238,9.0,draftkings
2021_14_LA_ARI,2021,14,SPREAD_DISAGREEMENT,EXPECTED_MARGIN,3-4,away,-110,1.9090909090909092,3.8931972379284367,,,1,0,0.909091,0.5238095238095238,3.0,draftkings
2021_14_LV_KC,2021,14,SPREAD_DISAGREEMENT,EXPECTED_MARGIN,4+,away,-110,1.9090909090909092,6.242016847795483,,,0,0,-1.0,0.5238095238095238,9.5,draftkings
2021_14_NO_NYJ,2021,14,SPREAD_DISAGREEMENT,EXPECTED_MARGIN,4+,home,-110,1.9090909090909092,5.877116762398625,,,0,0,-1.0,0.5238095238095238,5.5,draftkings
2021_14_NYG_LAC,2021,14,SPREAD_DISAGREEMENT,EXPECTED_MARGIN,4+,away,-110,1.9090909090909092,6.662517082632846,,,0,0,-1.0,0.5238095238095238,9.0,draftkings
2021_14_PIT_MIN,2021,14,SPREAD_DISAGREEMENT,EXPECTED_MARGIN,1-2,away,-115,1.8695652173913042,1.3090936604837076,,,0,0,-1.0,0.5348837209302326,3.5,fanduel
2021_14_SEA_HOU,2021,14,SPREAD_DISAGREEMENT,EXPECTED_MARGIN,4+,home,-110,1.9090909090909092,5.448459514639513,,,0,0,-1.0,0.5238095238095238,9.0,draftkings
2021_14_SF_CIN,2021,14,SPREAD_DISAGREEMENT,EXPECTED_MARGIN,2-3,home,-110,1.9090909090909092,2.4726490385292905,,,0,0,-1.0,0.5238095238095238,2.5,draftkings
2021_15_ARI_DET,2021,15,SPREAD_DISAGREEMENT,EXPECTED_MARGIN,4+,home,-110,1.9090909090909092,11.102603374144643,,,1,0,0.909091,0.5238095238095238,13.0,fanduel
2021_15_ATL_SF,2021,15,SPREAD_DISAGREEMENT,EXPECTED_MARGIN,4+,away,-110,1.9090909090909092,5.871128587645039,,,0,0,-1.0,0.5238095238095238,9.0,draftkings
2021_15_CAR_BUF,2021,15,SPREAD_DISAGREEMENT,EXPECTED_MARGIN,4+,away,-115,1.8695652173913042,10.545816134414881,,,0,0,-1.0,0.5348837209302326,14.5,fanduel
2021_15_CIN_DEN,2021,15,SPREAD_DISAGREEMENT,EXPECTED_MARGIN,1-2,home,-105,1.9523809523809523,1.8010840015296665,,,0,0,-1.0,0.5121951219512195,-3.0,draftkings
2021_15_DAL_NYG,2021,15,SPREAD_DISAGREEMENT,EXPECTED_MARGIN,4+,home,-110,1.9090909090909092,8.594265397239901,,,0,0,-1.0,0.5238095238095238,11.5,draftkings
2021_15_GB_BAL,2021,15,SPREAD_DISAGREEMENT,EXPECTED_MARGIN,4+,home,-115,1.8695652173913042,8.481299418490497,,,1,0,0.869565,0.5348837209302326,9.5,fanduel
2021_15_HOU_JAX,2021,15,SPREAD_DISAGREEMENT,EXPECTED_MARGIN,3-4,away,-110,1.9090909090909092,3.876451291221688,,,1,0,0.909091,0.5238095238095238,5.5,fanduel
2021_15_KC_LAC,2021,15,SPREAD_DISAGREEMENT,EXPECTED_MARGIN,0-1,home,-115,1.8695652173913042,0.7472034475992402,,,0,0,-1.0,0.5348837209302326,3.5,draftkings
2021_15_LV_CLE,2021,15,SPREAD_DISAGREEMENT,EXPECTED_MARGIN,4+,home,-120,1.8333333333333335,8.95323617449074,,,1,0,0.833333,0.5454545454545454,3.0,draftkings
2021_15_MIN_CHI,2021,15,SPREAD_DISAGREEMENT,EXPECTED_MARGIN,4+,home,-110,1.9090909090909092,5.567679195027644,,,0,0,-1.0,0.5238095238095238,7.0,draftkings
2021_15_NE_IND,2021,15,SPREAD_DISAGREEMENT,EXPECTED_MARGIN,0-1,away,-110,1.9090909090909092,0.8913778483613619,,,0,0,-1.0,0.5238095238095238,1.5,draftkings
2021_15_NO_TB,2021,15,SPREAD_DISAGREEMENT,EXPECTED_MARGIN,4+,away,-115,1.8695652173913042,8.76170305379366,,,1,0,0.869565,0.5348837209302326,11.5,fanduel
2021_15_NYJ_MIA,2021,15,SPREAD_DISAGREEMENT,EXPECTED_MARGIN,3-4,away,-110,1.9090909090909092,3.0055212479923874,,,1,0,0.909091,0.5238095238095238,10.5,draftkings
2021_15_SEA_LA,2021,15,SPREAD_DISAGREEMENT,EXPECTED_MARGIN,4+,away,-110,1.9090909090909092,6.6478533286586625,,,0,0,-1.0,0.5238095238095238,7.5,draftkings
2021_15_TEN_PIT,2021,15,SPREAD_DISAGREEMENT,EXPECTED_MARGIN,2-3,away,-110,1.9090909090909092,2.945701691339675,,,0,0,-1.0,0.5238095238095238,1.0,draftkings
2021_15_WAS_PHI,2021,15,SPREAD_DISAGREEMENT,EXPECTED_MARGIN,4+,away,-115,1.8695652173913042,6.275810073067561,,,0,0,-1.0,0.5348837209302326,9.5,fanduel
2021_16_BAL_CIN,2021,16,SPREAD_DISAGREEMENT,EXPECTED_MARGIN,4+,away,-105,1.9523809523809523,5.260281801420291,,,0,0,-1.0,0.5121951219512195,7.0,draftkings
2021_16_BUF_NE,2021,16,SPREAD_DISAGREEMENT,EXPECTED_MARGIN,0-1,away,-110,1.9090909090909092,0.34270454119623395,,,1,0,0.909091,0.5238095238095238,1.0,fanduel
2021_16_CHI_SEA,2021,16,SPREAD_DISAGREEMENT,EXPECTED_MARGIN,2-3,away,-110,1.9090909090909092,2.535502833696178,,,1,0,0.909091,0.5238095238095238,7.0,fanduel
2021_16_CLE_GB,2021,16,SPREAD_DISAGREEMENT,EXPECTED_MARGIN,3-4,away,-110,1.9090909090909092,3.8079642068583794,,,1,0,0.909091,0.5238095238095238,7.5,draftkings
2021_16_DEN_LV,2021,16,SPREAD_DISAGREEMENT,EXPECTED_MARGIN,1-2,away,-105,1.9523809523809523,1.1751267331932418,,,0,0,-1.0,0.5121951219512195,-1.0,draftkings
2021_16_DET_ATL,2021,16,SPREAD_DISAGREEMENT,EXPECTED_MARGIN,4+,away,-110,1.9090909090909092,7.99810134007712,,,1,0,0.909091,0.5238095238095238,7.0,draftkings
2021_16_IND_ARI,2021,16,SPREAD_DISAGREEMENT,EXPECTED_MARGIN,4+,away,-110,1.9090909090909092,6.063754862049926,,,1,0,0.909091,0.5238095238095238,3.0,draftkings
2021_16_JAX_NYJ,2021,16,SPREAD_DISAGREEMENT,EXPECTED_MARGIN,0-1,home,-110,1.9090909090909092,0.7999602713448617,,,1,0,0.909091,0.5238095238095238,-2.0,draftkings
2021_16_LAC_HOU,2021,16,SPREAD_DISAGREEMENT,EXPECTED_MARGIN,4+,home,-108,1.925925925925926,11.62592093705727,,,1,0,0.925926,0.5192307692307692,12.5,fanduel
2021_16_LA_MIN,2021,16,SPREAD_DISAGREEMENT,EXPECTED_MARGIN,3-4,home,100,2.0,3.7255386293602832,,,0,0,-1.0,0.5,3.0,draftkings
2021_16_MIA_NO,2021,16,SPREAD_DISAGREEMENT,EXPECTED_MARGIN,4+,home,-115,1.8695652173913042,5.52150324725649,,,0,0,-1.0,0.5348837209302326,3.5,draftkings
2021_16_NYG_PHI,2021,16,SPREAD_DISAGREEMENT,EXPECTED_MARGIN,4+,away,-110,1.9090909090909092,4.4945638186016375,,,0,0,-1.0,0.5238095238095238,11.5,draftkings
2021_16_PIT_KC,2021,16,SPREAD_DISAGREEMENT,EXPECTED_MARGIN,4+,away,-110,1.9090909090909092,4.316966035000313,,,0,0,-1.0,0.5238095238095238,10.5,fanduel
2021_16_TB_CAR,2021,16,SPREAD_DISAGREEMENT,EXPECTED_MARGIN,4+,home,-112,1.8928571428571428,10.063498671062622,,,0,0,-1.0,0.5283018867924528,11.5,fanduel
2021_16_WAS_DAL,2021,16,SPREAD_DISAGREEMENT,EXPECTED_MARGIN,4+,away,-110,1.9090909090909092,4.938339622359813,,,0,0,-1.0,0.5238095238095238,9.5,draftkings
2021_17_ARI_DAL,2021,17,SPREAD_DISAGREEMENT,EXPECTED_MARGIN,4+,home,-105,1.9523809523809523,4.301818455571443,,,0,0,-1.0,0.5121951219512195,-6.5,draftkings
2021_17_ATL_BUF,2021,17,SPREAD_DISAGREEMENT,EXPECTED_MARGIN,4+,away,-115,1.8695652173913042,9.477309630817437,,,1,0,0.869565,0.5348837209302326,14.5,fanduel
2021_17_CAR_NO,2021,17,SPREAD_DISAGREEMENT,EXPECTED_MARGIN,0-1,away,-105,1.9523809523809523,0.013998653426018137,,,0,0,-1.0,0.5121951219512195,6.5,draftkings
2021_17_CLE_PIT,2021,17,SPREAD_DISAGREEMENT,EXPECTED_MARGIN,2-3,away,100,2.0,2.970283317960096,,,0,0,-1.0,0.5,2.5,draftkings
2021_17_DEN_LAC,2021,17,SPREAD_DISAGREEMENT,EXPECTED_MARGIN,4+,away,-105,1.9523809523809523,6.81676643715171,,,0,0,-1.0,0.5121951219512195,7.5,fanduel
2021_17_DET_SEA,2021,17,SPREAD_DISAGREEMENT,EXPECTED_MARGIN,4+,away,-110,1.9090909090909092,5.662886069092949,,,0,0,-1.0,0.5238095238095238,8.5,draftkings
2021_17_HOU_SF,2021,17,SPREAD_DISAGREEMENT,EXPECTED_MARGIN,4+,away,-105,1.9523809523809523,11.299975036169787,,,0,0,-1.0,0.5121951219512195,13.5,fanduel
2021_17_JAX_NE,2021,17,SPREAD_DISAGREEMENT,EXPECTED_MARGIN,4+,away,-110,1.9090909090909092,13.476744432854357,,,0,0,-1.0,0.5238095238095238,17.5,fanduel
2021_17_KC_CIN,2021,17,SPREAD_DISAGREEMENT,EXPECTED_MARGIN,2-3,home,-105,1.9523809523809523,2.092707322763374,,,1,0,0.952381,0.5121951219512195,3.5,draftkings
2021_17_LA_BAL,2021,17,SPREAD_DISAGREEMENT,EXPECTED_MARGIN,4+,home,-110,1.9090909090909092,4.913638739372615,,,1,0,0.909091,0.5238095238095238,7.0,draftkings
2021_17_LV_IND,2021,17,SPREAD_DISAGREEMENT,EXPECTED_MARGIN,3-4,away,-115,1.8695652173913042,3.311416445716972,,,1,0,0.869565,0.5348837209302326,8.5,draftkings
2021_17_MIA_TEN,2021,17,SPREAD_DISAGREEMENT,EXPECTED_MARGIN,4+,away,-110,1.9090909090909092,4.20811436800982,,,0,0,-1.0,0.5238095238095238,3.0,fanduel
2021_17_MIN_GB,2021,17,SPREAD_DISAGREEMENT,EXPECTED_MARGIN,4+,away,-110,1.9090909090909092,10.094637888816195,,,0,0,-1.0,0.5238095238095238,12.5,fanduel
2021_17_NYG_CHI,2021,17,SPREAD_DISAGREEMENT,EXPECTED_MARGIN,1-2,away,-105,1.9523809523809523,1.8207940910931129,,,0,0,-1.0,0.5121951219512195,6.5,draftkings
2021_17_PHI_WAS,2021,17,SPREAD_DISAGREEMENT,EXPECTED_MARGIN,0-1,away,-105,1.9523809523809523,0.4296919578429126,,,0,0,-1.0,0.5121951219512195,-6.5,draftkings
2021_17_TB_NYJ,2021,17,SPREAD_DISAGREEMENT,EXPECTED_MARGIN,4+,home,-110,1.9090909090909092,11.77297936710513,,,1,0,0.909091,0.5238095238095238,14.0,draftkings
2021_18_CAR_TB,2021,18,SPREAD_DISAGREEMENT,EXPECTED_MARGIN,1-2,home,-105,1.9523809523809523,1.5221636103170173,,,1,0,0.952381,0.5121951219512195,-10.5,draftkings
2021_18_CHI_MIN,2021,18,SPREAD_DISAGREEMENT,EXPECTED_MARGIN,3-4,away,-106,1.9433962264150944,3.9165956899982532,,,0,0,-1.0,0.5145631067961165,3.5,fanduel
2021_18_CIN_CLE,2021,18,SPREAD_DISAGREEMENT,EXPECTED_MARGIN,2-3,away,-110,1.9090909090909092,2.3860655311109014,,,1,0,0.909091,0.5238095238095238,6.0,draftkings
2021_18_DAL_PHI,2021,18,SPREAD_DISAGREEMENT,EXPECTED_MARGIN,4+,home,-110,1.9090909090909092,11.002081007062674,,,0,0,-1.0,0.5238095238095238,6.5,fanduel
2021_18_GB_DET,2021,18,SPREAD_DISAGREEMENT,EXPECTED_MARGIN,3-4,home,-115,1.8695652173913042,3.6497706564416887,,,1,0,0.869565,0.5348837209302326,3.5,draftkings
2021_18_KC_DEN,2021,18,SPREAD_DISAGREEMENT,EXPECTED_MARGIN,4+,home,-106,1.9433962264150944,11.634420107787953,,,1,0,0.943396,0.5145631067961165,11.0,fanduel
2021_18_LAC_LV,2021,18,SPREAD_DISAGREEMENT,EXPECTED_MARGIN,4+,home,-104,1.9615384615384617,7.7469262186052035,,,1,0,0.961538,0.5098039215686274,3.0,fanduel
2021_18_NE_MIA,2021,18,SPREAD_DISAGREEMENT,EXPECTED_MARGIN,4+,home,-110,1.9090909090909092,6.680457511434923,,,1,0,0.909091,0.5238095238095238,6.0,draftkings
2021_18_NO_ATL,2021,18,SPREAD_DISAGREEMENT,EXPECTED_MARGIN,4+,home,-110,1.9090909090909092,9.420709345238581,,,0,0,-1.0,0.5238095238095238,4.5,fanduel
2021_18_NYJ_BUF,2021,18,SPREAD_DISAGREEMENT,EXPECTED_MARGIN,4+,away,-110,1.9090909090909092,6.306886120511546,,,0,0,-1.0,0.5238095238095238,16.0,fanduel
2021_18_PIT_BAL,2021,18,SPREAD_DISAGREEMENT,EXPECTED_MARGIN,1-2,home,-115,1.8695652173913042,1.8644519651641538,,,0,0,-1.0,0.5348837209302326,-3.0,draftkings
2021_18_SEA_ARI,2021,18,SPREAD_DISAGREEMENT,EXPECTED_MARGIN,2-3,away,-110,1.9090909090909092,2.179053942402284,,,1,0,0.909091,0.5238095238095238,5.0,draftkings
2021_18_TEN_HOU,2021,18,SPREAD_DISAGREEMENT,EXPECTED_MARGIN,4+,home,-115,1.8695652173913042,11.82912158072146,,,1,0,0.869565,0.5348837209302326,10.5,draftkings
2021_18_WAS_NYG,2021,18,SPREAD_DISAGREEMENT,EXPECTED_MARGIN,4+,home,-108,1.925925925925926,10.511563469673217,,,0,0,-1.0,0.5192307692307692,6.0,fanduel
2021_19_ARI_LA,2021,19,SPREAD_DISAGREEMENT,EXPECTED_MARGIN,1-2,home,-120,1.8333333333333335,1.6753065439194827,,,1,0,0.833333,0.5454545454545454,-3.0,fanduel
2021_19_LV_CIN,2021,19,SPREAD_DISAGREEMENT,EXPECTED_MARGIN,2-3,away,-110,1.9090909090909092,2.179639763742948,,,0,0,-1.0,0.5238095238095238,6.0,draftkings
2021_19_NE_BUF,2021,19,SPREAD_DISAGREEMENT,EXPECTED_MARGIN,0-1,home,-105,1.9523809523809523,0.46655038889463896,,,1,0,0.952381,0.5121951219512195,-4.5,draftkings
2021_19_PHI_TB,2021,19,SPREAD_DISAGREEMENT,EXPECTED_MARGIN,0-1,home,-115,1.8695652173913042,0.8909312595080365,,,1,0,0.869565,0.5348837209302326,-7.0,draftkings
2021_19_PIT_KC,2021,19,SPREAD_DISAGREEMENT,EXPECTED_MARGIN,4+,away,-110,1.9090909090909092,7.498833881901941,,,0,0,-1.0,0.5238095238095238,12.5,draftkings
2021_19_SF_DAL,2021,19,SPREAD_DISAGREEMENT,EXPECTED_MARGIN,3-4,home,-112,1.8928571428571428,3.2170203810401006,,,0,0,-1.0,0.5283018867924528,-3.0,fanduel
2021_20_BUF_KC,2021,20,SPREAD_DISAGREEMENT,EXPECTED_MARGIN,0-1,home,-110,1.9090909090909092,0.8734676110689144,,,1,0,0.909091,0.5238095238095238,-2.5,draftkings
2021_20_CIN_TEN,2021,20,SPREAD_DISAGREEMENT,EXPECTED_MARGIN,2-3,home,-110,1.9090909090909092,2.408350101674234,,,0,0,-1.0,0.5238095238095238,-4.0,draftkings
2021_20_LA_TB,2021,20,SPREAD_DISAGREEMENT,EXPECTED_MARGIN,3-4,home,-120,1.8333333333333335,3.632708100730305,,,0,0,-1.0,0.5454545454545454,-2.5,draftkings
2021_20_SF_GB,2021,20,SPREAD_DISAGREEMENT,EXPECTED_MARGIN,3-4,away,-110,1.9090909090909092,3.5364639104142945,,,1,0,0.909091,0.5238095238095238,5.5,draftkings
2021_21_CIN_KC,2021,21,SPREAD_DISAGREEMENT,EXPECTED_MARGIN,0-1,away,-105,1.9523809523809523,0.7979478311216042,,,1,0,0.952381,0.5121951219512195,7.0,draftkings
2021_21_SF_LA,2021,21,SPREAD_DISAGREEMENT,EXPECTED_MARGIN,0-1,away,-110,1.9090909090909092,0.34587979190021656,,,1,0,0.909091,0.5238095238095238,3.5,draftkings
2021_22_LA_CIN,2021,22,SPREAD_DISAGREEMENT,EXPECTED_MARGIN,4+,home,-110,1.9090909090909092,4.1643815271230835,,,1,0,0.909091,0.5238095238095238,4.5,draftkings
2022_01_BAL_NYJ,2022,01,SPREAD_DISAGREEMENT,EXPECTED_MARGIN,4+,home,100,2.0,9.69673810987226,,,0,0,-1.0,0.5,6.5,draftkings
2022_01_BUF_LA,2022,01,SPREAD_DISAGREEMENT,EXPECTED_MARGIN,4+,home,-110,1.9090909090909092,5.295208230382144,,,0,0,-1.0,0.5238095238095238,2.5,draftkings
2022_01_CLE_CAR,2022,01,SPREAD_DISAGREEMENT,EXPECTED_MARGIN,0-1,home,-110,1.9090909090909092,0.4530257803394413,,,0,0,-1.0,0.5238095238095238,-1.0,draftkings
2022_01_DEN_SEA,2022,01,SPREAD_DISAGREEMENT,EXPECTED_MARGIN,4+,home,-114,1.8771929824561404,12.129688869229732,,,1,0,0.877193,0.5327102803738317,6.5,fanduel
2022_01_GB_MIN,2022,01,SPREAD_DISAGREEMENT,EXPECTED_MARGIN,0-1,home,-110,1.9090909090909092,0.1378255049563073,,,1,0,0.909091,0.5238095238095238,-1.5,draftkings
2022_01_IND_HOU,2022,01,SPREAD_DISAGREEMENT,EXPECTED_MARGIN,4+,home,-118,1.847457627118644,10.670747827182197,,,1,0,0.847458,0.5412844036697247,7.5,fanduel
2022_01_JAX_WAS,2022,01,SPREAD_DISAGREEMENT,EXPECTED_MARGIN,1-2,home,-118,1.847457627118644,1.7372147004049587,,,1,0,0.847458,0.5412844036697247,-2.5,fanduel
2022_01_KC_ARI,2022,01,SPREAD_DISAGREEMENT,EXPECTED_MARGIN,4+,home,-110,1.9090909090909092,4.0430362942156215,,,0,0,-1.0,0.5238095238095238,6.5,draftkings
2022_01_LV_LAC,2022,01,SPREAD_DISAGREEMENT,EXPECTED_MARGIN,0-1,home,-110,1.9090909090909092,0.5756519262703748,,,1,0,0.909091,0.5238095238095238,-3.5,draftkings
2022_01_NE_MIA,2022,01,SPREAD_DISAGREEMENT,EXPECTED_MARGIN,1-2,home,-120,1.8333333333333335,1.576281218729104,,,1,0,0.833333,0.5454545454545454,-3.0,draftkings
2022_01_NO_ATL,2022,01,SPREAD_DISAGREEMENT,EXPECTED_MARGIN,4+,home,-105,1.9523809523809523,6.597255868191233,,,1,0,0.952381,0.5121951219512195,5.5,draftkings
2022_01_NYG_TEN,2022,01,SPREAD_DISAGREEMENT,EXPECTED_MARGIN,3-4,home,-110,1.9090909090909092,3.1614522535049545,,,0,0,-1.0,0.5238095238095238,-5.0,draftkings
2022_01_PHI_DET,2022,01,SPREAD_DISAGREEMENT,EXPECTED_MARGIN,4+,home,-110,1.9090909090909092,10.570115194848835,,,1,0,0.909091,0.5238095238095238,5.5,draftkings
2022_01_PIT_CIN,2022,01,SPREAD_DISAGREEMENT,EXPECTED_MARGIN,0-1,away,-114,1.8771929824561404,0.08821104161719617,,,1,0,0.877193,0.5327102803738317,7.5,fanduel
2022_01_SF_CHI,2022,01,SPREAD_DISAGREEMENT,EXPECTED_MARGIN,4+,home,-110,1.9090909090909092,6.677992431318415,,,1,0,0.909091,0.5238095238095238,6.5,draftkings
2022_01_TB_DAL,2022,01,SPREAD_DISAGREEMENT,EXPECTED_MARGIN,4+,home,-110,1.9090909090909092,5.437259101134245,,,0,0,-1.0,0.5238095238095238,2.5,draftkings
2022_02_ARI_LV,2022,02,SPREAD_DISAGREEMENT,EXPECTED_MARGIN,0-1,away,-110,1.9090909090909092,0.8350781947882773,,,1,0,0.909091,0.5238095238095238,5.5,draftkings
2022_02_ATL_LA,2022,02,SPREAD_DISAGREEMENT,EXPECTED_MARGIN,4+,away,-110,1.9090909090909092,8.325070107706978,,,1,0,0.909091,0.5238095238095238,10.0,draftkings
2022_02_CAR_NYG,2022,02,SPREAD_DISAGREEMENT,EXPECTED_MARGIN,2-3,home,-110,1.9090909090909092,2.019594079682733,,,1,0,0.909091,0.5238095238095238,1.0,draftkings
2022_02_CHI_GB,2022,02,SPREAD_DISAGREEMENT,EXPECTED_MARGIN,4+,away,-114,1.8771929824561404,12.438653142815308,,,0,0,-1.0,0.5327102803738317,10.5,fanduel
2022_02_CIN_DAL,2022,02,SPREAD_DISAGREEMENT,EXPECTED_MARGIN,4+,home,-120,1.8333333333333335,6.65287858133588,,,1,0,0.833333,0.5454545454545454,7.5,draftkings
2022_02_HOU_DEN,2022,02,SPREAD_DISAGREEMENT,EXPECTED_MARGIN,4+,away,-112,1.8928571428571428,9.127320688088275,,,1,0,0.892857,0.5283018867924528,10.5,fanduel
2022_02_IND_JAX,2022,02,SPREAD_DISAGREEMENT,EXPECTED_MARGIN,3-4,home,-104,1.9615384615384617,3.3636232018324357,,,1,0,0.961538,0.5098039215686274,3.0,fanduel
2022_02_LAC_KC,2022,02,SPREAD_DISAGREEMENT,EXPECTED_MARGIN,0-1,home,-115,1.8695652173913042,0.5417399432055134,,,0,0,-1.0,0.5348837209302326,-3.5,fanduel
2022_02_MIA_BAL,2022,02,SPREAD_DISAGREEMENT,EXPECTED_MARGIN,2-3,away,-110,1.9090909090909092,2.5658532270536725,,,1,0,0.909091,0.5238095238095238,3.5,draftkings
2022_02_MIN_PHI,2022,02,SPREAD_DISAGREEMENT,EXPECTED_MARGIN,3-4,away,-120,1.8333333333333335,3.459940450525753,,,0,0,-1.0,0.5454545454545454,3.0,draftkings
2022_02_NE_PIT,2022,02,SPREAD_DISAGREEMENT,EXPECTED_MARGIN,4+,home,-115,1.8695652173913042,6.500702301011675,,,0,1,0.0,0.5348837209302326,3.0,draftkings
2022_02_NYJ_CLE,2022,02,SPREAD_DISAGREEMENT,EXPECTED_MARGIN,3-4,away,-105,1.9523809523809523,3.137329006635042,,,1,0,0.952381,0.5121951219512195,6.5,fanduel
2022_02_SEA_SF,2022,02,SPREAD_DISAGREEMENT,EXPECTED_MARGIN,4+,away,-112,1.8928571428571428,8.154708531092375,,,0,0,-1.0,0.5283018867924528,8.5,fanduel
2022_02_TB_NO,2022,02,SPREAD_DISAGREEMENT,EXPECTED_MARGIN,0-1,home,-102,1.9803921568627452,0.25084121057662045,,,0,0,-1.0,0.504950495049505,2.5,fanduel
2022_02_TEN_BUF,2022,02,SPREAD_DISAGREEMENT,EXPECTED_MARGIN,4+,away,-105,1.9523809523809523,4.545159352499816,,,0,0,-1.0,0.5121951219512195,10.0,draftkings
2022_02_WAS_DET,2022,02,SPREAD_DISAGREEMENT,EXPECTED_MARGIN,0-1,home,-115,1.8695652173913042,0.5285662253309233,,,1,0,0.869565,0.5348837209302326,1.0,draftkings
2022_03_ATL_SEA,2022,03,SPREAD_DISAGREEMENT,EXPECTED_MARGIN,0-1,home,-108,1.925925925925926,0.9005320931122931,,,0,0,-1.0,0.5192307692307692,-1.0,fanduel
2022_03_BAL_NE,2022,03,SPREAD_DISAGREEMENT,EXPECTED_MARGIN,4+,home,100,2.0,5.701460701404017,,,0,0,-1.0,0.5,2.5,draftkings
2022_03_BUF_MIA,2022,03,SPREAD_DISAGREEMENT,EXPECTED_MARGIN,1-2,home,-110,1.9090909090909092,1.996685493369469,,,1,0,0.909091,0.5238095238095238,4.5,fanduel
2022_03_CIN_NYJ,2022,03,SPREAD_DISAGREEMENT,EXPECTED_MARGIN,4+,home,-108,1.925925925925926,9.318267805084993,,,0,0,-1.0,0.5192307692307692,6.5,fanduel
2022_03_DAL_NYG,2022,03,SPREAD_DISAGREEMENT,EXPECTED_MARGIN,2-3,home,-110,1.9090909090909092,2.0219079561815114,,,0,0,-1.0,0.5238095238095238,-1.0,draftkings
2022_03_DET_MIN,2022,03,SPREAD_DISAGREEMENT,EXPECTED_MARGIN,4+,away,-110,1.9090909090909092,4.912424560038435,,,1,0,0.909091,0.5238095238095238,6.5,draftkings
2022_03_GB_TB,2022,03,SPREAD_DISAGREEMENT,EXPECTED_MARGIN,4+,home,-110,1.9090909090909092,5.493925407875857,,,0,0,-1.0,0.5238095238095238,-1.5,draftkings
2022_03_HOU_CHI,2022,03,SPREAD_DISAGREEMENT,EXPECTED_MARGIN,0-1,home,-108,1.925925925925926,0.6377773279609649,,,0,1,0.0,0.5192307692307692,-3.0,fanduel
2022_03_JAX_LAC,2022,03,SPREAD_DISAGREEMENT,EXPECTED_MARGIN,1-2,away,-105,1.9523809523809523,1.7212509669619465,,,1,0,0.952381,0.5121951219512195,6.5,fanduel
2022_03_KC_IND,2022,03,SPREAD_DISAGREEMENT,EXPECTED_MARGIN,3-4,home,-115,1.8695652173913042,3.245427508021873,,,1,0,0.869565,0.5348837209302326,5.5,fanduel
2022_03_LA_ARI,2022,03,SPREAD_DISAGREEMENT,EXPECTED_MARGIN,4+,home,-110,1.9090909090909092,4.675177532142527,,,0,0,-1.0,0.5238095238095238,3.5,draftkings
2022_03_LV_TEN,2022,03,SPREAD_DISAGREEMENT,EXPECTED_MARGIN,1-2,home,-110,1.9090909090909092,1.8343027223602348,,,1,0,0.909091,0.5238095238095238,2.0,draftkings
2022_03_NO_CAR,2022,03,SPREAD_DISAGREEMENT,EXPECTED_MARGIN,4+,home,-114,1.8771929824561404,5.765401911304849,,,1,0,0.877193,0.5327102803738317,2.5,fanduel
2022_03_PHI_WAS,2022,03,SPREAD_DISAGREEMENT,EXPECTED_MARGIN,4+,home,-115,1.8695652173913042,6.793772584629757,,,0,0,-1.0,0.5348837209302326,6.5,fanduel
2022_03_PIT_CLE,2022,03,SPREAD_DISAGREEMENT,EXPECTED_MARGIN,1-2,away,-110,1.9090909090909092,1.0759937397165302,,,0,0,-1.0,0.5238095238095238,4.5,fanduel
2022_03_SF_DEN,2022,03,SPREAD_DISAGREEMENT,EXPECTED_MARGIN,1-2,home,-110,1.9090909090909092,1.9585752763732067,,,1,0,0.909091,0.5238095238095238,1.5,draftkings
2022_04_ARI_CAR,2022,04,SPREAD_DISAGREEMENT,EXPECTED_MARGIN,2-3,home,-106,1.9433962264150944,2.3753150034359827,,,0,0,-1.0,0.5145631067961165,-1.0,fanduel
2022_04_BUF_BAL,2022,04,SPREAD_DISAGREEMENT,EXPECTED_MARGIN,1-2,home,-120,1.8333333333333335,1.1558250389017068,,,1,0,0.833333,0.5454545454545454,3.5,fanduel
2022_04_CHI_NYG,2022,04,SPREAD_DISAGREEMENT,EXPECTED_MARGIN,3-4,away,-115,1.8695652173913042,3.110834352352409,,,0,0,-1.0,0.5348837209302326,3.0,fanduel
2022_04_CLE_ATL,2022,04,SPREAD_DISAGREEMENT,EXPECTED_MARGIN,0-1,home,-115,1.8695652173913042,0.5034442697090107,,,1,0,0.869565,0.5348837209302326,1.5,fanduel
2022_04_DEN_LV,2022,04,SPREAD_DISAGREEMENT,EXPECTED_MARGIN,3-4,away,100,2.0,3.2363630437202993,,,0,0,-1.0,0.5,2.5,draftkings
2022_04_JAX_PHI,2022,04,SPREAD_DISAGREEMENT,EXPECTED_MARGIN,4+,away,-108,1.925925925925926,6.91179967014881,,,0,0,-1.0,0.5192307692307692,6.5,fanduel
2022_04_KC_TB,2022,04,SPREAD_DISAGREEMENT,EXPECTED_MARGIN,0-1,home,-114,1.8771929824561404,0.9805253269262444,,,0,0,-1.0,0.5327102803738317,-1.5,fanduel
2022_04_LAC_HOU,2022,04,SPREAD_DISAGREEMENT,EXPECTED_MARGIN,4+,home,-110,1.9090909090909092,8.891003730115205,,,0,0,-1.0,0.5238095238095238,6.0,draftkings
2022_04_LA_SF,2022,04,SPREAD_DISAGREEMENT,EXPECTED_MARGIN,0-1,away,-110,1.9090909090909092,0.03321160128268019,,,0,0,-1.0,0.5238095238095238,2.0,draftkings
2022_04_MIA_CIN,2022,04,SPREAD_DISAGREEMENT,EXPECTED_MARGIN,3-4,away,-110,1.9090909090909092,3.0310342355226965,,,0,0,-1.0,0.5238095238095238,4.0,draftkings
2022_04_MIN_NO,2022,04,SPREAD_DISAGREEMENT,EXPECTED_MARGIN,2-3,home,-115,1.8695652173913042,2.5290158481290703,,,1,0,0.869565,0.5348837209302326,4.5,fanduel
2022_04_NE_GB,2022,04,SPREAD_DISAGREEMENT,EXPECTED_MARGIN,4+,away,-108,1.925925925925926,6.34985714399361,,,1,0,0.925926,0.5192307692307692,9.5,fanduel
2022_04_NYJ_PIT,2022,04,SPREAD_DISAGREEMENT,EXPECTED_MARGIN,2-3,away,-110,1.9090909090909092,2.2167244065378,,,1,0,0.909091,0.5238095238095238,3.0,draftkings
2022_04_SEA_DET,2022,04,SPREAD_DISAGREEMENT,EXPECTED_MARGIN,0-1,away,-115,1.8695652173913042,0.21818227123651468,,,1,0,0.869565,0.5348837209302326,3.5,fanduel
2022_04_TEN_IND,2022,04,SPREAD_DISAGREEMENT,EXPECTED_MARGIN,1-2,away,-110,1.9090909090909092,1.497099200310931,,,1,0,0.909091,0.5238095238095238,4.0,draftkings
2022_04_WAS_DAL,2022,04,SPREAD_DISAGREEMENT,EXPECTED_MARGIN,1-2,home,-110,1.9090909090909092,1.0202613960275642,,,1,0,0.909091,0.5238095238095238,-3.0,draftkings
2022_05_ATL_TB,2022,05,SPREAD_DISAGREEMENT,EXPECTED_MARGIN,4+,away,-110,1.9090909090909092,10.241987348861183,,,1,0,0.909091,0.5238095238095238,10.0,draftkings
2022_05_CHI_MIN,2022,05,SPREAD_DISAGREEMENT,EXPECTED_MARGIN,4+,away,-110,1.9090909090909092,5.714302957102962,,,1,0,0.909091,0.5238095238095238,7.5,draftkings
2022_05_CIN_BAL,2022,05,SPREAD_DISAGREEMENT,EXPECTED_MARGIN,4+,away,-105,1.9523809523809523,4.140539963459318,,,1,0,0.952381,0.5121951219512195,3.0,draftkings
2022_05_DAL_LA,2022,05,SPREAD_DISAGREEMENT,EXPECTED_MARGIN,4+,away,-110,1.9090909090909092,7.772459612388978,,,1,0,0.909091,0.5238095238095238,5.5,draftkings
2022_05_DET_NE,2022,05,SPREAD_DISAGREEMENT,EXPECTED_MARGIN,2-3,away,-115,1.8695652173913042,2.7208916879739533,,,0,0,-1.0,0.5348837209302326,3.0,fanduel
2022_05_HOU_JAX,2022,05,SPREAD_DISAGREEMENT,EXPECTED_MARGIN,2-3,away,-110,1.9090909090909092,2.38180678558437,,,1,0,0.909091,0.5238095238095238,7.0,fanduel
2022_05_IND_DEN,2022,05,SPREAD_DISAGREEMENT,EXPECTED_MARGIN,1-2,away,-115,1.8695652173913042,1.5728694035109143,,,1,0,0.869565,0.5348837209302326,3.5,draftkings
2022_05_LAC_CLE,2022,05,SPREAD_DISAGREEMENT,EXPECTED_MARGIN,2-3,home,-115,1.8695652173913042,2.9103961765168336,,,0,1,0.0,0.5348837209302326,2.0,draftkings
2022_05_LV_KC,2022,05,SPREAD_DISAGREEMENT,EXPECTED_MARGIN,4+,away,100,2.0,5.54363287567725,,,1,0,1.0,0.5,7.0,draftkings
2022_05_MIA_NYJ,2022,05,SPREAD_DISAGREEMENT,EXPECTED_MARGIN,4+,home,-118,1.847457627118644,4.030643885193971,,,1,0,0.847458,0.5412844036697247,3.5,fanduel
2022_05_NYG_GB,2022,05,SPREAD_DISAGREEMENT,EXPECTED_MARGIN,4+,away,-110,1.9090909090909092,8.10890020556301,,,1,0,0.909091,0.5238095238095238,8.5,fanduel
2022_05_PHI_ARI,2022,05,SPREAD_DISAGREEMENT,EXPECTED_MARGIN,3-4,home,-110,1.9090909090909092,3.4319204259307448,,,1,0,0.909091,0.5238095238095238,5.5,draftkings
2022_05_PIT_BUF,2022,05,SPREAD_DISAGREEMENT,EXPECTED_MARGIN,4+,away,-110,1.9090909090909092,8.982549874123656,,,0,0,-1.0,0.5238095238095238,14.0,fanduel
2022_05_SEA_NO,2022,05,SPREAD_DISAGREEMENT,EXPECTED_MARGIN,4+,away,-110,1.9090909090909092,5.866431035440815,,,0,0,-1.0,0.5238095238095238,5.5,fanduel
2022_05_SF_CAR,2022,05,SPREAD_DISAGREEMENT,EXPECTED_MARGIN,3-4,home,-110,1.9090909090909092,3.6067767554099035,,,0,0,-1.0,0.5238095238095238,6.0,draftkings
2022_05_TEN_WAS,2022,05,SPREAD_DISAGREEMENT,EXPECTED_MARGIN,1-2,away,-105,1.9523809523809523,1.5460411619571524,,,1,0,0.952381,0.5121951219512195,-1.0,draftkings
2022_06_ARI_SEA,2022,06,SPREAD_DISAGREEMENT,EXPECTED_MARGIN,3-4,home,-106,1.9433962264150944,3.592356079361462,,,1,0,0.943396,0.5145631067961165,2.5,fanduel
2022_06_BAL_NYG,2022,06,SPREAD_DISAGREEMENT,EXPECTED_MARGIN,4+,home,-104,1.9615384615384617,7.277180950262771,,,1,0,0.961538,0.5098039215686274,5.5,fanduel
2022_06_BUF_KC,2022,06,SPREAD_DISAGREEMENT,EXPECTED_MARGIN,0-1,away,-115,1.8695652173913042,0.6397871159649711,,,1,0,0.869565,0.5348837209302326,-2.5,draftkings
2022_06_CAR_LA,2022,06,SPREAD_DISAGREEMENT,EXPECTED_MARGIN,4+,away,-114,1.8771929824561404,6.095183099832134,,,0,0,-1.0,0.5327102803738317,10.0,fanduel
2022_06_CIN_NO,2022,06,SPREAD_DISAGREEMENT,EXPECTED_MARGIN,3-4,home,-108,1.925925925925926,3.48322696771325,,,0,0,-1.0,0.5192307692307692,3.0,fanduel
2022_06_DAL_PHI,2022,06,SPREAD_DISAGREEMENT,EXPECTED_MARGIN,4+,away,-115,1.8695652173913042,5.630372726174489,,,0,0,-1.0,0.5348837209302326,7.0,draftkings
2022_06_DEN_LAC,2022,06,SPREAD_DISAGREEMENT,EXPECTED_MARGIN,1-2,away,-108,1.925925925925926,1.3762658176317295,,,1,0,0.925926,0.5192307692307692,4.0,fanduel
2022_06_JAX_IND,2022,06,SPREAD_DISAGREEMENT,EXPECTED_MARGIN,0-1,home,-110,1.9090909090909092,0.1062246503716473,,,1,0,0.909091,0.5238095238095238,-1.5,fanduel
2022_06_MIN_MIA,2022,06,SPREAD_DISAGREEMENT,EXPECTED_MARGIN,1-2,home,-114,1.8771929824561404,1.0819378322374469,,,0,0,-1.0,0.5327102803738317,3.5,fanduel
2022_06_NE_CLE,2022,06,SPREAD_DISAGREEMENT,EXPECTED_MARGIN,3-4,away,-115,1.8695652173913042,3.380507360476763,,,1,0,0.869565,0.5348837209302326,3.0,draftkings
2022_06_NYJ_GB,2022,06,SPREAD_DISAGREEMENT,EXPECTED_MARGIN,4+,away,-105,1.9523809523809523,8.136494573002057,,,1,0,0.952381,0.5121951219512195,7.5,fanduel
2022_06_SF_ATL,2022,06,SPREAD_DISAGREEMENT,EXPECTED_MARGIN,0-1,home,-110,1.9090909090909092,0.9071537650869672,,,1,0,0.909091,0.5238095238095238,4.0,draftkings
2022_06_TB_PIT,2022,06,SPREAD_DISAGREEMENT,EXPECTED_MARGIN,4+,home,-115,1.8695652173913042,6.415521648864445,,,1,0,0.869565,0.5348837209302326,10.0,draftkings
2022_06_WAS_CHI,2022,06,SPREAD_DISAGREEMENT,EXPECTED_MARGIN,4+,home,-114,1.8771929824561404,4.267821325686391,,,0,0,-1.0,0.5327102803738317,1.5,fanduel
2022_07_ATL_CIN,2022,07,SPREAD_DISAGREEMENT,EXPECTED_MARGIN,4+,away,-105,1.9523809523809523,6.147589550620264,,,0,0,-1.0,0.5121951219512195,6.5,draftkings
2022_07_CHI_NE,2022,07,SPREAD_DISAGREEMENT,EXPECTED_MARGIN,1-2,away,-105,1.9523809523809523,1.331913069129012,,,1,0,0.952381,0.5121951219512195,8.5,draftkings
2022_07_CLE_BAL,2022,07,SPREAD_DISAGREEMENT,EXPECTED_MARGIN,2-3,away,-106,1.9433962264150944,2.2981160261498985,,,1,0,0.943396,0.5145631067961165,6.5,fanduel
2022_07_DET_DAL,2022,07,SPREAD_DISAGREEMENT,EXPECTED_MARGIN,3-4,away,-115,1.8695652173913042,3.2521534626716786,,,0,0,-1.0,0.5348837209302326,7.0,fanduel
2022_07_GB_WAS,2022,07,SPREAD_DISAGREEMENT,EXPECTED_MARGIN,4+,home,-114,1.8771929824561404,6.718231478537451,,,1,0,0.877193,0.5327102803738317,4.5,fanduel
2022_07_HOU_LV,2022,07,SPREAD_DISAGREEMENT,EXPECTED_MARGIN,4+,away,-110,1.9090909090909092,5.5878584331760095,,,0,0,-1.0,0.5238095238095238,7.0,draftkings
2022_07_IND_TEN,2022,07,SPREAD_DISAGREEMENT,EXPECTED_MARGIN,1-2,away,-108,1.925925925925926,1.166637091874147,,,0,0,-1.0,0.5192307692307692,2.5,fanduel
2022_07_KC_SF,2022,07,SPREAD_DISAGREEMENT,EXPECTED_MARGIN,2-3,home,-112,1.8928571428571428,2.4041178218625525,,,0,0,-1.0,0.5283018867924528,1.5,fanduel
2022_07_NO_ARI,2022,07,SPREAD_DISAGREEMENT,EXPECTED_MARGIN,2-3,away,-110,1.9090909090909092,2.2153882933429188,,,0,0,-1.0,0.5238095238095238,2.5,draftkings
2022_07_NYG_JAX,2022,07,SPREAD_DISAGREEMENT,EXPECTED_MARGIN,3-4,away,-104,1.9615384615384617,3.1108168849728486,,,1,0,0.961538,0.5098039215686274,3.0,fanduel
2022_07_NYJ_DEN,2022,07,SPREAD_DISAGREEMENT,EXPECTED_MARGIN,1-2,away,-110,1.9090909090909092,1.1996678412115038,,,1,0,0.909091,0.5238095238095238,-2.5,draftkings
2022_07_PIT_MIA,2022,07,SPREAD_DISAGREEMENT,EXPECTED_MARGIN,4+,away,-115,1.8695652173913042,6.301471169095812,,,1,0,0.869565,0.5348837209302326,7.5,draftkings
2022_07_SEA_LAC,2022,07,SPREAD_DISAGREEMENT,EXPECTED_MARGIN,3-4,away,-115,1.8695652173913042,3.4354272841756384,,,1,0,0.869565,0.5348837209302326,5.0,draftkings
2022_07_TB_CAR,2022,07,SPREAD_DISAGREEMENT,EXPECTED_MARGIN,4+,home,-115,1.8695652173913042,10.677376974160598,,,1,0,0.869565,0.5348837209302326,13.5,fanduel
2022_08_ARI_MIN,2022,08,SPREAD_DISAGREEMENT,EXPECTED_MARGIN,2-3,away,-110,1.9090909090909092,2.3306681654763324,,,0,0,-1.0,0.5238095238095238,4.0,draftkings
2022_08_BAL_TB,2022,08,SPREAD_DISAGREEMENT,EXPECTED_MARGIN,2-3,away,-105,1.9523809523809523,2.9768163486115107,,,1,0,0.952381,0.5121951219512195,1.5,fanduel
2022_08_CAR_ATL,2022,08,SPREAD_DISAGREEMENT,EXPECTED_MARGIN,3-4,away,-110,1.9090909090909092,3.927135188267542,,,1,0,0.909091,0.5238095238095238,4.0,draftkings
2022_08_CHI_DAL,2022,08,SPREAD_DISAGREEMENT,EXPECTED_MARGIN,4+,away,-110,1.9090909090909092,8.667861426304746,,,0,0,-1.0,0.5238095238095238,10.0,draftkings
2022_08_CIN_CLE,2022,08,SPREAD_DISAGREEMENT,EXPECTED_MARGIN,0-1,away,-120,1.8333333333333335,0.5695683222590091,,,0,0,-1.0,0.5454545454545454,-3.0,draftkings
2022_08_DEN_JAX,2022,08,SPREAD_DISAGREEMENT,EXPECTED_MARGIN,1-2,away,-110,1.9090909090909092,1.6286461593452266,,,1,0,0.909091,0.5238095238095238,1.5,draftkings
2022_08_GB_BUF,2022,08,SPREAD_DISAGREEMENT,EXPECTED_MARGIN,4+,away,-105,1.9523809523809523,5.2529164262641,,,1,0,0.952381,0.5121951219512195,10.5,draftkings
2022_08_LV_NO,2022,08,SPREAD_DISAGREEMENT,EXPECTED_MARGIN,1-2,away,-108,1.925925925925926,1.051458901971504,,,0,0,-1.0,0.5192307692307692,-1.5,fanduel
2022_08_MIA_DET,2022,08,SPREAD_DISAGREEMENT,EXPECTED_MARGIN,2-3,home,-110,1.9090909090909092,2.7785784352123777,,,0,1,0.0,0.5238095238095238,4.0,draftkings
2022_08_NE_NYJ,2022,08,SPREAD_DISAGREEMENT,EXPECTED_MARGIN,4+,home,-110,1.9090909090909092,6.80568233375422,,,0,0,-1.0,0.5238095238095238,3.0,fanduel
2022_08_NYG_SEA,2022,08,SPREAD_DISAGREEMENT,EXPECTED_MARGIN,0-1,away,-105,1.9523809523809523,0.9279260018054067,,,0,0,-1.0,0.5121951219512195,3.0,draftkings
2022_08_PIT_PHI,2022,08,SPREAD_DISAGREEMENT,EXPECTED_MARGIN,4+,away,-110,1.9090909090909092,5.76226411871793,,,0,0,-1.0,0.5238095238095238,11.5,draftkings
2022_08_SF_LA,2022,08,SPREAD_DISAGREEMENT,EXPECTED_MARGIN,4+,home,-115,1.8695652173913042,4.617717399207695,,,0,0,-1.0,0.5348837209302326,1.0,draftkings
2022_08_TEN_HOU,2022,08,SPREAD_DISAGREEMENT,EXPECTED_MARGIN,1-2,away,-110,1.9090909090909092,1.3335897989086902,,,1,0,0.909091,0.5238095238095238,-1.5,draftkings
2022_08_WAS_IND,2022,08,SPREAD_DISAGREEMENT,EXPECTED_MARGIN,2-3,away,-120,1.8333333333333335,2.4701048461670396,,,1,0,0.833333,0.5454545454545454,3.0,draftkings
2022_09_BAL_NO,2022,09,SPREAD_DISAGREEMENT,EXPECTED_MARGIN,4+,home,-110,1.9090909090909092,4.630148869830439,,,0,0,-1.0,0.5238095238095238,2.0,draftkings
2022_09_BUF_NYJ,2022,09,SPREAD_DISAGREEMENT,EXPECTED_MARGIN,4+,home,-108,1.925925925925926,11.974611054105662,,,1,0,0.925926,0.5192307692307692,10.5,fanduel
2022_09_CAR_CIN,2022,09,SPREAD_DISAGREEMENT,EXPECTED_MARGIN,4+,away,-105,1.9523809523809523,5.481839554367994,,,0,0,-1.0,0.5121951219512195,7.0,fanduel
2022_09_GB_DET,2022,09,SPREAD_DISAGREEMENT,EXPECTED_MARGIN,4+,home,-106,1.9433962264150944,5.495255057919881,,,1,0,0.943396,0.5145631067961165,4.0,fanduel
2022_09_IND_NE,2022,09,SPREAD_DISAGREEMENT,EXPECTED_MARGIN,0-1,away,-106,1.9433962264150944,0.7449290061984257,,,0,0,-1.0,0.5145631067961165,4.5,fanduel
2022_09_LAC_ATL,2022,09,SPREAD_DISAGREEMENT,EXPECTED_MARGIN,4+,home,-110,1.9090909090909092,5.64370824003246,,,0,0,-1.0,0.5238095238095238,2.5,draftkings
2022_09_LA_TB,2022,09,SPREAD_DISAGREEMENT,EXPECTED_MARGIN,0-1,away,-118,1.847457627118644,0.2974045094999589,,,0,1,0.0,0.5412844036697247,3.0,fanduel
2022_09_LV_JAX,2022,09,SPREAD_DISAGREEMENT,EXPECTED_MARGIN,4+,home,-105,1.9523809523809523,4.783478424084095,,,1,0,0.952381,0.5121951219512195,2.5,draftkings
2022_09_MIA_CHI,2022,09,SPREAD_DISAGREEMENT,EXPECTED_MARGIN,4+,home,-110,1.9090909090909092,5.498335835102065,,,1,0,0.909091,0.5238095238095238,4.0,draftkings
2022_09_MIN_WAS,2022,09,SPREAD_DISAGREEMENT,EXPECTED_MARGIN,4+,home,-120,1.8333333333333335,4.139833417437309,,,1,0,0.833333,0.5454545454545454,3.5,draftkings
2022_09_PHI_HOU,2022,09,SPREAD_DISAGREEMENT,EXPECTED_MARGIN,4+,home,-115,1.8695652173913042,10.265355483957944,,,1,0,0.869565,0.5348837209302326,14.0,draftkings
2022_09_SEA_ARI,2022,09,SPREAD_DISAGREEMENT,EXPECTED_MARGIN,2-3,away,-110,1.9090909090909092,2.5020855372245947,,,1,0,0.909091,0.5238095238095238,2.0,draftkings
2022_09_TEN_KC,2022,09,SPREAD_DISAGREEMENT,EXPECTED_MARGIN,4+,away,-110,1.9090909090909092,11.636053623690891,,,1,0,0.909091,0.5238095238095238,14.0,fanduel
2022_10_ARI_LA,2022,10,SPREAD_DISAGREEMENT,EXPECTED_MARGIN,1-2,away,-115,1.8695652173913042,1.6583987300058922,,,1,0,0.869565,0.5348837209302326,3.5,fanduel
2022_10_ATL_CAR,2022,10,SPREAD_DISAGREEMENT,EXPECTED_MARGIN,3-4,home,100,2.0,3.108332926631597,,,1,0,1.0,0.5,2.5,draftkings
2022_10_CLE_MIA,2022,10,SPREAD_DISAGREEMENT,EXPECTED_MARGIN,1-2,away,-115,1.8695652173913042,1.4851389779087611,,,0,0,-1.0,0.5348837209302326,3.5,draftkings
2022_10_DAL_GB,2022,10,SPREAD_DISAGREEMENT,EXPECTED_MARGIN,1-2,home,-105,1.9523809523809523,1.651940606075481,,,1,0,0.952381,0.5121951219512195,3.5,draftkings
2022_10_DEN_TEN,2022,10,SPREAD_DISAGREEMENT,EXPECTED_MARGIN,0-1,home,-110,1.9090909090909092,0.4041609252983065,,,1,0,0.909091,0.5238095238095238,-2.0,draftkings
2022_10_DET_CHI,2022,10,SPREAD_DISAGREEMENT,EXPECTED_MARGIN,1-2,away,-115,1.8695652173913042,1.0166580274291235,,,1,0,0.869565,0.5348837209302326,3.0,fanduel
2022_10_HOU_NYG,2022,10,SPREAD_DISAGREEMENT,EXPECTED_MARGIN,0-1,away,-115,1.8695652173913042,0.9985436454881587,,,0,0,-1.0,0.5348837209302326,5.5,fanduel
2022_10_IND_LV,2022,10,SPREAD_DISAGREEMENT,EXPECTED_MARGIN,1-2,away,-110,1.9090909090909092,1.8978459713025764,,,1,0,0.909091,0.5238095238095238,4.5,fanduel
2022_10_JAX_KC,2022,10,SPREAD_DISAGREEMENT,EXPECTED_MARGIN,4+,away,-108,1.925925925925926,6.474400430535887,,,0,0,-1.0,0.5192307692307692,9.5,fanduel
2022_10_LAC_SF,2022,10,SPREAD_DISAGREEMENT,EXPECTED_MARGIN,4+,away,-110,1.9090909090909092,4.745697305363688,,,1,0,0.909091,0.5238095238095238,8.0,draftkings
2022_10_MIN_BUF,2022,10,SPREAD_DISAGREEMENT,EXPECTED_MARGIN,4+,away,-110,1.9090909090909092,4.211621710440767,,,1,0,0.909091,0.5238095238095238,5.0,draftkings
2022_10_NO_PIT,2022,10,SPREAD_DISAGREEMENT,EXPECTED_MARGIN,0-1,home,-105,1.9523809523809523,0.6859797643292573,,,1,0,0.952381,0.5121951219512195,-1.0,fanduel
2022_10_SEA_TB,2022,10,SPREAD_DISAGREEMENT,EXPECTED_MARGIN,4+,away,-104,1.9615384615384617,7.276661753642028,,,0,0,-1.0,0.5098039215686274,2.5,fanduel
2022_10_WAS_PHI,2022,10,SPREAD_DISAGREEMENT,EXPECTED_MARGIN,4+,away,-115,1.8695652173913042,4.895132821805717,,,1,0,0.869565,0.5348837209302326,11.5,fanduel
2022_11_CAR_BAL,2022,11,SPREAD_DISAGREEMENT,EXPECTED_MARGIN,4+,away,-115,1.8695652173913042,9.29270703516346,,,1,0,0.869565,0.5348837209302326,13.0,fanduel
2022_11_CHI_ATL,2022,11,SPREAD_DISAGREEMENT,EXPECTED_MARGIN,1-2,away,-105,1.9523809523809523,1.446908482825929,,,0,0,-1.0,0.5121951219512195,2.5,draftkings
2022_11_CIN_PIT,2022,11,SPREAD_DISAGREEMENT,EXPECTED_MARGIN,4+,home,-105,1.9523809523809523,4.290374027816309,,,0,0,-1.0,0.5121951219512195,3.5,draftkings
2022_11_CLE_BUF,2022,11,SPREAD_DISAGREEMENT,EXPECTED_MARGIN,4+,away,-105,1.9523809523809523,5.581953630914381,,,0,0,-1.0,0.5121951219512195,7.5,fanduel
2022_11_DAL_MIN,2022,11,SPREAD_DISAGREEMENT,EXPECTED_MARGIN,4+,home,-112,1.8928571428571428,4.447368591889845,,,0,0,-1.0,0.5283018867924528,2.5,fanduel
2022_11_DET_NYG,2022,11,SPREAD_DISAGREEMENT,EXPECTED_MARGIN,0-1,away,100,2.0,0.7084669908014902,,,1,0,1.0,0.5,3.0,draftkings
2022_11_KC_LAC,2022,11,SPREAD_DISAGREEMENT,EXPECTED_MARGIN,4+,home,-110,1.9090909090909092,5.240358553922437,,,1,0,0.909091,0.5238095238095238,5.5,draftkings
2022_11_LA_NO,2022,11,SPREAD_DISAGREEMENT,EXPECTED_MARGIN,0-1,home,-110,1.9090909090909092,0.27224256089585097,,,1,0,0.909091,0.5238095238095238,-2.5,draftkings
2022_11_LV_DEN,2022,11,SPREAD_DISAGREEMENT,EXPECTED_MARGIN,1-2,home,-118,1.847457627118644,1.0370966605608238,,,0,0,-1.0,0.5412844036697247,-2.5,fanduel
2022_11_NYJ_NE,2022,11,SPREAD_DISAGREEMENT,EXPECTED_MARGIN,0-1,home,-105,1.9523809523809523,0.054248797409968574,,,1,0,0.952381,0.5121951219512195,-3.5,draftkings
2022_11_PHI_IND,2022,11,SPREAD_DISAGREEMENT,EXPECTED_MARGIN,4+,home,-108,1.925925925925926,7.587976757218481,,,1,0,0.925926,0.5192307692307692,6.5,fanduel
2022_11_SF_ARI,2022,11,SPREAD_DISAGREEMENT,EXPECTED_MARGIN,4+,home,-110,1.9090909090909092,8.893985376354532,,,0,0,-1.0,0.5238095238095238,10.0,fanduel
2022_11_TEN_GB,2022,11,SPREAD_DISAGREEMENT,EXPECTED_MARGIN,3-4,away,100,2.0,3.1581510123028664,,,1,0,1.0,0.5,3.0,draftkings
2022_11_WAS_HOU,2022,11,SPREAD_DISAGREEMENT,EXPECTED_MARGIN,0-1,home,-104,1.9615384615384617,0.3138967974116298,,,0,0,-1.0,0.5098039215686274,3.0,fanduel
2022_12_ATL_WAS,2022,12,SPREAD_DISAGREEMENT,EXPECTED_MARGIN,1-2,away,-105,1.9523809523809523,1.113221190762431,,,0,0,-1.0,0.5121951219512195,3.5,draftkings
2022_12_BAL_JAX,2022,12,SPREAD_DISAGREEMENT,EXPECTED_MARGIN,0-1,home,-105,1.9523809523809523,0.7694867988278915,,,1,0,0.952381,0.5121951219512195,3.5,fanduel
2022_12_BUF_DET,2022,12,SPREAD_DISAGREEMENT,EXPECTED_MARGIN,4+,home,-108,1.925925925925926,10.547409492290196,,,1,0,0.925926,0.5192307692307692,9.5,fanduel
2022_12_CHI_NYJ,2022,12,SPREAD_DISAGREEMENT,EXPECTED_MARGIN,4+,away,-120,1.8333333333333335,7.226785050908859,,,0,0,-1.0,0.5454545454545454,7.0,draftkings
2022_12_CIN_TEN,2022,12,SPREAD_DISAGREEMENT,EXPECTED_MARGIN,1-2,home,-115,1.8695652173913042,1.2051290620226425,,,0,0,-1.0,0.5348837209302326,1.0,draftkings
2022_12_DEN_CAR,2022,12,SPREAD_DISAGREEMENT,EXPECTED_MARGIN,1-2,home,-110,1.9090909090909092,1.0064136828618935,,,1,0,0.909091,0.5238095238095238,1.5,draftkings
2022_12_GB_PHI,2022,12,SPREAD_DISAGREEMENT,EXPECTED_MARGIN,4+,away,-105,1.9523809523809523,5.234511516708647,,,0,0,-1.0,0.5121951219512195,6.5,draftkings
2022_12_HOU_MIA,2022,12,SPREAD_DISAGREEMENT,EXPECTED_MARGIN,4+,away,-105,1.9523809523809523,9.527106402611036,,,0,0,-1.0,0.5121951219512195,14.0,fanduel
2022_12_LAC_ARI,2022,12,SPREAD_DISAGREEMENT,EXPECTED_MARGIN,1-2,away,-114,1.8771929824561404,1.3956742807677323,,,0,0,-1.0,0.5327102803738317,-2.5,fanduel
2022_12_LA_KC,2022,12,SPREAD_DISAGREEMENT,EXPECTED_MARGIN,4+,away,-115,1.8695652173913042,12.95497037903495,,,1,0,0.869565,0.5348837209302326,16.5,fanduel
2022_12_LV_SEA,2022,12,SPREAD_DISAGREEMENT,EXPECTED_MARGIN,3-4,away,-105,1.9523809523809523,3.454410085396649,,,1,0,0.952381,0.5121951219512195,3.5,fanduel
2022_12_NE_MIN,2022,12,SPREAD_DISAGREEMENT,EXPECTED_MARGIN,4+,away,100,2.0,8.21386392305019,,,0,0,-1.0,0.5,2.5,draftkings
2022_12_NO_SF,2022,12,SPREAD_DISAGREEMENT,EXPECTED_MARGIN,4+,away,-110,1.9090909090909092,5.0504198538360505,,,0,0,-1.0,0.5238095238095238,8.5,draftkings
2022_12_NYG_DAL,2022,12,SPREAD_DISAGREEMENT,EXPECTED_MARGIN,4+,away,-108,1.925925925925926,4.883655204128349,,,1,0,0.925926,0.5192307692307692,10.0,fanduel
2022_12_PIT_IND,2022,12,SPREAD_DISAGREEMENT,EXPECTED_MARGIN,2-3,away,-105,1.9523809523809523,2.8602245728432045,,,1,0,0.952381,0.5121951219512195,2.5,draftkings
2022_12_TB_CLE,2022,12,SPREAD_DISAGREEMENT,EXPECTED_MARGIN,0-1,home,-115,1.8695652173913042,0.43166606937744234,,,1,0,0.869565,0.5348837209302326,3.5,draftkings
2022_13_BUF_NE,2022,13,SPREAD_DISAGREEMENT,EXPECTED_MARGIN,4+,home,-110,1.9090909090909092,4.038762016134456,,,0,0,-1.0,0.5238095238095238,4.0,draftkings
2022_13_CLE_HOU,2022,13,SPREAD_DISAGREEMENT,EXPECTED_MARGIN,4+,home,-106,1.9433962264150944,5.8042841224059,,,0,0,-1.0,0.5145631067961165,7.5,fanduel
2022_13_DEN_BAL,2022,13,SPREAD_DISAGREEMENT,EXPECTED_MARGIN,4+,away,-115,1.8695652173913042,5.221211518241116,,,1,0,0.869565,0.5348837209302326,9.5,fanduel
2022_13_GB_CHI,2022,13,SPREAD_DISAGREEMENT,EXPECTED_MARGIN,4+,home,-118,1.847457627118644,4.6720210699593,,,0,0,-1.0,0.5412844036697247,4.5,fanduel
2022_13_IND_DAL,2022,13,SPREAD_DISAGREEMENT,EXPECTED_MARGIN,4+,away,-105,1.9523809523809523,4.227201683633144,,,0,0,-1.0,0.5121951219512195,10.5,draftkings
2022_13_JAX_DET,2022,13,SPREAD_DISAGREEMENT,EXPECTED_MARGIN,1-2,home,-110,1.9090909090909092,1.0484095835200158,,,1,0,0.909091,0.5238095238095238,-1.5,draftkings
2022_13_KC_CIN,2022,13,SPREAD_DISAGREEMENT,EXPECTED_MARGIN,3-4,home,-104,1.9615384615384617,3.0507532489699756,,,1,0,0.961538,0.5098039215686274,2.5,fanduel
2022_13_LAC_LV,2022,13,SPREAD_DISAGREEMENT,EXPECTED_MARGIN,0-1,away,-110,1.9090909090909092,0.14347565331065226,,,0,0,-1.0,0.5238095238095238,2.5,draftkings
2022_13_MIA_SF,2022,13,SPREAD_DISAGREEMENT,EXPECTED_MARGIN,1-2,away,-115,1.8695652173913042,1.3507304025420979,,,0,0,-1.0,0.5348837209302326,5.5,fanduel
2022_13_NO_TB,2022,13,SPREAD_DISAGREEMENT,EXPECTED_MARGIN,1-2,away,-115,1.8695652173913042,1.5841416542553333,,,1,0,0.869565,0.5348837209302326,3.5,draftkings
2022_13_NYJ_MIN,2022,13,SPREAD_DISAGREEMENT,EXPECTED_MARGIN,4+,away,-115,1.8695652173913042,4.030776496464508,,,0,0,-1.0,0.5348837209302326,3.0,draftkings
2022_13_PIT_ATL,2022,13,SPREAD_DISAGREEMENT,EXPECTED_MARGIN,1-2,home,-106,1.9433962264150944,1.0246186293518207,,,0,0,-1.0,0.5145631067961165,1.0,fanduel
2022_13_SEA_LA,2022,13,SPREAD_DISAGREEMENT,EXPECTED_MARGIN,4+,home,-105,1.9523809523809523,6.40518216637604,,,1,0,0.952381,0.5121951219512195,6.5,draftkings
2022_13_TEN_PHI,2022,13,SPREAD_DISAGREEMENT,EXPECTED_MARGIN,3-4,away,-106,1.9433962264150944,3.6522496601064205,,,0,0,-1.0,0.5145631067961165,4.5,fanduel
2022_13_WAS_NYG,2022,13,SPREAD_DISAGREEMENT,EXPECTED_MARGIN,0-1,home,-106,1.9433962264150944,0.6427661822151158,,,1,0,0.943396,0.5145631067961165,2.5,fanduel
2022_14_BAL_PIT,2022,14,SPREAD_DISAGREEMENT,EXPECTED_MARGIN,1-2,home,-110,1.9090909090909092,1.8949857685784153,,,0,0,-1.0,0.5238095238095238,-1.5,fanduel
2022_14_CAR_SEA,2022,14,SPREAD_DISAGREEMENT,EXPECTED_MARGIN,1-2,away,-110,1.9090909090909092,1.0862891406117434,,,1,0,0.909091,0.5238095238095238,3.5,draftkings
2022_14_CLE_CIN,2022,14,SPREAD_DISAGREEMENT,EXPECTED_MARGIN,2-3,away,-110,1.9090909090909092,2.1418763183383156,,,0,0,-1.0,0.5238095238095238,4.5,draftkings
2022_14_HOU_DAL,2022,14,SPREAD_DISAGREEMENT,EXPECTED_MARGIN,4+,away,-118,1.847457627118644,5.788311446447636,,,1,0,0.847458,0.5412844036697247,17.5,fanduel
2022_14_JAX_TEN,2022,14,SPREAD_DISAGREEMENT,EXPECTED_MARGIN,0-1,away,-110,1.9090909090909092,0.33342876978869995,,,1,0,0.909091,0.5238095238095238,3.5,draftkings
2022_14_KC_DEN,2022,14,SPREAD_DISAGREEMENT,EXPECTED_MARGIN,4+,home,-110,1.9090909090909092,8.901176142585516,,,1,0,0.909091,0.5238095238095238,9.0,draftkings
2022_14_LV_LA,2022,14,SPREAD_DISAGREEMENT,EXPECTED_MARGIN,4+,home,-105,1.9523809523809523,5.599737939279521,,,1,0,0.952381,0.5121951219512195,6.5,fanduel
2022_14_MIA_LAC,2022,14,SPREAD_DISAGREEMENT,EXPECTED_MARGIN,4+,home,-118,1.847457627118644,5.40663407530322,,,1,0,0.847458,0.5412844036697247,3.5,fanduel
2022_14_MIN_DET,2022,14,SPREAD_DISAGREEMENT,EXPECTED_MARGIN,3-4,home,-115,1.8695652173913042,3.0362873821990206,,,1,0,0.869565,0.5348837209302326,-1.5,fanduel
2022_14_NE_ARI,2022,14,SPREAD_DISAGREEMENT,EXPECTED_MARGIN,4+,home,-110,1.9090909090909092,4.375317390795324,,,0,0,-1.0,0.5238095238095238,2.5,draftkings
2022_14_NYJ_BUF,2022,14,SPREAD_DISAGREEMENT,EXPECTED_MARGIN,4+,away,-115,1.8695652173913042,5.482692586930639,,,1,0,0.869565,0.5348837209302326,10.0,draftkings
2022_14_PHI_NYG,2022,14,SPREAD_DISAGREEMENT,EXPECTED_MARGIN,4+,home,-115,1.8695652173913042,5.871474205789095,,,0,0,-1.0,0.5348837209302326,7.5,draftkings
2022_14_TB_SF,2022,14,SPREAD_DISAGREEMENT,EXPECTED_MARGIN,3-4,home,-104,1.9615384615384617,3.3585060414896226,,,1,0,0.961538,0.5098039215686274,-3.5,fanduel
2022_15_ARI_DEN,2022,15,SPREAD_DISAGREEMENT,EXPECTED_MARGIN,1-2,home,-110,1.9090909090909092,1.6681355034321932,,,1,0,0.909091,0.5238095238095238,-1.5,fanduel
2022_15_ATL_NO,2022,15,SPREAD_DISAGREEMENT,EXPECTED_MARGIN,2-3,away,-114,1.8771929824561404,2.9860744819006904,,,1,0,0.877193,0.5327102803738317,5.5,fanduel
2022_15_BAL_CLE,2022,15,SPREAD_DISAGREEMENT,EXPECTED_MARGIN,2-3,away,-115,1.8695652173913042,2.19756147954212,,,0,0,-1.0,0.5348837209302326,3.0,fanduel
2022_15_CIN_TB,2022,15,SPREAD_DISAGREEMENT,EXPECTED_MARGIN,0-1,away,-105,1.9523809523809523,0.67225478354068,,,1,0,0.952381,0.5121951219512195,-3.5,draftkings
2022_15_DAL_JAX,2022,15,SPREAD_DISAGREEMENT,EXPECTED_MARGIN,2-3,home,-104,1.9615384615384617,2.440634601743362,,,1,0,0.961538,0.5098039215686274,3.5,fanduel
2022_15_DET_NYJ,2022,15,SPREAD_DISAGREEMENT,EXPECTED_MARGIN,3-4,away,-110,1.9090909090909092,3.136703154697603,,,1,0,0.909091,0.5238095238095238,2.5,draftkings
2022_15_IND_MIN,2022,15,SPREAD_DISAGREEMENT,EXPECTED_MARGIN,0-1,away,-105,1.9523809523809523,0.14420387003176316,,,1,0,0.952381,0.5121951219512195,3.5,draftkings
2022_15_KC_HOU,2022,15,SPREAD_DISAGREEMENT,EXPECTED_MARGIN,4+,home,-110,1.9090909090909092,12.395810816403753,,,1,0,0.909091,0.5238095238095238,14.5,fanduel
2022_15_LA_GB,2022,15,SPREAD_DISAGREEMENT,EXPECTED_MARGIN,4+,away,-108,1.925925925925926,4.918415117660757,,,0,0,-1.0,0.5192307692307692,7.5,fanduel
2022_15_MIA_BUF,2022,15,SPREAD_DISAGREEMENT,EXPECTED_MARGIN,2-3,away,-105,1.9523809523809523,2.6239122195969955,,,1,0,0.952381,0.5121951219512195,7.0,draftkings
2022_15_NE_LV,2022,15,SPREAD_DISAGREEMENT,EXPECTED_MARGIN,0-1,away,-110,1.9090909090909092,0.15404000746038093,,,0,0,-1.0,0.5238095238095238,2.5,draftkings
2022_15_NYG_WAS,2022,15,SPREAD_DISAGREEMENT,EXPECTED_MARGIN,1-2,home,-118,1.847457627118644,1.346642864911285,,,0,0,-1.0,0.5412844036697247,-3.5,fanduel
2022_15_PHI_CHI,2022,15,SPREAD_DISAGREEMENT,EXPECTED_MARGIN,2-3,home,-110,1.9090909090909092,2.5738606538295805,,,1,0,0.909091,0.5238095238095238,9.0,draftkings
2022_15_PIT_CAR,2022,15,SPREAD_DISAGREEMENT,EXPECTED_MARGIN,0-1,away,-115,1.8695652173913042,0.1514293592764382,,,1,0,0.869565,0.5348837209302326,3.0,draftkings
2022_15_SF_SEA,2022,15,SPREAD_DISAGREEMENT,EXPECTED_MARGIN,2-3,away,100,2.0,2.104078327552262,,,1,0,1.0,0.5,-3.5,draftkings
2022_15_TEN_LAC,2022,15,SPREAD_DISAGREEMENT,EXPECTED_MARGIN,1-2,home,-120,1.8333333333333335,1.9476787338025296,,,1,0,0.833333,0.5454545454545454,-2.5,draftkings
2022_16_ATL_BAL,2022,16,SPREAD_DISAGREEMENT,EXPECTED_MARGIN,4+,away,-110,1.9090909090909092,5.52000276717099,,,0,0,-1.0,0.5238095238095238,6.5,draftkings
2022_16_BUF_CHI,2022,16,SPREAD_DISAGREEMENT,EXPECTED_MARGIN,4+,home,-118,1.847457627118644,6.682161531641075,,,0,0,-1.0,0.5412844036697247,8.5,fanduel
2022_16_CIN_NE,2022,16,SPREAD_DISAGREEMENT,EXPECTED_MARGIN,1-2,home,-110,1.9090909090909092,1.9544256253288737,,,0,0,-1.0,0.5238095238095238,3.0,draftkings
2022_16_DEN_LA,2022,16,SPREAD_DISAGREEMENT,EXPECTED_MARGIN,2-3,home,-108,1.925925925925926,2.2958241805605546,,,1,0,0.925926,0.5192307692307692,3.0,fanduel
2022_16_DET_CAR,2022,16,SPREAD_DISAGREEMENT,EXPECTED_MARGIN,0-1,home,-114,1.8771929824561404,0.576815202276908,,,1,0,0.877193,0.5327102803738317,2.5,fanduel
2022_16_GB_MIA,2022,16,SPREAD_DISAGREEMENT,EXPECTED_MARGIN,4+,away,-115,1.8695652173913042,4.374360500604297,,,1,0,0.869565,0.5348837209302326,3.5,fanduel
2022_16_HOU_TEN,2022,16,SPREAD_DISAGREEMENT,EXPECTED_MARGIN,2-3,away,-120,1.8333333333333335,2.12984980886538,,,1,0,0.833333,0.5454545454545454,3.5,fanduel
2022_16_JAX_NYJ,2022,16,SPREAD_DISAGREEMENT,EXPECTED_MARGIN,2-3,away,-110,1.9090909090909092,2.8292060248251722,,,1,0,0.909091,0.5238095238095238,2.5,draftkings
2022_16_LAC_IND,2022,16,SPREAD_DISAGREEMENT,EXPECTED_MARGIN,2-3,home,-110,1.9090909090909092,2.721049974332278,,,0,0,-1.0,0.5238095238095238,3.5,draftkings
2022_16_LV_PIT,2022,16,SPREAD_DISAGREEMENT,EXPECTED_MARGIN,1-2,away,-110,1.9090909090909092,1.0065224469543672,,,0,0,-1.0,0.5238095238095238,2.0,draftkings
2022_16_NO_CLE,2022,16,SPREAD_DISAGREEMENT,EXPECTED_MARGIN,1-2,away,-118,1.847457627118644,1.207426785504456,,,1,0,0.847458,0.5412844036697247,3.5,fanduel
2022_16_NYG_MIN,2022,16,SPREAD_DISAGREEMENT,EXPECTED_MARGIN,2-3,away,-110,1.9090909090909092,2.9326205388764706,,,1,0,0.909091,0.5238095238095238,4.5,draftkings
2022_16_PHI_DAL,2022,16,SPREAD_DISAGREEMENT,EXPECTED_MARGIN,4+,away,-110,1.9090909090909092,5.759098460693245,,,0,0,-1.0,0.5238095238095238,4.0,fanduel
2022_16_SEA_KC,2022,16,SPREAD_DISAGREEMENT,EXPECTED_MARGIN,4+,away,-115,1.8695652173913042,6.795314731004879,,,0,0,-1.0,0.5348837209302326,10.5,fanduel
2022_16_TB_ARI,2022,16,SPREAD_DISAGREEMENT,EXPECTED_MARGIN,4+,home,-110,1.9090909090909092,9.291092778467068,,,1,0,0.909091,0.5238095238095238,7.5,draftkings
2022_16_WAS_SF,2022,16,SPREAD_DISAGREEMENT,EXPECTED_MARGIN,0-1,home,-110,1.9090909090909092,0.1721562747441041,,,1,0,0.909091,0.5238095238095238,-6.5,draftkings
2022_17_ARI_ATL,2022,17,SPREAD_DISAGREEMENT,EXPECTED_MARGIN,4+,away,-105,1.9523809523809523,4.596060655716542,,,1,0,0.952381,0.5121951219512195,6.5,draftkings
2022_17_CAR_TB,2022,17,SPREAD_DISAGREEMENT,EXPECTED_MARGIN,4+,away,-110,1.9090909090909092,4.644071334270585,,,0,0,-1.0,0.5238095238095238,3.5,fanduel
2022_17_CHI_DET,2022,17,SPREAD_DISAGREEMENT,EXPECTED_MARGIN,1-2,away,-108,1.925925925925926,1.870238897522281,,,0,0,-1.0,0.5192307692307692,5.5,fanduel
2022_17_CLE_WAS,2022,17,SPREAD_DISAGREEMENT,EXPECTED_MARGIN,3-4,away,-115,1.8695652173913042,3.3694229952294528,,,1,0,0.869565,0.5348837209302326,2.5,draftkings
2022_17_DAL_TEN,2022,17,SPREAD_DISAGREEMENT,EXPECTED_MARGIN,4+,home,-115,1.8695652173913042,11.731881079099242,,,0,1,0.0,0.5348837209302326,14.0,draftkings
2022_17_DEN_KC,2022,17,SPREAD_DISAGREEMENT,EXPECTED_MARGIN,4+,away,-110,1.9090909090909092,6.066789717040113,,,1,0,0.909091,0.5238095238095238,12.5,draftkings
2022_17_IND_NYG,2022,17,SPREAD_DISAGREEMENT,EXPECTED_MARGIN,2-3,away,-110,1.9090909090909092,2.5028182200613074,,,0,0,-1.0,0.5238095238095238,5.5,draftkings
2022_17_JAX_HOU,2022,17,SPREAD_DISAGREEMENT,EXPECTED_MARGIN,1-2,home,-110,1.9090909090909092,1.9635529050789948,,,0,0,-1.0,0.5238095238095238,3.5,draftkings
2022_17_LA_LAC,2022,17,SPREAD_DISAGREEMENT,EXPECTED_MARGIN,4+,away,-106,1.9433962264150944,5.946939011383815,,,0,0,-1.0,0.5145631067961165,6.5,fanduel
2022_17_MIA_NE,2022,17,SPREAD_DISAGREEMENT,EXPECTED_MARGIN,1-2,away,-110,1.9090909090909092,1.0628788915543943,,,1,0,0.909091,0.5238095238095238,3.0,fanduel
2022_17_MIN_GB,2022,17,SPREAD_DISAGREEMENT,EXPECTED_MARGIN,0-1,home,-120,1.8333333333333335,0.17085454908927744,,,1,0,0.833333,0.5454545454545454,-3.0,draftkings
2022_17_NO_PHI,2022,17,SPREAD_DISAGREEMENT,EXPECTED_MARGIN,4+,away,-105,1.9523809523809523,4.094869900406074,,,1,0,0.952381,0.5121951219512195,5.5,fanduel
2022_17_NYJ_SEA,2022,17,SPREAD_DISAGREEMENT,EXPECTED_MARGIN,2-3,home,-114,1.8771929824561404,2.337247623074841,,,1,0,0.877193,0.5327102803738317,2.5,fanduel
2022_17_PIT_BAL,2022,17,SPREAD_DISAGREEMENT,EXPECTED_MARGIN,0-1,away,-110,1.9090909090909092,0.8845987407013176,,,1,0,0.909091,0.5238095238095238,1.0,draftkings
2022_17_SF_LV,2022,17,SPREAD_DISAGREEMENT,EXPECTED_MARGIN,4+,home,-105,1.9523809523809523,7.123026719362741,,,1,0,0.952381,0.5121951219512195,9.5,draftkings
2022_18_ARI_SF,2022,18,SPREAD_DISAGREEMENT,EXPECTED_MARGIN,4+,away,-115,1.8695652173913042,7.675068404844804,,,0,0,-1.0,0.5348837209302326,14.5,draftkings
2022_18_BAL_CIN,2022,18,SPREAD_DISAGREEMENT,EXPECTED_MARGIN,4+,away,-110,1.9090909090909092,7.353522473425677,,,1,0,0.909091,0.5238095238095238,11.5,fanduel
2022_18_CAR_NO,2022,18,SPREAD_DISAGREEMENT,EXPECTED_MARGIN,0-1,home,-105,1.9523809523809523,0.9053236970039471,,,0,0,-1.0,0.5121951219512195,-3.5,draftkings
2022_18_CLE_PIT,2022,18,SPREAD_DISAGREEMENT,EXPECTED_MARGIN,0-1,away,100,2.0,0.3265746029351959,,,0,0,-1.0,0.5,2.5,draftkings
2022_18_DAL_WAS,2022,18,SPREAD_DISAGREEMENT,EXPECTED_MARGIN,4+,home,-115,1.8695652173913042,4.280295971188799,,,1,0,0.869565,0.5348837209302326,7.5,draftkings
2022_18_DET_GB,2022,18,SPREAD_DISAGREEMENT,EXPECTED_MARGIN,1-2,away,-110,1.9090909090909092,1.6950174501710933,,,1,0,0.909091,0.5238095238095238,5.5,draftkings
2022_18_HOU_IND,2022,18,SPREAD_DISAGREEMENT,EXPECTED_MARGIN,2-3,away,-115,1.8695652173913042,2.067602097112573,,,1,0,0.869565,0.5348837209302326,3.0,draftkings
2022_18_KC_LV,2022,18,SPREAD_DISAGREEMENT,EXPECTED_MARGIN,4+,home,-110,1.9090909090909092,9.702804219755912,,,0,0,-1.0,0.5238095238095238,8.5,fanduel
2022_18_LAC_DEN,2022,18,SPREAD_DISAGREEMENT,EXPECTED_MARGIN,4+,away,-110,1.9090909090909092,9.436463834267794,,,1,0,0.909091,0.5238095238095238,6.5,fanduel
2022_18_LA_SEA,2022,18,SPREAD_DISAGREEMENT,EXPECTED_MARGIN,2-3,away,-110,1.9090909090909092,2.1385218950251854,,,1,0,0.909091,0.5238095238095238,5.5,fanduel
2022_18_MIN_CHI,2022,18,SPREAD_DISAGREEMENT,EXPECTED_MARGIN,4+,home,-115,1.8695652173913042,7.051026661216284,,,0,0,-1.0,0.5348837209302326,7.0,fanduel
2022_18_NE_BUF,2022,18,SPREAD_DISAGREEMENT,EXPECTED_MARGIN,4+,away,-114,1.8771929824561404,4.193562330038272,,,0,0,-1.0,0.5327102803738317,8.5,fanduel
2022_18_NYG_PHI,2022,18,SPREAD_DISAGREEMENT,EXPECTED_MARGIN,4+,away,-108,1.925925925925926,16.891636886057736,,,1,0,0.925926,0.5192307692307692,16.5,fanduel
2022_18_NYJ_MIA,2022,18,SPREAD_DISAGREEMENT,EXPECTED_MARGIN,1-2,home,-110,1.9090909090909092,1.5971863972695672,,,1,0,0.909091,0.5238095238095238,-3.5,draftkings
2022_18_TB_ATL,2022,18,SPREAD_DISAGREEMENT,EXPECTED_MARGIN,2-3,away,-110,1.9090909090909092,2.479290664394359,,,0,0,-1.0,0.5238095238095238,5.5,draftkings
2022_18_TEN_JAX,2022,18,SPREAD_DISAGREEMENT,EXPECTED_MARGIN,2-3,home,-115,1.8695652173913042,2.9868540660865435,,,0,0,-1.0,0.5348837209302326,-6.0,draftkings
2022_19_BAL_CIN,2022,19,SPREAD_DISAGREEMENT,EXPECTED_MARGIN,3-4,away,-110,1.9090909090909092,3.305783027471204,,,1,0,0.909091,0.5238095238095238,8.5,draftkings
2022_19_DAL_TB,2022,19,SPREAD_DISAGREEMENT,EXPECTED_MARGIN,3-4,home,-118,1.847457627118644,3.9781543586736987,,,0,0,-1.0,0.5412844036697247,3.0,fanduel
2022_19_LAC_JAX,2022,19,SPREAD_DISAGREEMENT,EXPECTED_MARGIN,4+,home,-110,1.9090909090909092,5.229647589534881,,,1,0,0.909091,0.5238095238095238,2.5,draftkings
2022_19_MIA_BUF,2022,19,SPREAD_DISAGREEMENT,EXPECTED_MARGIN,4+,away,-115,1.8695652173913042,9.39055773090318,,,1,0,0.869565,0.5348837209302326,14.0,draftkings
2022_19_NYG_MIN,2022,19,SPREAD_DISAGREEMENT,EXPECTED_MARGIN,0-1,away,-120,1.8333333333333335,0.4386296187071501,,,1,0,0.833333,0.5454545454545454,3.0,draftkings
2022_19_SEA_SF,2022,19,SPREAD_DISAGREEMENT,EXPECTED_MARGIN,4+,away,-105,1.9523809523809523,4.484337750679149,,,0,0,-1.0,0.5121951219512195,9.5,draftkings
2022_20_CIN_BUF,2022,20,SPREAD_DISAGREEMENT,EXPECTED_MARGIN,3-4,away,-105,1.9523809523809523,3.382158894356266,,,1,0,0.952381,0.5121951219512195,5.5,draftkings
2022_20_DAL_SF,2022,20,SPREAD_DISAGREEMENT,EXPECTED_MARGIN,1-2,home,-115,1.8695652173913042,1.6724254126607292,,,1,0,0.869565,0.5348837209302326,-3.5,draftkings
2022_20_JAX_KC,2022,20,SPREAD_DISAGREEMENT,EXPECTED_MARGIN,4+,away,-110,1.9090909090909092,7.437226135755761,,,1,0,0.909091,0.5238095238095238,9.5,draftkings
2022_20_NYG_PHI,2022,20,SPREAD_DISAGREEMENT,EXPECTED_MARGIN,4+,away,-110,1.9090909090909092,7.387616572333702,,,0,0,-1.0,0.5238095238095238,8.0,draftkings
2022_21_CIN_KC,2022,21,SPREAD_DISAGREEMENT,EXPECTED_MARGIN,0-1,away,-110,1.9090909090909092,0.7172617002920063,,,0,0,-1.0,0.5238095238095238,1.5,draftkings
2022_21_SF_PHI,2022,21,SPREAD_DISAGREEMENT,EXPECTED_MARGIN,0-1,away,100,2.0,0.6081830252980076,,,0,0,-1.0,0.5,2.5,draftkings
2022_22_KC_PHI,2022,22,SPREAD_DISAGREEMENT,EXPECTED_MARGIN,3-4,home,-108,1.925925925925926,3.041240948576064,,,0,0,-1.0,0.5192307692307692,-1.5,fanduel
2020_01_ARI_SF,2020,01,TOTAL_R4_DISAGREEMENT,RIDGE_R4,2-3,under,-110,1.9090909090909092,2.7718440715212154,,,1,0,0.909091,0.5238095238095238,6.5,fanduel
2020_01_CHI_DET,2020,01,TOTAL_R4_DISAGREEMENT,RIDGE_R4,1-2,under,-110,1.9090909090909092,1.3672635192485103,,,0,0,-1.0,0.5238095238095238,2.5,fanduel
2020_01_CLE_BAL,2020,01,TOTAL_R4_DISAGREEMENT,RIDGE_R4,0-1,under,-110,1.9090909090909092,0.8705112694981878,,,1,0,0.909091,0.5238095238095238,7.5,draftkings
2020_01_DAL_LA,2020,01,TOTAL_R4_DISAGREEMENT,RIDGE_R4,3-4,under,-105,1.9523809523809523,3.7766959413397316,,,1,0,0.952381,0.5121951219512195,1.5,fanduel
2020_01_GB_MIN,2020,01,TOTAL_R4_DISAGREEMENT,RIDGE_R4,1-2,over,-110,1.9090909090909092,1.0137078944031757,,,1,0,0.909091,0.5238095238095238,2.5,draftkings
2020_01_HOU_KC,2020,01,TOTAL_R4_DISAGREEMENT,RIDGE_R4,0-1,under,-110,1.9090909090909092,0.6695372702204025,,,0,0,-1.0,0.5238095238095238,-9.0,fanduel
2020_01_IND_JAX,2020,01,TOTAL_R4_DISAGREEMENT,RIDGE_R4,4+,under,-110,1.9090909090909092,4.986586707130627,,,0,0,-1.0,0.5238095238095238,8.0,draftkings
2020_01_LAC_CIN,2020,01,TOTAL_R4_DISAGREEMENT,RIDGE_R4,4+,over,-110,1.9090909090909092,8.24907587575472,,,0,0,-1.0,0.5238095238095238,3.0,draftkings
2020_01_LV_CAR,2020,01,TOTAL_R4_DISAGREEMENT,RIDGE_R4,1-2,under,-105,1.9523809523809523,1.415294795211416,,,0,0,-1.0,0.5121951219512195,-3.0,draftkings
2020_01_MIA_NE,2020,01,TOTAL_R4_DISAGREEMENT,RIDGE_R4,4+,over,-110,1.9090909090909092,5.339931105287306,,,0,0,-1.0,0.5238095238095238,7.0,fanduel
2020_01_NYJ_BUF,2020,01,TOTAL_R4_DISAGREEMENT,RIDGE_R4,1-2,under,-110,1.9090909090909092,1.6625384822985794,,,0,0,-1.0,0.5238095238095238,6.5,draftkings
2020_01_PHI_WAS,2020,01,TOTAL_R4_DISAGREEMENT,RIDGE_R4,1-2,under,-105,1.9523809523809523,1.0876478974929498,,,0,0,-1.0,0.5121951219512195,6.0,draftkings
2020_01_PIT_NYG,2020,01,TOTAL_R4_DISAGREEMENT,RIDGE_R4,3-4,under,-114,1.8771929824561404,3.5302067917877977,,,1,0,0.877193,0.5327102803738317,6.0,draftkings
2020_01_SEA_ATL,2020,01,TOTAL_R4_DISAGREEMENT,RIDGE_R4,2-3,over,-110,1.9090909090909092,2.9806844097160905,,,1,0,0.909091,0.5238095238095238,-1.0,draftkings
2020_01_TB_NO,2020,01,TOTAL_R4_DISAGREEMENT,RIDGE_R4,1-2,under,-105,1.9523809523809523,1.8643461779150599,,,0,0,-1.0,0.5121951219512195,3.5,draftkings
2020_01_TEN_DEN,2020,01,TOTAL_R4_DISAGREEMENT,RIDGE_R4,0-1,over,-106,1.9433962264150944,0.8792937719357923,,,0,0,-1.0,0.5145631067961165,3.0,fanduel
2020_02_ATL_DAL,2020,02,TOTAL_R4_DISAGREEMENT,RIDGE_R4,2-3,under,-105,1.9523809523809523,2.685948096833968,,,0,0,-1.0,0.5121951219512195,-3.0,draftkings
2020_02_BAL_HOU,2020,02,TOTAL_R4_DISAGREEMENT,RIDGE_R4,1-2,over,-110,1.9090909090909092,1.4443139257513309,,,0,0,-1.0,0.5238095238095238,7.5,draftkings
2020_02_BUF_MIA,2020,02,TOTAL_R4_DISAGREEMENT,RIDGE_R4,1-2,over,-110,1.9090909090909092,1.2547280580658366,,,1,0,0.909091,0.5238095238095238,5.5,draftkings
2020_02_CAR_TB,2020,02,TOTAL_R4_DISAGREEMENT,RIDGE_R4,0-1,under,-105,1.9523809523809523,0.12581812778324064,,,0,0,-1.0,0.5121951219512195,8.5,draftkings
2020_02_CIN_CLE,2020,02,TOTAL_R4_DISAGREEMENT,RIDGE_R4,1-2,over,-110,1.9090909090909092,1.485063470427285,,,1,0,0.909091,0.5238095238095238,6.0,draftkings
2020_02_DEN_PIT,2020,02,TOTAL_R4_DISAGREEMENT,RIDGE_R4,2-3,under,-105,1.9523809523809523,2.7677933649855433,,,0,0,-1.0,0.5121951219512195,6.5,fanduel
2020_02_DET_GB,2020,02,TOTAL_R4_DISAGREEMENT,RIDGE_R4,4+,under,-105,1.9523809523809523,6.2439881411134195,,,0,0,-1.0,0.5121951219512195,6.5,fanduel
2020_02_JAX_TEN,2020,02,TOTAL_R4_DISAGREEMENT,RIDGE_R4,3-4,over,-110,1.9090909090909092,3.141488735439168,,,1,0,0.909091,0.5238095238095238,7.5,draftkings
2020_02_KC_LAC,2020,02,TOTAL_R4_DISAGREEMENT,RIDGE_R4,1-2,over,-110,1.9090909090909092,1.0769456290711759,,,0,0,-1.0,0.5238095238095238,8.5,draftkings
2020_02_LA_PHI,2020,02,TOTAL_R4_DISAGREEMENT,RIDGE_R4,3-4,under,-110,1.9090909090909092,3.434473678624215,,,0,0,-1.0,0.5238095238095238,1.5,fanduel
2020_02_MIN_IND,2020,02,TOTAL_R4_DISAGREEMENT,RIDGE_R4,3-4,under,-110,1.9090909090909092,3.3461327039168296,,,1,0,0.909091,0.5238095238095238,3.5,fanduel
2020_02_NE_SEA,2020,02,TOTAL_R4_DISAGREEMENT,RIDGE_R4,3-4,over,-105,1.9523809523809523,3.3522275556583097,,,1,0,0.952381,0.5121951219512195,4.0,draftkings
2020_02_NO_LV,2020,02,TOTAL_R4_DISAGREEMENT,RIDGE_R4,4+,under,-110,1.9090909090909092,4.160202590157738,,,0,0,-1.0,0.5238095238095238,4.0,draftkings
2020_02_NYG_CHI,2020,02,TOTAL_R4_DISAGREEMENT,RIDGE_R4,1-2,under,-110,1.9090909090909092,1.105589604481473,,,1,0,0.909091,0.5238095238095238,5.5,draftkings
2020_02_SF_NYJ,2020,02,TOTAL_R4_DISAGREEMENT,RIDGE_R4,2-3,over,-110,1.9090909090909092,2.778755681574431,,,1,0,0.909091,0.5238095238095238,7.0,draftkings
2020_02_WAS_ARI,2020,02,TOTAL_R4_DISAGREEMENT,RIDGE_R4,3-4,under,-105,1.9523809523809523,3.6899203267833514,,,1,0,0.952381,0.5121951219512195,7.0,fanduel
2020_03_CAR_LAC,2020,03,TOTAL_R4_DISAGREEMENT,RIDGE_R4,3-4,over,-110,1.9090909090909092,3.0188147805232717,,,0,0,-1.0,0.5238095238095238,6.5,draftkings
2020_03_CHI_ATL,2020,03,TOTAL_R4_DISAGREEMENT,RIDGE_R4,1-2,under,-110,1.9090909090909092,1.7604483469334937,,,0,0,-1.0,0.5238095238095238,2.5,fanduel
2020_03_CIN_PHI,2020,03,TOTAL_R4_DISAGREEMENT,RIDGE_R4,1-2,under,-110,1.9090909090909092,1.0618602194354168,,,1,0,0.909091,0.5238095238095238,6.0,draftkings
2020_03_DAL_SEA,2020,03,TOTAL_R4_DISAGREEMENT,RIDGE_R4,2-3,under,-110,1.9090909090909092,2.6483767572155443,,,0,0,-1.0,0.5238095238095238,5.5,fanduel
2020_03_DET_ARI,2020,03,TOTAL_R4_DISAGREEMENT,RIDGE_R4,4+,under,-110,1.9090909090909092,10.595804943508448,,,1,0,0.909091,0.5238095238095238,-5.0,draftkings
2020_03_GB_NO,2020,03,TOTAL_R4_DISAGREEMENT,RIDGE_R4,4+,under,-110,1.9090909090909092,4.620030272032871,,,0,0,-1.0,0.5238095238095238,3.5,fanduel
2020_03_HOU_PIT,2020,03,TOTAL_R4_DISAGREEMENT,RIDGE_R4,0-1,under,-110,1.9090909090909092,0.13454761776419843,,,0,0,-1.0,0.5238095238095238,-3.5,fanduel
2020_03_KC_BAL,2020,03,TOTAL_R4_DISAGREEMENT,RIDGE_R4,3-4,under,-108,1.925925925925926,3.676758747033638,,,1,0,0.925926,0.5192307692307692,3.5,draftkings
2020_03_LA_BUF,2020,03,TOTAL_R4_DISAGREEMENT,RIDGE_R4,3-4,under,-110,1.9090909090909092,3.2085079195388673,,,0,0,-1.0,0.5238095238095238,2.0,draftkings
2020_03_LV_NE,2020,03,TOTAL_R4_DISAGREEMENT,RIDGE_R4,0-1,over,-110,1.9090909090909092,0.10643463123562213,,,1,0,0.909091,0.5238095238095238,7.0,draftkings
2020_03_MIA_JAX,2020,03,TOTAL_R4_DISAGREEMENT,RIDGE_R4,4+,under,-110,1.9090909090909092,5.104314586472306,,,1,0,0.909091,0.5238095238095238,-2.5,draftkings
2020_03_NYJ_IND,2020,03,TOTAL_R4_DISAGREEMENT,RIDGE_R4,0-1,under,-105,1.9523809523809523,0.916916317463226,,,1,0,0.952381,0.5121951219512195,12.0,draftkings
2020_03_SF_NYG,2020,03,TOTAL_R4_DISAGREEMENT,RIDGE_R4,0-1,under,-105,1.9523809523809523,0.30705199188852816,,,0,0,-1.0,0.5121951219512195,3.0,draftkings
2020_03_TB_DEN,2020,03,TOTAL_R4_DISAGREEMENT,RIDGE_R4,1-2,over,-110,1.9090909090909092,1.4496401741200344,,,0,0,-1.0,0.5238095238095238,5.5,draftkings
2020_03_TEN_MIN,2020,03,TOTAL_R4_DISAGREEMENT,RIDGE_R4,2-3,under,-110,1.9090909090909092,2.593760693529177,,,0,0,-1.0,0.5238095238095238,3.0,fanduel
2020_03_WAS_CLE,2020,03,TOTAL_R4_DISAGREEMENT,RIDGE_R4,1-2,over,-110,1.9090909090909092,1.1004910261129055,,,1,0,0.909091,0.5238095238095238,7.5,fanduel
2020_04_ARI_CAR,2020,04,TOTAL_R4_DISAGREEMENT,RIDGE_R4,4+,under,-110,1.9090909090909092,6.046873947611388,,,0,0,-1.0,0.5238095238095238,3.0,draftkings
2020_04_ATL_GB,2020,04,TOTAL_R4_DISAGREEMENT,RIDGE_R4,4+,under,-110,1.9090909090909092,7.155115185298314,,,1,0,0.909091,0.5238095238095238,6.0,draftkings
2020_04_BAL_WAS,2020,04,TOTAL_R4_DISAGREEMENT,RIDGE_R4,0-1,over,-105,1.9523809523809523,0.14962034039914585,,,1,0,0.952381,0.5121951219512195,14.0,draftkings
2020_04_BUF_LV,2020,04,TOTAL_R4_DISAGREEMENT,RIDGE_R4,4+,under,-105,1.9523809523809523,8.666660458878518,,,0,0,-1.0,0.5121951219512195,3.5,draftkings
2020_04_CLE_DAL,2020,04,TOTAL_R4_DISAGREEMENT,RIDGE_R4,4+,under,-110,1.9090909090909092,7.069563633717436,,,0,0,-1.0,0.5238095238095238,4.0,draftkings
2020_04_DEN_NYJ,2020,04,TOTAL_R4_DISAGREEMENT,RIDGE_R4,1-2,under,-110,1.9090909090909092,1.3964544891839665,,,0,0,-1.0,0.5238095238095238,1.0,fanduel
2020_04_IND_CHI,2020,04,TOTAL_R4_DISAGREEMENT,RIDGE_R4,1-2,under,-110,1.9090909090909092,1.1091284809291864,,,1,0,0.909091,0.5238095238095238,-3.5,fanduel
2020_04_JAX_CIN,2020,04,TOTAL_R4_DISAGREEMENT,RIDGE_R4,3-4,under,-110,1.9090909090909092,3.0021833067305224,,,0,0,-1.0,0.5238095238095238,-1.5,fanduel
2020_04_LAC_TB,2020,04,TOTAL_R4_DISAGREEMENT,RIDGE_R4,0-1,over,-105,1.9523809523809523,0.9251954834863341,,,1,0,0.952381,0.5121951219512195,7.5,draftkings
2020_04_MIN_HOU,2020,04,TOTAL_R4_DISAGREEMENT,RIDGE_R4,4+,under,-105,1.9523809523809523,5.526441575247517,,,0,0,-1.0,0.5121951219512195,3.5,draftkings
2020_04_NE_KC,2020,04,TOTAL_R4_DISAGREEMENT,RIDGE_R4,4+,under,-110,1.9090909090909092,4.901837159840035,,,1,0,0.909091,0.5238095238095238,11.5,fanduel
2020_04_NO_DET,2020,04,TOTAL_R4_DISAGREEMENT,RIDGE_R4,3-4,under,-110,1.9090909090909092,3.8730986361532445,,,0,0,-1.0,0.5238095238095238,3.0,fanduel
2020_04_NYG_LA,2020,04,TOTAL_R4_DISAGREEMENT,RIDGE_R4,1-2,under,-105,1.9523809523809523,1.77949765565576,,,1,0,0.952381,0.5121951219512195,13.5,fanduel
2020_04_PHI_SF,2020,04,TOTAL_R4_DISAGREEMENT,RIDGE_R4,2-3,under,-110,1.9090909090909092,2.497074494113967,,,1,0,0.909091,0.5238095238095238,9.0,draftkings
2020_04_SEA_MIA,2020,04,TOTAL_R4_DISAGREEMENT,RIDGE_R4,2-3,under,-110,1.9090909090909092,2.7354992666856717,,,1,0,0.909091,0.5238095238095238,5.5,draftkings
2020_05_ARI_NYJ,2020,05,TOTAL_R4_DISAGREEMENT,RIDGE_R4,3-4,under,-110,1.9090909090909092,3.317837036010708,,,1,0,0.909091,0.5238095238095238,7.0,draftkings
2020_05_BUF_TEN,2020,05,TOTAL_R4_DISAGREEMENT,RIDGE_R4,1-2,under,-110,1.9090909090909092,1.7734209683024176,,,0,0,-1.0,0.5238095238095238,3.0,draftkings
2020_05_CAR_ATL,2020,05,TOTAL_R4_DISAGREEMENT,RIDGE_R4,0-1,under,-110,1.9090909090909092,0.7272374627878904,,,1,0,0.909091,0.5238095238095238,2.5,draftkings
2020_05_CIN_BAL,2020,05,TOTAL_R4_DISAGREEMENT,RIDGE_R4,1-2,over,-110,1.9090909090909092,1.1162810522440196,,,0,0,-1.0,0.5238095238095238,12.5,fanduel
2020_05_IND_CLE,2020,05,TOTAL_R4_DISAGREEMENT,RIDGE_R4,2-3,under,-110,1.9090909090909092,2.667311894499349,,,0,0,-1.0,0.5238095238095238,1.5,fanduel
2020_05_JAX_HOU,2020,05,TOTAL_R4_DISAGREEMENT,RIDGE_R4,3-4,under,-110,1.9090909090909092,3.2451223966256393,,,1,0,0.909091,0.5238095238095238,5.5,fanduel
2020_05_LAC_NO,2020,05,TOTAL_R4_DISAGREEMENT,RIDGE_R4,2-3,under,-110,1.9090909090909092,2.7634306698037534,,,0,0,-1.0,0.5238095238095238,7.0,draftkings
2020_05_LA_WAS,2020,05,TOTAL_R4_DISAGREEMENT,RIDGE_R4,0-1,under,-110,1.9090909090909092,0.22603619774692874,,,1,0,0.909091,0.5238095238095238,7.5,draftkings
2020_05_LV_KC,2020,05,TOTAL_R4_DISAGREEMENT,RIDGE_R4,2-3,under,-110,1.9090909090909092,2.002282217855324,,,0,0,-1.0,0.5238095238095238,11.5,fanduel
2020_05_MIA_SF,2020,05,TOTAL_R4_DISAGREEMENT,RIDGE_R4,3-4,under,-110,1.9090909090909092,3.0677044650802117,,,0,0,-1.0,0.5238095238095238,8.5,draftkings
2020_05_MIN_SEA,2020,05,TOTAL_R4_DISAGREEMENT,RIDGE_R4,2-3,under,-110,1.9090909090909092,2.0404829530298443,,,1,0,0.909091,0.5238095238095238,6.5,fanduel
2020_05_NYG_DAL,2020,05,TOTAL_R4_DISAGREEMENT,RIDGE_R4,3-4,under,-110,1.9090909090909092,3.2793731988047767,,,0,0,-1.0,0.5238095238095238,7.5,draftkings
2020_05_PHI_PIT,2020,05,TOTAL_R4_DISAGREEMENT,RIDGE_R4,1-2,under,-110,1.9090909090909092,1.863624555529583,,,0,0,-1.0,0.5238095238095238,7.5,fanduel
2020_05_TB_CHI,2020,05,TOTAL_R4_DISAGREEMENT,RIDGE_R4,0-1,under,-110,1.9090909090909092,0.1811700194944379,,,1,0,0.909091,0.5238095238095238,3.5,fanduel
2020_06_ARI_DAL,2020,06,TOTAL_R4_DISAGREEMENT,RIDGE_R4,4+,under,-110,1.9090909090909092,5.96585004764561,,,1,0,0.909091,0.5238095238095238,1.0,draftkings
2020_06_ATL_MIN,2020,06,TOTAL_R4_DISAGREEMENT,RIDGE_R4,0-1,under,-110,1.9090909090909092,0.4391624271960808,,,0,0,-1.0,0.5238095238095238,3.5,draftkings
2020_06_BAL_PHI,2020,06,TOTAL_R4_DISAGREEMENT,RIDGE_R4,0-1,under,-110,1.9090909090909092,0.6610512451958996,,,0,0,-1.0,0.5238095238095238,10.0,draftkings
2020_06_CHI_CAR,2020,06,TOTAL_R4_DISAGREEMENT,RIDGE_R4,4+,under,-110,1.9090909090909092,4.204716758102606,,,1,0,0.909091,0.5238095238095238,2.0,draftkings
2020_06_CIN_IND,2020,06,TOTAL_R4_DISAGREEMENT,RIDGE_R4,4+,over,-110,1.9090909090909092,6.237546160255938,,,1,0,0.909091,0.5238095238095238,7.5,draftkings
2020_06_CLE_PIT,2020,06,TOTAL_R4_DISAGREEMENT,RIDGE_R4,4+,under,-110,1.9090909090909092,5.5316644564016215,,,1,0,0.909091,0.5238095238095238,3.0,draftkings
2020_06_DEN_NE,2020,06,TOTAL_R4_DISAGREEMENT,RIDGE_R4,3-4,under,-110,1.9090909090909092,3.935681482223174,,,1,0,0.909091,0.5238095238095238,8.0,fanduel
2020_06_DET_JAX,2020,06,TOTAL_R4_DISAGREEMENT,RIDGE_R4,4+,under,-110,1.9090909090909092,10.505315039914926,,,1,0,0.909091,0.5238095238095238,3.0,draftkings
2020_06_GB_TB,2020,06,TOTAL_R4_DISAGREEMENT,RIDGE_R4,4+,under,-110,1.9090909090909092,6.167737388718173,,,1,0,0.909091,0.5238095238095238,2.0,draftkings
2020_06_HOU_TEN,2020,06,TOTAL_R4_DISAGREEMENT,RIDGE_R4,0-1,over,-105,1.9523809523809523,0.9543274636437573,,,1,0,0.952381,0.5121951219512195,3.5,draftkings
2020_06_KC_BUF,2020,06,TOTAL_R4_DISAGREEMENT,RIDGE_R4,4+,under,-105,1.9523809523809523,6.948100946562711,,,1,0,0.952381,0.5121951219512195,5.5,draftkings
2020_06_LA_SF,2020,06,TOTAL_R4_DISAGREEMENT,RIDGE_R4,4+,under,-110,1.9090909090909092,5.968122945710725,,,1,0,0.909091,0.5238095238095238,-2.5,fanduel
2020_06_NYJ_MIA,2020,06,TOTAL_R4_DISAGREEMENT,RIDGE_R4,3-4,under,-110,1.9090909090909092,3.7776413770072637,,,1,0,0.909091,0.5238095238095238,8.5,draftkings
2020_06_WAS_NYG,2020,06,TOTAL_R4_DISAGREEMENT,RIDGE_R4,0-1,over,-110,1.9090909090909092,0.828999607963631,,,0,0,-1.0,0.5238095238095238,1.5,fanduel
2020_07_BUF_NYJ,2020,07,TOTAL_R4_DISAGREEMENT,RIDGE_R4,1-2,under,-106,1.9433962264150944,1.9433644360201399,,,1,0,0.943396,0.5145631067961165,10.5,fanduel
2020_07_CAR_NO,2020,07,TOTAL_R4_DISAGREEMENT,RIDGE_R4,0-1,under,-110,1.9090909090909092,0.3213719577889407,,,0,0,-1.0,0.5238095238095238,6.5,draftkings
2020_07_CHI_LA,2020,07,TOTAL_R4_DISAGREEMENT,RIDGE_R4,2-3,under,-109,1.9174311926605505,2.5317887938413506,,,1,0,0.917431,0.5215311004784688,6.5,fanduel
2020_07_CLE_CIN,2020,07,TOTAL_R4_DISAGREEMENT,RIDGE_R4,4+,under,-110,1.9090909090909092,4.931773008799979,,,0,0,-1.0,0.5238095238095238,3.5,fanduel
2020_07_DAL_WAS,2020,07,TOTAL_R4_DISAGREEMENT,RIDGE_R4,1-2,over,-109,1.9174311926605505,1.2311609427087618,,,0,0,-1.0,0.5215311004784688,1.0,draftkings
2020_07_DET_ATL,2020,07,TOTAL_R4_DISAGREEMENT,RIDGE_R4,3-4,under,-105,1.9523809523809523,3.8777210658701122,,,1,0,0.952381,0.5121951219512195,1.5,fanduel
2020_07_GB_HOU,2020,07,TOTAL_R4_DISAGREEMENT,RIDGE_R4,3-4,under,-110,1.9090909090909092,3.4985090318547165,,,1,0,0.909091,0.5238095238095238,3.0,draftkings
2020_07_JAX_LAC,2020,07,TOTAL_R4_DISAGREEMENT,RIDGE_R4,0-1,over,-110,1.9090909090909092,0.9450359088047051,,,1,0,0.909091,0.5238095238095238,8.0,draftkings
2020_07_KC_DEN,2020,07,TOTAL_R4_DISAGREEMENT,RIDGE_R4,2-3,over,-110,1.9090909090909092,2.587508442829602,,,1,0,0.909091,0.5238095238095238,7.0,draftkings
2020_07_NYG_PHI,2020,07,TOTAL_R4_DISAGREEMENT,RIDGE_R4,0-1,under,-110,1.9090909090909092,0.8016734170274589,,,1,0,0.909091,0.5238095238095238,5.0,draftkings
2020_07_PIT_TEN,2020,07,TOTAL_R4_DISAGREEMENT,RIDGE_R4,2-3,under,-110,1.9090909090909092,2.969204228927943,,,0,0,-1.0,0.5238095238095238,1.5,draftkings
2020_07_SEA_ARI,2020,07,TOTAL_R4_DISAGREEMENT,RIDGE_R4,4+,under,-110,1.9090909090909092,5.863036864114271,,,0,0,-1.0,0.5238095238095238,3.5,draftkings
2020_07_SF_NE,2020,07,TOTAL_R4_DISAGREEMENT,RIDGE_R4,0-1,under,-106,1.9433962264150944,0.38103141502759286,,,1,0,0.943396,0.5145631067961165,3.0,fanduel
2020_07_TB_LV,2020,07,TOTAL_R4_DISAGREEMENT,RIDGE_R4,2-3,under,-110,1.9090909090909092,2.0834133706009155,,,0,0,-1.0,0.5238095238095238,4.0,draftkings
2020_08_ATL_CAR,2020,08,TOTAL_R4_DISAGREEMENT,RIDGE_R4,1-2,under,-104,1.9615384615384617,1.846793877975692,,,1,0,0.961538,0.5098039215686274,1.5,fanduel
2020_08_DAL_PHI,2020,08,TOTAL_R4_DISAGREEMENT,RIDGE_R4,4+,over,-110,1.9090909090909092,4.399956055026564,,,0,0,-1.0,0.5238095238095238,10.5,fanduel
2020_08_IND_DET,2020,08,TOTAL_R4_DISAGREEMENT,RIDGE_R4,1-2,under,-110,1.9090909090909092,1.089911491034897,,,0,0,-1.0,0.5238095238095238,3.0,fanduel
2020_08_LAC_DEN,2020,08,TOTAL_R4_DISAGREEMENT,RIDGE_R4,2-3,under,-110,1.9090909090909092,2.395698773605865,,,0,0,-1.0,0.5238095238095238,-3.0,draftkings
2020_08_LA_MIA,2020,08,TOTAL_R4_DISAGREEMENT,RIDGE_R4,1-2,under,-110,1.9090909090909092,1.2978401227467842,,,1,0,0.909091,0.5238095238095238,3.0,fanduel
2020_08_LV_CLE,2020,08,TOTAL_R4_DISAGREEMENT,RIDGE_R4,3-4,over,-105,1.9523809523809523,3.521854920786133,,,0,0,-1.0,0.5121951219512195,1.5,draftkings
2020_08_MIN_GB,2020,08,TOTAL_R4_DISAGREEMENT,RIDGE_R4,3-4,under,-110,1.9090909090909092,3.0048394459845227,,,0,0,-1.0,0.5238095238095238,5.5,fanduel
2020_08_NE_BUF,2020,08,TOTAL_R4_DISAGREEMENT,RIDGE_R4,2-3,over,-108,1.925925925925926,2.2001949842290145,,,1,0,0.925926,0.5192307692307692,4.5,draftkings
2020_08_NO_CHI,2020,08,TOTAL_R4_DISAGREEMENT,RIDGE_R4,1-2,over,-106,1.9433962264150944,1.422081660341206,,,1,0,0.943396,0.5145631067961165,5.5,fanduel
2020_08_NYJ_KC,2020,08,TOTAL_R4_DISAGREEMENT,RIDGE_R4,4+,under,-110,1.9090909090909092,4.7747811765337715,,,1,0,0.909091,0.5238095238095238,19.5,draftkings
2020_08_PIT_BAL,2020,08,TOTAL_R4_DISAGREEMENT,RIDGE_R4,2-3,over,-110,1.9090909090909092,2.8235016376558875,,,1,0,0.909091,0.5238095238095238,4.0,draftkings
2020_08_SF_SEA,2020,08,TOTAL_R4_DISAGREEMENT,RIDGE_R4,1-2,under,-110,1.9090909090909092,1.4148035551225107,,,0,0,-1.0,0.5238095238095238,1.5,fanduel
2020_08_TB_NYG,2020,08,TOTAL_R4_DISAGREEMENT,RIDGE_R4,1-2,over,-110,1.9090909090909092,1.2639357881307092,,,1,0,0.909091,0.5238095238095238,12.5,fanduel
2020_08_TEN_CIN,2020,08,TOTAL_R4_DISAGREEMENT,RIDGE_R4,2-3,under,-110,1.9090909090909092,2.1223923529909996,,,0,0,-1.0,0.5238095238095238,7.0,fanduel
2020_09_BAL_IND,2020,09,TOTAL_R4_DISAGREEMENT,RIDGE_R4,1-2,over,-110,1.9090909090909092,1.72778934840359,,,0,0,-1.0,0.5238095238095238,-1.0,draftkings
2020_09_CAR_KC,2020,09,TOTAL_R4_DISAGREEMENT,RIDGE_R4,1-2,over,-110,1.9090909090909092,1.0463438532719707,,,1,0,0.909091,0.5238095238095238,10.0,draftkings
2020_09_CHI_TEN,2020,09,TOTAL_R4_DISAGREEMENT,RIDGE_R4,0-1,under,-110,1.9090909090909092,0.7501473267872498,,,1,0,0.909091,0.5238095238095238,6.5,fanduel
2020_09_DEN_ATL,2020,09,TOTAL_R4_DISAGREEMENT,RIDGE_R4,1-2,under,-110,1.9090909090909092,1.9220305066006205,,,0,0,-1.0,0.5238095238095238,4.5,fanduel
2020_09_DET_MIN,2020,09,TOTAL_R4_DISAGREEMENT,RIDGE_R4,0-1,under,-110,1.9090909090909092,0.6878912974376874,,,0,0,-1.0,0.5238095238095238,3.5,draftkings
2020_09_GB_SF,2020,09,TOTAL_R4_DISAGREEMENT,RIDGE_R4,1-2,under,-110,1.9090909090909092,1.2634755699319342,,,0,0,-1.0,0.5238095238095238,6.5,draftkings
2020_09_HOU_JAX,2020,09,TOTAL_R4_DISAGREEMENT,RIDGE_R4,0-1,under,-106,1.9433962264150944,0.5214457561435069,,,0,0,-1.0,0.5145631067961165,6.5,fanduel
2020_09_LV_LAC,2020,09,TOTAL_R4_DISAGREEMENT,RIDGE_R4,3-4,under,-110,1.9090909090909092,3.0767005148414057,,,0,0,-1.0,0.5238095238095238,1.0,draftkings
2020_09_MIA_ARI,2020,09,TOTAL_R4_DISAGREEMENT,RIDGE_R4,0-1,under,-106,1.9433962264150944,0.7710189955746287,,,0,0,-1.0,0.5145631067961165,5.5,fanduel
2020_09_NE_NYJ,2020,09,TOTAL_R4_DISAGREEMENT,RIDGE_R4,0-1,over,-104,1.9615384615384617,0.8011278196294782,,,1,0,0.961538,0.5098039215686274,9.5,draftkings
2020_09_NO_TB,2020,09,TOTAL_R4_DISAGREEMENT,RIDGE_R4,4+,under,-106,1.9433962264150944,5.656530784253256,,,1,0,0.943396,0.5145631067961165,-3.0,draftkings
2020_09_NYG_WAS,2020,09,TOTAL_R4_DISAGREEMENT,RIDGE_R4,2-3,over,-105,1.9523809523809523,2.720002972692612,,,0,0,-1.0,0.5121951219512195,3.0,draftkings
2020_09_PIT_DAL,2020,09,TOTAL_R4_DISAGREEMENT,RIDGE_R4,0-1,over,-110,1.9090909090909092,0.20603695501201713,,,0,0,-1.0,0.5238095238095238,14.0,fanduel
2020_09_SEA_BUF,2020,09,TOTAL_R4_DISAGREEMENT,RIDGE_R4,4+,under,-106,1.9433962264150944,5.365527629810231,,,0,0,-1.0,0.5145631067961165,3.0,fanduel
2020_10_BAL_NE,2020,10,TOTAL_R4_DISAGREEMENT,RIDGE_R4,1-2,over,-110,1.9090909090909092,1.4138455306046112,,,0,0,-1.0,0.5238095238095238,6.5,fanduel
2020_10_BUF_ARI,2020,10,TOTAL_R4_DISAGREEMENT,RIDGE_R4,4+,under,-106,1.9433962264150944,8.93320420200498,,,0,0,-1.0,0.5145631067961165,3.0,draftkings
2020_10_CIN_PIT,2020,10,TOTAL_R4_DISAGREEMENT,RIDGE_R4,1-2,over,-110,1.9090909090909092,1.5015738988708947,,,1,0,0.909091,0.5238095238095238,6.5,fanduel
2020_10_DEN_LV,2020,10,TOTAL_R4_DISAGREEMENT,RIDGE_R4,4+,under,-110,1.9090909090909092,7.899901888390637,,,1,0,0.909091,0.5238095238095238,3.0,draftkings
2020_10_HOU_CLE,2020,10,TOTAL_R4_DISAGREEMENT,RIDGE_R4,4+,over,-110,1.9090909090909092,9.170965126448259,,,0,0,-1.0,0.5238095238095238,4.5,draftkings
2020_10_IND_TEN,2020,10,TOTAL_R4_DISAGREEMENT,RIDGE_R4,0-1,under,-106,1.9433962264150944,0.7270370136766715,,,0,0,-1.0,0.5145631067961165,-1.0,draftkings
2020_10_JAX_GB,2020,10,TOTAL_R4_DISAGREEMENT,RIDGE_R4,1-2,over,-106,1.9433962264150944,1.9644014684274538,,,0,0,-1.0,0.5145631067961165,13.5,fanduel
2020_10_LAC_MIA,2020,10,TOTAL_R4_DISAGREEMENT,RIDGE_R4,4+,under,-110,1.9090909090909092,6.124864338551497,,,0,0,-1.0,0.5238095238095238,2.5,fanduel
2020_10_MIN_CHI,2020,10,TOTAL_R4_DISAGREEMENT,RIDGE_R4,1-2,under,-110,1.9090909090909092,1.5155193345511293,,,1,0,0.909091,0.5238095238095238,-3.5,draftkings
2020_10_PHI_NYG,2020,10,TOTAL_R4_DISAGREEMENT,RIDGE_R4,2-3,under,-110,1.9090909090909092,2.9765290083676987,,,1,0,0.909091,0.5238095238095238,5.0,draftkings
2020_10_SEA_LA,2020,10,TOTAL_R4_DISAGREEMENT,RIDGE_R4,0-1,under,-110,1.9090909090909092,0.4597569483912949,,,1,0,0.909091,0.5238095238095238,2.5,fanduel
2020_10_SF_NO,2020,10,TOTAL_R4_DISAGREEMENT,RIDGE_R4,4+,under,-110,1.9090909090909092,4.008355258145173,,,1,0,0.909091,0.5238095238095238,9.5,fanduel
2020_10_TB_CAR,2020,10,TOTAL_R4_DISAGREEMENT,RIDGE_R4,2-3,under,-110,1.9090909090909092,2.2054494874403616,,,0,0,-1.0,0.5238095238095238,6.0,draftkings
2020_10_WAS_DET,2020,10,TOTAL_R4_DISAGREEMENT,RIDGE_R4,0-1,over,-106,1.9433962264150944,0.7614829205679072,,,1,0,0.943396,0.5145631067961165,2.5,fanduel
2020_11_ARI_SEA,2020,11,TOTAL_R4_DISAGREEMENT,RIDGE_R4,2-3,under,-102,1.9803921568627452,2.346692758746933,,,1,0,0.980392,0.504950495049505,3.0,fanduel
2020_11_ATL_NO,2020,11,TOTAL_R4_DISAGREEMENT,RIDGE_R4,2-3,under,-110,1.9090909090909092,2.7818117438511223,,,1,0,0.909091,0.5238095238095238,-3.5,fanduel
2020_11_CIN_WAS,2020,11,TOTAL_R4_DISAGREEMENT,RIDGE_R4,0-1,under,-110,1.9090909090909092,0.823947977281577,,,1,0,0.909091,0.5238095238095238,-1.5,draftkings
2020_11_DAL_MIN,2020,11,TOTAL_R4_DISAGREEMENT,RIDGE_R4,0-1,over,-110,1.9090909090909092,0.0999193835298442,,,1,0,0.909091,0.5238095238095238,7.0,draftkings
2020_11_DET_CAR,2020,11,TOTAL_R4_DISAGREEMENT,RIDGE_R4,4+,under,-110,1.9090909090909092,4.940749210774435,,,1,0,0.909091,0.5238095238095238,-3.0,draftkings
2020_11_GB_IND,2020,11,TOTAL_R4_DISAGREEMENT,RIDGE_R4,1-2,under,-109,1.9174311926605505,1.2685998605086652,,,0,0,-1.0,0.5215311004784688,1.5,fanduel
2020_11_KC_LV,2020,11,TOTAL_R4_DISAGREEMENT,RIDGE_R4,4+,under,-110,1.9090909090909092,4.970590678871304,,,0,0,-1.0,0.5238095238095238,7.5,draftkings
2020_11_LA_TB,2020,11,TOTAL_R4_DISAGREEMENT,RIDGE_R4,2-3,under,-110,1.9090909090909092,2.5832437778869703,,,0,0,-1.0,0.5238095238095238,4.0,fanduel
2020_11_MIA_DEN,2020,11,TOTAL_R4_DISAGREEMENT,RIDGE_R4,3-4,under,-106,1.9433962264150944,3.551954424197419,,,1,0,0.943396,0.5145631067961165,-3.5,fanduel
2020_11_NE_HOU,2020,11,TOTAL_R4_DISAGREEMENT,RIDGE_R4,1-2,over,-110,1.9090909090909092,1.8846045917676761,,,0,0,-1.0,0.5238095238095238,2.5,fanduel
2020_11_NYJ_LAC,2020,11,TOTAL_R4_DISAGREEMENT,RIDGE_R4,4+,under,-110,1.9090909090909092,6.221422338085233,,,0,0,-1.0,0.5238095238095238,10.0,fanduel
2020_11_PHI_CLE,2020,11,TOTAL_R4_DISAGREEMENT,RIDGE_R4,0-1,under,-110,1.9090909090909092,0.22281648149640176,,,1,0,0.909091,0.5238095238095238,2.5,fanduel
2020_11_PIT_JAX,2020,11,TOTAL_R4_DISAGREEMENT,RIDGE_R4,4+,under,-110,1.9090909090909092,8.744323078771458,,,1,0,0.909091,0.5238095238095238,10.5,draftkings
2020_11_TEN_BAL,2020,11,TOTAL_R4_DISAGREEMENT,RIDGE_R4,4+,under,-110,1.9090909090909092,5.065956161931254,,,0,0,-1.0,0.5238095238095238,6.5,fanduel
2020_12_ARI_NE,2020,12,TOTAL_R4_DISAGREEMENT,RIDGE_R4,4+,under,-106,1.9433962264150944,4.668448024710685,,,1,0,0.943396,0.5145631067961165,1.0,draftkings
2020_12_BAL_PIT,2020,12,TOTAL_R4_DISAGREEMENT,RIDGE_R4,0-1,under,-108,1.925925925925926,0.6128093796511749,,,1,0,0.925926,0.5192307692307692,10.5,draftkings
2020_12_CAR_MIN,2020,12,TOTAL_R4_DISAGREEMENT,RIDGE_R4,3-4,over,-110,1.9090909090909092,3.3380595065407945,,,1,0,0.909091,0.5238095238095238,3.0,fanduel
2020_12_CHI_GB,2020,12,TOTAL_R4_DISAGREEMENT,RIDGE_R4,2-3,under,-110,1.9090909090909092,2.8867468933423126,,,0,0,-1.0,0.5238095238095238,8.0,draftkings
2020_12_CLE_JAX,2020,12,TOTAL_R4_DISAGREEMENT,RIDGE_R4,4+,under,-110,1.9090909090909092,7.311092353601737,,,0,0,-1.0,0.5238095238095238,7.0,draftkings
2020_12_HOU_DET,2020,12,TOTAL_R4_DISAGREEMENT,RIDGE_R4,1-2,over,-110,1.9090909090909092,1.9699550245681934,,,1,0,0.909091,0.5238095238095238,3.0,draftkings
2020_12_KC_TB,2020,12,TOTAL_R4_DISAGREEMENT,RIDGE_R4,4+,under,-110,1.9090909090909092,6.518661797429793,,,1,0,0.909091,0.5238095238095238,3.5,draftkings
2020_12_LAC_BUF,2020,12,TOTAL_R4_DISAGREEMENT,RIDGE_R4,3-4,under,-110,1.9090909090909092,3.3739336328575433,,,1,0,0.909091,0.5238095238095238,4.5,draftkings
2020_12_LV_ATL,2020,12,TOTAL_R4_DISAGREEMENT,RIDGE_R4,1-2,over,-106,1.9433962264150944,1.1244267954042897,,,0,0,-1.0,0.5145631067961165,3.5,draftkings
2020_12_MIA_NYJ,2020,12,TOTAL_R4_DISAGREEMENT,RIDGE_R4,1-2,over,-110,1.9090909090909092,1.3818272347226994,,,0,0,-1.0,0.5238095238095238,7.5,fanduel
2020_12_NO_DEN,2020,12,TOTAL_R4_DISAGREEMENT,RIDGE_R4,0-1,over,-106,1.9433962264150944,0.4628847640026379,,,0,0,-1.0,0.5145631067961165,17.0,fanduel
2020_12_NYG_CIN,2020,12,TOTAL_R4_DISAGREEMENT,RIDGE_R4,3-4,under,-110,1.9090909090909092,3.7489931777196404,,,1,0,0.909091,0.5238095238095238,6.5,draftkings
2020_12_SEA_PHI,2020,12,TOTAL_R4_DISAGREEMENT,RIDGE_R4,0-1,under,-108,1.925925925925926,0.4522173095208686,,,1,0,0.925926,0.5192307692307692,6.5,draftkings
2020_12_SF_LA,2020,12,TOTAL_R4_DISAGREEMENT,RIDGE_R4,0-1,under,-110,1.9090909090909092,0.1903904299288115,,,1,0,0.909091,0.5238095238095238,5.5,fanduel
2020_12_TEN_IND,2020,12,TOTAL_R4_DISAGREEMENT,RIDGE_R4,2-3,under,-110,1.9090909090909092,2.7426160765080567,,,0,0,-1.0,0.5238095238095238,3.0,draftkings
2020_12_WAS_DAL,2020,12,TOTAL_R4_DISAGREEMENT,RIDGE_R4,0-1,under,-105,1.9523809523809523,0.7807303065695379,,,0,0,-1.0,0.5121951219512195,3.0,draftkings
2020_13_BUF_SF,2020,13,TOTAL_R4_DISAGREEMENT,RIDGE_R4,0-1,under,-108,1.925925925925926,0.9684568014140851,,,0,0,-1.0,0.5192307692307692,1.5,fanduel
2020_13_CIN_MIA,2020,13,TOTAL_R4_DISAGREEMENT,RIDGE_R4,0-1,over,-108,1.925925925925926,0.7975451459353877,,,0,0,-1.0,0.5192307692307692,10.5,draftkings
2020_13_CLE_TEN,2020,13,TOTAL_R4_DISAGREEMENT,RIDGE_R4,2-3,under,-106,1.9433962264150944,2.1610505153291797,,,0,0,-1.0,0.5145631067961165,4.0,draftkings
2020_13_DAL_BAL,2020,13,TOTAL_R4_DISAGREEMENT,RIDGE_R4,2-3,over,-110,1.9090909090909092,2.134299362893188,,,1,0,0.909091,0.5238095238095238,8.5,draftkings
2020_13_DEN_KC,2020,13,TOTAL_R4_DISAGREEMENT,RIDGE_R4,4+,under,-110,1.9090909090909092,4.165021630802471,,,1,0,0.909091,0.5238095238095238,12.5,fanduel
2020_13_DET_CHI,2020,13,TOTAL_R4_DISAGREEMENT,RIDGE_R4,3-4,under,-108,1.925925925925926,3.438473101633548,,,0,0,-1.0,0.5192307692307692,3.0,fanduel
2020_13_IND_HOU,2020,13,TOTAL_R4_DISAGREEMENT,RIDGE_R4,0-1,over,-110,1.9090909090909092,0.4496989214532192,,,0,0,-1.0,0.5238095238095238,3.0,draftkings
2020_13_JAX_MIN,2020,13,TOTAL_R4_DISAGREEMENT,RIDGE_R4,2-3,over,-110,1.9090909090909092,2.416154137016882,,,0,1,0.0,0.5238095238095238,10.5,fanduel
2020_13_LA_ARI,2020,13,TOTAL_R4_DISAGREEMENT,RIDGE_R4,1-2,under,-110,1.9090909090909092,1.128618125578825,,,0,0,-1.0,0.5238095238095238,3.0,draftkings
2020_13_LV_NYJ,2020,13,TOTAL_R4_DISAGREEMENT,RIDGE_R4,0-1,under,-110,1.9090909090909092,0.7354000867757335,,,0,0,-1.0,0.5238095238095238,8.0,draftkings
2020_13_NE_LAC,2020,13,TOTAL_R4_DISAGREEMENT,RIDGE_R4,0-1,over,-106,1.9433962264150944,0.46204371364195396,,,0,0,-1.0,0.5145631067961165,2.0,fanduel
2020_13_NO_ATL,2020,13,TOTAL_R4_DISAGREEMENT,RIDGE_R4,2-3,over,-110,1.9090909090909092,2.609327320472133,,,0,0,-1.0,0.5238095238095238,2.5,fanduel
2020_13_NYG_SEA,2020,13,TOTAL_R4_DISAGREEMENT,RIDGE_R4,3-4,over,-108,1.925925925925926,3.3345255634265456,,,0,0,-1.0,0.5192307692307692,10.5,fanduel
2020_13_PHI_GB,2020,13,TOTAL_R4_DISAGREEMENT,RIDGE_R4,4+,under,-108,1.925925925925926,4.122880737800088,,,1,0,0.925926,0.5192307692307692,8.0,draftkings
2020_13_WAS_PIT,2020,13,TOTAL_R4_DISAGREEMENT,RIDGE_R4,3-4,under,-110,1.9090909090909092,3.7590593548667073,,,1,0,0.909091,0.5238095238095238,6.0,fanduel
2020_14_ARI_NYG,2020,14,TOTAL_R4_DISAGREEMENT,RIDGE_R4,1-2,under,-104,1.9615384615384617,1.4784102343904095,,,1,0,0.961538,0.5098039215686274,3.0,fanduel
2020_14_ATL_LAC,2020,14,TOTAL_R4_DISAGREEMENT,RIDGE_R4,0-1,over,-110,1.9090909090909092,0.28568589601903227,,,0,0,-1.0,0.5238095238095238,1.5,fanduel
2020_14_BAL_CLE,2020,14,TOTAL_R4_DISAGREEMENT,RIDGE_R4,2-3,over,-109,1.9174311926605505,2.943182901581146,,,1,0,0.917431,0.5215311004784688,3.0,fanduel
2020_14_DAL_CIN,2020,14,TOTAL_R4_DISAGREEMENT,RIDGE_R4,0-1,over,-112,1.8928571428571428,0.9644299543123154,,,0,0,-1.0,0.5283018867924528,3.0,fanduel
2020_14_DEN_CAR,2020,14,TOTAL_R4_DISAGREEMENT,RIDGE_R4,1-2,under,-108,1.925925925925926,1.7613186692124998,,,0,0,-1.0,0.5192307692307692,4.0,fanduel
2020_14_GB_DET,2020,14,TOTAL_R4_DISAGREEMENT,RIDGE_R4,2-3,under,-106,1.9433962264150944,2.49801846693434,,,1,0,0.943396,0.5145631067961165,9.0,draftkings
2020_14_HOU_CHI,2020,14,TOTAL_R4_DISAGREEMENT,RIDGE_R4,0-1,over,-106,1.9433962264150944,0.3469168020736717,,,0,0,-1.0,0.5145631067961165,-1.0,fanduel
2020_14_IND_LV,2020,14,TOTAL_R4_DISAGREEMENT,RIDGE_R4,4+,under,-104,1.9615384615384617,4.827742752682873,,,0,0,-1.0,0.5098039215686274,-2.5,draftkings
2020_14_KC_MIA,2020,14,TOTAL_R4_DISAGREEMENT,RIDGE_R4,0-1,under,-104,1.9615384615384617,0.22395927141987926,,,0,0,-1.0,0.5098039215686274,7.5,fanduel
2020_14_MIN_TB,2020,14,TOTAL_R4_DISAGREEMENT,RIDGE_R4,4+,under,-112,1.8928571428571428,4.524755371719351,,,1,0,0.892857,0.5283018867924528,6.5,fanduel
2020_14_NE_LA,2020,14,TOTAL_R4_DISAGREEMENT,RIDGE_R4,0-1,over,-108,1.925925925925926,0.17254453421070082,,,0,0,-1.0,0.5192307692307692,4.5,fanduel
2020_14_NO_PHI,2020,14,TOTAL_R4_DISAGREEMENT,RIDGE_R4,4+,under,-110,1.9090909090909092,4.781438668425409,,,0,0,-1.0,0.5238095238095238,-7.5,draftkings
2020_14_NYJ_SEA,2020,14,TOTAL_R4_DISAGREEMENT,RIDGE_R4,1-2,under,-106,1.9433962264150944,1.2629543819705304,,,1,0,0.943396,0.5145631067961165,16.5,fanduel
2020_14_PIT_BUF,2020,14,TOTAL_R4_DISAGREEMENT,RIDGE_R4,4+,under,-109,1.9174311926605505,4.48530846692897,,,1,0,0.917431,0.5215311004784688,2.5,fanduel
2020_14_TEN_JAX,2020,14,TOTAL_R4_DISAGREEMENT,RIDGE_R4,4+,under,-110,1.9090909090909092,11.49238911130201,,,1,0,0.909091,0.5238095238095238,7.5,fanduel
2020_14_WAS_SF,2020,14,TOTAL_R4_DISAGREEMENT,RIDGE_R4,0-1,under,-106,1.9433962264150944,0.25734243852191696,,,1,0,0.943396,0.5145631067961165,3.0,fanduel
2020_15_BUF_DEN,2020,15,TOTAL_R4_DISAGREEMENT,RIDGE_R4,4+,under,-104,1.9615384615384617,4.86701344296587,,,0,0,-1.0,0.5098039215686274,6.0,draftkings
2020_15_CAR_GB,2020,15,TOTAL_R4_DISAGREEMENT,RIDGE_R4,3-4,under,-108,1.925925925925926,3.518613641690237,,,1,0,0.925926,0.5192307692307692,8.5,fanduel
2020_15_CHI_MIN,2020,15,TOTAL_R4_DISAGREEMENT,RIDGE_R4,2-3,over,-108,1.925925925925926,2.4269012565750785,,,1,0,0.925926,0.5192307692307692,3.0,fanduel
2020_15_CLE_NYG,2020,15,TOTAL_R4_DISAGREEMENT,RIDGE_R4,2-3,over,-108,1.925925925925926,2.264409920907113,,,0,0,-1.0,0.5192307692307692,6.5,fanduel
2020_15_DET_TEN,2020,15,TOTAL_R4_DISAGREEMENT,RIDGE_R4,2-3,under,-105,1.9523809523809523,2.8499592007441805,,,0,0,-1.0,0.5121951219512195,9.5,fanduel
2020_15_HOU_IND,2020,15,TOTAL_R4_DISAGREEMENT,RIDGE_R4,2-3,over,-112,1.8928571428571428,2.9715893970270812,,,0,0,-1.0,0.5283018867924528,7.0,fanduel
2020_15_JAX_BAL,2020,15,TOTAL_R4_DISAGREEMENT,RIDGE_R4,0-1,over,-112,1.8928571428571428,0.4187810964766072,,,1,0,0.892857,0.5283018867924528,12.5,draftkings
2020_15_KC_NO,2020,15,TOTAL_R4_DISAGREEMENT,RIDGE_R4,0-1,under,-110,1.9090909090909092,0.2457736377521087,,,0,0,-1.0,0.5238095238095238,2.5,draftkings
2020_15_LAC_LV,2020,15,TOTAL_R4_DISAGREEMENT,RIDGE_R4,4+,under,-105,1.9523809523809523,5.310150009884971,,,0,0,-1.0,0.5121951219512195,3.5,draftkings
2020_15_NE_MIA,2020,15,TOTAL_R4_DISAGREEMENT,RIDGE_R4,2-3,over,-110,1.9090909090909092,2.1759585051557337,,,0,0,-1.0,0.5238095238095238,1.5,draftkings
2020_15_NYJ_LA,2020,15,TOTAL_R4_DISAGREEMENT,RIDGE_R4,4+,under,-109,1.9174311926605505,4.409634818927472,,,1,0,0.917431,0.5215311004784688,17.0,draftkings
2020_15_PHI_ARI,2020,15,TOTAL_R4_DISAGREEMENT,RIDGE_R4,3-4,under,-109,1.9174311926605505,3.4262356941651575,,,0,0,-1.0,0.5215311004784688,6.5,fanduel
2020_15_PIT_CIN,2020,15,TOTAL_R4_DISAGREEMENT,RIDGE_R4,0-1,under,-110,1.9090909090909092,0.011254448703795106,,,0,0,-1.0,0.5238095238095238,15.0,draftkings
2020_15_SEA_WAS,2020,15,TOTAL_R4_DISAGREEMENT,RIDGE_R4,2-3,over,-110,1.9090909090909092,2.8126122097898048,,,0,0,-1.0,0.5238095238095238,6.0,fanduel
2020_15_SF_DAL,2020,15,TOTAL_R4_DISAGREEMENT,RIDGE_R4,1-2,over,-110,1.9090909090909092,1.5837873457580756,,,1,0,0.909091,0.5238095238095238,4.5,draftkings
2020_15_TB_ATL,2020,15,TOTAL_R4_DISAGREEMENT,RIDGE_R4,4+,over,-104,1.9615384615384617,4.141624491275969,,,1,0,0.961538,0.5098039215686274,6.5,fanduel
2020_16_ATL_KC,2020,16,TOTAL_R4_DISAGREEMENT,RIDGE_R4,2-3,under,-106,1.9433962264150944,2.3162767324009508,,,1,0,0.943396,0.5145631067961165,11.0,draftkings
2020_16_BUF_NE,2020,16,TOTAL_R4_DISAGREEMENT,RIDGE_R4,0-1,under,-108,1.925925925925926,0.37067161602211485,,,0,1,0.0,0.5192307692307692,7.0,fanduel
2020_16_CAR_WAS,2020,16,TOTAL_R4_DISAGREEMENT,RIDGE_R4,2-3,over,-114,1.8771929824561404,2.488401260971912,,,0,0,-1.0,0.5327102803738317,1.0,fanduel
2020_16_CHI_JAX,2020,16,TOTAL_R4_DISAGREEMENT,RIDGE_R4,4+,under,-108,1.925925925925926,4.810644191631738,,,0,0,-1.0,0.5192307692307692,8.5,fanduel
2020_16_CIN_HOU,2020,16,TOTAL_R4_DISAGREEMENT,RIDGE_R4,4+,over,-110,1.9090909090909092,4.469492168498192,,,1,0,0.909091,0.5238095238095238,7.5,draftkings
2020_16_CLE_NYJ,2020,16,TOTAL_R4_DISAGREEMENT,RIDGE_R4,3-4,over,-110,1.9090909090909092,3.69268790703876,,,0,0,-1.0,0.5238095238095238,6.5,fanduel
2020_16_DEN_LAC,2020,16,TOTAL_R4_DISAGREEMENT,RIDGE_R4,3-4,under,-109,1.9174311926605505,3.337519571427599,,,1,0,0.917431,0.5215311004784688,2.5,fanduel
2020_16_IND_PIT,2020,16,TOTAL_R4_DISAGREEMENT,RIDGE_R4,1-2,over,-106,1.9433962264150944,1.1799624322150564,,,1,0,0.943396,0.5145631067961165,-0.5,draftkings
2020_16_LA_SEA,2020,16,TOTAL_R4_DISAGREEMENT,RIDGE_R4,2-3,over,-112,1.8928571428571428,2.8059158997084026,,,0,0,-1.0,0.5283018867924528,-1.0,draftkings
2020_16_MIA_LV,2020,16,TOTAL_R4_DISAGREEMENT,RIDGE_R4,0-1,over,-109,1.9174311926605505,0.5196185622526315,,,1,0,0.917431,0.5215311004784688,-2.5,draftkings
2020_16_MIN_NO,2020,16,TOTAL_R4_DISAGREEMENT,RIDGE_R4,1-2,under,-106,1.9433962264150944,1.8247671208038412,,,0,0,-1.0,0.5145631067961165,6.5,draftkings
2020_16_NYG_BAL,2020,16,TOTAL_R4_DISAGREEMENT,RIDGE_R4,3-4,over,-108,1.925925925925926,3.6269601955681807,,,0,0,-1.0,0.5192307692307692,9.5,draftkings
2020_16_PHI_DAL,2020,16,TOTAL_R4_DISAGREEMENT,RIDGE_R4,2-3,under,-110,1.9090909090909092,2.8556448308779068,,,0,0,-1.0,0.5238095238095238,3.5,draftkings
2020_16_SF_ARI,2020,16,TOTAL_R4_DISAGREEMENT,RIDGE_R4,2-3,under,-108,1.925925925925926,2.52574546342791,,,1,0,0.925926,0.5192307692307692,6.0,draftkings
2020_16_TB_DET,2020,16,TOTAL_R4_DISAGREEMENT,RIDGE_R4,1-2,under,-108,1.925925925925926,1.1074065787613492,,,1,0,0.925926,0.5192307692307692,11.5,fanduel
2020_16_TEN_GB,2020,16,TOTAL_R4_DISAGREEMENT,RIDGE_R4,4+,under,-110,1.9090909090909092,4.761019256580369,,,0,0,-1.0,0.5238095238095238,3.5,draftkings
2020_17_ARI_LA,2020,17,TOTAL_R4_DISAGREEMENT,RIDGE_R4,0-1,under,-106,1.9433962264150944,0.15696808296690534,,,1,0,0.943396,0.5145631067961165,1.0,fanduel
2020_17_ATL_TB,2020,17,TOTAL_R4_DISAGREEMENT,RIDGE_R4,1-2,under,-110,1.9090909090909092,1.881506966109967,,,0,0,-1.0,0.5238095238095238,7.0,draftkings
2020_17_BAL_CIN,2020,17,TOTAL_R4_DISAGREEMENT,RIDGE_R4,4+,over,-110,1.9090909090909092,4.087306070861445,,,0,0,-1.0,0.5238095238095238,13.5,fanduel
2020_17_DAL_NYG,2020,17,TOTAL_R4_DISAGREEMENT,RIDGE_R4,3-4,over,-105,1.9523809523809523,3.462712100668881,,,0,0,-1.0,0.5121951219512195,-1.5,draftkings
2020_17_GB_CHI,2020,17,TOTAL_R4_DISAGREEMENT,RIDGE_R4,2-3,under,-108,1.925925925925926,2.366952795654157,,,0,0,-1.0,0.5192307692307692,4.5,draftkings
2020_17_JAX_IND,2020,17,TOTAL_R4_DISAGREEMENT,RIDGE_R4,4+,over,-105,1.9523809523809523,4.12892703353409,,,0,0,-1.0,0.5121951219512195,15.5,fanduel
2020_17_LAC_KC,2020,17,TOTAL_R4_DISAGREEMENT,RIDGE_R4,0-1,under,-109,1.9174311926605505,0.11943611845635616,,,0,0,-1.0,0.5215311004784688,7.0,fanduel
2020_17_LV_DEN,2020,17,TOTAL_R4_DISAGREEMENT,RIDGE_R4,4+,under,-106,1.9433962264150944,5.061332230871734,,,0,0,-1.0,0.5145631067961165,2.5,fanduel
2020_17_MIA_BUF,2020,17,TOTAL_R4_DISAGREEMENT,RIDGE_R4,3-4,over,-109,1.9174311926605505,3.940350022852222,,,1,0,0.917431,0.5215311004784688,3.0,draftkings
2020_17_MIN_DET,2020,17,TOTAL_R4_DISAGREEMENT,RIDGE_R4,0-1,under,-110,1.9090909090909092,0.17708930667784273,,,0,0,-1.0,0.5238095238095238,-3.0,fanduel
2020_17_NO_CAR,2020,17,TOTAL_R4_DISAGREEMENT,RIDGE_R4,0-1,over,-110,1.9090909090909092,0.3439332995985609,,,0,0,-1.0,0.5238095238095238,6.0,fanduel
2020_17_NYJ_NE,2020,17,TOTAL_R4_DISAGREEMENT,RIDGE_R4,0-1,under,-108,1.925925925925926,0.9452303807621547,,,0,0,-1.0,0.5192307692307692,3.0,draftkings
2020_17_PIT_CLE,2020,17,TOTAL_R4_DISAGREEMENT,RIDGE_R4,0-1,under,-105,1.9523809523809523,0.4039125795377103,,,0,0,-1.0,0.5121951219512195,10.0,fanduel
2020_17_SEA_SF,2020,17,TOTAL_R4_DISAGREEMENT,RIDGE_R4,2-3,over,-110,1.9090909090909092,2.6201623655417023,,,1,0,0.909091,0.5238095238095238,7.0,fanduel
2020_17_TEN_HOU,2020,17,TOTAL_R4_DISAGREEMENT,RIDGE_R4,3-4,under,-108,1.925925925925926,3.3507201601573016,,,0,0,-1.0,0.5192307692307692,7.0,draftkings
2020_17_WAS_PHI,2020,17,TOTAL_R4_DISAGREEMENT,RIDGE_R4,2-3,under,-110,1.9090909090909092,2.4648914932226944,,,1,0,0.909091,0.5238095238095238,6.5,fanduel
2020_18_BAL_TEN,2020,18,TOTAL_R4_DISAGREEMENT,RIDGE_R4,0-1,over,-108,1.925925925925926,0.46523218686468937,,,0,0,-1.0,0.5192307692307692,-3.5,draftkings
2020_18_CHI_NO,2020,18,TOTAL_R4_DISAGREEMENT,RIDGE_R4,0-1,over,-105,1.9523809523809523,0.20890965987654653,,,0,0,-1.0,0.5121951219512195,10.5,fanduel
2020_18_CLE_PIT,2020,18,TOTAL_R4_DISAGREEMENT,RIDGE_R4,2-3,under,-106,1.9433962264150944,2.1843600615618897,,,0,0,-1.0,0.5145631067961165,5.5,fanduel
2020_18_IND_BUF,2020,18,TOTAL_R4_DISAGREEMENT,RIDGE_R4,2-3,under,-112,1.8928571428571428,2.9214071243078905,,,0,0,-1.0,0.5283018867924528,6.5,fanduel
2020_18_LA_SEA,2020,18,TOTAL_R4_DISAGREEMENT,RIDGE_R4,4+,over,-112,1.8928571428571428,6.052566162348697,,,1,0,0.892857,0.5283018867924528,3.0,draftkings
2020_18_TB_WAS,2020,18,TOTAL_R4_DISAGREEMENT,RIDGE_R4,1-2,under,-105,1.9523809523809523,1.042920809008379,,,0,0,-1.0,0.5121951219512195,10.0,fanduel
2020_19_BAL_BUF,2020,19,TOTAL_R4_DISAGREEMENT,RIDGE_R4,0-1,over,-109,1.9174311926605505,0.8343503083459112,,,0,0,-1.0,0.5215311004784688,2.5,fanduel
2020_19_CLE_KC,2020,19,TOTAL_R4_DISAGREEMENT,RIDGE_R4,2-3,under,-108,1.925925925925926,2.8321923022831044,,,1,0,0.925926,0.5192307692307692,8.5,draftkings
2020_19_LA_GB,2020,19,TOTAL_R4_DISAGREEMENT,RIDGE_R4,3-4,over,-108,1.925925925925926,3.3107576016703817,,,1,0,0.925926,0.5192307692307692,7.0,draftkings
2020_19_TB_NO,2020,19,TOTAL_R4_DISAGREEMENT,RIDGE_R4,0-1,over,-105,1.9523809523809523,0.28567701889801356,,,0,0,-1.0,0.5121951219512195,2.5,fanduel
2020_20_BUF_KC,2020,20,TOTAL_R4_DISAGREEMENT,RIDGE_R4,3-4,under,-106,1.9433962264150944,3.3145761279884667,,,0,0,-1.0,0.5145631067961165,3.0,fanduel
2020_20_TB_GB,2020,20,TOTAL_R4_DISAGREEMENT,RIDGE_R4,1-2,under,-110,1.9090909090909092,1.0023129903559393,,,0,0,-1.0,0.5238095238095238,3.0,draftkings
2020_21_KC_TB,2020,21,TOTAL_R4_DISAGREEMENT,RIDGE_R4,1-2,under,-110,1.9090909090909092,1.3294564494299834,,,1,0,0.909091,0.5238095238095238,3.0,draftkings
2021_01_ARI_TEN,2021,01,TOTAL_R4_DISAGREEMENT,RIDGE_R4,3-4,under,-110,1.9090909090909092,3.2500109416462806,,,1,0,0.909091,0.5238095238095238,3.0,draftkings
2021_01_BAL_LV,2021,01,TOTAL_R4_DISAGREEMENT,RIDGE_R4,0-1,over,-108,1.925925925925926,0.4341264287335207,,,1,0,0.925926,0.5192307692307692,3.5,fanduel
2021_01_CHI_LA,2021,01,TOTAL_R4_DISAGREEMENT,RIDGE_R4,3-4,under,-110,1.9090909090909092,3.7547278572222567,,,0,0,-1.0,0.5238095238095238,8.5,fanduel
2021_01_CLE_KC,2021,01,TOTAL_R4_DISAGREEMENT,RIDGE_R4,2-3,under,-106,1.9433962264150944,2.5176724788848404,,,0,0,-1.0,0.5145631067961165,5.0,draftkings
2021_01_DAL_TB,2021,01,TOTAL_R4_DISAGREEMENT,RIDGE_R4,1-2,under,-110,1.9090909090909092,1.282727928684686,,,0,0,-1.0,0.5238095238095238,9.5,fanduel
2021_01_DEN_NYG,2021,01,TOTAL_R4_DISAGREEMENT,RIDGE_R4,1-2,over,-110,1.9090909090909092,1.5695083362599647,,,0,0,-1.0,0.5238095238095238,3.0,fanduel
2021_01_GB_NO,2021,01,TOTAL_R4_DISAGREEMENT,RIDGE_R4,1-2,over,-110,1.9090909090909092,1.525178872921991,,,0,0,-1.0,0.5238095238095238,3.5,fanduel
2021_01_JAX_HOU,2021,01,TOTAL_R4_DISAGREEMENT,RIDGE_R4,2-3,over,-110,1.9090909090909092,2.1287312353328147,,,1,0,0.909091,0.5238095238095238,3.5,draftkings
2021_01_LAC_WAS,2021,01,TOTAL_R4_DISAGREEMENT,RIDGE_R4,1-2,over,-105,1.9523809523809523,1.1798182937778634,,,0,0,-1.0,0.5121951219512195,2.5,draftkings
2021_01_MIA_NE,2021,01,TOTAL_R4_DISAGREEMENT,RIDGE_R4,0-1,under,-110,1.9090909090909092,0.17404828340783496,,,1,0,0.909091,0.5238095238095238,3.5,fanduel
2021_01_MIN_CIN,2021,01,TOTAL_R4_DISAGREEMENT,RIDGE_R4,3-4,over,-108,1.925925925925926,3.7092070786598867,,,1,0,0.925926,0.5192307692307692,3.0,draftkings
2021_01_NYJ_CAR,2021,01,TOTAL_R4_DISAGREEMENT,RIDGE_R4,4+,under,-110,1.9090909090909092,5.881185824276429,,,1,0,0.909091,0.5238095238095238,3.5,fanduel
2021_01_PHI_ATL,2021,01,TOTAL_R4_DISAGREEMENT,RIDGE_R4,1-2,under,-106,1.9433962264150944,1.9326427266630617,,,1,0,0.943396,0.5145631067961165,3.5,fanduel
2021_01_PIT_BUF,2021,01,TOTAL_R4_DISAGREEMENT,RIDGE_R4,2-3,under,-110,1.9090909090909092,2.882424092189332,,,1,0,0.909091,0.5238095238095238,6.5,fanduel
2021_01_SEA_IND,2021,01,TOTAL_R4_DISAGREEMENT,RIDGE_R4,1-2,over,-110,1.9090909090909092,1.7967934076071685,,,0,0,-1.0,0.5238095238095238,3.0,draftkings
2021_01_SF_DET,2021,01,TOTAL_R4_DISAGREEMENT,RIDGE_R4,4+,over,-106,1.9433962264150944,4.598401251214085,,,1,0,0.943396,0.5145631067961165,9.0,draftkings
2021_02_ATL_TB,2021,02,TOTAL_R4_DISAGREEMENT,RIDGE_R4,1-2,under,-110,1.9090909090909092,1.9804687507761258,,,0,0,-1.0,0.5238095238095238,12.5,draftkings
2021_02_BUF_MIA,2021,02,TOTAL_R4_DISAGREEMENT,RIDGE_R4,0-1,under,-105,1.9523809523809523,0.9356013542577486,,,1,0,0.952381,0.5121951219512195,3.5,fanduel
2021_02_CIN_CHI,2021,02,TOTAL_R4_DISAGREEMENT,RIDGE_R4,0-1,under,-110,1.9090909090909092,0.35837861433112295,,,1,0,0.909091,0.5238095238095238,1.5,draftkings
2021_02_DAL_LAC,2021,02,TOTAL_R4_DISAGREEMENT,RIDGE_R4,4+,under,-105,1.9523809523809523,4.492307227494415,,,1,0,0.952381,0.5121951219512195,3.0,draftkings
2021_02_DEN_JAX,2021,02,TOTAL_R4_DISAGREEMENT,RIDGE_R4,4+,under,-110,1.9090909090909092,5.583959111131577,,,1,0,0.909091,0.5238095238095238,6.0,draftkings
2021_02_DET_GB,2021,02,TOTAL_R4_DISAGREEMENT,RIDGE_R4,0-1,under,-110,1.9090909090909092,0.3196608002483927,,,0,0,-1.0,0.5238095238095238,11.5,fanduel
2021_02_HOU_CLE,2021,02,TOTAL_R4_DISAGREEMENT,RIDGE_R4,4+,over,-110,1.9090909090909092,4.215440302933104,,,1,0,0.909091,0.5238095238095238,13.5,draftkings
2021_02_KC_BAL,2021,02,TOTAL_R4_DISAGREEMENT,RIDGE_R4,0-1,over,-110,1.9090909090909092,0.41596538417894635,,,1,0,0.909091,0.5238095238095238,3.5,draftkings
2021_02_LA_IND,2021,02,TOTAL_R4_DISAGREEMENT,RIDGE_R4,0-1,over,-104,1.9615384615384617,0.3138045579495383,,,1,0,0.961538,0.5098039215686274,4.5,fanduel
2021_02_LV_PIT,2021,02,TOTAL_R4_DISAGREEMENT,RIDGE_R4,0-1,over,-106,1.9433962264150944,0.8085047355340294,,,0,0,-1.0,0.5145631067961165,5.5,draftkings
2021_02_MIN_ARI,2021,02,TOTAL_R4_DISAGREEMENT,RIDGE_R4,0-1,over,-105,1.9523809523809523,0.8259460769795623,,,1,0,0.952381,0.5121951219512195,3.5,fanduel
2021_02_NE_NYJ,2021,02,TOTAL_R4_DISAGREEMENT,RIDGE_R4,2-3,under,-110,1.9090909090909092,2.4087662183614924,,,1,0,0.909091,0.5238095238095238,6.0,draftkings
2021_02_NO_CAR,2021,02,TOTAL_R4_DISAGREEMENT,RIDGE_R4,4+,over,-110,1.9090909090909092,4.187472911181111,,,0,0,-1.0,0.5238095238095238,-3.0,draftkings
2021_02_NYG_WAS,2021,02,TOTAL_R4_DISAGREEMENT,RIDGE_R4,2-3,over,-115,1.8695652173913042,2.4373812013365566,,,1,0,0.869565,0.5348837209302326,4.0,draftkings
2021_02_SF_PHI,2021,02,TOTAL_R4_DISAGREEMENT,RIDGE_R4,4+,under,-110,1.9090909090909092,5.665438040338074,,,1,0,0.909091,0.5238095238095238,3.0,fanduel
2021_02_TEN_SEA,2021,02,TOTAL_R4_DISAGREEMENT,RIDGE_R4,2-3,under,-106,1.9433962264150944,2.2329882109720884,,,0,0,-1.0,0.5145631067961165,6.5,fanduel
2021_03_ARI_JAX,2021,03,TOTAL_R4_DISAGREEMENT,RIDGE_R4,4+,under,-105,1.9523809523809523,11.180783434122489,,,1,0,0.952381,0.5121951219512195,8.0,draftkings
2021_03_ATL_NYG,2021,03,TOTAL_R4_DISAGREEMENT,RIDGE_R4,0-1,over,-108,1.925925925925926,0.05181307647618638,,,0,0,-1.0,0.5192307692307692,2.5,draftkings
2021_03_BAL_DET,2021,03,TOTAL_R4_DISAGREEMENT,RIDGE_R4,3-4,over,-106,1.9433962264150944,3.881304988830337,,,0,0,-1.0,0.5145631067961165,8.0,draftkings
2021_03_CAR_HOU,2021,03,TOTAL_R4_DISAGREEMENT,RIDGE_R4,3-4,over,-105,1.9523809523809523,3.8203068318750226,,,0,0,-1.0,0.5121951219512195,,
2021_03_CHI_CLE,2021,03,TOTAL_R4_DISAGREEMENT,RIDGE_R4,0-1,under,-110,1.9090909090909092,0.6035853635597448,,,1,0,0.909091,0.5238095238095238,7.5,draftkings
2021_03_CIN_PIT,2021,03,TOTAL_R4_DISAGREEMENT,RIDGE_R4,3-4,over,-106,1.9433962264150944,3.1201517438915687,,,0,0,-1.0,0.5145631067961165,2.5,draftkings
2021_03_GB_SF,2021,03,TOTAL_R4_DISAGREEMENT,RIDGE_R4,2-3,under,-110,1.9090909090909092,2.6399111283834813,,,0,0,-1.0,0.5238095238095238,3.0,draftkings
2021_03_IND_TEN,2021,03,TOTAL_R4_DISAGREEMENT,RIDGE_R4,1-2,over,-105,1.9523809523809523,1.8483179293033487,,,0,0,-1.0,0.5121951219512195,4.5,fanduel
2021_03_LAC_KC,2021,03,TOTAL_R4_DISAGREEMENT,RIDGE_R4,3-4,under,-108,1.925925925925926,3.4060414510626984,,,1,0,0.925926,0.5192307692307692,7.0,draftkings
2021_03_MIA_LV,2021,03,TOTAL_R4_DISAGREEMENT,RIDGE_R4,3-4,over,-110,1.9090909090909092,3.8129391985886514,,,1,0,0.909091,0.5238095238095238,-3.5,draftkings
2021_03_NO_NE,2021,03,TOTAL_R4_DISAGREEMENT,RIDGE_R4,0-1,over,-108,1.925925925925926,0.5585104843818485,,,0,0,-1.0,0.5192307692307692,3.0,fanduel
2021_03_NYJ_DEN,2021,03,TOTAL_R4_DISAGREEMENT,RIDGE_R4,3-4,under,-105,1.9523809523809523,3.6319247287534893,,,1,0,0.952381,0.5121951219512195,10.0,fanduel
2021_03_PHI_DAL,2021,03,TOTAL_R4_DISAGREEMENT,RIDGE_R4,4+,under,-110,1.9090909090909092,5.271453449960909,,,0,0,-1.0,0.5238095238095238,3.5,draftkings
2021_03_SEA_MIN,2021,03,TOTAL_R4_DISAGREEMENT,RIDGE_R4,2-3,over,-105,1.9523809523809523,2.51531097003641,,,0,0,-1.0,0.5121951219512195,2.5,fanduel
2021_03_TB_LA,2021,03,TOTAL_R4_DISAGREEMENT,RIDGE_R4,4+,under,-110,1.9090909090909092,7.332508770759063,,,0,0,-1.0,0.5238095238095238,-1.0,draftkings
2021_03_WAS_BUF,2021,03,TOTAL_R4_DISAGREEMENT,RIDGE_R4,1-2,under,-114,1.8771929824561404,1.380054087676129,,,0,0,-1.0,0.5327102803738317,7.0,fanduel
2021_04_ARI_LA,2021,04,TOTAL_R4_DISAGREEMENT,RIDGE_R4,4+,under,-110,1.9090909090909092,6.29202462869673,,,0,0,-1.0,0.5238095238095238,3.5,fanduel
2021_04_BAL_DEN,2021,04,TOTAL_R4_DISAGREEMENT,RIDGE_R4,3-4,over,-106,1.9433962264150944,3.142405144353951,,,0,0,-1.0,0.5145631067961165,-1.0,draftkings
2021_04_CAR_DAL,2021,04,TOTAL_R4_DISAGREEMENT,RIDGE_R4,1-2,under,-105,1.9523809523809523,1.6772866530733452,,,0,0,-1.0,0.5121951219512195,4.5,fanduel
2021_04_CLE_MIN,2021,04,TOTAL_R4_DISAGREEMENT,RIDGE_R4,2-3,over,-108,1.925925925925926,2.983718058384767,,,0,0,-1.0,0.5192307692307692,1.0,draftkings
2021_04_DET_CHI,2021,04,TOTAL_R4_DISAGREEMENT,RIDGE_R4,4+,under,-110,1.9090909090909092,4.82855691110943,,,1,0,0.909091,0.5238095238095238,3.0,fanduel
2021_04_HOU_BUF,2021,04,TOTAL_R4_DISAGREEMENT,RIDGE_R4,1-2,under,-105,1.9523809523809523,1.0901647295751857,,,1,0,0.952381,0.5121951219512195,18.5,draftkings
2021_04_IND_MIA,2021,04,TOTAL_R4_DISAGREEMENT,RIDGE_R4,1-2,over,-110,1.9090909090909092,1.0434044481476334,,,1,0,0.909091,0.5238095238095238,2.5,draftkings
2021_04_JAX_CIN,2021,04,TOTAL_R4_DISAGREEMENT,RIDGE_R4,0-1,over,-105,1.9523809523809523,0.41080254535017247,,,0,0,-1.0,0.5121951219512195,7.5,fanduel
2021_04_KC_PHI,2021,04,TOTAL_R4_DISAGREEMENT,RIDGE_R4,4+,under,-110,1.9090909090909092,4.7052929978205995,,,0,0,-1.0,0.5238095238095238,7.0,draftkings
2021_04_LV_LAC,2021,04,TOTAL_R4_DISAGREEMENT,RIDGE_R4,0-1,under,-105,1.9523809523809523,0.4182589656447391,,,1,0,0.952381,0.5121951219512195,3.0,draftkings
2021_04_NYG_NO,2021,04,TOTAL_R4_DISAGREEMENT,RIDGE_R4,4+,over,-110,1.9090909090909092,5.028240071179205,,,1,0,0.909091,0.5238095238095238,7.0,draftkings
2021_04_PIT_GB,2021,04,TOTAL_R4_DISAGREEMENT,RIDGE_R4,1-2,over,-105,1.9523809523809523,1.5509362203209278,,,0,0,-1.0,0.5121951219512195,6.0,draftkings
2021_04_SEA_SF,2021,04,TOTAL_R4_DISAGREEMENT,RIDGE_R4,3-4,under,-110,1.9090909090909092,3.4344371128265863,,,1,0,0.909091,0.5238095238095238,-2.5,draftkings
2021_04_TB_NE,2021,04,TOTAL_R4_DISAGREEMENT,RIDGE_R4,1-2,under,-110,1.9090909090909092,1.0870831519100506,,,1,0,0.909091,0.5238095238095238,7.0,draftkings
2021_04_TEN_NYJ,2021,04,TOTAL_R4_DISAGREEMENT,RIDGE_R4,2-3,under,-110,1.9090909090909092,2.106465843812778,,,0,0,-1.0,0.5238095238095238,5.5,draftkings
2021_04_WAS_ATL,2021,04,TOTAL_R4_DISAGREEMENT,RIDGE_R4,0-1,over,-108,1.925925925925926,0.44278242285165703,,,1,0,0.925926,0.5192307692307692,2.5,draftkings
2021_05_BUF_KC,2021,05,TOTAL_R4_DISAGREEMENT,RIDGE_R4,4+,under,-110,1.9090909090909092,4.616539964847583,,,0,0,-1.0,0.5238095238095238,3.0,fanduel
2021_05_CHI_LV,2021,05,TOTAL_R4_DISAGREEMENT,RIDGE_R4,2-3,under,-104,1.9615384615384617,2.559966290175602,,,1,0,0.961538,0.5098039215686274,5.5,fanduel
2021_05_CLE_LAC,2021,05,TOTAL_R4_DISAGREEMENT,RIDGE_R4,2-3,over,-110,1.9090909090909092,2.3736028164673897,,,1,0,0.909091,0.5238095238095238,2.5,draftkings
2021_05_DEN_PIT,2021,05,TOTAL_R4_DISAGREEMENT,RIDGE_R4,4+,over,-105,1.9523809523809523,4.583764510942892,,,1,0,0.952381,0.5121951219512195,-1.5,fanduel
2021_05_DET_MIN,2021,05,TOTAL_R4_DISAGREEMENT,RIDGE_R4,3-4,over,-110,1.9090909090909092,3.247650033972853,,,0,0,-1.0,0.5238095238095238,10.0,fanduel
2021_05_GB_CIN,2021,05,TOTAL_R4_DISAGREEMENT,RIDGE_R4,1-2,over,-105,1.9523809523809523,1.012938882767962,,,0,0,-1.0,0.5121951219512195,3.0,fanduel
2021_05_IND_BAL,2021,05,TOTAL_R4_DISAGREEMENT,RIDGE_R4,2-3,over,-105,1.9523809523809523,2.2721372266480913,,,1,0,0.952381,0.5121951219512195,7.5,draftkings
2021_05_LA_SEA,2021,05,TOTAL_R4_DISAGREEMENT,RIDGE_R4,2-3,under,-110,1.9090909090909092,2.4470988168367143,,,1,0,0.909091,0.5238095238095238,,
2021_05_MIA_TB,2021,05,TOTAL_R4_DISAGREEMENT,RIDGE_R4,0-1,under,-104,1.9615384615384617,0.22438594866858352,,,0,0,-1.0,0.5098039215686274,11.5,draftkings
2021_05_NE_HOU,2021,05,TOTAL_R4_DISAGREEMENT,RIDGE_R4,4+,over,-110,1.9090909090909092,5.795524843063944,,,1,0,0.909091,0.5238095238095238,7.5,fanduel
2021_05_NO_WAS,2021,05,TOTAL_R4_DISAGREEMENT,RIDGE_R4,1-2,over,-106,1.9433962264150944,1.682509428218772,,,1,0,0.943396,0.5145631067961165,2.5,draftkings
2021_05_NYG_DAL,2021,05,TOTAL_R4_DISAGREEMENT,RIDGE_R4,2-3,under,-106,1.9433962264150944,2.778755224399717,,,0,0,-1.0,0.5145631067961165,7.0,fanduel
2021_05_NYJ_ATL,2021,05,TOTAL_R4_DISAGREEMENT,RIDGE_R4,3-4,under,-110,1.9090909090909092,3.566957644680045,,,0,0,-1.0,0.5238095238095238,3.0,draftkings
2021_05_PHI_CAR,2021,05,TOTAL_R4_DISAGREEMENT,RIDGE_R4,2-3,under,-110,1.9090909090909092,2.2861782780971254,,,1,0,0.909091,0.5238095238095238,-2.5,draftkings
2021_05_SF_ARI,2021,05,TOTAL_R4_DISAGREEMENT,RIDGE_R4,0-1,over,-108,1.925925925925926,0.2440664680398541,,,0,0,-1.0,0.5192307692307692,5.5,draftkings
2021_05_TEN_JAX,2021,05,TOTAL_R4_DISAGREEMENT,RIDGE_R4,4+,under,-110,1.9090909090909092,5.304027876786009,,,0,0,-1.0,0.5238095238095238,4.5,fanduel
2021_06_ARI_CLE,2021,06,TOTAL_R4_DISAGREEMENT,RIDGE_R4,2-3,over,-108,1.925925925925926,2.7084250892828834,,,1,0,0.925926,0.5192307692307692,3.0,draftkings
2021_06_BUF_TEN,2021,06,TOTAL_R4_DISAGREEMENT,RIDGE_R4,1-2,under,-110,1.9090909090909092,1.5013699114356172,,,0,0,-1.0,0.5238095238095238,6.0,draftkings
2021_06_CIN_DET,2021,06,TOTAL_R4_DISAGREEMENT,RIDGE_R4,4+,over,-110,1.9090909090909092,7.950790089712399,,,0,0,-1.0,0.5238095238095238,4.0,draftkings
2021_06_DAL_NE,2021,06,TOTAL_R4_DISAGREEMENT,RIDGE_R4,0-1,under,-110,1.9090909090909092,0.043443571205081355,,,0,0,-1.0,0.5238095238095238,-3.5,fanduel
2021_06_GB_CHI,2021,06,TOTAL_R4_DISAGREEMENT,RIDGE_R4,3-4,under,-110,1.9090909090909092,3.0468304360417378,,,1,0,0.909091,0.5238095238095238,6.0,draftkings
2021_06_HOU_IND,2021,06,TOTAL_R4_DISAGREEMENT,RIDGE_R4,2-3,over,-110,1.9090909090909092,2.675664733614987,,,0,0,-1.0,0.5238095238095238,11.5,fanduel
2021_06_KC_WAS,2021,06,TOTAL_R4_DISAGREEMENT,RIDGE_R4,2-3,under,-110,1.9090909090909092,2.8067187861743577,,,1,0,0.909091,0.5238095238095238,6.5,draftkings
2021_06_LAC_BAL,2021,06,TOTAL_R4_DISAGREEMENT,RIDGE_R4,0-1,under,-105,1.9523809523809523,0.024445888026299656,,,1,0,0.952381,0.5121951219512195,3.0,fanduel
2021_06_LA_NYG,2021,06,TOTAL_R4_DISAGREEMENT,RIDGE_R4,3-4,under,-110,1.9090909090909092,3.960176911896717,,,0,1,0.0,0.5238095238095238,7.5,draftkings
2021_06_LV_DEN,2021,06,TOTAL_R4_DISAGREEMENT,RIDGE_R4,3-4,over,-110,1.9090909090909092,3.3042877942708344,,,1,0,0.909091,0.5238095238095238,5.5,fanduel
2021_06_MIA_JAX,2021,06,TOTAL_R4_DISAGREEMENT,RIDGE_R4,3-4,under,-105,1.9523809523809523,3.7647349076579033,,,1,0,0.952381,0.5121951219512195,3.0,draftkings
2021_06_MIN_CAR,2021,06,TOTAL_R4_DISAGREEMENT,RIDGE_R4,1-2,over,-110,1.9090909090909092,1.9658798829322777,,,1,0,0.909091,0.5238095238095238,2.5,draftkings
2021_06_SEA_PIT,2021,06,TOTAL_R4_DISAGREEMENT,RIDGE_R4,2-3,under,-115,1.8695652173913042,2.8598173144144,,,0,1,0.0,0.5348837209302326,4.5,draftkings
2021_06_TB_PHI,2021,06,TOTAL_R4_DISAGREEMENT,RIDGE_R4,4+,under,-110,1.9090909090909092,6.390483317537395,,,1,0,0.909091,0.5238095238095238,7.0,draftkings
2021_07_ATL_MIA,2021,07,TOTAL_R4_DISAGREEMENT,RIDGE_R4,0-1,over,-110,1.9090909090909092,0.8238087155336586,,,1,0,0.909091,0.5238095238095238,-1.5,draftkings
2021_07_CAR_NYG,2021,07,TOTAL_R4_DISAGREEMENT,RIDGE_R4,1-2,over,-110,1.9090909090909092,1.5814534668425324,,,0,0,-1.0,0.5238095238095238,-3.0,draftkings
2021_07_CHI_TB,2021,07,TOTAL_R4_DISAGREEMENT,RIDGE_R4,1-2,under,-110,1.9090909090909092,1.7409779086432025,,,1,0,0.909091,0.5238095238095238,12.5,fanduel
2021_07_CIN_BAL,2021,07,TOTAL_R4_DISAGREEMENT,RIDGE_R4,4+,over,-105,1.9523809523809523,5.782781521723322,,,1,0,0.952381,0.5121951219512195,6.5,fanduel
2021_07_DEN_CLE,2021,07,TOTAL_R4_DISAGREEMENT,RIDGE_R4,4+,over,-110,1.9090909090909092,8.096538621322978,,,0,0,-1.0,0.5238095238095238,1.5,fanduel
2021_07_DET_LA,2021,07,TOTAL_R4_DISAGREEMENT,RIDGE_R4,2-3,under,-105,1.9523809523809523,2.4106158976748446,,,1,0,0.952381,0.5121951219512195,16.5,fanduel
2021_07_HOU_ARI,2021,07,TOTAL_R4_DISAGREEMENT,RIDGE_R4,4+,over,-105,1.9523809523809523,4.677499585840373,,,0,0,-1.0,0.5121951219512195,20.5,draftkings
2021_07_IND_SF,2021,07,TOTAL_R4_DISAGREEMENT,RIDGE_R4,4+,over,-110,1.9090909090909092,4.490545342638256,,,1,0,0.909091,0.5238095238095238,3.5,fanduel
2021_07_KC_TEN,2021,07,TOTAL_R4_DISAGREEMENT,RIDGE_R4,1-2,under,-105,1.9523809523809523,1.738431653491979,,,1,0,0.952381,0.5121951219512195,4.0,fanduel
2021_07_NO_SEA,2021,07,TOTAL_R4_DISAGREEMENT,RIDGE_R4,2-3,over,-110,1.9090909090909092,2.120291821419187,,,0,0,-1.0,0.5238095238095238,5.5,fanduel
2021_07_NYJ_NE,2021,07,TOTAL_R4_DISAGREEMENT,RIDGE_R4,1-2,under,-110,1.9090909090909092,1.8311879382383225,,,0,0,-1.0,0.5238095238095238,7.0,draftkings
2021_07_PHI_LV,2021,07,TOTAL_R4_DISAGREEMENT,RIDGE_R4,0-1,under,-106,1.9433962264150944,0.2943124255465861,,,0,0,-1.0,0.5145631067961165,1.0,draftkings
2021_07_WAS_GB,2021,07,TOTAL_R4_DISAGREEMENT,RIDGE_R4,0-1,under,-110,1.9090909090909092,0.5692349799017364,,,1,0,0.909091,0.5238095238095238,8.5,draftkings
2021_08_CAR_ATL,2021,08,TOTAL_R4_DISAGREEMENT,RIDGE_R4,1-2,over,-110,1.9090909090909092,1.6771686508478751,,,0,0,-1.0,0.5238095238095238,-2.5,draftkings
2021_08_CIN_NYJ,2021,08,TOTAL_R4_DISAGREEMENT,RIDGE_R4,0-1,over,-105,1.9523809523809523,0.4414617582691278,,,1,0,0.952381,0.5121951219512195,11.5,fanduel
2021_08_DAL_MIN,2021,08,TOTAL_R4_DISAGREEMENT,RIDGE_R4,2-3,over,-110,1.9090909090909092,2.5497707903909657,,,0,0,-1.0,0.5238095238095238,4.5,fanduel
2021_08_GB_ARI,2021,08,TOTAL_R4_DISAGREEMENT,RIDGE_R4,1-2,over,-110,1.9090909090909092,1.34842778125995,,,0,0,-1.0,0.5238095238095238,6.0,draftkings
2021_08_JAX_SEA,2021,08,TOTAL_R4_DISAGREEMENT,RIDGE_R4,0-1,over,-110,1.9090909090909092,0.05113210136555324,,,0,0,-1.0,0.5238095238095238,4.0,draftkings
2021_08_LA_HOU,2021,08,TOTAL_R4_DISAGREEMENT,RIDGE_R4,3-4,over,-110,1.9090909090909092,3.5000867195019154,,,1,0,0.909091,0.5238095238095238,17.0,fanduel
2021_08_MIA_BUF,2021,08,TOTAL_R4_DISAGREEMENT,RIDGE_R4,0-1,under,-110,1.9090909090909092,0.128866280405596,,,1,0,0.909091,0.5238095238095238,15.0,draftkings
2021_08_NE_LAC,2021,08,TOTAL_R4_DISAGREEMENT,RIDGE_R4,1-2,under,-110,1.9090909090909092,1.7752501082968024,,,0,0,-1.0,0.5238095238095238,3.5,draftkings
2021_08_NYG_KC,2021,08,TOTAL_R4_DISAGREEMENT,RIDGE_R4,3-4,under,-110,1.9090909090909092,3.1102352914618763,,,1,0,0.909091,0.5238095238095238,10.5,draftkings
2021_08_PHI_DET,2021,08,TOTAL_R4_DISAGREEMENT,RIDGE_R4,2-3,over,-105,1.9523809523809523,2.1047943003373177,,,1,0,0.952381,0.5121951219512195,3.0,fanduel
2021_08_PIT_CLE,2021,08,TOTAL_R4_DISAGREEMENT,RIDGE_R4,4+,over,-105,1.9523809523809523,4.479052377093588,,,0,0,-1.0,0.5121951219512195,5.5,fanduel
2021_08_SF_CHI,2021,08,TOTAL_R4_DISAGREEMENT,RIDGE_R4,1-2,under,-110,1.9090909090909092,1.8935270118444336,,,0,0,-1.0,0.5238095238095238,4.5,fanduel
2021_08_TB_NO,2021,08,TOTAL_R4_DISAGREEMENT,RIDGE_R4,2-3,over,-110,1.9090909090909092,2.1762391967729826,,,1,0,0.909091,0.5238095238095238,4.0,draftkings
2021_08_TEN_IND,2021,08,TOTAL_R4_DISAGREEMENT,RIDGE_R4,3-4,under,-108,1.925925925925926,3.2518326534458737,,,0,0,-1.0,0.5192307692307692,3.0,draftkings
2021_08_WAS_DEN,2021,08,TOTAL_R4_DISAGREEMENT,RIDGE_R4,0-1,under,-110,1.9090909090909092,0.5661768604127175,,,1,0,0.909091,0.5238095238095238,-4.0,draftkings
2021_09_ARI_SF,2021,09,TOTAL_R4_DISAGREEMENT,RIDGE_R4,0-1,under,-110,1.9090909090909092,0.807195090926129,,,0,0,-1.0,0.5238095238095238,4.5,fanduel
2021_09_ATL_NO,2021,09,TOTAL_R4_DISAGREEMENT,RIDGE_R4,3-4,over,-110,1.9090909090909092,3.261240103020505,,,1,0,0.909091,0.5238095238095238,7.0,fanduel
2021_09_BUF_JAX,2021,09,TOTAL_R4_DISAGREEMENT,RIDGE_R4,4+,under,-110,1.9090909090909092,4.145409594704894,,,1,0,0.909091,0.5238095238095238,14.5,draftkings
2021_09_CHI_PIT,2021,09,TOTAL_R4_DISAGREEMENT,RIDGE_R4,0-1,over,-110,1.9090909090909092,0.2906563335132688,,,1,0,0.909091,0.5238095238095238,,
2021_09_CLE_CIN,2021,09,TOTAL_R4_DISAGREEMENT,RIDGE_R4,2-3,over,-110,1.9090909090909092,2.5511608505931065,,,1,0,0.909091,0.5238095238095238,-1.5,fanduel
2021_09_DEN_DAL,2021,09,TOTAL_R4_DISAGREEMENT,RIDGE_R4,2-3,over,-110,1.9090909090909092,2.7325068956017233,,,0,0,-1.0,0.5238095238095238,10.0,draftkings
2021_09_GB_KC,2021,09,TOTAL_R4_DISAGREEMENT,RIDGE_R4,1-2,under,-110,1.9090909090909092,1.791667008537054,,,1,0,0.909091,0.5238095238095238,7.0,draftkings
2021_09_HOU_MIA,2021,09,TOTAL_R4_DISAGREEMENT,RIDGE_R4,3-4,over,-105,1.9523809523809523,3.2803961924121623,,,0,0,-1.0,0.5121951219512195,4.0,draftkings
2021_09_LAC_PHI,2021,09,TOTAL_R4_DISAGREEMENT,RIDGE_R4,4+,under,-105,1.9523809523809523,5.82723145472395,,,0,0,-1.0,0.5121951219512195,1.0,fanduel
2021_09_LV_NYG,2021,09,TOTAL_R4_DISAGREEMENT,RIDGE_R4,0-1,over,-110,1.9090909090909092,0.3517306977707122,,,0,0,-1.0,0.5238095238095238,3.0,fanduel
2021_09_MIN_BAL,2021,09,TOTAL_R4_DISAGREEMENT,RIDGE_R4,2-3,over,-110,1.9090909090909092,2.148498356865659,,,1,0,0.909091,0.5238095238095238,7.0,fanduel
2021_09_NE_CAR,2021,09,TOTAL_R4_DISAGREEMENT,RIDGE_R4,2-3,over,-110,1.9090909090909092,2.469070863028975,,,0,0,-1.0,0.5238095238095238,3.5,fanduel
2021_09_NYJ_IND,2021,09,TOTAL_R4_DISAGREEMENT,RIDGE_R4,1-2,under,-105,1.9523809523809523,1.4013820507470953,,,0,0,-1.0,0.5121951219512195,10.5,fanduel
2021_09_TEN_LA,2021,09,TOTAL_R4_DISAGREEMENT,RIDGE_R4,3-4,under,-110,1.9090909090909092,3.449883553522369,,,1,0,0.909091,0.5238095238095238,7.5,draftkings
2021_10_ATL_DAL,2021,10,TOTAL_R4_DISAGREEMENT,RIDGE_R4,1-2,under,-105,1.9523809523809523,1.8492368510677082,,,1,0,0.952381,0.5121951219512195,7.5,fanduel
2021_10_BAL_MIA,2021,10,TOTAL_R4_DISAGREEMENT,RIDGE_R4,0-1,under,-110,1.9090909090909092,0.18752250067621645,,,1,0,0.909091,0.5238095238095238,,
2021_10_BUF_NYJ,2021,10,TOTAL_R4_DISAGREEMENT,RIDGE_R4,4+,under,-110,1.9090909090909092,4.447379262818195,,,0,0,-1.0,0.5238095238095238,13.5,fanduel
2021_10_CAR_ARI,2021,10,TOTAL_R4_DISAGREEMENT,RIDGE_R4,0-1,over,-110,1.9090909090909092,0.21343829705103445,,,1,0,0.909091,0.5238095238095238,7.0,draftkings
2021_10_CLE_NE,2021,10,TOTAL_R4_DISAGREEMENT,RIDGE_R4,4+,over,-110,1.9090909090909092,4.587171693780903,,,1,0,0.909091,0.5238095238095238,2.5,fanduel
2021_10_DET_PIT,2021,10,TOTAL_R4_DISAGREEMENT,RIDGE_R4,1-2,over,-108,1.925925925925926,1.8387066468579008,,,0,0,-1.0,0.5192307692307692,6.0,fanduel
2021_10_JAX_IND,2021,10,TOTAL_R4_DISAGREEMENT,RIDGE_R4,1-2,over,-105,1.9523809523809523,1.3335786432718564,,,0,0,-1.0,0.5121951219512195,10.5,fanduel
2021_10_KC_LV,2021,10,TOTAL_R4_DISAGREEMENT,RIDGE_R4,1-2,over,-110,1.9090909090909092,1.1607840658401472,,,1,0,0.909091,0.5238095238095238,3.0,fanduel
2021_10_LA_SF,2021,10,TOTAL_R4_DISAGREEMENT,RIDGE_R4,4+,under,-110,1.9090909090909092,4.892030132212021,,,1,0,0.909091,0.5238095238095238,3.5,draftkings
2021_10_MIN_LAC,2021,10,TOTAL_R4_DISAGREEMENT,RIDGE_R4,3-4,under,-108,1.925925925925926,3.0786307376817845,,,1,0,0.925926,0.5192307692307692,3.5,fanduel
2021_10_NO_TEN,2021,10,TOTAL_R4_DISAGREEMENT,RIDGE_R4,0-1,under,-110,1.9090909090909092,0.5116216881860538,,,0,0,-1.0,0.5238095238095238,3.0,draftkings
2021_10_PHI_DEN,2021,10,TOTAL_R4_DISAGREEMENT,RIDGE_R4,0-1,under,-110,1.9090909090909092,0.5101543919860845,,,1,0,0.909091,0.5238095238095238,1.0,fanduel
2021_10_SEA_GB,2021,10,TOTAL_R4_DISAGREEMENT,RIDGE_R4,0-1,over,-105,1.9523809523809523,0.3381386858158635,,,0,0,-1.0,0.5121951219512195,3.0,draftkings
2021_10_TB_WAS,2021,10,TOTAL_R4_DISAGREEMENT,RIDGE_R4,4+,under,-110,1.9090909090909092,4.387207028653499,,,1,0,0.909091,0.5238095238095238,9.5,draftkings
2021_11_ARI_SEA,2021,11,TOTAL_R4_DISAGREEMENT,RIDGE_R4,3-4,over,-105,1.9523809523809523,3.5152806585770193,,,0,0,-1.0,0.5121951219512195,3.0,draftkings
2021_11_BAL_CHI,2021,11,TOTAL_R4_DISAGREEMENT,RIDGE_R4,2-3,under,-112,1.8928571428571428,2.40212020706835,,,1,0,0.892857,0.5283018867924528,1.5,draftkings
2021_11_CIN_LV,2021,11,TOTAL_R4_DISAGREEMENT,RIDGE_R4,0-1,under,-114,1.8771929824561404,0.42940706279199503,,,1,0,0.877193,0.5327102803738317,,
2021_11_DAL_KC,2021,11,TOTAL_R4_DISAGREEMENT,RIDGE_R4,4+,under,-105,1.9523809523809523,4.044436410711043,,,1,0,0.952381,0.5121951219512195,2.5,draftkings
2021_11_DET_CLE,2021,11,TOTAL_R4_DISAGREEMENT,RIDGE_R4,4+,under,-110,1.9090909090909092,4.078182022261906,,,1,0,0.909091,0.5238095238095238,13.5,fanduel
2021_11_GB_MIN,2021,11,TOTAL_R4_DISAGREEMENT,RIDGE_R4,4+,over,-110,1.9090909090909092,4.107367684752681,,,1,0,0.909091,0.5238095238095238,-1.5,draftkings
2021_11_HOU_TEN,2021,11,TOTAL_R4_DISAGREEMENT,RIDGE_R4,3-4,over,-105,1.9523809523809523,3.5990027494820893,,,0,0,-1.0,0.5121951219512195,10.5,fanduel
2021_11_IND_BUF,2021,11,TOTAL_R4_DISAGREEMENT,RIDGE_R4,4+,under,-110,1.9090909090909092,4.146986272806799,,,0,0,-1.0,0.5238095238095238,7.0,draftkings
2021_11_MIA_NYJ,2021,11,TOTAL_R4_DISAGREEMENT,RIDGE_R4,0-1,over,-110,1.9090909090909092,0.21170963321281988,,,0,0,-1.0,0.5238095238095238,,
2021_11_NE_ATL,2021,11,TOTAL_R4_DISAGREEMENT,RIDGE_R4,3-4,over,-110,1.9090909090909092,3.787000341682841,,,0,0,-1.0,0.5238095238095238,-7.0,fanduel
2021_11_NO_PHI,2021,11,TOTAL_R4_DISAGREEMENT,RIDGE_R4,2-3,under,-110,1.9090909090909092,2.4468035178920715,,,0,0,-1.0,0.5238095238095238,-3.0,fanduel
2021_11_NYG_TB,2021,11,TOTAL_R4_DISAGREEMENT,RIDGE_R4,4+,under,-108,1.925925925925926,6.334334156570229,,,1,0,0.925926,0.5192307692307692,11.5,draftkings
2021_11_PIT_LAC,2021,11,TOTAL_R4_DISAGREEMENT,RIDGE_R4,1-2,under,-110,1.9090909090909092,1.1682674060668745,,,0,0,-1.0,0.5238095238095238,6.5,fanduel
2021_11_SF_JAX,2021,11,TOTAL_R4_DISAGREEMENT,RIDGE_R4,4+,under,-110,1.9090909090909092,4.402614768011702,,,1,0,0.909091,0.5238095238095238,7.0,draftkings
2021_11_WAS_CAR,2021,11,TOTAL_R4_DISAGREEMENT,RIDGE_R4,0-1,under,-106,1.9433962264150944,0.6391494100130686,,,0,0,-1.0,0.5145631067961165,3.5,draftkings
2021_12_ATL_JAX,2021,12,TOTAL_R4_DISAGREEMENT,RIDGE_R4,3-4,under,-106,1.9433962264150944,3.8759411192153905,,,1,0,0.943396,0.5145631067961165,1.5,draftkings
2021_12_BUF_NO,2021,12,TOTAL_R4_DISAGREEMENT,RIDGE_R4,2-3,over,-110,1.9090909090909092,2.790459846419445,,,0,0,-1.0,0.5238095238095238,7.0,draftkings
2021_12_CAR_MIA,2021,12,TOTAL_R4_DISAGREEMENT,RIDGE_R4,3-4,over,-105,1.9523809523809523,3.1514346619178966,,,1,0,0.952381,0.5121951219512195,1.5,fanduel
2021_12_CHI_DET,2021,12,TOTAL_R4_DISAGREEMENT,RIDGE_R4,4+,over,-110,1.9090909090909092,9.95714556857451,,,0,0,-1.0,0.5238095238095238,3.0,fanduel
2021_12_CLE_BAL,2021,12,TOTAL_R4_DISAGREEMENT,RIDGE_R4,3-4,over,-110,1.9090909090909092,3.4621580580874536,,,0,0,-1.0,0.5238095238095238,3.0,fanduel
2021_12_LAC_DEN,2021,12,TOTAL_R4_DISAGREEMENT,RIDGE_R4,1-2,under,-110,1.9090909090909092,1.5697920808569208,,,1,0,0.909091,0.5238095238095238,3.0,fanduel
2021_12_LA_GB,2021,12,TOTAL_R4_DISAGREEMENT,RIDGE_R4,2-3,under,-105,1.9523809523809523,2.610494975940078,,,0,0,-1.0,0.5121951219512195,2.5,fanduel
2021_12_LV_DAL,2021,12,TOTAL_R4_DISAGREEMENT,RIDGE_R4,1-2,over,-110,1.9090909090909092,1.9258191669752094,,,1,0,0.909091,0.5238095238095238,7.5,fanduel
2021_12_MIN_SF,2021,12,TOTAL_R4_DISAGREEMENT,RIDGE_R4,0-1,over,-110,1.9090909090909092,0.46272827464467525,,,1,0,0.909091,0.5238095238095238,3.5,draftkings
2021_12_NYJ_HOU,2021,12,TOTAL_R4_DISAGREEMENT,RIDGE_R4,0-1,under,-110,1.9090909090909092,0.840065484148873,,,1,0,0.909091,0.5238095238095238,3.0,draftkings
2021_12_PHI_NYG,2021,12,TOTAL_R4_DISAGREEMENT,RIDGE_R4,1-2,under,-110,1.9090909090909092,1.0981525718312213,,,1,0,0.909091,0.5238095238095238,-4.0,fanduel
2021_12_PIT_CIN,2021,12,TOTAL_R4_DISAGREEMENT,RIDGE_R4,4+,over,-110,1.9090909090909092,4.430959527954812,,,1,0,0.909091,0.5238095238095238,3.5,draftkings
2021_12_SEA_WAS,2021,12,TOTAL_R4_DISAGREEMENT,RIDGE_R4,1-2,under,-110,1.9090909090909092,1.1057476616523871,,,1,0,0.909091,0.5238095238095238,2.0,draftkings
2021_12_TB_IND,2021,12,TOTAL_R4_DISAGREEMENT,RIDGE_R4,1-2,under,-105,1.9523809523809523,1.988283715003341,,,0,0,-1.0,0.5121951219512195,3.0,fanduel
2021_12_TEN_NE,2021,12,TOTAL_R4_DISAGREEMENT,RIDGE_R4,4+,over,-110,1.9090909090909092,5.147230429474526,,,1,0,0.909091,0.5238095238095238,7.5,fanduel
2021_13_ARI_CHI,2021,13,TOTAL_R4_DISAGREEMENT,RIDGE_R4,1-2,over,-110,1.9090909090909092,1.8003885381447802,,,1,0,0.909091,0.5238095238095238,7.5,fanduel
2021_13_BAL_PIT,2021,13,TOTAL_R4_DISAGREEMENT,RIDGE_R4,0-1,under,-106,1.9433962264150944,0.9582390820926747,,,1,0,0.943396,0.5145631067961165,-4.0,draftkings
2021_13_DAL_NO,2021,13,TOTAL_R4_DISAGREEMENT,RIDGE_R4,0-1,under,-110,1.9090909090909092,0.5318626798156032,,,1,0,0.909091,0.5238095238095238,6.5,draftkings
2021_13_DEN_KC,2021,13,TOTAL_R4_DISAGREEMENT,RIDGE_R4,3-4,over,-110,1.9090909090909092,3.35367027481999,,,0,0,-1.0,0.5238095238095238,8.5,draftkings
2021_13_IND_HOU,2021,13,TOTAL_R4_DISAGREEMENT,RIDGE_R4,2-3,over,-110,1.9090909090909092,2.205714493414554,,,0,0,-1.0,0.5238095238095238,10.0,draftkings
2021_13_JAX_LA,2021,13,TOTAL_R4_DISAGREEMENT,RIDGE_R4,1-2,under,-106,1.9433962264150944,1.659193325052314,,,1,0,0.943396,0.5145631067961165,14.0,draftkings
2021_13_LAC_CIN,2021,13,TOTAL_R4_DISAGREEMENT,RIDGE_R4,0-1,over,-110,1.9090909090909092,0.022560656775475252,,,1,0,0.909091,0.5238095238095238,-2.5,draftkings
2021_13_MIN_DET,2021,13,TOTAL_R4_DISAGREEMENT,RIDGE_R4,4+,over,-110,1.9090909090909092,6.966384868717206,,,1,0,0.909091,0.5238095238095238,7.0,fanduel
2021_13_NE_BUF,2021,13,TOTAL_R4_DISAGREEMENT,RIDGE_R4,4+,over,-110,1.9090909090909092,7.330555469749633,,,0,0,-1.0,0.5238095238095238,3.0,draftkings
2021_13_NYG_MIA,2021,13,TOTAL_R4_DISAGREEMENT,RIDGE_R4,2-3,over,-105,1.9523809523809523,2.753950594983081,,,0,0,-1.0,0.5121951219512195,6.5,draftkings
2021_13_PHI_NYJ,2021,13,TOTAL_R4_DISAGREEMENT,RIDGE_R4,1-2,under,-110,1.9090909090909092,1.332983979726059,,,0,0,-1.0,0.5238095238095238,5.5,draftkings
2021_13_SF_SEA,2021,13,TOTAL_R4_DISAGREEMENT,RIDGE_R4,3-4,over,-110,1.9090909090909092,3.9310331639110885,,,1,0,0.909091,0.5238095238095238,-3.0,draftkings
2021_13_TB_ATL,2021,13,TOTAL_R4_DISAGREEMENT,RIDGE_R4,1-2,over,-110,1.9090909090909092,1.3925558577532442,,,0,0,-1.0,0.5238095238095238,10.5,fanduel
2021_13_WAS_LV,2021,13,TOTAL_R4_DISAGREEMENT,RIDGE_R4,2-3,over,-110,1.9090909090909092,2.0963995433949663,,,0,0,-1.0,0.5238095238095238,2.0,draftkings
2021_14_ATL_CAR,2021,14,TOTAL_R4_DISAGREEMENT,RIDGE_R4,4+,over,-106,1.9433962264150944,4.172814356524299,,,1,0,0.943396,0.5145631067961165,2.5,draftkings
2021_14_BAL_CLE,2021,14,TOTAL_R4_DISAGREEMENT,RIDGE_R4,2-3,over,-110,1.9090909090909092,2.418970867068545,,,1,0,0.909091,0.5238095238095238,3.0,draftkings
2021_14_BUF_TB,2021,14,TOTAL_R4_DISAGREEMENT,RIDGE_R4,4+,under,-110,1.9090909090909092,5.710674424931987,,,0,0,-1.0,0.5238095238095238,3.5,fanduel
2021_14_CHI_GB,2021,14,TOTAL_R4_DISAGREEMENT,RIDGE_R4,0-1,over,-110,1.9090909090909092,0.355815347308706,,,1,0,0.909091,0.5238095238095238,11.5,draftkings
2021_14_DAL_WAS,2021,14,TOTAL_R4_DISAGREEMENT,RIDGE_R4,1-2,under,-114,1.8771929824561404,1.1895444870374803,,,1,0,0.877193,0.5327102803738317,6.5,draftkings
2021_14_DET_DEN,2021,14,TOTAL_R4_DISAGREEMENT,RIDGE_R4,2-3,over,-106,1.9433962264150944,2.059580094329931,,,1,0,0.943396,0.5145631067961165,12.5,fanduel
2021_14_JAX_TEN,2021,14,TOTAL_R4_DISAGREEMENT,RIDGE_R4,3-4,over,-110,1.9090909090909092,3.4554623182240576,,,0,0,-1.0,0.5238095238095238,9.0,draftkings
2021_14_LA_ARI,2021,14,TOTAL_R4_DISAGREEMENT,RIDGE_R4,3-4,under,-115,1.8695652173913042,3.336640412781435,,,0,0,-1.0,0.5348837209302326,3.0,draftkings
2021_14_LV_KC,2021,14,TOTAL_R4_DISAGREEMENT,RIDGE_R4,0-1,over,-110,1.9090909090909092,0.9783392175434429,,,1,0,0.909091,0.5238095238095238,9.5,draftkings
2021_14_NO_NYJ,2021,14,TOTAL_R4_DISAGREEMENT,RIDGE_R4,4+,under,-110,1.9090909090909092,4.395653004267174,,,1,0,0.909091,0.5238095238095238,5.5,draftkings
2021_14_NYG_LAC,2021,14,TOTAL_R4_DISAGREEMENT,RIDGE_R4,1-2,over,-105,1.9523809523809523,1.0077050645324732,,,1,0,0.952381,0.5121951219512195,9.0,draftkings
2021_14_PIT_MIN,2021,14,TOTAL_R4_DISAGREEMENT,RIDGE_R4,4+,over,-110,1.9090909090909092,4.518487449472829,,,1,0,0.909091,0.5238095238095238,3.5,fanduel
2021_14_SEA_HOU,2021,14,TOTAL_R4_DISAGREEMENT,RIDGE_R4,4+,over,-105,1.9523809523809523,7.652664304612912,,,1,0,0.952381,0.5121951219512195,9.0,draftkings
2021_14_SF_CIN,2021,14,TOTAL_R4_DISAGREEMENT,RIDGE_R4,1-2,under,-105,1.9523809523809523,1.4672515566285895,,,0,0,-1.0,0.5121951219512195,2.5,draftkings
2021_15_ARI_DET,2021,15,TOTAL_R4_DISAGREEMENT,RIDGE_R4,4+,over,-110,1.9090909090909092,4.293593664774306,,,0,0,-1.0,0.5238095238095238,13.0,fanduel
2021_15_ATL_SF,2021,15,TOTAL_R4_DISAGREEMENT,RIDGE_R4,1-2,over,-110,1.9090909090909092,1.2617529205796316,,,0,0,-1.0,0.5238095238095238,9.0,draftkings
2021_15_CAR_BUF,2021,15,TOTAL_R4_DISAGREEMENT,RIDGE_R4,0-1,under,-108,1.925925925925926,0.1591003963570614,,,0,0,-1.0,0.5192307692307692,14.5,fanduel
2021_15_CIN_DEN,2021,15,TOTAL_R4_DISAGREEMENT,RIDGE_R4,3-4,over,-110,1.9090909090909092,3.0235288615874296,,,0,0,-1.0,0.5238095238095238,-3.0,draftkings
2021_15_DAL_NYG,2021,15,TOTAL_R4_DISAGREEMENT,RIDGE_R4,2-3,over,-108,1.925925925925926,2.312362396155976,,,0,0,-1.0,0.5192307692307692,11.5,draftkings
2021_15_GB_BAL,2021,15,TOTAL_R4_DISAGREEMENT,RIDGE_R4,4+,over,-110,1.9090909090909092,4.05531566914776,,,1,0,0.909091,0.5238095238095238,9.5,fanduel
2021_15_HOU_JAX,2021,15,TOTAL_R4_DISAGREEMENT,RIDGE_R4,0-1,over,-105,1.9523809523809523,0.6711740381769502,,,1,0,0.952381,0.5121951219512195,5.5,fanduel
2021_15_KC_LAC,2021,15,TOTAL_R4_DISAGREEMENT,RIDGE_R4,2-3,under,-108,1.925925925925926,2.1580574432128614,,,0,0,-1.0,0.5192307692307692,3.5,draftkings
2021_15_LV_CLE,2021,15,TOTAL_R4_DISAGREEMENT,RIDGE_R4,4+,over,-110,1.9090909090909092,8.673186475237827,,,0,0,-1.0,0.5238095238095238,3.0,draftkings
2021_15_MIN_CHI,2021,15,TOTAL_R4_DISAGREEMENT,RIDGE_R4,2-3,under,-110,1.9090909090909092,2.5586688591377396,,,1,0,0.909091,0.5238095238095238,7.0,draftkings
2021_15_NE_IND,2021,15,TOTAL_R4_DISAGREEMENT,RIDGE_R4,2-3,over,-110,1.9090909090909092,2.696664315758575,,,0,0,-1.0,0.5238095238095238,1.5,draftkings
2021_15_NO_TB,2021,15,TOTAL_R4_DISAGREEMENT,RIDGE_R4,2-3,under,-110,1.9090909090909092,2.001833567059677,,,1,0,0.909091,0.5238095238095238,11.5,fanduel
2021_15_NYJ_MIA,2021,15,TOTAL_R4_DISAGREEMENT,RIDGE_R4,0-1,under,-110,1.9090909090909092,0.3089352454179135,,,0,0,-1.0,0.5238095238095238,10.5,draftkings
2021_15_SEA_LA,2021,15,TOTAL_R4_DISAGREEMENT,RIDGE_R4,3-4,over,-105,1.9523809523809523,3.0795361140847746,,,0,0,-1.0,0.5121951219512195,7.5,draftkings
2021_15_TEN_PIT,2021,15,TOTAL_R4_DISAGREEMENT,RIDGE_R4,1-2,over,-110,1.9090909090909092,1.3379384872675146,,,0,0,-1.0,0.5238095238095238,1.0,draftkings
2021_15_WAS_PHI,2021,15,TOTAL_R4_DISAGREEMENT,RIDGE_R4,0-1,over,-105,1.9523809523809523,0.46559689981712893,,,1,0,0.952381,0.5121951219512195,9.5,fanduel
2021_16_BAL_CIN,2021,16,TOTAL_R4_DISAGREEMENT,RIDGE_R4,4+,over,-110,1.9090909090909092,4.34468227089144,,,1,0,0.909091,0.5238095238095238,7.0,draftkings
2021_16_BUF_NE,2021,16,TOTAL_R4_DISAGREEMENT,RIDGE_R4,4+,over,-110,1.9090909090909092,6.0081461739514666,,,1,0,0.909091,0.5238095238095238,1.0,fanduel
2021_16_CHI_SEA,2021,16,TOTAL_R4_DISAGREEMENT,RIDGE_R4,4+,over,-105,1.9523809523809523,7.075187212322426,,,1,0,0.952381,0.5121951219512195,7.0,fanduel
2021_16_CLE_GB,2021,16,TOTAL_R4_DISAGREEMENT,RIDGE_R4,2-3,over,-108,1.925925925925926,2.4489968605326524,,,0,0,-1.0,0.5192307692307692,7.5,draftkings
2021_16_DEN_LV,2021,16,TOTAL_R4_DISAGREEMENT,RIDGE_R4,3-4,over,-110,1.9090909090909092,3.7423372959539236,,,0,0,-1.0,0.5238095238095238,-1.0,draftkings
2021_16_DET_ATL,2021,16,TOTAL_R4_DISAGREEMENT,RIDGE_R4,0-1,under,-105,1.9523809523809523,0.3402025826557704,,,1,0,0.952381,0.5121951219512195,7.0,draftkings
2021_16_IND_ARI,2021,16,TOTAL_R4_DISAGREEMENT,RIDGE_R4,1-2,over,-105,1.9523809523809523,1.8513600073167495,,,0,0,-1.0,0.5121951219512195,3.0,draftkings
2021_16_JAX_NYJ,2021,16,TOTAL_R4_DISAGREEMENT,RIDGE_R4,1-2,under,-110,1.9090909090909092,1.3720680522255861,,,0,0,-1.0,0.5238095238095238,-2.0,draftkings
2021_16_LAC_HOU,2021,16,TOTAL_R4_DISAGREEMENT,RIDGE_R4,2-3,over,-110,1.9090909090909092,2.146546692683806,,,1,0,0.909091,0.5238095238095238,12.5,fanduel
2021_16_LA_MIN,2021,16,TOTAL_R4_DISAGREEMENT,RIDGE_R4,2-3,over,-110,1.9090909090909092,2.1724285310744946,,,1,0,0.909091,0.5238095238095238,3.0,draftkings
2021_16_MIA_NO,2021,16,TOTAL_R4_DISAGREEMENT,RIDGE_R4,4+,over,-110,1.9090909090909092,5.366407515631856,,,0,0,-1.0,0.5238095238095238,3.5,draftkings
2021_16_NYG_PHI,2021,16,TOTAL_R4_DISAGREEMENT,RIDGE_R4,0-1,under,-106,1.9433962264150944,0.3958852689584944,,,0,0,-1.0,0.5145631067961165,11.5,draftkings
2021_16_PIT_KC,2021,16,TOTAL_R4_DISAGREEMENT,RIDGE_R4,3-4,over,-105,1.9523809523809523,3.7307402868883273,,,1,0,0.952381,0.5121951219512195,10.5,fanduel
2021_16_SF_TEN,2021,16,TOTAL_R4_DISAGREEMENT,RIDGE_R4,2-3,over,-110,1.9090909090909092,2.614032026731614,,,0,0,-1.0,0.5238095238095238,,
2021_16_TB_CAR,2021,16,TOTAL_R4_DISAGREEMENT,RIDGE_R4,2-3,over,-114,1.8771929824561404,2.2580268644354007,,,0,0,-1.0,0.5327102803738317,11.5,fanduel
2021_16_WAS_DAL,2021,16,TOTAL_R4_DISAGREEMENT,RIDGE_R4,0-1,over,-110,1.9090909090909092,0.900016696027599,,,1,0,0.909091,0.5238095238095238,9.5,draftkings
2021_17_ARI_DAL,2021,17,TOTAL_R4_DISAGREEMENT,RIDGE_R4,2-3,under,-110,1.9090909090909092,2.4900772193375076,,,1,0,0.909091,0.5238095238095238,-6.5,draftkings
2021_17_ATL_BUF,2021,17,TOTAL_R4_DISAGREEMENT,RIDGE_R4,0-1,over,-110,1.9090909090909092,0.5225668026872441,,,0,0,-1.0,0.5238095238095238,14.5,fanduel
2021_17_CAR_NO,2021,17,TOTAL_R4_DISAGREEMENT,RIDGE_R4,0-1,over,-110,1.9090909090909092,0.9991176976804752,,,0,0,-1.0,0.5238095238095238,6.5,draftkings
2021_17_CLE_PIT,2021,17,TOTAL_R4_DISAGREEMENT,RIDGE_R4,1-2,over,-110,1.9090909090909092,1.4418790457006097,,,0,0,-1.0,0.5238095238095238,2.5,draftkings
2021_17_DEN_LAC,2021,17,TOTAL_R4_DISAGREEMENT,RIDGE_R4,0-1,under,-110,1.9090909090909092,0.10694211940376164,,,0,0,-1.0,0.5238095238095238,7.5,fanduel
2021_17_DET_SEA,2021,17,TOTAL_R4_DISAGREEMENT,RIDGE_R4,2-3,over,-110,1.9090909090909092,2.9473885427435036,,,1,0,0.909091,0.5238095238095238,8.5,draftkings
2021_17_HOU_SF,2021,17,TOTAL_R4_DISAGREEMENT,RIDGE_R4,1-2,under,-105,1.9523809523809523,1.4098361429585466,,,1,0,0.952381,0.5121951219512195,13.5,fanduel
2021_17_JAX_NE,2021,17,TOTAL_R4_DISAGREEMENT,RIDGE_R4,4+,over,-110,1.9090909090909092,5.489503240880815,,,1,0,0.909091,0.5238095238095238,17.5,fanduel
2021_17_KC_CIN,2021,17,TOTAL_R4_DISAGREEMENT,RIDGE_R4,2-3,over,-110,1.9090909090909092,2.290838819954132,,,1,0,0.909091,0.5238095238095238,3.5,draftkings
2021_17_LA_BAL,2021,17,TOTAL_R4_DISAGREEMENT,RIDGE_R4,0-1,under,-110,1.9090909090909092,0.6732211044438259,,,1,0,0.909091,0.5238095238095238,7.0,draftkings
2021_17_LV_IND,2021,17,TOTAL_R4_DISAGREEMENT,RIDGE_R4,4+,over,-105,1.9523809523809523,4.114077066703118,,,0,0,-1.0,0.5121951219512195,8.5,draftkings
2021_17_MIA_TEN,2021,17,TOTAL_R4_DISAGREEMENT,RIDGE_R4,4+,over,-110,1.9090909090909092,8.446911295851024,,,0,0,-1.0,0.5238095238095238,3.0,fanduel
2021_17_MIN_GB,2021,17,TOTAL_R4_DISAGREEMENT,RIDGE_R4,4+,over,-110,1.9090909090909092,4.691739410795215,,,1,0,0.909091,0.5238095238095238,12.5,fanduel
2021_17_NYG_CHI,2021,17,TOTAL_R4_DISAGREEMENT,RIDGE_R4,4+,over,-110,1.9090909090909092,4.02909697699404,,,0,0,-1.0,0.5238095238095238,6.5,draftkings
2021_17_PHI_WAS,2021,17,TOTAL_R4_DISAGREEMENT,RIDGE_R4,0-1,under,-110,1.9090909090909092,0.9515859222971557,,,1,0,0.909091,0.5238095238095238,-6.5,draftkings
2021_17_TB_NYJ,2021,17,TOTAL_R4_DISAGREEMENT,RIDGE_R4,2-3,under,-110,1.9090909090909092,2.0413456043132783,,,0,0,-1.0,0.5238095238095238,14.0,draftkings
2021_18_CAR_TB,2021,18,TOTAL_R4_DISAGREEMENT,RIDGE_R4,1-2,over,-110,1.9090909090909092,1.3342225295299173,,,1,0,0.909091,0.5238095238095238,-10.5,draftkings
2021_18_CHI_MIN,2021,18,TOTAL_R4_DISAGREEMENT,RIDGE_R4,3-4,over,-110,1.9090909090909092,3.903918049847313,,,1,0,0.909091,0.5238095238095238,3.5,fanduel
2021_18_CIN_CLE,2021,18,TOTAL_R4_DISAGREEMENT,RIDGE_R4,4+,over,-110,1.9090909090909092,4.200536335451851,,,0,0,-1.0,0.5238095238095238,6.0,draftkings
2021_18_DAL_PHI,2021,18,TOTAL_R4_DISAGREEMENT,RIDGE_R4,1-2,over,-110,1.9090909090909092,1.896942582612823,,,1,0,0.909091,0.5238095238095238,6.5,fanduel
2021_18_GB_DET,2021,18,TOTAL_R4_DISAGREEMENT,RIDGE_R4,4+,over,-110,1.9090909090909092,9.794292278089884,,,1,0,0.909091,0.5238095238095238,3.5,draftkings
2021_18_IND_JAX,2021,18,TOTAL_R4_DISAGREEMENT,RIDGE_R4,3-4,under,-105,1.9523809523809523,3.663691675291794,,,1,0,0.952381,0.5121951219512195,,
2021_18_KC_DEN,2021,18,TOTAL_R4_DISAGREEMENT,RIDGE_R4,4+,over,-106,1.9433962264150944,4.46858327505943,,,1,0,0.943396,0.5145631067961165,11.0,fanduel
2021_18_LAC_LV,2021,18,TOTAL_R4_DISAGREEMENT,RIDGE_R4,1-2,over,-110,1.9090909090909092,1.077011327088016,,,1,0,0.909091,0.5238095238095238,3.0,fanduel
2021_18_NE_MIA,2021,18,TOTAL_R4_DISAGREEMENT,RIDGE_R4,3-4,over,-110,1.9090909090909092,3.958825191809197,,,1,0,0.909091,0.5238095238095238,6.0,draftkings
2021_18_NO_ATL,2021,18,TOTAL_R4_DISAGREEMENT,RIDGE_R4,2-3,over,-110,1.9090909090909092,2.4847230574964954,,,1,0,0.909091,0.5238095238095238,4.5,fanduel
2021_18_NYJ_BUF,2021,18,TOTAL_R4_DISAGREEMENT,RIDGE_R4,0-1,under,-106,1.9433962264150944,0.8738242123448146,,,1,0,0.943396,0.5145631067961165,16.0,fanduel
2021_18_PIT_BAL,2021,18,TOTAL_R4_DISAGREEMENT,RIDGE_R4,4+,over,-105,1.9523809523809523,4.071688607834204,,,0,0,-1.0,0.5121951219512195,-3.0,draftkings
2021_18_SEA_ARI,2021,18,TOTAL_R4_DISAGREEMENT,RIDGE_R4,2-3,over,-110,1.9090909090909092,2.5736023647060264,,,1,0,0.909091,0.5238095238095238,5.0,draftkings
2021_18_SF_LA,2021,18,TOTAL_R4_DISAGREEMENT,RIDGE_R4,0-1,over,-110,1.9090909090909092,0.09093803843484949,,,1,0,0.909091,0.5238095238095238,,
2021_18_TEN_HOU,2021,18,TOTAL_R4_DISAGREEMENT,RIDGE_R4,4+,over,-110,1.9090909090909092,4.732984563602486,,,1,0,0.909091,0.5238095238095238,10.5,draftkings
2021_18_WAS_NYG,2021,18,TOTAL_R4_DISAGREEMENT,RIDGE_R4,0-1,over,-110,1.9090909090909092,0.900054100234982,,,0,0,-1.0,0.5238095238095238,6.0,fanduel
2021_19_ARI_LA,2021,19,TOTAL_R4_DISAGREEMENT,RIDGE_R4,0-1,under,-105,1.9523809523809523,0.36120361358223363,,,1,0,0.952381,0.5121951219512195,-3.0,fanduel
2021_19_LV_CIN,2021,19,TOTAL_R4_DISAGREEMENT,RIDGE_R4,3-4,over,-110,1.9090909090909092,3.1585878662823887,,,0,0,-1.0,0.5238095238095238,6.0,draftkings
2021_19_NE_BUF,2021,19,TOTAL_R4_DISAGREEMENT,RIDGE_R4,1-2,over,-106,1.9433962264150944,1.8004462728150656,,,1,0,0.943396,0.5145631067961165,-4.5,draftkings
2021_19_PHI_TB,2021,19,TOTAL_R4_DISAGREEMENT,RIDGE_R4,0-1,under,-110,1.9090909090909092,0.23753987323183168,,,1,0,0.909091,0.5238095238095238,-7.0,draftkings
2021_19_PIT_KC,2021,19,TOTAL_R4_DISAGREEMENT,RIDGE_R4,1-2,over,-110,1.9090909090909092,1.9053686089622417,,,1,0,0.909091,0.5238095238095238,12.5,draftkings
2021_19_SF_DAL,2021,19,TOTAL_R4_DISAGREEMENT,RIDGE_R4,0-1,under,-114,1.8771929824561404,0.7207305117249305,,,1,0,0.877193,0.5327102803738317,-3.0,fanduel
2021_20_BUF_KC,2021,20,TOTAL_R4_DISAGREEMENT,RIDGE_R4,3-4,under,-110,1.9090909090909092,3.027533626790415,,,0,0,-1.0,0.5238095238095238,-2.5,draftkings
2021_20_CIN_TEN,2021,20,TOTAL_R4_DISAGREEMENT,RIDGE_R4,3-4,over,-105,1.9523809523809523,3.9749016842349008,,,0,0,-1.0,0.5121951219512195,-4.0,draftkings
2021_20_LA_TB,2021,20,TOTAL_R4_DISAGREEMENT,RIDGE_R4,1-2,over,-106,1.9433962264150944,1.0123045933704233,,,1,0,0.943396,0.5145631067961165,-2.5,draftkings
2021_20_SF_GB,2021,20,TOTAL_R4_DISAGREEMENT,RIDGE_R4,1-2,over,-106,1.9433962264150944,1.1335698206495834,,,0,0,-1.0,0.5145631067961165,5.5,draftkings
2021_21_CIN_KC,2021,21,TOTAL_R4_DISAGREEMENT,RIDGE_R4,2-3,under,-110,1.9090909090909092,2.747756109369277,,,1,0,0.909091,0.5238095238095238,7.0,draftkings
2021_21_SF_LA,2021,21,TOTAL_R4_DISAGREEMENT,RIDGE_R4,0-1,over,-110,1.9090909090909092,0.7037882973033547,,,0,0,-1.0,0.5238095238095238,3.5,draftkings
2021_22_LA_CIN,2021,22,TOTAL_R4_DISAGREEMENT,RIDGE_R4,3-4,over,-110,1.9090909090909092,3.7022369877481367,,,0,0,-1.0,0.5238095238095238,4.5,draftkings
2022_01_BAL_NYJ,2022,01,TOTAL_R4_DISAGREEMENT,RIDGE_R4,2-3,over,-108,1.925925925925926,2.2036181241461676,,,0,0,-1.0,0.5192307692307692,6.5,draftkings
2022_01_BUF_LA,2022,01,TOTAL_R4_DISAGREEMENT,RIDGE_R4,2-3,under,-106,1.9433962264150944,2.16085763138112,,,1,0,0.943396,0.5145631067961165,2.5,draftkings
2022_01_CLE_CAR,2022,01,TOTAL_R4_DISAGREEMENT,RIDGE_R4,1-2,over,-110,1.9090909090909092,1.8088428716336722,,,1,0,0.909091,0.5238095238095238,-1.0,draftkings
2022_01_DEN_SEA,2022,01,TOTAL_R4_DISAGREEMENT,RIDGE_R4,4+,over,-105,1.9523809523809523,5.527572134298602,,,0,0,-1.0,0.5121951219512195,6.5,fanduel
2022_01_GB_MIN,2022,01,TOTAL_R4_DISAGREEMENT,RIDGE_R4,4+,over,-110,1.9090909090909092,6.1067342937520195,,,0,0,-1.0,0.5238095238095238,-1.5,draftkings
2022_01_IND_HOU,2022,01,TOTAL_R4_DISAGREEMENT,RIDGE_R4,2-3,over,-110,1.9090909090909092,2.390060735456707,,,0,0,-1.0,0.5238095238095238,7.5,fanduel
2022_01_JAX_WAS,2022,01,TOTAL_R4_DISAGREEMENT,RIDGE_R4,0-1,over,-110,1.9090909090909092,0.33884967730287485,,,1,0,0.909091,0.5238095238095238,-2.5,fanduel
2022_01_KC_ARI,2022,01,TOTAL_R4_DISAGREEMENT,RIDGE_R4,0-1,over,-110,1.9090909090909092,0.0302362665704905,,,1,0,0.909091,0.5238095238095238,6.5,draftkings
2022_01_LV_LAC,2022,01,TOTAL_R4_DISAGREEMENT,RIDGE_R4,2-3,under,-110,1.9090909090909092,2.463378633136614,,,1,0,0.909091,0.5238095238095238,-3.5,draftkings
2022_01_NE_MIA,2022,01,TOTAL_R4_DISAGREEMENT,RIDGE_R4,0-1,under,-110,1.9090909090909092,0.6814906836517949,,,1,0,0.909091,0.5238095238095238,-3.0,draftkings
2022_01_NO_ATL,2022,01,TOTAL_R4_DISAGREEMENT,RIDGE_R4,3-4,over,-110,1.9090909090909092,3.4334704020605216,,,1,0,0.909091,0.5238095238095238,5.5,draftkings
2022_01_NYG_TEN,2022,01,TOTAL_R4_DISAGREEMENT,RIDGE_R4,2-3,over,-110,1.9090909090909092,2.874941096375032,,,0,0,-1.0,0.5238095238095238,-5.0,draftkings
2022_01_PHI_DET,2022,01,TOTAL_R4_DISAGREEMENT,RIDGE_R4,1-2,over,-110,1.9090909090909092,1.6166046266446443,,,1,0,0.909091,0.5238095238095238,5.5,draftkings
2022_01_PIT_CIN,2022,01,TOTAL_R4_DISAGREEMENT,RIDGE_R4,4+,over,-105,1.9523809523809523,5.025422342036478,,,0,0,-1.0,0.5121951219512195,7.5,fanduel
2022_01_SF_CHI,2022,01,TOTAL_R4_DISAGREEMENT,RIDGE_R4,0-1,over,-110,1.9090909090909092,0.3881610163486613,,,0,0,-1.0,0.5238095238095238,6.5,draftkings
2022_01_TB_DAL,2022,01,TOTAL_R4_DISAGREEMENT,RIDGE_R4,2-3,over,-110,1.9090909090909092,2.407383117224562,,,0,0,-1.0,0.5238095238095238,2.5,draftkings
2022_02_ARI_LV,2022,02,TOTAL_R4_DISAGREEMENT,RIDGE_R4,2-3,under,-110,1.9090909090909092,2.8999090903765747,,,0,0,-1.0,0.5238095238095238,5.5,draftkings
2022_02_ATL_LA,2022,02,TOTAL_R4_DISAGREEMENT,RIDGE_R4,0-1,over,-110,1.9090909090909092,0.7730747991340792,,,1,0,0.909091,0.5238095238095238,10.0,draftkings
2022_02_CAR_NYG,2022,02,TOTAL_R4_DISAGREEMENT,RIDGE_R4,1-2,under,-104,1.9615384615384617,1.1344333317063473,,,1,0,0.961538,0.5098039215686274,1.0,draftkings
2022_02_CHI_GB,2022,02,TOTAL_R4_DISAGREEMENT,RIDGE_R4,2-3,over,-110,1.9090909090909092,2.333385260607436,,,0,0,-1.0,0.5238095238095238,10.5,fanduel
2022_02_CIN_DAL,2022,02,TOTAL_R4_DISAGREEMENT,RIDGE_R4,3-4,over,-110,1.9090909090909092,3.7948031964351756,,,0,0,-1.0,0.5238095238095238,7.5,draftkings
2022_02_HOU_DEN,2022,02,TOTAL_R4_DISAGREEMENT,RIDGE_R4,0-1,over,-105,1.9523809523809523,0.1602526335070351,,,0,0,-1.0,0.5121951219512195,10.5,fanduel
2022_02_IND_JAX,2022,02,TOTAL_R4_DISAGREEMENT,RIDGE_R4,1-2,under,-110,1.9090909090909092,1.5864774379226887,,,1,0,0.909091,0.5238095238095238,3.0,fanduel
2022_02_LAC_KC,2022,02,TOTAL_R4_DISAGREEMENT,RIDGE_R4,0-1,under,-110,1.9090909090909092,0.881828489687912,,,1,0,0.909091,0.5238095238095238,-3.5,fanduel
2022_02_MIA_BAL,2022,02,TOTAL_R4_DISAGREEMENT,RIDGE_R4,3-4,over,-110,1.9090909090909092,3.9858711066497747,,,1,0,0.909091,0.5238095238095238,3.5,draftkings
2022_02_MIN_PHI,2022,02,TOTAL_R4_DISAGREEMENT,RIDGE_R4,2-3,under,-110,1.9090909090909092,2.2678949709621534,,,1,0,0.909091,0.5238095238095238,3.0,draftkings
2022_02_NE_PIT,2022,02,TOTAL_R4_DISAGREEMENT,RIDGE_R4,3-4,over,-104,1.9615384615384617,3.188442218964525,,,0,0,-1.0,0.5098039215686274,3.0,draftkings
2022_02_NYJ_CLE,2022,02,TOTAL_R4_DISAGREEMENT,RIDGE_R4,4+,over,-110,1.9090909090909092,4.948041524013746,,,1,0,0.909091,0.5238095238095238,6.5,fanduel
2022_02_SEA_SF,2022,02,TOTAL_R4_DISAGREEMENT,RIDGE_R4,4+,over,-110,1.9090909090909092,4.179180507350857,,,0,0,-1.0,0.5238095238095238,8.5,fanduel
2022_02_TB_NO,2022,02,TOTAL_R4_DISAGREEMENT,RIDGE_R4,4+,over,-105,1.9523809523809523,5.493667871014971,,,0,0,-1.0,0.5121951219512195,2.5,fanduel
2022_02_TEN_BUF,2022,02,TOTAL_R4_DISAGREEMENT,RIDGE_R4,1-2,under,-110,1.9090909090909092,1.7795928572261772,,,0,0,-1.0,0.5238095238095238,10.0,draftkings
2022_02_WAS_DET,2022,02,TOTAL_R4_DISAGREEMENT,RIDGE_R4,1-2,over,-110,1.9090909090909092,1.3066058605590953,,,1,0,0.909091,0.5238095238095238,1.0,draftkings
2022_03_ATL_SEA,2022,03,TOTAL_R4_DISAGREEMENT,RIDGE_R4,4+,over,-110,1.9090909090909092,5.210641850578668,,,1,0,0.909091,0.5238095238095238,-1.0,fanduel
2022_03_BAL_NE,2022,03,TOTAL_R4_DISAGREEMENT,RIDGE_R4,4+,over,-105,1.9523809523809523,4.809083391993987,,,1,0,0.952381,0.5121951219512195,2.5,draftkings
2022_03_BUF_MIA,2022,03,TOTAL_R4_DISAGREEMENT,RIDGE_R4,4+,under,-110,1.9090909090909092,5.10001465070772,,,1,0,0.909091,0.5238095238095238,4.5,fanduel
2022_03_CIN_NYJ,2022,03,TOTAL_R4_DISAGREEMENT,RIDGE_R4,1-2,over,-110,1.9090909090909092,1.0429237570751155,,,0,0,-1.0,0.5238095238095238,6.5,fanduel
2022_03_DAL_NYG,2022,03,TOTAL_R4_DISAGREEMENT,RIDGE_R4,4+,over,-110,1.9090909090909092,5.770766805869826,,,1,0,0.909091,0.5238095238095238,-1.0,draftkings
2022_03_DET_MIN,2022,03,TOTAL_R4_DISAGREEMENT,RIDGE_R4,1-2,under,-106,1.9433962264150944,1.5594577157288754,,,0,0,-1.0,0.5145631067961165,6.5,draftkings
2022_03_GB_TB,2022,03,TOTAL_R4_DISAGREEMENT,RIDGE_R4,4+,over,-110,1.9090909090909092,8.830247101158122,,,0,0,-1.0,0.5238095238095238,-1.5,draftkings
2022_03_HOU_CHI,2022,03,TOTAL_R4_DISAGREEMENT,RIDGE_R4,2-3,over,-110,1.9090909090909092,2.825752153345107,,,1,0,0.909091,0.5238095238095238,-3.0,fanduel
2022_03_JAX_LAC,2022,03,TOTAL_R4_DISAGREEMENT,RIDGE_R4,4+,over,-110,1.9090909090909092,6.630215440993865,,,1,0,0.909091,0.5238095238095238,6.5,fanduel
2022_03_KC_IND,2022,03,TOTAL_R4_DISAGREEMENT,RIDGE_R4,1-2,over,-105,1.9523809523809523,1.2739105695582822,,,0,0,-1.0,0.5121951219512195,5.5,fanduel
2022_03_LA_ARI,2022,03,TOTAL_R4_DISAGREEMENT,RIDGE_R4,0-1,over,-110,1.9090909090909092,0.43418563700019064,,,0,0,-1.0,0.5238095238095238,3.5,draftkings
2022_03_LV_TEN,2022,03,TOTAL_R4_DISAGREEMENT,RIDGE_R4,3-4,over,-110,1.9090909090909092,3.6877130891300425,,,1,0,0.909091,0.5238095238095238,2.0,draftkings
2022_03_NO_CAR,2022,03,TOTAL_R4_DISAGREEMENT,RIDGE_R4,0-1,over,-108,1.925925925925926,0.7103181535040548,,,0,0,-1.0,0.5192307692307692,2.5,fanduel
2022_03_PHI_WAS,2022,03,TOTAL_R4_DISAGREEMENT,RIDGE_R4,2-3,under,-110,1.9090909090909092,2.3288161455819036,,,1,0,0.909091,0.5238095238095238,6.5,fanduel
2022_03_PIT_CLE,2022,03,TOTAL_R4_DISAGREEMENT,RIDGE_R4,4+,over,-105,1.9523809523809523,6.79181295473289,,,1,0,0.952381,0.5121951219512195,4.5,fanduel
2022_03_SF_DEN,2022,03,TOTAL_R4_DISAGREEMENT,RIDGE_R4,0-1,under,-106,1.9433962264150944,0.8946519741585419,,,1,0,0.943396,0.5145631067961165,1.5,draftkings
2022_04_ARI_CAR,2022,04,TOTAL_R4_DISAGREEMENT,RIDGE_R4,0-1,over,-110,1.9090909090909092,0.3639011659650606,,,0,0,-1.0,0.5238095238095238,-1.0,fanduel
2022_04_BUF_BAL,2022,04,TOTAL_R4_DISAGREEMENT,RIDGE_R4,0-1,over,-106,1.9433962264150944,0.6306654052898111,,,0,0,-1.0,0.5145631067961165,3.5,fanduel
2022_04_CHI_NYG,2022,04,TOTAL_R4_DISAGREEMENT,RIDGE_R4,1-2,over,-110,1.9090909090909092,1.312810869056058,,,0,0,-1.0,0.5238095238095238,3.0,fanduel
2022_04_CLE_ATL,2022,04,TOTAL_R4_DISAGREEMENT,RIDGE_R4,0-1,over,-110,1.9090909090909092,0.49855926317447086,,,0,0,-1.0,0.5238095238095238,1.5,fanduel
2022_04_DEN_LV,2022,04,TOTAL_R4_DISAGREEMENT,RIDGE_R4,3-4,over,-105,1.9523809523809523,3.8085703396259376,,,1,0,0.952381,0.5121951219512195,2.5,draftkings
2022_04_JAX_PHI,2022,04,TOTAL_R4_DISAGREEMENT,RIDGE_R4,2-3,over,-105,1.9523809523809523,2.5443075311920182,,,1,0,0.952381,0.5121951219512195,6.5,fanduel
2022_04_KC_TB,2022,04,TOTAL_R4_DISAGREEMENT,RIDGE_R4,4+,over,-110,1.9090909090909092,4.466262061931118,,,1,0,0.909091,0.5238095238095238,-1.5,fanduel
2022_04_LAC_HOU,2022,04,TOTAL_R4_DISAGREEMENT,RIDGE_R4,4+,over,-110,1.9090909090909092,4.422483094484406,,,1,0,0.909091,0.5238095238095238,6.0,draftkings
2022_04_LA_SF,2022,04,TOTAL_R4_DISAGREEMENT,RIDGE_R4,3-4,over,-110,1.9090909090909092,3.6996453169674766,,,0,0,-1.0,0.5238095238095238,2.0,draftkings
2022_04_MIA_CIN,2022,04,TOTAL_R4_DISAGREEMENT,RIDGE_R4,1-2,over,-110,1.9090909090909092,1.8519337781804097,,,0,0,-1.0,0.5238095238095238,4.0,draftkings
2022_04_MIN_NO,2022,04,TOTAL_R4_DISAGREEMENT,RIDGE_R4,2-3,over,-110,1.9090909090909092,2.6939625448004563,,,1,0,0.909091,0.5238095238095238,4.5,fanduel
2022_04_NE_GB,2022,04,TOTAL_R4_DISAGREEMENT,RIDGE_R4,4+,over,-110,1.9090909090909092,10.421035409182238,,,1,0,0.909091,0.5238095238095238,9.5,fanduel
2022_04_NYJ_PIT,2022,04,TOTAL_R4_DISAGREEMENT,RIDGE_R4,2-3,under,-110,1.9090909090909092,2.4029293612460094,,,0,0,-1.0,0.5238095238095238,3.0,draftkings
2022_04_SEA_DET,2022,04,TOTAL_R4_DISAGREEMENT,RIDGE_R4,4+,over,-110,1.9090909090909092,4.2073656741289795,,,1,0,0.909091,0.5238095238095238,3.5,fanduel
2022_04_TEN_IND,2022,04,TOTAL_R4_DISAGREEMENT,RIDGE_R4,3-4,over,-110,1.9090909090909092,3.819656010882426,,,0,0,-1.0,0.5238095238095238,4.0,draftkings
2022_04_WAS_DAL,2022,04,TOTAL_R4_DISAGREEMENT,RIDGE_R4,4+,over,-106,1.9433962264150944,5.7471838416537295,,,0,0,-1.0,0.5145631067961165,-3.0,draftkings
2022_05_ATL_TB,2022,05,TOTAL_R4_DISAGREEMENT,RIDGE_R4,1-2,over,-105,1.9523809523809523,1.7122377802301472,,,0,0,-1.0,0.5121951219512195,10.0,draftkings
2022_05_CHI_MIN,2022,05,TOTAL_R4_DISAGREEMENT,RIDGE_R4,1-2,over,-105,1.9523809523809523,1.8356104223582932,,,1,0,0.952381,0.5121951219512195,7.5,draftkings
2022_05_CIN_BAL,2022,05,TOTAL_R4_DISAGREEMENT,RIDGE_R4,1-2,over,-110,1.9090909090909092,1.5390845188376971,,,0,0,-1.0,0.5238095238095238,3.0,draftkings
2022_05_DAL_LA,2022,05,TOTAL_R4_DISAGREEMENT,RIDGE_R4,4+,over,-105,1.9523809523809523,6.565736733923828,,,0,0,-1.0,0.5121951219512195,5.5,draftkings
2022_05_DET_NE,2022,05,TOTAL_R4_DISAGREEMENT,RIDGE_R4,1-2,under,-110,1.9090909090909092,1.1878457898015853,,,1,0,0.909091,0.5238095238095238,3.0,fanduel
2022_05_HOU_JAX,2022,05,TOTAL_R4_DISAGREEMENT,RIDGE_R4,1-2,under,100,2.0,1.2220129973791174,,,1,0,1.0,0.5,7.0,fanduel
2022_05_IND_DEN,2022,05,TOTAL_R4_DISAGREEMENT,RIDGE_R4,1-2,over,-110,1.9090909090909092,1.6601048963626184,,,0,0,-1.0,0.5238095238095238,3.5,draftkings
2022_05_LAC_CLE,2022,05,TOTAL_R4_DISAGREEMENT,RIDGE_R4,0-1,under,-110,1.9090909090909092,0.3085158281554641,,,0,0,-1.0,0.5238095238095238,2.0,draftkings
2022_05_LV_KC,2022,05,TOTAL_R4_DISAGREEMENT,RIDGE_R4,1-2,under,-105,1.9523809523809523,1.4606847977604005,,,0,0,-1.0,0.5121951219512195,7.0,draftkings
2022_05_MIA_NYJ,2022,05,TOTAL_R4_DISAGREEMENT,RIDGE_R4,3-4,under,-110,1.9090909090909092,3.367699376085568,,,0,0,-1.0,0.5238095238095238,3.5,fanduel
2022_05_NYG_GB,2022,05,TOTAL_R4_DISAGREEMENT,RIDGE_R4,2-3,over,-110,1.9090909090909092,2.834093330174184,,,1,0,0.909091,0.5238095238095238,8.5,fanduel
2022_05_PHI_ARI,2022,05,TOTAL_R4_DISAGREEMENT,RIDGE_R4,0-1,under,-110,1.9090909090909092,0.277320010503054,,,1,0,0.909091,0.5238095238095238,5.5,draftkings
2022_05_PIT_BUF,2022,05,TOTAL_R4_DISAGREEMENT,RIDGE_R4,3-4,under,-110,1.9090909090909092,3.10537497029555,,,1,0,0.909091,0.5238095238095238,14.0,fanduel
2022_05_SEA_NO,2022,05,TOTAL_R4_DISAGREEMENT,RIDGE_R4,3-4,over,-108,1.925925925925926,3.632247735647475,,,1,0,0.925926,0.5192307692307692,5.5,fanduel
2022_05_SF_CAR,2022,05,TOTAL_R4_DISAGREEMENT,RIDGE_R4,2-3,over,-110,1.9090909090909092,2.2210993003808,,,1,0,0.909091,0.5238095238095238,6.0,draftkings
2022_05_TEN_WAS,2022,05,TOTAL_R4_DISAGREEMENT,RIDGE_R4,0-1,under,-104,1.9615384615384617,0.1599038839896494,,,1,0,0.961538,0.5098039215686274,-1.0,draftkings
2022_06_ARI_SEA,2022,06,TOTAL_R4_DISAGREEMENT,RIDGE_R4,0-1,under,-110,1.9090909090909092,0.42219242752636177,,,1,0,0.909091,0.5238095238095238,2.5,fanduel
2022_06_BAL_NYG,2022,06,TOTAL_R4_DISAGREEMENT,RIDGE_R4,1-2,under,-110,1.9090909090909092,1.721706084689579,,,1,0,0.909091,0.5238095238095238,5.5,fanduel
2022_06_BUF_KC,2022,06,TOTAL_R4_DISAGREEMENT,RIDGE_R4,3-4,under,-110,1.9090909090909092,3.2921695962163326,,,1,0,0.909091,0.5238095238095238,-2.5,draftkings
2022_06_CAR_LA,2022,06,TOTAL_R4_DISAGREEMENT,RIDGE_R4,1-2,over,-110,1.9090909090909092,1.401351738335599,,,0,0,-1.0,0.5238095238095238,10.0,fanduel
2022_06_CIN_NO,2022,06,TOTAL_R4_DISAGREEMENT,RIDGE_R4,4+,over,-108,1.925925925925926,5.015069417113985,,,1,0,0.925926,0.5192307692307692,3.0,fanduel
2022_06_DAL_PHI,2022,06,TOTAL_R4_DISAGREEMENT,RIDGE_R4,3-4,over,-106,1.9433962264150944,3.811868308068739,,,1,0,0.943396,0.5145631067961165,7.0,draftkings
2022_06_DEN_LAC,2022,06,TOTAL_R4_DISAGREEMENT,RIDGE_R4,2-3,over,-110,1.9090909090909092,2.915745342012954,,,0,0,-1.0,0.5238095238095238,4.0,fanduel
2022_06_JAX_IND,2022,06,TOTAL_R4_DISAGREEMENT,RIDGE_R4,4+,over,-105,1.9523809523809523,6.544818250335233,,,1,0,0.952381,0.5121951219512195,-1.5,fanduel
2022_06_MIN_MIA,2022,06,TOTAL_R4_DISAGREEMENT,RIDGE_R4,2-3,under,-110,1.9090909090909092,2.7926116076692153,,,1,0,0.909091,0.5238095238095238,3.5,fanduel
2022_06_NE_CLE,2022,06,TOTAL_R4_DISAGREEMENT,RIDGE_R4,0-1,over,-105,1.9523809523809523,0.39541605452440365,,,1,0,0.952381,0.5121951219512195,3.0,draftkings
2022_06_NYJ_GB,2022,06,TOTAL_R4_DISAGREEMENT,RIDGE_R4,3-4,under,-110,1.9090909090909092,3.0146534240579825,,,1,0,0.909091,0.5238095238095238,7.5,fanduel
2022_06_SF_ATL,2022,06,TOTAL_R4_DISAGREEMENT,RIDGE_R4,0-1,under,-104,1.9615384615384617,0.01602339555483212,,,1,0,0.961538,0.5098039215686274,4.0,draftkings
2022_06_TB_PIT,2022,06,TOTAL_R4_DISAGREEMENT,RIDGE_R4,4+,under,-105,1.9523809523809523,4.8739038101366035,,,1,0,0.952381,0.5121951219512195,10.0,draftkings
2022_06_WAS_CHI,2022,06,TOTAL_R4_DISAGREEMENT,RIDGE_R4,2-3,over,-106,1.9433962264150944,2.27350088563297,,,0,0,-1.0,0.5145631067961165,1.5,fanduel
2022_07_ATL_CIN,2022,07,TOTAL_R4_DISAGREEMENT,RIDGE_R4,1-2,over,-110,1.9090909090909092,1.6233319004665674,,,1,0,0.909091,0.5238095238095238,6.5,draftkings
2022_07_CHI_NE,2022,07,TOTAL_R4_DISAGREEMENT,RIDGE_R4,4+,over,-110,1.9090909090909092,5.000741683599642,,,1,0,0.909091,0.5238095238095238,8.5,draftkings
2022_07_CLE_BAL,2022,07,TOTAL_R4_DISAGREEMENT,RIDGE_R4,2-3,over,-110,1.9090909090909092,2.104549395513615,,,0,0,-1.0,0.5238095238095238,6.5,fanduel
2022_07_DET_DAL,2022,07,TOTAL_R4_DISAGREEMENT,RIDGE_R4,1-2,under,-110,1.9090909090909092,1.724009336467958,,,1,0,0.909091,0.5238095238095238,7.0,fanduel
2022_07_GB_WAS,2022,07,TOTAL_R4_DISAGREEMENT,RIDGE_R4,4+,over,-110,1.9090909090909092,4.185542402845968,,,1,0,0.909091,0.5238095238095238,4.5,fanduel
2022_07_HOU_LV,2022,07,TOTAL_R4_DISAGREEMENT,RIDGE_R4,2-3,over,-115,1.8695652173913042,2.0610937167233274,,,1,0,0.869565,0.5348837209302326,7.0,draftkings
2022_07_IND_TEN,2022,07,TOTAL_R4_DISAGREEMENT,RIDGE_R4,4+,over,-110,1.9090909090909092,4.448561206732585,,,0,0,-1.0,0.5238095238095238,2.5,fanduel
2022_07_KC_SF,2022,07,TOTAL_R4_DISAGREEMENT,RIDGE_R4,0-1,over,-110,1.9090909090909092,0.15616234410408225,,,1,0,0.909091,0.5238095238095238,1.5,fanduel
2022_07_NO_ARI,2022,07,TOTAL_R4_DISAGREEMENT,RIDGE_R4,0-1,under,-110,1.9090909090909092,0.3425527748837425,,,0,0,-1.0,0.5238095238095238,2.5,draftkings
2022_07_NYG_JAX,2022,07,TOTAL_R4_DISAGREEMENT,RIDGE_R4,2-3,under,-105,1.9523809523809523,2.1526691990854516,,,1,0,0.952381,0.5121951219512195,3.0,fanduel
2022_07_NYJ_DEN,2022,07,TOTAL_R4_DISAGREEMENT,RIDGE_R4,1-2,under,-105,1.9523809523809523,1.7165311613232248,,,1,0,0.952381,0.5121951219512195,-2.5,draftkings
2022_07_PIT_MIA,2022,07,TOTAL_R4_DISAGREEMENT,RIDGE_R4,1-2,under,-105,1.9523809523809523,1.7028894104442003,,,1,0,0.952381,0.5121951219512195,7.5,draftkings
2022_07_SEA_LAC,2022,07,TOTAL_R4_DISAGREEMENT,RIDGE_R4,0-1,under,-110,1.9090909090909092,0.44573781833248205,,,0,0,-1.0,0.5238095238095238,5.0,draftkings
2022_07_TB_CAR,2022,07,TOTAL_R4_DISAGREEMENT,RIDGE_R4,4+,over,-108,1.925925925925926,4.642517251222031,,,0,0,-1.0,0.5192307692307692,13.5,fanduel
2022_08_ARI_MIN,2022,08,TOTAL_R4_DISAGREEMENT,RIDGE_R4,0-1,over,-110,1.9090909090909092,0.733552068063517,,,1,0,0.909091,0.5238095238095238,4.0,draftkings
2022_08_BAL_TB,2022,08,TOTAL_R4_DISAGREEMENT,RIDGE_R4,0-1,over,-110,1.9090909090909092,0.9656047424797762,,,1,0,0.909091,0.5238095238095238,1.5,fanduel
2022_08_CAR_ATL,2022,08,TOTAL_R4_DISAGREEMENT,RIDGE_R4,4+,over,-106,1.9433962264150944,4.911425410765716,,,1,0,0.943396,0.5145631067961165,4.0,draftkings
2022_08_CHI_DAL,2022,08,TOTAL_R4_DISAGREEMENT,RIDGE_R4,1-2,over,-110,1.9090909090909092,1.3504031499036415,,,1,0,0.909091,0.5238095238095238,10.0,draftkings
2022_08_CIN_CLE,2022,08,TOTAL_R4_DISAGREEMENT,RIDGE_R4,2-3,over,-108,1.925925925925926,2.260468472021685,,,0,0,-1.0,0.5192307692307692,-3.0,draftkings
2022_08_DEN_JAX,2022,08,TOTAL_R4_DISAGREEMENT,RIDGE_R4,2-3,over,-110,1.9090909090909092,2.415192786352762,,,0,0,-1.0,0.5238095238095238,1.5,draftkings
2022_08_GB_BUF,2022,08,TOTAL_R4_DISAGREEMENT,RIDGE_R4,0-1,over,-110,1.9090909090909092,0.5913701648321563,,,0,0,-1.0,0.5238095238095238,10.5,draftkings
2022_08_LV_NO,2022,08,TOTAL_R4_DISAGREEMENT,RIDGE_R4,0-1,over,-105,1.9523809523809523,0.507125686594982,,,0,0,-1.0,0.5121951219512195,-1.5,fanduel
2022_08_MIA_DET,2022,08,TOTAL_R4_DISAGREEMENT,RIDGE_R4,0-1,over,-110,1.9090909090909092,0.9194317752800174,,,1,0,0.909091,0.5238095238095238,4.0,draftkings
2022_08_NE_NYJ,2022,08,TOTAL_R4_DISAGREEMENT,RIDGE_R4,1-2,over,-110,1.9090909090909092,1.724809821869428,,,0,0,-1.0,0.5238095238095238,3.0,fanduel
2022_08_NYG_SEA,2022,08,TOTAL_R4_DISAGREEMENT,RIDGE_R4,3-4,over,-105,1.9523809523809523,3.1599090444652163,,,0,0,-1.0,0.5121951219512195,3.0,draftkings
2022_08_PIT_PHI,2022,08,TOTAL_R4_DISAGREEMENT,RIDGE_R4,0-1,over,-110,1.9090909090909092,0.6765092657625118,,,1,0,0.909091,0.5238095238095238,11.5,draftkings
2022_08_SF_LA,2022,08,TOTAL_R4_DISAGREEMENT,RIDGE_R4,3-4,over,-105,1.9523809523809523,3.0748489911073023,,,1,0,0.952381,0.5121951219512195,1.0,draftkings
2022_08_TEN_HOU,2022,08,TOTAL_R4_DISAGREEMENT,RIDGE_R4,4+,over,-105,1.9523809523809523,4.22459368375408,,,0,0,-1.0,0.5121951219512195,-1.5,draftkings
2022_08_WAS_IND,2022,08,TOTAL_R4_DISAGREEMENT,RIDGE_R4,0-1,under,-105,1.9523809523809523,0.4948840734975306,,,1,0,0.952381,0.5121951219512195,3.0,draftkings
2022_09_BAL_NO,2022,09,TOTAL_R4_DISAGREEMENT,RIDGE_R4,0-1,over,-110,1.9090909090909092,0.7753957472826443,,,0,0,-1.0,0.5238095238095238,2.0,draftkings
2022_09_BUF_NYJ,2022,09,TOTAL_R4_DISAGREEMENT,RIDGE_R4,0-1,under,-105,1.9523809523809523,0.7312361902575475,,,1,0,0.952381,0.5121951219512195,10.5,fanduel
2022_09_CAR_CIN,2022,09,TOTAL_R4_DISAGREEMENT,RIDGE_R4,2-3,over,-110,1.9090909090909092,2.8746967465708266,,,1,0,0.909091,0.5238095238095238,7.0,fanduel
2022_09_GB_DET,2022,09,TOTAL_R4_DISAGREEMENT,RIDGE_R4,4+,over,-110,1.9090909090909092,4.092528567819713,,,0,0,-1.0,0.5238095238095238,4.0,fanduel
2022_09_IND_NE,2022,09,TOTAL_R4_DISAGREEMENT,RIDGE_R4,3-4,over,-104,1.9615384615384617,3.7136792339777216,,,0,0,-1.0,0.5098039215686274,4.5,fanduel
2022_09_LAC_ATL,2022,09,TOTAL_R4_DISAGREEMENT,RIDGE_R4,1-2,under,-110,1.9090909090909092,1.7586533951851635,,,1,0,0.909091,0.5238095238095238,2.5,draftkings
2022_09_LA_TB,2022,09,TOTAL_R4_DISAGREEMENT,RIDGE_R4,3-4,over,-115,1.8695652173913042,3.4322165070777046,,,0,0,-1.0,0.5348837209302326,3.0,fanduel
2022_09_LV_JAX,2022,09,TOTAL_R4_DISAGREEMENT,RIDGE_R4,4+,under,-106,1.9433962264150944,4.199722942575207,,,1,0,0.943396,0.5145631067961165,2.5,draftkings
2022_09_MIA_CHI,2022,09,TOTAL_R4_DISAGREEMENT,RIDGE_R4,3-4,under,-110,1.9090909090909092,3.237933708173756,,,0,0,-1.0,0.5238095238095238,4.0,draftkings
2022_09_MIN_WAS,2022,09,TOTAL_R4_DISAGREEMENT,RIDGE_R4,1-2,over,-110,1.9090909090909092,1.6474832562128796,,,0,0,-1.0,0.5238095238095238,3.5,draftkings
2022_09_PHI_HOU,2022,09,TOTAL_R4_DISAGREEMENT,RIDGE_R4,3-4,over,-104,1.9615384615384617,3.162077592801957,,,1,0,0.961538,0.5098039215686274,14.0,draftkings
2022_09_SEA_ARI,2022,09,TOTAL_R4_DISAGREEMENT,RIDGE_R4,0-1,over,-108,1.925925925925926,0.9099278370898887,,,1,0,0.925926,0.5192307692307692,2.0,draftkings
2022_09_TEN_KC,2022,09,TOTAL_R4_DISAGREEMENT,RIDGE_R4,1-2,under,-110,1.9090909090909092,1.6395996701626814,,,1,0,0.909091,0.5238095238095238,14.0,fanduel
2022_10_ARI_LA,2022,10,TOTAL_R4_DISAGREEMENT,RIDGE_R4,1-2,over,-105,1.9523809523809523,1.1911064932761093,,,1,0,0.952381,0.5121951219512195,3.5,fanduel
2022_10_ATL_CAR,2022,10,TOTAL_R4_DISAGREEMENT,RIDGE_R4,2-3,over,-108,1.925925925925926,2.293843664476533,,,0,0,-1.0,0.5192307692307692,2.5,draftkings
2022_10_CLE_MIA,2022,10,TOTAL_R4_DISAGREEMENT,RIDGE_R4,2-3,under,-110,1.9090909090909092,2.2654215904967288,,,0,0,-1.0,0.5238095238095238,3.5,draftkings
2022_10_DAL_GB,2022,10,TOTAL_R4_DISAGREEMENT,RIDGE_R4,3-4,over,-110,1.9090909090909092,3.6288722148008006,,,1,0,0.909091,0.5238095238095238,3.5,draftkings
2022_10_DEN_TEN,2022,10,TOTAL_R4_DISAGREEMENT,RIDGE_R4,4+,over,-105,1.9523809523809523,7.607120512839401,,,0,0,-1.0,0.5121951219512195,-2.0,draftkings
2022_10_DET_CHI,2022,10,TOTAL_R4_DISAGREEMENT,RIDGE_R4,4+,under,-110,1.9090909090909092,6.452659908707368,,,0,0,-1.0,0.5238095238095238,3.0,fanduel
2022_10_HOU_NYG,2022,10,TOTAL_R4_DISAGREEMENT,RIDGE_R4,2-3,over,-105,1.9523809523809523,2.133600487625287,,,0,0,-1.0,0.5121951219512195,5.5,fanduel
2022_10_IND_LV,2022,10,TOTAL_R4_DISAGREEMENT,RIDGE_R4,4+,over,-105,1.9523809523809523,5.93301712631866,,,1,0,0.952381,0.5121951219512195,4.5,fanduel
2022_10_JAX_KC,2022,10,TOTAL_R4_DISAGREEMENT,RIDGE_R4,2-3,under,-110,1.9090909090909092,2.16682076734957,,,1,0,0.909091,0.5238095238095238,9.5,fanduel
2022_10_LAC_SF,2022,10,TOTAL_R4_DISAGREEMENT,RIDGE_R4,0-1,over,-110,1.9090909090909092,0.7958176940045476,,,0,0,-1.0,0.5238095238095238,8.0,draftkings
2022_10_MIN_BUF,2022,10,TOTAL_R4_DISAGREEMENT,RIDGE_R4,0-1,over,-110,1.9090909090909092,0.3472788910086422,,,1,0,0.909091,0.5238095238095238,5.0,draftkings
2022_10_NO_PIT,2022,10,TOTAL_R4_DISAGREEMENT,RIDGE_R4,0-1,over,-110,1.9090909090909092,0.5324133702351048,,,0,0,-1.0,0.5238095238095238,-1.0,fanduel
2022_10_SEA_TB,2022,10,TOTAL_R4_DISAGREEMENT,RIDGE_R4,3-4,over,-110,1.9090909090909092,3.4561708927104178,,,0,0,-1.0,0.5238095238095238,2.5,fanduel
2022_10_WAS_PHI,2022,10,TOTAL_R4_DISAGREEMENT,RIDGE_R4,0-1,over,-110,1.9090909090909092,0.24824442801918423,,,1,0,0.909091,0.5238095238095238,11.5,fanduel
2022_11_CAR_BAL,2022,11,TOTAL_R4_DISAGREEMENT,RIDGE_R4,4+,over,-110,1.9090909090909092,4.288655929033112,,,0,0,-1.0,0.5238095238095238,13.0,fanduel
2022_11_CHI_ATL,2022,11,TOTAL_R4_DISAGREEMENT,RIDGE_R4,0-1,under,-110,1.9090909090909092,0.29246793359530443,,,0,0,-1.0,0.5238095238095238,2.5,draftkings
2022_11_CIN_PIT,2022,11,TOTAL_R4_DISAGREEMENT,RIDGE_R4,2-3,over,-110,1.9090909090909092,2.0901392801515613,,,1,0,0.909091,0.5238095238095238,3.5,draftkings
2022_11_CLE_BUF,2022,11,TOTAL_R4_DISAGREEMENT,RIDGE_R4,1-2,over,-110,1.9090909090909092,1.9003632007852573,,,1,0,0.909091,0.5238095238095238,7.5,fanduel
2022_11_DAL_MIN,2022,11,TOTAL_R4_DISAGREEMENT,RIDGE_R4,3-4,over,-110,1.9090909090909092,3.21897246388194,,,0,0,-1.0,0.5238095238095238,2.5,fanduel
2022_11_DET_NYG,2022,11,TOTAL_R4_DISAGREEMENT,RIDGE_R4,1-2,over,-110,1.9090909090909092,1.1307985731938075,,,1,0,0.909091,0.5238095238095238,3.0,draftkings
2022_11_KC_LAC,2022,11,TOTAL_R4_DISAGREEMENT,RIDGE_R4,1-2,under,-110,1.9090909090909092,1.1923889214981997,,,0,0,-1.0,0.5238095238095238,5.5,draftkings
2022_11_LA_NO,2022,11,TOTAL_R4_DISAGREEMENT,RIDGE_R4,4+,over,-104,1.9615384615384617,5.975514346361038,,,1,0,0.961538,0.5098039215686274,-2.5,draftkings
2022_11_LV_DEN,2022,11,TOTAL_R4_DISAGREEMENT,RIDGE_R4,3-4,over,-106,1.9433962264150944,3.435481652263057,,,0,0,-1.0,0.5145631067961165,-2.5,fanduel
2022_11_NYJ_NE,2022,11,TOTAL_R4_DISAGREEMENT,RIDGE_R4,4+,over,-106,1.9433962264150944,4.157605221590984,,,0,0,-1.0,0.5145631067961165,-3.5,draftkings
2022_11_PHI_IND,2022,11,TOTAL_R4_DISAGREEMENT,RIDGE_R4,4+,over,-106,1.9433962264150944,4.457505371146226,,,0,0,-1.0,0.5145631067961165,6.5,fanduel
2022_11_SF_ARI,2022,11,TOTAL_R4_DISAGREEMENT,RIDGE_R4,0-1,under,-110,1.9090909090909092,0.5342476579424513,,,0,0,-1.0,0.5238095238095238,10.0,fanduel
2022_11_TEN_GB,2022,11,TOTAL_R4_DISAGREEMENT,RIDGE_R4,4+,over,-115,1.8695652173913042,5.598773331817149,,,1,0,0.869565,0.5348837209302326,3.0,draftkings
2022_11_WAS_HOU,2022,11,TOTAL_R4_DISAGREEMENT,RIDGE_R4,4+,over,-104,1.9615384615384617,4.804470958195203,,,0,0,-1.0,0.5098039215686274,3.0,fanduel
2022_12_ATL_WAS,2022,12,TOTAL_R4_DISAGREEMENT,RIDGE_R4,4+,over,-110,1.9090909090909092,4.533668177442962,,,0,0,-1.0,0.5238095238095238,3.5,draftkings
2022_12_BAL_JAX,2022,12,TOTAL_R4_DISAGREEMENT,RIDGE_R4,0-1,over,-105,1.9523809523809523,0.0396952888340536,,,1,0,0.952381,0.5121951219512195,3.5,fanduel
2022_12_BUF_DET,2022,12,TOTAL_R4_DISAGREEMENT,RIDGE_R4,1-2,under,-110,1.9090909090909092,1.1025135303980917,,,1,0,0.909091,0.5238095238095238,9.5,fanduel
2022_12_CHI_NYJ,2022,12,TOTAL_R4_DISAGREEMENT,RIDGE_R4,4+,over,-104,1.9615384615384617,5.723872768528061,,,1,0,0.961538,0.5098039215686274,7.0,draftkings
2022_12_CIN_TEN,2022,12,TOTAL_R4_DISAGREEMENT,RIDGE_R4,4+,over,-110,1.9090909090909092,6.71354860840804,,,0,0,-1.0,0.5238095238095238,1.0,draftkings
2022_12_DEN_CAR,2022,12,TOTAL_R4_DISAGREEMENT,RIDGE_R4,4+,over,-108,1.925925925925926,6.0050685120542155,,,0,0,-1.0,0.5192307692307692,1.5,draftkings
2022_12_GB_PHI,2022,12,TOTAL_R4_DISAGREEMENT,RIDGE_R4,0-1,over,-105,1.9523809523809523,0.2599990552938536,,,1,0,0.952381,0.5121951219512195,6.5,draftkings
2022_12_HOU_MIA,2022,12,TOTAL_R4_DISAGREEMENT,RIDGE_R4,0-1,over,-115,1.8695652173913042,0.7799912097827217,,,0,0,-1.0,0.5348837209302326,14.0,fanduel
2022_12_LAC_ARI,2022,12,TOTAL_R4_DISAGREEMENT,RIDGE_R4,0-1,under,-105,1.9523809523809523,0.44280940643321287,,,0,0,-1.0,0.5121951219512195,-2.5,fanduel
2022_12_LA_KC,2022,12,TOTAL_R4_DISAGREEMENT,RIDGE_R4,0-1,under,-110,1.9090909090909092,0.11921758972641072,,,1,0,0.909091,0.5238095238095238,16.5,fanduel
2022_12_LV_SEA,2022,12,TOTAL_R4_DISAGREEMENT,RIDGE_R4,2-3,over,-110,1.9090909090909092,2.201894587229063,,,1,0,0.909091,0.5238095238095238,3.5,fanduel
2022_12_NE_MIN,2022,12,TOTAL_R4_DISAGREEMENT,RIDGE_R4,4+,over,-105,1.9523809523809523,4.979427071878916,,,1,0,0.952381,0.5121951219512195,2.5,draftkings
2022_12_NO_SF,2022,12,TOTAL_R4_DISAGREEMENT,RIDGE_R4,0-1,over,-110,1.9090909090909092,0.1404006741491557,,,0,0,-1.0,0.5238095238095238,8.5,draftkings
2022_12_NYG_DAL,2022,12,TOTAL_R4_DISAGREEMENT,RIDGE_R4,2-3,over,-110,1.9090909090909092,2.8176061632110745,,,1,0,0.909091,0.5238095238095238,10.0,fanduel
2022_12_PIT_IND,2022,12,TOTAL_R4_DISAGREEMENT,RIDGE_R4,4+,over,-110,1.9090909090909092,6.6609761338555415,,,1,0,0.909091,0.5238095238095238,2.5,draftkings
2022_12_TB_CLE,2022,12,TOTAL_R4_DISAGREEMENT,RIDGE_R4,4+,over,-104,1.9615384615384617,4.4704180002892215,,,0,0,-1.0,0.5098039215686274,3.5,draftkings
2022_13_BUF_NE,2022,13,TOTAL_R4_DISAGREEMENT,RIDGE_R4,4+,over,-110,1.9090909090909092,4.690469044084779,,,0,0,-1.0,0.5238095238095238,4.0,draftkings
2022_13_CLE_HOU,2022,13,TOTAL_R4_DISAGREEMENT,RIDGE_R4,4+,over,-110,1.9090909090909092,5.1069252962838405,,,0,0,-1.0,0.5238095238095238,7.5,fanduel
2022_13_DEN_BAL,2022,13,TOTAL_R4_DISAGREEMENT,RIDGE_R4,4+,over,-105,1.9523809523809523,6.338090856175789,,,0,0,-1.0,0.5121951219512195,9.5,fanduel
2022_13_GB_CHI,2022,13,TOTAL_R4_DISAGREEMENT,RIDGE_R4,1-2,under,-110,1.9090909090909092,1.0123332974874089,,,0,0,-1.0,0.5238095238095238,4.5,fanduel
2022_13_IND_DAL,2022,13,TOTAL_R4_DISAGREEMENT,RIDGE_R4,3-4,over,-110,1.9090909090909092,3.097741129005449,,,1,0,0.909091,0.5238095238095238,10.5,draftkings
2022_13_JAX_DET,2022,13,TOTAL_R4_DISAGREEMENT,RIDGE_R4,1-2,over,-105,1.9523809523809523,1.7721915736079836,,,1,0,0.952381,0.5121951219512195,-1.5,draftkings
2022_13_KC_CIN,2022,13,TOTAL_R4_DISAGREEMENT,RIDGE_R4,0-1,over,-115,1.8695652173913042,0.17329732397983122,,,0,0,-1.0,0.5348837209302326,2.5,fanduel
2022_13_LAC_LV,2022,13,TOTAL_R4_DISAGREEMENT,RIDGE_R4,0-1,over,-110,1.9090909090909092,0.21532692652461805,,,0,0,-1.0,0.5238095238095238,2.5,draftkings
2022_13_MIA_SF,2022,13,TOTAL_R4_DISAGREEMENT,RIDGE_R4,1-2,over,-110,1.9090909090909092,1.8684719207706237,,,1,0,0.909091,0.5238095238095238,5.5,fanduel
2022_13_NO_TB,2022,13,TOTAL_R4_DISAGREEMENT,RIDGE_R4,2-3,over,-104,1.9615384615384617,2.9755179564477814,,,0,0,-1.0,0.5098039215686274,3.5,draftkings
2022_13_NYJ_MIN,2022,13,TOTAL_R4_DISAGREEMENT,RIDGE_R4,3-4,over,-105,1.9523809523809523,3.995387125297867,,,1,0,0.952381,0.5121951219512195,3.0,draftkings
2022_13_PIT_ATL,2022,13,TOTAL_R4_DISAGREEMENT,RIDGE_R4,4+,over,-110,1.9090909090909092,5.138247622011754,,,0,0,-1.0,0.5238095238095238,1.0,fanduel
2022_13_SEA_LA,2022,13,TOTAL_R4_DISAGREEMENT,RIDGE_R4,1-2,over,-110,1.9090909090909092,1.6254181773458853,,,1,0,0.909091,0.5238095238095238,6.5,draftkings
2022_13_TEN_PHI,2022,13,TOTAL_R4_DISAGREEMENT,RIDGE_R4,0-1,over,-110,1.9090909090909092,0.20082795359901695,,,1,0,0.909091,0.5238095238095238,4.5,fanduel
2022_13_WAS_NYG,2022,13,TOTAL_R4_DISAGREEMENT,RIDGE_R4,3-4,over,-110,1.9090909090909092,3.038819603937746,,,0,1,0.0,0.5238095238095238,2.5,fanduel
2022_14_BAL_PIT,2022,14,TOTAL_R4_DISAGREEMENT,RIDGE_R4,4+,over,-115,1.8695652173913042,5.2902057600565655,,,0,0,-1.0,0.5348837209302326,-1.5,fanduel
2022_14_CAR_SEA,2022,14,TOTAL_R4_DISAGREEMENT,RIDGE_R4,0-1,over,-108,1.925925925925926,0.3326235912349773,,,1,0,0.925926,0.5192307692307692,3.5,draftkings
2022_14_CLE_CIN,2022,14,TOTAL_R4_DISAGREEMENT,RIDGE_R4,4+,over,-106,1.9433962264150944,4.403812713845468,,,0,0,-1.0,0.5145631067961165,4.5,draftkings
2022_14_HOU_DAL,2022,14,TOTAL_R4_DISAGREEMENT,RIDGE_R4,3-4,over,-104,1.9615384615384617,3.2788559970185034,,,1,0,0.961538,0.5098039215686274,17.5,fanduel
2022_14_JAX_TEN,2022,14,TOTAL_R4_DISAGREEMENT,RIDGE_R4,4+,over,-110,1.9090909090909092,6.264552319781728,,,1,0,0.909091,0.5238095238095238,3.5,draftkings
2022_14_KC_DEN,2022,14,TOTAL_R4_DISAGREEMENT,RIDGE_R4,3-4,over,-105,1.9523809523809523,3.85912751423254,,,1,0,0.952381,0.5121951219512195,9.0,draftkings
2022_14_LV_LA,2022,14,TOTAL_R4_DISAGREEMENT,RIDGE_R4,3-4,over,-110,1.9090909090909092,3.9048578020883085,,,0,0,-1.0,0.5238095238095238,6.5,fanduel
2022_14_MIA_LAC,2022,14,TOTAL_R4_DISAGREEMENT,RIDGE_R4,4+,under,-105,1.9523809523809523,5.110491422785003,,,1,0,0.952381,0.5121951219512195,3.5,fanduel
2022_14_MIN_DET,2022,14,TOTAL_R4_DISAGREEMENT,RIDGE_R4,2-3,over,-110,1.9090909090909092,2.132307295564395,,,1,0,0.909091,0.5238095238095238,-1.5,fanduel
2022_14_NE_ARI,2022,14,TOTAL_R4_DISAGREEMENT,RIDGE_R4,2-3,over,-105,1.9523809523809523,2.823656225567042,,,0,0,-1.0,0.5121951219512195,2.5,draftkings
2022_14_NYJ_BUF,2022,14,TOTAL_R4_DISAGREEMENT,RIDGE_R4,0-1,over,-110,1.9090909090909092,0.7672516694538913,,,0,0,-1.0,0.5238095238095238,10.0,draftkings
2022_14_PHI_NYG,2022,14,TOTAL_R4_DISAGREEMENT,RIDGE_R4,0-1,over,-105,1.9523809523809523,0.6120678871675551,,,1,0,0.952381,0.5121951219512195,7.5,draftkings
2022_14_TB_SF,2022,14,TOTAL_R4_DISAGREEMENT,RIDGE_R4,3-4,over,-105,1.9523809523809523,3.2876896813242382,,,1,0,0.952381,0.5121951219512195,-3.5,fanduel
2022_15_ARI_DEN,2022,15,TOTAL_R4_DISAGREEMENT,RIDGE_R4,0-1,over,-105,1.9523809523809523,0.2748458863312493,,,1,0,0.952381,0.5121951219512195,-1.5,fanduel
2022_15_ATL_NO,2022,15,TOTAL_R4_DISAGREEMENT,RIDGE_R4,0-1,under,-112,1.8928571428571428,0.8827442178186828,,,1,0,0.892857,0.5283018867924528,5.5,fanduel
2022_15_BAL_CLE,2022,15,TOTAL_R4_DISAGREEMENT,RIDGE_R4,4+,over,-110,1.9090909090909092,6.952625554501324,,,0,0,-1.0,0.5238095238095238,3.0,fanduel
2022_15_CIN_TB,2022,15,TOTAL_R4_DISAGREEMENT,RIDGE_R4,0-1,over,-110,1.9090909090909092,0.08505429356952021,,,1,0,0.909091,0.5238095238095238,-3.5,draftkings
2022_15_DAL_JAX,2022,15,TOTAL_R4_DISAGREEMENT,RIDGE_R4,2-3,under,-106,1.9433962264150944,2.42664123065331,,,0,0,-1.0,0.5145631067961165,3.5,fanduel
2022_15_DET_NYJ,2022,15,TOTAL_R4_DISAGREEMENT,RIDGE_R4,0-1,over,-110,1.9090909090909092,0.6897445390895882,,,0,0,-1.0,0.5238095238095238,2.5,draftkings
2022_15_IND_MIN,2022,15,TOTAL_R4_DISAGREEMENT,RIDGE_R4,0-1,under,-110,1.9090909090909092,0.5988860638054518,,,0,0,-1.0,0.5238095238095238,3.5,draftkings
2022_15_KC_HOU,2022,15,TOTAL_R4_DISAGREEMENT,RIDGE_R4,3-4,over,-110,1.9090909090909092,3.5796506399717103,,,1,0,0.909091,0.5238095238095238,14.5,fanduel
2022_15_LA_GB,2022,15,TOTAL_R4_DISAGREEMENT,RIDGE_R4,4+,over,-110,1.9090909090909092,5.4658819835895684,,,0,0,-1.0,0.5238095238095238,7.5,fanduel
2022_15_MIA_BUF,2022,15,TOTAL_R4_DISAGREEMENT,RIDGE_R4,2-3,over,-110,1.9090909090909092,2.8334586098614167,,,1,0,0.909091,0.5238095238095238,7.0,draftkings
2022_15_NE_LV,2022,15,TOTAL_R4_DISAGREEMENT,RIDGE_R4,2-3,over,-110,1.9090909090909092,2.606825282166703,,,1,0,0.909091,0.5238095238095238,2.5,draftkings
2022_15_NYG_WAS,2022,15,TOTAL_R4_DISAGREEMENT,RIDGE_R4,2-3,over,-110,1.9090909090909092,2.7066988091163537,,,0,0,-1.0,0.5238095238095238,-3.5,fanduel
2022_15_PHI_CHI,2022,15,TOTAL_R4_DISAGREEMENT,RIDGE_R4,4+,under,-110,1.9090909090909092,4.1971725292623745,,,1,0,0.909091,0.5238095238095238,9.0,draftkings
2022_15_PIT_CAR,2022,15,TOTAL_R4_DISAGREEMENT,RIDGE_R4,4+,over,-110,1.9090909090909092,5.727051602532612,,,1,0,0.909091,0.5238095238095238,3.0,draftkings
2022_15_SF_SEA,2022,15,TOTAL_R4_DISAGREEMENT,RIDGE_R4,1-2,over,-105,1.9523809523809523,1.7585719248489156,,,0,0,-1.0,0.5121951219512195,-3.5,draftkings
2022_15_TEN_LAC,2022,15,TOTAL_R4_DISAGREEMENT,RIDGE_R4,0-1,under,-105,1.9523809523809523,0.5065930500068418,,,1,0,0.952381,0.5121951219512195,-2.5,draftkings
2022_16_ATL_BAL,2022,16,TOTAL_R4_DISAGREEMENT,RIDGE_R4,4+,over,-106,1.9433962264150944,7.98334305607159,,,0,0,-1.0,0.5145631067961165,6.5,draftkings
2022_16_BUF_CHI,2022,16,TOTAL_R4_DISAGREEMENT,RIDGE_R4,3-4,over,-105,1.9523809523809523,3.808100711987116,,,1,0,0.952381,0.5121951219512195,8.5,fanduel
2022_16_CIN_NE,2022,16,TOTAL_R4_DISAGREEMENT,RIDGE_R4,4+,over,-110,1.9090909090909092,5.750277362942533,,,0,0,-1.0,0.5238095238095238,3.0,draftkings
2022_16_DEN_LA,2022,16,TOTAL_R4_DISAGREEMENT,RIDGE_R4,4+,over,-110,1.9090909090909092,8.600149986520407,,,1,0,0.909091,0.5238095238095238,3.0,fanduel
2022_16_DET_CAR,2022,16,TOTAL_R4_DISAGREEMENT,RIDGE_R4,2-3,over,-110,1.9090909090909092,2.101031182624304,,,1,0,0.909091,0.5238095238095238,2.5,fanduel
2022_16_GB_MIA,2022,16,TOTAL_R4_DISAGREEMENT,RIDGE_R4,2-3,under,-110,1.9090909090909092,2.3990257893114233,,,1,0,0.909091,0.5238095238095238,3.5,fanduel
2022_16_HOU_TEN,2022,16,TOTAL_R4_DISAGREEMENT,RIDGE_R4,4+,over,-106,1.9433962264150944,6.577563510769664,,,0,0,-1.0,0.5145631067961165,3.5,fanduel
2022_16_JAX_NYJ,2022,16,TOTAL_R4_DISAGREEMENT,RIDGE_R4,4+,over,-110,1.9090909090909092,8.520285571007527,,,0,0,-1.0,0.5238095238095238,2.5,draftkings
2022_16_LAC_IND,2022,16,TOTAL_R4_DISAGREEMENT,RIDGE_R4,3-4,over,-110,1.9090909090909092,3.1895058763496067,,,0,0,-1.0,0.5238095238095238,3.5,draftkings
2022_16_LV_PIT,2022,16,TOTAL_R4_DISAGREEMENT,RIDGE_R4,3-4,over,-105,1.9523809523809523,3.990591547390494,,,0,0,-1.0,0.5121951219512195,2.0,draftkings
2022_16_NO_CLE,2022,16,TOTAL_R4_DISAGREEMENT,RIDGE_R4,4+,over,-105,1.9523809523809523,12.269628645786334,,,0,0,-1.0,0.5121951219512195,3.5,fanduel
2022_16_NYG_MIN,2022,16,TOTAL_R4_DISAGREEMENT,RIDGE_R4,0-1,under,-110,1.9090909090909092,0.6321254912885905,,,0,0,-1.0,0.5238095238095238,4.5,draftkings
2022_16_PHI_DAL,2022,16,TOTAL_R4_DISAGREEMENT,RIDGE_R4,2-3,over,-106,1.9433962264150944,2.188315673837316,,,1,0,0.943396,0.5145631067961165,4.0,fanduel
2022_16_SEA_KC,2022,16,TOTAL_R4_DISAGREEMENT,RIDGE_R4,0-1,under,-105,1.9523809523809523,0.4907449634373151,,,1,0,0.952381,0.5121951219512195,10.5,fanduel
2022_16_TB_ARI,2022,16,TOTAL_R4_DISAGREEMENT,RIDGE_R4,1-2,over,-110,1.9090909090909092,1.772994671053226,,,0,0,-1.0,0.5238095238095238,7.5,draftkings
2022_16_WAS_SF,2022,16,TOTAL_R4_DISAGREEMENT,RIDGE_R4,2-3,over,-110,1.9090909090909092,2.10016191253046,,,1,0,0.909091,0.5238095238095238,-6.5,draftkings
2022_17_ARI_ATL,2022,17,TOTAL_R4_DISAGREEMENT,RIDGE_R4,0-1,under,-110,1.9090909090909092,0.8023809636401467,,,1,0,0.909091,0.5238095238095238,6.5,draftkings
2022_17_CAR_TB,2022,17,TOTAL_R4_DISAGREEMENT,RIDGE_R4,3-4,over,-110,1.9090909090909092,3.3558730303420248,,,1,0,0.909091,0.5238095238095238,3.5,fanduel
2022_17_CHI_DET,2022,17,TOTAL_R4_DISAGREEMENT,RIDGE_R4,2-3,under,-105,1.9523809523809523,2.0937871309480656,,,1,0,0.952381,0.5121951219512195,5.5,fanduel
2022_17_CLE_WAS,2022,17,TOTAL_R4_DISAGREEMENT,RIDGE_R4,3-4,over,-110,1.9090909090909092,3.598418945060324,,,0,0,-1.0,0.5238095238095238,2.5,draftkings
2022_17_DAL_TEN,2022,17,TOTAL_R4_DISAGREEMENT,RIDGE_R4,4+,over,-110,1.9090909090909092,4.652389169610949,,,0,0,-1.0,0.5238095238095238,14.0,draftkings
2022_17_DEN_KC,2022,17,TOTAL_R4_DISAGREEMENT,RIDGE_R4,2-3,over,-108,1.925925925925926,2.1773781663027094,,,1,0,0.925926,0.5192307692307692,12.5,draftkings
2022_17_IND_NYG,2022,17,TOTAL_R4_DISAGREEMENT,RIDGE_R4,2-3,over,-105,1.9523809523809523,2.566769854448168,,,1,0,0.952381,0.5121951219512195,5.5,draftkings
2022_17_JAX_HOU,2022,17,TOTAL_R4_DISAGREEMENT,RIDGE_R4,4+,over,-104,1.9615384615384617,6.31179786489372,,,0,0,-1.0,0.5098039215686274,3.5,draftkings
2022_17_LA_LAC,2022,17,TOTAL_R4_DISAGREEMENT,RIDGE_R4,4+,over,-106,1.9433962264150944,4.702894577454003,,,0,0,-1.0,0.5145631067961165,6.5,fanduel
2022_17_MIA_NE,2022,17,TOTAL_R4_DISAGREEMENT,RIDGE_R4,3-4,over,-110,1.9090909090909092,3.7478752461017635,,,1,0,0.909091,0.5238095238095238,3.0,fanduel
2022_17_MIN_GB,2022,17,TOTAL_R4_DISAGREEMENT,RIDGE_R4,1-2,over,-110,1.9090909090909092,1.2522327454904882,,,1,0,0.909091,0.5238095238095238,-3.0,draftkings
2022_17_NO_PHI,2022,17,TOTAL_R4_DISAGREEMENT,RIDGE_R4,1-2,over,-110,1.9090909090909092,1.8149501499723826,,,0,0,-1.0,0.5238095238095238,5.5,fanduel
2022_17_NYJ_SEA,2022,17,TOTAL_R4_DISAGREEMENT,RIDGE_R4,2-3,over,-105,1.9523809523809523,2.315778835709544,,,0,0,-1.0,0.5121951219512195,2.5,fanduel
2022_17_PIT_BAL,2022,17,TOTAL_R4_DISAGREEMENT,RIDGE_R4,4+,over,-110,1.9090909090909092,6.7746605114117315,,,0,0,-1.0,0.5238095238095238,1.0,draftkings
2022_17_SF_LV,2022,17,TOTAL_R4_DISAGREEMENT,RIDGE_R4,1-2,under,-110,1.9090909090909092,1.1310371076470176,,,0,0,-1.0,0.5238095238095238,9.5,draftkings
2022_18_ARI_SF,2022,18,TOTAL_R4_DISAGREEMENT,RIDGE_R4,0-1,under,-110,1.9090909090909092,0.7133112027890647,,,0,0,-1.0,0.5238095238095238,14.5,draftkings
2022_18_BAL_CIN,2022,18,TOTAL_R4_DISAGREEMENT,RIDGE_R4,4+,over,-105,1.9523809523809523,5.993157929817976,,,1,0,0.952381,0.5121951219512195,11.5,fanduel
2022_18_CAR_NO,2022,18,TOTAL_R4_DISAGREEMENT,RIDGE_R4,3-4,over,-108,1.925925925925926,3.8636374885573304,,,0,0,-1.0,0.5192307692307692,-3.5,draftkings
2022_18_CLE_PIT,2022,18,TOTAL_R4_DISAGREEMENT,RIDGE_R4,3-4,over,-110,1.9090909090909092,3.294834873389675,,,1,0,0.909091,0.5238095238095238,2.5,draftkings
2022_18_DAL_WAS,2022,18,TOTAL_R4_DISAGREEMENT,RIDGE_R4,0-1,over,-106,1.9433962264150944,0.1522465400164421,,,0,0,-1.0,0.5145631067961165,7.5,draftkings
2022_18_DET_GB,2022,18,TOTAL_R4_DISAGREEMENT,RIDGE_R4,0-1,under,-104,1.9615384615384617,0.477914241301562,,,1,0,0.961538,0.5098039215686274,5.5,draftkings
2022_18_HOU_IND,2022,18,TOTAL_R4_DISAGREEMENT,RIDGE_R4,3-4,over,-110,1.9090909090909092,3.427746471523548,,,1,0,0.909091,0.5238095238095238,3.0,draftkings
2022_18_KC_LV,2022,18,TOTAL_R4_DISAGREEMENT,RIDGE_R4,1-2,under,-104,1.9615384615384617,1.2459050259701527,,,1,0,0.961538,0.5098039215686274,8.5,fanduel
2022_18_LAC_DEN,2022,18,TOTAL_R4_DISAGREEMENT,RIDGE_R4,4+,over,-104,1.9615384615384617,4.743218749476114,,,1,0,0.961538,0.5098039215686274,6.5,fanduel
2022_18_LA_SEA,2022,18,TOTAL_R4_DISAGREEMENT,RIDGE_R4,3-4,over,-110,1.9090909090909092,3.6704190898013707,,,0,0,-1.0,0.5238095238095238,5.5,fanduel
2022_18_MIN_CHI,2022,18,TOTAL_R4_DISAGREEMENT,RIDGE_R4,0-1,over,-105,1.9523809523809523,0.16702287529365378,,,0,0,-1.0,0.5121951219512195,7.0,fanduel
2022_18_NE_BUF,2022,18,TOTAL_R4_DISAGREEMENT,RIDGE_R4,1-2,over,-110,1.9090909090909092,1.0765787027719398,,,1,0,0.909091,0.5238095238095238,8.5,fanduel
2022_18_NYG_PHI,2022,18,TOTAL_R4_DISAGREEMENT,RIDGE_R4,2-3,under,-110,1.9090909090909092,2.0472769971221183,,,1,0,0.909091,0.5238095238095238,16.5,fanduel
2022_18_NYJ_MIA,2022,18,TOTAL_R4_DISAGREEMENT,RIDGE_R4,2-3,under,-110,1.9090909090909092,2.9256765665911857,,,1,0,0.909091,0.5238095238095238,-3.5,draftkings
2022_18_TB_ATL,2022,18,TOTAL_R4_DISAGREEMENT,RIDGE_R4,4+,over,-110,1.9090909090909092,7.045994596475744,,,1,0,0.909091,0.5238095238095238,5.5,draftkings
2022_18_TEN_JAX,2022,18,TOTAL_R4_DISAGREEMENT,RIDGE_R4,2-3,under,-105,1.9523809523809523,2.8742321506416175,,,1,0,0.952381,0.5121951219512195,-6.0,draftkings
2022_19_BAL_CIN,2022,19,TOTAL_R4_DISAGREEMENT,RIDGE_R4,4+,over,-105,1.9523809523809523,7.799777869326945,,,1,0,0.952381,0.5121951219512195,8.5,draftkings
2022_19_DAL_TB,2022,19,TOTAL_R4_DISAGREEMENT,RIDGE_R4,2-3,over,-110,1.9090909090909092,2.23178107557753,,,0,0,-1.0,0.5238095238095238,3.0,fanduel
2022_19_LAC_JAX,2022,19,TOTAL_R4_DISAGREEMENT,RIDGE_R4,2-3,under,-110,1.9090909090909092,2.374271695852272,,,0,0,-1.0,0.5238095238095238,2.5,draftkings
2022_19_MIA_BUF,2022,19,TOTAL_R4_DISAGREEMENT,RIDGE_R4,2-3,under,-110,1.9090909090909092,2.424500843932293,,,0,0,-1.0,0.5238095238095238,14.0,draftkings
2022_19_NYG_MIN,2022,19,TOTAL_R4_DISAGREEMENT,RIDGE_R4,0-1,over,-110,1.9090909090909092,0.7359471811170977,,,1,0,0.909091,0.5238095238095238,3.0,draftkings
2022_19_SEA_SF,2022,19,TOTAL_R4_DISAGREEMENT,RIDGE_R4,3-4,over,-104,1.9615384615384617,3.8703373791262763,,,1,0,0.961538,0.5098039215686274,9.5,draftkings
2022_20_CIN_BUF,2022,20,TOTAL_R4_DISAGREEMENT,RIDGE_R4,1-2,under,-105,1.9523809523809523,1.3874031753411487,,,1,0,0.952381,0.5121951219512195,5.5,draftkings
2022_20_DAL_SF,2022,20,TOTAL_R4_DISAGREEMENT,RIDGE_R4,2-3,over,-110,1.9090909090909092,2.250480639363232,,,0,0,-1.0,0.5238095238095238,-3.5,draftkings
2022_20_JAX_KC,2022,20,TOTAL_R4_DISAGREEMENT,RIDGE_R4,4+,under,-110,1.9090909090909092,4.016697788090859,,,1,0,0.909091,0.5238095238095238,9.5,draftkings
2022_20_NYG_PHI,2022,20,TOTAL_R4_DISAGREEMENT,RIDGE_R4,3-4,under,-110,1.9090909090909092,3.038934024193857,,,1,0,0.909091,0.5238095238095238,8.0,draftkings
2022_21_CIN_KC,2022,21,TOTAL_R4_DISAGREEMENT,RIDGE_R4,1-2,over,-104,1.9615384615384617,1.5348683958513618,,,0,0,-1.0,0.5098039215686274,1.5,draftkings
2022_21_SF_PHI,2022,21,TOTAL_R4_DISAGREEMENT,RIDGE_R4,1-2,under,-110,1.9090909090909092,1.4250077185893986,,,1,0,0.909091,0.5238095238095238,2.5,draftkings
2022_22_KC_PHI,2022,22,TOTAL_R4_DISAGREEMENT,RIDGE_R4,0-1,over,-106,1.9433962264150944,0.06588793889154942,,,1,0,0.943396,0.5145631067961165,-1.5,fanduel
