season,week,season_type,game_date,game_id,away_team,home_team,away_actual_starting_qb_name,away_actual_starting_qb_pfr_id,away_actual_starting_qb_gsis_id,away_starter_source,away_starter_source_locator,away_starter_resolution_class,away_semantic_exception_flag,away_official_qb_start_credit,home_actual_starting_qb_name,home_actual_starting_qb_pfr_id,home_actual_starting_qb_gsis_id,home_starter_source,home_starter_source_locator,home_starter_resolution_class,home_semantic_exception_flag,home_official_qb_start_credit,starter_evidence_class,historical_model_usage,postseason_flag
2018,1,REG,2018-09-06,2018_01_ATL_PHI,ATL,PHI,Matt Ryan,RyanMa00,00-0026143,STATHEAD_QB_STARTED_QUERY,Stage01 canonical reconciliation rank 3921,STATHEAD_UNAMBIGUOUS_SINGLE_CANDIDATE,False,CREDITED,Nick Foles,FoleNi00,00-0029567,STATHEAD_QB_STARTED_QUERY,Stage01 canonical reconciliation rank 3920,STATHEAD_UNAMBIGUOUS_SINGLE_CANDIDATE,False,CREDITED,POSTGAME_ACTUAL_STARTER,ORACLE_STARTER_IDENTITY_ONLY,False
2018,1,REG,2018-09-09,2018_01_BUF_BAL,BUF,BAL,Nathan Peterman,PeteNa00,00-0033958,STATHEAD_QB_STARTED_QUERY,Stage01 canonical reconciliation rank 3909,STATHEAD_UNAMBIGUOUS_SINGLE_CANDIDATE,False,CREDITED,Joe Flacco,FlacJo00,00-0026158,STATHEAD_QB_STARTED_QUERY,Stage01 canonical reconciliation rank 3901,STATHEAD_UNAMBIGUOUS_SINGLE_CANDIDATE,False,CREDITED,POSTGAME_ACTUAL_STARTER,ORACLE_STARTER_IDENTITY_ONLY,False
2018,1,REG,2018-09-09,2018_01_CHI_GB,CHI,GB,Mitchell Trubisky,TrubMi00,00-0033869,STATHEAD_QB_STARTED_QUERY,Stage01 canonical reconciliation rank 3917,STATHEAD_UNAMBIGUOUS_SINGLE_CANDIDATE,False,CREDITED,Aaron Rodgers,RodgAa00,00-0023459,STATHEAD_QB_STARTED_QUERY,Stage01 canonical reconciliation rank 3912,STATHEAD_UNAMBIGUOUS_SINGLE_CANDIDATE,False,CREDITED,POSTGAME_ACTUAL_STARTER,ORACLE_STARTER_IDENTITY_ONLY,False
2018,1,REG,2018-09-09,2018_01_CIN_IND,CIN,IND,Andy Dalton,DaltAn00,00-0027973,STATHEAD_QB_STARTED_QUERY,Stage01 canonical reconciliation rank 3899,STATHEAD_UNAMBIGUOUS_SINGLE_CANDIDATE,False,CREDITED,Andrew Luck,LuckAn00,00-0029668,STATHEAD_QB_STARTED_QUERY,Stage01 canonical reconciliation rank 3904,STATHEAD_UNAMBIGUOUS_SINGLE_CANDIDATE,False,CREDITED,POSTGAME_ACTUAL_STARTER,ORACLE_STARTER_IDENTITY_ONLY,False
2018,1,REG,2018-09-09,2018_01_DAL_CAR,DAL,CAR,Dak Prescott,PresDa01,00-0033077,STATHEAD_QB_STARTED_QUERY,Stage01 canonical reconciliation rank 3910,STATHEAD_UNAMBIGUOUS_SINGLE_CANDIDATE,False,CREDITED,Cam Newton,NewtCa00,00-0027939,STATHEAD_QB_STARTED_QUERY,Stage01 canonical reconciliation rank 3908,STATHEAD_UNAMBIGUOUS_SINGLE_CANDIDATE,False,CREDITED,POSTGAME_ACTUAL_STARTER,ORACLE_STARTER_IDENTITY_ONLY,False
2018,1,REG,2018-09-09,2018_01_HOU_NE,HOU,NE,Deshaun Watson,WatsDe00,00-0033537,STATHEAD_QB_STARTED_QUERY,Stage01 canonical reconciliation rank 3918,STATHEAD_UNAMBIGUOUS_SINGLE_CANDIDATE,False,CREDITED,Tom Brady,BradTo00,00-0019596,STATHEAD_QB_STARTED_QUERY,Stage01 canonical reconciliation rank 3896,STATHEAD_UNAMBIGUOUS_SINGLE_CANDIDATE,False,CREDITED,POSTGAME_ACTUAL_STARTER,ORACLE_STARTER_IDENTITY_ONLY,False
2018,1,REG,2018-09-09,2018_01_JAX_NYG,JAX,NYG,Blake Bortles,BortBl00,00-0031407,STATHEAD_QB_STARTED_QUERY,Stage01 canonical reconciliation rank 3894,STATHEAD_UNAMBIGUOUS_SINGLE_CANDIDATE,False,CREDITED,Eli Manning,MannEl00,00-0022803,STATHEAD_QB_STARTED_QUERY,Stage01 canonical reconciliation rank 3906,STATHEAD_UNAMBIGUOUS_SINGLE_CANDIDATE,False,CREDITED,POSTGAME_ACTUAL_STARTER,ORACLE_STARTER_IDENTITY_ONLY,False
2018,1,REG,2018-09-09,2018_01_KC_LAC,KC,LAC,Patrick Mahomes,MahoPa00,00-0033873,STATHEAD_QB_STARTED_QUERY,Stage01 canonical reconciliation rank 3905,STATHEAD_UNAMBIGUOUS_SINGLE_CANDIDATE,False,CREDITED,Philip Rivers,RivePh00,00-0022942,STATHEAD_QB_STARTED_QUERY,Stage01 canonical reconciliation rank 3911,STATHEAD_UNAMBIGUOUS_SINGLE_CANDIDATE,False,CREDITED,POSTGAME_ACTUAL_STARTER,ORACLE_STARTER_IDENTITY_ONLY,False
2018,1,REG,2018-09-10,2018_01_LA_OAK,LAR,LV,Jared Goff,GoffJa00,00-0033106,STATHEAD_QB_STARTED_QUERY,Stage01 canonical reconciliation rank 3892,STATHEAD_UNAMBIGUOUS_SINGLE_CANDIDATE,False,CREDITED,Derek Carr,CarrDe02,00-0031280,STATHEAD_QB_STARTED_QUERY,Stage01 canonical reconciliation rank 3890,STATHEAD_UNAMBIGUOUS_SINGLE_CANDIDATE,False,CREDITED,POSTGAME_ACTUAL_STARTER,ORACLE_STARTER_IDENTITY_ONLY,False
2018,1,REG,2018-09-10,2018_01_NYJ_DET,NYJ,DET,Sam Darnold,DarnSa00,00-0034869,STATHEAD_QB_STARTED_QUERY,Stage01 canonical reconciliation rank 3891,STATHEAD_UNAMBIGUOUS_SINGLE_CANDIDATE,False,CREDITED,Matthew Stafford,StafMa00,00-0026498,STATHEAD_QB_STARTED_QUERY,Stage01 canonical reconciliation rank 3893,STATHEAD_UNAMBIGUOUS_SINGLE_CANDIDATE,False,CREDITED,POSTGAME_ACTUAL_STARTER,ORACLE_STARTER_IDENTITY_ONLY,False
2018,1,REG,2018-09-09,2018_01_PIT_CLE,PIT,CLE,Ben Roethlisberger,RoetBe00,00-0022924,STATHEAD_QB_STARTED_QUERY,Stage01 canonical reconciliation rank 3913,STATHEAD_UNAMBIGUOUS_SINGLE_CANDIDATE,False,CREDITED,Tyrod Taylor,TaylTy00,00-0028118,STATHEAD_QB_STARTED_QUERY,Stage01 canonical reconciliation rank 3916,STATHEAD_UNAMBIGUOUS_SINGLE_CANDIDATE,False,CREDITED,POSTGAME_ACTUAL_STARTER,ORACLE_STARTER_IDENTITY_ONLY,False
2018,1,REG,2018-09-09,2018_01_SEA_DEN,SEA,DEN,Russell Wilson,WilsRu00,00-0029263,STATHEAD_QB_STARTED_QUERY,Stage01 canonical reconciliation rank 3919,STATHEAD_UNAMBIGUOUS_SINGLE_CANDIDATE,False,CREDITED,Case Keenum,KeenCa00,00-0028986,STATHEAD_QB_STARTED_QUERY,Stage01 canonical reconciliation rank 3903,STATHEAD_UNAMBIGUOUS_SINGLE_CANDIDATE,False,CREDITED,POSTGAME_ACTUAL_STARTER,ORACLE_STARTER_IDENTITY_ONLY,False
2018,1,REG,2018-09-09,2018_01_SF_MIN,SF,MIN,Jimmy Garoppolo,GaroJi00,00-0031345,STATHEAD_QB_STARTED_QUERY,Stage01 canonical reconciliation rank 3902,STATHEAD_UNAMBIGUOUS_SINGLE_CANDIDATE,False,CREDITED,Kirk Cousins,CousKi00,00-0029604,STATHEAD_QB_STARTED_QUERY,Stage01 canonical reconciliation rank 3898,STATHEAD_UNAMBIGUOUS_SINGLE_CANDIDATE,False,CREDITED,POSTGAME_ACTUAL_STARTER,ORACLE_STARTER_IDENTITY_ONLY,False
2018,1,REG,2018-09-09,2018_01_TB_NO,TB,NO,Ryan Fitzpatrick,FitzRy00,00-0023682,STATHEAD_QB_STARTED_QUERY,Stage01 canonical reconciliation rank 3900,STATHEAD_UNAMBIGUOUS_SINGLE_CANDIDATE,False,CREDITED,Drew Brees,BreeDr00,00-0020531,STATHEAD_QB_STARTED_QUERY,Stage01 canonical reconciliation rank 3897,STATHEAD_UNAMBIGUOUS_SINGLE_CANDIDATE,False,CREDITED,POSTGAME_ACTUAL_STARTER,ORACLE_STARTER_IDENTITY_ONLY,False
2018,1,REG,2018-09-09,2018_01_TEN_MIA,TEN,MIA,Marcus Mariota,MariMa01,00-0032268,STATHEAD_QB_STARTED_QUERY,Stage01 canonical reconciliation rank 3907,STATHEAD_UNAMBIGUOUS_SINGLE_CANDIDATE,False,CREDITED,Ryan Tannehill,TannRy00,00-0029701,STATHEAD_QB_STARTED_QUERY,Stage01 canonical reconciliation rank 3915,STATHEAD_UNAMBIGUOUS_SINGLE_CANDIDATE,False,CREDITED,POSTGAME_ACTUAL_STARTER,ORACLE_STARTER_IDENTITY_ONLY,False
2018,1,REG,2018-09-09,2018_01_WAS_ARI,WAS,ARI,Alex Smith,SmitAl03,00-0023436,STATHEAD_QB_STARTED_QUERY,Stage01 canonical reconciliation rank 3914,STATHEAD_UNAMBIGUOUS_SINGLE_CANDIDATE,False,CREDITED,Sam Bradford,BradSa00,00-0027854,STATHEAD_QB_STARTED_QUERY,Stage01 canonical reconciliation rank 3895,STATHEAD_UNAMBIGUOUS_SINGLE_CANDIDATE,False,CREDITED,POSTGAME_ACTUAL_STARTER,ORACLE_STARTER_IDENTITY_ONLY,False
2018,2,REG,2018-09-16,2018_02_ARI_LA,ARI,LAR,Sam Bradford,BradSa00,00-0027854,STATHEAD_QB_STARTED_QUERY,Stage01 canonical reconciliation rank 3862,STATHEAD_UNAMBIGUOUS_SINGLE_CANDIDATE,False,CREDITED,Jared Goff,GoffJa00,00-0033106,STATHEAD_QB_STARTED_QUERY,Stage01 canonical reconciliation rank 3872,STATHEAD_UNAMBIGUOUS_SINGLE_CANDIDATE,False,CREDITED,POSTGAME_ACTUAL_STARTER,ORACLE_STARTER_IDENTITY_ONLY,False
2018,2,REG,2018-09-13,2018_02_BAL_CIN,BAL,CIN,Joe Flacco,FlacJo00,00-0026158,STATHEAD_QB_STARTED_QUERY,Stage01 canonical reconciliation rank 3889,STATHEAD_UNAMBIGUOUS_SINGLE_CANDIDATE,False,CREDITED,Andy Dalton,DaltAn00,00-0027973,STATHEAD_QB_STARTED_QUERY,Stage01 canonical reconciliation rank 3888,STATHEAD_UNAMBIGUOUS_SINGLE_CANDIDATE,False,CREDITED,POSTGAME_ACTUAL_STARTER,ORACLE_STARTER_IDENTITY_ONLY,False
2018,2,REG,2018-09-16,2018_02_CAR_ATL,CAR,ATL,Cam Newton,NewtCa00,00-0027939,STATHEAD_QB_STARTED_QUERY,Stage01 canonical reconciliation rank 3877,STATHEAD_UNAMBIGUOUS_SINGLE_CANDIDATE,False,CREDITED,Matt Ryan,RyanMa00,00-0026143,STATHEAD_QB_STARTED_QUERY,Stage01 canonical reconciliation rank 3882,STATHEAD_UNAMBIGUOUS_SINGLE_CANDIDATE,False,CREDITED,POSTGAME_ACTUAL_STARTER,ORACLE_STARTER_IDENTITY_ONLY,False
2018,2,REG,2018-09-16,2018_02_CLE_NO,CLE,NO,Tyrod Taylor,TaylTy00,00-0028118,STATHEAD_QB_STARTED_QUERY,Stage01 canonical reconciliation rank 3886,STATHEAD_UNAMBIGUOUS_SINGLE_CANDIDATE,False,CREDITED,Drew Brees,BreeDr00,00-0020531,STATHEAD_QB_STARTED_QUERY,Stage01 canonical reconciliation rank 3864,STATHEAD_UNAMBIGUOUS_SINGLE_CANDIDATE,False,CREDITED,POSTGAME_ACTUAL_STARTER,ORACLE_STARTER_IDENTITY_ONLY,False
2018,2,REG,2018-09-16,2018_02_DET_SF,DET,SF,Matthew Stafford,StafMa00,00-0026498,STATHEAD_QB_STARTED_QUERY,Stage01 canonical reconciliation rank 3884,STATHEAD_UNAMBIGUOUS_SINGLE_CANDIDATE,False,CREDITED,Jimmy Garoppolo,GaroJi00,00-0031345,STATHEAD_QB_STARTED_QUERY,Stage01 canonical reconciliation rank 3871,STATHEAD_UNAMBIGUOUS_SINGLE_CANDIDATE,False,CREDITED,POSTGAME_ACTUAL_STARTER,ORACLE_STARTER_IDENTITY_ONLY,False
2018,2,REG,2018-09-16,2018_02_HOU_TEN,HOU,TEN,Deshaun Watson,WatsDe00,00-0033537,STATHEAD_QB_STARTED_QUERY,Stage01 canonical reconciliation rank 3887,STATHEAD_UNAMBIGUOUS_SINGLE_CANDIDATE,False,CREDITED,Blaine Gabbert,GabbBl00,00-0027948,STATHEAD_QB_STARTED_QUERY,Stage01 canonical reconciliation rank 3870,STATHEAD_UNAMBIGUOUS_SINGLE_CANDIDATE,False,CREDITED,POSTGAME_ACTUAL_STARTER,ORACLE_STARTER_IDENTITY_ONLY,False
2018,2,REG,2018-09-16,2018_02_IND_WAS,IND,WAS,Andrew Luck,LuckAn00,00-0029668,STATHEAD_QB_STARTED_QUERY,Stage01 canonical reconciliation rank 3874,STATHEAD_UNAMBIGUOUS_SINGLE_CANDIDATE,False,CREDITED,Alex Smith,SmitAl03,00-0023436,STATHEAD_QB_STARTED_QUERY,Stage01 canonical reconciliation rank 3883,STATHEAD_UNAMBIGUOUS_SINGLE_CANDIDATE,False,CREDITED,POSTGAME_ACTUAL_STARTER,ORACLE_STARTER_IDENTITY_ONLY,False
2018,2,REG,2018-09-16,2018_02_KC_PIT,KC,PIT,Patrick Mahomes,MahoPa00,00-0033873,STATHEAD_QB_STARTED_QUERY,Stage01 canonical reconciliation rank 3875,STATHEAD_UNAMBIGUOUS_SINGLE_CANDIDATE,False,CREDITED,Ben Roethlisberger,RoetBe00,00-0022924,STATHEAD_QB_STARTED_QUERY,Stage01 canonical reconciliation rank 3881,STATHEAD_UNAMBIGUOUS_SINGLE_CANDIDATE,False,CREDITED,POSTGAME_ACTUAL_STARTER,ORACLE_STARTER_IDENTITY_ONLY,False
2018,2,REG,2018-09-16,2018_02_LAC_BUF,LAC,BUF,Philip Rivers,RivePh00,00-0022942,STATHEAD_QB_STARTED_QUERY,Stage01 canonical reconciliation rank 3879,STATHEAD_UNAMBIGUOUS_SINGLE_CANDIDATE,False,CREDITED,Josh Allen,AlleJo02,00-0034857,STATHEAD_QB_STARTED_QUERY,Stage01 canonical reconciliation rank 3860,STATHEAD_UNAMBIGUOUS_SINGLE_CANDIDATE,False,CREDITED,POSTGAME_ACTUAL_STARTER,ORACLE_STARTER_IDENTITY_ONLY,False
2018,2,REG,2018-09-16,2018_02_MIA_NYJ,MIA,NYJ,Ryan Tannehill,TannRy00,00-0029701,STATHEAD_QB_STARTED_QUERY,Stage01 canonical reconciliation rank 3885,STATHEAD_UNAMBIGUOUS_SINGLE_CANDIDATE,False,CREDITED,Sam Darnold,DarnSa00,00-0034869,STATHEAD_QB_STARTED_QUERY,Stage01 canonical reconciliation rank 3867,STATHEAD_UNAMBIGUOUS_SINGLE_CANDIDATE,False,CREDITED,POSTGAME_ACTUAL_STARTER,ORACLE_STARTER_IDENTITY_ONLY,False
2018,2,REG,2018-09-16,2018_02_MIN_GB,MIN,GB,Kirk Cousins,CousKi00,00-0029604,STATHEAD_QB_STARTED_QUERY,Stage01 canonical reconciliation rank 3866,STATHEAD_UNAMBIGUOUS_SINGLE_CANDIDATE,False,CREDITED,Aaron Rodgers,RodgAa00,00-0023459,STATHEAD_QB_STARTED_QUERY,Stage01 canonical reconciliation rank 3880,STATHEAD_UNAMBIGUOUS_SINGLE_CANDIDATE,False,CREDITED,POSTGAME_ACTUAL_STARTER,ORACLE_STARTER_IDENTITY_ONLY,False
2018,2,REG,2018-09-16,2018_02_NE_JAX,NE,JAX,Tom Brady,BradTo00,00-0019596,STATHEAD_QB_STARTED_QUERY,Stage01 canonical reconciliation rank 3863,STATHEAD_UNAMBIGUOUS_SINGLE_CANDIDATE,False,CREDITED,Blake Bortles,BortBl00,00-0031407,STATHEAD_QB_STARTED_QUERY,Stage01 canonical reconciliation rank 3861,STATHEAD_UNAMBIGUOUS_SINGLE_CANDIDATE,False,CREDITED,POSTGAME_ACTUAL_STARTER,ORACLE_STARTER_IDENTITY_ONLY,False
2018,2,REG,2018-09-16,2018_02_NYG_DAL,NYG,DAL,Eli Manning,MannEl00,00-0022803,STATHEAD_QB_STARTED_QUERY,Stage01 canonical reconciliation rank 3876,STATHEAD_UNAMBIGUOUS_SINGLE_CANDIDATE,False,CREDITED,Dak Prescott,PresDa01,00-0033077,STATHEAD_QB_STARTED_QUERY,Stage01 canonical reconciliation rank 3878,STATHEAD_UNAMBIGUOUS_SINGLE_CANDIDATE,False,CREDITED,POSTGAME_ACTUAL_STARTER,ORACLE_STARTER_IDENTITY_ONLY,False
2018,2,REG,2018-09-16,2018_02_OAK_DEN,LV,DEN,Derek Carr,CarrDe02,00-0031280,STATHEAD_QB_STARTED_QUERY,Stage01 canonical reconciliation rank 3865,STATHEAD_UNAMBIGUOUS_SINGLE_CANDIDATE,False,CREDITED,Case Keenum,KeenCa00,00-0028986,STATHEAD_QB_STARTED_QUERY,Stage01 canonical reconciliation rank 3873,STATHEAD_UNAMBIGUOUS_SINGLE_CANDIDATE,False,CREDITED,POSTGAME_ACTUAL_STARTER,ORACLE_STARTER_IDENTITY_ONLY,False
2018,2,REG,2018-09-16,2018_02_PHI_TB,PHI,TB,Nick Foles,FoleNi00,00-0029567,STATHEAD_QB_STARTED_QUERY,Stage01 canonical reconciliation rank 3869,STATHEAD_UNAMBIGUOUS_SINGLE_CANDIDATE,False,CREDITED,Ryan Fitzpatrick,FitzRy00,00-0023682,STATHEAD_QB_STARTED_QUERY,Stage01 canonical reconciliation rank 3868,STATHEAD_UNAMBIGUOUS_SINGLE_CANDIDATE,False,CREDITED,POSTGAME_ACTUAL_STARTER,ORACLE_STARTER_IDENTITY_ONLY,False
2018,2,REG,2018-09-17,2018_02_SEA_CHI,SEA,CHI,Russell Wilson,WilsRu00,00-0029263,STATHEAD_QB_STARTED_QUERY,Stage01 canonical reconciliation rank 3859,STATHEAD_UNAMBIGUOUS_SINGLE_CANDIDATE,False,CREDITED,Mitchell Trubisky,TrubMi00,00-0033869,STATHEAD_QB_STARTED_QUERY,Stage01 canonical reconciliation rank 3858,STATHEAD_UNAMBIGUOUS_SINGLE_CANDIDATE,False,CREDITED,POSTGAME_ACTUAL_STARTER,ORACLE_STARTER_IDENTITY_ONLY,False
2018,3,REG,2018-09-23,2018_03_BUF_MIN,BUF,MIN,Josh Allen,AlleJo02,00-0034857,STATHEAD_QB_STARTED_QUERY,Stage01 canonical reconciliation rank 3828,STATHEAD_UNAMBIGUOUS_SINGLE_CANDIDATE,False,CREDITED,Kirk Cousins,CousKi00,00-0029604,STATHEAD_QB_STARTED_QUERY,Stage01 canonical reconciliation rank 3834,STATHEAD_UNAMBIGUOUS_SINGLE_CANDIDATE,False,CREDITED,POSTGAME_ACTUAL_STARTER,ORACLE_STARTER_IDENTITY_ONLY,False
2018,3,REG,2018-09-23,2018_03_CHI_ARI,CHI,ARI,Mitchell Trubisky,TrubMi00,00-0033869,STATHEAD_QB_STARTED_QUERY,Stage01 canonical reconciliation rank 3852,STATHEAD_UNAMBIGUOUS_SINGLE_CANDIDATE,False,CREDITED,Sam Bradford,BradSa00,00-0027854,STATHEAD_QB_STARTED_QUERY,Stage01 canonical reconciliation rank 3830,STATHEAD_UNAMBIGUOUS_SINGLE_CANDIDATE,False,CREDITED,POSTGAME_ACTUAL_STARTER,ORACLE_STARTER_IDENTITY_ONLY,False
2018,3,REG,2018-09-23,2018_03_CIN_CAR,CIN,CAR,Andy Dalton,DaltAn00,00-0027973,STATHEAD_QB_STARTED_QUERY,Stage01 canonical reconciliation rank 3835,STATHEAD_UNAMBIGUOUS_SINGLE_CANDIDATE,False,CREDITED,Cam Newton,NewtCa00,00-0027939,STATHEAD_QB_STARTED_QUERY,Stage01 canonical reconciliation rank 3844,STATHEAD_UNAMBIGUOUS_SINGLE_CANDIDATE,False,CREDITED,POSTGAME_ACTUAL_STARTER,ORACLE_STARTER_IDENTITY_ONLY,False
2018,3,REG,2018-09-23,2018_03_DAL_SEA,DAL,SEA,Dak Prescott,PresDa01,00-0033077,STATHEAD_QB_STARTED_QUERY,Stage01 canonical reconciliation rank 3845,STATHEAD_UNAMBIGUOUS_SINGLE_CANDIDATE,False,CREDITED,Russell Wilson,WilsRu00,00-0029263,STATHEAD_QB_STARTED_QUERY,Stage01 canonical reconciliation rank 3855,STATHEAD_UNAMBIGUOUS_SINGLE_CANDIDATE,False,CREDITED,POSTGAME_ACTUAL_STARTER,ORACLE_STARTER_IDENTITY_ONLY,False
2018,3,REG,2018-09-23,2018_03_DEN_BAL,DEN,BAL,Case Keenum,KeenCa00,00-0028986,STATHEAD_QB_STARTED_QUERY,Stage01 canonical reconciliation rank 3840,STATHEAD_UNAMBIGUOUS_SINGLE_CANDIDATE,False,CREDITED,Joe Flacco,FlacJo00,00-0026158,STATHEAD_QB_STARTED_QUERY,Stage01 canonical reconciliation rank 3836,STATHEAD_UNAMBIGUOUS_SINGLE_CANDIDATE,False,CREDITED,POSTGAME_ACTUAL_STARTER,ORACLE_STARTER_IDENTITY_ONLY,False
2018,3,REG,2018-09-23,2018_03_GB_WAS,GB,WAS,Aaron Rodgers,RodgAa00,00-0023459,STATHEAD_QB_STARTED_QUERY,Stage01 canonical reconciliation rank 3847,STATHEAD_UNAMBIGUOUS_SINGLE_CANDIDATE,False,CREDITED,Alex Smith,SmitAl03,00-0023436,STATHEAD_QB_STARTED_QUERY,Stage01 canonical reconciliation rank 3849,STATHEAD_UNAMBIGUOUS_SINGLE_CANDIDATE,False,CREDITED,POSTGAME_ACTUAL_STARTER,ORACLE_STARTER_IDENTITY_ONLY,False
2018,3,REG,2018-09-23,2018_03_IND_PHI,IND,PHI,Andrew Luck,LuckAn00,00-0029668,STATHEAD_QB_STARTED_QUERY,Stage01 canonical reconciliation rank 3841,STATHEAD_UNAMBIGUOUS_SINGLE_CANDIDATE,False,CREDITED,Carson Wentz,WentCa00,00-0032950,STATHEAD_QB_STARTED_QUERY,Stage01 canonical reconciliation rank 3854,STATHEAD_UNAMBIGUOUS_SINGLE_CANDIDATE,False,CREDITED,POSTGAME_ACTUAL_STARTER,ORACLE_STARTER_IDENTITY_ONLY,False
2018,3,REG,2018-09-23,2018_03_LAC_LA,LAC,LAR,Philip Rivers,RivePh00,00-0022942,STATHEAD_QB_STARTED_QUERY,Stage01 canonical reconciliation rank 3846,STATHEAD_UNAMBIGUOUS_SINGLE_CANDIDATE,False,CREDITED,Jared Goff,GoffJa00,00-0033106,STATHEAD_QB_STARTED_QUERY,Stage01 canonical reconciliation rank 3839,STATHEAD_UNAMBIGUOUS_SINGLE_CANDIDATE,False,CREDITED,POSTGAME_ACTUAL_STARTER,ORACLE_STARTER_IDENTITY_ONLY,False
2018,3,REG,2018-09-23,2018_03_NE_DET,NE,DET,Tom Brady,BradTo00,00-0019596,STATHEAD_QB_STARTED_QUERY,Stage01 canonical reconciliation rank 3831,STATHEAD_UNAMBIGUOUS_SINGLE_CANDIDATE,False,CREDITED,Matthew Stafford,StafMa00,00-0026498,STATHEAD_QB_STARTED_QUERY,Stage01 canonical reconciliation rank 3850,STATHEAD_UNAMBIGUOUS_SINGLE_CANDIDATE,False,CREDITED,POSTGAME_ACTUAL_STARTER,ORACLE_STARTER_IDENTITY_ONLY,False
2018,3,REG,2018-09-23,2018_03_NO_ATL,NO,ATL,Drew Brees,BreeDr00,00-0020531,STATHEAD_QB_STARTED_QUERY,Stage01 canonical reconciliation rank 3832,STATHEAD_UNAMBIGUOUS_SINGLE_CANDIDATE,False,CREDITED,Matt Ryan,RyanMa00,00-0026143,STATHEAD_QB_STARTED_QUERY,Stage01 canonical reconciliation rank 3848,STATHEAD_UNAMBIGUOUS_SINGLE_CANDIDATE,False,CREDITED,POSTGAME_ACTUAL_STARTER,ORACLE_STARTER_IDENTITY_ONLY,False
2018,3,REG,2018-09-23,2018_03_NYG_HOU,NYG,HOU,Eli Manning,MannEl00,00-0022803,STATHEAD_QB_STARTED_QUERY,Stage01 canonical reconciliation rank 3843,STATHEAD_UNAMBIGUOUS_SINGLE_CANDIDATE,False,CREDITED,Deshaun Watson,WatsDe00,00-0033537,STATHEAD_QB_STARTED_QUERY,Stage01 canonical reconciliation rank 3853,STATHEAD_UNAMBIGUOUS_SINGLE_CANDIDATE,False,CREDITED,POSTGAME_ACTUAL_STARTER,ORACLE_STARTER_IDENTITY_ONLY,False
2018,3,REG,2018-09-20,2018_03_NYJ_CLE,NYJ,CLE,Sam Darnold,DarnSa00,00-0034869,STATHEAD_QB_STARTED_QUERY,Stage01 canonical reconciliation rank 3856,STATHEAD_UNAMBIGUOUS_SINGLE_CANDIDATE,False,CREDITED,Tyrod Taylor,TaylTy00,00-0028118,STATHEAD_QB_STARTED_QUERY,Stage01 canonical reconciliation rank 3857,STATHEAD_UNAMBIGUOUS_SINGLE_CANDIDATE,False,CREDITED,POSTGAME_ACTUAL_STARTER,ORACLE_STARTER_IDENTITY_ONLY,False
2018,3,REG,2018-09-23,2018_03_OAK_MIA,LV,MIA,Derek Carr,CarrDe02,00-0031280,STATHEAD_QB_STARTED_QUERY,Stage01 canonical reconciliation rank 3833,STATHEAD_UNAMBIGUOUS_SINGLE_CANDIDATE,False,CREDITED,Ryan Tannehill,TannRy00,00-0029701,STATHEAD_QB_STARTED_QUERY,Stage01 canonical reconciliation rank 3851,STATHEAD_UNAMBIGUOUS_SINGLE_CANDIDATE,False,CREDITED,POSTGAME_ACTUAL_STARTER,ORACLE_STARTER_IDENTITY_ONLY,False
2018,3,REG,2018-09-24,2018_03_PIT_TB,PIT,TB,Ben Roethlisberger,RoetBe00,00-0022924,STATHEAD_QB_STARTED_QUERY,Stage01 canonical reconciliation rank 3827,STATHEAD_UNAMBIGUOUS_SINGLE_CANDIDATE,False,CREDITED,Ryan Fitzpatrick,FitzRy00,00-0023682,STATHEAD_QB_STARTED_QUERY,Stage01 canonical reconciliation rank 3826,STATHEAD_UNAMBIGUOUS_SINGLE_CANDIDATE,False,CREDITED,POSTGAME_ACTUAL_STARTER,ORACLE_STARTER_IDENTITY_ONLY,False
2018,3,REG,2018-09-23,2018_03_SF_KC,SF,KC,Jimmy Garoppolo,GaroJi00,00-0031345,STATHEAD_QB_STARTED_QUERY,Stage01 canonical reconciliation rank 3838,STATHEAD_UNAMBIGUOUS_SINGLE_CANDIDATE,False,CREDITED,Patrick Mahomes,MahoPa00,00-0033873,STATHEAD_QB_STARTED_QUERY,Stage01 canonical reconciliation rank 3842,STATHEAD_UNAMBIGUOUS_SINGLE_CANDIDATE,False,CREDITED,POSTGAME_ACTUAL_STARTER,ORACLE_STARTER_IDENTITY_ONLY,False
2018,3,REG,2018-09-23,2018_03_TEN_JAX,TEN,JAX,Blaine Gabbert,GabbBl00,00-0027948,STATHEAD_QB_STARTED_QUERY,Stage01 canonical reconciliation rank 3837,STATHEAD_UNAMBIGUOUS_SINGLE_CANDIDATE,False,CREDITED,Blake Bortles,BortBl00,00-0031407,STATHEAD_QB_STARTED_QUERY,Stage01 canonical reconciliation rank 3829,STATHEAD_UNAMBIGUOUS_SINGLE_CANDIDATE,False,CREDITED,POSTGAME_ACTUAL_STARTER,ORACLE_STARTER_IDENTITY_ONLY,False
2018,4,REG,2018-09-30,2018_04_BAL_PIT,BAL,PIT,Joe Flacco,FlacJo00,00-0026158,STATHEAD_QB_STARTED_QUERY,Stage01 canonical reconciliation rank 3807,STATHEAD_UNAMBIGUOUS_SINGLE_CANDIDATE,False,CREDITED,Ben Roethlisberger,RoetBe00,00-0022924,STATHEAD_QB_STARTED_QUERY,Stage01 canonical reconciliation rank 3815,STATHEAD_UNAMBIGUOUS_SINGLE_CANDIDATE,False,CREDITED,POSTGAME_ACTUAL_STARTER,ORACLE_STARTER_IDENTITY_ONLY,False
2018,4,REG,2018-09-30,2018_04_BUF_GB,BUF,GB,Josh Allen,AlleJo02,00-0034857,STATHEAD_QB_STARTED_QUERY,Stage01 canonical reconciliation rank 3798,STATHEAD_UNAMBIGUOUS_SINGLE_CANDIDATE,False,CREDITED,Aaron Rodgers,RodgAa00,00-0023459,STATHEAD_QB_STARTED_QUERY,Stage01 canonical reconciliation rank 3814,STATHEAD_UNAMBIGUOUS_SINGLE_CANDIDATE,False,CREDITED,POSTGAME_ACTUAL_STARTER,ORACLE_STARTER_IDENTITY_ONLY,False
2018,4,REG,2018-09-30,2018_04_CIN_ATL,CIN,ATL,Andy Dalton,DaltAn00,00-0027973,STATHEAD_QB_STARTED_QUERY,Stage01 canonical reconciliation rank 3804,STATHEAD_UNAMBIGUOUS_SINGLE_CANDIDATE,False,CREDITED,Matt Ryan,RyanMa00,00-0026143,STATHEAD_QB_STARTED_QUERY,Stage01 canonical reconciliation rank 3817,STATHEAD_UNAMBIGUOUS_SINGLE_CANDIDATE,False,CREDITED,POSTGAME_ACTUAL_STARTER,ORACLE_STARTER_IDENTITY_ONLY,False
2018,4,REG,2018-09-30,2018_04_CLE_OAK,CLE,LV,Baker Mayfield,MayfBa00,00-0034855,STATHEAD_QB_STARTED_QUERY,Stage01 canonical reconciliation rank 3811,STATHEAD_UNAMBIGUOUS_SINGLE_CANDIDATE,False,CREDITED,Derek Carr,CarrDe02,00-0031280,STATHEAD_QB_STARTED_QUERY,Stage01 canonical reconciliation rank 3803,STATHEAD_UNAMBIGUOUS_SINGLE_CANDIDATE,False,CREDITED,POSTGAME_ACTUAL_STARTER,ORACLE_STARTER_IDENTITY_ONLY,False
2018,4,REG,2018-09-30,2018_04_DET_DAL,DET,DAL,Matthew Stafford,StafMa00,00-0026498,STATHEAD_QB_STARTED_QUERY,Stage01 canonical reconciliation rank 3818,STATHEAD_UNAMBIGUOUS_SINGLE_CANDIDATE,False,CREDITED,Dak Prescott,PresDa01,00-0033077,STATHEAD_QB_STARTED_QUERY,Stage01 canonical reconciliation rank 3812,STATHEAD_UNAMBIGUOUS_SINGLE_CANDIDATE,False,CREDITED,POSTGAME_ACTUAL_STARTER,ORACLE_STARTER_IDENTITY_ONLY,False
2018,4,REG,2018-09-30,2018_04_HOU_IND,HOU,IND,Deshaun Watson,WatsDe00,00-0033537,STATHEAD_QB_STARTED_QUERY,Stage01 canonical reconciliation rank 3821,STATHEAD_UNAMBIGUOUS_SINGLE_CANDIDATE,False,CREDITED,Andrew Luck,LuckAn00,00-0029668,STATHEAD_QB_STARTED_QUERY,Stage01 canonical reconciliation rank 3808,STATHEAD_UNAMBIGUOUS_SINGLE_CANDIDATE,False,CREDITED,POSTGAME_ACTUAL_STARTER,ORACLE_STARTER_IDENTITY_ONLY,False
2018,4,REG,2018-10-01,2018_04_KC_DEN,KC,DEN,Patrick Mahomes,MahoPa00,00-0033873,STATHEAD_QB_STARTED_QUERY,Stage01 canonical reconciliation rank 3797,STATHEAD_UNAMBIGUOUS_SINGLE_CANDIDATE,False,CREDITED,Case Keenum,KeenCa00,00-0028986,STATHEAD_QB_STARTED_QUERY,Stage01 canonical reconciliation rank 3796,STATHEAD_UNAMBIGUOUS_SINGLE_CANDIDATE,False,CREDITED,POSTGAME_ACTUAL_STARTER,ORACLE_STARTER_IDENTITY_ONLY,False
2018,4,REG,2018-09-30,2018_04_MIA_NE,MIA,NE,Ryan Tannehill,TannRy00,00-0029701,STATHEAD_QB_STARTED_QUERY,Stage01 canonical reconciliation rank 3819,STATHEAD_UNAMBIGUOUS_SINGLE_CANDIDATE,False,CREDITED,Tom Brady,BradTo00,00-0019596,STATHEAD_QB_STARTED_QUERY,Stage01 canonical reconciliation rank 3801,STATHEAD_UNAMBIGUOUS_SINGLE_CANDIDATE,False,CREDITED,POSTGAME_ACTUAL_STARTER,ORACLE_STARTER_IDENTITY_ONLY,False
2018,4,REG,2018-09-27,2018_04_MIN_LA,MIN,LAR,Kirk Cousins,CousKi00,00-0029604,STATHEAD_QB_STARTED_QUERY,Stage01 canonical reconciliation rank 3824,STATHEAD_UNAMBIGUOUS_SINGLE_CANDIDATE,False,CREDITED,Jared Goff,GoffJa00,00-0033106,STATHEAD_QB_STARTED_QUERY,Stage01 canonical reconciliation rank 3825,STATHEAD_UNAMBIGUOUS_SINGLE_CANDIDATE,False,CREDITED,POSTGAME_ACTUAL_STARTER,ORACLE_STARTER_IDENTITY_ONLY,False
2018,4,REG,2018-09-30,2018_04_NO_NYG,NO,NYG,Drew Brees,BreeDr00,00-0020531,STATHEAD_QB_STARTED_QUERY,Stage01 canonical reconciliation rank 3802,STATHEAD_UNAMBIGUOUS_SINGLE_CANDIDATE,False,CREDITED,Eli Manning,MannEl00,00-0022803,STATHEAD_QB_STARTED_QUERY,Stage01 canonical reconciliation rank 3809,STATHEAD_UNAMBIGUOUS_SINGLE_CANDIDATE,False,CREDITED,POSTGAME_ACTUAL_STARTER,ORACLE_STARTER_IDENTITY_ONLY,False
2018,4,REG,2018-09-30,2018_04_NYJ_JAX,NYJ,JAX,Sam Darnold,DarnSa00,00-0034869,STATHEAD_QB_STARTED_QUERY,Stage01 canonical reconciliation rank 3805,STATHEAD_UNAMBIGUOUS_SINGLE_CANDIDATE,False,CREDITED,Blake Bortles,BortBl00,00-0031407,STATHEAD_QB_STARTED_QUERY,Stage01 canonical reconciliation rank 3800,STATHEAD_UNAMBIGUOUS_SINGLE_CANDIDATE,False,CREDITED,POSTGAME_ACTUAL_STARTER,ORACLE_STARTER_IDENTITY_ONLY,False
2018,4,REG,2018-09-30,2018_04_PHI_TEN,PHI,TEN,Carson Wentz,WentCa00,00-0032950,STATHEAD_QB_STARTED_QUERY,Stage01 canonical reconciliation rank 3822,STATHEAD_UNAMBIGUOUS_SINGLE_CANDIDATE,False,CREDITED,Marcus Mariota,MariMa01,00-0032268,STATHEAD_QB_STARTED_QUERY,Stage01 canonical reconciliation rank 3810,STATHEAD_UNAMBIGUOUS_SINGLE_CANDIDATE,False,CREDITED,POSTGAME_ACTUAL_STARTER,ORACLE_STARTER_IDENTITY_ONLY,False
2018,4,REG,2018-09-30,2018_04_SEA_ARI,SEA,ARI,Russell Wilson,WilsRu00,00-0029263,STATHEAD_QB_STARTED_QUERY,Stage01 canonical reconciliation rank 3823,STATHEAD_UNAMBIGUOUS_SINGLE_CANDIDATE,False,CREDITED,Josh Rosen,RoseJo01,00-0034343,STATHEAD_QB_STARTED_QUERY,Stage01 canonical reconciliation rank 3816,STATHEAD_UNAMBIGUOUS_SINGLE_CANDIDATE,False,CREDITED,POSTGAME_ACTUAL_STARTER,ORACLE_STARTER_IDENTITY_ONLY,False
2018,4,REG,2018-09-30,2018_04_SF_LAC,SF,LAC,C.J. Beathard,BeatC.00,00-0033936,STATHEAD_QB_STARTED_QUERY,Stage01 canonical reconciliation rank 3799,STATHEAD_UNAMBIGUOUS_SINGLE_CANDIDATE,False,CREDITED,Philip Rivers,RivePh00,00-0022942,STATHEAD_QB_STARTED_QUERY,Stage01 canonical reconciliation rank 3813,STATHEAD_UNAMBIGUOUS_SINGLE_CANDIDATE,False,CREDITED,POSTGAME_ACTUAL_STARTER,ORACLE_STARTER_IDENTITY_ONLY,False
2018,4,REG,2018-09-30,2018_04_TB_CHI,TB,CHI,Ryan Fitzpatrick,FitzRy00,00-0023682,STATHEAD_QB_STARTED_QUERY,Stage01 canonical reconciliation rank 3806,STATHEAD_UNAMBIGUOUS_SINGLE_CANDIDATE,False,CREDITED,Mitchell Trubisky,TrubMi00,00-0033869,STATHEAD_QB_STARTED_QUERY,Stage01 canonical reconciliation rank 3820,STATHEAD_UNAMBIGUOUS_SINGLE_CANDIDATE,False,CREDITED,POSTGAME_ACTUAL_STARTER,ORACLE_STARTER_IDENTITY_ONLY,False
2018,5,REG,2018-10-07,2018_05_ARI_SF,ARI,SF,Josh Rosen,RoseJo01,00-0034343,STATHEAD_QB_STARTED_QUERY,Stage01 canonical reconciliation rank 3787,STATHEAD_UNAMBIGUOUS_SINGLE_CANDIDATE,False,CREDITED,C.J. Beathard,BeatC.00,00-0033936,STATHEAD_QB_STARTED_QUERY,Stage01 canonical reconciliation rank 3769,STATHEAD_UNAMBIGUOUS_SINGLE_CANDIDATE,False,CREDITED,POSTGAME_ACTUAL_STARTER,ORACLE_STARTER_IDENTITY_ONLY,False
2018,5,REG,2018-10-07,2018_05_ATL_PIT,ATL,PIT,Matt Ryan,RyanMa00,00-0026143,STATHEAD_QB_STARTED_QUERY,Stage01 canonical reconciliation rank 3788,STATHEAD_UNAMBIGUOUS_SINGLE_CANDIDATE,False,CREDITED,Ben Roethlisberger,RoetBe00,00-0022924,STATHEAD_QB_STARTED_QUERY,Stage01 canonical reconciliation rank 3786,STATHEAD_UNAMBIGUOUS_SINGLE_CANDIDATE,False,CREDITED,POSTGAME_ACTUAL_STARTER,ORACLE_STARTER_IDENTITY_ONLY,False
2018,5,REG,2018-10-07,2018_05_BAL_CLE,BAL,CLE,Joe Flacco,FlacJo00,00-0026158,STATHEAD_QB_STARTED_QUERY,Stage01 canonical reconciliation rank 3775,STATHEAD_UNAMBIGUOUS_SINGLE_CANDIDATE,False,CREDITED,Baker Mayfield,MayfBa00,00-0034855,STATHEAD_QB_STARTED_QUERY,Stage01 canonical reconciliation rank 3781,STATHEAD_UNAMBIGUOUS_SINGLE_CANDIDATE,False,CREDITED,POSTGAME_ACTUAL_STARTER,ORACLE_STARTER_IDENTITY_ONLY,False
2018,5,REG,2018-10-07,2018_05_DAL_HOU,DAL,HOU,Dak Prescott,PresDa01,00-0033077,STATHEAD_QB_STARTED_QUERY,Stage01 canonical reconciliation rank 3783,STATHEAD_UNAMBIGUOUS_SINGLE_CANDIDATE,False,CREDITED,Deshaun Watson,WatsDe00,00-0033537,STATHEAD_QB_STARTED_QUERY,Stage01 canonical reconciliation rank 3791,STATHEAD_UNAMBIGUOUS_SINGLE_CANDIDATE,False,CREDITED,POSTGAME_ACTUAL_STARTER,ORACLE_STARTER_IDENTITY_ONLY,False
2018,5,REG,2018-10-07,2018_05_DEN_NYJ,DEN,NYJ,Case Keenum,KeenCa00,00-0028986,STATHEAD_QB_STARTED_QUERY,Stage01 canonical reconciliation rank 3777,STATHEAD_UNAMBIGUOUS_SINGLE_CANDIDATE,False,CREDITED,Sam Darnold,DarnSa00,00-0034869,STATHEAD_QB_STARTED_QUERY,Stage01 canonical reconciliation rank 3774,STATHEAD_UNAMBIGUOUS_SINGLE_CANDIDATE,False,CREDITED,POSTGAME_ACTUAL_STARTER,ORACLE_STARTER_IDENTITY_ONLY,False
2018,5,REG,2018-10-07,2018_05_GB_DET,GB,DET,Aaron Rodgers,RodgAa00,00-0023459,STATHEAD_QB_STARTED_QUERY,Stage01 canonical reconciliation rank 3785,STATHEAD_UNAMBIGUOUS_SINGLE_CANDIDATE,False,CREDITED,Matthew Stafford,StafMa00,00-0026498,STATHEAD_QB_STARTED_QUERY,Stage01 canonical reconciliation rank 3789,STATHEAD_UNAMBIGUOUS_SINGLE_CANDIDATE,False,CREDITED,POSTGAME_ACTUAL_STARTER,ORACLE_STARTER_IDENTITY_ONLY,False
2018,5,REG,2018-10-04,2018_05_IND_NE,IND,NE,Andrew Luck,LuckAn00,00-0029668,STATHEAD_QB_STARTED_QUERY,Stage01 canonical reconciliation rank 3795,STATHEAD_UNAMBIGUOUS_SINGLE_CANDIDATE,False,CREDITED,Tom Brady,BradTo00,00-0019596,STATHEAD_QB_STARTED_QUERY,Stage01 canonical reconciliation rank 3794,STATHEAD_UNAMBIGUOUS_SINGLE_CANDIDATE,False,CREDITED,POSTGAME_ACTUAL_STARTER,ORACLE_STARTER_IDENTITY_ONLY,False
2018,5,REG,2018-10-07,2018_05_JAX_KC,JAX,KC,Blake Bortles,BortBl00,00-0031407,STATHEAD_QB_STARTED_QUERY,Stage01 canonical reconciliation rank 3770,STATHEAD_UNAMBIGUOUS_SINGLE_CANDIDATE,False,CREDITED,Patrick Mahomes,MahoPa00,00-0033873,STATHEAD_QB_STARTED_QUERY,Stage01 canonical reconciliation rank 3778,STATHEAD_UNAMBIGUOUS_SINGLE_CANDIDATE,False,CREDITED,POSTGAME_ACTUAL_STARTER,ORACLE_STARTER_IDENTITY_ONLY,False
2018,5,REG,2018-10-07,2018_05_LA_SEA,LAR,SEA,Jared Goff,GoffJa00,00-0033106,STATHEAD_QB_STARTED_QUERY,Stage01 canonical reconciliation rank 3776,STATHEAD_UNAMBIGUOUS_SINGLE_CANDIDATE,False,CREDITED,Russell Wilson,WilsRu00,00-0029263,STATHEAD_QB_STARTED_QUERY,Stage01 canonical reconciliation rank 3793,STATHEAD_UNAMBIGUOUS_SINGLE_CANDIDATE,False,CREDITED,POSTGAME_ACTUAL_STARTER,ORACLE_STARTER_IDENTITY_ONLY,False
2018,5,REG,2018-10-07,2018_05_MIA_CIN,MIA,CIN,Ryan Tannehill,TannRy00,00-0029701,STATHEAD_QB_STARTED_QUERY,Stage01 canonical reconciliation rank 3790,STATHEAD_UNAMBIGUOUS_SINGLE_CANDIDATE,False,CREDITED,Andy Dalton,DaltAn00,00-0027973,STATHEAD_QB_STARTED_QUERY,Stage01 canonical reconciliation rank 3773,STATHEAD_UNAMBIGUOUS_SINGLE_CANDIDATE,False,CREDITED,POSTGAME_ACTUAL_STARTER,ORACLE_STARTER_IDENTITY_ONLY,False
2018,5,REG,2018-10-07,2018_05_MIN_PHI,MIN,PHI,Kirk Cousins,CousKi00,00-0029604,STATHEAD_QB_STARTED_QUERY,Stage01 canonical reconciliation rank 3772,STATHEAD_UNAMBIGUOUS_SINGLE_CANDIDATE,False,CREDITED,Carson Wentz,WentCa00,00-0032950,STATHEAD_QB_STARTED_QUERY,Stage01 canonical reconciliation rank 3792,STATHEAD_UNAMBIGUOUS_SINGLE_CANDIDATE,False,CREDITED,POSTGAME_ACTUAL_STARTER,ORACLE_STARTER_IDENTITY_ONLY,False
2018,5,REG,2018-10-07,2018_05_NYG_CAR,NYG,CAR,Eli Manning,MannEl00,00-0022803,STATHEAD_QB_STARTED_QUERY,Stage01 canonical reconciliation rank 3779,STATHEAD_UNAMBIGUOUS_SINGLE_CANDIDATE,False,CREDITED,Cam Newton,NewtCa00,00-0027939,STATHEAD_QB_STARTED_QUERY,Stage01 canonical reconciliation rank 3782,STATHEAD_UNAMBIGUOUS_SINGLE_CANDIDATE,False,CREDITED,POSTGAME_ACTUAL_STARTER,ORACLE_STARTER_IDENTITY_ONLY,False
2018,5,REG,2018-10-07,2018_05_OAK_LAC,LV,LAC,Derek Carr,CarrDe02,00-0031280,STATHEAD_QB_STARTED_QUERY,Stage01 canonical reconciliation rank 3771,STATHEAD_UNAMBIGUOUS_SINGLE_CANDIDATE,False,CREDITED,Philip Rivers,RivePh00,00-0022942,STATHEAD_QB_STARTED_QUERY,Stage01 canonical reconciliation rank 3784,STATHEAD_UNAMBIGUOUS_SINGLE_CANDIDATE,False,CREDITED,POSTGAME_ACTUAL_STARTER,ORACLE_STARTER_IDENTITY_ONLY,False
2018,5,REG,2018-10-07,2018_05_TEN_BUF,TEN,BUF,Marcus Mariota,MariMa01,00-0032268,STATHEAD_QB_STARTED_QUERY,Stage01 canonical reconciliation rank 3780,STATHEAD_UNAMBIGUOUS_SINGLE_CANDIDATE,False,CREDITED,Josh Allen,AlleJo02,00-0034857,STATHEAD_QB_STARTED_QUERY,Stage01 canonical reconciliation rank 3768,STATHEAD_UNAMBIGUOUS_SINGLE_CANDIDATE,False,CREDITED,POSTGAME_ACTUAL_STARTER,ORACLE_STARTER_IDENTITY_ONLY,False
2018,5,REG,2018-10-08,2018_05_WAS_NO,WAS,NO,Alex Smith,SmitAl03,00-0023436,STATHEAD_QB_STARTED_QUERY,Stage01 canonical reconciliation rank 3767,STATHEAD_UNAMBIGUOUS_SINGLE_CANDIDATE,False,CREDITED,Drew Brees,BreeDr00,00-0020531,STATHEAD_QB_STARTED_QUERY,Stage01 canonical reconciliation rank 3766,STATHEAD_UNAMBIGUOUS_SINGLE_CANDIDATE,False,CREDITED,POSTGAME_ACTUAL_STARTER,ORACLE_STARTER_IDENTITY_ONLY,False
2018,6,REG,2018-10-14,2018_06_ARI_MIN,ARI,MIN,Josh Rosen,RoseJo01,00-0034343,STATHEAD_QB_STARTED_QUERY,Stage01 canonical reconciliation rank 3757,STATHEAD_UNAMBIGUOUS_SINGLE_CANDIDATE,False,CREDITED,Kirk Cousins,CousKi00,00-0029604,STATHEAD_QB_STARTED_QUERY,Stage01 canonical reconciliation rank 3742,STATHEAD_UNAMBIGUOUS_SINGLE_CANDIDATE,False,CREDITED,POSTGAME_ACTUAL_STARTER,ORACLE_STARTER_IDENTITY_ONLY,False
2018,6,REG,2018-10-14,2018_06_BAL_TEN,BAL,TEN,Joe Flacco,FlacJo00,00-0026158,STATHEAD_QB_STARTED_QUERY,Stage01 canonical reconciliation rank 3745,STATHEAD_UNAMBIGUOUS_SINGLE_CANDIDATE,False,CREDITED,Marcus Mariota,MariMa01,00-0032268,STATHEAD_QB_STARTED_QUERY,Stage01 canonical reconciliation rank 3750,STATHEAD_UNAMBIGUOUS_SINGLE_CANDIDATE,False,CREDITED,POSTGAME_ACTUAL_STARTER,ORACLE_STARTER_IDENTITY_ONLY,False
2018,6,REG,2018-10-14,2018_06_BUF_HOU,BUF,HOU,Josh Allen,AlleJo02,00-0034857,STATHEAD_QB_STARTED_QUERY,Stage01 canonical reconciliation rank 3738,STATHEAD_UNAMBIGUOUS_SINGLE_CANDIDATE,False,CREDITED,Deshaun Watson,WatsDe00,00-0033537,STATHEAD_QB_STARTED_QUERY,Stage01 canonical reconciliation rank 3761,STATHEAD_UNAMBIGUOUS_SINGLE_CANDIDATE,False,CREDITED,POSTGAME_ACTUAL_STARTER,ORACLE_STARTER_IDENTITY_ONLY,False
2018,6,REG,2018-10-14,2018_06_CAR_WAS,CAR,WAS,Cam Newton,NewtCa00,00-0027939,STATHEAD_QB_STARTED_QUERY,Stage01 canonical reconciliation rank 3752,STATHEAD_UNAMBIGUOUS_SINGLE_CANDIDATE,False,CREDITED,Alex Smith,SmitAl03,00-0023436,STATHEAD_QB_STARTED_QUERY,Stage01 canonical reconciliation rank 3759,STATHEAD_UNAMBIGUOUS_SINGLE_CANDIDATE,False,CREDITED,POSTGAME_ACTUAL_STARTER,ORACLE_STARTER_IDENTITY_ONLY,False
2018,6,REG,2018-10-14,2018_06_CHI_MIA,CHI,MIA,Mitchell Trubisky,TrubMi00,00-0033869,STATHEAD_QB_STARTED_QUERY,Stage01 canonical reconciliation rank 3760,STATHEAD_UNAMBIGUOUS_SINGLE_CANDIDATE,False,CREDITED,Brock Osweiler,OsweBr00,00-0029682,STATHEAD_QB_STARTED_QUERY,Stage01 canonical reconciliation rank 3753,STATHEAD_UNAMBIGUOUS_SINGLE_CANDIDATE,False,CREDITED,POSTGAME_ACTUAL_STARTER,ORACLE_STARTER_IDENTITY_ONLY,False
2018,6,REG,2018-10-14,2018_06_IND_NYJ,IND,NYJ,Andrew Luck,LuckAn00,00-0029668,STATHEAD_QB_STARTED_QUERY,Stage01 canonical reconciliation rank 3748,STATHEAD_UNAMBIGUOUS_SINGLE_CANDIDATE,False,CREDITED,Sam Darnold,DarnSa00,00-0034869,STATHEAD_QB_STARTED_QUERY,Stage01 canonical reconciliation rank 3744,STATHEAD_UNAMBIGUOUS_SINGLE_CANDIDATE,False,CREDITED,POSTGAME_ACTUAL_STARTER,ORACLE_STARTER_IDENTITY_ONLY,False
2018,6,REG,2018-10-14,2018_06_JAX_DAL,JAX,DAL,Blake Bortles,BortBl00,00-0031407,STATHEAD_QB_STARTED_QUERY,Stage01 canonical reconciliation rank 3739,STATHEAD_UNAMBIGUOUS_SINGLE_CANDIDATE,False,CREDITED,Dak Prescott,PresDa01,00-0033077,STATHEAD_QB_STARTED_QUERY,Stage01 canonical reconciliation rank 3754,STATHEAD_UNAMBIGUOUS_SINGLE_CANDIDATE,False,CREDITED,POSTGAME_ACTUAL_STARTER,ORACLE_STARTER_IDENTITY_ONLY,False
2018,6,REG,2018-10-14,2018_06_KC_NE,KC,NE,Patrick Mahomes,MahoPa00,00-0033873,STATHEAD_QB_STARTED_QUERY,Stage01 canonical reconciliation rank 3749,STATHEAD_UNAMBIGUOUS_SINGLE_CANDIDATE,False,CREDITED,Tom Brady,BradTo00,00-0019596,STATHEAD_QB_STARTED_QUERY,Stage01 canonical reconciliation rank 3740,STATHEAD_UNAMBIGUOUS_SINGLE_CANDIDATE,False,CREDITED,POSTGAME_ACTUAL_STARTER,ORACLE_STARTER_IDENTITY_ONLY,False
2018,6,REG,2018-10-14,2018_06_LAC_CLE,LAC,CLE,Philip Rivers,RivePh00,00-0022942,STATHEAD_QB_STARTED_QUERY,Stage01 canonical reconciliation rank 3755,STATHEAD_UNAMBIGUOUS_SINGLE_CANDIDATE,False,CREDITED,Baker Mayfield,MayfBa00,00-0034855,STATHEAD_QB_STARTED_QUERY,Stage01 canonical reconciliation rank 3751,STATHEAD_UNAMBIGUOUS_SINGLE_CANDIDATE,False,CREDITED,POSTGAME_ACTUAL_STARTER,ORACLE_STARTER_IDENTITY_ONLY,False
2018,6,REG,2018-10-14,2018_06_LA_DEN,LAR,DEN,Jared Goff,GoffJa00,00-0033106,STATHEAD_QB_STARTED_QUERY,Stage01 canonical reconciliation rank 3746,STATHEAD_UNAMBIGUOUS_SINGLE_CANDIDATE,False,CREDITED,Case Keenum,KeenCa00,00-0028986,STATHEAD_QB_STARTED_QUERY,Stage01 canonical reconciliation rank 3747,STATHEAD_UNAMBIGUOUS_SINGLE_CANDIDATE,False,CREDITED,POSTGAME_ACTUAL_STARTER,ORACLE_STARTER_IDENTITY_ONLY,False
2018,6,REG,2018-10-11,2018_06_PHI_NYG,PHI,NYG,Carson Wentz,WentCa00,00-0032950,STATHEAD_QB_STARTED_QUERY,Stage01 canonical reconciliation rank 3765,STATHEAD_UNAMBIGUOUS_SINGLE_CANDIDATE,False,CREDITED,Eli Manning,MannEl00,00-0022803,STATHEAD_QB_STARTED_QUERY,Stage01 canonical reconciliation rank 3764,STATHEAD_UNAMBIGUOUS_SINGLE_CANDIDATE,False,CREDITED,POSTGAME_ACTUAL_STARTER,ORACLE_STARTER_IDENTITY_ONLY,False
2018,6,REG,2018-10-14,2018_06_PIT_CIN,PIT,CIN,Ben Roethlisberger,RoetBe00,00-0022924,STATHEAD_QB_STARTED_QUERY,Stage01 canonical reconciliation rank 3756,STATHEAD_UNAMBIGUOUS_SINGLE_CANDIDATE,False,CREDITED,Andy Dalton,DaltAn00,00-0027973,STATHEAD_QB_STARTED_QUERY,Stage01 canonical reconciliation rank 3743,STATHEAD_UNAMBIGUOUS_SINGLE_CANDIDATE,False,CREDITED,POSTGAME_ACTUAL_STARTER,ORACLE_STARTER_IDENTITY_ONLY,False
2018,6,REG,2018-10-14,2018_06_SEA_OAK,SEA,LV,Russell Wilson,WilsRu00,00-0029263,STATHEAD_QB_STARTED_QUERY,Stage01 canonical reconciliation rank 3762,STATHEAD_UNAMBIGUOUS_SINGLE_CANDIDATE,False,CREDITED,Derek Carr,CarrDe02,00-0031280,STATHEAD_QB_STARTED_QUERY,Stage01 canonical reconciliation rank 3741,STATHEAD_UNAMBIGUOUS_SINGLE_CANDIDATE,False,CREDITED,POSTGAME_ACTUAL_STARTER,ORACLE_STARTER_IDENTITY_ONLY,False
2018,6,REG,2018-10-15,2018_06_SF_GB,SF,GB,C.J. Beathard,BeatC.00,00-0033936,STATHEAD_QB_STARTED_QUERY,Stage01 canonical reconciliation rank 3736,STATHEAD_UNAMBIGUOUS_SINGLE_CANDIDATE,False,CREDITED,Aaron Rodgers,RodgAa00,00-0023459,STATHEAD_QB_STARTED_QUERY,Stage01 canonical reconciliation rank 3737,STATHEAD_UNAMBIGUOUS_SINGLE_CANDIDATE,False,CREDITED,POSTGAME_ACTUAL_STARTER,ORACLE_STARTER_IDENTITY_ONLY,False
2018,6,REG,2018-10-14,2018_06_TB_ATL,TB,ATL,Jameis Winston,WinsJa00,00-0031503,STATHEAD_QB_STARTED_QUERY,Stage01 canonical reconciliation rank 3763,STATHEAD_UNAMBIGUOUS_SINGLE_CANDIDATE,False,CREDITED,Matt Ryan,RyanMa00,00-0026143,STATHEAD_QB_STARTED_QUERY,Stage01 canonical reconciliation rank 3758,STATHEAD_UNAMBIGUOUS_SINGLE_CANDIDATE,False,CREDITED,POSTGAME_ACTUAL_STARTER,ORACLE_STARTER_IDENTITY_ONLY,False
2018,7,REG,2018-10-21,2018_07_BUF_IND,BUF,IND,Derek Anderson,AndeDe00,00-0023645,STATHEAD_QB_STARTED_QUERY,Stage01 canonical reconciliation rank 3710,STATHEAD_UNAMBIGUOUS_SINGLE_CANDIDATE,False,CREDITED,Andrew Luck,LuckAn00,00-0029668,STATHEAD_QB_STARTED_QUERY,Stage01 canonical reconciliation rank 3720,STATHEAD_UNAMBIGUOUS_SINGLE_CANDIDATE,False,CREDITED,POSTGAME_ACTUAL_STARTER,ORACLE_STARTER_IDENTITY_ONLY,False
2018,7,REG,2018-10-21,2018_07_CAR_PHI,CAR,PHI,Cam Newton,NewtCa00,00-0027939,STATHEAD_QB_STARTED_QUERY,Stage01 canonical reconciliation rank 3724,STATHEAD_UNAMBIGUOUS_SINGLE_CANDIDATE,False,CREDITED,Carson Wentz,WentCa00,00-0032950,STATHEAD_QB_STARTED_QUERY,Stage01 canonical reconciliation rank 3732,STATHEAD_UNAMBIGUOUS_SINGLE_CANDIDATE,False,CREDITED,POSTGAME_ACTUAL_STARTER,ORACLE_STARTER_IDENTITY_ONLY,False
2018,7,REG,2018-10-21,2018_07_CIN_KC,CIN,KC,Andy Dalton,DaltAn00,00-0027973,STATHEAD_QB_STARTED_QUERY,Stage01 canonical reconciliation rank 3716,STATHEAD_UNAMBIGUOUS_SINGLE_CANDIDATE,False,CREDITED,Patrick Mahomes,MahoPa00,00-0033873,STATHEAD_QB_STARTED_QUERY,Stage01 canonical reconciliation rank 3721,STATHEAD_UNAMBIGUOUS_SINGLE_CANDIDATE,False,CREDITED,POSTGAME_ACTUAL_STARTER,ORACLE_STARTER_IDENTITY_ONLY,False
2018,7,REG,2018-10-21,2018_07_CLE_TB,CLE,TB,Baker Mayfield,MayfBa00,00-0034855,STATHEAD_QB_STARTED_QUERY,Stage01 canonical reconciliation rank 3723,STATHEAD_UNAMBIGUOUS_SINGLE_CANDIDATE,False,CREDITED,Jameis Winston,WinsJa00,00-0031503,STATHEAD_QB_STARTED_QUERY,Stage01 canonical reconciliation rank 3733,STATHEAD_UNAMBIGUOUS_SINGLE_CANDIDATE,False,CREDITED,POSTGAME_ACTUAL_STARTER,ORACLE_STARTER_IDENTITY_ONLY,False
2018,7,REG,2018-10-21,2018_07_DAL_WAS,DAL,WAS,Dak Prescott,PresDa01,00-0033077,STATHEAD_QB_STARTED_QUERY,Stage01 canonical reconciliation rank 3726,STATHEAD_UNAMBIGUOUS_SINGLE_CANDIDATE,False,CREDITED,Alex Smith,SmitAl03,00-0023436,STATHEAD_QB_STARTED_QUERY,Stage01 canonical reconciliation rank 3728,STATHEAD_UNAMBIGUOUS_SINGLE_CANDIDATE,False,CREDITED,POSTGAME_ACTUAL_STARTER,ORACLE_STARTER_IDENTITY_ONLY,False
2018,7,REG,2018-10-18,2018_07_DEN_ARI,DEN,ARI,Case Keenum,KeenCa00,00-0028986,STATHEAD_QB_STARTED_QUERY,Stage01 canonical reconciliation rank 3734,STATHEAD_UNAMBIGUOUS_SINGLE_CANDIDATE,False,CREDITED,Josh Rosen,RoseJo01,00-0034343,STATHEAD_QB_STARTED_QUERY,Stage01 canonical reconciliation rank 3735,STATHEAD_UNAMBIGUOUS_SINGLE_CANDIDATE,False,CREDITED,POSTGAME_ACTUAL_STARTER,ORACLE_STARTER_IDENTITY_ONLY,False
2018,7,REG,2018-10-21,2018_07_DET_MIA,DET,MIA,Matthew Stafford,StafMa00,00-0026498,STATHEAD_QB_STARTED_QUERY,Stage01 canonical reconciliation rank 3729,STATHEAD_UNAMBIGUOUS_SINGLE_CANDIDATE,False,CREDITED,Brock Osweiler,OsweBr00,00-0029682,STATHEAD_QB_STARTED_QUERY,Stage01 canonical reconciliation rank 3725,STATHEAD_UNAMBIGUOUS_SINGLE_CANDIDATE,False,CREDITED,POSTGAME_ACTUAL_STARTER,ORACLE_STARTER_IDENTITY_ONLY,False
2018,7,REG,2018-10-21,2018_07_HOU_JAX,HOU,JAX,Deshaun Watson,WatsDe00,00-0033537,STATHEAD_QB_STARTED_QUERY,Stage01 canonical reconciliation rank 3731,STATHEAD_UNAMBIGUOUS_SINGLE_CANDIDATE,False,CREDITED,Blake Bortles,BortBl00,00-0031407,STATHEAD_QB_STARTED_QUERY,Stage01 canonical reconciliation rank 3712,STATHEAD_UNAMBIGUOUS_SINGLE_CANDIDATE,False,CREDITED,POSTGAME_ACTUAL_STARTER,ORACLE_STARTER_IDENTITY_ONLY,False
2018,7,REG,2018-10-21,2018_07_LA_SF,LAR,SF,Jared Goff,GoffJa00,00-0033106,STATHEAD_QB_STARTED_QUERY,Stage01 canonical reconciliation rank 3719,STATHEAD_UNAMBIGUOUS_SINGLE_CANDIDATE,False,CREDITED,C.J. Beathard,BeatC.00,00-0033936,STATHEAD_QB_STARTED_QUERY,Stage01 canonical reconciliation rank 3711,STATHEAD_UNAMBIGUOUS_SINGLE_CANDIDATE,False,CREDITED,POSTGAME_ACTUAL_STARTER,ORACLE_STARTER_IDENTITY_ONLY,False
2018,7,REG,2018-10-21,2018_07_MIN_NYJ,MIN,NYJ,Kirk Cousins,CousKi00,00-0029604,STATHEAD_QB_STARTED_QUERY,Stage01 canonical reconciliation rank 3715,STATHEAD_UNAMBIGUOUS_SINGLE_CANDIDATE,False,CREDITED,Sam Darnold,DarnSa00,00-0034869,STATHEAD_QB_STARTED_QUERY,Stage01 canonical reconciliation rank 3717,STATHEAD_UNAMBIGUOUS_SINGLE_CANDIDATE,False,CREDITED,POSTGAME_ACTUAL_STARTER,ORACLE_STARTER_IDENTITY_ONLY,False
2018,7,REG,2018-10-21,2018_07_NE_CHI,NE,CHI,Tom Brady,BradTo00,00-0019596,STATHEAD_QB_STARTED_QUERY,Stage01 canonical reconciliation rank 3713,STATHEAD_UNAMBIGUOUS_SINGLE_CANDIDATE,False,CREDITED,Mitchell Trubisky,TrubMi00,00-0033869,STATHEAD_QB_STARTED_QUERY,Stage01 canonical reconciliation rank 3730,STATHEAD_UNAMBIGUOUS_SINGLE_CANDIDATE,False,CREDITED,POSTGAME_ACTUAL_STARTER,ORACLE_STARTER_IDENTITY_ONLY,False
2018,7,REG,2018-10-21,2018_07_NO_BAL,NO,BAL,Drew Brees,BreeDr00,00-0020531,STATHEAD_QB_STARTED_QUERY,Stage01 canonical reconciliation rank 3714,STATHEAD_UNAMBIGUOUS_SINGLE_CANDIDATE,False,CREDITED,Joe Flacco,FlacJo00,00-0026158,STATHEAD_QB_STARTED_QUERY,Stage01 canonical reconciliation rank 3718,STATHEAD_UNAMBIGUOUS_SINGLE_CANDIDATE,False,CREDITED,POSTGAME_ACTUAL_STARTER,ORACLE_STARTER_IDENTITY_ONLY,False
2018,7,REG,2018-10-22,2018_07_NYG_ATL,NYG,ATL,Eli Manning,MannEl00,00-0022803,STATHEAD_QB_STARTED_QUERY,Stage01 canonical reconciliation rank 3708,STATHEAD_UNAMBIGUOUS_SINGLE_CANDIDATE,False,CREDITED,Matt Ryan,RyanMa00,00-0026143,STATHEAD_QB_STARTED_QUERY,Stage01 canonical reconciliation rank 3709,STATHEAD_UNAMBIGUOUS_SINGLE_CANDIDATE,False,CREDITED,POSTGAME_ACTUAL_STARTER,ORACLE_STARTER_IDENTITY_ONLY,False
2018,7,REG,2018-10-21,2018_07_TEN_LAC,TEN,LAC,Marcus Mariota,MariMa01,00-0032268,STATHEAD_QB_STARTED_QUERY,Stage01 canonical reconciliation rank 3722,STATHEAD_UNAMBIGUOUS_SINGLE_CANDIDATE,False,CREDITED,Philip Rivers,RivePh00,00-0022942,STATHEAD_QB_STARTED_QUERY,Stage01 canonical reconciliation rank 3727,STATHEAD_UNAMBIGUOUS_SINGLE_CANDIDATE,False,CREDITED,POSTGAME_ACTUAL_STARTER,ORACLE_STARTER_IDENTITY_ONLY,False
2018,8,REG,2018-10-28,2018_08_BAL_CAR,BAL,CAR,Joe Flacco,FlacJo00,00-0026158,STATHEAD_QB_STARTED_QUERY,Stage01 canonical reconciliation rank 3688,STATHEAD_UNAMBIGUOUS_SINGLE_CANDIDATE,False,CREDITED,Cam Newton,NewtCa00,00-0027939,STATHEAD_QB_STARTED_QUERY,Stage01 canonical reconciliation rank 3696,STATHEAD_UNAMBIGUOUS_SINGLE_CANDIDATE,False,CREDITED,POSTGAME_ACTUAL_STARTER,ORACLE_STARTER_IDENTITY_ONLY,False
2018,8,REG,2018-10-28,2018_08_CLE_PIT,CLE,PIT,Baker Mayfield,MayfBa00,00-0034855,STATHEAD_QB_STARTED_QUERY,Stage01 canonical reconciliation rank 3695,STATHEAD_UNAMBIGUOUS_SINGLE_CANDIDATE,False,CREDITED,Ben Roethlisberger,RoetBe00,00-0022924,STATHEAD_QB_STARTED_QUERY,Stage01 canonical reconciliation rank 3698,STATHEAD_UNAMBIGUOUS_SINGLE_CANDIDATE,False,CREDITED,POSTGAME_ACTUAL_STARTER,ORACLE_STARTER_IDENTITY_ONLY,False
2018,8,REG,2018-10-28,2018_08_DEN_KC,DEN,KC,Case Keenum,KeenCa00,00-0028986,STATHEAD_QB_STARTED_QUERY,Stage01 canonical reconciliation rank 3691,STATHEAD_UNAMBIGUOUS_SINGLE_CANDIDATE,False,CREDITED,Patrick Mahomes,MahoPa00,00-0033873,STATHEAD_QB_STARTED_QUERY,Stage01 canonical reconciliation rank 3693,STATHEAD_UNAMBIGUOUS_SINGLE_CANDIDATE,False,CREDITED,POSTGAME_ACTUAL_STARTER,ORACLE_STARTER_IDENTITY_ONLY,False
2018,8,REG,2018-10-28,2018_08_GB_LA,GB,LAR,Aaron Rodgers,RodgAa00,00-0023459,STATHEAD_QB_STARTED_QUERY,Stage01 canonical reconciliation rank 3697,STATHEAD_UNAMBIGUOUS_SINGLE_CANDIDATE,False,CREDITED,Jared Goff,GoffJa00,00-0033106,STATHEAD_QB_STARTED_QUERY,Stage01 canonical reconciliation rank 3689,STATHEAD_UNAMBIGUOUS_SINGLE_CANDIDATE,False,CREDITED,POSTGAME_ACTUAL_STARTER,ORACLE_STARTER_IDENTITY_ONLY,False
2018,8,REG,2018-10-28,2018_08_IND_OAK,IND,LV,Andrew Luck,LuckAn00,00-0029668,STATHEAD_QB_STARTED_QUERY,Stage01 canonical reconciliation rank 3692,STATHEAD_UNAMBIGUOUS_SINGLE_CANDIDATE,False,CREDITED,Derek Carr,CarrDe02,00-0031280,STATHEAD_QB_STARTED_QUERY,Stage01 canonical reconciliation rank 3684,STATHEAD_UNAMBIGUOUS_SINGLE_CANDIDATE,False,CREDITED,POSTGAME_ACTUAL_STARTER,ORACLE_STARTER_IDENTITY_ONLY,False
2018,8,REG,2018-10-25,2018_08_MIA_HOU,MIA,HOU,Brock Osweiler,OsweBr00,00-0029682,STATHEAD_QB_STARTED_QUERY,Stage01 canonical reconciliation rank 3706,STATHEAD_UNAMBIGUOUS_SINGLE_CANDIDATE,False,CREDITED,Deshaun Watson,WatsDe00,00-0033537,STATHEAD_QB_STARTED_QUERY,Stage01 canonical reconciliation rank 3707,STATHEAD_UNAMBIGUOUS_SINGLE_CANDIDATE,False,CREDITED,POSTGAME_ACTUAL_STARTER,ORACLE_STARTER_IDENTITY_ONLY,False
2018,8,REG,2018-10-29,2018_08_NE_BUF,NE,BUF,Tom Brady,BradTo00,00-0019596,STATHEAD_QB_STARTED_QUERY,Stage01 canonical reconciliation rank 3680,STATHEAD_UNAMBIGUOUS_SINGLE_CANDIDATE,False,CREDITED,Derek Anderson,AndeDe00,00-0023645,STATHEAD_QB_STARTED_QUERY,Stage01 canonical reconciliation rank 3679,STATHEAD_UNAMBIGUOUS_SINGLE_CANDIDATE,False,CREDITED,POSTGAME_ACTUAL_STARTER,ORACLE_STARTER_IDENTITY_ONLY,False
2018,8,REG,2018-10-28,2018_08_NO_MIN,NO,MIN,Drew Brees,BreeDr00,00-0020531,VALIDATED_MANUAL_WEB_RESEARCH,,VALIDATED_MANUAL_WEB_EXCEPTION,False,CREDITED,Kirk Cousins,CousKi00,00-0029604,STATHEAD_QB_STARTED_QUERY,Stage01 canonical reconciliation rank 3685,STATHEAD_UNAMBIGUOUS_SINGLE_CANDIDATE,False,CREDITED,POSTGAME_ACTUAL_STARTER,ORACLE_STARTER_IDENTITY_ONLY,False
2018,8,REG,2018-10-28,2018_08_NYJ_CHI,NYJ,CHI,Sam Darnold,DarnSa00,00-0034869,STATHEAD_QB_STARTED_QUERY,Stage01 canonical reconciliation rank 3687,STATHEAD_UNAMBIGUOUS_SINGLE_CANDIDATE,False,CREDITED,Mitchell Trubisky,TrubMi00,00-0033869,STATHEAD_QB_STARTED_QUERY,Stage01 canonical reconciliation rank 3702,STATHEAD_UNAMBIGUOUS_SINGLE_CANDIDATE,False,CREDITED,POSTGAME_ACTUAL_STARTER,ORACLE_STARTER_IDENTITY_ONLY,False
2018,8,REG,2018-10-28,2018_08_PHI_JAX,PHI,JAX,Carson Wentz,WentCa00,00-0032950,STATHEAD_QB_STARTED_QUERY,Stage01 canonical reconciliation rank 3703,STATHEAD_UNAMBIGUOUS_SINGLE_CANDIDATE,False,CREDITED,Blake Bortles,BortBl00,00-0031407,STATHEAD_QB_STARTED_QUERY,Stage01 canonical reconciliation rank 3682,STATHEAD_UNAMBIGUOUS_SINGLE_CANDIDATE,False,CREDITED,POSTGAME_ACTUAL_STARTER,ORACLE_STARTER_IDENTITY_ONLY,False
2018,8,REG,2018-10-28,2018_08_SEA_DET,SEA,DET,Russell Wilson,WilsRu00,00-0029263,STATHEAD_QB_STARTED_QUERY,Stage01 canonical reconciliation rank 3704,STATHEAD_UNAMBIGUOUS_SINGLE_CANDIDATE,False,CREDITED,Matthew Stafford,StafMa00,00-0026498,STATHEAD_QB_STARTED_QUERY,Stage01 canonical reconciliation rank 3701,STATHEAD_UNAMBIGUOUS_SINGLE_CANDIDATE,False,CREDITED,POSTGAME_ACTUAL_STARTER,ORACLE_STARTER_IDENTITY_ONLY,False
2018,8,REG,2018-10-28,2018_08_SF_ARI,SF,ARI,C.J. Beathard,BeatC.00,00-0033936,STATHEAD_QB_STARTED_QUERY,Stage01 canonical reconciliation rank 3681,STATHEAD_UNAMBIGUOUS_SINGLE_CANDIDATE,False,CREDITED,Josh Rosen,RoseJo01,00-0034343,STATHEAD_QB_STARTED_QUERY,Stage01 canonical reconciliation rank 3699,STATHEAD_UNAMBIGUOUS_SINGLE_CANDIDATE,False,CREDITED,POSTGAME_ACTUAL_STARTER,ORACLE_STARTER_IDENTITY_ONLY,False
2018,8,REG,2018-10-28,2018_08_TB_CIN,TB,CIN,Jameis Winston,WinsJa00,00-0031503,STATHEAD_QB_STARTED_QUERY,Stage01 canonical reconciliation rank 3705,STATHEAD_UNAMBIGUOUS_SINGLE_CANDIDATE,False,CREDITED,Andy Dalton,DaltAn00,00-0027973,STATHEAD_QB_STARTED_QUERY,Stage01 canonical reconciliation rank 3686,STATHEAD_UNAMBIGUOUS_SINGLE_CANDIDATE,False,CREDITED,POSTGAME_ACTUAL_STARTER,ORACLE_STARTER_IDENTITY_ONLY,False
2018,8,REG,2018-10-28,2018_08_WAS_NYG,WAS,NYG,Alex Smith,SmitAl03,00-0023436,STATHEAD_QB_STARTED_QUERY,Stage01 canonical reconciliation rank 3700,STATHEAD_UNAMBIGUOUS_SINGLE_CANDIDATE,False,CREDITED,Eli Manning,MannEl00,00-0022803,STATHEAD_QB_STARTED_QUERY,Stage01 canonical reconciliation rank 3694,STATHEAD_UNAMBIGUOUS_SINGLE_CANDIDATE,False,CREDITED,POSTGAME_ACTUAL_STARTER,ORACLE_STARTER_IDENTITY_ONLY,False
2018,9,REG,2018-11-04,2018_09_ATL_WAS,ATL,WAS,Matt Ryan,RyanMa00,00-0026143,STATHEAD_QB_STARTED_QUERY,Stage01 canonical reconciliation rank 3671,STATHEAD_UNAMBIGUOUS_SINGLE_CANDIDATE,False,CREDITED,Alex Smith,SmitAl03,00-0023436,STATHEAD_QB_STARTED_QUERY,Stage01 canonical reconciliation rank 3672,STATHEAD_UNAMBIGUOUS_SINGLE_CANDIDATE,False,CREDITED,POSTGAME_ACTUAL_STARTER,ORACLE_STARTER_IDENTITY_ONLY,False
2018,9,REG,2018-11-04,2018_09_CHI_BUF,CHI,BUF,Mitchell Trubisky,TrubMi00,00-0033869,STATHEAD_QB_STARTED_QUERY,Stage01 canonical reconciliation rank 3674,STATHEAD_UNAMBIGUOUS_SINGLE_CANDIDATE,False,CREDITED,Nathan Peterman,PeteNa00,00-0033958,STATHEAD_QB_STARTED_QUERY,Stage01 canonical reconciliation rank 3667,STATHEAD_UNAMBIGUOUS_SINGLE_CANDIDATE,False,CREDITED,POSTGAME_ACTUAL_STARTER,ORACLE_STARTER_IDENTITY_ONLY,False
2018,9,REG,2018-11-04,2018_09_DET_MIN,DET,MIN,Matthew Stafford,StafMa00,00-0026498,STATHEAD_QB_STARTED_QUERY,Stage01 canonical reconciliation rank 3673,STATHEAD_UNAMBIGUOUS_SINGLE_CANDIDATE,False,CREDITED,Kirk Cousins,CousKi00,00-0029604,STATHEAD_QB_STARTED_QUERY,Stage01 canonical reconciliation rank 3657,STATHEAD_UNAMBIGUOUS_SINGLE_CANDIDATE,False,CREDITED,POSTGAME_ACTUAL_STARTER,ORACLE_STARTER_IDENTITY_ONLY,False
2018,9,REG,2018-11-04,2018_09_GB_NE,GB,NE,Aaron Rodgers,RodgAa00,00-0023459,STATHEAD_QB_STARTED_QUERY,Stage01 canonical reconciliation rank 3669,STATHEAD_UNAMBIGUOUS_SINGLE_CANDIDATE,False,CREDITED,Tom Brady,BradTo00,00-0019596,STATHEAD_QB_STARTED_QUERY,Stage01 canonical reconciliation rank 3655,STATHEAD_UNAMBIGUOUS_SINGLE_CANDIDATE,False,CREDITED,POSTGAME_ACTUAL_STARTER,ORACLE_STARTER_IDENTITY_ONLY,False
2018,9,REG,2018-11-04,2018_09_HOU_DEN,HOU,DEN,Deshaun Watson,WatsDe00,00-0033537,STATHEAD_QB_STARTED_QUERY,Stage01 canonical reconciliation rank 3675,STATHEAD_UNAMBIGUOUS_SINGLE_CANDIDATE,False,CREDITED,Case Keenum,KeenCa00,00-0028986,STATHEAD_QB_STARTED_QUERY,Stage01 canonical reconciliation rank 3662,STATHEAD_UNAMBIGUOUS_SINGLE_CANDIDATE,False,CREDITED,POSTGAME_ACTUAL_STARTER,ORACLE_STARTER_IDENTITY_ONLY,False
2018,9,REG,2018-11-04,2018_09_KC_CLE,KC,CLE,Patrick Mahomes,MahoPa00,00-0033873,STATHEAD_QB_STARTED_QUERY,Stage01 canonical reconciliation rank 3663,STATHEAD_UNAMBIGUOUS_SINGLE_CANDIDATE,False,CREDITED,Baker Mayfield,MayfBa00,00-0034855,STATHEAD_QB_STARTED_QUERY,Stage01 canonical reconciliation rank 3664,STATHEAD_UNAMBIGUOUS_SINGLE_CANDIDATE,False,CREDITED,POSTGAME_ACTUAL_STARTER,ORACLE_STARTER_IDENTITY_ONLY,False
2018,9,REG,2018-11-04,2018_09_LAC_SEA,LAC,SEA,Philip Rivers,RivePh00,00-0022942,STATHEAD_QB_STARTED_QUERY,Stage01 canonical reconciliation rank 3668,STATHEAD_UNAMBIGUOUS_SINGLE_CANDIDATE,False,CREDITED,Russell Wilson,WilsRu00,00-0029263,STATHEAD_QB_STARTED_QUERY,Stage01 canonical reconciliation rank 3676,STATHEAD_UNAMBIGUOUS_SINGLE_CANDIDATE,False,CREDITED,POSTGAME_ACTUAL_STARTER,ORACLE_STARTER_IDENTITY_ONLY,False
2018,9,REG,2018-11-04,2018_09_LA_NO,LAR,NO,Jared Goff,GoffJa00,00-0033106,STATHEAD_QB_STARTED_QUERY,Stage01 canonical reconciliation rank 3661,STATHEAD_UNAMBIGUOUS_SINGLE_CANDIDATE,False,CREDITED,Drew Brees,BreeDr00,00-0020531,STATHEAD_QB_STARTED_QUERY,Stage01 canonical reconciliation rank 3656,STATHEAD_UNAMBIGUOUS_SINGLE_CANDIDATE,False,CREDITED,POSTGAME_ACTUAL_STARTER,ORACLE_STARTER_IDENTITY_ONLY,False
2018,9,REG,2018-11-04,2018_09_NYJ_MIA,NYJ,MIA,Sam Darnold,DarnSa00,00-0034869,STATHEAD_QB_STARTED_QUERY,Stage01 canonical reconciliation rank 3658,STATHEAD_UNAMBIGUOUS_SINGLE_CANDIDATE,False,CREDITED,Brock Osweiler,OsweBr00,00-0029682,STATHEAD_QB_STARTED_QUERY,Stage01 canonical reconciliation rank 3666,STATHEAD_UNAMBIGUOUS_SINGLE_CANDIDATE,False,CREDITED,POSTGAME_ACTUAL_STARTER,ORACLE_STARTER_IDENTITY_ONLY,False
2018,9,REG,2018-11-01,2018_09_OAK_SF,LV,SF,Derek Carr,CarrDe02,00-0031280,STATHEAD_QB_STARTED_QUERY,Stage01 canonical reconciliation rank 3677,STATHEAD_UNAMBIGUOUS_SINGLE_CANDIDATE,False,CREDITED,Nick Mullens,MullNi00,00-0033319,STATHEAD_QB_STARTED_QUERY,Stage01 canonical reconciliation rank 3678,STATHEAD_UNAMBIGUOUS_SINGLE_CANDIDATE,False,CREDITED,POSTGAME_ACTUAL_STARTER,ORACLE_STARTER_IDENTITY_ONLY,False
2018,9,REG,2018-11-04,2018_09_PIT_BAL,PIT,BAL,Ben Roethlisberger,RoetBe00,00-0022924,STATHEAD_QB_STARTED_QUERY,Stage01 canonical reconciliation rank 3670,STATHEAD_UNAMBIGUOUS_SINGLE_CANDIDATE,False,CREDITED,Joe Flacco,FlacJo00,00-0026158,STATHEAD_QB_STARTED_QUERY,Stage01 canonical reconciliation rank 3660,STATHEAD_UNAMBIGUOUS_SINGLE_CANDIDATE,False,CREDITED,POSTGAME_ACTUAL_STARTER,ORACLE_STARTER_IDENTITY_ONLY,False
2018,9,REG,2018-11-04,2018_09_TB_CAR,TB,CAR,Ryan Fitzpatrick,FitzRy00,00-0023682,STATHEAD_QB_STARTED_QUERY,Stage01 canonical reconciliation rank 3659,STATHEAD_UNAMBIGUOUS_SINGLE_CANDIDATE,False,CREDITED,Cam Newton,NewtCa00,00-0027939,STATHEAD_QB_STARTED_QUERY,Stage01 canonical reconciliation rank 3665,STATHEAD_UNAMBIGUOUS_SINGLE_CANDIDATE,False,CREDITED,POSTGAME_ACTUAL_STARTER,ORACLE_STARTER_IDENTITY_ONLY,False
2018,9,REG,2018-11-05,2018_09_TEN_DAL,TEN,DAL,Marcus Mariota,MariMa01,00-0032268,STATHEAD_QB_STARTED_QUERY,Stage01 canonical reconciliation rank 3653,STATHEAD_UNAMBIGUOUS_SINGLE_CANDIDATE,False,CREDITED,Dak Prescott,PresDa01,00-0033077,STATHEAD_QB_STARTED_QUERY,Stage01 canonical reconciliation rank 3654,STATHEAD_UNAMBIGUOUS_SINGLE_CANDIDATE,False,CREDITED,POSTGAME_ACTUAL_STARTER,ORACLE_STARTER_IDENTITY_ONLY,False
2018,10,REG,2018-11-11,2018_10_ARI_KC,ARI,KC,Josh Rosen,RoseJo01,00-0034343,STATHEAD_QB_STARTED_QUERY,Stage01 canonical reconciliation rank 3644,STATHEAD_UNAMBIGUOUS_SINGLE_CANDIDATE,False,CREDITED,Patrick Mahomes,MahoPa00,00-0033873,STATHEAD_QB_STARTED_QUERY,Stage01 canonical reconciliation rank 3636,STATHEAD_UNAMBIGUOUS_SINGLE_CANDIDATE,False,CREDITED,POSTGAME_ACTUAL_STARTER,ORACLE_STARTER_IDENTITY_ONLY,False
2018,10,REG,2018-11-11,2018_10_ATL_CLE,ATL,CLE,Matt Ryan,RyanMa00,00-0026143,STATHEAD_QB_STARTED_QUERY,Stage01 canonical reconciliation rank 3645,STATHEAD_UNAMBIGUOUS_SINGLE_CANDIDATE,False,CREDITED,Baker Mayfield,MayfBa00,00-0034855,STATHEAD_QB_STARTED_QUERY,Stage01 canonical reconciliation rank 3638,STATHEAD_UNAMBIGUOUS_SINGLE_CANDIDATE,False,CREDITED,POSTGAME_ACTUAL_STARTER,ORACLE_STARTER_IDENTITY_ONLY,False
2018,10,REG,2018-11-11,2018_10_BUF_NYJ,BUF,NYJ,Matt Barkley,BarkMa00,00-0030533,STATHEAD_QB_STARTED_QUERY,Stage01 canonical reconciliation rank 3626,STATHEAD_UNAMBIGUOUS_SINGLE_CANDIDATE,False,CREDITED,Josh McCown,McCoJo01,00-0021206,STATHEAD_QB_STARTED_QUERY,Stage01 canonical reconciliation rank 3639,STATHEAD_UNAMBIGUOUS_SINGLE_CANDIDATE,False,CREDITED,POSTGAME_ACTUAL_STARTER,ORACLE_STARTER_IDENTITY_ONLY,False
2018,10,REG,2018-11-08,2018_10_CAR_PIT,CAR,PIT,Cam Newton,NewtCa00,00-0027939,STATHEAD_QB_STARTED_QUERY,Stage01 canonical reconciliation rank 3651,STATHEAD_UNAMBIGUOUS_SINGLE_CANDIDATE,False,CREDITED,Ben Roethlisberger,RoetBe00,00-0022924,STATHEAD_QB_STARTED_QUERY,Stage01 canonical reconciliation rank 3652,STATHEAD_UNAMBIGUOUS_SINGLE_CANDIDATE,False,CREDITED,POSTGAME_ACTUAL_STARTER,ORACLE_STARTER_IDENTITY_ONLY,False
2018,10,REG,2018-11-11,2018_10_DAL_PHI,DAL,PHI,Dak Prescott,PresDa01,00-0033077,STATHEAD_QB_STARTED_QUERY,Stage01 canonical reconciliation rank 3641,STATHEAD_UNAMBIGUOUS_SINGLE_CANDIDATE,False,CREDITED,Carson Wentz,WentCa00,00-0032950,STATHEAD_QB_STARTED_QUERY,Stage01 canonical reconciliation rank 3649,STATHEAD_UNAMBIGUOUS_SINGLE_CANDIDATE,False,CREDITED,POSTGAME_ACTUAL_STARTER,ORACLE_STARTER_IDENTITY_ONLY,False
2018,10,REG,2018-11-11,2018_10_DET_CHI,DET,CHI,Matthew Stafford,StafMa00,00-0026498,STATHEAD_QB_STARTED_QUERY,Stage01 canonical reconciliation rank 3647,STATHEAD_UNAMBIGUOUS_SINGLE_CANDIDATE,False,CREDITED,Mitchell Trubisky,TrubMi00,00-0033869,STATHEAD_QB_STARTED_QUERY,Stage01 canonical reconciliation rank 3648,STATHEAD_UNAMBIGUOUS_SINGLE_CANDIDATE,False,CREDITED,POSTGAME_ACTUAL_STARTER,ORACLE_STARTER_IDENTITY_ONLY,False
2018,10,REG,2018-11-11,2018_10_JAX_IND,JAX,IND,Blake Bortles,BortBl00,00-0031407,STATHEAD_QB_STARTED_QUERY,Stage01 canonical reconciliation rank 3627,STATHEAD_UNAMBIGUOUS_SINGLE_CANDIDATE,False,CREDITED,Andrew Luck,LuckAn00,00-0029668,STATHEAD_QB_STARTED_QUERY,Stage01 canonical reconciliation rank 3635,STATHEAD_UNAMBIGUOUS_SINGLE_CANDIDATE,False,CREDITED,POSTGAME_ACTUAL_STARTER,ORACLE_STARTER_IDENTITY_ONLY,False
2018,10,REG,2018-11-11,2018_10_LAC_OAK,LAC,LV,Philip Rivers,RivePh00,00-0022942,STATHEAD_QB_STARTED_QUERY,Stage01 canonical reconciliation rank 3642,STATHEAD_UNAMBIGUOUS_SINGLE_CANDIDATE,False,CREDITED,Derek Carr,CarrDe02,00-0031280,STATHEAD_QB_STARTED_QUERY,Stage01 canonical reconciliation rank 3630,STATHEAD_UNAMBIGUOUS_SINGLE_CANDIDATE,False,CREDITED,POSTGAME_ACTUAL_STARTER,ORACLE_STARTER_IDENTITY_ONLY,False
2018,10,REG,2018-11-11,2018_10_MIA_GB,MIA,GB,Brock Osweiler,OsweBr00,00-0029682,STATHEAD_QB_STARTED_QUERY,Stage01 canonical reconciliation rank 3640,STATHEAD_UNAMBIGUOUS_SINGLE_CANDIDATE,False,CREDITED,Aaron Rodgers,RodgAa00,00-0023459,STATHEAD_QB_STARTED_QUERY,Stage01 canonical reconciliation rank 3643,STATHEAD_UNAMBIGUOUS_SINGLE_CANDIDATE,False,CREDITED,POSTGAME_ACTUAL_STARTER,ORACLE_STARTER_IDENTITY_ONLY,False
2018,10,REG,2018-11-11,2018_10_NE_TEN,NE,TEN,Tom Brady,BradTo00,00-0019596,STATHEAD_QB_STARTED_QUERY,Stage01 canonical reconciliation rank 3628,STATHEAD_UNAMBIGUOUS_SINGLE_CANDIDATE,False,CREDITED,Marcus Mariota,MariMa01,00-0032268,STATHEAD_QB_STARTED_QUERY,Stage01 canonical reconciliation rank 3637,STATHEAD_UNAMBIGUOUS_SINGLE_CANDIDATE,False,CREDITED,POSTGAME_ACTUAL_STARTER,ORACLE_STARTER_IDENTITY_ONLY,False
2018,10,REG,2018-11-11,2018_10_NO_CIN,NO,CIN,Drew Brees,BreeDr00,00-0020531,VALIDATED_MANUAL_WEB_RESEARCH,,VALIDATED_MANUAL_WEB_EXCEPTION,False,CREDITED,Andy Dalton,DaltAn00,00-0027973,STATHEAD_QB_STARTED_QUERY,Stage01 canonical reconciliation rank 3631,STATHEAD_UNAMBIGUOUS_SINGLE_CANDIDATE,False,CREDITED,POSTGAME_ACTUAL_STARTER,ORACLE_STARTER_IDENTITY_ONLY,False
2018,10,REG,2018-11-12,2018_10_NYG_SF,NYG,SF,Eli Manning,MannEl00,00-0022803,STATHEAD_QB_STARTED_QUERY,Stage01 canonical reconciliation rank 3624,STATHEAD_UNAMBIGUOUS_SINGLE_CANDIDATE,False,CREDITED,Nick Mullens,MullNi00,00-0033319,STATHEAD_QB_STARTED_QUERY,Stage01 canonical reconciliation rank 3625,STATHEAD_UNAMBIGUOUS_SINGLE_CANDIDATE,False,CREDITED,POSTGAME_ACTUAL_STARTER,ORACLE_STARTER_IDENTITY_ONLY,False
2018,10,REG,2018-11-11,2018_10_SEA_LA,SEA,LAR,Russell Wilson,WilsRu00,00-0029263,STATHEAD_QB_STARTED_QUERY,Stage01 canonical reconciliation rank 3650,STATHEAD_UNAMBIGUOUS_SINGLE_CANDIDATE,False,CREDITED,Jared Goff,GoffJa00,00-0033106,STATHEAD_QB_STARTED_QUERY,Stage01 canonical reconciliation rank 3633,STATHEAD_UNAMBIGUOUS_SINGLE_CANDIDATE,False,CREDITED,POSTGAME_ACTUAL_STARTER,ORACLE_STARTER_IDENTITY_ONLY,False
2018,10,REG,2018-11-11,2018_10_WAS_TB,WAS,TB,Alex Smith,SmitAl03,00-0023436,STATHEAD_QB_STARTED_QUERY,Stage01 canonical reconciliation rank 3646,STATHEAD_UNAMBIGUOUS_SINGLE_CANDIDATE,False,CREDITED,Ryan Fitzpatrick,FitzRy00,00-0023682,STATHEAD_QB_STARTED_QUERY,Stage01 canonical reconciliation rank 3632,STATHEAD_UNAMBIGUOUS_SINGLE_CANDIDATE,False,CREDITED,POSTGAME_ACTUAL_STARTER,ORACLE_STARTER_IDENTITY_ONLY,False
2018,11,REG,2018-11-18,2018_11_CAR_DET,CAR,DET,Cam Newton,NewtCa00,00-0027939,STATHEAD_QB_STARTED_QUERY,Stage01 canonical reconciliation rank 3611,STATHEAD_UNAMBIGUOUS_SINGLE_CANDIDATE,False,CREDITED,Matthew Stafford,StafMa00,00-0026498,STATHEAD_QB_STARTED_QUERY,Stage01 canonical reconciliation rank 3618,STATHEAD_UNAMBIGUOUS_SINGLE_CANDIDATE,False,CREDITED,POSTGAME_ACTUAL_STARTER,ORACLE_STARTER_IDENTITY_ONLY,False
2018,11,REG,2018-11-18,2018_11_CIN_BAL,CIN,BAL,Andy Dalton,DaltAn00,00-0027973,STATHEAD_QB_STARTED_QUERY,Stage01 canonical reconciliation rank 3603,STATHEAD_UNAMBIGUOUS_SINGLE_CANDIDATE,False,CREDITED,Lamar Jackson,JackLa00,00-0034796,STATHEAD_QB_STARTED_QUERY,Stage01 canonical reconciliation rank 3606,STATHEAD_UNAMBIGUOUS_SINGLE_CANDIDATE,False,CREDITED,POSTGAME_ACTUAL_STARTER,ORACLE_STARTER_IDENTITY_ONLY,False
2018,11,REG,2018-11-18,2018_11_DAL_ATL,DAL,ATL,Dak Prescott,PresDa01,00-0033077,STATHEAD_QB_STARTED_QUERY,Stage01 canonical reconciliation rank 3612,STATHEAD_UNAMBIGUOUS_SINGLE_CANDIDATE,False,CREDITED,Matt Ryan,RyanMa00,00-0026143,STATHEAD_QB_STARTED_QUERY,Stage01 canonical reconciliation rank 3616,STATHEAD_UNAMBIGUOUS_SINGLE_CANDIDATE,False,CREDITED,POSTGAME_ACTUAL_STARTER,ORACLE_STARTER_IDENTITY_ONLY,False
2018,11,REG,2018-11-18,2018_11_DEN_LAC,DEN,LAC,Case Keenum,KeenCa00,00-0028986,STATHEAD_QB_STARTED_QUERY,Stage01 canonical reconciliation rank 3607,STATHEAD_UNAMBIGUOUS_SINGLE_CANDIDATE,False,CREDITED,Philip Rivers,RivePh00,00-0022942,STATHEAD_QB_STARTED_QUERY,Stage01 canonical reconciliation rank 3613,STATHEAD_UNAMBIGUOUS_SINGLE_CANDIDATE,False,CREDITED,POSTGAME_ACTUAL_STARTER,ORACLE_STARTER_IDENTITY_ONLY,False
2018,11,REG,2018-11-15,2018_11_GB_SEA,GB,SEA,Aaron Rodgers,RodgAa00,00-0023459,STATHEAD_QB_STARTED_QUERY,Stage01 canonical reconciliation rank 3622,STATHEAD_UNAMBIGUOUS_SINGLE_CANDIDATE,False,CREDITED,Russell Wilson,WilsRu00,00-0029263,STATHEAD_QB_STARTED_QUERY,Stage01 canonical reconciliation rank 3623,STATHEAD_UNAMBIGUOUS_SINGLE_CANDIDATE,False,CREDITED,POSTGAME_ACTUAL_STARTER,ORACLE_STARTER_IDENTITY_ONLY,False
2018,11,REG,2018-11-18,2018_11_HOU_WAS,HOU,WAS,Deshaun Watson,WatsDe00,00-0033537,STATHEAD_QB_STARTED_QUERY,Stage01 canonical reconciliation rank 3620,STATHEAD_UNAMBIGUOUS_SINGLE_CANDIDATE,False,CREDITED,Alex Smith,SmitAl03,00-0023436,STATHEAD_QB_STARTED_QUERY,Stage01 canonical reconciliation rank 3617,STATHEAD_UNAMBIGUOUS_SINGLE_CANDIDATE,False,CREDITED,POSTGAME_ACTUAL_STARTER,ORACLE_STARTER_IDENTITY_ONLY,False
2018,11,REG,2018-11-19,2018_11_KC_LA,KC,LAR,Patrick Mahomes,MahoPa00,00-0033873,STATHEAD_QB_STARTED_QUERY,Stage01 canonical reconciliation rank 3598,STATHEAD_UNAMBIGUOUS_SINGLE_CANDIDATE,False,CREDITED,Jared Goff,GoffJa00,00-0033106,STATHEAD_QB_STARTED_QUERY,Stage01 canonical reconciliation rank 3597,STATHEAD_UNAMBIGUOUS_SINGLE_CANDIDATE,False,CREDITED,POSTGAME_ACTUAL_STARTER,ORACLE_STARTER_IDENTITY_ONLY,False
2018,11,REG,2018-11-18,2018_11_MIN_CHI,MIN,CHI,Kirk Cousins,CousKi00,00-0029604,STATHEAD_QB_STARTED_QUERY,Stage01 canonical reconciliation rank 3602,STATHEAD_UNAMBIGUOUS_SINGLE_CANDIDATE,False,CREDITED,Mitchell Trubisky,TrubMi00,00-0033869,STATHEAD_QB_STARTED_QUERY,Stage01 canonical reconciliation rank 3619,STATHEAD_UNAMBIGUOUS_SINGLE_CANDIDATE,False,CREDITED,POSTGAME_ACTUAL_STARTER,ORACLE_STARTER_IDENTITY_ONLY,False
2018,11,REG,2018-11-18,2018_11_OAK_ARI,LV,ARI,Derek Carr,CarrDe02,00-0031280,STATHEAD_QB_STARTED_QUERY,Stage01 canonical reconciliation rank 3601,STATHEAD_UNAMBIGUOUS_SINGLE_CANDIDATE,False,CREDITED,Josh Rosen,RoseJo01,00-0034343,STATHEAD_QB_STARTED_QUERY,Stage01 canonical reconciliation rank 3615,STATHEAD_UNAMBIGUOUS_SINGLE_CANDIDATE,False,CREDITED,POSTGAME_ACTUAL_STARTER,ORACLE_STARTER_IDENTITY_ONLY,False
2018,11,REG,2018-11-18,2018_11_PHI_NO,PHI,NO,Carson Wentz,WentCa00,00-0032950,STATHEAD_QB_STARTED_QUERY,Stage01 canonical reconciliation rank 3621,STATHEAD_UNAMBIGUOUS_SINGLE_CANDIDATE,False,CREDITED,Drew Brees,BreeDr00,00-0020531,VALIDATED_MANUAL_WEB_RESEARCH,,VALIDATED_MANUAL_WEB_EXCEPTION,False,CREDITED,POSTGAME_ACTUAL_STARTER,ORACLE_STARTER_IDENTITY_ONLY,False
2018,11,REG,2018-11-18,2018_11_PIT_JAX,PIT,JAX,Ben Roethlisberger,RoetBe00,00-0022924,STATHEAD_QB_STARTED_QUERY,Stage01 canonical reconciliation rank 3614,STATHEAD_UNAMBIGUOUS_SINGLE_CANDIDATE,False,CREDITED,Blake Bortles,BortBl00,00-0031407,STATHEAD_QB_STARTED_QUERY,Stage01 canonical reconciliation rank 3599,STATHEAD_UNAMBIGUOUS_SINGLE_CANDIDATE,False,CREDITED,POSTGAME_ACTUAL_STARTER,ORACLE_STARTER_IDENTITY_ONLY,False
2018,11,REG,2018-11-18,2018_11_TB_NYG,TB,NYG,Ryan Fitzpatrick,FitzRy00,00-0023682,STATHEAD_QB_STARTED_QUERY,Stage01 canonical reconciliation rank 3604,STATHEAD_UNAMBIGUOUS_SINGLE_CANDIDATE,False,CREDITED,Eli Manning,MannEl00,00-0022803,STATHEAD_QB_STARTED_QUERY,Stage01 canonical reconciliation rank 3609,STATHEAD_UNAMBIGUOUS_SINGLE_CANDIDATE,False,CREDITED,POSTGAME_ACTUAL_STARTER,ORACLE_STARTER_IDENTITY_ONLY,False
2018,11,REG,2018-11-18,2018_11_TEN_IND,TEN,IND,Marcus Mariota,MariMa01,00-0032268,STATHEAD_QB_STARTED_QUERY,Stage01 canonical reconciliation rank 3610,STATHEAD_UNAMBIGUOUS_SINGLE_CANDIDATE,False,CREDITED,Andrew Luck,LuckAn00,00-0029668,STATHEAD_QB_STARTED_QUERY,Stage01 canonical reconciliation rank 3608,STATHEAD_UNAMBIGUOUS_SINGLE_CANDIDATE,False,CREDITED,POSTGAME_ACTUAL_STARTER,ORACLE_STARTER_IDENTITY_ONLY,False
2018,12,REG,2018-11-25,2018_12_ARI_LAC,ARI,LAC,Josh Rosen,RoseJo01,00-0034343,STATHEAD_QB_STARTED_QUERY,Stage01 canonical reconciliation rank 3586,STATHEAD_UNAMBIGUOUS_SINGLE_CANDIDATE,False,CREDITED,Philip Rivers,RivePh00,00-0022942,STATHEAD_QB_STARTED_QUERY,Stage01 canonical reconciliation rank 3583,STATHEAD_UNAMBIGUOUS_SINGLE_CANDIDATE,False,CREDITED,POSTGAME_ACTUAL_STARTER,ORACLE_STARTER_IDENTITY_ONLY,False
2018,12,REG,2018-11-22,2018_12_ATL_NO,ATL,NO,Matt Ryan,RyanMa00,00-0026143,STATHEAD_QB_STARTED_QUERY,Stage01 canonical reconciliation rank 3595,STATHEAD_UNAMBIGUOUS_SINGLE_CANDIDATE,False,CREDITED,Drew Brees,BreeDr00,00-0020531,STATHEAD_QB_STARTED_QUERY,Stage01 canonical reconciliation rank 3591,STATHEAD_UNAMBIGUOUS_SINGLE_CANDIDATE,False,CREDITED,POSTGAME_ACTUAL_STARTER,ORACLE_STARTER_IDENTITY_ONLY,False
2018,12,REG,2018-11-22,2018_12_CHI_DET,CHI,DET,Chase Daniel,DaniCh00,00-0026544,STATHEAD_QB_STARTED_QUERY,Stage01 canonical reconciliation rank 3592,STATHEAD_UNAMBIGUOUS_SINGLE_CANDIDATE,False,CREDITED,Matthew Stafford,StafMa00,00-0026498,STATHEAD_QB_STARTED_QUERY,Stage01 canonical reconciliation rank 3596,STATHEAD_UNAMBIGUOUS_SINGLE_CANDIDATE,False,CREDITED,POSTGAME_ACTUAL_STARTER,ORACLE_STARTER_IDENTITY_ONLY,False
2018,12,REG,2018-11-25,2018_12_CLE_CIN,CLE,CIN,Baker Mayfield,MayfBa00,00-0034855,STATHEAD_QB_STARTED_QUERY,Stage01 canonical reconciliation rank 3579,STATHEAD_UNAMBIGUOUS_SINGLE_CANDIDATE,False,CREDITED,Andy Dalton,DaltAn00,00-0027973,STATHEAD_QB_STARTED_QUERY,Stage01 canonical reconciliation rank 3574,STATHEAD_UNAMBIGUOUS_SINGLE_CANDIDATE,False,CREDITED,POSTGAME_ACTUAL_STARTER,ORACLE_STARTER_IDENTITY_ONLY,False
2018,12,REG,2018-11-25,2018_12_GB_MIN,GB,MIN,Aaron Rodgers,RodgAa00,00-0023459,STATHEAD_QB_STARTED_QUERY,Stage01 canonical reconciliation rank 3584,STATHEAD_UNAMBIGUOUS_SINGLE_CANDIDATE,False,CREDITED,Kirk Cousins,CousKi00,00-0029604,STATHEAD_QB_STARTED_QUERY,Stage01 canonical reconciliation rank 3573,STATHEAD_UNAMBIGUOUS_SINGLE_CANDIDATE,False,CREDITED,POSTGAME_ACTUAL_STARTER,ORACLE_STARTER_IDENTITY_ONLY,False
2018,12,REG,2018-11-25,2018_12_JAX_BUF,JAX,BUF,Blake Bortles,BortBl00,00-0031407,STATHEAD_QB_STARTED_QUERY,Stage01 canonical reconciliation rank 3570,STATHEAD_UNAMBIGUOUS_SINGLE_CANDIDATE,False,CREDITED,Josh Allen,AlleJo02,00-0034857,STATHEAD_QB_STARTED_QUERY,Stage01 canonical reconciliation rank 3569,STATHEAD_UNAMBIGUOUS_SINGLE_CANDIDATE,False,CREDITED,POSTGAME_ACTUAL_STARTER,ORACLE_STARTER_IDENTITY_ONLY,False
2018,12,REG,2018-11-25,2018_12_MIA_IND,MIA,IND,Ryan Tannehill,TannRy00,00-0029701,STATHEAD_QB_STARTED_QUERY,Stage01 canonical reconciliation rank 3587,STATHEAD_UNAMBIGUOUS_SINGLE_CANDIDATE,False,CREDITED,Andrew Luck,LuckAn00,00-0029668,STATHEAD_QB_STARTED_QUERY,Stage01 canonical reconciliation rank 3577,STATHEAD_UNAMBIGUOUS_SINGLE_CANDIDATE,False,CREDITED,POSTGAME_ACTUAL_STARTER,ORACLE_STARTER_IDENTITY_ONLY,False
2018,12,REG,2018-11-25,2018_12_NE_NYJ,NE,NYJ,Tom Brady,BradTo00,00-0019596,STATHEAD_QB_STARTED_QUERY,Stage01 canonical reconciliation rank 3571,STATHEAD_UNAMBIGUOUS_SINGLE_CANDIDATE,False,CREDITED,Josh McCown,McCoJo01,00-0021206,STATHEAD_QB_STARTED_QUERY,Stage01 canonical reconciliation rank 3580,STATHEAD_UNAMBIGUOUS_SINGLE_CANDIDATE,False,CREDITED,POSTGAME_ACTUAL_STARTER,ORACLE_STARTER_IDENTITY_ONLY,False
2018,12,REG,2018-11-25,2018_12_NYG_PHI,NYG,PHI,Eli Manning,MannEl00,00-0022803,STATHEAD_QB_STARTED_QUERY,Stage01 canonical reconciliation rank 3578,STATHEAD_UNAMBIGUOUS_SINGLE_CANDIDATE,False,CREDITED,Carson Wentz,WentCa00,00-0032950,STATHEAD_QB_STARTED_QUERY,Stage01 canonical reconciliation rank 3588,STATHEAD_UNAMBIGUOUS_SINGLE_CANDIDATE,False,CREDITED,POSTGAME_ACTUAL_STARTER,ORACLE_STARTER_IDENTITY_ONLY,False
2018,12,REG,2018-11-25,2018_12_OAK_BAL,LV,BAL,Derek Carr,CarrDe02,00-0031280,STATHEAD_QB_STARTED_QUERY,Stage01 canonical reconciliation rank 3572,STATHEAD_UNAMBIGUOUS_SINGLE_CANDIDATE,False,CREDITED,Lamar Jackson,JackLa00,00-0034796,STATHEAD_QB_STARTED_QUERY,Stage01 canonical reconciliation rank 3575,STATHEAD_UNAMBIGUOUS_SINGLE_CANDIDATE,False,CREDITED,POSTGAME_ACTUAL_STARTER,ORACLE_STARTER_IDENTITY_ONLY,False
2018,12,REG,2018-11-25,2018_12_PIT_DEN,PIT,DEN,Ben Roethlisberger,RoetBe00,00-0022924,STATHEAD_QB_STARTED_QUERY,Stage01 canonical reconciliation rank 3585,STATHEAD_UNAMBIGUOUS_SINGLE_CANDIDATE,False,CREDITED,Case Keenum,KeenCa00,00-0028986,STATHEAD_QB_STARTED_QUERY,Stage01 canonical reconciliation rank 3576,STATHEAD_UNAMBIGUOUS_SINGLE_CANDIDATE,False,CREDITED,POSTGAME_ACTUAL_STARTER,ORACLE_STARTER_IDENTITY_ONLY,False
2018,12,REG,2018-11-25,2018_12_SEA_CAR,SEA,CAR,Russell Wilson,WilsRu00,00-0029263,STATHEAD_QB_STARTED_QUERY,Stage01 canonical reconciliation rank 3589,STATHEAD_UNAMBIGUOUS_SINGLE_CANDIDATE,False,CREDITED,Cam Newton,NewtCa00,00-0027939,STATHEAD_QB_STARTED_QUERY,Stage01 canonical reconciliation rank 3582,STATHEAD_UNAMBIGUOUS_SINGLE_CANDIDATE,False,CREDITED,POSTGAME_ACTUAL_STARTER,ORACLE_STARTER_IDENTITY_ONLY,False
2018,12,REG,2018-11-25,2018_12_SF_TB,SF,TB,Nick Mullens,MullNi00,00-0033319,STATHEAD_QB_STARTED_QUERY,Stage01 canonical reconciliation rank 3581,STATHEAD_UNAMBIGUOUS_SINGLE_CANDIDATE,False,CREDITED,Jameis Winston,WinsJa00,00-0031503,STATHEAD_QB_STARTED_QUERY,Stage01 canonical reconciliation rank 3590,STATHEAD_UNAMBIGUOUS_SINGLE_CANDIDATE,False,CREDITED,POSTGAME_ACTUAL_STARTER,ORACLE_STARTER_IDENTITY_ONLY,False
2018,12,REG,2018-11-26,2018_12_TEN_HOU,TEN,HOU,Marcus Mariota,MariMa01,00-0032268,STATHEAD_QB_STARTED_QUERY,Stage01 canonical reconciliation rank 3567,STATHEAD_UNAMBIGUOUS_SINGLE_CANDIDATE,False,CREDITED,Deshaun Watson,WatsDe00,00-0033537,STATHEAD_QB_STARTED_QUERY,Stage01 canonical reconciliation rank 3568,STATHEAD_UNAMBIGUOUS_SINGLE_CANDIDATE,False,CREDITED,POSTGAME_ACTUAL_STARTER,ORACLE_STARTER_IDENTITY_ONLY,False
2018,12,REG,2018-11-22,2018_12_WAS_DAL,WAS,DAL,Colt McCoy,McCoCo00,00-0027688,STATHEAD_QB_STARTED_QUERY,Stage01 canonical reconciliation rank 3593,STATHEAD_UNAMBIGUOUS_SINGLE_CANDIDATE,False,CREDITED,Dak Prescott,PresDa01,00-0033077,STATHEAD_QB_STARTED_QUERY,Stage01 canonical reconciliation rank 3594,STATHEAD_UNAMBIGUOUS_SINGLE_CANDIDATE,False,CREDITED,POSTGAME_ACTUAL_STARTER,ORACLE_STARTER_IDENTITY_ONLY,False
2018,13,REG,2018-12-02,2018_13_ARI_GB,ARI,GB,Josh Rosen,RoseJo01,00-0034343,STATHEAD_QB_STARTED_QUERY,Stage01 canonical reconciliation rank 3558,STATHEAD_UNAMBIGUOUS_SINGLE_CANDIDATE,False,CREDITED,Aaron Rodgers,RodgAa00,00-0023459,STATHEAD_QB_STARTED_QUERY,Stage01 canonical reconciliation rank 3556,STATHEAD_UNAMBIGUOUS_SINGLE_CANDIDATE,False,CREDITED,POSTGAME_ACTUAL_STARTER,ORACLE_STARTER_IDENTITY_ONLY,False
2018,13,REG,2018-12-02,2018_13_BAL_ATL,BAL,ATL,Lamar Jackson,JackLa00,00-0034796,STATHEAD_QB_STARTED_QUERY,Stage01 canonical reconciliation rank 3544,STATHEAD_UNAMBIGUOUS_SINGLE_CANDIDATE,False,CREDITED,Matt Ryan,RyanMa00,00-0026143,STATHEAD_QB_STARTED_QUERY,Stage01 canonical reconciliation rank 3559,STATHEAD_UNAMBIGUOUS_SINGLE_CANDIDATE,False,CREDITED,POSTGAME_ACTUAL_STARTER,ORACLE_STARTER_IDENTITY_ONLY,False
2018,13,REG,2018-12-02,2018_13_BUF_MIA,BUF,MIA,Josh Allen,AlleJo02,00-0034857,STATHEAD_QB_STARTED_QUERY,Stage01 canonical reconciliation rank 3537,STATHEAD_UNAMBIGUOUS_SINGLE_CANDIDATE,False,CREDITED,Ryan Tannehill,TannRy00,00-0029701,STATHEAD_QB_STARTED_QUERY,Stage01 canonical reconciliation rank 3561,STATHEAD_UNAMBIGUOUS_SINGLE_CANDIDATE,False,CREDITED,POSTGAME_ACTUAL_STARTER,ORACLE_STARTER_IDENTITY_ONLY,False
2018,13,REG,2018-12-02,2018_13_CAR_TB,CAR,TB,Cam Newton,NewtCa00,00-0027939,STATHEAD_QB_STARTED_QUERY,Stage01 canonical reconciliation rank 3554,STATHEAD_UNAMBIGUOUS_SINGLE_CANDIDATE,False,CREDITED,Jameis Winston,WinsJa00,00-0031503,STATHEAD_QB_STARTED_QUERY,Stage01 canonical reconciliation rank 3564,STATHEAD_UNAMBIGUOUS_SINGLE_CANDIDATE,False,CREDITED,POSTGAME_ACTUAL_STARTER,ORACLE_STARTER_IDENTITY_ONLY,False
2018,13,REG,2018-12-02,2018_13_CHI_NYG,CHI,NYG,Chase Daniel,DaniCh00,00-0026544,STATHEAD_QB_STARTED_QUERY,Stage01 canonical reconciliation rank 3541,STATHEAD_UNAMBIGUOUS_SINGLE_CANDIDATE,False,CREDITED,Eli Manning,MannEl00,00-0022803,STATHEAD_QB_STARTED_QUERY,Stage01 canonical reconciliation rank 3549,STATHEAD_UNAMBIGUOUS_SINGLE_CANDIDATE,False,CREDITED,POSTGAME_ACTUAL_STARTER,ORACLE_STARTER_IDENTITY_ONLY,False
2018,13,REG,2018-12-02,2018_13_CLE_HOU,CLE,HOU,Baker Mayfield,MayfBa00,00-0034855,STATHEAD_QB_STARTED_QUERY,Stage01 canonical reconciliation rank 3551,STATHEAD_UNAMBIGUOUS_SINGLE_CANDIDATE,False,CREDITED,Deshaun Watson,WatsDe00,00-0033537,STATHEAD_QB_STARTED_QUERY,Stage01 canonical reconciliation rank 3562,STATHEAD_UNAMBIGUOUS_SINGLE_CANDIDATE,False,CREDITED,POSTGAME_ACTUAL_STARTER,ORACLE_STARTER_IDENTITY_ONLY,False
2018,13,REG,2018-12-02,2018_13_DEN_CIN,DEN,CIN,Case Keenum,KeenCa00,00-0028986,STATHEAD_QB_STARTED_QUERY,Stage01 canonical reconciliation rank 3545,STATHEAD_UNAMBIGUOUS_SINGLE_CANDIDATE,False,CREDITED,Jeff Driskel,DrisJe00,00-0032436,STATHEAD_QB_STARTED_QUERY,Stage01 canonical reconciliation rank 3542,STATHEAD_UNAMBIGUOUS_SINGLE_CANDIDATE,False,CREDITED,POSTGAME_ACTUAL_STARTER,ORACLE_STARTER_IDENTITY_ONLY,False
2018,13,REG,2018-12-02,2018_13_IND_JAX,IND,JAX,Andrew Luck,LuckAn00,00-0029668,STATHEAD_QB_STARTED_QUERY,Stage01 canonical reconciliation rank 3547,STATHEAD_UNAMBIGUOUS_SINGLE_CANDIDATE,False,CREDITED,Cody Kessler,KessCo00,00-0033104,STATHEAD_QB_STARTED_QUERY,Stage01 canonical reconciliation rank 3546,STATHEAD_UNAMBIGUOUS_SINGLE_CANDIDATE,False,CREDITED,POSTGAME_ACTUAL_STARTER,ORACLE_STARTER_IDENTITY_ONLY,False
2018,13,REG,2018-12-02,2018_13_KC_OAK,KC,LV,Patrick Mahomes,MahoPa00,00-0033873,STATHEAD_QB_STARTED_QUERY,Stage01 canonical reconciliation rank 3548,STATHEAD_UNAMBIGUOUS_SINGLE_CANDIDATE,False,CREDITED,Derek Carr,CarrDe02,00-0031280,STATHEAD_QB_STARTED_QUERY,Stage01 canonical reconciliation rank 3539,STATHEAD_UNAMBIGUOUS_SINGLE_CANDIDATE,False,CREDITED,POSTGAME_ACTUAL_STARTER,ORACLE_STARTER_IDENTITY_ONLY,False
2018,13,REG,2018-12-02,2018_13_LAC_PIT,LAC,PIT,Philip Rivers,RivePh00,00-0022942,STATHEAD_QB_STARTED_QUERY,Stage01 canonical reconciliation rank 3555,STATHEAD_UNAMBIGUOUS_SINGLE_CANDIDATE,False,CREDITED,Ben Roethlisberger,RoetBe00,00-0022924,STATHEAD_QB_STARTED_QUERY,Stage01 canonical reconciliation rank 3557,STATHEAD_UNAMBIGUOUS_SINGLE_CANDIDATE,False,CREDITED,POSTGAME_ACTUAL_STARTER,ORACLE_STARTER_IDENTITY_ONLY,False
2018,13,REG,2018-12-02,2018_13_LA_DET,LAR,DET,Jared Goff,GoffJa00,00-0033106,STATHEAD_QB_STARTED_QUERY,Stage01 canonical reconciliation rank 3543,STATHEAD_UNAMBIGUOUS_SINGLE_CANDIDATE,False,CREDITED,Matthew Stafford,StafMa00,00-0026498,STATHEAD_QB_STARTED_QUERY,Stage01 canonical reconciliation rank 3560,STATHEAD_UNAMBIGUOUS_SINGLE_CANDIDATE,False,CREDITED,POSTGAME_ACTUAL_STARTER,ORACLE_STARTER_IDENTITY_ONLY,False
2018,13,REG,2018-12-02,2018_13_MIN_NE,MIN,NE,Kirk Cousins,CousKi00,00-0029604,STATHEAD_QB_STARTED_QUERY,Stage01 canonical reconciliation rank 3540,STATHEAD_UNAMBIGUOUS_SINGLE_CANDIDATE,False,CREDITED,Tom Brady,BradTo00,00-0019596,STATHEAD_QB_STARTED_QUERY,Stage01 canonical reconciliation rank 3538,STATHEAD_UNAMBIGUOUS_SINGLE_CANDIDATE,False,CREDITED,POSTGAME_ACTUAL_STARTER,ORACLE_STARTER_IDENTITY_ONLY,False
2018,13,REG,2018-11-29,2018_13_NO_DAL,NO,DAL,Drew Brees,BreeDr00,00-0020531,STATHEAD_QB_STARTED_QUERY,Stage01 canonical reconciliation rank 3565,STATHEAD_UNAMBIGUOUS_SINGLE_CANDIDATE,False,CREDITED,Dak Prescott,PresDa01,00-0033077,STATHEAD_QB_STARTED_QUERY,Stage01 canonical reconciliation rank 3566,STATHEAD_UNAMBIGUOUS_SINGLE_CANDIDATE,False,CREDITED,POSTGAME_ACTUAL_STARTER,ORACLE_STARTER_IDENTITY_ONLY,False
2018,13,REG,2018-12-02,2018_13_NYJ_TEN,NYJ,TEN,Josh McCown,McCoJo01,00-0021206,STATHEAD_QB_STARTED_QUERY,Stage01 canonical reconciliation rank 3552,STATHEAD_UNAMBIGUOUS_SINGLE_CANDIDATE,False,CREDITED,Marcus Mariota,MariMa01,00-0032268,STATHEAD_QB_STARTED_QUERY,Stage01 canonical reconciliation rank 3550,STATHEAD_UNAMBIGUOUS_SINGLE_CANDIDATE,False,CREDITED,POSTGAME_ACTUAL_STARTER,ORACLE_STARTER_IDENTITY_ONLY,False
2018,13,REG,2018-12-02,2018_13_SF_SEA,SF,SEA,Nick Mullens,MullNi00,00-0033319,STATHEAD_QB_STARTED_QUERY,Stage01 canonical reconciliation rank 3553,STATHEAD_UNAMBIGUOUS_SINGLE_CANDIDATE,False,CREDITED,Russell Wilson,WilsRu00,00-0029263,STATHEAD_QB_STARTED_QUERY,Stage01 canonical reconciliation rank 3563,STATHEAD_UNAMBIGUOUS_SINGLE_CANDIDATE,False,CREDITED,POSTGAME_ACTUAL_STARTER,ORACLE_STARTER_IDENTITY_ONLY,False
2018,13,REG,2018-12-03,2018_13_WAS_PHI,WAS,PHI,Colt McCoy,McCoCo00,00-0027688,STATHEAD_QB_STARTED_QUERY,Stage01 canonical reconciliation rank 3535,STATHEAD_UNAMBIGUOUS_SINGLE_CANDIDATE,False,CREDITED,Carson Wentz,WentCa00,00-0032950,STATHEAD_QB_STARTED_QUERY,Stage01 canonical reconciliation rank 3536,STATHEAD_UNAMBIGUOUS_SINGLE_CANDIDATE,False,CREDITED,POSTGAME_ACTUAL_STARTER,ORACLE_STARTER_IDENTITY_ONLY,False
2018,14,REG,2018-12-09,2018_14_ATL_GB,ATL,GB,Matt Ryan,RyanMa00,00-0026143,STATHEAD_QB_STARTED_QUERY,Stage01 canonical reconciliation rank 3525,STATHEAD_UNAMBIGUOUS_SINGLE_CANDIDATE,False,CREDITED,Aaron Rodgers,RodgAa00,00-0023459,STATHEAD_QB_STARTED_QUERY,Stage01 canonical reconciliation rank 3522,STATHEAD_UNAMBIGUOUS_SINGLE_CANDIDATE,False,CREDITED,POSTGAME_ACTUAL_STARTER,ORACLE_STARTER_IDENTITY_ONLY,False
2018,14,REG,2018-12-09,2018_14_BAL_KC,BAL,KC,Lamar Jackson,JackLa00,00-0034796,STATHEAD_QB_STARTED_QUERY,Stage01 canonical reconciliation rank 3512,STATHEAD_UNAMBIGUOUS_SINGLE_CANDIDATE,False,CREDITED,Patrick Mahomes,MahoPa00,00-0033873,STATHEAD_QB_STARTED_QUERY,Stage01 canonical reconciliation rank 3515,STATHEAD_UNAMBIGUOUS_SINGLE_CANDIDATE,False,CREDITED,POSTGAME_ACTUAL_STARTER,ORACLE_STARTER_IDENTITY_ONLY,False
2018,14,REG,2018-12-09,2018_14_CAR_CLE,CAR,CLE,Cam Newton,NewtCa00,00-0027939,STATHEAD_QB_STARTED_QUERY,Stage01 canonical reconciliation rank 3519,STATHEAD_UNAMBIGUOUS_SINGLE_CANDIDATE,False,CREDITED,Baker Mayfield,MayfBa00,00-0034855,STATHEAD_QB_STARTED_QUERY,Stage01 canonical reconciliation rank 3517,STATHEAD_UNAMBIGUOUS_SINGLE_CANDIDATE,False,CREDITED,POSTGAME_ACTUAL_STARTER,ORACLE_STARTER_IDENTITY_ONLY,False
2018,14,REG,2018-12-09,2018_14_CIN_LAC,CIN,LAC,Jeff Driskel,DrisJe00,00-0032436,STATHEAD_QB_STARTED_QUERY,Stage01 canonical reconciliation rank 3510,STATHEAD_UNAMBIGUOUS_SINGLE_CANDIDATE,False,CREDITED,Philip Rivers,RivePh00,00-0022942,STATHEAD_QB_STARTED_QUERY,Stage01 canonical reconciliation rank 3521,STATHEAD_UNAMBIGUOUS_SINGLE_CANDIDATE,False,CREDITED,POSTGAME_ACTUAL_STARTER,ORACLE_STARTER_IDENTITY_ONLY,False
2018,14,REG,2018-12-09,2018_14_DEN_SF,DEN,SF,Case Keenum,KeenCa00,00-0028986,STATHEAD_QB_STARTED_QUERY,Stage01 canonical reconciliation rank 3513,STATHEAD_UNAMBIGUOUS_SINGLE_CANDIDATE,False,CREDITED,Nick Mullens,MullNi00,00-0033319,STATHEAD_QB_STARTED_QUERY,Stage01 canonical reconciliation rank 3518,STATHEAD_UNAMBIGUOUS_SINGLE_CANDIDATE,False,CREDITED,POSTGAME_ACTUAL_STARTER,ORACLE_STARTER_IDENTITY_ONLY,False
2018,14,REG,2018-12-09,2018_14_DET_ARI,DET,ARI,Matthew Stafford,StafMa00,00-0026498,STATHEAD_QB_STARTED_QUERY,Stage01 canonical reconciliation rank 3527,STATHEAD_UNAMBIGUOUS_SINGLE_CANDIDATE,False,CREDITED,Josh Rosen,RoseJo01,00-0034343,STATHEAD_QB_STARTED_QUERY,Stage01 canonical reconciliation rank 3524,STATHEAD_UNAMBIGUOUS_SINGLE_CANDIDATE,False,CREDITED,POSTGAME_ACTUAL_STARTER,ORACLE_STARTER_IDENTITY_ONLY,False
2018,14,REG,2018-12-09,2018_14_IND_HOU,IND,HOU,Andrew Luck,LuckAn00,00-0029668,STATHEAD_QB_STARTED_QUERY,Stage01 canonical reconciliation rank 3514,STATHEAD_UNAMBIGUOUS_SINGLE_CANDIDATE,False,CREDITED,Deshaun Watson,WatsDe00,00-0033537,STATHEAD_QB_STARTED_QUERY,Stage01 canonical reconciliation rank 3530,STATHEAD_UNAMBIGUOUS_SINGLE_CANDIDATE,False,CREDITED,POSTGAME_ACTUAL_STARTER,ORACLE_STARTER_IDENTITY_ONLY,False
2018,14,REG,2018-12-06,2018_14_JAX_TEN,JAX,TEN,Cody Kessler,KessCo00,00-0033104,STATHEAD_QB_STARTED_QUERY,Stage01 canonical reconciliation rank 3533,STATHEAD_UNAMBIGUOUS_SINGLE_CANDIDATE,False,CREDITED,Marcus Mariota,MariMa01,00-0032268,STATHEAD_QB_STARTED_QUERY,Stage01 canonical reconciliation rank 3534,STATHEAD_UNAMBIGUOUS_SINGLE_CANDIDATE,False,CREDITED,POSTGAME_ACTUAL_STARTER,ORACLE_STARTER_IDENTITY_ONLY,False
2018,14,REG,2018-12-09,2018_14_LA_CHI,LAR,CHI,Jared Goff,GoffJa00,00-0033106,STATHEAD_QB_STARTED_QUERY,Stage01 canonical reconciliation rank 3511,STATHEAD_UNAMBIGUOUS_SINGLE_CANDIDATE,False,CREDITED,Mitchell Trubisky,TrubMi00,00-0033869,STATHEAD_QB_STARTED_QUERY,Stage01 canonical reconciliation rank 3529,STATHEAD_UNAMBIGUOUS_SINGLE_CANDIDATE,False,CREDITED,POSTGAME_ACTUAL_STARTER,ORACLE_STARTER_IDENTITY_ONLY,False
2018,14,REG,2018-12-10,2018_14_MIN_SEA,MIN,SEA,Kirk Cousins,CousKi00,00-0029604,STATHEAD_QB_STARTED_QUERY,Stage01 canonical reconciliation rank 3503,STATHEAD_UNAMBIGUOUS_SINGLE_CANDIDATE,False,CREDITED,Russell Wilson,WilsRu00,00-0029263,STATHEAD_QB_STARTED_QUERY,Stage01 canonical reconciliation rank 3504,STATHEAD_UNAMBIGUOUS_SINGLE_CANDIDATE,False,CREDITED,POSTGAME_ACTUAL_STARTER,ORACLE_STARTER_IDENTITY_ONLY,False
2018,14,REG,2018-12-09,2018_14_NE_MIA,NE,MIA,Tom Brady,BradTo00,00-0019596,STATHEAD_QB_STARTED_QUERY,Stage01 canonical reconciliation rank 3506,STATHEAD_UNAMBIGUOUS_SINGLE_CANDIDATE,False,CREDITED,Ryan Tannehill,TannRy00,00-0029701,STATHEAD_QB_STARTED_QUERY,Stage01 canonical reconciliation rank 3528,STATHEAD_UNAMBIGUOUS_SINGLE_CANDIDATE,False,CREDITED,POSTGAME_ACTUAL_STARTER,ORACLE_STARTER_IDENTITY_ONLY,False
2018,14,REG,2018-12-09,2018_14_NO_TB,NO,TB,Drew Brees,BreeDr00,00-0020531,STATHEAD_QB_STARTED_QUERY,Stage01 canonical reconciliation rank 3507,STATHEAD_UNAMBIGUOUS_SINGLE_CANDIDATE,False,CREDITED,Jameis Winston,WinsJa00,00-0031503,STATHEAD_QB_STARTED_QUERY,Stage01 canonical reconciliation rank 3532,STATHEAD_UNAMBIGUOUS_SINGLE_CANDIDATE,False,CREDITED,POSTGAME_ACTUAL_STARTER,ORACLE_STARTER_IDENTITY_ONLY,False
2018,14,REG,2018-12-09,2018_14_NYG_WAS,NYG,WAS,Eli Manning,MannEl00,00-0022803,STATHEAD_QB_STARTED_QUERY,Stage01 canonical reconciliation rank 3516,STATHEAD_UNAMBIGUOUS_SINGLE_CANDIDATE,False,CREDITED,Mark Sanchez,SancMa00,00-0026898,STATHEAD_QB_STARTED_QUERY,Stage01 canonical reconciliation rank 3526,STATHEAD_UNAMBIGUOUS_SINGLE_CANDIDATE,False,CREDITED,POSTGAME_ACTUAL_STARTER,ORACLE_STARTER_IDENTITY_ONLY,False
2018,14,REG,2018-12-09,2018_14_NYJ_BUF,NYJ,BUF,Sam Darnold,DarnSa00,00-0034869,STATHEAD_QB_STARTED_QUERY,Stage01 canonical reconciliation rank 3509,STATHEAD_UNAMBIGUOUS_SINGLE_CANDIDATE,False,CREDITED,Josh Allen,AlleJo02,00-0034857,STATHEAD_QB_STARTED_QUERY,Stage01 canonical reconciliation rank 3505,STATHEAD_UNAMBIGUOUS_SINGLE_CANDIDATE,False,CREDITED,POSTGAME_ACTUAL_STARTER,ORACLE_STARTER_IDENTITY_ONLY,False
2018,14,REG,2018-12-09,2018_14_PHI_DAL,PHI,DAL,Carson Wentz,WentCa00,00-0032950,STATHEAD_QB_STARTED_QUERY,Stage01 canonical reconciliation rank 3531,STATHEAD_UNAMBIGUOUS_SINGLE_CANDIDATE,False,CREDITED,Dak Prescott,PresDa01,00-0033077,STATHEAD_QB_STARTED_QUERY,Stage01 canonical reconciliation rank 3520,STATHEAD_UNAMBIGUOUS_SINGLE_CANDIDATE,False,CREDITED,POSTGAME_ACTUAL_STARTER,ORACLE_STARTER_IDENTITY_ONLY,False
2018,14,REG,2018-12-09,2018_14_PIT_OAK,PIT,LV,Ben Roethlisberger,RoetBe00,00-0022924,STATHEAD_QB_STARTED_QUERY,Stage01 canonical reconciliation rank 3523,STATHEAD_UNAMBIGUOUS_SINGLE_CANDIDATE,False,CREDITED,Derek Carr,CarrDe02,00-0031280,STATHEAD_QB_STARTED_QUERY,Stage01 canonical reconciliation rank 3508,STATHEAD_UNAMBIGUOUS_SINGLE_CANDIDATE,False,CREDITED,POSTGAME_ACTUAL_STARTER,ORACLE_STARTER_IDENTITY_ONLY,False
2018,15,REG,2018-12-16,2018_15_ARI_ATL,ARI,ATL,Josh Rosen,RoseJo01,00-0034343,STATHEAD_QB_STARTED_QUERY,Stage01 canonical reconciliation rank 3490,STATHEAD_UNAMBIGUOUS_SINGLE_CANDIDATE,False,CREDITED,Matt Ryan,RyanMa00,00-0026143,STATHEAD_QB_STARTED_QUERY,Stage01 canonical reconciliation rank 3491,STATHEAD_UNAMBIGUOUS_SINGLE_CANDIDATE,False,CREDITED,POSTGAME_ACTUAL_STARTER,ORACLE_STARTER_IDENTITY_ONLY,False
2018,15,REG,2018-12-15,2018_15_CLE_DEN,CLE,DEN,Baker Mayfield,MayfBa00,00-0034855,STATHEAD_QB_STARTED_QUERY,Stage01 canonical reconciliation rank 3499,STATHEAD_UNAMBIGUOUS_SINGLE_CANDIDATE,False,CREDITED,Case Keenum,KeenCa00,00-0028986,STATHEAD_QB_STARTED_QUERY,Stage01 canonical reconciliation rank 3498,STATHEAD_UNAMBIGUOUS_SINGLE_CANDIDATE,False,CREDITED,POSTGAME_ACTUAL_STARTER,ORACLE_STARTER_IDENTITY_ONLY,False
2018,15,REG,2018-12-16,2018_15_DAL_IND,DAL,IND,Dak Prescott,PresDa01,00-0033077,STATHEAD_QB_STARTED_QUERY,Stage01 canonical reconciliation rank 3487,STATHEAD_UNAMBIGUOUS_SINGLE_CANDIDATE,False,CREDITED,Andrew Luck,LuckAn00,00-0029668,STATHEAD_QB_STARTED_QUERY,Stage01 canonical reconciliation rank 3483,STATHEAD_UNAMBIGUOUS_SINGLE_CANDIDATE,False,CREDITED,POSTGAME_ACTUAL_STARTER,ORACLE_STARTER_IDENTITY_ONLY,False
2018,15,REG,2018-12-16,2018_15_DET_BUF,DET,BUF,Matthew Stafford,StafMa00,00-0026498,STATHEAD_QB_STARTED_QUERY,Stage01 canonical reconciliation rank 3492,STATHEAD_UNAMBIGUOUS_SINGLE_CANDIDATE,False,CREDITED,Josh Allen,AlleJo02,00-0034857,STATHEAD_QB_STARTED_QUERY,Stage01 canonical reconciliation rank 3473,STATHEAD_UNAMBIGUOUS_SINGLE_CANDIDATE,False,CREDITED,POSTGAME_ACTUAL_STARTER,ORACLE_STARTER_IDENTITY_ONLY,False
2018,15,REG,2018-12-16,2018_15_GB_CHI,GB,CHI,Aaron Rodgers,RodgAa00,00-0023459,STATHEAD_QB_STARTED_QUERY,Stage01 canonical reconciliation rank 3488,STATHEAD_UNAMBIGUOUS_SINGLE_CANDIDATE,False,CREDITED,Mitchell Trubisky,TrubMi00,00-0033869,STATHEAD_QB_STARTED_QUERY,Stage01 canonical reconciliation rank 3494,STATHEAD_UNAMBIGUOUS_SINGLE_CANDIDATE,False,CREDITED,POSTGAME_ACTUAL_STARTER,ORACLE_STARTER_IDENTITY_ONLY,False
2018,15,REG,2018-12-15,2018_15_HOU_NYJ,HOU,NYJ,Deshaun Watson,WatsDe00,00-0033537,STATHEAD_QB_STARTED_QUERY,Stage01 canonical reconciliation rank 3500,STATHEAD_UNAMBIGUOUS_SINGLE_CANDIDATE,False,CREDITED,Sam Darnold,DarnSa00,00-0034869,STATHEAD_QB_STARTED_QUERY,Stage01 canonical reconciliation rank 3497,STATHEAD_UNAMBIGUOUS_SINGLE_CANDIDATE,False,CREDITED,POSTGAME_ACTUAL_STARTER,ORACLE_STARTER_IDENTITY_ONLY,False
2018,15,REG,2018-12-13,2018_15_LAC_KC,LAC,KC,Philip Rivers,RivePh00,00-0022942,STATHEAD_QB_STARTED_QUERY,Stage01 canonical reconciliation rank 3502,STATHEAD_UNAMBIGUOUS_SINGLE_CANDIDATE,False,CREDITED,Patrick Mahomes,MahoPa00,00-0033873,STATHEAD_QB_STARTED_QUERY,Stage01 canonical reconciliation rank 3501,STATHEAD_UNAMBIGUOUS_SINGLE_CANDIDATE,False,CREDITED,POSTGAME_ACTUAL_STARTER,ORACLE_STARTER_IDENTITY_ONLY,False
2018,15,REG,2018-12-16,2018_15_MIA_MIN,MIA,MIN,Ryan Tannehill,TannRy00,00-0029701,STATHEAD_QB_STARTED_QUERY,Stage01 canonical reconciliation rank 3493,STATHEAD_UNAMBIGUOUS_SINGLE_CANDIDATE,False,CREDITED,Kirk Cousins,CousKi00,00-0029604,STATHEAD_QB_STARTED_QUERY,Stage01 canonical reconciliation rank 3476,STATHEAD_UNAMBIGUOUS_SINGLE_CANDIDATE,False,CREDITED,POSTGAME_ACTUAL_STARTER,ORACLE_STARTER_IDENTITY_ONLY,False
2018,15,REG,2018-12-16,2018_15_NE_PIT,NE,PIT,Tom Brady,BradTo00,00-0019596,STATHEAD_QB_STARTED_QUERY,Stage01 canonical reconciliation rank 3474,STATHEAD_UNAMBIGUOUS_SINGLE_CANDIDATE,False,CREDITED,Ben Roethlisberger,RoetBe00,00-0022924,STATHEAD_QB_STARTED_QUERY,Stage01 canonical reconciliation rank 3489,STATHEAD_UNAMBIGUOUS_SINGLE_CANDIDATE,False,CREDITED,POSTGAME_ACTUAL_STARTER,ORACLE_STARTER_IDENTITY_ONLY,False
2018,15,REG,2018-12-17,2018_15_NO_CAR,NO,CAR,Drew Brees,BreeDr00,00-0020531,STATHEAD_QB_STARTED_QUERY,Stage01 canonical reconciliation rank 3471,STATHEAD_UNAMBIGUOUS_SINGLE_CANDIDATE,False,CREDITED,Cam Newton,NewtCa00,00-0027939,STATHEAD_QB_STARTED_QUERY,Stage01 canonical reconciliation rank 3472,STATHEAD_UNAMBIGUOUS_SINGLE_CANDIDATE,False,CREDITED,POSTGAME_ACTUAL_STARTER,ORACLE_STARTER_IDENTITY_ONLY,False
2018,15,REG,2018-12-16,2018_15_OAK_CIN,LV,CIN,Derek Carr,CarrDe02,00-0031280,STATHEAD_QB_STARTED_QUERY,Stage01 canonical reconciliation rank 3475,STATHEAD_UNAMBIGUOUS_SINGLE_CANDIDATE,False,CREDITED,Jeff Driskel,DrisJe00,00-0032436,STATHEAD_QB_STARTED_QUERY,Stage01 canonical reconciliation rank 3477,STATHEAD_UNAMBIGUOUS_SINGLE_CANDIDATE,False,CREDITED,POSTGAME_ACTUAL_STARTER,ORACLE_STARTER_IDENTITY_ONLY,False
2018,15,REG,2018-12-16,2018_15_PHI_LA,PHI,LAR,Nick Foles,FoleNi00,00-0029567,STATHEAD_QB_STARTED_QUERY,Stage01 canonical reconciliation rank 3478,STATHEAD_UNAMBIGUOUS_SINGLE_CANDIDATE,False,CREDITED,Jared Goff,GoffJa00,00-0033106,STATHEAD_QB_STARTED_QUERY,Stage01 canonical reconciliation rank 3479,STATHEAD_UNAMBIGUOUS_SINGLE_CANDIDATE,False,CREDITED,POSTGAME_ACTUAL_STARTER,ORACLE_STARTER_IDENTITY_ONLY,False
2018,15,REG,2018-12-16,2018_15_SEA_SF,SEA,SF,Russell Wilson,WilsRu00,00-0029263,STATHEAD_QB_STARTED_QUERY,Stage01 canonical reconciliation rank 3495,STATHEAD_UNAMBIGUOUS_SINGLE_CANDIDATE,False,CREDITED,Nick Mullens,MullNi00,00-0033319,STATHEAD_QB_STARTED_QUERY,Stage01 canonical reconciliation rank 3486,STATHEAD_UNAMBIGUOUS_SINGLE_CANDIDATE,False,CREDITED,POSTGAME_ACTUAL_STARTER,ORACLE_STARTER_IDENTITY_ONLY,False
2018,15,REG,2018-12-16,2018_15_TB_BAL,TB,BAL,Jameis Winston,WinsJa00,00-0031503,STATHEAD_QB_STARTED_QUERY,Stage01 canonical reconciliation rank 3496,STATHEAD_UNAMBIGUOUS_SINGLE_CANDIDATE,False,CREDITED,Lamar Jackson,JackLa00,00-0034796,STATHEAD_QB_STARTED_QUERY,Stage01 canonical reconciliation rank 3480,STATHEAD_UNAMBIGUOUS_SINGLE_CANDIDATE,False,CREDITED,POSTGAME_ACTUAL_STARTER,ORACLE_STARTER_IDENTITY_ONLY,False
2018,15,REG,2018-12-16,2018_15_TEN_NYG,TEN,NYG,Marcus Mariota,MariMa01,00-0032268,STATHEAD_QB_STARTED_QUERY,Stage01 canonical reconciliation rank 3485,STATHEAD_UNAMBIGUOUS_SINGLE_CANDIDATE,False,CREDITED,Eli Manning,MannEl00,00-0022803,STATHEAD_QB_STARTED_QUERY,Stage01 canonical reconciliation rank 3484,STATHEAD_UNAMBIGUOUS_SINGLE_CANDIDATE,False,CREDITED,POSTGAME_ACTUAL_STARTER,ORACLE_STARTER_IDENTITY_ONLY,False
2018,15,REG,2018-12-16,2018_15_WAS_JAX,WAS,JAX,Josh Johnson,JohnJo05,00-0026300,STATHEAD_QB_STARTED_QUERY,Stage01 canonical reconciliation rank 3481,STATHEAD_UNAMBIGUOUS_SINGLE_CANDIDATE,False,CREDITED,Cody Kessler,KessCo00,00-0033104,STATHEAD_QB_STARTED_QUERY,Stage01 canonical reconciliation rank 3482,STATHEAD_UNAMBIGUOUS_SINGLE_CANDIDATE,False,CREDITED,POSTGAME_ACTUAL_STARTER,ORACLE_STARTER_IDENTITY_ONLY,False
2018,16,REG,2018-12-23,2018_16_ATL_CAR,ATL,CAR,Matt Ryan,RyanMa00,00-0026143,STATHEAD_QB_STARTED_QUERY,Stage01 canonical reconciliation rank 3460,STATHEAD_UNAMBIGUOUS_SINGLE_CANDIDATE,False,CREDITED,Taylor Heinicke,HeinTa00,00-0031800,STATHEAD_QB_STARTED_QUERY,Stage01 canonical reconciliation rank 3449,STATHEAD_UNAMBIGUOUS_SINGLE_CANDIDATE,False,CREDITED,POSTGAME_ACTUAL_STARTER,ORACLE_STARTER_IDENTITY_ONLY,False
2018,16,REG,2018-12-22,2018_16_BAL_LAC,BAL,LAC,Lamar Jackson,JackLa00,00-0034796,STATHEAD_QB_STARTED_QUERY,Stage01 canonical reconciliation rank 3467,STATHEAD_UNAMBIGUOUS_SINGLE_CANDIDATE,False,CREDITED,Philip Rivers,RivePh00,00-0022942,STATHEAD_QB_STARTED_QUERY,Stage01 canonical reconciliation rank 3470,STATHEAD_UNAMBIGUOUS_SINGLE_CANDIDATE,False,CREDITED,POSTGAME_ACTUAL_STARTER,ORACLE_STARTER_IDENTITY_ONLY,False
2018,16,REG,2018-12-23,2018_16_BUF_NE,BUF,NE,Josh Allen,AlleJo02,00-0034857,STATHEAD_QB_STARTED_QUERY,Stage01 canonical reconciliation rank 3441,STATHEAD_UNAMBIGUOUS_SINGLE_CANDIDATE,False,CREDITED,Tom Brady,BradTo00,00-0019596,STATHEAD_QB_STARTED_QUERY,Stage01 canonical reconciliation rank 3442,STATHEAD_UNAMBIGUOUS_SINGLE_CANDIDATE,False,CREDITED,POSTGAME_ACTUAL_STARTER,ORACLE_STARTER_IDENTITY_ONLY,False
2018,16,REG,2018-12-23,2018_16_CHI_SF,CHI,SF,Mitchell Trubisky,TrubMi00,00-0033869,STATHEAD_QB_STARTED_QUERY,Stage01 canonical reconciliation rank 3463,STATHEAD_UNAMBIGUOUS_SINGLE_CANDIDATE,False,CREDITED,Nick Mullens,MullNi00,00-0033319,STATHEAD_QB_STARTED_QUERY,Stage01 canonical reconciliation rank 3455,STATHEAD_UNAMBIGUOUS_SINGLE_CANDIDATE,False,CREDITED,POSTGAME_ACTUAL_STARTER,ORACLE_STARTER_IDENTITY_ONLY,False
2018,16,REG,2018-12-23,2018_16_CIN_CLE,CIN,CLE,Jeff Driskel,DrisJe00,00-0032436,STATHEAD_QB_STARTED_QUERY,Stage01 canonical reconciliation rank 3446,STATHEAD_UNAMBIGUOUS_SINGLE_CANDIDATE,False,CREDITED,Baker Mayfield,MayfBa00,00-0034855,STATHEAD_QB_STARTED_QUERY,Stage01 canonical reconciliation rank 3454,STATHEAD_UNAMBIGUOUS_SINGLE_CANDIDATE,False,CREDITED,POSTGAME_ACTUAL_STARTER,ORACLE_STARTER_IDENTITY_ONLY,False
2018,16,REG,2018-12-24,2018_16_DEN_OAK,DEN,LV,Case Keenum,KeenCa00,00-0028986,STATHEAD_QB_STARTED_QUERY,Stage01 canonical reconciliation rank 3440,STATHEAD_UNAMBIGUOUS_SINGLE_CANDIDATE,False,CREDITED,Derek Carr,CarrDe02,00-0031280,STATHEAD_QB_STARTED_QUERY,Stage01 canonical reconciliation rank 3439,STATHEAD_UNAMBIGUOUS_SINGLE_CANDIDATE,False,CREDITED,POSTGAME_ACTUAL_STARTER,ORACLE_STARTER_IDENTITY_ONLY,False
2018,16,REG,2018-12-23,2018_16_GB_NYJ,GB,NYJ,Aaron Rodgers,RodgAa00,00-0023459,STATHEAD_QB_STARTED_QUERY,Stage01 canonical reconciliation rank 3457,STATHEAD_UNAMBIGUOUS_SINGLE_CANDIDATE,False,CREDITED,Sam Darnold,DarnSa00,00-0034869,STATHEAD_QB_STARTED_QUERY,Stage01 canonical reconciliation rank 3445,STATHEAD_UNAMBIGUOUS_SINGLE_CANDIDATE,False,CREDITED,POSTGAME_ACTUAL_STARTER,ORACLE_STARTER_IDENTITY_ONLY,False
2018,16,REG,2018-12-23,2018_16_HOU_PHI,HOU,PHI,Deshaun Watson,WatsDe00,00-0033537,STATHEAD_QB_STARTED_QUERY,Stage01 canonical reconciliation rank 3464,STATHEAD_UNAMBIGUOUS_SINGLE_CANDIDATE,False,CREDITED,Nick Foles,FoleNi00,00-0029567,STATHEAD_QB_STARTED_QUERY,Stage01 canonical reconciliation rank 3447,STATHEAD_UNAMBIGUOUS_SINGLE_CANDIDATE,False,CREDITED,POSTGAME_ACTUAL_STARTER,ORACLE_STARTER_IDENTITY_ONLY,False
2018,16,REG,2018-12-23,2018_16_JAX_MIA,JAX,MIA,Cody Kessler,KessCo00,00-0033104,STATHEAD_QB_STARTED_QUERY,Stage01 canonical reconciliation rank 3450,STATHEAD_UNAMBIGUOUS_SINGLE_CANDIDATE,False,CREDITED,Ryan Tannehill,TannRy00,00-0029701,STATHEAD_QB_STARTED_QUERY,Stage01 canonical reconciliation rank 3462,STATHEAD_UNAMBIGUOUS_SINGLE_CANDIDATE,False,CREDITED,POSTGAME_ACTUAL_STARTER,ORACLE_STARTER_IDENTITY_ONLY,False
2018,16,REG,2018-12-23,2018_16_KC_SEA,KC,SEA,Patrick Mahomes,MahoPa00,00-0033873,STATHEAD_QB_STARTED_QUERY,Stage01 canonical reconciliation rank 3452,STATHEAD_UNAMBIGUOUS_SINGLE_CANDIDATE,False,CREDITED,Russell Wilson,WilsRu00,00-0029263,STATHEAD_QB_STARTED_QUERY,Stage01 canonical reconciliation rank 3465,STATHEAD_UNAMBIGUOUS_SINGLE_CANDIDATE,False,CREDITED,POSTGAME_ACTUAL_STARTER,ORACLE_STARTER_IDENTITY_ONLY,False
2018,16,REG,2018-12-23,2018_16_LA_ARI,LAR,ARI,Jared Goff,GoffJa00,00-0033106,STATHEAD_QB_STARTED_QUERY,Stage01 canonical reconciliation rank 3448,STATHEAD_UNAMBIGUOUS_SINGLE_CANDIDATE,False,CREDITED,Josh Rosen,RoseJo01,00-0034343,STATHEAD_QB_STARTED_QUERY,Stage01 canonical reconciliation rank 3459,STATHEAD_UNAMBIGUOUS_SINGLE_CANDIDATE,False,CREDITED,POSTGAME_ACTUAL_STARTER,ORACLE_STARTER_IDENTITY_ONLY,False
2018,16,REG,2018-12-23,2018_16_MIN_DET,MIN,DET,Kirk Cousins,CousKi00,00-0029604,STATHEAD_QB_STARTED_QUERY,Stage01 canonical reconciliation rank 3444,STATHEAD_UNAMBIGUOUS_SINGLE_CANDIDATE,False,CREDITED,Matthew Stafford,StafMa00,00-0026498,STATHEAD_QB_STARTED_QUERY,Stage01 canonical reconciliation rank 3461,STATHEAD_UNAMBIGUOUS_SINGLE_CANDIDATE,False,CREDITED,POSTGAME_ACTUAL_STARTER,ORACLE_STARTER_IDENTITY_ONLY,False
2018,16,REG,2018-12-23,2018_16_NYG_IND,NYG,IND,Eli Manning,MannEl00,00-0022803,STATHEAD_QB_STARTED_QUERY,Stage01 canonical reconciliation rank 3453,STATHEAD_UNAMBIGUOUS_SINGLE_CANDIDATE,False,CREDITED,Andrew Luck,LuckAn00,00-0029668,STATHEAD_QB_STARTED_QUERY,Stage01 canonical reconciliation rank 3451,STATHEAD_UNAMBIGUOUS_SINGLE_CANDIDATE,False,CREDITED,POSTGAME_ACTUAL_STARTER,ORACLE_STARTER_IDENTITY_ONLY,False
2018,16,REG,2018-12-23,2018_16_PIT_NO,PIT,NO,Ben Roethlisberger,RoetBe00,00-0022924,STATHEAD_QB_STARTED_QUERY,Stage01 canonical reconciliation rank 3458,STATHEAD_UNAMBIGUOUS_SINGLE_CANDIDATE,False,CREDITED,Drew Brees,BreeDr00,00-0020531,STATHEAD_QB_STARTED_QUERY,Stage01 canonical reconciliation rank 3443,STATHEAD_UNAMBIGUOUS_SINGLE_CANDIDATE,False,CREDITED,POSTGAME_ACTUAL_STARTER,ORACLE_STARTER_IDENTITY_ONLY,False
2018,16,REG,2018-12-23,2018_16_TB_DAL,TB,DAL,Jameis Winston,WinsJa00,00-0031503,STATHEAD_QB_STARTED_QUERY,Stage01 canonical reconciliation rank 3466,STATHEAD_UNAMBIGUOUS_SINGLE_CANDIDATE,False,CREDITED,Dak Prescott,PresDa01,00-0033077,STATHEAD_QB_STARTED_QUERY,Stage01 canonical reconciliation rank 3456,STATHEAD_UNAMBIGUOUS_SINGLE_CANDIDATE,False,CREDITED,POSTGAME_ACTUAL_STARTER,ORACLE_STARTER_IDENTITY_ONLY,False
2018,16,REG,2018-12-22,2018_16_WAS_TEN,WAS,TEN,Josh Johnson,JohnJo05,00-0026300,STATHEAD_QB_STARTED_QUERY,Stage01 canonical reconciliation rank 3468,STATHEAD_UNAMBIGUOUS_SINGLE_CANDIDATE,False,CREDITED,Marcus Mariota,MariMa01,00-0032268,STATHEAD_QB_STARTED_QUERY,Stage01 canonical reconciliation rank 3469,STATHEAD_UNAMBIGUOUS_SINGLE_CANDIDATE,False,CREDITED,POSTGAME_ACTUAL_STARTER,ORACLE_STARTER_IDENTITY_ONLY,False
2018,17,REG,2018-12-30,2018_17_ARI_SEA,ARI,SEA,Josh Rosen,RoseJo01,00-0034343,STATHEAD_QB_STARTED_QUERY,Stage01 canonical reconciliation rank 3431,STATHEAD_UNAMBIGUOUS_SINGLE_CANDIDATE,False,CREDITED,Russell Wilson,WilsRu00,00-0029263,STATHEAD_QB_STARTED_QUERY,Stage01 canonical reconciliation rank 3437,STATHEAD_UNAMBIGUOUS_SINGLE_CANDIDATE,False,CREDITED,POSTGAME_ACTUAL_STARTER,ORACLE_STARTER_IDENTITY_ONLY,False
2018,17,REG,2018-12-30,2018_17_ATL_TB,ATL,TB,Matt Ryan,RyanMa00,00-0026143,STATHEAD_QB_STARTED_QUERY,Stage01 canonical reconciliation rank 3432,STATHEAD_UNAMBIGUOUS_SINGLE_CANDIDATE,False,CREDITED,Jameis Winston,WinsJa00,00-0031503,STATHEAD_QB_STARTED_QUERY,Stage01 canonical reconciliation rank 3438,STATHEAD_UNAMBIGUOUS_SINGLE_CANDIDATE,False,CREDITED,POSTGAME_ACTUAL_STARTER,ORACLE_STARTER_IDENTITY_ONLY,False
2018,17,REG,2018-12-30,2018_17_CAR_NO,CAR,NO,Kyle Allen,AlleKy00,00-0034577,STATHEAD_QB_STARTED_QUERY,Stage01 canonical reconciliation rank 3407,STATHEAD_UNAMBIGUOUS_SINGLE_CANDIDATE,False,CREDITED,Teddy Bridgewater,BridTe00,00-0031237,VALIDATED_MANUAL_WEB_RESEARCH,,VALIDATED_MANUAL_WEB_EXCEPTION,False,CREDITED,POSTGAME_ACTUAL_STARTER,ORACLE_STARTER_IDENTITY_ONLY,False
2018,17,REG,2018-12-30,2018_17_CHI_MIN,CHI,MIN,Mitchell Trubisky,TrubMi00,00-0033869,STATHEAD_QB_STARTED_QUERY,Stage01 canonical reconciliation rank 3435,STATHEAD_UNAMBIGUOUS_SINGLE_CANDIDATE,False,CREDITED,Kirk Cousins,CousKi00,00-0029604,STATHEAD_QB_STARTED_QUERY,Stage01 canonical reconciliation rank 3412,STATHEAD_UNAMBIGUOUS_SINGLE_CANDIDATE,False,CREDITED,POSTGAME_ACTUAL_STARTER,ORACLE_STARTER_IDENTITY_ONLY,False
2018,17,REG,2018-12-30,2018_17_CIN_PIT,CIN,PIT,Jeff Driskel,DrisJe00,00-0032436,STATHEAD_QB_STARTED_QUERY,Stage01 canonical reconciliation rank 3414,STATHEAD_UNAMBIGUOUS_SINGLE_CANDIDATE,False,CREDITED,Ben Roethlisberger,RoetBe00,00-0022924,STATHEAD_QB_STARTED_QUERY,Stage01 canonical reconciliation rank 3430,STATHEAD_UNAMBIGUOUS_SINGLE_CANDIDATE,False,CREDITED,POSTGAME_ACTUAL_STARTER,ORACLE_STARTER_IDENTITY_ONLY,False
2018,17,REG,2018-12-30,2018_17_CLE_BAL,CLE,BAL,Baker Mayfield,MayfBa00,00-0034855,STATHEAD_QB_STARTED_QUERY,Stage01 canonical reconciliation rank 3425,STATHEAD_UNAMBIGUOUS_SINGLE_CANDIDATE,False,CREDITED,Lamar Jackson,JackLa00,00-0034796,STATHEAD_QB_STARTED_QUERY,Stage01 canonical reconciliation rank 3419,STATHEAD_UNAMBIGUOUS_SINGLE_CANDIDATE,False,CREDITED,POSTGAME_ACTUAL_STARTER,ORACLE_STARTER_IDENTITY_ONLY,False
2018,17,REG,2018-12-30,2018_17_DAL_NYG,DAL,NYG,Dak Prescott,PresDa01,00-0033077,STATHEAD_QB_STARTED_QUERY,Stage01 canonical reconciliation rank 3427,STATHEAD_UNAMBIGUOUS_SINGLE_CANDIDATE,False,CREDITED,Eli Manning,MannEl00,00-0022803,STATHEAD_QB_STARTED_QUERY,Stage01 canonical reconciliation rank 3424,STATHEAD_UNAMBIGUOUS_SINGLE_CANDIDATE,False,CREDITED,POSTGAME_ACTUAL_STARTER,ORACLE_STARTER_IDENTITY_ONLY,False
2018,17,REG,2018-12-30,2018_17_DET_GB,DET,GB,Matthew Stafford,StafMa00,00-0026498,STATHEAD_QB_STARTED_QUERY,Stage01 canonical reconciliation rank 3433,STATHEAD_UNAMBIGUOUS_SINGLE_CANDIDATE,False,CREDITED,Aaron Rodgers,RodgAa00,00-0023459,STATHEAD_QB_STARTED_QUERY,Stage01 canonical reconciliation rank 3429,STATHEAD_UNAMBIGUOUS_SINGLE_CANDIDATE,False,CREDITED,POSTGAME_ACTUAL_STARTER,ORACLE_STARTER_IDENTITY_ONLY,False
2018,17,REG,2018-12-30,2018_17_IND_TEN,IND,TEN,Andrew Luck,LuckAn00,00-0029668,STATHEAD_QB_STARTED_QUERY,Stage01 canonical reconciliation rank 3422,STATHEAD_UNAMBIGUOUS_SINGLE_CANDIDATE,False,CREDITED,Blaine Gabbert,GabbBl00,00-0027948,STATHEAD_QB_STARTED_QUERY,Stage01 canonical reconciliation rank 3416,STATHEAD_UNAMBIGUOUS_SINGLE_CANDIDATE,False,CREDITED,POSTGAME_ACTUAL_STARTER,ORACLE_STARTER_IDENTITY_ONLY,False
2018,17,REG,2018-12-30,2018_17_JAX_HOU,JAX,HOU,Blake Bortles,BortBl00,00-0031407,STATHEAD_QB_STARTED_QUERY,Stage01 canonical reconciliation rank 3408,STATHEAD_UNAMBIGUOUS_SINGLE_CANDIDATE,False,CREDITED,Deshaun Watson,WatsDe00,00-0033537,STATHEAD_QB_STARTED_QUERY,Stage01 canonical reconciliation rank 3436,STATHEAD_UNAMBIGUOUS_SINGLE_CANDIDATE,False,CREDITED,POSTGAME_ACTUAL_STARTER,ORACLE_STARTER_IDENTITY_ONLY,False
2018,17,REG,2018-12-30,2018_17_LAC_DEN,LAC,DEN,Philip Rivers,RivePh00,00-0022942,STATHEAD_QB_STARTED_QUERY,Stage01 canonical reconciliation rank 3428,STATHEAD_UNAMBIGUOUS_SINGLE_CANDIDATE,False,CREDITED,Case Keenum,KeenCa00,00-0028986,STATHEAD_QB_STARTED_QUERY,Stage01 canonical reconciliation rank 3421,STATHEAD_UNAMBIGUOUS_SINGLE_CANDIDATE,False,CREDITED,POSTGAME_ACTUAL_STARTER,ORACLE_STARTER_IDENTITY_ONLY,False
2018,17,REG,2018-12-30,2018_17_MIA_BUF,MIA,BUF,Ryan Tannehill,TannRy00,00-0029701,STATHEAD_QB_STARTED_QUERY,Stage01 canonical reconciliation rank 3434,STATHEAD_UNAMBIGUOUS_SINGLE_CANDIDATE,False,CREDITED,Josh Allen,AlleJo02,00-0034857,STATHEAD_QB_STARTED_QUERY,Stage01 canonical reconciliation rank 3406,STATHEAD_UNAMBIGUOUS_SINGLE_CANDIDATE,False,CREDITED,POSTGAME_ACTUAL_STARTER,ORACLE_STARTER_IDENTITY_ONLY,False
2018,17,REG,2018-12-30,2018_17_NYJ_NE,NYJ,NE,Sam Darnold,DarnSa00,00-0034869,STATHEAD_QB_STARTED_QUERY,Stage01 canonical reconciliation rank 3413,STATHEAD_UNAMBIGUOUS_SINGLE_CANDIDATE,False,CREDITED,Tom Brady,BradTo00,00-0019596,STATHEAD_QB_STARTED_QUERY,Stage01 canonical reconciliation rank 3409,STATHEAD_UNAMBIGUOUS_SINGLE_CANDIDATE,False,CREDITED,POSTGAME_ACTUAL_STARTER,ORACLE_STARTER_IDENTITY_ONLY,False
2018,17,REG,2018-12-30,2018_17_OAK_KC,LV,KC,Derek Carr,CarrDe02,00-0031280,STATHEAD_QB_STARTED_QUERY,Stage01 canonical reconciliation rank 3411,STATHEAD_UNAMBIGUOUS_SINGLE_CANDIDATE,False,CREDITED,Patrick Mahomes,MahoPa00,00-0033873,STATHEAD_QB_STARTED_QUERY,Stage01 canonical reconciliation rank 3423,STATHEAD_UNAMBIGUOUS_SINGLE_CANDIDATE,False,CREDITED,POSTGAME_ACTUAL_STARTER,ORACLE_STARTER_IDENTITY_ONLY,False
2018,17,REG,2018-12-30,2018_17_PHI_WAS,PHI,WAS,Nick Foles,FoleNi00,00-0029567,STATHEAD_QB_STARTED_QUERY,Stage01 canonical reconciliation rank 3415,STATHEAD_UNAMBIGUOUS_SINGLE_CANDIDATE,False,CREDITED,Josh Johnson,JohnJo05,00-0026300,STATHEAD_QB_STARTED_QUERY,Stage01 canonical reconciliation rank 3420,STATHEAD_UNAMBIGUOUS_SINGLE_CANDIDATE,False,CREDITED,POSTGAME_ACTUAL_STARTER,ORACLE_STARTER_IDENTITY_ONLY,False
2018,17,REG,2018-12-30,2018_17_SF_LA,SF,LAR,Nick Mullens,MullNi00,00-0033319,STATHEAD_QB_STARTED_QUERY,Stage01 canonical reconciliation rank 3426,STATHEAD_UNAMBIGUOUS_SINGLE_CANDIDATE,False,CREDITED,Jared Goff,GoffJa00,00-0033106,STATHEAD_QB_STARTED_QUERY,Stage01 canonical reconciliation rank 3417,STATHEAD_UNAMBIGUOUS_SINGLE_CANDIDATE,False,CREDITED,POSTGAME_ACTUAL_STARTER,ORACLE_STARTER_IDENTITY_ONLY,False
2018,18,WC,2019-01-05,2018_18_IND_HOU,IND,HOU,Andrew Luck,LuckAn00,00-0029668,STATHEAD_QB_STARTED_QUERY,Stage01 canonical reconciliation rank 3402,STATHEAD_UNAMBIGUOUS_SINGLE_CANDIDATE,False,CREDITED,Deshaun Watson,WatsDe00,00-0033537,STATHEAD_QB_STARTED_QUERY,Stage01 canonical reconciliation rank 3404,STATHEAD_UNAMBIGUOUS_SINGLE_CANDIDATE,False,CREDITED,POSTGAME_ACTUAL_STARTER,ORACLE_STARTER_IDENTITY_ONLY,True
2018,18,WC,2019-01-06,2018_18_LAC_BAL,LAC,BAL,Philip Rivers,RivePh00,00-0022942,STATHEAD_QB_STARTED_QUERY,Stage01 canonical reconciliation rank 3400,STATHEAD_UNAMBIGUOUS_SINGLE_CANDIDATE,False,CREDITED,Lamar Jackson,JackLa00,00-0034796,STATHEAD_QB_STARTED_QUERY,Stage01 canonical reconciliation rank 3399,STATHEAD_UNAMBIGUOUS_SINGLE_CANDIDATE,False,CREDITED,POSTGAME_ACTUAL_STARTER,ORACLE_STARTER_IDENTITY_ONLY,True
2018,18,WC,2019-01-06,2018_18_PHI_CHI,PHI,CHI,Nick Foles,FoleNi00,00-0029567,STATHEAD_QB_STARTED_QUERY,Stage01 canonical reconciliation rank 3398,STATHEAD_UNAMBIGUOUS_SINGLE_CANDIDATE,False,CREDITED,Mitchell Trubisky,TrubMi00,00-0033869,STATHEAD_QB_STARTED_QUERY,Stage01 canonical reconciliation rank 3401,STATHEAD_UNAMBIGUOUS_SINGLE_CANDIDATE,False,CREDITED,POSTGAME_ACTUAL_STARTER,ORACLE_STARTER_IDENTITY_ONLY,True
2018,18,WC,2019-01-05,2018_18_SEA_DAL,SEA,DAL,Russell Wilson,WilsRu00,00-0029263,STATHEAD_QB_STARTED_QUERY,Stage01 canonical reconciliation rank 3405,STATHEAD_UNAMBIGUOUS_SINGLE_CANDIDATE,False,CREDITED,Dak Prescott,PresDa01,00-0033077,STATHEAD_QB_STARTED_QUERY,Stage01 canonical reconciliation rank 3403,STATHEAD_UNAMBIGUOUS_SINGLE_CANDIDATE,False,CREDITED,POSTGAME_ACTUAL_STARTER,ORACLE_STARTER_IDENTITY_ONLY,True
2018,19,DIV,2019-01-12,2018_19_DAL_LA,DAL,LAR,Dak Prescott,PresDa01,00-0033077,STATHEAD_QB_STARTED_QUERY,Stage01 canonical reconciliation rank 3397,STATHEAD_UNAMBIGUOUS_SINGLE_CANDIDATE,False,CREDITED,Jared Goff,GoffJa00,00-0033106,STATHEAD_QB_STARTED_QUERY,Stage01 canonical reconciliation rank 3394,STATHEAD_UNAMBIGUOUS_SINGLE_CANDIDATE,False,CREDITED,POSTGAME_ACTUAL_STARTER,ORACLE_STARTER_IDENTITY_ONLY,True
2018,19,DIV,2019-01-12,2018_19_IND_KC,IND,KC,Andrew Luck,LuckAn00,00-0029668,STATHEAD_QB_STARTED_QUERY,Stage01 canonical reconciliation rank 3395,STATHEAD_UNAMBIGUOUS_SINGLE_CANDIDATE,False,CREDITED,Patrick Mahomes,MahoPa00,00-0033873,STATHEAD_QB_STARTED_QUERY,Stage01 canonical reconciliation rank 3396,STATHEAD_UNAMBIGUOUS_SINGLE_CANDIDATE,False,CREDITED,POSTGAME_ACTUAL_STARTER,ORACLE_STARTER_IDENTITY_ONLY,True
2018,19,DIV,2019-01-13,2018_19_LAC_NE,LAC,NE,Philip Rivers,RivePh00,00-0022942,STATHEAD_QB_STARTED_QUERY,Stage01 canonical reconciliation rank 3393,STATHEAD_UNAMBIGUOUS_SINGLE_CANDIDATE,False,CREDITED,Tom Brady,BradTo00,00-0019596,STATHEAD_QB_STARTED_QUERY,Stage01 canonical reconciliation rank 3390,STATHEAD_UNAMBIGUOUS_SINGLE_CANDIDATE,False,CREDITED,POSTGAME_ACTUAL_STARTER,ORACLE_STARTER_IDENTITY_ONLY,True
2018,19,DIV,2019-01-13,2018_19_PHI_NO,PHI,NO,Nick Foles,FoleNi00,00-0029567,STATHEAD_QB_STARTED_QUERY,Stage01 canonical reconciliation rank 3392,STATHEAD_UNAMBIGUOUS_SINGLE_CANDIDATE,False,CREDITED,Drew Brees,BreeDr00,00-0020531,STATHEAD_QB_STARTED_QUERY,Stage01 canonical reconciliation rank 3391,STATHEAD_UNAMBIGUOUS_SINGLE_CANDIDATE,False,CREDITED,POSTGAME_ACTUAL_STARTER,ORACLE_STARTER_IDENTITY_ONLY,True
2018,20,CON,2019-01-20,2018_20_LA_NO,LAR,NO,Jared Goff,GoffJa00,00-0033106,STATHEAD_QB_STARTED_QUERY,Stage01 canonical reconciliation rank 3388,STATHEAD_UNAMBIGUOUS_SINGLE_CANDIDATE,False,CREDITED,Drew Brees,BreeDr00,00-0020531,STATHEAD_QB_STARTED_QUERY,Stage01 canonical reconciliation rank 3387,STATHEAD_UNAMBIGUOUS_SINGLE_CANDIDATE,False,CREDITED,POSTGAME_ACTUAL_STARTER,ORACLE_STARTER_IDENTITY_ONLY,True
2018,20,CON,2019-01-20,2018_20_NE_KC,NE,KC,Tom Brady,BradTo00,00-0019596,STATHEAD_QB_STARTED_QUERY,Stage01 canonical reconciliation rank 3386,STATHEAD_UNAMBIGUOUS_SINGLE_CANDIDATE,False,CREDITED,Patrick Mahomes,MahoPa00,00-0033873,STATHEAD_QB_STARTED_QUERY,Stage01 canonical reconciliation rank 3389,STATHEAD_UNAMBIGUOUS_SINGLE_CANDIDATE,False,CREDITED,POSTGAME_ACTUAL_STARTER,ORACLE_STARTER_IDENTITY_ONLY,True
2018,21,SB,2019-02-03,2018_21_NE_LA,NE,LAR,Tom Brady,BradTo00,00-0019596,STATHEAD_QB_STARTED_QUERY,Stage01 canonical reconciliation rank 3384,STATHEAD_UNAMBIGUOUS_SINGLE_CANDIDATE,False,CREDITED,Jared Goff,GoffJa00,00-0033106,STATHEAD_QB_STARTED_QUERY,Stage01 canonical reconciliation rank 3385,STATHEAD_UNAMBIGUOUS_SINGLE_CANDIDATE,False,CREDITED,POSTGAME_ACTUAL_STARTER,ORACLE_STARTER_IDENTITY_ONLY,True
2019,1,REG,2019-09-08,2019_01_ATL_MIN,ATL,MIN,Matt Ryan,RyanMa00,00-0026143,STATHEAD_QB_STARTED_QUERY,Stage01 canonical reconciliation rank 3377,STATHEAD_UNAMBIGUOUS_SINGLE_CANDIDATE,False,CREDITED,Kirk Cousins,CousKi00,00-0029604,STATHEAD_QB_STARTED_QUERY,Stage01 canonical reconciliation rank 3359,STATHEAD_UNAMBIGUOUS_SINGLE_CANDIDATE,False,CREDITED,POSTGAME_ACTUAL_STARTER,ORACLE_STARTER_IDENTITY_ONLY,False
2019,1,REG,2019-09-08,2019_01_BAL_MIA,BAL,MIA,Lamar Jackson,JackLa00,00-0034796,STATHEAD_QB_STARTED_QUERY,Stage01 canonical reconciliation rank 3366,STATHEAD_UNAMBIGUOUS_SINGLE_CANDIDATE,False,CREDITED,Ryan Fitzpatrick,FitzRy00,00-0023682,STATHEAD_QB_STARTED_QUERY,Stage01 canonical reconciliation rank 3362,STATHEAD_UNAMBIGUOUS_SINGLE_CANDIDATE,False,CREDITED,POSTGAME_ACTUAL_STARTER,ORACLE_STARTER_IDENTITY_ONLY,False
2019,1,REG,2019-09-08,2019_01_BUF_NYJ,BUF,NYJ,Josh Allen,AlleJo02,00-0034857,STATHEAD_QB_STARTED_QUERY,Stage01 canonical reconciliation rank 3356,STATHEAD_UNAMBIGUOUS_SINGLE_CANDIDATE,False,CREDITED,Sam Darnold,DarnSa00,00-0034869,STATHEAD_QB_STARTED_QUERY,Stage01 canonical reconciliation rank 3361,STATHEAD_UNAMBIGUOUS_SINGLE_CANDIDATE,False,CREDITED,POSTGAME_ACTUAL_STARTER,ORACLE_STARTER_IDENTITY_ONLY,False
2019,1,REG,2019-09-08,2019_01_CIN_SEA,CIN,SEA,Andy Dalton,DaltAn00,00-0027973,STATHEAD_QB_STARTED_QUERY,Stage01 canonical reconciliation rank 3360,STATHEAD_UNAMBIGUOUS_SINGLE_CANDIDATE,False,CREDITED,Russell Wilson,WilsRu00,00-0029263,STATHEAD_QB_STARTED_QUERY,Stage01 canonical reconciliation rank 3380,STATHEAD_UNAMBIGUOUS_SINGLE_CANDIDATE,False,CREDITED,POSTGAME_ACTUAL_STARTER,ORACLE_STARTER_IDENTITY_ONLY,False
2019,1,REG,2019-09-09,2019_01_DEN_OAK,DEN,LV,Joe Flacco,FlacJo00,00-0026158,STATHEAD_QB_STARTED_QUERY,Stage01 canonical reconciliation rank 3354,STATHEAD_UNAMBIGUOUS_SINGLE_CANDIDATE,False,CREDITED,Derek Carr,CarrDe02,00-0031280,STATHEAD_QB_STARTED_QUERY,Stage01 canonical reconciliation rank 3353,STATHEAD_UNAMBIGUOUS_SINGLE_CANDIDATE,False,CREDITED,POSTGAME_ACTUAL_STARTER,ORACLE_STARTER_IDENTITY_ONLY,False
2019,1,REG,2019-09-08,2019_01_DET_ARI,DET,ARI,Matthew Stafford,StafMa00,00-0026498,STATHEAD_QB_STARTED_QUERY,Stage01 canonical reconciliation rank 3378,STATHEAD_UNAMBIGUOUS_SINGLE_CANDIDATE,False,CREDITED,Kyler Murray,MurrKy00,00-0035228,STATHEAD_QB_STARTED_QUERY,Stage01 canonical reconciliation rank 3372,STATHEAD_UNAMBIGUOUS_SINGLE_CANDIDATE,False,CREDITED,POSTGAME_ACTUAL_STARTER,ORACLE_STARTER_IDENTITY_ONLY,False
2019,1,REG,2019-09-05,2019_01_GB_CHI,GB,CHI,Aaron Rodgers,RodgAa00,00-0023459,STATHEAD_QB_STARTED_QUERY,Stage01 canonical reconciliation rank 3382,STATHEAD_UNAMBIGUOUS_SINGLE_CANDIDATE,False,CREDITED,Mitchell Trubisky,TrubMi00,00-0033869,STATHEAD_QB_STARTED_QUERY,Stage01 canonical reconciliation rank 3383,STATHEAD_UNAMBIGUOUS_SINGLE_CANDIDATE,False,CREDITED,POSTGAME_ACTUAL_STARTER,ORACLE_STARTER_IDENTITY_ONLY,False
2019,1,REG,2019-09-09,2019_01_HOU_NO,HOU,NO,Deshaun Watson,WatsDe00,00-0033537,STATHEAD_QB_STARTED_QUERY,Stage01 canonical reconciliation rank 3355,STATHEAD_UNAMBIGUOUS_SINGLE_CANDIDATE,False,CREDITED,Drew Brees,BreeDr00,00-0020531,STATHEAD_QB_STARTED_QUERY,Stage01 canonical reconciliation rank 3352,STATHEAD_UNAMBIGUOUS_SINGLE_CANDIDATE,False,CREDITED,POSTGAME_ACTUAL_STARTER,ORACLE_STARTER_IDENTITY_ONLY,False
2019,1,REG,2019-09-08,2019_01_IND_LAC,IND,LAC,Jacoby Brissett,BrisJa00,00-0033119,STATHEAD_QB_STARTED_QUERY,Stage01 canonical reconciliation rank 3358,STATHEAD_UNAMBIGUOUS_SINGLE_CANDIDATE,False,CREDITED,Philip Rivers,RivePh00,00-0022942,STATHEAD_QB_STARTED_QUERY,Stage01 canonical reconciliation rank 3375,STATHEAD_UNAMBIGUOUS_SINGLE_CANDIDATE,False,CREDITED,POSTGAME_ACTUAL_STARTER,ORACLE_STARTER_IDENTITY_ONLY,False
2019,1,REG,2019-09-08,2019_01_KC_JAX,KC,JAX,Patrick Mahomes,MahoPa00,00-0033873,STATHEAD_QB_STARTED_QUERY,Stage01 canonical reconciliation rank 3368,STATHEAD_UNAMBIGUOUS_SINGLE_CANDIDATE,False,CREDITED,Nick Foles,FoleNi00,00-0029567,STATHEAD_QB_STARTED_QUERY,Stage01 canonical reconciliation rank 3363,STATHEAD_UNAMBIGUOUS_SINGLE_CANDIDATE,False,CREDITED,POSTGAME_ACTUAL_STARTER,ORACLE_STARTER_IDENTITY_ONLY,False
2019,1,REG,2019-09-08,2019_01_LA_CAR,LAR,CAR,Jared Goff,GoffJa00,00-0033106,STATHEAD_QB_STARTED_QUERY,Stage01 canonical reconciliation rank 3365,STATHEAD_UNAMBIGUOUS_SINGLE_CANDIDATE,False,CREDITED,Cam Newton,NewtCa00,00-0027939,STATHEAD_QB_STARTED_QUERY,Stage01 canonical reconciliation rank 3373,STATHEAD_UNAMBIGUOUS_SINGLE_CANDIDATE,False,CREDITED,POSTGAME_ACTUAL_STARTER,ORACLE_STARTER_IDENTITY_ONLY,False
2019,1,REG,2019-09-08,2019_01_NYG_DAL,NYG,DAL,Eli Manning,MannEl00,00-0022803,STATHEAD_QB_STARTED_QUERY,Stage01 canonical reconciliation rank 3369,STATHEAD_UNAMBIGUOUS_SINGLE_CANDIDATE,False,CREDITED,Dak Prescott,PresDa01,00-0033077,STATHEAD_QB_STARTED_QUERY,Stage01 canonical reconciliation rank 3374,STATHEAD_UNAMBIGUOUS_SINGLE_CANDIDATE,False,CREDITED,POSTGAME_ACTUAL_STARTER,ORACLE_STARTER_IDENTITY_ONLY,False
2019,1,REG,2019-09-08,2019_01_PIT_NE,PIT,NE,Ben Roethlisberger,RoetBe00,00-0022924,STATHEAD_QB_STARTED_QUERY,Stage01 canonical reconciliation rank 3376,STATHEAD_UNAMBIGUOUS_SINGLE_CANDIDATE,False,CREDITED,Tom Brady,BradTo00,00-0019596,STATHEAD_QB_STARTED_QUERY,Stage01 canonical reconciliation rank 3357,STATHEAD_UNAMBIGUOUS_SINGLE_CANDIDATE,False,CREDITED,POSTGAME_ACTUAL_STARTER,ORACLE_STARTER_IDENTITY_ONLY,False
2019,1,REG,2019-09-08,2019_01_SF_TB,SF,TB,Jimmy Garoppolo,GaroJi00,00-0031345,STATHEAD_QB_STARTED_QUERY,Stage01 canonical reconciliation rank 3364,STATHEAD_UNAMBIGUOUS_SINGLE_CANDIDATE,False,CREDITED,Jameis Winston,WinsJa00,00-0031503,STATHEAD_QB_STARTED_QUERY,Stage01 canonical reconciliation rank 3381,STATHEAD_UNAMBIGUOUS_SINGLE_CANDIDATE,False,CREDITED,POSTGAME_ACTUAL_STARTER,ORACLE_STARTER_IDENTITY_ONLY,False
2019,1,REG,2019-09-08,2019_01_TEN_CLE,TEN,CLE,Marcus Mariota,MariMa01,00-0032268,STATHEAD_QB_STARTED_QUERY,Stage01 canonical reconciliation rank 3370,STATHEAD_UNAMBIGUOUS_SINGLE_CANDIDATE,False,CREDITED,Baker Mayfield,MayfBa00,00-0034855,STATHEAD_QB_STARTED_QUERY,Stage01 canonical reconciliation rank 3371,STATHEAD_UNAMBIGUOUS_SINGLE_CANDIDATE,False,CREDITED,POSTGAME_ACTUAL_STARTER,ORACLE_STARTER_IDENTITY_ONLY,False
2019,1,REG,2019-09-08,2019_01_WAS_PHI,WAS,PHI,Case Keenum,KeenCa00,00-0028986,STATHEAD_QB_STARTED_QUERY,Stage01 canonical reconciliation rank 3367,STATHEAD_UNAMBIGUOUS_SINGLE_CANDIDATE,False,CREDITED,Carson Wentz,WentCa00,00-0032950,STATHEAD_QB_STARTED_QUERY,Stage01 canonical reconciliation rank 3379,STATHEAD_UNAMBIGUOUS_SINGLE_CANDIDATE,False,CREDITED,POSTGAME_ACTUAL_STARTER,ORACLE_STARTER_IDENTITY_ONLY,False
2019,2,REG,2019-09-15,2019_02_ARI_BAL,ARI,BAL,Kyler Murray,MurrKy00,00-0035228,STATHEAD_QB_STARTED_QUERY,Stage01 canonical reconciliation rank 3339,STATHEAD_UNAMBIGUOUS_SINGLE_CANDIDATE,False,CREDITED,Lamar Jackson,JackLa00,00-0034796,STATHEAD_QB_STARTED_QUERY,Stage01 canonical reconciliation rank 3333,STATHEAD_UNAMBIGUOUS_SINGLE_CANDIDATE,False,CREDITED,POSTGAME_ACTUAL_STARTER,ORACLE_STARTER_IDENTITY_ONLY,False
2019,2,REG,2019-09-15,2019_02_BUF_NYG,BUF,NYG,Josh Allen,AlleJo02,00-0034857,STATHEAD_QB_STARTED_QUERY,Stage01 canonical reconciliation rank 3322,STATHEAD_UNAMBIGUOUS_SINGLE_CANDIDATE,False,CREDITED,Eli Manning,MannEl00,00-0022803,STATHEAD_QB_STARTED_QUERY,Stage01 canonical reconciliation rank 3336,STATHEAD_UNAMBIGUOUS_SINGLE_CANDIDATE,False,CREDITED,POSTGAME_ACTUAL_STARTER,ORACLE_STARTER_IDENTITY_ONLY,False
2019,2,REG,2019-09-15,2019_02_CHI_DEN,CHI,DEN,Mitchell Trubisky,TrubMi00,00-0033869,STATHEAD_QB_STARTED_QUERY,Stage01 canonical reconciliation rank 3346,STATHEAD_UNAMBIGUOUS_SINGLE_CANDIDATE,False,CREDITED,Joe Flacco,FlacJo00,00-0026158,STATHEAD_QB_STARTED_QUERY,Stage01 canonical reconciliation rank 3330,STATHEAD_UNAMBIGUOUS_SINGLE_CANDIDATE,False,CREDITED,POSTGAME_ACTUAL_STARTER,ORACLE_STARTER_IDENTITY_ONLY,False
2019,2,REG,2019-09-16,2019_02_CLE_NYJ,CLE,NYJ,Baker Mayfield,MayfBa00,00-0034855,STATHEAD_QB_STARTED_QUERY,Stage01 canonical reconciliation rank 3320,STATHEAD_UNAMBIGUOUS_SINGLE_CANDIDATE,False,CREDITED,Trevor Siemian,SiemTr00,00-0032156,STATHEAD_QB_STARTED_QUERY,Stage01 canonical reconciliation rank 3321,STATHEAD_UNAMBIGUOUS_SINGLE_CANDIDATE,False,CREDITED,POSTGAME_ACTUAL_STARTER,ORACLE_STARTER_IDENTITY_ONLY,False
2019,2,REG,2019-09-15,2019_02_DAL_WAS,DAL,WAS,Dak Prescott,PresDa01,00-0033077,STATHEAD_QB_STARTED_QUERY,Stage01 canonical reconciliation rank 3340,STATHEAD_UNAMBIGUOUS_SINGLE_CANDIDATE,False,CREDITED,Case Keenum,KeenCa00,00-0028986,STATHEAD_QB_STARTED_QUERY,Stage01 canonical reconciliation rank 3334,STATHEAD_UNAMBIGUOUS_SINGLE_CANDIDATE,False,CREDITED,POSTGAME_ACTUAL_STARTER,ORACLE_STARTER_IDENTITY_ONLY,False
2019,2,REG,2019-09-15,2019_02_IND_TEN,IND,TEN,Jacoby Brissett,BrisJa00,00-0033119,STATHEAD_QB_STARTED_QUERY,Stage01 canonical reconciliation rank 3325,STATHEAD_UNAMBIGUOUS_SINGLE_CANDIDATE,False,CREDITED,Marcus Mariota,MariMa01,00-0032268,STATHEAD_QB_STARTED_QUERY,Stage01 canonical reconciliation rank 3337,STATHEAD_UNAMBIGUOUS_SINGLE_CANDIDATE,False,CREDITED,POSTGAME_ACTUAL_STARTER,ORACLE_STARTER_IDENTITY_ONLY,False
2019,2,REG,2019-09-15,2019_02_JAX_HOU,JAX,HOU,Gardner Minshew II,MinsGa00,00-0035289,STATHEAD_QB_STARTED_QUERY,Stage01 canonical reconciliation rank 3338,STATHEAD_UNAMBIGUOUS_SINGLE_CANDIDATE,False,CREDITED,Deshaun Watson,WatsDe00,00-0033537,STATHEAD_QB_STARTED_QUERY,Stage01 canonical reconciliation rank 3347,STATHEAD_UNAMBIGUOUS_SINGLE_CANDIDATE,False,CREDITED,POSTGAME_ACTUAL_STARTER,ORACLE_STARTER_IDENTITY_ONLY,False
2019,2,REG,2019-09-15,2019_02_KC_OAK,KC,LV,Patrick Mahomes,MahoPa00,00-0033873,STATHEAD_QB_STARTED_QUERY,Stage01 canonical reconciliation rank 3335,STATHEAD_UNAMBIGUOUS_SINGLE_CANDIDATE,False,CREDITED,Derek Carr,CarrDe02,00-0031280,STATHEAD_QB_STARTED_QUERY,Stage01 canonical reconciliation rank 3326,STATHEAD_UNAMBIGUOUS_SINGLE_CANDIDATE,False,CREDITED,POSTGAME_ACTUAL_STARTER,ORACLE_STARTER_IDENTITY_ONLY,False
2019,2,REG,2019-09-15,2019_02_LAC_DET,LAC,DET,Philip Rivers,RivePh00,00-0022942,STATHEAD_QB_STARTED_QUERY,Stage01 canonical reconciliation rank 3341,STATHEAD_UNAMBIGUOUS_SINGLE_CANDIDATE,False,CREDITED,Matthew Stafford,StafMa00,00-0026498,STATHEAD_QB_STARTED_QUERY,Stage01 canonical reconciliation rank 3345,STATHEAD_UNAMBIGUOUS_SINGLE_CANDIDATE,False,CREDITED,POSTGAME_ACTUAL_STARTER,ORACLE_STARTER_IDENTITY_ONLY,False
2019,2,REG,2019-09-15,2019_02_MIN_GB,MIN,GB,Kirk Cousins,CousKi00,00-0029604,STATHEAD_QB_STARTED_QUERY,Stage01 canonical reconciliation rank 3327,STATHEAD_UNAMBIGUOUS_SINGLE_CANDIDATE,False,CREDITED,Aaron Rodgers,RodgAa00,00-0023459,STATHEAD_QB_STARTED_QUERY,Stage01 canonical reconciliation rank 3342,STATHEAD_UNAMBIGUOUS_SINGLE_CANDIDATE,False,CREDITED,POSTGAME_ACTUAL_STARTER,ORACLE_STARTER_IDENTITY_ONLY,False
2019,2,REG,2019-09-15,2019_02_NE_MIA,NE,MIA,Tom Brady,BradTo00,00-0019596,STATHEAD_QB_STARTED_QUERY,Stage01 canonical reconciliation rank 3323,STATHEAD_UNAMBIGUOUS_SINGLE_CANDIDATE,False,CREDITED,Ryan Fitzpatrick,FitzRy00,00-0023682,STATHEAD_QB_STARTED_QUERY,Stage01 canonical reconciliation rank 3329,STATHEAD_UNAMBIGUOUS_SINGLE_CANDIDATE,False,CREDITED,POSTGAME_ACTUAL_STARTER,ORACLE_STARTER_IDENTITY_ONLY,False
2019,2,REG,2019-09-15,2019_02_NO_LA,NO,LAR,Drew Brees,BreeDr00,00-0020531,STATHEAD_QB_STARTED_QUERY,Stage01 canonical reconciliation rank 3324,STATHEAD_UNAMBIGUOUS_SINGLE_CANDIDATE,False,CREDITED,Jared Goff,GoffJa00,00-0033106,STATHEAD_QB_STARTED_QUERY,Stage01 canonical reconciliation rank 3332,STATHEAD_UNAMBIGUOUS_SINGLE_CANDIDATE,False,CREDITED,POSTGAME_ACTUAL_STARTER,ORACLE_STARTER_IDENTITY_ONLY,False
2019,2,REG,2019-09-15,2019_02_PHI_ATL,PHI,ATL,Carson Wentz,WentCa00,00-0032950,STATHEAD_QB_STARTED_QUERY,Stage01 canonical reconciliation rank 3348,STATHEAD_UNAMBIGUOUS_SINGLE_CANDIDATE,False,CREDITED,Matt Ryan,RyanMa00,00-0026143,STATHEAD_QB_STARTED_QUERY,Stage01 canonical reconciliation rank 3344,STATHEAD_UNAMBIGUOUS_SINGLE_CANDIDATE,False,CREDITED,POSTGAME_ACTUAL_STARTER,ORACLE_STARTER_IDENTITY_ONLY,False
2019,2,REG,2019-09-15,2019_02_SEA_PIT,SEA,PIT,Russell Wilson,WilsRu00,00-0029263,STATHEAD_QB_STARTED_QUERY,Stage01 canonical reconciliation rank 3349,STATHEAD_UNAMBIGUOUS_SINGLE_CANDIDATE,False,CREDITED,Ben Roethlisberger,RoetBe00,00-0022924,STATHEAD_QB_STARTED_QUERY,Stage01 canonical reconciliation rank 3343,STATHEAD_UNAMBIGUOUS_SINGLE_CANDIDATE,False,CREDITED,POSTGAME_ACTUAL_STARTER,ORACLE_STARTER_IDENTITY_ONLY,False
2019,2,REG,2019-09-15,2019_02_SF_CIN,SF,CIN,Jimmy Garoppolo,GaroJi00,00-0031345,STATHEAD_QB_STARTED_QUERY,Stage01 canonical reconciliation rank 3331,STATHEAD_UNAMBIGUOUS_SINGLE_CANDIDATE,False,CREDITED,Andy Dalton,DaltAn00,00-0027973,STATHEAD_QB_STARTED_QUERY,Stage01 canonical reconciliation rank 3328,STATHEAD_UNAMBIGUOUS_SINGLE_CANDIDATE,False,CREDITED,POSTGAME_ACTUAL_STARTER,ORACLE_STARTER_IDENTITY_ONLY,False
2019,2,REG,2019-09-12,2019_02_TB_CAR,TB,CAR,Jameis Winston,WinsJa00,00-0031503,STATHEAD_QB_STARTED_QUERY,Stage01 canonical reconciliation rank 3351,STATHEAD_UNAMBIGUOUS_SINGLE_CANDIDATE,False,CREDITED,Cam Newton,NewtCa00,00-0027939,STATHEAD_QB_STARTED_QUERY,Stage01 canonical reconciliation rank 3350,STATHEAD_UNAMBIGUOUS_SINGLE_CANDIDATE,False,CREDITED,POSTGAME_ACTUAL_STARTER,ORACLE_STARTER_IDENTITY_ONLY,False
2019,3,REG,2019-09-22,2019_03_ATL_IND,ATL,IND,Matt Ryan,RyanMa00,00-0026143,STATHEAD_QB_STARTED_QUERY,Stage01 canonical reconciliation rank 3312,STATHEAD_UNAMBIGUOUS_SINGLE_CANDIDATE,False,CREDITED,Jacoby Brissett,BrisJa00,00-0033119,STATHEAD_QB_STARTED_QUERY,Stage01 canonical reconciliation rank 3294,STATHEAD_UNAMBIGUOUS_SINGLE_CANDIDATE,False,CREDITED,POSTGAME_ACTUAL_STARTER,ORACLE_STARTER_IDENTITY_ONLY,False
2019,3,REG,2019-09-22,2019_03_BAL_KC,BAL,KC,Lamar Jackson,JackLa00,00-0034796,STATHEAD_QB_STARTED_QUERY,Stage01 canonical reconciliation rank 3302,STATHEAD_UNAMBIGUOUS_SINGLE_CANDIDATE,False,CREDITED,Patrick Mahomes,MahoPa00,00-0033873,STATHEAD_QB_STARTED_QUERY,Stage01 canonical reconciliation rank 3304,STATHEAD_UNAMBIGUOUS_SINGLE_CANDIDATE,False,CREDITED,POSTGAME_ACTUAL_STARTER,ORACLE_STARTER_IDENTITY_ONLY,False
2019,3,REG,2019-09-22,2019_03_CAR_ARI,CAR,ARI,Kyle Allen,AlleKy00,00-0034577,STATHEAD_QB_STARTED_QUERY,Stage01 canonical reconciliation rank 3291,STATHEAD_UNAMBIGUOUS_SINGLE_CANDIDATE,False,CREDITED,Kyler Murray,MurrKy00,00-0035228,STATHEAD_QB_STARTED_QUERY,Stage01 canonical reconciliation rank 3306,STATHEAD_UNAMBIGUOUS_SINGLE_CANDIDATE,False,CREDITED,POSTGAME_ACTUAL_STARTER,ORACLE_STARTER_IDENTITY_ONLY,False
2019,3,REG,2019-09-23,2019_03_CHI_WAS,CHI,WAS,Mitchell Trubisky,TrubMi00,00-0033869,STATHEAD_QB_STARTED_QUERY,Stage01 canonical reconciliation rank 3289,STATHEAD_UNAMBIGUOUS_SINGLE_CANDIDATE,False,CREDITED,Case Keenum,KeenCa00,00-0028986,STATHEAD_QB_STARTED_QUERY,Stage01 canonical reconciliation rank 3288,STATHEAD_UNAMBIGUOUS_SINGLE_CANDIDATE,False,CREDITED,POSTGAME_ACTUAL_STARTER,ORACLE_STARTER_IDENTITY_ONLY,False
2019,3,REG,2019-09-22,2019_03_CIN_BUF,CIN,BUF,Andy Dalton,DaltAn00,00-0027973,STATHEAD_QB_STARTED_QUERY,Stage01 canonical reconciliation rank 3297,STATHEAD_UNAMBIGUOUS_SINGLE_CANDIDATE,False,CREDITED,Josh Allen,AlleJo02,00-0034857,STATHEAD_QB_STARTED_QUERY,Stage01 canonical reconciliation rank 3290,STATHEAD_UNAMBIGUOUS_SINGLE_CANDIDATE,False,CREDITED,POSTGAME_ACTUAL_STARTER,ORACLE_STARTER_IDENTITY_ONLY,False
2019,3,REG,2019-09-22,2019_03_DEN_GB,DEN,GB,Joe Flacco,FlacJo00,00-0026158,STATHEAD_QB_STARTED_QUERY,Stage01 canonical reconciliation rank 3299,STATHEAD_UNAMBIGUOUS_SINGLE_CANDIDATE,False,CREDITED,Aaron Rodgers,RodgAa00,00-0023459,STATHEAD_QB_STARTED_QUERY,Stage01 canonical reconciliation rank 3309,STATHEAD_UNAMBIGUOUS_SINGLE_CANDIDATE,False,CREDITED,POSTGAME_ACTUAL_STARTER,ORACLE_STARTER_IDENTITY_ONLY,False
2019,3,REG,2019-09-22,2019_03_DET_PHI,DET,PHI,Matthew Stafford,StafMa00,00-0026498,STATHEAD_QB_STARTED_QUERY,Stage01 canonical reconciliation rank 3313,STATHEAD_UNAMBIGUOUS_SINGLE_CANDIDATE,False,CREDITED,Carson Wentz,WentCa00,00-0032950,STATHEAD_QB_STARTED_QUERY,Stage01 canonical reconciliation rank 3315,STATHEAD_UNAMBIGUOUS_SINGLE_CANDIDATE,False,CREDITED,POSTGAME_ACTUAL_STARTER,ORACLE_STARTER_IDENTITY_ONLY,False
2019,3,REG,2019-09-22,2019_03_HOU_LAC,HOU,LAC,Deshaun Watson,WatsDe00,00-0033537,STATHEAD_QB_STARTED_QUERY,Stage01 canonical reconciliation rank 3314,STATHEAD_UNAMBIGUOUS_SINGLE_CANDIDATE,False,CREDITED,Philip Rivers,RivePh00,00-0022942,STATHEAD_QB_STARTED_QUERY,Stage01 canonical reconciliation rank 3308,STATHEAD_UNAMBIGUOUS_SINGLE_CANDIDATE,False,CREDITED,POSTGAME_ACTUAL_STARTER,ORACLE_STARTER_IDENTITY_ONLY,False
2019,3,REG,2019-09-22,2019_03_LA_CLE,LAR,CLE,Jared Goff,GoffJa00,00-0033106,STATHEAD_QB_STARTED_QUERY,Stage01 canonical reconciliation rank 3301,STATHEAD_UNAMBIGUOUS_SINGLE_CANDIDATE,False,CREDITED,Baker Mayfield,MayfBa00,00-0034855,STATHEAD_QB_STARTED_QUERY,Stage01 canonical reconciliation rank 3305,STATHEAD_UNAMBIGUOUS_SINGLE_CANDIDATE,False,CREDITED,POSTGAME_ACTUAL_STARTER,ORACLE_STARTER_IDENTITY_ONLY,False
2019,3,REG,2019-09-22,2019_03_MIA_DAL,MIA,DAL,Josh Rosen,RoseJo01,00-0034343,STATHEAD_QB_STARTED_QUERY,Stage01 canonical reconciliation rank 3310,STATHEAD_UNAMBIGUOUS_SINGLE_CANDIDATE,False,CREDITED,Dak Prescott,PresDa01,00-0033077,STATHEAD_QB_STARTED_QUERY,Stage01 canonical reconciliation rank 3307,STATHEAD_UNAMBIGUOUS_SINGLE_CANDIDATE,False,CREDITED,POSTGAME_ACTUAL_STARTER,ORACLE_STARTER_IDENTITY_ONLY,False
2019,3,REG,2019-09-22,2019_03_NO_SEA,NO,SEA,Teddy Bridgewater,BridTe00,00-0031237,STATHEAD_QB_STARTED_QUERY,Stage01 canonical reconciliation rank 3293,STATHEAD_UNAMBIGUOUS_SINGLE_CANDIDATE,False,CREDITED,Russell Wilson,WilsRu00,00-0029263,STATHEAD_QB_STARTED_QUERY,Stage01 canonical reconciliation rank 3316,STATHEAD_UNAMBIGUOUS_SINGLE_CANDIDATE,False,CREDITED,POSTGAME_ACTUAL_STARTER,ORACLE_STARTER_IDENTITY_ONLY,False
2019,3,REG,2019-09-22,2019_03_NYG_TB,NYG,TB,Daniel Jones,JoneDa05,00-0035710,STATHEAD_QB_STARTED_QUERY,Stage01 canonical reconciliation rank 3303,STATHEAD_UNAMBIGUOUS_SINGLE_CANDIDATE,False,CREDITED,Jameis Winston,WinsJa00,00-0031503,STATHEAD_QB_STARTED_QUERY,Stage01 canonical reconciliation rank 3317,STATHEAD_UNAMBIGUOUS_SINGLE_CANDIDATE,False,CREDITED,POSTGAME_ACTUAL_STARTER,ORACLE_STARTER_IDENTITY_ONLY,False
2019,3,REG,2019-09-22,2019_03_NYJ_NE,NYJ,NE,Luke Falk,FalkLu00,00-0034412,STATHEAD_QB_STARTED_QUERY,Stage01 canonical reconciliation rank 3298,STATHEAD_UNAMBIGUOUS_SINGLE_CANDIDATE,False,CREDITED,Tom Brady,BradTo00,00-0019596,STATHEAD_QB_STARTED_QUERY,Stage01 canonical reconciliation rank 3292,STATHEAD_UNAMBIGUOUS_SINGLE_CANDIDATE,False,CREDITED,POSTGAME_ACTUAL_STARTER,ORACLE_STARTER_IDENTITY_ONLY,False
2019,3,REG,2019-09-22,2019_03_OAK_MIN,LV,MIN,Derek Carr,CarrDe02,00-0031280,STATHEAD_QB_STARTED_QUERY,Stage01 canonical reconciliation rank 3295,STATHEAD_UNAMBIGUOUS_SINGLE_CANDIDATE,False,CREDITED,Kirk Cousins,CousKi00,00-0029604,STATHEAD_QB_STARTED_QUERY,Stage01 canonical reconciliation rank 3296,STATHEAD_UNAMBIGUOUS_SINGLE_CANDIDATE,False,CREDITED,POSTGAME_ACTUAL_STARTER,ORACLE_STARTER_IDENTITY_ONLY,False
2019,3,REG,2019-09-22,2019_03_PIT_SF,PIT,SF,Mason Rudolph,RudoMa00,00-0034771,STATHEAD_QB_STARTED_QUERY,Stage01 canonical reconciliation rank 3311,STATHEAD_UNAMBIGUOUS_SINGLE_CANDIDATE,False,CREDITED,Jimmy Garoppolo,GaroJi00,00-0031345,STATHEAD_QB_STARTED_QUERY,Stage01 canonical reconciliation rank 3300,STATHEAD_UNAMBIGUOUS_SINGLE_CANDIDATE,False,CREDITED,POSTGAME_ACTUAL_STARTER,ORACLE_STARTER_IDENTITY_ONLY,False
2019,3,REG,2019-09-19,2019_03_TEN_JAX,TEN,JAX,Marcus Mariota,MariMa01,00-0032268,STATHEAD_QB_STARTED_QUERY,Stage01 canonical reconciliation rank 3318,STATHEAD_UNAMBIGUOUS_SINGLE_CANDIDATE,False,CREDITED,Gardner Minshew II,MinsGa00,00-0035289,STATHEAD_QB_STARTED_QUERY,Stage01 canonical reconciliation rank 3319,STATHEAD_UNAMBIGUOUS_SINGLE_CANDIDATE,False,CREDITED,POSTGAME_ACTUAL_STARTER,ORACLE_STARTER_IDENTITY_ONLY,False
2019,4,REG,2019-09-29,2019_04_CAR_HOU,CAR,HOU,Kyle Allen,AlleKy00,00-0034577,STATHEAD_QB_STARTED_QUERY,Stage01 canonical reconciliation rank 3261,STATHEAD_UNAMBIGUOUS_SINGLE_CANDIDATE,False,CREDITED,Deshaun Watson,WatsDe00,00-0033537,STATHEAD_QB_STARTED_QUERY,Stage01 canonical reconciliation rank 3283,STATHEAD_UNAMBIGUOUS_SINGLE_CANDIDATE,False,CREDITED,POSTGAME_ACTUAL_STARTER,ORACLE_STARTER_IDENTITY_ONLY,False
2019,4,REG,2019-09-30,2019_04_CIN_PIT,CIN,PIT,Andy Dalton,DaltAn00,00-0027973,STATHEAD_QB_STARTED_QUERY,Stage01 canonical reconciliation rank 3258,STATHEAD_UNAMBIGUOUS_SINGLE_CANDIDATE,False,CREDITED,Mason Rudolph,RudoMa00,00-0034771,STATHEAD_QB_STARTED_QUERY,Stage01 canonical reconciliation rank 3259,STATHEAD_UNAMBIGUOUS_SINGLE_CANDIDATE,False,CREDITED,POSTGAME_ACTUAL_STARTER,ORACLE_STARTER_IDENTITY_ONLY,False
2019,4,REG,2019-09-29,2019_04_CLE_BAL,CLE,BAL,Baker Mayfield,MayfBa00,00-0034855,STATHEAD_QB_STARTED_QUERY,Stage01 canonical reconciliation rank 3274,STATHEAD_UNAMBIGUOUS_SINGLE_CANDIDATE,False,CREDITED,Lamar Jackson,JackLa00,00-0034796,STATHEAD_QB_STARTED_QUERY,Stage01 canonical reconciliation rank 3269,STATHEAD_UNAMBIGUOUS_SINGLE_CANDIDATE,False,CREDITED,POSTGAME_ACTUAL_STARTER,ORACLE_STARTER_IDENTITY_ONLY,False
2019,4,REG,2019-09-29,2019_04_DAL_NO,DAL,NO,Dak Prescott,PresDa01,00-0033077,STATHEAD_QB_STARTED_QUERY,Stage01 canonical reconciliation rank 3277,STATHEAD_UNAMBIGUOUS_SINGLE_CANDIDATE,False,CREDITED,Teddy Bridgewater,BridTe00,00-0031237,STATHEAD_QB_STARTED_QUERY,Stage01 canonical reconciliation rank 3263,STATHEAD_UNAMBIGUOUS_SINGLE_CANDIDATE,False,CREDITED,POSTGAME_ACTUAL_STARTER,ORACLE_STARTER_IDENTITY_ONLY,False
2019,4,REG,2019-09-29,2019_04_JAX_DEN,JAX,DEN,Gardner Minshew II,MinsGa00,00-0035289,STATHEAD_QB_STARTED_QUERY,Stage01 canonical reconciliation rank 3275,STATHEAD_UNAMBIGUOUS_SINGLE_CANDIDATE,False,CREDITED,Joe Flacco,FlacJo00,00-0026158,STATHEAD_QB_STARTED_QUERY,Stage01 canonical reconciliation rank 3267,STATHEAD_UNAMBIGUOUS_SINGLE_CANDIDATE,False,CREDITED,POSTGAME_ACTUAL_STARTER,ORACLE_STARTER_IDENTITY_ONLY,False
2019,4,REG,2019-09-29,2019_04_KC_DET,KC,DET,Patrick Mahomes,MahoPa00,00-0033873,STATHEAD_QB_STARTED_QUERY,Stage01 canonical reconciliation rank 3272,STATHEAD_UNAMBIGUOUS_SINGLE_CANDIDATE,False,CREDITED,Matthew Stafford,StafMa00,00-0026498,STATHEAD_QB_STARTED_QUERY,Stage01 canonical reconciliation rank 3281,STATHEAD_UNAMBIGUOUS_SINGLE_CANDIDATE,False,CREDITED,POSTGAME_ACTUAL_STARTER,ORACLE_STARTER_IDENTITY_ONLY,False
2019,4,REG,2019-09-29,2019_04_LAC_MIA,LAC,MIA,Philip Rivers,RivePh00,00-0022942,STATHEAD_QB_STARTED_QUERY,Stage01 canonical reconciliation rank 3278,STATHEAD_UNAMBIGUOUS_SINGLE_CANDIDATE,False,CREDITED,Josh Rosen,RoseJo01,00-0034343,STATHEAD_QB_STARTED_QUERY,Stage01 canonical reconciliation rank 3279,STATHEAD_UNAMBIGUOUS_SINGLE_CANDIDATE,False,CREDITED,POSTGAME_ACTUAL_STARTER,ORACLE_STARTER_IDENTITY_ONLY,False
2019,4,REG,2019-09-29,2019_04_MIN_CHI,MIN,CHI,Kirk Cousins,CousKi00,00-0029604,STATHEAD_QB_STARTED_QUERY,Stage01 canonical reconciliation rank 3266,STATHEAD_UNAMBIGUOUS_SINGLE_CANDIDATE,False,CREDITED,Mitchell Trubisky,TrubMi00,00-0033869,STATHEAD_QB_STARTED_QUERY,Stage01 canonical reconciliation rank 3282,STATHEAD_UNAMBIGUOUS_SINGLE_CANDIDATE,False,CREDITED,POSTGAME_ACTUAL_STARTER,ORACLE_STARTER_IDENTITY_ONLY,False
2019,4,REG,2019-09-29,2019_04_NE_BUF,NE,BUF,Tom Brady,BradTo00,00-0019596,STATHEAD_QB_STARTED_QUERY,Stage01 canonical reconciliation rank 3262,STATHEAD_UNAMBIGUOUS_SINGLE_CANDIDATE,False,CREDITED,Josh Allen,AlleJo02,00-0034857,STATHEAD_QB_STARTED_QUERY,Stage01 canonical reconciliation rank 3260,STATHEAD_UNAMBIGUOUS_SINGLE_CANDIDATE,False,CREDITED,POSTGAME_ACTUAL_STARTER,ORACLE_STARTER_IDENTITY_ONLY,False
2019,4,REG,2019-09-29,2019_04_OAK_IND,LV,IND,Derek Carr,CarrDe02,00-0031280,STATHEAD_QB_STARTED_QUERY,Stage01 canonical reconciliation rank 3265,STATHEAD_UNAMBIGUOUS_SINGLE_CANDIDATE,False,CREDITED,Jacoby Brissett,BrisJa00,00-0033119,STATHEAD_QB_STARTED_QUERY,Stage01 canonical reconciliation rank 3264,STATHEAD_UNAMBIGUOUS_SINGLE_CANDIDATE,False,CREDITED,POSTGAME_ACTUAL_STARTER,ORACLE_STARTER_IDENTITY_ONLY,False
2019,4,REG,2019-09-26,2019_04_PHI_GB,PHI,GB,Carson Wentz,WentCa00,00-0032950,STATHEAD_QB_STARTED_QUERY,Stage01 canonical reconciliation rank 3287,STATHEAD_UNAMBIGUOUS_SINGLE_CANDIDATE,False,CREDITED,Aaron Rodgers,RodgAa00,00-0023459,STATHEAD_QB_STARTED_QUERY,Stage01 canonical reconciliation rank 3286,STATHEAD_UNAMBIGUOUS_SINGLE_CANDIDATE,False,CREDITED,POSTGAME_ACTUAL_STARTER,ORACLE_STARTER_IDENTITY_ONLY,False
2019,4,REG,2019-09-29,2019_04_SEA_ARI,SEA,ARI,Russell Wilson,WilsRu00,00-0029263,STATHEAD_QB_STARTED_QUERY,Stage01 canonical reconciliation rank 3284,STATHEAD_UNAMBIGUOUS_SINGLE_CANDIDATE,False,CREDITED,Kyler Murray,MurrKy00,00-0035228,STATHEAD_QB_STARTED_QUERY,Stage01 canonical reconciliation rank 3276,STATHEAD_UNAMBIGUOUS_SINGLE_CANDIDATE,False,CREDITED,POSTGAME_ACTUAL_STARTER,ORACLE_STARTER_IDENTITY_ONLY,False
2019,4,REG,2019-09-29,2019_04_TB_LA,TB,LAR,Jameis Winston,WinsJa00,00-0031503,STATHEAD_QB_STARTED_QUERY,Stage01 canonical reconciliation rank 3285,STATHEAD_UNAMBIGUOUS_SINGLE_CANDIDATE,False,CREDITED,Jared Goff,GoffJa00,00-0033106,STATHEAD_QB_STARTED_QUERY,Stage01 canonical reconciliation rank 3268,STATHEAD_UNAMBIGUOUS_SINGLE_CANDIDATE,False,CREDITED,POSTGAME_ACTUAL_STARTER,ORACLE_STARTER_IDENTITY_ONLY,False
2019,4,REG,2019-09-29,2019_04_TEN_ATL,TEN,ATL,Marcus Mariota,MariMa01,00-0032268,STATHEAD_QB_STARTED_QUERY,Stage01 canonical reconciliation rank 3273,STATHEAD_UNAMBIGUOUS_SINGLE_CANDIDATE,False,CREDITED,Matt Ryan,RyanMa00,00-0026143,STATHEAD_QB_STARTED_QUERY,Stage01 canonical reconciliation rank 3280,STATHEAD_UNAMBIGUOUS_SINGLE_CANDIDATE,False,CREDITED,POSTGAME_ACTUAL_STARTER,ORACLE_STARTER_IDENTITY_ONLY,False
2019,4,REG,2019-09-29,2019_04_WAS_NYG,WAS,NYG,Case Keenum,KeenCa00,00-0028986,STATHEAD_QB_STARTED_QUERY,Stage01 canonical reconciliation rank 3271,STATHEAD_UNAMBIGUOUS_SINGLE_CANDIDATE,False,CREDITED,Daniel Jones,JoneDa05,00-0035710,STATHEAD_QB_STARTED_QUERY,Stage01 canonical reconciliation rank 3270,STATHEAD_UNAMBIGUOUS_SINGLE_CANDIDATE,False,CREDITED,POSTGAME_ACTUAL_STARTER,ORACLE_STARTER_IDENTITY_ONLY,False
2019,5,REG,2019-10-06,2019_05_ARI_CIN,ARI,CIN,Kyler Murray,MurrKy00,00-0035228,STATHEAD_QB_STARTED_QUERY,Stage01 canonical reconciliation rank 3247,STATHEAD_UNAMBIGUOUS_SINGLE_CANDIDATE,False,CREDITED,Andy Dalton,DaltAn00,00-0027973,STATHEAD_QB_STARTED_QUERY,Stage01 canonical reconciliation rank 3236,STATHEAD_UNAMBIGUOUS_SINGLE_CANDIDATE,False,CREDITED,POSTGAME_ACTUAL_STARTER,ORACLE_STARTER_IDENTITY_ONLY,False
2019,5,REG,2019-10-06,2019_05_ATL_HOU,ATL,HOU,Matt Ryan,RyanMa00,00-0026143,STATHEAD_QB_STARTED_QUERY,Stage01 canonical reconciliation rank 3252,STATHEAD_UNAMBIGUOUS_SINGLE_CANDIDATE,False,CREDITED,Deshaun Watson,WatsDe00,00-0033537,STATHEAD_QB_STARTED_QUERY,Stage01 canonical reconciliation rank 3253,STATHEAD_UNAMBIGUOUS_SINGLE_CANDIDATE,False,CREDITED,POSTGAME_ACTUAL_STARTER,ORACLE_STARTER_IDENTITY_ONLY,False
2019,5,REG,2019-10-06,2019_05_BAL_PIT,BAL,PIT,Lamar Jackson,JackLa00,00-0034796,STATHEAD_QB_STARTED_QUERY,Stage01 canonical reconciliation rank 3241,STATHEAD_UNAMBIGUOUS_SINGLE_CANDIDATE,False,CREDITED,Mason Rudolph,RudoMa00,00-0034771,STATHEAD_QB_STARTED_QUERY,Stage01 canonical reconciliation rank 3251,STATHEAD_UNAMBIGUOUS_SINGLE_CANDIDATE,False,CREDITED,POSTGAME_ACTUAL_STARTER,ORACLE_STARTER_IDENTITY_ONLY,False
2019,5,REG,2019-10-06,2019_05_BUF_TEN,BUF,TEN,Josh Allen,AlleJo02,00-0034857,STATHEAD_QB_STARTED_QUERY,Stage01 canonical reconciliation rank 3229,STATHEAD_UNAMBIGUOUS_SINGLE_CANDIDATE,False,CREDITED,Marcus Mariota,MariMa01,00-0032268,STATHEAD_QB_STARTED_QUERY,Stage01 canonical reconciliation rank 3244,STATHEAD_UNAMBIGUOUS_SINGLE_CANDIDATE,False,CREDITED,POSTGAME_ACTUAL_STARTER,ORACLE_STARTER_IDENTITY_ONLY,False
2019,5,REG,2019-10-06,2019_05_CHI_OAK,CHI,LV,Chase Daniel,DaniCh00,00-0026544,STATHEAD_QB_STARTED_QUERY,Stage01 canonical reconciliation rank 3237,STATHEAD_UNAMBIGUOUS_SINGLE_CANDIDATE,False,CREDITED,Derek Carr,CarrDe02,00-0031280,STATHEAD_QB_STARTED_QUERY,Stage01 canonical reconciliation rank 3234,STATHEAD_UNAMBIGUOUS_SINGLE_CANDIDATE,False,CREDITED,POSTGAME_ACTUAL_STARTER,ORACLE_STARTER_IDENTITY_ONLY,False
2019,5,REG,2019-10-07,2019_05_CLE_SF,CLE,SF,Baker Mayfield,MayfBa00,00-0034855,STATHEAD_QB_STARTED_QUERY,Stage01 canonical reconciliation rank 3228,STATHEAD_UNAMBIGUOUS_SINGLE_CANDIDATE,False,CREDITED,Jimmy Garoppolo,GaroJi00,00-0031345,STATHEAD_QB_STARTED_QUERY,Stage01 canonical reconciliation rank 3227,STATHEAD_UNAMBIGUOUS_SINGLE_CANDIDATE,False,CREDITED,POSTGAME_ACTUAL_STARTER,ORACLE_STARTER_IDENTITY_ONLY,False
2019,5,REG,2019-10-06,2019_05_DEN_LAC,DEN,LAC,Joe Flacco,FlacJo00,00-0026158,STATHEAD_QB_STARTED_QUERY,Stage01 canonical reconciliation rank 3239,STATHEAD_UNAMBIGUOUS_SINGLE_CANDIDATE,False,CREDITED,Philip Rivers,RivePh00,00-0022942,STATHEAD_QB_STARTED_QUERY,Stage01 canonical reconciliation rank 3249,STATHEAD_UNAMBIGUOUS_SINGLE_CANDIDATE,False,CREDITED,POSTGAME_ACTUAL_STARTER,ORACLE_STARTER_IDENTITY_ONLY,False
2019,5,REG,2019-10-06,2019_05_GB_DAL,GB,DAL,Aaron Rodgers,RodgAa00,00-0023459,STATHEAD_QB_STARTED_QUERY,Stage01 canonical reconciliation rank 3250,STATHEAD_UNAMBIGUOUS_SINGLE_CANDIDATE,False,CREDITED,Dak Prescott,PresDa01,00-0033077,STATHEAD_QB_STARTED_QUERY,Stage01 canonical reconciliation rank 3248,STATHEAD_UNAMBIGUOUS_SINGLE_CANDIDATE,False,CREDITED,POSTGAME_ACTUAL_STARTER,ORACLE_STARTER_IDENTITY_ONLY,False
2019,5,REG,2019-10-06,2019_05_IND_KC,IND,KC,Jacoby Brissett,BrisJa00,00-0033119,STATHEAD_QB_STARTED_QUERY,Stage01 canonical reconciliation rank 3233,STATHEAD_UNAMBIGUOUS_SINGLE_CANDIDATE,False,CREDITED,Patrick Mahomes,MahoPa00,00-0033873,STATHEAD_QB_STARTED_QUERY,Stage01 canonical reconciliation rank 3243,STATHEAD_UNAMBIGUOUS_SINGLE_CANDIDATE,False,CREDITED,POSTGAME_ACTUAL_STARTER,ORACLE_STARTER_IDENTITY_ONLY,False
2019,5,REG,2019-10-06,2019_05_JAX_CAR,JAX,CAR,Gardner Minshew II,MinsGa00,00-0035289,STATHEAD_QB_STARTED_QUERY,Stage01 canonical reconciliation rank 3246,STATHEAD_UNAMBIGUOUS_SINGLE_CANDIDATE,False,CREDITED,Kyle Allen,AlleKy00,00-0034577,STATHEAD_QB_STARTED_QUERY,Stage01 canonical reconciliation rank 3230,STATHEAD_UNAMBIGUOUS_SINGLE_CANDIDATE,False,CREDITED,POSTGAME_ACTUAL_STARTER,ORACLE_STARTER_IDENTITY_ONLY,False
2019,5,REG,2019-10-03,2019_05_LA_SEA,LAR,SEA,Jared Goff,GoffJa00,00-0033106,STATHEAD_QB_STARTED_QUERY,Stage01 canonical reconciliation rank 3256,STATHEAD_UNAMBIGUOUS_SINGLE_CANDIDATE,False,CREDITED,Russell Wilson,WilsRu00,00-0029263,STATHEAD_QB_STARTED_QUERY,Stage01 canonical reconciliation rank 3257,STATHEAD_UNAMBIGUOUS_SINGLE_CANDIDATE,False,CREDITED,POSTGAME_ACTUAL_STARTER,ORACLE_STARTER_IDENTITY_ONLY,False
2019,5,REG,2019-10-06,2019_05_MIN_NYG,MIN,NYG,Kirk Cousins,CousKi00,00-0029604,STATHEAD_QB_STARTED_QUERY,Stage01 canonical reconciliation rank 3235,STATHEAD_UNAMBIGUOUS_SINGLE_CANDIDATE,False,CREDITED,Daniel Jones,JoneDa05,00-0035710,STATHEAD_QB_STARTED_QUERY,Stage01 canonical reconciliation rank 3242,STATHEAD_UNAMBIGUOUS_SINGLE_CANDIDATE,False,CREDITED,POSTGAME_ACTUAL_STARTER,ORACLE_STARTER_IDENTITY_ONLY,False
2019,5,REG,2019-10-06,2019_05_NE_WAS,NE,WAS,Tom Brady,BradTo00,00-0019596,STATHEAD_QB_STARTED_QUERY,Stage01 canonical reconciliation rank 3231,STATHEAD_UNAMBIGUOUS_SINGLE_CANDIDATE,False,CREDITED,Colt McCoy,McCoCo00,00-0027688,STATHEAD_QB_STARTED_QUERY,Stage01 canonical reconciliation rank 3245,STATHEAD_UNAMBIGUOUS_SINGLE_CANDIDATE,False,CREDITED,POSTGAME_ACTUAL_STARTER,ORACLE_STARTER_IDENTITY_ONLY,False
2019,5,REG,2019-10-06,2019_05_NYJ_PHI,NYJ,PHI,Luke Falk,FalkLu00,00-0034412,STATHEAD_QB_STARTED_QUERY,Stage01 canonical reconciliation rank 3238,STATHEAD_UNAMBIGUOUS_SINGLE_CANDIDATE,False,CREDITED,Carson Wentz,WentCa00,00-0032950,STATHEAD_QB_STARTED_QUERY,Stage01 canonical reconciliation rank 3254,STATHEAD_UNAMBIGUOUS_SINGLE_CANDIDATE,False,CREDITED,POSTGAME_ACTUAL_STARTER,ORACLE_STARTER_IDENTITY_ONLY,False
2019,5,REG,2019-10-06,2019_05_TB_NO,TB,NO,Jameis Winston,WinsJa00,00-0031503,STATHEAD_QB_STARTED_QUERY,Stage01 canonical reconciliation rank 3255,STATHEAD_UNAMBIGUOUS_SINGLE_CANDIDATE,False,CREDITED,Teddy Bridgewater,BridTe00,00-0031237,VALIDATED_MANUAL_WEB_RESEARCH,,VALIDATED_MANUAL_WEB_EXCEPTION,False,CREDITED,POSTGAME_ACTUAL_STARTER,ORACLE_STARTER_IDENTITY_ONLY,False
2019,6,REG,2019-10-13,2019_06_ATL_ARI,ATL,ARI,Matt Ryan,RyanMa00,00-0026143,STATHEAD_QB_STARTED_QUERY,Stage01 canonical reconciliation rank 3220,STATHEAD_UNAMBIGUOUS_SINGLE_CANDIDATE,False,CREDITED,Kyler Murray,MurrKy00,00-0035228,STATHEAD_QB_STARTED_QUERY,Stage01 canonical reconciliation rank 3216,STATHEAD_UNAMBIGUOUS_SINGLE_CANDIDATE,False,CREDITED,POSTGAME_ACTUAL_STARTER,ORACLE_STARTER_IDENTITY_ONLY,False
2019,6,REG,2019-10-13,2019_06_CAR_TB,CAR,TB,Kyle Allen,AlleKy00,00-0034577,STATHEAD_QB_STARTED_QUERY,Stage01 canonical reconciliation rank 3201,STATHEAD_UNAMBIGUOUS_SINGLE_CANDIDATE,False,CREDITED,Jameis Winston,WinsJa00,00-0031503,STATHEAD_QB_STARTED_QUERY,Stage01 canonical reconciliation rank 3224,STATHEAD_UNAMBIGUOUS_SINGLE_CANDIDATE,False,CREDITED,POSTGAME_ACTUAL_STARTER,ORACLE_STARTER_IDENTITY_ONLY,False
2019,6,REG,2019-10-13,2019_06_CIN_BAL,CIN,BAL,Andy Dalton,DaltAn00,00-0027973,STATHEAD_QB_STARTED_QUERY,Stage01 canonical reconciliation rank 3204,STATHEAD_UNAMBIGUOUS_SINGLE_CANDIDATE,False,CREDITED,Lamar Jackson,JackLa00,00-0034796,STATHEAD_QB_STARTED_QUERY,Stage01 canonical reconciliation rank 3210,STATHEAD_UNAMBIGUOUS_SINGLE_CANDIDATE,False,CREDITED,POSTGAME_ACTUAL_STARTER,ORACLE_STARTER_IDENTITY_ONLY,False
2019,6,REG,2019-10-13,2019_06_DAL_NYJ,DAL,NYJ,Dak Prescott,PresDa01,00-0033077,STATHEAD_QB_STARTED_QUERY,Stage01 canonical reconciliation rank 3217,STATHEAD_UNAMBIGUOUS_SINGLE_CANDIDATE,False,CREDITED,Sam Darnold,DarnSa00,00-0034869,STATHEAD_QB_STARTED_QUERY,Stage01 canonical reconciliation rank 3205,STATHEAD_UNAMBIGUOUS_SINGLE_CANDIDATE,False,CREDITED,POSTGAME_ACTUAL_STARTER,ORACLE_STARTER_IDENTITY_ONLY,False
2019,6,REG,2019-10-14,2019_06_DET_GB,DET,GB,Matthew Stafford,StafMa00,00-0026498,STATHEAD_QB_STARTED_QUERY,Stage01 canonical reconciliation rank 3200,STATHEAD_UNAMBIGUOUS_SINGLE_CANDIDATE,False,CREDITED,Aaron Rodgers,RodgAa00,00-0023459,STATHEAD_QB_STARTED_QUERY,Stage01 canonical reconciliation rank 3199,STATHEAD_UNAMBIGUOUS_SINGLE_CANDIDATE,False,CREDITED,POSTGAME_ACTUAL_STARTER,ORACLE_STARTER_IDENTITY_ONLY,False
2019,6,REG,2019-10-13,2019_06_HOU_KC,HOU,KC,Deshaun Watson,WatsDe00,00-0033537,STATHEAD_QB_STARTED_QUERY,Stage01 canonical reconciliation rank 3221,STATHEAD_UNAMBIGUOUS_SINGLE_CANDIDATE,False,CREDITED,Patrick Mahomes,MahoPa00,00-0033873,STATHEAD_QB_STARTED_QUERY,Stage01 canonical reconciliation rank 3212,STATHEAD_UNAMBIGUOUS_SINGLE_CANDIDATE,False,CREDITED,POSTGAME_ACTUAL_STARTER,ORACLE_STARTER_IDENTITY_ONLY,False
2019,6,REG,2019-10-13,2019_06_NO_JAX,NO,JAX,Teddy Bridgewater,BridTe00,00-0031237,STATHEAD_QB_STARTED_QUERY,Stage01 canonical reconciliation rank 3202,STATHEAD_UNAMBIGUOUS_SINGLE_CANDIDATE,False,CREDITED,Gardner Minshew II,MinsGa00,00-0035289,STATHEAD_QB_STARTED_QUERY,Stage01 canonical reconciliation rank 3215,STATHEAD_UNAMBIGUOUS_SINGLE_CANDIDATE,False,CREDITED,POSTGAME_ACTUAL_STARTER,ORACLE_STARTER_IDENTITY_ONLY,False
2019,6,REG,2019-10-10,2019_06_NYG_NE,NYG,NE,Daniel Jones,JoneDa05,00-0035710,STATHEAD_QB_STARTED_QUERY,Stage01 canonical reconciliation rank 3226,STATHEAD_UNAMBIGUOUS_SINGLE_CANDIDATE,False,CREDITED,Tom Brady,BradTo00,00-0019596,STATHEAD_QB_STARTED_QUERY,Stage01 canonical reconciliation rank 3225,STATHEAD_UNAMBIGUOUS_SINGLE_CANDIDATE,False,CREDITED,POSTGAME_ACTUAL_STARTER,ORACLE_STARTER_IDENTITY_ONLY,False
2019,6,REG,2019-10-13,2019_06_PHI_MIN,PHI,MIN,Carson Wentz,WentCa00,00-0032950,STATHEAD_QB_STARTED_QUERY,Stage01 canonical reconciliation rank 3222,STATHEAD_UNAMBIGUOUS_SINGLE_CANDIDATE,False,CREDITED,Kirk Cousins,CousKi00,00-0029604,STATHEAD_QB_STARTED_QUERY,Stage01 canonical reconciliation rank 3203,STATHEAD_UNAMBIGUOUS_SINGLE_CANDIDATE,False,CREDITED,POSTGAME_ACTUAL_STARTER,ORACLE_STARTER_IDENTITY_ONLY,False
2019,6,REG,2019-10-13,2019_06_PIT_LAC,PIT,LAC,Devlin Hodges,HodgDe00,00-0035577,STATHEAD_QB_STARTED_QUERY,Stage01 canonical reconciliation rank 3209,STATHEAD_UNAMBIGUOUS_SINGLE_CANDIDATE,False,CREDITED,Philip Rivers,RivePh00,00-0022942,STATHEAD_QB_STARTED_QUERY,Stage01 canonical reconciliation rank 3218,STATHEAD_UNAMBIGUOUS_SINGLE_CANDIDATE,False,CREDITED,POSTGAME_ACTUAL_STARTER,ORACLE_STARTER_IDENTITY_ONLY,False
2019,6,REG,2019-10-13,2019_06_SEA_CLE,SEA,CLE,Russell Wilson,WilsRu00,00-0029263,STATHEAD_QB_STARTED_QUERY,Stage01 canonical reconciliation rank 3223,STATHEAD_UNAMBIGUOUS_SINGLE_CANDIDATE,False,CREDITED,Baker Mayfield,MayfBa00,00-0034855,STATHEAD_QB_STARTED_QUERY,Stage01 canonical reconciliation rank 3214,STATHEAD_UNAMBIGUOUS_SINGLE_CANDIDATE,False,CREDITED,POSTGAME_ACTUAL_STARTER,ORACLE_STARTER_IDENTITY_ONLY,False
2019,6,REG,2019-10-13,2019_06_SF_LA,SF,LAR,Jimmy Garoppolo,GaroJi00,00-0031345,STATHEAD_QB_STARTED_QUERY,Stage01 canonical reconciliation rank 3207,STATHEAD_UNAMBIGUOUS_SINGLE_CANDIDATE,False,CREDITED,Jared Goff,GoffJa00,00-0033106,STATHEAD_QB_STARTED_QUERY,Stage01 canonical reconciliation rank 3208,STATHEAD_UNAMBIGUOUS_SINGLE_CANDIDATE,False,CREDITED,POSTGAME_ACTUAL_STARTER,ORACLE_STARTER_IDENTITY_ONLY,False
2019,6,REG,2019-10-13,2019_06_TEN_DEN,TEN,DEN,Marcus Mariota,MariMa01,00-0032268,STATHEAD_QB_STARTED_QUERY,Stage01 canonical reconciliation rank 3213,STATHEAD_UNAMBIGUOUS_SINGLE_CANDIDATE,False,CREDITED,Joe Flacco,FlacJo00,00-0026158,STATHEAD_QB_STARTED_QUERY,Stage01 canonical reconciliation rank 3206,STATHEAD_UNAMBIGUOUS_SINGLE_CANDIDATE,False,CREDITED,POSTGAME_ACTUAL_STARTER,ORACLE_STARTER_IDENTITY_ONLY,False
2019,6,REG,2019-10-13,2019_06_WAS_MIA,WAS,MIA,Case Keenum,KeenCa00,00-0028986,STATHEAD_QB_STARTED_QUERY,Stage01 canonical reconciliation rank 3211,STATHEAD_UNAMBIGUOUS_SINGLE_CANDIDATE,False,CREDITED,Josh Rosen,RoseJo01,00-0034343,STATHEAD_QB_STARTED_QUERY,Stage01 canonical reconciliation rank 3219,STATHEAD_UNAMBIGUOUS_SINGLE_CANDIDATE,False,CREDITED,POSTGAME_ACTUAL_STARTER,ORACLE_STARTER_IDENTITY_ONLY,False
2019,7,REG,2019-10-20,2019_07_ARI_NYG,ARI,NYG,Kyler Murray,MurrKy00,00-0035228,STATHEAD_QB_STARTED_QUERY,Stage01 canonical reconciliation rank 3186,STATHEAD_UNAMBIGUOUS_SINGLE_CANDIDATE,False,CREDITED,Daniel Jones,JoneDa05,00-0035710,STATHEAD_QB_STARTED_QUERY,Stage01 canonical reconciliation rank 3183,STATHEAD_UNAMBIGUOUS_SINGLE_CANDIDATE,False,CREDITED,POSTGAME_ACTUAL_STARTER,ORACLE_STARTER_IDENTITY_ONLY,False
2019,7,REG,2019-10-20,2019_07_BAL_SEA,BAL,SEA,Lamar Jackson,JackLa00,00-0034796,STATHEAD_QB_STARTED_QUERY,Stage01 canonical reconciliation rank 3182,STATHEAD_UNAMBIGUOUS_SINGLE_CANDIDATE,False,CREDITED,Russell Wilson,WilsRu00,00-0029263,STATHEAD_QB_STARTED_QUERY,Stage01 canonical reconciliation rank 3196,STATHEAD_UNAMBIGUOUS_SINGLE_CANDIDATE,False,CREDITED,POSTGAME_ACTUAL_STARTER,ORACLE_STARTER_IDENTITY_ONLY,False
2019,7,REG,2019-10-20,2019_07_HOU_IND,HOU,IND,Deshaun Watson,WatsDe00,00-0033537,STATHEAD_QB_STARTED_QUERY,Stage01 canonical reconciliation rank 3194,STATHEAD_UNAMBIGUOUS_SINGLE_CANDIDATE,False,CREDITED,Jacoby Brissett,BrisJa00,00-0033119,STATHEAD_QB_STARTED_QUERY,Stage01 canonical reconciliation rank 3175,STATHEAD_UNAMBIGUOUS_SINGLE_CANDIDATE,False,CREDITED,POSTGAME_ACTUAL_STARTER,ORACLE_STARTER_IDENTITY_ONLY,False
2019,7,REG,2019-10-20,2019_07_JAX_CIN,JAX,CIN,Gardner Minshew II,MinsGa00,00-0035289,STATHEAD_QB_STARTED_QUERY,Stage01 canonical reconciliation rank 3185,STATHEAD_UNAMBIGUOUS_SINGLE_CANDIDATE,False,CREDITED,Andy Dalton,DaltAn00,00-0027973,STATHEAD_QB_STARTED_QUERY,Stage01 canonical reconciliation rank 3178,STATHEAD_UNAMBIGUOUS_SINGLE_CANDIDATE,False,CREDITED,POSTGAME_ACTUAL_STARTER,ORACLE_STARTER_IDENTITY_ONLY,False
2019,7,REG,2019-10-17,2019_07_KC_DEN,KC,DEN,Patrick Mahomes,MahoPa00,00-0033873,STATHEAD_QB_STARTED_QUERY,Stage01 canonical reconciliation rank 3198,STATHEAD_UNAMBIGUOUS_SINGLE_CANDIDATE,False,CREDITED,Joe Flacco,FlacJo00,00-0026158,STATHEAD_QB_STARTED_QUERY,Stage01 canonical reconciliation rank 3197,STATHEAD_UNAMBIGUOUS_SINGLE_CANDIDATE,False,CREDITED,POSTGAME_ACTUAL_STARTER,ORACLE_STARTER_IDENTITY_ONLY,False
2019,7,REG,2019-10-20,2019_07_LAC_TEN,LAC,TEN,Philip Rivers,RivePh00,00-0022942,STATHEAD_QB_STARTED_QUERY,Stage01 canonical reconciliation rank 3188,STATHEAD_UNAMBIGUOUS_SINGLE_CANDIDATE,False,CREDITED,Ryan Tannehill,TannRy00,00-0029701,STATHEAD_QB_STARTED_QUERY,Stage01 canonical reconciliation rank 3192,STATHEAD_UNAMBIGUOUS_SINGLE_CANDIDATE,False,CREDITED,POSTGAME_ACTUAL_STARTER,ORACLE_STARTER_IDENTITY_ONLY,False
2019,7,REG,2019-10-20,2019_07_LA_ATL,LAR,ATL,Jared Goff,GoffJa00,00-0033106,STATHEAD_QB_STARTED_QUERY,Stage01 canonical reconciliation rank 3181,STATHEAD_UNAMBIGUOUS_SINGLE_CANDIDATE,False,CREDITED,Matt Ryan,RyanMa00,00-0026143,STATHEAD_QB_STARTED_QUERY,Stage01 canonical reconciliation rank 3190,STATHEAD_UNAMBIGUOUS_SINGLE_CANDIDATE,False,CREDITED,POSTGAME_ACTUAL_STARTER,ORACLE_STARTER_IDENTITY_ONLY,False
2019,7,REG,2019-10-20,2019_07_MIA_BUF,MIA,BUF,Ryan Fitzpatrick,FitzRy00,00-0023682,STATHEAD_QB_STARTED_QUERY,Stage01 canonical reconciliation rank 3179,STATHEAD_UNAMBIGUOUS_SINGLE_CANDIDATE,False,CREDITED,Josh Allen,AlleJo02,00-0034857,STATHEAD_QB_STARTED_QUERY,Stage01 canonical reconciliation rank 3173,STATHEAD_UNAMBIGUOUS_SINGLE_CANDIDATE,False,CREDITED,POSTGAME_ACTUAL_STARTER,ORACLE_STARTER_IDENTITY_ONLY,False
2019,7,REG,2019-10-20,2019_07_MIN_DET,MIN,DET,Kirk Cousins,CousKi00,00-0029604,STATHEAD_QB_STARTED_QUERY,Stage01 canonical reconciliation rank 3177,STATHEAD_UNAMBIGUOUS_SINGLE_CANDIDATE,False,CREDITED,Matthew Stafford,StafMa00,00-0026498,STATHEAD_QB_STARTED_QUERY,Stage01 canonical reconciliation rank 3191,STATHEAD_UNAMBIGUOUS_SINGLE_CANDIDATE,False,CREDITED,POSTGAME_ACTUAL_STARTER,ORACLE_STARTER_IDENTITY_ONLY,False
2019,7,REG,2019-10-21,2019_07_NE_NYJ,NE,NYJ,Tom Brady,BradTo00,00-0019596,STATHEAD_QB_STARTED_QUERY,Stage01 canonical reconciliation rank 3171,STATHEAD_UNAMBIGUOUS_SINGLE_CANDIDATE,False,CREDITED,Sam Darnold,DarnSa00,00-0034869,STATHEAD_QB_STARTED_QUERY,Stage01 canonical reconciliation rank 3172,STATHEAD_UNAMBIGUOUS_SINGLE_CANDIDATE,False,CREDITED,POSTGAME_ACTUAL_STARTER,ORACLE_STARTER_IDENTITY_ONLY,False
2019,7,REG,2019-10-20,2019_07_NO_CHI,NO,CHI,Teddy Bridgewater,BridTe00,00-0031237,STATHEAD_QB_STARTED_QUERY,Stage01 canonical reconciliation rank 3174,STATHEAD_UNAMBIGUOUS_SINGLE_CANDIDATE,False,CREDITED,Mitchell Trubisky,TrubMi00,00-0033869,STATHEAD_QB_STARTED_QUERY,Stage01 canonical reconciliation rank 3193,STATHEAD_UNAMBIGUOUS_SINGLE_CANDIDATE,False,CREDITED,POSTGAME_ACTUAL_STARTER,ORACLE_STARTER_IDENTITY_ONLY,False
2019,7,REG,2019-10-20,2019_07_OAK_GB,LV,GB,Derek Carr,CarrDe02,00-0031280,STATHEAD_QB_STARTED_QUERY,Stage01 canonical reconciliation rank 3176,STATHEAD_UNAMBIGUOUS_SINGLE_CANDIDATE,False,CREDITED,Aaron Rodgers,RodgAa00,00-0023459,STATHEAD_QB_STARTED_QUERY,Stage01 canonical reconciliation rank 3189,STATHEAD_UNAMBIGUOUS_SINGLE_CANDIDATE,False,CREDITED,POSTGAME_ACTUAL_STARTER,ORACLE_STARTER_IDENTITY_ONLY,False
2019,7,REG,2019-10-20,2019_07_PHI_DAL,PHI,DAL,Carson Wentz,WentCa00,00-0032950,STATHEAD_QB_STARTED_QUERY,Stage01 canonical reconciliation rank 3195,STATHEAD_UNAMBIGUOUS_SINGLE_CANDIDATE,False,CREDITED,Dak Prescott,PresDa01,00-0033077,STATHEAD_QB_STARTED_QUERY,Stage01 canonical reconciliation rank 3187,STATHEAD_UNAMBIGUOUS_SINGLE_CANDIDATE,False,CREDITED,POSTGAME_ACTUAL_STARTER,ORACLE_STARTER_IDENTITY_ONLY,False
2019,7,REG,2019-10-20,2019_07_SF_WAS,SF,WAS,Jimmy Garoppolo,GaroJi00,00-0031345,STATHEAD_QB_STARTED_QUERY,Stage01 canonical reconciliation rank 3180,STATHEAD_UNAMBIGUOUS_SINGLE_CANDIDATE,False,CREDITED,Case Keenum,KeenCa00,00-0028986,STATHEAD_QB_STARTED_QUERY,Stage01 canonical reconciliation rank 3184,STATHEAD_UNAMBIGUOUS_SINGLE_CANDIDATE,False,CREDITED,POSTGAME_ACTUAL_STARTER,ORACLE_STARTER_IDENTITY_ONLY,False
2019,8,REG,2019-10-27,2019_08_ARI_NO,ARI,NO,Kyler Murray,MurrKy00,00-0035228,STATHEAD_QB_STARTED_QUERY,Stage01 canonical reconciliation rank 3158,STATHEAD_UNAMBIGUOUS_SINGLE_CANDIDATE,False,CREDITED,Drew Brees,BreeDr00,00-0020531,STATHEAD_QB_STARTED_QUERY,Stage01 canonical reconciliation rank 3146,STATHEAD_UNAMBIGUOUS_SINGLE_CANDIDATE,False,CREDITED,POSTGAME_ACTUAL_STARTER,ORACLE_STARTER_IDENTITY_ONLY,False
2019,8,REG,2019-10-27,2019_08_CAR_SF,CAR,SF,Kyle Allen,AlleKy00,00-0034577,STATHEAD_QB_STARTED_QUERY,Stage01 canonical reconciliation rank 3144,STATHEAD_UNAMBIGUOUS_SINGLE_CANDIDATE,False,CREDITED,Jimmy Garoppolo,GaroJi00,00-0031345,STATHEAD_QB_STARTED_QUERY,Stage01 canonical reconciliation rank 3152,STATHEAD_UNAMBIGUOUS_SINGLE_CANDIDATE,False,CREDITED,POSTGAME_ACTUAL_STARTER,ORACLE_STARTER_IDENTITY_ONLY,False
2019,8,REG,2019-10-27,2019_08_CIN_LA,CIN,LAR,Andy Dalton,DaltAn00,00-0027973,STATHEAD_QB_STARTED_QUERY,Stage01 canonical reconciliation rank 3149,STATHEAD_UNAMBIGUOUS_SINGLE_CANDIDATE,False,CREDITED,Jared Goff,GoffJa00,00-0033106,STATHEAD_QB_STARTED_QUERY,Stage01 canonical reconciliation rank 3153,STATHEAD_UNAMBIGUOUS_SINGLE_CANDIDATE,False,CREDITED,POSTGAME_ACTUAL_STARTER,ORACLE_STARTER_IDENTITY_ONLY,False
2019,8,REG,2019-10-27,2019_08_CLE_NE,CLE,NE,Baker Mayfield,MayfBa00,00-0034855,STATHEAD_QB_STARTED_QUERY,Stage01 canonical reconciliation rank 3155,STATHEAD_UNAMBIGUOUS_SINGLE_CANDIDATE,False,CREDITED,Tom Brady,BradTo00,00-0019596,STATHEAD_QB_STARTED_QUERY,Stage01 canonical reconciliation rank 3145,STATHEAD_UNAMBIGUOUS_SINGLE_CANDIDATE,False,CREDITED,POSTGAME_ACTUAL_STARTER,ORACLE_STARTER_IDENTITY_ONLY,False
2019,8,REG,2019-10-27,2019_08_DEN_IND,DEN,IND,Joe Flacco,FlacJo00,00-0026158,STATHEAD_QB_STARTED_QUERY,Stage01 canonical reconciliation rank 3151,STATHEAD_UNAMBIGUOUS_SINGLE_CANDIDATE,False,CREDITED,Jacoby Brissett,BrisJa00,00-0033119,STATHEAD_QB_STARTED_QUERY,Stage01 canonical reconciliation rank 3147,STATHEAD_UNAMBIGUOUS_SINGLE_CANDIDATE,False,CREDITED,POSTGAME_ACTUAL_STARTER,ORACLE_STARTER_IDENTITY_ONLY,False
2019,8,REG,2019-10-27,2019_08_GB_KC,GB,KC,Aaron Rodgers,RodgAa00,00-0023459,STATHEAD_QB_STARTED_QUERY,Stage01 canonical reconciliation rank 3160,STATHEAD_UNAMBIGUOUS_SINGLE_CANDIDATE,False,CREDITED,Matt Moore,MoorMa01,00-0025708,STATHEAD_QB_STARTED_QUERY,Stage01 canonical reconciliation rank 3157,STATHEAD_UNAMBIGUOUS_SINGLE_CANDIDATE,False,CREDITED,POSTGAME_ACTUAL_STARTER,ORACLE_STARTER_IDENTITY_ONLY,False
2019,8,REG,2019-10-27,2019_08_LAC_CHI,LAC,CHI,Philip Rivers,RivePh00,00-0022942,STATHEAD_QB_STARTED_QUERY,Stage01 canonical reconciliation rank 3159,STATHEAD_UNAMBIGUOUS_SINGLE_CANDIDATE,False,CREDITED,Mitchell Trubisky,TrubMi00,00-0033869,STATHEAD_QB_STARTED_QUERY,Stage01 canonical reconciliation rank 3164,STATHEAD_UNAMBIGUOUS_SINGLE_CANDIDATE,False,CREDITED,POSTGAME_ACTUAL_STARTER,ORACLE_STARTER_IDENTITY_ONLY,False
2019,8,REG,2019-10-28,2019_08_MIA_PIT,MIA,PIT,Ryan Fitzpatrick,FitzRy00,00-0023682,STATHEAD_QB_STARTED_QUERY,Stage01 canonical reconciliation rank 3141,STATHEAD_UNAMBIGUOUS_SINGLE_CANDIDATE,False,CREDITED,Mason Rudolph,RudoMa00,00-0034771,STATHEAD_QB_STARTED_QUERY,Stage01 canonical reconciliation rank 3142,STATHEAD_UNAMBIGUOUS_SINGLE_CANDIDATE,False,CREDITED,POSTGAME_ACTUAL_STARTER,ORACLE_STARTER_IDENTITY_ONLY,False
2019,8,REG,2019-10-27,2019_08_NYG_DET,NYG,DET,Daniel Jones,JoneDa05,00-0035710,STATHEAD_QB_STARTED_QUERY,Stage01 canonical reconciliation rank 3154,STATHEAD_UNAMBIGUOUS_SINGLE_CANDIDATE,False,CREDITED,Matthew Stafford,StafMa00,00-0026498,STATHEAD_QB_STARTED_QUERY,Stage01 canonical reconciliation rank 3162,STATHEAD_UNAMBIGUOUS_SINGLE_CANDIDATE,False,CREDITED,POSTGAME_ACTUAL_STARTER,ORACLE_STARTER_IDENTITY_ONLY,False
2019,8,REG,2019-10-27,2019_08_NYJ_JAX,NYJ,JAX,Sam Darnold,DarnSa00,00-0034869,STATHEAD_QB_STARTED_QUERY,Stage01 canonical reconciliation rank 3150,STATHEAD_UNAMBIGUOUS_SINGLE_CANDIDATE,False,CREDITED,Gardner Minshew II,MinsGa00,00-0035289,STATHEAD_QB_STARTED_QUERY,Stage01 canonical reconciliation rank 3156,STATHEAD_UNAMBIGUOUS_SINGLE_CANDIDATE,False,CREDITED,POSTGAME_ACTUAL_STARTER,ORACLE_STARTER_IDENTITY_ONLY,False
2019,8,REG,2019-10-27,2019_08_OAK_HOU,LV,HOU,Derek Carr,CarrDe02,00-0031280,STATHEAD_QB_STARTED_QUERY,Stage01 canonical reconciliation rank 3148,STATHEAD_UNAMBIGUOUS_SINGLE_CANDIDATE,False,CREDITED,Deshaun Watson,WatsDe00,00-0033537,STATHEAD_QB_STARTED_QUERY,Stage01 canonical reconciliation rank 3165,STATHEAD_UNAMBIGUOUS_SINGLE_CANDIDATE,False,CREDITED,POSTGAME_ACTUAL_STARTER,ORACLE_STARTER_IDENTITY_ONLY,False
2019,8,REG,2019-10-27,2019_08_PHI_BUF,PHI,BUF,Carson Wentz,WentCa00,00-0032950,STATHEAD_QB_STARTED_QUERY,Stage01 canonical reconciliation rank 3166,STATHEAD_UNAMBIGUOUS_SINGLE_CANDIDATE,False,CREDITED,Josh Allen,AlleJo02,00-0034857,STATHEAD_QB_STARTED_QUERY,Stage01 canonical reconciliation rank 3143,STATHEAD_UNAMBIGUOUS_SINGLE_CANDIDATE,False,CREDITED,POSTGAME_ACTUAL_STARTER,ORACLE_STARTER_IDENTITY_ONLY,False
2019,8,REG,2019-10-27,2019_08_SEA_ATL,SEA,ATL,Russell Wilson,WilsRu00,00-0029263,STATHEAD_QB_STARTED_QUERY,Stage01 canonical reconciliation rank 3167,STATHEAD_UNAMBIGUOUS_SINGLE_CANDIDATE,False,CREDITED,Matt Schaub,SchaMa00,00-0022787,STATHEAD_QB_STARTED_QUERY,Stage01 canonical reconciliation rank 3161,STATHEAD_UNAMBIGUOUS_SINGLE_CANDIDATE,False,CREDITED,POSTGAME_ACTUAL_STARTER,ORACLE_STARTER_IDENTITY_ONLY,False
2019,8,REG,2019-10-27,2019_08_TB_TEN,TB,TEN,Jameis Winston,WinsJa00,00-0031503,STATHEAD_QB_STARTED_QUERY,Stage01 canonical reconciliation rank 3168,STATHEAD_UNAMBIGUOUS_SINGLE_CANDIDATE,False,CREDITED,Ryan Tannehill,TannRy00,00-0029701,STATHEAD_QB_STARTED_QUERY,Stage01 canonical reconciliation rank 3163,STATHEAD_UNAMBIGUOUS_SINGLE_CANDIDATE,False,CREDITED,POSTGAME_ACTUAL_STARTER,ORACLE_STARTER_IDENTITY_ONLY,False
2019,8,REG,2019-10-24,2019_08_WAS_MIN,WAS,MIN,Case Keenum,KeenCa00,00-0028986,STATHEAD_QB_STARTED_QUERY,Stage01 canonical reconciliation rank 3170,STATHEAD_UNAMBIGUOUS_SINGLE_CANDIDATE,False,CREDITED,Kirk Cousins,CousKi00,00-0029604,STATHEAD_QB_STARTED_QUERY,Stage01 canonical reconciliation rank 3169,STATHEAD_UNAMBIGUOUS_SINGLE_CANDIDATE,False,CREDITED,POSTGAME_ACTUAL_STARTER,ORACLE_STARTER_IDENTITY_ONLY,False
2019,9,REG,2019-11-03,2019_09_CHI_PHI,CHI,PHI,Mitchell Trubisky,TrubMi00,00-0033869,STATHEAD_QB_STARTED_QUERY,Stage01 canonical reconciliation rank 3134,STATHEAD_UNAMBIGUOUS_SINGLE_CANDIDATE,False,CREDITED,Carson Wentz,WentCa00,00-0032950,STATHEAD_QB_STARTED_QUERY,Stage01 canonical reconciliation rank 3136,STATHEAD_UNAMBIGUOUS_SINGLE_CANDIDATE,False,CREDITED,POSTGAME_ACTUAL_STARTER,ORACLE_STARTER_IDENTITY_ONLY,False
2019,9,REG,2019-11-03,2019_09_CLE_DEN,CLE,DEN,Baker Mayfield,MayfBa00,00-0034855,STATHEAD_QB_STARTED_QUERY,Stage01 canonical reconciliation rank 3126,STATHEAD_UNAMBIGUOUS_SINGLE_CANDIDATE,False,CREDITED,Brandon Allen,AlleBr00,00-0032434,STATHEAD_QB_STARTED_QUERY,Stage01 canonical reconciliation rank 3115,STATHEAD_UNAMBIGUOUS_SINGLE_CANDIDATE,False,CREDITED,POSTGAME_ACTUAL_STARTER,ORACLE_STARTER_IDENTITY_ONLY,False
2019,9,REG,2019-11-04,2019_09_DAL_NYG,DAL,NYG,Dak Prescott,PresDa01,00-0033077,STATHEAD_QB_STARTED_QUERY,Stage01 canonical reconciliation rank 3114,STATHEAD_UNAMBIGUOUS_SINGLE_CANDIDATE,False,CREDITED,Daniel Jones,JoneDa05,00-0035710,STATHEAD_QB_STARTED_QUERY,Stage01 canonical reconciliation rank 3113,STATHEAD_UNAMBIGUOUS_SINGLE_CANDIDATE,False,CREDITED,POSTGAME_ACTUAL_STARTER,ORACLE_STARTER_IDENTITY_ONLY,False
2019,9,REG,2019-11-03,2019_09_DET_OAK,DET,LV,Matthew Stafford,StafMa00,00-0026498,STATHEAD_QB_STARTED_QUERY,Stage01 canonical reconciliation rank 3132,STATHEAD_UNAMBIGUOUS_SINGLE_CANDIDATE,False,CREDITED,Derek Carr,CarrDe02,00-0031280,STATHEAD_QB_STARTED_QUERY,Stage01 canonical reconciliation rank 3120,STATHEAD_UNAMBIGUOUS_SINGLE_CANDIDATE,False,CREDITED,POSTGAME_ACTUAL_STARTER,ORACLE_STARTER_IDENTITY_ONLY,False
2019,9,REG,2019-11-03,2019_09_GB_LAC,GB,LAC,Aaron Rodgers,RodgAa00,00-0023459,STATHEAD_QB_STARTED_QUERY,Stage01 canonical reconciliation rank 3130,STATHEAD_UNAMBIGUOUS_SINGLE_CANDIDATE,False,CREDITED,Philip Rivers,RivePh00,00-0022942,STATHEAD_QB_STARTED_QUERY,Stage01 canonical reconciliation rank 3129,STATHEAD_UNAMBIGUOUS_SINGLE_CANDIDATE,False,CREDITED,POSTGAME_ACTUAL_STARTER,ORACLE_STARTER_IDENTITY_ONLY,False
2019,9,REG,2019-11-03,2019_09_HOU_JAX,HOU,JAX,Deshaun Watson,WatsDe00,00-0033537,STATHEAD_QB_STARTED_QUERY,Stage01 canonical reconciliation rank 3135,STATHEAD_UNAMBIGUOUS_SINGLE_CANDIDATE,False,CREDITED,Gardner Minshew II,MinsGa00,00-0035289,STATHEAD_QB_STARTED_QUERY,Stage01 canonical reconciliation rank 3127,STATHEAD_UNAMBIGUOUS_SINGLE_CANDIDATE,False,CREDITED,POSTGAME_ACTUAL_STARTER,ORACLE_STARTER_IDENTITY_ONLY,False
2019,9,REG,2019-11-03,2019_09_IND_PIT,IND,PIT,Jacoby Brissett,BrisJa00,00-0033119,STATHEAD_QB_STARTED_QUERY,Stage01 canonical reconciliation rank 3119,STATHEAD_UNAMBIGUOUS_SINGLE_CANDIDATE,False,CREDITED,Mason Rudolph,RudoMa00,00-0034771,STATHEAD_QB_STARTED_QUERY,Stage01 canonical reconciliation rank 3131,STATHEAD_UNAMBIGUOUS_SINGLE_CANDIDATE,False,CREDITED,POSTGAME_ACTUAL_STARTER,ORACLE_STARTER_IDENTITY_ONLY,False
2019,9,REG,2019-11-03,2019_09_MIN_KC,MIN,KC,Kirk Cousins,CousKi00,00-0029604,STATHEAD_QB_STARTED_QUERY,Stage01 canonical reconciliation rank 3121,STATHEAD_UNAMBIGUOUS_SINGLE_CANDIDATE,False,CREDITED,Matt Moore,MoorMa01,00-0025708,STATHEAD_QB_STARTED_QUERY,Stage01 canonical reconciliation rank 3128,STATHEAD_UNAMBIGUOUS_SINGLE_CANDIDATE,False,CREDITED,POSTGAME_ACTUAL_STARTER,ORACLE_STARTER_IDENTITY_ONLY,False
2019,9,REG,2019-11-03,2019_09_NE_BAL,NE,BAL,Tom Brady,BradTo00,00-0019596,STATHEAD_QB_STARTED_QUERY,Stage01 canonical reconciliation rank 3118,STATHEAD_UNAMBIGUOUS_SINGLE_CANDIDATE,False,CREDITED,Lamar Jackson,JackLa00,00-0034796,STATHEAD_QB_STARTED_QUERY,Stage01 canonical reconciliation rank 3125,STATHEAD_UNAMBIGUOUS_SINGLE_CANDIDATE,False,CREDITED,POSTGAME_ACTUAL_STARTER,ORACLE_STARTER_IDENTITY_ONLY,False
2019,9,REG,2019-11-03,2019_09_NYJ_MIA,NYJ,MIA,Sam Darnold,DarnSa00,00-0034869,STATHEAD_QB_STARTED_QUERY,Stage01 canonical reconciliation rank 3122,STATHEAD_UNAMBIGUOUS_SINGLE_CANDIDATE,False,CREDITED,Ryan Fitzpatrick,FitzRy00,00-0023682,STATHEAD_QB_STARTED_QUERY,Stage01 canonical reconciliation rank 3123,STATHEAD_UNAMBIGUOUS_SINGLE_CANDIDATE,False,CREDITED,POSTGAME_ACTUAL_STARTER,ORACLE_STARTER_IDENTITY_ONLY,False
2019,9,REG,2019-10-31,2019_09_SF_ARI,SF,ARI,Jimmy Garoppolo,GaroJi00,00-0031345,STATHEAD_QB_STARTED_QUERY,Stage01 canonical reconciliation rank 3139,STATHEAD_UNAMBIGUOUS_SINGLE_CANDIDATE,False,CREDITED,Kyler Murray,MurrKy00,00-0035228,STATHEAD_QB_STARTED_QUERY,Stage01 canonical reconciliation rank 3140,STATHEAD_UNAMBIGUOUS_SINGLE_CANDIDATE,False,CREDITED,POSTGAME_ACTUAL_STARTER,ORACLE_STARTER_IDENTITY_ONLY,False
2019,9,REG,2019-11-03,2019_09_TB_SEA,TB,SEA,Jameis Winston,WinsJa00,00-0031503,STATHEAD_QB_STARTED_QUERY,Stage01 canonical reconciliation rank 3138,STATHEAD_UNAMBIGUOUS_SINGLE_CANDIDATE,False,CREDITED,Russell Wilson,WilsRu00,00-0029263,STATHEAD_QB_STARTED_QUERY,Stage01 canonical reconciliation rank 3137,STATHEAD_UNAMBIGUOUS_SINGLE_CANDIDATE,False,CREDITED,POSTGAME_ACTUAL_STARTER,ORACLE_STARTER_IDENTITY_ONLY,False
2019,9,REG,2019-11-03,2019_09_TEN_CAR,TEN,CAR,Ryan Tannehill,TannRy00,00-0029701,STATHEAD_QB_STARTED_QUERY,Stage01 canonical reconciliation rank 3133,STATHEAD_UNAMBIGUOUS_SINGLE_CANDIDATE,False,CREDITED,Kyle Allen,AlleKy00,00-0034577,STATHEAD_QB_STARTED_QUERY,Stage01 canonical reconciliation rank 3117,STATHEAD_UNAMBIGUOUS_SINGLE_CANDIDATE,False,CREDITED,POSTGAME_ACTUAL_STARTER,ORACLE_STARTER_IDENTITY_ONLY,False
2019,9,REG,2019-11-03,2019_09_WAS_BUF,WAS,BUF,Dwayne Haskins,HaskDw00,00-0035232,STATHEAD_QB_STARTED_QUERY,Stage01 canonical reconciliation rank 3124,STATHEAD_UNAMBIGUOUS_SINGLE_CANDIDATE,False,CREDITED,Josh Allen,AlleJo02,00-0034857,STATHEAD_QB_STARTED_QUERY,Stage01 canonical reconciliation rank 3116,STATHEAD_UNAMBIGUOUS_SINGLE_CANDIDATE,False,CREDITED,POSTGAME_ACTUAL_STARTER,ORACLE_STARTER_IDENTITY_ONLY,False
2019,10,REG,2019-11-10,2019_10_ARI_TB,ARI,TB,Kyler Murray,MurrKy00,00-0035228,STATHEAD_QB_STARTED_QUERY,Stage01 canonical reconciliation rank 3103,STATHEAD_UNAMBIGUOUS_SINGLE_CANDIDATE,False,CREDITED,Jameis Winston,WinsJa00,00-0031503,STATHEAD_QB_STARTED_QUERY,Stage01 canonical reconciliation rank 3110,STATHEAD_UNAMBIGUOUS_SINGLE_CANDIDATE,False,CREDITED,POSTGAME_ACTUAL_STARTER,ORACLE_STARTER_IDENTITY_ONLY,False
2019,10,REG,2019-11-10,2019_10_ATL_NO,ATL,NO,Matt Ryan,RyanMa00,00-0026143,STATHEAD_QB_STARTED_QUERY,Stage01 canonical reconciliation rank 3107,STATHEAD_UNAMBIGUOUS_SINGLE_CANDIDATE,False,CREDITED,Drew Brees,BreeDr00,00-0020531,STATHEAD_QB_STARTED_QUERY,Stage01 canonical reconciliation rank 3091,STATHEAD_UNAMBIGUOUS_SINGLE_CANDIDATE,False,CREDITED,POSTGAME_ACTUAL_STARTER,ORACLE_STARTER_IDENTITY_ONLY,False
2019,10,REG,2019-11-10,2019_10_BAL_CIN,BAL,CIN,Lamar Jackson,JackLa00,00-0034796,STATHEAD_QB_STARTED_QUERY,Stage01 canonical reconciliation rank 3099,STATHEAD_UNAMBIGUOUS_SINGLE_CANDIDATE,False,CREDITED,Ryan Finley,FinlRy00,00-0035652,STATHEAD_QB_STARTED_QUERY,Stage01 canonical reconciliation rank 3095,STATHEAD_UNAMBIGUOUS_SINGLE_CANDIDATE,False,CREDITED,POSTGAME_ACTUAL_STARTER,ORACLE_STARTER_IDENTITY_ONLY,False
2019,10,REG,2019-11-10,2019_10_BUF_CLE,BUF,CLE,Josh Allen,AlleJo02,00-0034857,STATHEAD_QB_STARTED_QUERY,Stage01 canonical reconciliation rank 3089,STATHEAD_UNAMBIGUOUS_SINGLE_CANDIDATE,False,CREDITED,Baker Mayfield,MayfBa00,00-0034855,STATHEAD_QB_STARTED_QUERY,Stage01 canonical reconciliation rank 3102,STATHEAD_UNAMBIGUOUS_SINGLE_CANDIDATE,False,CREDITED,POSTGAME_ACTUAL_STARTER,ORACLE_STARTER_IDENTITY_ONLY,False
2019,10,REG,2019-11-10,2019_10_CAR_GB,CAR,GB,Kyle Allen,AlleKy00,00-0034577,STATHEAD_QB_STARTED_QUERY,Stage01 canonical reconciliation rank 3090,STATHEAD_UNAMBIGUOUS_SINGLE_CANDIDATE,False,CREDITED,Aaron Rodgers,RodgAa00,00-0023459,STATHEAD_QB_STARTED_QUERY,Stage01 canonical reconciliation rank 3105,STATHEAD_UNAMBIGUOUS_SINGLE_CANDIDATE,False,CREDITED,POSTGAME_ACTUAL_STARTER,ORACLE_STARTER_IDENTITY_ONLY,False
2019,10,REG,2019-11-10,2019_10_DET_CHI,DET,CHI,Jeff Driskel,DrisJe00,00-0032436,STATHEAD_QB_STARTED_QUERY,Stage01 canonical reconciliation rank 3094,STATHEAD_UNAMBIGUOUS_SINGLE_CANDIDATE,False,CREDITED,Mitchell Trubisky,TrubMi00,00-0033869,STATHEAD_QB_STARTED_QUERY,Stage01 canonical reconciliation rank 3109,STATHEAD_UNAMBIGUOUS_SINGLE_CANDIDATE,False,CREDITED,POSTGAME_ACTUAL_STARTER,ORACLE_STARTER_IDENTITY_ONLY,False
2019,10,REG,2019-11-10,2019_10_KC_TEN,KC,TEN,Patrick Mahomes,MahoPa00,00-0033873,STATHEAD_QB_STARTED_QUERY,Stage01 canonical reconciliation rank 3101,STATHEAD_UNAMBIGUOUS_SINGLE_CANDIDATE,False,CREDITED,Ryan Tannehill,TannRy00,00-0029701,STATHEAD_QB_STARTED_QUERY,Stage01 canonical reconciliation rank 3108,STATHEAD_UNAMBIGUOUS_SINGLE_CANDIDATE,False,CREDITED,POSTGAME_ACTUAL_STARTER,ORACLE_STARTER_IDENTITY_ONLY,False
2019,10,REG,2019-11-07,2019_10_LAC_OAK,LAC,LV,Philip Rivers,RivePh00,00-0022942,STATHEAD_QB_STARTED_QUERY,Stage01 canonical reconciliation rank 3112,STATHEAD_UNAMBIGUOUS_SINGLE_CANDIDATE,False,CREDITED,Derek Carr,CarrDe02,00-0031280,STATHEAD_QB_STARTED_QUERY,Stage01 canonical reconciliation rank 3111,STATHEAD_UNAMBIGUOUS_SINGLE_CANDIDATE,False,CREDITED,POSTGAME_ACTUAL_STARTER,ORACLE_STARTER_IDENTITY_ONLY,False
2019,10,REG,2019-11-10,2019_10_LA_PIT,LAR,PIT,Jared Goff,GoffJa00,00-0033106,STATHEAD_QB_STARTED_QUERY,Stage01 canonical reconciliation rank 3097,STATHEAD_UNAMBIGUOUS_SINGLE_CANDIDATE,False,CREDITED,Mason Rudolph,RudoMa00,00-0034771,STATHEAD_QB_STARTED_QUERY,Stage01 canonical reconciliation rank 3106,STATHEAD_UNAMBIGUOUS_SINGLE_CANDIDATE,False,CREDITED,POSTGAME_ACTUAL_STARTER,ORACLE_STARTER_IDENTITY_ONLY,False
2019,10,REG,2019-11-10,2019_10_MIA_IND,MIA,IND,Ryan Fitzpatrick,FitzRy00,00-0023682,STATHEAD_QB_STARTED_QUERY,Stage01 canonical reconciliation rank 3096,STATHEAD_UNAMBIGUOUS_SINGLE_CANDIDATE,False,CREDITED,Brian Hoyer,HoyeBr00,00-0026625,STATHEAD_QB_STARTED_QUERY,Stage01 canonical reconciliation rank 3098,STATHEAD_UNAMBIGUOUS_SINGLE_CANDIDATE,False,CREDITED,POSTGAME_ACTUAL_STARTER,ORACLE_STARTER_IDENTITY_ONLY,False
2019,10,REG,2019-11-10,2019_10_MIN_DAL,MIN,DAL,Kirk Cousins,CousKi00,00-0029604,STATHEAD_QB_STARTED_QUERY,Stage01 canonical reconciliation rank 3092,STATHEAD_UNAMBIGUOUS_SINGLE_CANDIDATE,False,CREDITED,Dak Prescott,PresDa01,00-0033077,STATHEAD_QB_STARTED_QUERY,Stage01 canonical reconciliation rank 3104,STATHEAD_UNAMBIGUOUS_SINGLE_CANDIDATE,False,CREDITED,POSTGAME_ACTUAL_STARTER,ORACLE_STARTER_IDENTITY_ONLY,False
2019,10,REG,2019-11-10,2019_10_NYG_NYJ,NYG,NYJ,Daniel Jones,JoneDa05,00-0035710,STATHEAD_QB_STARTED_QUERY,Stage01 canonical reconciliation rank 3100,STATHEAD_UNAMBIGUOUS_SINGLE_CANDIDATE,False,CREDITED,Sam Darnold,DarnSa00,00-0034869,STATHEAD_QB_STARTED_QUERY,Stage01 canonical reconciliation rank 3093,STATHEAD_UNAMBIGUOUS_SINGLE_CANDIDATE,False,CREDITED,POSTGAME_ACTUAL_STARTER,ORACLE_STARTER_IDENTITY_ONLY,False
2019,10,REG,2019-11-11,2019_10_SEA_SF,SEA,SF,Russell Wilson,WilsRu00,00-0029263,STATHEAD_QB_STARTED_QUERY,Stage01 canonical reconciliation rank 3088,STATHEAD_UNAMBIGUOUS_SINGLE_CANDIDATE,False,CREDITED,Jimmy Garoppolo,GaroJi00,00-0031345,STATHEAD_QB_STARTED_QUERY,Stage01 canonical reconciliation rank 3087,STATHEAD_UNAMBIGUOUS_SINGLE_CANDIDATE,False,CREDITED,POSTGAME_ACTUAL_STARTER,ORACLE_STARTER_IDENTITY_ONLY,False
2019,11,REG,2019-11-17,2019_11_ARI_SF,ARI,SF,Kyler Murray,MurrKy00,00-0035228,STATHEAD_QB_STARTED_QUERY,Stage01 canonical reconciliation rank 3078,STATHEAD_UNAMBIGUOUS_SINGLE_CANDIDATE,False,CREDITED,Jimmy Garoppolo,GaroJi00,00-0031345,STATHEAD_QB_STARTED_QUERY,Stage01 canonical reconciliation rank 3074,STATHEAD_UNAMBIGUOUS_SINGLE_CANDIDATE,False,CREDITED,POSTGAME_ACTUAL_STARTER,ORACLE_STARTER_IDENTITY_ONLY,False
2019,11,REG,2019-11-17,2019_11_ATL_CAR,ATL,CAR,Matt Ryan,RyanMa00,00-0026143,STATHEAD_QB_STARTED_QUERY,Stage01 canonical reconciliation rank 3080,STATHEAD_UNAMBIGUOUS_SINGLE_CANDIDATE,False,CREDITED,Kyle Allen,AlleKy00,00-0034577,STATHEAD_QB_STARTED_QUERY,Stage01 canonical reconciliation rank 3063,STATHEAD_UNAMBIGUOUS_SINGLE_CANDIDATE,False,CREDITED,POSTGAME_ACTUAL_STARTER,ORACLE_STARTER_IDENTITY_ONLY,False
2019,11,REG,2019-11-17,2019_11_BUF_MIA,BUF,MIA,Josh Allen,AlleJo02,00-0034857,STATHEAD_QB_STARTED_QUERY,Stage01 canonical reconciliation rank 3062,STATHEAD_UNAMBIGUOUS_SINGLE_CANDIDATE,False,CREDITED,Ryan Fitzpatrick,FitzRy00,00-0023682,STATHEAD_QB_STARTED_QUERY,Stage01 canonical reconciliation rank 3072,STATHEAD_UNAMBIGUOUS_SINGLE_CANDIDATE,False,CREDITED,POSTGAME_ACTUAL_STARTER,ORACLE_STARTER_IDENTITY_ONLY,False
2019,11,REG,2019-11-17,2019_11_CHI_LA,CHI,LAR,Mitchell Trubisky,TrubMi00,00-0033869,STATHEAD_QB_STARTED_QUERY,Stage01 canonical reconciliation rank 3081,STATHEAD_UNAMBIGUOUS_SINGLE_CANDIDATE,False,CREDITED,Jared Goff,GoffJa00,00-0033106,STATHEAD_QB_STARTED_QUERY,Stage01 canonical reconciliation rank 3075,STATHEAD_UNAMBIGUOUS_SINGLE_CANDIDATE,False,CREDITED,POSTGAME_ACTUAL_STARTER,ORACLE_STARTER_IDENTITY_ONLY,False
2019,11,REG,2019-11-17,2019_11_CIN_OAK,CIN,LV,Ryan Finley,FinlRy00,00-0035652,STATHEAD_QB_STARTED_QUERY,Stage01 canonical reconciliation rank 3071,STATHEAD_UNAMBIGUOUS_SINGLE_CANDIDATE,False,CREDITED,Derek Carr,CarrDe02,00-0031280,STATHEAD_QB_STARTED_QUERY,Stage01 canonical reconciliation rank 3067,STATHEAD_UNAMBIGUOUS_SINGLE_CANDIDATE,False,CREDITED,POSTGAME_ACTUAL_STARTER,ORACLE_STARTER_IDENTITY_ONLY,False
2019,11,REG,2019-11-17,2019_11_DAL_DET,DAL,DET,Dak Prescott,PresDa01,00-0033077,STATHEAD_QB_STARTED_QUERY,Stage01 canonical reconciliation rank 3079,STATHEAD_UNAMBIGUOUS_SINGLE_CANDIDATE,False,CREDITED,Jeff Driskel,DrisJe00,00-0032436,STATHEAD_QB_STARTED_QUERY,Stage01 canonical reconciliation rank 3070,STATHEAD_UNAMBIGUOUS_SINGLE_CANDIDATE,False,CREDITED,POSTGAME_ACTUAL_STARTER,ORACLE_STARTER_IDENTITY_ONLY,False
2019,11,REG,2019-11-17,2019_11_DEN_MIN,DEN,MIN,Brandon Allen,AlleBr00,00-0032434,STATHEAD_QB_STARTED_QUERY,Stage01 canonical reconciliation rank 3061,STATHEAD_UNAMBIGUOUS_SINGLE_CANDIDATE,False,CREDITED,Kirk Cousins,CousKi00,00-0029604,STATHEAD_QB_STARTED_QUERY,Stage01 canonical reconciliation rank 3068,STATHEAD_UNAMBIGUOUS_SINGLE_CANDIDATE,False,CREDITED,POSTGAME_ACTUAL_STARTER,ORACLE_STARTER_IDENTITY_ONLY,False
2019,11,REG,2019-11-17,2019_11_HOU_BAL,HOU,BAL,Deshaun Watson,WatsDe00,00-0033537,STATHEAD_QB_STARTED_QUERY,Stage01 canonical reconciliation rank 3082,STATHEAD_UNAMBIGUOUS_SINGLE_CANDIDATE,False,CREDITED,Lamar Jackson,JackLa00,00-0034796,STATHEAD_QB_STARTED_QUERY,Stage01 canonical reconciliation rank 3077,STATHEAD_UNAMBIGUOUS_SINGLE_CANDIDATE,False,CREDITED,POSTGAME_ACTUAL_STARTER,ORACLE_STARTER_IDENTITY_ONLY,False
2019,11,REG,2019-11-17,2019_11_JAX_IND,JAX,IND,Nick Foles,FoleNi00,00-0029567,STATHEAD_QB_STARTED_QUERY,Stage01 canonical reconciliation rank 3073,STATHEAD_UNAMBIGUOUS_SINGLE_CANDIDATE,False,CREDITED,Jacoby Brissett,BrisJa00,00-0033119,STATHEAD_QB_STARTED_QUERY,Stage01 canonical reconciliation rank 3066,STATHEAD_UNAMBIGUOUS_SINGLE_CANDIDATE,False,CREDITED,POSTGAME_ACTUAL_STARTER,ORACLE_STARTER_IDENTITY_ONLY,False
2019,11,REG,2019-11-18,2019_11_KC_LAC,KC,LAC,Patrick Mahomes,MahoPa00,00-0033873,STATHEAD_QB_STARTED_QUERY,Stage01 canonical reconciliation rank 3059,STATHEAD_UNAMBIGUOUS_SINGLE_CANDIDATE,False,CREDITED,Philip Rivers,RivePh00,00-0022942,STATHEAD_QB_STARTED_QUERY,Stage01 canonical reconciliation rank 3060,STATHEAD_UNAMBIGUOUS_SINGLE_CANDIDATE,False,CREDITED,POSTGAME_ACTUAL_STARTER,ORACLE_STARTER_IDENTITY_ONLY,False
2019,11,REG,2019-11-17,2019_11_NE_PHI,NE,PHI,Tom Brady,BradTo00,00-0019596,STATHEAD_QB_STARTED_QUERY,Stage01 canonical reconciliation rank 3064,STATHEAD_UNAMBIGUOUS_SINGLE_CANDIDATE,False,CREDITED,Carson Wentz,WentCa00,00-0032950,STATHEAD_QB_STARTED_QUERY,Stage01 canonical reconciliation rank 3083,STATHEAD_UNAMBIGUOUS_SINGLE_CANDIDATE,False,CREDITED,POSTGAME_ACTUAL_STARTER,ORACLE_STARTER_IDENTITY_ONLY,False
2019,11,REG,2019-11-17,2019_11_NO_TB,NO,TB,Drew Brees,BreeDr00,00-0020531,STATHEAD_QB_STARTED_QUERY,Stage01 canonical reconciliation rank 3065,STATHEAD_UNAMBIGUOUS_SINGLE_CANDIDATE,False,CREDITED,Jameis Winston,WinsJa00,00-0031503,STATHEAD_QB_STARTED_QUERY,Stage01 canonical reconciliation rank 3084,STATHEAD_UNAMBIGUOUS_SINGLE_CANDIDATE,False,CREDITED,POSTGAME_ACTUAL_STARTER,ORACLE_STARTER_IDENTITY_ONLY,False
2019,11,REG,2019-11-17,2019_11_NYJ_WAS,NYJ,WAS,Sam Darnold,DarnSa00,00-0034869,STATHEAD_QB_STARTED_QUERY,Stage01 canonical reconciliation rank 3069,STATHEAD_UNAMBIGUOUS_SINGLE_CANDIDATE,False,CREDITED,Dwayne Haskins,HaskDw00,00-0035232,STATHEAD_QB_STARTED_QUERY,Stage01 canonical reconciliation rank 3076,STATHEAD_UNAMBIGUOUS_SINGLE_CANDIDATE,False,CREDITED,POSTGAME_ACTUAL_STARTER,ORACLE_STARTER_IDENTITY_ONLY,False
2019,11,REG,2019-11-14,2019_11_PIT_CLE,PIT,CLE,Mason Rudolph,RudoMa00,00-0034771,STATHEAD_QB_STARTED_QUERY,Stage01 canonical reconciliation rank 3086,STATHEAD_UNAMBIGUOUS_SINGLE_CANDIDATE,False,CREDITED,Baker Mayfield,MayfBa00,00-0034855,STATHEAD_QB_STARTED_QUERY,Stage01 canonical reconciliation rank 3085,STATHEAD_UNAMBIGUOUS_SINGLE_CANDIDATE,False,CREDITED,POSTGAME_ACTUAL_STARTER,ORACLE_STARTER_IDENTITY_ONLY,False
2019,12,REG,2019-11-25,2019_12_BAL_LA,BAL,LAR,Lamar Jackson,JackLa00,00-0034796,STATHEAD_QB_STARTED_QUERY,Stage01 canonical reconciliation rank 3032,STATHEAD_UNAMBIGUOUS_SINGLE_CANDIDATE,False,CREDITED,Jared Goff,GoffJa00,00-0033106,STATHEAD_QB_STARTED_QUERY,Stage01 canonical reconciliation rank 3031,STATHEAD_UNAMBIGUOUS_SINGLE_CANDIDATE,False,CREDITED,POSTGAME_ACTUAL_STARTER,ORACLE_STARTER_IDENTITY_ONLY,False
2019,12,REG,2019-11-24,2019_12_CAR_NO,CAR,NO,Kyle Allen,AlleKy00,00-0034577,STATHEAD_QB_STARTED_QUERY,Stage01 canonical reconciliation rank 3035,STATHEAD_UNAMBIGUOUS_SINGLE_CANDIDATE,False,CREDITED,Drew Brees,BreeDr00,00-0020531,STATHEAD_QB_STARTED_QUERY,Stage01 canonical reconciliation rank 3037,STATHEAD_UNAMBIGUOUS_SINGLE_CANDIDATE,False,CREDITED,POSTGAME_ACTUAL_STARTER,ORACLE_STARTER_IDENTITY_ONLY,False
2019,12,REG,2019-11-24,2019_12_DAL_NE,DAL,NE,Dak Prescott,PresDa01,00-0033077,STATHEAD_QB_STARTED_QUERY,Stage01 canonical reconciliation rank 3048,STATHEAD_UNAMBIGUOUS_SINGLE_CANDIDATE,False,CREDITED,Tom Brady,BradTo00,00-0019596,STATHEAD_QB_STARTED_QUERY,Stage01 canonical reconciliation rank 3036,STATHEAD_UNAMBIGUOUS_SINGLE_CANDIDATE,False,CREDITED,POSTGAME_ACTUAL_STARTER,ORACLE_STARTER_IDENTITY_ONLY,False
2019,12,REG,2019-11-24,2019_12_DEN_BUF,DEN,BUF,Brandon Allen,AlleBr00,00-0032434,STATHEAD_QB_STARTED_QUERY,Stage01 canonical reconciliation rank 3033,STATHEAD_UNAMBIGUOUS_SINGLE_CANDIDATE,False,CREDITED,Josh Allen,AlleJo02,00-0034857,STATHEAD_QB_STARTED_QUERY,Stage01 canonical reconciliation rank 3034,STATHEAD_UNAMBIGUOUS_SINGLE_CANDIDATE,False,CREDITED,POSTGAME_ACTUAL_STARTER,ORACLE_STARTER_IDENTITY_ONLY,False
2019,12,REG,2019-11-24,2019_12_DET_WAS,DET,WAS,Jeff Driskel,DrisJe00,00-0032436,STATHEAD_QB_STARTED_QUERY,Stage01 canonical reconciliation rank 3040,STATHEAD_UNAMBIGUOUS_SINGLE_CANDIDATE,False,CREDITED,Dwayne Haskins,HaskDw00,00-0035232,STATHEAD_QB_STARTED_QUERY,Stage01 canonical reconciliation rank 3045,STATHEAD_UNAMBIGUOUS_SINGLE_CANDIDATE,False,CREDITED,POSTGAME_ACTUAL_STARTER,ORACLE_STARTER_IDENTITY_ONLY,False
2019,12,REG,2019-11-24,2019_12_GB_SF,GB,SF,Aaron Rodgers,RodgAa00,00-0023459,STATHEAD_QB_STARTED_QUERY,Stage01 canonical reconciliation rank 3049,STATHEAD_UNAMBIGUOUS_SINGLE_CANDIDATE,False,CREDITED,Jimmy Garoppolo,GaroJi00,00-0031345,STATHEAD_QB_STARTED_QUERY,Stage01 canonical reconciliation rank 3044,STATHEAD_UNAMBIGUOUS_SINGLE_CANDIDATE,False,CREDITED,POSTGAME_ACTUAL_STARTER,ORACLE_STARTER_IDENTITY_ONLY,False
2019,12,REG,2019-11-21,2019_12_IND_HOU,IND,HOU,Jacoby Brissett,BrisJa00,00-0033119,STATHEAD_QB_STARTED_QUERY,Stage01 canonical reconciliation rank 3057,STATHEAD_UNAMBIGUOUS_SINGLE_CANDIDATE,False,CREDITED,Deshaun Watson,WatsDe00,00-0033537,STATHEAD_QB_STARTED_QUERY,Stage01 canonical reconciliation rank 3058,STATHEAD_UNAMBIGUOUS_SINGLE_CANDIDATE,False,CREDITED,POSTGAME_ACTUAL_STARTER,ORACLE_STARTER_IDENTITY_ONLY,False
2019,12,REG,2019-11-24,2019_12_JAX_TEN,JAX,TEN,Nick Foles,FoleNi00,00-0029567,STATHEAD_QB_STARTED_QUERY,Stage01 canonical reconciliation rank 3043,STATHEAD_UNAMBIGUOUS_SINGLE_CANDIDATE,False,CREDITED,Ryan Tannehill,TannRy00,00-0029701,STATHEAD_QB_STARTED_QUERY,Stage01 canonical reconciliation rank 3052,STATHEAD_UNAMBIGUOUS_SINGLE_CANDIDATE,False,CREDITED,POSTGAME_ACTUAL_STARTER,ORACLE_STARTER_IDENTITY_ONLY,False
2019,12,REG,2019-11-24,2019_12_MIA_CLE,MIA,CLE,Ryan Fitzpatrick,FitzRy00,00-0023682,STATHEAD_QB_STARTED_QUERY,Stage01 canonical reconciliation rank 3042,STATHEAD_UNAMBIGUOUS_SINGLE_CANDIDATE,False,CREDITED,Baker Mayfield,MayfBa00,00-0034855,STATHEAD_QB_STARTED_QUERY,Stage01 canonical reconciliation rank 3047,STATHEAD_UNAMBIGUOUS_SINGLE_CANDIDATE,False,CREDITED,POSTGAME_ACTUAL_STARTER,ORACLE_STARTER_IDENTITY_ONLY,False
2019,12,REG,2019-11-24,2019_12_NYG_CHI,NYG,CHI,Daniel Jones,JoneDa05,00-0035710,STATHEAD_QB_STARTED_QUERY,Stage01 canonical reconciliation rank 3046,STATHEAD_UNAMBIGUOUS_SINGLE_CANDIDATE,False,CREDITED,Mitchell Trubisky,TrubMi00,00-0033869,STATHEAD_QB_STARTED_QUERY,Stage01 canonical reconciliation rank 3053,STATHEAD_UNAMBIGUOUS_SINGLE_CANDIDATE,False,CREDITED,POSTGAME_ACTUAL_STARTER,ORACLE_STARTER_IDENTITY_ONLY,False
2019,12,REG,2019-11-24,2019_12_OAK_NYJ,LV,NYJ,Derek Carr,CarrDe02,00-0031280,STATHEAD_QB_STARTED_QUERY,Stage01 canonical reconciliation rank 3038,STATHEAD_UNAMBIGUOUS_SINGLE_CANDIDATE,False,CREDITED,Sam Darnold,DarnSa00,00-0034869,STATHEAD_QB_STARTED_QUERY,Stage01 canonical reconciliation rank 3039,STATHEAD_UNAMBIGUOUS_SINGLE_CANDIDATE,False,CREDITED,POSTGAME_ACTUAL_STARTER,ORACLE_STARTER_IDENTITY_ONLY,False
2019,12,REG,2019-11-24,2019_12_PIT_CIN,PIT,CIN,Mason Rudolph,RudoMa00,00-0034771,STATHEAD_QB_STARTED_QUERY,Stage01 canonical reconciliation rank 3050,STATHEAD_UNAMBIGUOUS_SINGLE_CANDIDATE,False,CREDITED,Ryan Finley,FinlRy00,00-0035652,STATHEAD_QB_STARTED_QUERY,Stage01 canonical reconciliation rank 3041,STATHEAD_UNAMBIGUOUS_SINGLE_CANDIDATE,False,CREDITED,POSTGAME_ACTUAL_STARTER,ORACLE_STARTER_IDENTITY_ONLY,False
2019,12,REG,2019-11-24,2019_12_SEA_PHI,SEA,PHI,Russell Wilson,WilsRu00,00-0029263,STATHEAD_QB_STARTED_QUERY,Stage01 canonical reconciliation rank 3055,STATHEAD_UNAMBIGUOUS_SINGLE_CANDIDATE,False,CREDITED,Carson Wentz,WentCa00,00-0032950,STATHEAD_QB_STARTED_QUERY,Stage01 canonical reconciliation rank 3054,STATHEAD_UNAMBIGUOUS_SINGLE_CANDIDATE,False,CREDITED,POSTGAME_ACTUAL_STARTER,ORACLE_STARTER_IDENTITY_ONLY,False
2019,12,REG,2019-11-24,2019_12_TB_ATL,TB,ATL,Jameis Winston,WinsJa00,00-0031503,STATHEAD_QB_STARTED_QUERY,Stage01 canonical reconciliation rank 3056,STATHEAD_UNAMBIGUOUS_SINGLE_CANDIDATE,False,CREDITED,Matt Ryan,RyanMa00,00-0026143,STATHEAD_QB_STARTED_QUERY,Stage01 canonical reconciliation rank 3051,STATHEAD_UNAMBIGUOUS_SINGLE_CANDIDATE,False,CREDITED,POSTGAME_ACTUAL_STARTER,ORACLE_STARTER_IDENTITY_ONLY,False
2019,13,REG,2019-11-28,2019_13_BUF_DAL,BUF,DAL,Josh Allen,AlleJo02,00-0034857,STATHEAD_QB_STARTED_QUERY,Stage01 canonical reconciliation rank 3024,STATHEAD_UNAMBIGUOUS_SINGLE_CANDIDATE,False,CREDITED,Dak Prescott,PresDa01,00-0033077,STATHEAD_QB_STARTED_QUERY,Stage01 canonical reconciliation rank 3028,STATHEAD_UNAMBIGUOUS_SINGLE_CANDIDATE,False,CREDITED,POSTGAME_ACTUAL_STARTER,ORACLE_STARTER_IDENTITY_ONLY,False
2019,13,REG,2019-11-28,2019_13_CHI_DET,CHI,DET,Mitchell Trubisky,TrubMi00,00-0033869,STATHEAD_QB_STARTED_QUERY,Stage01 canonical reconciliation rank 3030,STATHEAD_UNAMBIGUOUS_SINGLE_CANDIDATE,False,CREDITED,David Blough,BlouDa00,00-0035040,STATHEAD_QB_STARTED_QUERY,Stage01 canonical reconciliation rank 3025,STATHEAD_UNAMBIGUOUS_SINGLE_CANDIDATE,False,CREDITED,POSTGAME_ACTUAL_STARTER,ORACLE_STARTER_IDENTITY_ONLY,False
2019,13,REG,2019-12-01,2019_13_CLE_PIT,CLE,PIT,Baker Mayfield,MayfBa00,00-0034855,STATHEAD_QB_STARTED_QUERY,Stage01 canonical reconciliation rank 3016,STATHEAD_UNAMBIGUOUS_SINGLE_CANDIDATE,False,CREDITED,Devlin Hodges,HodgDe00,00-0035577,STATHEAD_QB_STARTED_QUERY,Stage01 canonical reconciliation rank 3011,STATHEAD_UNAMBIGUOUS_SINGLE_CANDIDATE,False,CREDITED,POSTGAME_ACTUAL_STARTER,ORACLE_STARTER_IDENTITY_ONLY,False
2019,13,REG,2019-12-01,2019_13_GB_NYG,GB,NYG,Aaron Rodgers,RodgAa00,00-0023459,STATHEAD_QB_STARTED_QUERY,Stage01 canonical reconciliation rank 3019,STATHEAD_UNAMBIGUOUS_SINGLE_CANDIDATE,False,CREDITED,Daniel Jones,JoneDa05,00-0035710,STATHEAD_QB_STARTED_QUERY,Stage01 canonical reconciliation rank 3013,STATHEAD_UNAMBIGUOUS_SINGLE_CANDIDATE,False,CREDITED,POSTGAME_ACTUAL_STARTER,ORACLE_STARTER_IDENTITY_ONLY,False
2019,13,REG,2019-12-01,2019_13_LAC_DEN,LAC,DEN,Philip Rivers,RivePh00,00-0022942,STATHEAD_QB_STARTED_QUERY,Stage01 canonical reconciliation rank 3018,STATHEAD_UNAMBIGUOUS_SINGLE_CANDIDATE,False,CREDITED,Drew Lock,LockDr00,00-0035704,STATHEAD_QB_STARTED_QUERY,Stage01 canonical reconciliation rank 3014,STATHEAD_UNAMBIGUOUS_SINGLE_CANDIDATE,False,CREDITED,POSTGAME_ACTUAL_STARTER,ORACLE_STARTER_IDENTITY_ONLY,False
2019,13,REG,2019-12-01,2019_13_LA_ARI,LAR,ARI,Jared Goff,GoffJa00,00-0033106,STATHEAD_QB_STARTED_QUERY,Stage01 canonical reconciliation rank 3009,STATHEAD_UNAMBIGUOUS_SINGLE_CANDIDATE,False,CREDITED,Kyler Murray,MurrKy00,00-0035228,STATHEAD_QB_STARTED_QUERY,Stage01 canonical reconciliation rank 3017,STATHEAD_UNAMBIGUOUS_SINGLE_CANDIDATE,False,CREDITED,POSTGAME_ACTUAL_STARTER,ORACLE_STARTER_IDENTITY_ONLY,False
2019,13,REG,2019-12-02,2019_13_MIN_SEA,MIN,SEA,Kirk Cousins,CousKi00,00-0029604,STATHEAD_QB_STARTED_QUERY,Stage01 canonical reconciliation rank 2998,STATHEAD_UNAMBIGUOUS_SINGLE_CANDIDATE,False,CREDITED,Russell Wilson,WilsRu00,00-0029263,STATHEAD_QB_STARTED_QUERY,Stage01 canonical reconciliation rank 2999,STATHEAD_UNAMBIGUOUS_SINGLE_CANDIDATE,False,CREDITED,POSTGAME_ACTUAL_STARTER,ORACLE_STARTER_IDENTITY_ONLY,False
2019,13,REG,2019-12-01,2019_13_NE_HOU,NE,HOU,Tom Brady,BradTo00,00-0019596,STATHEAD_QB_STARTED_QUERY,Stage01 canonical reconciliation rank 3001,STATHEAD_UNAMBIGUOUS_SINGLE_CANDIDATE,False,CREDITED,Deshaun Watson,WatsDe00,00-0033537,STATHEAD_QB_STARTED_QUERY,Stage01 canonical reconciliation rank 3021,STATHEAD_UNAMBIGUOUS_SINGLE_CANDIDATE,False,CREDITED,POSTGAME_ACTUAL_STARTER,ORACLE_STARTER_IDENTITY_ONLY,False
2019,13,REG,2019-11-28,2019_13_NO_ATL,NO,ATL,Drew Brees,BreeDr00,00-0020531,VALIDATED_MANUAL_WEB_RESEARCH,,VALIDATED_MANUAL_WEB_EXCEPTION,False,CREDITED,Matt Ryan,RyanMa00,00-0026143,STATHEAD_QB_STARTED_QUERY,Stage01 canonical reconciliation rank 3029,STATHEAD_UNAMBIGUOUS_SINGLE_CANDIDATE,False,CREDITED,POSTGAME_ACTUAL_STARTER,ORACLE_STARTER_IDENTITY_ONLY,False
2019,13,REG,2019-12-01,2019_13_NYJ_CIN,NYJ,CIN,Sam Darnold,DarnSa00,00-0034869,STATHEAD_QB_STARTED_QUERY,Stage01 canonical reconciliation rank 3005,STATHEAD_UNAMBIGUOUS_SINGLE_CANDIDATE,False,CREDITED,Andy Dalton,DaltAn00,00-0027973,STATHEAD_QB_STARTED_QUERY,Stage01 canonical reconciliation rank 3004,STATHEAD_UNAMBIGUOUS_SINGLE_CANDIDATE,False,CREDITED,POSTGAME_ACTUAL_STARTER,ORACLE_STARTER_IDENTITY_ONLY,False
2019,13,REG,2019-12-01,2019_13_OAK_KC,LV,KC,Derek Carr,CarrDe02,00-0031280,STATHEAD_QB_STARTED_QUERY,Stage01 canonical reconciliation rank 3003,STATHEAD_UNAMBIGUOUS_SINGLE_CANDIDATE,False,CREDITED,Patrick Mahomes,MahoPa00,00-0033873,STATHEAD_QB_STARTED_QUERY,Stage01 canonical reconciliation rank 3015,STATHEAD_UNAMBIGUOUS_SINGLE_CANDIDATE,False,CREDITED,POSTGAME_ACTUAL_STARTER,ORACLE_STARTER_IDENTITY_ONLY,False
2019,13,REG,2019-12-01,2019_13_PHI_MIA,PHI,MIA,Carson Wentz,WentCa00,00-0032950,STATHEAD_QB_STARTED_QUERY,Stage01 canonical reconciliation rank 3022,STATHEAD_UNAMBIGUOUS_SINGLE_CANDIDATE,False,CREDITED,Ryan Fitzpatrick,FitzRy00,00-0023682,STATHEAD_QB_STARTED_QUERY,Stage01 canonical reconciliation rank 3006,STATHEAD_UNAMBIGUOUS_SINGLE_CANDIDATE,False,CREDITED,POSTGAME_ACTUAL_STARTER,ORACLE_STARTER_IDENTITY_ONLY,False
2019,13,REG,2019-12-01,2019_13_SF_BAL,SF,BAL,Jimmy Garoppolo,GaroJi00,00-0031345,STATHEAD_QB_STARTED_QUERY,Stage01 canonical reconciliation rank 3008,STATHEAD_UNAMBIGUOUS_SINGLE_CANDIDATE,False,CREDITED,Lamar Jackson,JackLa00,00-0034796,STATHEAD_QB_STARTED_QUERY,Stage01 canonical reconciliation rank 3012,STATHEAD_UNAMBIGUOUS_SINGLE_CANDIDATE,False,CREDITED,POSTGAME_ACTUAL_STARTER,ORACLE_STARTER_IDENTITY_ONLY,False
2019,13,REG,2019-12-01,2019_13_TB_JAX,TB,JAX,Jameis Winston,WinsJa00,00-0031503,STATHEAD_QB_STARTED_QUERY,Stage01 canonical reconciliation rank 3023,STATHEAD_UNAMBIGUOUS_SINGLE_CANDIDATE,False,CREDITED,Nick Foles,FoleNi00,00-0029567,STATHEAD_QB_STARTED_QUERY,Stage01 canonical reconciliation rank 3007,STATHEAD_UNAMBIGUOUS_SINGLE_CANDIDATE,False,CREDITED,POSTGAME_ACTUAL_STARTER,ORACLE_STARTER_IDENTITY_ONLY,False
2019,13,REG,2019-12-01,2019_13_TEN_IND,TEN,IND,Ryan Tannehill,TannRy00,00-0029701,STATHEAD_QB_STARTED_QUERY,Stage01 canonical reconciliation rank 3020,STATHEAD_UNAMBIGUOUS_SINGLE_CANDIDATE,False,CREDITED,Jacoby Brissett,BrisJa00,00-0033119,STATHEAD_QB_STARTED_QUERY,Stage01 canonical reconciliation rank 3002,STATHEAD_UNAMBIGUOUS_SINGLE_CANDIDATE,False,CREDITED,POSTGAME_ACTUAL_STARTER,ORACLE_STARTER_IDENTITY_ONLY,False
2019,13,REG,2019-12-01,2019_13_WAS_CAR,WAS,CAR,Dwayne Haskins,HaskDw00,00-0035232,STATHEAD_QB_STARTED_QUERY,Stage01 canonical reconciliation rank 3010,STATHEAD_UNAMBIGUOUS_SINGLE_CANDIDATE,False,CREDITED,Kyle Allen,AlleKy00,00-0034577,STATHEAD_QB_STARTED_QUERY,Stage01 canonical reconciliation rank 3000,STATHEAD_UNAMBIGUOUS_SINGLE_CANDIDATE,False,CREDITED,POSTGAME_ACTUAL_STARTER,ORACLE_STARTER_IDENTITY_ONLY,False
2019,14,REG,2019-12-08,2019_14_BAL_BUF,BAL,BUF,Lamar Jackson,JackLa00,00-0034796,STATHEAD_QB_STARTED_QUERY,Stage01 canonical reconciliation rank 2983,STATHEAD_UNAMBIGUOUS_SINGLE_CANDIDATE,False,CREDITED,Josh Allen,AlleJo02,00-0034857,STATHEAD_QB_STARTED_QUERY,Stage01 canonical reconciliation rank 2968,STATHEAD_UNAMBIGUOUS_SINGLE_CANDIDATE,False,CREDITED,POSTGAME_ACTUAL_STARTER,ORACLE_STARTER_IDENTITY_ONLY,False
2019,14,REG,2019-12-08,2019_14_CAR_ATL,CAR,ATL,Kyle Allen,AlleKy00,00-0034577,STATHEAD_QB_STARTED_QUERY,Stage01 canonical reconciliation rank 2969,STATHEAD_UNAMBIGUOUS_SINGLE_CANDIDATE,False,CREDITED,Matt Ryan,RyanMa00,00-0026143,STATHEAD_QB_STARTED_QUERY,Stage01 canonical reconciliation rank 2991,STATHEAD_UNAMBIGUOUS_SINGLE_CANDIDATE,False,CREDITED,POSTGAME_ACTUAL_STARTER,ORACLE_STARTER_IDENTITY_ONLY,False
2019,14,REG,2019-12-08,2019_14_CIN_CLE,CIN,CLE,Andy Dalton,DaltAn00,00-0027973,STATHEAD_QB_STARTED_QUERY,Stage01 canonical reconciliation rank 2976,STATHEAD_UNAMBIGUOUS_SINGLE_CANDIDATE,False,CREDITED,Baker Mayfield,MayfBa00,00-0034855,STATHEAD_QB_STARTED_QUERY,Stage01 canonical reconciliation rank 2986,STATHEAD_UNAMBIGUOUS_SINGLE_CANDIDATE,False,CREDITED,POSTGAME_ACTUAL_STARTER,ORACLE_STARTER_IDENTITY_ONLY,False
2019,14,REG,2019-12-05,2019_14_DAL_CHI,DAL,CHI,Dak Prescott,PresDa01,00-0033077,STATHEAD_QB_STARTED_QUERY,Stage01 canonical reconciliation rank 2996,STATHEAD_UNAMBIGUOUS_SINGLE_CANDIDATE,False,CREDITED,Mitchell Trubisky,TrubMi00,00-0033869,STATHEAD_QB_STARTED_QUERY,Stage01 canonical reconciliation rank 2997,STATHEAD_UNAMBIGUOUS_SINGLE_CANDIDATE,False,CREDITED,POSTGAME_ACTUAL_STARTER,ORACLE_STARTER_IDENTITY_ONLY,False
2019,14,REG,2019-12-08,2019_14_DEN_HOU,DEN,HOU,Drew Lock,LockDr00,00-0035704,STATHEAD_QB_STARTED_QUERY,Stage01 canonical reconciliation rank 2984,STATHEAD_UNAMBIGUOUS_SINGLE_CANDIDATE,False,CREDITED,Deshaun Watson,WatsDe00,00-0033537,STATHEAD_QB_STARTED_QUERY,Stage01 canonical reconciliation rank 2993,STATHEAD_UNAMBIGUOUS_SINGLE_CANDIDATE,False,CREDITED,POSTGAME_ACTUAL_STARTER,ORACLE_STARTER_IDENTITY_ONLY,False
2019,14,REG,2019-12-08,2019_14_DET_MIN,DET,MIN,David Blough,BlouDa00,00-0035040,STATHEAD_QB_STARTED_QUERY,Stage01 canonical reconciliation rank 2970,STATHEAD_UNAMBIGUOUS_SINGLE_CANDIDATE,False,CREDITED,Kirk Cousins,CousKi00,00-0029604,STATHEAD_QB_STARTED_QUERY,Stage01 canonical reconciliation rank 2975,STATHEAD_UNAMBIGUOUS_SINGLE_CANDIDATE,False,CREDITED,POSTGAME_ACTUAL_STARTER,ORACLE_STARTER_IDENTITY_ONLY,False
2019,14,REG,2019-12-08,2019_14_IND_TB,IND,TB,Jacoby Brissett,BrisJa00,00-0033119,STATHEAD_QB_STARTED_QUERY,Stage01 canonical reconciliation rank 2973,STATHEAD_UNAMBIGUOUS_SINGLE_CANDIDATE,False,CREDITED,Jameis Winston,WinsJa00,00-0031503,STATHEAD_QB_STARTED_QUERY,Stage01 canonical reconciliation rank 2995,STATHEAD_UNAMBIGUOUS_SINGLE_CANDIDATE,False,CREDITED,POSTGAME_ACTUAL_STARTER,ORACLE_STARTER_IDENTITY_ONLY,False
2019,14,REG,2019-12-08,2019_14_KC_NE,KC,NE,Patrick Mahomes,MahoPa00,00-0033873,STATHEAD_QB_STARTED_QUERY,Stage01 canonical reconciliation rank 2985,STATHEAD_UNAMBIGUOUS_SINGLE_CANDIDATE,False,CREDITED,Tom Brady,BradTo00,00-0019596,STATHEAD_QB_STARTED_QUERY,Stage01 canonical reconciliation rank 2971,STATHEAD_UNAMBIGUOUS_SINGLE_CANDIDATE,False,CREDITED,POSTGAME_ACTUAL_STARTER,ORACLE_STARTER_IDENTITY_ONLY,False
2019,14,REG,2019-12-08,2019_14_LAC_JAX,LAC,JAX,Philip Rivers,RivePh00,00-0022942,STATHEAD_QB_STARTED_QUERY,Stage01 canonical reconciliation rank 2989,STATHEAD_UNAMBIGUOUS_SINGLE_CANDIDATE,False,CREDITED,Gardner Minshew II,MinsGa00,00-0035289,STATHEAD_QB_STARTED_QUERY,Stage01 canonical reconciliation rank 2987,STATHEAD_UNAMBIGUOUS_SINGLE_CANDIDATE,False,CREDITED,POSTGAME_ACTUAL_STARTER,ORACLE_STARTER_IDENTITY_ONLY,False
2019,14,REG,2019-12-08,2019_14_MIA_NYJ,MIA,NYJ,Ryan Fitzpatrick,FitzRy00,00-0023682,STATHEAD_QB_STARTED_QUERY,Stage01 canonical reconciliation rank 2978,STATHEAD_UNAMBIGUOUS_SINGLE_CANDIDATE,False,CREDITED,Sam Darnold,DarnSa00,00-0034869,STATHEAD_QB_STARTED_QUERY,Stage01 canonical reconciliation rank 2977,STATHEAD_UNAMBIGUOUS_SINGLE_CANDIDATE,False,CREDITED,POSTGAME_ACTUAL_STARTER,ORACLE_STARTER_IDENTITY_ONLY,False
2019,14,REG,2019-12-09,2019_14_NYG_PHI,NYG,PHI,Eli Manning,MannEl00,00-0022803,STATHEAD_QB_STARTED_QUERY,Stage01 canonical reconciliation rank 2966,STATHEAD_UNAMBIGUOUS_SINGLE_CANDIDATE,False,CREDITED,Carson Wentz,WentCa00,00-0032950,STATHEAD_QB_STARTED_QUERY,Stage01 canonical reconciliation rank 2967,STATHEAD_UNAMBIGUOUS_SINGLE_CANDIDATE,False,CREDITED,POSTGAME_ACTUAL_STARTER,ORACLE_STARTER_IDENTITY_ONLY,False
2019,14,REG,2019-12-08,2019_14_PIT_ARI,PIT,ARI,Devlin Hodges,HodgDe00,00-0035577,STATHEAD_QB_STARTED_QUERY,Stage01 canonical reconciliation rank 2982,STATHEAD_UNAMBIGUOUS_SINGLE_CANDIDATE,False,CREDITED,Kyler Murray,MurrKy00,00-0035228,STATHEAD_QB_STARTED_QUERY,Stage01 canonical reconciliation rank 2988,STATHEAD_UNAMBIGUOUS_SINGLE_CANDIDATE,False,CREDITED,POSTGAME_ACTUAL_STARTER,ORACLE_STARTER_IDENTITY_ONLY,False
2019,14,REG,2019-12-08,2019_14_SEA_LA,SEA,LAR,Russell Wilson,WilsRu00,00-0029263,STATHEAD_QB_STARTED_QUERY,Stage01 canonical reconciliation rank 2994,STATHEAD_UNAMBIGUOUS_SINGLE_CANDIDATE,False,CREDITED,Jared Goff,GoffJa00,00-0033106,STATHEAD_QB_STARTED_QUERY,Stage01 canonical reconciliation rank 2980,STATHEAD_UNAMBIGUOUS_SINGLE_CANDIDATE,False,CREDITED,POSTGAME_ACTUAL_STARTER,ORACLE_STARTER_IDENTITY_ONLY,False
2019,14,REG,2019-12-08,2019_14_SF_NO,SF,NO,Jimmy Garoppolo,GaroJi00,00-0031345,STATHEAD_QB_STARTED_QUERY,Stage01 canonical reconciliation rank 2979,STATHEAD_UNAMBIGUOUS_SINGLE_CANDIDATE,False,CREDITED,Drew Brees,BreeDr00,00-0020531,STATHEAD_QB_STARTED_QUERY,Stage01 canonical reconciliation rank 2972,STATHEAD_UNAMBIGUOUS_SINGLE_CANDIDATE,False,CREDITED,POSTGAME_ACTUAL_STARTER,ORACLE_STARTER_IDENTITY_ONLY,False
2019,14,REG,2019-12-08,2019_14_TEN_OAK,TEN,LV,Ryan Tannehill,TannRy00,00-0029701,STATHEAD_QB_STARTED_QUERY,Stage01 canonical reconciliation rank 2992,STATHEAD_UNAMBIGUOUS_SINGLE_CANDIDATE,False,CREDITED,Derek Carr,CarrDe02,00-0031280,STATHEAD_QB_STARTED_QUERY,Stage01 canonical reconciliation rank 2974,STATHEAD_UNAMBIGUOUS_SINGLE_CANDIDATE,False,CREDITED,POSTGAME_ACTUAL_STARTER,ORACLE_STARTER_IDENTITY_ONLY,False
2019,14,REG,2019-12-08,2019_14_WAS_GB,WAS,GB,Dwayne Haskins,HaskDw00,00-0035232,STATHEAD_QB_STARTED_QUERY,Stage01 canonical reconciliation rank 2981,STATHEAD_UNAMBIGUOUS_SINGLE_CANDIDATE,False,CREDITED,Aaron Rodgers,RodgAa00,00-0023459,STATHEAD_QB_STARTED_QUERY,Stage01 canonical reconciliation rank 2990,STATHEAD_UNAMBIGUOUS_SINGLE_CANDIDATE,False,CREDITED,POSTGAME_ACTUAL_STARTER,ORACLE_STARTER_IDENTITY_ONLY,False
2019,15,REG,2019-12-15,2019_15_ATL_SF,ATL,SF,Matt Ryan,RyanMa00,00-0026143,STATHEAD_QB_STARTED_QUERY,Stage01 canonical reconciliation rank 2957,STATHEAD_UNAMBIGUOUS_SINGLE_CANDIDATE,False,CREDITED,Jimmy Garoppolo,GaroJi00,00-0031345,STATHEAD_QB_STARTED_QUERY,Stage01 canonical reconciliation rank 2944,STATHEAD_UNAMBIGUOUS_SINGLE_CANDIDATE,False,CREDITED,POSTGAME_ACTUAL_STARTER,ORACLE_STARTER_IDENTITY_ONLY,False
2019,15,REG,2019-12-15,2019_15_BUF_PIT,BUF,PIT,Josh Allen,AlleJo02,00-0034857,STATHEAD_QB_STARTED_QUERY,Stage01 canonical reconciliation rank 2936,STATHEAD_UNAMBIGUOUS_SINGLE_CANDIDATE,False,CREDITED,Devlin Hodges,HodgDe00,00-0035577,STATHEAD_QB_STARTED_QUERY,Stage01 canonical reconciliation rank 2947,STATHEAD_UNAMBIGUOUS_SINGLE_CANDIDATE,False,CREDITED,POSTGAME_ACTUAL_STARTER,ORACLE_STARTER_IDENTITY_ONLY,False
2019,15,REG,2019-12-15,2019_15_CHI_GB,CHI,GB,Mitchell Trubisky,TrubMi00,00-0033869,STATHEAD_QB_STARTED_QUERY,Stage01 canonical reconciliation rank 2959,STATHEAD_UNAMBIGUOUS_SINGLE_CANDIDATE,False,CREDITED,Aaron Rodgers,RodgAa00,00-0023459,STATHEAD_QB_STARTED_QUERY,Stage01 canonical reconciliation rank 2956,STATHEAD_UNAMBIGUOUS_SINGLE_CANDIDATE,False,CREDITED,POSTGAME_ACTUAL_STARTER,ORACLE_STARTER_IDENTITY_ONLY,False
2019,15,REG,2019-12-15,2019_15_CLE_ARI,CLE,ARI,Baker Mayfield,MayfBa00,00-0034855,STATHEAD_QB_STARTED_QUERY,Stage01 canonical reconciliation rank 2951,STATHEAD_UNAMBIGUOUS_SINGLE_CANDIDATE,False,CREDITED,Kyler Murray,MurrKy00,00-0035228,STATHEAD_QB_STARTED_QUERY,Stage01 canonical reconciliation rank 2953,STATHEAD_UNAMBIGUOUS_SINGLE_CANDIDATE,False,CREDITED,POSTGAME_ACTUAL_STARTER,ORACLE_STARTER_IDENTITY_ONLY,False
2019,15,REG,2019-12-15,2019_15_DEN_KC,DEN,KC,Drew Lock,LockDr00,00-0035704,STATHEAD_QB_STARTED_QUERY,Stage01 canonical reconciliation rank 2948,STATHEAD_UNAMBIGUOUS_SINGLE_CANDIDATE,False,CREDITED,Patrick Mahomes,MahoPa00,00-0033873,STATHEAD_QB_STARTED_QUERY,Stage01 canonical reconciliation rank 2949,STATHEAD_UNAMBIGUOUS_SINGLE_CANDIDATE,False,CREDITED,POSTGAME_ACTUAL_STARTER,ORACLE_STARTER_IDENTITY_ONLY,False
2019,15,REG,2019-12-15,2019_15_HOU_TEN,HOU,TEN,Deshaun Watson,WatsDe00,00-0033537,STATHEAD_QB_STARTED_QUERY,Stage01 canonical reconciliation rank 2960,STATHEAD_UNAMBIGUOUS_SINGLE_CANDIDATE,False,CREDITED,Ryan Tannehill,TannRy00,00-0029701,STATHEAD_QB_STARTED_QUERY,Stage01 canonical reconciliation rank 2958,STATHEAD_UNAMBIGUOUS_SINGLE_CANDIDATE,False,CREDITED,POSTGAME_ACTUAL_STARTER,ORACLE_STARTER_IDENTITY_ONLY,False
2019,15,REG,2019-12-16,2019_15_IND_NO,IND,NO,Jacoby Brissett,BrisJa00,00-0033119,STATHEAD_QB_STARTED_QUERY,Stage01 canonical reconciliation rank 2934,STATHEAD_UNAMBIGUOUS_SINGLE_CANDIDATE,False,CREDITED,Drew Brees,BreeDr00,00-0020531,VALIDATED_MANUAL_WEB_RESEARCH,New Orleans Saints — Game recap: Saints rout Colts 34-7 (2019-12-16),VALIDATED_MANUAL_WEB_EXCEPTION,False,CREDITED,POSTGAME_ACTUAL_STARTER,ORACLE_STARTER_IDENTITY_ONLY,False
2019,15,REG,2019-12-15,2019_15_JAX_OAK,JAX,LV,Gardner Minshew II,MinsGa00,00-0035289,STATHEAD_QB_STARTED_QUERY,Stage01 canonical reconciliation rank 2952,STATHEAD_UNAMBIGUOUS_SINGLE_CANDIDATE,False,CREDITED,Derek Carr,CarrDe02,00-0031280,STATHEAD_QB_STARTED_QUERY,Stage01 canonical reconciliation rank 2940,STATHEAD_UNAMBIGUOUS_SINGLE_CANDIDATE,False,CREDITED,POSTGAME_ACTUAL_STARTER,ORACLE_STARTER_IDENTITY_ONLY,False
2019,15,REG,2019-12-15,2019_15_LA_DAL,LAR,DAL,Jared Goff,GoffJa00,00-0033106,STATHEAD_QB_STARTED_QUERY,Stage01 canonical reconciliation rank 2945,STATHEAD_UNAMBIGUOUS_SINGLE_CANDIDATE,False,CREDITED,Dak Prescott,PresDa01,00-0033077,STATHEAD_QB_STARTED_QUERY,Stage01 canonical reconciliation rank 2954,STATHEAD_UNAMBIGUOUS_SINGLE_CANDIDATE,False,CREDITED,POSTGAME_ACTUAL_STARTER,ORACLE_STARTER_IDENTITY_ONLY,False
2019,15,REG,2019-12-15,2019_15_MIA_NYG,MIA,NYG,Ryan Fitzpatrick,FitzRy00,00-0023682,STATHEAD_QB_STARTED_QUERY,Stage01 canonical reconciliation rank 2943,STATHEAD_UNAMBIGUOUS_SINGLE_CANDIDATE,False,CREDITED,Eli Manning,MannEl00,00-0022803,STATHEAD_QB_STARTED_QUERY,Stage01 canonical reconciliation rank 2950,STATHEAD_UNAMBIGUOUS_SINGLE_CANDIDATE,False,CREDITED,POSTGAME_ACTUAL_STARTER,ORACLE_STARTER_IDENTITY_ONLY,False
2019,15,REG,2019-12-15,2019_15_MIN_LAC,MIN,LAC,Kirk Cousins,CousKi00,00-0029604,STATHEAD_QB_STARTED_QUERY,Stage01 canonical reconciliation rank 2941,STATHEAD_UNAMBIGUOUS_SINGLE_CANDIDATE,False,CREDITED,Philip Rivers,RivePh00,00-0022942,STATHEAD_QB_STARTED_QUERY,Stage01 canonical reconciliation rank 2955,STATHEAD_UNAMBIGUOUS_SINGLE_CANDIDATE,False,CREDITED,POSTGAME_ACTUAL_STARTER,ORACLE_STARTER_IDENTITY_ONLY,False
2019,15,REG,2019-12-15,2019_15_NE_CIN,NE,CIN,Tom Brady,BradTo00,00-0019596,STATHEAD_QB_STARTED_QUERY,Stage01 canonical reconciliation rank 2939,STATHEAD_UNAMBIGUOUS_SINGLE_CANDIDATE,False,CREDITED,Andy Dalton,DaltAn00,00-0027973,STATHEAD_QB_STARTED_QUERY,Stage01 canonical reconciliation rank 2942,STATHEAD_UNAMBIGUOUS_SINGLE_CANDIDATE,False,CREDITED,POSTGAME_ACTUAL_STARTER,ORACLE_STARTER_IDENTITY_ONLY,False
2019,15,REG,2019-12-12,2019_15_NYJ_BAL,NYJ,BAL,Sam Darnold,DarnSa00,00-0034869,STATHEAD_QB_STARTED_QUERY,Stage01 canonical reconciliation rank 2964,STATHEAD_UNAMBIGUOUS_SINGLE_CANDIDATE,False,CREDITED,Lamar Jackson,JackLa00,00-0034796,STATHEAD_QB_STARTED_QUERY,Stage01 canonical reconciliation rank 2965,STATHEAD_UNAMBIGUOUS_SINGLE_CANDIDATE,False,CREDITED,POSTGAME_ACTUAL_STARTER,ORACLE_STARTER_IDENTITY_ONLY,False
2019,15,REG,2019-12-15,2019_15_PHI_WAS,PHI,WAS,Carson Wentz,WentCa00,00-0032950,STATHEAD_QB_STARTED_QUERY,Stage01 canonical reconciliation rank 2961,STATHEAD_UNAMBIGUOUS_SINGLE_CANDIDATE,False,CREDITED,Dwayne Haskins,HaskDw00,00-0035232,STATHEAD_QB_STARTED_QUERY,Stage01 canonical reconciliation rank 2946,STATHEAD_UNAMBIGUOUS_SINGLE_CANDIDATE,False,CREDITED,POSTGAME_ACTUAL_STARTER,ORACLE_STARTER_IDENTITY_ONLY,False
2019,15,REG,2019-12-15,2019_15_SEA_CAR,SEA,CAR,Russell Wilson,WilsRu00,00-0029263,STATHEAD_QB_STARTED_QUERY,Stage01 canonical reconciliation rank 2962,STATHEAD_UNAMBIGUOUS_SINGLE_CANDIDATE,False,CREDITED,Kyle Allen,AlleKy00,00-0034577,STATHEAD_QB_STARTED_QUERY,Stage01 canonical reconciliation rank 2937,STATHEAD_UNAMBIGUOUS_SINGLE_CANDIDATE,False,CREDITED,POSTGAME_ACTUAL_STARTER,ORACLE_STARTER_IDENTITY_ONLY,False
2019,15,REG,2019-12-15,2019_15_TB_DET,TB,DET,Jameis Winston,WinsJa00,00-0031503,STATHEAD_QB_STARTED_QUERY,Stage01 canonical reconciliation rank 2963,STATHEAD_UNAMBIGUOUS_SINGLE_CANDIDATE,False,CREDITED,David Blough,BlouDa00,00-0035040,STATHEAD_QB_STARTED_QUERY,Stage01 canonical reconciliation rank 2938,STATHEAD_UNAMBIGUOUS_SINGLE_CANDIDATE,False,CREDITED,POSTGAME_ACTUAL_STARTER,ORACLE_STARTER_IDENTITY_ONLY,False
2019,16,REG,2019-12-22,2019_16_ARI_SEA,ARI,SEA,Kyler Murray,MurrKy00,00-0035228,STATHEAD_QB_STARTED_QUERY,Stage01 canonical reconciliation rank 2919,STATHEAD_UNAMBIGUOUS_SINGLE_CANDIDATE,False,CREDITED,Russell Wilson,WilsRu00,00-0029263,STATHEAD_QB_STARTED_QUERY,Stage01 canonical reconciliation rank 2926,STATHEAD_UNAMBIGUOUS_SINGLE_CANDIDATE,False,CREDITED,POSTGAME_ACTUAL_STARTER,ORACLE_STARTER_IDENTITY_ONLY,False
2019,16,REG,2019-12-22,2019_16_BAL_CLE,BAL,CLE,Lamar Jackson,JackLa00,00-0034796,STATHEAD_QB_STARTED_QUERY,Stage01 canonical reconciliation rank 2913,STATHEAD_UNAMBIGUOUS_SINGLE_CANDIDATE,False,CREDITED,Baker Mayfield,MayfBa00,00-0034855,STATHEAD_QB_STARTED_QUERY,Stage01 canonical reconciliation rank 2917,STATHEAD_UNAMBIGUOUS_SINGLE_CANDIDATE,False,CREDITED,POSTGAME_ACTUAL_STARTER,ORACLE_STARTER_IDENTITY_ONLY,False
2019,16,REG,2019-12-21,2019_16_BUF_NE,BUF,NE,Josh Allen,AlleJo02,00-0034857,STATHEAD_QB_STARTED_QUERY,Stage01 canonical reconciliation rank 2927,STATHEAD_UNAMBIGUOUS_SINGLE_CANDIDATE,False,CREDITED,Tom Brady,BradTo00,00-0019596,STATHEAD_QB_STARTED_QUERY,Stage01 canonical reconciliation rank 2928,STATHEAD_UNAMBIGUOUS_SINGLE_CANDIDATE,False,CREDITED,POSTGAME_ACTUAL_STARTER,ORACLE_STARTER_IDENTITY_ONLY,False
2019,16,REG,2019-12-22,2019_16_CAR_IND,CAR,IND,Will Grier,GrieWi00,00-0035251,STATHEAD_QB_STARTED_QUERY,Stage01 canonical reconciliation rank 2909,STATHEAD_UNAMBIGUOUS_SINGLE_CANDIDATE,False,CREDITED,Jacoby Brissett,BrisJa00,00-0033119,STATHEAD_QB_STARTED_QUERY,Stage01 canonical reconciliation rank 2904,STATHEAD_UNAMBIGUOUS_SINGLE_CANDIDATE,False,CREDITED,POSTGAME_ACTUAL_STARTER,ORACLE_STARTER_IDENTITY_ONLY,False
2019,16,REG,2019-12-22,2019_16_CIN_MIA,CIN,MIA,Andy Dalton,DaltAn00,00-0027973,STATHEAD_QB_STARTED_QUERY,Stage01 canonical reconciliation rank 2906,STATHEAD_UNAMBIGUOUS_SINGLE_CANDIDATE,False,CREDITED,Ryan Fitzpatrick,FitzRy00,00-0023682,STATHEAD_QB_STARTED_QUERY,Stage01 canonical reconciliation rank 2908,STATHEAD_UNAMBIGUOUS_SINGLE_CANDIDATE,False,CREDITED,POSTGAME_ACTUAL_STARTER,ORACLE_STARTER_IDENTITY_ONLY,False
2019,16,REG,2019-12-22,2019_16_DAL_PHI,DAL,PHI,Dak Prescott,PresDa01,00-0033077,STATHEAD_QB_STARTED_QUERY,Stage01 canonical reconciliation rank 2920,STATHEAD_UNAMBIGUOUS_SINGLE_CANDIDATE,False,CREDITED,Carson Wentz,WentCa00,00-0032950,STATHEAD_QB_STARTED_QUERY,Stage01 canonical reconciliation rank 2925,STATHEAD_UNAMBIGUOUS_SINGLE_CANDIDATE,False,CREDITED,POSTGAME_ACTUAL_STARTER,ORACLE_STARTER_IDENTITY_ONLY,False
2019,16,REG,2019-12-22,2019_16_DET_DEN,DET,DEN,David Blough,BlouDa00,00-0035040,STATHEAD_QB_STARTED_QUERY,Stage01 canonical reconciliation rank 2902,STATHEAD_UNAMBIGUOUS_SINGLE_CANDIDATE,False,CREDITED,Drew Lock,LockDr00,00-0035704,STATHEAD_QB_STARTED_QUERY,Stage01 canonical reconciliation rank 2915,STATHEAD_UNAMBIGUOUS_SINGLE_CANDIDATE,False,CREDITED,POSTGAME_ACTUAL_STARTER,ORACLE_STARTER_IDENTITY_ONLY,False
2019,16,REG,2019-12-23,2019_16_GB_MIN,GB,MIN,Aaron Rodgers,RodgAa00,00-0023459,STATHEAD_QB_STARTED_QUERY,Stage01 canonical reconciliation rank 2901,STATHEAD_UNAMBIGUOUS_SINGLE_CANDIDATE,False,CREDITED,Kirk Cousins,CousKi00,00-0029604,STATHEAD_QB_STARTED_QUERY,Stage01 canonical reconciliation rank 2900,STATHEAD_UNAMBIGUOUS_SINGLE_CANDIDATE,False,CREDITED,POSTGAME_ACTUAL_STARTER,ORACLE_STARTER_IDENTITY_ONLY,False
2019,16,REG,2019-12-21,2019_16_HOU_TB,HOU,TB,Deshaun Watson,WatsDe00,00-0033537,STATHEAD_QB_STARTED_QUERY,Stage01 canonical reconciliation rank 2931,STATHEAD_UNAMBIGUOUS_SINGLE_CANDIDATE,False,CREDITED,Jameis Winston,WinsJa00,00-0031503,STATHEAD_QB_STARTED_QUERY,Stage01 canonical reconciliation rank 2932,STATHEAD_UNAMBIGUOUS_SINGLE_CANDIDATE,False,CREDITED,POSTGAME_ACTUAL_STARTER,ORACLE_STARTER_IDENTITY_ONLY,False
2019,16,REG,2019-12-22,2019_16_JAX_ATL,JAX,ATL,Gardner Minshew II,MinsGa00,00-0035289,STATHEAD_QB_STARTED_QUERY,Stage01 canonical reconciliation rank 2918,STATHEAD_UNAMBIGUOUS_SINGLE_CANDIDATE,False,CREDITED,Matt Ryan,RyanMa00,00-0026143,STATHEAD_QB_STARTED_QUERY,Stage01 canonical reconciliation rank 2922,STATHEAD_UNAMBIGUOUS_SINGLE_CANDIDATE,False,CREDITED,POSTGAME_ACTUAL_STARTER,ORACLE_STARTER_IDENTITY_ONLY,False
2019,16,REG,2019-12-22,2019_16_KC_CHI,KC,CHI,Patrick Mahomes,MahoPa00,00-0033873,STATHEAD_QB_STARTED_QUERY,Stage01 canonical reconciliation rank 2916,STATHEAD_UNAMBIGUOUS_SINGLE_CANDIDATE,False,CREDITED,Mitchell Trubisky,TrubMi00,00-0033869,STATHEAD_QB_STARTED_QUERY,Stage01 canonical reconciliation rank 2924,STATHEAD_UNAMBIGUOUS_SINGLE_CANDIDATE,False,CREDITED,POSTGAME_ACTUAL_STARTER,ORACLE_STARTER_IDENTITY_ONLY,False
2019,16,REG,2019-12-21,2019_16_LA_SF,LAR,SF,Jared Goff,GoffJa00,00-0033106,STATHEAD_QB_STARTED_QUERY,Stage01 canonical reconciliation rank 2930,STATHEAD_UNAMBIGUOUS_SINGLE_CANDIDATE,False,CREDITED,Jimmy Garoppolo,GaroJi00,00-0031345,STATHEAD_QB_STARTED_QUERY,Stage01 canonical reconciliation rank 2929,STATHEAD_UNAMBIGUOUS_SINGLE_CANDIDATE,False,CREDITED,POSTGAME_ACTUAL_STARTER,ORACLE_STARTER_IDENTITY_ONLY,False
2019,16,REG,2019-12-22,2019_16_NO_TEN,NO,TEN,Drew Brees,BreeDr00,00-0020531,VALIDATED_MANUAL_WEB_RESEARCH,,VALIDATED_MANUAL_WEB_EXCEPTION,False,CREDITED,Ryan Tannehill,TannRy00,00-0029701,STATHEAD_QB_STARTED_QUERY,Stage01 canonical reconciliation rank 2923,STATHEAD_UNAMBIGUOUS_SINGLE_CANDIDATE,False,CREDITED,POSTGAME_ACTUAL_STARTER,ORACLE_STARTER_IDENTITY_ONLY,False
2019,16,REG,2019-12-22,2019_16_NYG_WAS,NYG,WAS,Daniel Jones,JoneDa05,00-0035710,STATHEAD_QB_STARTED_QUERY,Stage01 canonical reconciliation rank 2914,STATHEAD_UNAMBIGUOUS_SINGLE_CANDIDATE,False,CREDITED,Dwayne Haskins,HaskDw00,00-0035232,STATHEAD_QB_STARTED_QUERY,Stage01 canonical reconciliation rank 2910,STATHEAD_UNAMBIGUOUS_SINGLE_CANDIDATE,False,CREDITED,POSTGAME_ACTUAL_STARTER,ORACLE_STARTER_IDENTITY_ONLY,False
2019,16,REG,2019-12-22,2019_16_OAK_LAC,LV,LAC,Derek Carr,CarrDe02,00-0031280,STATHEAD_QB_STARTED_QUERY,Stage01 canonical reconciliation rank 2905,STATHEAD_UNAMBIGUOUS_SINGLE_CANDIDATE,False,CREDITED,Philip Rivers,RivePh00,00-0022942,STATHEAD_QB_STARTED_QUERY,Stage01 canonical reconciliation rank 2921,STATHEAD_UNAMBIGUOUS_SINGLE_CANDIDATE,False,CREDITED,POSTGAME_ACTUAL_STARTER,ORACLE_STARTER_IDENTITY_ONLY,False
2019,16,REG,2019-12-22,2019_16_PIT_NYJ,PIT,NYJ,Devlin Hodges,HodgDe00,00-0035577,STATHEAD_QB_STARTED_QUERY,Stage01 canonical reconciliation rank 2912,STATHEAD_UNAMBIGUOUS_SINGLE_CANDIDATE,False,CREDITED,Sam Darnold,DarnSa00,00-0034869,STATHEAD_QB_STARTED_QUERY,Stage01 canonical reconciliation rank 2907,STATHEAD_UNAMBIGUOUS_SINGLE_CANDIDATE,False,CREDITED,POSTGAME_ACTUAL_STARTER,ORACLE_STARTER_IDENTITY_ONLY,False
2019,17,REG,2019-12-29,2019_17_ARI_LA,ARI,LAR,Kyler Murray,MurrKy00,00-0035228,STATHEAD_QB_STARTED_QUERY,Stage01 canonical reconciliation rank 2890,STATHEAD_UNAMBIGUOUS_SINGLE_CANDIDATE,False,CREDITED,Jared Goff,GoffJa00,00-0033106,STATHEAD_QB_STARTED_QUERY,Stage01 canonical reconciliation rank 2877,STATHEAD_UNAMBIGUOUS_SINGLE_CANDIDATE,False,CREDITED,POSTGAME_ACTUAL_STARTER,ORACLE_STARTER_IDENTITY_ONLY,False
2019,17,REG,2019-12-29,2019_17_ATL_TB,ATL,TB,Matt Ryan,RyanMa00,00-0026143,STATHEAD_QB_STARTED_QUERY,Stage01 canonical reconciliation rank 2894,STATHEAD_UNAMBIGUOUS_SINGLE_CANDIDATE,False,CREDITED,Jameis Winston,WinsJa00,00-0031503,STATHEAD_QB_STARTED_QUERY,Stage01 canonical reconciliation rank 2899,STATHEAD_UNAMBIGUOUS_SINGLE_CANDIDATE,False,CREDITED,POSTGAME_ACTUAL_STARTER,ORACLE_STARTER_IDENTITY_ONLY,False
2019,17,REG,2019-12-29,2019_17_CHI_MIN,CHI,MIN,Mitchell Trubisky,TrubMi00,00-0033869,STATHEAD_QB_STARTED_QUERY,Stage01 canonical reconciliation rank 2896,STATHEAD_UNAMBIGUOUS_SINGLE_CANDIDATE,False,CREDITED,Sean Mannion,MannSe00,00-0032245,STATHEAD_QB_STARTED_QUERY,Stage01 canonical reconciliation rank 2886,STATHEAD_UNAMBIGUOUS_SINGLE_CANDIDATE,False,CREDITED,POSTGAME_ACTUAL_STARTER,ORACLE_STARTER_IDENTITY_ONLY,False
2019,17,REG,2019-12-29,2019_17_CLE_CIN,CLE,CIN,Baker Mayfield,MayfBa00,00-0034855,STATHEAD_QB_STARTED_QUERY,Stage01 canonical reconciliation rank 2887,STATHEAD_UNAMBIGUOUS_SINGLE_CANDIDATE,False,CREDITED,Andy Dalton,DaltAn00,00-0027973,STATHEAD_QB_STARTED_QUERY,Stage01 canonical reconciliation rank 2873,STATHEAD_UNAMBIGUOUS_SINGLE_CANDIDATE,False,CREDITED,POSTGAME_ACTUAL_STARTER,ORACLE_STARTER_IDENTITY_ONLY,False
2019,17,REG,2019-12-29,2019_17_GB_DET,GB,DET,Aaron Rodgers,RodgAa00,00-0023459,STATHEAD_QB_STARTED_QUERY,Stage01 canonical reconciliation rank 2893,STATHEAD_UNAMBIGUOUS_SINGLE_CANDIDATE,False,CREDITED,David Blough,BlouDa00,00-0035040,STATHEAD_QB_STARTED_QUERY,Stage01 canonical reconciliation rank 2868,STATHEAD_UNAMBIGUOUS_SINGLE_CANDIDATE,False,CREDITED,POSTGAME_ACTUAL_STARTER,ORACLE_STARTER_IDENTITY_ONLY,False
2019,17,REG,2019-12-29,2019_17_IND_JAX,IND,JAX,Jacoby Brissett,BrisJa00,00-0033119,STATHEAD_QB_STARTED_QUERY,Stage01 canonical reconciliation rank 2871,STATHEAD_UNAMBIGUOUS_SINGLE_CANDIDATE,False,CREDITED,Gardner Minshew II,MinsGa00,00-0035289,STATHEAD_QB_STARTED_QUERY,Stage01 canonical reconciliation rank 2889,STATHEAD_UNAMBIGUOUS_SINGLE_CANDIDATE,False,CREDITED,POSTGAME_ACTUAL_STARTER,ORACLE_STARTER_IDENTITY_ONLY,False
2019,17,REG,2019-12-29,2019_17_LAC_KC,LAC,KC,Philip Rivers,RivePh00,00-0022942,STATHEAD_QB_STARTED_QUERY,Stage01 canonical reconciliation rank 2892,STATHEAD_UNAMBIGUOUS_SINGLE_CANDIDATE,False,CREDITED,Patrick Mahomes,MahoPa00,00-0033873,STATHEAD_QB_STARTED_QUERY,Stage01 canonical reconciliation rank 2885,STATHEAD_UNAMBIGUOUS_SINGLE_CANDIDATE,False,CREDITED,POSTGAME_ACTUAL_STARTER,ORACLE_STARTER_IDENTITY_ONLY,False
2019,17,REG,2019-12-29,2019_17_MIA_NE,MIA,NE,Ryan Fitzpatrick,FitzRy00,00-0023682,STATHEAD_QB_STARTED_QUERY,Stage01 canonical reconciliation rank 2875,STATHEAD_UNAMBIGUOUS_SINGLE_CANDIDATE,False,CREDITED,Tom Brady,BradTo00,00-0019596,STATHEAD_QB_STARTED_QUERY,Stage01 canonical reconciliation rank 2869,STATHEAD_UNAMBIGUOUS_SINGLE_CANDIDATE,False,CREDITED,POSTGAME_ACTUAL_STARTER,ORACLE_STARTER_IDENTITY_ONLY,False
2019,17,REG,2019-12-29,2019_17_NO_CAR,NO,CAR,Drew Brees,BreeDr00,00-0020531,VALIDATED_MANUAL_WEB_RESEARCH,,VALIDATED_MANUAL_WEB_EXCEPTION,False,CREDITED,Will Grier,GrieWi00,00-0035251,STATHEAD_QB_STARTED_QUERY,Stage01 canonical reconciliation rank 2878,STATHEAD_UNAMBIGUOUS_SINGLE_CANDIDATE,False,CREDITED,POSTGAME_ACTUAL_STARTER,ORACLE_STARTER_IDENTITY_ONLY,False
2019,17,REG,2019-12-29,2019_17_NYJ_BUF,NYJ,BUF,Sam Darnold,DarnSa00,00-0034869,STATHEAD_QB_STARTED_QUERY,Stage01 canonical reconciliation rank 2874,STATHEAD_UNAMBIGUOUS_SINGLE_CANDIDATE,False,CREDITED,Josh Allen,AlleJo02,00-0034857,STATHEAD_QB_STARTED_QUERY,Stage01 canonical reconciliation rank 2867,STATHEAD_UNAMBIGUOUS_SINGLE_CANDIDATE,False,CREDITED,POSTGAME_ACTUAL_STARTER,ORACLE_STARTER_IDENTITY_ONLY,False
2019,17,REG,2019-12-29,2019_17_OAK_DEN,LV,DEN,Derek Carr,CarrDe02,00-0031280,STATHEAD_QB_STARTED_QUERY,Stage01 canonical reconciliation rank 2872,STATHEAD_UNAMBIGUOUS_SINGLE_CANDIDATE,False,CREDITED,Drew Lock,LockDr00,00-0035704,STATHEAD_QB_STARTED_QUERY,Stage01 canonical reconciliation rank 2884,STATHEAD_UNAMBIGUOUS_SINGLE_CANDIDATE,False,CREDITED,POSTGAME_ACTUAL_STARTER,ORACLE_STARTER_IDENTITY_ONLY,False
2019,17,REG,2019-12-29,2019_17_PHI_NYG,PHI,NYG,Carson Wentz,WentCa00,00-0032950,STATHEAD_QB_STARTED_QUERY,Stage01 canonical reconciliation rank 2897,STATHEAD_UNAMBIGUOUS_SINGLE_CANDIDATE,False,CREDITED,Daniel Jones,JoneDa05,00-0035710,STATHEAD_QB_STARTED_QUERY,Stage01 canonical reconciliation rank 2882,STATHEAD_UNAMBIGUOUS_SINGLE_CANDIDATE,False,CREDITED,POSTGAME_ACTUAL_STARTER,ORACLE_STARTER_IDENTITY_ONLY,False
2019,17,REG,2019-12-29,2019_17_PIT_BAL,PIT,BAL,Devlin Hodges,HodgDe00,00-0035577,STATHEAD_QB_STARTED_QUERY,Stage01 canonical reconciliation rank 2881,STATHEAD_UNAMBIGUOUS_SINGLE_CANDIDATE,False,CREDITED,Robert Griffin III,GrifRo01,00-0029665,STATHEAD_QB_STARTED_QUERY,Stage01 canonical reconciliation rank 2879,STATHEAD_UNAMBIGUOUS_SINGLE_CANDIDATE,False,CREDITED,POSTGAME_ACTUAL_STARTER,ORACLE_STARTER_IDENTITY_ONLY,False
2019,17,REG,2019-12-29,2019_17_SF_SEA,SF,SEA,Jimmy Garoppolo,GaroJi00,00-0031345,STATHEAD_QB_STARTED_QUERY,Stage01 canonical reconciliation rank 2876,STATHEAD_UNAMBIGUOUS_SINGLE_CANDIDATE,False,CREDITED,Russell Wilson,WilsRu00,00-0029263,STATHEAD_QB_STARTED_QUERY,Stage01 canonical reconciliation rank 2898,STATHEAD_UNAMBIGUOUS_SINGLE_CANDIDATE,False,CREDITED,POSTGAME_ACTUAL_STARTER,ORACLE_STARTER_IDENTITY_ONLY,False
2019,17,REG,2019-12-29,2019_17_TEN_HOU,TEN,HOU,Ryan Tannehill,TannRy00,00-0029701,STATHEAD_QB_STARTED_QUERY,Stage01 canonical reconciliation rank 2895,STATHEAD_UNAMBIGUOUS_SINGLE_CANDIDATE,False,CREDITED,A.J. McCarron,McCaA.00,00-0031288,STATHEAD_QB_STARTED_QUERY,Stage01 canonical reconciliation rank 2888,STATHEAD_UNAMBIGUOUS_SINGLE_CANDIDATE,False,CREDITED,POSTGAME_ACTUAL_STARTER,ORACLE_STARTER_IDENTITY_ONLY,False
2019,17,REG,2019-12-29,2019_17_WAS_DAL,WAS,DAL,Case Keenum,KeenCa00,00-0028986,STATHEAD_QB_STARTED_QUERY,Stage01 canonical reconciliation rank 2883,STATHEAD_UNAMBIGUOUS_SINGLE_CANDIDATE,False,CREDITED,Dak Prescott,PresDa01,00-0033077,STATHEAD_QB_STARTED_QUERY,Stage01 canonical reconciliation rank 2891,STATHEAD_UNAMBIGUOUS_SINGLE_CANDIDATE,False,CREDITED,POSTGAME_ACTUAL_STARTER,ORACLE_STARTER_IDENTITY_ONLY,False
2019,18,WC,2020-01-04,2019_18_BUF_HOU,BUF,HOU,Josh Allen,AlleJo02,00-0034857,STATHEAD_QB_STARTED_QUERY,Stage01 canonical reconciliation rank 2863,STATHEAD_UNAMBIGUOUS_SINGLE_CANDIDATE,False,CREDITED,Deshaun Watson,WatsDe00,00-0033537,STATHEAD_QB_STARTED_QUERY,Stage01 canonical reconciliation rank 2866,STATHEAD_UNAMBIGUOUS_SINGLE_CANDIDATE,False,CREDITED,POSTGAME_ACTUAL_STARTER,ORACLE_STARTER_IDENTITY_ONLY,True
2019,18,WC,2020-01-05,2019_18_MIN_NO,MIN,NO,Kirk Cousins,CousKi00,00-0029604,STATHEAD_QB_STARTED_QUERY,Stage01 canonical reconciliation rank 2859,STATHEAD_UNAMBIGUOUS_SINGLE_CANDIDATE,False,CREDITED,Drew Brees,BreeDr00,00-0020531,VALIDATED_MANUAL_WEB_RESEARCH,,VALIDATED_MANUAL_WEB_EXCEPTION,False,CREDITED,POSTGAME_ACTUAL_STARTER,ORACLE_STARTER_IDENTITY_ONLY,True
2019,18,WC,2020-01-05,2019_18_SEA_PHI,SEA,PHI,Russell Wilson,WilsRu00,00-0029263,STATHEAD_QB_STARTED_QUERY,Stage01 canonical reconciliation rank 2862,STATHEAD_UNAMBIGUOUS_SINGLE_CANDIDATE,False,CREDITED,Carson Wentz,WentCa00,00-0032950,STATHEAD_QB_STARTED_QUERY,Stage01 canonical reconciliation rank 2861,STATHEAD_UNAMBIGUOUS_SINGLE_CANDIDATE,False,CREDITED,POSTGAME_ACTUAL_STARTER,ORACLE_STARTER_IDENTITY_ONLY,True
2019,18,WC,2020-01-04,2019_18_TEN_NE,TEN,NE,Ryan Tannehill,TannRy00,00-0029701,STATHEAD_QB_STARTED_QUERY,Stage01 canonical reconciliation rank 2865,STATHEAD_UNAMBIGUOUS_SINGLE_CANDIDATE,False,CREDITED,Tom Brady,BradTo00,00-0019596,STATHEAD_QB_STARTED_QUERY,Stage01 canonical reconciliation rank 2864,STATHEAD_UNAMBIGUOUS_SINGLE_CANDIDATE,False,CREDITED,POSTGAME_ACTUAL_STARTER,ORACLE_STARTER_IDENTITY_ONLY,True
2019,19,DIV,2020-01-12,2019_19_HOU_KC,HOU,KC,Deshaun Watson,WatsDe00,00-0033537,STATHEAD_QB_STARTED_QUERY,Stage01 canonical reconciliation rank 2852,STATHEAD_UNAMBIGUOUS_SINGLE_CANDIDATE,False,CREDITED,Patrick Mahomes,MahoPa00,00-0033873,STATHEAD_QB_STARTED_QUERY,Stage01 canonical reconciliation rank 2850,STATHEAD_UNAMBIGUOUS_SINGLE_CANDIDATE,False,CREDITED,POSTGAME_ACTUAL_STARTER,ORACLE_STARTER_IDENTITY_ONLY,True
2019,19,DIV,2020-01-11,2019_19_MIN_SF,MIN,SF,Kirk Cousins,CousKi00,00-0029604,STATHEAD_QB_STARTED_QUERY,Stage01 canonical reconciliation rank 2854,STATHEAD_UNAMBIGUOUS_SINGLE_CANDIDATE,False,CREDITED,Jimmy Garoppolo,GaroJi00,00-0031345,STATHEAD_QB_STARTED_QUERY,Stage01 canonical reconciliation rank 2855,STATHEAD_UNAMBIGUOUS_SINGLE_CANDIDATE,False,CREDITED,POSTGAME_ACTUAL_STARTER,ORACLE_STARTER_IDENTITY_ONLY,True
2019,19,DIV,2020-01-12,2019_19_SEA_GB,SEA,GB,Russell Wilson,WilsRu00,00-0029263,STATHEAD_QB_STARTED_QUERY,Stage01 canonical reconciliation rank 2853,STATHEAD_UNAMBIGUOUS_SINGLE_CANDIDATE,False,CREDITED,Aaron Rodgers,RodgAa00,00-0023459,STATHEAD_QB_STARTED_QUERY,Stage01 canonical reconciliation rank 2851,STATHEAD_UNAMBIGUOUS_SINGLE_CANDIDATE,False,CREDITED,POSTGAME_ACTUAL_STARTER,ORACLE_STARTER_IDENTITY_ONLY,True
2019,19,DIV,2020-01-11,2019_19_TEN_BAL,TEN,BAL,Ryan Tannehill,TannRy00,00-0029701,STATHEAD_QB_STARTED_QUERY,Stage01 canonical reconciliation rank 2857,STATHEAD_UNAMBIGUOUS_SINGLE_CANDIDATE,False,CREDITED,Lamar Jackson,JackLa00,00-0034796,STATHEAD_QB_STARTED_QUERY,Stage01 canonical reconciliation rank 2856,STATHEAD_UNAMBIGUOUS_SINGLE_CANDIDATE,False,CREDITED,POSTGAME_ACTUAL_STARTER,ORACLE_STARTER_IDENTITY_ONLY,True
2019,20,CON,2020-01-19,2019_20_GB_SF,GB,SF,Aaron Rodgers,RodgAa00,00-0023459,STATHEAD_QB_STARTED_QUERY,Stage01 canonical reconciliation rank 2848,STATHEAD_UNAMBIGUOUS_SINGLE_CANDIDATE,False,CREDITED,Jimmy Garoppolo,GaroJi00,00-0031345,STATHEAD_QB_STARTED_QUERY,Stage01 canonical reconciliation rank 2846,STATHEAD_UNAMBIGUOUS_SINGLE_CANDIDATE,False,CREDITED,POSTGAME_ACTUAL_STARTER,ORACLE_STARTER_IDENTITY_ONLY,True
2019,20,CON,2020-01-19,2019_20_TEN_KC,TEN,KC,Ryan Tannehill,TannRy00,00-0029701,STATHEAD_QB_STARTED_QUERY,Stage01 canonical reconciliation rank 2849,STATHEAD_UNAMBIGUOUS_SINGLE_CANDIDATE,False,CREDITED,Patrick Mahomes,MahoPa00,00-0033873,STATHEAD_QB_STARTED_QUERY,Stage01 canonical reconciliation rank 2847,STATHEAD_UNAMBIGUOUS_SINGLE_CANDIDATE,False,CREDITED,POSTGAME_ACTUAL_STARTER,ORACLE_STARTER_IDENTITY_ONLY,True
2019,21,SB,2020-02-02,2019_21_SF_KC,SF,KC,Jimmy Garoppolo,GaroJi00,00-0031345,STATHEAD_QB_STARTED_QUERY,Stage01 canonical reconciliation rank 2844,STATHEAD_UNAMBIGUOUS_SINGLE_CANDIDATE,False,CREDITED,Patrick Mahomes,MahoPa00,00-0033873,STATHEAD_QB_STARTED_QUERY,Stage01 canonical reconciliation rank 2845,STATHEAD_UNAMBIGUOUS_SINGLE_CANDIDATE,False,CREDITED,POSTGAME_ACTUAL_STARTER,ORACLE_STARTER_IDENTITY_ONLY,True
2020,1,REG,2020-09-13,2020_01_ARI_SF,ARI,SF,Kyler Murray,MurrKy00,00-0035228,STATHEAD_QB_STARTED_QUERY,Stage01 canonical reconciliation rank 2831,STATHEAD_UNAMBIGUOUS_SINGLE_CANDIDATE,False,CREDITED,Jimmy Garoppolo,GaroJi00,00-0031345,STATHEAD_QB_STARTED_QUERY,Stage01 canonical reconciliation rank 2824,STATHEAD_UNAMBIGUOUS_SINGLE_CANDIDATE,False,CREDITED,POSTGAME_ACTUAL_STARTER,ORACLE_STARTER_IDENTITY_ONLY,False
2020,1,REG,2020-09-13,2020_01_CHI_DET,CHI,DET,Mitchell Trubisky,TrubMi00,00-0033869,STATHEAD_QB_STARTED_QUERY,Stage01 canonical reconciliation rank 2839,STATHEAD_UNAMBIGUOUS_SINGLE_CANDIDATE,False,CREDITED,Matthew Stafford,StafMa00,00-0026498,STATHEAD_QB_STARTED_QUERY,Stage01 canonical reconciliation rank 2837,STATHEAD_UNAMBIGUOUS_SINGLE_CANDIDATE,False,CREDITED,POSTGAME_ACTUAL_STARTER,ORACLE_STARTER_IDENTITY_ONLY,False
2020,1,REG,2020-09-13,2020_01_CLE_BAL,CLE,BAL,Baker Mayfield,MayfBa00,00-0034855,STATHEAD_QB_STARTED_QUERY,Stage01 canonical reconciliation rank 2829,STATHEAD_UNAMBIGUOUS_SINGLE_CANDIDATE,False,CREDITED,Lamar Jackson,JackLa00,00-0034796,STATHEAD_QB_STARTED_QUERY,Stage01 canonical reconciliation rank 2828,STATHEAD_UNAMBIGUOUS_SINGLE_CANDIDATE,False,CREDITED,POSTGAME_ACTUAL_STARTER,ORACLE_STARTER_IDENTITY_ONLY,False
2020,1,REG,2020-09-13,2020_01_DAL_LA,DAL,LAR,Dak Prescott,PresDa01,00-0033077,STATHEAD_QB_STARTED_QUERY,Stage01 canonical reconciliation rank 2833,STATHEAD_UNAMBIGUOUS_SINGLE_CANDIDATE,False,CREDITED,Jared Goff,GoffJa00,00-0033106,STATHEAD_QB_STARTED_QUERY,Stage01 canonical reconciliation rank 2825,STATHEAD_UNAMBIGUOUS_SINGLE_CANDIDATE,False,CREDITED,POSTGAME_ACTUAL_STARTER,ORACLE_STARTER_IDENTITY_ONLY,False
2020,1,REG,2020-09-13,2020_01_GB_MIN,GB,MIN,Aaron Rodgers,RodgAa00,00-0023459,STATHEAD_QB_STARTED_QUERY,Stage01 canonical reconciliation rank 2835,STATHEAD_UNAMBIGUOUS_SINGLE_CANDIDATE,False,CREDITED,Kirk Cousins,CousKi00,00-0029604,STATHEAD_QB_STARTED_QUERY,Stage01 canonical reconciliation rank 2821,STATHEAD_UNAMBIGUOUS_SINGLE_CANDIDATE,False,CREDITED,POSTGAME_ACTUAL_STARTER,ORACLE_STARTER_IDENTITY_ONLY,False
2020,1,REG,2020-09-10,2020_01_HOU_KC,HOU,KC,Deshaun Watson,WatsDe00,00-0033537,STATHEAD_QB_STARTED_QUERY,Stage01 canonical reconciliation rank 2843,STATHEAD_UNAMBIGUOUS_SINGLE_CANDIDATE,False,CREDITED,Patrick Mahomes,MahoPa00,00-0033873,STATHEAD_QB_STARTED_QUERY,Stage01 canonical reconciliation rank 2842,STATHEAD_UNAMBIGUOUS_SINGLE_CANDIDATE,False,CREDITED,POSTGAME_ACTUAL_STARTER,ORACLE_STARTER_IDENTITY_ONLY,False
2020,1,REG,2020-09-13,2020_01_IND_JAX,IND,JAX,Philip Rivers,RivePh00,00-0022942,STATHEAD_QB_STARTED_QUERY,Stage01 canonical reconciliation rank 2834,STATHEAD_UNAMBIGUOUS_SINGLE_CANDIDATE,False,CREDITED,Gardner Minshew II,MinsGa00,00-0035289,STATHEAD_QB_STARTED_QUERY,Stage01 canonical reconciliation rank 2830,STATHEAD_UNAMBIGUOUS_SINGLE_CANDIDATE,False,CREDITED,POSTGAME_ACTUAL_STARTER,ORACLE_STARTER_IDENTITY_ONLY,False
2020,1,REG,2020-09-13,2020_01_LAC_CIN,LAC,CIN,Tyrod Taylor,TaylTy00,00-0028118,STATHEAD_QB_STARTED_QUERY,Stage01 canonical reconciliation rank 2838,STATHEAD_UNAMBIGUOUS_SINGLE_CANDIDATE,False,CREDITED,Joe Burrow,BurrJo01,00-0036442,STATHEAD_QB_STARTED_QUERY,Stage01 canonical reconciliation rank 2819,STATHEAD_UNAMBIGUOUS_SINGLE_CANDIDATE,False,CREDITED,POSTGAME_ACTUAL_STARTER,ORACLE_STARTER_IDENTITY_ONLY,False
2020,1,REG,2020-09-13,2020_01_LV_CAR,LV,CAR,Derek Carr,CarrDe02,00-0031280,STATHEAD_QB_STARTED_QUERY,Stage01 canonical reconciliation rank 2820,STATHEAD_UNAMBIGUOUS_SINGLE_CANDIDATE,False,CREDITED,Teddy Bridgewater,BridTe00,00-0031237,STATHEAD_QB_STARTED_QUERY,Stage01 canonical reconciliation rank 2818,STATHEAD_UNAMBIGUOUS_SINGLE_CANDIDATE,False,CREDITED,POSTGAME_ACTUAL_STARTER,ORACLE_STARTER_IDENTITY_ONLY,False
2020,1,REG,2020-09-13,2020_01_MIA_NE,MIA,NE,Ryan Fitzpatrick,FitzRy00,00-0023682,STATHEAD_QB_STARTED_QUERY,Stage01 canonical reconciliation rank 2823,STATHEAD_UNAMBIGUOUS_SINGLE_CANDIDATE,False,CREDITED,Cam Newton,NewtCa00,00-0027939,STATHEAD_QB_STARTED_QUERY,Stage01 canonical reconciliation rank 2832,STATHEAD_UNAMBIGUOUS_SINGLE_CANDIDATE,False,CREDITED,POSTGAME_ACTUAL_STARTER,ORACLE_STARTER_IDENTITY_ONLY,False
2020,1,REG,2020-09-13,2020_01_NYJ_BUF,NYJ,BUF,Sam Darnold,DarnSa00,00-0034869,STATHEAD_QB_STARTED_QUERY,Stage01 canonical reconciliation rank 2822,STATHEAD_UNAMBIGUOUS_SINGLE_CANDIDATE,False,CREDITED,Josh Allen,AlleJo02,00-0034857,STATHEAD_QB_STARTED_QUERY,Stage01 canonical reconciliation rank 2815,STATHEAD_UNAMBIGUOUS_SINGLE_CANDIDATE,False,CREDITED,POSTGAME_ACTUAL_STARTER,ORACLE_STARTER_IDENTITY_ONLY,False
2020,1,REG,2020-09-13,2020_01_PHI_WAS,PHI,WAS,Carson Wentz,WentCa00,00-0032950,STATHEAD_QB_STARTED_QUERY,Stage01 canonical reconciliation rank 2840,STATHEAD_UNAMBIGUOUS_SINGLE_CANDIDATE,False,CREDITED,Dwayne Haskins,HaskDw00,00-0035232,STATHEAD_QB_STARTED_QUERY,Stage01 canonical reconciliation rank 2826,STATHEAD_UNAMBIGUOUS_SINGLE_CANDIDATE,False,CREDITED,POSTGAME_ACTUAL_STARTER,ORACLE_STARTER_IDENTITY_ONLY,False
2020,1,REG,2020-09-14,2020_01_PIT_NYG,PIT,NYG,Ben Roethlisberger,RoetBe00,00-0022924,STATHEAD_QB_STARTED_QUERY,Stage01 canonical reconciliation rank 2813,STATHEAD_UNAMBIGUOUS_SINGLE_CANDIDATE,False,CREDITED,Daniel Jones,JoneDa05,00-0035710,STATHEAD_QB_STARTED_QUERY,Stage01 canonical reconciliation rank 2811,STATHEAD_UNAMBIGUOUS_SINGLE_CANDIDATE,False,CREDITED,POSTGAME_ACTUAL_STARTER,ORACLE_STARTER_IDENTITY_ONLY,False
2020,1,REG,2020-09-13,2020_01_SEA_ATL,SEA,ATL,Russell Wilson,WilsRu00,00-0029263,STATHEAD_QB_STARTED_QUERY,Stage01 canonical reconciliation rank 2841,STATHEAD_UNAMBIGUOUS_SINGLE_CANDIDATE,False,CREDITED,Matt Ryan,RyanMa00,00-0026143,STATHEAD_QB_STARTED_QUERY,Stage01 canonical reconciliation rank 2836,STATHEAD_UNAMBIGUOUS_SINGLE_CANDIDATE,False,CREDITED,POSTGAME_ACTUAL_STARTER,ORACLE_STARTER_IDENTITY_ONLY,False
2020,1,REG,2020-09-13,2020_01_TB_NO,TB,NO,Tom Brady,BradTo00,00-0019596,STATHEAD_QB_STARTED_QUERY,Stage01 canonical reconciliation rank 2816,STATHEAD_UNAMBIGUOUS_SINGLE_CANDIDATE,False,CREDITED,Drew Brees,BreeDr00,00-0020531,VALIDATED_MANUAL_WEB_RESEARCH,New Orleans Saints — Week 1 game recap/postgame (2020-09-13),VALIDATED_MANUAL_WEB_EXCEPTION,False,CREDITED,POSTGAME_ACTUAL_STARTER,ORACLE_STARTER_IDENTITY_ONLY,False
2020,1,REG,2020-09-14,2020_01_TEN_DEN,TEN,DEN,Ryan Tannehill,TannRy00,00-0029701,STATHEAD_QB_STARTED_QUERY,Stage01 canonical reconciliation rank 2814,STATHEAD_UNAMBIGUOUS_SINGLE_CANDIDATE,False,CREDITED,Drew Lock,LockDr00,00-0035704,STATHEAD_QB_STARTED_QUERY,Stage01 canonical reconciliation rank 2812,STATHEAD_UNAMBIGUOUS_SINGLE_CANDIDATE,False,CREDITED,POSTGAME_ACTUAL_STARTER,ORACLE_STARTER_IDENTITY_ONLY,False
2020,2,REG,2020-09-20,2020_02_ATL_DAL,ATL,DAL,Matt Ryan,RyanMa00,00-0026143,STATHEAD_QB_STARTED_QUERY,Stage01 canonical reconciliation rank 2802,STATHEAD_UNAMBIGUOUS_SINGLE_CANDIDATE,False,CREDITED,Dak Prescott,PresDa01,00-0033077,STATHEAD_QB_STARTED_QUERY,Stage01 canonical reconciliation rank 2798,STATHEAD_UNAMBIGUOUS_SINGLE_CANDIDATE,False,CREDITED,POSTGAME_ACTUAL_STARTER,ORACLE_STARTER_IDENTITY_ONLY,False
2020,2,REG,2020-09-20,2020_02_BAL_HOU,BAL,HOU,Lamar Jackson,JackLa00,00-0034796,STATHEAD_QB_STARTED_QUERY,Stage01 canonical reconciliation rank 2791,STATHEAD_UNAMBIGUOUS_SINGLE_CANDIDATE,False,CREDITED,Deshaun Watson,WatsDe00,00-0033537,STATHEAD_QB_STARTED_QUERY,Stage01 canonical reconciliation rank 2806,STATHEAD_UNAMBIGUOUS_SINGLE_CANDIDATE,False,CREDITED,POSTGAME_ACTUAL_STARTER,ORACLE_STARTER_IDENTITY_ONLY,False
2020,2,REG,2020-09-20,2020_02_BUF_MIA,BUF,MIA,Josh Allen,AlleJo02,00-0034857,STATHEAD_QB_STARTED_QUERY,Stage01 canonical reconciliation rank 2781,STATHEAD_UNAMBIGUOUS_SINGLE_CANDIDATE,False,CREDITED,Ryan Fitzpatrick,FitzRy00,00-0023682,STATHEAD_QB_STARTED_QUERY,Stage01 canonical reconciliation rank 2786,STATHEAD_UNAMBIGUOUS_SINGLE_CANDIDATE,False,CREDITED,POSTGAME_ACTUAL_STARTER,ORACLE_STARTER_IDENTITY_ONLY,False
2020,2,REG,2020-09-20,2020_02_CAR_TB,CAR,TB,Teddy Bridgewater,BridTe00,00-0031237,STATHEAD_QB_STARTED_QUERY,Stage01 canonical reconciliation rank 2783,STATHEAD_UNAMBIGUOUS_SINGLE_CANDIDATE,False,CREDITED,Tom Brady,BradTo00,00-0019596,STATHEAD_QB_STARTED_QUERY,Stage01 canonical reconciliation rank 2782,STATHEAD_UNAMBIGUOUS_SINGLE_CANDIDATE,False,CREDITED,POSTGAME_ACTUAL_STARTER,ORACLE_STARTER_IDENTITY_ONLY,False
2020,2,REG,2020-09-17,2020_02_CIN_CLE,CIN,CLE,Joe Burrow,BurrJo01,00-0036442,STATHEAD_QB_STARTED_QUERY,Stage01 canonical reconciliation rank 2809,STATHEAD_UNAMBIGUOUS_SINGLE_CANDIDATE,False,CREDITED,Baker Mayfield,MayfBa00,00-0034855,STATHEAD_QB_STARTED_QUERY,Stage01 canonical reconciliation rank 2810,STATHEAD_UNAMBIGUOUS_SINGLE_CANDIDATE,False,CREDITED,POSTGAME_ACTUAL_STARTER,ORACLE_STARTER_IDENTITY_ONLY,False
2020,2,REG,2020-09-20,2020_02_DEN_PIT,DEN,PIT,Drew Lock,LockDr00,00-0035704,STATHEAD_QB_STARTED_QUERY,Stage01 canonical reconciliation rank 2793,STATHEAD_UNAMBIGUOUS_SINGLE_CANDIDATE,False,CREDITED,Ben Roethlisberger,RoetBe00,00-0022924,STATHEAD_QB_STARTED_QUERY,Stage01 canonical reconciliation rank 2801,STATHEAD_UNAMBIGUOUS_SINGLE_CANDIDATE,False,CREDITED,POSTGAME_ACTUAL_STARTER,ORACLE_STARTER_IDENTITY_ONLY,False
2020,2,REG,2020-09-20,2020_02_DET_GB,DET,GB,Matthew Stafford,StafMa00,00-0026498,STATHEAD_QB_STARTED_QUERY,Stage01 canonical reconciliation rank 2803,STATHEAD_UNAMBIGUOUS_SINGLE_CANDIDATE,False,CREDITED,Aaron Rodgers,RodgAa00,00-0023459,STATHEAD_QB_STARTED_QUERY,Stage01 canonical reconciliation rank 2800,STATHEAD_UNAMBIGUOUS_SINGLE_CANDIDATE,False,CREDITED,POSTGAME_ACTUAL_STARTER,ORACLE_STARTER_IDENTITY_ONLY,False
2020,2,REG,2020-09-20,2020_02_JAX_TEN,JAX,TEN,Gardner Minshew II,MinsGa00,00-0035289,STATHEAD_QB_STARTED_QUERY,Stage01 canonical reconciliation rank 2795,STATHEAD_UNAMBIGUOUS_SINGLE_CANDIDATE,False,CREDITED,Ryan Tannehill,TannRy00,00-0029701,STATHEAD_QB_STARTED_QUERY,Stage01 canonical reconciliation rank 2804,STATHEAD_UNAMBIGUOUS_SINGLE_CANDIDATE,False,CREDITED,POSTGAME_ACTUAL_STARTER,ORACLE_STARTER_IDENTITY_ONLY,False
2020,2,REG,2020-09-20,2020_02_KC_LAC,KC,LAC,Patrick Mahomes,MahoPa00,00-0033873,STATHEAD_QB_STARTED_QUERY,Stage01 canonical reconciliation rank 2794,STATHEAD_UNAMBIGUOUS_SINGLE_CANDIDATE,False,CREDITED,Justin Herbert,HerbJu00,00-0036355,STATHEAD_QB_STARTED_QUERY,Stage01 canonical reconciliation rank 2790,STATHEAD_UNAMBIGUOUS_SINGLE_CANDIDATE,False,CREDITED,POSTGAME_ACTUAL_STARTER,ORACLE_STARTER_IDENTITY_ONLY,False
2020,2,REG,2020-09-20,2020_02_LA_PHI,LAR,PHI,Jared Goff,GoffJa00,00-0033106,STATHEAD_QB_STARTED_QUERY,Stage01 canonical reconciliation rank 2788,STATHEAD_UNAMBIGUOUS_SINGLE_CANDIDATE,False,CREDITED,Carson Wentz,WentCa00,00-0032950,STATHEAD_QB_STARTED_QUERY,Stage01 canonical reconciliation rank 2807,STATHEAD_UNAMBIGUOUS_SINGLE_CANDIDATE,False,CREDITED,POSTGAME_ACTUAL_STARTER,ORACLE_STARTER_IDENTITY_ONLY,False
2020,2,REG,2020-09-20,2020_02_MIN_IND,MIN,IND,Kirk Cousins,CousKi00,00-0029604,STATHEAD_QB_STARTED_QUERY,Stage01 canonical reconciliation rank 2784,STATHEAD_UNAMBIGUOUS_SINGLE_CANDIDATE,False,CREDITED,Philip Rivers,RivePh00,00-0022942,STATHEAD_QB_STARTED_QUERY,Stage01 canonical reconciliation rank 2799,STATHEAD_UNAMBIGUOUS_SINGLE_CANDIDATE,False,CREDITED,POSTGAME_ACTUAL_STARTER,ORACLE_STARTER_IDENTITY_ONLY,False
2020,2,REG,2020-09-20,2020_02_NE_SEA,NE,SEA,Cam Newton,NewtCa00,00-0027939,STATHEAD_QB_STARTED_QUERY,Stage01 canonical reconciliation rank 2797,STATHEAD_UNAMBIGUOUS_SINGLE_CANDIDATE,False,CREDITED,Russell Wilson,WilsRu00,00-0029263,STATHEAD_QB_STARTED_QUERY,Stage01 canonical reconciliation rank 2808,STATHEAD_UNAMBIGUOUS_SINGLE_CANDIDATE,False,CREDITED,POSTGAME_ACTUAL_STARTER,ORACLE_STARTER_IDENTITY_ONLY,False
2020,2,REG,2020-09-21,2020_02_NO_LV,NO,LV,Drew Brees,BreeDr00,00-0020531,STATHEAD_QB_STARTED_QUERY,Stage01 canonical reconciliation rank 2779,STATHEAD_UNAMBIGUOUS_SINGLE_CANDIDATE,False,CREDITED,Derek Carr,CarrDe02,00-0031280,STATHEAD_QB_STARTED_QUERY,Stage01 canonical reconciliation rank 2780,STATHEAD_UNAMBIGUOUS_SINGLE_CANDIDATE,False,CREDITED,POSTGAME_ACTUAL_STARTER,ORACLE_STARTER_IDENTITY_ONLY,False
2020,2,REG,2020-09-20,2020_02_NYG_CHI,NYG,CHI,Daniel Jones,JoneDa05,00-0035710,STATHEAD_QB_STARTED_QUERY,Stage01 canonical reconciliation rank 2792,STATHEAD_UNAMBIGUOUS_SINGLE_CANDIDATE,False,CREDITED,Mitchell Trubisky,TrubMi00,00-0033869,STATHEAD_QB_STARTED_QUERY,Stage01 canonical reconciliation rank 2805,STATHEAD_UNAMBIGUOUS_SINGLE_CANDIDATE,False,CREDITED,POSTGAME_ACTUAL_STARTER,ORACLE_STARTER_IDENTITY_ONLY,False
2020,2,REG,2020-09-20,2020_02_SF_NYJ,SF,NYJ,Jimmy Garoppolo,GaroJi00,00-0031345,STATHEAD_QB_STARTED_QUERY,Stage01 canonical reconciliation rank 2787,STATHEAD_UNAMBIGUOUS_SINGLE_CANDIDATE,False,CREDITED,Sam Darnold,DarnSa00,00-0034869,STATHEAD_QB_STARTED_QUERY,Stage01 canonical reconciliation rank 2785,STATHEAD_UNAMBIGUOUS_SINGLE_CANDIDATE,False,CREDITED,POSTGAME_ACTUAL_STARTER,ORACLE_STARTER_IDENTITY_ONLY,False
2020,2,REG,2020-09-20,2020_02_WAS_ARI,WAS,ARI,Dwayne Haskins,HaskDw00,00-0035232,STATHEAD_QB_STARTED_QUERY,Stage01 canonical reconciliation rank 2789,STATHEAD_UNAMBIGUOUS_SINGLE_CANDIDATE,False,CREDITED,Kyler Murray,MurrKy00,00-0035228,STATHEAD_QB_STARTED_QUERY,Stage01 canonical reconciliation rank 2796,STATHEAD_UNAMBIGUOUS_SINGLE_CANDIDATE,False,CREDITED,POSTGAME_ACTUAL_STARTER,ORACLE_STARTER_IDENTITY_ONLY,False
2020,3,REG,2020-09-27,2020_03_CAR_LAC,CAR,LAC,Teddy Bridgewater,BridTe00,00-0031237,STATHEAD_QB_STARTED_QUERY,Stage01 canonical reconciliation rank 2751,STATHEAD_UNAMBIGUOUS_SINGLE_CANDIDATE,False,CREDITED,Justin Herbert,HerbJu00,00-0036355,STATHEAD_QB_STARTED_QUERY,Stage01 canonical reconciliation rank 2759,STATHEAD_UNAMBIGUOUS_SINGLE_CANDIDATE,False,CREDITED,POSTGAME_ACTUAL_STARTER,ORACLE_STARTER_IDENTITY_ONLY,False
2020,3,REG,2020-09-27,2020_03_CHI_ATL,CHI,ATL,Mitchell Trubisky,TrubMi00,00-0033869,STATHEAD_QB_STARTED_QUERY,Stage01 canonical reconciliation rank 2773,STATHEAD_UNAMBIGUOUS_SINGLE_CANDIDATE,False,CREDITED,Matt Ryan,RyanMa00,00-0026143,STATHEAD_QB_STARTED_QUERY,Stage01 canonical reconciliation rank 2770,STATHEAD_UNAMBIGUOUS_SINGLE_CANDIDATE,False,CREDITED,POSTGAME_ACTUAL_STARTER,ORACLE_STARTER_IDENTITY_ONLY,False
2020,3,REG,2020-09-27,2020_03_CIN_PHI,CIN,PHI,Joe Burrow,BurrJo01,00-0036442,STATHEAD_QB_STARTED_QUERY,Stage01 canonical reconciliation rank 2752,STATHEAD_UNAMBIGUOUS_SINGLE_CANDIDATE,False,CREDITED,Carson Wentz,WentCa00,00-0032950,STATHEAD_QB_STARTED_QUERY,Stage01 canonical reconciliation rank 2775,STATHEAD_UNAMBIGUOUS_SINGLE_CANDIDATE,False,CREDITED,POSTGAME_ACTUAL_STARTER,ORACLE_STARTER_IDENTITY_ONLY,False
2020,3,REG,2020-09-27,2020_03_DAL_SEA,DAL,SEA,Dak Prescott,PresDa01,00-0033077,STATHEAD_QB_STARTED_QUERY,Stage01 canonical reconciliation rank 2766,STATHEAD_UNAMBIGUOUS_SINGLE_CANDIDATE,False,CREDITED,Russell Wilson,WilsRu00,00-0029263,STATHEAD_QB_STARTED_QUERY,Stage01 canonical reconciliation rank 2776,STATHEAD_UNAMBIGUOUS_SINGLE_CANDIDATE,False,CREDITED,POSTGAME_ACTUAL_STARTER,ORACLE_STARTER_IDENTITY_ONLY,False
2020,3,REG,2020-09-27,2020_03_DET_ARI,DET,ARI,Matthew Stafford,StafMa00,00-0026498,STATHEAD_QB_STARTED_QUERY,Stage01 canonical reconciliation rank 2771,STATHEAD_UNAMBIGUOUS_SINGLE_CANDIDATE,False,CREDITED,Kyler Murray,MurrKy00,00-0035228,STATHEAD_QB_STARTED_QUERY,Stage01 canonical reconciliation rank 2764,STATHEAD_UNAMBIGUOUS_SINGLE_CANDIDATE,False,CREDITED,POSTGAME_ACTUAL_STARTER,ORACLE_STARTER_IDENTITY_ONLY,False
2020,3,REG,2020-09-27,2020_03_GB_NO,GB,NO,Aaron Rodgers,RodgAa00,00-0023459,STATHEAD_QB_STARTED_QUERY,Stage01 canonical reconciliation rank 2768,STATHEAD_UNAMBIGUOUS_SINGLE_CANDIDATE,False,CREDITED,Drew Brees,BreeDr00,00-0020531,VALIDATED_MANUAL_WEB_RESEARCH,New Orleans Saints — Week 3 postgame/halftime notes (2020-09-27),VALIDATED_MANUAL_WEB_EXCEPTION,False,CREDITED,POSTGAME_ACTUAL_STARTER,ORACLE_STARTER_IDENTITY_ONLY,False
2020,3,REG,2020-09-27,2020_03_HOU_PIT,HOU,PIT,Deshaun Watson,WatsDe00,00-0033537,STATHEAD_QB_STARTED_QUERY,Stage01 canonical reconciliation rank 2774,STATHEAD_UNAMBIGUOUS_SINGLE_CANDIDATE,False,CREDITED,Ben Roethlisberger,RoetBe00,00-0022924,STATHEAD_QB_STARTED_QUERY,Stage01 canonical reconciliation rank 2769,STATHEAD_UNAMBIGUOUS_SINGLE_CANDIDATE,False,CREDITED,POSTGAME_ACTUAL_STARTER,ORACLE_STARTER_IDENTITY_ONLY,False
2020,3,REG,2020-09-28,2020_03_KC_BAL,KC,BAL,Patrick Mahomes,MahoPa00,00-0033873,STATHEAD_QB_STARTED_QUERY,Stage01 canonical reconciliation rank 2747,STATHEAD_UNAMBIGUOUS_SINGLE_CANDIDATE,False,CREDITED,Lamar Jackson,JackLa00,00-0034796,STATHEAD_QB_STARTED_QUERY,Stage01 canonical reconciliation rank 2746,STATHEAD_UNAMBIGUOUS_SINGLE_CANDIDATE,False,CREDITED,POSTGAME_ACTUAL_STARTER,ORACLE_STARTER_IDENTITY_ONLY,False
2020,3,REG,2020-09-27,2020_03_LA_BUF,LAR,BUF,Jared Goff,GoffJa00,00-0033106,STATHEAD_QB_STARTED_QUERY,Stage01 canonical reconciliation rank 2757,STATHEAD_UNAMBIGUOUS_SINGLE_CANDIDATE,False,CREDITED,Josh Allen,AlleJo02,00-0034857,STATHEAD_QB_STARTED_QUERY,Stage01 canonical reconciliation rank 2748,STATHEAD_UNAMBIGUOUS_SINGLE_CANDIDATE,False,CREDITED,POSTGAME_ACTUAL_STARTER,ORACLE_STARTER_IDENTITY_ONLY,False
2020,3,REG,2020-09-27,2020_03_LV_NE,LV,NE,Derek Carr,CarrDe02,00-0031280,STATHEAD_QB_STARTED_QUERY,Stage01 canonical reconciliation rank 2753,STATHEAD_UNAMBIGUOUS_SINGLE_CANDIDATE,False,CREDITED,Cam Newton,NewtCa00,00-0027939,STATHEAD_QB_STARTED_QUERY,Stage01 canonical reconciliation rank 2765,STATHEAD_UNAMBIGUOUS_SINGLE_CANDIDATE,False,CREDITED,POSTGAME_ACTUAL_STARTER,ORACLE_STARTER_IDENTITY_ONLY,False
2020,3,REG,2020-09-24,2020_03_MIA_JAX,MIA,JAX,Ryan Fitzpatrick,FitzRy00,00-0023682,STATHEAD_QB_STARTED_QUERY,Stage01 canonical reconciliation rank 2777,STATHEAD_UNAMBIGUOUS_SINGLE_CANDIDATE,False,CREDITED,Gardner Minshew II,MinsGa00,00-0035289,STATHEAD_QB_STARTED_QUERY,Stage01 canonical reconciliation rank 2778,STATHEAD_UNAMBIGUOUS_SINGLE_CANDIDATE,False,CREDITED,POSTGAME_ACTUAL_STARTER,ORACLE_STARTER_IDENTITY_ONLY,False
2020,3,REG,2020-09-27,2020_03_NYJ_IND,NYJ,IND,Sam Darnold,DarnSa00,00-0034869,STATHEAD_QB_STARTED_QUERY,Stage01 canonical reconciliation rank 2755,STATHEAD_UNAMBIGUOUS_SINGLE_CANDIDATE,False,CREDITED,Philip Rivers,RivePh00,00-0022942,STATHEAD_QB_STARTED_QUERY,Stage01 canonical reconciliation rank 2767,STATHEAD_UNAMBIGUOUS_SINGLE_CANDIDATE,False,CREDITED,POSTGAME_ACTUAL_STARTER,ORACLE_STARTER_IDENTITY_ONLY,False
2020,3,REG,2020-09-27,2020_03_SF_NYG,SF,NYG,Nick Mullens,MullNi00,00-0033319,STATHEAD_QB_STARTED_QUERY,Stage01 canonical reconciliation rank 2763,STATHEAD_UNAMBIGUOUS_SINGLE_CANDIDATE,False,CREDITED,Daniel Jones,JoneDa05,00-0035710,STATHEAD_QB_STARTED_QUERY,Stage01 canonical reconciliation rank 2761,STATHEAD_UNAMBIGUOUS_SINGLE_CANDIDATE,False,CREDITED,POSTGAME_ACTUAL_STARTER,ORACLE_STARTER_IDENTITY_ONLY,False
2020,3,REG,2020-09-27,2020_03_TB_DEN,TB,DEN,Tom Brady,BradTo00,00-0019596,STATHEAD_QB_STARTED_QUERY,Stage01 canonical reconciliation rank 2749,STATHEAD_UNAMBIGUOUS_SINGLE_CANDIDATE,False,CREDITED,Jeff Driskel,DrisJe00,00-0032436,STATHEAD_QB_STARTED_QUERY,Stage01 canonical reconciliation rank 2756,STATHEAD_UNAMBIGUOUS_SINGLE_CANDIDATE,False,CREDITED,POSTGAME_ACTUAL_STARTER,ORACLE_STARTER_IDENTITY_ONLY,False
2020,3,REG,2020-09-27,2020_03_TEN_MIN,TEN,MIN,Ryan Tannehill,TannRy00,00-0029701,STATHEAD_QB_STARTED_QUERY,Stage01 canonical reconciliation rank 2772,STATHEAD_UNAMBIGUOUS_SINGLE_CANDIDATE,False,CREDITED,Kirk Cousins,CousKi00,00-0029604,STATHEAD_QB_STARTED_QUERY,Stage01 canonical reconciliation rank 2754,STATHEAD_UNAMBIGUOUS_SINGLE_CANDIDATE,False,CREDITED,POSTGAME_ACTUAL_STARTER,ORACLE_STARTER_IDENTITY_ONLY,False
2020,3,REG,2020-09-27,2020_03_WAS_CLE,WAS,CLE,Dwayne Haskins,HaskDw00,00-0035232,STATHEAD_QB_STARTED_QUERY,Stage01 canonical reconciliation rank 2758,STATHEAD_UNAMBIGUOUS_SINGLE_CANDIDATE,False,CREDITED,Baker Mayfield,MayfBa00,00-0034855,STATHEAD_QB_STARTED_QUERY,Stage01 canonical reconciliation rank 2762,STATHEAD_UNAMBIGUOUS_SINGLE_CANDIDATE,False,CREDITED,POSTGAME_ACTUAL_STARTER,ORACLE_STARTER_IDENTITY_ONLY,False
2020,4,REG,2020-10-04,2020_04_ARI_CAR,ARI,CAR,Kyler Murray,MurrKy00,00-0035228,STATHEAD_QB_STARTED_QUERY,Stage01 canonical reconciliation rank 2737,STATHEAD_UNAMBIGUOUS_SINGLE_CANDIDATE,False,CREDITED,Teddy Bridgewater,BridTe00,00-0031237,STATHEAD_QB_STARTED_QUERY,Stage01 canonical reconciliation rank 2723,STATHEAD_UNAMBIGUOUS_SINGLE_CANDIDATE,False,CREDITED,POSTGAME_ACTUAL_STARTER,ORACLE_STARTER_IDENTITY_ONLY,False
2020,4,REG,2020-10-05,2020_04_ATL_GB,ATL,GB,Matt Ryan,RyanMa00,00-0026143,STATHEAD_QB_STARTED_QUERY,Stage01 canonical reconciliation rank 2719,STATHEAD_UNAMBIGUOUS_SINGLE_CANDIDATE,False,CREDITED,Aaron Rodgers,RodgAa00,00-0023459,STATHEAD_QB_STARTED_QUERY,Stage01 canonical reconciliation rank 2718,STATHEAD_UNAMBIGUOUS_SINGLE_CANDIDATE,False,CREDITED,POSTGAME_ACTUAL_STARTER,ORACLE_STARTER_IDENTITY_ONLY,False
2020,4,REG,2020-10-04,2020_04_BAL_WAS,BAL,WAS,Lamar Jackson,JackLa00,00-0034796,STATHEAD_QB_STARTED_QUERY,Stage01 canonical reconciliation rank 2732,STATHEAD_UNAMBIGUOUS_SINGLE_CANDIDATE,False,CREDITED,Dwayne Haskins,HaskDw00,00-0035232,STATHEAD_QB_STARTED_QUERY,Stage01 canonical reconciliation rank 2730,STATHEAD_UNAMBIGUOUS_SINGLE_CANDIDATE,False,CREDITED,POSTGAME_ACTUAL_STARTER,ORACLE_STARTER_IDENTITY_ONLY,False
2020,4,REG,2020-10-04,2020_04_BUF_LV,BUF,LV,Josh Allen,AlleJo02,00-0034857,STATHEAD_QB_STARTED_QUERY,Stage01 canonical reconciliation rank 2720,STATHEAD_UNAMBIGUOUS_SINGLE_CANDIDATE,False,CREDITED,Derek Carr,CarrDe02,00-0031280,STATHEAD_QB_STARTED_QUERY,Stage01 canonical reconciliation rank 2725,STATHEAD_UNAMBIGUOUS_SINGLE_CANDIDATE,False,CREDITED,POSTGAME_ACTUAL_STARTER,ORACLE_STARTER_IDENTITY_ONLY,False
2020,4,REG,2020-10-04,2020_04_CLE_DAL,CLE,DAL,Baker Mayfield,MayfBa00,00-0034855,STATHEAD_QB_STARTED_QUERY,Stage01 canonical reconciliation rank 2734,STATHEAD_UNAMBIGUOUS_SINGLE_CANDIDATE,False,CREDITED,Dak Prescott,PresDa01,00-0033077,STATHEAD_QB_STARTED_QUERY,Stage01 canonical reconciliation rank 2738,STATHEAD_UNAMBIGUOUS_SINGLE_CANDIDATE,False,CREDITED,POSTGAME_ACTUAL_STARTER,ORACLE_STARTER_IDENTITY_ONLY,False
2020,4,REG,2020-10-01,2020_04_DEN_NYJ,DEN,NYJ,Brett Rypien,RypiBr00,00-0034955,STATHEAD_QB_STARTED_QUERY,Stage01 canonical reconciliation rank 2745,STATHEAD_UNAMBIGUOUS_SINGLE_CANDIDATE,False,CREDITED,Sam Darnold,DarnSa00,00-0034869,STATHEAD_QB_STARTED_QUERY,Stage01 canonical reconciliation rank 2744,STATHEAD_UNAMBIGUOUS_SINGLE_CANDIDATE,False,CREDITED,POSTGAME_ACTUAL_STARTER,ORACLE_STARTER_IDENTITY_ONLY,False
2020,4,REG,2020-10-04,2020_04_IND_CHI,IND,CHI,Philip Rivers,RivePh00,00-0022942,STATHEAD_QB_STARTED_QUERY,Stage01 canonical reconciliation rank 2739,STATHEAD_UNAMBIGUOUS_SINGLE_CANDIDATE,False,CREDITED,Nick Foles,FoleNi00,00-0029567,STATHEAD_QB_STARTED_QUERY,Stage01 canonical reconciliation rank 2728,STATHEAD_UNAMBIGUOUS_SINGLE_CANDIDATE,False,CREDITED,POSTGAME_ACTUAL_STARTER,ORACLE_STARTER_IDENTITY_ONLY,False
2020,4,REG,2020-10-04,2020_04_JAX_CIN,JAX,CIN,Gardner Minshew II,MinsGa00,00-0035289,STATHEAD_QB_STARTED_QUERY,Stage01 canonical reconciliation rank 2735,STATHEAD_UNAMBIGUOUS_SINGLE_CANDIDATE,False,CREDITED,Joe Burrow,BurrJo01,00-0036442,STATHEAD_QB_STARTED_QUERY,Stage01 canonical reconciliation rank 2724,STATHEAD_UNAMBIGUOUS_SINGLE_CANDIDATE,False,CREDITED,POSTGAME_ACTUAL_STARTER,ORACLE_STARTER_IDENTITY_ONLY,False
2020,4,REG,2020-10-04,2020_04_LAC_TB,LAC,TB,Justin Herbert,HerbJu00,00-0036355,STATHEAD_QB_STARTED_QUERY,Stage01 canonical reconciliation rank 2731,STATHEAD_UNAMBIGUOUS_SINGLE_CANDIDATE,False,CREDITED,Tom Brady,BradTo00,00-0019596,STATHEAD_QB_STARTED_QUERY,Stage01 canonical reconciliation rank 2721,STATHEAD_UNAMBIGUOUS_SINGLE_CANDIDATE,False,CREDITED,POSTGAME_ACTUAL_STARTER,ORACLE_STARTER_IDENTITY_ONLY,False
2020,4,REG,2020-10-04,2020_04_MIN_HOU,MIN,HOU,Kirk Cousins,CousKi00,00-0029604,STATHEAD_QB_STARTED_QUERY,Stage01 canonical reconciliation rank 2726,STATHEAD_UNAMBIGUOUS_SINGLE_CANDIDATE,False,CREDITED,Deshaun Watson,WatsDe00,00-0033537,STATHEAD_QB_STARTED_QUERY,Stage01 canonical reconciliation rank 2741,STATHEAD_UNAMBIGUOUS_SINGLE_CANDIDATE,False,CREDITED,POSTGAME_ACTUAL_STARTER,ORACLE_STARTER_IDENTITY_ONLY,False
2020,4,REG,2020-10-05,2020_04_NE_KC,NE,KC,Brian Hoyer,HoyeBr00,00-0026625,STATHEAD_QB_STARTED_QUERY,Stage01 canonical reconciliation rank 2716,STATHEAD_UNAMBIGUOUS_SINGLE_CANDIDATE,False,CREDITED,Patrick Mahomes,MahoPa00,00-0033873,STATHEAD_QB_STARTED_QUERY,Stage01 canonical reconciliation rank 2717,STATHEAD_UNAMBIGUOUS_SINGLE_CANDIDATE,False,CREDITED,POSTGAME_ACTUAL_STARTER,ORACLE_STARTER_IDENTITY_ONLY,False
2020,4,REG,2020-10-04,2020_04_NO_DET,NO,DET,Drew Brees,BreeDr00,00-0020531,STATHEAD_QB_STARTED_QUERY,Stage01 canonical reconciliation rank 2722,STATHEAD_UNAMBIGUOUS_SINGLE_CANDIDATE,False,CREDITED,Matthew Stafford,StafMa00,00-0026498,STATHEAD_QB_STARTED_QUERY,Stage01 canonical reconciliation rank 2740,STATHEAD_UNAMBIGUOUS_SINGLE_CANDIDATE,False,CREDITED,POSTGAME_ACTUAL_STARTER,ORACLE_STARTER_IDENTITY_ONLY,False
2020,4,REG,2020-10-04,2020_04_NYG_LA,NYG,LAR,Daniel Jones,JoneDa05,00-0035710,STATHEAD_QB_STARTED_QUERY,Stage01 canonical reconciliation rank 2733,STATHEAD_UNAMBIGUOUS_SINGLE_CANDIDATE,False,CREDITED,Jared Goff,GoffJa00,00-0033106,STATHEAD_QB_STARTED_QUERY,Stage01 canonical reconciliation rank 2729,STATHEAD_UNAMBIGUOUS_SINGLE_CANDIDATE,False,CREDITED,POSTGAME_ACTUAL_STARTER,ORACLE_STARTER_IDENTITY_ONLY,False
2020,4,REG,2020-10-04,2020_04_PHI_SF,PHI,SF,Carson Wentz,WentCa00,00-0032950,STATHEAD_QB_STARTED_QUERY,Stage01 canonical reconciliation rank 2742,STATHEAD_UNAMBIGUOUS_SINGLE_CANDIDATE,False,CREDITED,Nick Mullens,MullNi00,00-0033319,STATHEAD_QB_STARTED_QUERY,Stage01 canonical reconciliation rank 2736,STATHEAD_UNAMBIGUOUS_SINGLE_CANDIDATE,False,CREDITED,POSTGAME_ACTUAL_STARTER,ORACLE_STARTER_IDENTITY_ONLY,False
2020,4,REG,2020-10-04,2020_04_SEA_MIA,SEA,MIA,Russell Wilson,WilsRu00,00-0029263,STATHEAD_QB_STARTED_QUERY,Stage01 canonical reconciliation rank 2743,STATHEAD_UNAMBIGUOUS_SINGLE_CANDIDATE,False,CREDITED,Ryan Fitzpatrick,FitzRy00,00-0023682,STATHEAD_QB_STARTED_QUERY,Stage01 canonical reconciliation rank 2727,STATHEAD_UNAMBIGUOUS_SINGLE_CANDIDATE,False,CREDITED,POSTGAME_ACTUAL_STARTER,ORACLE_STARTER_IDENTITY_ONLY,False
2020,5,REG,2020-10-11,2020_05_ARI_NYJ,ARI,NYJ,Kyler Murray,MurrKy00,00-0035228,STATHEAD_QB_STARTED_QUERY,Stage01 canonical reconciliation rank 2706,STATHEAD_UNAMBIGUOUS_SINGLE_CANDIDATE,False,CREDITED,Joe Flacco,FlacJo00,00-0026158,STATHEAD_QB_STARTED_QUERY,Stage01 canonical reconciliation rank 2698,STATHEAD_UNAMBIGUOUS_SINGLE_CANDIDATE,False,CREDITED,POSTGAME_ACTUAL_STARTER,ORACLE_STARTER_IDENTITY_ONLY,False
2020,5,REG,2020-10-13,2020_05_BUF_TEN,BUF,TEN,Josh Allen,AlleJo02,00-0034857,STATHEAD_QB_STARTED_QUERY,Stage01 canonical reconciliation rank 2688,STATHEAD_UNAMBIGUOUS_SINGLE_CANDIDATE,False,CREDITED,Ryan Tannehill,TannRy00,00-0029701,STATHEAD_QB_STARTED_QUERY,Stage01 canonical reconciliation rank 2689,STATHEAD_UNAMBIGUOUS_SINGLE_CANDIDATE,False,CREDITED,POSTGAME_ACTUAL_STARTER,ORACLE_STARTER_IDENTITY_ONLY,False
2020,5,REG,2020-10-11,2020_05_CAR_ATL,CAR,ATL,Teddy Bridgewater,BridTe00,00-0031237,STATHEAD_QB_STARTED_QUERY,Stage01 canonical reconciliation rank 2693,STATHEAD_UNAMBIGUOUS_SINGLE_CANDIDATE,False,CREDITED,Matt Ryan,RyanMa00,00-0026143,STATHEAD_QB_STARTED_QUERY,Stage01 canonical reconciliation rank 2710,STATHEAD_UNAMBIGUOUS_SINGLE_CANDIDATE,False,CREDITED,POSTGAME_ACTUAL_STARTER,ORACLE_STARTER_IDENTITY_ONLY,False
2020,5,REG,2020-10-11,2020_05_CIN_BAL,CIN,BAL,Joe Burrow,BurrJo01,00-0036442,STATHEAD_QB_STARTED_QUERY,Stage01 canonical reconciliation rank 2694,STATHEAD_UNAMBIGUOUS_SINGLE_CANDIDATE,False,CREDITED,Lamar Jackson,JackLa00,00-0034796,STATHEAD_QB_STARTED_QUERY,Stage01 canonical reconciliation rank 2701,STATHEAD_UNAMBIGUOUS_SINGLE_CANDIDATE,False,CREDITED,POSTGAME_ACTUAL_STARTER,ORACLE_STARTER_IDENTITY_ONLY,False
2020,5,REG,2020-10-11,2020_05_IND_CLE,IND,CLE,Philip Rivers,RivePh00,00-0022942,STATHEAD_QB_STARTED_QUERY,Stage01 canonical reconciliation rank 2708,STATHEAD_UNAMBIGUOUS_SINGLE_CANDIDATE,False,CREDITED,Baker Mayfield,MayfBa00,00-0034855,STATHEAD_QB_STARTED_QUERY,Stage01 canonical reconciliation rank 2704,STATHEAD_UNAMBIGUOUS_SINGLE_CANDIDATE,False,CREDITED,POSTGAME_ACTUAL_STARTER,ORACLE_STARTER_IDENTITY_ONLY,False
2020,5,REG,2020-10-11,2020_05_JAX_HOU,JAX,HOU,Gardner Minshew II,MinsGa00,00-0035289,STATHEAD_QB_STARTED_QUERY,Stage01 canonical reconciliation rank 2705,STATHEAD_UNAMBIGUOUS_SINGLE_CANDIDATE,False,CREDITED,Deshaun Watson,WatsDe00,00-0033537,STATHEAD_QB_STARTED_QUERY,Stage01 canonical reconciliation rank 2711,STATHEAD_UNAMBIGUOUS_SINGLE_CANDIDATE,False,CREDITED,POSTGAME_ACTUAL_STARTER,ORACLE_STARTER_IDENTITY_ONLY,False
2020,5,REG,2020-10-12,2020_05_LAC_NO,LAC,NO,Justin Herbert,HerbJu00,00-0036355,STATHEAD_QB_STARTED_QUERY,Stage01 canonical reconciliation rank 2691,STATHEAD_UNAMBIGUOUS_SINGLE_CANDIDATE,False,CREDITED,Drew Brees,BreeDr00,00-0020531,STATHEAD_QB_STARTED_QUERY,Stage01 canonical reconciliation rank 2690,STATHEAD_UNAMBIGUOUS_SINGLE_CANDIDATE,False,CREDITED,POSTGAME_ACTUAL_STARTER,ORACLE_STARTER_IDENTITY_ONLY,False
2020,5,REG,2020-10-11,2020_05_LA_WAS,LAR,WAS,Jared Goff,GoffJa00,00-0033106,STATHEAD_QB_STARTED_QUERY,Stage01 canonical reconciliation rank 2700,STATHEAD_UNAMBIGUOUS_SINGLE_CANDIDATE,False,CREDITED,Kyle Allen,AlleKy00,00-0034577,STATHEAD_QB_STARTED_QUERY,Stage01 canonical reconciliation rank 2692,STATHEAD_UNAMBIGUOUS_SINGLE_CANDIDATE,False,CREDITED,POSTGAME_ACTUAL_STARTER,ORACLE_STARTER_IDENTITY_ONLY,False
2020,5,REG,2020-10-11,2020_05_LV_KC,LV,KC,Derek Carr,CarrDe02,00-0031280,STATHEAD_QB_STARTED_QUERY,Stage01 canonical reconciliation rank 2695,STATHEAD_UNAMBIGUOUS_SINGLE_CANDIDATE,False,CREDITED,Patrick Mahomes,MahoPa00,00-0033873,STATHEAD_QB_STARTED_QUERY,Stage01 canonical reconciliation rank 2703,STATHEAD_UNAMBIGUOUS_SINGLE_CANDIDATE,False,CREDITED,POSTGAME_ACTUAL_STARTER,ORACLE_STARTER_IDENTITY_ONLY,False
2020,5,REG,2020-10-11,2020_05_MIA_SF,MIA,SF,Ryan Fitzpatrick,FitzRy00,00-0023682,STATHEAD_QB_STARTED_QUERY,Stage01 canonical reconciliation rank 2697,STATHEAD_UNAMBIGUOUS_SINGLE_CANDIDATE,False,CREDITED,Jimmy Garoppolo,GaroJi00,00-0031345,STATHEAD_QB_STARTED_QUERY,Stage01 canonical reconciliation rank 2699,STATHEAD_UNAMBIGUOUS_SINGLE_CANDIDATE,False,CREDITED,POSTGAME_ACTUAL_STARTER,ORACLE_STARTER_IDENTITY_ONLY,False
2020,5,REG,2020-10-11,2020_05_MIN_SEA,MIN,SEA,Kirk Cousins,CousKi00,00-0029604,STATHEAD_QB_STARTED_QUERY,Stage01 canonical reconciliation rank 2696,STATHEAD_UNAMBIGUOUS_SINGLE_CANDIDATE,False,CREDITED,Russell Wilson,WilsRu00,00-0029263,STATHEAD_QB_STARTED_QUERY,Stage01 canonical reconciliation rank 2713,STATHEAD_UNAMBIGUOUS_SINGLE_CANDIDATE,False,CREDITED,POSTGAME_ACTUAL_STARTER,ORACLE_STARTER_IDENTITY_ONLY,False
2020,5,REG,2020-10-11,2020_05_NYG_DAL,NYG,DAL,Daniel Jones,JoneDa05,00-0035710,STATHEAD_QB_STARTED_QUERY,Stage01 canonical reconciliation rank 2702,STATHEAD_UNAMBIGUOUS_SINGLE_CANDIDATE,False,CREDITED,Dak Prescott,PresDa01,00-0033077,STATHEAD_QB_STARTED_QUERY,Stage01 canonical reconciliation rank 2707,STATHEAD_UNAMBIGUOUS_SINGLE_CANDIDATE,False,CREDITED,POSTGAME_ACTUAL_STARTER,ORACLE_STARTER_IDENTITY_ONLY,False
2020,5,REG,2020-10-11,2020_05_PHI_PIT,PHI,PIT,Carson Wentz,WentCa00,00-0032950,STATHEAD_QB_STARTED_QUERY,Stage01 canonical reconciliation rank 2712,STATHEAD_UNAMBIGUOUS_SINGLE_CANDIDATE,False,CREDITED,Ben Roethlisberger,RoetBe00,00-0022924,STATHEAD_QB_STARTED_QUERY,Stage01 canonical reconciliation rank 2709,STATHEAD_UNAMBIGUOUS_SINGLE_CANDIDATE,False,CREDITED,POSTGAME_ACTUAL_STARTER,ORACLE_STARTER_IDENTITY_ONLY,False
2020,5,REG,2020-10-08,2020_05_TB_CHI,TB,CHI,Tom Brady,BradTo00,00-0019596,STATHEAD_QB_STARTED_QUERY,Stage01 canonical reconciliation rank 2714,STATHEAD_UNAMBIGUOUS_SINGLE_CANDIDATE,False,CREDITED,Nick Foles,FoleNi00,00-0029567,STATHEAD_QB_STARTED_QUERY,Stage01 canonical reconciliation rank 2715,STATHEAD_UNAMBIGUOUS_SINGLE_CANDIDATE,False,CREDITED,POSTGAME_ACTUAL_STARTER,ORACLE_STARTER_IDENTITY_ONLY,False
2020,6,REG,2020-10-19,2020_06_ARI_DAL,ARI,DAL,Kyler Murray,MurrKy00,00-0035228,STATHEAD_QB_STARTED_QUERY,Stage01 canonical reconciliation rank 2663,STATHEAD_UNAMBIGUOUS_SINGLE_CANDIDATE,False,CREDITED,Andy Dalton,DaltAn00,00-0027973,STATHEAD_QB_STARTED_QUERY,Stage01 canonical reconciliation rank 2661,STATHEAD_UNAMBIGUOUS_SINGLE_CANDIDATE,False,CREDITED,POSTGAME_ACTUAL_STARTER,ORACLE_STARTER_IDENTITY_ONLY,False
2020,6,REG,2020-10-18,2020_06_ATL_MIN,ATL,MIN,Matt Ryan,RyanMa00,00-0026143,STATHEAD_QB_STARTED_QUERY,Stage01 canonical reconciliation rank 2683,STATHEAD_UNAMBIGUOUS_SINGLE_CANDIDATE,False,CREDITED,Kirk Cousins,CousKi00,00-0029604,STATHEAD_QB_STARTED_QUERY,Stage01 canonical reconciliation rank 2668,STATHEAD_UNAMBIGUOUS_SINGLE_CANDIDATE,False,CREDITED,POSTGAME_ACTUAL_STARTER,ORACLE_STARTER_IDENTITY_ONLY,False
2020,6,REG,2020-10-18,2020_06_BAL_PHI,BAL,PHI,Lamar Jackson,JackLa00,00-0034796,STATHEAD_QB_STARTED_QUERY,Stage01 canonical reconciliation rank 2674,STATHEAD_UNAMBIGUOUS_SINGLE_CANDIDATE,False,CREDITED,Carson Wentz,WentCa00,00-0032950,STATHEAD_QB_STARTED_QUERY,Stage01 canonical reconciliation rank 2687,STATHEAD_UNAMBIGUOUS_SINGLE_CANDIDATE,False,CREDITED,POSTGAME_ACTUAL_STARTER,ORACLE_STARTER_IDENTITY_ONLY,False
2020,6,REG,2020-10-18,2020_06_CHI_CAR,CHI,CAR,Nick Foles,FoleNi00,00-0029567,STATHEAD_QB_STARTED_QUERY,Stage01 canonical reconciliation rank 2671,STATHEAD_UNAMBIGUOUS_SINGLE_CANDIDATE,False,CREDITED,Teddy Bridgewater,BridTe00,00-0031237,STATHEAD_QB_STARTED_QUERY,Stage01 canonical reconciliation rank 2666,STATHEAD_UNAMBIGUOUS_SINGLE_CANDIDATE,False,CREDITED,POSTGAME_ACTUAL_STARTER,ORACLE_STARTER_IDENTITY_ONLY,False
2020,6,REG,2020-10-18,2020_06_CIN_IND,CIN,IND,Joe Burrow,BurrJo01,00-0036442,STATHEAD_QB_STARTED_QUERY,Stage01 canonical reconciliation rank 2667,STATHEAD_UNAMBIGUOUS_SINGLE_CANDIDATE,False,CREDITED,Philip Rivers,RivePh00,00-0022942,STATHEAD_QB_STARTED_QUERY,Stage01 canonical reconciliation rank 2680,STATHEAD_UNAMBIGUOUS_SINGLE_CANDIDATE,False,CREDITED,POSTGAME_ACTUAL_STARTER,ORACLE_STARTER_IDENTITY_ONLY,False
2020,6,REG,2020-10-18,2020_06_CLE_PIT,CLE,PIT,Baker Mayfield,MayfBa00,00-0034855,STATHEAD_QB_STARTED_QUERY,Stage01 canonical reconciliation rank 2677,STATHEAD_UNAMBIGUOUS_SINGLE_CANDIDATE,False,CREDITED,Ben Roethlisberger,RoetBe00,00-0022924,STATHEAD_QB_STARTED_QUERY,Stage01 canonical reconciliation rank 2682,STATHEAD_UNAMBIGUOUS_SINGLE_CANDIDATE,False,CREDITED,POSTGAME_ACTUAL_STARTER,ORACLE_STARTER_IDENTITY_ONLY,False
2020,6,REG,2020-10-18,2020_06_DEN_NE,DEN,NE,Drew Lock,LockDr00,00-0035704,STATHEAD_QB_STARTED_QUERY,Stage01 canonical reconciliation rank 2676,STATHEAD_UNAMBIGUOUS_SINGLE_CANDIDATE,False,CREDITED,Cam Newton,NewtCa00,00-0027939,STATHEAD_QB_STARTED_QUERY,Stage01 canonical reconciliation rank 2679,STATHEAD_UNAMBIGUOUS_SINGLE_CANDIDATE,False,CREDITED,POSTGAME_ACTUAL_STARTER,ORACLE_STARTER_IDENTITY_ONLY,False
2020,6,REG,2020-10-18,2020_06_DET_JAX,DET,JAX,Matthew Stafford,StafMa00,00-0026498,STATHEAD_QB_STARTED_QUERY,Stage01 canonical reconciliation rank 2684,STATHEAD_UNAMBIGUOUS_SINGLE_CANDIDATE,False,CREDITED,Gardner Minshew II,MinsGa00,00-0035289,STATHEAD_QB_STARTED_QUERY,Stage01 canonical reconciliation rank 2678,STATHEAD_UNAMBIGUOUS_SINGLE_CANDIDATE,False,CREDITED,POSTGAME_ACTUAL_STARTER,ORACLE_STARTER_IDENTITY_ONLY,False
2020,6,REG,2020-10-18,2020_06_GB_TB,GB,TB,Aaron Rodgers,RodgAa00,00-0023459,STATHEAD_QB_STARTED_QUERY,Stage01 canonical reconciliation rank 2681,STATHEAD_UNAMBIGUOUS_SINGLE_CANDIDATE,False,CREDITED,Tom Brady,BradTo00,00-0019596,STATHEAD_QB_STARTED_QUERY,Stage01 canonical reconciliation rank 2665,STATHEAD_UNAMBIGUOUS_SINGLE_CANDIDATE,False,CREDITED,POSTGAME_ACTUAL_STARTER,ORACLE_STARTER_IDENTITY_ONLY,False
2020,6,REG,2020-10-18,2020_06_HOU_TEN,HOU,TEN,Deshaun Watson,WatsDe00,00-0033537,STATHEAD_QB_STARTED_QUERY,Stage01 canonical reconciliation rank 2686,STATHEAD_UNAMBIGUOUS_SINGLE_CANDIDATE,False,CREDITED,Ryan Tannehill,TannRy00,00-0029701,STATHEAD_QB_STARTED_QUERY,Stage01 canonical reconciliation rank 2685,STATHEAD_UNAMBIGUOUS_SINGLE_CANDIDATE,False,CREDITED,POSTGAME_ACTUAL_STARTER,ORACLE_STARTER_IDENTITY_ONLY,False
2020,6,REG,2020-10-19,2020_06_KC_BUF,KC,BUF,Patrick Mahomes,MahoPa00,00-0033873,STATHEAD_QB_STARTED_QUERY,Stage01 canonical reconciliation rank 2662,STATHEAD_UNAMBIGUOUS_SINGLE_CANDIDATE,False,CREDITED,Josh Allen,AlleJo02,00-0034857,STATHEAD_QB_STARTED_QUERY,Stage01 canonical reconciliation rank 2660,STATHEAD_UNAMBIGUOUS_SINGLE_CANDIDATE,False,CREDITED,POSTGAME_ACTUAL_STARTER,ORACLE_STARTER_IDENTITY_ONLY,False
2020,6,REG,2020-10-18,2020_06_LA_SF,LAR,SF,Jared Goff,GoffJa00,00-0033106,STATHEAD_QB_STARTED_QUERY,Stage01 canonical reconciliation rank 2673,STATHEAD_UNAMBIGUOUS_SINGLE_CANDIDATE,False,CREDITED,Jimmy Garoppolo,GaroJi00,00-0031345,STATHEAD_QB_STARTED_QUERY,Stage01 canonical reconciliation rank 2672,STATHEAD_UNAMBIGUOUS_SINGLE_CANDIDATE,False,CREDITED,POSTGAME_ACTUAL_STARTER,ORACLE_STARTER_IDENTITY_ONLY,False
2020,6,REG,2020-10-18,2020_06_NYJ_MIA,NYJ,MIA,Joe Flacco,FlacJo00,00-0026158,STATHEAD_QB_STARTED_QUERY,Stage01 canonical reconciliation rank 2670,STATHEAD_UNAMBIGUOUS_SINGLE_CANDIDATE,False,CREDITED,Ryan Fitzpatrick,FitzRy00,00-0023682,STATHEAD_QB_STARTED_QUERY,Stage01 canonical reconciliation rank 2669,STATHEAD_UNAMBIGUOUS_SINGLE_CANDIDATE,False,CREDITED,POSTGAME_ACTUAL_STARTER,ORACLE_STARTER_IDENTITY_ONLY,False
2020,6,REG,2020-10-18,2020_06_WAS_NYG,WAS,NYG,Kyle Allen,AlleKy00,00-0034577,STATHEAD_QB_STARTED_QUERY,Stage01 canonical reconciliation rank 2664,STATHEAD_UNAMBIGUOUS_SINGLE_CANDIDATE,False,CREDITED,Daniel Jones,JoneDa05,00-0035710,STATHEAD_QB_STARTED_QUERY,Stage01 canonical reconciliation rank 2675,STATHEAD_UNAMBIGUOUS_SINGLE_CANDIDATE,False,CREDITED,POSTGAME_ACTUAL_STARTER,ORACLE_STARTER_IDENTITY_ONLY,False
2020,7,REG,2020-10-25,2020_07_BUF_NYJ,BUF,NYJ,Josh Allen,AlleJo02,00-0034857,STATHEAD_QB_STARTED_QUERY,Stage01 canonical reconciliation rank 2633,STATHEAD_UNAMBIGUOUS_SINGLE_CANDIDATE,False,CREDITED,Sam Darnold,DarnSa00,00-0034869,STATHEAD_QB_STARTED_QUERY,Stage01 canonical reconciliation rank 2641,STATHEAD_UNAMBIGUOUS_SINGLE_CANDIDATE,False,CREDITED,POSTGAME_ACTUAL_STARTER,ORACLE_STARTER_IDENTITY_ONLY,False
2020,7,REG,2020-10-25,2020_07_CAR_NO,CAR,NO,Teddy Bridgewater,BridTe00,00-0031237,STATHEAD_QB_STARTED_QUERY,Stage01 canonical reconciliation rank 2637,STATHEAD_UNAMBIGUOUS_SINGLE_CANDIDATE,False,CREDITED,Drew Brees,BreeDr00,00-0020531,VALIDATED_MANUAL_WEB_RESEARCH,,VALIDATED_MANUAL_WEB_EXCEPTION,False,CREDITED,POSTGAME_ACTUAL_STARTER,ORACLE_STARTER_IDENTITY_ONLY,False
2020,7,REG,2020-10-26,2020_07_CHI_LA,CHI,LAR,Nick Foles,FoleNi00,00-0029567,STATHEAD_QB_STARTED_QUERY,Stage01 canonical reconciliation rank 2631,STATHEAD_UNAMBIGUOUS_SINGLE_CANDIDATE,False,CREDITED,Jared Goff,GoffJa00,00-0033106,STATHEAD_QB_STARTED_QUERY,Stage01 canonical reconciliation rank 2632,STATHEAD_UNAMBIGUOUS_SINGLE_CANDIDATE,False,CREDITED,POSTGAME_ACTUAL_STARTER,ORACLE_STARTER_IDENTITY_ONLY,False
2020,7,REG,2020-10-25,2020_07_CLE_CIN,CLE,CIN,Baker Mayfield,MayfBa00,00-0034855,STATHEAD_QB_STARTED_QUERY,Stage01 canonical reconciliation rank 2647,STATHEAD_UNAMBIGUOUS_SINGLE_CANDIDATE,False,CREDITED,Joe Burrow,BurrJo01,00-0036442,STATHEAD_QB_STARTED_QUERY,Stage01 canonical reconciliation rank 2638,STATHEAD_UNAMBIGUOUS_SINGLE_CANDIDATE,False,CREDITED,POSTGAME_ACTUAL_STARTER,ORACLE_STARTER_IDENTITY_ONLY,False
2020,7,REG,2020-10-25,2020_07_DAL_WAS,DAL,WAS,Andy Dalton,DaltAn00,00-0027973,STATHEAD_QB_STARTED_QUERY,Stage01 canonical reconciliation rank 2640,STATHEAD_UNAMBIGUOUS_SINGLE_CANDIDATE,False,CREDITED,Kyle Allen,AlleKy00,00-0034577,STATHEAD_QB_STARTED_QUERY,Stage01 canonical reconciliation rank 2634,STATHEAD_UNAMBIGUOUS_SINGLE_CANDIDATE,False,CREDITED,POSTGAME_ACTUAL_STARTER,ORACLE_STARTER_IDENTITY_ONLY,False
2020,7,REG,2020-10-25,2020_07_DET_ATL,DET,ATL,Matthew Stafford,StafMa00,00-0026498,STATHEAD_QB_STARTED_QUERY,Stage01 canonical reconciliation rank 2654,STATHEAD_UNAMBIGUOUS_SINGLE_CANDIDATE,False,CREDITED,Matt Ryan,RyanMa00,00-0026143,STATHEAD_QB_STARTED_QUERY,Stage01 canonical reconciliation rank 2653,STATHEAD_UNAMBIGUOUS_SINGLE_CANDIDATE,False,CREDITED,POSTGAME_ACTUAL_STARTER,ORACLE_STARTER_IDENTITY_ONLY,False
2020,7,REG,2020-10-25,2020_07_GB_HOU,GB,HOU,Aaron Rodgers,RodgAa00,00-0023459,STATHEAD_QB_STARTED_QUERY,Stage01 canonical reconciliation rank 2651,STATHEAD_UNAMBIGUOUS_SINGLE_CANDIDATE,False,CREDITED,Deshaun Watson,WatsDe00,00-0033537,STATHEAD_QB_STARTED_QUERY,Stage01 canonical reconciliation rank 2656,STATHEAD_UNAMBIGUOUS_SINGLE_CANDIDATE,False,CREDITED,POSTGAME_ACTUAL_STARTER,ORACLE_STARTER_IDENTITY_ONLY,False
2020,7,REG,2020-10-25,2020_07_JAX_LAC,JAX,LAC,Gardner Minshew II,MinsGa00,00-0035289,STATHEAD_QB_STARTED_QUERY,Stage01 canonical reconciliation rank 2648,STATHEAD_UNAMBIGUOUS_SINGLE_CANDIDATE,False,CREDITED,Justin Herbert,HerbJu00,00-0036355,STATHEAD_QB_STARTED_QUERY,Stage01 canonical reconciliation rank 2643,STATHEAD_UNAMBIGUOUS_SINGLE_CANDIDATE,False,CREDITED,POSTGAME_ACTUAL_STARTER,ORACLE_STARTER_IDENTITY_ONLY,False
2020,7,REG,2020-10-25,2020_07_KC_DEN,KC,DEN,Patrick Mahomes,MahoPa00,00-0033873,STATHEAD_QB_STARTED_QUERY,Stage01 canonical reconciliation rank 2646,STATHEAD_UNAMBIGUOUS_SINGLE_CANDIDATE,False,CREDITED,Drew Lock,LockDr00,00-0035704,STATHEAD_QB_STARTED_QUERY,Stage01 canonical reconciliation rank 2645,STATHEAD_UNAMBIGUOUS_SINGLE_CANDIDATE,False,CREDITED,POSTGAME_ACTUAL_STARTER,ORACLE_STARTER_IDENTITY_ONLY,False
2020,7,REG,2020-10-22,2020_07_NYG_PHI,NYG,PHI,Daniel Jones,JoneDa05,00-0035710,STATHEAD_QB_STARTED_QUERY,Stage01 canonical reconciliation rank 2658,STATHEAD_UNAMBIGUOUS_SINGLE_CANDIDATE,False,CREDITED,Carson Wentz,WentCa00,00-0032950,STATHEAD_QB_STARTED_QUERY,Stage01 canonical reconciliation rank 2659,STATHEAD_UNAMBIGUOUS_SINGLE_CANDIDATE,False,CREDITED,POSTGAME_ACTUAL_STARTER,ORACLE_STARTER_IDENTITY_ONLY,False
2020,7,REG,2020-10-25,2020_07_PIT_TEN,PIT,TEN,Ben Roethlisberger,RoetBe00,00-0022924,STATHEAD_QB_STARTED_QUERY,Stage01 canonical reconciliation rank 2652,STATHEAD_UNAMBIGUOUS_SINGLE_CANDIDATE,False,CREDITED,Ryan Tannehill,TannRy00,00-0029701,STATHEAD_QB_STARTED_QUERY,Stage01 canonical reconciliation rank 2655,STATHEAD_UNAMBIGUOUS_SINGLE_CANDIDATE,False,CREDITED,POSTGAME_ACTUAL_STARTER,ORACLE_STARTER_IDENTITY_ONLY,False
2020,7,REG,2020-10-25,2020_07_SEA_ARI,SEA,ARI,Russell Wilson,WilsRu00,00-0029263,STATHEAD_QB_STARTED_QUERY,Stage01 canonical reconciliation rank 2657,STATHEAD_UNAMBIGUOUS_SINGLE_CANDIDATE,False,CREDITED,Kyler Murray,MurrKy00,00-0035228,STATHEAD_QB_STARTED_QUERY,Stage01 canonical reconciliation rank 2649,STATHEAD_UNAMBIGUOUS_SINGLE_CANDIDATE,False,CREDITED,POSTGAME_ACTUAL_STARTER,ORACLE_STARTER_IDENTITY_ONLY,False
2020,7,REG,2020-10-25,2020_07_SF_NE,SF,NE,Jimmy Garoppolo,GaroJi00,00-0031345,STATHEAD_QB_STARTED_QUERY,Stage01 canonical reconciliation rank 2642,STATHEAD_UNAMBIGUOUS_SINGLE_CANDIDATE,False,CREDITED,Cam Newton,NewtCa00,00-0027939,STATHEAD_QB_STARTED_QUERY,Stage01 canonical reconciliation rank 2650,STATHEAD_UNAMBIGUOUS_SINGLE_CANDIDATE,False,CREDITED,POSTGAME_ACTUAL_STARTER,ORACLE_STARTER_IDENTITY_ONLY,False
2020,7,REG,2020-10-25,2020_07_TB_LV,TB,LV,Tom Brady,BradTo00,00-0019596,STATHEAD_QB_STARTED_QUERY,Stage01 canonical reconciliation rank 2635,STATHEAD_UNAMBIGUOUS_SINGLE_CANDIDATE,False,CREDITED,Derek Carr,CarrDe02,00-0031280,STATHEAD_QB_STARTED_QUERY,Stage01 canonical reconciliation rank 2639,STATHEAD_UNAMBIGUOUS_SINGLE_CANDIDATE,False,CREDITED,POSTGAME_ACTUAL_STARTER,ORACLE_STARTER_IDENTITY_ONLY,False
2020,8,REG,2020-10-29,2020_08_ATL_CAR,ATL,CAR,Matt Ryan,RyanMa00,00-0026143,STATHEAD_QB_STARTED_QUERY,Stage01 canonical reconciliation rank 2630,STATHEAD_UNAMBIGUOUS_SINGLE_CANDIDATE,False,CREDITED,Teddy Bridgewater,BridTe00,00-0031237,STATHEAD_QB_STARTED_QUERY,Stage01 canonical reconciliation rank 2629,STATHEAD_UNAMBIGUOUS_SINGLE_CANDIDATE,False,CREDITED,POSTGAME_ACTUAL_STARTER,ORACLE_STARTER_IDENTITY_ONLY,False
2020,8,REG,2020-11-01,2020_08_DAL_PHI,DAL,PHI,Ben DiNucci,DiNuBe00,00-0036384,STATHEAD_QB_STARTED_QUERY,Stage01 canonical reconciliation rank 2611,STATHEAD_UNAMBIGUOUS_SINGLE_CANDIDATE,False,CREDITED,Carson Wentz,WentCa00,00-0032950,STATHEAD_QB_STARTED_QUERY,Stage01 canonical reconciliation rank 2627,STATHEAD_UNAMBIGUOUS_SINGLE_CANDIDATE,False,CREDITED,POSTGAME_ACTUAL_STARTER,ORACLE_STARTER_IDENTITY_ONLY,False
2020,8,REG,2020-11-01,2020_08_IND_DET,IND,DET,Philip Rivers,RivePh00,00-0022942,STATHEAD_QB_STARTED_QUERY,Stage01 canonical reconciliation rank 2621,STATHEAD_UNAMBIGUOUS_SINGLE_CANDIDATE,False,CREDITED,Matthew Stafford,StafMa00,00-0026498,STATHEAD_QB_STARTED_QUERY,Stage01 canonical reconciliation rank 2624,STATHEAD_UNAMBIGUOUS_SINGLE_CANDIDATE,False,CREDITED,POSTGAME_ACTUAL_STARTER,ORACLE_STARTER_IDENTITY_ONLY,False
2020,8,REG,2020-11-01,2020_08_LAC_DEN,LAC,DEN,Justin Herbert,HerbJu00,00-0036355,STATHEAD_QB_STARTED_QUERY,Stage01 canonical reconciliation rank 2615,STATHEAD_UNAMBIGUOUS_SINGLE_CANDIDATE,False,CREDITED,Drew Lock,LockDr00,00-0035704,STATHEAD_QB_STARTED_QUERY,Stage01 canonical reconciliation rank 2617,STATHEAD_UNAMBIGUOUS_SINGLE_CANDIDATE,False,CREDITED,POSTGAME_ACTUAL_STARTER,ORACLE_STARTER_IDENTITY_ONLY,False
2020,8,REG,2020-11-01,2020_08_LA_MIA,LAR,MIA,Jared Goff,GoffJa00,00-0033106,STATHEAD_QB_STARTED_QUERY,Stage01 canonical reconciliation rank 2614,STATHEAD_UNAMBIGUOUS_SINGLE_CANDIDATE,False,CREDITED,Tua Tagovailoa,TagoTu00,00-0036212,STATHEAD_QB_STARTED_QUERY,Stage01 canonical reconciliation rank 2625,STATHEAD_UNAMBIGUOUS_SINGLE_CANDIDATE,False,CREDITED,POSTGAME_ACTUAL_STARTER,ORACLE_STARTER_IDENTITY_ONLY,False
2020,8,REG,2020-11-01,2020_08_LV_CLE,LV,CLE,Derek Carr,CarrDe02,00-0031280,STATHEAD_QB_STARTED_QUERY,Stage01 canonical reconciliation rank 2608,STATHEAD_UNAMBIGUOUS_SINGLE_CANDIDATE,False,CREDITED,Baker Mayfield,MayfBa00,00-0034855,STATHEAD_QB_STARTED_QUERY,Stage01 canonical reconciliation rank 2619,STATHEAD_UNAMBIGUOUS_SINGLE_CANDIDATE,False,CREDITED,POSTGAME_ACTUAL_STARTER,ORACLE_STARTER_IDENTITY_ONLY,False
2020,8,REG,2020-11-01,2020_08_MIN_GB,MIN,GB,Kirk Cousins,CousKi00,00-0029604,STATHEAD_QB_STARTED_QUERY,Stage01 canonical reconciliation rank 2609,STATHEAD_UNAMBIGUOUS_SINGLE_CANDIDATE,False,CREDITED,Aaron Rodgers,RodgAa00,00-0023459,STATHEAD_QB_STARTED_QUERY,Stage01 canonical reconciliation rank 2622,STATHEAD_UNAMBIGUOUS_SINGLE_CANDIDATE,False,CREDITED,POSTGAME_ACTUAL_STARTER,ORACLE_STARTER_IDENTITY_ONLY,False
2020,8,REG,2020-11-01,2020_08_NE_BUF,NE,BUF,Cam Newton,NewtCa00,00-0027939,STATHEAD_QB_STARTED_QUERY,Stage01 canonical reconciliation rank 2620,STATHEAD_UNAMBIGUOUS_SINGLE_CANDIDATE,False,CREDITED,Josh Allen,AlleJo02,00-0034857,STATHEAD_QB_STARTED_QUERY,Stage01 canonical reconciliation rank 2605,STATHEAD_UNAMBIGUOUS_SINGLE_CANDIDATE,False,CREDITED,POSTGAME_ACTUAL_STARTER,ORACLE_STARTER_IDENTITY_ONLY,False
2020,8,REG,2020-11-01,2020_08_NO_CHI,NO,CHI,Drew Brees,BreeDr00,00-0020531,STATHEAD_QB_STARTED_QUERY,Stage01 canonical reconciliation rank 2606,STATHEAD_UNAMBIGUOUS_SINGLE_CANDIDATE,False,CREDITED,Nick Foles,FoleNi00,00-0029567,STATHEAD_QB_STARTED_QUERY,Stage01 canonical reconciliation rank 2612,STATHEAD_UNAMBIGUOUS_SINGLE_CANDIDATE,False,CREDITED,POSTGAME_ACTUAL_STARTER,ORACLE_STARTER_IDENTITY_ONLY,False
2020,8,REG,2020-11-01,2020_08_NYJ_KC,NYJ,KC,Sam Darnold,DarnSa00,00-0034869,STATHEAD_QB_STARTED_QUERY,Stage01 canonical reconciliation rank 2610,STATHEAD_UNAMBIGUOUS_SINGLE_CANDIDATE,False,CREDITED,Patrick Mahomes,MahoPa00,00-0033873,STATHEAD_QB_STARTED_QUERY,Stage01 canonical reconciliation rank 2618,STATHEAD_UNAMBIGUOUS_SINGLE_CANDIDATE,False,CREDITED,POSTGAME_ACTUAL_STARTER,ORACLE_STARTER_IDENTITY_ONLY,False
2020,8,REG,2020-11-01,2020_08_PIT_BAL,PIT,BAL,Ben Roethlisberger,RoetBe00,00-0022924,STATHEAD_QB_STARTED_QUERY,Stage01 canonical reconciliation rank 2623,STATHEAD_UNAMBIGUOUS_SINGLE_CANDIDATE,False,CREDITED,Lamar Jackson,JackLa00,00-0034796,STATHEAD_QB_STARTED_QUERY,Stage01 canonical reconciliation rank 2616,STATHEAD_UNAMBIGUOUS_SINGLE_CANDIDATE,False,CREDITED,POSTGAME_ACTUAL_STARTER,ORACLE_STARTER_IDENTITY_ONLY,False
2020,8,REG,2020-11-01,2020_08_SF_SEA,SF,SEA,Jimmy Garoppolo,GaroJi00,00-0031345,STATHEAD_QB_STARTED_QUERY,Stage01 canonical reconciliation rank 2613,STATHEAD_UNAMBIGUOUS_SINGLE_CANDIDATE,False,CREDITED,Russell Wilson,WilsRu00,00-0029263,STATHEAD_QB_STARTED_QUERY,Stage01 canonical reconciliation rank 2628,STATHEAD_UNAMBIGUOUS_SINGLE_CANDIDATE,False,CREDITED,POSTGAME_ACTUAL_STARTER,ORACLE_STARTER_IDENTITY_ONLY,False
2020,8,REG,2020-11-02,2020_08_TB_NYG,TB,NYG,Tom Brady,BradTo00,00-0019596,STATHEAD_QB_STARTED_QUERY,Stage01 canonical reconciliation rank 2603,STATHEAD_UNAMBIGUOUS_SINGLE_CANDIDATE,False,CREDITED,Daniel Jones,JoneDa05,00-0035710,STATHEAD_QB_STARTED_QUERY,Stage01 canonical reconciliation rank 2604,STATHEAD_UNAMBIGUOUS_SINGLE_CANDIDATE,False,CREDITED,POSTGAME_ACTUAL_STARTER,ORACLE_STARTER_IDENTITY_ONLY,False
2020,8,REG,2020-11-01,2020_08_TEN_CIN,TEN,CIN,Ryan Tannehill,TannRy00,00-0029701,STATHEAD_QB_STARTED_QUERY,Stage01 canonical reconciliation rank 2626,STATHEAD_UNAMBIGUOUS_SINGLE_CANDIDATE,False,CREDITED,Joe Burrow,BurrJo01,00-0036442,STATHEAD_QB_STARTED_QUERY,Stage01 canonical reconciliation rank 2607,STATHEAD_UNAMBIGUOUS_SINGLE_CANDIDATE,False,CREDITED,POSTGAME_ACTUAL_STARTER,ORACLE_STARTER_IDENTITY_ONLY,False
2020,9,REG,2020-11-08,2020_09_BAL_IND,BAL,IND,Lamar Jackson,JackLa00,00-0034796,STATHEAD_QB_STARTED_QUERY,Stage01 canonical reconciliation rank 2587,STATHEAD_UNAMBIGUOUS_SINGLE_CANDIDATE,False,CREDITED,Philip Rivers,RivePh00,00-0022942,STATHEAD_QB_STARTED_QUERY,Stage01 canonical reconciliation rank 2593,STATHEAD_UNAMBIGUOUS_SINGLE_CANDIDATE,False,CREDITED,POSTGAME_ACTUAL_STARTER,ORACLE_STARTER_IDENTITY_ONLY,False
2020,9,REG,2020-11-08,2020_09_CAR_KC,CAR,KC,Teddy Bridgewater,BridTe00,00-0031237,STATHEAD_QB_STARTED_QUERY,Stage01 canonical reconciliation rank 2581,STATHEAD_UNAMBIGUOUS_SINGLE_CANDIDATE,False,CREDITED,Patrick Mahomes,MahoPa00,00-0033873,STATHEAD_QB_STARTED_QUERY,Stage01 canonical reconciliation rank 2591,STATHEAD_UNAMBIGUOUS_SINGLE_CANDIDATE,False,CREDITED,POSTGAME_ACTUAL_STARTER,ORACLE_STARTER_IDENTITY_ONLY,False
2020,9,REG,2020-11-08,2020_09_CHI_TEN,CHI,TEN,Nick Foles,FoleNi00,00-0029567,STATHEAD_QB_STARTED_QUERY,Stage01 canonical reconciliation rank 2584,STATHEAD_UNAMBIGUOUS_SINGLE_CANDIDATE,False,CREDITED,Ryan Tannehill,TannRy00,00-0029701,STATHEAD_QB_STARTED_QUERY,Stage01 canonical reconciliation rank 2598,STATHEAD_UNAMBIGUOUS_SINGLE_CANDIDATE,False,CREDITED,POSTGAME_ACTUAL_STARTER,ORACLE_STARTER_IDENTITY_ONLY,False
2020,9,REG,2020-11-08,2020_09_DEN_ATL,DEN,ATL,Drew Lock,LockDr00,00-0035704,STATHEAD_QB_STARTED_QUERY,Stage01 canonical reconciliation rank 2589,STATHEAD_UNAMBIGUOUS_SINGLE_CANDIDATE,False,CREDITED,Matt Ryan,RyanMa00,00-0026143,STATHEAD_QB_STARTED_QUERY,Stage01 canonical reconciliation rank 2595,STATHEAD_UNAMBIGUOUS_SINGLE_CANDIDATE,False,CREDITED,POSTGAME_ACTUAL_STARTER,ORACLE_STARTER_IDENTITY_ONLY,False
2020,9,REG,2020-11-08,2020_09_DET_MIN,DET,MIN,Matthew Stafford,StafMa00,00-0026498,STATHEAD_QB_STARTED_QUERY,Stage01 canonical reconciliation rank 2596,STATHEAD_UNAMBIGUOUS_SINGLE_CANDIDATE,False,CREDITED,Kirk Cousins,CousKi00,00-0029604,STATHEAD_QB_STARTED_QUERY,Stage01 canonical reconciliation rank 2583,STATHEAD_UNAMBIGUOUS_SINGLE_CANDIDATE,False,CREDITED,POSTGAME_ACTUAL_STARTER,ORACLE_STARTER_IDENTITY_ONLY,False
2020,9,REG,2020-11-05,2020_09_GB_SF,GB,SF,Aaron Rodgers,RodgAa00,00-0023459,STATHEAD_QB_STARTED_QUERY,Stage01 canonical reconciliation rank 2602,STATHEAD_UNAMBIGUOUS_SINGLE_CANDIDATE,False,CREDITED,Nick Mullens,MullNi00,00-0033319,STATHEAD_QB_STARTED_QUERY,Stage01 canonical reconciliation rank 2601,STATHEAD_UNAMBIGUOUS_SINGLE_CANDIDATE,False,CREDITED,POSTGAME_ACTUAL_STARTER,ORACLE_STARTER_IDENTITY_ONLY,False
2020,9,REG,2020-11-08,2020_09_HOU_JAX,HOU,JAX,Deshaun Watson,WatsDe00,00-0033537,STATHEAD_QB_STARTED_QUERY,Stage01 canonical reconciliation rank 2599,STATHEAD_UNAMBIGUOUS_SINGLE_CANDIDATE,False,CREDITED,Jake Luton,LutoJa00,00-0036312,STATHEAD_QB_STARTED_QUERY,Stage01 canonical reconciliation rank 2590,STATHEAD_UNAMBIGUOUS_SINGLE_CANDIDATE,False,CREDITED,POSTGAME_ACTUAL_STARTER,ORACLE_STARTER_IDENTITY_ONLY,False
2020,9,REG,2020-11-08,2020_09_LV_LAC,LV,LAC,Derek Carr,CarrDe02,00-0031280,STATHEAD_QB_STARTED_QUERY,Stage01 canonical reconciliation rank 2582,STATHEAD_UNAMBIGUOUS_SINGLE_CANDIDATE,False,CREDITED,Justin Herbert,HerbJu00,00-0036355,STATHEAD_QB_STARTED_QUERY,Stage01 canonical reconciliation rank 2586,STATHEAD_UNAMBIGUOUS_SINGLE_CANDIDATE,False,CREDITED,POSTGAME_ACTUAL_STARTER,ORACLE_STARTER_IDENTITY_ONLY,False
2020,9,REG,2020-11-08,2020_09_MIA_ARI,MIA,ARI,Tua Tagovailoa,TagoTu00,00-0036212,STATHEAD_QB_STARTED_QUERY,Stage01 canonical reconciliation rank 2597,STATHEAD_UNAMBIGUOUS_SINGLE_CANDIDATE,False,CREDITED,Kyler Murray,MurrKy00,00-0035228,STATHEAD_QB_STARTED_QUERY,Stage01 canonical reconciliation rank 2592,STATHEAD_UNAMBIGUOUS_SINGLE_CANDIDATE,False,CREDITED,POSTGAME_ACTUAL_STARTER,ORACLE_STARTER_IDENTITY_ONLY,False
2020,9,REG,2020-11-09,2020_09_NE_NYJ,NE,NYJ,Cam Newton,NewtCa00,00-0027939,STATHEAD_QB_STARTED_QUERY,Stage01 canonical reconciliation rank 2576,STATHEAD_UNAMBIGUOUS_SINGLE_CANDIDATE,False,CREDITED,Joe Flacco,FlacJo00,00-0026158,STATHEAD_QB_STARTED_QUERY,Stage01 canonical reconciliation rank 2575,STATHEAD_UNAMBIGUOUS_SINGLE_CANDIDATE,False,CREDITED,POSTGAME_ACTUAL_STARTER,ORACLE_STARTER_IDENTITY_ONLY,False
2020,9,REG,2020-11-08,2020_09_NO_TB,NO,TB,Drew Brees,BreeDr00,00-0020531,STATHEAD_QB_STARTED_QUERY,Stage01 canonical reconciliation rank 2580,STATHEAD_UNAMBIGUOUS_SINGLE_CANDIDATE,False,CREDITED,Tom Brady,BradTo00,00-0019596,STATHEAD_QB_STARTED_QUERY,Stage01 canonical reconciliation rank 2579,STATHEAD_UNAMBIGUOUS_SINGLE_CANDIDATE,False,CREDITED,POSTGAME_ACTUAL_STARTER,ORACLE_STARTER_IDENTITY_ONLY,False
2020,9,REG,2020-11-08,2020_09_NYG_WAS,NYG,WAS,Daniel Jones,JoneDa05,00-0035710,STATHEAD_QB_STARTED_QUERY,Stage01 canonical reconciliation rank 2588,STATHEAD_UNAMBIGUOUS_SINGLE_CANDIDATE,False,CREDITED,Kyle Allen,AlleKy00,00-0034577,STATHEAD_QB_STARTED_QUERY,Stage01 canonical reconciliation rank 2578,STATHEAD_UNAMBIGUOUS_SINGLE_CANDIDATE,False,CREDITED,POSTGAME_ACTUAL_STARTER,ORACLE_STARTER_IDENTITY_ONLY,False
2020,9,REG,2020-11-08,2020_09_PIT_DAL,PIT,DAL,Ben Roethlisberger,RoetBe00,00-0022924,STATHEAD_QB_STARTED_QUERY,Stage01 canonical reconciliation rank 2594,STATHEAD_UNAMBIGUOUS_SINGLE_CANDIDATE,False,CREDITED,Garrett Gilbert,GilbGa01,00-0031395,STATHEAD_QB_STARTED_QUERY,Stage01 canonical reconciliation rank 2585,STATHEAD_UNAMBIGUOUS_SINGLE_CANDIDATE,False,CREDITED,POSTGAME_ACTUAL_STARTER,ORACLE_STARTER_IDENTITY_ONLY,False
2020,9,REG,2020-11-08,2020_09_SEA_BUF,SEA,BUF,Russell Wilson,WilsRu00,00-0029263,STATHEAD_QB_STARTED_QUERY,Stage01 canonical reconciliation rank 2600,STATHEAD_UNAMBIGUOUS_SINGLE_CANDIDATE,False,CREDITED,Josh Allen,AlleJo02,00-0034857,STATHEAD_QB_STARTED_QUERY,Stage01 canonical reconciliation rank 2577,STATHEAD_UNAMBIGUOUS_SINGLE_CANDIDATE,False,CREDITED,POSTGAME_ACTUAL_STARTER,ORACLE_STARTER_IDENTITY_ONLY,False
2020,10,REG,2020-11-15,2020_10_BAL_NE,BAL,NE,Lamar Jackson,JackLa00,00-0034796,STATHEAD_QB_STARTED_QUERY,Stage01 canonical reconciliation rank 2557,STATHEAD_UNAMBIGUOUS_SINGLE_CANDIDATE,False,CREDITED,Cam Newton,NewtCa00,00-0027939,STATHEAD_QB_STARTED_QUERY,Stage01 canonical reconciliation rank 2564,STATHEAD_UNAMBIGUOUS_SINGLE_CANDIDATE,False,CREDITED,POSTGAME_ACTUAL_STARTER,ORACLE_STARTER_IDENTITY_ONLY,False
2020,10,REG,2020-11-15,2020_10_BUF_ARI,BUF,ARI,Josh Allen,AlleJo02,00-0034857,STATHEAD_QB_STARTED_QUERY,Stage01 canonical reconciliation rank 2548,STATHEAD_UNAMBIGUOUS_SINGLE_CANDIDATE,False,CREDITED,Kyler Murray,MurrKy00,00-0035228,STATHEAD_QB_STARTED_QUERY,Stage01 canonical reconciliation rank 2563,STATHEAD_UNAMBIGUOUS_SINGLE_CANDIDATE,False,CREDITED,POSTGAME_ACTUAL_STARTER,ORACLE_STARTER_IDENTITY_ONLY,False
2020,10,REG,2020-11-15,2020_10_CIN_PIT,CIN,PIT,Joe Burrow,BurrJo01,00-0036442,STATHEAD_QB_STARTED_QUERY,Stage01 canonical reconciliation rank 2552,STATHEAD_UNAMBIGUOUS_SINGLE_CANDIDATE,False,CREDITED,Ben Roethlisberger,RoetBe00,00-0022924,STATHEAD_QB_STARTED_QUERY,Stage01 canonical reconciliation rank 2566,STATHEAD_UNAMBIGUOUS_SINGLE_CANDIDATE,False,CREDITED,POSTGAME_ACTUAL_STARTER,ORACLE_STARTER_IDENTITY_ONLY,False
2020,10,REG,2020-11-15,2020_10_DEN_LV,DEN,LV,Drew Lock,LockDr00,00-0035704,STATHEAD_QB_STARTED_QUERY,Stage01 canonical reconciliation rank 2559,STATHEAD_UNAMBIGUOUS_SINGLE_CANDIDATE,False,CREDITED,Derek Carr,CarrDe02,00-0031280,STATHEAD_QB_STARTED_QUERY,Stage01 canonical reconciliation rank 2553,STATHEAD_UNAMBIGUOUS_SINGLE_CANDIDATE,False,CREDITED,POSTGAME_ACTUAL_STARTER,ORACLE_STARTER_IDENTITY_ONLY,False
2020,10,REG,2020-11-15,2020_10_HOU_CLE,HOU,CLE,Deshaun Watson,WatsDe00,00-0033537,STATHEAD_QB_STARTED_QUERY,Stage01 canonical reconciliation rank 2570,STATHEAD_UNAMBIGUOUS_SINGLE_CANDIDATE,False,CREDITED,Baker Mayfield,MayfBa00,00-0034855,STATHEAD_QB_STARTED_QUERY,Stage01 canonical reconciliation rank 2561,STATHEAD_UNAMBIGUOUS_SINGLE_CANDIDATE,False,CREDITED,POSTGAME_ACTUAL_STARTER,ORACLE_STARTER_IDENTITY_ONLY,False
2020,10,REG,2020-11-12,2020_10_IND_TEN,IND,TEN,Philip Rivers,RivePh00,00-0022942,STATHEAD_QB_STARTED_QUERY,Stage01 canonical reconciliation rank 2573,STATHEAD_UNAMBIGUOUS_SINGLE_CANDIDATE,False,CREDITED,Ryan Tannehill,TannRy00,00-0029701,STATHEAD_QB_STARTED_QUERY,Stage01 canonical reconciliation rank 2574,STATHEAD_UNAMBIGUOUS_SINGLE_CANDIDATE,False,CREDITED,POSTGAME_ACTUAL_STARTER,ORACLE_STARTER_IDENTITY_ONLY,False
2020,10,REG,2020-11-15,2020_10_JAX_GB,JAX,GB,Jake Luton,LutoJa00,00-0036312,STATHEAD_QB_STARTED_QUERY,Stage01 canonical reconciliation rank 2560,STATHEAD_UNAMBIGUOUS_SINGLE_CANDIDATE,False,CREDITED,Aaron Rodgers,RodgAa00,00-0023459,STATHEAD_QB_STARTED_QUERY,Stage01 canonical reconciliation rank 2565,STATHEAD_UNAMBIGUOUS_SINGLE_CANDIDATE,False,CREDITED,POSTGAME_ACTUAL_STARTER,ORACLE_STARTER_IDENTITY_ONLY,False
2020,10,REG,2020-11-15,2020_10_LAC_MIA,LAC,MIA,Justin Herbert,HerbJu00,00-0036355,STATHEAD_QB_STARTED_QUERY,Stage01 canonical reconciliation rank 2555,STATHEAD_UNAMBIGUOUS_SINGLE_CANDIDATE,False,CREDITED,Tua Tagovailoa,TagoTu00,00-0036212,STATHEAD_QB_STARTED_QUERY,Stage01 canonical reconciliation rank 2569,STATHEAD_UNAMBIGUOUS_SINGLE_CANDIDATE,False,CREDITED,POSTGAME_ACTUAL_STARTER,ORACLE_STARTER_IDENTITY_ONLY,False
2020,10,REG,2020-11-16,2020_10_MIN_CHI,MIN,CHI,Kirk Cousins,CousKi00,00-0029604,STATHEAD_QB_STARTED_QUERY,Stage01 canonical reconciliation rank 2546,STATHEAD_UNAMBIGUOUS_SINGLE_CANDIDATE,False,CREDITED,Nick Foles,FoleNi00,00-0029567,STATHEAD_QB_STARTED_QUERY,Stage01 canonical reconciliation rank 2547,STATHEAD_UNAMBIGUOUS_SINGLE_CANDIDATE,False,CREDITED,POSTGAME_ACTUAL_STARTER,ORACLE_STARTER_IDENTITY_ONLY,False
2020,10,REG,2020-11-15,2020_10_PHI_NYG,PHI,NYG,Carson Wentz,WentCa00,00-0032950,STATHEAD_QB_STARTED_QUERY,Stage01 canonical reconciliation rank 2571,STATHEAD_UNAMBIGUOUS_SINGLE_CANDIDATE,False,CREDITED,Daniel Jones,JoneDa05,00-0035710,STATHEAD_QB_STARTED_QUERY,Stage01 canonical reconciliation rank 2558,STATHEAD_UNAMBIGUOUS_SINGLE_CANDIDATE,False,CREDITED,POSTGAME_ACTUAL_STARTER,ORACLE_STARTER_IDENTITY_ONLY,False
2020,10,REG,2020-11-15,2020_10_SEA_LA,SEA,LAR,Russell Wilson,WilsRu00,00-0029263,STATHEAD_QB_STARTED_QUERY,Stage01 canonical reconciliation rank 2572,STATHEAD_UNAMBIGUOUS_SINGLE_CANDIDATE,False,CREDITED,Jared Goff,GoffJa00,00-0033106,STATHEAD_QB_STARTED_QUERY,Stage01 canonical reconciliation rank 2554,STATHEAD_UNAMBIGUOUS_SINGLE_CANDIDATE,False,CREDITED,POSTGAME_ACTUAL_STARTER,ORACLE_STARTER_IDENTITY_ONLY,False
2020,10,REG,2020-11-15,2020_10_SF_NO,SF,NO,Nick Mullens,MullNi00,00-0033319,STATHEAD_QB_STARTED_QUERY,Stage01 canonical reconciliation rank 2562,STATHEAD_UNAMBIGUOUS_SINGLE_CANDIDATE,False,CREDITED,Drew Brees,BreeDr00,00-0020531,VALIDATED_MANUAL_WEB_RESEARCH,,VALIDATED_MANUAL_WEB_EXCEPTION,False,CREDITED,POSTGAME_ACTUAL_STARTER,ORACLE_STARTER_IDENTITY_ONLY,False
2020,10,REG,2020-11-15,2020_10_TB_CAR,TB,CAR,Tom Brady,BradTo00,00-0019596,STATHEAD_QB_STARTED_QUERY,Stage01 canonical reconciliation rank 2549,STATHEAD_UNAMBIGUOUS_SINGLE_CANDIDATE,False,CREDITED,Teddy Bridgewater,BridTe00,00-0031237,STATHEAD_QB_STARTED_QUERY,Stage01 canonical reconciliation rank 2551,STATHEAD_UNAMBIGUOUS_SINGLE_CANDIDATE,False,CREDITED,POSTGAME_ACTUAL_STARTER,ORACLE_STARTER_IDENTITY_ONLY,False
2020,10,REG,2020-11-15,2020_10_WAS_DET,WAS,DET,Alex Smith,SmitAl03,00-0023436,STATHEAD_QB_STARTED_QUERY,Stage01 canonical reconciliation rank 2567,STATHEAD_UNAMBIGUOUS_SINGLE_CANDIDATE,False,CREDITED,Matthew Stafford,StafMa00,00-0026498,STATHEAD_QB_STARTED_QUERY,Stage01 canonical reconciliation rank 2568,STATHEAD_UNAMBIGUOUS_SINGLE_CANDIDATE,False,CREDITED,POSTGAME_ACTUAL_STARTER,ORACLE_STARTER_IDENTITY_ONLY,False
2020,11,REG,2020-11-19,2020_11_ARI_SEA,ARI,SEA,Kyler Murray,MurrKy00,00-0035228,STATHEAD_QB_STARTED_QUERY,Stage01 canonical reconciliation rank 2544,STATHEAD_UNAMBIGUOUS_SINGLE_CANDIDATE,False,CREDITED,Russell Wilson,WilsRu00,00-0029263,STATHEAD_QB_STARTED_QUERY,Stage01 canonical reconciliation rank 2545,STATHEAD_UNAMBIGUOUS_SINGLE_CANDIDATE,False,CREDITED,POSTGAME_ACTUAL_STARTER,ORACLE_STARTER_IDENTITY_ONLY,False
2020,11,REG,2020-11-22,2020_11_ATL_NO,ATL,NO,Matt Ryan,RyanMa00,00-0026143,STATHEAD_QB_STARTED_QUERY,Stage01 canonical reconciliation rank 2536,STATHEAD_UNAMBIGUOUS_SINGLE_CANDIDATE,False,CREDITED,Taysom Hill,HillTa00,00-0033357,STATHEAD_QB_STARTED_QUERY,Stage01 canonical reconciliation rank 2526,STATHEAD_UNAMBIGUOUS_SINGLE_CANDIDATE,False,CREDITED,POSTGAME_ACTUAL_STARTER,ORACLE_STARTER_IDENTITY_ONLY,False
2020,11,REG,2020-11-22,2020_11_CIN_WAS,CIN,WAS,Joe Burrow,BurrJo01,00-0036442,STATHEAD_QB_STARTED_QUERY,Stage01 canonical reconciliation rank 2520,STATHEAD_UNAMBIGUOUS_SINGLE_CANDIDATE,False,CREDITED,Alex Smith,SmitAl03,00-0023436,STATHEAD_QB_STARTED_QUERY,Stage01 canonical reconciliation rank 2537,STATHEAD_UNAMBIGUOUS_SINGLE_CANDIDATE,False,CREDITED,POSTGAME_ACTUAL_STARTER,ORACLE_STARTER_IDENTITY_ONLY,False
2020,11,REG,2020-11-22,2020_11_DAL_MIN,DAL,MIN,Andy Dalton,DaltAn00,00-0027973,STATHEAD_QB_STARTED_QUERY,Stage01 canonical reconciliation rank 2523,STATHEAD_UNAMBIGUOUS_SINGLE_CANDIDATE,False,CREDITED,Kirk Cousins,CousKi00,00-0029604,STATHEAD_QB_STARTED_QUERY,Stage01 canonical reconciliation rank 2522,STATHEAD_UNAMBIGUOUS_SINGLE_CANDIDATE,False,CREDITED,POSTGAME_ACTUAL_STARTER,ORACLE_STARTER_IDENTITY_ONLY,False
2020,11,REG,2020-11-22,2020_11_DET_CAR,DET,CAR,Matthew Stafford,StafMa00,00-0026498,STATHEAD_QB_STARTED_QUERY,Stage01 canonical reconciliation rank 2538,STATHEAD_UNAMBIGUOUS_SINGLE_CANDIDATE,False,CREDITED,P.J. Walker,WalkPh00,00-0033275,STATHEAD_QB_STARTED_QUERY,Stage01 canonical reconciliation rank 2541,STATHEAD_UNAMBIGUOUS_SINGLE_CANDIDATE,False,CREDITED,POSTGAME_ACTUAL_STARTER,ORACLE_STARTER_IDENTITY_ONLY,False
2020,11,REG,2020-11-22,2020_11_GB_IND,GB,IND,Aaron Rodgers,RodgAa00,00-0023459,STATHEAD_QB_STARTED_QUERY,Stage01 canonical reconciliation rank 2534,STATHEAD_UNAMBIGUOUS_SINGLE_CANDIDATE,False,CREDITED,Philip Rivers,RivePh00,00-0022942,STATHEAD_QB_STARTED_QUERY,Stage01 canonical reconciliation rank 2533,STATHEAD_UNAMBIGUOUS_SINGLE_CANDIDATE,False,CREDITED,POSTGAME_ACTUAL_STARTER,ORACLE_STARTER_IDENTITY_ONLY,False
2020,11,REG,2020-11-22,2020_11_KC_LV,KC,LV,Patrick Mahomes,MahoPa00,00-0033873,STATHEAD_QB_STARTED_QUERY,Stage01 canonical reconciliation rank 2530,STATHEAD_UNAMBIGUOUS_SINGLE_CANDIDATE,False,CREDITED,Derek Carr,CarrDe02,00-0031280,STATHEAD_QB_STARTED_QUERY,Stage01 canonical reconciliation rank 2521,STATHEAD_UNAMBIGUOUS_SINGLE_CANDIDATE,False,CREDITED,POSTGAME_ACTUAL_STARTER,ORACLE_STARTER_IDENTITY_ONLY,False
2020,11,REG,2020-11-23,2020_11_LA_TB,LAR,TB,Jared Goff,GoffJa00,00-0033106,STATHEAD_QB_STARTED_QUERY,Stage01 canonical reconciliation rank 2519,STATHEAD_UNAMBIGUOUS_SINGLE_CANDIDATE,False,CREDITED,Tom Brady,BradTo00,00-0019596,STATHEAD_QB_STARTED_QUERY,Stage01 canonical reconciliation rank 2518,STATHEAD_UNAMBIGUOUS_SINGLE_CANDIDATE,False,CREDITED,POSTGAME_ACTUAL_STARTER,ORACLE_STARTER_IDENTITY_ONLY,False
2020,11,REG,2020-11-22,2020_11_MIA_DEN,MIA,DEN,Tua Tagovailoa,TagoTu00,00-0036212,STATHEAD_QB_STARTED_QUERY,Stage01 canonical reconciliation rank 2539,STATHEAD_UNAMBIGUOUS_SINGLE_CANDIDATE,False,CREDITED,Drew Lock,LockDr00,00-0035704,STATHEAD_QB_STARTED_QUERY,Stage01 canonical reconciliation rank 2528,STATHEAD_UNAMBIGUOUS_SINGLE_CANDIDATE,False,CREDITED,POSTGAME_ACTUAL_STARTER,ORACLE_STARTER_IDENTITY_ONLY,False
2020,11,REG,2020-11-22,2020_11_NE_HOU,NE,HOU,Cam Newton,NewtCa00,00-0027939,STATHEAD_QB_STARTED_QUERY,Stage01 canonical reconciliation rank 2532,STATHEAD_UNAMBIGUOUS_SINGLE_CANDIDATE,False,CREDITED,Deshaun Watson,WatsDe00,00-0033537,STATHEAD_QB_STARTED_QUERY,Stage01 canonical reconciliation rank 2542,STATHEAD_UNAMBIGUOUS_SINGLE_CANDIDATE,False,CREDITED,POSTGAME_ACTUAL_STARTER,ORACLE_STARTER_IDENTITY_ONLY,False
2020,11,REG,2020-11-22,2020_11_NYJ_LAC,NYJ,LAC,Joe Flacco,FlacJo00,00-0026158,STATHEAD_QB_STARTED_QUERY,Stage01 canonical reconciliation rank 2524,STATHEAD_UNAMBIGUOUS_SINGLE_CANDIDATE,False,CREDITED,Justin Herbert,HerbJu00,00-0036355,STATHEAD_QB_STARTED_QUERY,Stage01 canonical reconciliation rank 2525,STATHEAD_UNAMBIGUOUS_SINGLE_CANDIDATE,False,CREDITED,POSTGAME_ACTUAL_STARTER,ORACLE_STARTER_IDENTITY_ONLY,False
2020,11,REG,2020-11-22,2020_11_PHI_CLE,PHI,CLE,Carson Wentz,WentCa00,00-0032950,STATHEAD_QB_STARTED_QUERY,Stage01 canonical reconciliation rank 2543,STATHEAD_UNAMBIGUOUS_SINGLE_CANDIDATE,False,CREDITED,Baker Mayfield,MayfBa00,00-0034855,STATHEAD_QB_STARTED_QUERY,Stage01 canonical reconciliation rank 2531,STATHEAD_UNAMBIGUOUS_SINGLE_CANDIDATE,False,CREDITED,POSTGAME_ACTUAL_STARTER,ORACLE_STARTER_IDENTITY_ONLY,False
2020,11,REG,2020-11-22,2020_11_PIT_JAX,PIT,JAX,Ben Roethlisberger,RoetBe00,00-0022924,STATHEAD_QB_STARTED_QUERY,Stage01 canonical reconciliation rank 2535,STATHEAD_UNAMBIGUOUS_SINGLE_CANDIDATE,False,CREDITED,Jake Luton,LutoJa00,00-0036312,STATHEAD_QB_STARTED_QUERY,Stage01 canonical reconciliation rank 2529,STATHEAD_UNAMBIGUOUS_SINGLE_CANDIDATE,False,CREDITED,POSTGAME_ACTUAL_STARTER,ORACLE_STARTER_IDENTITY_ONLY,False
2020,11,REG,2020-11-22,2020_11_TEN_BAL,TEN,BAL,Ryan Tannehill,TannRy00,00-0029701,STATHEAD_QB_STARTED_QUERY,Stage01 canonical reconciliation rank 2540,STATHEAD_UNAMBIGUOUS_SINGLE_CANDIDATE,False,CREDITED,Lamar Jackson,JackLa00,00-0034796,STATHEAD_QB_STARTED_QUERY,Stage01 canonical reconciliation rank 2527,STATHEAD_UNAMBIGUOUS_SINGLE_CANDIDATE,False,CREDITED,POSTGAME_ACTUAL_STARTER,ORACLE_STARTER_IDENTITY_ONLY,False
2020,12,REG,2020-11-29,2020_12_ARI_NE,ARI,NE,Kyler Murray,MurrKy00,00-0035228,STATHEAD_QB_STARTED_QUERY,Stage01 canonical reconciliation rank 2507,STATHEAD_UNAMBIGUOUS_SINGLE_CANDIDATE,False,CREDITED,Cam Newton,NewtCa00,00-0027939,STATHEAD_QB_STARTED_QUERY,Stage01 canonical reconciliation rank 2508,STATHEAD_UNAMBIGUOUS_SINGLE_CANDIDATE,False,CREDITED,POSTGAME_ACTUAL_STARTER,ORACLE_STARTER_IDENTITY_ONLY,False
2020,12,REG,2020-12-02,2020_12_BAL_PIT,BAL,PIT,Robert Griffin III,GrifRo01,00-0029665,STATHEAD_QB_STARTED_QUERY,Stage01 canonical reconciliation rank 2487,STATHEAD_UNAMBIGUOUS_SINGLE_CANDIDATE,False,CREDITED,Ben Roethlisberger,RoetBe00,00-0022924,STATHEAD_QB_STARTED_QUERY,Stage01 canonical reconciliation rank 2488,STATHEAD_UNAMBIGUOUS_SINGLE_CANDIDATE,False,CREDITED,POSTGAME_ACTUAL_STARTER,ORACLE_STARTER_IDENTITY_ONLY,False
2020,12,REG,2020-11-29,2020_12_CAR_MIN,CAR,MIN,Teddy Bridgewater,BridTe00,00-0031237,STATHEAD_QB_STARTED_QUERY,Stage01 canonical reconciliation rank 2494,STATHEAD_UNAMBIGUOUS_SINGLE_CANDIDATE,False,CREDITED,Kirk Cousins,CousKi00,00-0029604,STATHEAD_QB_STARTED_QUERY,Stage01 canonical reconciliation rank 2496,STATHEAD_UNAMBIGUOUS_SINGLE_CANDIDATE,False,CREDITED,POSTGAME_ACTUAL_STARTER,ORACLE_STARTER_IDENTITY_ONLY,False
2020,12,REG,2020-11-29,2020_12_CHI_GB,CHI,GB,Mitchell Trubisky,TrubMi00,00-0033869,STATHEAD_QB_STARTED_QUERY,Stage01 canonical reconciliation rank 2513,STATHEAD_UNAMBIGUOUS_SINGLE_CANDIDATE,False,CREDITED,Aaron Rodgers,RodgAa00,00-0023459,STATHEAD_QB_STARTED_QUERY,Stage01 canonical reconciliation rank 2510,STATHEAD_UNAMBIGUOUS_SINGLE_CANDIDATE,False,CREDITED,POSTGAME_ACTUAL_STARTER,ORACLE_STARTER_IDENTITY_ONLY,False
2020,12,REG,2020-11-29,2020_12_CLE_JAX,CLE,JAX,Baker Mayfield,MayfBa00,00-0034855,STATHEAD_QB_STARTED_QUERY,Stage01 canonical reconciliation rank 2505,STATHEAD_UNAMBIGUOUS_SINGLE_CANDIDATE,False,CREDITED,Mike Glennon,GlenMi00,00-0030520,STATHEAD_QB_STARTED_QUERY,Stage01 canonical reconciliation rank 2499,STATHEAD_UNAMBIGUOUS_SINGLE_CANDIDATE,False,CREDITED,POSTGAME_ACTUAL_STARTER,ORACLE_STARTER_IDENTITY_ONLY,False
2020,12,REG,2020-11-26,2020_12_HOU_DET,HOU,DET,Deshaun Watson,WatsDe00,00-0033537,STATHEAD_QB_STARTED_QUERY,Stage01 canonical reconciliation rank 2517,STATHEAD_UNAMBIGUOUS_SINGLE_CANDIDATE,False,CREDITED,Matthew Stafford,StafMa00,00-0026498,STATHEAD_QB_STARTED_QUERY,Stage01 canonical reconciliation rank 2516,STATHEAD_UNAMBIGUOUS_SINGLE_CANDIDATE,False,CREDITED,POSTGAME_ACTUAL_STARTER,ORACLE_STARTER_IDENTITY_ONLY,False
2020,12,REG,2020-11-29,2020_12_KC_TB,KC,TB,Patrick Mahomes,MahoPa00,00-0033873,STATHEAD_QB_STARTED_QUERY,Stage01 canonical reconciliation rank 2504,STATHEAD_UNAMBIGUOUS_SINGLE_CANDIDATE,False,CREDITED,Tom Brady,BradTo00,00-0019596,STATHEAD_QB_STARTED_QUERY,Stage01 canonical reconciliation rank 2493,STATHEAD_UNAMBIGUOUS_SINGLE_CANDIDATE,False,CREDITED,POSTGAME_ACTUAL_STARTER,ORACLE_STARTER_IDENTITY_ONLY,False
2020,12,REG,2020-11-29,2020_12_LAC_BUF,LAC,BUF,Justin Herbert,HerbJu00,00-0036355,STATHEAD_QB_STARTED_QUERY,Stage01 canonical reconciliation rank 2501,STATHEAD_UNAMBIGUOUS_SINGLE_CANDIDATE,False,CREDITED,Josh Allen,AlleJo02,00-0034857,STATHEAD_QB_STARTED_QUERY,Stage01 canonical reconciliation rank 2492,STATHEAD_UNAMBIGUOUS_SINGLE_CANDIDATE,False,CREDITED,POSTGAME_ACTUAL_STARTER,ORACLE_STARTER_IDENTITY_ONLY,False
2020,12,REG,2020-11-29,2020_12_LV_ATL,LV,ATL,Derek Carr,CarrDe02,00-0031280,STATHEAD_QB_STARTED_QUERY,Stage01 canonical reconciliation rank 2495,STATHEAD_UNAMBIGUOUS_SINGLE_CANDIDATE,False,CREDITED,Matt Ryan,RyanMa00,00-0026143,STATHEAD_QB_STARTED_QUERY,Stage01 canonical reconciliation rank 2511,STATHEAD_UNAMBIGUOUS_SINGLE_CANDIDATE,False,CREDITED,POSTGAME_ACTUAL_STARTER,ORACLE_STARTER_IDENTITY_ONLY,False
2020,12,REG,2020-11-29,2020_12_MIA_NYJ,MIA,NYJ,Ryan Fitzpatrick,FitzRy00,00-0023682,STATHEAD_QB_STARTED_QUERY,Stage01 canonical reconciliation rank 2498,STATHEAD_UNAMBIGUOUS_SINGLE_CANDIDATE,False,CREDITED,Sam Darnold,DarnSa00,00-0034869,STATHEAD_QB_STARTED_QUERY,Stage01 canonical reconciliation rank 2497,STATHEAD_UNAMBIGUOUS_SINGLE_CANDIDATE,False,CREDITED,POSTGAME_ACTUAL_STARTER,ORACLE_STARTER_IDENTITY_ONLY,False
2020,12,REG,2020-11-29,2020_12_NO_DEN,NO,DEN,Taysom Hill,HillTa00,00-0033357,STATHEAD_QB_STARTED_QUERY,Stage01 canonical reconciliation rank 2502,STATHEAD_UNAMBIGUOUS_SINGLE_CANDIDATE,False,CREDITED,Kendall Hinton,HintKe00,00-0035864,VALIDATED_MANUAL_WEB_RESEARCH,"Denver Broncos official postgame recap, Under extreme circumstances, Vic Fangio proud of Broncos fight in loss to Saints (2020-11-29); NFL.com QB Index noting no official QB start; PFR /players/H/HintKe00.htm",SPECIAL_KENDALL_HINTON_QB_ROLE_EXCEPTION,True,NONE,POSTGAME_ACTUAL_STARTER,ORACLE_STARTER_IDENTITY_ONLY,False
2020,12,REG,2020-11-29,2020_12_NYG_CIN,NYG,CIN,Daniel Jones,JoneDa05,00-0035710,STATHEAD_QB_STARTED_QUERY,Stage01 canonical reconciliation rank 2503,STATHEAD_UNAMBIGUOUS_SINGLE_CANDIDATE,False,CREDITED,Brandon Allen,AlleBr00,00-0032434,STATHEAD_QB_STARTED_QUERY,Stage01 canonical reconciliation rank 2491,STATHEAD_UNAMBIGUOUS_SINGLE_CANDIDATE,False,CREDITED,POSTGAME_ACTUAL_STARTER,ORACLE_STARTER_IDENTITY_ONLY,False
2020,12,REG,2020-11-30,2020_12_SEA_PHI,SEA,PHI,Russell Wilson,WilsRu00,00-0029263,STATHEAD_QB_STARTED_QUERY,Stage01 canonical reconciliation rank 2490,STATHEAD_UNAMBIGUOUS_SINGLE_CANDIDATE,False,CREDITED,Carson Wentz,WentCa00,00-0032950,STATHEAD_QB_STARTED_QUERY,Stage01 canonical reconciliation rank 2489,STATHEAD_UNAMBIGUOUS_SINGLE_CANDIDATE,False,CREDITED,POSTGAME_ACTUAL_STARTER,ORACLE_STARTER_IDENTITY_ONLY,False
2020,12,REG,2020-11-29,2020_12_SF_LA,SF,LAR,Nick Mullens,MullNi00,00-0033319,STATHEAD_QB_STARTED_QUERY,Stage01 canonical reconciliation rank 2506,STATHEAD_UNAMBIGUOUS_SINGLE_CANDIDATE,False,CREDITED,Jared Goff,GoffJa00,00-0033106,STATHEAD_QB_STARTED_QUERY,Stage01 canonical reconciliation rank 2500,STATHEAD_UNAMBIGUOUS_SINGLE_CANDIDATE,False,CREDITED,POSTGAME_ACTUAL_STARTER,ORACLE_STARTER_IDENTITY_ONLY,False
2020,12,REG,2020-11-29,2020_12_TEN_IND,TEN,IND,Ryan Tannehill,TannRy00,00-0029701,STATHEAD_QB_STARTED_QUERY,Stage01 canonical reconciliation rank 2512,STATHEAD_UNAMBIGUOUS_SINGLE_CANDIDATE,False,CREDITED,Philip Rivers,RivePh00,00-0022942,STATHEAD_QB_STARTED_QUERY,Stage01 canonical reconciliation rank 2509,STATHEAD_UNAMBIGUOUS_SINGLE_CANDIDATE,False,CREDITED,POSTGAME_ACTUAL_STARTER,ORACLE_STARTER_IDENTITY_ONLY,False
2020,12,REG,2020-11-26,2020_12_WAS_DAL,WAS,DAL,Alex Smith,SmitAl03,00-0023436,STATHEAD_QB_STARTED_QUERY,Stage01 canonical reconciliation rank 2515,STATHEAD_UNAMBIGUOUS_SINGLE_CANDIDATE,False,CREDITED,Andy Dalton,DaltAn00,00-0027973,STATHEAD_QB_STARTED_QUERY,Stage01 canonical reconciliation rank 2514,STATHEAD_UNAMBIGUOUS_SINGLE_CANDIDATE,False,CREDITED,POSTGAME_ACTUAL_STARTER,ORACLE_STARTER_IDENTITY_ONLY,False
2020,13,REG,2020-12-07,2020_13_BUF_SF,BUF,SF,Josh Allen,AlleJo02,00-0034857,STATHEAD_QB_STARTED_QUERY,Stage01 canonical reconciliation rank 2459,STATHEAD_UNAMBIGUOUS_SINGLE_CANDIDATE,False,CREDITED,Nick Mullens,MullNi00,00-0033319,STATHEAD_QB_STARTED_QUERY,Stage01 canonical reconciliation rank 2460,STATHEAD_UNAMBIGUOUS_SINGLE_CANDIDATE,False,CREDITED,POSTGAME_ACTUAL_STARTER,ORACLE_STARTER_IDENTITY_ONLY,False
2020,13,REG,2020-12-06,2020_13_CIN_MIA,CIN,MIA,Brandon Allen,AlleBr00,00-0032434,STATHEAD_QB_STARTED_QUERY,Stage01 canonical reconciliation rank 2463,STATHEAD_UNAMBIGUOUS_SINGLE_CANDIDATE,False,CREDITED,Tua Tagovailoa,TagoTu00,00-0036212,STATHEAD_QB_STARTED_QUERY,Stage01 canonical reconciliation rank 2481,STATHEAD_UNAMBIGUOUS_SINGLE_CANDIDATE,False,CREDITED,POSTGAME_ACTUAL_STARTER,ORACLE_STARTER_IDENTITY_ONLY,False
2020,13,REG,2020-12-06,2020_13_CLE_TEN,CLE,TEN,Baker Mayfield,MayfBa00,00-0034855,STATHEAD_QB_STARTED_QUERY,Stage01 canonical reconciliation rank 2473,STATHEAD_UNAMBIGUOUS_SINGLE_CANDIDATE,False,CREDITED,Ryan Tannehill,TannRy00,00-0029701,STATHEAD_QB_STARTED_QUERY,Stage01 canonical reconciliation rank 2482,STATHEAD_UNAMBIGUOUS_SINGLE_CANDIDATE,False,CREDITED,POSTGAME_ACTUAL_STARTER,ORACLE_STARTER_IDENTITY_ONLY,False
2020,13,REG,2020-12-08,2020_13_DAL_BAL,DAL,BAL,Andy Dalton,DaltAn00,00-0027973,STATHEAD_QB_STARTED_QUERY,Stage01 canonical reconciliation rank 2457,STATHEAD_UNAMBIGUOUS_SINGLE_CANDIDATE,False,CREDITED,Lamar Jackson,JackLa00,00-0034796,STATHEAD_QB_STARTED_QUERY,Stage01 canonical reconciliation rank 2458,STATHEAD_UNAMBIGUOUS_SINGLE_CANDIDATE,False,CREDITED,POSTGAME_ACTUAL_STARTER,ORACLE_STARTER_IDENTITY_ONLY,False
2020,13,REG,2020-12-06,2020_13_DEN_KC,DEN,KC,Drew Lock,LockDr00,00-0035704,STATHEAD_QB_STARTED_QUERY,Stage01 canonical reconciliation rank 2471,STATHEAD_UNAMBIGUOUS_SINGLE_CANDIDATE,False,CREDITED,Patrick Mahomes,MahoPa00,00-0033873,STATHEAD_QB_STARTED_QUERY,Stage01 canonical reconciliation rank 2472,STATHEAD_UNAMBIGUOUS_SINGLE_CANDIDATE,False,CREDITED,POSTGAME_ACTUAL_STARTER,ORACLE_STARTER_IDENTITY_ONLY,False
2020,13,REG,2020-12-06,2020_13_DET_CHI,DET,CHI,Matthew Stafford,StafMa00,00-0026498,STATHEAD_QB_STARTED_QUERY,Stage01 canonical reconciliation rank 2480,STATHEAD_UNAMBIGUOUS_SINGLE_CANDIDATE,False,CREDITED,Mitchell Trubisky,TrubMi00,00-0033869,STATHEAD_QB_STARTED_QUERY,Stage01 canonical reconciliation rank 2483,STATHEAD_UNAMBIGUOUS_SINGLE_CANDIDATE,False,CREDITED,POSTGAME_ACTUAL_STARTER,ORACLE_STARTER_IDENTITY_ONLY,False
2020,13,REG,2020-12-06,2020_13_IND_HOU,IND,HOU,Philip Rivers,RivePh00,00-0022942,STATHEAD_QB_STARTED_QUERY,Stage01 canonical reconciliation rank 2477,STATHEAD_UNAMBIGUOUS_SINGLE_CANDIDATE,False,CREDITED,Deshaun Watson,WatsDe00,00-0033537,STATHEAD_QB_STARTED_QUERY,Stage01 canonical reconciliation rank 2484,STATHEAD_UNAMBIGUOUS_SINGLE_CANDIDATE,False,CREDITED,POSTGAME_ACTUAL_STARTER,ORACLE_STARTER_IDENTITY_ONLY,False
2020,13,REG,2020-12-06,2020_13_JAX_MIN,JAX,MIN,Mike Glennon,GlenMi00,00-0030520,STATHEAD_QB_STARTED_QUERY,Stage01 canonical reconciliation rank 2467,STATHEAD_UNAMBIGUOUS_SINGLE_CANDIDATE,False,CREDITED,Kirk Cousins,CousKi00,00-0029604,STATHEAD_QB_STARTED_QUERY,Stage01 canonical reconciliation rank 2465,STATHEAD_UNAMBIGUOUS_SINGLE_CANDIDATE,False,CREDITED,POSTGAME_ACTUAL_STARTER,ORACLE_STARTER_IDENTITY_ONLY,False
2020,13,REG,2020-12-06,2020_13_LA_ARI,LAR,ARI,Jared Goff,GoffJa00,00-0033106,STATHEAD_QB_STARTED_QUERY,Stage01 canonical reconciliation rank 2468,STATHEAD_UNAMBIGUOUS_SINGLE_CANDIDATE,False,CREDITED,Kyler Murray,MurrKy00,00-0035228,STATHEAD_QB_STARTED_QUERY,Stage01 canonical reconciliation rank 2475,STATHEAD_UNAMBIGUOUS_SINGLE_CANDIDATE,False,CREDITED,POSTGAME_ACTUAL_STARTER,ORACLE_STARTER_IDENTITY_ONLY,False
2020,13,REG,2020-12-06,2020_13_LV_NYJ,LV,NYJ,Derek Carr,CarrDe02,00-0031280,STATHEAD_QB_STARTED_QUERY,Stage01 canonical reconciliation rank 2464,STATHEAD_UNAMBIGUOUS_SINGLE_CANDIDATE,False,CREDITED,Sam Darnold,DarnSa00,00-0034869,STATHEAD_QB_STARTED_QUERY,Stage01 canonical reconciliation rank 2466,STATHEAD_UNAMBIGUOUS_SINGLE_CANDIDATE,False,CREDITED,POSTGAME_ACTUAL_STARTER,ORACLE_STARTER_IDENTITY_ONLY,False
2020,13,REG,2020-12-06,2020_13_NE_LAC,NE,LAC,Cam Newton,NewtCa00,00-0027939,STATHEAD_QB_STARTED_QUERY,Stage01 canonical reconciliation rank 2476,STATHEAD_UNAMBIGUOUS_SINGLE_CANDIDATE,False,CREDITED,Justin Herbert,HerbJu00,00-0036355,STATHEAD_QB_STARTED_QUERY,Stage01 canonical reconciliation rank 2469,STATHEAD_UNAMBIGUOUS_SINGLE_CANDIDATE,False,CREDITED,POSTGAME_ACTUAL_STARTER,ORACLE_STARTER_IDENTITY_ONLY,False
2020,13,REG,2020-12-06,2020_13_NO_ATL,NO,ATL,Taysom Hill,HillTa00,00-0033357,STATHEAD_QB_STARTED_QUERY,Stage01 canonical reconciliation rank 2470,STATHEAD_UNAMBIGUOUS_SINGLE_CANDIDATE,False,CREDITED,Matt Ryan,RyanMa00,00-0026143,STATHEAD_QB_STARTED_QUERY,Stage01 canonical reconciliation rank 2479,STATHEAD_UNAMBIGUOUS_SINGLE_CANDIDATE,False,CREDITED,POSTGAME_ACTUAL_STARTER,ORACLE_STARTER_IDENTITY_ONLY,False
2020,13,REG,2020-12-06,2020_13_NYG_SEA,NYG,SEA,Colt McCoy,McCoCo00,00-0027688,STATHEAD_QB_STARTED_QUERY,Stage01 canonical reconciliation rank 2474,STATHEAD_UNAMBIGUOUS_SINGLE_CANDIDATE,False,CREDITED,Russell Wilson,WilsRu00,00-0029263,STATHEAD_QB_STARTED_QUERY,Stage01 canonical reconciliation rank 2486,STATHEAD_UNAMBIGUOUS_SINGLE_CANDIDATE,False,CREDITED,POSTGAME_ACTUAL_STARTER,ORACLE_STARTER_IDENTITY_ONLY,False
2020,13,REG,2020-12-06,2020_13_PHI_GB,PHI,GB,Carson Wentz,WentCa00,00-0032950,STATHEAD_QB_STARTED_QUERY,Stage01 canonical reconciliation rank 2485,STATHEAD_UNAMBIGUOUS_SINGLE_CANDIDATE,False,CREDITED,Aaron Rodgers,RodgAa00,00-0023459,STATHEAD_QB_STARTED_QUERY,Stage01 canonical reconciliation rank 2478,STATHEAD_UNAMBIGUOUS_SINGLE_CANDIDATE,False,CREDITED,POSTGAME_ACTUAL_STARTER,ORACLE_STARTER_IDENTITY_ONLY,False
2020,13,REG,2020-12-07,2020_13_WAS_PIT,WAS,PIT,Alex Smith,SmitAl03,00-0023436,STATHEAD_QB_STARTED_QUERY,Stage01 canonical reconciliation rank 2462,STATHEAD_UNAMBIGUOUS_SINGLE_CANDIDATE,False,CREDITED,Ben Roethlisberger,RoetBe00,00-0022924,STATHEAD_QB_STARTED_QUERY,Stage01 canonical reconciliation rank 2461,STATHEAD_UNAMBIGUOUS_SINGLE_CANDIDATE,False,CREDITED,POSTGAME_ACTUAL_STARTER,ORACLE_STARTER_IDENTITY_ONLY,False
2020,14,REG,2020-12-13,2020_14_ARI_NYG,ARI,NYG,Kyler Murray,MurrKy00,00-0035228,STATHEAD_QB_STARTED_QUERY,Stage01 canonical reconciliation rank 2443,STATHEAD_UNAMBIGUOUS_SINGLE_CANDIDATE,False,CREDITED,Daniel Jones,JoneDa05,00-0035710,STATHEAD_QB_STARTED_QUERY,Stage01 canonical reconciliation rank 2439,STATHEAD_UNAMBIGUOUS_SINGLE_CANDIDATE,False,CREDITED,POSTGAME_ACTUAL_STARTER,ORACLE_STARTER_IDENTITY_ONLY,False
2020,14,REG,2020-12-13,2020_14_ATL_LAC,ATL,LAC,Matt Ryan,RyanMa00,00-0026143,STATHEAD_QB_STARTED_QUERY,Stage01 canonical reconciliation rank 2447,STATHEAD_UNAMBIGUOUS_SINGLE_CANDIDATE,False,CREDITED,Justin Herbert,HerbJu00,00-0036355,STATHEAD_QB_STARTED_QUERY,Stage01 canonical reconciliation rank 2436,STATHEAD_UNAMBIGUOUS_SINGLE_CANDIDATE,False,CREDITED,POSTGAME_ACTUAL_STARTER,ORACLE_STARTER_IDENTITY_ONLY,False
2020,14,REG,2020-12-14,2020_14_BAL_CLE,BAL,CLE,Lamar Jackson,JackLa00,00-0034796,STATHEAD_QB_STARTED_QUERY,Stage01 canonical reconciliation rank 2425,STATHEAD_UNAMBIGUOUS_SINGLE_CANDIDATE,False,CREDITED,Baker Mayfield,MayfBa00,00-0034855,STATHEAD_QB_STARTED_QUERY,Stage01 canonical reconciliation rank 2426,STATHEAD_UNAMBIGUOUS_SINGLE_CANDIDATE,False,CREDITED,POSTGAME_ACTUAL_STARTER,ORACLE_STARTER_IDENTITY_ONLY,False
2020,14,REG,2020-12-13,2020_14_DAL_CIN,DAL,CIN,Andy Dalton,DaltAn00,00-0027973,STATHEAD_QB_STARTED_QUERY,Stage01 canonical reconciliation rank 2433,STATHEAD_UNAMBIGUOUS_SINGLE_CANDIDATE,False,CREDITED,Brandon Allen,AlleBr00,00-0032434,STATHEAD_QB_STARTED_QUERY,Stage01 canonical reconciliation rank 2427,STATHEAD_UNAMBIGUOUS_SINGLE_CANDIDATE,False,CREDITED,POSTGAME_ACTUAL_STARTER,ORACLE_STARTER_IDENTITY_ONLY,False
2020,14,REG,2020-12-13,2020_14_DEN_CAR,DEN,CAR,Drew Lock,LockDr00,00-0035704,STATHEAD_QB_STARTED_QUERY,Stage01 canonical reconciliation rank 2440,STATHEAD_UNAMBIGUOUS_SINGLE_CANDIDATE,False,CREDITED,Teddy Bridgewater,BridTe00,00-0031237,STATHEAD_QB_STARTED_QUERY,Stage01 canonical reconciliation rank 2430,STATHEAD_UNAMBIGUOUS_SINGLE_CANDIDATE,False,CREDITED,POSTGAME_ACTUAL_STARTER,ORACLE_STARTER_IDENTITY_ONLY,False
2020,14,REG,2020-12-13,2020_14_GB_DET,GB,DET,Aaron Rodgers,RodgAa00,00-0023459,STATHEAD_QB_STARTED_QUERY,Stage01 canonical reconciliation rank 2445,STATHEAD_UNAMBIGUOUS_SINGLE_CANDIDATE,False,CREDITED,Matthew Stafford,StafMa00,00-0026498,STATHEAD_QB_STARTED_QUERY,Stage01 canonical reconciliation rank 2449,STATHEAD_UNAMBIGUOUS_SINGLE_CANDIDATE,False,CREDITED,POSTGAME_ACTUAL_STARTER,ORACLE_STARTER_IDENTITY_ONLY,False
2020,14,REG,2020-12-13,2020_14_HOU_CHI,HOU,CHI,Deshaun Watson,WatsDe00,00-0033537,STATHEAD_QB_STARTED_QUERY,Stage01 canonical reconciliation rank 2453,STATHEAD_UNAMBIGUOUS_SINGLE_CANDIDATE,False,CREDITED,Mitchell Trubisky,TrubMi00,00-0033869,STATHEAD_QB_STARTED_QUERY,Stage01 canonical reconciliation rank 2452,STATHEAD_UNAMBIGUOUS_SINGLE_CANDIDATE,False,CREDITED,POSTGAME_ACTUAL_STARTER,ORACLE_STARTER_IDENTITY_ONLY,False
2020,14,REG,2020-12-13,2020_14_IND_LV,IND,LV,Philip Rivers,RivePh00,00-0022942,STATHEAD_QB_STARTED_QUERY,Stage01 canonical reconciliation rank 2444,STATHEAD_UNAMBIGUOUS_SINGLE_CANDIDATE,False,CREDITED,Derek Carr,CarrDe02,00-0031280,STATHEAD_QB_STARTED_QUERY,Stage01 canonical reconciliation rank 2431,STATHEAD_UNAMBIGUOUS_SINGLE_CANDIDATE,False,CREDITED,POSTGAME_ACTUAL_STARTER,ORACLE_STARTER_IDENTITY_ONLY,False
2020,14,REG,2020-12-13,2020_14_KC_MIA,KC,MIA,Patrick Mahomes,MahoPa00,00-0033873,STATHEAD_QB_STARTED_QUERY,Stage01 canonical reconciliation rank 2441,STATHEAD_UNAMBIGUOUS_SINGLE_CANDIDATE,False,CREDITED,Tua Tagovailoa,TagoTu00,00-0036212,STATHEAD_QB_STARTED_QUERY,Stage01 canonical reconciliation rank 2450,STATHEAD_UNAMBIGUOUS_SINGLE_CANDIDATE,False,CREDITED,POSTGAME_ACTUAL_STARTER,ORACLE_STARTER_IDENTITY_ONLY,False
2020,14,REG,2020-12-13,2020_14_MIN_TB,MIN,TB,Kirk Cousins,CousKi00,00-0029604,STATHEAD_QB_STARTED_QUERY,Stage01 canonical reconciliation rank 2432,STATHEAD_UNAMBIGUOUS_SINGLE_CANDIDATE,False,CREDITED,Tom Brady,BradTo00,00-0019596,STATHEAD_QB_STARTED_QUERY,Stage01 canonical reconciliation rank 2429,STATHEAD_UNAMBIGUOUS_SINGLE_CANDIDATE,False,CREDITED,POSTGAME_ACTUAL_STARTER,ORACLE_STARTER_IDENTITY_ONLY,False
2020,14,REG,2020-12-10,2020_14_NE_LA,NE,LAR,Cam Newton,NewtCa00,00-0027939,STATHEAD_QB_STARTED_QUERY,Stage01 canonical reconciliation rank 2456,STATHEAD_UNAMBIGUOUS_SINGLE_CANDIDATE,False,CREDITED,Jared Goff,GoffJa00,00-0033106,STATHEAD_QB_STARTED_QUERY,Stage01 canonical reconciliation rank 2455,STATHEAD_UNAMBIGUOUS_SINGLE_CANDIDATE,False,CREDITED,POSTGAME_ACTUAL_STARTER,ORACLE_STARTER_IDENTITY_ONLY,False
2020,14,REG,2020-12-13,2020_14_NO_PHI,NO,PHI,Taysom Hill,HillTa00,00-0033357,STATHEAD_QB_STARTED_QUERY,Stage01 canonical reconciliation rank 2437,STATHEAD_UNAMBIGUOUS_SINGLE_CANDIDATE,False,CREDITED,Jalen Hurts,HurtJa00,00-0036389,STATHEAD_QB_STARTED_QUERY,Stage01 canonical reconciliation rank 2438,STATHEAD_UNAMBIGUOUS_SINGLE_CANDIDATE,False,CREDITED,POSTGAME_ACTUAL_STARTER,ORACLE_STARTER_IDENTITY_ONLY,False
2020,14,REG,2020-12-13,2020_14_NYJ_SEA,NYJ,SEA,Sam Darnold,DarnSa00,00-0034869,STATHEAD_QB_STARTED_QUERY,Stage01 canonical reconciliation rank 2434,STATHEAD_UNAMBIGUOUS_SINGLE_CANDIDATE,False,CREDITED,Russell Wilson,WilsRu00,00-0029263,STATHEAD_QB_STARTED_QUERY,Stage01 canonical reconciliation rank 2454,STATHEAD_UNAMBIGUOUS_SINGLE_CANDIDATE,False,CREDITED,POSTGAME_ACTUAL_STARTER,ORACLE_STARTER_IDENTITY_ONLY,False
2020,14,REG,2020-12-13,2020_14_PIT_BUF,PIT,BUF,Ben Roethlisberger,RoetBe00,00-0022924,STATHEAD_QB_STARTED_QUERY,Stage01 canonical reconciliation rank 2446,STATHEAD_UNAMBIGUOUS_SINGLE_CANDIDATE,False,CREDITED,Josh Allen,AlleJo02,00-0034857,STATHEAD_QB_STARTED_QUERY,Stage01 canonical reconciliation rank 2428,STATHEAD_UNAMBIGUOUS_SINGLE_CANDIDATE,False,CREDITED,POSTGAME_ACTUAL_STARTER,ORACLE_STARTER_IDENTITY_ONLY,False
2020,14,REG,2020-12-13,2020_14_TEN_JAX,TEN,JAX,Ryan Tannehill,TannRy00,00-0029701,STATHEAD_QB_STARTED_QUERY,Stage01 canonical reconciliation rank 2451,STATHEAD_UNAMBIGUOUS_SINGLE_CANDIDATE,False,CREDITED,Mike Glennon,GlenMi00,00-0030520,STATHEAD_QB_STARTED_QUERY,Stage01 canonical reconciliation rank 2435,STATHEAD_UNAMBIGUOUS_SINGLE_CANDIDATE,False,CREDITED,POSTGAME_ACTUAL_STARTER,ORACLE_STARTER_IDENTITY_ONLY,False
2020,14,REG,2020-12-13,2020_14_WAS_SF,WAS,SF,Alex Smith,SmitAl03,00-0023436,STATHEAD_QB_STARTED_QUERY,Stage01 canonical reconciliation rank 2448,STATHEAD_UNAMBIGUOUS_SINGLE_CANDIDATE,False,CREDITED,Nick Mullens,MullNi00,00-0033319,STATHEAD_QB_STARTED_QUERY,Stage01 canonical reconciliation rank 2442,STATHEAD_UNAMBIGUOUS_SINGLE_CANDIDATE,False,CREDITED,POSTGAME_ACTUAL_STARTER,ORACLE_STARTER_IDENTITY_ONLY,False
2020,15,REG,2020-12-19,2020_15_BUF_DEN,BUF,DEN,Josh Allen,AlleJo02,00-0034857,STATHEAD_QB_STARTED_QUERY,Stage01 canonical reconciliation rank 2419,STATHEAD_UNAMBIGUOUS_SINGLE_CANDIDATE,False,CREDITED,Drew Lock,LockDr00,00-0035704,STATHEAD_QB_STARTED_QUERY,Stage01 canonical reconciliation rank 2421,STATHEAD_UNAMBIGUOUS_SINGLE_CANDIDATE,False,CREDITED,POSTGAME_ACTUAL_STARTER,ORACLE_STARTER_IDENTITY_ONLY,False
2020,15,REG,2020-12-19,2020_15_CAR_GB,CAR,GB,Teddy Bridgewater,BridTe00,00-0031237,STATHEAD_QB_STARTED_QUERY,Stage01 canonical reconciliation rank 2420,STATHEAD_UNAMBIGUOUS_SINGLE_CANDIDATE,False,CREDITED,Aaron Rodgers,RodgAa00,00-0023459,STATHEAD_QB_STARTED_QUERY,Stage01 canonical reconciliation rank 2422,STATHEAD_UNAMBIGUOUS_SINGLE_CANDIDATE,False,CREDITED,POSTGAME_ACTUAL_STARTER,ORACLE_STARTER_IDENTITY_ONLY,False
2020,15,REG,2020-12-20,2020_15_CHI_MIN,CHI,MIN,Mitchell Trubisky,TrubMi00,00-0033869,STATHEAD_QB_STARTED_QUERY,Stage01 canonical reconciliation rank 2416,STATHEAD_UNAMBIGUOUS_SINGLE_CANDIDATE,False,CREDITED,Kirk Cousins,CousKi00,00-0029604,STATHEAD_QB_STARTED_QUERY,Stage01 canonical reconciliation rank 2397,STATHEAD_UNAMBIGUOUS_SINGLE_CANDIDATE,False,CREDITED,POSTGAME_ACTUAL_STARTER,ORACLE_STARTER_IDENTITY_ONLY,False
2020,15,REG,2020-12-20,2020_15_CLE_NYG,CLE,NYG,Baker Mayfield,MayfBa00,00-0034855,STATHEAD_QB_STARTED_QUERY,Stage01 canonical reconciliation rank 2405,STATHEAD_UNAMBIGUOUS_SINGLE_CANDIDATE,False,CREDITED,Colt McCoy,McCoCo00,00-0027688,STATHEAD_QB_STARTED_QUERY,Stage01 canonical reconciliation rank 2406,STATHEAD_UNAMBIGUOUS_SINGLE_CANDIDATE,False,CREDITED,POSTGAME_ACTUAL_STARTER,ORACLE_STARTER_IDENTITY_ONLY,False
2020,15,REG,2020-12-20,2020_15_DET_TEN,DET,TEN,Matthew Stafford,StafMa00,00-0026498,STATHEAD_QB_STARTED_QUERY,Stage01 canonical reconciliation rank 2413,STATHEAD_UNAMBIGUOUS_SINGLE_CANDIDATE,False,CREDITED,Ryan Tannehill,TannRy00,00-0029701,STATHEAD_QB_STARTED_QUERY,Stage01 canonical reconciliation rank 2415,STATHEAD_UNAMBIGUOUS_SINGLE_CANDIDATE,False,CREDITED,POSTGAME_ACTUAL_STARTER,ORACLE_STARTER_IDENTITY_ONLY,False
2020,15,REG,2020-12-20,2020_15_HOU_IND,HOU,IND,Deshaun Watson,WatsDe00,00-0033537,STATHEAD_QB_STARTED_QUERY,Stage01 canonical reconciliation rank 2417,STATHEAD_UNAMBIGUOUS_SINGLE_CANDIDATE,False,CREDITED,Philip Rivers,RivePh00,00-0022942,STATHEAD_QB_STARTED_QUERY,Stage01 canonical reconciliation rank 2411,STATHEAD_UNAMBIGUOUS_SINGLE_CANDIDATE,False,CREDITED,POSTGAME_ACTUAL_STARTER,ORACLE_STARTER_IDENTITY_ONLY,False
2020,15,REG,2020-12-20,2020_15_JAX_BAL,JAX,BAL,Gardner Minshew II,MinsGa00,00-0035289,STATHEAD_QB_STARTED_QUERY,Stage01 canonical reconciliation rank 2407,STATHEAD_UNAMBIGUOUS_SINGLE_CANDIDATE,False,CREDITED,Lamar Jackson,JackLa00,00-0034796,STATHEAD_QB_STARTED_QUERY,Stage01 canonical reconciliation rank 2403,STATHEAD_UNAMBIGUOUS_SINGLE_CANDIDATE,False,CREDITED,POSTGAME_ACTUAL_STARTER,ORACLE_STARTER_IDENTITY_ONLY,False
2020,15,REG,2020-12-20,2020_15_KC_NO,KC,NO,Patrick Mahomes,MahoPa00,00-0033873,STATHEAD_QB_STARTED_QUERY,Stage01 canonical reconciliation rank 2404,STATHEAD_UNAMBIGUOUS_SINGLE_CANDIDATE,False,CREDITED,Drew Brees,BreeDr00,00-0020531,STATHEAD_QB_STARTED_QUERY,Stage01 canonical reconciliation rank 2396,STATHEAD_UNAMBIGUOUS_SINGLE_CANDIDATE,False,CREDITED,POSTGAME_ACTUAL_STARTER,ORACLE_STARTER_IDENTITY_ONLY,False
2020,15,REG,2020-12-17,2020_15_LAC_LV,LAC,LV,Justin Herbert,HerbJu00,00-0036355,STATHEAD_QB_STARTED_QUERY,Stage01 canonical reconciliation rank 2424,STATHEAD_UNAMBIGUOUS_SINGLE_CANDIDATE,False,CREDITED,Derek Carr,CarrDe02,00-0031280,STATHEAD_QB_STARTED_QUERY,Stage01 canonical reconciliation rank 2423,STATHEAD_UNAMBIGUOUS_SINGLE_CANDIDATE,False,CREDITED,POSTGAME_ACTUAL_STARTER,ORACLE_STARTER_IDENTITY_ONLY,False
2020,15,REG,2020-12-20,2020_15_NE_MIA,NE,MIA,Cam Newton,NewtCa00,00-0027939,STATHEAD_QB_STARTED_QUERY,Stage01 canonical reconciliation rank 2410,STATHEAD_UNAMBIGUOUS_SINGLE_CANDIDATE,False,CREDITED,Tua Tagovailoa,TagoTu00,00-0036212,STATHEAD_QB_STARTED_QUERY,Stage01 canonical reconciliation rank 2414,STATHEAD_UNAMBIGUOUS_SINGLE_CANDIDATE,False,CREDITED,POSTGAME_ACTUAL_STARTER,ORACLE_STARTER_IDENTITY_ONLY,False
2020,15,REG,2020-12-20,2020_15_NYJ_LA,NYJ,LAR,Sam Darnold,DarnSa00,00-0034869,STATHEAD_QB_STARTED_QUERY,Stage01 canonical reconciliation rank 2399,STATHEAD_UNAMBIGUOUS_SINGLE_CANDIDATE,False,CREDITED,Jared Goff,GoffJa00,00-0033106,STATHEAD_QB_STARTED_QUERY,Stage01 canonical reconciliation rank 2400,STATHEAD_UNAMBIGUOUS_SINGLE_CANDIDATE,False,CREDITED,POSTGAME_ACTUAL_STARTER,ORACLE_STARTER_IDENTITY_ONLY,False
2020,15,REG,2020-12-20,2020_15_PHI_ARI,PHI,ARI,Jalen Hurts,HurtJa00,00-0036389,STATHEAD_QB_STARTED_QUERY,Stage01 canonical reconciliation rank 2402,STATHEAD_UNAMBIGUOUS_SINGLE_CANDIDATE,False,CREDITED,Kyler Murray,MurrKy00,00-0035228,STATHEAD_QB_STARTED_QUERY,Stage01 canonical reconciliation rank 2409,STATHEAD_UNAMBIGUOUS_SINGLE_CANDIDATE,False,CREDITED,POSTGAME_ACTUAL_STARTER,ORACLE_STARTER_IDENTITY_ONLY,False
2020,15,REG,2020-12-21,2020_15_PIT_CIN,PIT,CIN,Ben Roethlisberger,RoetBe00,00-0022924,STATHEAD_QB_STARTED_QUERY,Stage01 canonical reconciliation rank 2394,STATHEAD_UNAMBIGUOUS_SINGLE_CANDIDATE,False,CREDITED,Ryan Finley,FinlRy00,00-0035652,STATHEAD_QB_STARTED_QUERY,Stage01 canonical reconciliation rank 2393,STATHEAD_UNAMBIGUOUS_SINGLE_CANDIDATE,False,CREDITED,POSTGAME_ACTUAL_STARTER,ORACLE_STARTER_IDENTITY_ONLY,False
2020,15,REG,2020-12-20,2020_15_SEA_WAS,SEA,WAS,Russell Wilson,WilsRu00,00-0029263,STATHEAD_QB_STARTED_QUERY,Stage01 canonical reconciliation rank 2418,STATHEAD_UNAMBIGUOUS_SINGLE_CANDIDATE,False,CREDITED,Dwayne Haskins,HaskDw00,00-0035232,STATHEAD_QB_STARTED_QUERY,Stage01 canonical reconciliation rank 2401,STATHEAD_UNAMBIGUOUS_SINGLE_CANDIDATE,False,CREDITED,POSTGAME_ACTUAL_STARTER,ORACLE_STARTER_IDENTITY_ONLY,False
2020,15,REG,2020-12-20,2020_15_SF_DAL,SF,DAL,Nick Mullens,MullNi00,00-0033319,STATHEAD_QB_STARTED_QUERY,Stage01 canonical reconciliation rank 2408,STATHEAD_UNAMBIGUOUS_SINGLE_CANDIDATE,False,CREDITED,Andy Dalton,DaltAn00,00-0027973,STATHEAD_QB_STARTED_QUERY,Stage01 canonical reconciliation rank 2398,STATHEAD_UNAMBIGUOUS_SINGLE_CANDIDATE,False,CREDITED,POSTGAME_ACTUAL_STARTER,ORACLE_STARTER_IDENTITY_ONLY,False
2020,15,REG,2020-12-20,2020_15_TB_ATL,TB,ATL,Tom Brady,BradTo00,00-0019596,STATHEAD_QB_STARTED_QUERY,Stage01 canonical reconciliation rank 2395,STATHEAD_UNAMBIGUOUS_SINGLE_CANDIDATE,False,CREDITED,Matt Ryan,RyanMa00,00-0026143,STATHEAD_QB_STARTED_QUERY,Stage01 canonical reconciliation rank 2412,STATHEAD_UNAMBIGUOUS_SINGLE_CANDIDATE,False,CREDITED,POSTGAME_ACTUAL_STARTER,ORACLE_STARTER_IDENTITY_ONLY,False
2020,16,REG,2020-12-27,2020_16_ATL_KC,ATL,KC,Matt Ryan,RyanMa00,00-0026143,STATHEAD_QB_STARTED_QUERY,Stage01 canonical reconciliation rank 2380,STATHEAD_UNAMBIGUOUS_SINGLE_CANDIDATE,False,CREDITED,Patrick Mahomes,MahoPa00,00-0033873,STATHEAD_QB_STARTED_QUERY,Stage01 canonical reconciliation rank 2375,STATHEAD_UNAMBIGUOUS_SINGLE_CANDIDATE,False,CREDITED,POSTGAME_ACTUAL_STARTER,ORACLE_STARTER_IDENTITY_ONLY,False
2020,16,REG,2020-12-28,2020_16_BUF_NE,BUF,NE,Josh Allen,AlleJo02,00-0034857,STATHEAD_QB_STARTED_QUERY,Stage01 canonical reconciliation rank 2361,STATHEAD_UNAMBIGUOUS_SINGLE_CANDIDATE,False,CREDITED,Cam Newton,NewtCa00,00-0027939,STATHEAD_QB_STARTED_QUERY,Stage01 canonical reconciliation rank 2362,STATHEAD_UNAMBIGUOUS_SINGLE_CANDIDATE,False,CREDITED,POSTGAME_ACTUAL_STARTER,ORACLE_STARTER_IDENTITY_ONLY,False
2020,16,REG,2020-12-27,2020_16_CAR_WAS,CAR,WAS,Teddy Bridgewater,BridTe00,00-0031237,STATHEAD_QB_STARTED_QUERY,Stage01 canonical reconciliation rank 2364,STATHEAD_UNAMBIGUOUS_SINGLE_CANDIDATE,False,CREDITED,Dwayne Haskins,HaskDw00,00-0035232,STATHEAD_QB_STARTED_QUERY,Stage01 canonical reconciliation rank 2369,STATHEAD_UNAMBIGUOUS_SINGLE_CANDIDATE,False,CREDITED,POSTGAME_ACTUAL_STARTER,ORACLE_STARTER_IDENTITY_ONLY,False
2020,16,REG,2020-12-27,2020_16_CHI_JAX,CHI,JAX,Mitchell Trubisky,TrubMi00,00-0033869,STATHEAD_QB_STARTED_QUERY,Stage01 canonical reconciliation rank 2382,STATHEAD_UNAMBIGUOUS_SINGLE_CANDIDATE,False,CREDITED,Mike Glennon,GlenMi00,00-0030520,STATHEAD_QB_STARTED_QUERY,Stage01 canonical reconciliation rank 2367,STATHEAD_UNAMBIGUOUS_SINGLE_CANDIDATE,False,CREDITED,POSTGAME_ACTUAL_STARTER,ORACLE_STARTER_IDENTITY_ONLY,False
2020,16,REG,2020-12-27,2020_16_CIN_HOU,CIN,HOU,Brandon Allen,AlleBr00,00-0032434,STATHEAD_QB_STARTED_QUERY,Stage01 canonical reconciliation rank 2363,STATHEAD_UNAMBIGUOUS_SINGLE_CANDIDATE,False,CREDITED,Deshaun Watson,WatsDe00,00-0033537,STATHEAD_QB_STARTED_QUERY,Stage01 canonical reconciliation rank 2383,STATHEAD_UNAMBIGUOUS_SINGLE_CANDIDATE,False,CREDITED,POSTGAME_ACTUAL_STARTER,ORACLE_STARTER_IDENTITY_ONLY,False
2020,16,REG,2020-12-27,2020_16_CLE_NYJ,CLE,NYJ,Baker Mayfield,MayfBa00,00-0034855,STATHEAD_QB_STARTED_QUERY,Stage01 canonical reconciliation rank 2376,STATHEAD_UNAMBIGUOUS_SINGLE_CANDIDATE,False,CREDITED,Sam Darnold,DarnSa00,00-0034869,STATHEAD_QB_STARTED_QUERY,Stage01 canonical reconciliation rank 2366,STATHEAD_UNAMBIGUOUS_SINGLE_CANDIDATE,False,CREDITED,POSTGAME_ACTUAL_STARTER,ORACLE_STARTER_IDENTITY_ONLY,False
2020,16,REG,2020-12-27,2020_16_DEN_LAC,DEN,LAC,Drew Lock,LockDr00,00-0035704,STATHEAD_QB_STARTED_QUERY,Stage01 canonical reconciliation rank 2374,STATHEAD_UNAMBIGUOUS_SINGLE_CANDIDATE,False,CREDITED,Justin Herbert,HerbJu00,00-0036355,STATHEAD_QB_STARTED_QUERY,Stage01 canonical reconciliation rank 2370,STATHEAD_UNAMBIGUOUS_SINGLE_CANDIDATE,False,CREDITED,POSTGAME_ACTUAL_STARTER,ORACLE_STARTER_IDENTITY_ONLY,False
2020,16,REG,2020-12-27,2020_16_IND_PIT,IND,PIT,Philip Rivers,RivePh00,00-0022942,STATHEAD_QB_STARTED_QUERY,Stage01 canonical reconciliation rank 2377,STATHEAD_UNAMBIGUOUS_SINGLE_CANDIDATE,False,CREDITED,Ben Roethlisberger,RoetBe00,00-0022924,STATHEAD_QB_STARTED_QUERY,Stage01 canonical reconciliation rank 2379,STATHEAD_UNAMBIGUOUS_SINGLE_CANDIDATE,False,CREDITED,POSTGAME_ACTUAL_STARTER,ORACLE_STARTER_IDENTITY_ONLY,False
2020,16,REG,2020-12-27,2020_16_LA_SEA,LAR,SEA,Jared Goff,GoffJa00,00-0033106,STATHEAD_QB_STARTED_QUERY,Stage01 canonical reconciliation rank 2368,STATHEAD_UNAMBIGUOUS_SINGLE_CANDIDATE,False,CREDITED,Russell Wilson,WilsRu00,00-0029263,STATHEAD_QB_STARTED_QUERY,Stage01 canonical reconciliation rank 2384,STATHEAD_UNAMBIGUOUS_SINGLE_CANDIDATE,False,CREDITED,POSTGAME_ACTUAL_STARTER,ORACLE_STARTER_IDENTITY_ONLY,False
2020,16,REG,2020-12-26,2020_16_MIA_LV,MIA,LV,Tua Tagovailoa,TagoTu00,00-0036212,STATHEAD_QB_STARTED_QUERY,Stage01 canonical reconciliation rank 2390,STATHEAD_UNAMBIGUOUS_SINGLE_CANDIDATE,False,CREDITED,Derek Carr,CarrDe02,00-0031280,STATHEAD_QB_STARTED_QUERY,Stage01 canonical reconciliation rank 2387,STATHEAD_UNAMBIGUOUS_SINGLE_CANDIDATE,False,CREDITED,POSTGAME_ACTUAL_STARTER,ORACLE_STARTER_IDENTITY_ONLY,False
2020,16,REG,2020-12-25,2020_16_MIN_NO,MIN,NO,Kirk Cousins,CousKi00,00-0029604,STATHEAD_QB_STARTED_QUERY,Stage01 canonical reconciliation rank 2392,STATHEAD_UNAMBIGUOUS_SINGLE_CANDIDATE,False,CREDITED,Drew Brees,BreeDr00,00-0020531,STATHEAD_QB_STARTED_QUERY,Stage01 canonical reconciliation rank 2391,STATHEAD_UNAMBIGUOUS_SINGLE_CANDIDATE,False,CREDITED,POSTGAME_ACTUAL_STARTER,ORACLE_STARTER_IDENTITY_ONLY,False
2020,16,REG,2020-12-27,2020_16_NYG_BAL,NYG,BAL,Daniel Jones,JoneDa05,00-0035710,STATHEAD_QB_STARTED_QUERY,Stage01 canonical reconciliation rank 2373,STATHEAD_UNAMBIGUOUS_SINGLE_CANDIDATE,False,CREDITED,Lamar Jackson,JackLa00,00-0034796,STATHEAD_QB_STARTED_QUERY,Stage01 canonical reconciliation rank 2372,STATHEAD_UNAMBIGUOUS_SINGLE_CANDIDATE,False,CREDITED,POSTGAME_ACTUAL_STARTER,ORACLE_STARTER_IDENTITY_ONLY,False
2020,16,REG,2020-12-27,2020_16_PHI_DAL,PHI,DAL,Jalen Hurts,HurtJa00,00-0036389,STATHEAD_QB_STARTED_QUERY,Stage01 canonical reconciliation rank 2371,STATHEAD_UNAMBIGUOUS_SINGLE_CANDIDATE,False,CREDITED,Andy Dalton,DaltAn00,00-0027973,STATHEAD_QB_STARTED_QUERY,Stage01 canonical reconciliation rank 2365,STATHEAD_UNAMBIGUOUS_SINGLE_CANDIDATE,False,CREDITED,POSTGAME_ACTUAL_STARTER,ORACLE_STARTER_IDENTITY_ONLY,False
2020,16,REG,2020-12-26,2020_16_SF_ARI,SF,ARI,C.J. Beathard,BeatC.00,00-0033936,STATHEAD_QB_STARTED_QUERY,Stage01 canonical reconciliation rank 2385,STATHEAD_UNAMBIGUOUS_SINGLE_CANDIDATE,False,CREDITED,Kyler Murray,MurrKy00,00-0035228,STATHEAD_QB_STARTED_QUERY,Stage01 canonical reconciliation rank 2388,STATHEAD_UNAMBIGUOUS_SINGLE_CANDIDATE,False,CREDITED,POSTGAME_ACTUAL_STARTER,ORACLE_STARTER_IDENTITY_ONLY,False
2020,16,REG,2020-12-26,2020_16_TB_DET,TB,DET,Tom Brady,BradTo00,00-0019596,STATHEAD_QB_STARTED_QUERY,Stage01 canonical reconciliation rank 2386,STATHEAD_UNAMBIGUOUS_SINGLE_CANDIDATE,False,CREDITED,Matthew Stafford,StafMa00,00-0026498,STATHEAD_QB_STARTED_QUERY,Stage01 canonical reconciliation rank 2389,STATHEAD_UNAMBIGUOUS_SINGLE_CANDIDATE,False,CREDITED,POSTGAME_ACTUAL_STARTER,ORACLE_STARTER_IDENTITY_ONLY,False
2020,16,REG,2020-12-27,2020_16_TEN_GB,TEN,GB,Ryan Tannehill,TannRy00,00-0029701,STATHEAD_QB_STARTED_QUERY,Stage01 canonical reconciliation rank 2381,STATHEAD_UNAMBIGUOUS_SINGLE_CANDIDATE,False,CREDITED,Aaron Rodgers,RodgAa00,00-0023459,STATHEAD_QB_STARTED_QUERY,Stage01 canonical reconciliation rank 2378,STATHEAD_UNAMBIGUOUS_SINGLE_CANDIDATE,False,CREDITED,POSTGAME_ACTUAL_STARTER,ORACLE_STARTER_IDENTITY_ONLY,False
2020,17,REG,2021-01-03,2020_17_ARI_LA,ARI,LAR,Kyler Murray,MurrKy00,00-0035228,STATHEAD_QB_STARTED_QUERY,Stage01 canonical reconciliation rank 2347,STATHEAD_UNAMBIGUOUS_SINGLE_CANDIDATE,False,CREDITED,John Wolford,WolfJo00,00-0034899,STATHEAD_QB_STARTED_QUERY,Stage01 canonical reconciliation rank 2360,STATHEAD_UNAMBIGUOUS_SINGLE_CANDIDATE,False,CREDITED,POSTGAME_ACTUAL_STARTER,ORACLE_STARTER_IDENTITY_ONLY,False
2020,17,REG,2021-01-03,2020_17_ATL_TB,ATL,TB,Matt Ryan,RyanMa00,00-0026143,STATHEAD_QB_STARTED_QUERY,Stage01 canonical reconciliation rank 2352,STATHEAD_UNAMBIGUOUS_SINGLE_CANDIDATE,False,CREDITED,Tom Brady,BradTo00,00-0019596,STATHEAD_QB_STARTED_QUERY,Stage01 canonical reconciliation rank 2332,STATHEAD_UNAMBIGUOUS_SINGLE_CANDIDATE,False,CREDITED,POSTGAME_ACTUAL_STARTER,ORACLE_STARTER_IDENTITY_ONLY,False
2020,17,REG,2021-01-03,2020_17_BAL_CIN,BAL,CIN,Lamar Jackson,JackLa00,00-0034796,STATHEAD_QB_STARTED_QUERY,Stage01 canonical reconciliation rank 2343,STATHEAD_UNAMBIGUOUS_SINGLE_CANDIDATE,False,CREDITED,Brandon Allen,AlleBr00,00-0032434,STATHEAD_QB_STARTED_QUERY,Stage01 canonical reconciliation rank 2329,STATHEAD_UNAMBIGUOUS_SINGLE_CANDIDATE,False,CREDITED,POSTGAME_ACTUAL_STARTER,ORACLE_STARTER_IDENTITY_ONLY,False
2020,17,REG,2021-01-03,2020_17_DAL_NYG,DAL,NYG,Andy Dalton,DaltAn00,00-0027973,STATHEAD_QB_STARTED_QUERY,Stage01 canonical reconciliation rank 2337,STATHEAD_UNAMBIGUOUS_SINGLE_CANDIDATE,False,CREDITED,Daniel Jones,JoneDa05,00-0035710,STATHEAD_QB_STARTED_QUERY,Stage01 canonical reconciliation rank 2344,STATHEAD_UNAMBIGUOUS_SINGLE_CANDIDATE,False,CREDITED,POSTGAME_ACTUAL_STARTER,ORACLE_STARTER_IDENTITY_ONLY,False
2020,17,REG,2021-01-03,2020_17_GB_CHI,GB,CHI,Aaron Rodgers,RodgAa00,00-0023459,STATHEAD_QB_STARTED_QUERY,Stage01 canonical reconciliation rank 2350,STATHEAD_UNAMBIGUOUS_SINGLE_CANDIDATE,False,CREDITED,Mitchell Trubisky,TrubMi00,00-0033869,STATHEAD_QB_STARTED_QUERY,Stage01 canonical reconciliation rank 2357,STATHEAD_UNAMBIGUOUS_SINGLE_CANDIDATE,False,CREDITED,POSTGAME_ACTUAL_STARTER,ORACLE_STARTER_IDENTITY_ONLY,False
2020,17,REG,2021-01-03,2020_17_JAX_IND,JAX,IND,Mike Glennon,GlenMi00,00-0030520,STATHEAD_QB_STARTED_QUERY,Stage01 canonical reconciliation rank 2339,STATHEAD_UNAMBIGUOUS_SINGLE_CANDIDATE,False,CREDITED,Philip Rivers,RivePh00,00-0022942,STATHEAD_QB_STARTED_QUERY,Stage01 canonical reconciliation rank 2349,STATHEAD_UNAMBIGUOUS_SINGLE_CANDIDATE,False,CREDITED,POSTGAME_ACTUAL_STARTER,ORACLE_STARTER_IDENTITY_ONLY,False
2020,17,REG,2021-01-03,2020_17_LAC_KC,LAC,KC,Justin Herbert,HerbJu00,00-0036355,STATHEAD_QB_STARTED_QUERY,Stage01 canonical reconciliation rank 2341,STATHEAD_UNAMBIGUOUS_SINGLE_CANDIDATE,False,CREDITED,Chad Henne,HennCh01,00-0026197,STATHEAD_QB_STARTED_QUERY,Stage01 canonical reconciliation rank 2340,STATHEAD_UNAMBIGUOUS_SINGLE_CANDIDATE,False,CREDITED,POSTGAME_ACTUAL_STARTER,ORACLE_STARTER_IDENTITY_ONLY,False
2020,17,REG,2021-01-03,2020_17_LV_DEN,LV,DEN,Derek Carr,CarrDe02,00-0031280,STATHEAD_QB_STARTED_QUERY,Stage01 canonical reconciliation rank 2335,STATHEAD_UNAMBIGUOUS_SINGLE_CANDIDATE,False,CREDITED,Drew Lock,LockDr00,00-0035704,STATHEAD_QB_STARTED_QUERY,Stage01 canonical reconciliation rank 2345,STATHEAD_UNAMBIGUOUS_SINGLE_CANDIDATE,False,CREDITED,POSTGAME_ACTUAL_STARTER,ORACLE_STARTER_IDENTITY_ONLY,False
2020,17,REG,2021-01-03,2020_17_MIA_BUF,MIA,BUF,Tua Tagovailoa,TagoTu00,00-0036212,STATHEAD_QB_STARTED_QUERY,Stage01 canonical reconciliation rank 2355,STATHEAD_UNAMBIGUOUS_SINGLE_CANDIDATE,False,CREDITED,Josh Allen,AlleJo02,00-0034857,STATHEAD_QB_STARTED_QUERY,Stage01 canonical reconciliation rank 2330,STATHEAD_UNAMBIGUOUS_SINGLE_CANDIDATE,False,CREDITED,POSTGAME_ACTUAL_STARTER,ORACLE_STARTER_IDENTITY_ONLY,False
2020,17,REG,2021-01-03,2020_17_MIN_DET,MIN,DET,Kirk Cousins,CousKi00,00-0029604,STATHEAD_QB_STARTED_QUERY,Stage01 canonical reconciliation rank 2336,STATHEAD_UNAMBIGUOUS_SINGLE_CANDIDATE,False,CREDITED,Matthew Stafford,StafMa00,00-0026498,STATHEAD_QB_STARTED_QUERY,Stage01 canonical reconciliation rank 2354,STATHEAD_UNAMBIGUOUS_SINGLE_CANDIDATE,False,CREDITED,POSTGAME_ACTUAL_STARTER,ORACLE_STARTER_IDENTITY_ONLY,False
2020,17,REG,2021-01-03,2020_17_NO_CAR,NO,CAR,Drew Brees,BreeDr00,00-0020531,STATHEAD_QB_STARTED_QUERY,Stage01 canonical reconciliation rank 2333,STATHEAD_UNAMBIGUOUS_SINGLE_CANDIDATE,False,CREDITED,Teddy Bridgewater,BridTe00,00-0031237,STATHEAD_QB_STARTED_QUERY,Stage01 canonical reconciliation rank 2334,STATHEAD_UNAMBIGUOUS_SINGLE_CANDIDATE,False,CREDITED,POSTGAME_ACTUAL_STARTER,ORACLE_STARTER_IDENTITY_ONLY,False
2020,17,REG,2021-01-03,2020_17_NYJ_NE,NYJ,NE,Sam Darnold,DarnSa00,00-0034869,STATHEAD_QB_STARTED_QUERY,Stage01 canonical reconciliation rank 2338,STATHEAD_UNAMBIGUOUS_SINGLE_CANDIDATE,False,CREDITED,Cam Newton,NewtCa00,00-0027939,STATHEAD_QB_STARTED_QUERY,Stage01 canonical reconciliation rank 2348,STATHEAD_UNAMBIGUOUS_SINGLE_CANDIDATE,False,CREDITED,POSTGAME_ACTUAL_STARTER,ORACLE_STARTER_IDENTITY_ONLY,False
2020,17,REG,2021-01-03,2020_17_PIT_CLE,PIT,CLE,Mason Rudolph,RudoMa00,00-0034771,STATHEAD_QB_STARTED_QUERY,Stage01 canonical reconciliation rank 2351,STATHEAD_UNAMBIGUOUS_SINGLE_CANDIDATE,False,CREDITED,Baker Mayfield,MayfBa00,00-0034855,STATHEAD_QB_STARTED_QUERY,Stage01 canonical reconciliation rank 2346,STATHEAD_UNAMBIGUOUS_SINGLE_CANDIDATE,False,CREDITED,POSTGAME_ACTUAL_STARTER,ORACLE_STARTER_IDENTITY_ONLY,False
2020,17,REG,2021-01-03,2020_17_SEA_SF,SEA,SF,Russell Wilson,WilsRu00,00-0029263,STATHEAD_QB_STARTED_QUERY,Stage01 canonical reconciliation rank 2359,STATHEAD_UNAMBIGUOUS_SINGLE_CANDIDATE,False,CREDITED,C.J. Beathard,BeatC.00,00-0033936,STATHEAD_QB_STARTED_QUERY,Stage01 canonical reconciliation rank 2331,STATHEAD_UNAMBIGUOUS_SINGLE_CANDIDATE,False,CREDITED,POSTGAME_ACTUAL_STARTER,ORACLE_STARTER_IDENTITY_ONLY,False
2020,17,REG,2021-01-03,2020_17_TEN_HOU,TEN,HOU,Ryan Tannehill,TannRy00,00-0029701,STATHEAD_QB_STARTED_QUERY,Stage01 canonical reconciliation rank 2356,STATHEAD_UNAMBIGUOUS_SINGLE_CANDIDATE,False,CREDITED,Deshaun Watson,WatsDe00,00-0033537,STATHEAD_QB_STARTED_QUERY,Stage01 canonical reconciliation rank 2358,STATHEAD_UNAMBIGUOUS_SINGLE_CANDIDATE,False,CREDITED,POSTGAME_ACTUAL_STARTER,ORACLE_STARTER_IDENTITY_ONLY,False
2020,17,REG,2021-01-03,2020_17_WAS_PHI,WAS,PHI,Alex Smith,SmitAl03,00-0023436,STATHEAD_QB_STARTED_QUERY,Stage01 canonical reconciliation rank 2353,STATHEAD_UNAMBIGUOUS_SINGLE_CANDIDATE,False,CREDITED,Jalen Hurts,HurtJa00,00-0036389,STATHEAD_QB_STARTED_QUERY,Stage01 canonical reconciliation rank 2342,STATHEAD_UNAMBIGUOUS_SINGLE_CANDIDATE,False,CREDITED,POSTGAME_ACTUAL_STARTER,ORACLE_STARTER_IDENTITY_ONLY,False
2020,18,WC,2021-01-10,2020_18_BAL_TEN,BAL,TEN,Lamar Jackson,JackLa00,00-0034796,STATHEAD_QB_STARTED_QUERY,Stage01 canonical reconciliation rank 2318,STATHEAD_UNAMBIGUOUS_SINGLE_CANDIDATE,False,CREDITED,Ryan Tannehill,TannRy00,00-0029701,STATHEAD_QB_STARTED_QUERY,Stage01 canonical reconciliation rank 2321,STATHEAD_UNAMBIGUOUS_SINGLE_CANDIDATE,False,CREDITED,POSTGAME_ACTUAL_STARTER,ORACLE_STARTER_IDENTITY_ONLY,True
2020,18,WC,2021-01-10,2020_18_CHI_NO,CHI,NO,Mitchell Trubisky,TrubMi00,00-0033869,STATHEAD_QB_STARTED_QUERY,Stage01 canonical reconciliation rank 2322,STATHEAD_UNAMBIGUOUS_SINGLE_CANDIDATE,False,CREDITED,Drew Brees,BreeDr00,00-0020531,VALIDATED_MANUAL_WEB_RESEARCH,New Orleans Saints — Wild Card postgame notes/halftime update (2021-01-10),VALIDATED_MANUAL_WEB_EXCEPTION,False,CREDITED,POSTGAME_ACTUAL_STARTER,ORACLE_STARTER_IDENTITY_ONLY,True
2020,18,WC,2021-01-10,2020_18_CLE_PIT,CLE,PIT,Baker Mayfield,MayfBa00,00-0034855,STATHEAD_QB_STARTED_QUERY,Stage01 canonical reconciliation rank 2319,STATHEAD_UNAMBIGUOUS_SINGLE_CANDIDATE,False,CREDITED,Ben Roethlisberger,RoetBe00,00-0022924,STATHEAD_QB_STARTED_QUERY,Stage01 canonical reconciliation rank 2320,STATHEAD_UNAMBIGUOUS_SINGLE_CANDIDATE,False,CREDITED,POSTGAME_ACTUAL_STARTER,ORACLE_STARTER_IDENTITY_ONLY,True
2020,18,WC,2021-01-09,2020_18_IND_BUF,IND,BUF,Philip Rivers,RivePh00,00-0022942,STATHEAD_QB_STARTED_QUERY,Stage01 canonical reconciliation rank 2326,STATHEAD_UNAMBIGUOUS_SINGLE_CANDIDATE,False,CREDITED,Josh Allen,AlleJo02,00-0034857,STATHEAD_QB_STARTED_QUERY,Stage01 canonical reconciliation rank 2323,STATHEAD_UNAMBIGUOUS_SINGLE_CANDIDATE,False,CREDITED,POSTGAME_ACTUAL_STARTER,ORACLE_STARTER_IDENTITY_ONLY,True
2020,18,WC,2021-01-09,2020_18_LA_SEA,LAR,SEA,John Wolford,WolfJo00,00-0034899,STATHEAD_QB_STARTED_QUERY,Stage01 canonical reconciliation rank 2328,STATHEAD_UNAMBIGUOUS_SINGLE_CANDIDATE,False,CREDITED,Russell Wilson,WilsRu00,00-0029263,STATHEAD_QB_STARTED_QUERY,Stage01 canonical reconciliation rank 2327,STATHEAD_UNAMBIGUOUS_SINGLE_CANDIDATE,False,CREDITED,POSTGAME_ACTUAL_STARTER,ORACLE_STARTER_IDENTITY_ONLY,True
2020,18,WC,2021-01-09,2020_18_TB_WAS,TB,WAS,Tom Brady,BradTo00,00-0019596,STATHEAD_QB_STARTED_QUERY,Stage01 canonical reconciliation rank 2324,STATHEAD_UNAMBIGUOUS_SINGLE_CANDIDATE,False,CREDITED,Taylor Heinicke,HeinTa00,00-0031800,STATHEAD_QB_STARTED_QUERY,Stage01 canonical reconciliation rank 2325,STATHEAD_UNAMBIGUOUS_SINGLE_CANDIDATE,False,CREDITED,POSTGAME_ACTUAL_STARTER,ORACLE_STARTER_IDENTITY_ONLY,True
2020,19,DIV,2021-01-16,2020_19_BAL_BUF,BAL,BUF,Lamar Jackson,JackLa00,00-0034796,STATHEAD_QB_STARTED_QUERY,Stage01 canonical reconciliation rank 2314,STATHEAD_UNAMBIGUOUS_SINGLE_CANDIDATE,False,CREDITED,Josh Allen,AlleJo02,00-0034857,STATHEAD_QB_STARTED_QUERY,Stage01 canonical reconciliation rank 2312,STATHEAD_UNAMBIGUOUS_SINGLE_CANDIDATE,False,CREDITED,POSTGAME_ACTUAL_STARTER,ORACLE_STARTER_IDENTITY_ONLY,True
2020,19,DIV,2021-01-17,2020_19_CLE_KC,CLE,KC,Baker Mayfield,MayfBa00,00-0034855,STATHEAD_QB_STARTED_QUERY,Stage01 canonical reconciliation rank 2311,STATHEAD_UNAMBIGUOUS_SINGLE_CANDIDATE,False,CREDITED,Patrick Mahomes,MahoPa00,00-0033873,STATHEAD_QB_STARTED_QUERY,Stage01 canonical reconciliation rank 2310,STATHEAD_UNAMBIGUOUS_SINGLE_CANDIDATE,False,CREDITED,POSTGAME_ACTUAL_STARTER,ORACLE_STARTER_IDENTITY_ONLY,True
2020,19,DIV,2021-01-16,2020_19_LA_GB,LAR,GB,Jared Goff,GoffJa00,00-0033106,STATHEAD_QB_STARTED_QUERY,Stage01 canonical reconciliation rank 2313,STATHEAD_UNAMBIGUOUS_SINGLE_CANDIDATE,False,CREDITED,Aaron Rodgers,RodgAa00,00-0023459,STATHEAD_QB_STARTED_QUERY,Stage01 canonical reconciliation rank 2315,STATHEAD_UNAMBIGUOUS_SINGLE_CANDIDATE,False,CREDITED,POSTGAME_ACTUAL_STARTER,ORACLE_STARTER_IDENTITY_ONLY,True
2020,19,DIV,2021-01-17,2020_19_TB_NO,TB,NO,Tom Brady,BradTo00,00-0019596,STATHEAD_QB_STARTED_QUERY,Stage01 canonical reconciliation rank 2308,STATHEAD_UNAMBIGUOUS_SINGLE_CANDIDATE,False,CREDITED,Drew Brees,BreeDr00,00-0020531,STATHEAD_QB_STARTED_QUERY,Stage01 canonical reconciliation rank 2309,STATHEAD_UNAMBIGUOUS_SINGLE_CANDIDATE,False,CREDITED,POSTGAME_ACTUAL_STARTER,ORACLE_STARTER_IDENTITY_ONLY,True
2020,20,CON,2021-01-24,2020_20_BUF_KC,BUF,KC,Josh Allen,AlleJo02,00-0034857,STATHEAD_QB_STARTED_QUERY,Stage01 canonical reconciliation rank 2304,STATHEAD_UNAMBIGUOUS_SINGLE_CANDIDATE,False,CREDITED,Patrick Mahomes,MahoPa00,00-0033873,STATHEAD_QB_STARTED_QUERY,Stage01 canonical reconciliation rank 2306,STATHEAD_UNAMBIGUOUS_SINGLE_CANDIDATE,False,CREDITED,POSTGAME_ACTUAL_STARTER,ORACLE_STARTER_IDENTITY_ONLY,True
2020,20,CON,2021-01-24,2020_20_TB_GB,TB,GB,Tom Brady,BradTo00,00-0019596,STATHEAD_QB_STARTED_QUERY,Stage01 canonical reconciliation rank 2305,STATHEAD_UNAMBIGUOUS_SINGLE_CANDIDATE,False,CREDITED,Aaron Rodgers,RodgAa00,00-0023459,STATHEAD_QB_STARTED_QUERY,Stage01 canonical reconciliation rank 2307,STATHEAD_UNAMBIGUOUS_SINGLE_CANDIDATE,False,CREDITED,POSTGAME_ACTUAL_STARTER,ORACLE_STARTER_IDENTITY_ONLY,True
2020,21,SB,2021-02-07,2020_21_KC_TB,KC,TB,Patrick Mahomes,MahoPa00,00-0033873,STATHEAD_QB_STARTED_QUERY,Stage01 canonical reconciliation rank 2303,STATHEAD_UNAMBIGUOUS_SINGLE_CANDIDATE,False,CREDITED,Tom Brady,BradTo00,00-0019596,STATHEAD_QB_STARTED_QUERY,Stage01 canonical reconciliation rank 2302,STATHEAD_UNAMBIGUOUS_SINGLE_CANDIDATE,False,CREDITED,POSTGAME_ACTUAL_STARTER,ORACLE_STARTER_IDENTITY_ONLY,True
2021,1,REG,2021-09-12,2021_01_ARI_TEN,ARI,TEN,Kyler Murray,MurrKy00,00-0035228,STATHEAD_QB_STARTED_QUERY,Stage01 canonical reconciliation rank 2288,STATHEAD_UNAMBIGUOUS_SINGLE_CANDIDATE,False,CREDITED,Ryan Tannehill,TannRy00,00-0029701,STATHEAD_QB_STARTED_QUERY,Stage01 canonical reconciliation rank 2294,STATHEAD_UNAMBIGUOUS_SINGLE_CANDIDATE,False,CREDITED,POSTGAME_ACTUAL_STARTER,ORACLE_STARTER_IDENTITY_ONLY,False
2021,1,REG,2021-09-13,2021_01_BAL_LV,BAL,LV,Lamar Jackson,JackLa00,00-0034796,STATHEAD_QB_STARTED_QUERY,Stage01 canonical reconciliation rank 2271,STATHEAD_UNAMBIGUOUS_SINGLE_CANDIDATE,False,CREDITED,Derek Carr,CarrDe02,00-0031280,STATHEAD_QB_STARTED_QUERY,Stage01 canonical reconciliation rank 2270,STATHEAD_UNAMBIGUOUS_SINGLE_CANDIDATE,False,CREDITED,POSTGAME_ACTUAL_STARTER,ORACLE_STARTER_IDENTITY_ONLY,False
2021,1,REG,2021-09-12,2021_01_CHI_LA,CHI,LAR,Andy Dalton,DaltAn00,00-0027973,STATHEAD_QB_STARTED_QUERY,Stage01 canonical reconciliation rank 2276,STATHEAD_UNAMBIGUOUS_SINGLE_CANDIDATE,False,CREDITED,Matthew Stafford,StafMa00,00-0026498,STATHEAD_QB_STARTED_QUERY,Stage01 canonical reconciliation rank 2292,STATHEAD_UNAMBIGUOUS_SINGLE_CANDIDATE,False,CREDITED,POSTGAME_ACTUAL_STARTER,ORACLE_STARTER_IDENTITY_ONLY,False
2021,1,REG,2021-09-12,2021_01_CLE_KC,CLE,KC,Baker Mayfield,MayfBa00,00-0034855,STATHEAD_QB_STARTED_QUERY,Stage01 canonical reconciliation rank 2287,STATHEAD_UNAMBIGUOUS_SINGLE_CANDIDATE,False,CREDITED,Patrick Mahomes,MahoPa00,00-0033873,STATHEAD_QB_STARTED_QUERY,Stage01 canonical reconciliation rank 2286,STATHEAD_UNAMBIGUOUS_SINGLE_CANDIDATE,False,CREDITED,POSTGAME_ACTUAL_STARTER,ORACLE_STARTER_IDENTITY_ONLY,False
2021,1,REG,2021-09-09,2021_01_DAL_TB,DAL,TB,Dak Prescott,PresDa01,00-0033077,STATHEAD_QB_STARTED_QUERY,Stage01 canonical reconciliation rank 2301,STATHEAD_UNAMBIGUOUS_SINGLE_CANDIDATE,False,CREDITED,Tom Brady,BradTo00,00-0019596,STATHEAD_QB_STARTED_QUERY,Stage01 canonical reconciliation rank 2300,STATHEAD_UNAMBIGUOUS_SINGLE_CANDIDATE,False,CREDITED,POSTGAME_ACTUAL_STARTER,ORACLE_STARTER_IDENTITY_ONLY,False
2021,1,REG,2021-09-12,2021_01_DEN_NYG,DEN,NYG,Teddy Bridgewater,BridTe00,00-0031237,STATHEAD_QB_STARTED_QUERY,Stage01 canonical reconciliation rank 2273,STATHEAD_UNAMBIGUOUS_SINGLE_CANDIDATE,False,CREDITED,Daniel Jones,JoneDa05,00-0035710,STATHEAD_QB_STARTED_QUERY,Stage01 canonical reconciliation rank 2283,STATHEAD_UNAMBIGUOUS_SINGLE_CANDIDATE,False,CREDITED,POSTGAME_ACTUAL_STARTER,ORACLE_STARTER_IDENTITY_ONLY,False
2021,1,REG,2021-09-12,2021_01_GB_NO,GB,NO,Aaron Rodgers,RodgAa00,00-0023459,STATHEAD_QB_STARTED_QUERY,Stage01 canonical reconciliation rank 2289,STATHEAD_UNAMBIGUOUS_SINGLE_CANDIDATE,False,CREDITED,Jameis Winston,WinsJa00,00-0031503,STATHEAD_QB_STARTED_QUERY,Stage01 canonical reconciliation rank 2299,STATHEAD_UNAMBIGUOUS_SINGLE_CANDIDATE,False,CREDITED,POSTGAME_ACTUAL_STARTER,ORACLE_STARTER_IDENTITY_ONLY,False
2021,1,REG,2021-09-12,2021_01_JAX_HOU,JAX,HOU,Trevor Lawrence,LawrTr00,00-0036971,STATHEAD_QB_STARTED_QUERY,Stage01 canonical reconciliation rank 2285,STATHEAD_UNAMBIGUOUS_SINGLE_CANDIDATE,False,CREDITED,Tyrod Taylor,TaylTy00,00-0028118,STATHEAD_QB_STARTED_QUERY,Stage01 canonical reconciliation rank 2295,STATHEAD_UNAMBIGUOUS_SINGLE_CANDIDATE,False,CREDITED,POSTGAME_ACTUAL_STARTER,ORACLE_STARTER_IDENTITY_ONLY,False
2021,1,REG,2021-09-12,2021_01_LAC_WAS,LAC,WAS,Justin Herbert,HerbJu00,00-0036355,STATHEAD_QB_STARTED_QUERY,Stage01 canonical reconciliation rank 2281,STATHEAD_UNAMBIGUOUS_SINGLE_CANDIDATE,False,CREDITED,Ryan Fitzpatrick,FitzRy00,00-0023682,STATHEAD_QB_STARTED_QUERY,Stage01 canonical reconciliation rank 2278,STATHEAD_UNAMBIGUOUS_SINGLE_CANDIDATE,False,CREDITED,POSTGAME_ACTUAL_STARTER,ORACLE_STARTER_IDENTITY_ONLY,False
2021,1,REG,2021-09-12,2021_01_MIA_NE,MIA,NE,Tua Tagovailoa,TagoTu00,00-0036212,STATHEAD_QB_STARTED_QUERY,Stage01 canonical reconciliation rank 2293,STATHEAD_UNAMBIGUOUS_SINGLE_CANDIDATE,False,CREDITED,Mac Jones,JoneMa05,00-0036972,STATHEAD_QB_STARTED_QUERY,Stage01 canonical reconciliation rank 2284,STATHEAD_UNAMBIGUOUS_SINGLE_CANDIDATE,False,CREDITED,POSTGAME_ACTUAL_STARTER,ORACLE_STARTER_IDENTITY_ONLY,False
2021,1,REG,2021-09-12,2021_01_MIN_CIN,MIN,CIN,Kirk Cousins,CousKi00,00-0029604,STATHEAD_QB_STARTED_QUERY,Stage01 canonical reconciliation rank 2275,STATHEAD_UNAMBIGUOUS_SINGLE_CANDIDATE,False,CREDITED,Joe Burrow,BurrJo01,00-0036442,STATHEAD_QB_STARTED_QUERY,Stage01 canonical reconciliation rank 2274,STATHEAD_UNAMBIGUOUS_SINGLE_CANDIDATE,False,CREDITED,POSTGAME_ACTUAL_STARTER,ORACLE_STARTER_IDENTITY_ONLY,False
2021,1,REG,2021-09-12,2021_01_NYJ_CAR,NYJ,CAR,Zach Wilson,WilsZa00,00-0037013,STATHEAD_QB_STARTED_QUERY,Stage01 canonical reconciliation rank 2298,STATHEAD_UNAMBIGUOUS_SINGLE_CANDIDATE,False,CREDITED,Sam Darnold,DarnSa00,00-0034869,STATHEAD_QB_STARTED_QUERY,Stage01 canonical reconciliation rank 2277,STATHEAD_UNAMBIGUOUS_SINGLE_CANDIDATE,False,CREDITED,POSTGAME_ACTUAL_STARTER,ORACLE_STARTER_IDENTITY_ONLY,False
2021,1,REG,2021-09-12,2021_01_PHI_ATL,PHI,ATL,Jalen Hurts,HurtJa00,00-0036389,STATHEAD_QB_STARTED_QUERY,Stage01 canonical reconciliation rank 2282,STATHEAD_UNAMBIGUOUS_SINGLE_CANDIDATE,False,CREDITED,Matt Ryan,RyanMa00,00-0026143,STATHEAD_QB_STARTED_QUERY,Stage01 canonical reconciliation rank 2291,STATHEAD_UNAMBIGUOUS_SINGLE_CANDIDATE,False,CREDITED,POSTGAME_ACTUAL_STARTER,ORACLE_STARTER_IDENTITY_ONLY,False
2021,1,REG,2021-09-12,2021_01_PIT_BUF,PIT,BUF,Ben Roethlisberger,RoetBe00,00-0022924,STATHEAD_QB_STARTED_QUERY,Stage01 canonical reconciliation rank 2290,STATHEAD_UNAMBIGUOUS_SINGLE_CANDIDATE,False,CREDITED,Josh Allen,AlleJo02,00-0034857,STATHEAD_QB_STARTED_QUERY,Stage01 canonical reconciliation rank 2272,STATHEAD_UNAMBIGUOUS_SINGLE_CANDIDATE,False,CREDITED,POSTGAME_ACTUAL_STARTER,ORACLE_STARTER_IDENTITY_ONLY,False
2021,1,REG,2021-09-12,2021_01_SEA_IND,SEA,IND,Russell Wilson,WilsRu00,00-0029263,STATHEAD_QB_STARTED_QUERY,Stage01 canonical reconciliation rank 2297,STATHEAD_UNAMBIGUOUS_SINGLE_CANDIDATE,False,CREDITED,Carson Wentz,WentCa00,00-0032950,STATHEAD_QB_STARTED_QUERY,Stage01 canonical reconciliation rank 2296,STATHEAD_UNAMBIGUOUS_SINGLE_CANDIDATE,False,CREDITED,POSTGAME_ACTUAL_STARTER,ORACLE_STARTER_IDENTITY_ONLY,False
2021,1,REG,2021-09-12,2021_01_SF_DET,SF,DET,Jimmy Garoppolo,GaroJi00,00-0031345,STATHEAD_QB_STARTED_QUERY,Stage01 canonical reconciliation rank 2279,STATHEAD_UNAMBIGUOUS_SINGLE_CANDIDATE,False,CREDITED,Jared Goff,GoffJa00,00-0033106,STATHEAD_QB_STARTED_QUERY,Stage01 canonical reconciliation rank 2280,STATHEAD_UNAMBIGUOUS_SINGLE_CANDIDATE,False,CREDITED,POSTGAME_ACTUAL_STARTER,ORACLE_STARTER_IDENTITY_ONLY,False
2021,2,REG,2021-09-19,2021_02_ATL_TB,ATL,TB,Matt Ryan,RyanMa00,00-0026143,STATHEAD_QB_STARTED_QUERY,Stage01 canonical reconciliation rank 2259,STATHEAD_UNAMBIGUOUS_SINGLE_CANDIDATE,False,CREDITED,Tom Brady,BradTo00,00-0019596,STATHEAD_QB_STARTED_QUERY,Stage01 canonical reconciliation rank 2240,STATHEAD_UNAMBIGUOUS_SINGLE_CANDIDATE,False,CREDITED,POSTGAME_ACTUAL_STARTER,ORACLE_STARTER_IDENTITY_ONLY,False
2021,2,REG,2021-09-19,2021_02_BUF_MIA,BUF,MIA,Josh Allen,AlleJo02,00-0034857,STATHEAD_QB_STARTED_QUERY,Stage01 canonical reconciliation rank 2239,STATHEAD_UNAMBIGUOUS_SINGLE_CANDIDATE,False,CREDITED,Tua Tagovailoa,TagoTu00,00-0036212,STATHEAD_QB_STARTED_QUERY,Stage01 canonical reconciliation rank 2261,STATHEAD_UNAMBIGUOUS_SINGLE_CANDIDATE,False,CREDITED,POSTGAME_ACTUAL_STARTER,ORACLE_STARTER_IDENTITY_ONLY,False
2021,2,REG,2021-09-19,2021_02_CIN_CHI,CIN,CHI,Joe Burrow,BurrJo01,00-0036442,STATHEAD_QB_STARTED_QUERY,Stage01 canonical reconciliation rank 2242,STATHEAD_UNAMBIGUOUS_SINGLE_CANDIDATE,False,CREDITED,Andy Dalton,DaltAn00,00-0027973,STATHEAD_QB_STARTED_QUERY,Stage01 canonical reconciliation rank 2245,STATHEAD_UNAMBIGUOUS_SINGLE_CANDIDATE,False,CREDITED,POSTGAME_ACTUAL_STARTER,ORACLE_STARTER_IDENTITY_ONLY,False
2021,2,REG,2021-09-19,2021_02_DAL_LAC,DAL,LAC,Dak Prescott,PresDa01,00-0033077,STATHEAD_QB_STARTED_QUERY,Stage01 canonical reconciliation rank 2257,STATHEAD_UNAMBIGUOUS_SINGLE_CANDIDATE,False,CREDITED,Justin Herbert,HerbJu00,00-0036355,STATHEAD_QB_STARTED_QUERY,Stage01 canonical reconciliation rank 2248,STATHEAD_UNAMBIGUOUS_SINGLE_CANDIDATE,False,CREDITED,POSTGAME_ACTUAL_STARTER,ORACLE_STARTER_IDENTITY_ONLY,False
2021,2,REG,2021-09-19,2021_02_DEN_JAX,DEN,JAX,Teddy Bridgewater,BridTe00,00-0031237,STATHEAD_QB_STARTED_QUERY,Stage01 canonical reconciliation rank 2241,STATHEAD_UNAMBIGUOUS_SINGLE_CANDIDATE,False,CREDITED,Trevor Lawrence,LawrTr00,00-0036971,STATHEAD_QB_STARTED_QUERY,Stage01 canonical reconciliation rank 2253,STATHEAD_UNAMBIGUOUS_SINGLE_CANDIDATE,False,CREDITED,POSTGAME_ACTUAL_STARTER,ORACLE_STARTER_IDENTITY_ONLY,False
2021,2,REG,2021-09-20,2021_02_DET_GB,DET,GB,Jared Goff,GoffJa00,00-0033106,STATHEAD_QB_STARTED_QUERY,Stage01 canonical reconciliation rank 2237,STATHEAD_UNAMBIGUOUS_SINGLE_CANDIDATE,False,CREDITED,Aaron Rodgers,RodgAa00,00-0023459,STATHEAD_QB_STARTED_QUERY,Stage01 canonical reconciliation rank 2238,STATHEAD_UNAMBIGUOUS_SINGLE_CANDIDATE,False,CREDITED,POSTGAME_ACTUAL_STARTER,ORACLE_STARTER_IDENTITY_ONLY,False
2021,2,REG,2021-09-19,2021_02_HOU_CLE,HOU,CLE,Tyrod Taylor,TaylTy00,00-0028118,STATHEAD_QB_STARTED_QUERY,Stage01 canonical reconciliation rank 2263,STATHEAD_UNAMBIGUOUS_SINGLE_CANDIDATE,False,CREDITED,Baker Mayfield,MayfBa00,00-0034855,STATHEAD_QB_STARTED_QUERY,Stage01 canonical reconciliation rank 2255,STATHEAD_UNAMBIGUOUS_SINGLE_CANDIDATE,False,CREDITED,POSTGAME_ACTUAL_STARTER,ORACLE_STARTER_IDENTITY_ONLY,False
2021,2,REG,2021-09-19,2021_02_KC_BAL,KC,BAL,Patrick Mahomes,MahoPa00,00-0033873,STATHEAD_QB_STARTED_QUERY,Stage01 canonical reconciliation rank 2254,STATHEAD_UNAMBIGUOUS_SINGLE_CANDIDATE,False,CREDITED,Lamar Jackson,JackLa00,00-0034796,STATHEAD_QB_STARTED_QUERY,Stage01 canonical reconciliation rank 2251,STATHEAD_UNAMBIGUOUS_SINGLE_CANDIDATE,False,CREDITED,POSTGAME_ACTUAL_STARTER,ORACLE_STARTER_IDENTITY_ONLY,False
2021,2,REG,2021-09-19,2021_02_LA_IND,LAR,IND,Matthew Stafford,StafMa00,00-0026498,STATHEAD_QB_STARTED_QUERY,Stage01 canonical reconciliation rank 2260,STATHEAD_UNAMBIGUOUS_SINGLE_CANDIDATE,False,CREDITED,Carson Wentz,WentCa00,00-0032950,STATHEAD_QB_STARTED_QUERY,Stage01 canonical reconciliation rank 2264,STATHEAD_UNAMBIGUOUS_SINGLE_CANDIDATE,False,CREDITED,POSTGAME_ACTUAL_STARTER,ORACLE_STARTER_IDENTITY_ONLY,False
2021,2,REG,2021-09-19,2021_02_LV_PIT,LV,PIT,Derek Carr,CarrDe02,00-0031280,STATHEAD_QB_STARTED_QUERY,Stage01 canonical reconciliation rank 2243,STATHEAD_UNAMBIGUOUS_SINGLE_CANDIDATE,False,CREDITED,Ben Roethlisberger,RoetBe00,00-0022924,STATHEAD_QB_STARTED_QUERY,Stage01 canonical reconciliation rank 2258,STATHEAD_UNAMBIGUOUS_SINGLE_CANDIDATE,False,CREDITED,POSTGAME_ACTUAL_STARTER,ORACLE_STARTER_IDENTITY_ONLY,False
2021,2,REG,2021-09-19,2021_02_MIN_ARI,MIN,ARI,Kirk Cousins,CousKi00,00-0029604,STATHEAD_QB_STARTED_QUERY,Stage01 canonical reconciliation rank 2244,STATHEAD_UNAMBIGUOUS_SINGLE_CANDIDATE,False,CREDITED,Kyler Murray,MurrKy00,00-0035228,STATHEAD_QB_STARTED_QUERY,Stage01 canonical reconciliation rank 2256,STATHEAD_UNAMBIGUOUS_SINGLE_CANDIDATE,False,CREDITED,POSTGAME_ACTUAL_STARTER,ORACLE_STARTER_IDENTITY_ONLY,False
2021,2,REG,2021-09-19,2021_02_NE_NYJ,NE,NYJ,Mac Jones,JoneMa05,00-0036972,STATHEAD_QB_STARTED_QUERY,Stage01 canonical reconciliation rank 2252,STATHEAD_UNAMBIGUOUS_SINGLE_CANDIDATE,False,CREDITED,Zach Wilson,WilsZa00,00-0037013,STATHEAD_QB_STARTED_QUERY,Stage01 canonical reconciliation rank 2266,STATHEAD_UNAMBIGUOUS_SINGLE_CANDIDATE,False,CREDITED,POSTGAME_ACTUAL_STARTER,ORACLE_STARTER_IDENTITY_ONLY,False
2021,2,REG,2021-09-19,2021_02_NO_CAR,NO,CAR,Jameis Winston,WinsJa00,00-0031503,VALIDATED_MANUAL_WEB_RESEARCH,,VALIDATED_MANUAL_WEB_EXCEPTION,False,CREDITED,Sam Darnold,DarnSa00,00-0034869,STATHEAD_QB_STARTED_QUERY,Stage01 canonical reconciliation rank 2246,STATHEAD_UNAMBIGUOUS_SINGLE_CANDIDATE,False,CREDITED,POSTGAME_ACTUAL_STARTER,ORACLE_STARTER_IDENTITY_ONLY,False
2021,2,REG,2021-09-16,2021_02_NYG_WAS,NYG,WAS,Daniel Jones,JoneDa05,00-0035710,STATHEAD_QB_STARTED_QUERY,Stage01 canonical reconciliation rank 2269,STATHEAD_UNAMBIGUOUS_SINGLE_CANDIDATE,False,CREDITED,Taylor Heinicke,HeinTa00,00-0031800,STATHEAD_QB_STARTED_QUERY,Stage01 canonical reconciliation rank 2268,STATHEAD_UNAMBIGUOUS_SINGLE_CANDIDATE,False,CREDITED,POSTGAME_ACTUAL_STARTER,ORACLE_STARTER_IDENTITY_ONLY,False
2021,2,REG,2021-09-19,2021_02_SF_PHI,SF,PHI,Jimmy Garoppolo,GaroJi00,00-0031345,STATHEAD_QB_STARTED_QUERY,Stage01 canonical reconciliation rank 2247,STATHEAD_UNAMBIGUOUS_SINGLE_CANDIDATE,False,CREDITED,Jalen Hurts,HurtJa00,00-0036389,STATHEAD_QB_STARTED_QUERY,Stage01 canonical reconciliation rank 2250,STATHEAD_UNAMBIGUOUS_SINGLE_CANDIDATE,False,CREDITED,POSTGAME_ACTUAL_STARTER,ORACLE_STARTER_IDENTITY_ONLY,False
2021,2,REG,2021-09-19,2021_02_TEN_SEA,TEN,SEA,Ryan Tannehill,TannRy00,00-0029701,STATHEAD_QB_STARTED_QUERY,Stage01 canonical reconciliation rank 2262,STATHEAD_UNAMBIGUOUS_SINGLE_CANDIDATE,False,CREDITED,Russell Wilson,WilsRu00,00-0029263,STATHEAD_QB_STARTED_QUERY,Stage01 canonical reconciliation rank 2265,STATHEAD_UNAMBIGUOUS_SINGLE_CANDIDATE,False,CREDITED,POSTGAME_ACTUAL_STARTER,ORACLE_STARTER_IDENTITY_ONLY,False
2021,3,REG,2021-09-26,2021_03_ARI_JAX,ARI,JAX,Kyler Murray,MurrKy00,00-0035228,STATHEAD_QB_STARTED_QUERY,Stage01 canonical reconciliation rank 2225,STATHEAD_UNAMBIGUOUS_SINGLE_CANDIDATE,False,CREDITED,Trevor Lawrence,LawrTr00,00-0036971,STATHEAD_QB_STARTED_QUERY,Stage01 canonical reconciliation rank 2222,STATHEAD_UNAMBIGUOUS_SINGLE_CANDIDATE,False,CREDITED,POSTGAME_ACTUAL_STARTER,ORACLE_STARTER_IDENTITY_ONLY,False
2021,3,REG,2021-09-26,2021_03_ATL_NYG,ATL,NYG,Matt Ryan,RyanMa00,00-0026143,STATHEAD_QB_STARTED_QUERY,Stage01 canonical reconciliation rank 2228,STATHEAD_UNAMBIGUOUS_SINGLE_CANDIDATE,False,CREDITED,Daniel Jones,JoneDa05,00-0035710,STATHEAD_QB_STARTED_QUERY,Stage01 canonical reconciliation rank 2220,STATHEAD_UNAMBIGUOUS_SINGLE_CANDIDATE,False,CREDITED,POSTGAME_ACTUAL_STARTER,ORACLE_STARTER_IDENTITY_ONLY,False
2021,3,REG,2021-09-26,2021_03_BAL_DET,BAL,DET,Lamar Jackson,JackLa00,00-0034796,STATHEAD_QB_STARTED_QUERY,Stage01 canonical reconciliation rank 2219,STATHEAD_UNAMBIGUOUS_SINGLE_CANDIDATE,False,CREDITED,Jared Goff,GoffJa00,00-0033106,STATHEAD_QB_STARTED_QUERY,Stage01 canonical reconciliation rank 2215,STATHEAD_UNAMBIGUOUS_SINGLE_CANDIDATE,False,CREDITED,POSTGAME_ACTUAL_STARTER,ORACLE_STARTER_IDENTITY_ONLY,False
2021,3,REG,2021-09-23,2021_03_CAR_HOU,CAR,HOU,Sam Darnold,DarnSa00,00-0034869,STATHEAD_QB_STARTED_QUERY,Stage01 canonical reconciliation rank 2235,STATHEAD_UNAMBIGUOUS_SINGLE_CANDIDATE,False,CREDITED,Davis Mills,MillDa02,00-0036898,STATHEAD_QB_STARTED_QUERY,Stage01 canonical reconciliation rank 2236,STATHEAD_UNAMBIGUOUS_SINGLE_CANDIDATE,False,CREDITED,POSTGAME_ACTUAL_STARTER,ORACLE_STARTER_IDENTITY_ONLY,False
2021,3,REG,2021-09-26,2021_03_CHI_CLE,CHI,CLE,Justin Fields,FielJu00,00-0036945,STATHEAD_QB_STARTED_QUERY,Stage01 canonical reconciliation rank 2213,STATHEAD_UNAMBIGUOUS_SINGLE_CANDIDATE,False,CREDITED,Baker Mayfield,MayfBa00,00-0034855,STATHEAD_QB_STARTED_QUERY,Stage01 canonical reconciliation rank 2224,STATHEAD_UNAMBIGUOUS_SINGLE_CANDIDATE,False,CREDITED,POSTGAME_ACTUAL_STARTER,ORACLE_STARTER_IDENTITY_ONLY,False
2021,3,REG,2021-09-26,2021_03_CIN_PIT,CIN,PIT,Joe Burrow,BurrJo01,00-0036442,STATHEAD_QB_STARTED_QUERY,Stage01 canonical reconciliation rank 2210,STATHEAD_UNAMBIGUOUS_SINGLE_CANDIDATE,False,CREDITED,Ben Roethlisberger,RoetBe00,00-0022924,STATHEAD_QB_STARTED_QUERY,Stage01 canonical reconciliation rank 2227,STATHEAD_UNAMBIGUOUS_SINGLE_CANDIDATE,False,CREDITED,POSTGAME_ACTUAL_STARTER,ORACLE_STARTER_IDENTITY_ONLY,False
2021,3,REG,2021-09-26,2021_03_GB_SF,GB,SF,Aaron Rodgers,RodgAa00,00-0023459,STATHEAD_QB_STARTED_QUERY,Stage01 canonical reconciliation rank 2226,STATHEAD_UNAMBIGUOUS_SINGLE_CANDIDATE,False,CREDITED,Jimmy Garoppolo,GaroJi00,00-0031345,STATHEAD_QB_STARTED_QUERY,Stage01 canonical reconciliation rank 2214,STATHEAD_UNAMBIGUOUS_SINGLE_CANDIDATE,False,CREDITED,POSTGAME_ACTUAL_STARTER,ORACLE_STARTER_IDENTITY_ONLY,False
2021,3,REG,2021-09-26,2021_03_IND_TEN,IND,TEN,Carson Wentz,WentCa00,00-0032950,STATHEAD_QB_STARTED_QUERY,Stage01 canonical reconciliation rank 2231,STATHEAD_UNAMBIGUOUS_SINGLE_CANDIDATE,False,CREDITED,Ryan Tannehill,TannRy00,00-0029701,STATHEAD_QB_STARTED_QUERY,Stage01 canonical reconciliation rank 2230,STATHEAD_UNAMBIGUOUS_SINGLE_CANDIDATE,False,CREDITED,POSTGAME_ACTUAL_STARTER,ORACLE_STARTER_IDENTITY_ONLY,False
2021,3,REG,2021-09-26,2021_03_LAC_KC,LAC,KC,Justin Herbert,HerbJu00,00-0036355,STATHEAD_QB_STARTED_QUERY,Stage01 canonical reconciliation rank 2217,STATHEAD_UNAMBIGUOUS_SINGLE_CANDIDATE,False,CREDITED,Patrick Mahomes,MahoPa00,00-0033873,STATHEAD_QB_STARTED_QUERY,Stage01 canonical reconciliation rank 2223,STATHEAD_UNAMBIGUOUS_SINGLE_CANDIDATE,False,CREDITED,POSTGAME_ACTUAL_STARTER,ORACLE_STARTER_IDENTITY_ONLY,False
2021,3,REG,2021-09-26,2021_03_MIA_LV,MIA,LV,Jacoby Brissett,BrisJa00,00-0033119,STATHEAD_QB_STARTED_QUERY,Stage01 canonical reconciliation rank 2209,STATHEAD_UNAMBIGUOUS_SINGLE_CANDIDATE,False,CREDITED,Derek Carr,CarrDe02,00-0031280,STATHEAD_QB_STARTED_QUERY,Stage01 canonical reconciliation rank 2211,STATHEAD_UNAMBIGUOUS_SINGLE_CANDIDATE,False,CREDITED,POSTGAME_ACTUAL_STARTER,ORACLE_STARTER_IDENTITY_ONLY,False
2021,3,REG,2021-09-26,2021_03_NO_NE,NO,NE,Jameis Winston,WinsJa00,00-0031503,VALIDATED_MANUAL_WEB_RESEARCH,New Orleans Saints — Week 3 postgame notes (2021-09-26),VALIDATED_MANUAL_WEB_EXCEPTION,False,CREDITED,Mac Jones,JoneMa05,00-0036972,STATHEAD_QB_STARTED_QUERY,Stage01 canonical reconciliation rank 2221,STATHEAD_UNAMBIGUOUS_SINGLE_CANDIDATE,False,CREDITED,POSTGAME_ACTUAL_STARTER,ORACLE_STARTER_IDENTITY_ONLY,False
2021,3,REG,2021-09-26,2021_03_NYJ_DEN,NYJ,DEN,Zach Wilson,WilsZa00,00-0037013,STATHEAD_QB_STARTED_QUERY,Stage01 canonical reconciliation rank 2233,STATHEAD_UNAMBIGUOUS_SINGLE_CANDIDATE,False,CREDITED,Teddy Bridgewater,BridTe00,00-0031237,STATHEAD_QB_STARTED_QUERY,Stage01 canonical reconciliation rank 2208,STATHEAD_UNAMBIGUOUS_SINGLE_CANDIDATE,False,CREDITED,POSTGAME_ACTUAL_STARTER,ORACLE_STARTER_IDENTITY_ONLY,False
2021,3,REG,2021-09-27,2021_03_PHI_DAL,PHI,DAL,Jalen Hurts,HurtJa00,00-0036389,STATHEAD_QB_STARTED_QUERY,Stage01 canonical reconciliation rank 2204,STATHEAD_UNAMBIGUOUS_SINGLE_CANDIDATE,False,CREDITED,Dak Prescott,PresDa01,00-0033077,STATHEAD_QB_STARTED_QUERY,Stage01 canonical reconciliation rank 2205,STATHEAD_UNAMBIGUOUS_SINGLE_CANDIDATE,False,CREDITED,POSTGAME_ACTUAL_STARTER,ORACLE_STARTER_IDENTITY_ONLY,False
2021,3,REG,2021-09-26,2021_03_SEA_MIN,SEA,MIN,Russell Wilson,WilsRu00,00-0029263,STATHEAD_QB_STARTED_QUERY,Stage01 canonical reconciliation rank 2232,STATHEAD_UNAMBIGUOUS_SINGLE_CANDIDATE,False,CREDITED,Kirk Cousins,CousKi00,00-0029604,STATHEAD_QB_STARTED_QUERY,Stage01 canonical reconciliation rank 2212,STATHEAD_UNAMBIGUOUS_SINGLE_CANDIDATE,False,CREDITED,POSTGAME_ACTUAL_STARTER,ORACLE_STARTER_IDENTITY_ONLY,False
2021,3,REG,2021-09-26,2021_03_TB_LA,TB,LAR,Tom Brady,BradTo00,00-0019596,STATHEAD_QB_STARTED_QUERY,Stage01 canonical reconciliation rank 2207,STATHEAD_UNAMBIGUOUS_SINGLE_CANDIDATE,False,CREDITED,Matthew Stafford,StafMa00,00-0026498,STATHEAD_QB_STARTED_QUERY,Stage01 canonical reconciliation rank 2229,STATHEAD_UNAMBIGUOUS_SINGLE_CANDIDATE,False,CREDITED,POSTGAME_ACTUAL_STARTER,ORACLE_STARTER_IDENTITY_ONLY,False
2021,3,REG,2021-09-26,2021_03_WAS_BUF,WAS,BUF,Taylor Heinicke,HeinTa00,00-0031800,STATHEAD_QB_STARTED_QUERY,Stage01 canonical reconciliation rank 2216,STATHEAD_UNAMBIGUOUS_SINGLE_CANDIDATE,False,CREDITED,Josh Allen,AlleJo02,00-0034857,STATHEAD_QB_STARTED_QUERY,Stage01 canonical reconciliation rank 2206,STATHEAD_UNAMBIGUOUS_SINGLE_CANDIDATE,False,CREDITED,POSTGAME_ACTUAL_STARTER,ORACLE_STARTER_IDENTITY_ONLY,False
2021,4,REG,2021-10-03,2021_04_ARI_LA,ARI,LAR,Kyler Murray,MurrKy00,00-0035228,STATHEAD_QB_STARTED_QUERY,Stage01 canonical reconciliation rank 2191,STATHEAD_UNAMBIGUOUS_SINGLE_CANDIDATE,False,CREDITED,Matthew Stafford,StafMa00,00-0026498,STATHEAD_QB_STARTED_QUERY,Stage01 canonical reconciliation rank 2196,STATHEAD_UNAMBIGUOUS_SINGLE_CANDIDATE,False,CREDITED,POSTGAME_ACTUAL_STARTER,ORACLE_STARTER_IDENTITY_ONLY,False
2021,4,REG,2021-10-03,2021_04_BAL_DEN,BAL,DEN,Lamar Jackson,JackLa00,00-0034796,STATHEAD_QB_STARTED_QUERY,Stage01 canonical reconciliation rank 2185,STATHEAD_UNAMBIGUOUS_SINGLE_CANDIDATE,False,CREDITED,Teddy Bridgewater,BridTe00,00-0031237,STATHEAD_QB_STARTED_QUERY,Stage01 canonical reconciliation rank 2175,STATHEAD_UNAMBIGUOUS_SINGLE_CANDIDATE,False,CREDITED,POSTGAME_ACTUAL_STARTER,ORACLE_STARTER_IDENTITY_ONLY,False
2021,4,REG,2021-10-03,2021_04_CAR_DAL,CAR,DAL,Sam Darnold,DarnSa00,00-0034869,STATHEAD_QB_STARTED_QUERY,Stage01 canonical reconciliation rank 2178,STATHEAD_UNAMBIGUOUS_SINGLE_CANDIDATE,False,CREDITED,Dak Prescott,PresDa01,00-0033077,STATHEAD_QB_STARTED_QUERY,Stage01 canonical reconciliation rank 2192,STATHEAD_UNAMBIGUOUS_SINGLE_CANDIDATE,False,CREDITED,POSTGAME_ACTUAL_STARTER,ORACLE_STARTER_IDENTITY_ONLY,False
2021,4,REG,2021-10-03,2021_04_CLE_MIN,CLE,MIN,Baker Mayfield,MayfBa00,00-0034855,STATHEAD_QB_STARTED_QUERY,Stage01 canonical reconciliation rank 2189,STATHEAD_UNAMBIGUOUS_SINGLE_CANDIDATE,False,CREDITED,Kirk Cousins,CousKi00,00-0029604,STATHEAD_QB_STARTED_QUERY,Stage01 canonical reconciliation rank 2177,STATHEAD_UNAMBIGUOUS_SINGLE_CANDIDATE,False,CREDITED,POSTGAME_ACTUAL_STARTER,ORACLE_STARTER_IDENTITY_ONLY,False
2021,4,REG,2021-10-03,2021_04_DET_CHI,DET,CHI,Jared Goff,GoffJa00,00-0033106,STATHEAD_QB_STARTED_QUERY,Stage01 canonical reconciliation rank 2181,STATHEAD_UNAMBIGUOUS_SINGLE_CANDIDATE,False,CREDITED,Justin Fields,FielJu00,00-0036945,STATHEAD_QB_STARTED_QUERY,Stage01 canonical reconciliation rank 2179,STATHEAD_UNAMBIGUOUS_SINGLE_CANDIDATE,False,CREDITED,POSTGAME_ACTUAL_STARTER,ORACLE_STARTER_IDENTITY_ONLY,False
2021,4,REG,2021-10-03,2021_04_HOU_BUF,HOU,BUF,Davis Mills,MillDa02,00-0036898,STATHEAD_QB_STARTED_QUERY,Stage01 canonical reconciliation rank 2190,STATHEAD_UNAMBIGUOUS_SINGLE_CANDIDATE,False,CREDITED,Josh Allen,AlleJo02,00-0034857,STATHEAD_QB_STARTED_QUERY,Stage01 canonical reconciliation rank 2173,STATHEAD_UNAMBIGUOUS_SINGLE_CANDIDATE,False,CREDITED,POSTGAME_ACTUAL_STARTER,ORACLE_STARTER_IDENTITY_ONLY,False
2021,4,REG,2021-10-03,2021_04_IND_MIA,IND,MIA,Carson Wentz,WentCa00,00-0032950,STATHEAD_QB_STARTED_QUERY,Stage01 canonical reconciliation rank 2198,STATHEAD_UNAMBIGUOUS_SINGLE_CANDIDATE,False,CREDITED,Jacoby Brissett,BrisJa00,00-0033119,STATHEAD_QB_STARTED_QUERY,Stage01 canonical reconciliation rank 2176,STATHEAD_UNAMBIGUOUS_SINGLE_CANDIDATE,False,CREDITED,POSTGAME_ACTUAL_STARTER,ORACLE_STARTER_IDENTITY_ONLY,False
2021,4,REG,2021-09-30,2021_04_JAX_CIN,JAX,CIN,Trevor Lawrence,LawrTr00,00-0036971,STATHEAD_QB_STARTED_QUERY,Stage01 canonical reconciliation rank 2203,STATHEAD_UNAMBIGUOUS_SINGLE_CANDIDATE,False,CREDITED,Joe Burrow,BurrJo01,00-0036442,STATHEAD_QB_STARTED_QUERY,Stage01 canonical reconciliation rank 2202,STATHEAD_UNAMBIGUOUS_SINGLE_CANDIDATE,False,CREDITED,POSTGAME_ACTUAL_STARTER,ORACLE_STARTER_IDENTITY_ONLY,False
2021,4,REG,2021-10-03,2021_04_KC_PHI,KC,PHI,Patrick Mahomes,MahoPa00,00-0033873,STATHEAD_QB_STARTED_QUERY,Stage01 canonical reconciliation rank 2188,STATHEAD_UNAMBIGUOUS_SINGLE_CANDIDATE,False,CREDITED,Jalen Hurts,HurtJa00,00-0036389,STATHEAD_QB_STARTED_QUERY,Stage01 canonical reconciliation rank 2184,STATHEAD_UNAMBIGUOUS_SINGLE_CANDIDATE,False,CREDITED,POSTGAME_ACTUAL_STARTER,ORACLE_STARTER_IDENTITY_ONLY,False
2021,4,REG,2021-10-04,2021_04_LV_LAC,LV,LAC,Derek Carr,CarrDe02,00-0031280,STATHEAD_QB_STARTED_QUERY,Stage01 canonical reconciliation rank 2171,STATHEAD_UNAMBIGUOUS_SINGLE_CANDIDATE,False,CREDITED,Justin Herbert,HerbJu00,00-0036355,STATHEAD_QB_STARTED_QUERY,Stage01 canonical reconciliation rank 2172,STATHEAD_UNAMBIGUOUS_SINGLE_CANDIDATE,False,CREDITED,POSTGAME_ACTUAL_STARTER,ORACLE_STARTER_IDENTITY_ONLY,False
2021,4,REG,2021-10-03,2021_04_NYG_NO,NYG,NO,Daniel Jones,JoneDa05,00-0035710,STATHEAD_QB_STARTED_QUERY,Stage01 canonical reconciliation rank 2186,STATHEAD_UNAMBIGUOUS_SINGLE_CANDIDATE,False,CREDITED,Jameis Winston,WinsJa00,00-0031503,VALIDATED_MANUAL_WEB_RESEARCH,New Orleans Saints — Week 4 postgame notes (2021-10-03),VALIDATED_MANUAL_WEB_EXCEPTION,False,CREDITED,POSTGAME_ACTUAL_STARTER,ORACLE_STARTER_IDENTITY_ONLY,False
2021,4,REG,2021-10-03,2021_04_PIT_GB,PIT,GB,Ben Roethlisberger,RoetBe00,00-0022924,STATHEAD_QB_STARTED_QUERY,Stage01 canonical reconciliation rank 2194,STATHEAD_UNAMBIGUOUS_SINGLE_CANDIDATE,False,CREDITED,Aaron Rodgers,RodgAa00,00-0023459,STATHEAD_QB_STARTED_QUERY,Stage01 canonical reconciliation rank 2193,STATHEAD_UNAMBIGUOUS_SINGLE_CANDIDATE,False,CREDITED,POSTGAME_ACTUAL_STARTER,ORACLE_STARTER_IDENTITY_ONLY,False
2021,4,REG,2021-10-03,2021_04_SEA_SF,SEA,SF,Russell Wilson,WilsRu00,00-0029263,STATHEAD_QB_STARTED_QUERY,Stage01 canonical reconciliation rank 2199,STATHEAD_UNAMBIGUOUS_SINGLE_CANDIDATE,False,CREDITED,Jimmy Garoppolo,GaroJi00,00-0031345,STATHEAD_QB_STARTED_QUERY,Stage01 canonical reconciliation rank 2180,STATHEAD_UNAMBIGUOUS_SINGLE_CANDIDATE,False,CREDITED,POSTGAME_ACTUAL_STARTER,ORACLE_STARTER_IDENTITY_ONLY,False
2021,4,REG,2021-10-03,2021_04_TB_NE,TB,NE,Tom Brady,BradTo00,00-0019596,STATHEAD_QB_STARTED_QUERY,Stage01 canonical reconciliation rank 2174,STATHEAD_UNAMBIGUOUS_SINGLE_CANDIDATE,False,CREDITED,Mac Jones,JoneMa05,00-0036972,STATHEAD_QB_STARTED_QUERY,Stage01 canonical reconciliation rank 2187,STATHEAD_UNAMBIGUOUS_SINGLE_CANDIDATE,False,CREDITED,POSTGAME_ACTUAL_STARTER,ORACLE_STARTER_IDENTITY_ONLY,False
2021,4,REG,2021-10-03,2021_04_TEN_NYJ,TEN,NYJ,Ryan Tannehill,TannRy00,00-0029701,STATHEAD_QB_STARTED_QUERY,Stage01 canonical reconciliation rank 2197,STATHEAD_UNAMBIGUOUS_SINGLE_CANDIDATE,False,CREDITED,Zach Wilson,WilsZa00,00-0037013,STATHEAD_QB_STARTED_QUERY,Stage01 canonical reconciliation rank 2200,STATHEAD_UNAMBIGUOUS_SINGLE_CANDIDATE,False,CREDITED,POSTGAME_ACTUAL_STARTER,ORACLE_STARTER_IDENTITY_ONLY,False
2021,4,REG,2021-10-03,2021_04_WAS_ATL,WAS,ATL,Taylor Heinicke,HeinTa00,00-0031800,STATHEAD_QB_STARTED_QUERY,Stage01 canonical reconciliation rank 2182,STATHEAD_UNAMBIGUOUS_SINGLE_CANDIDATE,False,CREDITED,Matt Ryan,RyanMa00,00-0026143,STATHEAD_QB_STARTED_QUERY,Stage01 canonical reconciliation rank 2195,STATHEAD_UNAMBIGUOUS_SINGLE_CANDIDATE,False,CREDITED,POSTGAME_ACTUAL_STARTER,ORACLE_STARTER_IDENTITY_ONLY,False
2021,5,REG,2021-10-10,2021_05_BUF_KC,BUF,KC,Josh Allen,AlleJo02,00-0034857,STATHEAD_QB_STARTED_QUERY,Stage01 canonical reconciliation rank 2140,STATHEAD_UNAMBIGUOUS_SINGLE_CANDIDATE,False,CREDITED,Patrick Mahomes,MahoPa00,00-0033873,STATHEAD_QB_STARTED_QUERY,Stage01 canonical reconciliation rank 2158,STATHEAD_UNAMBIGUOUS_SINGLE_CANDIDATE,False,CREDITED,POSTGAME_ACTUAL_STARTER,ORACLE_STARTER_IDENTITY_ONLY,False
2021,5,REG,2021-10-10,2021_05_CHI_LV,CHI,LV,Justin Fields,FielJu00,00-0036945,STATHEAD_QB_STARTED_QUERY,Stage01 canonical reconciliation rank 2148,STATHEAD_UNAMBIGUOUS_SINGLE_CANDIDATE,False,CREDITED,Derek Carr,CarrDe02,00-0031280,STATHEAD_QB_STARTED_QUERY,Stage01 canonical reconciliation rank 2145,STATHEAD_UNAMBIGUOUS_SINGLE_CANDIDATE,False,CREDITED,POSTGAME_ACTUAL_STARTER,ORACLE_STARTER_IDENTITY_ONLY,False
2021,5,REG,2021-10-10,2021_05_CLE_LAC,CLE,LAC,Baker Mayfield,MayfBa00,00-0034855,STATHEAD_QB_STARTED_QUERY,Stage01 canonical reconciliation rank 2159,STATHEAD_UNAMBIGUOUS_SINGLE_CANDIDATE,False,CREDITED,Justin Herbert,HerbJu00,00-0036355,STATHEAD_QB_STARTED_QUERY,Stage01 canonical reconciliation rank 2151,STATHEAD_UNAMBIGUOUS_SINGLE_CANDIDATE,False,CREDITED,POSTGAME_ACTUAL_STARTER,ORACLE_STARTER_IDENTITY_ONLY,False
2021,5,REG,2021-10-10,2021_05_DEN_PIT,DEN,PIT,Teddy Bridgewater,BridTe00,00-0031237,STATHEAD_QB_STARTED_QUERY,Stage01 canonical reconciliation rank 2142,STATHEAD_UNAMBIGUOUS_SINGLE_CANDIDATE,False,CREDITED,Ben Roethlisberger,RoetBe00,00-0022924,STATHEAD_QB_STARTED_QUERY,Stage01 canonical reconciliation rank 2164,STATHEAD_UNAMBIGUOUS_SINGLE_CANDIDATE,False,CREDITED,POSTGAME_ACTUAL_STARTER,ORACLE_STARTER_IDENTITY_ONLY,False
2021,5,REG,2021-10-10,2021_05_DET_MIN,DET,MIN,Jared Goff,GoffJa00,00-0033106,STATHEAD_QB_STARTED_QUERY,Stage01 canonical reconciliation rank 2149,STATHEAD_UNAMBIGUOUS_SINGLE_CANDIDATE,False,CREDITED,Kirk Cousins,CousKi00,00-0029604,STATHEAD_QB_STARTED_QUERY,Stage01 canonical reconciliation rank 2146,STATHEAD_UNAMBIGUOUS_SINGLE_CANDIDATE,False,CREDITED,POSTGAME_ACTUAL_STARTER,ORACLE_STARTER_IDENTITY_ONLY,False
2021,5,REG,2021-10-10,2021_05_GB_CIN,GB,CIN,Aaron Rodgers,RodgAa00,00-0023459,STATHEAD_QB_STARTED_QUERY,Stage01 canonical reconciliation rank 2163,STATHEAD_UNAMBIGUOUS_SINGLE_CANDIDATE,False,CREDITED,Joe Burrow,BurrJo01,00-0036442,STATHEAD_QB_STARTED_QUERY,Stage01 canonical reconciliation rank 2144,STATHEAD_UNAMBIGUOUS_SINGLE_CANDIDATE,False,CREDITED,POSTGAME_ACTUAL_STARTER,ORACLE_STARTER_IDENTITY_ONLY,False
2021,5,REG,2021-10-11,2021_05_IND_BAL,IND,BAL,Carson Wentz,WentCa00,00-0032950,STATHEAD_QB_STARTED_QUERY,Stage01 canonical reconciliation rank 2139,STATHEAD_UNAMBIGUOUS_SINGLE_CANDIDATE,False,CREDITED,Lamar Jackson,JackLa00,00-0034796,STATHEAD_QB_STARTED_QUERY,Stage01 canonical reconciliation rank 2138,STATHEAD_UNAMBIGUOUS_SINGLE_CANDIDATE,False,CREDITED,POSTGAME_ACTUAL_STARTER,ORACLE_STARTER_IDENTITY_ONLY,False
2021,5,REG,2021-10-07,2021_05_LA_SEA,LAR,SEA,Matthew Stafford,StafMa00,00-0026498,STATHEAD_QB_STARTED_QUERY,Stage01 canonical reconciliation rank 2169,STATHEAD_UNAMBIGUOUS_SINGLE_CANDIDATE,False,CREDITED,Russell Wilson,WilsRu00,00-0029263,STATHEAD_QB_STARTED_QUERY,Stage01 canonical reconciliation rank 2170,STATHEAD_UNAMBIGUOUS_SINGLE_CANDIDATE,False,CREDITED,POSTGAME_ACTUAL_STARTER,ORACLE_STARTER_IDENTITY_ONLY,False
2021,5,REG,2021-10-10,2021_05_MIA_TB,MIA,TB,Jacoby Brissett,BrisJa00,00-0033119,STATHEAD_QB_STARTED_QUERY,Stage01 canonical reconciliation rank 2143,STATHEAD_UNAMBIGUOUS_SINGLE_CANDIDATE,False,CREDITED,Tom Brady,BradTo00,00-0019596,STATHEAD_QB_STARTED_QUERY,Stage01 canonical reconciliation rank 2141,STATHEAD_UNAMBIGUOUS_SINGLE_CANDIDATE,False,CREDITED,POSTGAME_ACTUAL_STARTER,ORACLE_STARTER_IDENTITY_ONLY,False
2021,5,REG,2021-10-10,2021_05_NE_HOU,NE,HOU,Mac Jones,JoneMa05,00-0036972,STATHEAD_QB_STARTED_QUERY,Stage01 canonical reconciliation rank 2155,STATHEAD_UNAMBIGUOUS_SINGLE_CANDIDATE,False,CREDITED,Davis Mills,MillDa02,00-0036898,STATHEAD_QB_STARTED_QUERY,Stage01 canonical reconciliation rank 2160,STATHEAD_UNAMBIGUOUS_SINGLE_CANDIDATE,False,CREDITED,POSTGAME_ACTUAL_STARTER,ORACLE_STARTER_IDENTITY_ONLY,False
2021,5,REG,2021-10-10,2021_05_NO_WAS,NO,WAS,Jameis Winston,WinsJa00,00-0031503,VALIDATED_MANUAL_WEB_RESEARCH,,VALIDATED_MANUAL_WEB_EXCEPTION,False,CREDITED,Taylor Heinicke,HeinTa00,00-0031800,STATHEAD_QB_STARTED_QUERY,Stage01 canonical reconciliation rank 2150,STATHEAD_UNAMBIGUOUS_SINGLE_CANDIDATE,False,CREDITED,POSTGAME_ACTUAL_STARTER,ORACLE_STARTER_IDENTITY_ONLY,False
2021,5,REG,2021-10-10,2021_05_NYG_DAL,NYG,DAL,Daniel Jones,JoneDa05,00-0035710,STATHEAD_QB_STARTED_QUERY,Stage01 canonical reconciliation rank 2154,STATHEAD_UNAMBIGUOUS_SINGLE_CANDIDATE,False,CREDITED,Dak Prescott,PresDa01,00-0033077,STATHEAD_QB_STARTED_QUERY,Stage01 canonical reconciliation rank 2162,STATHEAD_UNAMBIGUOUS_SINGLE_CANDIDATE,False,CREDITED,POSTGAME_ACTUAL_STARTER,ORACLE_STARTER_IDENTITY_ONLY,False
2021,5,REG,2021-10-10,2021_05_NYJ_ATL,NYJ,ATL,Zach Wilson,WilsZa00,00-0037013,STATHEAD_QB_STARTED_QUERY,Stage01 canonical reconciliation rank 2167,STATHEAD_UNAMBIGUOUS_SINGLE_CANDIDATE,False,CREDITED,Matt Ryan,RyanMa00,00-0026143,STATHEAD_QB_STARTED_QUERY,Stage01 canonical reconciliation rank 2165,STATHEAD_UNAMBIGUOUS_SINGLE_CANDIDATE,False,CREDITED,POSTGAME_ACTUAL_STARTER,ORACLE_STARTER_IDENTITY_ONLY,False
2021,5,REG,2021-10-10,2021_05_PHI_CAR,PHI,CAR,Jalen Hurts,HurtJa00,00-0036389,STATHEAD_QB_STARTED_QUERY,Stage01 canonical reconciliation rank 2153,STATHEAD_UNAMBIGUOUS_SINGLE_CANDIDATE,False,CREDITED,Sam Darnold,DarnSa00,00-0034869,STATHEAD_QB_STARTED_QUERY,Stage01 canonical reconciliation rank 2147,STATHEAD_UNAMBIGUOUS_SINGLE_CANDIDATE,False,CREDITED,POSTGAME_ACTUAL_STARTER,ORACLE_STARTER_IDENTITY_ONLY,False
2021,5,REG,2021-10-10,2021_05_SF_ARI,SF,ARI,Trey Lance,LancTr00,00-0037012,STATHEAD_QB_STARTED_QUERY,Stage01 canonical reconciliation rank 2156,STATHEAD_UNAMBIGUOUS_SINGLE_CANDIDATE,False,CREDITED,Kyler Murray,MurrKy00,00-0035228,STATHEAD_QB_STARTED_QUERY,Stage01 canonical reconciliation rank 2161,STATHEAD_UNAMBIGUOUS_SINGLE_CANDIDATE,False,CREDITED,POSTGAME_ACTUAL_STARTER,ORACLE_STARTER_IDENTITY_ONLY,False
2021,5,REG,2021-10-10,2021_05_TEN_JAX,TEN,JAX,Ryan Tannehill,TannRy00,00-0029701,STATHEAD_QB_STARTED_QUERY,Stage01 canonical reconciliation rank 2166,STATHEAD_UNAMBIGUOUS_SINGLE_CANDIDATE,False,CREDITED,Trevor Lawrence,LawrTr00,00-0036971,STATHEAD_QB_STARTED_QUERY,Stage01 canonical reconciliation rank 2157,STATHEAD_UNAMBIGUOUS_SINGLE_CANDIDATE,False,CREDITED,POSTGAME_ACTUAL_STARTER,ORACLE_STARTER_IDENTITY_ONLY,False
2021,6,REG,2021-10-17,2021_06_ARI_CLE,ARI,CLE,Kyler Murray,MurrKy00,00-0035228,STATHEAD_QB_STARTED_QUERY,Stage01 canonical reconciliation rank 2128,STATHEAD_UNAMBIGUOUS_SINGLE_CANDIDATE,False,CREDITED,Baker Mayfield,MayfBa00,00-0034855,STATHEAD_QB_STARTED_QUERY,Stage01 canonical reconciliation rank 2126,STATHEAD_UNAMBIGUOUS_SINGLE_CANDIDATE,False,CREDITED,POSTGAME_ACTUAL_STARTER,ORACLE_STARTER_IDENTITY_ONLY,False
2021,6,REG,2021-10-18,2021_06_BUF_TEN,BUF,TEN,Josh Allen,AlleJo02,00-0034857,STATHEAD_QB_STARTED_QUERY,Stage01 canonical reconciliation rank 2110,STATHEAD_UNAMBIGUOUS_SINGLE_CANDIDATE,False,CREDITED,Ryan Tannehill,TannRy00,00-0029701,STATHEAD_QB_STARTED_QUERY,Stage01 canonical reconciliation rank 2111,STATHEAD_UNAMBIGUOUS_SINGLE_CANDIDATE,False,CREDITED,POSTGAME_ACTUAL_STARTER,ORACLE_STARTER_IDENTITY_ONLY,False
2021,6,REG,2021-10-17,2021_06_CIN_DET,CIN,DET,Joe Burrow,BurrJo01,00-0036442,STATHEAD_QB_STARTED_QUERY,Stage01 canonical reconciliation rank 2113,STATHEAD_UNAMBIGUOUS_SINGLE_CANDIDATE,False,CREDITED,Jared Goff,GoffJa00,00-0033106,STATHEAD_QB_STARTED_QUERY,Stage01 canonical reconciliation rank 2118,STATHEAD_UNAMBIGUOUS_SINGLE_CANDIDATE,False,CREDITED,POSTGAME_ACTUAL_STARTER,ORACLE_STARTER_IDENTITY_ONLY,False
2021,6,REG,2021-10-17,2021_06_DAL_NE,DAL,NE,Dak Prescott,PresDa01,00-0033077,STATHEAD_QB_STARTED_QUERY,Stage01 canonical reconciliation rank 2129,STATHEAD_UNAMBIGUOUS_SINGLE_CANDIDATE,False,CREDITED,Mac Jones,JoneMa05,00-0036972,STATHEAD_QB_STARTED_QUERY,Stage01 canonical reconciliation rank 2123,STATHEAD_UNAMBIGUOUS_SINGLE_CANDIDATE,False,CREDITED,POSTGAME_ACTUAL_STARTER,ORACLE_STARTER_IDENTITY_ONLY,False
2021,6,REG,2021-10-17,2021_06_GB_CHI,GB,CHI,Aaron Rodgers,RodgAa00,00-0023459,STATHEAD_QB_STARTED_QUERY,Stage01 canonical reconciliation rank 2130,STATHEAD_UNAMBIGUOUS_SINGLE_CANDIDATE,False,CREDITED,Justin Fields,FielJu00,00-0036945,STATHEAD_QB_STARTED_QUERY,Stage01 canonical reconciliation rank 2117,STATHEAD_UNAMBIGUOUS_SINGLE_CANDIDATE,False,CREDITED,POSTGAME_ACTUAL_STARTER,ORACLE_STARTER_IDENTITY_ONLY,False
2021,6,REG,2021-10-17,2021_06_HOU_IND,HOU,IND,Davis Mills,MillDa02,00-0036898,STATHEAD_QB_STARTED_QUERY,Stage01 canonical reconciliation rank 2127,STATHEAD_UNAMBIGUOUS_SINGLE_CANDIDATE,False,CREDITED,Carson Wentz,WentCa00,00-0032950,STATHEAD_QB_STARTED_QUERY,Stage01 canonical reconciliation rank 2135,STATHEAD_UNAMBIGUOUS_SINGLE_CANDIDATE,False,CREDITED,POSTGAME_ACTUAL_STARTER,ORACLE_STARTER_IDENTITY_ONLY,False
2021,6,REG,2021-10-17,2021_06_KC_WAS,KC,WAS,Patrick Mahomes,MahoPa00,00-0033873,STATHEAD_QB_STARTED_QUERY,Stage01 canonical reconciliation rank 2125,STATHEAD_UNAMBIGUOUS_SINGLE_CANDIDATE,False,CREDITED,Taylor Heinicke,HeinTa00,00-0031800,STATHEAD_QB_STARTED_QUERY,Stage01 canonical reconciliation rank 2119,STATHEAD_UNAMBIGUOUS_SINGLE_CANDIDATE,False,CREDITED,POSTGAME_ACTUAL_STARTER,ORACLE_STARTER_IDENTITY_ONLY,False
2021,6,REG,2021-10-17,2021_06_LAC_BAL,LAC,BAL,Justin Herbert,HerbJu00,00-0036355,STATHEAD_QB_STARTED_QUERY,Stage01 canonical reconciliation rank 2120,STATHEAD_UNAMBIGUOUS_SINGLE_CANDIDATE,False,CREDITED,Lamar Jackson,JackLa00,00-0034796,STATHEAD_QB_STARTED_QUERY,Stage01 canonical reconciliation rank 2121,STATHEAD_UNAMBIGUOUS_SINGLE_CANDIDATE,False,CREDITED,POSTGAME_ACTUAL_STARTER,ORACLE_STARTER_IDENTITY_ONLY,False
2021,6,REG,2021-10-17,2021_06_LA_NYG,LAR,NYG,Matthew Stafford,StafMa00,00-0026498,STATHEAD_QB_STARTED_QUERY,Stage01 canonical reconciliation rank 2133,STATHEAD_UNAMBIGUOUS_SINGLE_CANDIDATE,False,CREDITED,Daniel Jones,JoneDa05,00-0035710,STATHEAD_QB_STARTED_QUERY,Stage01 canonical reconciliation rank 2122,STATHEAD_UNAMBIGUOUS_SINGLE_CANDIDATE,False,CREDITED,POSTGAME_ACTUAL_STARTER,ORACLE_STARTER_IDENTITY_ONLY,False
2021,6,REG,2021-10-17,2021_06_LV_DEN,LV,DEN,Derek Carr,CarrDe02,00-0031280,STATHEAD_QB_STARTED_QUERY,Stage01 canonical reconciliation rank 2114,STATHEAD_UNAMBIGUOUS_SINGLE_CANDIDATE,False,CREDITED,Teddy Bridgewater,BridTe00,00-0031237,STATHEAD_QB_STARTED_QUERY,Stage01 canonical reconciliation rank 2112,STATHEAD_UNAMBIGUOUS_SINGLE_CANDIDATE,False,CREDITED,POSTGAME_ACTUAL_STARTER,ORACLE_STARTER_IDENTITY_ONLY,False
2021,6,REG,2021-10-17,2021_06_MIA_JAX,MIA,JAX,Tua Tagovailoa,TagoTu00,00-0036212,STATHEAD_QB_STARTED_QUERY,Stage01 canonical reconciliation rank 2134,STATHEAD_UNAMBIGUOUS_SINGLE_CANDIDATE,False,CREDITED,Trevor Lawrence,LawrTr00,00-0036971,STATHEAD_QB_STARTED_QUERY,Stage01 canonical reconciliation rank 2124,STATHEAD_UNAMBIGUOUS_SINGLE_CANDIDATE,False,CREDITED,POSTGAME_ACTUAL_STARTER,ORACLE_STARTER_IDENTITY_ONLY,False
2021,6,REG,2021-10-17,2021_06_MIN_CAR,MIN,CAR,Kirk Cousins,CousKi00,00-0029604,STATHEAD_QB_STARTED_QUERY,Stage01 canonical reconciliation rank 2115,STATHEAD_UNAMBIGUOUS_SINGLE_CANDIDATE,False,CREDITED,Sam Darnold,DarnSa00,00-0034869,STATHEAD_QB_STARTED_QUERY,Stage01 canonical reconciliation rank 2116,STATHEAD_UNAMBIGUOUS_SINGLE_CANDIDATE,False,CREDITED,POSTGAME_ACTUAL_STARTER,ORACLE_STARTER_IDENTITY_ONLY,False
2021,6,REG,2021-10-17,2021_06_SEA_PIT,SEA,PIT,Geno Smith,SmitGe00,00-0030565,STATHEAD_QB_STARTED_QUERY,Stage01 canonical reconciliation rank 2132,STATHEAD_UNAMBIGUOUS_SINGLE_CANDIDATE,False,CREDITED,Ben Roethlisberger,RoetBe00,00-0022924,STATHEAD_QB_STARTED_QUERY,Stage01 canonical reconciliation rank 2131,STATHEAD_UNAMBIGUOUS_SINGLE_CANDIDATE,False,CREDITED,POSTGAME_ACTUAL_STARTER,ORACLE_STARTER_IDENTITY_ONLY,False
2021,6,REG,2021-10-14,2021_06_TB_PHI,TB,PHI,Tom Brady,BradTo00,00-0019596,STATHEAD_QB_STARTED_QUERY,Stage01 canonical reconciliation rank 2136,STATHEAD_UNAMBIGUOUS_SINGLE_CANDIDATE,False,CREDITED,Jalen Hurts,HurtJa00,00-0036389,STATHEAD_QB_STARTED_QUERY,Stage01 canonical reconciliation rank 2137,STATHEAD_UNAMBIGUOUS_SINGLE_CANDIDATE,False,CREDITED,POSTGAME_ACTUAL_STARTER,ORACLE_STARTER_IDENTITY_ONLY,False
2021,7,REG,2021-10-24,2021_07_ATL_MIA,ATL,MIA,Matt Ryan,RyanMa00,00-0026143,STATHEAD_QB_STARTED_QUERY,Stage01 canonical reconciliation rank 2102,STATHEAD_UNAMBIGUOUS_SINGLE_CANDIDATE,False,CREDITED,Tua Tagovailoa,TagoTu00,00-0036212,STATHEAD_QB_STARTED_QUERY,Stage01 canonical reconciliation rank 2104,STATHEAD_UNAMBIGUOUS_SINGLE_CANDIDATE,False,CREDITED,POSTGAME_ACTUAL_STARTER,ORACLE_STARTER_IDENTITY_ONLY,False
2021,7,REG,2021-10-24,2021_07_CAR_NYG,CAR,NYG,Sam Darnold,DarnSa00,00-0034869,STATHEAD_QB_STARTED_QUERY,Stage01 canonical reconciliation rank 2089,STATHEAD_UNAMBIGUOUS_SINGLE_CANDIDATE,False,CREDITED,Daniel Jones,JoneDa05,00-0035710,STATHEAD_QB_STARTED_QUERY,Stage01 canonical reconciliation rank 2096,STATHEAD_UNAMBIGUOUS_SINGLE_CANDIDATE,False,CREDITED,POSTGAME_ACTUAL_STARTER,ORACLE_STARTER_IDENTITY_ONLY,False
2021,7,REG,2021-10-24,2021_07_CHI_TB,CHI,TB,Justin Fields,FielJu00,00-0036945,STATHEAD_QB_STARTED_QUERY,Stage01 canonical reconciliation rank 2090,STATHEAD_UNAMBIGUOUS_SINGLE_CANDIDATE,False,CREDITED,Tom Brady,BradTo00,00-0019596,STATHEAD_QB_STARTED_QUERY,Stage01 canonical reconciliation rank 2086,STATHEAD_UNAMBIGUOUS_SINGLE_CANDIDATE,False,CREDITED,POSTGAME_ACTUAL_STARTER,ORACLE_STARTER_IDENTITY_ONLY,False
2021,7,REG,2021-10-24,2021_07_CIN_BAL,CIN,BAL,Joe Burrow,BurrJo01,00-0036442,STATHEAD_QB_STARTED_QUERY,Stage01 canonical reconciliation rank 2087,STATHEAD_UNAMBIGUOUS_SINGLE_CANDIDATE,False,CREDITED,Lamar Jackson,JackLa00,00-0034796,STATHEAD_QB_STARTED_QUERY,Stage01 canonical reconciliation rank 2095,STATHEAD_UNAMBIGUOUS_SINGLE_CANDIDATE,False,CREDITED,POSTGAME_ACTUAL_STARTER,ORACLE_STARTER_IDENTITY_ONLY,False
2021,7,REG,2021-10-21,2021_07_DEN_CLE,DEN,CLE,Teddy Bridgewater,BridTe00,00-0031237,STATHEAD_QB_STARTED_QUERY,Stage01 canonical reconciliation rank 2108,STATHEAD_UNAMBIGUOUS_SINGLE_CANDIDATE,False,CREDITED,Case Keenum,KeenCa00,00-0028986,STATHEAD_QB_STARTED_QUERY,Stage01 canonical reconciliation rank 2109,STATHEAD_UNAMBIGUOUS_SINGLE_CANDIDATE,False,CREDITED,POSTGAME_ACTUAL_STARTER,ORACLE_STARTER_IDENTITY_ONLY,False
2021,7,REG,2021-10-24,2021_07_DET_LA,DET,LAR,Jared Goff,GoffJa00,00-0033106,STATHEAD_QB_STARTED_QUERY,Stage01 canonical reconciliation rank 2092,STATHEAD_UNAMBIGUOUS_SINGLE_CANDIDATE,False,CREDITED,Matthew Stafford,StafMa00,00-0026498,STATHEAD_QB_STARTED_QUERY,Stage01 canonical reconciliation rank 2103,STATHEAD_UNAMBIGUOUS_SINGLE_CANDIDATE,False,CREDITED,POSTGAME_ACTUAL_STARTER,ORACLE_STARTER_IDENTITY_ONLY,False
2021,7,REG,2021-10-24,2021_07_HOU_ARI,HOU,ARI,Davis Mills,MillDa02,00-0036898,STATHEAD_QB_STARTED_QUERY,Stage01 canonical reconciliation rank 2099,STATHEAD_UNAMBIGUOUS_SINGLE_CANDIDATE,False,CREDITED,Kyler Murray,MurrKy00,00-0035228,STATHEAD_QB_STARTED_QUERY,Stage01 canonical reconciliation rank 2100,STATHEAD_UNAMBIGUOUS_SINGLE_CANDIDATE,False,CREDITED,POSTGAME_ACTUAL_STARTER,ORACLE_STARTER_IDENTITY_ONLY,False
2021,7,REG,2021-10-24,2021_07_IND_SF,IND,SF,Carson Wentz,WentCa00,00-0032950,STATHEAD_QB_STARTED_QUERY,Stage01 canonical reconciliation rank 2106,STATHEAD_UNAMBIGUOUS_SINGLE_CANDIDATE,False,CREDITED,Jimmy Garoppolo,GaroJi00,00-0031345,STATHEAD_QB_STARTED_QUERY,Stage01 canonical reconciliation rank 2091,STATHEAD_UNAMBIGUOUS_SINGLE_CANDIDATE,False,CREDITED,POSTGAME_ACTUAL_STARTER,ORACLE_STARTER_IDENTITY_ONLY,False
2021,7,REG,2021-10-24,2021_07_KC_TEN,KC,TEN,Patrick Mahomes,MahoPa00,00-0033873,STATHEAD_QB_STARTED_QUERY,Stage01 canonical reconciliation rank 2098,STATHEAD_UNAMBIGUOUS_SINGLE_CANDIDATE,False,CREDITED,Ryan Tannehill,TannRy00,00-0029701,STATHEAD_QB_STARTED_QUERY,Stage01 canonical reconciliation rank 2105,STATHEAD_UNAMBIGUOUS_SINGLE_CANDIDATE,False,CREDITED,POSTGAME_ACTUAL_STARTER,ORACLE_STARTER_IDENTITY_ONLY,False
2021,7,REG,2021-10-25,2021_07_NO_SEA,NO,SEA,Jameis Winston,WinsJa00,00-0031503,STATHEAD_QB_STARTED_QUERY,Stage01 canonical reconciliation rank 2085,STATHEAD_UNAMBIGUOUS_SINGLE_CANDIDATE,False,CREDITED,Geno Smith,SmitGe00,00-0030565,STATHEAD_QB_STARTED_QUERY,Stage01 canonical reconciliation rank 2084,STATHEAD_UNAMBIGUOUS_SINGLE_CANDIDATE,False,CREDITED,POSTGAME_ACTUAL_STARTER,ORACLE_STARTER_IDENTITY_ONLY,False
2021,7,REG,2021-10-24,2021_07_NYJ_NE,NYJ,NE,Zach Wilson,WilsZa00,00-0037013,STATHEAD_QB_STARTED_QUERY,Stage01 canonical reconciliation rank 2107,STATHEAD_UNAMBIGUOUS_SINGLE_CANDIDATE,False,CREDITED,Mac Jones,JoneMa05,00-0036972,STATHEAD_QB_STARTED_QUERY,Stage01 canonical reconciliation rank 2097,STATHEAD_UNAMBIGUOUS_SINGLE_CANDIDATE,False,CREDITED,POSTGAME_ACTUAL_STARTER,ORACLE_STARTER_IDENTITY_ONLY,False
2021,7,REG,2021-10-24,2021_07_PHI_LV,PHI,LV,Jalen Hurts,HurtJa00,00-0036389,STATHEAD_QB_STARTED_QUERY,Stage01 canonical reconciliation rank 2094,STATHEAD_UNAMBIGUOUS_SINGLE_CANDIDATE,False,CREDITED,Derek Carr,CarrDe02,00-0031280,STATHEAD_QB_STARTED_QUERY,Stage01 canonical reconciliation rank 2088,STATHEAD_UNAMBIGUOUS_SINGLE_CANDIDATE,False,CREDITED,POSTGAME_ACTUAL_STARTER,ORACLE_STARTER_IDENTITY_ONLY,False
2021,7,REG,2021-10-24,2021_07_WAS_GB,WAS,GB,Taylor Heinicke,HeinTa00,00-0031800,STATHEAD_QB_STARTED_QUERY,Stage01 canonical reconciliation rank 2093,STATHEAD_UNAMBIGUOUS_SINGLE_CANDIDATE,False,CREDITED,Aaron Rodgers,RodgAa00,00-0023459,STATHEAD_QB_STARTED_QUERY,Stage01 canonical reconciliation rank 2101,STATHEAD_UNAMBIGUOUS_SINGLE_CANDIDATE,False,CREDITED,POSTGAME_ACTUAL_STARTER,ORACLE_STARTER_IDENTITY_ONLY,False
2021,8,REG,2021-10-31,2021_08_CAR_ATL,CAR,ATL,Sam Darnold,DarnSa00,00-0034869,STATHEAD_QB_STARTED_QUERY,Stage01 canonical reconciliation rank 2061,STATHEAD_UNAMBIGUOUS_SINGLE_CANDIDATE,False,CREDITED,Matt Ryan,RyanMa00,00-0026143,STATHEAD_QB_STARTED_QUERY,Stage01 canonical reconciliation rank 2074,STATHEAD_UNAMBIGUOUS_SINGLE_CANDIDATE,False,CREDITED,POSTGAME_ACTUAL_STARTER,ORACLE_STARTER_IDENTITY_ONLY,False
2021,8,REG,2021-10-31,2021_08_CIN_NYJ,CIN,NYJ,Joe Burrow,BurrJo01,00-0036442,STATHEAD_QB_STARTED_QUERY,Stage01 canonical reconciliation rank 2059,STATHEAD_UNAMBIGUOUS_SINGLE_CANDIDATE,False,CREDITED,Mike White,WhitMi01,00-0034401,STATHEAD_QB_STARTED_QUERY,Stage01 canonical reconciliation rank 2080,STATHEAD_UNAMBIGUOUS_SINGLE_CANDIDATE,False,CREDITED,POSTGAME_ACTUAL_STARTER,ORACLE_STARTER_IDENTITY_ONLY,False
2021,8,REG,2021-10-31,2021_08_DAL_MIN,DAL,MIN,Cooper Rush,RushCo00,00-0033662,STATHEAD_QB_STARTED_QUERY,Stage01 canonical reconciliation rank 2073,STATHEAD_UNAMBIGUOUS_SINGLE_CANDIDATE,False,CREDITED,Kirk Cousins,CousKi00,00-0029604,STATHEAD_QB_STARTED_QUERY,Stage01 canonical reconciliation rank 2060,STATHEAD_UNAMBIGUOUS_SINGLE_CANDIDATE,False,CREDITED,POSTGAME_ACTUAL_STARTER,ORACLE_STARTER_IDENTITY_ONLY,False
2021,8,REG,2021-10-28,2021_08_GB_ARI,GB,ARI,Aaron Rodgers,RodgAa00,00-0023459,STATHEAD_QB_STARTED_QUERY,Stage01 canonical reconciliation rank 2083,STATHEAD_UNAMBIGUOUS_SINGLE_CANDIDATE,False,CREDITED,Kyler Murray,MurrKy00,00-0035228,STATHEAD_QB_STARTED_QUERY,Stage01 canonical reconciliation rank 2082,STATHEAD_UNAMBIGUOUS_SINGLE_CANDIDATE,False,CREDITED,POSTGAME_ACTUAL_STARTER,ORACLE_STARTER_IDENTITY_ONLY,False
2021,8,REG,2021-10-31,2021_08_JAX_SEA,JAX,SEA,Trevor Lawrence,LawrTr00,00-0036971,STATHEAD_QB_STARTED_QUERY,Stage01 canonical reconciliation rank 2069,STATHEAD_UNAMBIGUOUS_SINGLE_CANDIDATE,False,CREDITED,Geno Smith,SmitGe00,00-0030565,STATHEAD_QB_STARTED_QUERY,Stage01 canonical reconciliation rank 2075,STATHEAD_UNAMBIGUOUS_SINGLE_CANDIDATE,False,CREDITED,POSTGAME_ACTUAL_STARTER,ORACLE_STARTER_IDENTITY_ONLY,False
2021,8,REG,2021-10-31,2021_08_LA_HOU,LAR,HOU,Matthew Stafford,StafMa00,00-0026498,STATHEAD_QB_STARTED_QUERY,Stage01 canonical reconciliation rank 2076,STATHEAD_UNAMBIGUOUS_SINGLE_CANDIDATE,False,CREDITED,Davis Mills,MillDa02,00-0036898,STATHEAD_QB_STARTED_QUERY,Stage01 canonical reconciliation rank 2071,STATHEAD_UNAMBIGUOUS_SINGLE_CANDIDATE,False,CREDITED,POSTGAME_ACTUAL_STARTER,ORACLE_STARTER_IDENTITY_ONLY,False
2021,8,REG,2021-10-31,2021_08_MIA_BUF,MIA,BUF,Tua Tagovailoa,TagoTu00,00-0036212,STATHEAD_QB_STARTED_QUERY,Stage01 canonical reconciliation rank 2077,STATHEAD_UNAMBIGUOUS_SINGLE_CANDIDATE,False,CREDITED,Josh Allen,AlleJo02,00-0034857,STATHEAD_QB_STARTED_QUERY,Stage01 canonical reconciliation rank 2056,STATHEAD_UNAMBIGUOUS_SINGLE_CANDIDATE,False,CREDITED,POSTGAME_ACTUAL_STARTER,ORACLE_STARTER_IDENTITY_ONLY,False
2021,8,REG,2021-10-31,2021_08_NE_LAC,NE,LAC,Mac Jones,JoneMa05,00-0036972,STATHEAD_QB_STARTED_QUERY,Stage01 canonical reconciliation rank 2068,STATHEAD_UNAMBIGUOUS_SINGLE_CANDIDATE,False,CREDITED,Justin Herbert,HerbJu00,00-0036355,STATHEAD_QB_STARTED_QUERY,Stage01 canonical reconciliation rank 2066,STATHEAD_UNAMBIGUOUS_SINGLE_CANDIDATE,False,CREDITED,POSTGAME_ACTUAL_STARTER,ORACLE_STARTER_IDENTITY_ONLY,False
2021,8,REG,2021-11-01,2021_08_NYG_KC,NYG,KC,Daniel Jones,JoneDa05,00-0035710,STATHEAD_QB_STARTED_QUERY,Stage01 canonical reconciliation rank 2054,STATHEAD_UNAMBIGUOUS_SINGLE_CANDIDATE,False,CREDITED,Patrick Mahomes,MahoPa00,00-0033873,STATHEAD_QB_STARTED_QUERY,Stage01 canonical reconciliation rank 2055,STATHEAD_UNAMBIGUOUS_SINGLE_CANDIDATE,False,CREDITED,POSTGAME_ACTUAL_STARTER,ORACLE_STARTER_IDENTITY_ONLY,False
2021,8,REG,2021-10-31,2021_08_PHI_DET,PHI,DET,Jalen Hurts,HurtJa00,00-0036389,STATHEAD_QB_STARTED_QUERY,Stage01 canonical reconciliation rank 2067,STATHEAD_UNAMBIGUOUS_SINGLE_CANDIDATE,False,CREDITED,Jared Goff,GoffJa00,00-0033106,STATHEAD_QB_STARTED_QUERY,Stage01 canonical reconciliation rank 2064,STATHEAD_UNAMBIGUOUS_SINGLE_CANDIDATE,False,CREDITED,POSTGAME_ACTUAL_STARTER,ORACLE_STARTER_IDENTITY_ONLY,False
2021,8,REG,2021-10-31,2021_08_PIT_CLE,PIT,CLE,Ben Roethlisberger,RoetBe00,00-0022924,STATHEAD_QB_STARTED_QUERY,Stage01 canonical reconciliation rank 2072,STATHEAD_UNAMBIGUOUS_SINGLE_CANDIDATE,False,CREDITED,Baker Mayfield,MayfBa00,00-0034855,STATHEAD_QB_STARTED_QUERY,Stage01 canonical reconciliation rank 2070,STATHEAD_UNAMBIGUOUS_SINGLE_CANDIDATE,False,CREDITED,POSTGAME_ACTUAL_STARTER,ORACLE_STARTER_IDENTITY_ONLY,False
2021,8,REG,2021-10-31,2021_08_SF_CHI,SF,CHI,Jimmy Garoppolo,GaroJi00,00-0031345,STATHEAD_QB_STARTED_QUERY,Stage01 canonical reconciliation rank 2063,STATHEAD_UNAMBIGUOUS_SINGLE_CANDIDATE,False,CREDITED,Justin Fields,FielJu00,00-0036945,STATHEAD_QB_STARTED_QUERY,Stage01 canonical reconciliation rank 2062,STATHEAD_UNAMBIGUOUS_SINGLE_CANDIDATE,False,CREDITED,POSTGAME_ACTUAL_STARTER,ORACLE_STARTER_IDENTITY_ONLY,False
2021,8,REG,2021-10-31,2021_08_TB_NO,TB,NO,Tom Brady,BradTo00,00-0019596,STATHEAD_QB_STARTED_QUERY,Stage01 canonical reconciliation rank 2057,STATHEAD_UNAMBIGUOUS_SINGLE_CANDIDATE,False,CREDITED,Jameis Winston,WinsJa00,00-0031503,STATHEAD_QB_STARTED_QUERY,Stage01 canonical reconciliation rank 2081,STATHEAD_UNAMBIGUOUS_SINGLE_CANDIDATE,False,CREDITED,POSTGAME_ACTUAL_STARTER,ORACLE_STARTER_IDENTITY_ONLY,False
2021,8,REG,2021-10-31,2021_08_TEN_IND,TEN,IND,Ryan Tannehill,TannRy00,00-0029701,STATHEAD_QB_STARTED_QUERY,Stage01 canonical reconciliation rank 2078,STATHEAD_UNAMBIGUOUS_SINGLE_CANDIDATE,False,CREDITED,Carson Wentz,WentCa00,00-0032950,STATHEAD_QB_STARTED_QUERY,Stage01 canonical reconciliation rank 2079,STATHEAD_UNAMBIGUOUS_SINGLE_CANDIDATE,False,CREDITED,POSTGAME_ACTUAL_STARTER,ORACLE_STARTER_IDENTITY_ONLY,False
2021,8,REG,2021-10-31,2021_08_WAS_DEN,WAS,DEN,Taylor Heinicke,HeinTa00,00-0031800,STATHEAD_QB_STARTED_QUERY,Stage01 canonical reconciliation rank 2065,STATHEAD_UNAMBIGUOUS_SINGLE_CANDIDATE,False,CREDITED,Teddy Bridgewater,BridTe00,00-0031237,STATHEAD_QB_STARTED_QUERY,Stage01 canonical reconciliation rank 2058,STATHEAD_UNAMBIGUOUS_SINGLE_CANDIDATE,False,CREDITED,POSTGAME_ACTUAL_STARTER,ORACLE_STARTER_IDENTITY_ONLY,False
2021,9,REG,2021-11-07,2021_09_ARI_SF,ARI,SF,Colt McCoy,McCoCo00,00-0027688,STATHEAD_QB_STARTED_QUERY,Stage01 canonical reconciliation rank 2045,STATHEAD_UNAMBIGUOUS_SINGLE_CANDIDATE,False,CREDITED,Jimmy Garoppolo,GaroJi00,00-0031345,STATHEAD_QB_STARTED_QUERY,Stage01 canonical reconciliation rank 2035,STATHEAD_UNAMBIGUOUS_SINGLE_CANDIDATE,False,CREDITED,POSTGAME_ACTUAL_STARTER,ORACLE_STARTER_IDENTITY_ONLY,False
2021,9,REG,2021-11-07,2021_09_ATL_NO,ATL,NO,Matt Ryan,RyanMa00,00-0026143,STATHEAD_QB_STARTED_QUERY,Stage01 canonical reconciliation rank 2047,STATHEAD_UNAMBIGUOUS_SINGLE_CANDIDATE,False,CREDITED,Trevor Siemian,SiemTr00,00-0032156,STATHEAD_QB_STARTED_QUERY,Stage01 canonical reconciliation rank 2048,STATHEAD_UNAMBIGUOUS_SINGLE_CANDIDATE,False,CREDITED,POSTGAME_ACTUAL_STARTER,ORACLE_STARTER_IDENTITY_ONLY,False
2021,9,REG,2021-11-07,2021_09_BUF_JAX,BUF,JAX,Josh Allen,AlleJo02,00-0034857,STATHEAD_QB_STARTED_QUERY,Stage01 canonical reconciliation rank 2028,STATHEAD_UNAMBIGUOUS_SINGLE_CANDIDATE,False,CREDITED,Trevor Lawrence,LawrTr00,00-0036971,STATHEAD_QB_STARTED_QUERY,Stage01 canonical reconciliation rank 2041,STATHEAD_UNAMBIGUOUS_SINGLE_CANDIDATE,False,CREDITED,POSTGAME_ACTUAL_STARTER,ORACLE_STARTER_IDENTITY_ONLY,False
2021,9,REG,2021-11-08,2021_09_CHI_PIT,CHI,PIT,Justin Fields,FielJu00,00-0036945,STATHEAD_QB_STARTED_QUERY,Stage01 canonical reconciliation rank 2026,STATHEAD_UNAMBIGUOUS_SINGLE_CANDIDATE,False,CREDITED,Ben Roethlisberger,RoetBe00,00-0022924,STATHEAD_QB_STARTED_QUERY,Stage01 canonical reconciliation rank 2027,STATHEAD_UNAMBIGUOUS_SINGLE_CANDIDATE,False,CREDITED,POSTGAME_ACTUAL_STARTER,ORACLE_STARTER_IDENTITY_ONLY,False
2021,9,REG,2021-11-07,2021_09_CLE_CIN,CLE,CIN,Baker Mayfield,MayfBa00,00-0034855,STATHEAD_QB_STARTED_QUERY,Stage01 canonical reconciliation rank 2044,STATHEAD_UNAMBIGUOUS_SINGLE_CANDIDATE,False,CREDITED,Joe Burrow,BurrJo01,00-0036442,STATHEAD_QB_STARTED_QUERY,Stage01 canonical reconciliation rank 2031,STATHEAD_UNAMBIGUOUS_SINGLE_CANDIDATE,False,CREDITED,POSTGAME_ACTUAL_STARTER,ORACLE_STARTER_IDENTITY_ONLY,False
2021,9,REG,2021-11-07,2021_09_DEN_DAL,DEN,DAL,Teddy Bridgewater,BridTe00,00-0031237,STATHEAD_QB_STARTED_QUERY,Stage01 canonical reconciliation rank 2029,STATHEAD_UNAMBIGUOUS_SINGLE_CANDIDATE,False,CREDITED,Dak Prescott,PresDa01,00-0033077,STATHEAD_QB_STARTED_QUERY,Stage01 canonical reconciliation rank 2046,STATHEAD_UNAMBIGUOUS_SINGLE_CANDIDATE,False,CREDITED,POSTGAME_ACTUAL_STARTER,ORACLE_STARTER_IDENTITY_ONLY,False
2021,9,REG,2021-11-07,2021_09_GB_KC,GB,KC,Jordan Love,LoveJo03,00-0036264,STATHEAD_QB_STARTED_QUERY,Stage01 canonical reconciliation rank 2042,STATHEAD_UNAMBIGUOUS_SINGLE_CANDIDATE,False,CREDITED,Patrick Mahomes,MahoPa00,00-0033873,STATHEAD_QB_STARTED_QUERY,Stage01 canonical reconciliation rank 2043,STATHEAD_UNAMBIGUOUS_SINGLE_CANDIDATE,False,CREDITED,POSTGAME_ACTUAL_STARTER,ORACLE_STARTER_IDENTITY_ONLY,False
2021,9,REG,2021-11-07,2021_09_HOU_MIA,HOU,MIA,Tyrod Taylor,TaylTy00,00-0028118,STATHEAD_QB_STARTED_QUERY,Stage01 canonical reconciliation rank 2051,STATHEAD_UNAMBIGUOUS_SINGLE_CANDIDATE,False,CREDITED,Jacoby Brissett,BrisJa00,00-0033119,STATHEAD_QB_STARTED_QUERY,Stage01 canonical reconciliation rank 2030,STATHEAD_UNAMBIGUOUS_SINGLE_CANDIDATE,False,CREDITED,POSTGAME_ACTUAL_STARTER,ORACLE_STARTER_IDENTITY_ONLY,False
2021,9,REG,2021-11-07,2021_09_LAC_PHI,LAC,PHI,Justin Herbert,HerbJu00,00-0036355,STATHEAD_QB_STARTED_QUERY,Stage01 canonical reconciliation rank 2036,STATHEAD_UNAMBIGUOUS_SINGLE_CANDIDATE,False,CREDITED,Jalen Hurts,HurtJa00,00-0036389,STATHEAD_QB_STARTED_QUERY,Stage01 canonical reconciliation rank 2037,STATHEAD_UNAMBIGUOUS_SINGLE_CANDIDATE,False,CREDITED,POSTGAME_ACTUAL_STARTER,ORACLE_STARTER_IDENTITY_ONLY,False
2021,9,REG,2021-11-07,2021_09_LV_NYG,LV,NYG,Derek Carr,CarrDe02,00-0031280,STATHEAD_QB_STARTED_QUERY,Stage01 canonical reconciliation rank 2032,STATHEAD_UNAMBIGUOUS_SINGLE_CANDIDATE,False,CREDITED,Daniel Jones,JoneDa05,00-0035710,STATHEAD_QB_STARTED_QUERY,Stage01 canonical reconciliation rank 2039,STATHEAD_UNAMBIGUOUS_SINGLE_CANDIDATE,False,CREDITED,POSTGAME_ACTUAL_STARTER,ORACLE_STARTER_IDENTITY_ONLY,False
2021,9,REG,2021-11-07,2021_09_MIN_BAL,MIN,BAL,Kirk Cousins,CousKi00,00-0029604,STATHEAD_QB_STARTED_QUERY,Stage01 canonical reconciliation rank 2033,STATHEAD_UNAMBIGUOUS_SINGLE_CANDIDATE,False,CREDITED,Lamar Jackson,JackLa00,00-0034796,STATHEAD_QB_STARTED_QUERY,Stage01 canonical reconciliation rank 2038,STATHEAD_UNAMBIGUOUS_SINGLE_CANDIDATE,False,CREDITED,POSTGAME_ACTUAL_STARTER,ORACLE_STARTER_IDENTITY_ONLY,False
2021,9,REG,2021-11-07,2021_09_NE_CAR,NE,CAR,Mac Jones,JoneMa05,00-0036972,STATHEAD_QB_STARTED_QUERY,Stage01 canonical reconciliation rank 2040,STATHEAD_UNAMBIGUOUS_SINGLE_CANDIDATE,False,CREDITED,Sam Darnold,DarnSa00,00-0034869,STATHEAD_QB_STARTED_QUERY,Stage01 canonical reconciliation rank 2034,STATHEAD_UNAMBIGUOUS_SINGLE_CANDIDATE,False,CREDITED,POSTGAME_ACTUAL_STARTER,ORACLE_STARTER_IDENTITY_ONLY,False
2021,9,REG,2021-11-04,2021_09_NYJ_IND,NYJ,IND,Mike White,WhitMi01,00-0034401,STATHEAD_QB_STARTED_QUERY,Stage01 canonical reconciliation rank 2053,STATHEAD_UNAMBIGUOUS_SINGLE_CANDIDATE,False,CREDITED,Carson Wentz,WentCa00,00-0032950,STATHEAD_QB_STARTED_QUERY,Stage01 canonical reconciliation rank 2052,STATHEAD_UNAMBIGUOUS_SINGLE_CANDIDATE,False,CREDITED,POSTGAME_ACTUAL_STARTER,ORACLE_STARTER_IDENTITY_ONLY,False
2021,9,REG,2021-11-07,2021_09_TEN_LA,TEN,LAR,Ryan Tannehill,TannRy00,00-0029701,STATHEAD_QB_STARTED_QUERY,Stage01 canonical reconciliation rank 2050,STATHEAD_UNAMBIGUOUS_SINGLE_CANDIDATE,False,CREDITED,Matthew Stafford,StafMa00,00-0026498,STATHEAD_QB_STARTED_QUERY,Stage01 canonical reconciliation rank 2049,STATHEAD_UNAMBIGUOUS_SINGLE_CANDIDATE,False,CREDITED,POSTGAME_ACTUAL_STARTER,ORACLE_STARTER_IDENTITY_ONLY,False
2021,10,REG,2021-11-14,2021_10_ATL_DAL,ATL,DAL,Matt Ryan,RyanMa00,00-0026143,STATHEAD_QB_STARTED_QUERY,Stage01 canonical reconciliation rank 2017,STATHEAD_UNAMBIGUOUS_SINGLE_CANDIDATE,False,CREDITED,Dak Prescott,PresDa01,00-0033077,STATHEAD_QB_STARTED_QUERY,Stage01 canonical reconciliation rank 2014,STATHEAD_UNAMBIGUOUS_SINGLE_CANDIDATE,False,CREDITED,POSTGAME_ACTUAL_STARTER,ORACLE_STARTER_IDENTITY_ONLY,False
2021,10,REG,2021-11-11,2021_10_BAL_MIA,BAL,MIA,Lamar Jackson,JackLa00,00-0034796,STATHEAD_QB_STARTED_QUERY,Stage01 canonical reconciliation rank 2025,STATHEAD_UNAMBIGUOUS_SINGLE_CANDIDATE,False,CREDITED,Jacoby Brissett,BrisJa00,00-0033119,STATHEAD_QB_STARTED_QUERY,Stage01 canonical reconciliation rank 2024,STATHEAD_UNAMBIGUOUS_SINGLE_CANDIDATE,False,CREDITED,POSTGAME_ACTUAL_STARTER,ORACLE_STARTER_IDENTITY_ONLY,False
2021,10,REG,2021-11-14,2021_10_BUF_NYJ,BUF,NYJ,Josh Allen,AlleJo02,00-0034857,STATHEAD_QB_STARTED_QUERY,Stage01 canonical reconciliation rank 2000,STATHEAD_UNAMBIGUOUS_SINGLE_CANDIDATE,False,CREDITED,Mike White,WhitMi01,00-0034401,STATHEAD_QB_STARTED_QUERY,Stage01 canonical reconciliation rank 2022,STATHEAD_UNAMBIGUOUS_SINGLE_CANDIDATE,False,CREDITED,POSTGAME_ACTUAL_STARTER,ORACLE_STARTER_IDENTITY_ONLY,False
2021,10,REG,2021-11-14,2021_10_CAR_ARI,CAR,ARI,P.J. Walker,WalkPh00,00-0033275,STATHEAD_QB_STARTED_QUERY,Stage01 canonical reconciliation rank 2020,STATHEAD_UNAMBIGUOUS_SINGLE_CANDIDATE,False,CREDITED,Colt McCoy,McCoCo00,00-0027688,STATHEAD_QB_STARTED_QUERY,Stage01 canonical reconciliation rank 2013,STATHEAD_UNAMBIGUOUS_SINGLE_CANDIDATE,False,CREDITED,POSTGAME_ACTUAL_STARTER,ORACLE_STARTER_IDENTITY_ONLY,False
2021,10,REG,2021-11-14,2021_10_CLE_NE,CLE,NE,Baker Mayfield,MayfBa00,00-0034855,STATHEAD_QB_STARTED_QUERY,Stage01 canonical reconciliation rank 2012,STATHEAD_UNAMBIGUOUS_SINGLE_CANDIDATE,False,CREDITED,Mac Jones,JoneMa05,00-0036972,STATHEAD_QB_STARTED_QUERY,Stage01 canonical reconciliation rank 2009,STATHEAD_UNAMBIGUOUS_SINGLE_CANDIDATE,False,CREDITED,POSTGAME_ACTUAL_STARTER,ORACLE_STARTER_IDENTITY_ONLY,False
2021,10,REG,2021-11-14,2021_10_DET_PIT,DET,PIT,Jared Goff,GoffJa00,00-0033106,STATHEAD_QB_STARTED_QUERY,Stage01 canonical reconciliation rank 2005,STATHEAD_UNAMBIGUOUS_SINGLE_CANDIDATE,False,CREDITED,Mason Rudolph,RudoMa00,00-0034771,STATHEAD_QB_STARTED_QUERY,Stage01 canonical reconciliation rank 2016,STATHEAD_UNAMBIGUOUS_SINGLE_CANDIDATE,False,CREDITED,POSTGAME_ACTUAL_STARTER,ORACLE_STARTER_IDENTITY_ONLY,False
2021,10,REG,2021-11-14,2021_10_JAX_IND,JAX,IND,Trevor Lawrence,LawrTr00,00-0036971,STATHEAD_QB_STARTED_QUERY,Stage01 canonical reconciliation rank 2010,STATHEAD_UNAMBIGUOUS_SINGLE_CANDIDATE,False,CREDITED,Carson Wentz,WentCa00,00-0032950,STATHEAD_QB_STARTED_QUERY,Stage01 canonical reconciliation rank 2021,STATHEAD_UNAMBIGUOUS_SINGLE_CANDIDATE,False,CREDITED,POSTGAME_ACTUAL_STARTER,ORACLE_STARTER_IDENTITY_ONLY,False
2021,10,REG,2021-11-14,2021_10_KC_LV,KC,LV,Patrick Mahomes,MahoPa00,00-0033873,STATHEAD_QB_STARTED_QUERY,Stage01 canonical reconciliation rank 2011,STATHEAD_UNAMBIGUOUS_SINGLE_CANDIDATE,False,CREDITED,Derek Carr,CarrDe02,00-0031280,STATHEAD_QB_STARTED_QUERY,Stage01 canonical reconciliation rank 2003,STATHEAD_UNAMBIGUOUS_SINGLE_CANDIDATE,False,CREDITED,POSTGAME_ACTUAL_STARTER,ORACLE_STARTER_IDENTITY_ONLY,False
2021,10,REG,2021-11-15,2021_10_LA_SF,LAR,SF,Matthew Stafford,StafMa00,00-0026498,STATHEAD_QB_STARTED_QUERY,Stage01 canonical reconciliation rank 1999,STATHEAD_UNAMBIGUOUS_SINGLE_CANDIDATE,False,CREDITED,Jimmy Garoppolo,GaroJi00,00-0031345,STATHEAD_QB_STARTED_QUERY,Stage01 canonical reconciliation rank 1998,STATHEAD_UNAMBIGUOUS_SINGLE_CANDIDATE,False,CREDITED,POSTGAME_ACTUAL_STARTER,ORACLE_STARTER_IDENTITY_ONLY,False
2021,10,REG,2021-11-14,2021_10_MIN_LAC,MIN,LAC,Kirk Cousins,CousKi00,00-0029604,STATHEAD_QB_STARTED_QUERY,Stage01 canonical reconciliation rank 2004,STATHEAD_UNAMBIGUOUS_SINGLE_CANDIDATE,False,CREDITED,Justin Herbert,HerbJu00,00-0036355,STATHEAD_QB_STARTED_QUERY,Stage01 canonical reconciliation rank 2007,STATHEAD_UNAMBIGUOUS_SINGLE_CANDIDATE,False,CREDITED,POSTGAME_ACTUAL_STARTER,ORACLE_STARTER_IDENTITY_ONLY,False
2021,10,REG,2021-11-14,2021_10_NO_TEN,NO,TEN,Trevor Siemian,SiemTr00,00-0032156,STATHEAD_QB_STARTED_QUERY,Stage01 canonical reconciliation rank 2018,STATHEAD_UNAMBIGUOUS_SINGLE_CANDIDATE,False,CREDITED,Ryan Tannehill,TannRy00,00-0029701,STATHEAD_QB_STARTED_QUERY,Stage01 canonical reconciliation rank 2019,STATHEAD_UNAMBIGUOUS_SINGLE_CANDIDATE,False,CREDITED,POSTGAME_ACTUAL_STARTER,ORACLE_STARTER_IDENTITY_ONLY,False
2021,10,REG,2021-11-14,2021_10_PHI_DEN,PHI,DEN,Jalen Hurts,HurtJa00,00-0036389,STATHEAD_QB_STARTED_QUERY,Stage01 canonical reconciliation rank 2008,STATHEAD_UNAMBIGUOUS_SINGLE_CANDIDATE,False,CREDITED,Teddy Bridgewater,BridTe00,00-0031237,STATHEAD_QB_STARTED_QUERY,Stage01 canonical reconciliation rank 2002,STATHEAD_UNAMBIGUOUS_SINGLE_CANDIDATE,False,CREDITED,POSTGAME_ACTUAL_STARTER,ORACLE_STARTER_IDENTITY_ONLY,False
2021,10,REG,2021-11-14,2021_10_SEA_GB,SEA,GB,Russell Wilson,WilsRu00,00-0029263,STATHEAD_QB_STARTED_QUERY,Stage01 canonical reconciliation rank 2023,STATHEAD_UNAMBIGUOUS_SINGLE_CANDIDATE,False,CREDITED,Aaron Rodgers,RodgAa00,00-0023459,STATHEAD_QB_STARTED_QUERY,Stage01 canonical reconciliation rank 2015,STATHEAD_UNAMBIGUOUS_SINGLE_CANDIDATE,False,CREDITED,POSTGAME_ACTUAL_STARTER,ORACLE_STARTER_IDENTITY_ONLY,False
2021,10,REG,2021-11-14,2021_10_TB_WAS,TB,WAS,Tom Brady,BradTo00,00-0019596,STATHEAD_QB_STARTED_QUERY,Stage01 canonical reconciliation rank 2001,STATHEAD_UNAMBIGUOUS_SINGLE_CANDIDATE,False,CREDITED,Taylor Heinicke,HeinTa00,00-0031800,STATHEAD_QB_STARTED_QUERY,Stage01 canonical reconciliation rank 2006,STATHEAD_UNAMBIGUOUS_SINGLE_CANDIDATE,False,CREDITED,POSTGAME_ACTUAL_STARTER,ORACLE_STARTER_IDENTITY_ONLY,False
2021,11,REG,2021-11-21,2021_11_ARI_SEA,ARI,SEA,Colt McCoy,McCoCo00,00-0027688,STATHEAD_QB_STARTED_QUERY,Stage01 canonical reconciliation rank 1985,STATHEAD_UNAMBIGUOUS_SINGLE_CANDIDATE,False,CREDITED,Russell Wilson,WilsRu00,00-0029263,STATHEAD_QB_STARTED_QUERY,Stage01 canonical reconciliation rank 1995,STATHEAD_UNAMBIGUOUS_SINGLE_CANDIDATE,False,CREDITED,POSTGAME_ACTUAL_STARTER,ORACLE_STARTER_IDENTITY_ONLY,False
2021,11,REG,2021-11-21,2021_11_BAL_CHI,BAL,CHI,Tyler Huntley,HuntTy01,00-0035993,STATHEAD_QB_STARTED_QUERY,Stage01 canonical reconciliation rank 1980,STATHEAD_UNAMBIGUOUS_SINGLE_CANDIDATE,False,CREDITED,Justin Fields,FielJu00,00-0036945,STATHEAD_QB_STARTED_QUERY,Stage01 canonical reconciliation rank 1975,STATHEAD_UNAMBIGUOUS_SINGLE_CANDIDATE,False,CREDITED,POSTGAME_ACTUAL_STARTER,ORACLE_STARTER_IDENTITY_ONLY,False
2021,11,REG,2021-11-21,2021_11_CIN_LV,CIN,LV,Joe Burrow,BurrJo01,00-0036442,STATHEAD_QB_STARTED_QUERY,Stage01 canonical reconciliation rank 1972,STATHEAD_UNAMBIGUOUS_SINGLE_CANDIDATE,False,CREDITED,Derek Carr,CarrDe02,00-0031280,STATHEAD_QB_STARTED_QUERY,Stage01 canonical reconciliation rank 1973,STATHEAD_UNAMBIGUOUS_SINGLE_CANDIDATE,False,CREDITED,POSTGAME_ACTUAL_STARTER,ORACLE_STARTER_IDENTITY_ONLY,False
2021,11,REG,2021-11-21,2021_11_DAL_KC,DAL,KC,Dak Prescott,PresDa01,00-0033077,STATHEAD_QB_STARTED_QUERY,Stage01 canonical reconciliation rank 1987,STATHEAD_UNAMBIGUOUS_SINGLE_CANDIDATE,False,CREDITED,Patrick Mahomes,MahoPa00,00-0033873,STATHEAD_QB_STARTED_QUERY,Stage01 canonical reconciliation rank 1983,STATHEAD_UNAMBIGUOUS_SINGLE_CANDIDATE,False,CREDITED,POSTGAME_ACTUAL_STARTER,ORACLE_STARTER_IDENTITY_ONLY,False
2021,11,REG,2021-11-21,2021_11_DET_CLE,DET,CLE,Tim Boyle,BoylTi00,00-0034177,STATHEAD_QB_STARTED_QUERY,Stage01 canonical reconciliation rank 1971,STATHEAD_UNAMBIGUOUS_SINGLE_CANDIDATE,False,CREDITED,Baker Mayfield,MayfBa00,00-0034855,STATHEAD_QB_STARTED_QUERY,Stage01 canonical reconciliation rank 1984,STATHEAD_UNAMBIGUOUS_SINGLE_CANDIDATE,False,CREDITED,POSTGAME_ACTUAL_STARTER,ORACLE_STARTER_IDENTITY_ONLY,False
2021,11,REG,2021-11-21,2021_11_GB_MIN,GB,MIN,Aaron Rodgers,RodgAa00,00-0023459,STATHEAD_QB_STARTED_QUERY,Stage01 canonical reconciliation rank 1988,STATHEAD_UNAMBIGUOUS_SINGLE_CANDIDATE,False,CREDITED,Kirk Cousins,CousKi00,00-0029604,STATHEAD_QB_STARTED_QUERY,Stage01 canonical reconciliation rank 1974,STATHEAD_UNAMBIGUOUS_SINGLE_CANDIDATE,False,CREDITED,POSTGAME_ACTUAL_STARTER,ORACLE_STARTER_IDENTITY_ONLY,False
2021,11,REG,2021-11-21,2021_11_HOU_TEN,HOU,TEN,Tyrod Taylor,TaylTy00,00-0028118,STATHEAD_QB_STARTED_QUERY,Stage01 canonical reconciliation rank 1993,STATHEAD_UNAMBIGUOUS_SINGLE_CANDIDATE,False,CREDITED,Ryan Tannehill,TannRy00,00-0029701,STATHEAD_QB_STARTED_QUERY,Stage01 canonical reconciliation rank 1992,STATHEAD_UNAMBIGUOUS_SINGLE_CANDIDATE,False,CREDITED,POSTGAME_ACTUAL_STARTER,ORACLE_STARTER_IDENTITY_ONLY,False
2021,11,REG,2021-11-21,2021_11_IND_BUF,IND,BUF,Carson Wentz,WentCa00,00-0032950,STATHEAD_QB_STARTED_QUERY,Stage01 canonical reconciliation rank 1994,STATHEAD_UNAMBIGUOUS_SINGLE_CANDIDATE,False,CREDITED,Josh Allen,AlleJo02,00-0034857,STATHEAD_QB_STARTED_QUERY,Stage01 canonical reconciliation rank 1970,STATHEAD_UNAMBIGUOUS_SINGLE_CANDIDATE,False,CREDITED,POSTGAME_ACTUAL_STARTER,ORACLE_STARTER_IDENTITY_ONLY,False
2021,11,REG,2021-11-21,2021_11_MIA_NYJ,MIA,NYJ,Tua Tagovailoa,TagoTu00,00-0036212,STATHEAD_QB_STARTED_QUERY,Stage01 canonical reconciliation rank 1991,STATHEAD_UNAMBIGUOUS_SINGLE_CANDIDATE,False,CREDITED,Joe Flacco,FlacJo00,00-0026158,STATHEAD_QB_STARTED_QUERY,Stage01 canonical reconciliation rank 1976,STATHEAD_UNAMBIGUOUS_SINGLE_CANDIDATE,False,CREDITED,POSTGAME_ACTUAL_STARTER,ORACLE_STARTER_IDENTITY_ONLY,False
2021,11,REG,2021-11-18,2021_11_NE_ATL,NE,ATL,Mac Jones,JoneMa05,00-0036972,STATHEAD_QB_STARTED_QUERY,Stage01 canonical reconciliation rank 1996,STATHEAD_UNAMBIGUOUS_SINGLE_CANDIDATE,False,CREDITED,Matt Ryan,RyanMa00,00-0026143,STATHEAD_QB_STARTED_QUERY,Stage01 canonical reconciliation rank 1997,STATHEAD_UNAMBIGUOUS_SINGLE_CANDIDATE,False,CREDITED,POSTGAME_ACTUAL_STARTER,ORACLE_STARTER_IDENTITY_ONLY,False
2021,11,REG,2021-11-21,2021_11_NO_PHI,NO,PHI,Trevor Siemian,SiemTr00,00-0032156,STATHEAD_QB_STARTED_QUERY,Stage01 canonical reconciliation rank 1990,STATHEAD_UNAMBIGUOUS_SINGLE_CANDIDATE,False,CREDITED,Jalen Hurts,HurtJa00,00-0036389,STATHEAD_QB_STARTED_QUERY,Stage01 canonical reconciliation rank 1981,STATHEAD_UNAMBIGUOUS_SINGLE_CANDIDATE,False,CREDITED,POSTGAME_ACTUAL_STARTER,ORACLE_STARTER_IDENTITY_ONLY,False
2021,11,REG,2021-11-22,2021_11_NYG_TB,NYG,TB,Daniel Jones,JoneDa05,00-0035710,STATHEAD_QB_STARTED_QUERY,Stage01 canonical reconciliation rank 1969,STATHEAD_UNAMBIGUOUS_SINGLE_CANDIDATE,False,CREDITED,Tom Brady,BradTo00,00-0019596,STATHEAD_QB_STARTED_QUERY,Stage01 canonical reconciliation rank 1968,STATHEAD_UNAMBIGUOUS_SINGLE_CANDIDATE,False,CREDITED,POSTGAME_ACTUAL_STARTER,ORACLE_STARTER_IDENTITY_ONLY,False
2021,11,REG,2021-11-21,2021_11_PIT_LAC,PIT,LAC,Ben Roethlisberger,RoetBe00,00-0022924,STATHEAD_QB_STARTED_QUERY,Stage01 canonical reconciliation rank 1989,STATHEAD_UNAMBIGUOUS_SINGLE_CANDIDATE,False,CREDITED,Justin Herbert,HerbJu00,00-0036355,STATHEAD_QB_STARTED_QUERY,Stage01 canonical reconciliation rank 1979,STATHEAD_UNAMBIGUOUS_SINGLE_CANDIDATE,False,CREDITED,POSTGAME_ACTUAL_STARTER,ORACLE_STARTER_IDENTITY_ONLY,False
2021,11,REG,2021-11-21,2021_11_SF_JAX,SF,JAX,Jimmy Garoppolo,GaroJi00,00-0031345,STATHEAD_QB_STARTED_QUERY,Stage01 canonical reconciliation rank 1977,STATHEAD_UNAMBIGUOUS_SINGLE_CANDIDATE,False,CREDITED,Trevor Lawrence,LawrTr00,00-0036971,STATHEAD_QB_STARTED_QUERY,Stage01 canonical reconciliation rank 1982,STATHEAD_UNAMBIGUOUS_SINGLE_CANDIDATE,False,CREDITED,POSTGAME_ACTUAL_STARTER,ORACLE_STARTER_IDENTITY_ONLY,False
2021,11,REG,2021-11-21,2021_11_WAS_CAR,WAS,CAR,Taylor Heinicke,HeinTa00,00-0031800,STATHEAD_QB_STARTED_QUERY,Stage01 canonical reconciliation rank 1978,STATHEAD_UNAMBIGUOUS_SINGLE_CANDIDATE,False,CREDITED,Cam Newton,NewtCa00,00-0027939,STATHEAD_QB_STARTED_QUERY,Stage01 canonical reconciliation rank 1986,STATHEAD_UNAMBIGUOUS_SINGLE_CANDIDATE,False,CREDITED,POSTGAME_ACTUAL_STARTER,ORACLE_STARTER_IDENTITY_ONLY,False
2021,12,REG,2021-11-28,2021_12_ATL_JAX,ATL,JAX,Matt Ryan,RyanMa00,00-0026143,STATHEAD_QB_STARTED_QUERY,Stage01 canonical reconciliation rank 1955,STATHEAD_UNAMBIGUOUS_SINGLE_CANDIDATE,False,CREDITED,Trevor Lawrence,LawrTr00,00-0036971,STATHEAD_QB_STARTED_QUERY,Stage01 canonical reconciliation rank 1950,STATHEAD_UNAMBIGUOUS_SINGLE_CANDIDATE,False,CREDITED,POSTGAME_ACTUAL_STARTER,ORACLE_STARTER_IDENTITY_ONLY,False
2021,12,REG,2021-11-25,2021_12_BUF_NO,BUF,NO,Josh Allen,AlleJo02,00-0034857,STATHEAD_QB_STARTED_QUERY,Stage01 canonical reconciliation rank 1962,STATHEAD_UNAMBIGUOUS_SINGLE_CANDIDATE,False,CREDITED,Trevor Siemian,SiemTr00,00-0032156,STATHEAD_QB_STARTED_QUERY,Stage01 canonical reconciliation rank 1967,STATHEAD_UNAMBIGUOUS_SINGLE_CANDIDATE,False,CREDITED,POSTGAME_ACTUAL_STARTER,ORACLE_STARTER_IDENTITY_ONLY,False
2021,12,REG,2021-11-28,2021_12_CAR_MIA,CAR,MIA,Cam Newton,NewtCa00,00-0027939,STATHEAD_QB_STARTED_QUERY,Stage01 canonical reconciliation rank 1952,STATHEAD_UNAMBIGUOUS_SINGLE_CANDIDATE,False,CREDITED,Tua Tagovailoa,TagoTu00,00-0036212,STATHEAD_QB_STARTED_QUERY,Stage01 canonical reconciliation rank 1957,STATHEAD_UNAMBIGUOUS_SINGLE_CANDIDATE,False,CREDITED,POSTGAME_ACTUAL_STARTER,ORACLE_STARTER_IDENTITY_ONLY,False
2021,12,REG,2021-11-25,2021_12_CHI_DET,CHI,DET,Andy Dalton,DaltAn00,00-0027973,STATHEAD_QB_STARTED_QUERY,Stage01 canonical reconciliation rank 1964,STATHEAD_UNAMBIGUOUS_SINGLE_CANDIDATE,False,CREDITED,Jared Goff,GoffJa00,00-0033106,STATHEAD_QB_STARTED_QUERY,Stage01 canonical reconciliation rank 1965,STATHEAD_UNAMBIGUOUS_SINGLE_CANDIDATE,False,CREDITED,POSTGAME_ACTUAL_STARTER,ORACLE_STARTER_IDENTITY_ONLY,False
2021,12,REG,2021-11-28,2021_12_CLE_BAL,CLE,BAL,Baker Mayfield,MayfBa00,00-0034855,STATHEAD_QB_STARTED_QUERY,Stage01 canonical reconciliation rank 1951,STATHEAD_UNAMBIGUOUS_SINGLE_CANDIDATE,False,CREDITED,Lamar Jackson,JackLa00,00-0034796,STATHEAD_QB_STARTED_QUERY,Stage01 canonical reconciliation rank 1947,STATHEAD_UNAMBIGUOUS_SINGLE_CANDIDATE,False,CREDITED,POSTGAME_ACTUAL_STARTER,ORACLE_STARTER_IDENTITY_ONLY,False
2021,12,REG,2021-11-28,2021_12_LAC_DEN,LAC,DEN,Justin Herbert,HerbJu00,00-0036355,STATHEAD_QB_STARTED_QUERY,Stage01 canonical reconciliation rank 1945,STATHEAD_UNAMBIGUOUS_SINGLE_CANDIDATE,False,CREDITED,Teddy Bridgewater,BridTe00,00-0031237,STATHEAD_QB_STARTED_QUERY,Stage01 canonical reconciliation rank 1941,STATHEAD_UNAMBIGUOUS_SINGLE_CANDIDATE,False,CREDITED,POSTGAME_ACTUAL_STARTER,ORACLE_STARTER_IDENTITY_ONLY,False
2021,12,REG,2021-11-28,2021_12_LA_GB,LAR,GB,Matthew Stafford,StafMa00,00-0026498,STATHEAD_QB_STARTED_QUERY,Stage01 canonical reconciliation rank 1956,STATHEAD_UNAMBIGUOUS_SINGLE_CANDIDATE,False,CREDITED,Aaron Rodgers,RodgAa00,00-0023459,STATHEAD_QB_STARTED_QUERY,Stage01 canonical reconciliation rank 1953,STATHEAD_UNAMBIGUOUS_SINGLE_CANDIDATE,False,CREDITED,POSTGAME_ACTUAL_STARTER,ORACLE_STARTER_IDENTITY_ONLY,False
2021,12,REG,2021-11-25,2021_12_LV_DAL,LV,DAL,Derek Carr,CarrDe02,00-0031280,STATHEAD_QB_STARTED_QUERY,Stage01 canonical reconciliation rank 1963,STATHEAD_UNAMBIGUOUS_SINGLE_CANDIDATE,False,CREDITED,Dak Prescott,PresDa01,00-0033077,STATHEAD_QB_STARTED_QUERY,Stage01 canonical reconciliation rank 1966,STATHEAD_UNAMBIGUOUS_SINGLE_CANDIDATE,False,CREDITED,POSTGAME_ACTUAL_STARTER,ORACLE_STARTER_IDENTITY_ONLY,False
2021,12,REG,2021-11-28,2021_12_MIN_SF,MIN,SF,Kirk Cousins,CousKi00,00-0029604,STATHEAD_QB_STARTED_QUERY,Stage01 canonical reconciliation rank 1943,STATHEAD_UNAMBIGUOUS_SINGLE_CANDIDATE,False,CREDITED,Jimmy Garoppolo,GaroJi00,00-0031345,STATHEAD_QB_STARTED_QUERY,Stage01 canonical reconciliation rank 1944,STATHEAD_UNAMBIGUOUS_SINGLE_CANDIDATE,False,CREDITED,POSTGAME_ACTUAL_STARTER,ORACLE_STARTER_IDENTITY_ONLY,False
2021,12,REG,2021-11-28,2021_12_NYJ_HOU,NYJ,HOU,Zach Wilson,WilsZa00,00-0037013,STATHEAD_QB_STARTED_QUERY,Stage01 canonical reconciliation rank 1961,STATHEAD_UNAMBIGUOUS_SINGLE_CANDIDATE,False,CREDITED,Tyrod Taylor,TaylTy00,00-0028118,STATHEAD_QB_STARTED_QUERY,Stage01 canonical reconciliation rank 1959,STATHEAD_UNAMBIGUOUS_SINGLE_CANDIDATE,False,CREDITED,POSTGAME_ACTUAL_STARTER,ORACLE_STARTER_IDENTITY_ONLY,False
2021,12,REG,2021-11-28,2021_12_PHI_NYG,PHI,NYG,Jalen Hurts,HurtJa00,00-0036389,STATHEAD_QB_STARTED_QUERY,Stage01 canonical reconciliation rank 1946,STATHEAD_UNAMBIGUOUS_SINGLE_CANDIDATE,False,CREDITED,Daniel Jones,JoneDa05,00-0035710,STATHEAD_QB_STARTED_QUERY,Stage01 canonical reconciliation rank 1948,STATHEAD_UNAMBIGUOUS_SINGLE_CANDIDATE,False,CREDITED,POSTGAME_ACTUAL_STARTER,ORACLE_STARTER_IDENTITY_ONLY,False
2021,12,REG,2021-11-28,2021_12_PIT_CIN,PIT,CIN,Ben Roethlisberger,RoetBe00,00-0022924,STATHEAD_QB_STARTED_QUERY,Stage01 canonical reconciliation rank 1954,STATHEAD_UNAMBIGUOUS_SINGLE_CANDIDATE,False,CREDITED,Joe Burrow,BurrJo01,00-0036442,STATHEAD_QB_STARTED_QUERY,Stage01 canonical reconciliation rank 1942,STATHEAD_UNAMBIGUOUS_SINGLE_CANDIDATE,False,CREDITED,POSTGAME_ACTUAL_STARTER,ORACLE_STARTER_IDENTITY_ONLY,False
2021,12,REG,2021-11-29,2021_12_SEA_WAS,SEA,WAS,Russell Wilson,WilsRu00,00-0029263,STATHEAD_QB_STARTED_QUERY,Stage01 canonical reconciliation rank 1939,STATHEAD_UNAMBIGUOUS_SINGLE_CANDIDATE,False,CREDITED,Taylor Heinicke,HeinTa00,00-0031800,STATHEAD_QB_STARTED_QUERY,Stage01 canonical reconciliation rank 1938,STATHEAD_UNAMBIGUOUS_SINGLE_CANDIDATE,False,CREDITED,POSTGAME_ACTUAL_STARTER,ORACLE_STARTER_IDENTITY_ONLY,False
2021,12,REG,2021-11-28,2021_12_TB_IND,TB,IND,Tom Brady,BradTo00,00-0019596,STATHEAD_QB_STARTED_QUERY,Stage01 canonical reconciliation rank 1940,STATHEAD_UNAMBIGUOUS_SINGLE_CANDIDATE,False,CREDITED,Carson Wentz,WentCa00,00-0032950,STATHEAD_QB_STARTED_QUERY,Stage01 canonical reconciliation rank 1960,STATHEAD_UNAMBIGUOUS_SINGLE_CANDIDATE,False,CREDITED,POSTGAME_ACTUAL_STARTER,ORACLE_STARTER_IDENTITY_ONLY,False
2021,12,REG,2021-11-28,2021_12_TEN_NE,TEN,NE,Ryan Tannehill,TannRy00,00-0029701,STATHEAD_QB_STARTED_QUERY,Stage01 canonical reconciliation rank 1958,STATHEAD_UNAMBIGUOUS_SINGLE_CANDIDATE,False,CREDITED,Mac Jones,JoneMa05,00-0036972,STATHEAD_QB_STARTED_QUERY,Stage01 canonical reconciliation rank 1949,STATHEAD_UNAMBIGUOUS_SINGLE_CANDIDATE,False,CREDITED,POSTGAME_ACTUAL_STARTER,ORACLE_STARTER_IDENTITY_ONLY,False
2021,13,REG,2021-12-05,2021_13_ARI_CHI,ARI,CHI,Kyler Murray,MurrKy00,00-0035228,STATHEAD_QB_STARTED_QUERY,Stage01 canonical reconciliation rank 1927,STATHEAD_UNAMBIGUOUS_SINGLE_CANDIDATE,False,CREDITED,Andy Dalton,DaltAn00,00-0027973,STATHEAD_QB_STARTED_QUERY,Stage01 canonical reconciliation rank 1917,STATHEAD_UNAMBIGUOUS_SINGLE_CANDIDATE,False,CREDITED,POSTGAME_ACTUAL_STARTER,ORACLE_STARTER_IDENTITY_ONLY,False
2021,13,REG,2021-12-05,2021_13_BAL_PIT,BAL,PIT,Lamar Jackson,JackLa00,00-0034796,STATHEAD_QB_STARTED_QUERY,Stage01 canonical reconciliation rank 1923,STATHEAD_UNAMBIGUOUS_SINGLE_CANDIDATE,False,CREDITED,Ben Roethlisberger,RoetBe00,00-0022924,STATHEAD_QB_STARTED_QUERY,Stage01 canonical reconciliation rank 1928,STATHEAD_UNAMBIGUOUS_SINGLE_CANDIDATE,False,CREDITED,POSTGAME_ACTUAL_STARTER,ORACLE_STARTER_IDENTITY_ONLY,False
2021,13,REG,2021-12-02,2021_13_DAL_NO,DAL,NO,Dak Prescott,PresDa01,00-0033077,STATHEAD_QB_STARTED_QUERY,Stage01 canonical reconciliation rank 1937,STATHEAD_UNAMBIGUOUS_SINGLE_CANDIDATE,False,CREDITED,Taysom Hill,HillTa00,00-0033357,STATHEAD_QB_STARTED_QUERY,Stage01 canonical reconciliation rank 1936,STATHEAD_UNAMBIGUOUS_SINGLE_CANDIDATE,False,CREDITED,POSTGAME_ACTUAL_STARTER,ORACLE_STARTER_IDENTITY_ONLY,False
2021,13,REG,2021-12-05,2021_13_DEN_KC,DEN,KC,Teddy Bridgewater,BridTe00,00-0031237,STATHEAD_QB_STARTED_QUERY,Stage01 canonical reconciliation rank 1913,STATHEAD_UNAMBIGUOUS_SINGLE_CANDIDATE,False,CREDITED,Patrick Mahomes,MahoPa00,00-0033873,STATHEAD_QB_STARTED_QUERY,Stage01 canonical reconciliation rank 1925,STATHEAD_UNAMBIGUOUS_SINGLE_CANDIDATE,False,CREDITED,POSTGAME_ACTUAL_STARTER,ORACLE_STARTER_IDENTITY_ONLY,False
2021,13,REG,2021-12-05,2021_13_IND_HOU,IND,HOU,Carson Wentz,WentCa00,00-0032950,STATHEAD_QB_STARTED_QUERY,Stage01 canonical reconciliation rank 1933,STATHEAD_UNAMBIGUOUS_SINGLE_CANDIDATE,False,CREDITED,Tyrod Taylor,TaylTy00,00-0028118,STATHEAD_QB_STARTED_QUERY,Stage01 canonical reconciliation rank 1932,STATHEAD_UNAMBIGUOUS_SINGLE_CANDIDATE,False,CREDITED,POSTGAME_ACTUAL_STARTER,ORACLE_STARTER_IDENTITY_ONLY,False
2021,13,REG,2021-12-05,2021_13_JAX_LA,JAX,LAR,Trevor Lawrence,LawrTr00,00-0036971,STATHEAD_QB_STARTED_QUERY,Stage01 canonical reconciliation rank 1924,STATHEAD_UNAMBIGUOUS_SINGLE_CANDIDATE,False,CREDITED,Matthew Stafford,StafMa00,00-0026498,STATHEAD_QB_STARTED_QUERY,Stage01 canonical reconciliation rank 1930,STATHEAD_UNAMBIGUOUS_SINGLE_CANDIDATE,False,CREDITED,POSTGAME_ACTUAL_STARTER,ORACLE_STARTER_IDENTITY_ONLY,False
2021,13,REG,2021-12-05,2021_13_LAC_CIN,LAC,CIN,Justin Herbert,HerbJu00,00-0036355,STATHEAD_QB_STARTED_QUERY,Stage01 canonical reconciliation rank 1922,STATHEAD_UNAMBIGUOUS_SINGLE_CANDIDATE,False,CREDITED,Joe Burrow,BurrJo01,00-0036442,STATHEAD_QB_STARTED_QUERY,Stage01 canonical reconciliation rank 1914,STATHEAD_UNAMBIGUOUS_SINGLE_CANDIDATE,False,CREDITED,POSTGAME_ACTUAL_STARTER,ORACLE_STARTER_IDENTITY_ONLY,False
2021,13,REG,2021-12-05,2021_13_MIN_DET,MIN,DET,Kirk Cousins,CousKi00,00-0029604,STATHEAD_QB_STARTED_QUERY,Stage01 canonical reconciliation rank 1916,STATHEAD_UNAMBIGUOUS_SINGLE_CANDIDATE,False,CREDITED,Jared Goff,GoffJa00,00-0033106,STATHEAD_QB_STARTED_QUERY,Stage01 canonical reconciliation rank 1920,STATHEAD_UNAMBIGUOUS_SINGLE_CANDIDATE,False,CREDITED,POSTGAME_ACTUAL_STARTER,ORACLE_STARTER_IDENTITY_ONLY,False
2021,13,REG,2021-12-06,2021_13_NE_BUF,NE,BUF,Mac Jones,JoneMa05,00-0036972,STATHEAD_QB_STARTED_QUERY,Stage01 canonical reconciliation rank 1911,STATHEAD_UNAMBIGUOUS_SINGLE_CANDIDATE,False,CREDITED,Josh Allen,AlleJo02,00-0034857,STATHEAD_QB_STARTED_QUERY,Stage01 canonical reconciliation rank 1910,STATHEAD_UNAMBIGUOUS_SINGLE_CANDIDATE,False,CREDITED,POSTGAME_ACTUAL_STARTER,ORACLE_STARTER_IDENTITY_ONLY,False
2021,13,REG,2021-12-05,2021_13_NYG_MIA,NYG,MIA,Mike Glennon,GlenMi00,00-0030520,STATHEAD_QB_STARTED_QUERY,Stage01 canonical reconciliation rank 1919,STATHEAD_UNAMBIGUOUS_SINGLE_CANDIDATE,False,CREDITED,Tua Tagovailoa,TagoTu00,00-0036212,STATHEAD_QB_STARTED_QUERY,Stage01 canonical reconciliation rank 1931,STATHEAD_UNAMBIGUOUS_SINGLE_CANDIDATE,False,CREDITED,POSTGAME_ACTUAL_STARTER,ORACLE_STARTER_IDENTITY_ONLY,False
2021,13,REG,2021-12-05,2021_13_PHI_NYJ,PHI,NYJ,Gardner Minshew II,MinsGa00,00-0035289,STATHEAD_QB_STARTED_QUERY,Stage01 canonical reconciliation rank 1926,STATHEAD_UNAMBIGUOUS_SINGLE_CANDIDATE,False,CREDITED,Zach Wilson,WilsZa00,00-0037013,STATHEAD_QB_STARTED_QUERY,Stage01 canonical reconciliation rank 1935,STATHEAD_UNAMBIGUOUS_SINGLE_CANDIDATE,False,CREDITED,POSTGAME_ACTUAL_STARTER,ORACLE_STARTER_IDENTITY_ONLY,False
2021,13,REG,2021-12-05,2021_13_SF_SEA,SF,SEA,Jimmy Garoppolo,GaroJi00,00-0031345,STATHEAD_QB_STARTED_QUERY,Stage01 canonical reconciliation rank 1918,STATHEAD_UNAMBIGUOUS_SINGLE_CANDIDATE,False,CREDITED,Russell Wilson,WilsRu00,00-0029263,STATHEAD_QB_STARTED_QUERY,Stage01 canonical reconciliation rank 1934,STATHEAD_UNAMBIGUOUS_SINGLE_CANDIDATE,False,CREDITED,POSTGAME_ACTUAL_STARTER,ORACLE_STARTER_IDENTITY_ONLY,False
2021,13,REG,2021-12-05,2021_13_TB_ATL,TB,ATL,Tom Brady,BradTo00,00-0019596,STATHEAD_QB_STARTED_QUERY,Stage01 canonical reconciliation rank 1912,STATHEAD_UNAMBIGUOUS_SINGLE_CANDIDATE,False,CREDITED,Matt Ryan,RyanMa00,00-0026143,STATHEAD_QB_STARTED_QUERY,Stage01 canonical reconciliation rank 1929,STATHEAD_UNAMBIGUOUS_SINGLE_CANDIDATE,False,CREDITED,POSTGAME_ACTUAL_STARTER,ORACLE_STARTER_IDENTITY_ONLY,False
2021,13,REG,2021-12-05,2021_13_WAS_LV,WAS,LV,Taylor Heinicke,HeinTa00,00-0031800,STATHEAD_QB_STARTED_QUERY,Stage01 canonical reconciliation rank 1921,STATHEAD_UNAMBIGUOUS_SINGLE_CANDIDATE,False,CREDITED,Derek Carr,CarrDe02,00-0031280,STATHEAD_QB_STARTED_QUERY,Stage01 canonical reconciliation rank 1915,STATHEAD_UNAMBIGUOUS_SINGLE_CANDIDATE,False,CREDITED,POSTGAME_ACTUAL_STARTER,ORACLE_STARTER_IDENTITY_ONLY,False
2021,14,REG,2021-12-12,2021_14_ATL_CAR,ATL,CAR,Matt Ryan,RyanMa00,00-0026143,STATHEAD_QB_STARTED_QUERY,Stage01 canonical reconciliation rank 1904,STATHEAD_UNAMBIGUOUS_SINGLE_CANDIDATE,False,CREDITED,Cam Newton,NewtCa00,00-0027939,STATHEAD_QB_STARTED_QUERY,Stage01 canonical reconciliation rank 1901,STATHEAD_UNAMBIGUOUS_SINGLE_CANDIDATE,False,CREDITED,POSTGAME_ACTUAL_STARTER,ORACLE_STARTER_IDENTITY_ONLY,False
2021,14,REG,2021-12-12,2021_14_BAL_CLE,BAL,CLE,Lamar Jackson,JackLa00,00-0034796,STATHEAD_QB_STARTED_QUERY,Stage01 canonical reconciliation rank 1896,STATHEAD_UNAMBIGUOUS_SINGLE_CANDIDATE,False,CREDITED,Baker Mayfield,MayfBa00,00-0034855,STATHEAD_QB_STARTED_QUERY,Stage01 canonical reconciliation rank 1899,STATHEAD_UNAMBIGUOUS_SINGLE_CANDIDATE,False,CREDITED,POSTGAME_ACTUAL_STARTER,ORACLE_STARTER_IDENTITY_ONLY,False
2021,14,REG,2021-12-12,2021_14_BUF_TB,BUF,TB,Josh Allen,AlleJo02,00-0034857,STATHEAD_QB_STARTED_QUERY,Stage01 canonical reconciliation rank 1884,STATHEAD_UNAMBIGUOUS_SINGLE_CANDIDATE,False,CREDITED,Tom Brady,BradTo00,00-0019596,STATHEAD_QB_STARTED_QUERY,Stage01 canonical reconciliation rank 1885,STATHEAD_UNAMBIGUOUS_SINGLE_CANDIDATE,False,CREDITED,POSTGAME_ACTUAL_STARTER,ORACLE_STARTER_IDENTITY_ONLY,False
2021,14,REG,2021-12-12,2021_14_CHI_GB,CHI,GB,Justin Fields,FielJu00,00-0036945,STATHEAD_QB_STARTED_QUERY,Stage01 canonical reconciliation rank 1889,STATHEAD_UNAMBIGUOUS_SINGLE_CANDIDATE,False,CREDITED,Aaron Rodgers,RodgAa00,00-0023459,STATHEAD_QB_STARTED_QUERY,Stage01 canonical reconciliation rank 1903,STATHEAD_UNAMBIGUOUS_SINGLE_CANDIDATE,False,CREDITED,POSTGAME_ACTUAL_STARTER,ORACLE_STARTER_IDENTITY_ONLY,False
2021,14,REG,2021-12-12,2021_14_DAL_WAS,DAL,WAS,Dak Prescott,PresDa01,00-0033077,STATHEAD_QB_STARTED_QUERY,Stage01 canonical reconciliation rank 1902,STATHEAD_UNAMBIGUOUS_SINGLE_CANDIDATE,False,CREDITED,Taylor Heinicke,HeinTa00,00-0031800,STATHEAD_QB_STARTED_QUERY,Stage01 canonical reconciliation rank 1893,STATHEAD_UNAMBIGUOUS_SINGLE_CANDIDATE,False,CREDITED,POSTGAME_ACTUAL_STARTER,ORACLE_STARTER_IDENTITY_ONLY,False
2021,14,REG,2021-12-12,2021_14_DET_DEN,DET,DEN,Jared Goff,GoffJa00,00-0033106,STATHEAD_QB_STARTED_QUERY,Stage01 canonical reconciliation rank 1892,STATHEAD_UNAMBIGUOUS_SINGLE_CANDIDATE,False,CREDITED,Teddy Bridgewater,BridTe00,00-0031237,STATHEAD_QB_STARTED_QUERY,Stage01 canonical reconciliation rank 1886,STATHEAD_UNAMBIGUOUS_SINGLE_CANDIDATE,False,CREDITED,POSTGAME_ACTUAL_STARTER,ORACLE_STARTER_IDENTITY_ONLY,False
2021,14,REG,2021-12-12,2021_14_JAX_TEN,JAX,TEN,Trevor Lawrence,LawrTr00,00-0036971,STATHEAD_QB_STARTED_QUERY,Stage01 canonical reconciliation rank 1897,STATHEAD_UNAMBIGUOUS_SINGLE_CANDIDATE,False,CREDITED,Ryan Tannehill,TannRy00,00-0029701,STATHEAD_QB_STARTED_QUERY,Stage01 canonical reconciliation rank 1905,STATHEAD_UNAMBIGUOUS_SINGLE_CANDIDATE,False,CREDITED,POSTGAME_ACTUAL_STARTER,ORACLE_STARTER_IDENTITY_ONLY,False
2021,14,REG,2021-12-13,2021_14_LA_ARI,LAR,ARI,Matthew Stafford,StafMa00,00-0026498,STATHEAD_QB_STARTED_QUERY,Stage01 canonical reconciliation rank 1883,STATHEAD_UNAMBIGUOUS_SINGLE_CANDIDATE,False,CREDITED,Kyler Murray,MurrKy00,00-0035228,STATHEAD_QB_STARTED_QUERY,Stage01 canonical reconciliation rank 1882,STATHEAD_UNAMBIGUOUS_SINGLE_CANDIDATE,False,CREDITED,POSTGAME_ACTUAL_STARTER,ORACLE_STARTER_IDENTITY_ONLY,False
2021,14,REG,2021-12-12,2021_14_LV_KC,LV,KC,Derek Carr,CarrDe02,00-0031280,STATHEAD_QB_STARTED_QUERY,Stage01 canonical reconciliation rank 1888,STATHEAD_UNAMBIGUOUS_SINGLE_CANDIDATE,False,CREDITED,Patrick Mahomes,MahoPa00,00-0033873,STATHEAD_QB_STARTED_QUERY,Stage01 canonical reconciliation rank 1898,STATHEAD_UNAMBIGUOUS_SINGLE_CANDIDATE,False,CREDITED,POSTGAME_ACTUAL_STARTER,ORACLE_STARTER_IDENTITY_ONLY,False
2021,14,REG,2021-12-12,2021_14_NO_NYJ,NO,NYJ,Taysom Hill,HillTa00,00-0033357,STATHEAD_QB_STARTED_QUERY,Stage01 canonical reconciliation rank 1895,STATHEAD_UNAMBIGUOUS_SINGLE_CANDIDATE,False,CREDITED,Zach Wilson,WilsZa00,00-0037013,STATHEAD_QB_STARTED_QUERY,Stage01 canonical reconciliation rank 1907,STATHEAD_UNAMBIGUOUS_SINGLE_CANDIDATE,False,CREDITED,POSTGAME_ACTUAL_STARTER,ORACLE_STARTER_IDENTITY_ONLY,False
2021,14,REG,2021-12-12,2021_14_NYG_LAC,NYG,LAC,Mike Glennon,GlenMi00,00-0030520,STATHEAD_QB_STARTED_QUERY,Stage01 canonical reconciliation rank 1891,STATHEAD_UNAMBIGUOUS_SINGLE_CANDIDATE,False,CREDITED,Justin Herbert,HerbJu00,00-0036355,STATHEAD_QB_STARTED_QUERY,Stage01 canonical reconciliation rank 1894,STATHEAD_UNAMBIGUOUS_SINGLE_CANDIDATE,False,CREDITED,POSTGAME_ACTUAL_STARTER,ORACLE_STARTER_IDENTITY_ONLY,False
2021,14,REG,2021-12-09,2021_14_PIT_MIN,PIT,MIN,Ben Roethlisberger,RoetBe00,00-0022924,STATHEAD_QB_STARTED_QUERY,Stage01 canonical reconciliation rank 1909,STATHEAD_UNAMBIGUOUS_SINGLE_CANDIDATE,False,CREDITED,Kirk Cousins,CousKi00,00-0029604,STATHEAD_QB_STARTED_QUERY,Stage01 canonical reconciliation rank 1908,STATHEAD_UNAMBIGUOUS_SINGLE_CANDIDATE,False,CREDITED,POSTGAME_ACTUAL_STARTER,ORACLE_STARTER_IDENTITY_ONLY,False
2021,14,REG,2021-12-12,2021_14_SEA_HOU,SEA,HOU,Russell Wilson,WilsRu00,00-0029263,STATHEAD_QB_STARTED_QUERY,Stage01 canonical reconciliation rank 1906,STATHEAD_UNAMBIGUOUS_SINGLE_CANDIDATE,False,CREDITED,Davis Mills,MillDa02,00-0036898,STATHEAD_QB_STARTED_QUERY,Stage01 canonical reconciliation rank 1900,STATHEAD_UNAMBIGUOUS_SINGLE_CANDIDATE,False,CREDITED,POSTGAME_ACTUAL_STARTER,ORACLE_STARTER_IDENTITY_ONLY,False
2021,14,REG,2021-12-12,2021_14_SF_CIN,SF,CIN,Jimmy Garoppolo,GaroJi00,00-0031345,STATHEAD_QB_STARTED_QUERY,Stage01 canonical reconciliation rank 1890,STATHEAD_UNAMBIGUOUS_SINGLE_CANDIDATE,False,CREDITED,Joe Burrow,BurrJo01,00-0036442,STATHEAD_QB_STARTED_QUERY,Stage01 canonical reconciliation rank 1887,STATHEAD_UNAMBIGUOUS_SINGLE_CANDIDATE,False,CREDITED,POSTGAME_ACTUAL_STARTER,ORACLE_STARTER_IDENTITY_ONLY,False
2021,15,REG,2021-12-19,2021_15_ARI_DET,ARI,DET,Kyler Murray,MurrKy00,00-0035228,STATHEAD_QB_STARTED_QUERY,Stage01 canonical reconciliation rank 1869,STATHEAD_UNAMBIGUOUS_SINGLE_CANDIDATE,False,CREDITED,Jared Goff,GoffJa00,00-0033106,STATHEAD_QB_STARTED_QUERY,Stage01 canonical reconciliation rank 1864,STATHEAD_UNAMBIGUOUS_SINGLE_CANDIDATE,False,CREDITED,POSTGAME_ACTUAL_STARTER,ORACLE_STARTER_IDENTITY_ONLY,False
2021,15,REG,2021-12-19,2021_15_ATL_SF,ATL,SF,Matt Ryan,RyanMa00,00-0026143,STATHEAD_QB_STARTED_QUERY,Stage01 canonical reconciliation rank 1874,STATHEAD_UNAMBIGUOUS_SINGLE_CANDIDATE,False,CREDITED,Jimmy Garoppolo,GaroJi00,00-0031345,STATHEAD_QB_STARTED_QUERY,Stage01 canonical reconciliation rank 1862,STATHEAD_UNAMBIGUOUS_SINGLE_CANDIDATE,False,CREDITED,POSTGAME_ACTUAL_STARTER,ORACLE_STARTER_IDENTITY_ONLY,False
2021,15,REG,2021-12-19,2021_15_CAR_BUF,CAR,BUF,Cam Newton,NewtCa00,00-0027939,STATHEAD_QB_STARTED_QUERY,Stage01 canonical reconciliation rank 1870,STATHEAD_UNAMBIGUOUS_SINGLE_CANDIDATE,False,CREDITED,Josh Allen,AlleJo02,00-0034857,STATHEAD_QB_STARTED_QUERY,Stage01 canonical reconciliation rank 1858,STATHEAD_UNAMBIGUOUS_SINGLE_CANDIDATE,False,CREDITED,POSTGAME_ACTUAL_STARTER,ORACLE_STARTER_IDENTITY_ONLY,False
2021,15,REG,2021-12-19,2021_15_CIN_DEN,CIN,DEN,Joe Burrow,BurrJo01,00-0036442,STATHEAD_QB_STARTED_QUERY,Stage01 canonical reconciliation rank 1861,STATHEAD_UNAMBIGUOUS_SINGLE_CANDIDATE,False,CREDITED,Teddy Bridgewater,BridTe00,00-0031237,STATHEAD_QB_STARTED_QUERY,Stage01 canonical reconciliation rank 1860,STATHEAD_UNAMBIGUOUS_SINGLE_CANDIDATE,False,CREDITED,POSTGAME_ACTUAL_STARTER,ORACLE_STARTER_IDENTITY_ONLY,False
2021,15,REG,2021-12-19,2021_15_DAL_NYG,DAL,NYG,Dak Prescott,PresDa01,00-0033077,STATHEAD_QB_STARTED_QUERY,Stage01 canonical reconciliation rank 1871,STATHEAD_UNAMBIGUOUS_SINGLE_CANDIDATE,False,CREDITED,Mike Glennon,GlenMi00,00-0030520,STATHEAD_QB_STARTED_QUERY,Stage01 canonical reconciliation rank 1863,STATHEAD_UNAMBIGUOUS_SINGLE_CANDIDATE,False,CREDITED,POSTGAME_ACTUAL_STARTER,ORACLE_STARTER_IDENTITY_ONLY,False
2021,15,REG,2021-12-19,2021_15_GB_BAL,GB,BAL,Aaron Rodgers,RodgAa00,00-0023459,STATHEAD_QB_STARTED_QUERY,Stage01 canonical reconciliation rank 1872,STATHEAD_UNAMBIGUOUS_SINGLE_CANDIDATE,False,CREDITED,Tyler Huntley,HuntTy01,00-0035993,STATHEAD_QB_STARTED_QUERY,Stage01 canonical reconciliation rank 1866,STATHEAD_UNAMBIGUOUS_SINGLE_CANDIDATE,False,CREDITED,POSTGAME_ACTUAL_STARTER,ORACLE_STARTER_IDENTITY_ONLY,False
2021,15,REG,2021-12-19,2021_15_HOU_JAX,HOU,JAX,Davis Mills,MillDa02,00-0036898,STATHEAD_QB_STARTED_QUERY,Stage01 canonical reconciliation rank 1868,STATHEAD_UNAMBIGUOUS_SINGLE_CANDIDATE,False,CREDITED,Trevor Lawrence,LawrTr00,00-0036971,STATHEAD_QB_STARTED_QUERY,Stage01 canonical reconciliation rank 1867,STATHEAD_UNAMBIGUOUS_SINGLE_CANDIDATE,False,CREDITED,POSTGAME_ACTUAL_STARTER,ORACLE_STARTER_IDENTITY_ONLY,False
2021,15,REG,2021-12-16,2021_15_KC_LAC,KC,LAC,Patrick Mahomes,MahoPa00,00-0033873,STATHEAD_QB_STARTED_QUERY,Stage01 canonical reconciliation rank 1881,STATHEAD_UNAMBIGUOUS_SINGLE_CANDIDATE,False,CREDITED,Justin Herbert,HerbJu00,00-0036355,STATHEAD_QB_STARTED_QUERY,Stage01 canonical reconciliation rank 1880,STATHEAD_UNAMBIGUOUS_SINGLE_CANDIDATE,False,CREDITED,POSTGAME_ACTUAL_STARTER,ORACLE_STARTER_IDENTITY_ONLY,False
2021,15,REG,2021-12-20,2021_15_LV_CLE,LV,CLE,Derek Carr,CarrDe02,00-0031280,STATHEAD_QB_STARTED_QUERY,Stage01 canonical reconciliation rank 1854,STATHEAD_UNAMBIGUOUS_SINGLE_CANDIDATE,False,CREDITED,Nick Mullens,MullNi00,00-0033319,STATHEAD_QB_STARTED_QUERY,Stage01 canonical reconciliation rank 1857,STATHEAD_UNAMBIGUOUS_SINGLE_CANDIDATE,False,CREDITED,POSTGAME_ACTUAL_STARTER,ORACLE_STARTER_IDENTITY_ONLY,False
2021,15,REG,2021-12-20,2021_15_MIN_CHI,MIN,CHI,Kirk Cousins,CousKi00,00-0029604,STATHEAD_QB_STARTED_QUERY,Stage01 canonical reconciliation rank 1855,STATHEAD_UNAMBIGUOUS_SINGLE_CANDIDATE,False,CREDITED,Justin Fields,FielJu00,00-0036945,STATHEAD_QB_STARTED_QUERY,Stage01 canonical reconciliation rank 1856,STATHEAD_UNAMBIGUOUS_SINGLE_CANDIDATE,False,CREDITED,POSTGAME_ACTUAL_STARTER,ORACLE_STARTER_IDENTITY_ONLY,False
2021,15,REG,2021-12-18,2021_15_NE_IND,NE,IND,Mac Jones,JoneMa05,00-0036972,STATHEAD_QB_STARTED_QUERY,Stage01 canonical reconciliation rank 1878,STATHEAD_UNAMBIGUOUS_SINGLE_CANDIDATE,False,CREDITED,Carson Wentz,WentCa00,00-0032950,STATHEAD_QB_STARTED_QUERY,Stage01 canonical reconciliation rank 1879,STATHEAD_UNAMBIGUOUS_SINGLE_CANDIDATE,False,CREDITED,POSTGAME_ACTUAL_STARTER,ORACLE_STARTER_IDENTITY_ONLY,False
2021,15,REG,2021-12-19,2021_15_NO_TB,NO,TB,Taysom Hill,HillTa00,00-0033357,STATHEAD_QB_STARTED_QUERY,Stage01 canonical reconciliation rank 1865,STATHEAD_UNAMBIGUOUS_SINGLE_CANDIDATE,False,CREDITED,Tom Brady,BradTo00,00-0019596,STATHEAD_QB_STARTED_QUERY,Stage01 canonical reconciliation rank 1859,STATHEAD_UNAMBIGUOUS_SINGLE_CANDIDATE,False,CREDITED,POSTGAME_ACTUAL_STARTER,ORACLE_STARTER_IDENTITY_ONLY,False
2021,15,REG,2021-12-19,2021_15_NYJ_MIA,NYJ,MIA,Zach Wilson,WilsZa00,00-0037013,STATHEAD_QB_STARTED_QUERY,Stage01 canonical reconciliation rank 1877,STATHEAD_UNAMBIGUOUS_SINGLE_CANDIDATE,False,CREDITED,Tua Tagovailoa,TagoTu00,00-0036212,STATHEAD_QB_STARTED_QUERY,Stage01 canonical reconciliation rank 1875,STATHEAD_UNAMBIGUOUS_SINGLE_CANDIDATE,False,CREDITED,POSTGAME_ACTUAL_STARTER,ORACLE_STARTER_IDENTITY_ONLY,False
2021,15,REG,2021-12-21,2021_15_SEA_LA,SEA,LAR,Russell Wilson,WilsRu00,00-0029263,STATHEAD_QB_STARTED_QUERY,Stage01 canonical reconciliation rank 1853,STATHEAD_UNAMBIGUOUS_SINGLE_CANDIDATE,False,CREDITED,Matthew Stafford,StafMa00,00-0026498,STATHEAD_QB_STARTED_QUERY,Stage01 canonical reconciliation rank 1852,STATHEAD_UNAMBIGUOUS_SINGLE_CANDIDATE,False,CREDITED,POSTGAME_ACTUAL_STARTER,ORACLE_STARTER_IDENTITY_ONLY,False
2021,15,REG,2021-12-19,2021_15_TEN_PIT,TEN,PIT,Ryan Tannehill,TannRy00,00-0029701,STATHEAD_QB_STARTED_QUERY,Stage01 canonical reconciliation rank 1876,STATHEAD_UNAMBIGUOUS_SINGLE_CANDIDATE,False,CREDITED,Ben Roethlisberger,RoetBe00,00-0022924,STATHEAD_QB_STARTED_QUERY,Stage01 canonical reconciliation rank 1873,STATHEAD_UNAMBIGUOUS_SINGLE_CANDIDATE,False,CREDITED,POSTGAME_ACTUAL_STARTER,ORACLE_STARTER_IDENTITY_ONLY,False
2021,15,REG,2021-12-21,2021_15_WAS_PHI,WAS,PHI,Garrett Gilbert,GilbGa01,00-0031395,STATHEAD_QB_STARTED_QUERY,Stage01 canonical reconciliation rank 1850,STATHEAD_UNAMBIGUOUS_SINGLE_CANDIDATE,False,CREDITED,Jalen Hurts,HurtJa00,00-0036389,STATHEAD_QB_STARTED_QUERY,Stage01 canonical reconciliation rank 1851,STATHEAD_UNAMBIGUOUS_SINGLE_CANDIDATE,False,CREDITED,POSTGAME_ACTUAL_STARTER,ORACLE_STARTER_IDENTITY_ONLY,False
2021,16,REG,2021-12-26,2021_16_BAL_CIN,BAL,CIN,Josh Johnson,JohnJo05,00-0026300,STATHEAD_QB_STARTED_QUERY,Stage01 canonical reconciliation rank 1831,STATHEAD_UNAMBIGUOUS_SINGLE_CANDIDATE,False,CREDITED,Joe Burrow,BurrJo01,00-0036442,STATHEAD_QB_STARTED_QUERY,Stage01 canonical reconciliation rank 1823,STATHEAD_UNAMBIGUOUS_SINGLE_CANDIDATE,False,CREDITED,POSTGAME_ACTUAL_STARTER,ORACLE_STARTER_IDENTITY_ONLY,False
2021,16,REG,2021-12-26,2021_16_BUF_NE,BUF,NE,Josh Allen,AlleJo02,00-0034857,STATHEAD_QB_STARTED_QUERY,Stage01 canonical reconciliation rank 1820,STATHEAD_UNAMBIGUOUS_SINGLE_CANDIDATE,False,CREDITED,Mac Jones,JoneMa05,00-0036972,STATHEAD_QB_STARTED_QUERY,Stage01 canonical reconciliation rank 1832,STATHEAD_UNAMBIGUOUS_SINGLE_CANDIDATE,False,CREDITED,POSTGAME_ACTUAL_STARTER,ORACLE_STARTER_IDENTITY_ONLY,False
2021,16,REG,2021-12-26,2021_16_CHI_SEA,CHI,SEA,Nick Foles,FoleNi00,00-0029567,STATHEAD_QB_STARTED_QUERY,Stage01 canonical reconciliation rank 1826,STATHEAD_UNAMBIGUOUS_SINGLE_CANDIDATE,False,CREDITED,Russell Wilson,WilsRu00,00-0029263,STATHEAD_QB_STARTED_QUERY,Stage01 canonical reconciliation rank 1842,STATHEAD_UNAMBIGUOUS_SINGLE_CANDIDATE,False,CREDITED,POSTGAME_ACTUAL_STARTER,ORACLE_STARTER_IDENTITY_ONLY,False
2021,16,REG,2021-12-25,2021_16_CLE_GB,CLE,GB,Baker Mayfield,MayfBa00,00-0034855,STATHEAD_QB_STARTED_QUERY,Stage01 canonical reconciliation rank 1844,STATHEAD_UNAMBIGUOUS_SINGLE_CANDIDATE,False,CREDITED,Aaron Rodgers,RodgAa00,00-0023459,STATHEAD_QB_STARTED_QUERY,Stage01 canonical reconciliation rank 1846,STATHEAD_UNAMBIGUOUS_SINGLE_CANDIDATE,False,CREDITED,POSTGAME_ACTUAL_STARTER,ORACLE_STARTER_IDENTITY_ONLY,False
2021,16,REG,2021-12-26,2021_16_DEN_LV,DEN,LV,Drew Lock,LockDr00,00-0035704,STATHEAD_QB_STARTED_QUERY,Stage01 canonical reconciliation rank 1834,STATHEAD_UNAMBIGUOUS_SINGLE_CANDIDATE,False,CREDITED,Derek Carr,CarrDe02,00-0031280,STATHEAD_QB_STARTED_QUERY,Stage01 canonical reconciliation rank 1824,STATHEAD_UNAMBIGUOUS_SINGLE_CANDIDATE,False,CREDITED,POSTGAME_ACTUAL_STARTER,ORACLE_STARTER_IDENTITY_ONLY,False
2021,16,REG,2021-12-26,2021_16_DET_ATL,DET,ATL,Tim Boyle,BoylTi00,00-0034177,STATHEAD_QB_STARTED_QUERY,Stage01 canonical reconciliation rank 1821,STATHEAD_UNAMBIGUOUS_SINGLE_CANDIDATE,False,CREDITED,Matt Ryan,RyanMa00,00-0026143,STATHEAD_QB_STARTED_QUERY,Stage01 canonical reconciliation rank 1840,STATHEAD_UNAMBIGUOUS_SINGLE_CANDIDATE,False,CREDITED,POSTGAME_ACTUAL_STARTER,ORACLE_STARTER_IDENTITY_ONLY,False
2021,16,REG,2021-12-25,2021_16_IND_ARI,IND,ARI,Carson Wentz,WentCa00,00-0032950,STATHEAD_QB_STARTED_QUERY,Stage01 canonical reconciliation rank 1847,STATHEAD_UNAMBIGUOUS_SINGLE_CANDIDATE,False,CREDITED,Kyler Murray,MurrKy00,00-0035228,STATHEAD_QB_STARTED_QUERY,Stage01 canonical reconciliation rank 1845,STATHEAD_UNAMBIGUOUS_SINGLE_CANDIDATE,False,CREDITED,POSTGAME_ACTUAL_STARTER,ORACLE_STARTER_IDENTITY_ONLY,False
2021,16,REG,2021-12-26,2021_16_JAX_NYJ,JAX,NYJ,Trevor Lawrence,LawrTr00,00-0036971,STATHEAD_QB_STARTED_QUERY,Stage01 canonical reconciliation rank 1833,STATHEAD_UNAMBIGUOUS_SINGLE_CANDIDATE,False,CREDITED,Zach Wilson,WilsZa00,00-0037013,STATHEAD_QB_STARTED_QUERY,Stage01 canonical reconciliation rank 1843,STATHEAD_UNAMBIGUOUS_SINGLE_CANDIDATE,False,CREDITED,POSTGAME_ACTUAL_STARTER,ORACLE_STARTER_IDENTITY_ONLY,False
2021,16,REG,2021-12-26,2021_16_LAC_HOU,LAC,HOU,Justin Herbert,HerbJu00,00-0036355,STATHEAD_QB_STARTED_QUERY,Stage01 canonical reconciliation rank 1829,STATHEAD_UNAMBIGUOUS_SINGLE_CANDIDATE,False,CREDITED,Davis Mills,MillDa02,00-0036898,STATHEAD_QB_STARTED_QUERY,Stage01 canonical reconciliation rank 1836,STATHEAD_UNAMBIGUOUS_SINGLE_CANDIDATE,False,CREDITED,POSTGAME_ACTUAL_STARTER,ORACLE_STARTER_IDENTITY_ONLY,False
2021,16,REG,2021-12-26,2021_16_LA_MIN,LAR,MIN,Matthew Stafford,StafMa00,00-0026498,STATHEAD_QB_STARTED_QUERY,Stage01 canonical reconciliation rank 1841,STATHEAD_UNAMBIGUOUS_SINGLE_CANDIDATE,False,CREDITED,Kirk Cousins,CousKi00,00-0029604,STATHEAD_QB_STARTED_QUERY,Stage01 canonical reconciliation rank 1825,STATHEAD_UNAMBIGUOUS_SINGLE_CANDIDATE,False,CREDITED,POSTGAME_ACTUAL_STARTER,ORACLE_STARTER_IDENTITY_ONLY,False
2021,16,REG,2021-12-27,2021_16_MIA_NO,MIA,NO,Tua Tagovailoa,TagoTu00,00-0036212,STATHEAD_QB_STARTED_QUERY,Stage01 canonical reconciliation rank 1819,STATHEAD_UNAMBIGUOUS_SINGLE_CANDIDATE,False,CREDITED,Ian Book,BookIa00,00-0036929,STATHEAD_QB_STARTED_QUERY,Stage01 canonical reconciliation rank 1818,STATHEAD_UNAMBIGUOUS_SINGLE_CANDIDATE,False,CREDITED,POSTGAME_ACTUAL_STARTER,ORACLE_STARTER_IDENTITY_ONLY,False
2021,16,REG,2021-12-26,2021_16_NYG_PHI,NYG,PHI,Jake Fromm,FromJa00,00-0036197,STATHEAD_QB_STARTED_QUERY,Stage01 canonical reconciliation rank 1827,STATHEAD_UNAMBIGUOUS_SINGLE_CANDIDATE,False,CREDITED,Jalen Hurts,HurtJa00,00-0036389,STATHEAD_QB_STARTED_QUERY,Stage01 canonical reconciliation rank 1830,STATHEAD_UNAMBIGUOUS_SINGLE_CANDIDATE,False,CREDITED,POSTGAME_ACTUAL_STARTER,ORACLE_STARTER_IDENTITY_ONLY,False
2021,16,REG,2021-12-26,2021_16_PIT_KC,PIT,KC,Ben Roethlisberger,RoetBe00,00-0022924,STATHEAD_QB_STARTED_QUERY,Stage01 canonical reconciliation rank 1839,STATHEAD_UNAMBIGUOUS_SINGLE_CANDIDATE,False,CREDITED,Patrick Mahomes,MahoPa00,00-0033873,STATHEAD_QB_STARTED_QUERY,Stage01 canonical reconciliation rank 1835,STATHEAD_UNAMBIGUOUS_SINGLE_CANDIDATE,False,CREDITED,POSTGAME_ACTUAL_STARTER,ORACLE_STARTER_IDENTITY_ONLY,False
2021,16,REG,2021-12-23,2021_16_SF_TEN,SF,TEN,Jimmy Garoppolo,GaroJi00,00-0031345,STATHEAD_QB_STARTED_QUERY,Stage01 canonical reconciliation rank 1848,STATHEAD_UNAMBIGUOUS_SINGLE_CANDIDATE,False,CREDITED,Ryan Tannehill,TannRy00,00-0029701,STATHEAD_QB_STARTED_QUERY,Stage01 canonical reconciliation rank 1849,STATHEAD_UNAMBIGUOUS_SINGLE_CANDIDATE,False,CREDITED,POSTGAME_ACTUAL_STARTER,ORACLE_STARTER_IDENTITY_ONLY,False
2021,16,REG,2021-12-26,2021_16_TB_CAR,TB,CAR,Tom Brady,BradTo00,00-0019596,STATHEAD_QB_STARTED_QUERY,Stage01 canonical reconciliation rank 1822,STATHEAD_UNAMBIGUOUS_SINGLE_CANDIDATE,False,CREDITED,Cam Newton,NewtCa00,00-0027939,STATHEAD_QB_STARTED_QUERY,Stage01 canonical reconciliation rank 1837,STATHEAD_UNAMBIGUOUS_SINGLE_CANDIDATE,False,CREDITED,POSTGAME_ACTUAL_STARTER,ORACLE_STARTER_IDENTITY_ONLY,False
2021,16,REG,2021-12-26,2021_16_WAS_DAL,WAS,DAL,Taylor Heinicke,HeinTa00,00-0031800,STATHEAD_QB_STARTED_QUERY,Stage01 canonical reconciliation rank 1828,STATHEAD_UNAMBIGUOUS_SINGLE_CANDIDATE,False,CREDITED,Dak Prescott,PresDa01,00-0033077,STATHEAD_QB_STARTED_QUERY,Stage01 canonical reconciliation rank 1838,STATHEAD_UNAMBIGUOUS_SINGLE_CANDIDATE,False,CREDITED,POSTGAME_ACTUAL_STARTER,ORACLE_STARTER_IDENTITY_ONLY,False
2021,17,REG,2022-01-02,2021_17_ARI_DAL,ARI,DAL,Kyler Murray,MurrKy00,00-0035228,STATHEAD_QB_STARTED_QUERY,Stage01 canonical reconciliation rank 1808,STATHEAD_UNAMBIGUOUS_SINGLE_CANDIDATE,False,CREDITED,Dak Prescott,PresDa01,00-0033077,STATHEAD_QB_STARTED_QUERY,Stage01 canonical reconciliation rank 1809,STATHEAD_UNAMBIGUOUS_SINGLE_CANDIDATE,False,CREDITED,POSTGAME_ACTUAL_STARTER,ORACLE_STARTER_IDENTITY_ONLY,False
2021,17,REG,2022-01-02,2021_17_ATL_BUF,ATL,BUF,Matt Ryan,RyanMa00,00-0026143,STATHEAD_QB_STARTED_QUERY,Stage01 canonical reconciliation rank 1811,STATHEAD_UNAMBIGUOUS_SINGLE_CANDIDATE,False,CREDITED,Josh Allen,AlleJo02,00-0034857,STATHEAD_QB_STARTED_QUERY,Stage01 canonical reconciliation rank 1788,STATHEAD_UNAMBIGUOUS_SINGLE_CANDIDATE,False,CREDITED,POSTGAME_ACTUAL_STARTER,ORACLE_STARTER_IDENTITY_ONLY,False
2021,17,REG,2022-01-02,2021_17_CAR_NO,CAR,NO,Sam Darnold,DarnSa00,00-0034869,STATHEAD_QB_STARTED_QUERY,Stage01 canonical reconciliation rank 1794,STATHEAD_UNAMBIGUOUS_SINGLE_CANDIDATE,False,CREDITED,Taysom Hill,HillTa00,00-0033357,STATHEAD_QB_STARTED_QUERY,Stage01 canonical reconciliation rank 1798,STATHEAD_UNAMBIGUOUS_SINGLE_CANDIDATE,False,CREDITED,POSTGAME_ACTUAL_STARTER,ORACLE_STARTER_IDENTITY_ONLY,False
2021,17,REG,2022-01-03,2021_17_CLE_PIT,CLE,PIT,Baker Mayfield,MayfBa00,00-0034855,STATHEAD_QB_STARTED_QUERY,Stage01 canonical reconciliation rank 1786,STATHEAD_UNAMBIGUOUS_SINGLE_CANDIDATE,False,CREDITED,Ben Roethlisberger,RoetBe00,00-0022924,STATHEAD_QB_STARTED_QUERY,Stage01 canonical reconciliation rank 1787,STATHEAD_UNAMBIGUOUS_SINGLE_CANDIDATE,False,CREDITED,POSTGAME_ACTUAL_STARTER,ORACLE_STARTER_IDENTITY_ONLY,False
2021,17,REG,2022-01-02,2021_17_DEN_LAC,DEN,LAC,Drew Lock,LockDr00,00-0035704,STATHEAD_QB_STARTED_QUERY,Stage01 canonical reconciliation rank 1804,STATHEAD_UNAMBIGUOUS_SINGLE_CANDIDATE,False,CREDITED,Justin Herbert,HerbJu00,00-0036355,STATHEAD_QB_STARTED_QUERY,Stage01 canonical reconciliation rank 1797,STATHEAD_UNAMBIGUOUS_SINGLE_CANDIDATE,False,CREDITED,POSTGAME_ACTUAL_STARTER,ORACLE_STARTER_IDENTITY_ONLY,False
2021,17,REG,2022-01-02,2021_17_DET_SEA,DET,SEA,Tim Boyle,BoylTi00,00-0034177,STATHEAD_QB_STARTED_QUERY,Stage01 canonical reconciliation rank 1789,STATHEAD_UNAMBIGUOUS_SINGLE_CANDIDATE,False,CREDITED,Russell Wilson,WilsRu00,00-0029263,STATHEAD_QB_STARTED_QUERY,Stage01 canonical reconciliation rank 1816,STATHEAD_UNAMBIGUOUS_SINGLE_CANDIDATE,False,CREDITED,POSTGAME_ACTUAL_STARTER,ORACLE_STARTER_IDENTITY_ONLY,False
2021,17,REG,2022-01-02,2021_17_HOU_SF,HOU,SF,Davis Mills,MillDa02,00-0036898,STATHEAD_QB_STARTED_QUERY,Stage01 canonical reconciliation rank 1807,STATHEAD_UNAMBIGUOUS_SINGLE_CANDIDATE,False,CREDITED,Trey Lance,LancTr00,00-0037012,STATHEAD_QB_STARTED_QUERY,Stage01 canonical reconciliation rank 1802,STATHEAD_UNAMBIGUOUS_SINGLE_CANDIDATE,False,CREDITED,POSTGAME_ACTUAL_STARTER,ORACLE_STARTER_IDENTITY_ONLY,False
2021,17,REG,2022-01-02,2021_17_JAX_NE,JAX,NE,Trevor Lawrence,LawrTr00,00-0036971,STATHEAD_QB_STARTED_QUERY,Stage01 canonical reconciliation rank 1803,STATHEAD_UNAMBIGUOUS_SINGLE_CANDIDATE,False,CREDITED,Mac Jones,JoneMa05,00-0036972,STATHEAD_QB_STARTED_QUERY,Stage01 canonical reconciliation rank 1801,STATHEAD_UNAMBIGUOUS_SINGLE_CANDIDATE,False,CREDITED,POSTGAME_ACTUAL_STARTER,ORACLE_STARTER_IDENTITY_ONLY,False
2021,17,REG,2022-01-02,2021_17_KC_CIN,KC,CIN,Patrick Mahomes,MahoPa00,00-0033873,STATHEAD_QB_STARTED_QUERY,Stage01 canonical reconciliation rank 1805,STATHEAD_UNAMBIGUOUS_SINGLE_CANDIDATE,False,CREDITED,Joe Burrow,BurrJo01,00-0036442,STATHEAD_QB_STARTED_QUERY,Stage01 canonical reconciliation rank 1791,STATHEAD_UNAMBIGUOUS_SINGLE_CANDIDATE,False,CREDITED,POSTGAME_ACTUAL_STARTER,ORACLE_STARTER_IDENTITY_ONLY,False
2021,17,REG,2022-01-02,2021_17_LA_BAL,LAR,BAL,Matthew Stafford,StafMa00,00-0026498,STATHEAD_QB_STARTED_QUERY,Stage01 canonical reconciliation rank 1812,STATHEAD_UNAMBIGUOUS_SINGLE_CANDIDATE,False,CREDITED,Tyler Huntley,HuntTy01,00-0035993,STATHEAD_QB_STARTED_QUERY,Stage01 canonical reconciliation rank 1799,STATHEAD_UNAMBIGUOUS_SINGLE_CANDIDATE,False,CREDITED,POSTGAME_ACTUAL_STARTER,ORACLE_STARTER_IDENTITY_ONLY,False
2021,17,REG,2022-01-02,2021_17_LV_IND,LV,IND,Derek Carr,CarrDe02,00-0031280,STATHEAD_QB_STARTED_QUERY,Stage01 canonical reconciliation rank 1792,STATHEAD_UNAMBIGUOUS_SINGLE_CANDIDATE,False,CREDITED,Carson Wentz,WentCa00,00-0032950,STATHEAD_QB_STARTED_QUERY,Stage01 canonical reconciliation rank 1815,STATHEAD_UNAMBIGUOUS_SINGLE_CANDIDATE,False,CREDITED,POSTGAME_ACTUAL_STARTER,ORACLE_STARTER_IDENTITY_ONLY,False
2021,17,REG,2022-01-02,2021_17_MIA_TEN,MIA,TEN,Tua Tagovailoa,TagoTu00,00-0036212,STATHEAD_QB_STARTED_QUERY,Stage01 canonical reconciliation rank 1813,STATHEAD_UNAMBIGUOUS_SINGLE_CANDIDATE,False,CREDITED,Ryan Tannehill,TannRy00,00-0029701,STATHEAD_QB_STARTED_QUERY,Stage01 canonical reconciliation rank 1814,STATHEAD_UNAMBIGUOUS_SINGLE_CANDIDATE,False,CREDITED,POSTGAME_ACTUAL_STARTER,ORACLE_STARTER_IDENTITY_ONLY,False
2021,17,REG,2022-01-02,2021_17_MIN_GB,MIN,GB,Sean Mannion,MannSe00,00-0032245,STATHEAD_QB_STARTED_QUERY,Stage01 canonical reconciliation rank 1806,STATHEAD_UNAMBIGUOUS_SINGLE_CANDIDATE,False,CREDITED,Aaron Rodgers,RodgAa00,00-0023459,STATHEAD_QB_STARTED_QUERY,Stage01 canonical reconciliation rank 1810,STATHEAD_UNAMBIGUOUS_SINGLE_CANDIDATE,False,CREDITED,POSTGAME_ACTUAL_STARTER,ORACLE_STARTER_IDENTITY_ONLY,False
2021,17,REG,2022-01-02,2021_17_NYG_CHI,NYG,CHI,Mike Glennon,GlenMi00,00-0030520,STATHEAD_QB_STARTED_QUERY,Stage01 canonical reconciliation rank 1795,STATHEAD_UNAMBIGUOUS_SINGLE_CANDIDATE,False,CREDITED,Andy Dalton,DaltAn00,00-0027973,STATHEAD_QB_STARTED_QUERY,Stage01 canonical reconciliation rank 1793,STATHEAD_UNAMBIGUOUS_SINGLE_CANDIDATE,False,CREDITED,POSTGAME_ACTUAL_STARTER,ORACLE_STARTER_IDENTITY_ONLY,False
2021,17,REG,2022-01-02,2021_17_PHI_WAS,PHI,WAS,Jalen Hurts,HurtJa00,00-0036389,STATHEAD_QB_STARTED_QUERY,Stage01 canonical reconciliation rank 1800,STATHEAD_UNAMBIGUOUS_SINGLE_CANDIDATE,False,CREDITED,Taylor Heinicke,HeinTa00,00-0031800,STATHEAD_QB_STARTED_QUERY,Stage01 canonical reconciliation rank 1796,STATHEAD_UNAMBIGUOUS_SINGLE_CANDIDATE,False,CREDITED,POSTGAME_ACTUAL_STARTER,ORACLE_STARTER_IDENTITY_ONLY,False
2021,17,REG,2022-01-02,2021_17_TB_NYJ,TB,NYJ,Tom Brady,BradTo00,00-0019596,STATHEAD_QB_STARTED_QUERY,Stage01 canonical reconciliation rank 1790,STATHEAD_UNAMBIGUOUS_SINGLE_CANDIDATE,False,CREDITED,Zach Wilson,WilsZa00,00-0037013,STATHEAD_QB_STARTED_QUERY,Stage01 canonical reconciliation rank 1817,STATHEAD_UNAMBIGUOUS_SINGLE_CANDIDATE,False,CREDITED,POSTGAME_ACTUAL_STARTER,ORACLE_STARTER_IDENTITY_ONLY,False
2021,18,REG,2022-01-09,2021_18_CAR_TB,CAR,TB,Sam Darnold,DarnSa00,00-0034869,STATHEAD_QB_STARTED_QUERY,Stage01 canonical reconciliation rank 1760,STATHEAD_UNAMBIGUOUS_SINGLE_CANDIDATE,False,CREDITED,Tom Brady,BradTo00,00-0019596,STATHEAD_QB_STARTED_QUERY,Stage01 canonical reconciliation rank 1756,STATHEAD_UNAMBIGUOUS_SINGLE_CANDIDATE,False,CREDITED,POSTGAME_ACTUAL_STARTER,ORACLE_STARTER_IDENTITY_ONLY,False
2021,18,REG,2022-01-09,2021_18_CHI_MIN,CHI,MIN,Andy Dalton,DaltAn00,00-0027973,STATHEAD_QB_STARTED_QUERY,Stage01 canonical reconciliation rank 1759,STATHEAD_UNAMBIGUOUS_SINGLE_CANDIDATE,False,CREDITED,Kirk Cousins,CousKi00,00-0029604,STATHEAD_QB_STARTED_QUERY,Stage01 canonical reconciliation rank 1758,STATHEAD_UNAMBIGUOUS_SINGLE_CANDIDATE,False,CREDITED,POSTGAME_ACTUAL_STARTER,ORACLE_STARTER_IDENTITY_ONLY,False
2021,18,REG,2022-01-09,2021_18_CIN_CLE,CIN,CLE,Brandon Allen,AlleBr00,00-0032434,STATHEAD_QB_STARTED_QUERY,Stage01 canonical reconciliation rank 1754,STATHEAD_UNAMBIGUOUS_SINGLE_CANDIDATE,False,CREDITED,Case Keenum,KeenCa00,00-0028986,STATHEAD_QB_STARTED_QUERY,Stage01 canonical reconciliation rank 1769,STATHEAD_UNAMBIGUOUS_SINGLE_CANDIDATE,False,CREDITED,POSTGAME_ACTUAL_STARTER,ORACLE_STARTER_IDENTITY_ONLY,False
2021,18,REG,2022-01-08,2021_18_DAL_PHI,DAL,PHI,Dak Prescott,PresDa01,00-0033077,STATHEAD_QB_STARTED_QUERY,Stage01 canonical reconciliation rank 1785,STATHEAD_UNAMBIGUOUS_SINGLE_CANDIDATE,False,CREDITED,Gardner Minshew II,MinsGa00,00-0035289,STATHEAD_QB_STARTED_QUERY,Stage01 canonical reconciliation rank 1784,STATHEAD_UNAMBIGUOUS_SINGLE_CANDIDATE,False,CREDITED,POSTGAME_ACTUAL_STARTER,ORACLE_STARTER_IDENTITY_ONLY,False
2021,18,REG,2022-01-09,2021_18_GB_DET,GB,DET,Aaron Rodgers,RodgAa00,00-0023459,STATHEAD_QB_STARTED_QUERY,Stage01 canonical reconciliation rank 1773,STATHEAD_UNAMBIGUOUS_SINGLE_CANDIDATE,False,CREDITED,Jared Goff,GoffJa00,00-0033106,STATHEAD_QB_STARTED_QUERY,Stage01 canonical reconciliation rank 1763,STATHEAD_UNAMBIGUOUS_SINGLE_CANDIDATE,False,CREDITED,POSTGAME_ACTUAL_STARTER,ORACLE_STARTER_IDENTITY_ONLY,False
2021,18,REG,2022-01-09,2021_18_IND_JAX,IND,JAX,Carson Wentz,WentCa00,00-0032950,STATHEAD_QB_STARTED_QUERY,Stage01 canonical reconciliation rank 1779,STATHEAD_UNAMBIGUOUS_SINGLE_CANDIDATE,False,CREDITED,Trevor Lawrence,LawrTr00,00-0036971,STATHEAD_QB_STARTED_QUERY,Stage01 canonical reconciliation rank 1770,STATHEAD_UNAMBIGUOUS_SINGLE_CANDIDATE,False,CREDITED,POSTGAME_ACTUAL_STARTER,ORACLE_STARTER_IDENTITY_ONLY,False
2021,18,REG,2022-01-08,2021_18_KC_DEN,KC,DEN,Patrick Mahomes,MahoPa00,00-0033873,STATHEAD_QB_STARTED_QUERY,Stage01 canonical reconciliation rank 1783,STATHEAD_UNAMBIGUOUS_SINGLE_CANDIDATE,False,CREDITED,Drew Lock,LockDr00,00-0035704,STATHEAD_QB_STARTED_QUERY,Stage01 canonical reconciliation rank 1782,STATHEAD_UNAMBIGUOUS_SINGLE_CANDIDATE,False,CREDITED,POSTGAME_ACTUAL_STARTER,ORACLE_STARTER_IDENTITY_ONLY,False
2021,18,REG,2022-01-09,2021_18_LAC_LV,LAC,LV,Justin Herbert,HerbJu00,00-0036355,STATHEAD_QB_STARTED_QUERY,Stage01 canonical reconciliation rank 1765,STATHEAD_UNAMBIGUOUS_SINGLE_CANDIDATE,False,CREDITED,Derek Carr,CarrDe02,00-0031280,STATHEAD_QB_STARTED_QUERY,Stage01 canonical reconciliation rank 1757,STATHEAD_UNAMBIGUOUS_SINGLE_CANDIDATE,False,CREDITED,POSTGAME_ACTUAL_STARTER,ORACLE_STARTER_IDENTITY_ONLY,False
2021,18,REG,2022-01-09,2021_18_NE_MIA,NE,MIA,Mac Jones,JoneMa05,00-0036972,STATHEAD_QB_STARTED_QUERY,Stage01 canonical reconciliation rank 1768,STATHEAD_UNAMBIGUOUS_SINGLE_CANDIDATE,False,CREDITED,Tua Tagovailoa,TagoTu00,00-0036212,STATHEAD_QB_STARTED_QUERY,Stage01 canonical reconciliation rank 1777,STATHEAD_UNAMBIGUOUS_SINGLE_CANDIDATE,False,CREDITED,POSTGAME_ACTUAL_STARTER,ORACLE_STARTER_IDENTITY_ONLY,False
2021,18,REG,2022-01-09,2021_18_NO_ATL,NO,ATL,Taysom Hill,HillTa00,00-0033357,STATHEAD_QB_STARTED_QUERY,Stage01 canonical reconciliation rank 1766,STATHEAD_UNAMBIGUOUS_SINGLE_CANDIDATE,False,CREDITED,Matt Ryan,RyanMa00,00-0026143,STATHEAD_QB_STARTED_QUERY,Stage01 canonical reconciliation rank 1775,STATHEAD_UNAMBIGUOUS_SINGLE_CANDIDATE,False,CREDITED,POSTGAME_ACTUAL_STARTER,ORACLE_STARTER_IDENTITY_ONLY,False
2021,18,REG,2022-01-09,2021_18_NYJ_BUF,NYJ,BUF,Zach Wilson,WilsZa00,00-0037013,STATHEAD_QB_STARTED_QUERY,Stage01 canonical reconciliation rank 1781,STATHEAD_UNAMBIGUOUS_SINGLE_CANDIDATE,False,CREDITED,Josh Allen,AlleJo02,00-0034857,STATHEAD_QB_STARTED_QUERY,Stage01 canonical reconciliation rank 1755,STATHEAD_UNAMBIGUOUS_SINGLE_CANDIDATE,False,CREDITED,POSTGAME_ACTUAL_STARTER,ORACLE_STARTER_IDENTITY_ONLY,False
2021,18,REG,2022-01-09,2021_18_PIT_BAL,PIT,BAL,Ben Roethlisberger,RoetBe00,00-0022924,STATHEAD_QB_STARTED_QUERY,Stage01 canonical reconciliation rank 1774,STATHEAD_UNAMBIGUOUS_SINGLE_CANDIDATE,False,CREDITED,Tyler Huntley,HuntTy01,00-0035993,STATHEAD_QB_STARTED_QUERY,Stage01 canonical reconciliation rank 1767,STATHEAD_UNAMBIGUOUS_SINGLE_CANDIDATE,False,CREDITED,POSTGAME_ACTUAL_STARTER,ORACLE_STARTER_IDENTITY_ONLY,False
2021,18,REG,2022-01-09,2021_18_SEA_ARI,SEA,ARI,Russell Wilson,WilsRu00,00-0029263,STATHEAD_QB_STARTED_QUERY,Stage01 canonical reconciliation rank 1780,STATHEAD_UNAMBIGUOUS_SINGLE_CANDIDATE,False,CREDITED,Kyler Murray,MurrKy00,00-0035228,STATHEAD_QB_STARTED_QUERY,Stage01 canonical reconciliation rank 1772,STATHEAD_UNAMBIGUOUS_SINGLE_CANDIDATE,False,CREDITED,POSTGAME_ACTUAL_STARTER,ORACLE_STARTER_IDENTITY_ONLY,False
2021,18,REG,2022-01-09,2021_18_SF_LA,SF,LAR,Jimmy Garoppolo,GaroJi00,00-0031345,STATHEAD_QB_STARTED_QUERY,Stage01 canonical reconciliation rank 1762,STATHEAD_UNAMBIGUOUS_SINGLE_CANDIDATE,False,CREDITED,Matthew Stafford,StafMa00,00-0026498,STATHEAD_QB_STARTED_QUERY,Stage01 canonical reconciliation rank 1776,STATHEAD_UNAMBIGUOUS_SINGLE_CANDIDATE,False,CREDITED,POSTGAME_ACTUAL_STARTER,ORACLE_STARTER_IDENTITY_ONLY,False
2021,18,REG,2022-01-09,2021_18_TEN_HOU,TEN,HOU,Ryan Tannehill,TannRy00,00-0029701,STATHEAD_QB_STARTED_QUERY,Stage01 canonical reconciliation rank 1778,STATHEAD_UNAMBIGUOUS_SINGLE_CANDIDATE,False,CREDITED,Davis Mills,MillDa02,00-0036898,STATHEAD_QB_STARTED_QUERY,Stage01 canonical reconciliation rank 1771,STATHEAD_UNAMBIGUOUS_SINGLE_CANDIDATE,False,CREDITED,POSTGAME_ACTUAL_STARTER,ORACLE_STARTER_IDENTITY_ONLY,False
2021,18,REG,2022-01-09,2021_18_WAS_NYG,WAS,NYG,Taylor Heinicke,HeinTa00,00-0031800,STATHEAD_QB_STARTED_QUERY,Stage01 canonical reconciliation rank 1764,STATHEAD_UNAMBIGUOUS_SINGLE_CANDIDATE,False,CREDITED,Jake Fromm,FromJa00,00-0036197,STATHEAD_QB_STARTED_QUERY,Stage01 canonical reconciliation rank 1761,STATHEAD_UNAMBIGUOUS_SINGLE_CANDIDATE,False,CREDITED,POSTGAME_ACTUAL_STARTER,ORACLE_STARTER_IDENTITY_ONLY,False
2021,19,WC,2022-01-17,2021_19_ARI_LA,ARI,LAR,Kyler Murray,MurrKy00,00-0035228,STATHEAD_QB_STARTED_QUERY,Stage01 canonical reconciliation rank 1742,STATHEAD_UNAMBIGUOUS_SINGLE_CANDIDATE,False,CREDITED,Matthew Stafford,StafMa00,00-0026498,STATHEAD_QB_STARTED_QUERY,Stage01 canonical reconciliation rank 1743,STATHEAD_UNAMBIGUOUS_SINGLE_CANDIDATE,False,CREDITED,POSTGAME_ACTUAL_STARTER,ORACLE_STARTER_IDENTITY_ONLY,True
2021,19,WC,2022-01-15,2021_19_LV_CIN,LV,CIN,Derek Carr,CarrDe02,00-0031280,STATHEAD_QB_STARTED_QUERY,Stage01 canonical reconciliation rank 1752,STATHEAD_UNAMBIGUOUS_SINGLE_CANDIDATE,False,CREDITED,Joe Burrow,BurrJo01,00-0036442,STATHEAD_QB_STARTED_QUERY,Stage01 canonical reconciliation rank 1751,STATHEAD_UNAMBIGUOUS_SINGLE_CANDIDATE,False,CREDITED,POSTGAME_ACTUAL_STARTER,ORACLE_STARTER_IDENTITY_ONLY,True
2021,19,WC,2022-01-15,2021_19_NE_BUF,NE,BUF,Mac Jones,JoneMa05,00-0036972,STATHEAD_QB_STARTED_QUERY,Stage01 canonical reconciliation rank 1753,STATHEAD_UNAMBIGUOUS_SINGLE_CANDIDATE,False,CREDITED,Josh Allen,AlleJo02,00-0034857,STATHEAD_QB_STARTED_QUERY,Stage01 canonical reconciliation rank 1750,STATHEAD_UNAMBIGUOUS_SINGLE_CANDIDATE,False,CREDITED,POSTGAME_ACTUAL_STARTER,ORACLE_STARTER_IDENTITY_ONLY,True
2021,19,WC,2022-01-16,2021_19_PHI_TB,PHI,TB,Jalen Hurts,HurtJa00,00-0036389,STATHEAD_QB_STARTED_QUERY,Stage01 canonical reconciliation rank 1746,STATHEAD_UNAMBIGUOUS_SINGLE_CANDIDATE,False,CREDITED,Tom Brady,BradTo00,00-0019596,STATHEAD_QB_STARTED_QUERY,Stage01 canonical reconciliation rank 1744,STATHEAD_UNAMBIGUOUS_SINGLE_CANDIDATE,False,CREDITED,POSTGAME_ACTUAL_STARTER,ORACLE_STARTER_IDENTITY_ONLY,True
2021,19,WC,2022-01-16,2021_19_PIT_KC,PIT,KC,Ben Roethlisberger,RoetBe00,00-0022924,STATHEAD_QB_STARTED_QUERY,Stage01 canonical reconciliation rank 1749,STATHEAD_UNAMBIGUOUS_SINGLE_CANDIDATE,False,CREDITED,Patrick Mahomes,MahoPa00,00-0033873,STATHEAD_QB_STARTED_QUERY,Stage01 canonical reconciliation rank 1747,STATHEAD_UNAMBIGUOUS_SINGLE_CANDIDATE,False,CREDITED,POSTGAME_ACTUAL_STARTER,ORACLE_STARTER_IDENTITY_ONLY,True
2021,19,WC,2022-01-16,2021_19_SF_DAL,SF,DAL,Jimmy Garoppolo,GaroJi00,00-0031345,STATHEAD_QB_STARTED_QUERY,Stage01 canonical reconciliation rank 1745,STATHEAD_UNAMBIGUOUS_SINGLE_CANDIDATE,False,CREDITED,Dak Prescott,PresDa01,00-0033077,STATHEAD_QB_STARTED_QUERY,Stage01 canonical reconciliation rank 1748,STATHEAD_UNAMBIGUOUS_SINGLE_CANDIDATE,False,CREDITED,POSTGAME_ACTUAL_STARTER,ORACLE_STARTER_IDENTITY_ONLY,True
2021,20,DIV,2022-01-23,2021_20_BUF_KC,BUF,KC,Josh Allen,AlleJo02,00-0034857,STATHEAD_QB_STARTED_QUERY,Stage01 canonical reconciliation rank 1734,STATHEAD_UNAMBIGUOUS_SINGLE_CANDIDATE,False,CREDITED,Patrick Mahomes,MahoPa00,00-0033873,STATHEAD_QB_STARTED_QUERY,Stage01 canonical reconciliation rank 1736,STATHEAD_UNAMBIGUOUS_SINGLE_CANDIDATE,False,CREDITED,POSTGAME_ACTUAL_STARTER,ORACLE_STARTER_IDENTITY_ONLY,True
2021,20,DIV,2022-01-22,2021_20_CIN_TEN,CIN,TEN,Joe Burrow,BurrJo01,00-0036442,STATHEAD_QB_STARTED_QUERY,Stage01 canonical reconciliation rank 1738,STATHEAD_UNAMBIGUOUS_SINGLE_CANDIDATE,False,CREDITED,Ryan Tannehill,TannRy00,00-0029701,STATHEAD_QB_STARTED_QUERY,Stage01 canonical reconciliation rank 1741,STATHEAD_UNAMBIGUOUS_SINGLE_CANDIDATE,False,CREDITED,POSTGAME_ACTUAL_STARTER,ORACLE_STARTER_IDENTITY_ONLY,True
2021,20,DIV,2022-01-23,2021_20_LA_TB,LAR,TB,Matthew Stafford,StafMa00,00-0026498,STATHEAD_QB_STARTED_QUERY,Stage01 canonical reconciliation rank 1737,STATHEAD_UNAMBIGUOUS_SINGLE_CANDIDATE,False,CREDITED,Tom Brady,BradTo00,00-0019596,STATHEAD_QB_STARTED_QUERY,Stage01 canonical reconciliation rank 1735,STATHEAD_UNAMBIGUOUS_SINGLE_CANDIDATE,False,CREDITED,POSTGAME_ACTUAL_STARTER,ORACLE_STARTER_IDENTITY_ONLY,True
2021,20,DIV,2022-01-22,2021_20_SF_GB,SF,GB,Jimmy Garoppolo,GaroJi00,00-0031345,STATHEAD_QB_STARTED_QUERY,Stage01 canonical reconciliation rank 1739,STATHEAD_UNAMBIGUOUS_SINGLE_CANDIDATE,False,CREDITED,Aaron Rodgers,RodgAa00,00-0023459,STATHEAD_QB_STARTED_QUERY,Stage01 canonical reconciliation rank 1740,STATHEAD_UNAMBIGUOUS_SINGLE_CANDIDATE,False,CREDITED,POSTGAME_ACTUAL_STARTER,ORACLE_STARTER_IDENTITY_ONLY,True
2021,21,CON,2022-01-30,2021_21_CIN_KC,CIN,KC,Joe Burrow,BurrJo01,00-0036442,STATHEAD_QB_STARTED_QUERY,Stage01 canonical reconciliation rank 1730,STATHEAD_UNAMBIGUOUS_SINGLE_CANDIDATE,False,CREDITED,Patrick Mahomes,MahoPa00,00-0033873,STATHEAD_QB_STARTED_QUERY,Stage01 canonical reconciliation rank 1732,STATHEAD_UNAMBIGUOUS_SINGLE_CANDIDATE,False,CREDITED,POSTGAME_ACTUAL_STARTER,ORACLE_STARTER_IDENTITY_ONLY,True
2021,21,CON,2022-01-30,2021_21_SF_LA,SF,LAR,Jimmy Garoppolo,GaroJi00,00-0031345,STATHEAD_QB_STARTED_QUERY,Stage01 canonical reconciliation rank 1731,STATHEAD_UNAMBIGUOUS_SINGLE_CANDIDATE,False,CREDITED,Matthew Stafford,StafMa00,00-0026498,STATHEAD_QB_STARTED_QUERY,Stage01 canonical reconciliation rank 1733,STATHEAD_UNAMBIGUOUS_SINGLE_CANDIDATE,False,CREDITED,POSTGAME_ACTUAL_STARTER,ORACLE_STARTER_IDENTITY_ONLY,True
2021,22,SB,2022-02-13,2021_22_LA_CIN,LAR,CIN,Matthew Stafford,StafMa00,00-0026498,STATHEAD_QB_STARTED_QUERY,Stage01 canonical reconciliation rank 1729,STATHEAD_UNAMBIGUOUS_SINGLE_CANDIDATE,False,CREDITED,Joe Burrow,BurrJo01,00-0036442,STATHEAD_QB_STARTED_QUERY,Stage01 canonical reconciliation rank 1728,STATHEAD_UNAMBIGUOUS_SINGLE_CANDIDATE,False,CREDITED,POSTGAME_ACTUAL_STARTER,ORACLE_STARTER_IDENTITY_ONLY,True
2022,1,REG,2022-09-11,2022_01_BAL_NYJ,BAL,NYJ,Lamar Jackson,JackLa00,00-0034796,STATHEAD_QB_STARTED_QUERY,Stage01 canonical reconciliation rank 1708,STATHEAD_UNAMBIGUOUS_SINGLE_CANDIDATE,False,CREDITED,Joe Flacco,FlacJo00,00-0026158,STATHEAD_QB_STARTED_QUERY,Stage01 canonical reconciliation rank 1703,STATHEAD_UNAMBIGUOUS_SINGLE_CANDIDATE,False,CREDITED,POSTGAME_ACTUAL_STARTER,ORACLE_STARTER_IDENTITY_ONLY,False
2022,1,REG,2022-09-08,2022_01_BUF_LA,BUF,LAR,Josh Allen,AlleJo02,00-0034857,STATHEAD_QB_STARTED_QUERY,Stage01 canonical reconciliation rank 1726,STATHEAD_UNAMBIGUOUS_SINGLE_CANDIDATE,False,CREDITED,Matthew Stafford,StafMa00,00-0026498,STATHEAD_QB_STARTED_QUERY,Stage01 canonical reconciliation rank 1727,STATHEAD_UNAMBIGUOUS_SINGLE_CANDIDATE,False,CREDITED,POSTGAME_ACTUAL_STARTER,ORACLE_STARTER_IDENTITY_ONLY,False
2022,1,REG,2022-09-11,2022_01_CLE_CAR,CLE,CAR,Jacoby Brissett,BrisJa00,00-0033119,STATHEAD_QB_STARTED_QUERY,Stage01 canonical reconciliation rank 1698,STATHEAD_UNAMBIGUOUS_SINGLE_CANDIDATE,False,CREDITED,Baker Mayfield,MayfBa00,00-0034855,STATHEAD_QB_STARTED_QUERY,Stage01 canonical reconciliation rank 1715,STATHEAD_UNAMBIGUOUS_SINGLE_CANDIDATE,False,CREDITED,POSTGAME_ACTUAL_STARTER,ORACLE_STARTER_IDENTITY_ONLY,False
2022,1,REG,2022-09-12,2022_01_DEN_SEA,DEN,SEA,Russell Wilson,WilsRu00,00-0029263,STATHEAD_QB_STARTED_QUERY,Stage01 canonical reconciliation rank 1696,STATHEAD_UNAMBIGUOUS_SINGLE_CANDIDATE,False,CREDITED,Geno Smith,SmitGe00,00-0030565,STATHEAD_QB_STARTED_QUERY,Stage01 canonical reconciliation rank 1695,STATHEAD_UNAMBIGUOUS_SINGLE_CANDIDATE,False,CREDITED,POSTGAME_ACTUAL_STARTER,ORACLE_STARTER_IDENTITY_ONLY,False
2022,1,REG,2022-09-11,2022_01_GB_MIN,GB,MIN,Aaron Rodgers,RodgAa00,00-0023459,STATHEAD_QB_STARTED_QUERY,Stage01 canonical reconciliation rank 1719,STATHEAD_UNAMBIGUOUS_SINGLE_CANDIDATE,False,CREDITED,Kirk Cousins,CousKi00,00-0029604,STATHEAD_QB_STARTED_QUERY,Stage01 canonical reconciliation rank 1701,STATHEAD_UNAMBIGUOUS_SINGLE_CANDIDATE,False,CREDITED,POSTGAME_ACTUAL_STARTER,ORACLE_STARTER_IDENTITY_ONLY,False
2022,1,REG,2022-09-11,2022_01_IND_HOU,IND,HOU,Matt Ryan,RyanMa00,00-0026143,STATHEAD_QB_STARTED_QUERY,Stage01 canonical reconciliation rank 1720,STATHEAD_UNAMBIGUOUS_SINGLE_CANDIDATE,False,CREDITED,Davis Mills,MillDa02,00-0036898,STATHEAD_QB_STARTED_QUERY,Stage01 canonical reconciliation rank 1716,STATHEAD_UNAMBIGUOUS_SINGLE_CANDIDATE,False,CREDITED,POSTGAME_ACTUAL_STARTER,ORACLE_STARTER_IDENTITY_ONLY,False
2022,1,REG,2022-09-11,2022_01_JAX_WAS,JAX,WAS,Trevor Lawrence,LawrTr00,00-0036971,STATHEAD_QB_STARTED_QUERY,Stage01 canonical reconciliation rank 1712,STATHEAD_UNAMBIGUOUS_SINGLE_CANDIDATE,False,CREDITED,Carson Wentz,WentCa00,00-0032950,STATHEAD_QB_STARTED_QUERY,Stage01 canonical reconciliation rank 1724,STATHEAD_UNAMBIGUOUS_SINGLE_CANDIDATE,False,CREDITED,POSTGAME_ACTUAL_STARTER,ORACLE_STARTER_IDENTITY_ONLY,False
2022,1,REG,2022-09-11,2022_01_KC_ARI,KC,ARI,Patrick Mahomes,MahoPa00,00-0033873,STATHEAD_QB_STARTED_QUERY,Stage01 canonical reconciliation rank 1713,STATHEAD_UNAMBIGUOUS_SINGLE_CANDIDATE,False,CREDITED,Kyler Murray,MurrKy00,00-0035228,STATHEAD_QB_STARTED_QUERY,Stage01 canonical reconciliation rank 1717,STATHEAD_UNAMBIGUOUS_SINGLE_CANDIDATE,False,CREDITED,POSTGAME_ACTUAL_STARTER,ORACLE_STARTER_IDENTITY_ONLY,False
2022,1,REG,2022-09-11,2022_01_LV_LAC,LV,LAC,Derek Carr,CarrDe02,00-0031280,STATHEAD_QB_STARTED_QUERY,Stage01 canonical reconciliation rank 1700,STATHEAD_UNAMBIGUOUS_SINGLE_CANDIDATE,False,CREDITED,Justin Herbert,HerbJu00,00-0036355,STATHEAD_QB_STARTED_QUERY,Stage01 canonical reconciliation rank 1705,STATHEAD_UNAMBIGUOUS_SINGLE_CANDIDATE,False,CREDITED,POSTGAME_ACTUAL_STARTER,ORACLE_STARTER_IDENTITY_ONLY,False
2022,1,REG,2022-09-11,2022_01_NE_MIA,NE,MIA,Mac Jones,JoneMa05,00-0036972,STATHEAD_QB_STARTED_QUERY,Stage01 canonical reconciliation rank 1710,STATHEAD_UNAMBIGUOUS_SINGLE_CANDIDATE,False,CREDITED,Tua Tagovailoa,TagoTu00,00-0036212,STATHEAD_QB_STARTED_QUERY,Stage01 canonical reconciliation rank 1721,STATHEAD_UNAMBIGUOUS_SINGLE_CANDIDATE,False,CREDITED,POSTGAME_ACTUAL_STARTER,ORACLE_STARTER_IDENTITY_ONLY,False
2022,1,REG,2022-09-11,2022_01_NO_ATL,NO,ATL,Jameis Winston,WinsJa00,00-0031503,VALIDATED_MANUAL_WEB_RESEARCH,,VALIDATED_MANUAL_WEB_EXCEPTION,False,CREDITED,Marcus Mariota,MariMa01,00-0032268,STATHEAD_QB_STARTED_QUERY,Stage01 canonical reconciliation rank 1714,STATHEAD_UNAMBIGUOUS_SINGLE_CANDIDATE,False,CREDITED,POSTGAME_ACTUAL_STARTER,ORACLE_STARTER_IDENTITY_ONLY,False
2022,1,REG,2022-09-11,2022_01_NYG_TEN,NYG,TEN,Daniel Jones,JoneDa05,00-0035710,STATHEAD_QB_STARTED_QUERY,Stage01 canonical reconciliation rank 1709,STATHEAD_UNAMBIGUOUS_SINGLE_CANDIDATE,False,CREDITED,Ryan Tannehill,TannRy00,00-0029701,STATHEAD_QB_STARTED_QUERY,Stage01 canonical reconciliation rank 1722,STATHEAD_UNAMBIGUOUS_SINGLE_CANDIDATE,False,CREDITED,POSTGAME_ACTUAL_STARTER,ORACLE_STARTER_IDENTITY_ONLY,False
2022,1,REG,2022-09-11,2022_01_PHI_DET,PHI,DET,Jalen Hurts,HurtJa00,00-0036389,STATHEAD_QB_STARTED_QUERY,Stage01 canonical reconciliation rank 1707,STATHEAD_UNAMBIGUOUS_SINGLE_CANDIDATE,False,CREDITED,Jared Goff,GoffJa00,00-0033106,STATHEAD_QB_STARTED_QUERY,Stage01 canonical reconciliation rank 1704,STATHEAD_UNAMBIGUOUS_SINGLE_CANDIDATE,False,CREDITED,POSTGAME_ACTUAL_STARTER,ORACLE_STARTER_IDENTITY_ONLY,False
2022,1,REG,2022-09-11,2022_01_PIT_CIN,PIT,CIN,Mitchell Trubisky,TrubMi00,00-0033869,STATHEAD_QB_STARTED_QUERY,Stage01 canonical reconciliation rank 1723,STATHEAD_UNAMBIGUOUS_SINGLE_CANDIDATE,False,CREDITED,Joe Burrow,BurrJo01,00-0036442,STATHEAD_QB_STARTED_QUERY,Stage01 canonical reconciliation rank 1699,STATHEAD_UNAMBIGUOUS_SINGLE_CANDIDATE,False,CREDITED,POSTGAME_ACTUAL_STARTER,ORACLE_STARTER_IDENTITY_ONLY,False
2022,1,REG,2022-09-11,2022_01_SF_CHI,SF,CHI,Trey Lance,LancTr00,00-0037012,STATHEAD_QB_STARTED_QUERY,Stage01 canonical reconciliation rank 1711,STATHEAD_UNAMBIGUOUS_SINGLE_CANDIDATE,False,CREDITED,Justin Fields,FielJu00,00-0036945,STATHEAD_QB_STARTED_QUERY,Stage01 canonical reconciliation rank 1702,STATHEAD_UNAMBIGUOUS_SINGLE_CANDIDATE,False,CREDITED,POSTGAME_ACTUAL_STARTER,ORACLE_STARTER_IDENTITY_ONLY,False
2022,1,REG,2022-09-11,2022_01_TB_DAL,TB,DAL,Tom Brady,BradTo00,00-0019596,STATHEAD_QB_STARTED_QUERY,Stage01 canonical reconciliation rank 1697,STATHEAD_UNAMBIGUOUS_SINGLE_CANDIDATE,False,CREDITED,Dak Prescott,PresDa01,00-0033077,STATHEAD_QB_STARTED_QUERY,Stage01 canonical reconciliation rank 1718,STATHEAD_UNAMBIGUOUS_SINGLE_CANDIDATE,False,CREDITED,POSTGAME_ACTUAL_STARTER,ORACLE_STARTER_IDENTITY_ONLY,False
2022,2,REG,2022-09-18,2022_02_ARI_LV,ARI,LV,Kyler Murray,MurrKy00,00-0035228,STATHEAD_QB_STARTED_QUERY,Stage01 canonical reconciliation rank 1682,STATHEAD_UNAMBIGUOUS_SINGLE_CANDIDATE,False,CREDITED,Derek Carr,CarrDe02,00-0031280,STATHEAD_QB_STARTED_QUERY,Stage01 canonical reconciliation rank 1670,STATHEAD_UNAMBIGUOUS_SINGLE_CANDIDATE,False,CREDITED,POSTGAME_ACTUAL_STARTER,ORACLE_STARTER_IDENTITY_ONLY,False
2022,2,REG,2022-09-18,2022_02_ATL_LA,ATL,LAR,Marcus Mariota,MariMa01,00-0032268,STATHEAD_QB_STARTED_QUERY,Stage01 canonical reconciliation rank 1679,STATHEAD_UNAMBIGUOUS_SINGLE_CANDIDATE,False,CREDITED,Matthew Stafford,StafMa00,00-0026498,STATHEAD_QB_STARTED_QUERY,Stage01 canonical reconciliation rank 1687,STATHEAD_UNAMBIGUOUS_SINGLE_CANDIDATE,False,CREDITED,POSTGAME_ACTUAL_STARTER,ORACLE_STARTER_IDENTITY_ONLY,False
2022,2,REG,2022-09-18,2022_02_CAR_NYG,CAR,NYG,Baker Mayfield,MayfBa00,00-0034855,STATHEAD_QB_STARTED_QUERY,Stage01 canonical reconciliation rank 1680,STATHEAD_UNAMBIGUOUS_SINGLE_CANDIDATE,False,CREDITED,Daniel Jones,JoneDa05,00-0035710,STATHEAD_QB_STARTED_QUERY,Stage01 canonical reconciliation rank 1675,STATHEAD_UNAMBIGUOUS_SINGLE_CANDIDATE,False,CREDITED,POSTGAME_ACTUAL_STARTER,ORACLE_STARTER_IDENTITY_ONLY,False
2022,2,REG,2022-09-18,2022_02_CHI_GB,CHI,GB,Justin Fields,FielJu00,00-0036945,STATHEAD_QB_STARTED_QUERY,Stage01 canonical reconciliation rank 1671,STATHEAD_UNAMBIGUOUS_SINGLE_CANDIDATE,False,CREDITED,Aaron Rodgers,RodgAa00,00-0023459,STATHEAD_QB_STARTED_QUERY,Stage01 canonical reconciliation rank 1683,STATHEAD_UNAMBIGUOUS_SINGLE_CANDIDATE,False,CREDITED,POSTGAME_ACTUAL_STARTER,ORACLE_STARTER_IDENTITY_ONLY,False
2022,2,REG,2022-09-18,2022_02_CIN_DAL,CIN,DAL,Joe Burrow,BurrJo01,00-0036442,STATHEAD_QB_STARTED_QUERY,Stage01 canonical reconciliation rank 1669,STATHEAD_UNAMBIGUOUS_SINGLE_CANDIDATE,False,CREDITED,Cooper Rush,RushCo00,00-0033662,STATHEAD_QB_STARTED_QUERY,Stage01 canonical reconciliation rank 1684,STATHEAD_UNAMBIGUOUS_SINGLE_CANDIDATE,False,CREDITED,POSTGAME_ACTUAL_STARTER,ORACLE_STARTER_IDENTITY_ONLY,False
2022,2,REG,2022-09-18,2022_02_HOU_DEN,HOU,DEN,Davis Mills,MillDa02,00-0036898,STATHEAD_QB_STARTED_QUERY,Stage01 canonical reconciliation rank 1681,STATHEAD_UNAMBIGUOUS_SINGLE_CANDIDATE,False,CREDITED,Russell Wilson,WilsRu00,00-0029263,STATHEAD_QB_STARTED_QUERY,Stage01 canonical reconciliation rank 1691,STATHEAD_UNAMBIGUOUS_SINGLE_CANDIDATE,False,CREDITED,POSTGAME_ACTUAL_STARTER,ORACLE_STARTER_IDENTITY_ONLY,False
2022,2,REG,2022-09-18,2022_02_IND_JAX,IND,JAX,Matt Ryan,RyanMa00,00-0026143,STATHEAD_QB_STARTED_QUERY,Stage01 canonical reconciliation rank 1685,STATHEAD_UNAMBIGUOUS_SINGLE_CANDIDATE,False,CREDITED,Trevor Lawrence,LawrTr00,00-0036971,STATHEAD_QB_STARTED_QUERY,Stage01 canonical reconciliation rank 1678,STATHEAD_UNAMBIGUOUS_SINGLE_CANDIDATE,False,CREDITED,POSTGAME_ACTUAL_STARTER,ORACLE_STARTER_IDENTITY_ONLY,False
2022,2,REG,2022-09-15,2022_02_LAC_KC,LAC,KC,Justin Herbert,HerbJu00,00-0036355,STATHEAD_QB_STARTED_QUERY,Stage01 canonical reconciliation rank 1693,STATHEAD_UNAMBIGUOUS_SINGLE_CANDIDATE,False,CREDITED,Patrick Mahomes,MahoPa00,00-0033873,STATHEAD_QB_STARTED_QUERY,Stage01 canonical reconciliation rank 1694,STATHEAD_UNAMBIGUOUS_SINGLE_CANDIDATE,False,CREDITED,POSTGAME_ACTUAL_STARTER,ORACLE_STARTER_IDENTITY_ONLY,False
2022,2,REG,2022-09-18,2022_02_MIA_BAL,MIA,BAL,Tua Tagovailoa,TagoTu00,00-0036212,STATHEAD_QB_STARTED_QUERY,Stage01 canonical reconciliation rank 1688,STATHEAD_UNAMBIGUOUS_SINGLE_CANDIDATE,False,CREDITED,Lamar Jackson,JackLa00,00-0034796,STATHEAD_QB_STARTED_QUERY,Stage01 canonical reconciliation rank 1674,STATHEAD_UNAMBIGUOUS_SINGLE_CANDIDATE,False,CREDITED,POSTGAME_ACTUAL_STARTER,ORACLE_STARTER_IDENTITY_ONLY,False
2022,2,REG,2022-09-19,2022_02_MIN_PHI,MIN,PHI,Kirk Cousins,CousKi00,00-0029604,STATHEAD_QB_STARTED_QUERY,Stage01 canonical reconciliation rank 1664,STATHEAD_UNAMBIGUOUS_SINGLE_CANDIDATE,False,CREDITED,Jalen Hurts,HurtJa00,00-0036389,STATHEAD_QB_STARTED_QUERY,Stage01 canonical reconciliation rank 1665,STATHEAD_UNAMBIGUOUS_SINGLE_CANDIDATE,False,CREDITED,POSTGAME_ACTUAL_STARTER,ORACLE_STARTER_IDENTITY_ONLY,False
2022,2,REG,2022-09-18,2022_02_NE_PIT,NE,PIT,Mac Jones,JoneMa05,00-0036972,STATHEAD_QB_STARTED_QUERY,Stage01 canonical reconciliation rank 1676,STATHEAD_UNAMBIGUOUS_SINGLE_CANDIDATE,False,CREDITED,Mitchell Trubisky,TrubMi00,00-0033869,STATHEAD_QB_STARTED_QUERY,Stage01 canonical reconciliation rank 1689,STATHEAD_UNAMBIGUOUS_SINGLE_CANDIDATE,False,CREDITED,POSTGAME_ACTUAL_STARTER,ORACLE_STARTER_IDENTITY_ONLY,False
2022,2,REG,2022-09-18,2022_02_NYJ_CLE,NYJ,CLE,Joe Flacco,FlacJo00,00-0026158,STATHEAD_QB_STARTED_QUERY,Stage01 canonical reconciliation rank 1672,STATHEAD_UNAMBIGUOUS_SINGLE_CANDIDATE,False,CREDITED,Jacoby Brissett,BrisJa00,00-0033119,STATHEAD_QB_STARTED_QUERY,Stage01 canonical reconciliation rank 1668,STATHEAD_UNAMBIGUOUS_SINGLE_CANDIDATE,False,CREDITED,POSTGAME_ACTUAL_STARTER,ORACLE_STARTER_IDENTITY_ONLY,False
2022,2,REG,2022-09-18,2022_02_SEA_SF,SEA,SF,Geno Smith,SmitGe00,00-0030565,STATHEAD_QB_STARTED_QUERY,Stage01 canonical reconciliation rank 1686,STATHEAD_UNAMBIGUOUS_SINGLE_CANDIDATE,False,CREDITED,Trey Lance,LancTr00,00-0037012,STATHEAD_QB_STARTED_QUERY,Stage01 canonical reconciliation rank 1677,STATHEAD_UNAMBIGUOUS_SINGLE_CANDIDATE,False,CREDITED,POSTGAME_ACTUAL_STARTER,ORACLE_STARTER_IDENTITY_ONLY,False
2022,2,REG,2022-09-18,2022_02_TB_NO,TB,NO,Tom Brady,BradTo00,00-0019596,STATHEAD_QB_STARTED_QUERY,Stage01 canonical reconciliation rank 1667,STATHEAD_UNAMBIGUOUS_SINGLE_CANDIDATE,False,CREDITED,Jameis Winston,WinsJa00,00-0031503,STATHEAD_QB_STARTED_QUERY,Stage01 canonical reconciliation rank 1692,STATHEAD_UNAMBIGUOUS_SINGLE_CANDIDATE,False,CREDITED,POSTGAME_ACTUAL_STARTER,ORACLE_STARTER_IDENTITY_ONLY,False
2022,2,REG,2022-09-19,2022_02_TEN_BUF,TEN,BUF,Ryan Tannehill,TannRy00,00-0029701,STATHEAD_QB_STARTED_QUERY,Stage01 canonical reconciliation rank 1666,STATHEAD_UNAMBIGUOUS_SINGLE_CANDIDATE,False,CREDITED,Josh Allen,AlleJo02,00-0034857,STATHEAD_QB_STARTED_QUERY,Stage01 canonical reconciliation rank 1663,STATHEAD_UNAMBIGUOUS_SINGLE_CANDIDATE,False,CREDITED,POSTGAME_ACTUAL_STARTER,ORACLE_STARTER_IDENTITY_ONLY,False
2022,2,REG,2022-09-18,2022_02_WAS_DET,WAS,DET,Carson Wentz,WentCa00,00-0032950,STATHEAD_QB_STARTED_QUERY,Stage01 canonical reconciliation rank 1690,STATHEAD_UNAMBIGUOUS_SINGLE_CANDIDATE,False,CREDITED,Jared Goff,GoffJa00,00-0033106,STATHEAD_QB_STARTED_QUERY,Stage01 canonical reconciliation rank 1673,STATHEAD_UNAMBIGUOUS_SINGLE_CANDIDATE,False,CREDITED,POSTGAME_ACTUAL_STARTER,ORACLE_STARTER_IDENTITY_ONLY,False
2022,3,REG,2022-09-25,2022_03_ATL_SEA,ATL,SEA,Marcus Mariota,MariMa01,00-0032268,STATHEAD_QB_STARTED_QUERY,Stage01 canonical reconciliation rank 1648,STATHEAD_UNAMBIGUOUS_SINGLE_CANDIDATE,False,CREDITED,Geno Smith,SmitGe00,00-0030565,STATHEAD_QB_STARTED_QUERY,Stage01 canonical reconciliation rank 1654,STATHEAD_UNAMBIGUOUS_SINGLE_CANDIDATE,False,CREDITED,POSTGAME_ACTUAL_STARTER,ORACLE_STARTER_IDENTITY_ONLY,False
2022,3,REG,2022-09-25,2022_03_BAL_NE,BAL,NE,Lamar Jackson,JackLa00,00-0034796,STATHEAD_QB_STARTED_QUERY,Stage01 canonical reconciliation rank 1644,STATHEAD_UNAMBIGUOUS_SINGLE_CANDIDATE,False,CREDITED,Mac Jones,JoneMa05,00-0036972,STATHEAD_QB_STARTED_QUERY,Stage01 canonical reconciliation rank 1645,STATHEAD_UNAMBIGUOUS_SINGLE_CANDIDATE,False,CREDITED,POSTGAME_ACTUAL_STARTER,ORACLE_STARTER_IDENTITY_ONLY,False
2022,3,REG,2022-09-25,2022_03_BUF_MIA,BUF,MIA,Josh Allen,AlleJo02,00-0034857,STATHEAD_QB_STARTED_QUERY,Stage01 canonical reconciliation rank 1633,STATHEAD_UNAMBIGUOUS_SINGLE_CANDIDATE,False,CREDITED,Tua Tagovailoa,TagoTu00,00-0036212,STATHEAD_QB_STARTED_QUERY,Stage01 canonical reconciliation rank 1656,STATHEAD_UNAMBIGUOUS_SINGLE_CANDIDATE,False,CREDITED,POSTGAME_ACTUAL_STARTER,ORACLE_STARTER_IDENTITY_ONLY,False
2022,3,REG,2022-09-25,2022_03_CIN_NYJ,CIN,NYJ,Joe Burrow,BurrJo01,00-0036442,STATHEAD_QB_STARTED_QUERY,Stage01 canonical reconciliation rank 1635,STATHEAD_UNAMBIGUOUS_SINGLE_CANDIDATE,False,CREDITED,Joe Flacco,FlacJo00,00-0026158,STATHEAD_QB_STARTED_QUERY,Stage01 canonical reconciliation rank 1639,STATHEAD_UNAMBIGUOUS_SINGLE_CANDIDATE,False,CREDITED,POSTGAME_ACTUAL_STARTER,ORACLE_STARTER_IDENTITY_ONLY,False
2022,3,REG,2022-09-26,2022_03_DAL_NYG,DAL,NYG,Cooper Rush,RushCo00,00-0033662,STATHEAD_QB_STARTED_QUERY,Stage01 canonical reconciliation rank 1632,STATHEAD_UNAMBIGUOUS_SINGLE_CANDIDATE,False,CREDITED,Daniel Jones,JoneDa05,00-0035710,STATHEAD_QB_STARTED_QUERY,Stage01 canonical reconciliation rank 1631,STATHEAD_UNAMBIGUOUS_SINGLE_CANDIDATE,False,CREDITED,POSTGAME_ACTUAL_STARTER,ORACLE_STARTER_IDENTITY_ONLY,False
2022,3,REG,2022-09-25,2022_03_DET_MIN,DET,MIN,Jared Goff,GoffJa00,00-0033106,STATHEAD_QB_STARTED_QUERY,Stage01 canonical reconciliation rank 1641,STATHEAD_UNAMBIGUOUS_SINGLE_CANDIDATE,False,CREDITED,Kirk Cousins,CousKi00,00-0029604,STATHEAD_QB_STARTED_QUERY,Stage01 canonical reconciliation rank 1637,STATHEAD_UNAMBIGUOUS_SINGLE_CANDIDATE,False,CREDITED,POSTGAME_ACTUAL_STARTER,ORACLE_STARTER_IDENTITY_ONLY,False
2022,3,REG,2022-09-25,2022_03_GB_TB,GB,TB,Aaron Rodgers,RodgAa00,00-0023459,STATHEAD_QB_STARTED_QUERY,Stage01 canonical reconciliation rank 1652,STATHEAD_UNAMBIGUOUS_SINGLE_CANDIDATE,False,CREDITED,Tom Brady,BradTo00,00-0019596,STATHEAD_QB_STARTED_QUERY,Stage01 canonical reconciliation rank 1634,STATHEAD_UNAMBIGUOUS_SINGLE_CANDIDATE,False,CREDITED,POSTGAME_ACTUAL_STARTER,ORACLE_STARTER_IDENTITY_ONLY,False
2022,3,REG,2022-09-25,2022_03_HOU_CHI,HOU,CHI,Davis Mills,MillDa02,00-0036898,STATHEAD_QB_STARTED_QUERY,Stage01 canonical reconciliation rank 1650,STATHEAD_UNAMBIGUOUS_SINGLE_CANDIDATE,False,CREDITED,Justin Fields,FielJu00,00-0036945,STATHEAD_QB_STARTED_QUERY,Stage01 canonical reconciliation rank 1638,STATHEAD_UNAMBIGUOUS_SINGLE_CANDIDATE,False,CREDITED,POSTGAME_ACTUAL_STARTER,ORACLE_STARTER_IDENTITY_ONLY,False
2022,3,REG,2022-09-25,2022_03_JAX_LAC,JAX,LAC,Trevor Lawrence,LawrTr00,00-0036971,STATHEAD_QB_STARTED_QUERY,Stage01 canonical reconciliation rank 1646,STATHEAD_UNAMBIGUOUS_SINGLE_CANDIDATE,False,CREDITED,Justin Herbert,HerbJu00,00-0036355,STATHEAD_QB_STARTED_QUERY,Stage01 canonical reconciliation rank 1642,STATHEAD_UNAMBIGUOUS_SINGLE_CANDIDATE,False,CREDITED,POSTGAME_ACTUAL_STARTER,ORACLE_STARTER_IDENTITY_ONLY,False
2022,3,REG,2022-09-25,2022_03_KC_IND,KC,IND,Patrick Mahomes,MahoPa00,00-0033873,STATHEAD_QB_STARTED_QUERY,Stage01 canonical reconciliation rank 1647,STATHEAD_UNAMBIGUOUS_SINGLE_CANDIDATE,False,CREDITED,Matt Ryan,RyanMa00,00-0026143,STATHEAD_QB_STARTED_QUERY,Stage01 canonical reconciliation rank 1653,STATHEAD_UNAMBIGUOUS_SINGLE_CANDIDATE,False,CREDITED,POSTGAME_ACTUAL_STARTER,ORACLE_STARTER_IDENTITY_ONLY,False
2022,3,REG,2022-09-25,2022_03_LA_ARI,LAR,ARI,Matthew Stafford,StafMa00,00-0026498,STATHEAD_QB_STARTED_QUERY,Stage01 canonical reconciliation rank 1655,STATHEAD_UNAMBIGUOUS_SINGLE_CANDIDATE,False,CREDITED,Kyler Murray,MurrKy00,00-0035228,STATHEAD_QB_STARTED_QUERY,Stage01 canonical reconciliation rank 1651,STATHEAD_UNAMBIGUOUS_SINGLE_CANDIDATE,False,CREDITED,POSTGAME_ACTUAL_STARTER,ORACLE_STARTER_IDENTITY_ONLY,False
2022,3,REG,2022-09-25,2022_03_LV_TEN,LV,TEN,Derek Carr,CarrDe02,00-0031280,STATHEAD_QB_STARTED_QUERY,Stage01 canonical reconciliation rank 1636,STATHEAD_UNAMBIGUOUS_SINGLE_CANDIDATE,False,CREDITED,Ryan Tannehill,TannRy00,00-0029701,STATHEAD_QB_STARTED_QUERY,Stage01 canonical reconciliation rank 1657,STATHEAD_UNAMBIGUOUS_SINGLE_CANDIDATE,False,CREDITED,POSTGAME_ACTUAL_STARTER,ORACLE_STARTER_IDENTITY_ONLY,False
2022,3,REG,2022-09-25,2022_03_NO_CAR,NO,CAR,Jameis Winston,WinsJa00,00-0031503,STATHEAD_QB_STARTED_QUERY,Stage01 canonical reconciliation rank 1660,STATHEAD_UNAMBIGUOUS_SINGLE_CANDIDATE,False,CREDITED,Baker Mayfield,MayfBa00,00-0034855,STATHEAD_QB_STARTED_QUERY,Stage01 canonical reconciliation rank 1649,STATHEAD_UNAMBIGUOUS_SINGLE_CANDIDATE,False,CREDITED,POSTGAME_ACTUAL_STARTER,ORACLE_STARTER_IDENTITY_ONLY,False
2022,3,REG,2022-09-25,2022_03_PHI_WAS,PHI,WAS,Jalen Hurts,HurtJa00,00-0036389,STATHEAD_QB_STARTED_QUERY,Stage01 canonical reconciliation rank 1643,STATHEAD_UNAMBIGUOUS_SINGLE_CANDIDATE,False,CREDITED,Carson Wentz,WentCa00,00-0032950,STATHEAD_QB_STARTED_QUERY,Stage01 canonical reconciliation rank 1658,STATHEAD_UNAMBIGUOUS_SINGLE_CANDIDATE,False,CREDITED,POSTGAME_ACTUAL_STARTER,ORACLE_STARTER_IDENTITY_ONLY,False
2022,3,REG,2022-09-22,2022_03_PIT_CLE,PIT,CLE,Mitchell Trubisky,TrubMi00,00-0033869,STATHEAD_QB_STARTED_QUERY,Stage01 canonical reconciliation rank 1662,STATHEAD_UNAMBIGUOUS_SINGLE_CANDIDATE,False,CREDITED,Jacoby Brissett,BrisJa00,00-0033119,STATHEAD_QB_STARTED_QUERY,Stage01 canonical reconciliation rank 1661,STATHEAD_UNAMBIGUOUS_SINGLE_CANDIDATE,False,CREDITED,POSTGAME_ACTUAL_STARTER,ORACLE_STARTER_IDENTITY_ONLY,False
2022,3,REG,2022-09-25,2022_03_SF_DEN,SF,DEN,Jimmy Garoppolo,GaroJi00,00-0031345,STATHEAD_QB_STARTED_QUERY,Stage01 canonical reconciliation rank 1640,STATHEAD_UNAMBIGUOUS_SINGLE_CANDIDATE,False,CREDITED,Russell Wilson,WilsRu00,00-0029263,STATHEAD_QB_STARTED_QUERY,Stage01 canonical reconciliation rank 1659,STATHEAD_UNAMBIGUOUS_SINGLE_CANDIDATE,False,CREDITED,POSTGAME_ACTUAL_STARTER,ORACLE_STARTER_IDENTITY_ONLY,False
2022,4,REG,2022-10-02,2022_04_ARI_CAR,ARI,CAR,Kyler Murray,MurrKy00,00-0035228,STATHEAD_QB_STARTED_QUERY,Stage01 canonical reconciliation rank 1619,STATHEAD_UNAMBIGUOUS_SINGLE_CANDIDATE,False,CREDITED,Baker Mayfield,MayfBa00,00-0034855,STATHEAD_QB_STARTED_QUERY,Stage01 canonical reconciliation rank 1617,STATHEAD_UNAMBIGUOUS_SINGLE_CANDIDATE,False,CREDITED,POSTGAME_ACTUAL_STARTER,ORACLE_STARTER_IDENTITY_ONLY,False
2022,4,REG,2022-10-02,2022_04_BUF_BAL,BUF,BAL,Josh Allen,AlleJo02,00-0034857,STATHEAD_QB_STARTED_QUERY,Stage01 canonical reconciliation rank 1601,STATHEAD_UNAMBIGUOUS_SINGLE_CANDIDATE,False,CREDITED,Lamar Jackson,JackLa00,00-0034796,STATHEAD_QB_STARTED_QUERY,Stage01 canonical reconciliation rank 1612,STATHEAD_UNAMBIGUOUS_SINGLE_CANDIDATE,False,CREDITED,POSTGAME_ACTUAL_STARTER,ORACLE_STARTER_IDENTITY_ONLY,False
2022,4,REG,2022-10-02,2022_04_CHI_NYG,CHI,NYG,Justin Fields,FielJu00,00-0036945,STATHEAD_QB_STARTED_QUERY,Stage01 canonical reconciliation rank 1607,STATHEAD_UNAMBIGUOUS_SINGLE_CANDIDATE,False,CREDITED,Daniel Jones,JoneDa05,00-0035710,STATHEAD_QB_STARTED_QUERY,Stage01 canonical reconciliation rank 1613,STATHEAD_UNAMBIGUOUS_SINGLE_CANDIDATE,False,CREDITED,POSTGAME_ACTUAL_STARTER,ORACLE_STARTER_IDENTITY_ONLY,False
2022,4,REG,2022-10-02,2022_04_CLE_ATL,CLE,ATL,Jacoby Brissett,BrisJa00,00-0033119,STATHEAD_QB_STARTED_QUERY,Stage01 canonical reconciliation rank 1603,STATHEAD_UNAMBIGUOUS_SINGLE_CANDIDATE,False,CREDITED,Marcus Mariota,MariMa01,00-0032268,STATHEAD_QB_STARTED_QUERY,Stage01 canonical reconciliation rank 1616,STATHEAD_UNAMBIGUOUS_SINGLE_CANDIDATE,False,CREDITED,POSTGAME_ACTUAL_STARTER,ORACLE_STARTER_IDENTITY_ONLY,False
2022,4,REG,2022-10-02,2022_04_DEN_LV,DEN,LV,Russell Wilson,WilsRu00,00-0029263,STATHEAD_QB_STARTED_QUERY,Stage01 canonical reconciliation rank 1627,STATHEAD_UNAMBIGUOUS_SINGLE_CANDIDATE,False,CREDITED,Derek Carr,CarrDe02,00-0031280,STATHEAD_QB_STARTED_QUERY,Stage01 canonical reconciliation rank 1604,STATHEAD_UNAMBIGUOUS_SINGLE_CANDIDATE,False,CREDITED,POSTGAME_ACTUAL_STARTER,ORACLE_STARTER_IDENTITY_ONLY,False
2022,4,REG,2022-10-02,2022_04_JAX_PHI,JAX,PHI,Trevor Lawrence,LawrTr00,00-0036971,STATHEAD_QB_STARTED_QUERY,Stage01 canonical reconciliation rank 1614,STATHEAD_UNAMBIGUOUS_SINGLE_CANDIDATE,False,CREDITED,Jalen Hurts,HurtJa00,00-0036389,STATHEAD_QB_STARTED_QUERY,Stage01 canonical reconciliation rank 1611,STATHEAD_UNAMBIGUOUS_SINGLE_CANDIDATE,False,CREDITED,POSTGAME_ACTUAL_STARTER,ORACLE_STARTER_IDENTITY_ONLY,False
2022,4,REG,2022-10-02,2022_04_KC_TB,KC,TB,Patrick Mahomes,MahoPa00,00-0033873,STATHEAD_QB_STARTED_QUERY,Stage01 canonical reconciliation rank 1615,STATHEAD_UNAMBIGUOUS_SINGLE_CANDIDATE,False,CREDITED,Tom Brady,BradTo00,00-0019596,STATHEAD_QB_STARTED_QUERY,Stage01 canonical reconciliation rank 1602,STATHEAD_UNAMBIGUOUS_SINGLE_CANDIDATE,False,CREDITED,POSTGAME_ACTUAL_STARTER,ORACLE_STARTER_IDENTITY_ONLY,False
2022,4,REG,2022-10-02,2022_04_LAC_HOU,LAC,HOU,Justin Herbert,HerbJu00,00-0036355,STATHEAD_QB_STARTED_QUERY,Stage01 canonical reconciliation rank 1609,STATHEAD_UNAMBIGUOUS_SINGLE_CANDIDATE,False,CREDITED,Davis Mills,MillDa02,00-0036898,STATHEAD_QB_STARTED_QUERY,Stage01 canonical reconciliation rank 1618,STATHEAD_UNAMBIGUOUS_SINGLE_CANDIDATE,False,CREDITED,POSTGAME_ACTUAL_STARTER,ORACLE_STARTER_IDENTITY_ONLY,False
2022,4,REG,2022-10-03,2022_04_LA_SF,LAR,SF,Matthew Stafford,StafMa00,00-0026498,STATHEAD_QB_STARTED_QUERY,Stage01 canonical reconciliation rank 1600,STATHEAD_UNAMBIGUOUS_SINGLE_CANDIDATE,False,CREDITED,Jimmy Garoppolo,GaroJi00,00-0031345,STATHEAD_QB_STARTED_QUERY,Stage01 canonical reconciliation rank 1599,STATHEAD_UNAMBIGUOUS_SINGLE_CANDIDATE,False,CREDITED,POSTGAME_ACTUAL_STARTER,ORACLE_STARTER_IDENTITY_ONLY,False
2022,4,REG,2022-09-29,2022_04_MIA_CIN,MIA,CIN,Tua Tagovailoa,TagoTu00,00-0036212,STATHEAD_QB_STARTED_QUERY,Stage01 canonical reconciliation rank 1630,STATHEAD_UNAMBIGUOUS_SINGLE_CANDIDATE,False,CREDITED,Joe Burrow,BurrJo01,00-0036442,STATHEAD_QB_STARTED_QUERY,Stage01 canonical reconciliation rank 1629,STATHEAD_UNAMBIGUOUS_SINGLE_CANDIDATE,False,CREDITED,POSTGAME_ACTUAL_STARTER,ORACLE_STARTER_IDENTITY_ONLY,False
2022,4,REG,2022-10-02,2022_04_MIN_NO,MIN,NO,Kirk Cousins,CousKi00,00-0029604,STATHEAD_QB_STARTED_QUERY,Stage01 canonical reconciliation rank 1605,STATHEAD_UNAMBIGUOUS_SINGLE_CANDIDATE,False,CREDITED,Andy Dalton,DaltAn00,00-0027973,STATHEAD_QB_STARTED_QUERY,Stage01 canonical reconciliation rank 1606,STATHEAD_UNAMBIGUOUS_SINGLE_CANDIDATE,False,CREDITED,POSTGAME_ACTUAL_STARTER,ORACLE_STARTER_IDENTITY_ONLY,False
2022,4,REG,2022-10-02,2022_04_NE_GB,NE,GB,Brian Hoyer,HoyeBr00,00-0026625,STATHEAD_QB_STARTED_QUERY,Stage01 canonical reconciliation rank 1610,STATHEAD_UNAMBIGUOUS_SINGLE_CANDIDATE,False,CREDITED,Aaron Rodgers,RodgAa00,00-0023459,STATHEAD_QB_STARTED_QUERY,Stage01 canonical reconciliation rank 1620,STATHEAD_UNAMBIGUOUS_SINGLE_CANDIDATE,False,CREDITED,POSTGAME_ACTUAL_STARTER,ORACLE_STARTER_IDENTITY_ONLY,False
2022,4,REG,2022-10-02,2022_04_NYJ_PIT,NYJ,PIT,Zach Wilson,WilsZa00,00-0037013,STATHEAD_QB_STARTED_QUERY,Stage01 canonical reconciliation rank 1628,STATHEAD_UNAMBIGUOUS_SINGLE_CANDIDATE,False,CREDITED,Mitchell Trubisky,TrubMi00,00-0033869,STATHEAD_QB_STARTED_QUERY,Stage01 canonical reconciliation rank 1625,STATHEAD_UNAMBIGUOUS_SINGLE_CANDIDATE,False,CREDITED,POSTGAME_ACTUAL_STARTER,ORACLE_STARTER_IDENTITY_ONLY,False
2022,4,REG,2022-10-02,2022_04_SEA_DET,SEA,DET,Geno Smith,SmitGe00,00-0030565,STATHEAD_QB_STARTED_QUERY,Stage01 canonical reconciliation rank 1623,STATHEAD_UNAMBIGUOUS_SINGLE_CANDIDATE,False,CREDITED,Jared Goff,GoffJa00,00-0033106,STATHEAD_QB_STARTED_QUERY,Stage01 canonical reconciliation rank 1608,STATHEAD_UNAMBIGUOUS_SINGLE_CANDIDATE,False,CREDITED,POSTGAME_ACTUAL_STARTER,ORACLE_STARTER_IDENTITY_ONLY,False
2022,4,REG,2022-10-02,2022_04_TEN_IND,TEN,IND,Ryan Tannehill,TannRy00,00-0029701,STATHEAD_QB_STARTED_QUERY,Stage01 canonical reconciliation rank 1624,STATHEAD_UNAMBIGUOUS_SINGLE_CANDIDATE,False,CREDITED,Matt Ryan,RyanMa00,00-0026143,STATHEAD_QB_STARTED_QUERY,Stage01 canonical reconciliation rank 1622,STATHEAD_UNAMBIGUOUS_SINGLE_CANDIDATE,False,CREDITED,POSTGAME_ACTUAL_STARTER,ORACLE_STARTER_IDENTITY_ONLY,False
2022,4,REG,2022-10-02,2022_04_WAS_DAL,WAS,DAL,Carson Wentz,WentCa00,00-0032950,STATHEAD_QB_STARTED_QUERY,Stage01 canonical reconciliation rank 1626,STATHEAD_UNAMBIGUOUS_SINGLE_CANDIDATE,False,CREDITED,Cooper Rush,RushCo00,00-0033662,STATHEAD_QB_STARTED_QUERY,Stage01 canonical reconciliation rank 1621,STATHEAD_UNAMBIGUOUS_SINGLE_CANDIDATE,False,CREDITED,POSTGAME_ACTUAL_STARTER,ORACLE_STARTER_IDENTITY_ONLY,False
2022,5,REG,2022-10-09,2022_05_ATL_TB,ATL,TB,Marcus Mariota,MariMa01,00-0032268,STATHEAD_QB_STARTED_QUERY,Stage01 canonical reconciliation rank 1584,STATHEAD_UNAMBIGUOUS_SINGLE_CANDIDATE,False,CREDITED,Tom Brady,BradTo00,00-0019596,STATHEAD_QB_STARTED_QUERY,Stage01 canonical reconciliation rank 1570,STATHEAD_UNAMBIGUOUS_SINGLE_CANDIDATE,False,CREDITED,POSTGAME_ACTUAL_STARTER,ORACLE_STARTER_IDENTITY_ONLY,False
2022,5,REG,2022-10-09,2022_05_CHI_MIN,CHI,MIN,Justin Fields,FielJu00,00-0036945,STATHEAD_QB_STARTED_QUERY,Stage01 canonical reconciliation rank 1576,STATHEAD_UNAMBIGUOUS_SINGLE_CANDIDATE,False,CREDITED,Kirk Cousins,CousKi00,00-0029604,STATHEAD_QB_STARTED_QUERY,Stage01 canonical reconciliation rank 1574,STATHEAD_UNAMBIGUOUS_SINGLE_CANDIDATE,False,CREDITED,POSTGAME_ACTUAL_STARTER,ORACLE_STARTER_IDENTITY_ONLY,False
2022,5,REG,2022-10-09,2022_05_CIN_BAL,CIN,BAL,Joe Burrow,BurrJo01,00-0036442,STATHEAD_QB_STARTED_QUERY,Stage01 canonical reconciliation rank 1573,STATHEAD_UNAMBIGUOUS_SINGLE_CANDIDATE,False,CREDITED,Lamar Jackson,JackLa00,00-0034796,STATHEAD_QB_STARTED_QUERY,Stage01 canonical reconciliation rank 1581,STATHEAD_UNAMBIGUOUS_SINGLE_CANDIDATE,False,CREDITED,POSTGAME_ACTUAL_STARTER,ORACLE_STARTER_IDENTITY_ONLY,False
2022,5,REG,2022-10-09,2022_05_DAL_LA,DAL,LAR,Cooper Rush,RushCo00,00-0033662,STATHEAD_QB_STARTED_QUERY,Stage01 canonical reconciliation rank 1590,STATHEAD_UNAMBIGUOUS_SINGLE_CANDIDATE,False,CREDITED,Matthew Stafford,StafMa00,00-0026498,STATHEAD_QB_STARTED_QUERY,Stage01 canonical reconciliation rank 1592,STATHEAD_UNAMBIGUOUS_SINGLE_CANDIDATE,False,CREDITED,POSTGAME_ACTUAL_STARTER,ORACLE_STARTER_IDENTITY_ONLY,False
2022,5,REG,2022-10-09,2022_05_DET_NE,DET,NE,Jared Goff,GoffJa00,00-0033106,STATHEAD_QB_STARTED_QUERY,Stage01 canonical reconciliation rank 1578,STATHEAD_UNAMBIGUOUS_SINGLE_CANDIDATE,False,CREDITED,Bailey Zappe,ZappBa00,00-0038108,STATHEAD_QB_STARTED_QUERY,Stage01 canonical reconciliation rank 1596,STATHEAD_UNAMBIGUOUS_SINGLE_CANDIDATE,False,CREDITED,POSTGAME_ACTUAL_STARTER,ORACLE_STARTER_IDENTITY_ONLY,False
2022,5,REG,2022-10-09,2022_05_HOU_JAX,HOU,JAX,Davis Mills,MillDa02,00-0036898,STATHEAD_QB_STARTED_QUERY,Stage01 canonical reconciliation rank 1586,STATHEAD_UNAMBIGUOUS_SINGLE_CANDIDATE,False,CREDITED,Trevor Lawrence,LawrTr00,00-0036971,STATHEAD_QB_STARTED_QUERY,Stage01 canonical reconciliation rank 1583,STATHEAD_UNAMBIGUOUS_SINGLE_CANDIDATE,False,CREDITED,POSTGAME_ACTUAL_STARTER,ORACLE_STARTER_IDENTITY_ONLY,False
2022,5,REG,2022-10-06,2022_05_IND_DEN,IND,DEN,Matt Ryan,RyanMa00,00-0026143,STATHEAD_QB_STARTED_QUERY,Stage01 canonical reconciliation rank 1597,STATHEAD_UNAMBIGUOUS_SINGLE_CANDIDATE,False,CREDITED,Russell Wilson,WilsRu00,00-0029263,STATHEAD_QB_STARTED_QUERY,Stage01 canonical reconciliation rank 1598,STATHEAD_UNAMBIGUOUS_SINGLE_CANDIDATE,False,CREDITED,POSTGAME_ACTUAL_STARTER,ORACLE_STARTER_IDENTITY_ONLY,False
2022,5,REG,2022-10-09,2022_05_LAC_CLE,LAC,CLE,Justin Herbert,HerbJu00,00-0036355,STATHEAD_QB_STARTED_QUERY,Stage01 canonical reconciliation rank 1579,STATHEAD_UNAMBIGUOUS_SINGLE_CANDIDATE,False,CREDITED,Jacoby Brissett,BrisJa00,00-0033119,STATHEAD_QB_STARTED_QUERY,Stage01 canonical reconciliation rank 1572,STATHEAD_UNAMBIGUOUS_SINGLE_CANDIDATE,False,CREDITED,POSTGAME_ACTUAL_STARTER,ORACLE_STARTER_IDENTITY_ONLY,False
2022,5,REG,2022-10-10,2022_05_LV_KC,LV,KC,Derek Carr,CarrDe02,00-0031280,STATHEAD_QB_STARTED_QUERY,Stage01 canonical reconciliation rank 1567,STATHEAD_UNAMBIGUOUS_SINGLE_CANDIDATE,False,CREDITED,Patrick Mahomes,MahoPa00,00-0033873,STATHEAD_QB_STARTED_QUERY,Stage01 canonical reconciliation rank 1568,STATHEAD_UNAMBIGUOUS_SINGLE_CANDIDATE,False,CREDITED,POSTGAME_ACTUAL_STARTER,ORACLE_STARTER_IDENTITY_ONLY,False
2022,5,REG,2022-10-09,2022_05_MIA_NYJ,MIA,NYJ,Teddy Bridgewater,BridTe00,00-0031237,STATHEAD_QB_STARTED_QUERY,Stage01 canonical reconciliation rank 1571,STATHEAD_UNAMBIGUOUS_SINGLE_CANDIDATE,False,CREDITED,Zach Wilson,WilsZa00,00-0037013,STATHEAD_QB_STARTED_QUERY,Stage01 canonical reconciliation rank 1595,STATHEAD_UNAMBIGUOUS_SINGLE_CANDIDATE,False,CREDITED,POSTGAME_ACTUAL_STARTER,ORACLE_STARTER_IDENTITY_ONLY,False
2022,5,REG,2022-10-09,2022_05_NYG_GB,NYG,GB,Daniel Jones,JoneDa05,00-0035710,STATHEAD_QB_STARTED_QUERY,Stage01 canonical reconciliation rank 1582,STATHEAD_UNAMBIGUOUS_SINGLE_CANDIDATE,False,CREDITED,Aaron Rodgers,RodgAa00,00-0023459,STATHEAD_QB_STARTED_QUERY,Stage01 canonical reconciliation rank 1589,STATHEAD_UNAMBIGUOUS_SINGLE_CANDIDATE,False,CREDITED,POSTGAME_ACTUAL_STARTER,ORACLE_STARTER_IDENTITY_ONLY,False
2022,5,REG,2022-10-09,2022_05_PHI_ARI,PHI,ARI,Jalen Hurts,HurtJa00,00-0036389,STATHEAD_QB_STARTED_QUERY,Stage01 canonical reconciliation rank 1580,STATHEAD_UNAMBIGUOUS_SINGLE_CANDIDATE,False,CREDITED,Kyler Murray,MurrKy00,00-0035228,STATHEAD_QB_STARTED_QUERY,Stage01 canonical reconciliation rank 1587,STATHEAD_UNAMBIGUOUS_SINGLE_CANDIDATE,False,CREDITED,POSTGAME_ACTUAL_STARTER,ORACLE_STARTER_IDENTITY_ONLY,False
2022,5,REG,2022-10-09,2022_05_PIT_BUF,PIT,BUF,Kenny Pickett,PickKe00,00-0038102,STATHEAD_QB_STARTED_QUERY,Stage01 canonical reconciliation rank 1588,STATHEAD_UNAMBIGUOUS_SINGLE_CANDIDATE,False,CREDITED,Josh Allen,AlleJo02,00-0034857,STATHEAD_QB_STARTED_QUERY,Stage01 canonical reconciliation rank 1569,STATHEAD_UNAMBIGUOUS_SINGLE_CANDIDATE,False,CREDITED,POSTGAME_ACTUAL_STARTER,ORACLE_STARTER_IDENTITY_ONLY,False
2022,5,REG,2022-10-09,2022_05_SEA_NO,SEA,NO,Geno Smith,SmitGe00,00-0030565,STATHEAD_QB_STARTED_QUERY,Stage01 canonical reconciliation rank 1591,STATHEAD_UNAMBIGUOUS_SINGLE_CANDIDATE,False,CREDITED,Andy Dalton,DaltAn00,00-0027973,STATHEAD_QB_STARTED_QUERY,Stage01 canonical reconciliation rank 1575,STATHEAD_UNAMBIGUOUS_SINGLE_CANDIDATE,False,CREDITED,POSTGAME_ACTUAL_STARTER,ORACLE_STARTER_IDENTITY_ONLY,False
2022,5,REG,2022-10-09,2022_05_SF_CAR,SF,CAR,Jimmy Garoppolo,GaroJi00,00-0031345,STATHEAD_QB_STARTED_QUERY,Stage01 canonical reconciliation rank 1577,STATHEAD_UNAMBIGUOUS_SINGLE_CANDIDATE,False,CREDITED,Baker Mayfield,MayfBa00,00-0034855,STATHEAD_QB_STARTED_QUERY,Stage01 canonical reconciliation rank 1585,STATHEAD_UNAMBIGUOUS_SINGLE_CANDIDATE,False,CREDITED,POSTGAME_ACTUAL_STARTER,ORACLE_STARTER_IDENTITY_ONLY,False
2022,5,REG,2022-10-09,2022_05_TEN_WAS,TEN,WAS,Ryan Tannehill,TannRy00,00-0029701,STATHEAD_QB_STARTED_QUERY,Stage01 canonical reconciliation rank 1593,STATHEAD_UNAMBIGUOUS_SINGLE_CANDIDATE,False,CREDITED,Carson Wentz,WentCa00,00-0032950,STATHEAD_QB_STARTED_QUERY,Stage01 canonical reconciliation rank 1594,STATHEAD_UNAMBIGUOUS_SINGLE_CANDIDATE,False,CREDITED,POSTGAME_ACTUAL_STARTER,ORACLE_STARTER_IDENTITY_ONLY,False
2022,6,REG,2022-10-16,2022_06_ARI_SEA,ARI,SEA,Kyler Murray,MurrKy00,00-0035228,STATHEAD_QB_STARTED_QUERY,Stage01 canonical reconciliation rank 1554,STATHEAD_UNAMBIGUOUS_SINGLE_CANDIDATE,False,CREDITED,Geno Smith,SmitGe00,00-0030565,STATHEAD_QB_STARTED_QUERY,Stage01 canonical reconciliation rank 1559,STATHEAD_UNAMBIGUOUS_SINGLE_CANDIDATE,False,CREDITED,POSTGAME_ACTUAL_STARTER,ORACLE_STARTER_IDENTITY_ONLY,False
2022,6,REG,2022-10-16,2022_06_BAL_NYG,BAL,NYG,Lamar Jackson,JackLa00,00-0034796,STATHEAD_QB_STARTED_QUERY,Stage01 canonical reconciliation rank 1549,STATHEAD_UNAMBIGUOUS_SINGLE_CANDIDATE,False,CREDITED,Daniel Jones,JoneDa05,00-0035710,STATHEAD_QB_STARTED_QUERY,Stage01 canonical reconciliation rank 1550,STATHEAD_UNAMBIGUOUS_SINGLE_CANDIDATE,False,CREDITED,POSTGAME_ACTUAL_STARTER,ORACLE_STARTER_IDENTITY_ONLY,False
2022,6,REG,2022-10-16,2022_06_BUF_KC,BUF,KC,Josh Allen,AlleJo02,00-0034857,STATHEAD_QB_STARTED_QUERY,Stage01 canonical reconciliation rank 1541,STATHEAD_UNAMBIGUOUS_SINGLE_CANDIDATE,False,CREDITED,Patrick Mahomes,MahoPa00,00-0033873,STATHEAD_QB_STARTED_QUERY,Stage01 canonical reconciliation rank 1552,STATHEAD_UNAMBIGUOUS_SINGLE_CANDIDATE,False,CREDITED,POSTGAME_ACTUAL_STARTER,ORACLE_STARTER_IDENTITY_ONLY,False
2022,6,REG,2022-10-16,2022_06_CAR_LA,CAR,LAR,P.J. Walker,WalkPh00,00-0033275,STATHEAD_QB_STARTED_QUERY,Stage01 canonical reconciliation rank 1562,STATHEAD_UNAMBIGUOUS_SINGLE_CANDIDATE,False,CREDITED,Matthew Stafford,StafMa00,00-0026498,STATHEAD_QB_STARTED_QUERY,Stage01 canonical reconciliation rank 1560,STATHEAD_UNAMBIGUOUS_SINGLE_CANDIDATE,False,CREDITED,POSTGAME_ACTUAL_STARTER,ORACLE_STARTER_IDENTITY_ONLY,False
2022,6,REG,2022-10-16,2022_06_CIN_NO,CIN,NO,Joe Burrow,BurrJo01,00-0036442,STATHEAD_QB_STARTED_QUERY,Stage01 canonical reconciliation rank 1544,STATHEAD_UNAMBIGUOUS_SINGLE_CANDIDATE,False,CREDITED,Andy Dalton,DaltAn00,00-0027973,STATHEAD_QB_STARTED_QUERY,Stage01 canonical reconciliation rank 1546,STATHEAD_UNAMBIGUOUS_SINGLE_CANDIDATE,False,CREDITED,POSTGAME_ACTUAL_STARTER,ORACLE_STARTER_IDENTITY_ONLY,False
2022,6,REG,2022-10-16,2022_06_DAL_PHI,DAL,PHI,Cooper Rush,RushCo00,00-0033662,STATHEAD_QB_STARTED_QUERY,Stage01 canonical reconciliation rank 1557,STATHEAD_UNAMBIGUOUS_SINGLE_CANDIDATE,False,CREDITED,Jalen Hurts,HurtJa00,00-0036389,STATHEAD_QB_STARTED_QUERY,Stage01 canonical reconciliation rank 1548,STATHEAD_UNAMBIGUOUS_SINGLE_CANDIDATE,False,CREDITED,POSTGAME_ACTUAL_STARTER,ORACLE_STARTER_IDENTITY_ONLY,False
2022,6,REG,2022-10-17,2022_06_DEN_LAC,DEN,LAC,Russell Wilson,WilsRu00,00-0029263,STATHEAD_QB_STARTED_QUERY,Stage01 canonical reconciliation rank 1540,STATHEAD_UNAMBIGUOUS_SINGLE_CANDIDATE,False,CREDITED,Justin Herbert,HerbJu00,00-0036355,STATHEAD_QB_STARTED_QUERY,Stage01 canonical reconciliation rank 1539,STATHEAD_UNAMBIGUOUS_SINGLE_CANDIDATE,False,CREDITED,POSTGAME_ACTUAL_STARTER,ORACLE_STARTER_IDENTITY_ONLY,False
2022,6,REG,2022-10-16,2022_06_JAX_IND,JAX,IND,Trevor Lawrence,LawrTr00,00-0036971,STATHEAD_QB_STARTED_QUERY,Stage01 canonical reconciliation rank 1551,STATHEAD_UNAMBIGUOUS_SINGLE_CANDIDATE,False,CREDITED,Matt Ryan,RyanMa00,00-0026143,STATHEAD_QB_STARTED_QUERY,Stage01 canonical reconciliation rank 1558,STATHEAD_UNAMBIGUOUS_SINGLE_CANDIDATE,False,CREDITED,POSTGAME_ACTUAL_STARTER,ORACLE_STARTER_IDENTITY_ONLY,False
2022,6,REG,2022-10-16,2022_06_MIN_MIA,MIN,MIA,Kirk Cousins,CousKi00,00-0029604,STATHEAD_QB_STARTED_QUERY,Stage01 canonical reconciliation rank 1545,STATHEAD_UNAMBIGUOUS_SINGLE_CANDIDATE,False,CREDITED,Skylar Thompson,ThomSk00,00-0037327,STATHEAD_QB_STARTED_QUERY,Stage01 canonical reconciliation rank 1561,STATHEAD_UNAMBIGUOUS_SINGLE_CANDIDATE,False,CREDITED,POSTGAME_ACTUAL_STARTER,ORACLE_STARTER_IDENTITY_ONLY,False
2022,6,REG,2022-10-16,2022_06_NE_CLE,NE,CLE,Bailey Zappe,ZappBa00,00-0038108,STATHEAD_QB_STARTED_QUERY,Stage01 canonical reconciliation rank 1564,STATHEAD_UNAMBIGUOUS_SINGLE_CANDIDATE,False,CREDITED,Jacoby Brissett,BrisJa00,00-0033119,STATHEAD_QB_STARTED_QUERY,Stage01 canonical reconciliation rank 1543,STATHEAD_UNAMBIGUOUS_SINGLE_CANDIDATE,False,CREDITED,POSTGAME_ACTUAL_STARTER,ORACLE_STARTER_IDENTITY_ONLY,False
2022,6,REG,2022-10-16,2022_06_NYJ_GB,NYJ,GB,Zach Wilson,WilsZa00,00-0037013,STATHEAD_QB_STARTED_QUERY,Stage01 canonical reconciliation rank 1563,STATHEAD_UNAMBIGUOUS_SINGLE_CANDIDATE,False,CREDITED,Aaron Rodgers,RodgAa00,00-0023459,STATHEAD_QB_STARTED_QUERY,Stage01 canonical reconciliation rank 1556,STATHEAD_UNAMBIGUOUS_SINGLE_CANDIDATE,False,CREDITED,POSTGAME_ACTUAL_STARTER,ORACLE_STARTER_IDENTITY_ONLY,False
2022,6,REG,2022-10-16,2022_06_SF_ATL,SF,ATL,Jimmy Garoppolo,GaroJi00,00-0031345,STATHEAD_QB_STARTED_QUERY,Stage01 canonical reconciliation rank 1547,STATHEAD_UNAMBIGUOUS_SINGLE_CANDIDATE,False,CREDITED,Marcus Mariota,MariMa01,00-0032268,STATHEAD_QB_STARTED_QUERY,Stage01 canonical reconciliation rank 1553,STATHEAD_UNAMBIGUOUS_SINGLE_CANDIDATE,False,CREDITED,POSTGAME_ACTUAL_STARTER,ORACLE_STARTER_IDENTITY_ONLY,False
2022,6,REG,2022-10-16,2022_06_TB_PIT,TB,PIT,Tom Brady,BradTo00,00-0019596,STATHEAD_QB_STARTED_QUERY,Stage01 canonical reconciliation rank 1542,STATHEAD_UNAMBIGUOUS_SINGLE_CANDIDATE,False,CREDITED,Kenny Pickett,PickKe00,00-0038102,STATHEAD_QB_STARTED_QUERY,Stage01 canonical reconciliation rank 1555,STATHEAD_UNAMBIGUOUS_SINGLE_CANDIDATE,False,CREDITED,POSTGAME_ACTUAL_STARTER,ORACLE_STARTER_IDENTITY_ONLY,False
2022,6,REG,2022-10-13,2022_06_WAS_CHI,WAS,CHI,Carson Wentz,WentCa00,00-0032950,STATHEAD_QB_STARTED_QUERY,Stage01 canonical reconciliation rank 1566,STATHEAD_UNAMBIGUOUS_SINGLE_CANDIDATE,False,CREDITED,Justin Fields,FielJu00,00-0036945,STATHEAD_QB_STARTED_QUERY,Stage01 canonical reconciliation rank 1565,STATHEAD_UNAMBIGUOUS_SINGLE_CANDIDATE,False,CREDITED,POSTGAME_ACTUAL_STARTER,ORACLE_STARTER_IDENTITY_ONLY,False
2022,7,REG,2022-10-23,2022_07_ATL_CIN,ATL,CIN,Marcus Mariota,MariMa01,00-0032268,VALIDATED_MANUAL_WEB_RESEARCH,,VALIDATED_MANUAL_WEB_EXCEPTION,False,CREDITED,Joe Burrow,BurrJo01,00-0036442,STATHEAD_QB_STARTED_QUERY,Stage01 canonical reconciliation rank 1513,STATHEAD_UNAMBIGUOUS_SINGLE_CANDIDATE,False,CREDITED,POSTGAME_ACTUAL_STARTER,ORACLE_STARTER_IDENTITY_ONLY,False
2022,7,REG,2022-10-24,2022_07_CHI_NE,CHI,NE,Justin Fields,FielJu00,00-0036945,STATHEAD_QB_STARTED_QUERY,Stage01 canonical reconciliation rank 1509,STATHEAD_UNAMBIGUOUS_SINGLE_CANDIDATE,False,CREDITED,Mac Jones,JoneMa05,00-0036972,STATHEAD_QB_STARTED_QUERY,Stage01 canonical reconciliation rank 1510,STATHEAD_UNAMBIGUOUS_SINGLE_CANDIDATE,False,CREDITED,POSTGAME_ACTUAL_STARTER,ORACLE_STARTER_IDENTITY_ONLY,False
2022,7,REG,2022-10-23,2022_07_CLE_BAL,CLE,BAL,Jacoby Brissett,BrisJa00,00-0033119,STATHEAD_QB_STARTED_QUERY,Stage01 canonical reconciliation rank 1512,STATHEAD_UNAMBIGUOUS_SINGLE_CANDIDATE,False,CREDITED,Lamar Jackson,JackLa00,00-0034796,STATHEAD_QB_STARTED_QUERY,Stage01 canonical reconciliation rank 1520,STATHEAD_UNAMBIGUOUS_SINGLE_CANDIDATE,False,CREDITED,POSTGAME_ACTUAL_STARTER,ORACLE_STARTER_IDENTITY_ONLY,False
2022,7,REG,2022-10-23,2022_07_DET_DAL,DET,DAL,Jared Goff,GoffJa00,00-0033106,STATHEAD_QB_STARTED_QUERY,Stage01 canonical reconciliation rank 1517,STATHEAD_UNAMBIGUOUS_SINGLE_CANDIDATE,False,CREDITED,Dak Prescott,PresDa01,00-0033077,STATHEAD_QB_STARTED_QUERY,Stage01 canonical reconciliation rank 1527,STATHEAD_UNAMBIGUOUS_SINGLE_CANDIDATE,False,CREDITED,POSTGAME_ACTUAL_STARTER,ORACLE_STARTER_IDENTITY_ONLY,False
2022,7,REG,2022-10-23,2022_07_GB_WAS,GB,WAS,Aaron Rodgers,RodgAa00,00-0023459,STATHEAD_QB_STARTED_QUERY,Stage01 canonical reconciliation rank 1528,STATHEAD_UNAMBIGUOUS_SINGLE_CANDIDATE,False,CREDITED,Taylor Heinicke,HeinTa00,00-0031800,STATHEAD_QB_STARTED_QUERY,Stage01 canonical reconciliation rank 1518,STATHEAD_UNAMBIGUOUS_SINGLE_CANDIDATE,False,CREDITED,POSTGAME_ACTUAL_STARTER,ORACLE_STARTER_IDENTITY_ONLY,False
2022,7,REG,2022-10-23,2022_07_HOU_LV,HOU,LV,Davis Mills,MillDa02,00-0036898,STATHEAD_QB_STARTED_QUERY,Stage01 canonical reconciliation rank 1525,STATHEAD_UNAMBIGUOUS_SINGLE_CANDIDATE,False,CREDITED,Derek Carr,CarrDe02,00-0031280,STATHEAD_QB_STARTED_QUERY,Stage01 canonical reconciliation rank 1514,STATHEAD_UNAMBIGUOUS_SINGLE_CANDIDATE,False,CREDITED,POSTGAME_ACTUAL_STARTER,ORACLE_STARTER_IDENTITY_ONLY,False
2022,7,REG,2022-10-23,2022_07_IND_TEN,IND,TEN,Matt Ryan,RyanMa00,00-0026143,STATHEAD_QB_STARTED_QUERY,Stage01 canonical reconciliation rank 1529,STATHEAD_UNAMBIGUOUS_SINGLE_CANDIDATE,False,CREDITED,Ryan Tannehill,TannRy00,00-0029701,STATHEAD_QB_STARTED_QUERY,Stage01 canonical reconciliation rank 1533,STATHEAD_UNAMBIGUOUS_SINGLE_CANDIDATE,False,CREDITED,POSTGAME_ACTUAL_STARTER,ORACLE_STARTER_IDENTITY_ONLY,False
2022,7,REG,2022-10-23,2022_07_KC_SF,KC,SF,Patrick Mahomes,MahoPa00,00-0033873,STATHEAD_QB_STARTED_QUERY,Stage01 canonical reconciliation rank 1523,STATHEAD_UNAMBIGUOUS_SINGLE_CANDIDATE,False,CREDITED,Jimmy Garoppolo,GaroJi00,00-0031345,STATHEAD_QB_STARTED_QUERY,Stage01 canonical reconciliation rank 1516,STATHEAD_UNAMBIGUOUS_SINGLE_CANDIDATE,False,CREDITED,POSTGAME_ACTUAL_STARTER,ORACLE_STARTER_IDENTITY_ONLY,False
2022,7,REG,2022-10-20,2022_07_NO_ARI,NO,ARI,Andy Dalton,DaltAn00,00-0027973,VALIDATED_MANUAL_WEB_RESEARCH,,VALIDATED_MANUAL_WEB_EXCEPTION,False,CREDITED,Kyler Murray,MurrKy00,00-0035228,STATHEAD_QB_STARTED_QUERY,Stage01 canonical reconciliation rank 1538,STATHEAD_UNAMBIGUOUS_SINGLE_CANDIDATE,False,CREDITED,POSTGAME_ACTUAL_STARTER,ORACLE_STARTER_IDENTITY_ONLY,False
2022,7,REG,2022-10-23,2022_07_NYG_JAX,NYG,JAX,Daniel Jones,JoneDa05,00-0035710,STATHEAD_QB_STARTED_QUERY,Stage01 canonical reconciliation rank 1521,STATHEAD_UNAMBIGUOUS_SINGLE_CANDIDATE,False,CREDITED,Trevor Lawrence,LawrTr00,00-0036971,STATHEAD_QB_STARTED_QUERY,Stage01 canonical reconciliation rank 1522,STATHEAD_UNAMBIGUOUS_SINGLE_CANDIDATE,False,CREDITED,POSTGAME_ACTUAL_STARTER,ORACLE_STARTER_IDENTITY_ONLY,False
2022,7,REG,2022-10-23,2022_07_NYJ_DEN,NYJ,DEN,Zach Wilson,WilsZa00,00-0037013,STATHEAD_QB_STARTED_QUERY,Stage01 canonical reconciliation rank 1535,STATHEAD_UNAMBIGUOUS_SINGLE_CANDIDATE,False,CREDITED,Brett Rypien,RypiBr00,00-0034955,STATHEAD_QB_STARTED_QUERY,Stage01 canonical reconciliation rank 1530,STATHEAD_UNAMBIGUOUS_SINGLE_CANDIDATE,False,CREDITED,POSTGAME_ACTUAL_STARTER,ORACLE_STARTER_IDENTITY_ONLY,False
2022,7,REG,2022-10-23,2022_07_PIT_MIA,PIT,MIA,Kenny Pickett,PickKe00,00-0038102,STATHEAD_QB_STARTED_QUERY,Stage01 canonical reconciliation rank 1526,STATHEAD_UNAMBIGUOUS_SINGLE_CANDIDATE,False,CREDITED,Tua Tagovailoa,TagoTu00,00-0036212,STATHEAD_QB_STARTED_QUERY,Stage01 canonical reconciliation rank 1532,STATHEAD_UNAMBIGUOUS_SINGLE_CANDIDATE,False,CREDITED,POSTGAME_ACTUAL_STARTER,ORACLE_STARTER_IDENTITY_ONLY,False
2022,7,REG,2022-10-23,2022_07_SEA_LAC,SEA,LAC,Geno Smith,SmitGe00,00-0030565,STATHEAD_QB_STARTED_QUERY,Stage01 canonical reconciliation rank 1531,STATHEAD_UNAMBIGUOUS_SINGLE_CANDIDATE,False,CREDITED,Justin Herbert,HerbJu00,00-0036355,STATHEAD_QB_STARTED_QUERY,Stage01 canonical reconciliation rank 1519,STATHEAD_UNAMBIGUOUS_SINGLE_CANDIDATE,False,CREDITED,POSTGAME_ACTUAL_STARTER,ORACLE_STARTER_IDENTITY_ONLY,False
2022,7,REG,2022-10-23,2022_07_TB_CAR,TB,CAR,Tom Brady,BradTo00,00-0019596,STATHEAD_QB_STARTED_QUERY,Stage01 canonical reconciliation rank 1511,STATHEAD_UNAMBIGUOUS_SINGLE_CANDIDATE,False,CREDITED,P.J. Walker,WalkPh00,00-0033275,STATHEAD_QB_STARTED_QUERY,Stage01 canonical reconciliation rank 1534,STATHEAD_UNAMBIGUOUS_SINGLE_CANDIDATE,False,CREDITED,POSTGAME_ACTUAL_STARTER,ORACLE_STARTER_IDENTITY_ONLY,False
2022,8,REG,2022-10-30,2022_08_ARI_MIN,ARI,MIN,Kyler Murray,MurrKy00,00-0035228,STATHEAD_QB_STARTED_QUERY,Stage01 canonical reconciliation rank 1496,STATHEAD_UNAMBIGUOUS_SINGLE_CANDIDATE,False,CREDITED,Kirk Cousins,CousKi00,00-0029604,STATHEAD_QB_STARTED_QUERY,Stage01 canonical reconciliation rank 1483,STATHEAD_UNAMBIGUOUS_SINGLE_CANDIDATE,False,CREDITED,POSTGAME_ACTUAL_STARTER,ORACLE_STARTER_IDENTITY_ONLY,False
2022,8,REG,2022-10-27,2022_08_BAL_TB,BAL,TB,Lamar Jackson,JackLa00,00-0034796,STATHEAD_QB_STARTED_QUERY,Stage01 canonical reconciliation rank 1508,STATHEAD_UNAMBIGUOUS_SINGLE_CANDIDATE,False,CREDITED,Tom Brady,BradTo00,00-0019596,STATHEAD_QB_STARTED_QUERY,Stage01 canonical reconciliation rank 1507,STATHEAD_UNAMBIGUOUS_SINGLE_CANDIDATE,False,CREDITED,POSTGAME_ACTUAL_STARTER,ORACLE_STARTER_IDENTITY_ONLY,False
2022,8,REG,2022-10-30,2022_08_CAR_ATL,CAR,ATL,P.J. Walker,WalkPh00,00-0033275,STATHEAD_QB_STARTED_QUERY,Stage01 canonical reconciliation rank 1503,STATHEAD_UNAMBIGUOUS_SINGLE_CANDIDATE,False,CREDITED,Marcus Mariota,MariMa01,00-0032268,STATHEAD_QB_STARTED_QUERY,Stage01 canonical reconciliation rank 1494,STATHEAD_UNAMBIGUOUS_SINGLE_CANDIDATE,False,CREDITED,POSTGAME_ACTUAL_STARTER,ORACLE_STARTER_IDENTITY_ONLY,False
2022,8,REG,2022-10-30,2022_08_CHI_DAL,CHI,DAL,Justin Fields,FielJu00,00-0036945,STATHEAD_QB_STARTED_QUERY,Stage01 canonical reconciliation rank 1486,STATHEAD_UNAMBIGUOUS_SINGLE_CANDIDATE,False,CREDITED,Dak Prescott,PresDa01,00-0033077,STATHEAD_QB_STARTED_QUERY,Stage01 canonical reconciliation rank 1498,STATHEAD_UNAMBIGUOUS_SINGLE_CANDIDATE,False,CREDITED,POSTGAME_ACTUAL_STARTER,ORACLE_STARTER_IDENTITY_ONLY,False
2022,8,REG,2022-10-31,2022_08_CIN_CLE,CIN,CLE,Joe Burrow,BurrJo01,00-0036442,STATHEAD_QB_STARTED_QUERY,Stage01 canonical reconciliation rank 1480,STATHEAD_UNAMBIGUOUS_SINGLE_CANDIDATE,False,CREDITED,Jacoby Brissett,BrisJa00,00-0033119,STATHEAD_QB_STARTED_QUERY,Stage01 canonical reconciliation rank 1479,STATHEAD_UNAMBIGUOUS_SINGLE_CANDIDATE,False,CREDITED,POSTGAME_ACTUAL_STARTER,ORACLE_STARTER_IDENTITY_ONLY,False
2022,8,REG,2022-10-30,2022_08_DEN_JAX,DEN,JAX,Russell Wilson,WilsRu00,00-0029263,STATHEAD_QB_STARTED_QUERY,Stage01 canonical reconciliation rank 1505,STATHEAD_UNAMBIGUOUS_SINGLE_CANDIDATE,False,CREDITED,Trevor Lawrence,LawrTr00,00-0036971,STATHEAD_QB_STARTED_QUERY,Stage01 canonical reconciliation rank 1493,STATHEAD_UNAMBIGUOUS_SINGLE_CANDIDATE,False,CREDITED,POSTGAME_ACTUAL_STARTER,ORACLE_STARTER_IDENTITY_ONLY,False
2022,8,REG,2022-10-30,2022_08_GB_BUF,GB,BUF,Aaron Rodgers,RodgAa00,00-0023459,STATHEAD_QB_STARTED_QUERY,Stage01 canonical reconciliation rank 1499,STATHEAD_UNAMBIGUOUS_SINGLE_CANDIDATE,False,CREDITED,Josh Allen,AlleJo02,00-0034857,STATHEAD_QB_STARTED_QUERY,Stage01 canonical reconciliation rank 1481,STATHEAD_UNAMBIGUOUS_SINGLE_CANDIDATE,False,CREDITED,POSTGAME_ACTUAL_STARTER,ORACLE_STARTER_IDENTITY_ONLY,False
2022,8,REG,2022-10-30,2022_08_LV_NO,LV,NO,Derek Carr,CarrDe02,00-0031280,STATHEAD_QB_STARTED_QUERY,Stage01 canonical reconciliation rank 1482,STATHEAD_UNAMBIGUOUS_SINGLE_CANDIDATE,False,CREDITED,Andy Dalton,DaltAn00,00-0027973,STATHEAD_QB_STARTED_QUERY,Stage01 canonical reconciliation rank 1484,STATHEAD_UNAMBIGUOUS_SINGLE_CANDIDATE,False,CREDITED,POSTGAME_ACTUAL_STARTER,ORACLE_STARTER_IDENTITY_ONLY,False
2022,8,REG,2022-10-30,2022_08_MIA_DET,MIA,DET,Tua Tagovailoa,TagoTu00,00-0036212,STATHEAD_QB_STARTED_QUERY,Stage01 canonical reconciliation rank 1502,STATHEAD_UNAMBIGUOUS_SINGLE_CANDIDATE,False,CREDITED,Jared Goff,GoffJa00,00-0033106,STATHEAD_QB_STARTED_QUERY,Stage01 canonical reconciliation rank 1488,STATHEAD_UNAMBIGUOUS_SINGLE_CANDIDATE,False,CREDITED,POSTGAME_ACTUAL_STARTER,ORACLE_STARTER_IDENTITY_ONLY,False
2022,8,REG,2022-10-30,2022_08_NE_NYJ,NE,NYJ,Mac Jones,JoneMa05,00-0036972,STATHEAD_QB_STARTED_QUERY,Stage01 canonical reconciliation rank 1492,STATHEAD_UNAMBIGUOUS_SINGLE_CANDIDATE,False,CREDITED,Zach Wilson,WilsZa00,00-0037013,STATHEAD_QB_STARTED_QUERY,Stage01 canonical reconciliation rank 1506,STATHEAD_UNAMBIGUOUS_SINGLE_CANDIDATE,False,CREDITED,POSTGAME_ACTUAL_STARTER,ORACLE_STARTER_IDENTITY_ONLY,False
2022,8,REG,2022-10-30,2022_08_NYG_SEA,NYG,SEA,Daniel Jones,JoneDa05,00-0035710,STATHEAD_QB_STARTED_QUERY,Stage01 canonical reconciliation rank 1491,STATHEAD_UNAMBIGUOUS_SINGLE_CANDIDATE,False,CREDITED,Geno Smith,SmitGe00,00-0030565,STATHEAD_QB_STARTED_QUERY,Stage01 canonical reconciliation rank 1500,STATHEAD_UNAMBIGUOUS_SINGLE_CANDIDATE,False,CREDITED,POSTGAME_ACTUAL_STARTER,ORACLE_STARTER_IDENTITY_ONLY,False
2022,8,REG,2022-10-30,2022_08_PIT_PHI,PIT,PHI,Kenny Pickett,PickKe00,00-0038102,STATHEAD_QB_STARTED_QUERY,Stage01 canonical reconciliation rank 1497,STATHEAD_UNAMBIGUOUS_SINGLE_CANDIDATE,False,CREDITED,Jalen Hurts,HurtJa00,00-0036389,STATHEAD_QB_STARTED_QUERY,Stage01 canonical reconciliation rank 1490,STATHEAD_UNAMBIGUOUS_SINGLE_CANDIDATE,False,CREDITED,POSTGAME_ACTUAL_STARTER,ORACLE_STARTER_IDENTITY_ONLY,False
2022,8,REG,2022-10-30,2022_08_SF_LA,SF,LAR,Jimmy Garoppolo,GaroJi00,00-0031345,STATHEAD_QB_STARTED_QUERY,Stage01 canonical reconciliation rank 1487,STATHEAD_UNAMBIGUOUS_SINGLE_CANDIDATE,False,CREDITED,Matthew Stafford,StafMa00,00-0026498,STATHEAD_QB_STARTED_QUERY,Stage01 canonical reconciliation rank 1501,STATHEAD_UNAMBIGUOUS_SINGLE_CANDIDATE,False,CREDITED,POSTGAME_ACTUAL_STARTER,ORACLE_STARTER_IDENTITY_ONLY,False
2022,8,REG,2022-10-30,2022_08_TEN_HOU,TEN,HOU,Malik Willis,WillMa12,00-0038128,STATHEAD_QB_STARTED_QUERY,Stage01 canonical reconciliation rank 1504,STATHEAD_UNAMBIGUOUS_SINGLE_CANDIDATE,False,CREDITED,Davis Mills,MillDa02,00-0036898,STATHEAD_QB_STARTED_QUERY,Stage01 canonical reconciliation rank 1495,STATHEAD_UNAMBIGUOUS_SINGLE_CANDIDATE,False,CREDITED,POSTGAME_ACTUAL_STARTER,ORACLE_STARTER_IDENTITY_ONLY,False
2022,8,REG,2022-10-30,2022_08_WAS_IND,WAS,IND,Taylor Heinicke,HeinTa00,00-0031800,STATHEAD_QB_STARTED_QUERY,Stage01 canonical reconciliation rank 1489,STATHEAD_UNAMBIGUOUS_SINGLE_CANDIDATE,False,CREDITED,Sam Ehlinger,EhliSa00,00-0036879,STATHEAD_QB_STARTED_QUERY,Stage01 canonical reconciliation rank 1485,STATHEAD_UNAMBIGUOUS_SINGLE_CANDIDATE,False,CREDITED,POSTGAME_ACTUAL_STARTER,ORACLE_STARTER_IDENTITY_ONLY,False
2022,9,REG,2022-11-07,2022_09_BAL_NO,BAL,NO,Lamar Jackson,JackLa00,00-0034796,STATHEAD_QB_STARTED_QUERY,Stage01 canonical reconciliation rank 1454,STATHEAD_UNAMBIGUOUS_SINGLE_CANDIDATE,False,CREDITED,Andy Dalton,DaltAn00,00-0027973,VALIDATED_MANUAL_WEB_RESEARCH,New Orleans Saints — Week 9 postgame notes/game center (2022-11-07),VALIDATED_MANUAL_WEB_EXCEPTION,False,CREDITED,POSTGAME_ACTUAL_STARTER,ORACLE_STARTER_IDENTITY_ONLY,False
2022,9,REG,2022-11-06,2022_09_BUF_NYJ,BUF,NYJ,Josh Allen,AlleJo02,00-0034857,STATHEAD_QB_STARTED_QUERY,Stage01 canonical reconciliation rank 1455,STATHEAD_UNAMBIGUOUS_SINGLE_CANDIDATE,False,CREDITED,Zach Wilson,WilsZa00,00-0037013,STATHEAD_QB_STARTED_QUERY,Stage01 canonical reconciliation rank 1476,STATHEAD_UNAMBIGUOUS_SINGLE_CANDIDATE,False,CREDITED,POSTGAME_ACTUAL_STARTER,ORACLE_STARTER_IDENTITY_ONLY,False
2022,9,REG,2022-11-06,2022_09_CAR_CIN,CAR,CIN,P.J. Walker,WalkPh00,00-0033275,STATHEAD_QB_STARTED_QUERY,Stage01 canonical reconciliation rank 1474,STATHEAD_UNAMBIGUOUS_SINGLE_CANDIDATE,False,CREDITED,Joe Burrow,BurrJo01,00-0036442,STATHEAD_QB_STARTED_QUERY,Stage01 canonical reconciliation rank 1457,STATHEAD_UNAMBIGUOUS_SINGLE_CANDIDATE,False,CREDITED,POSTGAME_ACTUAL_STARTER,ORACLE_STARTER_IDENTITY_ONLY,False
2022,9,REG,2022-11-06,2022_09_GB_DET,GB,DET,Aaron Rodgers,RodgAa00,00-0023459,STATHEAD_QB_STARTED_QUERY,Stage01 canonical reconciliation rank 1470,STATHEAD_UNAMBIGUOUS_SINGLE_CANDIDATE,False,CREDITED,Jared Goff,GoffJa00,00-0033106,STATHEAD_QB_STARTED_QUERY,Stage01 canonical reconciliation rank 1462,STATHEAD_UNAMBIGUOUS_SINGLE_CANDIDATE,False,CREDITED,POSTGAME_ACTUAL_STARTER,ORACLE_STARTER_IDENTITY_ONLY,False
2022,9,REG,2022-11-06,2022_09_IND_NE,IND,NE,Sam Ehlinger,EhliSa00,00-0036879,STATHEAD_QB_STARTED_QUERY,Stage01 canonical reconciliation rank 1460,STATHEAD_UNAMBIGUOUS_SINGLE_CANDIDATE,False,CREDITED,Mac Jones,JoneMa05,00-0036972,STATHEAD_QB_STARTED_QUERY,Stage01 canonical reconciliation rank 1465,STATHEAD_UNAMBIGUOUS_SINGLE_CANDIDATE,False,CREDITED,POSTGAME_ACTUAL_STARTER,ORACLE_STARTER_IDENTITY_ONLY,False
2022,9,REG,2022-11-06,2022_09_LAC_ATL,LAC,ATL,Justin Herbert,HerbJu00,00-0036355,STATHEAD_QB_STARTED_QUERY,Stage01 canonical reconciliation rank 1464,STATHEAD_UNAMBIGUOUS_SINGLE_CANDIDATE,False,CREDITED,Marcus Mariota,MariMa01,00-0032268,STATHEAD_QB_STARTED_QUERY,Stage01 canonical reconciliation rank 1468,STATHEAD_UNAMBIGUOUS_SINGLE_CANDIDATE,False,CREDITED,POSTGAME_ACTUAL_STARTER,ORACLE_STARTER_IDENTITY_ONLY,False
2022,9,REG,2022-11-06,2022_09_LA_TB,LAR,TB,Matthew Stafford,StafMa00,00-0026498,STATHEAD_QB_STARTED_QUERY,Stage01 canonical reconciliation rank 1472,STATHEAD_UNAMBIGUOUS_SINGLE_CANDIDATE,False,CREDITED,Tom Brady,BradTo00,00-0019596,STATHEAD_QB_STARTED_QUERY,Stage01 canonical reconciliation rank 1456,STATHEAD_UNAMBIGUOUS_SINGLE_CANDIDATE,False,CREDITED,POSTGAME_ACTUAL_STARTER,ORACLE_STARTER_IDENTITY_ONLY,False
2022,9,REG,2022-11-06,2022_09_LV_JAX,LV,JAX,Derek Carr,CarrDe02,00-0031280,STATHEAD_QB_STARTED_QUERY,Stage01 canonical reconciliation rank 1458,STATHEAD_UNAMBIGUOUS_SINGLE_CANDIDATE,False,CREDITED,Trevor Lawrence,LawrTr00,00-0036971,STATHEAD_QB_STARTED_QUERY,Stage01 canonical reconciliation rank 1466,STATHEAD_UNAMBIGUOUS_SINGLE_CANDIDATE,False,CREDITED,POSTGAME_ACTUAL_STARTER,ORACLE_STARTER_IDENTITY_ONLY,False
2022,9,REG,2022-11-06,2022_09_MIA_CHI,MIA,CHI,Tua Tagovailoa,TagoTu00,00-0036212,STATHEAD_QB_STARTED_QUERY,Stage01 canonical reconciliation rank 1473,STATHEAD_UNAMBIGUOUS_SINGLE_CANDIDATE,False,CREDITED,Justin Fields,FielJu00,00-0036945,STATHEAD_QB_STARTED_QUERY,Stage01 canonical reconciliation rank 1461,STATHEAD_UNAMBIGUOUS_SINGLE_CANDIDATE,False,CREDITED,POSTGAME_ACTUAL_STARTER,ORACLE_STARTER_IDENTITY_ONLY,False
2022,9,REG,2022-11-06,2022_09_MIN_WAS,MIN,WAS,Kirk Cousins,CousKi00,00-0029604,STATHEAD_QB_STARTED_QUERY,Stage01 canonical reconciliation rank 1459,STATHEAD_UNAMBIGUOUS_SINGLE_CANDIDATE,False,CREDITED,Taylor Heinicke,HeinTa00,00-0031800,STATHEAD_QB_STARTED_QUERY,Stage01 canonical reconciliation rank 1463,STATHEAD_UNAMBIGUOUS_SINGLE_CANDIDATE,False,CREDITED,POSTGAME_ACTUAL_STARTER,ORACLE_STARTER_IDENTITY_ONLY,False
2022,9,REG,2022-11-03,2022_09_PHI_HOU,PHI,HOU,Jalen Hurts,HurtJa00,00-0036389,STATHEAD_QB_STARTED_QUERY,Stage01 canonical reconciliation rank 1477,STATHEAD_UNAMBIGUOUS_SINGLE_CANDIDATE,False,CREDITED,Davis Mills,MillDa02,00-0036898,STATHEAD_QB_STARTED_QUERY,Stage01 canonical reconciliation rank 1478,STATHEAD_UNAMBIGUOUS_SINGLE_CANDIDATE,False,CREDITED,POSTGAME_ACTUAL_STARTER,ORACLE_STARTER_IDENTITY_ONLY,False
2022,9,REG,2022-11-06,2022_09_SEA_ARI,SEA,ARI,Geno Smith,SmitGe00,00-0030565,STATHEAD_QB_STARTED_QUERY,Stage01 canonical reconciliation rank 1471,STATHEAD_UNAMBIGUOUS_SINGLE_CANDIDATE,False,CREDITED,Kyler Murray,MurrKy00,00-0035228,STATHEAD_QB_STARTED_QUERY,Stage01 canonical reconciliation rank 1469,STATHEAD_UNAMBIGUOUS_SINGLE_CANDIDATE,False,CREDITED,POSTGAME_ACTUAL_STARTER,ORACLE_STARTER_IDENTITY_ONLY,False
2022,9,REG,2022-11-06,2022_09_TEN_KC,TEN,KC,Malik Willis,WillMa12,00-0038128,STATHEAD_QB_STARTED_QUERY,Stage01 canonical reconciliation rank 1475,STATHEAD_UNAMBIGUOUS_SINGLE_CANDIDATE,False,CREDITED,Patrick Mahomes,MahoPa00,00-0033873,STATHEAD_QB_STARTED_QUERY,Stage01 canonical reconciliation rank 1467,STATHEAD_UNAMBIGUOUS_SINGLE_CANDIDATE,False,CREDITED,POSTGAME_ACTUAL_STARTER,ORACLE_STARTER_IDENTITY_ONLY,False
2022,10,REG,2022-11-13,2022_10_ARI_LA,ARI,LAR,Colt McCoy,McCoCo00,00-0027688,STATHEAD_QB_STARTED_QUERY,Stage01 canonical reconciliation rank 1439,STATHEAD_UNAMBIGUOUS_SINGLE_CANDIDATE,False,CREDITED,John Wolford,WolfJo00,00-0034899,STATHEAD_QB_STARTED_QUERY,Stage01 canonical reconciliation rank 1449,STATHEAD_UNAMBIGUOUS_SINGLE_CANDIDATE,False,CREDITED,POSTGAME_ACTUAL_STARTER,ORACLE_STARTER_IDENTITY_ONLY,False
2022,10,REG,2022-11-10,2022_10_ATL_CAR,ATL,CAR,Marcus Mariota,MariMa01,00-0032268,STATHEAD_QB_STARTED_QUERY,Stage01 canonical reconciliation rank 1450,STATHEAD_UNAMBIGUOUS_SINGLE_CANDIDATE,False,CREDITED,P.J. Walker,WalkPh00,00-0033275,STATHEAD_QB_STARTED_QUERY,Stage01 canonical reconciliation rank 1451,STATHEAD_UNAMBIGUOUS_SINGLE_CANDIDATE,False,CREDITED,POSTGAME_ACTUAL_STARTER,ORACLE_STARTER_IDENTITY_ONLY,False
2022,10,REG,2022-11-13,2022_10_CLE_MIA,CLE,MIA,Jacoby Brissett,BrisJa00,00-0033119,STATHEAD_QB_STARTED_QUERY,Stage01 canonical reconciliation rank 1427,STATHEAD_UNAMBIGUOUS_SINGLE_CANDIDATE,False,CREDITED,Tua Tagovailoa,TagoTu00,00-0036212,STATHEAD_QB_STARTED_QUERY,Stage01 canonical reconciliation rank 1446,STATHEAD_UNAMBIGUOUS_SINGLE_CANDIDATE,False,CREDITED,POSTGAME_ACTUAL_STARTER,ORACLE_STARTER_IDENTITY_ONLY,False
2022,10,REG,2022-11-13,2022_10_DAL_GB,DAL,GB,Dak Prescott,PresDa01,00-0033077,STATHEAD_QB_STARTED_QUERY,Stage01 canonical reconciliation rank 1442,STATHEAD_UNAMBIGUOUS_SINGLE_CANDIDATE,False,CREDITED,Aaron Rodgers,RodgAa00,00-0023459,STATHEAD_QB_STARTED_QUERY,Stage01 canonical reconciliation rank 1443,STATHEAD_UNAMBIGUOUS_SINGLE_CANDIDATE,False,CREDITED,POSTGAME_ACTUAL_STARTER,ORACLE_STARTER_IDENTITY_ONLY,False
2022,10,REG,2022-11-13,2022_10_DEN_TEN,DEN,TEN,Russell Wilson,WilsRu00,00-0029263,STATHEAD_QB_STARTED_QUERY,Stage01 canonical reconciliation rank 1448,STATHEAD_UNAMBIGUOUS_SINGLE_CANDIDATE,False,CREDITED,Ryan Tannehill,TannRy00,00-0029701,STATHEAD_QB_STARTED_QUERY,Stage01 canonical reconciliation rank 1447,STATHEAD_UNAMBIGUOUS_SINGLE_CANDIDATE,False,CREDITED,POSTGAME_ACTUAL_STARTER,ORACLE_STARTER_IDENTITY_ONLY,False
2022,10,REG,2022-11-13,2022_10_DET_CHI,DET,CHI,Jared Goff,GoffJa00,00-0033106,STATHEAD_QB_STARTED_QUERY,Stage01 canonical reconciliation rank 1433,STATHEAD_UNAMBIGUOUS_SINGLE_CANDIDATE,False,CREDITED,Justin Fields,FielJu00,00-0036945,STATHEAD_QB_STARTED_QUERY,Stage01 canonical reconciliation rank 1431,STATHEAD_UNAMBIGUOUS_SINGLE_CANDIDATE,False,CREDITED,POSTGAME_ACTUAL_STARTER,ORACLE_STARTER_IDENTITY_ONLY,False
2022,10,REG,2022-11-13,2022_10_HOU_NYG,HOU,NYG,Davis Mills,MillDa02,00-0036898,STATHEAD_QB_STARTED_QUERY,Stage01 canonical reconciliation rank 1440,STATHEAD_UNAMBIGUOUS_SINGLE_CANDIDATE,False,CREDITED,Daniel Jones,JoneDa05,00-0035710,STATHEAD_QB_STARTED_QUERY,Stage01 canonical reconciliation rank 1436,STATHEAD_UNAMBIGUOUS_SINGLE_CANDIDATE,False,CREDITED,POSTGAME_ACTUAL_STARTER,ORACLE_STARTER_IDENTITY_ONLY,False
2022,10,REG,2022-11-13,2022_10_IND_LV,IND,LV,Matt Ryan,RyanMa00,00-0026143,STATHEAD_QB_STARTED_QUERY,Stage01 canonical reconciliation rank 1444,STATHEAD_UNAMBIGUOUS_SINGLE_CANDIDATE,False,CREDITED,Derek Carr,CarrDe02,00-0031280,STATHEAD_QB_STARTED_QUERY,Stage01 canonical reconciliation rank 1428,STATHEAD_UNAMBIGUOUS_SINGLE_CANDIDATE,False,CREDITED,POSTGAME_ACTUAL_STARTER,ORACLE_STARTER_IDENTITY_ONLY,False
2022,10,REG,2022-11-13,2022_10_JAX_KC,JAX,KC,Trevor Lawrence,LawrTr00,00-0036971,STATHEAD_QB_STARTED_QUERY,Stage01 canonical reconciliation rank 1437,STATHEAD_UNAMBIGUOUS_SINGLE_CANDIDATE,False,CREDITED,Patrick Mahomes,MahoPa00,00-0033873,STATHEAD_QB_STARTED_QUERY,Stage01 canonical reconciliation rank 1438,STATHEAD_UNAMBIGUOUS_SINGLE_CANDIDATE,False,CREDITED,POSTGAME_ACTUAL_STARTER,ORACLE_STARTER_IDENTITY_ONLY,False
2022,10,REG,2022-11-13,2022_10_LAC_SF,LAC,SF,Justin Herbert,HerbJu00,00-0036355,STATHEAD_QB_STARTED_QUERY,Stage01 canonical reconciliation rank 1434,STATHEAD_UNAMBIGUOUS_SINGLE_CANDIDATE,False,CREDITED,Jimmy Garoppolo,GaroJi00,00-0031345,STATHEAD_QB_STARTED_QUERY,Stage01 canonical reconciliation rank 1432,STATHEAD_UNAMBIGUOUS_SINGLE_CANDIDATE,False,CREDITED,POSTGAME_ACTUAL_STARTER,ORACLE_STARTER_IDENTITY_ONLY,False
2022,10,REG,2022-11-13,2022_10_MIN_BUF,MIN,BUF,Kirk Cousins,CousKi00,00-0029604,STATHEAD_QB_STARTED_QUERY,Stage01 canonical reconciliation rank 1429,STATHEAD_UNAMBIGUOUS_SINGLE_CANDIDATE,False,CREDITED,Josh Allen,AlleJo02,00-0034857,STATHEAD_QB_STARTED_QUERY,Stage01 canonical reconciliation rank 1425,STATHEAD_UNAMBIGUOUS_SINGLE_CANDIDATE,False,CREDITED,POSTGAME_ACTUAL_STARTER,ORACLE_STARTER_IDENTITY_ONLY,False
2022,10,REG,2022-11-13,2022_10_NO_PIT,NO,PIT,Andy Dalton,DaltAn00,00-0027973,VALIDATED_MANUAL_WEB_RESEARCH,,VALIDATED_MANUAL_WEB_EXCEPTION,False,CREDITED,Kenny Pickett,PickKe00,00-0038102,STATHEAD_QB_STARTED_QUERY,Stage01 canonical reconciliation rank 1441,STATHEAD_UNAMBIGUOUS_SINGLE_CANDIDATE,False,CREDITED,POSTGAME_ACTUAL_STARTER,ORACLE_STARTER_IDENTITY_ONLY,False
2022,10,REG,2022-11-13,2022_10_SEA_TB,SEA,TB,Geno Smith,SmitGe00,00-0030565,STATHEAD_QB_STARTED_QUERY,Stage01 canonical reconciliation rank 1445,STATHEAD_UNAMBIGUOUS_SINGLE_CANDIDATE,False,CREDITED,Tom Brady,BradTo00,00-0019596,STATHEAD_QB_STARTED_QUERY,Stage01 canonical reconciliation rank 1426,STATHEAD_UNAMBIGUOUS_SINGLE_CANDIDATE,False,CREDITED,POSTGAME_ACTUAL_STARTER,ORACLE_STARTER_IDENTITY_ONLY,False
2022,10,REG,2022-11-14,2022_10_WAS_PHI,WAS,PHI,Taylor Heinicke,HeinTa00,00-0031800,STATHEAD_QB_STARTED_QUERY,Stage01 canonical reconciliation rank 1423,STATHEAD_UNAMBIGUOUS_SINGLE_CANDIDATE,False,CREDITED,Jalen Hurts,HurtJa00,00-0036389,STATHEAD_QB_STARTED_QUERY,Stage01 canonical reconciliation rank 1424,STATHEAD_UNAMBIGUOUS_SINGLE_CANDIDATE,False,CREDITED,POSTGAME_ACTUAL_STARTER,ORACLE_STARTER_IDENTITY_ONLY,False
2022,11,REG,2022-11-20,2022_11_CAR_BAL,CAR,BAL,Baker Mayfield,MayfBa00,00-0034855,STATHEAD_QB_STARTED_QUERY,Stage01 canonical reconciliation rank 1413,STATHEAD_UNAMBIGUOUS_SINGLE_CANDIDATE,False,CREDITED,Lamar Jackson,JackLa00,00-0034796,STATHEAD_QB_STARTED_QUERY,Stage01 canonical reconciliation rank 1408,STATHEAD_UNAMBIGUOUS_SINGLE_CANDIDATE,False,CREDITED,POSTGAME_ACTUAL_STARTER,ORACLE_STARTER_IDENTITY_ONLY,False
2022,11,REG,2022-11-20,2022_11_CHI_ATL,CHI,ATL,Justin Fields,FielJu00,00-0036945,STATHEAD_QB_STARTED_QUERY,Stage01 canonical reconciliation rank 1402,STATHEAD_UNAMBIGUOUS_SINGLE_CANDIDATE,False,CREDITED,Marcus Mariota,MariMa01,00-0032268,STATHEAD_QB_STARTED_QUERY,Stage01 canonical reconciliation rank 1412,STATHEAD_UNAMBIGUOUS_SINGLE_CANDIDATE,False,CREDITED,POSTGAME_ACTUAL_STARTER,ORACLE_STARTER_IDENTITY_ONLY,False
2022,11,REG,2022-11-20,2022_11_CIN_PIT,CIN,PIT,Joe Burrow,BurrJo01,00-0036442,STATHEAD_QB_STARTED_QUERY,Stage01 canonical reconciliation rank 1398,STATHEAD_UNAMBIGUOUS_SINGLE_CANDIDATE,False,CREDITED,Kenny Pickett,PickKe00,00-0038102,STATHEAD_QB_STARTED_QUERY,Stage01 canonical reconciliation rank 1415,STATHEAD_UNAMBIGUOUS_SINGLE_CANDIDATE,False,CREDITED,POSTGAME_ACTUAL_STARTER,ORACLE_STARTER_IDENTITY_ONLY,False
2022,11,REG,2022-11-20,2022_11_CLE_BUF,CLE,BUF,Jacoby Brissett,BrisJa00,00-0033119,STATHEAD_QB_STARTED_QUERY,Stage01 canonical reconciliation rank 1397,STATHEAD_UNAMBIGUOUS_SINGLE_CANDIDATE,False,CREDITED,Josh Allen,AlleJo02,00-0034857,STATHEAD_QB_STARTED_QUERY,Stage01 canonical reconciliation rank 1396,STATHEAD_UNAMBIGUOUS_SINGLE_CANDIDATE,False,CREDITED,POSTGAME_ACTUAL_STARTER,ORACLE_STARTER_IDENTITY_ONLY,False
2022,11,REG,2022-11-20,2022_11_DAL_MIN,DAL,MIN,Dak Prescott,PresDa01,00-0033077,STATHEAD_QB_STARTED_QUERY,Stage01 canonical reconciliation rank 1416,STATHEAD_UNAMBIGUOUS_SINGLE_CANDIDATE,False,CREDITED,Kirk Cousins,CousKi00,00-0029604,STATHEAD_QB_STARTED_QUERY,Stage01 canonical reconciliation rank 1400,STATHEAD_UNAMBIGUOUS_SINGLE_CANDIDATE,False,CREDITED,POSTGAME_ACTUAL_STARTER,ORACLE_STARTER_IDENTITY_ONLY,False
2022,11,REG,2022-11-20,2022_11_DET_NYG,DET,NYG,Jared Goff,GoffJa00,00-0033106,STATHEAD_QB_STARTED_QUERY,Stage01 canonical reconciliation rank 1403,STATHEAD_UNAMBIGUOUS_SINGLE_CANDIDATE,False,CREDITED,Daniel Jones,JoneDa05,00-0035710,STATHEAD_QB_STARTED_QUERY,Stage01 canonical reconciliation rank 1409,STATHEAD_UNAMBIGUOUS_SINGLE_CANDIDATE,False,CREDITED,POSTGAME_ACTUAL_STARTER,ORACLE_STARTER_IDENTITY_ONLY,False
2022,11,REG,2022-11-20,2022_11_KC_LAC,KC,LAC,Patrick Mahomes,MahoPa00,00-0033873,STATHEAD_QB_STARTED_QUERY,Stage01 canonical reconciliation rank 1411,STATHEAD_UNAMBIGUOUS_SINGLE_CANDIDATE,False,CREDITED,Justin Herbert,HerbJu00,00-0036355,STATHEAD_QB_STARTED_QUERY,Stage01 canonical reconciliation rank 1405,STATHEAD_UNAMBIGUOUS_SINGLE_CANDIDATE,False,CREDITED,POSTGAME_ACTUAL_STARTER,ORACLE_STARTER_IDENTITY_ONLY,False
2022,11,REG,2022-11-20,2022_11_LA_NO,LAR,NO,Matthew Stafford,StafMa00,00-0026498,STATHEAD_QB_STARTED_QUERY,Stage01 canonical reconciliation rank 1418,STATHEAD_UNAMBIGUOUS_SINGLE_CANDIDATE,False,CREDITED,Andy Dalton,DaltAn00,00-0027973,VALIDATED_MANUAL_WEB_RESEARCH,New Orleans Saints — Week 11 game notes/recap (2022-11-20),VALIDATED_MANUAL_WEB_EXCEPTION,False,CREDITED,POSTGAME_ACTUAL_STARTER,ORACLE_STARTER_IDENTITY_ONLY,False
2022,11,REG,2022-11-20,2022_11_LV_DEN,LV,DEN,Derek Carr,CarrDe02,00-0031280,STATHEAD_QB_STARTED_QUERY,Stage01 canonical reconciliation rank 1399,STATHEAD_UNAMBIGUOUS_SINGLE_CANDIDATE,False,CREDITED,Russell Wilson,WilsRu00,00-0029263,STATHEAD_QB_STARTED_QUERY,Stage01 canonical reconciliation rank 1419,STATHEAD_UNAMBIGUOUS_SINGLE_CANDIDATE,False,CREDITED,POSTGAME_ACTUAL_STARTER,ORACLE_STARTER_IDENTITY_ONLY,False
2022,11,REG,2022-11-20,2022_11_NYJ_NE,NYJ,NE,Zach Wilson,WilsZa00,00-0037013,STATHEAD_QB_STARTED_QUERY,Stage01 canonical reconciliation rank 1420,STATHEAD_UNAMBIGUOUS_SINGLE_CANDIDATE,False,CREDITED,Mac Jones,JoneMa05,00-0036972,STATHEAD_QB_STARTED_QUERY,Stage01 canonical reconciliation rank 1410,STATHEAD_UNAMBIGUOUS_SINGLE_CANDIDATE,False,CREDITED,POSTGAME_ACTUAL_STARTER,ORACLE_STARTER_IDENTITY_ONLY,False
2022,11,REG,2022-11-20,2022_11_PHI_IND,PHI,IND,Jalen Hurts,HurtJa00,00-0036389,STATHEAD_QB_STARTED_QUERY,Stage01 canonical reconciliation rank 1407,STATHEAD_UNAMBIGUOUS_SINGLE_CANDIDATE,False,CREDITED,Matt Ryan,RyanMa00,00-0026143,STATHEAD_QB_STARTED_QUERY,Stage01 canonical reconciliation rank 1417,STATHEAD_UNAMBIGUOUS_SINGLE_CANDIDATE,False,CREDITED,POSTGAME_ACTUAL_STARTER,ORACLE_STARTER_IDENTITY_ONLY,False
2022,11,REG,2022-11-21,2022_11_SF_ARI,SF,ARI,Jimmy Garoppolo,GaroJi00,00-0031345,STATHEAD_QB_STARTED_QUERY,Stage01 canonical reconciliation rank 1394,STATHEAD_UNAMBIGUOUS_SINGLE_CANDIDATE,False,CREDITED,Colt McCoy,McCoCo00,00-0027688,STATHEAD_QB_STARTED_QUERY,Stage01 canonical reconciliation rank 1395,STATHEAD_UNAMBIGUOUS_SINGLE_CANDIDATE,False,CREDITED,POSTGAME_ACTUAL_STARTER,ORACLE_STARTER_IDENTITY_ONLY,False
2022,11,REG,2022-11-17,2022_11_TEN_GB,TEN,GB,Ryan Tannehill,TannRy00,00-0029701,STATHEAD_QB_STARTED_QUERY,Stage01 canonical reconciliation rank 1422,STATHEAD_UNAMBIGUOUS_SINGLE_CANDIDATE,False,CREDITED,Aaron Rodgers,RodgAa00,00-0023459,STATHEAD_QB_STARTED_QUERY,Stage01 canonical reconciliation rank 1421,STATHEAD_UNAMBIGUOUS_SINGLE_CANDIDATE,False,CREDITED,POSTGAME_ACTUAL_STARTER,ORACLE_STARTER_IDENTITY_ONLY,False
2022,11,REG,2022-11-20,2022_11_WAS_HOU,WAS,HOU,Taylor Heinicke,HeinTa00,00-0031800,STATHEAD_QB_STARTED_QUERY,Stage01 canonical reconciliation rank 1404,STATHEAD_UNAMBIGUOUS_SINGLE_CANDIDATE,False,CREDITED,Davis Mills,MillDa02,00-0036898,STATHEAD_QB_STARTED_QUERY,Stage01 canonical reconciliation rank 1414,STATHEAD_UNAMBIGUOUS_SINGLE_CANDIDATE,False,CREDITED,POSTGAME_ACTUAL_STARTER,ORACLE_STARTER_IDENTITY_ONLY,False
2022,12,REG,2022-11-27,2022_12_ATL_WAS,ATL,WAS,Marcus Mariota,MariMa01,00-0032268,STATHEAD_QB_STARTED_QUERY,Stage01 canonical reconciliation rank 1378,STATHEAD_UNAMBIGUOUS_SINGLE_CANDIDATE,False,CREDITED,Taylor Heinicke,HeinTa00,00-0031800,STATHEAD_QB_STARTED_QUERY,Stage01 canonical reconciliation rank 1371,STATHEAD_UNAMBIGUOUS_SINGLE_CANDIDATE,False,CREDITED,POSTGAME_ACTUAL_STARTER,ORACLE_STARTER_IDENTITY_ONLY,False
2022,12,REG,2022-11-27,2022_12_BAL_JAX,BAL,JAX,Lamar Jackson,JackLa00,00-0034796,STATHEAD_QB_STARTED_QUERY,Stage01 canonical reconciliation rank 1375,STATHEAD_UNAMBIGUOUS_SINGLE_CANDIDATE,False,CREDITED,Trevor Lawrence,LawrTr00,00-0036971,STATHEAD_QB_STARTED_QUERY,Stage01 canonical reconciliation rank 1376,STATHEAD_UNAMBIGUOUS_SINGLE_CANDIDATE,False,CREDITED,POSTGAME_ACTUAL_STARTER,ORACLE_STARTER_IDENTITY_ONLY,False
2022,12,REG,2022-11-24,2022_12_BUF_DET,BUF,DET,Josh Allen,AlleJo02,00-0034857,STATHEAD_QB_STARTED_QUERY,Stage01 canonical reconciliation rank 1388,STATHEAD_UNAMBIGUOUS_SINGLE_CANDIDATE,False,CREDITED,Jared Goff,GoffJa00,00-0033106,STATHEAD_QB_STARTED_QUERY,Stage01 canonical reconciliation rank 1390,STATHEAD_UNAMBIGUOUS_SINGLE_CANDIDATE,False,CREDITED,POSTGAME_ACTUAL_STARTER,ORACLE_STARTER_IDENTITY_ONLY,False
2022,12,REG,2022-11-27,2022_12_CHI_NYJ,CHI,NYJ,Trevor Siemian,SiemTr00,00-0032156,STATHEAD_QB_STARTED_QUERY,Stage01 canonical reconciliation rank 1382,STATHEAD_UNAMBIGUOUS_SINGLE_CANDIDATE,False,CREDITED,Mike White,WhitMi01,00-0034401,STATHEAD_QB_STARTED_QUERY,Stage01 canonical reconciliation rank 1386,STATHEAD_UNAMBIGUOUS_SINGLE_CANDIDATE,False,CREDITED,POSTGAME_ACTUAL_STARTER,ORACLE_STARTER_IDENTITY_ONLY,False
2022,12,REG,2022-11-27,2022_12_CIN_TEN,CIN,TEN,Joe Burrow,BurrJo01,00-0036442,STATHEAD_QB_STARTED_QUERY,Stage01 canonical reconciliation rank 1366,STATHEAD_UNAMBIGUOUS_SINGLE_CANDIDATE,False,CREDITED,Ryan Tannehill,TannRy00,00-0029701,STATHEAD_QB_STARTED_QUERY,Stage01 canonical reconciliation rank 1385,STATHEAD_UNAMBIGUOUS_SINGLE_CANDIDATE,False,CREDITED,POSTGAME_ACTUAL_STARTER,ORACLE_STARTER_IDENTITY_ONLY,False
2022,12,REG,2022-11-27,2022_12_DEN_CAR,DEN,CAR,Russell Wilson,WilsRu00,00-0029263,STATHEAD_QB_STARTED_QUERY,Stage01 canonical reconciliation rank 1387,STATHEAD_UNAMBIGUOUS_SINGLE_CANDIDATE,False,CREDITED,Sam Darnold,DarnSa00,00-0034869,STATHEAD_QB_STARTED_QUERY,Stage01 canonical reconciliation rank 1369,STATHEAD_UNAMBIGUOUS_SINGLE_CANDIDATE,False,CREDITED,POSTGAME_ACTUAL_STARTER,ORACLE_STARTER_IDENTITY_ONLY,False
2022,12,REG,2022-11-27,2022_12_GB_PHI,GB,PHI,Aaron Rodgers,RodgAa00,00-0023459,STATHEAD_QB_STARTED_QUERY,Stage01 canonical reconciliation rank 1381,STATHEAD_UNAMBIGUOUS_SINGLE_CANDIDATE,False,CREDITED,Jalen Hurts,HurtJa00,00-0036389,STATHEAD_QB_STARTED_QUERY,Stage01 canonical reconciliation rank 1374,STATHEAD_UNAMBIGUOUS_SINGLE_CANDIDATE,False,CREDITED,POSTGAME_ACTUAL_STARTER,ORACLE_STARTER_IDENTITY_ONLY,False
2022,12,REG,2022-11-27,2022_12_HOU_MIA,HOU,MIA,Kyle Allen,AlleKy00,00-0034577,STATHEAD_QB_STARTED_QUERY,Stage01 canonical reconciliation rank 1363,STATHEAD_UNAMBIGUOUS_SINGLE_CANDIDATE,False,CREDITED,Tua Tagovailoa,TagoTu00,00-0036212,STATHEAD_QB_STARTED_QUERY,Stage01 canonical reconciliation rank 1384,STATHEAD_UNAMBIGUOUS_SINGLE_CANDIDATE,False,CREDITED,POSTGAME_ACTUAL_STARTER,ORACLE_STARTER_IDENTITY_ONLY,False
2022,12,REG,2022-11-27,2022_12_LAC_ARI,LAC,ARI,Justin Herbert,HerbJu00,00-0036355,STATHEAD_QB_STARTED_QUERY,Stage01 canonical reconciliation rank 1372,STATHEAD_UNAMBIGUOUS_SINGLE_CANDIDATE,False,CREDITED,Kyler Murray,MurrKy00,00-0035228,STATHEAD_QB_STARTED_QUERY,Stage01 canonical reconciliation rank 1379,STATHEAD_UNAMBIGUOUS_SINGLE_CANDIDATE,False,CREDITED,POSTGAME_ACTUAL_STARTER,ORACLE_STARTER_IDENTITY_ONLY,False
2022,12,REG,2022-11-27,2022_12_LA_KC,LAR,KC,Bryce Perkins,PerkBr02,00-0035939,STATHEAD_QB_STARTED_QUERY,Stage01 canonical reconciliation rank 1380,STATHEAD_UNAMBIGUOUS_SINGLE_CANDIDATE,False,CREDITED,Patrick Mahomes,MahoPa00,00-0033873,STATHEAD_QB_STARTED_QUERY,Stage01 canonical reconciliation rank 1377,STATHEAD_UNAMBIGUOUS_SINGLE_CANDIDATE,False,CREDITED,POSTGAME_ACTUAL_STARTER,ORACLE_STARTER_IDENTITY_ONLY,False
2022,12,REG,2022-11-27,2022_12_LV_SEA,LV,SEA,Derek Carr,CarrDe02,00-0031280,STATHEAD_QB_STARTED_QUERY,Stage01 canonical reconciliation rank 1367,STATHEAD_UNAMBIGUOUS_SINGLE_CANDIDATE,False,CREDITED,Geno Smith,SmitGe00,00-0030565,STATHEAD_QB_STARTED_QUERY,Stage01 canonical reconciliation rank 1383,STATHEAD_UNAMBIGUOUS_SINGLE_CANDIDATE,False,CREDITED,POSTGAME_ACTUAL_STARTER,ORACLE_STARTER_IDENTITY_ONLY,False
2022,12,REG,2022-11-24,2022_12_NE_MIN,NE,MIN,Mac Jones,JoneMa05,00-0036972,STATHEAD_QB_STARTED_QUERY,Stage01 canonical reconciliation rank 1392,STATHEAD_UNAMBIGUOUS_SINGLE_CANDIDATE,False,CREDITED,Kirk Cousins,CousKi00,00-0029604,STATHEAD_QB_STARTED_QUERY,Stage01 canonical reconciliation rank 1389,STATHEAD_UNAMBIGUOUS_SINGLE_CANDIDATE,False,CREDITED,POSTGAME_ACTUAL_STARTER,ORACLE_STARTER_IDENTITY_ONLY,False
2022,12,REG,2022-11-27,2022_12_NO_SF,NO,SF,Andy Dalton,DaltAn00,00-0027973,VALIDATED_MANUAL_WEB_RESEARCH,,VALIDATED_MANUAL_WEB_EXCEPTION,False,CREDITED,Jimmy Garoppolo,GaroJi00,00-0031345,STATHEAD_QB_STARTED_QUERY,Stage01 canonical reconciliation rank 1370,STATHEAD_UNAMBIGUOUS_SINGLE_CANDIDATE,False,CREDITED,POSTGAME_ACTUAL_STARTER,ORACLE_STARTER_IDENTITY_ONLY,False
2022,12,REG,2022-11-24,2022_12_NYG_DAL,NYG,DAL,Daniel Jones,JoneDa05,00-0035710,STATHEAD_QB_STARTED_QUERY,Stage01 canonical reconciliation rank 1391,STATHEAD_UNAMBIGUOUS_SINGLE_CANDIDATE,False,CREDITED,Dak Prescott,PresDa01,00-0033077,STATHEAD_QB_STARTED_QUERY,Stage01 canonical reconciliation rank 1393,STATHEAD_UNAMBIGUOUS_SINGLE_CANDIDATE,False,CREDITED,POSTGAME_ACTUAL_STARTER,ORACLE_STARTER_IDENTITY_ONLY,False
2022,12,REG,2022-11-28,2022_12_PIT_IND,PIT,IND,Kenny Pickett,PickKe00,00-0038102,STATHEAD_QB_STARTED_QUERY,Stage01 canonical reconciliation rank 1361,STATHEAD_UNAMBIGUOUS_SINGLE_CANDIDATE,False,CREDITED,Matt Ryan,RyanMa00,00-0026143,STATHEAD_QB_STARTED_QUERY,Stage01 canonical reconciliation rank 1362,STATHEAD_UNAMBIGUOUS_SINGLE_CANDIDATE,False,CREDITED,POSTGAME_ACTUAL_STARTER,ORACLE_STARTER_IDENTITY_ONLY,False
2022,12,REG,2022-11-27,2022_12_TB_CLE,TB,CLE,Tom Brady,BradTo00,00-0019596,STATHEAD_QB_STARTED_QUERY,Stage01 canonical reconciliation rank 1364,STATHEAD_UNAMBIGUOUS_SINGLE_CANDIDATE,False,CREDITED,Jacoby Brissett,BrisJa00,00-0033119,STATHEAD_QB_STARTED_QUERY,Stage01 canonical reconciliation rank 1365,STATHEAD_UNAMBIGUOUS_SINGLE_CANDIDATE,False,CREDITED,POSTGAME_ACTUAL_STARTER,ORACLE_STARTER_IDENTITY_ONLY,False
2022,13,REG,2022-12-01,2022_13_BUF_NE,BUF,NE,Josh Allen,AlleJo02,00-0034857,STATHEAD_QB_STARTED_QUERY,Stage01 canonical reconciliation rank 1359,STATHEAD_UNAMBIGUOUS_SINGLE_CANDIDATE,False,CREDITED,Mac Jones,JoneMa05,00-0036972,STATHEAD_QB_STARTED_QUERY,Stage01 canonical reconciliation rank 1360,STATHEAD_UNAMBIGUOUS_SINGLE_CANDIDATE,False,CREDITED,POSTGAME_ACTUAL_STARTER,ORACLE_STARTER_IDENTITY_ONLY,False
2022,13,REG,2022-12-04,2022_13_CLE_HOU,CLE,HOU,Deshaun Watson,WatsDe00,00-0033537,STATHEAD_QB_STARTED_QUERY,Stage01 canonical reconciliation rank 1355,STATHEAD_UNAMBIGUOUS_SINGLE_CANDIDATE,False,CREDITED,Kyle Allen,AlleKy00,00-0034577,STATHEAD_QB_STARTED_QUERY,Stage01 canonical reconciliation rank 1333,STATHEAD_UNAMBIGUOUS_SINGLE_CANDIDATE,False,CREDITED,POSTGAME_ACTUAL_STARTER,ORACLE_STARTER_IDENTITY_ONLY,False
2022,13,REG,2022-12-04,2022_13_DEN_BAL,DEN,BAL,Russell Wilson,WilsRu00,00-0029263,STATHEAD_QB_STARTED_QUERY,Stage01 canonical reconciliation rank 1357,STATHEAD_UNAMBIGUOUS_SINGLE_CANDIDATE,False,CREDITED,Lamar Jackson,JackLa00,00-0034796,STATHEAD_QB_STARTED_QUERY,Stage01 canonical reconciliation rank 1343,STATHEAD_UNAMBIGUOUS_SINGLE_CANDIDATE,False,CREDITED,POSTGAME_ACTUAL_STARTER,ORACLE_STARTER_IDENTITY_ONLY,False
2022,13,REG,2022-12-04,2022_13_GB_CHI,GB,CHI,Aaron Rodgers,RodgAa00,00-0023459,STATHEAD_QB_STARTED_QUERY,Stage01 canonical reconciliation rank 1350,STATHEAD_UNAMBIGUOUS_SINGLE_CANDIDATE,False,CREDITED,Justin Fields,FielJu00,00-0036945,STATHEAD_QB_STARTED_QUERY,Stage01 canonical reconciliation rank 1337,STATHEAD_UNAMBIGUOUS_SINGLE_CANDIDATE,False,CREDITED,POSTGAME_ACTUAL_STARTER,ORACLE_STARTER_IDENTITY_ONLY,False
2022,13,REG,2022-12-04,2022_13_IND_DAL,IND,DAL,Matt Ryan,RyanMa00,00-0026143,STATHEAD_QB_STARTED_QUERY,Stage01 canonical reconciliation rank 1351,STATHEAD_UNAMBIGUOUS_SINGLE_CANDIDATE,False,CREDITED,Dak Prescott,PresDa01,00-0033077,STATHEAD_QB_STARTED_QUERY,Stage01 canonical reconciliation rank 1349,STATHEAD_UNAMBIGUOUS_SINGLE_CANDIDATE,False,CREDITED,POSTGAME_ACTUAL_STARTER,ORACLE_STARTER_IDENTITY_ONLY,False
2022,13,REG,2022-12-04,2022_13_JAX_DET,JAX,DET,Trevor Lawrence,LawrTr00,00-0036971,STATHEAD_QB_STARTED_QUERY,Stage01 canonical reconciliation rank 1345,STATHEAD_UNAMBIGUOUS_SINGLE_CANDIDATE,False,CREDITED,Jared Goff,GoffJa00,00-0033106,STATHEAD_QB_STARTED_QUERY,Stage01 canonical reconciliation rank 1339,STATHEAD_UNAMBIGUOUS_SINGLE_CANDIDATE,False,CREDITED,POSTGAME_ACTUAL_STARTER,ORACLE_STARTER_IDENTITY_ONLY,False
2022,13,REG,2022-12-04,2022_13_KC_CIN,KC,CIN,Patrick Mahomes,MahoPa00,00-0033873,STATHEAD_QB_STARTED_QUERY,Stage01 canonical reconciliation rank 1346,STATHEAD_UNAMBIGUOUS_SINGLE_CANDIDATE,False,CREDITED,Joe Burrow,BurrJo01,00-0036442,STATHEAD_QB_STARTED_QUERY,Stage01 canonical reconciliation rank 1334,STATHEAD_UNAMBIGUOUS_SINGLE_CANDIDATE,False,CREDITED,POSTGAME_ACTUAL_STARTER,ORACLE_STARTER_IDENTITY_ONLY,False
2022,13,REG,2022-12-04,2022_13_LAC_LV,LAC,LV,Justin Herbert,HerbJu00,00-0036355,STATHEAD_QB_STARTED_QUERY,Stage01 canonical reconciliation rank 1341,STATHEAD_UNAMBIGUOUS_SINGLE_CANDIDATE,False,CREDITED,Derek Carr,CarrDe02,00-0031280,STATHEAD_QB_STARTED_QUERY,Stage01 canonical reconciliation rank 1335,STATHEAD_UNAMBIGUOUS_SINGLE_CANDIDATE,False,CREDITED,POSTGAME_ACTUAL_STARTER,ORACLE_STARTER_IDENTITY_ONLY,False
2022,13,REG,2022-12-04,2022_13_MIA_SF,MIA,SF,Tua Tagovailoa,TagoTu00,00-0036212,STATHEAD_QB_STARTED_QUERY,Stage01 canonical reconciliation rank 1353,STATHEAD_UNAMBIGUOUS_SINGLE_CANDIDATE,False,CREDITED,Jimmy Garoppolo,GaroJi00,00-0031345,STATHEAD_QB_STARTED_QUERY,Stage01 canonical reconciliation rank 1338,STATHEAD_UNAMBIGUOUS_SINGLE_CANDIDATE,False,CREDITED,POSTGAME_ACTUAL_STARTER,ORACLE_STARTER_IDENTITY_ONLY,False
2022,13,REG,2022-12-05,2022_13_NO_TB,NO,TB,Andy Dalton,DaltAn00,00-0027973,VALIDATED_MANUAL_WEB_RESEARCH,,VALIDATED_MANUAL_WEB_EXCEPTION,False,CREDITED,Tom Brady,BradTo00,00-0019596,STATHEAD_QB_STARTED_QUERY,Stage01 canonical reconciliation rank 1330,STATHEAD_UNAMBIGUOUS_SINGLE_CANDIDATE,False,CREDITED,POSTGAME_ACTUAL_STARTER,ORACLE_STARTER_IDENTITY_ONLY,False
2022,13,REG,2022-12-04,2022_13_NYJ_MIN,NYJ,MIN,Mike White,WhitMi01,00-0034401,STATHEAD_QB_STARTED_QUERY,Stage01 canonical reconciliation rank 1356,STATHEAD_UNAMBIGUOUS_SINGLE_CANDIDATE,False,CREDITED,Kirk Cousins,CousKi00,00-0029604,STATHEAD_QB_STARTED_QUERY,Stage01 canonical reconciliation rank 1336,STATHEAD_UNAMBIGUOUS_SINGLE_CANDIDATE,False,CREDITED,POSTGAME_ACTUAL_STARTER,ORACLE_STARTER_IDENTITY_ONLY,False
2022,13,REG,2022-12-04,2022_13_PIT_ATL,PIT,ATL,Kenny Pickett,PickKe00,00-0038102,STATHEAD_QB_STARTED_QUERY,Stage01 canonical reconciliation rank 1348,STATHEAD_UNAMBIGUOUS_SINGLE_CANDIDATE,False,CREDITED,Marcus Mariota,MariMa01,00-0032268,STATHEAD_QB_STARTED_QUERY,Stage01 canonical reconciliation rank 1347,STATHEAD_UNAMBIGUOUS_SINGLE_CANDIDATE,False,CREDITED,POSTGAME_ACTUAL_STARTER,ORACLE_STARTER_IDENTITY_ONLY,False
2022,13,REG,2022-12-04,2022_13_SEA_LA,SEA,LAR,Geno Smith,SmitGe00,00-0030565,STATHEAD_QB_STARTED_QUERY,Stage01 canonical reconciliation rank 1352,STATHEAD_UNAMBIGUOUS_SINGLE_CANDIDATE,False,CREDITED,John Wolford,WolfJo00,00-0034899,STATHEAD_QB_STARTED_QUERY,Stage01 canonical reconciliation rank 1358,STATHEAD_UNAMBIGUOUS_SINGLE_CANDIDATE,False,CREDITED,POSTGAME_ACTUAL_STARTER,ORACLE_STARTER_IDENTITY_ONLY,False
2022,13,REG,2022-12-04,2022_13_TEN_PHI,TEN,PHI,Ryan Tannehill,TannRy00,00-0029701,STATHEAD_QB_STARTED_QUERY,Stage01 canonical reconciliation rank 1354,STATHEAD_UNAMBIGUOUS_SINGLE_CANDIDATE,False,CREDITED,Jalen Hurts,HurtJa00,00-0036389,STATHEAD_QB_STARTED_QUERY,Stage01 canonical reconciliation rank 1342,STATHEAD_UNAMBIGUOUS_SINGLE_CANDIDATE,False,CREDITED,POSTGAME_ACTUAL_STARTER,ORACLE_STARTER_IDENTITY_ONLY,False
2022,13,REG,2022-12-04,2022_13_WAS_NYG,WAS,NYG,Taylor Heinicke,HeinTa00,00-0031800,STATHEAD_QB_STARTED_QUERY,Stage01 canonical reconciliation rank 1340,STATHEAD_UNAMBIGUOUS_SINGLE_CANDIDATE,False,CREDITED,Daniel Jones,JoneDa05,00-0035710,STATHEAD_QB_STARTED_QUERY,Stage01 canonical reconciliation rank 1344,STATHEAD_UNAMBIGUOUS_SINGLE_CANDIDATE,False,CREDITED,POSTGAME_ACTUAL_STARTER,ORACLE_STARTER_IDENTITY_ONLY,False
2022,14,REG,2022-12-11,2022_14_BAL_PIT,BAL,PIT,Tyler Huntley,HuntTy01,00-0035993,STATHEAD_QB_STARTED_QUERY,Stage01 canonical reconciliation rank 1313,STATHEAD_UNAMBIGUOUS_SINGLE_CANDIDATE,False,CREDITED,Kenny Pickett,PickKe00,00-0038102,STATHEAD_QB_STARTED_QUERY,Stage01 canonical reconciliation rank 1319,STATHEAD_UNAMBIGUOUS_SINGLE_CANDIDATE,False,CREDITED,POSTGAME_ACTUAL_STARTER,ORACLE_STARTER_IDENTITY_ONLY,False
2022,14,REG,2022-12-11,2022_14_CAR_SEA,CAR,SEA,Sam Darnold,DarnSa00,00-0034869,STATHEAD_QB_STARTED_QUERY,Stage01 canonical reconciliation rank 1310,STATHEAD_UNAMBIGUOUS_SINGLE_CANDIDATE,False,CREDITED,Geno Smith,SmitGe00,00-0030565,STATHEAD_QB_STARTED_QUERY,Stage01 canonical reconciliation rank 1322,STATHEAD_UNAMBIGUOUS_SINGLE_CANDIDATE,False,CREDITED,POSTGAME_ACTUAL_STARTER,ORACLE_STARTER_IDENTITY_ONLY,False
2022,14,REG,2022-12-11,2022_14_CLE_CIN,CLE,CIN,Deshaun Watson,WatsDe00,00-0033537,STATHEAD_QB_STARTED_QUERY,Stage01 canonical reconciliation rank 1325,STATHEAD_UNAMBIGUOUS_SINGLE_CANDIDATE,False,CREDITED,Joe Burrow,BurrJo01,00-0036442,STATHEAD_QB_STARTED_QUERY,Stage01 canonical reconciliation rank 1308,STATHEAD_UNAMBIGUOUS_SINGLE_CANDIDATE,False,CREDITED,POSTGAME_ACTUAL_STARTER,ORACLE_STARTER_IDENTITY_ONLY,False
2022,14,REG,2022-12-11,2022_14_HOU_DAL,HOU,DAL,Davis Mills,MillDa02,00-0036898,STATHEAD_QB_STARTED_QUERY,Stage01 canonical reconciliation rank 1318,STATHEAD_UNAMBIGUOUS_SINGLE_CANDIDATE,False,CREDITED,Dak Prescott,PresDa01,00-0033077,STATHEAD_QB_STARTED_QUERY,Stage01 canonical reconciliation rank 1320,STATHEAD_UNAMBIGUOUS_SINGLE_CANDIDATE,False,CREDITED,POSTGAME_ACTUAL_STARTER,ORACLE_STARTER_IDENTITY_ONLY,False
2022,14,REG,2022-12-11,2022_14_JAX_TEN,JAX,TEN,Trevor Lawrence,LawrTr00,00-0036971,STATHEAD_QB_STARTED_QUERY,Stage01 canonical reconciliation rank 1316,STATHEAD_UNAMBIGUOUS_SINGLE_CANDIDATE,False,CREDITED,Ryan Tannehill,TannRy00,00-0029701,STATHEAD_QB_STARTED_QUERY,Stage01 canonical reconciliation rank 1324,STATHEAD_UNAMBIGUOUS_SINGLE_CANDIDATE,False,CREDITED,POSTGAME_ACTUAL_STARTER,ORACLE_STARTER_IDENTITY_ONLY,False
2022,14,REG,2022-12-11,2022_14_KC_DEN,KC,DEN,Patrick Mahomes,MahoPa00,00-0033873,STATHEAD_QB_STARTED_QUERY,Stage01 canonical reconciliation rank 1317,STATHEAD_UNAMBIGUOUS_SINGLE_CANDIDATE,False,CREDITED,Russell Wilson,WilsRu00,00-0029263,STATHEAD_QB_STARTED_QUERY,Stage01 canonical reconciliation rank 1327,STATHEAD_UNAMBIGUOUS_SINGLE_CANDIDATE,False,CREDITED,POSTGAME_ACTUAL_STARTER,ORACLE_STARTER_IDENTITY_ONLY,False
2022,14,REG,2022-12-08,2022_14_LV_LA,LV,LAR,Derek Carr,CarrDe02,00-0031280,STATHEAD_QB_STARTED_QUERY,Stage01 canonical reconciliation rank 1328,STATHEAD_UNAMBIGUOUS_SINGLE_CANDIDATE,False,CREDITED,John Wolford,WolfJo00,00-0034899,STATHEAD_QB_STARTED_QUERY,Stage01 canonical reconciliation rank 1329,STATHEAD_UNAMBIGUOUS_SINGLE_CANDIDATE,False,CREDITED,POSTGAME_ACTUAL_STARTER,ORACLE_STARTER_IDENTITY_ONLY,False
2022,14,REG,2022-12-11,2022_14_MIA_LAC,MIA,LAC,Tua Tagovailoa,TagoTu00,00-0036212,STATHEAD_QB_STARTED_QUERY,Stage01 canonical reconciliation rank 1323,STATHEAD_UNAMBIGUOUS_SINGLE_CANDIDATE,False,CREDITED,Justin Herbert,HerbJu00,00-0036355,STATHEAD_QB_STARTED_QUERY,Stage01 canonical reconciliation rank 1312,STATHEAD_UNAMBIGUOUS_SINGLE_CANDIDATE,False,CREDITED,POSTGAME_ACTUAL_STARTER,ORACLE_STARTER_IDENTITY_ONLY,False
2022,14,REG,2022-12-11,2022_14_MIN_DET,MIN,DET,Kirk Cousins,CousKi00,00-0029604,STATHEAD_QB_STARTED_QUERY,Stage01 canonical reconciliation rank 1309,STATHEAD_UNAMBIGUOUS_SINGLE_CANDIDATE,False,CREDITED,Jared Goff,GoffJa00,00-0033106,STATHEAD_QB_STARTED_QUERY,Stage01 canonical reconciliation rank 1311,STATHEAD_UNAMBIGUOUS_SINGLE_CANDIDATE,False,CREDITED,POSTGAME_ACTUAL_STARTER,ORACLE_STARTER_IDENTITY_ONLY,False
2022,14,REG,2022-12-12,2022_14_NE_ARI,NE,ARI,Mac Jones,JoneMa05,00-0036972,STATHEAD_QB_STARTED_QUERY,Stage01 canonical reconciliation rank 1304,STATHEAD_UNAMBIGUOUS_SINGLE_CANDIDATE,False,CREDITED,Kyler Murray,MurrKy00,00-0035228,STATHEAD_QB_STARTED_QUERY,Stage01 canonical reconciliation rank 1305,STATHEAD_UNAMBIGUOUS_SINGLE_CANDIDATE,False,CREDITED,POSTGAME_ACTUAL_STARTER,ORACLE_STARTER_IDENTITY_ONLY,False
2022,14,REG,2022-12-11,2022_14_NYJ_BUF,NYJ,BUF,Mike White,WhitMi01,00-0034401,STATHEAD_QB_STARTED_QUERY,Stage01 canonical reconciliation rank 1326,STATHEAD_UNAMBIGUOUS_SINGLE_CANDIDATE,False,CREDITED,Josh Allen,AlleJo02,00-0034857,STATHEAD_QB_STARTED_QUERY,Stage01 canonical reconciliation rank 1306,STATHEAD_UNAMBIGUOUS_SINGLE_CANDIDATE,False,CREDITED,POSTGAME_ACTUAL_STARTER,ORACLE_STARTER_IDENTITY_ONLY,False
2022,14,REG,2022-12-11,2022_14_PHI_NYG,PHI,NYG,Jalen Hurts,HurtJa00,00-0036389,STATHEAD_QB_STARTED_QUERY,Stage01 canonical reconciliation rank 1314,STATHEAD_UNAMBIGUOUS_SINGLE_CANDIDATE,False,CREDITED,Daniel Jones,JoneDa05,00-0035710,STATHEAD_QB_STARTED_QUERY,Stage01 canonical reconciliation rank 1315,STATHEAD_UNAMBIGUOUS_SINGLE_CANDIDATE,False,CREDITED,POSTGAME_ACTUAL_STARTER,ORACLE_STARTER_IDENTITY_ONLY,False
2022,14,REG,2022-12-11,2022_14_TB_SF,TB,SF,Tom Brady,BradTo00,00-0019596,STATHEAD_QB_STARTED_QUERY,Stage01 canonical reconciliation rank 1307,STATHEAD_UNAMBIGUOUS_SINGLE_CANDIDATE,False,CREDITED,Brock Purdy,PurdBr00,00-0037834,STATHEAD_QB_STARTED_QUERY,Stage01 canonical reconciliation rank 1321,STATHEAD_UNAMBIGUOUS_SINGLE_CANDIDATE,False,CREDITED,POSTGAME_ACTUAL_STARTER,ORACLE_STARTER_IDENTITY_ONLY,False
2022,15,REG,2022-12-18,2022_15_ARI_DEN,ARI,DEN,Colt McCoy,McCoCo00,00-0027688,STATHEAD_QB_STARTED_QUERY,Stage01 canonical reconciliation rank 1288,STATHEAD_UNAMBIGUOUS_SINGLE_CANDIDATE,False,CREDITED,Brett Rypien,RypiBr00,00-0034955,STATHEAD_QB_STARTED_QUERY,Stage01 canonical reconciliation rank 1292,STATHEAD_UNAMBIGUOUS_SINGLE_CANDIDATE,False,CREDITED,POSTGAME_ACTUAL_STARTER,ORACLE_STARTER_IDENTITY_ONLY,False
2022,15,REG,2022-12-18,2022_15_ATL_NO,ATL,NO,Desmond Ridder,RiddDe00,00-0038122,STATHEAD_QB_STARTED_QUERY,Stage01 canonical reconciliation rank 1291,STATHEAD_UNAMBIGUOUS_SINGLE_CANDIDATE,False,CREDITED,Andy Dalton,DaltAn00,00-0027973,VALIDATED_MANUAL_WEB_RESEARCH,,VALIDATED_MANUAL_WEB_EXCEPTION,False,CREDITED,POSTGAME_ACTUAL_STARTER,ORACLE_STARTER_IDENTITY_ONLY,False
2022,15,REG,2022-12-17,2022_15_BAL_CLE,BAL,CLE,Tyler Huntley,HuntTy01,00-0035993,STATHEAD_QB_STARTED_QUERY,Stage01 canonical reconciliation rank 1298,STATHEAD_UNAMBIGUOUS_SINGLE_CANDIDATE,False,CREDITED,Deshaun Watson,WatsDe00,00-0033537,STATHEAD_QB_STARTED_QUERY,Stage01 canonical reconciliation rank 1301,STATHEAD_UNAMBIGUOUS_SINGLE_CANDIDATE,False,CREDITED,POSTGAME_ACTUAL_STARTER,ORACLE_STARTER_IDENTITY_ONLY,False
2022,15,REG,2022-12-18,2022_15_CIN_TB,CIN,TB,Joe Burrow,BurrJo01,00-0036442,STATHEAD_QB_STARTED_QUERY,Stage01 canonical reconciliation rank 1273,STATHEAD_UNAMBIGUOUS_SINGLE_CANDIDATE,False,CREDITED,Tom Brady,BradTo00,00-0019596,STATHEAD_QB_STARTED_QUERY,Stage01 canonical reconciliation rank 1272,STATHEAD_UNAMBIGUOUS_SINGLE_CANDIDATE,False,CREDITED,POSTGAME_ACTUAL_STARTER,ORACLE_STARTER_IDENTITY_ONLY,False
2022,15,REG,2022-12-18,2022_15_DAL_JAX,DAL,JAX,Dak Prescott,PresDa01,00-0033077,STATHEAD_QB_STARTED_QUERY,Stage01 canonical reconciliation rank 1290,STATHEAD_UNAMBIGUOUS_SINGLE_CANDIDATE,False,CREDITED,Trevor Lawrence,LawrTr00,00-0036971,STATHEAD_QB_STARTED_QUERY,Stage01 canonical reconciliation rank 1286,STATHEAD_UNAMBIGUOUS_SINGLE_CANDIDATE,False,CREDITED,POSTGAME_ACTUAL_STARTER,ORACLE_STARTER_IDENTITY_ONLY,False
2022,15,REG,2022-12-18,2022_15_DET_NYJ,DET,NYJ,Jared Goff,GoffJa00,00-0033106,STATHEAD_QB_STARTED_QUERY,Stage01 canonical reconciliation rank 1279,STATHEAD_UNAMBIGUOUS_SINGLE_CANDIDATE,False,CREDITED,Zach Wilson,WilsZa00,00-0037013,STATHEAD_QB_STARTED_QUERY,Stage01 canonical reconciliation rank 1295,STATHEAD_UNAMBIGUOUS_SINGLE_CANDIDATE,False,CREDITED,POSTGAME_ACTUAL_STARTER,ORACLE_STARTER_IDENTITY_ONLY,False
2022,15,REG,2022-12-17,2022_15_IND_MIN,IND,MIN,Matt Ryan,RyanMa00,00-0026143,STATHEAD_QB_STARTED_QUERY,Stage01 canonical reconciliation rank 1299,STATHEAD_UNAMBIGUOUS_SINGLE_CANDIDATE,False,CREDITED,Kirk Cousins,CousKi00,00-0029604,STATHEAD_QB_STARTED_QUERY,Stage01 canonical reconciliation rank 1297,STATHEAD_UNAMBIGUOUS_SINGLE_CANDIDATE,False,CREDITED,POSTGAME_ACTUAL_STARTER,ORACLE_STARTER_IDENTITY_ONLY,False
2022,15,REG,2022-12-18,2022_15_KC_HOU,KC,HOU,Patrick Mahomes,MahoPa00,00-0033873,STATHEAD_QB_STARTED_QUERY,Stage01 canonical reconciliation rank 1287,STATHEAD_UNAMBIGUOUS_SINGLE_CANDIDATE,False,CREDITED,Jeff Driskel,DrisJe00,00-0032436,VALIDATED_MANUAL_WEB_RESEARCH,Houston Texans — Upset bid falls short | Booth Bites (2022-12-18),VALIDATED_MANUAL_WEB_EXCEPTION,False,CREDITED,POSTGAME_ACTUAL_STARTER,ORACLE_STARTER_IDENTITY_ONLY,False
2022,15,REG,2022-12-19,2022_15_LA_GB,LAR,GB,Baker Mayfield,MayfBa00,00-0034855,STATHEAD_QB_STARTED_QUERY,Stage01 canonical reconciliation rank 1270,STATHEAD_UNAMBIGUOUS_SINGLE_CANDIDATE,False,CREDITED,Aaron Rodgers,RodgAa00,00-0023459,STATHEAD_QB_STARTED_QUERY,Stage01 canonical reconciliation rank 1271,STATHEAD_UNAMBIGUOUS_SINGLE_CANDIDATE,False,CREDITED,POSTGAME_ACTUAL_STARTER,ORACLE_STARTER_IDENTITY_ONLY,False
2022,15,REG,2022-12-17,2022_15_MIA_BUF,MIA,BUF,Tua Tagovailoa,TagoTu00,00-0036212,STATHEAD_QB_STARTED_QUERY,Stage01 canonical reconciliation rank 1300,STATHEAD_UNAMBIGUOUS_SINGLE_CANDIDATE,False,CREDITED,Josh Allen,AlleJo02,00-0034857,STATHEAD_QB_STARTED_QUERY,Stage01 canonical reconciliation rank 1296,STATHEAD_UNAMBIGUOUS_SINGLE_CANDIDATE,False,CREDITED,POSTGAME_ACTUAL_STARTER,ORACLE_STARTER_IDENTITY_ONLY,False
2022,15,REG,2022-12-18,2022_15_NE_LV,NE,LV,Mac Jones,JoneMa05,00-0036972,STATHEAD_QB_STARTED_QUERY,Stage01 canonical reconciliation rank 1285,STATHEAD_UNAMBIGUOUS_SINGLE_CANDIDATE,False,CREDITED,Derek Carr,CarrDe02,00-0031280,STATHEAD_QB_STARTED_QUERY,Stage01 canonical reconciliation rank 1274,STATHEAD_UNAMBIGUOUS_SINGLE_CANDIDATE,False,CREDITED,POSTGAME_ACTUAL_STARTER,ORACLE_STARTER_IDENTITY_ONLY,False
2022,15,REG,2022-12-18,2022_15_NYG_WAS,NYG,WAS,Daniel Jones,JoneDa05,00-0035710,STATHEAD_QB_STARTED_QUERY,Stage01 canonical reconciliation rank 1284,STATHEAD_UNAMBIGUOUS_SINGLE_CANDIDATE,False,CREDITED,Taylor Heinicke,HeinTa00,00-0031800,STATHEAD_QB_STARTED_QUERY,Stage01 canonical reconciliation rank 1280,STATHEAD_UNAMBIGUOUS_SINGLE_CANDIDATE,False,CREDITED,POSTGAME_ACTUAL_STARTER,ORACLE_STARTER_IDENTITY_ONLY,False
2022,15,REG,2022-12-18,2022_15_PHI_CHI,PHI,CHI,Jalen Hurts,HurtJa00,00-0036389,STATHEAD_QB_STARTED_QUERY,Stage01 canonical reconciliation rank 1283,STATHEAD_UNAMBIGUOUS_SINGLE_CANDIDATE,False,CREDITED,Justin Fields,FielJu00,00-0036945,STATHEAD_QB_STARTED_QUERY,Stage01 canonical reconciliation rank 1278,STATHEAD_UNAMBIGUOUS_SINGLE_CANDIDATE,False,CREDITED,POSTGAME_ACTUAL_STARTER,ORACLE_STARTER_IDENTITY_ONLY,False
2022,15,REG,2022-12-18,2022_15_PIT_CAR,PIT,CAR,Mitchell Trubisky,TrubMi00,00-0033869,STATHEAD_QB_STARTED_QUERY,Stage01 canonical reconciliation rank 1294,STATHEAD_UNAMBIGUOUS_SINGLE_CANDIDATE,False,CREDITED,Sam Darnold,DarnSa00,00-0034869,STATHEAD_QB_STARTED_QUERY,Stage01 canonical reconciliation rank 1276,STATHEAD_UNAMBIGUOUS_SINGLE_CANDIDATE,False,CREDITED,POSTGAME_ACTUAL_STARTER,ORACLE_STARTER_IDENTITY_ONLY,False
2022,15,REG,2022-12-15,2022_15_SF_SEA,SF,SEA,Brock Purdy,PurdBr00,00-0037834,STATHEAD_QB_STARTED_QUERY,Stage01 canonical reconciliation rank 1302,STATHEAD_UNAMBIGUOUS_SINGLE_CANDIDATE,False,CREDITED,Geno Smith,SmitGe00,00-0030565,STATHEAD_QB_STARTED_QUERY,Stage01 canonical reconciliation rank 1303,STATHEAD_UNAMBIGUOUS_SINGLE_CANDIDATE,False,CREDITED,POSTGAME_ACTUAL_STARTER,ORACLE_STARTER_IDENTITY_ONLY,False
2022,15,REG,2022-12-18,2022_15_TEN_LAC,TEN,LAC,Ryan Tannehill,TannRy00,00-0029701,STATHEAD_QB_STARTED_QUERY,Stage01 canonical reconciliation rank 1293,STATHEAD_UNAMBIGUOUS_SINGLE_CANDIDATE,False,CREDITED,Justin Herbert,HerbJu00,00-0036355,STATHEAD_QB_STARTED_QUERY,Stage01 canonical reconciliation rank 1281,STATHEAD_UNAMBIGUOUS_SINGLE_CANDIDATE,False,CREDITED,POSTGAME_ACTUAL_STARTER,ORACLE_STARTER_IDENTITY_ONLY,False
2022,16,REG,2022-12-24,2022_16_ATL_BAL,ATL,BAL,Desmond Ridder,RiddDe00,00-0038122,STATHEAD_QB_STARTED_QUERY,Stage01 canonical reconciliation rank 1263,STATHEAD_UNAMBIGUOUS_SINGLE_CANDIDATE,False,CREDITED,Tyler Huntley,HuntTy01,00-0035993,STATHEAD_QB_STARTED_QUERY,Stage01 canonical reconciliation rank 1254,STATHEAD_UNAMBIGUOUS_SINGLE_CANDIDATE,False,CREDITED,POSTGAME_ACTUAL_STARTER,ORACLE_STARTER_IDENTITY_ONLY,False
2022,16,REG,2022-12-24,2022_16_BUF_CHI,BUF,CHI,Josh Allen,AlleJo02,00-0034857,STATHEAD_QB_STARTED_QUERY,Stage01 canonical reconciliation rank 1244,STATHEAD_UNAMBIGUOUS_SINGLE_CANDIDATE,False,CREDITED,Justin Fields,FielJu00,00-0036945,STATHEAD_QB_STARTED_QUERY,Stage01 canonical reconciliation rank 1251,STATHEAD_UNAMBIGUOUS_SINGLE_CANDIDATE,False,CREDITED,POSTGAME_ACTUAL_STARTER,ORACLE_STARTER_IDENTITY_ONLY,False
2022,16,REG,2022-12-24,2022_16_CIN_NE,CIN,NE,Joe Burrow,BurrJo01,00-0036442,STATHEAD_QB_STARTED_QUERY,Stage01 canonical reconciliation rank 1245,STATHEAD_UNAMBIGUOUS_SINGLE_CANDIDATE,False,CREDITED,Mac Jones,JoneMa05,00-0036972,STATHEAD_QB_STARTED_QUERY,Stage01 canonical reconciliation rank 1256,STATHEAD_UNAMBIGUOUS_SINGLE_CANDIDATE,False,CREDITED,POSTGAME_ACTUAL_STARTER,ORACLE_STARTER_IDENTITY_ONLY,False
2022,16,REG,2022-12-25,2022_16_DEN_LA,DEN,LAR,Russell Wilson,WilsRu00,00-0029263,STATHEAD_QB_STARTED_QUERY,Stage01 canonical reconciliation rank 1243,STATHEAD_UNAMBIGUOUS_SINGLE_CANDIDATE,False,CREDITED,Baker Mayfield,MayfBa00,00-0034855,STATHEAD_QB_STARTED_QUERY,Stage01 canonical reconciliation rank 1239,STATHEAD_UNAMBIGUOUS_SINGLE_CANDIDATE,False,CREDITED,POSTGAME_ACTUAL_STARTER,ORACLE_STARTER_IDENTITY_ONLY,False
2022,16,REG,2022-12-24,2022_16_DET_CAR,DET,CAR,Jared Goff,GoffJa00,00-0033106,STATHEAD_QB_STARTED_QUERY,Stage01 canonical reconciliation rank 1252,STATHEAD_UNAMBIGUOUS_SINGLE_CANDIDATE,False,CREDITED,Sam Darnold,DarnSa00,00-0034869,STATHEAD_QB_STARTED_QUERY,Stage01 canonical reconciliation rank 1249,STATHEAD_UNAMBIGUOUS_SINGLE_CANDIDATE,False,CREDITED,POSTGAME_ACTUAL_STARTER,ORACLE_STARTER_IDENTITY_ONLY,False
2022,16,REG,2022-12-25,2022_16_GB_MIA,GB,MIA,Aaron Rodgers,RodgAa00,00-0023459,STATHEAD_QB_STARTED_QUERY,Stage01 canonical reconciliation rank 1241,STATHEAD_UNAMBIGUOUS_SINGLE_CANDIDATE,False,CREDITED,Tua Tagovailoa,TagoTu00,00-0036212,STATHEAD_QB_STARTED_QUERY,Stage01 canonical reconciliation rank 1242,STATHEAD_UNAMBIGUOUS_SINGLE_CANDIDATE,False,CREDITED,POSTGAME_ACTUAL_STARTER,ORACLE_STARTER_IDENTITY_ONLY,False
2022,16,REG,2022-12-24,2022_16_HOU_TEN,HOU,TEN,Davis Mills,MillDa02,00-0036898,VALIDATED_MANUAL_WEB_RESEARCH,Houston Texans Week 16 postgame/analysis; Pro Football Archives starting lineup,VALIDATED_MANUAL_WEB_EXCEPTION,False,CREDITED,Malik Willis,WillMa12,00-0038128,STATHEAD_QB_STARTED_QUERY,Stage01 canonical reconciliation rank 1266,STATHEAD_UNAMBIGUOUS_SINGLE_CANDIDATE,False,CREDITED,POSTGAME_ACTUAL_STARTER,ORACLE_STARTER_IDENTITY_ONLY,False
2022,16,REG,2022-12-22,2022_16_JAX_NYJ,JAX,NYJ,Trevor Lawrence,LawrTr00,00-0036971,STATHEAD_QB_STARTED_QUERY,Stage01 canonical reconciliation rank 1267,STATHEAD_UNAMBIGUOUS_SINGLE_CANDIDATE,False,CREDITED,Zach Wilson,WilsZa00,00-0037013,VALIDATED_MANUAL_WEB_RESEARCH,NFL.com — Zach Wilson to start vs. Jaguars; Pro Football Archives starting lineup (2022-12-22),VALIDATED_MANUAL_WEB_EXCEPTION,False,CREDITED,POSTGAME_ACTUAL_STARTER,ORACLE_STARTER_IDENTITY_ONLY,False
2022,16,REG,2022-12-26,2022_16_LAC_IND,LAC,IND,Justin Herbert,HerbJu00,00-0036355,STATHEAD_QB_STARTED_QUERY,Stage01 canonical reconciliation rank 1237,STATHEAD_UNAMBIGUOUS_SINGLE_CANDIDATE,False,CREDITED,Nick Foles,FoleNi00,00-0029567,STATHEAD_QB_STARTED_QUERY,Stage01 canonical reconciliation rank 1236,STATHEAD_UNAMBIGUOUS_SINGLE_CANDIDATE,False,CREDITED,POSTGAME_ACTUAL_STARTER,ORACLE_STARTER_IDENTITY_ONLY,False
2022,16,REG,2022-12-24,2022_16_LV_PIT,LV,PIT,Derek Carr,CarrDe02,00-0031280,STATHEAD_QB_STARTED_QUERY,Stage01 canonical reconciliation rank 1246,STATHEAD_UNAMBIGUOUS_SINGLE_CANDIDATE,False,CREDITED,Kenny Pickett,PickKe00,00-0038102,STATHEAD_QB_STARTED_QUERY,Stage01 canonical reconciliation rank 1260,STATHEAD_UNAMBIGUOUS_SINGLE_CANDIDATE,False,CREDITED,POSTGAME_ACTUAL_STARTER,ORACLE_STARTER_IDENTITY_ONLY,False
2022,16,REG,2022-12-24,2022_16_NO_CLE,NO,CLE,Andy Dalton,DaltAn00,00-0027973,STATHEAD_QB_STARTED_QUERY,Stage01 canonical reconciliation rank 1248,STATHEAD_UNAMBIGUOUS_SINGLE_CANDIDATE,False,CREDITED,Deshaun Watson,WatsDe00,00-0033537,STATHEAD_QB_STARTED_QUERY,Stage01 canonical reconciliation rank 1265,STATHEAD_UNAMBIGUOUS_SINGLE_CANDIDATE,False,CREDITED,POSTGAME_ACTUAL_STARTER,ORACLE_STARTER_IDENTITY_ONLY,False
2022,16,REG,2022-12-24,2022_16_NYG_MIN,NYG,MIN,Daniel Jones,JoneDa05,00-0035710,STATHEAD_QB_STARTED_QUERY,Stage01 canonical reconciliation rank 1255,STATHEAD_UNAMBIGUOUS_SINGLE_CANDIDATE,False,CREDITED,Kirk Cousins,CousKi00,00-0029604,STATHEAD_QB_STARTED_QUERY,Stage01 canonical reconciliation rank 1247,STATHEAD_UNAMBIGUOUS_SINGLE_CANDIDATE,False,CREDITED,POSTGAME_ACTUAL_STARTER,ORACLE_STARTER_IDENTITY_ONLY,False
2022,16,REG,2022-12-24,2022_16_PHI_DAL,PHI,DAL,Gardner Minshew II,MinsGa00,00-0035289,STATHEAD_QB_STARTED_QUERY,Stage01 canonical reconciliation rank 1259,STATHEAD_UNAMBIGUOUS_SINGLE_CANDIDATE,False,CREDITED,Dak Prescott,PresDa01,00-0033077,STATHEAD_QB_STARTED_QUERY,Stage01 canonical reconciliation rank 1261,STATHEAD_UNAMBIGUOUS_SINGLE_CANDIDATE,False,CREDITED,POSTGAME_ACTUAL_STARTER,ORACLE_STARTER_IDENTITY_ONLY,False
2022,16,REG,2022-12-24,2022_16_SEA_KC,SEA,KC,Geno Smith,SmitGe00,00-0030565,STATHEAD_QB_STARTED_QUERY,Stage01 canonical reconciliation rank 1264,STATHEAD_UNAMBIGUOUS_SINGLE_CANDIDATE,False,CREDITED,Patrick Mahomes,MahoPa00,00-0033873,STATHEAD_QB_STARTED_QUERY,Stage01 canonical reconciliation rank 1257,STATHEAD_UNAMBIGUOUS_SINGLE_CANDIDATE,False,CREDITED,POSTGAME_ACTUAL_STARTER,ORACLE_STARTER_IDENTITY_ONLY,False
2022,16,REG,2022-12-25,2022_16_TB_ARI,TB,ARI,Tom Brady,BradTo00,00-0019596,STATHEAD_QB_STARTED_QUERY,Stage01 canonical reconciliation rank 1238,STATHEAD_UNAMBIGUOUS_SINGLE_CANDIDATE,False,CREDITED,Trace McSorley,McSoTr00,00-0035146,STATHEAD_QB_STARTED_QUERY,Stage01 canonical reconciliation rank 1240,STATHEAD_UNAMBIGUOUS_SINGLE_CANDIDATE,False,CREDITED,POSTGAME_ACTUAL_STARTER,ORACLE_STARTER_IDENTITY_ONLY,False
2022,16,REG,2022-12-24,2022_16_WAS_SF,WAS,SF,Taylor Heinicke,HeinTa00,00-0031800,STATHEAD_QB_STARTED_QUERY,Stage01 canonical reconciliation rank 1253,STATHEAD_UNAMBIGUOUS_SINGLE_CANDIDATE,False,CREDITED,Brock Purdy,PurdBr00,00-0037834,STATHEAD_QB_STARTED_QUERY,Stage01 canonical reconciliation rank 1262,STATHEAD_UNAMBIGUOUS_SINGLE_CANDIDATE,False,CREDITED,POSTGAME_ACTUAL_STARTER,ORACLE_STARTER_IDENTITY_ONLY,False
2022,17,REG,2023-01-01,2022_17_ARI_ATL,ARI,ATL,David Blough,BlouDa00,00-0035040,STATHEAD_QB_STARTED_QUERY,Stage01 canonical reconciliation rank 1206,STATHEAD_UNAMBIGUOUS_SINGLE_CANDIDATE,False,CREDITED,Desmond Ridder,RiddDe00,00-0038122,STATHEAD_QB_STARTED_QUERY,Stage01 canonical reconciliation rank 1226,STATHEAD_UNAMBIGUOUS_SINGLE_CANDIDATE,False,CREDITED,POSTGAME_ACTUAL_STARTER,ORACLE_STARTER_IDENTITY_ONLY,False
2022,17,REG,2023-01-01,2022_17_CAR_TB,CAR,TB,Sam Darnold,DarnSa00,00-0034869,STATHEAD_QB_STARTED_QUERY,Stage01 canonical reconciliation rank 1211,STATHEAD_UNAMBIGUOUS_SINGLE_CANDIDATE,False,CREDITED,Tom Brady,BradTo00,00-0019596,STATHEAD_QB_STARTED_QUERY,Stage01 canonical reconciliation rank 1207,STATHEAD_UNAMBIGUOUS_SINGLE_CANDIDATE,False,CREDITED,POSTGAME_ACTUAL_STARTER,ORACLE_STARTER_IDENTITY_ONLY,False
2022,17,REG,2023-01-01,2022_17_CHI_DET,CHI,DET,Justin Fields,FielJu00,00-0036945,STATHEAD_QB_STARTED_QUERY,Stage01 canonical reconciliation rank 1212,STATHEAD_UNAMBIGUOUS_SINGLE_CANDIDATE,False,CREDITED,Jared Goff,GoffJa00,00-0033106,STATHEAD_QB_STARTED_QUERY,Stage01 canonical reconciliation rank 1214,STATHEAD_UNAMBIGUOUS_SINGLE_CANDIDATE,False,CREDITED,POSTGAME_ACTUAL_STARTER,ORACLE_STARTER_IDENTITY_ONLY,False
2022,17,REG,2023-01-01,2022_17_CLE_WAS,CLE,WAS,Deshaun Watson,WatsDe00,00-0033537,STATHEAD_QB_STARTED_QUERY,Stage01 canonical reconciliation rank 1230,STATHEAD_UNAMBIGUOUS_SINGLE_CANDIDATE,False,CREDITED,Carson Wentz,WentCa00,00-0032950,STATHEAD_QB_STARTED_QUERY,Stage01 canonical reconciliation rank 1231,STATHEAD_UNAMBIGUOUS_SINGLE_CANDIDATE,False,CREDITED,POSTGAME_ACTUAL_STARTER,ORACLE_STARTER_IDENTITY_ONLY,False
2022,17,REG,2022-12-29,2022_17_DAL_TEN,DAL,TEN,Dak Prescott,PresDa01,00-0033077,STATHEAD_QB_STARTED_QUERY,Stage01 canonical reconciliation rank 1235,STATHEAD_UNAMBIGUOUS_SINGLE_CANDIDATE,False,CREDITED,Joshua Dobbs,DobbJo00,00-0033949,STATHEAD_QB_STARTED_QUERY,Stage01 canonical reconciliation rank 1234,STATHEAD_UNAMBIGUOUS_SINGLE_CANDIDATE,False,CREDITED,POSTGAME_ACTUAL_STARTER,ORACLE_STARTER_IDENTITY_ONLY,False
2022,17,REG,2023-01-01,2022_17_DEN_KC,DEN,KC,Russell Wilson,WilsRu00,00-0029263,STATHEAD_QB_STARTED_QUERY,Stage01 canonical reconciliation rank 1233,STATHEAD_UNAMBIGUOUS_SINGLE_CANDIDATE,False,CREDITED,Patrick Mahomes,MahoPa00,00-0033873,STATHEAD_QB_STARTED_QUERY,Stage01 canonical reconciliation rank 1220,STATHEAD_UNAMBIGUOUS_SINGLE_CANDIDATE,False,CREDITED,POSTGAME_ACTUAL_STARTER,ORACLE_STARTER_IDENTITY_ONLY,False
2022,17,REG,2023-01-01,2022_17_IND_NYG,IND,NYG,Nick Foles,FoleNi00,00-0029567,STATHEAD_QB_STARTED_QUERY,Stage01 canonical reconciliation rank 1213,STATHEAD_UNAMBIGUOUS_SINGLE_CANDIDATE,False,CREDITED,Daniel Jones,JoneDa05,00-0035710,STATHEAD_QB_STARTED_QUERY,Stage01 canonical reconciliation rank 1217,STATHEAD_UNAMBIGUOUS_SINGLE_CANDIDATE,False,CREDITED,POSTGAME_ACTUAL_STARTER,ORACLE_STARTER_IDENTITY_ONLY,False
2022,17,REG,2023-01-01,2022_17_JAX_HOU,JAX,HOU,Trevor Lawrence,LawrTr00,00-0036971,STATHEAD_QB_STARTED_QUERY,Stage01 canonical reconciliation rank 1219,STATHEAD_UNAMBIGUOUS_SINGLE_CANDIDATE,False,CREDITED,Davis Mills,MillDa02,00-0036898,STATHEAD_QB_STARTED_QUERY,Stage01 canonical reconciliation rank 1222,STATHEAD_UNAMBIGUOUS_SINGLE_CANDIDATE,False,CREDITED,POSTGAME_ACTUAL_STARTER,ORACLE_STARTER_IDENTITY_ONLY,False
2022,17,REG,2023-01-01,2022_17_LA_LAC,LAR,LAC,Baker Mayfield,MayfBa00,00-0034855,STATHEAD_QB_STARTED_QUERY,Stage01 canonical reconciliation rank 1221,STATHEAD_UNAMBIGUOUS_SINGLE_CANDIDATE,False,CREDITED,Justin Herbert,HerbJu00,00-0036355,STATHEAD_QB_STARTED_QUERY,Stage01 canonical reconciliation rank 1215,STATHEAD_UNAMBIGUOUS_SINGLE_CANDIDATE,False,CREDITED,POSTGAME_ACTUAL_STARTER,ORACLE_STARTER_IDENTITY_ONLY,False
2022,17,REG,2023-01-01,2022_17_MIA_NE,MIA,NE,Teddy Bridgewater,BridTe00,00-0031237,STATHEAD_QB_STARTED_QUERY,Stage01 canonical reconciliation rank 1208,STATHEAD_UNAMBIGUOUS_SINGLE_CANDIDATE,False,CREDITED,Mac Jones,JoneMa05,00-0036972,STATHEAD_QB_STARTED_QUERY,Stage01 canonical reconciliation rank 1218,STATHEAD_UNAMBIGUOUS_SINGLE_CANDIDATE,False,CREDITED,POSTGAME_ACTUAL_STARTER,ORACLE_STARTER_IDENTITY_ONLY,False
2022,17,REG,2023-01-01,2022_17_MIN_GB,MIN,GB,Kirk Cousins,CousKi00,00-0029604,STATHEAD_QB_STARTED_QUERY,Stage01 canonical reconciliation rank 1209,STATHEAD_UNAMBIGUOUS_SINGLE_CANDIDATE,False,CREDITED,Aaron Rodgers,RodgAa00,00-0023459,STATHEAD_QB_STARTED_QUERY,Stage01 canonical reconciliation rank 1227,STATHEAD_UNAMBIGUOUS_SINGLE_CANDIDATE,False,CREDITED,POSTGAME_ACTUAL_STARTER,ORACLE_STARTER_IDENTITY_ONLY,False
2022,17,REG,2023-01-01,2022_17_NO_PHI,NO,PHI,Andy Dalton,DaltAn00,00-0027973,STATHEAD_QB_STARTED_QUERY,Stage01 canonical reconciliation rank 1210,STATHEAD_UNAMBIGUOUS_SINGLE_CANDIDATE,False,CREDITED,Gardner Minshew II,MinsGa00,00-0035289,STATHEAD_QB_STARTED_QUERY,Stage01 canonical reconciliation rank 1223,STATHEAD_UNAMBIGUOUS_SINGLE_CANDIDATE,False,CREDITED,POSTGAME_ACTUAL_STARTER,ORACLE_STARTER_IDENTITY_ONLY,False
2022,17,REG,2023-01-01,2022_17_NYJ_SEA,NYJ,SEA,Mike White,WhitMi01,00-0034401,STATHEAD_QB_STARTED_QUERY,Stage01 canonical reconciliation rank 1232,STATHEAD_UNAMBIGUOUS_SINGLE_CANDIDATE,False,CREDITED,Geno Smith,SmitGe00,00-0030565,STATHEAD_QB_STARTED_QUERY,Stage01 canonical reconciliation rank 1228,STATHEAD_UNAMBIGUOUS_SINGLE_CANDIDATE,False,CREDITED,POSTGAME_ACTUAL_STARTER,ORACLE_STARTER_IDENTITY_ONLY,False
2022,17,REG,2023-01-01,2022_17_PIT_BAL,PIT,BAL,Kenny Pickett,PickKe00,00-0038102,STATHEAD_QB_STARTED_QUERY,Stage01 canonical reconciliation rank 1224,STATHEAD_UNAMBIGUOUS_SINGLE_CANDIDATE,False,CREDITED,Tyler Huntley,HuntTy01,00-0035993,STATHEAD_QB_STARTED_QUERY,Stage01 canonical reconciliation rank 1216,STATHEAD_UNAMBIGUOUS_SINGLE_CANDIDATE,False,CREDITED,POSTGAME_ACTUAL_STARTER,ORACLE_STARTER_IDENTITY_ONLY,False
2022,17,REG,2023-01-01,2022_17_SF_LV,SF,LV,Brock Purdy,PurdBr00,00-0037834,STATHEAD_QB_STARTED_QUERY,Stage01 canonical reconciliation rank 1225,STATHEAD_UNAMBIGUOUS_SINGLE_CANDIDATE,False,CREDITED,Jarrett Stidham,StidJa00,00-0035264,STATHEAD_QB_STARTED_QUERY,Stage01 canonical reconciliation rank 1229,STATHEAD_UNAMBIGUOUS_SINGLE_CANDIDATE,False,CREDITED,POSTGAME_ACTUAL_STARTER,ORACLE_STARTER_IDENTITY_ONLY,False
2022,18,REG,2023-01-08,2022_18_ARI_SF,ARI,SF,David Blough,BlouDa00,00-0035040,STATHEAD_QB_STARTED_QUERY,Stage01 canonical reconciliation rank 1175,STATHEAD_UNAMBIGUOUS_SINGLE_CANDIDATE,False,CREDITED,Brock Purdy,PurdBr00,00-0037834,STATHEAD_QB_STARTED_QUERY,Stage01 canonical reconciliation rank 1194,STATHEAD_UNAMBIGUOUS_SINGLE_CANDIDATE,False,CREDITED,POSTGAME_ACTUAL_STARTER,ORACLE_STARTER_IDENTITY_ONLY,False
2022,18,REG,2023-01-08,2022_18_BAL_CIN,BAL,CIN,Anthony Brown,BrowAn06,00-0037175,STATHEAD_QB_STARTED_QUERY,Stage01 canonical reconciliation rank 1177,STATHEAD_UNAMBIGUOUS_SINGLE_CANDIDATE,False,CREDITED,Joe Burrow,BurrJo01,00-0036442,STATHEAD_QB_STARTED_QUERY,Stage01 canonical reconciliation rank 1178,STATHEAD_UNAMBIGUOUS_SINGLE_CANDIDATE,False,CREDITED,POSTGAME_ACTUAL_STARTER,ORACLE_STARTER_IDENTITY_ONLY,False
2022,18,REG,2023-01-08,2022_18_CAR_NO,CAR,NO,Sam Darnold,DarnSa00,00-0034869,STATHEAD_QB_STARTED_QUERY,Stage01 canonical reconciliation rank 1181,STATHEAD_UNAMBIGUOUS_SINGLE_CANDIDATE,False,CREDITED,Andy Dalton,DaltAn00,00-0027973,STATHEAD_QB_STARTED_QUERY,Stage01 canonical reconciliation rank 1180,STATHEAD_UNAMBIGUOUS_SINGLE_CANDIDATE,False,CREDITED,POSTGAME_ACTUAL_STARTER,ORACLE_STARTER_IDENTITY_ONLY,False
2022,18,REG,2023-01-08,2022_18_CLE_PIT,CLE,PIT,Deshaun Watson,WatsDe00,00-0033537,STATHEAD_QB_STARTED_QUERY,Stage01 canonical reconciliation rank 1199,STATHEAD_UNAMBIGUOUS_SINGLE_CANDIDATE,False,CREDITED,Kenny Pickett,PickKe00,00-0038102,STATHEAD_QB_STARTED_QUERY,Stage01 canonical reconciliation rank 1192,STATHEAD_UNAMBIGUOUS_SINGLE_CANDIDATE,False,CREDITED,POSTGAME_ACTUAL_STARTER,ORACLE_STARTER_IDENTITY_ONLY,False
2022,18,REG,2023-01-08,2022_18_DAL_WAS,DAL,WAS,Dak Prescott,PresDa01,00-0033077,STATHEAD_QB_STARTED_QUERY,Stage01 canonical reconciliation rank 1193,STATHEAD_UNAMBIGUOUS_SINGLE_CANDIDATE,False,CREDITED,Sam Howell,HoweSa00,00-0037077,STATHEAD_QB_STARTED_QUERY,Stage01 canonical reconciliation rank 1186,STATHEAD_UNAMBIGUOUS_SINGLE_CANDIDATE,False,CREDITED,POSTGAME_ACTUAL_STARTER,ORACLE_STARTER_IDENTITY_ONLY,False
2022,18,REG,2023-01-08,2022_18_DET_GB,DET,GB,Jared Goff,GoffJa00,00-0033106,STATHEAD_QB_STARTED_QUERY,Stage01 canonical reconciliation rank 1184,STATHEAD_UNAMBIGUOUS_SINGLE_CANDIDATE,False,CREDITED,Aaron Rodgers,RodgAa00,00-0023459,STATHEAD_QB_STARTED_QUERY,Stage01 canonical reconciliation rank 1196,STATHEAD_UNAMBIGUOUS_SINGLE_CANDIDATE,False,CREDITED,POSTGAME_ACTUAL_STARTER,ORACLE_STARTER_IDENTITY_ONLY,False
2022,18,REG,2023-01-08,2022_18_HOU_IND,HOU,IND,Davis Mills,MillDa02,00-0036898,STATHEAD_QB_STARTED_QUERY,Stage01 canonical reconciliation rank 1190,STATHEAD_UNAMBIGUOUS_SINGLE_CANDIDATE,False,CREDITED,Sam Ehlinger,EhliSa00,00-0036879,STATHEAD_QB_STARTED_QUERY,Stage01 canonical reconciliation rank 1182,STATHEAD_UNAMBIGUOUS_SINGLE_CANDIDATE,False,CREDITED,POSTGAME_ACTUAL_STARTER,ORACLE_STARTER_IDENTITY_ONLY,False
2022,18,REG,2023-01-07,2022_18_KC_LV,KC,LV,Patrick Mahomes,MahoPa00,00-0033873,STATHEAD_QB_STARTED_QUERY,Stage01 canonical reconciliation rank 1204,STATHEAD_UNAMBIGUOUS_SINGLE_CANDIDATE,False,CREDITED,Jarrett Stidham,StidJa00,00-0035264,STATHEAD_QB_STARTED_QUERY,Stage01 canonical reconciliation rank 1205,STATHEAD_UNAMBIGUOUS_SINGLE_CANDIDATE,False,CREDITED,POSTGAME_ACTUAL_STARTER,ORACLE_STARTER_IDENTITY_ONLY,False
2022,18,REG,2023-01-08,2022_18_LAC_DEN,LAC,DEN,Justin Herbert,HerbJu00,00-0036355,STATHEAD_QB_STARTED_QUERY,Stage01 canonical reconciliation rank 1185,STATHEAD_UNAMBIGUOUS_SINGLE_CANDIDATE,False,CREDITED,Russell Wilson,WilsRu00,00-0029263,STATHEAD_QB_STARTED_QUERY,Stage01 canonical reconciliation rank 1201,STATHEAD_UNAMBIGUOUS_SINGLE_CANDIDATE,False,CREDITED,POSTGAME_ACTUAL_STARTER,ORACLE_STARTER_IDENTITY_ONLY,False
2022,18,REG,2023-01-08,2022_18_LA_SEA,LAR,SEA,Baker Mayfield,MayfBa00,00-0034855,STATHEAD_QB_STARTED_QUERY,Stage01 canonical reconciliation rank 1189,STATHEAD_UNAMBIGUOUS_SINGLE_CANDIDATE,False,CREDITED,Geno Smith,SmitGe00,00-0030565,STATHEAD_QB_STARTED_QUERY,Stage01 canonical reconciliation rank 1197,STATHEAD_UNAMBIGUOUS_SINGLE_CANDIDATE,False,CREDITED,POSTGAME_ACTUAL_STARTER,ORACLE_STARTER_IDENTITY_ONLY,False
2022,18,REG,2023-01-08,2022_18_MIN_CHI,MIN,CHI,Kirk Cousins,CousKi00,00-0029604,STATHEAD_QB_STARTED_QUERY,Stage01 canonical reconciliation rank 1179,STATHEAD_UNAMBIGUOUS_SINGLE_CANDIDATE,False,CREDITED,Nathan Peterman,PeteNa00,00-0033958,STATHEAD_QB_STARTED_QUERY,Stage01 canonical reconciliation rank 1191,STATHEAD_UNAMBIGUOUS_SINGLE_CANDIDATE,False,CREDITED,POSTGAME_ACTUAL_STARTER,ORACLE_STARTER_IDENTITY_ONLY,False
2022,18,REG,2023-01-08,2022_18_NE_BUF,NE,BUF,Mac Jones,JoneMa05,00-0036972,STATHEAD_QB_STARTED_QUERY,Stage01 canonical reconciliation rank 1188,STATHEAD_UNAMBIGUOUS_SINGLE_CANDIDATE,False,CREDITED,Josh Allen,AlleJo02,00-0034857,STATHEAD_QB_STARTED_QUERY,Stage01 canonical reconciliation rank 1174,STATHEAD_UNAMBIGUOUS_SINGLE_CANDIDATE,False,CREDITED,POSTGAME_ACTUAL_STARTER,ORACLE_STARTER_IDENTITY_ONLY,False
2022,18,REG,2023-01-08,2022_18_NYG_PHI,NYG,PHI,Davis Webb,WebbDa00,00-0033550,STATHEAD_QB_STARTED_QUERY,Stage01 canonical reconciliation rank 1200,STATHEAD_UNAMBIGUOUS_SINGLE_CANDIDATE,False,CREDITED,Jalen Hurts,HurtJa00,00-0036389,STATHEAD_QB_STARTED_QUERY,Stage01 canonical reconciliation rank 1187,STATHEAD_UNAMBIGUOUS_SINGLE_CANDIDATE,False,CREDITED,POSTGAME_ACTUAL_STARTER,ORACLE_STARTER_IDENTITY_ONLY,False
2022,18,REG,2023-01-08,2022_18_NYJ_MIA,NYJ,MIA,Joe Flacco,FlacJo00,00-0026158,STATHEAD_QB_STARTED_QUERY,Stage01 canonical reconciliation rank 1183,STATHEAD_UNAMBIGUOUS_SINGLE_CANDIDATE,False,CREDITED,Skylar Thompson,ThomSk00,00-0037327,STATHEAD_QB_STARTED_QUERY,Stage01 canonical reconciliation rank 1198,STATHEAD_UNAMBIGUOUS_SINGLE_CANDIDATE,False,CREDITED,POSTGAME_ACTUAL_STARTER,ORACLE_STARTER_IDENTITY_ONLY,False
2022,18,REG,2023-01-08,2022_18_TB_ATL,TB,ATL,Tom Brady,BradTo00,00-0019596,STATHEAD_QB_STARTED_QUERY,Stage01 canonical reconciliation rank 1176,STATHEAD_UNAMBIGUOUS_SINGLE_CANDIDATE,False,CREDITED,Desmond Ridder,RiddDe00,00-0038122,STATHEAD_QB_STARTED_QUERY,Stage01 canonical reconciliation rank 1195,STATHEAD_UNAMBIGUOUS_SINGLE_CANDIDATE,False,CREDITED,POSTGAME_ACTUAL_STARTER,ORACLE_STARTER_IDENTITY_ONLY,False
2022,18,REG,2023-01-07,2022_18_TEN_JAX,TEN,JAX,Joshua Dobbs,DobbJo00,00-0033949,STATHEAD_QB_STARTED_QUERY,Stage01 canonical reconciliation rank 1202,STATHEAD_UNAMBIGUOUS_SINGLE_CANDIDATE,False,CREDITED,Trevor Lawrence,LawrTr00,00-0036971,STATHEAD_QB_STARTED_QUERY,Stage01 canonical reconciliation rank 1203,STATHEAD_UNAMBIGUOUS_SINGLE_CANDIDATE,False,CREDITED,POSTGAME_ACTUAL_STARTER,ORACLE_STARTER_IDENTITY_ONLY,False
2022,19,WC,2023-01-15,2022_19_BAL_CIN,BAL,CIN,Tyler Huntley,HuntTy01,00-0035993,STATHEAD_QB_STARTED_QUERY,Stage01 canonical reconciliation rank 1167,STATHEAD_UNAMBIGUOUS_SINGLE_CANDIDATE,False,CREDITED,Joe Burrow,BurrJo01,00-0036442,STATHEAD_QB_STARTED_QUERY,Stage01 canonical reconciliation rank 1165,STATHEAD_UNAMBIGUOUS_SINGLE_CANDIDATE,False,CREDITED,POSTGAME_ACTUAL_STARTER,ORACLE_STARTER_IDENTITY_ONLY,True
2022,19,WC,2023-01-16,2022_19_DAL_TB,DAL,TB,Dak Prescott,PresDa01,00-0033077,STATHEAD_QB_STARTED_QUERY,Stage01 canonical reconciliation rank 1163,STATHEAD_UNAMBIGUOUS_SINGLE_CANDIDATE,False,CREDITED,Tom Brady,BradTo00,00-0019596,STATHEAD_QB_STARTED_QUERY,Stage01 canonical reconciliation rank 1162,STATHEAD_UNAMBIGUOUS_SINGLE_CANDIDATE,False,CREDITED,POSTGAME_ACTUAL_STARTER,ORACLE_STARTER_IDENTITY_ONLY,True
2022,19,WC,2023-01-14,2022_19_LAC_JAX,LAC,JAX,Justin Herbert,HerbJu00,00-0036355,STATHEAD_QB_STARTED_QUERY,Stage01 canonical reconciliation rank 1170,STATHEAD_UNAMBIGUOUS_SINGLE_CANDIDATE,False,CREDITED,Trevor Lawrence,LawrTr00,00-0036971,STATHEAD_QB_STARTED_QUERY,Stage01 canonical reconciliation rank 1171,STATHEAD_UNAMBIGUOUS_SINGLE_CANDIDATE,False,CREDITED,POSTGAME_ACTUAL_STARTER,ORACLE_STARTER_IDENTITY_ONLY,True
2022,19,WC,2023-01-15,2022_19_MIA_BUF,MIA,BUF,Skylar Thompson,ThomSk00,00-0037327,STATHEAD_QB_STARTED_QUERY,Stage01 canonical reconciliation rank 1169,STATHEAD_UNAMBIGUOUS_SINGLE_CANDIDATE,False,CREDITED,Josh Allen,AlleJo02,00-0034857,STATHEAD_QB_STARTED_QUERY,Stage01 canonical reconciliation rank 1164,STATHEAD_UNAMBIGUOUS_SINGLE_CANDIDATE,False,CREDITED,POSTGAME_ACTUAL_STARTER,ORACLE_STARTER_IDENTITY_ONLY,True
2022,19,WC,2023-01-15,2022_19_NYG_MIN,NYG,MIN,Daniel Jones,JoneDa05,00-0035710,STATHEAD_QB_STARTED_QUERY,Stage01 canonical reconciliation rank 1168,STATHEAD_UNAMBIGUOUS_SINGLE_CANDIDATE,False,CREDITED,Kirk Cousins,CousKi00,00-0029604,STATHEAD_QB_STARTED_QUERY,Stage01 canonical reconciliation rank 1166,STATHEAD_UNAMBIGUOUS_SINGLE_CANDIDATE,False,CREDITED,POSTGAME_ACTUAL_STARTER,ORACLE_STARTER_IDENTITY_ONLY,True
2022,19,WC,2023-01-14,2022_19_SEA_SF,SEA,SF,Geno Smith,SmitGe00,00-0030565,STATHEAD_QB_STARTED_QUERY,Stage01 canonical reconciliation rank 1173,STATHEAD_UNAMBIGUOUS_SINGLE_CANDIDATE,False,CREDITED,Brock Purdy,PurdBr00,00-0037834,STATHEAD_QB_STARTED_QUERY,Stage01 canonical reconciliation rank 1172,STATHEAD_UNAMBIGUOUS_SINGLE_CANDIDATE,False,CREDITED,POSTGAME_ACTUAL_STARTER,ORACLE_STARTER_IDENTITY_ONLY,True
2022,20,DIV,2023-01-22,2022_20_CIN_BUF,CIN,BUF,Joe Burrow,BurrJo01,00-0036442,STATHEAD_QB_STARTED_QUERY,Stage01 canonical reconciliation rank 1155,STATHEAD_UNAMBIGUOUS_SINGLE_CANDIDATE,False,CREDITED,Josh Allen,AlleJo02,00-0034857,STATHEAD_QB_STARTED_QUERY,Stage01 canonical reconciliation rank 1154,STATHEAD_UNAMBIGUOUS_SINGLE_CANDIDATE,False,CREDITED,POSTGAME_ACTUAL_STARTER,ORACLE_STARTER_IDENTITY_ONLY,True
2022,20,DIV,2023-01-22,2022_20_DAL_SF,DAL,SF,Dak Prescott,PresDa01,00-0033077,STATHEAD_QB_STARTED_QUERY,Stage01 canonical reconciliation rank 1156,STATHEAD_UNAMBIGUOUS_SINGLE_CANDIDATE,False,CREDITED,Brock Purdy,PurdBr00,00-0037834,STATHEAD_QB_STARTED_QUERY,Stage01 canonical reconciliation rank 1157,STATHEAD_UNAMBIGUOUS_SINGLE_CANDIDATE,False,CREDITED,POSTGAME_ACTUAL_STARTER,ORACLE_STARTER_IDENTITY_ONLY,True
2022,20,DIV,2023-01-21,2022_20_JAX_KC,JAX,KC,Trevor Lawrence,LawrTr00,00-0036971,STATHEAD_QB_STARTED_QUERY,Stage01 canonical reconciliation rank 1160,STATHEAD_UNAMBIGUOUS_SINGLE_CANDIDATE,False,CREDITED,Patrick Mahomes,MahoPa00,00-0033873,STATHEAD_QB_STARTED_QUERY,Stage01 canonical reconciliation rank 1161,STATHEAD_UNAMBIGUOUS_SINGLE_CANDIDATE,False,CREDITED,POSTGAME_ACTUAL_STARTER,ORACLE_STARTER_IDENTITY_ONLY,True
2022,20,DIV,2023-01-21,2022_20_NYG_PHI,NYG,PHI,Daniel Jones,JoneDa05,00-0035710,STATHEAD_QB_STARTED_QUERY,Stage01 canonical reconciliation rank 1159,STATHEAD_UNAMBIGUOUS_SINGLE_CANDIDATE,False,CREDITED,Jalen Hurts,HurtJa00,00-0036389,STATHEAD_QB_STARTED_QUERY,Stage01 canonical reconciliation rank 1158,STATHEAD_UNAMBIGUOUS_SINGLE_CANDIDATE,False,CREDITED,POSTGAME_ACTUAL_STARTER,ORACLE_STARTER_IDENTITY_ONLY,True
2022,21,CON,2023-01-29,2022_21_CIN_KC,CIN,KC,Joe Burrow,BurrJo01,00-0036442,STATHEAD_QB_STARTED_QUERY,Stage01 canonical reconciliation rank 1150,STATHEAD_UNAMBIGUOUS_SINGLE_CANDIDATE,False,CREDITED,Patrick Mahomes,MahoPa00,00-0033873,STATHEAD_QB_STARTED_QUERY,Stage01 canonical reconciliation rank 1152,STATHEAD_UNAMBIGUOUS_SINGLE_CANDIDATE,False,CREDITED,POSTGAME_ACTUAL_STARTER,ORACLE_STARTER_IDENTITY_ONLY,True
2022,21,CON,2023-01-29,2022_21_SF_PHI,SF,PHI,Brock Purdy,PurdBr00,00-0037834,STATHEAD_QB_STARTED_QUERY,Stage01 canonical reconciliation rank 1153,STATHEAD_UNAMBIGUOUS_SINGLE_CANDIDATE,False,CREDITED,Jalen Hurts,HurtJa00,00-0036389,STATHEAD_QB_STARTED_QUERY,Stage01 canonical reconciliation rank 1151,STATHEAD_UNAMBIGUOUS_SINGLE_CANDIDATE,False,CREDITED,POSTGAME_ACTUAL_STARTER,ORACLE_STARTER_IDENTITY_ONLY,True
2022,22,SB,2023-02-12,2022_22_KC_PHI,KC,PHI,Patrick Mahomes,MahoPa00,00-0033873,STATHEAD_QB_STARTED_QUERY,Stage01 canonical reconciliation rank 1149,STATHEAD_UNAMBIGUOUS_SINGLE_CANDIDATE,False,CREDITED,Jalen Hurts,HurtJa00,00-0036389,STATHEAD_QB_STARTED_QUERY,Stage01 canonical reconciliation rank 1148,STATHEAD_UNAMBIGUOUS_SINGLE_CANDIDATE,False,CREDITED,POSTGAME_ACTUAL_STARTER,ORACLE_STARTER_IDENTITY_ONLY,True
2023,1,REG,2023-09-10,2023_01_ARI_WAS,ARI,WAS,Joshua Dobbs,DobbJo00,00-0033949,STATHEAD_QB_STARTED_QUERY,Stage01 canonical reconciliation rank 1121,STATHEAD_UNAMBIGUOUS_SINGLE_CANDIDATE,False,CREDITED,Sam Howell,HoweSa00,00-0037077,STATHEAD_QB_STARTED_QUERY,Stage01 canonical reconciliation rank 1125,STATHEAD_UNAMBIGUOUS_SINGLE_CANDIDATE,False,CREDITED,POSTGAME_ACTUAL_STARTER,ORACLE_STARTER_IDENTITY_ONLY,False
2023,1,REG,2023-09-11,2023_01_BUF_NYJ,BUF,NYJ,Josh Allen,AlleJo02,00-0034857,STATHEAD_QB_STARTED_QUERY,Stage01 canonical reconciliation rank 1116,STATHEAD_UNAMBIGUOUS_SINGLE_CANDIDATE,False,CREDITED,Aaron Rodgers,RodgAa00,00-0023459,STATHEAD_QB_STARTED_QUERY,Stage01 canonical reconciliation rank 1117,STATHEAD_UNAMBIGUOUS_SINGLE_CANDIDATE,False,CREDITED,POSTGAME_ACTUAL_STARTER,ORACLE_STARTER_IDENTITY_ONLY,False
2023,1,REG,2023-09-10,2023_01_CAR_ATL,CAR,ATL,Bryce Young,YounBr01,00-0039150,STATHEAD_QB_STARTED_QUERY,Stage01 canonical reconciliation rank 1145,STATHEAD_UNAMBIGUOUS_SINGLE_CANDIDATE,False,CREDITED,Desmond Ridder,RiddDe00,00-0038122,STATHEAD_QB_STARTED_QUERY,Stage01 canonical reconciliation rank 1137,STATHEAD_UNAMBIGUOUS_SINGLE_CANDIDATE,False,CREDITED,POSTGAME_ACTUAL_STARTER,ORACLE_STARTER_IDENTITY_ONLY,False
2023,1,REG,2023-09-10,2023_01_CIN_CLE,CIN,CLE,Joe Burrow,BurrJo01,00-0036442,STATHEAD_QB_STARTED_QUERY,Stage01 canonical reconciliation rank 1118,STATHEAD_UNAMBIGUOUS_SINGLE_CANDIDATE,False,CREDITED,Deshaun Watson,WatsDe00,00-0033537,STATHEAD_QB_STARTED_QUERY,Stage01 canonical reconciliation rank 1143,STATHEAD_UNAMBIGUOUS_SINGLE_CANDIDATE,False,CREDITED,POSTGAME_ACTUAL_STARTER,ORACLE_STARTER_IDENTITY_ONLY,False
2023,1,REG,2023-09-10,2023_01_DAL_NYG,DAL,NYG,Dak Prescott,PresDa01,00-0033077,STATHEAD_QB_STARTED_QUERY,Stage01 canonical reconciliation rank 1134,STATHEAD_UNAMBIGUOUS_SINGLE_CANDIDATE,False,CREDITED,Daniel Jones,JoneDa05,00-0035710,STATHEAD_QB_STARTED_QUERY,Stage01 canonical reconciliation rank 1128,STATHEAD_UNAMBIGUOUS_SINGLE_CANDIDATE,False,CREDITED,POSTGAME_ACTUAL_STARTER,ORACLE_STARTER_IDENTITY_ONLY,False
2023,1,REG,2023-09-07,2023_01_DET_KC,DET,KC,Jared Goff,GoffJa00,00-0033106,STATHEAD_QB_STARTED_QUERY,Stage01 canonical reconciliation rank 1146,STATHEAD_UNAMBIGUOUS_SINGLE_CANDIDATE,False,CREDITED,Patrick Mahomes,MahoPa00,00-0033873,STATHEAD_QB_STARTED_QUERY,Stage01 canonical reconciliation rank 1147,STATHEAD_UNAMBIGUOUS_SINGLE_CANDIDATE,False,CREDITED,POSTGAME_ACTUAL_STARTER,ORACLE_STARTER_IDENTITY_ONLY,False
2023,1,REG,2023-09-10,2023_01_GB_CHI,GB,CHI,Jordan Love,LoveJo03,00-0036264,STATHEAD_QB_STARTED_QUERY,Stage01 canonical reconciliation rank 1131,STATHEAD_UNAMBIGUOUS_SINGLE_CANDIDATE,False,CREDITED,Justin Fields,FielJu00,00-0036945,STATHEAD_QB_STARTED_QUERY,Stage01 canonical reconciliation rank 1122,STATHEAD_UNAMBIGUOUS_SINGLE_CANDIDATE,False,CREDITED,POSTGAME_ACTUAL_STARTER,ORACLE_STARTER_IDENTITY_ONLY,False
2023,1,REG,2023-09-10,2023_01_HOU_BAL,HOU,BAL,C.J. Stroud,StroCJ00,00-0039163,STATHEAD_QB_STARTED_QUERY,Stage01 canonical reconciliation rank 1140,STATHEAD_UNAMBIGUOUS_SINGLE_CANDIDATE,False,CREDITED,Lamar Jackson,JackLa00,00-0034796,STATHEAD_QB_STARTED_QUERY,Stage01 canonical reconciliation rank 1127,STATHEAD_UNAMBIGUOUS_SINGLE_CANDIDATE,False,CREDITED,POSTGAME_ACTUAL_STARTER,ORACLE_STARTER_IDENTITY_ONLY,False
2023,1,REG,2023-09-10,2023_01_JAX_IND,JAX,IND,Trevor Lawrence,LawrTr00,00-0036971,STATHEAD_QB_STARTED_QUERY,Stage01 canonical reconciliation rank 1130,STATHEAD_UNAMBIGUOUS_SINGLE_CANDIDATE,False,CREDITED,Anthony Richardson,RichAn03,00-0039164,STATHEAD_QB_STARTED_QUERY,Stage01 canonical reconciliation rank 1136,STATHEAD_UNAMBIGUOUS_SINGLE_CANDIDATE,False,CREDITED,POSTGAME_ACTUAL_STARTER,ORACLE_STARTER_IDENTITY_ONLY,False
2023,1,REG,2023-09-10,2023_01_LA_SEA,LAR,SEA,Matthew Stafford,StafMa00,00-0026498,STATHEAD_QB_STARTED_QUERY,Stage01 canonical reconciliation rank 1139,STATHEAD_UNAMBIGUOUS_SINGLE_CANDIDATE,False,CREDITED,Geno Smith,SmitGe00,00-0030565,STATHEAD_QB_STARTED_QUERY,Stage01 canonical reconciliation rank 1138,STATHEAD_UNAMBIGUOUS_SINGLE_CANDIDATE,False,CREDITED,POSTGAME_ACTUAL_STARTER,ORACLE_STARTER_IDENTITY_ONLY,False
2023,1,REG,2023-09-10,2023_01_LV_DEN,LV,DEN,Jimmy Garoppolo,GaroJi00,00-0031345,STATHEAD_QB_STARTED_QUERY,Stage01 canonical reconciliation rank 1123,STATHEAD_UNAMBIGUOUS_SINGLE_CANDIDATE,False,CREDITED,Russell Wilson,WilsRu00,00-0029263,STATHEAD_QB_STARTED_QUERY,Stage01 canonical reconciliation rank 1144,STATHEAD_UNAMBIGUOUS_SINGLE_CANDIDATE,False,CREDITED,POSTGAME_ACTUAL_STARTER,ORACLE_STARTER_IDENTITY_ONLY,False
2023,1,REG,2023-09-10,2023_01_MIA_LAC,MIA,LAC,Tua Tagovailoa,TagoTu00,00-0036212,STATHEAD_QB_STARTED_QUERY,Stage01 canonical reconciliation rank 1141,STATHEAD_UNAMBIGUOUS_SINGLE_CANDIDATE,False,CREDITED,Justin Herbert,HerbJu00,00-0036355,STATHEAD_QB_STARTED_QUERY,Stage01 canonical reconciliation rank 1124,STATHEAD_UNAMBIGUOUS_SINGLE_CANDIDATE,False,CREDITED,POSTGAME_ACTUAL_STARTER,ORACLE_STARTER_IDENTITY_ONLY,False
2023,1,REG,2023-09-10,2023_01_PHI_NE,PHI,NE,Jalen Hurts,HurtJa00,00-0036389,STATHEAD_QB_STARTED_QUERY,Stage01 canonical reconciliation rank 1126,STATHEAD_UNAMBIGUOUS_SINGLE_CANDIDATE,False,CREDITED,Mac Jones,JoneMa05,00-0036972,STATHEAD_QB_STARTED_QUERY,Stage01 canonical reconciliation rank 1129,STATHEAD_UNAMBIGUOUS_SINGLE_CANDIDATE,False,CREDITED,POSTGAME_ACTUAL_STARTER,ORACLE_STARTER_IDENTITY_ONLY,False
2023,1,REG,2023-09-10,2023_01_SF_PIT,SF,PIT,Brock Purdy,PurdBr00,00-0037834,STATHEAD_QB_STARTED_QUERY,Stage01 canonical reconciliation rank 1135,STATHEAD_UNAMBIGUOUS_SINGLE_CANDIDATE,False,CREDITED,Kenny Pickett,PickKe00,00-0038102,STATHEAD_QB_STARTED_QUERY,Stage01 canonical reconciliation rank 1133,STATHEAD_UNAMBIGUOUS_SINGLE_CANDIDATE,False,CREDITED,POSTGAME_ACTUAL_STARTER,ORACLE_STARTER_IDENTITY_ONLY,False
2023,1,REG,2023-09-10,2023_01_TB_MIN,TB,MIN,Baker Mayfield,MayfBa00,00-0034855,STATHEAD_QB_STARTED_QUERY,Stage01 canonical reconciliation rank 1132,STATHEAD_UNAMBIGUOUS_SINGLE_CANDIDATE,False,CREDITED,Kirk Cousins,CousKi00,00-0029604,STATHEAD_QB_STARTED_QUERY,Stage01 canonical reconciliation rank 1120,STATHEAD_UNAMBIGUOUS_SINGLE_CANDIDATE,False,CREDITED,POSTGAME_ACTUAL_STARTER,ORACLE_STARTER_IDENTITY_ONLY,False
2023,1,REG,2023-09-10,2023_01_TEN_NO,TEN,NO,Ryan Tannehill,TannRy00,00-0029701,STATHEAD_QB_STARTED_QUERY,Stage01 canonical reconciliation rank 1142,STATHEAD_UNAMBIGUOUS_SINGLE_CANDIDATE,False,CREDITED,Derek Carr,CarrDe02,00-0031280,STATHEAD_QB_STARTED_QUERY,Stage01 canonical reconciliation rank 1119,STATHEAD_UNAMBIGUOUS_SINGLE_CANDIDATE,False,CREDITED,POSTGAME_ACTUAL_STARTER,ORACLE_STARTER_IDENTITY_ONLY,False
2023,2,REG,2023-09-17,2023_02_BAL_CIN,BAL,CIN,Lamar Jackson,JackLa00,00-0034796,STATHEAD_QB_STARTED_QUERY,Stage01 canonical reconciliation rank 1096,STATHEAD_UNAMBIGUOUS_SINGLE_CANDIDATE,False,CREDITED,Joe Burrow,BurrJo01,00-0036442,STATHEAD_QB_STARTED_QUERY,Stage01 canonical reconciliation rank 1089,STATHEAD_UNAMBIGUOUS_SINGLE_CANDIDATE,False,CREDITED,POSTGAME_ACTUAL_STARTER,ORACLE_STARTER_IDENTITY_ONLY,False
2023,2,REG,2023-09-17,2023_02_CHI_TB,CHI,TB,Justin Fields,FielJu00,00-0036945,STATHEAD_QB_STARTED_QUERY,Stage01 canonical reconciliation rank 1091,STATHEAD_UNAMBIGUOUS_SINGLE_CANDIDATE,False,CREDITED,Baker Mayfield,MayfBa00,00-0034855,STATHEAD_QB_STARTED_QUERY,Stage01 canonical reconciliation rank 1102,STATHEAD_UNAMBIGUOUS_SINGLE_CANDIDATE,False,CREDITED,POSTGAME_ACTUAL_STARTER,ORACLE_STARTER_IDENTITY_ONLY,False
2023,2,REG,2023-09-18,2023_02_CLE_PIT,CLE,PIT,Deshaun Watson,WatsDe00,00-0033537,STATHEAD_QB_STARTED_QUERY,Stage01 canonical reconciliation rank 1086,STATHEAD_UNAMBIGUOUS_SINGLE_CANDIDATE,False,CREDITED,Kenny Pickett,PickKe00,00-0038102,STATHEAD_QB_STARTED_QUERY,Stage01 canonical reconciliation rank 1085,STATHEAD_UNAMBIGUOUS_SINGLE_CANDIDATE,False,CREDITED,POSTGAME_ACTUAL_STARTER,ORACLE_STARTER_IDENTITY_ONLY,False
2023,2,REG,2023-09-17,2023_02_GB_ATL,GB,ATL,Jordan Love,LoveJo03,00-0036264,STATHEAD_QB_STARTED_QUERY,Stage01 canonical reconciliation rank 1100,STATHEAD_UNAMBIGUOUS_SINGLE_CANDIDATE,False,CREDITED,Desmond Ridder,RiddDe00,00-0038122,STATHEAD_QB_STARTED_QUERY,Stage01 canonical reconciliation rank 1106,STATHEAD_UNAMBIGUOUS_SINGLE_CANDIDATE,False,CREDITED,POSTGAME_ACTUAL_STARTER,ORACLE_STARTER_IDENTITY_ONLY,False
2023,2,REG,2023-09-17,2023_02_IND_HOU,IND,HOU,Anthony Richardson,RichAn03,00-0039164,STATHEAD_QB_STARTED_QUERY,Stage01 canonical reconciliation rank 1105,STATHEAD_UNAMBIGUOUS_SINGLE_CANDIDATE,False,CREDITED,C.J. Stroud,StroCJ00,00-0039163,STATHEAD_QB_STARTED_QUERY,Stage01 canonical reconciliation rank 1109,STATHEAD_UNAMBIGUOUS_SINGLE_CANDIDATE,False,CREDITED,POSTGAME_ACTUAL_STARTER,ORACLE_STARTER_IDENTITY_ONLY,False
2023,2,REG,2023-09-17,2023_02_KC_JAX,KC,JAX,Patrick Mahomes,MahoPa00,00-0033873,STATHEAD_QB_STARTED_QUERY,Stage01 canonical reconciliation rank 1101,STATHEAD_UNAMBIGUOUS_SINGLE_CANDIDATE,False,CREDITED,Trevor Lawrence,LawrTr00,00-0036971,STATHEAD_QB_STARTED_QUERY,Stage01 canonical reconciliation rank 1099,STATHEAD_UNAMBIGUOUS_SINGLE_CANDIDATE,False,CREDITED,POSTGAME_ACTUAL_STARTER,ORACLE_STARTER_IDENTITY_ONLY,False
2023,2,REG,2023-09-17,2023_02_LAC_TEN,LAC,TEN,Justin Herbert,HerbJu00,00-0036355,STATHEAD_QB_STARTED_QUERY,Stage01 canonical reconciliation rank 1094,STATHEAD_UNAMBIGUOUS_SINGLE_CANDIDATE,False,CREDITED,Ryan Tannehill,TannRy00,00-0029701,STATHEAD_QB_STARTED_QUERY,Stage01 canonical reconciliation rank 1111,STATHEAD_UNAMBIGUOUS_SINGLE_CANDIDATE,False,CREDITED,POSTGAME_ACTUAL_STARTER,ORACLE_STARTER_IDENTITY_ONLY,False
2023,2,REG,2023-09-17,2023_02_LV_BUF,LV,BUF,Jimmy Garoppolo,GaroJi00,00-0031345,STATHEAD_QB_STARTED_QUERY,Stage01 canonical reconciliation rank 1092,STATHEAD_UNAMBIGUOUS_SINGLE_CANDIDATE,False,CREDITED,Josh Allen,AlleJo02,00-0034857,STATHEAD_QB_STARTED_QUERY,Stage01 canonical reconciliation rank 1088,STATHEAD_UNAMBIGUOUS_SINGLE_CANDIDATE,False,CREDITED,POSTGAME_ACTUAL_STARTER,ORACLE_STARTER_IDENTITY_ONLY,False
2023,2,REG,2023-09-17,2023_02_MIA_NE,MIA,NE,Tua Tagovailoa,TagoTu00,00-0036212,STATHEAD_QB_STARTED_QUERY,Stage01 canonical reconciliation rank 1110,STATHEAD_UNAMBIGUOUS_SINGLE_CANDIDATE,False,CREDITED,Mac Jones,JoneMa05,00-0036972,STATHEAD_QB_STARTED_QUERY,Stage01 canonical reconciliation rank 1098,STATHEAD_UNAMBIGUOUS_SINGLE_CANDIDATE,False,CREDITED,POSTGAME_ACTUAL_STARTER,ORACLE_STARTER_IDENTITY_ONLY,False
2023,2,REG,2023-09-14,2023_02_MIN_PHI,MIN,PHI,Kirk Cousins,CousKi00,00-0029604,STATHEAD_QB_STARTED_QUERY,Stage01 canonical reconciliation rank 1114,STATHEAD_UNAMBIGUOUS_SINGLE_CANDIDATE,False,CREDITED,Jalen Hurts,HurtJa00,00-0036389,STATHEAD_QB_STARTED_QUERY,Stage01 canonical reconciliation rank 1115,STATHEAD_UNAMBIGUOUS_SINGLE_CANDIDATE,False,CREDITED,POSTGAME_ACTUAL_STARTER,ORACLE_STARTER_IDENTITY_ONLY,False
2023,2,REG,2023-09-18,2023_02_NO_CAR,NO,CAR,Derek Carr,CarrDe02,00-0031280,VALIDATED_MANUAL_WEB_RESEARCH,,VALIDATED_MANUAL_WEB_EXCEPTION,False,CREDITED,Bryce Young,YounBr01,00-0039150,STATHEAD_QB_STARTED_QUERY,Stage01 canonical reconciliation rank 1087,STATHEAD_UNAMBIGUOUS_SINGLE_CANDIDATE,False,CREDITED,POSTGAME_ACTUAL_STARTER,ORACLE_STARTER_IDENTITY_ONLY,False
2023,2,REG,2023-09-17,2023_02_NYG_ARI,NYG,ARI,Daniel Jones,JoneDa05,00-0035710,STATHEAD_QB_STARTED_QUERY,Stage01 canonical reconciliation rank 1097,STATHEAD_UNAMBIGUOUS_SINGLE_CANDIDATE,False,CREDITED,Joshua Dobbs,DobbJo00,00-0033949,STATHEAD_QB_STARTED_QUERY,Stage01 canonical reconciliation rank 1090,STATHEAD_UNAMBIGUOUS_SINGLE_CANDIDATE,False,CREDITED,POSTGAME_ACTUAL_STARTER,ORACLE_STARTER_IDENTITY_ONLY,False
2023,2,REG,2023-09-17,2023_02_NYJ_DAL,NYJ,DAL,Zach Wilson,WilsZa00,00-0037013,STATHEAD_QB_STARTED_QUERY,Stage01 canonical reconciliation rank 1113,STATHEAD_UNAMBIGUOUS_SINGLE_CANDIDATE,False,CREDITED,Dak Prescott,PresDa01,00-0033077,STATHEAD_QB_STARTED_QUERY,Stage01 canonical reconciliation rank 1103,STATHEAD_UNAMBIGUOUS_SINGLE_CANDIDATE,False,CREDITED,POSTGAME_ACTUAL_STARTER,ORACLE_STARTER_IDENTITY_ONLY,False
2023,2,REG,2023-09-17,2023_02_SEA_DET,SEA,DET,Geno Smith,SmitGe00,00-0030565,STATHEAD_QB_STARTED_QUERY,Stage01 canonical reconciliation rank 1107,STATHEAD_UNAMBIGUOUS_SINGLE_CANDIDATE,False,CREDITED,Jared Goff,GoffJa00,00-0033106,STATHEAD_QB_STARTED_QUERY,Stage01 canonical reconciliation rank 1093,STATHEAD_UNAMBIGUOUS_SINGLE_CANDIDATE,False,CREDITED,POSTGAME_ACTUAL_STARTER,ORACLE_STARTER_IDENTITY_ONLY,False
2023,2,REG,2023-09-17,2023_02_SF_LA,SF,LAR,Brock Purdy,PurdBr00,00-0037834,STATHEAD_QB_STARTED_QUERY,Stage01 canonical reconciliation rank 1104,STATHEAD_UNAMBIGUOUS_SINGLE_CANDIDATE,False,CREDITED,Matthew Stafford,StafMa00,00-0026498,STATHEAD_QB_STARTED_QUERY,Stage01 canonical reconciliation rank 1108,STATHEAD_UNAMBIGUOUS_SINGLE_CANDIDATE,False,CREDITED,POSTGAME_ACTUAL_STARTER,ORACLE_STARTER_IDENTITY_ONLY,False
2023,2,REG,2023-09-17,2023_02_WAS_DEN,WAS,DEN,Sam Howell,HoweSa00,00-0037077,STATHEAD_QB_STARTED_QUERY,Stage01 canonical reconciliation rank 1095,STATHEAD_UNAMBIGUOUS_SINGLE_CANDIDATE,False,CREDITED,Russell Wilson,WilsRu00,00-0029263,STATHEAD_QB_STARTED_QUERY,Stage01 canonical reconciliation rank 1112,STATHEAD_UNAMBIGUOUS_SINGLE_CANDIDATE,False,CREDITED,POSTGAME_ACTUAL_STARTER,ORACLE_STARTER_IDENTITY_ONLY,False
2023,3,REG,2023-09-24,2023_03_ATL_DET,ATL,DET,Desmond Ridder,RiddDe00,00-0038122,STATHEAD_QB_STARTED_QUERY,Stage01 canonical reconciliation rank 1073,STATHEAD_UNAMBIGUOUS_SINGLE_CANDIDATE,False,CREDITED,Jared Goff,GoffJa00,00-0033106,STATHEAD_QB_STARTED_QUERY,Stage01 canonical reconciliation rank 1062,STATHEAD_UNAMBIGUOUS_SINGLE_CANDIDATE,False,CREDITED,POSTGAME_ACTUAL_STARTER,ORACLE_STARTER_IDENTITY_ONLY,False
2023,3,REG,2023-09-24,2023_03_BUF_WAS,BUF,WAS,Josh Allen,AlleJo02,00-0034857,STATHEAD_QB_STARTED_QUERY,Stage01 canonical reconciliation rank 1055,STATHEAD_UNAMBIGUOUS_SINGLE_CANDIDATE,False,CREDITED,Sam Howell,HoweSa00,00-0037077,STATHEAD_QB_STARTED_QUERY,Stage01 canonical reconciliation rank 1064,STATHEAD_UNAMBIGUOUS_SINGLE_CANDIDATE,False,CREDITED,POSTGAME_ACTUAL_STARTER,ORACLE_STARTER_IDENTITY_ONLY,False
2023,3,REG,2023-09-24,2023_03_CAR_SEA,CAR,SEA,Andy Dalton,DaltAn00,00-0027973,STATHEAD_QB_STARTED_QUERY,Stage01 canonical reconciliation rank 1058,STATHEAD_UNAMBIGUOUS_SINGLE_CANDIDATE,False,CREDITED,Geno Smith,SmitGe00,00-0030565,STATHEAD_QB_STARTED_QUERY,Stage01 canonical reconciliation rank 1074,STATHEAD_UNAMBIGUOUS_SINGLE_CANDIDATE,False,CREDITED,POSTGAME_ACTUAL_STARTER,ORACLE_STARTER_IDENTITY_ONLY,False
2023,3,REG,2023-09-24,2023_03_CHI_KC,CHI,KC,Justin Fields,FielJu00,00-0036945,STATHEAD_QB_STARTED_QUERY,Stage01 canonical reconciliation rank 1060,STATHEAD_UNAMBIGUOUS_SINGLE_CANDIDATE,False,CREDITED,Patrick Mahomes,MahoPa00,00-0033873,STATHEAD_QB_STARTED_QUERY,Stage01 canonical reconciliation rank 1069,STATHEAD_UNAMBIGUOUS_SINGLE_CANDIDATE,False,CREDITED,POSTGAME_ACTUAL_STARTER,ORACLE_STARTER_IDENTITY_ONLY,False
2023,3,REG,2023-09-24,2023_03_DAL_ARI,DAL,ARI,Dak Prescott,PresDa01,00-0033077,STATHEAD_QB_STARTED_QUERY,Stage01 canonical reconciliation rank 1072,STATHEAD_UNAMBIGUOUS_SINGLE_CANDIDATE,False,CREDITED,Joshua Dobbs,DobbJo00,00-0033949,STATHEAD_QB_STARTED_QUERY,Stage01 canonical reconciliation rank 1059,STATHEAD_UNAMBIGUOUS_SINGLE_CANDIDATE,False,CREDITED,POSTGAME_ACTUAL_STARTER,ORACLE_STARTER_IDENTITY_ONLY,False
2023,3,REG,2023-09-24,2023_03_DEN_MIA,DEN,MIA,Russell Wilson,WilsRu00,00-0029263,STATHEAD_QB_STARTED_QUERY,Stage01 canonical reconciliation rank 1079,STATHEAD_UNAMBIGUOUS_SINGLE_CANDIDATE,False,CREDITED,Tua Tagovailoa,TagoTu00,00-0036212,STATHEAD_QB_STARTED_QUERY,Stage01 canonical reconciliation rank 1076,STATHEAD_UNAMBIGUOUS_SINGLE_CANDIDATE,False,CREDITED,POSTGAME_ACTUAL_STARTER,ORACLE_STARTER_IDENTITY_ONLY,False
2023,3,REG,2023-09-24,2023_03_HOU_JAX,HOU,JAX,C.J. Stroud,StroCJ00,00-0039163,STATHEAD_QB_STARTED_QUERY,Stage01 canonical reconciliation rank 1075,STATHEAD_UNAMBIGUOUS_SINGLE_CANDIDATE,False,CREDITED,Trevor Lawrence,LawrTr00,00-0036971,STATHEAD_QB_STARTED_QUERY,Stage01 canonical reconciliation rank 1067,STATHEAD_UNAMBIGUOUS_SINGLE_CANDIDATE,False,CREDITED,POSTGAME_ACTUAL_STARTER,ORACLE_STARTER_IDENTITY_ONLY,False
2023,3,REG,2023-09-24,2023_03_IND_BAL,IND,BAL,Gardner Minshew II,MinsGa00,00-0035289,STATHEAD_QB_STARTED_QUERY,Stage01 canonical reconciliation rank 1070,STATHEAD_UNAMBIGUOUS_SINGLE_CANDIDATE,False,CREDITED,Lamar Jackson,JackLa00,00-0034796,STATHEAD_QB_STARTED_QUERY,Stage01 canonical reconciliation rank 1065,STATHEAD_UNAMBIGUOUS_SINGLE_CANDIDATE,False,CREDITED,POSTGAME_ACTUAL_STARTER,ORACLE_STARTER_IDENTITY_ONLY,False
2023,3,REG,2023-09-24,2023_03_LAC_MIN,LAC,MIN,Justin Herbert,HerbJu00,00-0036355,STATHEAD_QB_STARTED_QUERY,Stage01 canonical reconciliation rank 1063,STATHEAD_UNAMBIGUOUS_SINGLE_CANDIDATE,False,CREDITED,Kirk Cousins,CousKi00,00-0029604,STATHEAD_QB_STARTED_QUERY,Stage01 canonical reconciliation rank 1057,STATHEAD_UNAMBIGUOUS_SINGLE_CANDIDATE,False,CREDITED,POSTGAME_ACTUAL_STARTER,ORACLE_STARTER_IDENTITY_ONLY,False
2023,3,REG,2023-09-25,2023_03_LA_CIN,LAR,CIN,Matthew Stafford,StafMa00,00-0026498,STATHEAD_QB_STARTED_QUERY,Stage01 canonical reconciliation rank 1054,STATHEAD_UNAMBIGUOUS_SINGLE_CANDIDATE,False,CREDITED,Joe Burrow,BurrJo01,00-0036442,STATHEAD_QB_STARTED_QUERY,Stage01 canonical reconciliation rank 1051,STATHEAD_UNAMBIGUOUS_SINGLE_CANDIDATE,False,CREDITED,POSTGAME_ACTUAL_STARTER,ORACLE_STARTER_IDENTITY_ONLY,False
2023,3,REG,2023-09-24,2023_03_NE_NYJ,NE,NYJ,Mac Jones,JoneMa05,00-0036972,STATHEAD_QB_STARTED_QUERY,Stage01 canonical reconciliation rank 1066,STATHEAD_UNAMBIGUOUS_SINGLE_CANDIDATE,False,CREDITED,Zach Wilson,WilsZa00,00-0037013,STATHEAD_QB_STARTED_QUERY,Stage01 canonical reconciliation rank 1080,STATHEAD_UNAMBIGUOUS_SINGLE_CANDIDATE,False,CREDITED,POSTGAME_ACTUAL_STARTER,ORACLE_STARTER_IDENTITY_ONLY,False
2023,3,REG,2023-09-24,2023_03_NO_GB,NO,GB,Derek Carr,CarrDe02,00-0031280,STATHEAD_QB_STARTED_QUERY,Stage01 canonical reconciliation rank 1056,STATHEAD_UNAMBIGUOUS_SINGLE_CANDIDATE,False,CREDITED,Jordan Love,LoveJo03,00-0036264,STATHEAD_QB_STARTED_QUERY,Stage01 canonical reconciliation rank 1068,STATHEAD_UNAMBIGUOUS_SINGLE_CANDIDATE,False,CREDITED,POSTGAME_ACTUAL_STARTER,ORACLE_STARTER_IDENTITY_ONLY,False
2023,3,REG,2023-09-21,2023_03_NYG_SF,NYG,SF,Daniel Jones,JoneDa05,00-0035710,STATHEAD_QB_STARTED_QUERY,Stage01 canonical reconciliation rank 1081,STATHEAD_UNAMBIGUOUS_SINGLE_CANDIDATE,False,CREDITED,Brock Purdy,PurdBr00,00-0037834,STATHEAD_QB_STARTED_QUERY,Stage01 canonical reconciliation rank 1082,STATHEAD_UNAMBIGUOUS_SINGLE_CANDIDATE,False,CREDITED,POSTGAME_ACTUAL_STARTER,ORACLE_STARTER_IDENTITY_ONLY,False
2023,3,REG,2023-09-25,2023_03_PHI_TB,PHI,TB,Jalen Hurts,HurtJa00,00-0036389,STATHEAD_QB_STARTED_QUERY,Stage01 canonical reconciliation rank 1052,STATHEAD_UNAMBIGUOUS_SINGLE_CANDIDATE,False,CREDITED,Baker Mayfield,MayfBa00,00-0034855,STATHEAD_QB_STARTED_QUERY,Stage01 canonical reconciliation rank 1053,STATHEAD_UNAMBIGUOUS_SINGLE_CANDIDATE,False,CREDITED,POSTGAME_ACTUAL_STARTER,ORACLE_STARTER_IDENTITY_ONLY,False
2023,3,REG,2023-09-24,2023_03_PIT_LV,PIT,LV,Kenny Pickett,PickKe00,00-0038102,STATHEAD_QB_STARTED_QUERY,Stage01 canonical reconciliation rank 1071,STATHEAD_UNAMBIGUOUS_SINGLE_CANDIDATE,False,CREDITED,Jimmy Garoppolo,GaroJi00,00-0031345,STATHEAD_QB_STARTED_QUERY,Stage01 canonical reconciliation rank 1061,STATHEAD_UNAMBIGUOUS_SINGLE_CANDIDATE,False,CREDITED,POSTGAME_ACTUAL_STARTER,ORACLE_STARTER_IDENTITY_ONLY,False
2023,3,REG,2023-09-24,2023_03_TEN_CLE,TEN,CLE,Ryan Tannehill,TannRy00,00-0029701,STATHEAD_QB_STARTED_QUERY,Stage01 canonical reconciliation rank 1077,STATHEAD_UNAMBIGUOUS_SINGLE_CANDIDATE,False,CREDITED,Deshaun Watson,WatsDe00,00-0033537,STATHEAD_QB_STARTED_QUERY,Stage01 canonical reconciliation rank 1078,STATHEAD_UNAMBIGUOUS_SINGLE_CANDIDATE,False,CREDITED,POSTGAME_ACTUAL_STARTER,ORACLE_STARTER_IDENTITY_ONLY,False
2023,4,REG,2023-10-01,2023_04_ARI_SF,ARI,SF,Joshua Dobbs,DobbJo00,00-0033949,STATHEAD_QB_STARTED_QUERY,Stage01 canonical reconciliation rank 1024,STATHEAD_UNAMBIGUOUS_SINGLE_CANDIDATE,False,CREDITED,Brock Purdy,PurdBr00,00-0037834,STATHEAD_QB_STARTED_QUERY,Stage01 canonical reconciliation rank 1038,STATHEAD_UNAMBIGUOUS_SINGLE_CANDIDATE,False,CREDITED,POSTGAME_ACTUAL_STARTER,ORACLE_STARTER_IDENTITY_ONLY,False
2023,4,REG,2023-10-01,2023_04_ATL_JAX,ATL,JAX,Desmond Ridder,RiddDe00,00-0038122,STATHEAD_QB_STARTED_QUERY,Stage01 canonical reconciliation rank 1040,STATHEAD_UNAMBIGUOUS_SINGLE_CANDIDATE,False,CREDITED,Trevor Lawrence,LawrTr00,00-0036971,STATHEAD_QB_STARTED_QUERY,Stage01 canonical reconciliation rank 1032,STATHEAD_UNAMBIGUOUS_SINGLE_CANDIDATE,False,CREDITED,POSTGAME_ACTUAL_STARTER,ORACLE_STARTER_IDENTITY_ONLY,False
2023,4,REG,2023-10-01,2023_04_BAL_CLE,BAL,CLE,Lamar Jackson,JackLa00,00-0034796,STATHEAD_QB_STARTED_QUERY,Stage01 canonical reconciliation rank 1030,STATHEAD_UNAMBIGUOUS_SINGLE_CANDIDATE,False,CREDITED,Dorian Thompson-Robinson,ThomDo02,00-0038583,STATHEAD_QB_STARTED_QUERY,Stage01 canonical reconciliation rank 1045,STATHEAD_UNAMBIGUOUS_SINGLE_CANDIDATE,False,CREDITED,POSTGAME_ACTUAL_STARTER,ORACLE_STARTER_IDENTITY_ONLY,False
2023,4,REG,2023-10-01,2023_04_CIN_TEN,CIN,TEN,Joe Burrow,BurrJo01,00-0036442,STATHEAD_QB_STARTED_QUERY,Stage01 canonical reconciliation rank 1021,STATHEAD_UNAMBIGUOUS_SINGLE_CANDIDATE,False,CREDITED,Ryan Tannehill,TannRy00,00-0029701,STATHEAD_QB_STARTED_QUERY,Stage01 canonical reconciliation rank 1044,STATHEAD_UNAMBIGUOUS_SINGLE_CANDIDATE,False,CREDITED,POSTGAME_ACTUAL_STARTER,ORACLE_STARTER_IDENTITY_ONLY,False
2023,4,REG,2023-10-01,2023_04_DEN_CHI,DEN,CHI,Russell Wilson,WilsRu00,00-0029263,STATHEAD_QB_STARTED_QUERY,Stage01 canonical reconciliation rank 1046,STATHEAD_UNAMBIGUOUS_SINGLE_CANDIDATE,False,CREDITED,Justin Fields,FielJu00,00-0036945,STATHEAD_QB_STARTED_QUERY,Stage01 canonical reconciliation rank 1025,STATHEAD_UNAMBIGUOUS_SINGLE_CANDIDATE,False,CREDITED,POSTGAME_ACTUAL_STARTER,ORACLE_STARTER_IDENTITY_ONLY,False
2023,4,REG,2023-09-28,2023_04_DET_GB,DET,GB,Jared Goff,GoffJa00,00-0033106,STATHEAD_QB_STARTED_QUERY,Stage01 canonical reconciliation rank 1049,STATHEAD_UNAMBIGUOUS_SINGLE_CANDIDATE,False,CREDITED,Jordan Love,LoveJo03,00-0036264,STATHEAD_QB_STARTED_QUERY,Stage01 canonical reconciliation rank 1050,STATHEAD_UNAMBIGUOUS_SINGLE_CANDIDATE,False,CREDITED,POSTGAME_ACTUAL_STARTER,ORACLE_STARTER_IDENTITY_ONLY,False
2023,4,REG,2023-10-01,2023_04_KC_NYJ,KC,NYJ,Patrick Mahomes,MahoPa00,00-0033873,STATHEAD_QB_STARTED_QUERY,Stage01 canonical reconciliation rank 1033,STATHEAD_UNAMBIGUOUS_SINGLE_CANDIDATE,False,CREDITED,Zach Wilson,WilsZa00,00-0037013,STATHEAD_QB_STARTED_QUERY,Stage01 canonical reconciliation rank 1047,STATHEAD_UNAMBIGUOUS_SINGLE_CANDIDATE,False,CREDITED,POSTGAME_ACTUAL_STARTER,ORACLE_STARTER_IDENTITY_ONLY,False
2023,4,REG,2023-10-01,2023_04_LA_IND,LAR,IND,Matthew Stafford,StafMa00,00-0026498,STATHEAD_QB_STARTED_QUERY,Stage01 canonical reconciliation rank 1041,STATHEAD_UNAMBIGUOUS_SINGLE_CANDIDATE,False,CREDITED,Anthony Richardson,RichAn03,00-0039164,STATHEAD_QB_STARTED_QUERY,Stage01 canonical reconciliation rank 1039,STATHEAD_UNAMBIGUOUS_SINGLE_CANDIDATE,False,CREDITED,POSTGAME_ACTUAL_STARTER,ORACLE_STARTER_IDENTITY_ONLY,False
2023,4,REG,2023-10-01,2023_04_LV_LAC,LV,LAC,Aidan O'Connell,OConAi00,00-0038579,STATHEAD_QB_STARTED_QUERY,Stage01 canonical reconciliation rank 1035,STATHEAD_UNAMBIGUOUS_SINGLE_CANDIDATE,False,CREDITED,Justin Herbert,HerbJu00,00-0036355,STATHEAD_QB_STARTED_QUERY,Stage01 canonical reconciliation rank 1026,STATHEAD_UNAMBIGUOUS_SINGLE_CANDIDATE,False,CREDITED,POSTGAME_ACTUAL_STARTER,ORACLE_STARTER_IDENTITY_ONLY,False
2023,4,REG,2023-10-01,2023_04_MIA_BUF,MIA,BUF,Tua Tagovailoa,TagoTu00,00-0036212,STATHEAD_QB_STARTED_QUERY,Stage01 canonical reconciliation rank 1043,STATHEAD_UNAMBIGUOUS_SINGLE_CANDIDATE,False,CREDITED,Josh Allen,AlleJo02,00-0034857,STATHEAD_QB_STARTED_QUERY,Stage01 canonical reconciliation rank 1020,STATHEAD_UNAMBIGUOUS_SINGLE_CANDIDATE,False,CREDITED,POSTGAME_ACTUAL_STARTER,ORACLE_STARTER_IDENTITY_ONLY,False
2023,4,REG,2023-10-01,2023_04_MIN_CAR,MIN,CAR,Kirk Cousins,CousKi00,00-0029604,STATHEAD_QB_STARTED_QUERY,Stage01 canonical reconciliation rank 1023,STATHEAD_UNAMBIGUOUS_SINGLE_CANDIDATE,False,CREDITED,Bryce Young,YounBr01,00-0039150,STATHEAD_QB_STARTED_QUERY,Stage01 canonical reconciliation rank 1048,STATHEAD_UNAMBIGUOUS_SINGLE_CANDIDATE,False,CREDITED,POSTGAME_ACTUAL_STARTER,ORACLE_STARTER_IDENTITY_ONLY,False
2023,4,REG,2023-10-01,2023_04_NE_DAL,NE,DAL,Mac Jones,JoneMa05,00-0036972,STATHEAD_QB_STARTED_QUERY,Stage01 canonical reconciliation rank 1031,STATHEAD_UNAMBIGUOUS_SINGLE_CANDIDATE,False,CREDITED,Dak Prescott,PresDa01,00-0033077,STATHEAD_QB_STARTED_QUERY,Stage01 canonical reconciliation rank 1037,STATHEAD_UNAMBIGUOUS_SINGLE_CANDIDATE,False,CREDITED,POSTGAME_ACTUAL_STARTER,ORACLE_STARTER_IDENTITY_ONLY,False
2023,4,REG,2023-10-01,2023_04_PIT_HOU,PIT,HOU,Kenny Pickett,PickKe00,00-0038102,STATHEAD_QB_STARTED_QUERY,Stage01 canonical reconciliation rank 1036,STATHEAD_UNAMBIGUOUS_SINGLE_CANDIDATE,False,CREDITED,C.J. Stroud,StroCJ00,00-0039163,STATHEAD_QB_STARTED_QUERY,Stage01 canonical reconciliation rank 1042,STATHEAD_UNAMBIGUOUS_SINGLE_CANDIDATE,False,CREDITED,POSTGAME_ACTUAL_STARTER,ORACLE_STARTER_IDENTITY_ONLY,False
2023,4,REG,2023-10-02,2023_04_SEA_NYG,SEA,NYG,Geno Smith,SmitGe00,00-0030565,STATHEAD_QB_STARTED_QUERY,Stage01 canonical reconciliation rank 1019,STATHEAD_UNAMBIGUOUS_SINGLE_CANDIDATE,False,CREDITED,Daniel Jones,JoneDa05,00-0035710,STATHEAD_QB_STARTED_QUERY,Stage01 canonical reconciliation rank 1018,STATHEAD_UNAMBIGUOUS_SINGLE_CANDIDATE,False,CREDITED,POSTGAME_ACTUAL_STARTER,ORACLE_STARTER_IDENTITY_ONLY,False
2023,4,REG,2023-10-01,2023_04_TB_NO,TB,NO,Baker Mayfield,MayfBa00,00-0034855,STATHEAD_QB_STARTED_QUERY,Stage01 canonical reconciliation rank 1034,STATHEAD_UNAMBIGUOUS_SINGLE_CANDIDATE,False,CREDITED,Derek Carr,CarrDe02,00-0031280,VALIDATED_MANUAL_WEB_RESEARCH,,VALIDATED_MANUAL_WEB_EXCEPTION,False,CREDITED,POSTGAME_ACTUAL_STARTER,ORACLE_STARTER_IDENTITY_ONLY,False
2023,4,REG,2023-10-01,2023_04_WAS_PHI,WAS,PHI,Sam Howell,HoweSa00,00-0037077,STATHEAD_QB_STARTED_QUERY,Stage01 canonical reconciliation rank 1028,STATHEAD_UNAMBIGUOUS_SINGLE_CANDIDATE,False,CREDITED,Jalen Hurts,HurtJa00,00-0036389,STATHEAD_QB_STARTED_QUERY,Stage01 canonical reconciliation rank 1029,STATHEAD_UNAMBIGUOUS_SINGLE_CANDIDATE,False,CREDITED,POSTGAME_ACTUAL_STARTER,ORACLE_STARTER_IDENTITY_ONLY,False
2023,5,REG,2023-10-08,2023_05_BAL_PIT,BAL,PIT,Lamar Jackson,JackLa00,00-0034796,STATHEAD_QB_STARTED_QUERY,Stage01 canonical reconciliation rank 999,STATHEAD_UNAMBIGUOUS_SINGLE_CANDIDATE,False,CREDITED,Kenny Pickett,PickKe00,00-0038102,STATHEAD_QB_STARTED_QUERY,Stage01 canonical reconciliation rank 1004,STATHEAD_UNAMBIGUOUS_SINGLE_CANDIDATE,False,CREDITED,POSTGAME_ACTUAL_STARTER,ORACLE_STARTER_IDENTITY_ONLY,False
2023,5,REG,2023-10-08,2023_05_CAR_DET,CAR,DET,Bryce Young,YounBr01,00-0039150,STATHEAD_QB_STARTED_QUERY,Stage01 canonical reconciliation rank 1015,STATHEAD_UNAMBIGUOUS_SINGLE_CANDIDATE,False,CREDITED,Jared Goff,GoffJa00,00-0033106,STATHEAD_QB_STARTED_QUERY,Stage01 canonical reconciliation rank 997,STATHEAD_UNAMBIGUOUS_SINGLE_CANDIDATE,False,CREDITED,POSTGAME_ACTUAL_STARTER,ORACLE_STARTER_IDENTITY_ONLY,False
2023,5,REG,2023-10-05,2023_05_CHI_WAS,CHI,WAS,Justin Fields,FielJu00,00-0036945,STATHEAD_QB_STARTED_QUERY,Stage01 canonical reconciliation rank 1016,STATHEAD_UNAMBIGUOUS_SINGLE_CANDIDATE,False,CREDITED,Sam Howell,HoweSa00,00-0037077,STATHEAD_QB_STARTED_QUERY,Stage01 canonical reconciliation rank 1017,STATHEAD_UNAMBIGUOUS_SINGLE_CANDIDATE,False,CREDITED,POSTGAME_ACTUAL_STARTER,ORACLE_STARTER_IDENTITY_ONLY,False
2023,5,REG,2023-10-08,2023_05_CIN_ARI,CIN,ARI,Joe Burrow,BurrJo01,00-0036442,STATHEAD_QB_STARTED_QUERY,Stage01 canonical reconciliation rank 993,STATHEAD_UNAMBIGUOUS_SINGLE_CANDIDATE,False,CREDITED,Joshua Dobbs,DobbJo00,00-0033949,STATHEAD_QB_STARTED_QUERY,Stage01 canonical reconciliation rank 996,STATHEAD_UNAMBIGUOUS_SINGLE_CANDIDATE,False,CREDITED,POSTGAME_ACTUAL_STARTER,ORACLE_STARTER_IDENTITY_ONLY,False
2023,5,REG,2023-10-08,2023_05_DAL_SF,DAL,SF,Dak Prescott,PresDa01,00-0033077,STATHEAD_QB_STARTED_QUERY,Stage01 canonical reconciliation rank 1005,STATHEAD_UNAMBIGUOUS_SINGLE_CANDIDATE,False,CREDITED,Brock Purdy,PurdBr00,00-0037834,STATHEAD_QB_STARTED_QUERY,Stage01 canonical reconciliation rank 1006,STATHEAD_UNAMBIGUOUS_SINGLE_CANDIDATE,False,CREDITED,POSTGAME_ACTUAL_STARTER,ORACLE_STARTER_IDENTITY_ONLY,False
2023,5,REG,2023-10-09,2023_05_GB_LV,GB,LV,Jordan Love,LoveJo03,00-0036264,STATHEAD_QB_STARTED_QUERY,Stage01 canonical reconciliation rank 991,STATHEAD_UNAMBIGUOUS_SINGLE_CANDIDATE,False,CREDITED,Jimmy Garoppolo,GaroJi00,00-0031345,STATHEAD_QB_STARTED_QUERY,Stage01 canonical reconciliation rank 990,STATHEAD_UNAMBIGUOUS_SINGLE_CANDIDATE,False,CREDITED,POSTGAME_ACTUAL_STARTER,ORACLE_STARTER_IDENTITY_ONLY,False
2023,5,REG,2023-10-08,2023_05_HOU_ATL,HOU,ATL,C.J. Stroud,StroCJ00,00-0039163,STATHEAD_QB_STARTED_QUERY,Stage01 canonical reconciliation rank 1010,STATHEAD_UNAMBIGUOUS_SINGLE_CANDIDATE,False,CREDITED,Desmond Ridder,RiddDe00,00-0038122,STATHEAD_QB_STARTED_QUERY,Stage01 canonical reconciliation rank 1008,STATHEAD_UNAMBIGUOUS_SINGLE_CANDIDATE,False,CREDITED,POSTGAME_ACTUAL_STARTER,ORACLE_STARTER_IDENTITY_ONLY,False
2023,5,REG,2023-10-08,2023_05_JAX_BUF,JAX,BUF,Trevor Lawrence,LawrTr00,00-0036971,STATHEAD_QB_STARTED_QUERY,Stage01 canonical reconciliation rank 1002,STATHEAD_UNAMBIGUOUS_SINGLE_CANDIDATE,False,CREDITED,Josh Allen,AlleJo02,00-0034857,STATHEAD_QB_STARTED_QUERY,Stage01 canonical reconciliation rank 992,STATHEAD_UNAMBIGUOUS_SINGLE_CANDIDATE,False,CREDITED,POSTGAME_ACTUAL_STARTER,ORACLE_STARTER_IDENTITY_ONLY,False
2023,5,REG,2023-10-08,2023_05_KC_MIN,KC,MIN,Patrick Mahomes,MahoPa00,00-0033873,STATHEAD_QB_STARTED_QUERY,Stage01 canonical reconciliation rank 1003,STATHEAD_UNAMBIGUOUS_SINGLE_CANDIDATE,False,CREDITED,Kirk Cousins,CousKi00,00-0029604,STATHEAD_QB_STARTED_QUERY,Stage01 canonical reconciliation rank 995,STATHEAD_UNAMBIGUOUS_SINGLE_CANDIDATE,False,CREDITED,POSTGAME_ACTUAL_STARTER,ORACLE_STARTER_IDENTITY_ONLY,False
2023,5,REG,2023-10-08,2023_05_NO_NE,NO,NE,Derek Carr,CarrDe02,00-0031280,STATHEAD_QB_STARTED_QUERY,Stage01 canonical reconciliation rank 994,STATHEAD_UNAMBIGUOUS_SINGLE_CANDIDATE,False,CREDITED,Mac Jones,JoneMa05,00-0036972,STATHEAD_QB_STARTED_QUERY,Stage01 canonical reconciliation rank 1001,STATHEAD_UNAMBIGUOUS_SINGLE_CANDIDATE,False,CREDITED,POSTGAME_ACTUAL_STARTER,ORACLE_STARTER_IDENTITY_ONLY,False
2023,5,REG,2023-10-08,2023_05_NYG_MIA,NYG,MIA,Daniel Jones,JoneDa05,00-0035710,STATHEAD_QB_STARTED_QUERY,Stage01 canonical reconciliation rank 1000,STATHEAD_UNAMBIGUOUS_SINGLE_CANDIDATE,False,CREDITED,Tua Tagovailoa,TagoTu00,00-0036212,STATHEAD_QB_STARTED_QUERY,Stage01 canonical reconciliation rank 1011,STATHEAD_UNAMBIGUOUS_SINGLE_CANDIDATE,False,CREDITED,POSTGAME_ACTUAL_STARTER,ORACLE_STARTER_IDENTITY_ONLY,False
2023,5,REG,2023-10-08,2023_05_NYJ_DEN,NYJ,DEN,Zach Wilson,WilsZa00,00-0037013,STATHEAD_QB_STARTED_QUERY,Stage01 canonical reconciliation rank 1014,STATHEAD_UNAMBIGUOUS_SINGLE_CANDIDATE,False,CREDITED,Russell Wilson,WilsRu00,00-0029263,STATHEAD_QB_STARTED_QUERY,Stage01 canonical reconciliation rank 1013,STATHEAD_UNAMBIGUOUS_SINGLE_CANDIDATE,False,CREDITED,POSTGAME_ACTUAL_STARTER,ORACLE_STARTER_IDENTITY_ONLY,False
2023,5,REG,2023-10-08,2023_05_PHI_LA,PHI,LAR,Jalen Hurts,HurtJa00,00-0036389,STATHEAD_QB_STARTED_QUERY,Stage01 canonical reconciliation rank 998,STATHEAD_UNAMBIGUOUS_SINGLE_CANDIDATE,False,CREDITED,Matthew Stafford,StafMa00,00-0026498,STATHEAD_QB_STARTED_QUERY,Stage01 canonical reconciliation rank 1009,STATHEAD_UNAMBIGUOUS_SINGLE_CANDIDATE,False,CREDITED,POSTGAME_ACTUAL_STARTER,ORACLE_STARTER_IDENTITY_ONLY,False
2023,5,REG,2023-10-08,2023_05_TEN_IND,TEN,IND,Ryan Tannehill,TannRy00,00-0029701,STATHEAD_QB_STARTED_QUERY,Stage01 canonical reconciliation rank 1012,STATHEAD_UNAMBIGUOUS_SINGLE_CANDIDATE,False,CREDITED,Anthony Richardson,RichAn03,00-0039164,STATHEAD_QB_STARTED_QUERY,Stage01 canonical reconciliation rank 1007,STATHEAD_UNAMBIGUOUS_SINGLE_CANDIDATE,False,CREDITED,POSTGAME_ACTUAL_STARTER,ORACLE_STARTER_IDENTITY_ONLY,False
2023,6,REG,2023-10-15,2023_06_ARI_LA,ARI,LAR,Joshua Dobbs,DobbJo00,00-0033949,VALIDATED_MANUAL_WEB_RESEARCH,,VALIDATED_MANUAL_WEB_EXCEPTION,False,CREDITED,Matthew Stafford,StafMa00,00-0026498,STATHEAD_QB_STARTED_QUERY,Stage01 canonical reconciliation rank 980,STATHEAD_UNAMBIGUOUS_SINGLE_CANDIDATE,False,CREDITED,POSTGAME_ACTUAL_STARTER,ORACLE_STARTER_IDENTITY_ONLY,False
2023,6,REG,2023-10-15,2023_06_BAL_TEN,BAL,TEN,Lamar Jackson,JackLa00,00-0034796,STATHEAD_QB_STARTED_QUERY,Stage01 canonical reconciliation rank 972,STATHEAD_UNAMBIGUOUS_SINGLE_CANDIDATE,False,CREDITED,Ryan Tannehill,TannRy00,00-0029701,STATHEAD_QB_STARTED_QUERY,Stage01 canonical reconciliation rank 983,STATHEAD_UNAMBIGUOUS_SINGLE_CANDIDATE,False,CREDITED,POSTGAME_ACTUAL_STARTER,ORACLE_STARTER_IDENTITY_ONLY,False
2023,6,REG,2023-10-15,2023_06_CAR_MIA,CAR,MIA,Bryce Young,YounBr01,00-0039150,STATHEAD_QB_STARTED_QUERY,Stage01 canonical reconciliation rank 987,STATHEAD_UNAMBIGUOUS_SINGLE_CANDIDATE,False,CREDITED,Tua Tagovailoa,TagoTu00,00-0036212,STATHEAD_QB_STARTED_QUERY,Stage01 canonical reconciliation rank 982,STATHEAD_UNAMBIGUOUS_SINGLE_CANDIDATE,False,CREDITED,POSTGAME_ACTUAL_STARTER,ORACLE_STARTER_IDENTITY_ONLY,False
2023,6,REG,2023-10-16,2023_06_DAL_LAC,DAL,LAC,Dak Prescott,PresDa01,00-0033077,VALIDATED_MANUAL_WEB_RESEARCH,,VALIDATED_MANUAL_WEB_EXCEPTION,False,CREDITED,Justin Herbert,HerbJu00,00-0036355,VALIDATED_MANUAL_WEB_RESEARCH,,VALIDATED_MANUAL_WEB_EXCEPTION,False,CREDITED,POSTGAME_ACTUAL_STARTER,ORACLE_STARTER_IDENTITY_ONLY,False
2023,6,REG,2023-10-12,2023_06_DEN_KC,DEN,KC,Russell Wilson,WilsRu00,00-0029263,STATHEAD_QB_STARTED_QUERY,Stage01 canonical reconciliation rank 989,STATHEAD_UNAMBIGUOUS_SINGLE_CANDIDATE,False,CREDITED,Patrick Mahomes,MahoPa00,00-0033873,STATHEAD_QB_STARTED_QUERY,Stage01 canonical reconciliation rank 988,STATHEAD_UNAMBIGUOUS_SINGLE_CANDIDATE,False,CREDITED,POSTGAME_ACTUAL_STARTER,ORACLE_STARTER_IDENTITY_ONLY,False
2023,6,REG,2023-10-15,2023_06_DET_TB,DET,TB,Jared Goff,GoffJa00,00-0033106,VALIDATED_MANUAL_WEB_RESEARCH,,VALIDATED_MANUAL_WEB_EXCEPTION,False,CREDITED,Baker Mayfield,MayfBa00,00-0034855,STATHEAD_QB_STARTED_QUERY,Stage01 canonical reconciliation rank 975,STATHEAD_UNAMBIGUOUS_SINGLE_CANDIDATE,False,CREDITED,POSTGAME_ACTUAL_STARTER,ORACLE_STARTER_IDENTITY_ONLY,False
2023,6,REG,2023-10-15,2023_06_IND_JAX,IND,JAX,Gardner Minshew II,MinsGa00,00-0035289,STATHEAD_QB_STARTED_QUERY,Stage01 canonical reconciliation rank 976,STATHEAD_UNAMBIGUOUS_SINGLE_CANDIDATE,False,CREDITED,Trevor Lawrence,LawrTr00,00-0036971,STATHEAD_QB_STARTED_QUERY,Stage01 canonical reconciliation rank 974,STATHEAD_UNAMBIGUOUS_SINGLE_CANDIDATE,False,CREDITED,POSTGAME_ACTUAL_STARTER,ORACLE_STARTER_IDENTITY_ONLY,False
2023,6,REG,2023-10-15,2023_06_MIN_CHI,MIN,CHI,Kirk Cousins,CousKi00,00-0029604,VALIDATED_MANUAL_WEB_RESEARCH,,VALIDATED_MANUAL_WEB_EXCEPTION,False,CREDITED,Justin Fields,FielJu00,00-0036945,VALIDATED_MANUAL_WEB_RESEARCH,,VALIDATED_MANUAL_WEB_EXCEPTION,False,CREDITED,POSTGAME_ACTUAL_STARTER,ORACLE_STARTER_IDENTITY_ONLY,False
2023,6,REG,2023-10-15,2023_06_NE_LV,NE,LV,Mac Jones,JoneMa05,00-0036972,STATHEAD_QB_STARTED_QUERY,Stage01 canonical reconciliation rank 973,STATHEAD_UNAMBIGUOUS_SINGLE_CANDIDATE,False,CREDITED,Jimmy Garoppolo,GaroJi00,00-0031345,VALIDATED_MANUAL_WEB_RESEARCH,,VALIDATED_MANUAL_WEB_EXCEPTION,False,CREDITED,POSTGAME_ACTUAL_STARTER,ORACLE_STARTER_IDENTITY_ONLY,False
2023,6,REG,2023-10-15,2023_06_NO_HOU,NO,HOU,Derek Carr,CarrDe02,00-0031280,VALIDATED_MANUAL_WEB_RESEARCH,,VALIDATED_MANUAL_WEB_EXCEPTION,False,CREDITED,C.J. Stroud,StroCJ00,00-0039163,STATHEAD_QB_STARTED_QUERY,Stage01 canonical reconciliation rank 981,STATHEAD_UNAMBIGUOUS_SINGLE_CANDIDATE,False,CREDITED,POSTGAME_ACTUAL_STARTER,ORACLE_STARTER_IDENTITY_ONLY,False
2023,6,REG,2023-10-15,2023_06_NYG_BUF,NYG,BUF,Tyrod Taylor,TaylTy00,00-0028118,STATHEAD_QB_STARTED_QUERY,Stage01 canonical reconciliation rank 984,STATHEAD_UNAMBIGUOUS_SINGLE_CANDIDATE,False,CREDITED,Josh Allen,AlleJo02,00-0034857,VALIDATED_MANUAL_WEB_RESEARCH,,VALIDATED_MANUAL_WEB_EXCEPTION,False,CREDITED,POSTGAME_ACTUAL_STARTER,ORACLE_STARTER_IDENTITY_ONLY,False
2023,6,REG,2023-10-15,2023_06_PHI_NYJ,PHI,NYJ,Jalen Hurts,HurtJa00,00-0036389,STATHEAD_QB_STARTED_QUERY,Stage01 canonical reconciliation rank 971,STATHEAD_UNAMBIGUOUS_SINGLE_CANDIDATE,False,CREDITED,Zach Wilson,WilsZa00,00-0037013,STATHEAD_QB_STARTED_QUERY,Stage01 canonical reconciliation rank 986,STATHEAD_UNAMBIGUOUS_SINGLE_CANDIDATE,False,CREDITED,POSTGAME_ACTUAL_STARTER,ORACLE_STARTER_IDENTITY_ONLY,False
2023,6,REG,2023-10-15,2023_06_SEA_CIN,SEA,CIN,Geno Smith,SmitGe00,00-0030565,STATHEAD_QB_STARTED_QUERY,Stage01 canonical reconciliation rank 979,STATHEAD_UNAMBIGUOUS_SINGLE_CANDIDATE,False,CREDITED,Joe Burrow,BurrJo01,00-0036442,VALIDATED_MANUAL_WEB_RESEARCH,,VALIDATED_MANUAL_WEB_EXCEPTION,False,CREDITED,POSTGAME_ACTUAL_STARTER,ORACLE_STARTER_IDENTITY_ONLY,False
2023,6,REG,2023-10-15,2023_06_SF_CLE,SF,CLE,Brock Purdy,PurdBr00,00-0037834,STATHEAD_QB_STARTED_QUERY,Stage01 canonical reconciliation rank 977,STATHEAD_UNAMBIGUOUS_SINGLE_CANDIDATE,False,CREDITED,P.J. Walker,WalkPh00,00-0033275,STATHEAD_QB_STARTED_QUERY,Stage01 canonical reconciliation rank 985,STATHEAD_UNAMBIGUOUS_SINGLE_CANDIDATE,False,CREDITED,POSTGAME_ACTUAL_STARTER,ORACLE_STARTER_IDENTITY_ONLY,False
2023,6,REG,2023-10-15,2023_06_WAS_ATL,WAS,ATL,Sam Howell,HoweSa00,00-0037077,VALIDATED_MANUAL_WEB_RESEARCH,,VALIDATED_MANUAL_WEB_EXCEPTION,False,CREDITED,Desmond Ridder,RiddDe00,00-0038122,STATHEAD_QB_STARTED_QUERY,Stage01 canonical reconciliation rank 978,STATHEAD_UNAMBIGUOUS_SINGLE_CANDIDATE,False,CREDITED,POSTGAME_ACTUAL_STARTER,ORACLE_STARTER_IDENTITY_ONLY,False
2023,7,REG,2023-10-22,2023_07_ARI_SEA,ARI,SEA,Joshua Dobbs,DobbJo00,00-0033949,STATHEAD_QB_STARTED_QUERY,Stage01 canonical reconciliation rank 951,STATHEAD_UNAMBIGUOUS_SINGLE_CANDIDATE,False,CREDITED,Geno Smith,SmitGe00,00-0030565,STATHEAD_QB_STARTED_QUERY,Stage01 canonical reconciliation rank 969,STATHEAD_UNAMBIGUOUS_SINGLE_CANDIDATE,False,CREDITED,POSTGAME_ACTUAL_STARTER,ORACLE_STARTER_IDENTITY_ONLY,False
2023,7,REG,2023-10-22,2023_07_ATL_TB,ATL,TB,Desmond Ridder,RiddDe00,00-0038122,STATHEAD_QB_STARTED_QUERY,Stage01 canonical reconciliation rank 954,STATHEAD_UNAMBIGUOUS_SINGLE_CANDIDATE,False,CREDITED,Baker Mayfield,MayfBa00,00-0034855,STATHEAD_QB_STARTED_QUERY,Stage01 canonical reconciliation rank 964,STATHEAD_UNAMBIGUOUS_SINGLE_CANDIDATE,False,CREDITED,POSTGAME_ACTUAL_STARTER,ORACLE_STARTER_IDENTITY_ONLY,False
2023,7,REG,2023-10-22,2023_07_BUF_NE,BUF,NE,Josh Allen,AlleJo02,00-0034857,STATHEAD_QB_STARTED_QUERY,Stage01 canonical reconciliation rank 947,STATHEAD_UNAMBIGUOUS_SINGLE_CANDIDATE,False,CREDITED,Mac Jones,JoneMa05,00-0036972,STATHEAD_QB_STARTED_QUERY,Stage01 canonical reconciliation rank 959,STATHEAD_UNAMBIGUOUS_SINGLE_CANDIDATE,False,CREDITED,POSTGAME_ACTUAL_STARTER,ORACLE_STARTER_IDENTITY_ONLY,False
2023,7,REG,2023-10-22,2023_07_CLE_IND,CLE,IND,Deshaun Watson,WatsDe00,00-0033537,VALIDATED_MANUAL_WEB_RESEARCH,,VALIDATED_MANUAL_WEB_EXCEPTION,False,CREDITED,Gardner Minshew II,MinsGa00,00-0035289,STATHEAD_QB_STARTED_QUERY,Stage01 canonical reconciliation rank 965,STATHEAD_UNAMBIGUOUS_SINGLE_CANDIDATE,False,CREDITED,POSTGAME_ACTUAL_STARTER,ORACLE_STARTER_IDENTITY_ONLY,False
2023,7,REG,2023-10-22,2023_07_DET_BAL,DET,BAL,Jared Goff,GoffJa00,00-0033106,STATHEAD_QB_STARTED_QUERY,Stage01 canonical reconciliation rank 953,STATHEAD_UNAMBIGUOUS_SINGLE_CANDIDATE,False,CREDITED,Lamar Jackson,JackLa00,00-0034796,STATHEAD_QB_STARTED_QUERY,Stage01 canonical reconciliation rank 958,STATHEAD_UNAMBIGUOUS_SINGLE_CANDIDATE,False,CREDITED,POSTGAME_ACTUAL_STARTER,ORACLE_STARTER_IDENTITY_ONLY,False
2023,7,REG,2023-10-22,2023_07_GB_DEN,GB,DEN,Jordan Love,LoveJo03,00-0036264,STATHEAD_QB_STARTED_QUERY,Stage01 canonical reconciliation rank 962,STATHEAD_UNAMBIGUOUS_SINGLE_CANDIDATE,False,CREDITED,Russell Wilson,WilsRu00,00-0029263,VALIDATED_MANUAL_WEB_RESEARCH,,VALIDATED_MANUAL_WEB_EXCEPTION,False,CREDITED,POSTGAME_ACTUAL_STARTER,ORACLE_STARTER_IDENTITY_ONLY,False
2023,7,REG,2023-10-19,2023_07_JAX_NO,JAX,NO,Trevor Lawrence,LawrTr00,00-0036971,STATHEAD_QB_STARTED_QUERY,Stage01 canonical reconciliation rank 960,STATHEAD_UNAMBIGUOUS_SINGLE_CANDIDATE,False,CREDITED,Derek Carr,CarrDe02,00-0031280,STATHEAD_QB_STARTED_QUERY,Stage01 canonical reconciliation rank 949,STATHEAD_UNAMBIGUOUS_SINGLE_CANDIDATE,False,CREDITED,POSTGAME_ACTUAL_STARTER,ORACLE_STARTER_IDENTITY_ONLY,False
2023,7,REG,2023-10-22,2023_07_LAC_KC,LAC,KC,Justin Herbert,HerbJu00,00-0036355,STATHEAD_QB_STARTED_QUERY,Stage01 canonical reconciliation rank 955,STATHEAD_UNAMBIGUOUS_SINGLE_CANDIDATE,False,CREDITED,Patrick Mahomes,MahoPa00,00-0033873,STATHEAD_QB_STARTED_QUERY,Stage01 canonical reconciliation rank 963,STATHEAD_UNAMBIGUOUS_SINGLE_CANDIDATE,False,CREDITED,POSTGAME_ACTUAL_STARTER,ORACLE_STARTER_IDENTITY_ONLY,False
2023,7,REG,2023-10-22,2023_07_LV_CHI,LV,CHI,Brian Hoyer,HoyeBr00,00-0026625,VALIDATED_MANUAL_WEB_RESEARCH,,VALIDATED_MANUAL_WEB_EXCEPTION,False,CREDITED,Tyson Bagent,BageTy00,00-0038416,STATHEAD_QB_STARTED_QUERY,Stage01 canonical reconciliation rank 948,STATHEAD_UNAMBIGUOUS_SINGLE_CANDIDATE,False,CREDITED,POSTGAME_ACTUAL_STARTER,ORACLE_STARTER_IDENTITY_ONLY,False
2023,7,REG,2023-10-22,2023_07_MIA_PHI,MIA,PHI,Tua Tagovailoa,TagoTu00,00-0036212,VALIDATED_MANUAL_WEB_RESEARCH,,VALIDATED_MANUAL_WEB_EXCEPTION,False,CREDITED,Jalen Hurts,HurtJa00,00-0036389,STATHEAD_QB_STARTED_QUERY,Stage01 canonical reconciliation rank 957,STATHEAD_UNAMBIGUOUS_SINGLE_CANDIDATE,False,CREDITED,POSTGAME_ACTUAL_STARTER,ORACLE_STARTER_IDENTITY_ONLY,False
2023,7,REG,2023-10-22,2023_07_PIT_LA,PIT,LAR,Kenny Pickett,PickKe00,00-0038102,VALIDATED_MANUAL_WEB_RESEARCH,,VALIDATED_MANUAL_WEB_EXCEPTION,False,CREDITED,Matthew Stafford,StafMa00,00-0026498,STATHEAD_QB_STARTED_QUERY,Stage01 canonical reconciliation rank 970,STATHEAD_UNAMBIGUOUS_SINGLE_CANDIDATE,False,CREDITED,POSTGAME_ACTUAL_STARTER,ORACLE_STARTER_IDENTITY_ONLY,False
2023,7,REG,2023-10-23,2023_07_SF_MIN,SF,MIN,Brock Purdy,PurdBr00,00-0037834,STATHEAD_QB_STARTED_QUERY,Stage01 canonical reconciliation rank 968,STATHEAD_UNAMBIGUOUS_SINGLE_CANDIDATE,False,CREDITED,Kirk Cousins,CousKi00,00-0029604,STATHEAD_QB_STARTED_QUERY,Stage01 canonical reconciliation rank 950,STATHEAD_UNAMBIGUOUS_SINGLE_CANDIDATE,False,CREDITED,POSTGAME_ACTUAL_STARTER,ORACLE_STARTER_IDENTITY_ONLY,False
2023,7,REG,2023-10-22,2023_07_WAS_NYG,WAS,NYG,Sam Howell,HoweSa00,00-0037077,STATHEAD_QB_STARTED_QUERY,Stage01 canonical reconciliation rank 956,STATHEAD_UNAMBIGUOUS_SINGLE_CANDIDATE,False,CREDITED,Tyrod Taylor,TaylTy00,00-0028118,STATHEAD_QB_STARTED_QUERY,Stage01 canonical reconciliation rank 952,STATHEAD_UNAMBIGUOUS_SINGLE_CANDIDATE,False,CREDITED,POSTGAME_ACTUAL_STARTER,ORACLE_STARTER_IDENTITY_ONLY,False
2023,8,REG,2023-10-29,2023_08_ATL_TEN,ATL,TEN,Desmond Ridder,RiddDe00,00-0038122,VALIDATED_MANUAL_WEB_RESEARCH,,VALIDATED_MANUAL_WEB_EXCEPTION,False,CREDITED,Will Levis,LeviWi00,00-0039152,STATHEAD_QB_STARTED_QUERY,Stage01 canonical reconciliation rank 928,STATHEAD_UNAMBIGUOUS_SINGLE_CANDIDATE,False,CREDITED,POSTGAME_ACTUAL_STARTER,ORACLE_STARTER_IDENTITY_ONLY,False
2023,8,REG,2023-10-29,2023_08_BAL_ARI,BAL,ARI,Lamar Jackson,JackLa00,00-0034796,STATHEAD_QB_STARTED_QUERY,Stage01 canonical reconciliation rank 925,STATHEAD_UNAMBIGUOUS_SINGLE_CANDIDATE,False,CREDITED,Joshua Dobbs,DobbJo00,00-0033949,STATHEAD_QB_STARTED_QUERY,Stage01 canonical reconciliation rank 916,STATHEAD_UNAMBIGUOUS_SINGLE_CANDIDATE,False,CREDITED,POSTGAME_ACTUAL_STARTER,ORACLE_STARTER_IDENTITY_ONLY,False
2023,8,REG,2023-10-29,2023_08_CHI_LAC,CHI,LAC,Tyson Bagent,BageTy00,00-0038416,STATHEAD_QB_STARTED_QUERY,Stage01 canonical reconciliation rank 911,STATHEAD_UNAMBIGUOUS_SINGLE_CANDIDATE,False,CREDITED,Justin Herbert,HerbJu00,00-0036355,STATHEAD_QB_STARTED_QUERY,Stage01 canonical reconciliation rank 922,STATHEAD_UNAMBIGUOUS_SINGLE_CANDIDATE,False,CREDITED,POSTGAME_ACTUAL_STARTER,ORACLE_STARTER_IDENTITY_ONLY,False
2023,8,REG,2023-10-29,2023_08_CIN_SF,CIN,SF,Joe Burrow,BurrJo01,00-0036442,STATHEAD_QB_STARTED_QUERY,Stage01 canonical reconciliation rank 912,STATHEAD_UNAMBIGUOUS_SINGLE_CANDIDATE,False,CREDITED,Brock Purdy,PurdBr00,00-0037834,STATHEAD_QB_STARTED_QUERY,Stage01 canonical reconciliation rank 937,STATHEAD_UNAMBIGUOUS_SINGLE_CANDIDATE,False,CREDITED,POSTGAME_ACTUAL_STARTER,ORACLE_STARTER_IDENTITY_ONLY,False
2023,8,REG,2023-10-29,2023_08_CLE_SEA,CLE,SEA,P.J. Walker,WalkPh00,00-0033275,STATHEAD_QB_STARTED_QUERY,Stage01 canonical reconciliation rank 943,STATHEAD_UNAMBIGUOUS_SINGLE_CANDIDATE,False,CREDITED,Geno Smith,SmitGe00,00-0030565,STATHEAD_QB_STARTED_QUERY,Stage01 canonical reconciliation rank 938,STATHEAD_UNAMBIGUOUS_SINGLE_CANDIDATE,False,CREDITED,POSTGAME_ACTUAL_STARTER,ORACLE_STARTER_IDENTITY_ONLY,False
2023,8,REG,2023-10-29,2023_08_HOU_CAR,HOU,CAR,C.J. Stroud,StroCJ00,00-0039163,STATHEAD_QB_STARTED_QUERY,Stage01 canonical reconciliation rank 941,STATHEAD_UNAMBIGUOUS_SINGLE_CANDIDATE,False,CREDITED,Bryce Young,YounBr01,00-0039150,STATHEAD_QB_STARTED_QUERY,Stage01 canonical reconciliation rank 946,STATHEAD_UNAMBIGUOUS_SINGLE_CANDIDATE,False,CREDITED,POSTGAME_ACTUAL_STARTER,ORACLE_STARTER_IDENTITY_ONLY,False
2023,8,REG,2023-10-29,2023_08_JAX_PIT,JAX,PIT,Trevor Lawrence,LawrTr00,00-0036971,STATHEAD_QB_STARTED_QUERY,Stage01 canonical reconciliation rank 927,STATHEAD_UNAMBIGUOUS_SINGLE_CANDIDATE,False,CREDITED,Kenny Pickett,PickKe00,00-0038102,VALIDATED_MANUAL_WEB_RESEARCH,,VALIDATED_MANUAL_WEB_EXCEPTION,False,CREDITED,POSTGAME_ACTUAL_STARTER,ORACLE_STARTER_IDENTITY_ONLY,False
2023,8,REG,2023-10-29,2023_08_KC_DEN,KC,DEN,Patrick Mahomes,MahoPa00,00-0033873,STATHEAD_QB_STARTED_QUERY,Stage01 canonical reconciliation rank 930,STATHEAD_UNAMBIGUOUS_SINGLE_CANDIDATE,False,CREDITED,Russell Wilson,WilsRu00,00-0029263,STATHEAD_QB_STARTED_QUERY,Stage01 canonical reconciliation rank 945,STATHEAD_UNAMBIGUOUS_SINGLE_CANDIDATE,False,CREDITED,POSTGAME_ACTUAL_STARTER,ORACLE_STARTER_IDENTITY_ONLY,False
2023,8,REG,2023-10-29,2023_08_LA_DAL,LAR,DAL,Matthew Stafford,StafMa00,00-0026498,VALIDATED_MANUAL_WEB_RESEARCH,Los Angeles Rams — Game Recap: Rams fall to Cowboys (2023-10-29),VALIDATED_MANUAL_WEB_EXCEPTION,False,CREDITED,Dak Prescott,PresDa01,00-0033077,STATHEAD_QB_STARTED_QUERY,Stage01 canonical reconciliation rank 936,STATHEAD_UNAMBIGUOUS_SINGLE_CANDIDATE,False,CREDITED,POSTGAME_ACTUAL_STARTER,ORACLE_STARTER_IDENTITY_ONLY,False
2023,8,REG,2023-10-30,2023_08_LV_DET,LV,DET,Jimmy Garoppolo,GaroJi00,00-0031345,STATHEAD_QB_STARTED_QUERY,Stage01 canonical reconciliation rank 933,STATHEAD_UNAMBIGUOUS_SINGLE_CANDIDATE,False,CREDITED,Jared Goff,GoffJa00,00-0033106,STATHEAD_QB_STARTED_QUERY,Stage01 canonical reconciliation rank 919,STATHEAD_UNAMBIGUOUS_SINGLE_CANDIDATE,False,CREDITED,POSTGAME_ACTUAL_STARTER,ORACLE_STARTER_IDENTITY_ONLY,False
2023,8,REG,2023-10-29,2023_08_MIN_GB,MIN,GB,Kirk Cousins,CousKi00,00-0029604,VALIDATED_MANUAL_WEB_RESEARCH,,VALIDATED_MANUAL_WEB_EXCEPTION,False,CREDITED,Jordan Love,LoveJo03,00-0036264,STATHEAD_QB_STARTED_QUERY,Stage01 canonical reconciliation rank 929,STATHEAD_UNAMBIGUOUS_SINGLE_CANDIDATE,False,CREDITED,POSTGAME_ACTUAL_STARTER,ORACLE_STARTER_IDENTITY_ONLY,False
2023,8,REG,2023-10-29,2023_08_NE_MIA,NE,MIA,Mac Jones,JoneMa05,00-0036972,STATHEAD_QB_STARTED_QUERY,Stage01 canonical reconciliation rank 926,STATHEAD_UNAMBIGUOUS_SINGLE_CANDIDATE,False,CREDITED,Tua Tagovailoa,TagoTu00,00-0036212,STATHEAD_QB_STARTED_QUERY,Stage01 canonical reconciliation rank 942,STATHEAD_UNAMBIGUOUS_SINGLE_CANDIDATE,False,CREDITED,POSTGAME_ACTUAL_STARTER,ORACLE_STARTER_IDENTITY_ONLY,False
2023,8,REG,2023-10-29,2023_08_NO_IND,NO,IND,Derek Carr,CarrDe02,00-0031280,STATHEAD_QB_STARTED_QUERY,Stage01 canonical reconciliation rank 913,STATHEAD_UNAMBIGUOUS_SINGLE_CANDIDATE,False,CREDITED,Gardner Minshew II,MinsGa00,00-0035289,STATHEAD_QB_STARTED_QUERY,Stage01 canonical reconciliation rank 932,STATHEAD_UNAMBIGUOUS_SINGLE_CANDIDATE,False,CREDITED,POSTGAME_ACTUAL_STARTER,ORACLE_STARTER_IDENTITY_ONLY,False
2023,8,REG,2023-10-29,2023_08_NYJ_NYG,NYJ,NYG,Zach Wilson,WilsZa00,00-0037013,STATHEAD_QB_STARTED_QUERY,Stage01 canonical reconciliation rank 944,STATHEAD_UNAMBIGUOUS_SINGLE_CANDIDATE,False,CREDITED,Tyrod Taylor,TaylTy00,00-0028118,VALIDATED_MANUAL_WEB_RESEARCH,New York Giants — Week 8 inactives / Instant Analysis (2023-10-29),VALIDATED_MANUAL_WEB_EXCEPTION,False,CREDITED,POSTGAME_ACTUAL_STARTER,ORACLE_STARTER_IDENTITY_ONLY,False
2023,8,REG,2023-10-29,2023_08_PHI_WAS,PHI,WAS,Jalen Hurts,HurtJa00,00-0036389,STATHEAD_QB_STARTED_QUERY,Stage01 canonical reconciliation rank 924,STATHEAD_UNAMBIGUOUS_SINGLE_CANDIDATE,False,CREDITED,Sam Howell,HoweSa00,00-0037077,STATHEAD_QB_STARTED_QUERY,Stage01 canonical reconciliation rank 923,STATHEAD_UNAMBIGUOUS_SINGLE_CANDIDATE,False,CREDITED,POSTGAME_ACTUAL_STARTER,ORACLE_STARTER_IDENTITY_ONLY,False
2023,8,REG,2023-10-26,2023_08_TB_BUF,TB,BUF,Baker Mayfield,MayfBa00,00-0034855,STATHEAD_QB_STARTED_QUERY,Stage01 canonical reconciliation rank 931,STATHEAD_UNAMBIGUOUS_SINGLE_CANDIDATE,False,CREDITED,Josh Allen,AlleJo02,00-0034857,STATHEAD_QB_STARTED_QUERY,Stage01 canonical reconciliation rank 910,STATHEAD_UNAMBIGUOUS_SINGLE_CANDIDATE,False,CREDITED,POSTGAME_ACTUAL_STARTER,ORACLE_STARTER_IDENTITY_ONLY,False
2023,9,REG,2023-11-05,2023_09_ARI_CLE,ARI,CLE,Clayton Tune,TuneCl00,00-0038582,STATHEAD_QB_STARTED_QUERY,Stage01 canonical reconciliation rank 897,STATHEAD_UNAMBIGUOUS_SINGLE_CANDIDATE,False,CREDITED,Deshaun Watson,WatsDe00,00-0033537,STATHEAD_QB_STARTED_QUERY,Stage01 canonical reconciliation rank 906,STATHEAD_UNAMBIGUOUS_SINGLE_CANDIDATE,False,CREDITED,POSTGAME_ACTUAL_STARTER,ORACLE_STARTER_IDENTITY_ONLY,False
2023,9,REG,2023-11-05,2023_09_BUF_CIN,BUF,CIN,Josh Allen,AlleJo02,00-0034857,VALIDATED_MANUAL_WEB_RESEARCH,,VALIDATED_MANUAL_WEB_EXCEPTION,False,CREDITED,Joe Burrow,BurrJo01,00-0036442,STATHEAD_QB_STARTED_QUERY,Stage01 canonical reconciliation rank 879,STATHEAD_UNAMBIGUOUS_SINGLE_CANDIDATE,False,CREDITED,POSTGAME_ACTUAL_STARTER,ORACLE_STARTER_IDENTITY_ONLY,False
2023,9,REG,2023-11-05,2023_09_CHI_NO,CHI,NO,Tyson Bagent,BageTy00,00-0038416,STATHEAD_QB_STARTED_QUERY,Stage01 canonical reconciliation rank 878,STATHEAD_UNAMBIGUOUS_SINGLE_CANDIDATE,False,CREDITED,Derek Carr,CarrDe02,00-0031280,STATHEAD_QB_STARTED_QUERY,Stage01 canonical reconciliation rank 880,STATHEAD_UNAMBIGUOUS_SINGLE_CANDIDATE,False,CREDITED,POSTGAME_ACTUAL_STARTER,ORACLE_STARTER_IDENTITY_ONLY,False
2023,9,REG,2023-11-05,2023_09_DAL_PHI,DAL,PHI,Dak Prescott,PresDa01,00-0033077,STATHEAD_QB_STARTED_QUERY,Stage01 canonical reconciliation rank 900,STATHEAD_UNAMBIGUOUS_SINGLE_CANDIDATE,False,CREDITED,Jalen Hurts,HurtJa00,00-0036389,STATHEAD_QB_STARTED_QUERY,Stage01 canonical reconciliation rank 888,STATHEAD_UNAMBIGUOUS_SINGLE_CANDIDATE,False,CREDITED,POSTGAME_ACTUAL_STARTER,ORACLE_STARTER_IDENTITY_ONLY,False
2023,9,REG,2023-11-05,2023_09_IND_CAR,IND,CAR,Gardner Minshew II,MinsGa00,00-0035289,STATHEAD_QB_STARTED_QUERY,Stage01 canonical reconciliation rank 896,STATHEAD_UNAMBIGUOUS_SINGLE_CANDIDATE,False,CREDITED,Bryce Young,YounBr01,00-0039150,STATHEAD_QB_STARTED_QUERY,Stage01 canonical reconciliation rank 909,STATHEAD_UNAMBIGUOUS_SINGLE_CANDIDATE,False,CREDITED,POSTGAME_ACTUAL_STARTER,ORACLE_STARTER_IDENTITY_ONLY,False
2023,9,REG,2023-11-06,2023_09_LAC_NYJ,LAC,NYJ,Justin Herbert,HerbJu00,00-0036355,STATHEAD_QB_STARTED_QUERY,Stage01 canonical reconciliation rank 886,STATHEAD_UNAMBIGUOUS_SINGLE_CANDIDATE,False,CREDITED,Zach Wilson,WilsZa00,00-0037013,STATHEAD_QB_STARTED_QUERY,Stage01 canonical reconciliation rank 907,STATHEAD_UNAMBIGUOUS_SINGLE_CANDIDATE,False,CREDITED,POSTGAME_ACTUAL_STARTER,ORACLE_STARTER_IDENTITY_ONLY,False
2023,9,REG,2023-11-05,2023_09_LA_GB,LAR,GB,Brett Rypien,RypiBr00,00-0034955,STATHEAD_QB_STARTED_QUERY,Stage01 canonical reconciliation rank 903,STATHEAD_UNAMBIGUOUS_SINGLE_CANDIDATE,False,CREDITED,Jordan Love,LoveJo03,00-0036264,STATHEAD_QB_STARTED_QUERY,Stage01 canonical reconciliation rank 893,STATHEAD_UNAMBIGUOUS_SINGLE_CANDIDATE,False,CREDITED,POSTGAME_ACTUAL_STARTER,ORACLE_STARTER_IDENTITY_ONLY,False
2023,9,REG,2023-11-05,2023_09_MIA_KC,MIA,KC,Tua Tagovailoa,TagoTu00,00-0036212,STATHEAD_QB_STARTED_QUERY,Stage01 canonical reconciliation rank 905,STATHEAD_UNAMBIGUOUS_SINGLE_CANDIDATE,False,CREDITED,Patrick Mahomes,MahoPa00,00-0033873,STATHEAD_QB_STARTED_QUERY,Stage01 canonical reconciliation rank 894,STATHEAD_UNAMBIGUOUS_SINGLE_CANDIDATE,False,CREDITED,POSTGAME_ACTUAL_STARTER,ORACLE_STARTER_IDENTITY_ONLY,False
2023,9,REG,2023-11-05,2023_09_MIN_ATL,MIN,ATL,Joshua Dobbs,DobbJo00,00-0033949,STATHEAD_QB_STARTED_QUERY,Stage01 canonical reconciliation rank 881,STATHEAD_UNAMBIGUOUS_SINGLE_CANDIDATE,False,CREDITED,Taylor Heinicke,HeinTa00,00-0031800,STATHEAD_QB_STARTED_QUERY,Stage01 canonical reconciliation rank 885,STATHEAD_UNAMBIGUOUS_SINGLE_CANDIDATE,False,CREDITED,POSTGAME_ACTUAL_STARTER,ORACLE_STARTER_IDENTITY_ONLY,False
2023,9,REG,2023-11-05,2023_09_NYG_LV,NYG,LV,Daniel Jones,JoneDa05,00-0035710,VALIDATED_MANUAL_WEB_RESEARCH,,VALIDATED_MANUAL_WEB_EXCEPTION,False,CREDITED,Aidan O'Connell,OConAi00,00-0038579,STATHEAD_QB_STARTED_QUERY,Stage01 canonical reconciliation rank 898,STATHEAD_UNAMBIGUOUS_SINGLE_CANDIDATE,False,CREDITED,POSTGAME_ACTUAL_STARTER,ORACLE_STARTER_IDENTITY_ONLY,False
2023,9,REG,2023-11-05,2023_09_SEA_BAL,SEA,BAL,Geno Smith,SmitGe00,00-0030565,STATHEAD_QB_STARTED_QUERY,Stage01 canonical reconciliation rank 902,STATHEAD_UNAMBIGUOUS_SINGLE_CANDIDATE,False,CREDITED,Lamar Jackson,JackLa00,00-0034796,STATHEAD_QB_STARTED_QUERY,Stage01 canonical reconciliation rank 889,STATHEAD_UNAMBIGUOUS_SINGLE_CANDIDATE,False,CREDITED,POSTGAME_ACTUAL_STARTER,ORACLE_STARTER_IDENTITY_ONLY,False
2023,9,REG,2023-11-05,2023_09_TB_HOU,TB,HOU,Baker Mayfield,MayfBa00,00-0034855,STATHEAD_QB_STARTED_QUERY,Stage01 canonical reconciliation rank 895,STATHEAD_UNAMBIGUOUS_SINGLE_CANDIDATE,False,CREDITED,C.J. Stroud,StroCJ00,00-0039163,STATHEAD_QB_STARTED_QUERY,Stage01 canonical reconciliation rank 904,STATHEAD_UNAMBIGUOUS_SINGLE_CANDIDATE,False,CREDITED,POSTGAME_ACTUAL_STARTER,ORACLE_STARTER_IDENTITY_ONLY,False
2023,9,REG,2023-11-02,2023_09_TEN_PIT,TEN,PIT,Will Levis,LeviWi00,00-0039152,STATHEAD_QB_STARTED_QUERY,Stage01 canonical reconciliation rank 892,STATHEAD_UNAMBIGUOUS_SINGLE_CANDIDATE,False,CREDITED,Kenny Pickett,PickKe00,00-0038102,STATHEAD_QB_STARTED_QUERY,Stage01 canonical reconciliation rank 899,STATHEAD_UNAMBIGUOUS_SINGLE_CANDIDATE,False,CREDITED,POSTGAME_ACTUAL_STARTER,ORACLE_STARTER_IDENTITY_ONLY,False
2023,9,REG,2023-11-05,2023_09_WAS_NE,WAS,NE,Sam Howell,HoweSa00,00-0037077,STATHEAD_QB_STARTED_QUERY,Stage01 canonical reconciliation rank 887,STATHEAD_UNAMBIGUOUS_SINGLE_CANDIDATE,False,CREDITED,Mac Jones,JoneMa05,00-0036972,STATHEAD_QB_STARTED_QUERY,Stage01 canonical reconciliation rank 890,STATHEAD_UNAMBIGUOUS_SINGLE_CANDIDATE,False,CREDITED,POSTGAME_ACTUAL_STARTER,ORACLE_STARTER_IDENTITY_ONLY,False
2023,10,REG,2023-11-12,2023_10_ATL_ARI,ATL,ARI,Taylor Heinicke,HeinTa00,00-0031800,STATHEAD_QB_STARTED_QUERY,Stage01 canonical reconciliation rank 852,STATHEAD_UNAMBIGUOUS_SINGLE_CANDIDATE,False,CREDITED,Kyler Murray,MurrKy00,00-0035228,STATHEAD_QB_STARTED_QUERY,Stage01 canonical reconciliation rank 864,STATHEAD_UNAMBIGUOUS_SINGLE_CANDIDATE,False,CREDITED,POSTGAME_ACTUAL_STARTER,ORACLE_STARTER_IDENTITY_ONLY,False
2023,10,REG,2023-11-09,2023_10_CAR_CHI,CAR,CHI,Bryce Young,YounBr01,00-0039150,VALIDATED_MANUAL_WEB_RESEARCH,,VALIDATED_MANUAL_WEB_EXCEPTION,False,CREDITED,Tyson Bagent,BageTy00,00-0038416,VALIDATED_MANUAL_WEB_RESEARCH,,VALIDATED_MANUAL_WEB_EXCEPTION,False,CREDITED,POSTGAME_ACTUAL_STARTER,ORACLE_STARTER_IDENTITY_ONLY,False
2023,10,REG,2023-11-12,2023_10_CLE_BAL,CLE,BAL,Deshaun Watson,WatsDe00,00-0033537,STATHEAD_QB_STARTED_QUERY,Stage01 canonical reconciliation rank 873,STATHEAD_UNAMBIGUOUS_SINGLE_CANDIDATE,False,CREDITED,Lamar Jackson,JackLa00,00-0034796,STATHEAD_QB_STARTED_QUERY,Stage01 canonical reconciliation rank 856,STATHEAD_UNAMBIGUOUS_SINGLE_CANDIDATE,False,CREDITED,POSTGAME_ACTUAL_STARTER,ORACLE_STARTER_IDENTITY_ONLY,False
2023,10,REG,2023-11-13,2023_10_DEN_BUF,DEN,BUF,Russell Wilson,WilsRu00,00-0029263,VALIDATED_MANUAL_WEB_RESEARCH,,VALIDATED_MANUAL_WEB_EXCEPTION,False,CREDITED,Josh Allen,AlleJo02,00-0034857,STATHEAD_QB_STARTED_QUERY,Stage01 canonical reconciliation rank 844,STATHEAD_UNAMBIGUOUS_SINGLE_CANDIDATE,False,CREDITED,POSTGAME_ACTUAL_STARTER,ORACLE_STARTER_IDENTITY_ONLY,False
2023,10,REG,2023-11-12,2023_10_DET_LAC,DET,LAC,Jared Goff,GoffJa00,00-0033106,STATHEAD_QB_STARTED_QUERY,Stage01 canonical reconciliation rank 851,STATHEAD_UNAMBIGUOUS_SINGLE_CANDIDATE,False,CREDITED,Justin Herbert,HerbJu00,00-0036355,STATHEAD_QB_STARTED_QUERY,Stage01 canonical reconciliation rank 853,STATHEAD_UNAMBIGUOUS_SINGLE_CANDIDATE,False,CREDITED,POSTGAME_ACTUAL_STARTER,ORACLE_STARTER_IDENTITY_ONLY,False
2023,10,REG,2023-11-12,2023_10_GB_PIT,GB,PIT,Jordan Love,LoveJo03,00-0036264,STATHEAD_QB_STARTED_QUERY,Stage01 canonical reconciliation rank 860,STATHEAD_UNAMBIGUOUS_SINGLE_CANDIDATE,False,CREDITED,Kenny Pickett,PickKe00,00-0038102,STATHEAD_QB_STARTED_QUERY,Stage01 canonical reconciliation rank 866,STATHEAD_UNAMBIGUOUS_SINGLE_CANDIDATE,False,CREDITED,POSTGAME_ACTUAL_STARTER,ORACLE_STARTER_IDENTITY_ONLY,False
2023,10,REG,2023-11-12,2023_10_HOU_CIN,HOU,CIN,C.J. Stroud,StroCJ00,00-0039163,STATHEAD_QB_STARTED_QUERY,Stage01 canonical reconciliation rank 871,STATHEAD_UNAMBIGUOUS_SINGLE_CANDIDATE,False,CREDITED,Joe Burrow,BurrJo01,00-0036442,STATHEAD_QB_STARTED_QUERY,Stage01 canonical reconciliation rank 846,STATHEAD_UNAMBIGUOUS_SINGLE_CANDIDATE,False,CREDITED,POSTGAME_ACTUAL_STARTER,ORACLE_STARTER_IDENTITY_ONLY,False
2023,10,REG,2023-11-12,2023_10_IND_NE,IND,NE,Gardner Minshew II,MinsGa00,00-0035289,STATHEAD_QB_STARTED_QUERY,Stage01 canonical reconciliation rank 863,STATHEAD_UNAMBIGUOUS_SINGLE_CANDIDATE,False,CREDITED,Mac Jones,JoneMa05,00-0036972,STATHEAD_QB_STARTED_QUERY,Stage01 canonical reconciliation rank 857,STATHEAD_UNAMBIGUOUS_SINGLE_CANDIDATE,False,CREDITED,POSTGAME_ACTUAL_STARTER,ORACLE_STARTER_IDENTITY_ONLY,False
2023,10,REG,2023-11-12,2023_10_NO_MIN,NO,MIN,Derek Carr,CarrDe02,00-0031280,VALIDATED_MANUAL_WEB_RESEARCH,,VALIDATED_MANUAL_WEB_EXCEPTION,False,CREDITED,Joshua Dobbs,DobbJo00,00-0033949,STATHEAD_QB_STARTED_QUERY,Stage01 canonical reconciliation rank 849,STATHEAD_UNAMBIGUOUS_SINGLE_CANDIDATE,False,CREDITED,POSTGAME_ACTUAL_STARTER,ORACLE_STARTER_IDENTITY_ONLY,False
2023,10,REG,2023-11-12,2023_10_NYG_DAL,NYG,DAL,Tommy DeVito,DeViTo00,00-0038476,STATHEAD_QB_STARTED_QUERY,Stage01 canonical reconciliation rank 850,STATHEAD_UNAMBIGUOUS_SINGLE_CANDIDATE,False,CREDITED,Dak Prescott,PresDa01,00-0033077,STATHEAD_QB_STARTED_QUERY,Stage01 canonical reconciliation rank 867,STATHEAD_UNAMBIGUOUS_SINGLE_CANDIDATE,False,CREDITED,POSTGAME_ACTUAL_STARTER,ORACLE_STARTER_IDENTITY_ONLY,False
2023,10,REG,2023-11-12,2023_10_NYJ_LV,NYJ,LV,Zach Wilson,WilsZa00,00-0037013,STATHEAD_QB_STARTED_QUERY,Stage01 canonical reconciliation rank 874,STATHEAD_UNAMBIGUOUS_SINGLE_CANDIDATE,False,CREDITED,Aidan O'Connell,OConAi00,00-0038579,STATHEAD_QB_STARTED_QUERY,Stage01 canonical reconciliation rank 865,STATHEAD_UNAMBIGUOUS_SINGLE_CANDIDATE,False,CREDITED,POSTGAME_ACTUAL_STARTER,ORACLE_STARTER_IDENTITY_ONLY,False
2023,10,REG,2023-11-12,2023_10_SF_JAX,SF,JAX,Brock Purdy,PurdBr00,00-0037834,STATHEAD_QB_STARTED_QUERY,Stage01 canonical reconciliation rank 868,STATHEAD_UNAMBIGUOUS_SINGLE_CANDIDATE,False,CREDITED,Trevor Lawrence,LawrTr00,00-0036971,STATHEAD_QB_STARTED_QUERY,Stage01 canonical reconciliation rank 858,STATHEAD_UNAMBIGUOUS_SINGLE_CANDIDATE,False,CREDITED,POSTGAME_ACTUAL_STARTER,ORACLE_STARTER_IDENTITY_ONLY,False
2023,10,REG,2023-11-12,2023_10_TEN_TB,TEN,TB,Will Levis,LeviWi00,00-0039152,STATHEAD_QB_STARTED_QUERY,Stage01 canonical reconciliation rank 859,STATHEAD_UNAMBIGUOUS_SINGLE_CANDIDATE,False,CREDITED,Baker Mayfield,MayfBa00,00-0034855,STATHEAD_QB_STARTED_QUERY,Stage01 canonical reconciliation rank 862,STATHEAD_UNAMBIGUOUS_SINGLE_CANDIDATE,False,CREDITED,POSTGAME_ACTUAL_STARTER,ORACLE_STARTER_IDENTITY_ONLY,False
2023,10,REG,2023-11-12,2023_10_WAS_SEA,WAS,SEA,Sam Howell,HoweSa00,00-0037077,STATHEAD_QB_STARTED_QUERY,Stage01 canonical reconciliation rank 854,STATHEAD_UNAMBIGUOUS_SINGLE_CANDIDATE,False,CREDITED,Geno Smith,SmitGe00,00-0030565,STATHEAD_QB_STARTED_QUERY,Stage01 canonical reconciliation rank 869,STATHEAD_UNAMBIGUOUS_SINGLE_CANDIDATE,False,CREDITED,POSTGAME_ACTUAL_STARTER,ORACLE_STARTER_IDENTITY_ONLY,False
2023,11,REG,2023-11-19,2023_11_ARI_HOU,ARI,HOU,Kyler Murray,MurrKy00,00-0035228,STATHEAD_QB_STARTED_QUERY,Stage01 canonical reconciliation rank 829,STATHEAD_UNAMBIGUOUS_SINGLE_CANDIDATE,False,CREDITED,C.J. Stroud,StroCJ00,00-0039163,STATHEAD_QB_STARTED_QUERY,Stage01 canonical reconciliation rank 837,STATHEAD_UNAMBIGUOUS_SINGLE_CANDIDATE,False,CREDITED,POSTGAME_ACTUAL_STARTER,ORACLE_STARTER_IDENTITY_ONLY,False
2023,11,REG,2023-11-19,2023_11_CHI_DET,CHI,DET,Tyson Bagent,BageTy00,00-0038416,STATHEAD_QB_STARTED_QUERY,Stage01 canonical reconciliation rank 811,STATHEAD_UNAMBIGUOUS_SINGLE_CANDIDATE,False,CREDITED,Jared Goff,GoffJa00,00-0033106,STATHEAD_QB_STARTED_QUERY,Stage01 canonical reconciliation rank 817,STATHEAD_UNAMBIGUOUS_SINGLE_CANDIDATE,False,CREDITED,POSTGAME_ACTUAL_STARTER,ORACLE_STARTER_IDENTITY_ONLY,False
2023,11,REG,2023-11-16,2023_11_CIN_BAL,CIN,BAL,Joe Burrow,BurrJo01,00-0036442,VALIDATED_MANUAL_WEB_RESEARCH,,VALIDATED_MANUAL_WEB_EXCEPTION,False,CREDITED,Lamar Jackson,JackLa00,00-0034796,STATHEAD_QB_STARTED_QUERY,Stage01 canonical reconciliation rank 821,STATHEAD_UNAMBIGUOUS_SINGLE_CANDIDATE,False,CREDITED,POSTGAME_ACTUAL_STARTER,ORACLE_STARTER_IDENTITY_ONLY,False
2023,11,REG,2023-11-19,2023_11_DAL_CAR,DAL,CAR,Dak Prescott,PresDa01,00-0033077,STATHEAD_QB_STARTED_QUERY,Stage01 canonical reconciliation rank 832,STATHEAD_UNAMBIGUOUS_SINGLE_CANDIDATE,False,CREDITED,Bryce Young,YounBr01,00-0039150,STATHEAD_QB_STARTED_QUERY,Stage01 canonical reconciliation rank 843,STATHEAD_UNAMBIGUOUS_SINGLE_CANDIDATE,False,CREDITED,POSTGAME_ACTUAL_STARTER,ORACLE_STARTER_IDENTITY_ONLY,False
2023,11,REG,2023-11-19,2023_11_LAC_GB,LAC,GB,Justin Herbert,HerbJu00,00-0036355,STATHEAD_QB_STARTED_QUERY,Stage01 canonical reconciliation rank 818,STATHEAD_UNAMBIGUOUS_SINGLE_CANDIDATE,False,CREDITED,Jordan Love,LoveJo03,00-0036264,STATHEAD_QB_STARTED_QUERY,Stage01 canonical reconciliation rank 825,STATHEAD_UNAMBIGUOUS_SINGLE_CANDIDATE,False,CREDITED,POSTGAME_ACTUAL_STARTER,ORACLE_STARTER_IDENTITY_ONLY,False
2023,11,REG,2023-11-19,2023_11_LV_MIA,LV,MIA,Aidan O'Connell,OConAi00,00-0038579,STATHEAD_QB_STARTED_QUERY,Stage01 canonical reconciliation rank 830,STATHEAD_UNAMBIGUOUS_SINGLE_CANDIDATE,False,CREDITED,Tua Tagovailoa,TagoTu00,00-0036212,STATHEAD_QB_STARTED_QUERY,Stage01 canonical reconciliation rank 838,STATHEAD_UNAMBIGUOUS_SINGLE_CANDIDATE,False,CREDITED,POSTGAME_ACTUAL_STARTER,ORACLE_STARTER_IDENTITY_ONLY,False
2023,11,REG,2023-11-19,2023_11_MIN_DEN,MIN,DEN,Joshua Dobbs,DobbJo00,00-0033949,STATHEAD_QB_STARTED_QUERY,Stage01 canonical reconciliation rank 813,STATHEAD_UNAMBIGUOUS_SINGLE_CANDIDATE,False,CREDITED,Russell Wilson,WilsRu00,00-0029263,STATHEAD_QB_STARTED_QUERY,Stage01 canonical reconciliation rank 842,STATHEAD_UNAMBIGUOUS_SINGLE_CANDIDATE,False,CREDITED,POSTGAME_ACTUAL_STARTER,ORACLE_STARTER_IDENTITY_ONLY,False
2023,11,REG,2023-11-19,2023_11_NYG_WAS,NYG,WAS,Tommy DeVito,DeViTo00,00-0038476,STATHEAD_QB_STARTED_QUERY,Stage01 canonical reconciliation rank 816,STATHEAD_UNAMBIGUOUS_SINGLE_CANDIDATE,False,CREDITED,Sam Howell,HoweSa00,00-0037077,STATHEAD_QB_STARTED_QUERY,Stage01 canonical reconciliation rank 819,STATHEAD_UNAMBIGUOUS_SINGLE_CANDIDATE,False,CREDITED,POSTGAME_ACTUAL_STARTER,ORACLE_STARTER_IDENTITY_ONLY,False
2023,11,REG,2023-11-19,2023_11_NYJ_BUF,NYJ,BUF,Zach Wilson,WilsZa00,00-0037013,STATHEAD_QB_STARTED_QUERY,Stage01 canonical reconciliation rank 841,STATHEAD_UNAMBIGUOUS_SINGLE_CANDIDATE,False,CREDITED,Josh Allen,AlleJo02,00-0034857,STATHEAD_QB_STARTED_QUERY,Stage01 canonical reconciliation rank 810,STATHEAD_UNAMBIGUOUS_SINGLE_CANDIDATE,False,CREDITED,POSTGAME_ACTUAL_STARTER,ORACLE_STARTER_IDENTITY_ONLY,False
2023,11,REG,2023-11-20,2023_11_PHI_KC,PHI,KC,Jalen Hurts,HurtJa00,00-0036389,STATHEAD_QB_STARTED_QUERY,Stage01 canonical reconciliation rank 820,STATHEAD_UNAMBIGUOUS_SINGLE_CANDIDATE,False,CREDITED,Patrick Mahomes,MahoPa00,00-0033873,STATHEAD_QB_STARTED_QUERY,Stage01 canonical reconciliation rank 826,STATHEAD_UNAMBIGUOUS_SINGLE_CANDIDATE,False,CREDITED,POSTGAME_ACTUAL_STARTER,ORACLE_STARTER_IDENTITY_ONLY,False
2023,11,REG,2023-11-19,2023_11_PIT_CLE,PIT,CLE,Kenny Pickett,PickKe00,00-0038102,STATHEAD_QB_STARTED_QUERY,Stage01 canonical reconciliation rank 831,STATHEAD_UNAMBIGUOUS_SINGLE_CANDIDATE,False,CREDITED,Dorian Thompson-Robinson,ThomDo02,00-0038583,VALIDATED_MANUAL_WEB_RESEARCH,,VALIDATED_MANUAL_WEB_EXCEPTION,False,CREDITED,POSTGAME_ACTUAL_STARTER,ORACLE_STARTER_IDENTITY_ONLY,False
2023,11,REG,2023-11-19,2023_11_SEA_LA,SEA,LAR,Geno Smith,SmitGe00,00-0030565,STATHEAD_QB_STARTED_QUERY,Stage01 canonical reconciliation rank 835,STATHEAD_UNAMBIGUOUS_SINGLE_CANDIDATE,False,CREDITED,Matthew Stafford,StafMa00,00-0026498,STATHEAD_QB_STARTED_QUERY,Stage01 canonical reconciliation rank 836,STATHEAD_UNAMBIGUOUS_SINGLE_CANDIDATE,False,CREDITED,POSTGAME_ACTUAL_STARTER,ORACLE_STARTER_IDENTITY_ONLY,False
2023,11,REG,2023-11-19,2023_11_TB_SF,TB,SF,Baker Mayfield,MayfBa00,00-0034855,STATHEAD_QB_STARTED_QUERY,Stage01 canonical reconciliation rank 827,STATHEAD_UNAMBIGUOUS_SINGLE_CANDIDATE,False,CREDITED,Brock Purdy,PurdBr00,00-0037834,STATHEAD_QB_STARTED_QUERY,Stage01 canonical reconciliation rank 833,STATHEAD_UNAMBIGUOUS_SINGLE_CANDIDATE,False,CREDITED,POSTGAME_ACTUAL_STARTER,ORACLE_STARTER_IDENTITY_ONLY,False
2023,11,REG,2023-11-19,2023_11_TEN_JAX,TEN,JAX,Will Levis,LeviWi00,00-0039152,STATHEAD_QB_STARTED_QUERY,Stage01 canonical reconciliation rank 824,STATHEAD_UNAMBIGUOUS_SINGLE_CANDIDATE,False,CREDITED,Trevor Lawrence,LawrTr00,00-0036971,STATHEAD_QB_STARTED_QUERY,Stage01 canonical reconciliation rank 823,STATHEAD_UNAMBIGUOUS_SINGLE_CANDIDATE,False,CREDITED,POSTGAME_ACTUAL_STARTER,ORACLE_STARTER_IDENTITY_ONLY,False
2023,12,REG,2023-11-26,2023_12_BAL_LAC,BAL,LAC,Lamar Jackson,JackLa00,00-0034796,STATHEAD_QB_STARTED_QUERY,Stage01 canonical reconciliation rank 790,STATHEAD_UNAMBIGUOUS_SINGLE_CANDIDATE,False,CREDITED,Justin Herbert,HerbJu00,00-0036355,STATHEAD_QB_STARTED_QUERY,Stage01 canonical reconciliation rank 788,STATHEAD_UNAMBIGUOUS_SINGLE_CANDIDATE,False,CREDITED,POSTGAME_ACTUAL_STARTER,ORACLE_STARTER_IDENTITY_ONLY,False
2023,12,REG,2023-11-26,2023_12_BUF_PHI,BUF,PHI,Josh Allen,AlleJo02,00-0034857,STATHEAD_QB_STARTED_QUERY,Stage01 canonical reconciliation rank 784,STATHEAD_UNAMBIGUOUS_SINGLE_CANDIDATE,False,CREDITED,Jalen Hurts,HurtJa00,00-0036389,STATHEAD_QB_STARTED_QUERY,Stage01 canonical reconciliation rank 789,STATHEAD_UNAMBIGUOUS_SINGLE_CANDIDATE,False,CREDITED,POSTGAME_ACTUAL_STARTER,ORACLE_STARTER_IDENTITY_ONLY,False
2023,12,REG,2023-11-26,2023_12_CAR_TEN,CAR,TEN,Bryce Young,YounBr01,00-0039150,STATHEAD_QB_STARTED_QUERY,Stage01 canonical reconciliation rank 809,STATHEAD_UNAMBIGUOUS_SINGLE_CANDIDATE,False,CREDITED,Will Levis,LeviWi00,00-0039152,STATHEAD_QB_STARTED_QUERY,Stage01 canonical reconciliation rank 793,STATHEAD_UNAMBIGUOUS_SINGLE_CANDIDATE,False,CREDITED,POSTGAME_ACTUAL_STARTER,ORACLE_STARTER_IDENTITY_ONLY,False
2023,12,REG,2023-11-27,2023_12_CHI_MIN,CHI,MIN,Justin Fields,FielJu00,00-0036945,STATHEAD_QB_STARTED_QUERY,Stage01 canonical reconciliation rank 783,STATHEAD_UNAMBIGUOUS_SINGLE_CANDIDATE,False,CREDITED,Joshua Dobbs,DobbJo00,00-0033949,STATHEAD_QB_STARTED_QUERY,Stage01 canonical reconciliation rank 782,STATHEAD_UNAMBIGUOUS_SINGLE_CANDIDATE,False,CREDITED,POSTGAME_ACTUAL_STARTER,ORACLE_STARTER_IDENTITY_ONLY,False
2023,12,REG,2023-11-26,2023_12_CLE_DEN,CLE,DEN,Dorian Thompson-Robinson,ThomDo02,00-0038583,VALIDATED_MANUAL_WEB_RESEARCH,,VALIDATED_MANUAL_WEB_EXCEPTION,False,CREDITED,Russell Wilson,WilsRu00,00-0029263,VALIDATED_MANUAL_WEB_RESEARCH,,VALIDATED_MANUAL_WEB_EXCEPTION,False,CREDITED,POSTGAME_ACTUAL_STARTER,ORACLE_STARTER_IDENTITY_ONLY,False
2023,12,REG,2023-11-23,2023_12_GB_DET,GB,DET,Jordan Love,LoveJo03,00-0036264,VALIDATED_MANUAL_WEB_RESEARCH,,VALIDATED_MANUAL_WEB_EXCEPTION,False,CREDITED,Jared Goff,GoffJa00,00-0033106,VALIDATED_MANUAL_WEB_RESEARCH,,VALIDATED_MANUAL_WEB_EXCEPTION,False,CREDITED,POSTGAME_ACTUAL_STARTER,ORACLE_STARTER_IDENTITY_ONLY,False
2023,12,REG,2023-11-26,2023_12_JAX_HOU,JAX,HOU,Trevor Lawrence,LawrTr00,00-0036971,STATHEAD_QB_STARTED_QUERY,Stage01 canonical reconciliation rank 792,STATHEAD_UNAMBIGUOUS_SINGLE_CANDIDATE,False,CREDITED,C.J. Stroud,StroCJ00,00-0039163,STATHEAD_QB_STARTED_QUERY,Stage01 canonical reconciliation rank 805,STATHEAD_UNAMBIGUOUS_SINGLE_CANDIDATE,False,CREDITED,POSTGAME_ACTUAL_STARTER,ORACLE_STARTER_IDENTITY_ONLY,False
2023,12,REG,2023-11-26,2023_12_KC_LV,KC,LV,Patrick Mahomes,MahoPa00,00-0033873,STATHEAD_QB_STARTED_QUERY,Stage01 canonical reconciliation rank 794,STATHEAD_UNAMBIGUOUS_SINGLE_CANDIDATE,False,CREDITED,Aidan O'Connell,OConAi00,00-0038579,STATHEAD_QB_STARTED_QUERY,Stage01 canonical reconciliation rank 798,STATHEAD_UNAMBIGUOUS_SINGLE_CANDIDATE,False,CREDITED,POSTGAME_ACTUAL_STARTER,ORACLE_STARTER_IDENTITY_ONLY,False
2023,12,REG,2023-11-26,2023_12_LA_ARI,LAR,ARI,Matthew Stafford,StafMa00,00-0026498,STATHEAD_QB_STARTED_QUERY,Stage01 canonical reconciliation rank 804,STATHEAD_UNAMBIGUOUS_SINGLE_CANDIDATE,False,CREDITED,Kyler Murray,MurrKy00,00-0035228,STATHEAD_QB_STARTED_QUERY,Stage01 canonical reconciliation rank 797,STATHEAD_UNAMBIGUOUS_SINGLE_CANDIDATE,False,CREDITED,POSTGAME_ACTUAL_STARTER,ORACLE_STARTER_IDENTITY_ONLY,False
2023,12,REG,2023-11-24,2023_12_MIA_NYJ,MIA,NYJ,Tua Tagovailoa,TagoTu00,00-0036212,STATHEAD_QB_STARTED_QUERY,Stage01 canonical reconciliation rank 806,STATHEAD_UNAMBIGUOUS_SINGLE_CANDIDATE,False,CREDITED,Tim Boyle,BoylTi00,00-0034177,VALIDATED_MANUAL_WEB_RESEARCH,,VALIDATED_MANUAL_WEB_EXCEPTION,False,CREDITED,POSTGAME_ACTUAL_STARTER,ORACLE_STARTER_IDENTITY_ONLY,False
2023,12,REG,2023-11-26,2023_12_NE_NYG,NE,NYG,Mac Jones,JoneMa05,00-0036972,STATHEAD_QB_STARTED_QUERY,Stage01 canonical reconciliation rank 791,STATHEAD_UNAMBIGUOUS_SINGLE_CANDIDATE,False,CREDITED,Tommy DeVito,DeViTo00,00-0038476,STATHEAD_QB_STARTED_QUERY,Stage01 canonical reconciliation rank 787,STATHEAD_UNAMBIGUOUS_SINGLE_CANDIDATE,False,CREDITED,POSTGAME_ACTUAL_STARTER,ORACLE_STARTER_IDENTITY_ONLY,False
2023,12,REG,2023-11-26,2023_12_NO_ATL,NO,ATL,Derek Carr,CarrDe02,00-0031280,STATHEAD_QB_STARTED_QUERY,Stage01 canonical reconciliation rank 786,STATHEAD_UNAMBIGUOUS_SINGLE_CANDIDATE,False,CREDITED,Desmond Ridder,RiddDe00,00-0038122,STATHEAD_QB_STARTED_QUERY,Stage01 canonical reconciliation rank 800,STATHEAD_UNAMBIGUOUS_SINGLE_CANDIDATE,False,CREDITED,POSTGAME_ACTUAL_STARTER,ORACLE_STARTER_IDENTITY_ONLY,False
2023,12,REG,2023-11-26,2023_12_PIT_CIN,PIT,CIN,Kenny Pickett,PickKe00,00-0038102,STATHEAD_QB_STARTED_QUERY,Stage01 canonical reconciliation rank 799,STATHEAD_UNAMBIGUOUS_SINGLE_CANDIDATE,False,CREDITED,Jake Browning,BrowJa08,00-0035100,STATHEAD_QB_STARTED_QUERY,Stage01 canonical reconciliation rank 785,STATHEAD_UNAMBIGUOUS_SINGLE_CANDIDATE,False,CREDITED,POSTGAME_ACTUAL_STARTER,ORACLE_STARTER_IDENTITY_ONLY,False
2023,12,REG,2023-11-23,2023_12_SF_SEA,SF,SEA,Brock Purdy,PurdBr00,00-0037834,STATHEAD_QB_STARTED_QUERY,Stage01 canonical reconciliation rank 802,STATHEAD_UNAMBIGUOUS_SINGLE_CANDIDATE,False,CREDITED,Geno Smith,SmitGe00,00-0030565,STATHEAD_QB_STARTED_QUERY,Stage01 canonical reconciliation rank 803,STATHEAD_UNAMBIGUOUS_SINGLE_CANDIDATE,False,CREDITED,POSTGAME_ACTUAL_STARTER,ORACLE_STARTER_IDENTITY_ONLY,False
2023,12,REG,2023-11-26,2023_12_TB_IND,TB,IND,Baker Mayfield,MayfBa00,00-0034855,STATHEAD_QB_STARTED_QUERY,Stage01 canonical reconciliation rank 795,STATHEAD_UNAMBIGUOUS_SINGLE_CANDIDATE,False,CREDITED,Gardner Minshew II,MinsGa00,00-0035289,STATHEAD_QB_STARTED_QUERY,Stage01 canonical reconciliation rank 796,STATHEAD_UNAMBIGUOUS_SINGLE_CANDIDATE,False,CREDITED,POSTGAME_ACTUAL_STARTER,ORACLE_STARTER_IDENTITY_ONLY,False
2023,12,REG,2023-11-23,2023_12_WAS_DAL,WAS,DAL,Sam Howell,HoweSa00,00-0037077,VALIDATED_MANUAL_WEB_RESEARCH,,VALIDATED_MANUAL_WEB_EXCEPTION,False,CREDITED,Dak Prescott,PresDa01,00-0033077,VALIDATED_MANUAL_WEB_RESEARCH,,VALIDATED_MANUAL_WEB_EXCEPTION,False,CREDITED,POSTGAME_ACTUAL_STARTER,ORACLE_STARTER_IDENTITY_ONLY,False
2023,13,REG,2023-12-03,2023_13_ARI_PIT,ARI,PIT,Kyler Murray,MurrKy00,00-0035228,STATHEAD_QB_STARTED_QUERY,Stage01 canonical reconciliation rank 772,STATHEAD_UNAMBIGUOUS_SINGLE_CANDIDATE,False,CREDITED,Kenny Pickett,PickKe00,00-0038102,STATHEAD_QB_STARTED_QUERY,Stage01 canonical reconciliation rank 774,STATHEAD_UNAMBIGUOUS_SINGLE_CANDIDATE,False,CREDITED,POSTGAME_ACTUAL_STARTER,ORACLE_STARTER_IDENTITY_ONLY,False
2023,13,REG,2023-12-03,2023_13_ATL_NYJ,ATL,NYJ,Desmond Ridder,RiddDe00,00-0038122,STATHEAD_QB_STARTED_QUERY,Stage01 canonical reconciliation rank 776,STATHEAD_UNAMBIGUOUS_SINGLE_CANDIDATE,False,CREDITED,Trevor Siemian,SiemTr00,00-0032156,STATHEAD_QB_STARTED_QUERY,Stage01 canonical reconciliation rank 777,STATHEAD_UNAMBIGUOUS_SINGLE_CANDIDATE,False,CREDITED,POSTGAME_ACTUAL_STARTER,ORACLE_STARTER_IDENTITY_ONLY,False
2023,13,REG,2023-12-03,2023_13_CAR_TB,CAR,TB,Bryce Young,YounBr01,00-0039150,VALIDATED_MANUAL_WEB_RESEARCH,,VALIDATED_MANUAL_WEB_EXCEPTION,False,CREDITED,Baker Mayfield,MayfBa00,00-0034855,STATHEAD_QB_STARTED_QUERY,Stage01 canonical reconciliation rank 770,STATHEAD_UNAMBIGUOUS_SINGLE_CANDIDATE,False,CREDITED,POSTGAME_ACTUAL_STARTER,ORACLE_STARTER_IDENTITY_ONLY,False
2023,13,REG,2023-12-04,2023_13_CIN_JAX,CIN,JAX,Jake Browning,BrowJa08,00-0035100,STATHEAD_QB_STARTED_QUERY,Stage01 canonical reconciliation rank 756,STATHEAD_UNAMBIGUOUS_SINGLE_CANDIDATE,False,CREDITED,Trevor Lawrence,LawrTr00,00-0036971,STATHEAD_QB_STARTED_QUERY,Stage01 canonical reconciliation rank 766,STATHEAD_UNAMBIGUOUS_SINGLE_CANDIDATE,False,CREDITED,POSTGAME_ACTUAL_STARTER,ORACLE_STARTER_IDENTITY_ONLY,False
2023,13,REG,2023-12-03,2023_13_CLE_LA,CLE,LAR,Joe Flacco,FlacJo00,00-0026158,STATHEAD_QB_STARTED_QUERY,Stage01 canonical reconciliation rank 760,STATHEAD_UNAMBIGUOUS_SINGLE_CANDIDATE,False,CREDITED,Matthew Stafford,StafMa00,00-0026498,STATHEAD_QB_STARTED_QUERY,Stage01 canonical reconciliation rank 778,STATHEAD_UNAMBIGUOUS_SINGLE_CANDIDATE,False,CREDITED,POSTGAME_ACTUAL_STARTER,ORACLE_STARTER_IDENTITY_ONLY,False
2023,13,REG,2023-12-03,2023_13_DEN_HOU,DEN,HOU,Russell Wilson,WilsRu00,00-0029263,VALIDATED_MANUAL_WEB_RESEARCH,,VALIDATED_MANUAL_WEB_EXCEPTION,False,CREDITED,C.J. Stroud,StroCJ00,00-0039163,STATHEAD_QB_STARTED_QUERY,Stage01 canonical reconciliation rank 779,STATHEAD_UNAMBIGUOUS_SINGLE_CANDIDATE,False,CREDITED,POSTGAME_ACTUAL_STARTER,ORACLE_STARTER_IDENTITY_ONLY,False
2023,13,REG,2023-12-03,2023_13_DET_NO,DET,NO,Jared Goff,GoffJa00,00-0033106,STATHEAD_QB_STARTED_QUERY,Stage01 canonical reconciliation rank 761,STATHEAD_UNAMBIGUOUS_SINGLE_CANDIDATE,False,CREDITED,Derek Carr,CarrDe02,00-0031280,STATHEAD_QB_STARTED_QUERY,Stage01 canonical reconciliation rank 757,STATHEAD_UNAMBIGUOUS_SINGLE_CANDIDATE,False,CREDITED,POSTGAME_ACTUAL_STARTER,ORACLE_STARTER_IDENTITY_ONLY,False
2023,13,REG,2023-12-03,2023_13_IND_TEN,IND,TEN,Gardner Minshew II,MinsGa00,00-0035289,STATHEAD_QB_STARTED_QUERY,Stage01 canonical reconciliation rank 771,STATHEAD_UNAMBIGUOUS_SINGLE_CANDIDATE,False,CREDITED,Will Levis,LeviWi00,00-0039152,STATHEAD_QB_STARTED_QUERY,Stage01 canonical reconciliation rank 767,STATHEAD_UNAMBIGUOUS_SINGLE_CANDIDATE,False,CREDITED,POSTGAME_ACTUAL_STARTER,ORACLE_STARTER_IDENTITY_ONLY,False
2023,13,REG,2023-12-03,2023_13_KC_GB,KC,GB,Patrick Mahomes,MahoPa00,00-0033873,STATHEAD_QB_STARTED_QUERY,Stage01 canonical reconciliation rank 769,STATHEAD_UNAMBIGUOUS_SINGLE_CANDIDATE,False,CREDITED,Jordan Love,LoveJo03,00-0036264,STATHEAD_QB_STARTED_QUERY,Stage01 canonical reconciliation rank 768,STATHEAD_UNAMBIGUOUS_SINGLE_CANDIDATE,False,CREDITED,POSTGAME_ACTUAL_STARTER,ORACLE_STARTER_IDENTITY_ONLY,False
2023,13,REG,2023-12-03,2023_13_LAC_NE,LAC,NE,Justin Herbert,HerbJu00,00-0036355,STATHEAD_QB_STARTED_QUERY,Stage01 canonical reconciliation rank 762,STATHEAD_UNAMBIGUOUS_SINGLE_CANDIDATE,False,CREDITED,Bailey Zappe,ZappBa00,00-0038108,VALIDATED_MANUAL_WEB_RESEARCH,,VALIDATED_MANUAL_WEB_EXCEPTION,False,CREDITED,POSTGAME_ACTUAL_STARTER,ORACLE_STARTER_IDENTITY_ONLY,False
2023,13,REG,2023-12-03,2023_13_MIA_WAS,MIA,WAS,Tua Tagovailoa,TagoTu00,00-0036212,STATHEAD_QB_STARTED_QUERY,Stage01 canonical reconciliation rank 780,STATHEAD_UNAMBIGUOUS_SINGLE_CANDIDATE,False,CREDITED,Sam Howell,HoweSa00,00-0037077,STATHEAD_QB_STARTED_QUERY,Stage01 canonical reconciliation rank 763,STATHEAD_UNAMBIGUOUS_SINGLE_CANDIDATE,False,CREDITED,POSTGAME_ACTUAL_STARTER,ORACLE_STARTER_IDENTITY_ONLY,False
2023,13,REG,2023-11-30,2023_13_SEA_DAL,SEA,DAL,Geno Smith,SmitGe00,00-0030565,STATHEAD_QB_STARTED_QUERY,Stage01 canonical reconciliation rank 781,STATHEAD_UNAMBIGUOUS_SINGLE_CANDIDATE,False,CREDITED,Dak Prescott,PresDa01,00-0033077,VALIDATED_MANUAL_WEB_RESEARCH,,VALIDATED_MANUAL_WEB_EXCEPTION,False,CREDITED,POSTGAME_ACTUAL_STARTER,ORACLE_STARTER_IDENTITY_ONLY,False
2023,13,REG,2023-12-03,2023_13_SF_PHI,SF,PHI,Brock Purdy,PurdBr00,00-0037834,STATHEAD_QB_STARTED_QUERY,Stage01 canonical reconciliation rank 775,STATHEAD_UNAMBIGUOUS_SINGLE_CANDIDATE,False,CREDITED,Jalen Hurts,HurtJa00,00-0036389,STATHEAD_QB_STARTED_QUERY,Stage01 canonical reconciliation rank 764,STATHEAD_UNAMBIGUOUS_SINGLE_CANDIDATE,False,CREDITED,POSTGAME_ACTUAL_STARTER,ORACLE_STARTER_IDENTITY_ONLY,False
2023,14,REG,2023-12-10,2023_14_BUF_KC,BUF,KC,Josh Allen,AlleJo02,00-0034857,STATHEAD_QB_STARTED_QUERY,Stage01 canonical reconciliation rank 723,STATHEAD_UNAMBIGUOUS_SINGLE_CANDIDATE,False,CREDITED,Patrick Mahomes,MahoPa00,00-0033873,STATHEAD_QB_STARTED_QUERY,Stage01 canonical reconciliation rank 738,STATHEAD_UNAMBIGUOUS_SINGLE_CANDIDATE,False,CREDITED,POSTGAME_ACTUAL_STARTER,ORACLE_STARTER_IDENTITY_ONLY,False
2023,14,REG,2023-12-10,2023_14_CAR_NO,CAR,NO,Bryce Young,YounBr01,00-0039150,STATHEAD_QB_STARTED_QUERY,Stage01 canonical reconciliation rank 753,STATHEAD_UNAMBIGUOUS_SINGLE_CANDIDATE,False,CREDITED,Derek Carr,CarrDe02,00-0031280,STATHEAD_QB_STARTED_QUERY,Stage01 canonical reconciliation rank 725,STATHEAD_UNAMBIGUOUS_SINGLE_CANDIDATE,False,CREDITED,POSTGAME_ACTUAL_STARTER,ORACLE_STARTER_IDENTITY_ONLY,False
2023,14,REG,2023-12-10,2023_14_DEN_LAC,DEN,LAC,Russell Wilson,WilsRu00,00-0029263,VALIDATED_MANUAL_WEB_RESEARCH,,VALIDATED_MANUAL_WEB_EXCEPTION,False,CREDITED,Justin Herbert,HerbJu00,00-0036355,STATHEAD_QB_STARTED_QUERY,Stage01 canonical reconciliation rank 731,STATHEAD_UNAMBIGUOUS_SINGLE_CANDIDATE,False,CREDITED,POSTGAME_ACTUAL_STARTER,ORACLE_STARTER_IDENTITY_ONLY,False
2023,14,REG,2023-12-10,2023_14_DET_CHI,DET,CHI,Jared Goff,GoffJa00,00-0033106,STATHEAD_QB_STARTED_QUERY,Stage01 canonical reconciliation rank 730,STATHEAD_UNAMBIGUOUS_SINGLE_CANDIDATE,False,CREDITED,Justin Fields,FielJu00,00-0036945,STATHEAD_QB_STARTED_QUERY,Stage01 canonical reconciliation rank 728,STATHEAD_UNAMBIGUOUS_SINGLE_CANDIDATE,False,CREDITED,POSTGAME_ACTUAL_STARTER,ORACLE_STARTER_IDENTITY_ONLY,False
2023,14,REG,2023-12-11,2023_14_GB_NYG,GB,NYG,Jordan Love,LoveJo03,00-0036264,STATHEAD_QB_STARTED_QUERY,Stage01 canonical reconciliation rank 737,STATHEAD_UNAMBIGUOUS_SINGLE_CANDIDATE,False,CREDITED,Tommy DeVito,DeViTo00,00-0038476,STATHEAD_QB_STARTED_QUERY,Stage01 canonical reconciliation rank 727,STATHEAD_UNAMBIGUOUS_SINGLE_CANDIDATE,False,CREDITED,POSTGAME_ACTUAL_STARTER,ORACLE_STARTER_IDENTITY_ONLY,False
2023,14,REG,2023-12-10,2023_14_HOU_NYJ,HOU,NYJ,C.J. Stroud,StroCJ00,00-0039163,STATHEAD_QB_STARTED_QUERY,Stage01 canonical reconciliation rank 748,STATHEAD_UNAMBIGUOUS_SINGLE_CANDIDATE,False,CREDITED,Zach Wilson,WilsZa00,00-0037013,STATHEAD_QB_STARTED_QUERY,Stage01 canonical reconciliation rank 752,STATHEAD_UNAMBIGUOUS_SINGLE_CANDIDATE,False,CREDITED,POSTGAME_ACTUAL_STARTER,ORACLE_STARTER_IDENTITY_ONLY,False
2023,14,REG,2023-12-10,2023_14_IND_CIN,IND,CIN,Gardner Minshew II,MinsGa00,00-0035289,STATHEAD_QB_STARTED_QUERY,Stage01 canonical reconciliation rank 740,STATHEAD_UNAMBIGUOUS_SINGLE_CANDIDATE,False,CREDITED,Jake Browning,BrowJa08,00-0035100,STATHEAD_QB_STARTED_QUERY,Stage01 canonical reconciliation rank 724,STATHEAD_UNAMBIGUOUS_SINGLE_CANDIDATE,False,CREDITED,POSTGAME_ACTUAL_STARTER,ORACLE_STARTER_IDENTITY_ONLY,False
2023,14,REG,2023-12-10,2023_14_JAX_CLE,JAX,CLE,Trevor Lawrence,LawrTr00,00-0036971,STATHEAD_QB_STARTED_QUERY,Stage01 canonical reconciliation rank 735,STATHEAD_UNAMBIGUOUS_SINGLE_CANDIDATE,False,CREDITED,Joe Flacco,FlacJo00,00-0026158,VALIDATED_MANUAL_WEB_RESEARCH,,VALIDATED_MANUAL_WEB_EXCEPTION,False,CREDITED,POSTGAME_ACTUAL_STARTER,ORACLE_STARTER_IDENTITY_ONLY,False
2023,14,REG,2023-12-10,2023_14_LA_BAL,LAR,BAL,Matthew Stafford,StafMa00,00-0026498,STATHEAD_QB_STARTED_QUERY,Stage01 canonical reconciliation rank 747,STATHEAD_UNAMBIGUOUS_SINGLE_CANDIDATE,False,CREDITED,Lamar Jackson,JackLa00,00-0034796,STATHEAD_QB_STARTED_QUERY,Stage01 canonical reconciliation rank 734,STATHEAD_UNAMBIGUOUS_SINGLE_CANDIDATE,False,CREDITED,POSTGAME_ACTUAL_STARTER,ORACLE_STARTER_IDENTITY_ONLY,False
2023,14,REG,2023-12-10,2023_14_MIN_LV,MIN,LV,Joshua Dobbs,DobbJo00,00-0033949,STATHEAD_QB_STARTED_QUERY,Stage01 canonical reconciliation rank 726,STATHEAD_UNAMBIGUOUS_SINGLE_CANDIDATE,False,CREDITED,Aidan O'Connell,OConAi00,00-0038579,STATHEAD_QB_STARTED_QUERY,Stage01 canonical reconciliation rank 742,STATHEAD_UNAMBIGUOUS_SINGLE_CANDIDATE,False,CREDITED,POSTGAME_ACTUAL_STARTER,ORACLE_STARTER_IDENTITY_ONLY,False
2023,14,REG,2023-12-07,2023_14_NE_PIT,NE,PIT,Bailey Zappe,ZappBa00,00-0038108,STATHEAD_QB_STARTED_QUERY,Stage01 canonical reconciliation rank 754,STATHEAD_UNAMBIGUOUS_SINGLE_CANDIDATE,False,CREDITED,Mitchell Trubisky,TrubMi00,00-0033869,STATHEAD_QB_STARTED_QUERY,Stage01 canonical reconciliation rank 750,STATHEAD_UNAMBIGUOUS_SINGLE_CANDIDATE,False,CREDITED,POSTGAME_ACTUAL_STARTER,ORACLE_STARTER_IDENTITY_ONLY,False
2023,14,REG,2023-12-10,2023_14_PHI_DAL,PHI,DAL,Jalen Hurts,HurtJa00,00-0036389,STATHEAD_QB_STARTED_QUERY,Stage01 canonical reconciliation rank 733,STATHEAD_UNAMBIGUOUS_SINGLE_CANDIDATE,False,CREDITED,Dak Prescott,PresDa01,00-0033077,STATHEAD_QB_STARTED_QUERY,Stage01 canonical reconciliation rank 743,STATHEAD_UNAMBIGUOUS_SINGLE_CANDIDATE,False,CREDITED,POSTGAME_ACTUAL_STARTER,ORACLE_STARTER_IDENTITY_ONLY,False
2023,14,REG,2023-12-10,2023_14_SEA_SF,SEA,SF,Geno Smith,SmitGe00,00-0030565,STATHEAD_QB_STARTED_QUERY,Stage01 canonical reconciliation rank 746,STATHEAD_UNAMBIGUOUS_SINGLE_CANDIDATE,False,CREDITED,Brock Purdy,PurdBr00,00-0037834,STATHEAD_QB_STARTED_QUERY,Stage01 canonical reconciliation rank 744,STATHEAD_UNAMBIGUOUS_SINGLE_CANDIDATE,False,CREDITED,POSTGAME_ACTUAL_STARTER,ORACLE_STARTER_IDENTITY_ONLY,False
2023,14,REG,2023-12-10,2023_14_TB_ATL,TB,ATL,Baker Mayfield,MayfBa00,00-0034855,STATHEAD_QB_STARTED_QUERY,Stage01 canonical reconciliation rank 739,STATHEAD_UNAMBIGUOUS_SINGLE_CANDIDATE,False,CREDITED,Desmond Ridder,RiddDe00,00-0038122,STATHEAD_QB_STARTED_QUERY,Stage01 canonical reconciliation rank 745,STATHEAD_UNAMBIGUOUS_SINGLE_CANDIDATE,False,CREDITED,POSTGAME_ACTUAL_STARTER,ORACLE_STARTER_IDENTITY_ONLY,False
2023,14,REG,2023-12-11,2023_14_TEN_MIA,TEN,MIA,Will Levis,LeviWi00,00-0039152,STATHEAD_QB_STARTED_QUERY,Stage01 canonical reconciliation rank 736,STATHEAD_UNAMBIGUOUS_SINGLE_CANDIDATE,False,CREDITED,Tua Tagovailoa,TagoTu00,00-0036212,STATHEAD_QB_STARTED_QUERY,Stage01 canonical reconciliation rank 749,STATHEAD_UNAMBIGUOUS_SINGLE_CANDIDATE,False,CREDITED,POSTGAME_ACTUAL_STARTER,ORACLE_STARTER_IDENTITY_ONLY,False
2023,15,REG,2023-12-17,2023_15_ATL_CAR,ATL,CAR,Desmond Ridder,RiddDe00,00-0038122,STATHEAD_QB_STARTED_QUERY,Stage01 canonical reconciliation rank 710,STATHEAD_UNAMBIGUOUS_SINGLE_CANDIDATE,False,CREDITED,Bryce Young,YounBr01,00-0039150,STATHEAD_QB_STARTED_QUERY,Stage01 canonical reconciliation rank 721,STATHEAD_UNAMBIGUOUS_SINGLE_CANDIDATE,False,CREDITED,POSTGAME_ACTUAL_STARTER,ORACLE_STARTER_IDENTITY_ONLY,False
2023,15,REG,2023-12-17,2023_15_BAL_JAX,BAL,JAX,Lamar Jackson,JackLa00,00-0034796,STATHEAD_QB_STARTED_QUERY,Stage01 canonical reconciliation rank 698,STATHEAD_UNAMBIGUOUS_SINGLE_CANDIDATE,False,CREDITED,Trevor Lawrence,LawrTr00,00-0036971,STATHEAD_QB_STARTED_QUERY,Stage01 canonical reconciliation rank 699,STATHEAD_UNAMBIGUOUS_SINGLE_CANDIDATE,False,CREDITED,POSTGAME_ACTUAL_STARTER,ORACLE_STARTER_IDENTITY_ONLY,False
2023,15,REG,2023-12-17,2023_15_CHI_CLE,CHI,CLE,Justin Fields,FielJu00,00-0036945,STATHEAD_QB_STARTED_QUERY,Stage01 canonical reconciliation rank 693,STATHEAD_UNAMBIGUOUS_SINGLE_CANDIDATE,False,CREDITED,Joe Flacco,FlacJo00,00-0026158,VALIDATED_MANUAL_WEB_RESEARCH,,VALIDATED_MANUAL_WEB_EXCEPTION,False,CREDITED,POSTGAME_ACTUAL_STARTER,ORACLE_STARTER_IDENTITY_ONLY,False
2023,15,REG,2023-12-17,2023_15_DAL_BUF,DAL,BUF,Dak Prescott,PresDa01,00-0033077,STATHEAD_QB_STARTED_QUERY,Stage01 canonical reconciliation rank 708,STATHEAD_UNAMBIGUOUS_SINGLE_CANDIDATE,False,CREDITED,Josh Allen,AlleJo02,00-0034857,STATHEAD_QB_STARTED_QUERY,Stage01 canonical reconciliation rank 689,STATHEAD_UNAMBIGUOUS_SINGLE_CANDIDATE,False,CREDITED,POSTGAME_ACTUAL_STARTER,ORACLE_STARTER_IDENTITY_ONLY,False
2023,15,REG,2023-12-16,2023_15_DEN_DET,DEN,DET,Russell Wilson,WilsRu00,00-0029263,VALIDATED_MANUAL_WEB_RESEARCH,,VALIDATED_MANUAL_WEB_EXCEPTION,False,CREDITED,Jared Goff,GoffJa00,00-0033106,STATHEAD_QB_STARTED_QUERY,Stage01 canonical reconciliation rank 695,STATHEAD_UNAMBIGUOUS_SINGLE_CANDIDATE,False,CREDITED,POSTGAME_ACTUAL_STARTER,ORACLE_STARTER_IDENTITY_ONLY,False
2023,15,REG,2023-12-17,2023_15_HOU_TEN,HOU,TEN,Case Keenum,KeenCa00,00-0028986,STATHEAD_QB_STARTED_QUERY,Stage01 canonical reconciliation rank 688,STATHEAD_UNAMBIGUOUS_SINGLE_CANDIDATE,False,CREDITED,Will Levis,LeviWi00,00-0039152,STATHEAD_QB_STARTED_QUERY,Stage01 canonical reconciliation rank 700,STATHEAD_UNAMBIGUOUS_SINGLE_CANDIDATE,False,CREDITED,POSTGAME_ACTUAL_STARTER,ORACLE_STARTER_IDENTITY_ONLY,False
2023,15,REG,2023-12-17,2023_15_KC_NE,KC,NE,Patrick Mahomes,MahoPa00,00-0033873,STATHEAD_QB_STARTED_QUERY,Stage01 canonical reconciliation rank 702,STATHEAD_UNAMBIGUOUS_SINGLE_CANDIDATE,False,CREDITED,Bailey Zappe,ZappBa00,00-0038108,STATHEAD_QB_STARTED_QUERY,Stage01 canonical reconciliation rank 722,STATHEAD_UNAMBIGUOUS_SINGLE_CANDIDATE,False,CREDITED,POSTGAME_ACTUAL_STARTER,ORACLE_STARTER_IDENTITY_ONLY,False
2023,15,REG,2023-12-14,2023_15_LAC_LV,LAC,LV,Easton Stick,SticEa00,00-0035282,STATHEAD_QB_STARTED_QUERY,Stage01 canonical reconciliation rank 715,STATHEAD_UNAMBIGUOUS_SINGLE_CANDIDATE,False,CREDITED,Aidan O'Connell,OConAi00,00-0038579,STATHEAD_QB_STARTED_QUERY,Stage01 canonical reconciliation rank 707,STATHEAD_UNAMBIGUOUS_SINGLE_CANDIDATE,False,CREDITED,POSTGAME_ACTUAL_STARTER,ORACLE_STARTER_IDENTITY_ONLY,False
2023,15,REG,2023-12-16,2023_15_MIN_CIN,MIN,CIN,Nick Mullens,MullNi00,00-0033319,VALIDATED_MANUAL_WEB_RESEARCH,,VALIDATED_MANUAL_WEB_EXCEPTION,False,CREDITED,Jake Browning,BrowJa08,00-0035100,STATHEAD_QB_STARTED_QUERY,Stage01 canonical reconciliation rank 690,STATHEAD_UNAMBIGUOUS_SINGLE_CANDIDATE,False,CREDITED,POSTGAME_ACTUAL_STARTER,ORACLE_STARTER_IDENTITY_ONLY,False
2023,15,REG,2023-12-17,2023_15_NYG_NO,NYG,NO,Tommy DeVito,DeViTo00,00-0038476,STATHEAD_QB_STARTED_QUERY,Stage01 canonical reconciliation rank 692,STATHEAD_UNAMBIGUOUS_SINGLE_CANDIDATE,False,CREDITED,Derek Carr,CarrDe02,00-0031280,STATHEAD_QB_STARTED_QUERY,Stage01 canonical reconciliation rank 691,STATHEAD_UNAMBIGUOUS_SINGLE_CANDIDATE,False,CREDITED,POSTGAME_ACTUAL_STARTER,ORACLE_STARTER_IDENTITY_ONLY,False
2023,15,REG,2023-12-17,2023_15_NYJ_MIA,NYJ,MIA,Zach Wilson,WilsZa00,00-0037013,VALIDATED_MANUAL_WEB_RESEARCH,,VALIDATED_MANUAL_WEB_EXCEPTION,False,CREDITED,Tua Tagovailoa,TagoTu00,00-0036212,STATHEAD_QB_STARTED_QUERY,Stage01 canonical reconciliation rank 717,STATHEAD_UNAMBIGUOUS_SINGLE_CANDIDATE,False,CREDITED,POSTGAME_ACTUAL_STARTER,ORACLE_STARTER_IDENTITY_ONLY,False
2023,15,REG,2023-12-18,2023_15_PHI_SEA,PHI,SEA,Jalen Hurts,HurtJa00,00-0036389,STATHEAD_QB_STARTED_QUERY,Stage01 canonical reconciliation rank 697,STATHEAD_UNAMBIGUOUS_SINGLE_CANDIDATE,False,CREDITED,Geno Smith,SmitGe00,00-0030565,STATHEAD_QB_STARTED_QUERY,Stage01 canonical reconciliation rank 713,STATHEAD_UNAMBIGUOUS_SINGLE_CANDIDATE,False,CREDITED,POSTGAME_ACTUAL_STARTER,ORACLE_STARTER_IDENTITY_ONLY,False
2023,15,REG,2023-12-16,2023_15_PIT_IND,PIT,IND,Mitchell Trubisky,TrubMi00,00-0033869,STATHEAD_QB_STARTED_QUERY,Stage01 canonical reconciliation rank 718,STATHEAD_UNAMBIGUOUS_SINGLE_CANDIDATE,False,CREDITED,Gardner Minshew II,MinsGa00,00-0035289,STATHEAD_QB_STARTED_QUERY,Stage01 canonical reconciliation rank 704,STATHEAD_UNAMBIGUOUS_SINGLE_CANDIDATE,False,CREDITED,POSTGAME_ACTUAL_STARTER,ORACLE_STARTER_IDENTITY_ONLY,False
2023,15,REG,2023-12-17,2023_15_SF_ARI,SF,ARI,Brock Purdy,PurdBr00,00-0037834,STATHEAD_QB_STARTED_QUERY,Stage01 canonical reconciliation rank 709,STATHEAD_UNAMBIGUOUS_SINGLE_CANDIDATE,False,CREDITED,Kyler Murray,MurrKy00,00-0035228,STATHEAD_QB_STARTED_QUERY,Stage01 canonical reconciliation rank 706,STATHEAD_UNAMBIGUOUS_SINGLE_CANDIDATE,False,CREDITED,POSTGAME_ACTUAL_STARTER,ORACLE_STARTER_IDENTITY_ONLY,False
2023,15,REG,2023-12-17,2023_15_TB_GB,TB,GB,Baker Mayfield,MayfBa00,00-0034855,STATHEAD_QB_STARTED_QUERY,Stage01 canonical reconciliation rank 703,STATHEAD_UNAMBIGUOUS_SINGLE_CANDIDATE,False,CREDITED,Jordan Love,LoveJo03,00-0036264,STATHEAD_QB_STARTED_QUERY,Stage01 canonical reconciliation rank 701,STATHEAD_UNAMBIGUOUS_SINGLE_CANDIDATE,False,CREDITED,POSTGAME_ACTUAL_STARTER,ORACLE_STARTER_IDENTITY_ONLY,False
2023,15,REG,2023-12-17,2023_15_WAS_LA,WAS,LAR,Sam Howell,HoweSa00,00-0037077,STATHEAD_QB_STARTED_QUERY,Stage01 canonical reconciliation rank 696,STATHEAD_UNAMBIGUOUS_SINGLE_CANDIDATE,False,CREDITED,Matthew Stafford,StafMa00,00-0026498,STATHEAD_QB_STARTED_QUERY,Stage01 canonical reconciliation rank 714,STATHEAD_UNAMBIGUOUS_SINGLE_CANDIDATE,False,CREDITED,POSTGAME_ACTUAL_STARTER,ORACLE_STARTER_IDENTITY_ONLY,False
2023,16,REG,2023-12-24,2023_16_ARI_CHI,ARI,CHI,Kyler Murray,MurrKy00,00-0035228,STATHEAD_QB_STARTED_QUERY,Stage01 canonical reconciliation rank 672,STATHEAD_UNAMBIGUOUS_SINGLE_CANDIDATE,False,CREDITED,Justin Fields,FielJu00,00-0036945,VALIDATED_MANUAL_WEB_RESEARCH,,VALIDATED_MANUAL_WEB_EXCEPTION,False,CREDITED,POSTGAME_ACTUAL_STARTER,ORACLE_STARTER_IDENTITY_ONLY,False
2023,16,REG,2023-12-25,2023_16_BAL_SF,BAL,SF,Lamar Jackson,JackLa00,00-0034796,STATHEAD_QB_STARTED_QUERY,Stage01 canonical reconciliation rank 664,STATHEAD_UNAMBIGUOUS_SINGLE_CANDIDATE,False,CREDITED,Brock Purdy,PurdBr00,00-0037834,STATHEAD_QB_STARTED_QUERY,Stage01 canonical reconciliation rank 675,STATHEAD_UNAMBIGUOUS_SINGLE_CANDIDATE,False,CREDITED,POSTGAME_ACTUAL_STARTER,ORACLE_STARTER_IDENTITY_ONLY,False
2023,16,REG,2023-12-23,2023_16_BUF_LAC,BUF,LAC,Josh Allen,AlleJo02,00-0034857,STATHEAD_QB_STARTED_QUERY,Stage01 canonical reconciliation rank 660,STATHEAD_UNAMBIGUOUS_SINGLE_CANDIDATE,False,CREDITED,Easton Stick,SticEa00,00-0035282,STATHEAD_QB_STARTED_QUERY,Stage01 canonical reconciliation rank 680,STATHEAD_UNAMBIGUOUS_SINGLE_CANDIDATE,False,CREDITED,POSTGAME_ACTUAL_STARTER,ORACLE_STARTER_IDENTITY_ONLY,False
2023,16,REG,2023-12-23,2023_16_CIN_PIT,CIN,PIT,Jake Browning,BrowJa08,00-0035100,VALIDATED_MANUAL_WEB_RESEARCH,,VALIDATED_MANUAL_WEB_EXCEPTION,False,CREDITED,Mason Rudolph,RudoMa00,00-0034771,STATHEAD_QB_STARTED_QUERY,Stage01 canonical reconciliation rank 676,STATHEAD_UNAMBIGUOUS_SINGLE_CANDIDATE,False,CREDITED,POSTGAME_ACTUAL_STARTER,ORACLE_STARTER_IDENTITY_ONLY,False
2023,16,REG,2023-12-24,2023_16_CLE_HOU,CLE,HOU,Deshaun Watson,WatsDe00,00-0033537,STATHEAD_QB_STARTED_QUERY,Stage01 canonical reconciliation rank 684,STATHEAD_UNAMBIGUOUS_SINGLE_CANDIDATE,False,CREDITED,C.J. Stroud,StroCJ00,00-0039163,STATHEAD_QB_STARTED_QUERY,Stage01 canonical reconciliation rank 687,STATHEAD_UNAMBIGUOUS_SINGLE_CANDIDATE,False,CREDITED,POSTGAME_ACTUAL_STARTER,ORACLE_STARTER_IDENTITY_ONLY,False
2023,16,REG,2023-12-24,2023_16_DAL_MIA,DAL,MIA,Dak Prescott,PresDa01,00-0033077,STATHEAD_QB_STARTED_QUERY,Stage01 canonical reconciliation rank 674,STATHEAD_UNAMBIGUOUS_SINGLE_CANDIDATE,False,CREDITED,Tua Tagovailoa,TagoTu00,00-0036212,STATHEAD_QB_STARTED_QUERY,Stage01 canonical reconciliation rank 681,STATHEAD_UNAMBIGUOUS_SINGLE_CANDIDATE,False,CREDITED,POSTGAME_ACTUAL_STARTER,ORACLE_STARTER_IDENTITY_ONLY,False
2023,16,REG,2023-12-24,2023_16_DET_MIN,DET,MIN,Jared Goff,GoffJa00,00-0033106,VALIDATED_MANUAL_WEB_RESEARCH,,VALIDATED_MANUAL_WEB_EXCEPTION,False,CREDITED,Nick Mullens,MullNi00,00-0033319,STATHEAD_QB_STARTED_QUERY,Stage01 canonical reconciliation rank 671,STATHEAD_UNAMBIGUOUS_SINGLE_CANDIDATE,False,CREDITED,POSTGAME_ACTUAL_STARTER,ORACLE_STARTER_IDENTITY_ONLY,False
2023,16,REG,2023-12-24,2023_16_GB_CAR,GB,CAR,Jordan Love,LoveJo03,00-0036264,STATHEAD_QB_STARTED_QUERY,Stage01 canonical reconciliation rank 667,STATHEAD_UNAMBIGUOUS_SINGLE_CANDIDATE,False,CREDITED,Bryce Young,YounBr01,00-0039150,STATHEAD_QB_STARTED_QUERY,Stage01 canonical reconciliation rank 685,STATHEAD_UNAMBIGUOUS_SINGLE_CANDIDATE,False,CREDITED,POSTGAME_ACTUAL_STARTER,ORACLE_STARTER_IDENTITY_ONLY,False
2023,16,REG,2023-12-24,2023_16_IND_ATL,IND,ATL,Gardner Minshew II,MinsGa00,00-0035289,STATHEAD_QB_STARTED_QUERY,Stage01 canonical reconciliation rank 670,STATHEAD_UNAMBIGUOUS_SINGLE_CANDIDATE,False,CREDITED,Taylor Heinicke,HeinTa00,00-0031800,STATHEAD_QB_STARTED_QUERY,Stage01 canonical reconciliation rank 661,STATHEAD_UNAMBIGUOUS_SINGLE_CANDIDATE,False,CREDITED,POSTGAME_ACTUAL_STARTER,ORACLE_STARTER_IDENTITY_ONLY,False
2023,16,REG,2023-12-24,2023_16_JAX_TB,JAX,TB,Trevor Lawrence,LawrTr00,00-0036971,STATHEAD_QB_STARTED_QUERY,Stage01 canonical reconciliation rank 665,STATHEAD_UNAMBIGUOUS_SINGLE_CANDIDATE,False,CREDITED,Baker Mayfield,MayfBa00,00-0034855,STATHEAD_QB_STARTED_QUERY,Stage01 canonical reconciliation rank 669,STATHEAD_UNAMBIGUOUS_SINGLE_CANDIDATE,False,CREDITED,POSTGAME_ACTUAL_STARTER,ORACLE_STARTER_IDENTITY_ONLY,False
2023,16,REG,2023-12-25,2023_16_LV_KC,LV,KC,Aidan O'Connell,OConAi00,00-0038579,STATHEAD_QB_STARTED_QUERY,Stage01 canonical reconciliation rank 673,STATHEAD_UNAMBIGUOUS_SINGLE_CANDIDATE,False,CREDITED,Patrick Mahomes,MahoPa00,00-0033873,STATHEAD_QB_STARTED_QUERY,Stage01 canonical reconciliation rank 668,STATHEAD_UNAMBIGUOUS_SINGLE_CANDIDATE,False,CREDITED,POSTGAME_ACTUAL_STARTER,ORACLE_STARTER_IDENTITY_ONLY,False
2023,16,REG,2023-12-24,2023_16_NE_DEN,NE,DEN,Bailey Zappe,ZappBa00,00-0038108,STATHEAD_QB_STARTED_QUERY,Stage01 canonical reconciliation rank 686,STATHEAD_UNAMBIGUOUS_SINGLE_CANDIDATE,False,CREDITED,Russell Wilson,WilsRu00,00-0029263,VALIDATED_MANUAL_WEB_RESEARCH,,VALIDATED_MANUAL_WEB_EXCEPTION,False,CREDITED,POSTGAME_ACTUAL_STARTER,ORACLE_STARTER_IDENTITY_ONLY,False
2023,16,REG,2023-12-21,2023_16_NO_LA,NO,LAR,Derek Carr,CarrDe02,00-0031280,VALIDATED_MANUAL_WEB_RESEARCH,,VALIDATED_MANUAL_WEB_EXCEPTION,False,CREDITED,Matthew Stafford,StafMa00,00-0026498,STATHEAD_QB_STARTED_QUERY,Stage01 canonical reconciliation rank 679,STATHEAD_UNAMBIGUOUS_SINGLE_CANDIDATE,False,CREDITED,POSTGAME_ACTUAL_STARTER,ORACLE_STARTER_IDENTITY_ONLY,False
2023,16,REG,2023-12-25,2023_16_NYG_PHI,NYG,PHI,Tommy DeVito,DeViTo00,00-0038476,VALIDATED_MANUAL_WEB_RESEARCH,,VALIDATED_MANUAL_WEB_EXCEPTION,False,CREDITED,Jalen Hurts,HurtJa00,00-0036389,STATHEAD_QB_STARTED_QUERY,Stage01 canonical reconciliation rank 663,STATHEAD_UNAMBIGUOUS_SINGLE_CANDIDATE,False,CREDITED,POSTGAME_ACTUAL_STARTER,ORACLE_STARTER_IDENTITY_ONLY,False
2023,16,REG,2023-12-24,2023_16_SEA_TEN,SEA,TEN,Geno Smith,SmitGe00,00-0030565,STATHEAD_QB_STARTED_QUERY,Stage01 canonical reconciliation rank 678,STATHEAD_UNAMBIGUOUS_SINGLE_CANDIDATE,False,CREDITED,Ryan Tannehill,TannRy00,00-0029701,VALIDATED_MANUAL_WEB_RESEARCH,Tennessee Titans — Six Things That Stood Out for the Titans in Sunday's Loss to the Seahawks (2023-12-24),VALIDATED_MANUAL_WEB_EXCEPTION,False,CREDITED,POSTGAME_ACTUAL_STARTER,ORACLE_STARTER_IDENTITY_ONLY,False
2023,16,REG,2023-12-24,2023_16_WAS_NYJ,WAS,NYJ,Sam Howell,HoweSa00,00-0037077,STATHEAD_QB_STARTED_QUERY,Stage01 canonical reconciliation rank 662,STATHEAD_UNAMBIGUOUS_SINGLE_CANDIDATE,False,CREDITED,Trevor Siemian,SiemTr00,00-0032156,STATHEAD_QB_STARTED_QUERY,Stage01 canonical reconciliation rank 677,STATHEAD_UNAMBIGUOUS_SINGLE_CANDIDATE,False,CREDITED,POSTGAME_ACTUAL_STARTER,ORACLE_STARTER_IDENTITY_ONLY,False
2023,17,REG,2023-12-31,2023_17_ARI_PHI,ARI,PHI,Kyler Murray,MurrKy00,00-0035228,STATHEAD_QB_STARTED_QUERY,Stage01 canonical reconciliation rank 645,STATHEAD_UNAMBIGUOUS_SINGLE_CANDIDATE,False,CREDITED,Jalen Hurts,HurtJa00,00-0036389,STATHEAD_QB_STARTED_QUERY,Stage01 canonical reconciliation rank 638,STATHEAD_UNAMBIGUOUS_SINGLE_CANDIDATE,False,CREDITED,POSTGAME_ACTUAL_STARTER,ORACLE_STARTER_IDENTITY_ONLY,False
2023,17,REG,2023-12-31,2023_17_ATL_CHI,ATL,CHI,Taylor Heinicke,HeinTa00,00-0031800,VALIDATED_MANUAL_WEB_RESEARCH,,VALIDATED_MANUAL_WEB_EXCEPTION,False,CREDITED,Justin Fields,FielJu00,00-0036945,STATHEAD_QB_STARTED_QUERY,Stage01 canonical reconciliation rank 634,STATHEAD_UNAMBIGUOUS_SINGLE_CANDIDATE,False,CREDITED,POSTGAME_ACTUAL_STARTER,ORACLE_STARTER_IDENTITY_ONLY,False
2023,17,REG,2023-12-31,2023_17_CAR_JAX,CAR,JAX,Bryce Young,YounBr01,00-0039150,STATHEAD_QB_STARTED_QUERY,Stage01 canonical reconciliation rank 656,STATHEAD_UNAMBIGUOUS_SINGLE_CANDIDATE,False,CREDITED,C.J. Beathard,BeatC.00,00-0033936,STATHEAD_QB_STARTED_QUERY,Stage01 canonical reconciliation rank 631,STATHEAD_UNAMBIGUOUS_SINGLE_CANDIDATE,False,CREDITED,POSTGAME_ACTUAL_STARTER,ORACLE_STARTER_IDENTITY_ONLY,False
2023,17,REG,2023-12-31,2023_17_CIN_KC,CIN,KC,Jake Browning,BrowJa08,00-0035100,STATHEAD_QB_STARTED_QUERY,Stage01 canonical reconciliation rank 632,STATHEAD_UNAMBIGUOUS_SINGLE_CANDIDATE,False,CREDITED,Patrick Mahomes,MahoPa00,00-0033873,STATHEAD_QB_STARTED_QUERY,Stage01 canonical reconciliation rank 642,STATHEAD_UNAMBIGUOUS_SINGLE_CANDIDATE,False,CREDITED,POSTGAME_ACTUAL_STARTER,ORACLE_STARTER_IDENTITY_ONLY,False
2023,17,REG,2023-12-30,2023_17_DET_DAL,DET,DAL,Jared Goff,GoffJa00,00-0033106,VALIDATED_MANUAL_WEB_RESEARCH,,VALIDATED_MANUAL_WEB_EXCEPTION,False,CREDITED,Dak Prescott,PresDa01,00-0033077,VALIDATED_MANUAL_WEB_RESEARCH,,VALIDATED_MANUAL_WEB_EXCEPTION,False,CREDITED,POSTGAME_ACTUAL_STARTER,ORACLE_STARTER_IDENTITY_ONLY,False
2023,17,REG,2023-12-31,2023_17_GB_MIN,GB,MIN,Jordan Love,LoveJo03,00-0036264,STATHEAD_QB_STARTED_QUERY,Stage01 canonical reconciliation rank 641,STATHEAD_UNAMBIGUOUS_SINGLE_CANDIDATE,False,CREDITED,Jaren Hall,HallJa00,00-0038598,STATHEAD_QB_STARTED_QUERY,Stage01 canonical reconciliation rank 635,STATHEAD_UNAMBIGUOUS_SINGLE_CANDIDATE,False,CREDITED,POSTGAME_ACTUAL_STARTER,ORACLE_STARTER_IDENTITY_ONLY,False
2023,17,REG,2023-12-31,2023_17_LAC_DEN,LAC,DEN,Easton Stick,SticEa00,00-0035282,VALIDATED_MANUAL_WEB_RESEARCH,,VALIDATED_MANUAL_WEB_EXCEPTION,False,CREDITED,Jarrett Stidham,StidJa00,00-0035264,VALIDATED_MANUAL_WEB_RESEARCH,,VALIDATED_MANUAL_WEB_EXCEPTION,False,CREDITED,POSTGAME_ACTUAL_STARTER,ORACLE_STARTER_IDENTITY_ONLY,False
2023,17,REG,2023-12-31,2023_17_LA_NYG,LAR,NYG,Matthew Stafford,StafMa00,00-0026498,VALIDATED_MANUAL_WEB_RESEARCH,,VALIDATED_MANUAL_WEB_EXCEPTION,False,CREDITED,Tyrod Taylor,TaylTy00,00-0028118,STATHEAD_QB_STARTED_QUERY,Stage01 canonical reconciliation rank 654,STATHEAD_UNAMBIGUOUS_SINGLE_CANDIDATE,False,CREDITED,POSTGAME_ACTUAL_STARTER,ORACLE_STARTER_IDENTITY_ONLY,False
2023,17,REG,2023-12-31,2023_17_LV_IND,LV,IND,Aidan O'Connell,OConAi00,00-0038579,STATHEAD_QB_STARTED_QUERY,Stage01 canonical reconciliation rank 646,STATHEAD_UNAMBIGUOUS_SINGLE_CANDIDATE,False,CREDITED,Gardner Minshew II,MinsGa00,00-0035289,STATHEAD_QB_STARTED_QUERY,Stage01 canonical reconciliation rank 644,STATHEAD_UNAMBIGUOUS_SINGLE_CANDIDATE,False,CREDITED,POSTGAME_ACTUAL_STARTER,ORACLE_STARTER_IDENTITY_ONLY,False
2023,17,REG,2023-12-31,2023_17_MIA_BAL,MIA,BAL,Tua Tagovailoa,TagoTu00,00-0036212,STATHEAD_QB_STARTED_QUERY,Stage01 canonical reconciliation rank 653,STATHEAD_UNAMBIGUOUS_SINGLE_CANDIDATE,False,CREDITED,Lamar Jackson,JackLa00,00-0034796,STATHEAD_QB_STARTED_QUERY,Stage01 canonical reconciliation rank 639,STATHEAD_UNAMBIGUOUS_SINGLE_CANDIDATE,False,CREDITED,POSTGAME_ACTUAL_STARTER,ORACLE_STARTER_IDENTITY_ONLY,False
2023,17,REG,2023-12-31,2023_17_NE_BUF,NE,BUF,Bailey Zappe,ZappBa00,00-0038108,STATHEAD_QB_STARTED_QUERY,Stage01 canonical reconciliation rank 657,STATHEAD_UNAMBIGUOUS_SINGLE_CANDIDATE,False,CREDITED,Josh Allen,AlleJo02,00-0034857,STATHEAD_QB_STARTED_QUERY,Stage01 canonical reconciliation rank 630,STATHEAD_UNAMBIGUOUS_SINGLE_CANDIDATE,False,CREDITED,POSTGAME_ACTUAL_STARTER,ORACLE_STARTER_IDENTITY_ONLY,False
2023,17,REG,2023-12-31,2023_17_NO_TB,NO,TB,Derek Carr,CarrDe02,00-0031280,STATHEAD_QB_STARTED_QUERY,Stage01 canonical reconciliation rank 633,STATHEAD_UNAMBIGUOUS_SINGLE_CANDIDATE,False,CREDITED,Baker Mayfield,MayfBa00,00-0034855,STATHEAD_QB_STARTED_QUERY,Stage01 canonical reconciliation rank 643,STATHEAD_UNAMBIGUOUS_SINGLE_CANDIDATE,False,CREDITED,POSTGAME_ACTUAL_STARTER,ORACLE_STARTER_IDENTITY_ONLY,False
2023,17,REG,2023-12-28,2023_17_NYJ_CLE,NYJ,CLE,Trevor Siemian,SiemTr00,00-0032156,STATHEAD_QB_STARTED_QUERY,Stage01 canonical reconciliation rank 658,STATHEAD_UNAMBIGUOUS_SINGLE_CANDIDATE,False,CREDITED,Joe Flacco,FlacJo00,00-0026158,STATHEAD_QB_STARTED_QUERY,Stage01 canonical reconciliation rank 659,STATHEAD_UNAMBIGUOUS_SINGLE_CANDIDATE,False,CREDITED,POSTGAME_ACTUAL_STARTER,ORACLE_STARTER_IDENTITY_ONLY,False
2023,17,REG,2023-12-31,2023_17_PIT_SEA,PIT,SEA,Mason Rudolph,RudoMa00,00-0034771,STATHEAD_QB_STARTED_QUERY,Stage01 canonical reconciliation rank 649,STATHEAD_UNAMBIGUOUS_SINGLE_CANDIDATE,False,CREDITED,Geno Smith,SmitGe00,00-0030565,STATHEAD_QB_STARTED_QUERY,Stage01 canonical reconciliation rank 650,STATHEAD_UNAMBIGUOUS_SINGLE_CANDIDATE,False,CREDITED,POSTGAME_ACTUAL_STARTER,ORACLE_STARTER_IDENTITY_ONLY,False
2023,17,REG,2023-12-31,2023_17_SF_WAS,SF,WAS,Brock Purdy,PurdBr00,00-0037834,STATHEAD_QB_STARTED_QUERY,Stage01 canonical reconciliation rank 647,STATHEAD_UNAMBIGUOUS_SINGLE_CANDIDATE,False,CREDITED,Sam Howell,HoweSa00,00-0037077,STATHEAD_QB_STARTED_QUERY,Stage01 canonical reconciliation rank 637,STATHEAD_UNAMBIGUOUS_SINGLE_CANDIDATE,False,CREDITED,POSTGAME_ACTUAL_STARTER,ORACLE_STARTER_IDENTITY_ONLY,False
2023,17,REG,2023-12-31,2023_17_TEN_HOU,TEN,HOU,Will Levis,LeviWi00,00-0039152,STATHEAD_QB_STARTED_QUERY,Stage01 canonical reconciliation rank 640,STATHEAD_UNAMBIGUOUS_SINGLE_CANDIDATE,False,CREDITED,C.J. Stroud,StroCJ00,00-0039163,VALIDATED_MANUAL_WEB_RESEARCH,,VALIDATED_MANUAL_WEB_EXCEPTION,False,CREDITED,POSTGAME_ACTUAL_STARTER,ORACLE_STARTER_IDENTITY_ONLY,False
2023,18,REG,2024-01-07,2023_18_ATL_NO,ATL,NO,Desmond Ridder,RiddDe00,00-0038122,STATHEAD_QB_STARTED_QUERY,Stage01 canonical reconciliation rank 615,STATHEAD_UNAMBIGUOUS_SINGLE_CANDIDATE,False,CREDITED,Taysom Hill,HillTa00,00-0033357,STATHEAD_QB_STARTED_QUERY,Stage01 canonical reconciliation rank 605,STATHEAD_UNAMBIGUOUS_SINGLE_CANDIDATE,False,CREDITED,POSTGAME_ACTUAL_STARTER,ORACLE_STARTER_IDENTITY_ONLY,False
2023,18,REG,2024-01-07,2023_18_BUF_MIA,BUF,MIA,Josh Allen,AlleJo02,00-0034857,VALIDATED_MANUAL_WEB_RESEARCH,,VALIDATED_MANUAL_WEB_EXCEPTION,False,CREDITED,Tua Tagovailoa,TagoTu00,00-0036212,STATHEAD_QB_STARTED_QUERY,Stage01 canonical reconciliation rank 620,STATHEAD_UNAMBIGUOUS_SINGLE_CANDIDATE,False,CREDITED,POSTGAME_ACTUAL_STARTER,ORACLE_STARTER_IDENTITY_ONLY,False
2023,18,REG,2024-01-07,2023_18_CHI_GB,CHI,GB,Justin Fields,FielJu00,00-0036945,STATHEAD_QB_STARTED_QUERY,Stage01 canonical reconciliation rank 602,STATHEAD_UNAMBIGUOUS_SINGLE_CANDIDATE,False,CREDITED,Jordan Love,LoveJo03,00-0036264,STATHEAD_QB_STARTED_QUERY,Stage01 canonical reconciliation rank 609,STATHEAD_UNAMBIGUOUS_SINGLE_CANDIDATE,False,CREDITED,POSTGAME_ACTUAL_STARTER,ORACLE_STARTER_IDENTITY_ONLY,False
2023,18,REG,2024-01-07,2023_18_CLE_CIN,CLE,CIN,Jeff Driskel,DrisJe00,00-0032436,STATHEAD_QB_STARTED_QUERY,Stage01 canonical reconciliation rank 601,STATHEAD_UNAMBIGUOUS_SINGLE_CANDIDATE,False,CREDITED,Jake Browning,BrowJa08,00-0035100,VALIDATED_MANUAL_WEB_RESEARCH,,VALIDATED_MANUAL_WEB_EXCEPTION,False,CREDITED,POSTGAME_ACTUAL_STARTER,ORACLE_STARTER_IDENTITY_ONLY,False
2023,18,REG,2024-01-07,2023_18_DAL_WAS,DAL,WAS,Dak Prescott,PresDa01,00-0033077,STATHEAD_QB_STARTED_QUERY,Stage01 canonical reconciliation rank 614,STATHEAD_UNAMBIGUOUS_SINGLE_CANDIDATE,False,CREDITED,Sam Howell,HoweSa00,00-0037077,STATHEAD_QB_STARTED_QUERY,Stage01 canonical reconciliation rank 606,STATHEAD_UNAMBIGUOUS_SINGLE_CANDIDATE,False,CREDITED,POSTGAME_ACTUAL_STARTER,ORACLE_STARTER_IDENTITY_ONLY,False
2023,18,REG,2024-01-07,2023_18_DEN_LV,DEN,LV,Jarrett Stidham,StidJa00,00-0035264,STATHEAD_QB_STARTED_QUERY,Stage01 canonical reconciliation rank 619,STATHEAD_UNAMBIGUOUS_SINGLE_CANDIDATE,False,CREDITED,Aidan O'Connell,OConAi00,00-0038579,STATHEAD_QB_STARTED_QUERY,Stage01 canonical reconciliation rank 613,STATHEAD_UNAMBIGUOUS_SINGLE_CANDIDATE,False,CREDITED,POSTGAME_ACTUAL_STARTER,ORACLE_STARTER_IDENTITY_ONLY,False
2023,18,REG,2024-01-06,2023_18_HOU_IND,HOU,IND,C.J. Stroud,StroCJ00,00-0039163,STATHEAD_QB_STARTED_QUERY,Stage01 canonical reconciliation rank 629,STATHEAD_UNAMBIGUOUS_SINGLE_CANDIDATE,False,CREDITED,Gardner Minshew II,MinsGa00,00-0035289,STATHEAD_QB_STARTED_QUERY,Stage01 canonical reconciliation rank 627,STATHEAD_UNAMBIGUOUS_SINGLE_CANDIDATE,False,CREDITED,POSTGAME_ACTUAL_STARTER,ORACLE_STARTER_IDENTITY_ONLY,False
2023,18,REG,2024-01-07,2023_18_JAX_TEN,JAX,TEN,Trevor Lawrence,LawrTr00,00-0036971,STATHEAD_QB_STARTED_QUERY,Stage01 canonical reconciliation rank 608,STATHEAD_UNAMBIGUOUS_SINGLE_CANDIDATE,False,CREDITED,Ryan Tannehill,TannRy00,00-0029701,STATHEAD_QB_STARTED_QUERY,Stage01 canonical reconciliation rank 621,STATHEAD_UNAMBIGUOUS_SINGLE_CANDIDATE,False,CREDITED,POSTGAME_ACTUAL_STARTER,ORACLE_STARTER_IDENTITY_ONLY,False
2023,18,REG,2024-01-07,2023_18_KC_LAC,KC,LAC,Blaine Gabbert,GabbBl00,00-0027948,STATHEAD_QB_STARTED_QUERY,Stage01 canonical reconciliation rank 603,STATHEAD_UNAMBIGUOUS_SINGLE_CANDIDATE,False,CREDITED,Easton Stick,SticEa00,00-0035282,STATHEAD_QB_STARTED_QUERY,Stage01 canonical reconciliation rank 618,STATHEAD_UNAMBIGUOUS_SINGLE_CANDIDATE,False,CREDITED,POSTGAME_ACTUAL_STARTER,ORACLE_STARTER_IDENTITY_ONLY,False
2023,18,REG,2024-01-07,2023_18_LA_SF,LAR,SF,Carson Wentz,WentCa00,00-0032950,STATHEAD_QB_STARTED_QUERY,Stage01 canonical reconciliation rank 623,STATHEAD_UNAMBIGUOUS_SINGLE_CANDIDATE,False,CREDITED,Sam Darnold,DarnSa00,00-0034869,VALIDATED_MANUAL_WEB_RESEARCH,,VALIDATED_MANUAL_WEB_EXCEPTION,False,CREDITED,POSTGAME_ACTUAL_STARTER,ORACLE_STARTER_IDENTITY_ONLY,False
2023,18,REG,2024-01-07,2023_18_MIN_DET,MIN,DET,Nick Mullens,MullNi00,00-0033319,STATHEAD_QB_STARTED_QUERY,Stage01 canonical reconciliation rank 611,STATHEAD_UNAMBIGUOUS_SINGLE_CANDIDATE,False,CREDITED,Jared Goff,GoffJa00,00-0033106,STATHEAD_QB_STARTED_QUERY,Stage01 canonical reconciliation rank 604,STATHEAD_UNAMBIGUOUS_SINGLE_CANDIDATE,False,CREDITED,POSTGAME_ACTUAL_STARTER,ORACLE_STARTER_IDENTITY_ONLY,False
2023,18,REG,2024-01-07,2023_18_NYJ_NE,NYJ,NE,Trevor Siemian,SiemTr00,00-0032156,STATHEAD_QB_STARTED_QUERY,Stage01 canonical reconciliation rank 616,STATHEAD_UNAMBIGUOUS_SINGLE_CANDIDATE,False,CREDITED,Bailey Zappe,ZappBa00,00-0038108,STATHEAD_QB_STARTED_QUERY,Stage01 canonical reconciliation rank 625,STATHEAD_UNAMBIGUOUS_SINGLE_CANDIDATE,False,CREDITED,POSTGAME_ACTUAL_STARTER,ORACLE_STARTER_IDENTITY_ONLY,False
2023,18,REG,2024-01-07,2023_18_PHI_NYG,PHI,NYG,Jalen Hurts,HurtJa00,00-0036389,STATHEAD_QB_STARTED_QUERY,Stage01 canonical reconciliation rank 607,STATHEAD_UNAMBIGUOUS_SINGLE_CANDIDATE,False,CREDITED,Tyrod Taylor,TaylTy00,00-0028118,STATHEAD_QB_STARTED_QUERY,Stage01 canonical reconciliation rank 622,STATHEAD_UNAMBIGUOUS_SINGLE_CANDIDATE,False,CREDITED,POSTGAME_ACTUAL_STARTER,ORACLE_STARTER_IDENTITY_ONLY,False
2023,18,REG,2024-01-06,2023_18_PIT_BAL,PIT,BAL,Mason Rudolph,RudoMa00,00-0034771,STATHEAD_QB_STARTED_QUERY,Stage01 canonical reconciliation rank 628,STATHEAD_UNAMBIGUOUS_SINGLE_CANDIDATE,False,CREDITED,Tyler Huntley,HuntTy01,00-0035993,STATHEAD_QB_STARTED_QUERY,Stage01 canonical reconciliation rank 626,STATHEAD_UNAMBIGUOUS_SINGLE_CANDIDATE,False,CREDITED,POSTGAME_ACTUAL_STARTER,ORACLE_STARTER_IDENTITY_ONLY,False
2023,18,REG,2024-01-07,2023_18_SEA_ARI,SEA,ARI,Geno Smith,SmitGe00,00-0030565,STATHEAD_QB_STARTED_QUERY,Stage01 canonical reconciliation rank 617,STATHEAD_UNAMBIGUOUS_SINGLE_CANDIDATE,False,CREDITED,Kyler Murray,MurrKy00,00-0035228,STATHEAD_QB_STARTED_QUERY,Stage01 canonical reconciliation rank 612,STATHEAD_UNAMBIGUOUS_SINGLE_CANDIDATE,False,CREDITED,POSTGAME_ACTUAL_STARTER,ORACLE_STARTER_IDENTITY_ONLY,False
2023,18,REG,2024-01-07,2023_18_TB_CAR,TB,CAR,Baker Mayfield,MayfBa00,00-0034855,STATHEAD_QB_STARTED_QUERY,Stage01 canonical reconciliation rank 610,STATHEAD_UNAMBIGUOUS_SINGLE_CANDIDATE,False,CREDITED,Bryce Young,YounBr01,00-0039150,STATHEAD_QB_STARTED_QUERY,Stage01 canonical reconciliation rank 624,STATHEAD_UNAMBIGUOUS_SINGLE_CANDIDATE,False,CREDITED,POSTGAME_ACTUAL_STARTER,ORACLE_STARTER_IDENTITY_ONLY,False
2023,19,WC,2024-01-13,2023_19_CLE_HOU,CLE,HOU,Joe Flacco,FlacJo00,00-0026158,STATHEAD_QB_STARTED_QUERY,Stage01 canonical reconciliation rank 597,STATHEAD_UNAMBIGUOUS_SINGLE_CANDIDATE,False,CREDITED,C.J. Stroud,StroCJ00,00-0039163,STATHEAD_QB_STARTED_QUERY,Stage01 canonical reconciliation rank 599,STATHEAD_UNAMBIGUOUS_SINGLE_CANDIDATE,False,CREDITED,POSTGAME_ACTUAL_STARTER,ORACLE_STARTER_IDENTITY_ONLY,True
2023,19,WC,2024-01-14,2023_19_GB_DAL,GB,DAL,Jordan Love,LoveJo03,00-0036264,STATHEAD_QB_STARTED_QUERY,Stage01 canonical reconciliation rank 594,STATHEAD_UNAMBIGUOUS_SINGLE_CANDIDATE,False,CREDITED,Dak Prescott,PresDa01,00-0033077,STATHEAD_QB_STARTED_QUERY,Stage01 canonical reconciliation rank 595,STATHEAD_UNAMBIGUOUS_SINGLE_CANDIDATE,False,CREDITED,POSTGAME_ACTUAL_STARTER,ORACLE_STARTER_IDENTITY_ONLY,True
2023,19,WC,2024-01-14,2023_19_LA_DET,LAR,DET,Matthew Stafford,StafMa00,00-0026498,STATHEAD_QB_STARTED_QUERY,Stage01 canonical reconciliation rank 596,STATHEAD_UNAMBIGUOUS_SINGLE_CANDIDATE,False,CREDITED,Jared Goff,GoffJa00,00-0033106,STATHEAD_QB_STARTED_QUERY,Stage01 canonical reconciliation rank 593,STATHEAD_UNAMBIGUOUS_SINGLE_CANDIDATE,False,CREDITED,POSTGAME_ACTUAL_STARTER,ORACLE_STARTER_IDENTITY_ONLY,True
2023,19,WC,2024-01-13,2023_19_MIA_KC,MIA,KC,Tua Tagovailoa,TagoTu00,00-0036212,STATHEAD_QB_STARTED_QUERY,Stage01 canonical reconciliation rank 600,STATHEAD_UNAMBIGUOUS_SINGLE_CANDIDATE,False,CREDITED,Patrick Mahomes,MahoPa00,00-0033873,STATHEAD_QB_STARTED_QUERY,Stage01 canonical reconciliation rank 598,STATHEAD_UNAMBIGUOUS_SINGLE_CANDIDATE,False,CREDITED,POSTGAME_ACTUAL_STARTER,ORACLE_STARTER_IDENTITY_ONLY,True
2023,19,WC,2024-01-15,2023_19_PHI_TB,PHI,TB,Jalen Hurts,HurtJa00,00-0036389,STATHEAD_QB_STARTED_QUERY,Stage01 canonical reconciliation rank 590,STATHEAD_UNAMBIGUOUS_SINGLE_CANDIDATE,False,CREDITED,Baker Mayfield,MayfBa00,00-0034855,STATHEAD_QB_STARTED_QUERY,Stage01 canonical reconciliation rank 591,STATHEAD_UNAMBIGUOUS_SINGLE_CANDIDATE,False,CREDITED,POSTGAME_ACTUAL_STARTER,ORACLE_STARTER_IDENTITY_ONLY,True
2023,19,WC,2024-01-15,2023_19_PIT_BUF,PIT,BUF,Mason Rudolph,RudoMa00,00-0034771,STATHEAD_QB_STARTED_QUERY,Stage01 canonical reconciliation rank 592,STATHEAD_UNAMBIGUOUS_SINGLE_CANDIDATE,False,CREDITED,Josh Allen,AlleJo02,00-0034857,STATHEAD_QB_STARTED_QUERY,Stage01 canonical reconciliation rank 589,STATHEAD_UNAMBIGUOUS_SINGLE_CANDIDATE,False,CREDITED,POSTGAME_ACTUAL_STARTER,ORACLE_STARTER_IDENTITY_ONLY,True
2023,20,DIV,2024-01-20,2023_20_GB_SF,GB,SF,Jordan Love,LoveJo03,00-0036264,STATHEAD_QB_STARTED_QUERY,Stage01 canonical reconciliation rank 586,STATHEAD_UNAMBIGUOUS_SINGLE_CANDIDATE,False,CREDITED,Brock Purdy,PurdBr00,00-0037834,STATHEAD_QB_STARTED_QUERY,Stage01 canonical reconciliation rank 587,STATHEAD_UNAMBIGUOUS_SINGLE_CANDIDATE,False,CREDITED,POSTGAME_ACTUAL_STARTER,ORACLE_STARTER_IDENTITY_ONLY,True
2023,20,DIV,2024-01-20,2023_20_HOU_BAL,HOU,BAL,C.J. Stroud,StroCJ00,00-0039163,STATHEAD_QB_STARTED_QUERY,Stage01 canonical reconciliation rank 588,STATHEAD_UNAMBIGUOUS_SINGLE_CANDIDATE,False,CREDITED,Lamar Jackson,JackLa00,00-0034796,STATHEAD_QB_STARTED_QUERY,Stage01 canonical reconciliation rank 585,STATHEAD_UNAMBIGUOUS_SINGLE_CANDIDATE,False,CREDITED,POSTGAME_ACTUAL_STARTER,ORACLE_STARTER_IDENTITY_ONLY,True
2023,20,DIV,2024-01-21,2023_20_KC_BUF,KC,BUF,Patrick Mahomes,MahoPa00,00-0033873,STATHEAD_QB_STARTED_QUERY,Stage01 canonical reconciliation rank 583,STATHEAD_UNAMBIGUOUS_SINGLE_CANDIDATE,False,CREDITED,Josh Allen,AlleJo02,00-0034857,STATHEAD_QB_STARTED_QUERY,Stage01 canonical reconciliation rank 581,STATHEAD_UNAMBIGUOUS_SINGLE_CANDIDATE,False,CREDITED,POSTGAME_ACTUAL_STARTER,ORACLE_STARTER_IDENTITY_ONLY,True
2023,20,DIV,2024-01-21,2023_20_TB_DET,TB,DET,Baker Mayfield,MayfBa00,00-0034855,STATHEAD_QB_STARTED_QUERY,Stage01 canonical reconciliation rank 584,STATHEAD_UNAMBIGUOUS_SINGLE_CANDIDATE,False,CREDITED,Jared Goff,GoffJa00,00-0033106,STATHEAD_QB_STARTED_QUERY,Stage01 canonical reconciliation rank 582,STATHEAD_UNAMBIGUOUS_SINGLE_CANDIDATE,False,CREDITED,POSTGAME_ACTUAL_STARTER,ORACLE_STARTER_IDENTITY_ONLY,True
2023,21,CON,2024-01-28,2023_21_DET_SF,DET,SF,Jared Goff,GoffJa00,00-0033106,STATHEAD_QB_STARTED_QUERY,Stage01 canonical reconciliation rank 577,STATHEAD_UNAMBIGUOUS_SINGLE_CANDIDATE,False,CREDITED,Brock Purdy,PurdBr00,00-0037834,STATHEAD_QB_STARTED_QUERY,Stage01 canonical reconciliation rank 580,STATHEAD_UNAMBIGUOUS_SINGLE_CANDIDATE,False,CREDITED,POSTGAME_ACTUAL_STARTER,ORACLE_STARTER_IDENTITY_ONLY,True
2023,21,CON,2024-01-28,2023_21_KC_BAL,KC,BAL,Patrick Mahomes,MahoPa00,00-0033873,STATHEAD_QB_STARTED_QUERY,Stage01 canonical reconciliation rank 579,STATHEAD_UNAMBIGUOUS_SINGLE_CANDIDATE,False,CREDITED,Lamar Jackson,JackLa00,00-0034796,STATHEAD_QB_STARTED_QUERY,Stage01 canonical reconciliation rank 578,STATHEAD_UNAMBIGUOUS_SINGLE_CANDIDATE,False,CREDITED,POSTGAME_ACTUAL_STARTER,ORACLE_STARTER_IDENTITY_ONLY,True
2023,22,SB,2024-02-11,2023_22_SF_KC,SF,KC,Brock Purdy,PurdBr00,00-0037834,STATHEAD_QB_STARTED_QUERY,Stage01 canonical reconciliation rank 576,STATHEAD_UNAMBIGUOUS_SINGLE_CANDIDATE,False,CREDITED,Patrick Mahomes,MahoPa00,00-0033873,STATHEAD_QB_STARTED_QUERY,Stage01 canonical reconciliation rank 575,STATHEAD_UNAMBIGUOUS_SINGLE_CANDIDATE,False,CREDITED,POSTGAME_ACTUAL_STARTER,ORACLE_STARTER_IDENTITY_ONLY,True
2024,1,REG,2024-09-08,2024_01_ARI_BUF,ARI,BUF,Kyler Murray,MurrKy00,00-0035228,STATHEAD_QB_STARTED_QUERY,Stage01 canonical reconciliation rank 560,STATHEAD_UNAMBIGUOUS_SINGLE_CANDIDATE,False,CREDITED,Josh Allen,AlleJo02,00-0034857,STATHEAD_QB_STARTED_QUERY,Stage01 canonical reconciliation rank 545,STATHEAD_UNAMBIGUOUS_SINGLE_CANDIDATE,False,CREDITED,POSTGAME_ACTUAL_STARTER,ORACLE_STARTER_IDENTITY_ONLY,False
2024,1,REG,2024-09-05,2024_01_BAL_KC,BAL,KC,Lamar Jackson,JackLa00,00-0034796,STATHEAD_QB_STARTED_QUERY,Stage01 canonical reconciliation rank 573,STATHEAD_UNAMBIGUOUS_SINGLE_CANDIDATE,False,CREDITED,Patrick Mahomes,MahoPa00,00-0033873,STATHEAD_QB_STARTED_QUERY,Stage01 canonical reconciliation rank 574,STATHEAD_UNAMBIGUOUS_SINGLE_CANDIDATE,False,CREDITED,POSTGAME_ACTUAL_STARTER,ORACLE_STARTER_IDENTITY_ONLY,False
2024,1,REG,2024-09-08,2024_01_CAR_NO,CAR,NO,Bryce Young,YounBr01,00-0039150,STATHEAD_QB_STARTED_QUERY,Stage01 canonical reconciliation rank 570,STATHEAD_UNAMBIGUOUS_SINGLE_CANDIDATE,False,CREDITED,Derek Carr,CarrDe02,00-0031280,STATHEAD_QB_STARTED_QUERY,Stage01 canonical reconciliation rank 548,STATHEAD_UNAMBIGUOUS_SINGLE_CANDIDATE,False,CREDITED,POSTGAME_ACTUAL_STARTER,ORACLE_STARTER_IDENTITY_ONLY,False
2024,1,REG,2024-09-08,2024_01_DAL_CLE,DAL,CLE,Dak Prescott,PresDa01,00-0033077,STATHEAD_QB_STARTED_QUERY,Stage01 canonical reconciliation rank 562,STATHEAD_UNAMBIGUOUS_SINGLE_CANDIDATE,False,CREDITED,Deshaun Watson,WatsDe00,00-0033537,STATHEAD_QB_STARTED_QUERY,Stage01 canonical reconciliation rank 568,STATHEAD_UNAMBIGUOUS_SINGLE_CANDIDATE,False,CREDITED,POSTGAME_ACTUAL_STARTER,ORACLE_STARTER_IDENTITY_ONLY,False
2024,1,REG,2024-09-08,2024_01_DEN_SEA,DEN,SEA,Bo Nix,NixxBo00,00-0039732,STATHEAD_QB_STARTED_QUERY,Stage01 canonical reconciliation rank 561,STATHEAD_UNAMBIGUOUS_SINGLE_CANDIDATE,False,CREDITED,Geno Smith,SmitGe00,00-0030565,STATHEAD_QB_STARTED_QUERY,Stage01 canonical reconciliation rank 564,STATHEAD_UNAMBIGUOUS_SINGLE_CANDIDATE,False,CREDITED,POSTGAME_ACTUAL_STARTER,ORACLE_STARTER_IDENTITY_ONLY,False
2024,1,REG,2024-09-06,2024_01_GB_PHI,GB,PHI,Jordan Love,LoveJo03,00-0036264,STATHEAD_QB_STARTED_QUERY,Stage01 canonical reconciliation rank 572,STATHEAD_UNAMBIGUOUS_SINGLE_CANDIDATE,False,CREDITED,Jalen Hurts,HurtJa00,00-0036389,STATHEAD_QB_STARTED_QUERY,Stage01 canonical reconciliation rank 571,STATHEAD_UNAMBIGUOUS_SINGLE_CANDIDATE,False,CREDITED,POSTGAME_ACTUAL_STARTER,ORACLE_STARTER_IDENTITY_ONLY,False
2024,1,REG,2024-09-08,2024_01_HOU_IND,HOU,IND,C.J. Stroud,StroCJ00,00-0039163,STATHEAD_QB_STARTED_QUERY,Stage01 canonical reconciliation rank 566,STATHEAD_UNAMBIGUOUS_SINGLE_CANDIDATE,False,CREDITED,Anthony Richardson,RichAn03,00-0039164,STATHEAD_QB_STARTED_QUERY,Stage01 canonical reconciliation rank 563,STATHEAD_UNAMBIGUOUS_SINGLE_CANDIDATE,False,CREDITED,POSTGAME_ACTUAL_STARTER,ORACLE_STARTER_IDENTITY_ONLY,False
2024,1,REG,2024-09-08,2024_01_JAX_MIA,JAX,MIA,Trevor Lawrence,LawrTr00,00-0036971,STATHEAD_QB_STARTED_QUERY,Stage01 canonical reconciliation rank 556,STATHEAD_UNAMBIGUOUS_SINGLE_CANDIDATE,False,CREDITED,Tua Tagovailoa,TagoTu00,00-0036212,STATHEAD_QB_STARTED_QUERY,Stage01 canonical reconciliation rank 567,STATHEAD_UNAMBIGUOUS_SINGLE_CANDIDATE,False,CREDITED,POSTGAME_ACTUAL_STARTER,ORACLE_STARTER_IDENTITY_ONLY,False
2024,1,REG,2024-09-08,2024_01_LA_DET,LAR,DET,Matthew Stafford,StafMa00,00-0026498,STATHEAD_QB_STARTED_QUERY,Stage01 canonical reconciliation rank 565,STATHEAD_UNAMBIGUOUS_SINGLE_CANDIDATE,False,CREDITED,Jared Goff,GoffJa00,00-0033106,STATHEAD_QB_STARTED_QUERY,Stage01 canonical reconciliation rank 553,STATHEAD_UNAMBIGUOUS_SINGLE_CANDIDATE,False,CREDITED,POSTGAME_ACTUAL_STARTER,ORACLE_STARTER_IDENTITY_ONLY,False
2024,1,REG,2024-09-08,2024_01_LV_LAC,LV,LAC,Gardner Minshew II,MinsGa00,00-0035289,STATHEAD_QB_STARTED_QUERY,Stage01 canonical reconciliation rank 559,STATHEAD_UNAMBIGUOUS_SINGLE_CANDIDATE,False,CREDITED,Justin Herbert,HerbJu00,00-0036355,STATHEAD_QB_STARTED_QUERY,Stage01 canonical reconciliation rank 554,STATHEAD_UNAMBIGUOUS_SINGLE_CANDIDATE,False,CREDITED,POSTGAME_ACTUAL_STARTER,ORACLE_STARTER_IDENTITY_ONLY,False
2024,1,REG,2024-09-08,2024_01_MIN_NYG,MIN,NYG,Sam Darnold,DarnSa00,00-0034869,STATHEAD_QB_STARTED_QUERY,Stage01 canonical reconciliation rank 551,STATHEAD_UNAMBIGUOUS_SINGLE_CANDIDATE,False,CREDITED,Daniel Jones,JoneDa05,00-0035710,STATHEAD_QB_STARTED_QUERY,Stage01 canonical reconciliation rank 555,STATHEAD_UNAMBIGUOUS_SINGLE_CANDIDATE,False,CREDITED,POSTGAME_ACTUAL_STARTER,ORACLE_STARTER_IDENTITY_ONLY,False
2024,1,REG,2024-09-08,2024_01_NE_CIN,NE,CIN,Jacoby Brissett,BrisJa00,00-0033119,STATHEAD_QB_STARTED_QUERY,Stage01 canonical reconciliation rank 546,STATHEAD_UNAMBIGUOUS_SINGLE_CANDIDATE,False,CREDITED,Joe Burrow,BurrJo01,00-0036442,STATHEAD_QB_STARTED_QUERY,Stage01 canonical reconciliation rank 547,STATHEAD_UNAMBIGUOUS_SINGLE_CANDIDATE,False,CREDITED,POSTGAME_ACTUAL_STARTER,ORACLE_STARTER_IDENTITY_ONLY,False
2024,1,REG,2024-09-09,2024_01_NYJ_SF,NYJ,SF,Aaron Rodgers,RodgAa00,00-0023459,STATHEAD_QB_STARTED_QUERY,Stage01 canonical reconciliation rank 544,STATHEAD_UNAMBIGUOUS_SINGLE_CANDIDATE,False,CREDITED,Brock Purdy,PurdBr00,00-0037834,STATHEAD_QB_STARTED_QUERY,Stage01 canonical reconciliation rank 543,STATHEAD_UNAMBIGUOUS_SINGLE_CANDIDATE,False,CREDITED,POSTGAME_ACTUAL_STARTER,ORACLE_STARTER_IDENTITY_ONLY,False
2024,1,REG,2024-09-08,2024_01_PIT_ATL,PIT,ATL,Justin Fields,FielJu00,00-0036945,STATHEAD_QB_STARTED_QUERY,Stage01 canonical reconciliation rank 552,STATHEAD_UNAMBIGUOUS_SINGLE_CANDIDATE,False,CREDITED,Kirk Cousins,CousKi00,00-0029604,STATHEAD_QB_STARTED_QUERY,Stage01 canonical reconciliation rank 549,STATHEAD_UNAMBIGUOUS_SINGLE_CANDIDATE,False,CREDITED,POSTGAME_ACTUAL_STARTER,ORACLE_STARTER_IDENTITY_ONLY,False
2024,1,REG,2024-09-08,2024_01_TEN_CHI,TEN,CHI,Will Levis,LeviWi00,00-0039152,STATHEAD_QB_STARTED_QUERY,Stage01 canonical reconciliation rank 557,STATHEAD_UNAMBIGUOUS_SINGLE_CANDIDATE,False,CREDITED,Caleb Williams,WillCa03,00-0039918,STATHEAD_QB_STARTED_QUERY,Stage01 canonical reconciliation rank 569,STATHEAD_UNAMBIGUOUS_SINGLE_CANDIDATE,False,CREDITED,POSTGAME_ACTUAL_STARTER,ORACLE_STARTER_IDENTITY_ONLY,False
2024,1,REG,2024-09-08,2024_01_WAS_TB,WAS,TB,Jayden Daniels,DaniJa02,00-0039910,STATHEAD_QB_STARTED_QUERY,Stage01 canonical reconciliation rank 550,STATHEAD_UNAMBIGUOUS_SINGLE_CANDIDATE,False,CREDITED,Baker Mayfield,MayfBa00,00-0034855,STATHEAD_QB_STARTED_QUERY,Stage01 canonical reconciliation rank 558,STATHEAD_UNAMBIGUOUS_SINGLE_CANDIDATE,False,CREDITED,POSTGAME_ACTUAL_STARTER,ORACLE_STARTER_IDENTITY_ONLY,False
2024,2,REG,2024-09-16,2024_02_ATL_PHI,ATL,PHI,Kirk Cousins,CousKi00,00-0029604,STATHEAD_QB_STARTED_QUERY,Stage01 canonical reconciliation rank 511,STATHEAD_UNAMBIGUOUS_SINGLE_CANDIDATE,False,CREDITED,Jalen Hurts,HurtJa00,00-0036389,STATHEAD_QB_STARTED_QUERY,Stage01 canonical reconciliation rank 512,STATHEAD_UNAMBIGUOUS_SINGLE_CANDIDATE,False,CREDITED,POSTGAME_ACTUAL_STARTER,ORACLE_STARTER_IDENTITY_ONLY,False
2024,2,REG,2024-09-12,2024_02_BUF_MIA,BUF,MIA,Josh Allen,AlleJo02,00-0034857,STATHEAD_QB_STARTED_QUERY,Stage01 canonical reconciliation rank 541,STATHEAD_UNAMBIGUOUS_SINGLE_CANDIDATE,False,CREDITED,Tua Tagovailoa,TagoTu00,00-0036212,STATHEAD_QB_STARTED_QUERY,Stage01 canonical reconciliation rank 542,STATHEAD_UNAMBIGUOUS_SINGLE_CANDIDATE,False,CREDITED,POSTGAME_ACTUAL_STARTER,ORACLE_STARTER_IDENTITY_ONLY,False
2024,2,REG,2024-09-15,2024_02_CHI_HOU,CHI,HOU,Caleb Williams,WillCa03,00-0039918,STATHEAD_QB_STARTED_QUERY,Stage01 canonical reconciliation rank 538,STATHEAD_UNAMBIGUOUS_SINGLE_CANDIDATE,False,CREDITED,C.J. Stroud,StroCJ00,00-0039163,STATHEAD_QB_STARTED_QUERY,Stage01 canonical reconciliation rank 536,STATHEAD_UNAMBIGUOUS_SINGLE_CANDIDATE,False,CREDITED,POSTGAME_ACTUAL_STARTER,ORACLE_STARTER_IDENTITY_ONLY,False
2024,2,REG,2024-09-15,2024_02_CIN_KC,CIN,KC,Joe Burrow,BurrJo01,00-0036442,STATHEAD_QB_STARTED_QUERY,Stage01 canonical reconciliation rank 514,STATHEAD_UNAMBIGUOUS_SINGLE_CANDIDATE,False,CREDITED,Patrick Mahomes,MahoPa00,00-0033873,STATHEAD_QB_STARTED_QUERY,Stage01 canonical reconciliation rank 525,STATHEAD_UNAMBIGUOUS_SINGLE_CANDIDATE,False,CREDITED,POSTGAME_ACTUAL_STARTER,ORACLE_STARTER_IDENTITY_ONLY,False
2024,2,REG,2024-09-15,2024_02_CLE_JAX,CLE,JAX,Deshaun Watson,WatsDe00,00-0033537,STATHEAD_QB_STARTED_QUERY,Stage01 canonical reconciliation rank 537,STATHEAD_UNAMBIGUOUS_SINGLE_CANDIDATE,False,CREDITED,Trevor Lawrence,LawrTr00,00-0036971,STATHEAD_QB_STARTED_QUERY,Stage01 canonical reconciliation rank 523,STATHEAD_UNAMBIGUOUS_SINGLE_CANDIDATE,False,CREDITED,POSTGAME_ACTUAL_STARTER,ORACLE_STARTER_IDENTITY_ONLY,False
2024,2,REG,2024-09-15,2024_02_IND_GB,IND,GB,Anthony Richardson,RichAn03,00-0039164,STATHEAD_QB_STARTED_QUERY,Stage01 canonical reconciliation rank 532,STATHEAD_UNAMBIGUOUS_SINGLE_CANDIDATE,False,CREDITED,Malik Willis,WillMa12,00-0038128,STATHEAD_QB_STARTED_QUERY,Stage01 canonical reconciliation rank 539,STATHEAD_UNAMBIGUOUS_SINGLE_CANDIDATE,False,CREDITED,POSTGAME_ACTUAL_STARTER,ORACLE_STARTER_IDENTITY_ONLY,False
2024,2,REG,2024-09-15,2024_02_LAC_CAR,LAC,CAR,Justin Herbert,HerbJu00,00-0036355,STATHEAD_QB_STARTED_QUERY,Stage01 canonical reconciliation rank 520,STATHEAD_UNAMBIGUOUS_SINGLE_CANDIDATE,False,CREDITED,Bryce Young,YounBr01,00-0039150,STATHEAD_QB_STARTED_QUERY,Stage01 canonical reconciliation rank 540,STATHEAD_UNAMBIGUOUS_SINGLE_CANDIDATE,False,CREDITED,POSTGAME_ACTUAL_STARTER,ORACLE_STARTER_IDENTITY_ONLY,False
2024,2,REG,2024-09-15,2024_02_LA_ARI,LAR,ARI,Matthew Stafford,StafMa00,00-0026498,STATHEAD_QB_STARTED_QUERY,Stage01 canonical reconciliation rank 535,STATHEAD_UNAMBIGUOUS_SINGLE_CANDIDATE,False,CREDITED,Kyler Murray,MurrKy00,00-0035228,STATHEAD_QB_STARTED_QUERY,Stage01 canonical reconciliation rank 528,STATHEAD_UNAMBIGUOUS_SINGLE_CANDIDATE,False,CREDITED,POSTGAME_ACTUAL_STARTER,ORACLE_STARTER_IDENTITY_ONLY,False
2024,2,REG,2024-09-15,2024_02_LV_BAL,LV,BAL,Gardner Minshew II,MinsGa00,00-0035289,STATHEAD_QB_STARTED_QUERY,Stage01 canonical reconciliation rank 527,STATHEAD_UNAMBIGUOUS_SINGLE_CANDIDATE,False,CREDITED,Lamar Jackson,JackLa00,00-0034796,STATHEAD_QB_STARTED_QUERY,Stage01 canonical reconciliation rank 521,STATHEAD_UNAMBIGUOUS_SINGLE_CANDIDATE,False,CREDITED,POSTGAME_ACTUAL_STARTER,ORACLE_STARTER_IDENTITY_ONLY,False
2024,2,REG,2024-09-15,2024_02_NO_DAL,NO,DAL,Derek Carr,CarrDe02,00-0031280,STATHEAD_QB_STARTED_QUERY,Stage01 canonical reconciliation rank 515,STATHEAD_UNAMBIGUOUS_SINGLE_CANDIDATE,False,CREDITED,Dak Prescott,PresDa01,00-0033077,STATHEAD_QB_STARTED_QUERY,Stage01 canonical reconciliation rank 530,STATHEAD_UNAMBIGUOUS_SINGLE_CANDIDATE,False,CREDITED,POSTGAME_ACTUAL_STARTER,ORACLE_STARTER_IDENTITY_ONLY,False
2024,2,REG,2024-09-15,2024_02_NYG_WAS,NYG,WAS,Daniel Jones,JoneDa05,00-0035710,STATHEAD_QB_STARTED_QUERY,Stage01 canonical reconciliation rank 522,STATHEAD_UNAMBIGUOUS_SINGLE_CANDIDATE,False,CREDITED,Jayden Daniels,DaniJa02,00-0039910,STATHEAD_QB_STARTED_QUERY,Stage01 canonical reconciliation rank 516,STATHEAD_UNAMBIGUOUS_SINGLE_CANDIDATE,False,CREDITED,POSTGAME_ACTUAL_STARTER,ORACLE_STARTER_IDENTITY_ONLY,False
2024,2,REG,2024-09-15,2024_02_NYJ_TEN,NYJ,TEN,Aaron Rodgers,RodgAa00,00-0023459,STATHEAD_QB_STARTED_QUERY,Stage01 canonical reconciliation rank 533,STATHEAD_UNAMBIGUOUS_SINGLE_CANDIDATE,False,CREDITED,Will Levis,LeviWi00,00-0039152,STATHEAD_QB_STARTED_QUERY,Stage01 canonical reconciliation rank 524,STATHEAD_UNAMBIGUOUS_SINGLE_CANDIDATE,False,CREDITED,POSTGAME_ACTUAL_STARTER,ORACLE_STARTER_IDENTITY_ONLY,False
2024,2,REG,2024-09-15,2024_02_PIT_DEN,PIT,DEN,Justin Fields,FielJu00,00-0036945,STATHEAD_QB_STARTED_QUERY,Stage01 canonical reconciliation rank 518,STATHEAD_UNAMBIGUOUS_SINGLE_CANDIDATE,False,CREDITED,Bo Nix,NixxBo00,00-0039732,STATHEAD_QB_STARTED_QUERY,Stage01 canonical reconciliation rank 529,STATHEAD_UNAMBIGUOUS_SINGLE_CANDIDATE,False,CREDITED,POSTGAME_ACTUAL_STARTER,ORACLE_STARTER_IDENTITY_ONLY,False
2024,2,REG,2024-09-15,2024_02_SEA_NE,SEA,NE,Geno Smith,SmitGe00,00-0030565,STATHEAD_QB_STARTED_QUERY,Stage01 canonical reconciliation rank 534,STATHEAD_UNAMBIGUOUS_SINGLE_CANDIDATE,False,CREDITED,Jacoby Brissett,BrisJa00,00-0033119,STATHEAD_QB_STARTED_QUERY,Stage01 canonical reconciliation rank 513,STATHEAD_UNAMBIGUOUS_SINGLE_CANDIDATE,False,CREDITED,POSTGAME_ACTUAL_STARTER,ORACLE_STARTER_IDENTITY_ONLY,False
2024,2,REG,2024-09-15,2024_02_SF_MIN,SF,MIN,Brock Purdy,PurdBr00,00-0037834,STATHEAD_QB_STARTED_QUERY,Stage01 canonical reconciliation rank 531,STATHEAD_UNAMBIGUOUS_SINGLE_CANDIDATE,False,CREDITED,Sam Darnold,DarnSa00,00-0034869,STATHEAD_QB_STARTED_QUERY,Stage01 canonical reconciliation rank 517,STATHEAD_UNAMBIGUOUS_SINGLE_CANDIDATE,False,CREDITED,POSTGAME_ACTUAL_STARTER,ORACLE_STARTER_IDENTITY_ONLY,False
2024,2,REG,2024-09-15,2024_02_TB_DET,TB,DET,Baker Mayfield,MayfBa00,00-0034855,STATHEAD_QB_STARTED_QUERY,Stage01 canonical reconciliation rank 526,STATHEAD_UNAMBIGUOUS_SINGLE_CANDIDATE,False,CREDITED,Jared Goff,GoffJa00,00-0033106,STATHEAD_QB_STARTED_QUERY,Stage01 canonical reconciliation rank 519,STATHEAD_UNAMBIGUOUS_SINGLE_CANDIDATE,False,CREDITED,POSTGAME_ACTUAL_STARTER,ORACLE_STARTER_IDENTITY_ONLY,False
2024,3,REG,2024-09-22,2024_03_BAL_DAL,BAL,DAL,Lamar Jackson,JackLa00,00-0034796,STATHEAD_QB_STARTED_QUERY,Stage01 canonical reconciliation rank 491,STATHEAD_UNAMBIGUOUS_SINGLE_CANDIDATE,False,CREDITED,Dak Prescott,PresDa01,00-0033077,STATHEAD_QB_STARTED_QUERY,Stage01 canonical reconciliation rank 499,STATHEAD_UNAMBIGUOUS_SINGLE_CANDIDATE,False,CREDITED,POSTGAME_ACTUAL_STARTER,ORACLE_STARTER_IDENTITY_ONLY,False
2024,3,REG,2024-09-22,2024_03_CAR_LV,CAR,LV,Andy Dalton,DaltAn00,00-0027973,STATHEAD_QB_STARTED_QUERY,Stage01 canonical reconciliation rank 485,STATHEAD_UNAMBIGUOUS_SINGLE_CANDIDATE,False,CREDITED,Gardner Minshew II,MinsGa00,00-0035289,STATHEAD_QB_STARTED_QUERY,Stage01 canonical reconciliation rank 496,STATHEAD_UNAMBIGUOUS_SINGLE_CANDIDATE,False,CREDITED,POSTGAME_ACTUAL_STARTER,ORACLE_STARTER_IDENTITY_ONLY,False
2024,3,REG,2024-09-22,2024_03_CHI_IND,CHI,IND,Caleb Williams,WillCa03,00-0039918,STATHEAD_QB_STARTED_QUERY,Stage01 canonical reconciliation rank 507,STATHEAD_UNAMBIGUOUS_SINGLE_CANDIDATE,False,CREDITED,Anthony Richardson,RichAn03,00-0039164,STATHEAD_QB_STARTED_QUERY,Stage01 canonical reconciliation rank 501,STATHEAD_UNAMBIGUOUS_SINGLE_CANDIDATE,False,CREDITED,POSTGAME_ACTUAL_STARTER,ORACLE_STARTER_IDENTITY_ONLY,False
2024,3,REG,2024-09-22,2024_03_DEN_TB,DEN,TB,Bo Nix,NixxBo00,00-0039732,STATHEAD_QB_STARTED_QUERY,Stage01 canonical reconciliation rank 498,STATHEAD_UNAMBIGUOUS_SINGLE_CANDIDATE,False,CREDITED,Baker Mayfield,MayfBa00,00-0034855,STATHEAD_QB_STARTED_QUERY,Stage01 canonical reconciliation rank 495,STATHEAD_UNAMBIGUOUS_SINGLE_CANDIDATE,False,CREDITED,POSTGAME_ACTUAL_STARTER,ORACLE_STARTER_IDENTITY_ONLY,False
2024,3,REG,2024-09-22,2024_03_DET_ARI,DET,ARI,Jared Goff,GoffJa00,00-0033106,STATHEAD_QB_STARTED_QUERY,Stage01 canonical reconciliation rank 488,STATHEAD_UNAMBIGUOUS_SINGLE_CANDIDATE,False,CREDITED,Kyler Murray,MurrKy00,00-0035228,STATHEAD_QB_STARTED_QUERY,Stage01 canonical reconciliation rank 497,STATHEAD_UNAMBIGUOUS_SINGLE_CANDIDATE,False,CREDITED,POSTGAME_ACTUAL_STARTER,ORACLE_STARTER_IDENTITY_ONLY,False
2024,3,REG,2024-09-22,2024_03_GB_TEN,GB,TEN,Malik Willis,WillMa12,00-0038128,STATHEAD_QB_STARTED_QUERY,Stage01 canonical reconciliation rank 508,STATHEAD_UNAMBIGUOUS_SINGLE_CANDIDATE,False,CREDITED,Will Levis,LeviWi00,00-0039152,STATHEAD_QB_STARTED_QUERY,Stage01 canonical reconciliation rank 493,STATHEAD_UNAMBIGUOUS_SINGLE_CANDIDATE,False,CREDITED,POSTGAME_ACTUAL_STARTER,ORACLE_STARTER_IDENTITY_ONLY,False
2024,3,REG,2024-09-22,2024_03_HOU_MIN,HOU,MIN,C.J. Stroud,StroCJ00,00-0039163,STATHEAD_QB_STARTED_QUERY,Stage01 canonical reconciliation rank 504,STATHEAD_UNAMBIGUOUS_SINGLE_CANDIDATE,False,CREDITED,Sam Darnold,DarnSa00,00-0034869,STATHEAD_QB_STARTED_QUERY,Stage01 canonical reconciliation rank 486,STATHEAD_UNAMBIGUOUS_SINGLE_CANDIDATE,False,CREDITED,POSTGAME_ACTUAL_STARTER,ORACLE_STARTER_IDENTITY_ONLY,False
2024,3,REG,2024-09-23,2024_03_JAX_BUF,JAX,BUF,Trevor Lawrence,LawrTr00,00-0036971,STATHEAD_QB_STARTED_QUERY,Stage01 canonical reconciliation rank 482,STATHEAD_UNAMBIGUOUS_SINGLE_CANDIDATE,False,CREDITED,Josh Allen,AlleJo02,00-0034857,STATHEAD_QB_STARTED_QUERY,Stage01 canonical reconciliation rank 479,STATHEAD_UNAMBIGUOUS_SINGLE_CANDIDATE,False,CREDITED,POSTGAME_ACTUAL_STARTER,ORACLE_STARTER_IDENTITY_ONLY,False
2024,3,REG,2024-09-22,2024_03_KC_ATL,KC,ATL,Patrick Mahomes,MahoPa00,00-0033873,STATHEAD_QB_STARTED_QUERY,Stage01 canonical reconciliation rank 494,STATHEAD_UNAMBIGUOUS_SINGLE_CANDIDATE,False,CREDITED,Kirk Cousins,CousKi00,00-0029604,STATHEAD_QB_STARTED_QUERY,Stage01 canonical reconciliation rank 484,STATHEAD_UNAMBIGUOUS_SINGLE_CANDIDATE,False,CREDITED,POSTGAME_ACTUAL_STARTER,ORACLE_STARTER_IDENTITY_ONLY,False
2024,3,REG,2024-09-22,2024_03_LAC_PIT,LAC,PIT,Justin Herbert,HerbJu00,00-0036355,STATHEAD_QB_STARTED_QUERY,Stage01 canonical reconciliation rank 489,STATHEAD_UNAMBIGUOUS_SINGLE_CANDIDATE,False,CREDITED,Justin Fields,FielJu00,00-0036945,STATHEAD_QB_STARTED_QUERY,Stage01 canonical reconciliation rank 487,STATHEAD_UNAMBIGUOUS_SINGLE_CANDIDATE,False,CREDITED,POSTGAME_ACTUAL_STARTER,ORACLE_STARTER_IDENTITY_ONLY,False
2024,3,REG,2024-09-22,2024_03_MIA_SEA,MIA,SEA,Skylar Thompson,ThomSk00,00-0037327,STATHEAD_QB_STARTED_QUERY,Stage01 canonical reconciliation rank 505,STATHEAD_UNAMBIGUOUS_SINGLE_CANDIDATE,False,CREDITED,Geno Smith,SmitGe00,00-0030565,STATHEAD_QB_STARTED_QUERY,Stage01 canonical reconciliation rank 502,STATHEAD_UNAMBIGUOUS_SINGLE_CANDIDATE,False,CREDITED,POSTGAME_ACTUAL_STARTER,ORACLE_STARTER_IDENTITY_ONLY,False
2024,3,REG,2024-09-19,2024_03_NE_NYJ,NE,NYJ,Jacoby Brissett,BrisJa00,00-0033119,STATHEAD_QB_STARTED_QUERY,Stage01 canonical reconciliation rank 509,STATHEAD_UNAMBIGUOUS_SINGLE_CANDIDATE,False,CREDITED,Aaron Rodgers,RodgAa00,00-0023459,STATHEAD_QB_STARTED_QUERY,Stage01 canonical reconciliation rank 510,STATHEAD_UNAMBIGUOUS_SINGLE_CANDIDATE,False,CREDITED,POSTGAME_ACTUAL_STARTER,ORACLE_STARTER_IDENTITY_ONLY,False
2024,3,REG,2024-09-22,2024_03_NYG_CLE,NYG,CLE,Daniel Jones,JoneDa05,00-0035710,STATHEAD_QB_STARTED_QUERY,Stage01 canonical reconciliation rank 492,STATHEAD_UNAMBIGUOUS_SINGLE_CANDIDATE,False,CREDITED,Deshaun Watson,WatsDe00,00-0033537,STATHEAD_QB_STARTED_QUERY,Stage01 canonical reconciliation rank 506,STATHEAD_UNAMBIGUOUS_SINGLE_CANDIDATE,False,CREDITED,POSTGAME_ACTUAL_STARTER,ORACLE_STARTER_IDENTITY_ONLY,False
2024,3,REG,2024-09-22,2024_03_PHI_NO,PHI,NO,Jalen Hurts,HurtJa00,00-0036389,STATHEAD_QB_STARTED_QUERY,Stage01 canonical reconciliation rank 490,STATHEAD_UNAMBIGUOUS_SINGLE_CANDIDATE,False,CREDITED,Derek Carr,CarrDe02,00-0031280,STATHEAD_QB_STARTED_QUERY,Stage01 canonical reconciliation rank 483,STATHEAD_UNAMBIGUOUS_SINGLE_CANDIDATE,False,CREDITED,POSTGAME_ACTUAL_STARTER,ORACLE_STARTER_IDENTITY_ONLY,False
2024,3,REG,2024-09-22,2024_03_SF_LA,SF,LAR,Brock Purdy,PurdBr00,00-0037834,STATHEAD_QB_STARTED_QUERY,Stage01 canonical reconciliation rank 500,STATHEAD_UNAMBIGUOUS_SINGLE_CANDIDATE,False,CREDITED,Matthew Stafford,StafMa00,00-0026498,STATHEAD_QB_STARTED_QUERY,Stage01 canonical reconciliation rank 503,STATHEAD_UNAMBIGUOUS_SINGLE_CANDIDATE,False,CREDITED,POSTGAME_ACTUAL_STARTER,ORACLE_STARTER_IDENTITY_ONLY,False
2024,3,REG,2024-09-23,2024_03_WAS_CIN,WAS,CIN,Jayden Daniels,DaniJa02,00-0039910,STATHEAD_QB_STARTED_QUERY,Stage01 canonical reconciliation rank 481,STATHEAD_UNAMBIGUOUS_SINGLE_CANDIDATE,False,CREDITED,Joe Burrow,BurrJo01,00-0036442,STATHEAD_QB_STARTED_QUERY,Stage01 canonical reconciliation rank 480,STATHEAD_UNAMBIGUOUS_SINGLE_CANDIDATE,False,CREDITED,POSTGAME_ACTUAL_STARTER,ORACLE_STARTER_IDENTITY_ONLY,False
2024,4,REG,2024-09-29,2024_04_BUF_BAL,BUF,BAL,Josh Allen,AlleJo02,00-0034857,STATHEAD_QB_STARTED_QUERY,Stage01 canonical reconciliation rank 447,STATHEAD_UNAMBIGUOUS_SINGLE_CANDIDATE,False,CREDITED,Lamar Jackson,JackLa00,00-0034796,STATHEAD_QB_STARTED_QUERY,Stage01 canonical reconciliation rank 459,STATHEAD_UNAMBIGUOUS_SINGLE_CANDIDATE,False,CREDITED,POSTGAME_ACTUAL_STARTER,ORACLE_STARTER_IDENTITY_ONLY,False
2024,4,REG,2024-09-29,2024_04_CIN_CAR,CIN,CAR,Joe Burrow,BurrJo01,00-0036442,STATHEAD_QB_STARTED_QUERY,Stage01 canonical reconciliation rank 449,STATHEAD_UNAMBIGUOUS_SINGLE_CANDIDATE,False,CREDITED,Andy Dalton,DaltAn00,00-0027973,STATHEAD_QB_STARTED_QUERY,Stage01 canonical reconciliation rank 452,STATHEAD_UNAMBIGUOUS_SINGLE_CANDIDATE,False,CREDITED,POSTGAME_ACTUAL_STARTER,ORACLE_STARTER_IDENTITY_ONLY,False
2024,4,REG,2024-09-29,2024_04_CLE_LV,CLE,LV,Deshaun Watson,WatsDe00,00-0033537,STATHEAD_QB_STARTED_QUERY,Stage01 canonical reconciliation rank 475,STATHEAD_UNAMBIGUOUS_SINGLE_CANDIDATE,False,CREDITED,Gardner Minshew II,MinsGa00,00-0035289,STATHEAD_QB_STARTED_QUERY,Stage01 canonical reconciliation rank 466,STATHEAD_UNAMBIGUOUS_SINGLE_CANDIDATE,False,CREDITED,POSTGAME_ACTUAL_STARTER,ORACLE_STARTER_IDENTITY_ONLY,False
2024,4,REG,2024-09-26,2024_04_DAL_NYG,DAL,NYG,Dak Prescott,PresDa01,00-0033077,STATHEAD_QB_STARTED_QUERY,Stage01 canonical reconciliation rank 478,STATHEAD_UNAMBIGUOUS_SINGLE_CANDIDATE,False,CREDITED,Daniel Jones,JoneDa05,00-0035710,STATHEAD_QB_STARTED_QUERY,Stage01 canonical reconciliation rank 477,STATHEAD_UNAMBIGUOUS_SINGLE_CANDIDATE,False,CREDITED,POSTGAME_ACTUAL_STARTER,ORACLE_STARTER_IDENTITY_ONLY,False
2024,4,REG,2024-09-29,2024_04_DEN_NYJ,DEN,NYJ,Bo Nix,NixxBo00,00-0039732,STATHEAD_QB_STARTED_QUERY,Stage01 canonical reconciliation rank 468,STATHEAD_UNAMBIGUOUS_SINGLE_CANDIDATE,False,CREDITED,Aaron Rodgers,RodgAa00,00-0023459,STATHEAD_QB_STARTED_QUERY,Stage01 canonical reconciliation rank 472,STATHEAD_UNAMBIGUOUS_SINGLE_CANDIDATE,False,CREDITED,POSTGAME_ACTUAL_STARTER,ORACLE_STARTER_IDENTITY_ONLY,False
2024,4,REG,2024-09-29,2024_04_JAX_HOU,JAX,HOU,Trevor Lawrence,LawrTr00,00-0036971,STATHEAD_QB_STARTED_QUERY,Stage01 canonical reconciliation rank 461,STATHEAD_UNAMBIGUOUS_SINGLE_CANDIDATE,False,CREDITED,C.J. Stroud,StroCJ00,00-0039163,STATHEAD_QB_STARTED_QUERY,Stage01 canonical reconciliation rank 474,STATHEAD_UNAMBIGUOUS_SINGLE_CANDIDATE,False,CREDITED,POSTGAME_ACTUAL_STARTER,ORACLE_STARTER_IDENTITY_ONLY,False
2024,4,REG,2024-09-29,2024_04_KC_LAC,KC,LAC,Patrick Mahomes,MahoPa00,00-0033873,STATHEAD_QB_STARTED_QUERY,Stage01 canonical reconciliation rank 464,STATHEAD_UNAMBIGUOUS_SINGLE_CANDIDATE,False,CREDITED,Justin Herbert,HerbJu00,00-0036355,STATHEAD_QB_STARTED_QUERY,Stage01 canonical reconciliation rank 457,STATHEAD_UNAMBIGUOUS_SINGLE_CANDIDATE,False,CREDITED,POSTGAME_ACTUAL_STARTER,ORACLE_STARTER_IDENTITY_ONLY,False
2024,4,REG,2024-09-29,2024_04_LA_CHI,LAR,CHI,Matthew Stafford,StafMa00,00-0026498,STATHEAD_QB_STARTED_QUERY,Stage01 canonical reconciliation rank 473,STATHEAD_UNAMBIGUOUS_SINGLE_CANDIDATE,False,CREDITED,Caleb Williams,WillCa03,00-0039918,STATHEAD_QB_STARTED_QUERY,Stage01 canonical reconciliation rank 476,STATHEAD_UNAMBIGUOUS_SINGLE_CANDIDATE,False,CREDITED,POSTGAME_ACTUAL_STARTER,ORACLE_STARTER_IDENTITY_ONLY,False
2024,4,REG,2024-09-29,2024_04_MIN_GB,MIN,GB,Sam Darnold,DarnSa00,00-0034869,VALIDATED_MANUAL_WEB_RESEARCH,,VALIDATED_MANUAL_WEB_EXCEPTION,False,CREDITED,Jordan Love,LoveJo03,00-0036264,STATHEAD_QB_STARTED_QUERY,Stage01 canonical reconciliation rank 463,STATHEAD_UNAMBIGUOUS_SINGLE_CANDIDATE,False,CREDITED,POSTGAME_ACTUAL_STARTER,ORACLE_STARTER_IDENTITY_ONLY,False
2024,4,REG,2024-09-29,2024_04_NE_SF,NE,SF,Jacoby Brissett,BrisJa00,00-0033119,STATHEAD_QB_STARTED_QUERY,Stage01 canonical reconciliation rank 448,STATHEAD_UNAMBIGUOUS_SINGLE_CANDIDATE,False,CREDITED,Brock Purdy,PurdBr00,00-0037834,STATHEAD_QB_STARTED_QUERY,Stage01 canonical reconciliation rank 470,STATHEAD_UNAMBIGUOUS_SINGLE_CANDIDATE,False,CREDITED,POSTGAME_ACTUAL_STARTER,ORACLE_STARTER_IDENTITY_ONLY,False
2024,4,REG,2024-09-29,2024_04_NO_ATL,NO,ATL,Derek Carr,CarrDe02,00-0031280,STATHEAD_QB_STARTED_QUERY,Stage01 canonical reconciliation rank 450,STATHEAD_UNAMBIGUOUS_SINGLE_CANDIDATE,False,CREDITED,Kirk Cousins,CousKi00,00-0029604,STATHEAD_QB_STARTED_QUERY,Stage01 canonical reconciliation rank 451,STATHEAD_UNAMBIGUOUS_SINGLE_CANDIDATE,False,CREDITED,POSTGAME_ACTUAL_STARTER,ORACLE_STARTER_IDENTITY_ONLY,False
2024,4,REG,2024-09-29,2024_04_PHI_TB,PHI,TB,Jalen Hurts,HurtJa00,00-0036389,STATHEAD_QB_STARTED_QUERY,Stage01 canonical reconciliation rank 458,STATHEAD_UNAMBIGUOUS_SINGLE_CANDIDATE,False,CREDITED,Baker Mayfield,MayfBa00,00-0034855,STATHEAD_QB_STARTED_QUERY,Stage01 canonical reconciliation rank 465,STATHEAD_UNAMBIGUOUS_SINGLE_CANDIDATE,False,CREDITED,POSTGAME_ACTUAL_STARTER,ORACLE_STARTER_IDENTITY_ONLY,False
2024,4,REG,2024-09-29,2024_04_PIT_IND,PIT,IND,Justin Fields,FielJu00,00-0036945,STATHEAD_QB_STARTED_QUERY,Stage01 canonical reconciliation rank 455,STATHEAD_UNAMBIGUOUS_SINGLE_CANDIDATE,False,CREDITED,Anthony Richardson,RichAn03,00-0039164,VALIDATED_MANUAL_WEB_RESEARCH,Indianapolis Colts — How Joe Flacco came off the bench and helped Colts beat Steelers in Week 4 (2024-09-29),VALIDATED_MANUAL_WEB_EXCEPTION,False,CREDITED,POSTGAME_ACTUAL_STARTER,ORACLE_STARTER_IDENTITY_ONLY,False
2024,4,REG,2024-09-30,2024_04_SEA_DET,SEA,DET,Geno Smith,SmitGe00,00-0030565,STATHEAD_QB_STARTED_QUERY,Stage01 canonical reconciliation rank 446,STATHEAD_UNAMBIGUOUS_SINGLE_CANDIDATE,False,CREDITED,Jared Goff,GoffJa00,00-0033106,STATHEAD_QB_STARTED_QUERY,Stage01 canonical reconciliation rank 443,STATHEAD_UNAMBIGUOUS_SINGLE_CANDIDATE,False,CREDITED,POSTGAME_ACTUAL_STARTER,ORACLE_STARTER_IDENTITY_ONLY,False
2024,4,REG,2024-09-30,2024_04_TEN_MIA,TEN,MIA,Will Levis,LeviWi00,00-0039152,STATHEAD_QB_STARTED_QUERY,Stage01 canonical reconciliation rank 445,STATHEAD_UNAMBIGUOUS_SINGLE_CANDIDATE,False,CREDITED,Tyler Huntley,HuntTy01,00-0035993,STATHEAD_QB_STARTED_QUERY,Stage01 canonical reconciliation rank 444,STATHEAD_UNAMBIGUOUS_SINGLE_CANDIDATE,False,CREDITED,POSTGAME_ACTUAL_STARTER,ORACLE_STARTER_IDENTITY_ONLY,False
2024,4,REG,2024-09-29,2024_04_WAS_ARI,WAS,ARI,Jayden Daniels,DaniJa02,00-0039910,STATHEAD_QB_STARTED_QUERY,Stage01 canonical reconciliation rank 453,STATHEAD_UNAMBIGUOUS_SINGLE_CANDIDATE,False,CREDITED,Kyler Murray,MurrKy00,00-0035228,STATHEAD_QB_STARTED_QUERY,Stage01 canonical reconciliation rank 467,STATHEAD_UNAMBIGUOUS_SINGLE_CANDIDATE,False,CREDITED,POSTGAME_ACTUAL_STARTER,ORACLE_STARTER_IDENTITY_ONLY,False
2024,5,REG,2024-10-06,2024_05_ARI_SF,ARI,SF,Kyler Murray,MurrKy00,00-0035228,STATHEAD_QB_STARTED_QUERY,Stage01 canonical reconciliation rank 431,STATHEAD_UNAMBIGUOUS_SINGLE_CANDIDATE,False,CREDITED,Brock Purdy,PurdBr00,00-0037834,STATHEAD_QB_STARTED_QUERY,Stage01 canonical reconciliation rank 434,STATHEAD_UNAMBIGUOUS_SINGLE_CANDIDATE,False,CREDITED,POSTGAME_ACTUAL_STARTER,ORACLE_STARTER_IDENTITY_ONLY,False
2024,5,REG,2024-10-06,2024_05_BAL_CIN,BAL,CIN,Lamar Jackson,JackLa00,00-0034796,STATHEAD_QB_STARTED_QUERY,Stage01 canonical reconciliation rank 426,STATHEAD_UNAMBIGUOUS_SINGLE_CANDIDATE,False,CREDITED,Joe Burrow,BurrJo01,00-0036442,STATHEAD_QB_STARTED_QUERY,Stage01 canonical reconciliation rank 419,STATHEAD_UNAMBIGUOUS_SINGLE_CANDIDATE,False,CREDITED,POSTGAME_ACTUAL_STARTER,ORACLE_STARTER_IDENTITY_ONLY,False
2024,5,REG,2024-10-06,2024_05_BUF_HOU,BUF,HOU,Josh Allen,AlleJo02,00-0034857,STATHEAD_QB_STARTED_QUERY,Stage01 canonical reconciliation rank 417,STATHEAD_UNAMBIGUOUS_SINGLE_CANDIDATE,False,CREDITED,C.J. Stroud,StroCJ00,00-0039163,STATHEAD_QB_STARTED_QUERY,Stage01 canonical reconciliation rank 438,STATHEAD_UNAMBIGUOUS_SINGLE_CANDIDATE,False,CREDITED,POSTGAME_ACTUAL_STARTER,ORACLE_STARTER_IDENTITY_ONLY,False
2024,5,REG,2024-10-06,2024_05_CAR_CHI,CAR,CHI,Andy Dalton,DaltAn00,00-0027973,STATHEAD_QB_STARTED_QUERY,Stage01 canonical reconciliation rank 420,STATHEAD_UNAMBIGUOUS_SINGLE_CANDIDATE,False,CREDITED,Caleb Williams,WillCa03,00-0039918,STATHEAD_QB_STARTED_QUERY,Stage01 canonical reconciliation rank 440,STATHEAD_UNAMBIGUOUS_SINGLE_CANDIDATE,False,CREDITED,POSTGAME_ACTUAL_STARTER,ORACLE_STARTER_IDENTITY_ONLY,False
2024,5,REG,2024-10-06,2024_05_CLE_WAS,CLE,WAS,Deshaun Watson,WatsDe00,00-0033537,STATHEAD_QB_STARTED_QUERY,Stage01 canonical reconciliation rank 439,STATHEAD_UNAMBIGUOUS_SINGLE_CANDIDATE,False,CREDITED,Jayden Daniels,DaniJa02,00-0039910,STATHEAD_QB_STARTED_QUERY,Stage01 canonical reconciliation rank 421,STATHEAD_UNAMBIGUOUS_SINGLE_CANDIDATE,False,CREDITED,POSTGAME_ACTUAL_STARTER,ORACLE_STARTER_IDENTITY_ONLY,False
2024,5,REG,2024-10-06,2024_05_DAL_PIT,DAL,PIT,Dak Prescott,PresDa01,00-0033077,STATHEAD_QB_STARTED_QUERY,Stage01 canonical reconciliation rank 433,STATHEAD_UNAMBIGUOUS_SINGLE_CANDIDATE,False,CREDITED,Justin Fields,FielJu00,00-0036945,STATHEAD_QB_STARTED_QUERY,Stage01 canonical reconciliation rank 423,STATHEAD_UNAMBIGUOUS_SINGLE_CANDIDATE,False,CREDITED,POSTGAME_ACTUAL_STARTER,ORACLE_STARTER_IDENTITY_ONLY,False
2024,5,REG,2024-10-06,2024_05_GB_LA,GB,LAR,Jordan Love,LoveJo03,00-0036264,STATHEAD_QB_STARTED_QUERY,Stage01 canonical reconciliation rank 429,STATHEAD_UNAMBIGUOUS_SINGLE_CANDIDATE,False,CREDITED,Matthew Stafford,StafMa00,00-0026498,STATHEAD_QB_STARTED_QUERY,Stage01 canonical reconciliation rank 437,STATHEAD_UNAMBIGUOUS_SINGLE_CANDIDATE,False,CREDITED,POSTGAME_ACTUAL_STARTER,ORACLE_STARTER_IDENTITY_ONLY,False
2024,5,REG,2024-10-06,2024_05_IND_JAX,IND,JAX,Joe Flacco,FlacJo00,00-0026158,STATHEAD_QB_STARTED_QUERY,Stage01 canonical reconciliation rank 424,STATHEAD_UNAMBIGUOUS_SINGLE_CANDIDATE,False,CREDITED,Trevor Lawrence,LawrTr00,00-0036971,STATHEAD_QB_STARTED_QUERY,Stage01 canonical reconciliation rank 428,STATHEAD_UNAMBIGUOUS_SINGLE_CANDIDATE,False,CREDITED,POSTGAME_ACTUAL_STARTER,ORACLE_STARTER_IDENTITY_ONLY,False
2024,5,REG,2024-10-06,2024_05_LV_DEN,LV,DEN,Gardner Minshew II,MinsGa00,00-0035289,STATHEAD_QB_STARTED_QUERY,Stage01 canonical reconciliation rank 430,STATHEAD_UNAMBIGUOUS_SINGLE_CANDIDATE,False,CREDITED,Bo Nix,NixxBo00,00-0039732,STATHEAD_QB_STARTED_QUERY,Stage01 canonical reconciliation rank 432,STATHEAD_UNAMBIGUOUS_SINGLE_CANDIDATE,False,CREDITED,POSTGAME_ACTUAL_STARTER,ORACLE_STARTER_IDENTITY_ONLY,False
2024,5,REG,2024-10-06,2024_05_MIA_NE,MIA,NE,Tyler Huntley,HuntTy01,00-0035993,STATHEAD_QB_STARTED_QUERY,Stage01 canonical reconciliation rank 425,STATHEAD_UNAMBIGUOUS_SINGLE_CANDIDATE,False,CREDITED,Jacoby Brissett,BrisJa00,00-0033119,STATHEAD_QB_STARTED_QUERY,Stage01 canonical reconciliation rank 418,STATHEAD_UNAMBIGUOUS_SINGLE_CANDIDATE,False,CREDITED,POSTGAME_ACTUAL_STARTER,ORACLE_STARTER_IDENTITY_ONLY,False
2024,5,REG,2024-10-07,2024_05_NO_KC,NO,KC,Derek Carr,CarrDe02,00-0031280,STATHEAD_QB_STARTED_QUERY,Stage01 canonical reconciliation rank 415,STATHEAD_UNAMBIGUOUS_SINGLE_CANDIDATE,False,CREDITED,Patrick Mahomes,MahoPa00,00-0033873,STATHEAD_QB_STARTED_QUERY,Stage01 canonical reconciliation rank 416,STATHEAD_UNAMBIGUOUS_SINGLE_CANDIDATE,False,CREDITED,POSTGAME_ACTUAL_STARTER,ORACLE_STARTER_IDENTITY_ONLY,False
2024,5,REG,2024-10-06,2024_05_NYG_SEA,NYG,SEA,Daniel Jones,JoneDa05,00-0035710,STATHEAD_QB_STARTED_QUERY,Stage01 canonical reconciliation rank 427,STATHEAD_UNAMBIGUOUS_SINGLE_CANDIDATE,False,CREDITED,Geno Smith,SmitGe00,00-0030565,STATHEAD_QB_STARTED_QUERY,Stage01 canonical reconciliation rank 436,STATHEAD_UNAMBIGUOUS_SINGLE_CANDIDATE,False,CREDITED,POSTGAME_ACTUAL_STARTER,ORACLE_STARTER_IDENTITY_ONLY,False
2024,5,REG,2024-10-06,2024_05_NYJ_MIN,NYJ,MIN,Aaron Rodgers,RodgAa00,00-0023459,STATHEAD_QB_STARTED_QUERY,Stage01 canonical reconciliation rank 435,STATHEAD_UNAMBIGUOUS_SINGLE_CANDIDATE,False,CREDITED,Sam Darnold,DarnSa00,00-0034869,STATHEAD_QB_STARTED_QUERY,Stage01 canonical reconciliation rank 422,STATHEAD_UNAMBIGUOUS_SINGLE_CANDIDATE,False,CREDITED,POSTGAME_ACTUAL_STARTER,ORACLE_STARTER_IDENTITY_ONLY,False
2024,5,REG,2024-10-03,2024_05_TB_ATL,TB,ATL,Baker Mayfield,MayfBa00,00-0034855,STATHEAD_QB_STARTED_QUERY,Stage01 canonical reconciliation rank 442,STATHEAD_UNAMBIGUOUS_SINGLE_CANDIDATE,False,CREDITED,Kirk Cousins,CousKi00,00-0029604,STATHEAD_QB_STARTED_QUERY,Stage01 canonical reconciliation rank 441,STATHEAD_UNAMBIGUOUS_SINGLE_CANDIDATE,False,CREDITED,POSTGAME_ACTUAL_STARTER,ORACLE_STARTER_IDENTITY_ONLY,False
2024,6,REG,2024-10-13,2024_06_ARI_GB,ARI,GB,Kyler Murray,MurrKy00,00-0035228,STATHEAD_QB_STARTED_QUERY,Stage01 canonical reconciliation rank 405,STATHEAD_UNAMBIGUOUS_SINGLE_CANDIDATE,False,CREDITED,Jordan Love,LoveJo03,00-0036264,STATHEAD_QB_STARTED_QUERY,Stage01 canonical reconciliation rank 402,STATHEAD_UNAMBIGUOUS_SINGLE_CANDIDATE,False,CREDITED,POSTGAME_ACTUAL_STARTER,ORACLE_STARTER_IDENTITY_ONLY,False
2024,6,REG,2024-10-13,2024_06_ATL_CAR,ATL,CAR,Kirk Cousins,CousKi00,00-0029604,STATHEAD_QB_STARTED_QUERY,Stage01 canonical reconciliation rank 390,STATHEAD_UNAMBIGUOUS_SINGLE_CANDIDATE,False,CREDITED,Andy Dalton,DaltAn00,00-0027973,STATHEAD_QB_STARTED_QUERY,Stage01 canonical reconciliation rank 391,STATHEAD_UNAMBIGUOUS_SINGLE_CANDIDATE,False,CREDITED,POSTGAME_ACTUAL_STARTER,ORACLE_STARTER_IDENTITY_ONLY,False
2024,6,REG,2024-10-14,2024_06_BUF_NYJ,BUF,NYJ,Josh Allen,AlleJo02,00-0034857,STATHEAD_QB_STARTED_QUERY,Stage01 canonical reconciliation rank 387,STATHEAD_UNAMBIGUOUS_SINGLE_CANDIDATE,False,CREDITED,Aaron Rodgers,RodgAa00,00-0023459,STATHEAD_QB_STARTED_QUERY,Stage01 canonical reconciliation rank 388,STATHEAD_UNAMBIGUOUS_SINGLE_CANDIDATE,False,CREDITED,POSTGAME_ACTUAL_STARTER,ORACLE_STARTER_IDENTITY_ONLY,False
2024,6,REG,2024-10-13,2024_06_CIN_NYG,CIN,NYG,Joe Burrow,BurrJo01,00-0036442,STATHEAD_QB_STARTED_QUERY,Stage01 canonical reconciliation rank 389,STATHEAD_UNAMBIGUOUS_SINGLE_CANDIDATE,False,CREDITED,Daniel Jones,JoneDa05,00-0035710,STATHEAD_QB_STARTED_QUERY,Stage01 canonical reconciliation rank 399,STATHEAD_UNAMBIGUOUS_SINGLE_CANDIDATE,False,CREDITED,POSTGAME_ACTUAL_STARTER,ORACLE_STARTER_IDENTITY_ONLY,False
2024,6,REG,2024-10-13,2024_06_CLE_PHI,CLE,PHI,Deshaun Watson,WatsDe00,00-0033537,STATHEAD_QB_STARTED_QUERY,Stage01 canonical reconciliation rank 411,STATHEAD_UNAMBIGUOUS_SINGLE_CANDIDATE,False,CREDITED,Jalen Hurts,HurtJa00,00-0036389,STATHEAD_QB_STARTED_QUERY,Stage01 canonical reconciliation rank 397,STATHEAD_UNAMBIGUOUS_SINGLE_CANDIDATE,False,CREDITED,POSTGAME_ACTUAL_STARTER,ORACLE_STARTER_IDENTITY_ONLY,False
2024,6,REG,2024-10-13,2024_06_DET_DAL,DET,DAL,Jared Goff,GoffJa00,00-0033106,STATHEAD_QB_STARTED_QUERY,Stage01 canonical reconciliation rank 395,STATHEAD_UNAMBIGUOUS_SINGLE_CANDIDATE,False,CREDITED,Dak Prescott,PresDa01,00-0033077,STATHEAD_QB_STARTED_QUERY,Stage01 canonical reconciliation rank 408,STATHEAD_UNAMBIGUOUS_SINGLE_CANDIDATE,False,CREDITED,POSTGAME_ACTUAL_STARTER,ORACLE_STARTER_IDENTITY_ONLY,False
2024,6,REG,2024-10-13,2024_06_HOU_NE,HOU,NE,C.J. Stroud,StroCJ00,00-0039163,STATHEAD_QB_STARTED_QUERY,Stage01 canonical reconciliation rank 410,STATHEAD_UNAMBIGUOUS_SINGLE_CANDIDATE,False,CREDITED,Drake Maye,MayeDr00,00-0039851,STATHEAD_QB_STARTED_QUERY,Stage01 canonical reconciliation rank 403,STATHEAD_UNAMBIGUOUS_SINGLE_CANDIDATE,False,CREDITED,POSTGAME_ACTUAL_STARTER,ORACLE_STARTER_IDENTITY_ONLY,False
2024,6,REG,2024-10-13,2024_06_IND_TEN,IND,TEN,Joe Flacco,FlacJo00,00-0026158,STATHEAD_QB_STARTED_QUERY,Stage01 canonical reconciliation rank 394,STATHEAD_UNAMBIGUOUS_SINGLE_CANDIDATE,False,CREDITED,Will Levis,LeviWi00,00-0039152,STATHEAD_QB_STARTED_QUERY,Stage01 canonical reconciliation rank 401,STATHEAD_UNAMBIGUOUS_SINGLE_CANDIDATE,False,CREDITED,POSTGAME_ACTUAL_STARTER,ORACLE_STARTER_IDENTITY_ONLY,False
2024,6,REG,2024-10-13,2024_06_JAX_CHI,JAX,CHI,Trevor Lawrence,LawrTr00,00-0036971,STATHEAD_QB_STARTED_QUERY,Stage01 canonical reconciliation rank 400,STATHEAD_UNAMBIGUOUS_SINGLE_CANDIDATE,False,CREDITED,Caleb Williams,WillCa03,00-0039918,STATHEAD_QB_STARTED_QUERY,Stage01 canonical reconciliation rank 412,STATHEAD_UNAMBIGUOUS_SINGLE_CANDIDATE,False,CREDITED,POSTGAME_ACTUAL_STARTER,ORACLE_STARTER_IDENTITY_ONLY,False
2024,6,REG,2024-10-13,2024_06_LAC_DEN,LAC,DEN,Justin Herbert,HerbJu00,00-0036355,STATHEAD_QB_STARTED_QUERY,Stage01 canonical reconciliation rank 396,STATHEAD_UNAMBIGUOUS_SINGLE_CANDIDATE,False,CREDITED,Bo Nix,NixxBo00,00-0039732,STATHEAD_QB_STARTED_QUERY,Stage01 canonical reconciliation rank 406,STATHEAD_UNAMBIGUOUS_SINGLE_CANDIDATE,False,CREDITED,POSTGAME_ACTUAL_STARTER,ORACLE_STARTER_IDENTITY_ONLY,False
2024,6,REG,2024-10-13,2024_06_PIT_LV,PIT,LV,Justin Fields,FielJu00,00-0036945,STATHEAD_QB_STARTED_QUERY,Stage01 canonical reconciliation rank 393,STATHEAD_UNAMBIGUOUS_SINGLE_CANDIDATE,False,CREDITED,Aidan O'Connell,OConAi00,00-0038579,STATHEAD_QB_STARTED_QUERY,Stage01 canonical reconciliation rank 407,STATHEAD_UNAMBIGUOUS_SINGLE_CANDIDATE,False,CREDITED,POSTGAME_ACTUAL_STARTER,ORACLE_STARTER_IDENTITY_ONLY,False
2024,6,REG,2024-10-10,2024_06_SF_SEA,SF,SEA,Brock Purdy,PurdBr00,00-0037834,STATHEAD_QB_STARTED_QUERY,Stage01 canonical reconciliation rank 413,STATHEAD_UNAMBIGUOUS_SINGLE_CANDIDATE,False,CREDITED,Geno Smith,SmitGe00,00-0030565,STATHEAD_QB_STARTED_QUERY,Stage01 canonical reconciliation rank 414,STATHEAD_UNAMBIGUOUS_SINGLE_CANDIDATE,False,CREDITED,POSTGAME_ACTUAL_STARTER,ORACLE_STARTER_IDENTITY_ONLY,False
2024,6,REG,2024-10-13,2024_06_TB_NO,TB,NO,Baker Mayfield,MayfBa00,00-0034855,STATHEAD_QB_STARTED_QUERY,Stage01 canonical reconciliation rank 404,STATHEAD_UNAMBIGUOUS_SINGLE_CANDIDATE,False,CREDITED,Spencer Rattler,RattSp00,00-0039376,STATHEAD_QB_STARTED_QUERY,Stage01 canonical reconciliation rank 409,STATHEAD_UNAMBIGUOUS_SINGLE_CANDIDATE,False,CREDITED,POSTGAME_ACTUAL_STARTER,ORACLE_STARTER_IDENTITY_ONLY,False
2024,6,REG,2024-10-13,2024_06_WAS_BAL,WAS,BAL,Jayden Daniels,DaniJa02,00-0039910,STATHEAD_QB_STARTED_QUERY,Stage01 canonical reconciliation rank 392,STATHEAD_UNAMBIGUOUS_SINGLE_CANDIDATE,False,CREDITED,Lamar Jackson,JackLa00,00-0034796,STATHEAD_QB_STARTED_QUERY,Stage01 canonical reconciliation rank 398,STATHEAD_UNAMBIGUOUS_SINGLE_CANDIDATE,False,CREDITED,POSTGAME_ACTUAL_STARTER,ORACLE_STARTER_IDENTITY_ONLY,False
2024,7,REG,2024-10-21,2024_07_BAL_TB,BAL,TB,Lamar Jackson,JackLa00,00-0034796,STATHEAD_QB_STARTED_QUERY,Stage01 canonical reconciliation rank 358,STATHEAD_UNAMBIGUOUS_SINGLE_CANDIDATE,False,CREDITED,Baker Mayfield,MayfBa00,00-0034855,STATHEAD_QB_STARTED_QUERY,Stage01 canonical reconciliation rank 359,STATHEAD_UNAMBIGUOUS_SINGLE_CANDIDATE,False,CREDITED,POSTGAME_ACTUAL_STARTER,ORACLE_STARTER_IDENTITY_ONLY,False
2024,7,REG,2024-10-20,2024_07_CAR_WAS,CAR,WAS,Andy Dalton,DaltAn00,00-0027973,STATHEAD_QB_STARTED_QUERY,Stage01 canonical reconciliation rank 364,STATHEAD_UNAMBIGUOUS_SINGLE_CANDIDATE,False,CREDITED,Jayden Daniels,DaniJa02,00-0039910,STATHEAD_QB_STARTED_QUERY,Stage01 canonical reconciliation rank 365,STATHEAD_UNAMBIGUOUS_SINGLE_CANDIDATE,False,CREDITED,POSTGAME_ACTUAL_STARTER,ORACLE_STARTER_IDENTITY_ONLY,False
2024,7,REG,2024-10-20,2024_07_CIN_CLE,CIN,CLE,Joe Burrow,BurrJo01,00-0036442,STATHEAD_QB_STARTED_QUERY,Stage01 canonical reconciliation rank 362,STATHEAD_UNAMBIGUOUS_SINGLE_CANDIDATE,False,CREDITED,Deshaun Watson,WatsDe00,00-0033537,STATHEAD_QB_STARTED_QUERY,Stage01 canonical reconciliation rank 383,STATHEAD_UNAMBIGUOUS_SINGLE_CANDIDATE,False,CREDITED,POSTGAME_ACTUAL_STARTER,ORACLE_STARTER_IDENTITY_ONLY,False
2024,7,REG,2024-10-17,2024_07_DEN_NO,DEN,NO,Bo Nix,NixxBo00,00-0039732,STATHEAD_QB_STARTED_QUERY,Stage01 canonical reconciliation rank 385,STATHEAD_UNAMBIGUOUS_SINGLE_CANDIDATE,False,CREDITED,Spencer Rattler,RattSp00,00-0039376,STATHEAD_QB_STARTED_QUERY,Stage01 canonical reconciliation rank 386,STATHEAD_UNAMBIGUOUS_SINGLE_CANDIDATE,False,CREDITED,POSTGAME_ACTUAL_STARTER,ORACLE_STARTER_IDENTITY_ONLY,False
2024,7,REG,2024-10-20,2024_07_DET_MIN,DET,MIN,Jared Goff,GoffJa00,00-0033106,STATHEAD_QB_STARTED_QUERY,Stage01 canonical reconciliation rank 367,STATHEAD_UNAMBIGUOUS_SINGLE_CANDIDATE,False,CREDITED,Sam Darnold,DarnSa00,00-0034869,STATHEAD_QB_STARTED_QUERY,Stage01 canonical reconciliation rank 366,STATHEAD_UNAMBIGUOUS_SINGLE_CANDIDATE,False,CREDITED,POSTGAME_ACTUAL_STARTER,ORACLE_STARTER_IDENTITY_ONLY,False
2024,7,REG,2024-10-20,2024_07_HOU_GB,HOU,GB,C.J. Stroud,StroCJ00,00-0039163,STATHEAD_QB_STARTED_QUERY,Stage01 canonical reconciliation rank 382,STATHEAD_UNAMBIGUOUS_SINGLE_CANDIDATE,False,CREDITED,Jordan Love,LoveJo03,00-0036264,STATHEAD_QB_STARTED_QUERY,Stage01 canonical reconciliation rank 372,STATHEAD_UNAMBIGUOUS_SINGLE_CANDIDATE,False,CREDITED,POSTGAME_ACTUAL_STARTER,ORACLE_STARTER_IDENTITY_ONLY,False
2024,7,REG,2024-10-20,2024_07_KC_SF,KC,SF,Patrick Mahomes,MahoPa00,00-0033873,STATHEAD_QB_STARTED_QUERY,Stage01 canonical reconciliation rank 373,STATHEAD_UNAMBIGUOUS_SINGLE_CANDIDATE,False,CREDITED,Brock Purdy,PurdBr00,00-0037834,STATHEAD_QB_STARTED_QUERY,Stage01 canonical reconciliation rank 376,STATHEAD_UNAMBIGUOUS_SINGLE_CANDIDATE,False,CREDITED,POSTGAME_ACTUAL_STARTER,ORACLE_STARTER_IDENTITY_ONLY,False
2024,7,REG,2024-10-21,2024_07_LAC_ARI,LAC,ARI,Justin Herbert,HerbJu00,00-0036355,STATHEAD_QB_STARTED_QUERY,Stage01 canonical reconciliation rank 357,STATHEAD_UNAMBIGUOUS_SINGLE_CANDIDATE,False,CREDITED,Kyler Murray,MurrKy00,00-0035228,STATHEAD_QB_STARTED_QUERY,Stage01 canonical reconciliation rank 360,STATHEAD_UNAMBIGUOUS_SINGLE_CANDIDATE,False,CREDITED,POSTGAME_ACTUAL_STARTER,ORACLE_STARTER_IDENTITY_ONLY,False
2024,7,REG,2024-10-20,2024_07_LV_LA,LV,LAR,Aidan O'Connell,OConAi00,00-0038579,STATHEAD_QB_STARTED_QUERY,Stage01 canonical reconciliation rank 375,STATHEAD_UNAMBIGUOUS_SINGLE_CANDIDATE,False,CREDITED,Matthew Stafford,StafMa00,00-0026498,STATHEAD_QB_STARTED_QUERY,Stage01 canonical reconciliation rank 381,STATHEAD_UNAMBIGUOUS_SINGLE_CANDIDATE,False,CREDITED,POSTGAME_ACTUAL_STARTER,ORACLE_STARTER_IDENTITY_ONLY,False
2024,7,REG,2024-10-20,2024_07_MIA_IND,MIA,IND,Tyler Huntley,HuntTy01,00-0035993,STATHEAD_QB_STARTED_QUERY,Stage01 canonical reconciliation rank 368,STATHEAD_UNAMBIGUOUS_SINGLE_CANDIDATE,False,CREDITED,Anthony Richardson,RichAn03,00-0039164,STATHEAD_QB_STARTED_QUERY,Stage01 canonical reconciliation rank 377,STATHEAD_UNAMBIGUOUS_SINGLE_CANDIDATE,False,CREDITED,POSTGAME_ACTUAL_STARTER,ORACLE_STARTER_IDENTITY_ONLY,False
2024,7,REG,2024-10-20,2024_07_NE_JAX,NE,JAX,Drake Maye,MayeDr00,00-0039851,STATHEAD_QB_STARTED_QUERY,Stage01 canonical reconciliation rank 374,STATHEAD_UNAMBIGUOUS_SINGLE_CANDIDATE,False,CREDITED,Trevor Lawrence,LawrTr00,00-0036971,STATHEAD_QB_STARTED_QUERY,Stage01 canonical reconciliation rank 371,STATHEAD_UNAMBIGUOUS_SINGLE_CANDIDATE,False,CREDITED,POSTGAME_ACTUAL_STARTER,ORACLE_STARTER_IDENTITY_ONLY,False
2024,7,REG,2024-10-20,2024_07_NYJ_PIT,NYJ,PIT,Aaron Rodgers,RodgAa00,00-0023459,STATHEAD_QB_STARTED_QUERY,Stage01 canonical reconciliation rank 378,STATHEAD_UNAMBIGUOUS_SINGLE_CANDIDATE,False,CREDITED,Russell Wilson,WilsRu00,00-0029263,STATHEAD_QB_STARTED_QUERY,Stage01 canonical reconciliation rank 384,STATHEAD_UNAMBIGUOUS_SINGLE_CANDIDATE,False,CREDITED,POSTGAME_ACTUAL_STARTER,ORACLE_STARTER_IDENTITY_ONLY,False
2024,7,REG,2024-10-20,2024_07_PHI_NYG,PHI,NYG,Jalen Hurts,HurtJa00,00-0036389,STATHEAD_QB_STARTED_QUERY,Stage01 canonical reconciliation rank 369,STATHEAD_UNAMBIGUOUS_SINGLE_CANDIDATE,False,CREDITED,Daniel Jones,JoneDa05,00-0035710,STATHEAD_QB_STARTED_QUERY,Stage01 canonical reconciliation rank 370,STATHEAD_UNAMBIGUOUS_SINGLE_CANDIDATE,False,CREDITED,POSTGAME_ACTUAL_STARTER,ORACLE_STARTER_IDENTITY_ONLY,False
2024,7,REG,2024-10-20,2024_07_SEA_ATL,SEA,ATL,Geno Smith,SmitGe00,00-0030565,STATHEAD_QB_STARTED_QUERY,Stage01 canonical reconciliation rank 380,STATHEAD_UNAMBIGUOUS_SINGLE_CANDIDATE,False,CREDITED,Kirk Cousins,CousKi00,00-0029604,STATHEAD_QB_STARTED_QUERY,Stage01 canonical reconciliation rank 363,STATHEAD_UNAMBIGUOUS_SINGLE_CANDIDATE,False,CREDITED,POSTGAME_ACTUAL_STARTER,ORACLE_STARTER_IDENTITY_ONLY,False
2024,7,REG,2024-10-20,2024_07_TEN_BUF,TEN,BUF,Mason Rudolph,RudoMa00,00-0034771,STATHEAD_QB_STARTED_QUERY,Stage01 canonical reconciliation rank 379,STATHEAD_UNAMBIGUOUS_SINGLE_CANDIDATE,False,CREDITED,Josh Allen,AlleJo02,00-0034857,STATHEAD_QB_STARTED_QUERY,Stage01 canonical reconciliation rank 361,STATHEAD_UNAMBIGUOUS_SINGLE_CANDIDATE,False,CREDITED,POSTGAME_ACTUAL_STARTER,ORACLE_STARTER_IDENTITY_ONLY,False
2024,8,REG,2024-10-27,2024_08_ARI_MIA,ARI,MIA,Kyler Murray,MurrKy00,00-0035228,STATHEAD_QB_STARTED_QUERY,Stage01 canonical reconciliation rank 341,STATHEAD_UNAMBIGUOUS_SINGLE_CANDIDATE,False,CREDITED,Tua Tagovailoa,TagoTu00,00-0036212,STATHEAD_QB_STARTED_QUERY,Stage01 canonical reconciliation rank 351,STATHEAD_UNAMBIGUOUS_SINGLE_CANDIDATE,False,CREDITED,POSTGAME_ACTUAL_STARTER,ORACLE_STARTER_IDENTITY_ONLY,False
2024,8,REG,2024-10-27,2024_08_ATL_TB,ATL,TB,Kirk Cousins,CousKi00,00-0029604,STATHEAD_QB_STARTED_QUERY,Stage01 canonical reconciliation rank 329,STATHEAD_UNAMBIGUOUS_SINGLE_CANDIDATE,False,CREDITED,Baker Mayfield,MayfBa00,00-0034855,STATHEAD_QB_STARTED_QUERY,Stage01 canonical reconciliation rank 339,STATHEAD_UNAMBIGUOUS_SINGLE_CANDIDATE,False,CREDITED,POSTGAME_ACTUAL_STARTER,ORACLE_STARTER_IDENTITY_ONLY,False
2024,8,REG,2024-10-27,2024_08_BAL_CLE,BAL,CLE,Lamar Jackson,JackLa00,00-0034796,STATHEAD_QB_STARTED_QUERY,Stage01 canonical reconciliation rank 334,STATHEAD_UNAMBIGUOUS_SINGLE_CANDIDATE,False,CREDITED,Jameis Winston,WinsJa00,00-0031503,STATHEAD_QB_STARTED_QUERY,Stage01 canonical reconciliation rank 353,STATHEAD_UNAMBIGUOUS_SINGLE_CANDIDATE,False,CREDITED,POSTGAME_ACTUAL_STARTER,ORACLE_STARTER_IDENTITY_ONLY,False
2024,8,REG,2024-10-27,2024_08_BUF_SEA,BUF,SEA,Josh Allen,AlleJo02,00-0034857,STATHEAD_QB_STARTED_QUERY,Stage01 canonical reconciliation rank 327,STATHEAD_UNAMBIGUOUS_SINGLE_CANDIDATE,False,CREDITED,Geno Smith,SmitGe00,00-0030565,STATHEAD_QB_STARTED_QUERY,Stage01 canonical reconciliation rank 349,STATHEAD_UNAMBIGUOUS_SINGLE_CANDIDATE,False,CREDITED,POSTGAME_ACTUAL_STARTER,ORACLE_STARTER_IDENTITY_ONLY,False
2024,8,REG,2024-10-27,2024_08_CAR_DEN,CAR,DEN,Bryce Young,YounBr01,00-0039150,STATHEAD_QB_STARTED_QUERY,Stage01 canonical reconciliation rank 354,STATHEAD_UNAMBIGUOUS_SINGLE_CANDIDATE,False,CREDITED,Bo Nix,NixxBo00,00-0039732,STATHEAD_QB_STARTED_QUERY,Stage01 canonical reconciliation rank 342,STATHEAD_UNAMBIGUOUS_SINGLE_CANDIDATE,False,CREDITED,POSTGAME_ACTUAL_STARTER,ORACLE_STARTER_IDENTITY_ONLY,False
2024,8,REG,2024-10-27,2024_08_CHI_WAS,CHI,WAS,Caleb Williams,WillCa03,00-0039918,STATHEAD_QB_STARTED_QUERY,Stage01 canonical reconciliation rank 352,STATHEAD_UNAMBIGUOUS_SINGLE_CANDIDATE,False,CREDITED,Jayden Daniels,DaniJa02,00-0039910,STATHEAD_QB_STARTED_QUERY,Stage01 canonical reconciliation rank 330,STATHEAD_UNAMBIGUOUS_SINGLE_CANDIDATE,False,CREDITED,POSTGAME_ACTUAL_STARTER,ORACLE_STARTER_IDENTITY_ONLY,False
2024,8,REG,2024-10-27,2024_08_DAL_SF,DAL,SF,Dak Prescott,PresDa01,00-0033077,STATHEAD_QB_STARTED_QUERY,Stage01 canonical reconciliation rank 343,STATHEAD_UNAMBIGUOUS_SINGLE_CANDIDATE,False,CREDITED,Brock Purdy,PurdBr00,00-0037834,STATHEAD_QB_STARTED_QUERY,Stage01 canonical reconciliation rank 344,STATHEAD_UNAMBIGUOUS_SINGLE_CANDIDATE,False,CREDITED,POSTGAME_ACTUAL_STARTER,ORACLE_STARTER_IDENTITY_ONLY,False
2024,8,REG,2024-10-27,2024_08_GB_JAX,GB,JAX,Jordan Love,LoveJo03,00-0036264,STATHEAD_QB_STARTED_QUERY,Stage01 canonical reconciliation rank 336,STATHEAD_UNAMBIGUOUS_SINGLE_CANDIDATE,False,CREDITED,Trevor Lawrence,LawrTr00,00-0036971,STATHEAD_QB_STARTED_QUERY,Stage01 canonical reconciliation rank 335,STATHEAD_UNAMBIGUOUS_SINGLE_CANDIDATE,False,CREDITED,POSTGAME_ACTUAL_STARTER,ORACLE_STARTER_IDENTITY_ONLY,False
2024,8,REG,2024-10-27,2024_08_IND_HOU,IND,HOU,Anthony Richardson,RichAn03,00-0039164,STATHEAD_QB_STARTED_QUERY,Stage01 canonical reconciliation rank 346,STATHEAD_UNAMBIGUOUS_SINGLE_CANDIDATE,False,CREDITED,C.J. Stroud,StroCJ00,00-0039163,STATHEAD_QB_STARTED_QUERY,Stage01 canonical reconciliation rank 350,STATHEAD_UNAMBIGUOUS_SINGLE_CANDIDATE,False,CREDITED,POSTGAME_ACTUAL_STARTER,ORACLE_STARTER_IDENTITY_ONLY,False
2024,8,REG,2024-10-27,2024_08_KC_LV,KC,LV,Patrick Mahomes,MahoPa00,00-0033873,STATHEAD_QB_STARTED_QUERY,Stage01 canonical reconciliation rank 337,STATHEAD_UNAMBIGUOUS_SINGLE_CANDIDATE,False,CREDITED,Gardner Minshew II,MinsGa00,00-0035289,STATHEAD_QB_STARTED_QUERY,Stage01 canonical reconciliation rank 340,STATHEAD_UNAMBIGUOUS_SINGLE_CANDIDATE,False,CREDITED,POSTGAME_ACTUAL_STARTER,ORACLE_STARTER_IDENTITY_ONLY,False
2024,8,REG,2024-10-24,2024_08_MIN_LA,MIN,LAR,Sam Darnold,DarnSa00,00-0034869,STATHEAD_QB_STARTED_QUERY,Stage01 canonical reconciliation rank 355,STATHEAD_UNAMBIGUOUS_SINGLE_CANDIDATE,False,CREDITED,Matthew Stafford,StafMa00,00-0026498,STATHEAD_QB_STARTED_QUERY,Stage01 canonical reconciliation rank 356,STATHEAD_UNAMBIGUOUS_SINGLE_CANDIDATE,False,CREDITED,POSTGAME_ACTUAL_STARTER,ORACLE_STARTER_IDENTITY_ONLY,False
2024,8,REG,2024-10-27,2024_08_NO_LAC,NO,LAC,Spencer Rattler,RattSp00,00-0039376,STATHEAD_QB_STARTED_QUERY,Stage01 canonical reconciliation rank 345,STATHEAD_UNAMBIGUOUS_SINGLE_CANDIDATE,False,CREDITED,Justin Herbert,HerbJu00,00-0036355,STATHEAD_QB_STARTED_QUERY,Stage01 canonical reconciliation rank 332,STATHEAD_UNAMBIGUOUS_SINGLE_CANDIDATE,False,CREDITED,POSTGAME_ACTUAL_STARTER,ORACLE_STARTER_IDENTITY_ONLY,False
2024,8,REG,2024-10-28,2024_08_NYG_PIT,NYG,PIT,Daniel Jones,JoneDa05,00-0035710,STATHEAD_QB_STARTED_QUERY,Stage01 canonical reconciliation rank 325,STATHEAD_UNAMBIGUOUS_SINGLE_CANDIDATE,False,CREDITED,Russell Wilson,WilsRu00,00-0029263,STATHEAD_QB_STARTED_QUERY,Stage01 canonical reconciliation rank 326,STATHEAD_UNAMBIGUOUS_SINGLE_CANDIDATE,False,CREDITED,POSTGAME_ACTUAL_STARTER,ORACLE_STARTER_IDENTITY_ONLY,False
2024,8,REG,2024-10-27,2024_08_NYJ_NE,NYJ,NE,Aaron Rodgers,RodgAa00,00-0023459,STATHEAD_QB_STARTED_QUERY,Stage01 canonical reconciliation rank 347,STATHEAD_UNAMBIGUOUS_SINGLE_CANDIDATE,False,CREDITED,Drake Maye,MayeDr00,00-0039851,STATHEAD_QB_STARTED_QUERY,Stage01 canonical reconciliation rank 338,STATHEAD_UNAMBIGUOUS_SINGLE_CANDIDATE,False,CREDITED,POSTGAME_ACTUAL_STARTER,ORACLE_STARTER_IDENTITY_ONLY,False
2024,8,REG,2024-10-27,2024_08_PHI_CIN,PHI,CIN,Jalen Hurts,HurtJa00,00-0036389,STATHEAD_QB_STARTED_QUERY,Stage01 canonical reconciliation rank 333,STATHEAD_UNAMBIGUOUS_SINGLE_CANDIDATE,False,CREDITED,Joe Burrow,BurrJo01,00-0036442,STATHEAD_QB_STARTED_QUERY,Stage01 canonical reconciliation rank 328,STATHEAD_UNAMBIGUOUS_SINGLE_CANDIDATE,False,CREDITED,POSTGAME_ACTUAL_STARTER,ORACLE_STARTER_IDENTITY_ONLY,False
2024,8,REG,2024-10-27,2024_08_TEN_DET,TEN,DET,Mason Rudolph,RudoMa00,00-0034771,STATHEAD_QB_STARTED_QUERY,Stage01 canonical reconciliation rank 348,STATHEAD_UNAMBIGUOUS_SINGLE_CANDIDATE,False,CREDITED,Jared Goff,GoffJa00,00-0033106,STATHEAD_QB_STARTED_QUERY,Stage01 canonical reconciliation rank 331,STATHEAD_UNAMBIGUOUS_SINGLE_CANDIDATE,False,CREDITED,POSTGAME_ACTUAL_STARTER,ORACLE_STARTER_IDENTITY_ONLY,False
2024,9,REG,2024-11-03,2024_09_CHI_ARI,CHI,ARI,Caleb Williams,WillCa03,00-0039918,STATHEAD_QB_STARTED_QUERY,Stage01 canonical reconciliation rank 320,STATHEAD_UNAMBIGUOUS_SINGLE_CANDIDATE,False,CREDITED,Kyler Murray,MurrKy00,00-0035228,STATHEAD_QB_STARTED_QUERY,Stage01 canonical reconciliation rank 313,STATHEAD_UNAMBIGUOUS_SINGLE_CANDIDATE,False,CREDITED,POSTGAME_ACTUAL_STARTER,ORACLE_STARTER_IDENTITY_ONLY,False
2024,9,REG,2024-11-03,2024_09_DAL_ATL,DAL,ATL,Dak Prescott,PresDa01,00-0033077,STATHEAD_QB_STARTED_QUERY,Stage01 canonical reconciliation rank 315,STATHEAD_UNAMBIGUOUS_SINGLE_CANDIDATE,False,CREDITED,Kirk Cousins,CousKi00,00-0029604,STATHEAD_QB_STARTED_QUERY,Stage01 canonical reconciliation rank 300,STATHEAD_UNAMBIGUOUS_SINGLE_CANDIDATE,False,CREDITED,POSTGAME_ACTUAL_STARTER,ORACLE_STARTER_IDENTITY_ONLY,False
2024,9,REG,2024-11-03,2024_09_DEN_BAL,DEN,BAL,Bo Nix,NixxBo00,00-0039732,STATHEAD_QB_STARTED_QUERY,Stage01 canonical reconciliation rank 314,STATHEAD_UNAMBIGUOUS_SINGLE_CANDIDATE,False,CREDITED,Lamar Jackson,JackLa00,00-0034796,STATHEAD_QB_STARTED_QUERY,Stage01 canonical reconciliation rank 307,STATHEAD_UNAMBIGUOUS_SINGLE_CANDIDATE,False,CREDITED,POSTGAME_ACTUAL_STARTER,ORACLE_STARTER_IDENTITY_ONLY,False
2024,9,REG,2024-11-03,2024_09_DET_GB,DET,GB,Jared Goff,GoffJa00,00-0033106,STATHEAD_QB_STARTED_QUERY,Stage01 canonical reconciliation rank 304,STATHEAD_UNAMBIGUOUS_SINGLE_CANDIDATE,False,CREDITED,Jordan Love,LoveJo03,00-0036264,STATHEAD_QB_STARTED_QUERY,Stage01 canonical reconciliation rank 310,STATHEAD_UNAMBIGUOUS_SINGLE_CANDIDATE,False,CREDITED,POSTGAME_ACTUAL_STARTER,ORACLE_STARTER_IDENTITY_ONLY,False
2024,9,REG,2024-10-31,2024_09_HOU_NYJ,HOU,NYJ,C.J. Stroud,StroCJ00,00-0039163,STATHEAD_QB_STARTED_QUERY,Stage01 canonical reconciliation rank 324,STATHEAD_UNAMBIGUOUS_SINGLE_CANDIDATE,False,CREDITED,Aaron Rodgers,RodgAa00,00-0023459,STATHEAD_QB_STARTED_QUERY,Stage01 canonical reconciliation rank 323,STATHEAD_UNAMBIGUOUS_SINGLE_CANDIDATE,False,CREDITED,POSTGAME_ACTUAL_STARTER,ORACLE_STARTER_IDENTITY_ONLY,False
2024,9,REG,2024-11-03,2024_09_IND_MIN,IND,MIN,Joe Flacco,FlacJo00,00-0026158,STATHEAD_QB_STARTED_QUERY,Stage01 canonical reconciliation rank 303,STATHEAD_UNAMBIGUOUS_SINGLE_CANDIDATE,False,CREDITED,Sam Darnold,DarnSa00,00-0034869,STATHEAD_QB_STARTED_QUERY,Stage01 canonical reconciliation rank 302,STATHEAD_UNAMBIGUOUS_SINGLE_CANDIDATE,False,CREDITED,POSTGAME_ACTUAL_STARTER,ORACLE_STARTER_IDENTITY_ONLY,False
2024,9,REG,2024-11-03,2024_09_JAX_PHI,JAX,PHI,Trevor Lawrence,LawrTr00,00-0036971,STATHEAD_QB_STARTED_QUERY,Stage01 canonical reconciliation rank 309,STATHEAD_UNAMBIGUOUS_SINGLE_CANDIDATE,False,CREDITED,Jalen Hurts,HurtJa00,00-0036389,STATHEAD_QB_STARTED_QUERY,Stage01 canonical reconciliation rank 306,STATHEAD_UNAMBIGUOUS_SINGLE_CANDIDATE,False,CREDITED,POSTGAME_ACTUAL_STARTER,ORACLE_STARTER_IDENTITY_ONLY,False
2024,9,REG,2024-11-03,2024_09_LAC_CLE,LAC,CLE,Justin Herbert,HerbJu00,00-0036355,STATHEAD_QB_STARTED_QUERY,Stage01 canonical reconciliation rank 305,STATHEAD_UNAMBIGUOUS_SINGLE_CANDIDATE,False,CREDITED,Jameis Winston,WinsJa00,00-0031503,STATHEAD_QB_STARTED_QUERY,Stage01 canonical reconciliation rank 321,STATHEAD_UNAMBIGUOUS_SINGLE_CANDIDATE,False,CREDITED,POSTGAME_ACTUAL_STARTER,ORACLE_STARTER_IDENTITY_ONLY,False
2024,9,REG,2024-11-03,2024_09_LA_SEA,LAR,SEA,Matthew Stafford,StafMa00,00-0026498,STATHEAD_QB_STARTED_QUERY,Stage01 canonical reconciliation rank 318,STATHEAD_UNAMBIGUOUS_SINGLE_CANDIDATE,False,CREDITED,Geno Smith,SmitGe00,00-0030565,STATHEAD_QB_STARTED_QUERY,Stage01 canonical reconciliation rank 317,STATHEAD_UNAMBIGUOUS_SINGLE_CANDIDATE,False,CREDITED,POSTGAME_ACTUAL_STARTER,ORACLE_STARTER_IDENTITY_ONLY,False
2024,9,REG,2024-11-03,2024_09_LV_CIN,LV,CIN,Gardner Minshew II,MinsGa00,00-0035289,STATHEAD_QB_STARTED_QUERY,Stage01 canonical reconciliation rank 312,STATHEAD_UNAMBIGUOUS_SINGLE_CANDIDATE,False,CREDITED,Joe Burrow,BurrJo01,00-0036442,STATHEAD_QB_STARTED_QUERY,Stage01 canonical reconciliation rank 298,STATHEAD_UNAMBIGUOUS_SINGLE_CANDIDATE,False,CREDITED,POSTGAME_ACTUAL_STARTER,ORACLE_STARTER_IDENTITY_ONLY,False
2024,9,REG,2024-11-03,2024_09_MIA_BUF,MIA,BUF,Tua Tagovailoa,TagoTu00,00-0036212,STATHEAD_QB_STARTED_QUERY,Stage01 canonical reconciliation rank 319,STATHEAD_UNAMBIGUOUS_SINGLE_CANDIDATE,False,CREDITED,Josh Allen,AlleJo02,00-0034857,STATHEAD_QB_STARTED_QUERY,Stage01 canonical reconciliation rank 297,STATHEAD_UNAMBIGUOUS_SINGLE_CANDIDATE,False,CREDITED,POSTGAME_ACTUAL_STARTER,ORACLE_STARTER_IDENTITY_ONLY,False
2024,9,REG,2024-11-03,2024_09_NE_TEN,NE,TEN,Drake Maye,MayeDr00,00-0039851,STATHEAD_QB_STARTED_QUERY,Stage01 canonical reconciliation rank 311,STATHEAD_UNAMBIGUOUS_SINGLE_CANDIDATE,False,CREDITED,Mason Rudolph,RudoMa00,00-0034771,STATHEAD_QB_STARTED_QUERY,Stage01 canonical reconciliation rank 316,STATHEAD_UNAMBIGUOUS_SINGLE_CANDIDATE,False,CREDITED,POSTGAME_ACTUAL_STARTER,ORACLE_STARTER_IDENTITY_ONLY,False
2024,9,REG,2024-11-03,2024_09_NO_CAR,NO,CAR,Derek Carr,CarrDe02,00-0031280,STATHEAD_QB_STARTED_QUERY,Stage01 canonical reconciliation rank 299,STATHEAD_UNAMBIGUOUS_SINGLE_CANDIDATE,False,CREDITED,Bryce Young,YounBr01,00-0039150,STATHEAD_QB_STARTED_QUERY,Stage01 canonical reconciliation rank 322,STATHEAD_UNAMBIGUOUS_SINGLE_CANDIDATE,False,CREDITED,POSTGAME_ACTUAL_STARTER,ORACLE_STARTER_IDENTITY_ONLY,False
2024,9,REG,2024-11-04,2024_09_TB_KC,TB,KC,Baker Mayfield,MayfBa00,00-0034855,STATHEAD_QB_STARTED_QUERY,Stage01 canonical reconciliation rank 296,STATHEAD_UNAMBIGUOUS_SINGLE_CANDIDATE,False,CREDITED,Patrick Mahomes,MahoPa00,00-0033873,STATHEAD_QB_STARTED_QUERY,Stage01 canonical reconciliation rank 295,STATHEAD_UNAMBIGUOUS_SINGLE_CANDIDATE,False,CREDITED,POSTGAME_ACTUAL_STARTER,ORACLE_STARTER_IDENTITY_ONLY,False
2024,9,REG,2024-11-03,2024_09_WAS_NYG,WAS,NYG,Jayden Daniels,DaniJa02,00-0039910,STATHEAD_QB_STARTED_QUERY,Stage01 canonical reconciliation rank 301,STATHEAD_UNAMBIGUOUS_SINGLE_CANDIDATE,False,CREDITED,Daniel Jones,JoneDa05,00-0035710,STATHEAD_QB_STARTED_QUERY,Stage01 canonical reconciliation rank 308,STATHEAD_UNAMBIGUOUS_SINGLE_CANDIDATE,False,CREDITED,POSTGAME_ACTUAL_STARTER,ORACLE_STARTER_IDENTITY_ONLY,False
2024,10,REG,2024-11-10,2024_10_ATL_NO,ATL,NO,Kirk Cousins,CousKi00,00-0029604,STATHEAD_QB_STARTED_QUERY,Stage01 canonical reconciliation rank 271,STATHEAD_UNAMBIGUOUS_SINGLE_CANDIDATE,False,CREDITED,Derek Carr,CarrDe02,00-0031280,STATHEAD_QB_STARTED_QUERY,Stage01 canonical reconciliation rank 270,STATHEAD_UNAMBIGUOUS_SINGLE_CANDIDATE,False,CREDITED,POSTGAME_ACTUAL_STARTER,ORACLE_STARTER_IDENTITY_ONLY,False
2024,10,REG,2024-11-10,2024_10_BUF_IND,BUF,IND,Josh Allen,AlleJo02,00-0034857,STATHEAD_QB_STARTED_QUERY,Stage01 canonical reconciliation rank 269,STATHEAD_UNAMBIGUOUS_SINGLE_CANDIDATE,False,CREDITED,Joe Flacco,FlacJo00,00-0026158,STATHEAD_QB_STARTED_QUERY,Stage01 canonical reconciliation rank 274,STATHEAD_UNAMBIGUOUS_SINGLE_CANDIDATE,False,CREDITED,POSTGAME_ACTUAL_STARTER,ORACLE_STARTER_IDENTITY_ONLY,False
2024,10,REG,2024-11-07,2024_10_CIN_BAL,CIN,BAL,Joe Burrow,BurrJo01,00-0036442,STATHEAD_QB_STARTED_QUERY,Stage01 canonical reconciliation rank 293,STATHEAD_UNAMBIGUOUS_SINGLE_CANDIDATE,False,CREDITED,Lamar Jackson,JackLa00,00-0034796,STATHEAD_QB_STARTED_QUERY,Stage01 canonical reconciliation rank 294,STATHEAD_UNAMBIGUOUS_SINGLE_CANDIDATE,False,CREDITED,POSTGAME_ACTUAL_STARTER,ORACLE_STARTER_IDENTITY_ONLY,False
2024,10,REG,2024-11-10,2024_10_DEN_KC,DEN,KC,Bo Nix,NixxBo00,00-0039732,STATHEAD_QB_STARTED_QUERY,Stage01 canonical reconciliation rank 285,STATHEAD_UNAMBIGUOUS_SINGLE_CANDIDATE,False,CREDITED,Patrick Mahomes,MahoPa00,00-0033873,STATHEAD_QB_STARTED_QUERY,Stage01 canonical reconciliation rank 281,STATHEAD_UNAMBIGUOUS_SINGLE_CANDIDATE,False,CREDITED,POSTGAME_ACTUAL_STARTER,ORACLE_STARTER_IDENTITY_ONLY,False
2024,10,REG,2024-11-10,2024_10_DET_HOU,DET,HOU,Jared Goff,GoffJa00,00-0033106,STATHEAD_QB_STARTED_QUERY,Stage01 canonical reconciliation rank 275,STATHEAD_UNAMBIGUOUS_SINGLE_CANDIDATE,False,CREDITED,C.J. Stroud,StroCJ00,00-0039163,STATHEAD_QB_STARTED_QUERY,Stage01 canonical reconciliation rank 289,STATHEAD_UNAMBIGUOUS_SINGLE_CANDIDATE,False,CREDITED,POSTGAME_ACTUAL_STARTER,ORACLE_STARTER_IDENTITY_ONLY,False
2024,10,REG,2024-11-11,2024_10_MIA_LA,MIA,LAR,Tua Tagovailoa,TagoTu00,00-0036212,STATHEAD_QB_STARTED_QUERY,Stage01 canonical reconciliation rank 268,STATHEAD_UNAMBIGUOUS_SINGLE_CANDIDATE,False,CREDITED,Matthew Stafford,StafMa00,00-0026498,STATHEAD_QB_STARTED_QUERY,Stage01 canonical reconciliation rank 267,STATHEAD_UNAMBIGUOUS_SINGLE_CANDIDATE,False,CREDITED,POSTGAME_ACTUAL_STARTER,ORACLE_STARTER_IDENTITY_ONLY,False
2024,10,REG,2024-11-10,2024_10_MIN_JAX,MIN,JAX,Sam Darnold,DarnSa00,00-0034869,STATHEAD_QB_STARTED_QUERY,Stage01 canonical reconciliation rank 273,STATHEAD_UNAMBIGUOUS_SINGLE_CANDIDATE,False,CREDITED,Mac Jones,JoneMa05,00-0036972,STATHEAD_QB_STARTED_QUERY,Stage01 canonical reconciliation rank 279,STATHEAD_UNAMBIGUOUS_SINGLE_CANDIDATE,False,CREDITED,POSTGAME_ACTUAL_STARTER,ORACLE_STARTER_IDENTITY_ONLY,False
2024,10,REG,2024-11-10,2024_10_NE_CHI,NE,CHI,Drake Maye,MayeDr00,00-0039851,STATHEAD_QB_STARTED_QUERY,Stage01 canonical reconciliation rank 282,STATHEAD_UNAMBIGUOUS_SINGLE_CANDIDATE,False,CREDITED,Caleb Williams,WillCa03,00-0039918,STATHEAD_QB_STARTED_QUERY,Stage01 canonical reconciliation rank 290,STATHEAD_UNAMBIGUOUS_SINGLE_CANDIDATE,False,CREDITED,POSTGAME_ACTUAL_STARTER,ORACLE_STARTER_IDENTITY_ONLY,False
2024,10,REG,2024-11-10,2024_10_NYG_CAR,NYG,CAR,Daniel Jones,JoneDa05,00-0035710,STATHEAD_QB_STARTED_QUERY,Stage01 canonical reconciliation rank 278,STATHEAD_UNAMBIGUOUS_SINGLE_CANDIDATE,False,CREDITED,Bryce Young,YounBr01,00-0039150,STATHEAD_QB_STARTED_QUERY,Stage01 canonical reconciliation rank 292,STATHEAD_UNAMBIGUOUS_SINGLE_CANDIDATE,False,CREDITED,POSTGAME_ACTUAL_STARTER,ORACLE_STARTER_IDENTITY_ONLY,False
2024,10,REG,2024-11-10,2024_10_NYJ_ARI,NYJ,ARI,Aaron Rodgers,RodgAa00,00-0023459,STATHEAD_QB_STARTED_QUERY,Stage01 canonical reconciliation rank 287,STATHEAD_UNAMBIGUOUS_SINGLE_CANDIDATE,False,CREDITED,Kyler Murray,MurrKy00,00-0035228,STATHEAD_QB_STARTED_QUERY,Stage01 canonical reconciliation rank 284,STATHEAD_UNAMBIGUOUS_SINGLE_CANDIDATE,False,CREDITED,POSTGAME_ACTUAL_STARTER,ORACLE_STARTER_IDENTITY_ONLY,False
2024,10,REG,2024-11-10,2024_10_PHI_DAL,PHI,DAL,Jalen Hurts,HurtJa00,00-0036389,STATHEAD_QB_STARTED_QUERY,Stage01 canonical reconciliation rank 277,STATHEAD_UNAMBIGUOUS_SINGLE_CANDIDATE,False,CREDITED,Cooper Rush,RushCo00,00-0033662,STATHEAD_QB_STARTED_QUERY,Stage01 canonical reconciliation rank 288,STATHEAD_UNAMBIGUOUS_SINGLE_CANDIDATE,False,CREDITED,POSTGAME_ACTUAL_STARTER,ORACLE_STARTER_IDENTITY_ONLY,False
2024,10,REG,2024-11-10,2024_10_PIT_WAS,PIT,WAS,Russell Wilson,WilsRu00,00-0029263,STATHEAD_QB_STARTED_QUERY,Stage01 canonical reconciliation rank 291,STATHEAD_UNAMBIGUOUS_SINGLE_CANDIDATE,False,CREDITED,Jayden Daniels,DaniJa02,00-0039910,STATHEAD_QB_STARTED_QUERY,Stage01 canonical reconciliation rank 272,STATHEAD_UNAMBIGUOUS_SINGLE_CANDIDATE,False,CREDITED,POSTGAME_ACTUAL_STARTER,ORACLE_STARTER_IDENTITY_ONLY,False
2024,10,REG,2024-11-10,2024_10_SF_TB,SF,TB,Brock Purdy,PurdBr00,00-0037834,STATHEAD_QB_STARTED_QUERY,Stage01 canonical reconciliation rank 286,STATHEAD_UNAMBIGUOUS_SINGLE_CANDIDATE,False,CREDITED,Baker Mayfield,MayfBa00,00-0034855,STATHEAD_QB_STARTED_QUERY,Stage01 canonical reconciliation rank 283,STATHEAD_UNAMBIGUOUS_SINGLE_CANDIDATE,False,CREDITED,POSTGAME_ACTUAL_STARTER,ORACLE_STARTER_IDENTITY_ONLY,False
2024,10,REG,2024-11-10,2024_10_TEN_LAC,TEN,LAC,Will Levis,LeviWi00,00-0039152,STATHEAD_QB_STARTED_QUERY,Stage01 canonical reconciliation rank 280,STATHEAD_UNAMBIGUOUS_SINGLE_CANDIDATE,False,CREDITED,Justin Herbert,HerbJu00,00-0036355,STATHEAD_QB_STARTED_QUERY,Stage01 canonical reconciliation rank 276,STATHEAD_UNAMBIGUOUS_SINGLE_CANDIDATE,False,CREDITED,POSTGAME_ACTUAL_STARTER,ORACLE_STARTER_IDENTITY_ONLY,False
2024,11,REG,2024-11-17,2024_11_ATL_DEN,ATL,DEN,Kirk Cousins,CousKi00,00-0029604,STATHEAD_QB_STARTED_QUERY,Stage01 canonical reconciliation rank 244,STATHEAD_UNAMBIGUOUS_SINGLE_CANDIDATE,False,CREDITED,Bo Nix,NixxBo00,00-0039732,STATHEAD_QB_STARTED_QUERY,Stage01 canonical reconciliation rank 255,STATHEAD_UNAMBIGUOUS_SINGLE_CANDIDATE,False,CREDITED,POSTGAME_ACTUAL_STARTER,ORACLE_STARTER_IDENTITY_ONLY,False
2024,11,REG,2024-11-17,2024_11_BAL_PIT,BAL,PIT,Lamar Jackson,JackLa00,00-0034796,STATHEAD_QB_STARTED_QUERY,Stage01 canonical reconciliation rank 248,STATHEAD_UNAMBIGUOUS_SINGLE_CANDIDATE,False,CREDITED,Russell Wilson,WilsRu00,00-0029263,STATHEAD_QB_STARTED_QUERY,Stage01 canonical reconciliation rank 263,STATHEAD_UNAMBIGUOUS_SINGLE_CANDIDATE,False,CREDITED,POSTGAME_ACTUAL_STARTER,ORACLE_STARTER_IDENTITY_ONLY,False
2024,11,REG,2024-11-17,2024_11_CIN_LAC,CIN,LAC,Joe Burrow,BurrJo01,00-0036442,STATHEAD_QB_STARTED_QUERY,Stage01 canonical reconciliation rank 242,STATHEAD_UNAMBIGUOUS_SINGLE_CANDIDATE,False,CREDITED,Justin Herbert,HerbJu00,00-0036355,STATHEAD_QB_STARTED_QUERY,Stage01 canonical reconciliation rank 247,STATHEAD_UNAMBIGUOUS_SINGLE_CANDIDATE,False,CREDITED,POSTGAME_ACTUAL_STARTER,ORACLE_STARTER_IDENTITY_ONLY,False
2024,11,REG,2024-11-17,2024_11_CLE_NO,CLE,NO,Jameis Winston,WinsJa00,00-0031503,STATHEAD_QB_STARTED_QUERY,Stage01 canonical reconciliation rank 264,STATHEAD_UNAMBIGUOUS_SINGLE_CANDIDATE,False,CREDITED,Derek Carr,CarrDe02,00-0031280,STATHEAD_QB_STARTED_QUERY,Stage01 canonical reconciliation rank 243,STATHEAD_UNAMBIGUOUS_SINGLE_CANDIDATE,False,CREDITED,POSTGAME_ACTUAL_STARTER,ORACLE_STARTER_IDENTITY_ONLY,False
2024,11,REG,2024-11-17,2024_11_GB_CHI,GB,CHI,Jordan Love,LoveJo03,00-0036264,STATHEAD_QB_STARTED_QUERY,Stage01 canonical reconciliation rank 251,STATHEAD_UNAMBIGUOUS_SINGLE_CANDIDATE,False,CREDITED,Caleb Williams,WillCa03,00-0039918,STATHEAD_QB_STARTED_QUERY,Stage01 canonical reconciliation rank 262,STATHEAD_UNAMBIGUOUS_SINGLE_CANDIDATE,False,CREDITED,POSTGAME_ACTUAL_STARTER,ORACLE_STARTER_IDENTITY_ONLY,False
2024,11,REG,2024-11-18,2024_11_HOU_DAL,HOU,DAL,C.J. Stroud,StroCJ00,00-0039163,STATHEAD_QB_STARTED_QUERY,Stage01 canonical reconciliation rank 240,STATHEAD_UNAMBIGUOUS_SINGLE_CANDIDATE,False,CREDITED,Cooper Rush,RushCo00,00-0033662,STATHEAD_QB_STARTED_QUERY,Stage01 canonical reconciliation rank 239,STATHEAD_UNAMBIGUOUS_SINGLE_CANDIDATE,False,CREDITED,POSTGAME_ACTUAL_STARTER,ORACLE_STARTER_IDENTITY_ONLY,False
2024,11,REG,2024-11-17,2024_11_IND_NYJ,IND,NYJ,Anthony Richardson,RichAn03,00-0039164,STATHEAD_QB_STARTED_QUERY,Stage01 canonical reconciliation rank 257,STATHEAD_UNAMBIGUOUS_SINGLE_CANDIDATE,False,CREDITED,Aaron Rodgers,RodgAa00,00-0023459,STATHEAD_QB_STARTED_QUERY,Stage01 canonical reconciliation rank 258,STATHEAD_UNAMBIGUOUS_SINGLE_CANDIDATE,False,CREDITED,POSTGAME_ACTUAL_STARTER,ORACLE_STARTER_IDENTITY_ONLY,False
2024,11,REG,2024-11-17,2024_11_JAX_DET,JAX,DET,Mac Jones,JoneMa05,00-0036972,STATHEAD_QB_STARTED_QUERY,Stage01 canonical reconciliation rank 249,STATHEAD_UNAMBIGUOUS_SINGLE_CANDIDATE,False,CREDITED,Jared Goff,GoffJa00,00-0033106,STATHEAD_QB_STARTED_QUERY,Stage01 canonical reconciliation rank 246,STATHEAD_UNAMBIGUOUS_SINGLE_CANDIDATE,False,CREDITED,POSTGAME_ACTUAL_STARTER,ORACLE_STARTER_IDENTITY_ONLY,False
2024,11,REG,2024-11-17,2024_11_KC_BUF,KC,BUF,Patrick Mahomes,MahoPa00,00-0033873,STATHEAD_QB_STARTED_QUERY,Stage01 canonical reconciliation rank 252,STATHEAD_UNAMBIGUOUS_SINGLE_CANDIDATE,False,CREDITED,Josh Allen,AlleJo02,00-0034857,STATHEAD_QB_STARTED_QUERY,Stage01 canonical reconciliation rank 241,STATHEAD_UNAMBIGUOUS_SINGLE_CANDIDATE,False,CREDITED,POSTGAME_ACTUAL_STARTER,ORACLE_STARTER_IDENTITY_ONLY,False
2024,11,REG,2024-11-17,2024_11_LA_NE,LAR,NE,Matthew Stafford,StafMa00,00-0026498,STATHEAD_QB_STARTED_QUERY,Stage01 canonical reconciliation rank 260,STATHEAD_UNAMBIGUOUS_SINGLE_CANDIDATE,False,CREDITED,Drake Maye,MayeDr00,00-0039851,STATHEAD_QB_STARTED_QUERY,Stage01 canonical reconciliation rank 253,STATHEAD_UNAMBIGUOUS_SINGLE_CANDIDATE,False,CREDITED,POSTGAME_ACTUAL_STARTER,ORACLE_STARTER_IDENTITY_ONLY,False
2024,11,REG,2024-11-17,2024_11_LV_MIA,LV,MIA,Gardner Minshew II,MinsGa00,00-0035289,STATHEAD_QB_STARTED_QUERY,Stage01 canonical reconciliation rank 254,STATHEAD_UNAMBIGUOUS_SINGLE_CANDIDATE,False,CREDITED,Tua Tagovailoa,TagoTu00,00-0036212,STATHEAD_QB_STARTED_QUERY,Stage01 canonical reconciliation rank 261,STATHEAD_UNAMBIGUOUS_SINGLE_CANDIDATE,False,CREDITED,POSTGAME_ACTUAL_STARTER,ORACLE_STARTER_IDENTITY_ONLY,False
2024,11,REG,2024-11-17,2024_11_MIN_TEN,MIN,TEN,Sam Darnold,DarnSa00,00-0034869,STATHEAD_QB_STARTED_QUERY,Stage01 canonical reconciliation rank 245,STATHEAD_UNAMBIGUOUS_SINGLE_CANDIDATE,False,CREDITED,Will Levis,LeviWi00,00-0039152,STATHEAD_QB_STARTED_QUERY,Stage01 canonical reconciliation rank 250,STATHEAD_UNAMBIGUOUS_SINGLE_CANDIDATE,False,CREDITED,POSTGAME_ACTUAL_STARTER,ORACLE_STARTER_IDENTITY_ONLY,False
2024,11,REG,2024-11-17,2024_11_SEA_SF,SEA,SF,Geno Smith,SmitGe00,00-0030565,STATHEAD_QB_STARTED_QUERY,Stage01 canonical reconciliation rank 259,STATHEAD_UNAMBIGUOUS_SINGLE_CANDIDATE,False,CREDITED,Brock Purdy,PurdBr00,00-0037834,STATHEAD_QB_STARTED_QUERY,Stage01 canonical reconciliation rank 256,STATHEAD_UNAMBIGUOUS_SINGLE_CANDIDATE,False,CREDITED,POSTGAME_ACTUAL_STARTER,ORACLE_STARTER_IDENTITY_ONLY,False
2024,11,REG,2024-11-14,2024_11_WAS_PHI,WAS,PHI,Jayden Daniels,DaniJa02,00-0039910,STATHEAD_QB_STARTED_QUERY,Stage01 canonical reconciliation rank 265,STATHEAD_UNAMBIGUOUS_SINGLE_CANDIDATE,False,CREDITED,Jalen Hurts,HurtJa00,00-0036389,STATHEAD_QB_STARTED_QUERY,Stage01 canonical reconciliation rank 266,STATHEAD_UNAMBIGUOUS_SINGLE_CANDIDATE,False,CREDITED,POSTGAME_ACTUAL_STARTER,ORACLE_STARTER_IDENTITY_ONLY,False
2024,12,REG,2024-11-24,2024_12_ARI_SEA,ARI,SEA,Kyler Murray,MurrKy00,00-0035228,STATHEAD_QB_STARTED_QUERY,Stage01 canonical reconciliation rank 227,STATHEAD_UNAMBIGUOUS_SINGLE_CANDIDATE,False,CREDITED,Geno Smith,SmitGe00,00-0030565,STATHEAD_QB_STARTED_QUERY,Stage01 canonical reconciliation rank 231,STATHEAD_UNAMBIGUOUS_SINGLE_CANDIDATE,False,CREDITED,POSTGAME_ACTUAL_STARTER,ORACLE_STARTER_IDENTITY_ONLY,False
2024,12,REG,2024-11-25,2024_12_BAL_LAC,BAL,LAC,Lamar Jackson,JackLa00,00-0034796,STATHEAD_QB_STARTED_QUERY,Stage01 canonical reconciliation rank 214,STATHEAD_UNAMBIGUOUS_SINGLE_CANDIDATE,False,CREDITED,Justin Herbert,HerbJu00,00-0036355,STATHEAD_QB_STARTED_QUERY,Stage01 canonical reconciliation rank 213,STATHEAD_UNAMBIGUOUS_SINGLE_CANDIDATE,False,CREDITED,POSTGAME_ACTUAL_STARTER,ORACLE_STARTER_IDENTITY_ONLY,False
2024,12,REG,2024-11-24,2024_12_DAL_WAS,DAL,WAS,Cooper Rush,RushCo00,00-0033662,STATHEAD_QB_STARTED_QUERY,Stage01 canonical reconciliation rank 230,STATHEAD_UNAMBIGUOUS_SINGLE_CANDIDATE,False,CREDITED,Jayden Daniels,DaniJa02,00-0039910,STATHEAD_QB_STARTED_QUERY,Stage01 canonical reconciliation rank 216,STATHEAD_UNAMBIGUOUS_SINGLE_CANDIDATE,False,CREDITED,POSTGAME_ACTUAL_STARTER,ORACLE_STARTER_IDENTITY_ONLY,False
2024,12,REG,2024-11-24,2024_12_DEN_LV,DEN,LV,Bo Nix,NixxBo00,00-0039732,STATHEAD_QB_STARTED_QUERY,Stage01 canonical reconciliation rank 228,STATHEAD_UNAMBIGUOUS_SINGLE_CANDIDATE,False,CREDITED,Gardner Minshew II,MinsGa00,00-0035289,STATHEAD_QB_STARTED_QUERY,Stage01 canonical reconciliation rank 226,STATHEAD_UNAMBIGUOUS_SINGLE_CANDIDATE,False,CREDITED,POSTGAME_ACTUAL_STARTER,ORACLE_STARTER_IDENTITY_ONLY,False
2024,12,REG,2024-11-24,2024_12_DET_IND,DET,IND,Jared Goff,GoffJa00,00-0033106,STATHEAD_QB_STARTED_QUERY,Stage01 canonical reconciliation rank 219,STATHEAD_UNAMBIGUOUS_SINGLE_CANDIDATE,False,CREDITED,Anthony Richardson,RichAn03,00-0039164,STATHEAD_QB_STARTED_QUERY,Stage01 canonical reconciliation rank 229,STATHEAD_UNAMBIGUOUS_SINGLE_CANDIDATE,False,CREDITED,POSTGAME_ACTUAL_STARTER,ORACLE_STARTER_IDENTITY_ONLY,False
2024,12,REG,2024-11-24,2024_12_KC_CAR,KC,CAR,Patrick Mahomes,MahoPa00,00-0033873,STATHEAD_QB_STARTED_QUERY,Stage01 canonical reconciliation rank 223,STATHEAD_UNAMBIGUOUS_SINGLE_CANDIDATE,False,CREDITED,Bryce Young,YounBr01,00-0039150,STATHEAD_QB_STARTED_QUERY,Stage01 canonical reconciliation rank 236,STATHEAD_UNAMBIGUOUS_SINGLE_CANDIDATE,False,CREDITED,POSTGAME_ACTUAL_STARTER,ORACLE_STARTER_IDENTITY_ONLY,False
2024,12,REG,2024-11-24,2024_12_MIN_CHI,MIN,CHI,Sam Darnold,DarnSa00,00-0034869,STATHEAD_QB_STARTED_QUERY,Stage01 canonical reconciliation rank 217,STATHEAD_UNAMBIGUOUS_SINGLE_CANDIDATE,False,CREDITED,Caleb Williams,WillCa03,00-0039918,STATHEAD_QB_STARTED_QUERY,Stage01 canonical reconciliation rank 235,STATHEAD_UNAMBIGUOUS_SINGLE_CANDIDATE,False,CREDITED,POSTGAME_ACTUAL_STARTER,ORACLE_STARTER_IDENTITY_ONLY,False
2024,12,REG,2024-11-24,2024_12_NE_MIA,NE,MIA,Drake Maye,MayeDr00,00-0039851,STATHEAD_QB_STARTED_QUERY,Stage01 canonical reconciliation rank 224,STATHEAD_UNAMBIGUOUS_SINGLE_CANDIDATE,False,CREDITED,Tua Tagovailoa,TagoTu00,00-0036212,STATHEAD_QB_STARTED_QUERY,Stage01 canonical reconciliation rank 234,STATHEAD_UNAMBIGUOUS_SINGLE_CANDIDATE,False,CREDITED,POSTGAME_ACTUAL_STARTER,ORACLE_STARTER_IDENTITY_ONLY,False
2024,12,REG,2024-11-24,2024_12_PHI_LA,PHI,LAR,Jalen Hurts,HurtJa00,00-0036389,STATHEAD_QB_STARTED_QUERY,Stage01 canonical reconciliation rank 220,STATHEAD_UNAMBIGUOUS_SINGLE_CANDIDATE,False,CREDITED,Matthew Stafford,StafMa00,00-0026498,STATHEAD_QB_STARTED_QUERY,Stage01 canonical reconciliation rank 232,STATHEAD_UNAMBIGUOUS_SINGLE_CANDIDATE,False,CREDITED,POSTGAME_ACTUAL_STARTER,ORACLE_STARTER_IDENTITY_ONLY,False
2024,12,REG,2024-11-21,2024_12_PIT_CLE,PIT,CLE,Russell Wilson,WilsRu00,00-0029263,STATHEAD_QB_STARTED_QUERY,Stage01 canonical reconciliation rank 237,STATHEAD_UNAMBIGUOUS_SINGLE_CANDIDATE,False,CREDITED,Jameis Winston,WinsJa00,00-0031503,STATHEAD_QB_STARTED_QUERY,Stage01 canonical reconciliation rank 238,STATHEAD_UNAMBIGUOUS_SINGLE_CANDIDATE,False,CREDITED,POSTGAME_ACTUAL_STARTER,ORACLE_STARTER_IDENTITY_ONLY,False
2024,12,REG,2024-11-24,2024_12_SF_GB,SF,GB,Brandon Allen,AlleBr00,00-0032434,STATHEAD_QB_STARTED_QUERY,Stage01 canonical reconciliation rank 215,STATHEAD_UNAMBIGUOUS_SINGLE_CANDIDATE,False,CREDITED,Jordan Love,LoveJo03,00-0036264,STATHEAD_QB_STARTED_QUERY,Stage01 canonical reconciliation rank 222,STATHEAD_UNAMBIGUOUS_SINGLE_CANDIDATE,False,CREDITED,POSTGAME_ACTUAL_STARTER,ORACLE_STARTER_IDENTITY_ONLY,False
2024,12,REG,2024-11-24,2024_12_TB_NYG,TB,NYG,Baker Mayfield,MayfBa00,00-0034855,STATHEAD_QB_STARTED_QUERY,Stage01 canonical reconciliation rank 225,STATHEAD_UNAMBIGUOUS_SINGLE_CANDIDATE,False,CREDITED,Tommy DeVito,DeViTo00,00-0038476,STATHEAD_QB_STARTED_QUERY,Stage01 canonical reconciliation rank 218,STATHEAD_UNAMBIGUOUS_SINGLE_CANDIDATE,False,CREDITED,POSTGAME_ACTUAL_STARTER,ORACLE_STARTER_IDENTITY_ONLY,False
2024,12,REG,2024-11-24,2024_12_TEN_HOU,TEN,HOU,Will Levis,LeviWi00,00-0039152,STATHEAD_QB_STARTED_QUERY,Stage01 canonical reconciliation rank 221,STATHEAD_UNAMBIGUOUS_SINGLE_CANDIDATE,False,CREDITED,C.J. Stroud,StroCJ00,00-0039163,STATHEAD_QB_STARTED_QUERY,Stage01 canonical reconciliation rank 233,STATHEAD_UNAMBIGUOUS_SINGLE_CANDIDATE,False,CREDITED,POSTGAME_ACTUAL_STARTER,ORACLE_STARTER_IDENTITY_ONLY,False
2024,13,REG,2024-12-01,2024_13_ARI_MIN,ARI,MIN,Kyler Murray,MurrKy00,00-0035228,STATHEAD_QB_STARTED_QUERY,Stage01 canonical reconciliation rank 196,STATHEAD_UNAMBIGUOUS_SINGLE_CANDIDATE,False,CREDITED,Sam Darnold,DarnSa00,00-0034869,STATHEAD_QB_STARTED_QUERY,Stage01 canonical reconciliation rank 188,STATHEAD_UNAMBIGUOUS_SINGLE_CANDIDATE,False,CREDITED,POSTGAME_ACTUAL_STARTER,ORACLE_STARTER_IDENTITY_ONLY,False
2024,13,REG,2024-11-28,2024_13_CHI_DET,CHI,DET,Caleb Williams,WillCa03,00-0039918,STATHEAD_QB_STARTED_QUERY,Stage01 canonical reconciliation rank 212,STATHEAD_UNAMBIGUOUS_SINGLE_CANDIDATE,False,CREDITED,Jared Goff,GoffJa00,00-0033106,STATHEAD_QB_STARTED_QUERY,Stage01 canonical reconciliation rank 207,STATHEAD_UNAMBIGUOUS_SINGLE_CANDIDATE,False,CREDITED,POSTGAME_ACTUAL_STARTER,ORACLE_STARTER_IDENTITY_ONLY,False
2024,13,REG,2024-12-02,2024_13_CLE_DEN,CLE,DEN,Jameis Winston,WinsJa00,00-0031503,STATHEAD_QB_STARTED_QUERY,Stage01 canonical reconciliation rank 182,STATHEAD_UNAMBIGUOUS_SINGLE_CANDIDATE,False,CREDITED,Bo Nix,NixxBo00,00-0039732,STATHEAD_QB_STARTED_QUERY,Stage01 canonical reconciliation rank 181,STATHEAD_UNAMBIGUOUS_SINGLE_CANDIDATE,False,CREDITED,POSTGAME_ACTUAL_STARTER,ORACLE_STARTER_IDENTITY_ONLY,False
2024,13,REG,2024-12-01,2024_13_HOU_JAX,HOU,JAX,C.J. Stroud,StroCJ00,00-0039163,STATHEAD_QB_STARTED_QUERY,Stage01 canonical reconciliation rank 202,STATHEAD_UNAMBIGUOUS_SINGLE_CANDIDATE,False,CREDITED,Trevor Lawrence,LawrTr00,00-0036971,STATHEAD_QB_STARTED_QUERY,Stage01 canonical reconciliation rank 192,STATHEAD_UNAMBIGUOUS_SINGLE_CANDIDATE,False,CREDITED,POSTGAME_ACTUAL_STARTER,ORACLE_STARTER_IDENTITY_ONLY,False
2024,13,REG,2024-12-01,2024_13_IND_NE,IND,NE,Anthony Richardson,RichAn03,00-0039164,STATHEAD_QB_STARTED_QUERY,Stage01 canonical reconciliation rank 198,STATHEAD_UNAMBIGUOUS_SINGLE_CANDIDATE,False,CREDITED,Drake Maye,MayeDr00,00-0039851,STATHEAD_QB_STARTED_QUERY,Stage01 canonical reconciliation rank 194,STATHEAD_UNAMBIGUOUS_SINGLE_CANDIDATE,False,CREDITED,POSTGAME_ACTUAL_STARTER,ORACLE_STARTER_IDENTITY_ONLY,False
2024,13,REG,2024-12-01,2024_13_LAC_ATL,LAC,ATL,Justin Herbert,HerbJu00,00-0036355,STATHEAD_QB_STARTED_QUERY,Stage01 canonical reconciliation rank 189,STATHEAD_UNAMBIGUOUS_SINGLE_CANDIDATE,False,CREDITED,Kirk Cousins,CousKi00,00-0029604,STATHEAD_QB_STARTED_QUERY,Stage01 canonical reconciliation rank 186,STATHEAD_UNAMBIGUOUS_SINGLE_CANDIDATE,False,CREDITED,POSTGAME_ACTUAL_STARTER,ORACLE_STARTER_IDENTITY_ONLY,False
2024,13,REG,2024-12-01,2024_13_LA_NO,LAR,NO,Matthew Stafford,StafMa00,00-0026498,STATHEAD_QB_STARTED_QUERY,Stage01 canonical reconciliation rank 201,STATHEAD_UNAMBIGUOUS_SINGLE_CANDIDATE,False,CREDITED,Derek Carr,CarrDe02,00-0031280,STATHEAD_QB_STARTED_QUERY,Stage01 canonical reconciliation rank 185,STATHEAD_UNAMBIGUOUS_SINGLE_CANDIDATE,False,CREDITED,POSTGAME_ACTUAL_STARTER,ORACLE_STARTER_IDENTITY_ONLY,False
2024,13,REG,2024-11-29,2024_13_LV_KC,LV,KC,Aidan O'Connell,OConAi00,00-0038579,STATHEAD_QB_STARTED_QUERY,Stage01 canonical reconciliation rank 206,STATHEAD_UNAMBIGUOUS_SINGLE_CANDIDATE,False,CREDITED,Patrick Mahomes,MahoPa00,00-0033873,STATHEAD_QB_STARTED_QUERY,Stage01 canonical reconciliation rank 205,STATHEAD_UNAMBIGUOUS_SINGLE_CANDIDATE,False,CREDITED,POSTGAME_ACTUAL_STARTER,ORACLE_STARTER_IDENTITY_ONLY,False
2024,13,REG,2024-11-28,2024_13_MIA_GB,MIA,GB,Tua Tagovailoa,TagoTu00,00-0036212,STATHEAD_QB_STARTED_QUERY,Stage01 canonical reconciliation rank 211,STATHEAD_UNAMBIGUOUS_SINGLE_CANDIDATE,False,CREDITED,Jordan Love,LoveJo03,00-0036264,STATHEAD_QB_STARTED_QUERY,Stage01 canonical reconciliation rank 209,STATHEAD_UNAMBIGUOUS_SINGLE_CANDIDATE,False,CREDITED,POSTGAME_ACTUAL_STARTER,ORACLE_STARTER_IDENTITY_ONLY,False
2024,13,REG,2024-11-28,2024_13_NYG_DAL,NYG,DAL,Drew Lock,LockDr00,00-0035704,STATHEAD_QB_STARTED_QUERY,Stage01 canonical reconciliation rank 208,STATHEAD_UNAMBIGUOUS_SINGLE_CANDIDATE,False,CREDITED,Cooper Rush,RushCo00,00-0033662,STATHEAD_QB_STARTED_QUERY,Stage01 canonical reconciliation rank 210,STATHEAD_UNAMBIGUOUS_SINGLE_CANDIDATE,False,CREDITED,POSTGAME_ACTUAL_STARTER,ORACLE_STARTER_IDENTITY_ONLY,False
2024,13,REG,2024-12-01,2024_13_PHI_BAL,PHI,BAL,Jalen Hurts,HurtJa00,00-0036389,STATHEAD_QB_STARTED_QUERY,Stage01 canonical reconciliation rank 190,STATHEAD_UNAMBIGUOUS_SINGLE_CANDIDATE,False,CREDITED,Lamar Jackson,JackLa00,00-0034796,STATHEAD_QB_STARTED_QUERY,Stage01 canonical reconciliation rank 191,STATHEAD_UNAMBIGUOUS_SINGLE_CANDIDATE,False,CREDITED,POSTGAME_ACTUAL_STARTER,ORACLE_STARTER_IDENTITY_ONLY,False
2024,13,REG,2024-12-01,2024_13_PIT_CIN,PIT,CIN,Russell Wilson,WilsRu00,00-0029263,STATHEAD_QB_STARTED_QUERY,Stage01 canonical reconciliation rank 203,STATHEAD_UNAMBIGUOUS_SINGLE_CANDIDATE,False,CREDITED,Joe Burrow,BurrJo01,00-0036442,STATHEAD_QB_STARTED_QUERY,Stage01 canonical reconciliation rank 184,STATHEAD_UNAMBIGUOUS_SINGLE_CANDIDATE,False,CREDITED,POSTGAME_ACTUAL_STARTER,ORACLE_STARTER_IDENTITY_ONLY,False
2024,13,REG,2024-12-01,2024_13_SEA_NYJ,SEA,NYJ,Geno Smith,SmitGe00,00-0030565,STATHEAD_QB_STARTED_QUERY,Stage01 canonical reconciliation rank 200,STATHEAD_UNAMBIGUOUS_SINGLE_CANDIDATE,False,CREDITED,Aaron Rodgers,RodgAa00,00-0023459,STATHEAD_QB_STARTED_QUERY,Stage01 canonical reconciliation rank 199,STATHEAD_UNAMBIGUOUS_SINGLE_CANDIDATE,False,CREDITED,POSTGAME_ACTUAL_STARTER,ORACLE_STARTER_IDENTITY_ONLY,False
2024,13,REG,2024-12-01,2024_13_SF_BUF,SF,BUF,Brock Purdy,PurdBr00,00-0037834,STATHEAD_QB_STARTED_QUERY,Stage01 canonical reconciliation rank 197,STATHEAD_UNAMBIGUOUS_SINGLE_CANDIDATE,False,CREDITED,Josh Allen,AlleJo02,00-0034857,STATHEAD_QB_STARTED_QUERY,Stage01 canonical reconciliation rank 183,STATHEAD_UNAMBIGUOUS_SINGLE_CANDIDATE,False,CREDITED,POSTGAME_ACTUAL_STARTER,ORACLE_STARTER_IDENTITY_ONLY,False
2024,13,REG,2024-12-01,2024_13_TB_CAR,TB,CAR,Baker Mayfield,MayfBa00,00-0034855,STATHEAD_QB_STARTED_QUERY,Stage01 canonical reconciliation rank 195,STATHEAD_UNAMBIGUOUS_SINGLE_CANDIDATE,False,CREDITED,Bryce Young,YounBr01,00-0039150,STATHEAD_QB_STARTED_QUERY,Stage01 canonical reconciliation rank 204,STATHEAD_UNAMBIGUOUS_SINGLE_CANDIDATE,False,CREDITED,POSTGAME_ACTUAL_STARTER,ORACLE_STARTER_IDENTITY_ONLY,False
2024,13,REG,2024-12-01,2024_13_TEN_WAS,TEN,WAS,Will Levis,LeviWi00,00-0039152,STATHEAD_QB_STARTED_QUERY,Stage01 canonical reconciliation rank 193,STATHEAD_UNAMBIGUOUS_SINGLE_CANDIDATE,False,CREDITED,Jayden Daniels,DaniJa02,00-0039910,STATHEAD_QB_STARTED_QUERY,Stage01 canonical reconciliation rank 187,STATHEAD_UNAMBIGUOUS_SINGLE_CANDIDATE,False,CREDITED,POSTGAME_ACTUAL_STARTER,ORACLE_STARTER_IDENTITY_ONLY,False
2024,14,REG,2024-12-08,2024_14_ATL_MIN,ATL,MIN,Kirk Cousins,CousKi00,00-0029604,STATHEAD_QB_STARTED_QUERY,Stage01 canonical reconciliation rank 159,STATHEAD_UNAMBIGUOUS_SINGLE_CANDIDATE,False,CREDITED,Sam Darnold,DarnSa00,00-0034869,STATHEAD_QB_STARTED_QUERY,Stage01 canonical reconciliation rank 160,STATHEAD_UNAMBIGUOUS_SINGLE_CANDIDATE,False,CREDITED,POSTGAME_ACTUAL_STARTER,ORACLE_STARTER_IDENTITY_ONLY,False
2024,14,REG,2024-12-08,2024_14_BUF_LA,BUF,LAR,Josh Allen,AlleJo02,00-0034857,STATHEAD_QB_STARTED_QUERY,Stage01 canonical reconciliation rank 157,STATHEAD_UNAMBIGUOUS_SINGLE_CANDIDATE,False,CREDITED,Matthew Stafford,StafMa00,00-0026498,STATHEAD_QB_STARTED_QUERY,Stage01 canonical reconciliation rank 173,STATHEAD_UNAMBIGUOUS_SINGLE_CANDIDATE,False,CREDITED,POSTGAME_ACTUAL_STARTER,ORACLE_STARTER_IDENTITY_ONLY,False
2024,14,REG,2024-12-08,2024_14_CAR_PHI,CAR,PHI,Bryce Young,YounBr01,00-0039150,STATHEAD_QB_STARTED_QUERY,Stage01 canonical reconciliation rank 178,STATHEAD_UNAMBIGUOUS_SINGLE_CANDIDATE,False,CREDITED,Jalen Hurts,HurtJa00,00-0036389,STATHEAD_QB_STARTED_QUERY,Stage01 canonical reconciliation rank 162,STATHEAD_UNAMBIGUOUS_SINGLE_CANDIDATE,False,CREDITED,POSTGAME_ACTUAL_STARTER,ORACLE_STARTER_IDENTITY_ONLY,False
2024,14,REG,2024-12-08,2024_14_CHI_SF,CHI,SF,Caleb Williams,WillCa03,00-0039918,STATHEAD_QB_STARTED_QUERY,Stage01 canonical reconciliation rank 175,STATHEAD_UNAMBIGUOUS_SINGLE_CANDIDATE,False,CREDITED,Brock Purdy,PurdBr00,00-0037834,STATHEAD_QB_STARTED_QUERY,Stage01 canonical reconciliation rank 170,STATHEAD_UNAMBIGUOUS_SINGLE_CANDIDATE,False,CREDITED,POSTGAME_ACTUAL_STARTER,ORACLE_STARTER_IDENTITY_ONLY,False
2024,14,REG,2024-12-09,2024_14_CIN_DAL,CIN,DAL,Joe Burrow,BurrJo01,00-0036442,STATHEAD_QB_STARTED_QUERY,Stage01 canonical reconciliation rank 155,STATHEAD_UNAMBIGUOUS_SINGLE_CANDIDATE,False,CREDITED,Cooper Rush,RushCo00,00-0033662,STATHEAD_QB_STARTED_QUERY,Stage01 canonical reconciliation rank 156,STATHEAD_UNAMBIGUOUS_SINGLE_CANDIDATE,False,CREDITED,POSTGAME_ACTUAL_STARTER,ORACLE_STARTER_IDENTITY_ONLY,False
2024,14,REG,2024-12-08,2024_14_CLE_PIT,CLE,PIT,Jameis Winston,WinsJa00,00-0031503,STATHEAD_QB_STARTED_QUERY,Stage01 canonical reconciliation rank 177,STATHEAD_UNAMBIGUOUS_SINGLE_CANDIDATE,False,CREDITED,Russell Wilson,WilsRu00,00-0029263,STATHEAD_QB_STARTED_QUERY,Stage01 canonical reconciliation rank 176,STATHEAD_UNAMBIGUOUS_SINGLE_CANDIDATE,False,CREDITED,POSTGAME_ACTUAL_STARTER,ORACLE_STARTER_IDENTITY_ONLY,False
2024,14,REG,2024-12-05,2024_14_GB_DET,GB,DET,Jordan Love,LoveJo03,00-0036264,STATHEAD_QB_STARTED_QUERY,Stage01 canonical reconciliation rank 180,STATHEAD_UNAMBIGUOUS_SINGLE_CANDIDATE,False,CREDITED,Jared Goff,GoffJa00,00-0033106,STATHEAD_QB_STARTED_QUERY,Stage01 canonical reconciliation rank 179,STATHEAD_UNAMBIGUOUS_SINGLE_CANDIDATE,False,CREDITED,POSTGAME_ACTUAL_STARTER,ORACLE_STARTER_IDENTITY_ONLY,False
2024,14,REG,2024-12-08,2024_14_JAX_TEN,JAX,TEN,Mac Jones,JoneMa05,00-0036972,STATHEAD_QB_STARTED_QUERY,Stage01 canonical reconciliation rank 163,STATHEAD_UNAMBIGUOUS_SINGLE_CANDIDATE,False,CREDITED,Will Levis,LeviWi00,00-0039152,STATHEAD_QB_STARTED_QUERY,Stage01 canonical reconciliation rank 164,STATHEAD_UNAMBIGUOUS_SINGLE_CANDIDATE,False,CREDITED,POSTGAME_ACTUAL_STARTER,ORACLE_STARTER_IDENTITY_ONLY,False
2024,14,REG,2024-12-08,2024_14_LAC_KC,LAC,KC,Justin Herbert,HerbJu00,00-0036355,STATHEAD_QB_STARTED_QUERY,Stage01 canonical reconciliation rank 161,STATHEAD_UNAMBIGUOUS_SINGLE_CANDIDATE,False,CREDITED,Patrick Mahomes,MahoPa00,00-0033873,STATHEAD_QB_STARTED_QUERY,Stage01 canonical reconciliation rank 166,STATHEAD_UNAMBIGUOUS_SINGLE_CANDIDATE,False,CREDITED,POSTGAME_ACTUAL_STARTER,ORACLE_STARTER_IDENTITY_ONLY,False
2024,14,REG,2024-12-08,2024_14_LV_TB,LV,TB,Aidan O'Connell,OConAi00,00-0038579,STATHEAD_QB_STARTED_QUERY,Stage01 canonical reconciliation rank 169,STATHEAD_UNAMBIGUOUS_SINGLE_CANDIDATE,False,CREDITED,Baker Mayfield,MayfBa00,00-0034855,STATHEAD_QB_STARTED_QUERY,Stage01 canonical reconciliation rank 167,STATHEAD_UNAMBIGUOUS_SINGLE_CANDIDATE,False,CREDITED,POSTGAME_ACTUAL_STARTER,ORACLE_STARTER_IDENTITY_ONLY,False
2024,14,REG,2024-12-08,2024_14_NO_NYG,NO,NYG,Derek Carr,CarrDe02,00-0031280,STATHEAD_QB_STARTED_QUERY,Stage01 canonical reconciliation rank 158,STATHEAD_UNAMBIGUOUS_SINGLE_CANDIDATE,False,CREDITED,Drew Lock,LockDr00,00-0035704,STATHEAD_QB_STARTED_QUERY,Stage01 canonical reconciliation rank 165,STATHEAD_UNAMBIGUOUS_SINGLE_CANDIDATE,False,CREDITED,POSTGAME_ACTUAL_STARTER,ORACLE_STARTER_IDENTITY_ONLY,False
2024,14,REG,2024-12-08,2024_14_NYJ_MIA,NYJ,MIA,Aaron Rodgers,RodgAa00,00-0023459,STATHEAD_QB_STARTED_QUERY,Stage01 canonical reconciliation rank 171,STATHEAD_UNAMBIGUOUS_SINGLE_CANDIDATE,False,CREDITED,Tua Tagovailoa,TagoTu00,00-0036212,STATHEAD_QB_STARTED_QUERY,Stage01 canonical reconciliation rank 174,STATHEAD_UNAMBIGUOUS_SINGLE_CANDIDATE,False,CREDITED,POSTGAME_ACTUAL_STARTER,ORACLE_STARTER_IDENTITY_ONLY,False
2024,14,REG,2024-12-08,2024_14_SEA_ARI,SEA,ARI,Geno Smith,SmitGe00,00-0030565,STATHEAD_QB_STARTED_QUERY,Stage01 canonical reconciliation rank 172,STATHEAD_UNAMBIGUOUS_SINGLE_CANDIDATE,False,CREDITED,Kyler Murray,MurrKy00,00-0035228,STATHEAD_QB_STARTED_QUERY,Stage01 canonical reconciliation rank 168,STATHEAD_UNAMBIGUOUS_SINGLE_CANDIDATE,False,CREDITED,POSTGAME_ACTUAL_STARTER,ORACLE_STARTER_IDENTITY_ONLY,False
2024,15,REG,2024-12-16,2024_15_ATL_LV,ATL,LV,Kirk Cousins,CousKi00,00-0029604,STATHEAD_QB_STARTED_QUERY,Stage01 canonical reconciliation rank 123,STATHEAD_UNAMBIGUOUS_SINGLE_CANDIDATE,False,CREDITED,Desmond Ridder,RiddDe00,00-0038122,STATHEAD_QB_STARTED_QUERY,Stage01 canonical reconciliation rank 125,STATHEAD_UNAMBIGUOUS_SINGLE_CANDIDATE,False,CREDITED,POSTGAME_ACTUAL_STARTER,ORACLE_STARTER_IDENTITY_ONLY,False
2024,15,REG,2024-12-15,2024_15_BAL_NYG,BAL,NYG,Lamar Jackson,JackLa00,00-0034796,STATHEAD_QB_STARTED_QUERY,Stage01 canonical reconciliation rank 135,STATHEAD_UNAMBIGUOUS_SINGLE_CANDIDATE,False,CREDITED,Tommy DeVito,DeViTo00,00-0038476,STATHEAD_QB_STARTED_QUERY,Stage01 canonical reconciliation rank 130,STATHEAD_UNAMBIGUOUS_SINGLE_CANDIDATE,False,CREDITED,POSTGAME_ACTUAL_STARTER,ORACLE_STARTER_IDENTITY_ONLY,False
2024,15,REG,2024-12-15,2024_15_BUF_DET,BUF,DET,Josh Allen,AlleJo02,00-0034857,STATHEAD_QB_STARTED_QUERY,Stage01 canonical reconciliation rank 127,STATHEAD_UNAMBIGUOUS_SINGLE_CANDIDATE,False,CREDITED,Jared Goff,GoffJa00,00-0033106,STATHEAD_QB_STARTED_QUERY,Stage01 canonical reconciliation rank 131,STATHEAD_UNAMBIGUOUS_SINGLE_CANDIDATE,False,CREDITED,POSTGAME_ACTUAL_STARTER,ORACLE_STARTER_IDENTITY_ONLY,False
2024,15,REG,2024-12-16,2024_15_CHI_MIN,CHI,MIN,Caleb Williams,WillCa03,00-0039918,STATHEAD_QB_STARTED_QUERY,Stage01 canonical reconciliation rank 126,STATHEAD_UNAMBIGUOUS_SINGLE_CANDIDATE,False,CREDITED,Sam Darnold,DarnSa00,00-0034869,STATHEAD_QB_STARTED_QUERY,Stage01 canonical reconciliation rank 124,STATHEAD_UNAMBIGUOUS_SINGLE_CANDIDATE,False,CREDITED,POSTGAME_ACTUAL_STARTER,ORACLE_STARTER_IDENTITY_ONLY,False
2024,15,REG,2024-12-15,2024_15_CIN_TEN,CIN,TEN,Joe Burrow,BurrJo01,00-0036442,STATHEAD_QB_STARTED_QUERY,Stage01 canonical reconciliation rank 128,STATHEAD_UNAMBIGUOUS_SINGLE_CANDIDATE,False,CREDITED,Will Levis,LeviWi00,00-0039152,STATHEAD_QB_STARTED_QUERY,Stage01 canonical reconciliation rank 137,STATHEAD_UNAMBIGUOUS_SINGLE_CANDIDATE,False,CREDITED,POSTGAME_ACTUAL_STARTER,ORACLE_STARTER_IDENTITY_ONLY,False
2024,15,REG,2024-12-15,2024_15_DAL_CAR,DAL,CAR,Cooper Rush,RushCo00,00-0033662,STATHEAD_QB_STARTED_QUERY,Stage01 canonical reconciliation rank 146,STATHEAD_UNAMBIGUOUS_SINGLE_CANDIDATE,False,CREDITED,Bryce Young,YounBr01,00-0039150,STATHEAD_QB_STARTED_QUERY,Stage01 canonical reconciliation rank 152,STATHEAD_UNAMBIGUOUS_SINGLE_CANDIDATE,False,CREDITED,POSTGAME_ACTUAL_STARTER,ORACLE_STARTER_IDENTITY_ONLY,False
2024,15,REG,2024-12-15,2024_15_GB_SEA,GB,SEA,Jordan Love,LoveJo03,00-0036264,STATHEAD_QB_STARTED_QUERY,Stage01 canonical reconciliation rank 138,STATHEAD_UNAMBIGUOUS_SINGLE_CANDIDATE,False,CREDITED,Geno Smith,SmitGe00,00-0030565,STATHEAD_QB_STARTED_QUERY,Stage01 canonical reconciliation rank 147,STATHEAD_UNAMBIGUOUS_SINGLE_CANDIDATE,False,CREDITED,POSTGAME_ACTUAL_STARTER,ORACLE_STARTER_IDENTITY_ONLY,False
2024,15,REG,2024-12-15,2024_15_IND_DEN,IND,DEN,Anthony Richardson,RichAn03,00-0039164,STATHEAD_QB_STARTED_QUERY,Stage01 canonical reconciliation rank 144,STATHEAD_UNAMBIGUOUS_SINGLE_CANDIDATE,False,CREDITED,Bo Nix,NixxBo00,00-0039732,STATHEAD_QB_STARTED_QUERY,Stage01 canonical reconciliation rank 143,STATHEAD_UNAMBIGUOUS_SINGLE_CANDIDATE,False,CREDITED,POSTGAME_ACTUAL_STARTER,ORACLE_STARTER_IDENTITY_ONLY,False
2024,15,REG,2024-12-15,2024_15_KC_CLE,KC,CLE,Patrick Mahomes,MahoPa00,00-0033873,STATHEAD_QB_STARTED_QUERY,Stage01 canonical reconciliation rank 139,STATHEAD_UNAMBIGUOUS_SINGLE_CANDIDATE,False,CREDITED,Jameis Winston,WinsJa00,00-0031503,STATHEAD_QB_STARTED_QUERY,Stage01 canonical reconciliation rank 151,STATHEAD_UNAMBIGUOUS_SINGLE_CANDIDATE,False,CREDITED,POSTGAME_ACTUAL_STARTER,ORACLE_STARTER_IDENTITY_ONLY,False
2024,15,REG,2024-12-12,2024_15_LA_SF,LAR,SF,Matthew Stafford,StafMa00,00-0026498,STATHEAD_QB_STARTED_QUERY,Stage01 canonical reconciliation rank 154,STATHEAD_UNAMBIGUOUS_SINGLE_CANDIDATE,False,CREDITED,Brock Purdy,PurdBr00,00-0037834,STATHEAD_QB_STARTED_QUERY,Stage01 canonical reconciliation rank 153,STATHEAD_UNAMBIGUOUS_SINGLE_CANDIDATE,False,CREDITED,POSTGAME_ACTUAL_STARTER,ORACLE_STARTER_IDENTITY_ONLY,False
2024,15,REG,2024-12-15,2024_15_MIA_HOU,MIA,HOU,Tua Tagovailoa,TagoTu00,00-0036212,STATHEAD_QB_STARTED_QUERY,Stage01 canonical reconciliation rank 149,STATHEAD_UNAMBIGUOUS_SINGLE_CANDIDATE,False,CREDITED,C.J. Stroud,StroCJ00,00-0039163,STATHEAD_QB_STARTED_QUERY,Stage01 canonical reconciliation rank 148,STATHEAD_UNAMBIGUOUS_SINGLE_CANDIDATE,False,CREDITED,POSTGAME_ACTUAL_STARTER,ORACLE_STARTER_IDENTITY_ONLY,False
2024,15,REG,2024-12-15,2024_15_NE_ARI,NE,ARI,Drake Maye,MayeDr00,00-0039851,STATHEAD_QB_STARTED_QUERY,Stage01 canonical reconciliation rank 140,STATHEAD_UNAMBIGUOUS_SINGLE_CANDIDATE,False,CREDITED,Kyler Murray,MurrKy00,00-0035228,STATHEAD_QB_STARTED_QUERY,Stage01 canonical reconciliation rank 142,STATHEAD_UNAMBIGUOUS_SINGLE_CANDIDATE,False,CREDITED,POSTGAME_ACTUAL_STARTER,ORACLE_STARTER_IDENTITY_ONLY,False
2024,15,REG,2024-12-15,2024_15_NYJ_JAX,NYJ,JAX,Aaron Rodgers,RodgAa00,00-0023459,STATHEAD_QB_STARTED_QUERY,Stage01 canonical reconciliation rank 145,STATHEAD_UNAMBIGUOUS_SINGLE_CANDIDATE,False,CREDITED,Mac Jones,JoneMa05,00-0036972,STATHEAD_QB_STARTED_QUERY,Stage01 canonical reconciliation rank 136,STATHEAD_UNAMBIGUOUS_SINGLE_CANDIDATE,False,CREDITED,POSTGAME_ACTUAL_STARTER,ORACLE_STARTER_IDENTITY_ONLY,False
2024,15,REG,2024-12-15,2024_15_PIT_PHI,PIT,PHI,Russell Wilson,WilsRu00,00-0029263,STATHEAD_QB_STARTED_QUERY,Stage01 canonical reconciliation rank 150,STATHEAD_UNAMBIGUOUS_SINGLE_CANDIDATE,False,CREDITED,Jalen Hurts,HurtJa00,00-0036389,STATHEAD_QB_STARTED_QUERY,Stage01 canonical reconciliation rank 134,STATHEAD_UNAMBIGUOUS_SINGLE_CANDIDATE,False,CREDITED,POSTGAME_ACTUAL_STARTER,ORACLE_STARTER_IDENTITY_ONLY,False
2024,15,REG,2024-12-15,2024_15_TB_LAC,TB,LAC,Baker Mayfield,MayfBa00,00-0034855,STATHEAD_QB_STARTED_QUERY,Stage01 canonical reconciliation rank 141,STATHEAD_UNAMBIGUOUS_SINGLE_CANDIDATE,False,CREDITED,Justin Herbert,HerbJu00,00-0036355,STATHEAD_QB_STARTED_QUERY,Stage01 canonical reconciliation rank 133,STATHEAD_UNAMBIGUOUS_SINGLE_CANDIDATE,False,CREDITED,POSTGAME_ACTUAL_STARTER,ORACLE_STARTER_IDENTITY_ONLY,False
2024,15,REG,2024-12-15,2024_15_WAS_NO,WAS,NO,Jayden Daniels,DaniJa02,00-0039910,STATHEAD_QB_STARTED_QUERY,Stage01 canonical reconciliation rank 129,STATHEAD_UNAMBIGUOUS_SINGLE_CANDIDATE,False,CREDITED,Jake Haener,HaenJa00,00-0038998,STATHEAD_QB_STARTED_QUERY,Stage01 canonical reconciliation rank 132,STATHEAD_UNAMBIGUOUS_SINGLE_CANDIDATE,False,CREDITED,POSTGAME_ACTUAL_STARTER,ORACLE_STARTER_IDENTITY_ONLY,False
2024,16,REG,2024-12-22,2024_16_ARI_CAR,ARI,CAR,Kyler Murray,MurrKy00,00-0035228,STATHEAD_QB_STARTED_QUERY,Stage01 canonical reconciliation rank 103,STATHEAD_UNAMBIGUOUS_SINGLE_CANDIDATE,False,CREDITED,Bryce Young,YounBr01,00-0039150,STATHEAD_QB_STARTED_QUERY,Stage01 canonical reconciliation rank 116,STATHEAD_UNAMBIGUOUS_SINGLE_CANDIDATE,False,CREDITED,POSTGAME_ACTUAL_STARTER,ORACLE_STARTER_IDENTITY_ONLY,False
2024,16,REG,2024-12-22,2024_16_CLE_CIN,CLE,CIN,Dorian Thompson-Robinson,ThomDo02,00-0038583,STATHEAD_QB_STARTED_QUERY,Stage01 canonical reconciliation rank 114,STATHEAD_UNAMBIGUOUS_SINGLE_CANDIDATE,False,CREDITED,Joe Burrow,BurrJo01,00-0036442,STATHEAD_QB_STARTED_QUERY,Stage01 canonical reconciliation rank 94,STATHEAD_UNAMBIGUOUS_SINGLE_CANDIDATE,False,CREDITED,POSTGAME_ACTUAL_STARTER,ORACLE_STARTER_IDENTITY_ONLY,False
2024,16,REG,2024-12-19,2024_16_DEN_LAC,DEN,LAC,Bo Nix,NixxBo00,00-0039732,STATHEAD_QB_STARTED_QUERY,Stage01 canonical reconciliation rank 122,STATHEAD_UNAMBIGUOUS_SINGLE_CANDIDATE,False,CREDITED,Justin Herbert,HerbJu00,00-0036355,STATHEAD_QB_STARTED_QUERY,Stage01 canonical reconciliation rank 121,STATHEAD_UNAMBIGUOUS_SINGLE_CANDIDATE,False,CREDITED,POSTGAME_ACTUAL_STARTER,ORACLE_STARTER_IDENTITY_ONLY,False
2024,16,REG,2024-12-22,2024_16_DET_CHI,DET,CHI,Jared Goff,GoffJa00,00-0033106,STATHEAD_QB_STARTED_QUERY,Stage01 canonical reconciliation rank 97,STATHEAD_UNAMBIGUOUS_SINGLE_CANDIDATE,False,CREDITED,Caleb Williams,WillCa03,00-0039918,STATHEAD_QB_STARTED_QUERY,Stage01 canonical reconciliation rank 115,STATHEAD_UNAMBIGUOUS_SINGLE_CANDIDATE,False,CREDITED,POSTGAME_ACTUAL_STARTER,ORACLE_STARTER_IDENTITY_ONLY,False
2024,16,REG,2024-12-21,2024_16_HOU_KC,HOU,KC,C.J. Stroud,StroCJ00,00-0039163,STATHEAD_QB_STARTED_QUERY,Stage01 canonical reconciliation rank 119,STATHEAD_UNAMBIGUOUS_SINGLE_CANDIDATE,False,CREDITED,Patrick Mahomes,MahoPa00,00-0033873,STATHEAD_QB_STARTED_QUERY,Stage01 canonical reconciliation rank 118,STATHEAD_UNAMBIGUOUS_SINGLE_CANDIDATE,False,CREDITED,POSTGAME_ACTUAL_STARTER,ORACLE_STARTER_IDENTITY_ONLY,False
2024,16,REG,2024-12-22,2024_16_JAX_LV,JAX,LV,Mac Jones,JoneMa05,00-0036972,STATHEAD_QB_STARTED_QUERY,Stage01 canonical reconciliation rank 99,STATHEAD_UNAMBIGUOUS_SINGLE_CANDIDATE,False,CREDITED,Aidan O'Connell,OConAi00,00-0038579,STATHEAD_QB_STARTED_QUERY,Stage01 canonical reconciliation rank 104,STATHEAD_UNAMBIGUOUS_SINGLE_CANDIDATE,False,CREDITED,POSTGAME_ACTUAL_STARTER,ORACLE_STARTER_IDENTITY_ONLY,False
2024,16,REG,2024-12-22,2024_16_LA_NYJ,LAR,NYJ,Matthew Stafford,StafMa00,00-0026498,STATHEAD_QB_STARTED_QUERY,Stage01 canonical reconciliation rank 112,STATHEAD_UNAMBIGUOUS_SINGLE_CANDIDATE,False,CREDITED,Aaron Rodgers,RodgAa00,00-0023459,STATHEAD_QB_STARTED_QUERY,Stage01 canonical reconciliation rank 108,STATHEAD_UNAMBIGUOUS_SINGLE_CANDIDATE,False,CREDITED,POSTGAME_ACTUAL_STARTER,ORACLE_STARTER_IDENTITY_ONLY,False
2024,16,REG,2024-12-22,2024_16_MIN_SEA,MIN,SEA,Sam Darnold,DarnSa00,00-0034869,STATHEAD_QB_STARTED_QUERY,Stage01 canonical reconciliation rank 96,STATHEAD_UNAMBIGUOUS_SINGLE_CANDIDATE,False,CREDITED,Geno Smith,SmitGe00,00-0030565,STATHEAD_QB_STARTED_QUERY,Stage01 canonical reconciliation rank 111,STATHEAD_UNAMBIGUOUS_SINGLE_CANDIDATE,False,CREDITED,POSTGAME_ACTUAL_STARTER,ORACLE_STARTER_IDENTITY_ONLY,False
2024,16,REG,2024-12-22,2024_16_NE_BUF,NE,BUF,Drake Maye,MayeDr00,00-0039851,STATHEAD_QB_STARTED_QUERY,Stage01 canonical reconciliation rank 101,STATHEAD_UNAMBIGUOUS_SINGLE_CANDIDATE,False,CREDITED,Josh Allen,AlleJo02,00-0034857,STATHEAD_QB_STARTED_QUERY,Stage01 canonical reconciliation rank 93,STATHEAD_UNAMBIGUOUS_SINGLE_CANDIDATE,False,CREDITED,POSTGAME_ACTUAL_STARTER,ORACLE_STARTER_IDENTITY_ONLY,False
2024,16,REG,2024-12-23,2024_16_NO_GB,NO,GB,Spencer Rattler,RattSp00,00-0039376,STATHEAD_QB_STARTED_QUERY,Stage01 canonical reconciliation rank 92,STATHEAD_UNAMBIGUOUS_SINGLE_CANDIDATE,False,CREDITED,Jordan Love,LoveJo03,00-0036264,STATHEAD_QB_STARTED_QUERY,Stage01 canonical reconciliation rank 91,STATHEAD_UNAMBIGUOUS_SINGLE_CANDIDATE,False,CREDITED,POSTGAME_ACTUAL_STARTER,ORACLE_STARTER_IDENTITY_ONLY,False
2024,16,REG,2024-12-22,2024_16_NYG_ATL,NYG,ATL,Drew Lock,LockDr00,00-0035704,STATHEAD_QB_STARTED_QUERY,Stage01 canonical reconciliation rank 100,STATHEAD_UNAMBIGUOUS_SINGLE_CANDIDATE,False,CREDITED,Michael Penix,PeniMi00,00-0039917,STATHEAD_QB_STARTED_QUERY,Stage01 canonical reconciliation rank 105,STATHEAD_UNAMBIGUOUS_SINGLE_CANDIDATE,False,CREDITED,POSTGAME_ACTUAL_STARTER,ORACLE_STARTER_IDENTITY_ONLY,False
2024,16,REG,2024-12-22,2024_16_PHI_WAS,PHI,WAS,Jalen Hurts,HurtJa00,00-0036389,STATHEAD_QB_STARTED_QUERY,Stage01 canonical reconciliation rank 98,STATHEAD_UNAMBIGUOUS_SINGLE_CANDIDATE,False,CREDITED,Jayden Daniels,DaniJa02,00-0039910,STATHEAD_QB_STARTED_QUERY,Stage01 canonical reconciliation rank 95,STATHEAD_UNAMBIGUOUS_SINGLE_CANDIDATE,False,CREDITED,POSTGAME_ACTUAL_STARTER,ORACLE_STARTER_IDENTITY_ONLY,False
2024,16,REG,2024-12-21,2024_16_PIT_BAL,PIT,BAL,Russell Wilson,WilsRu00,00-0029263,STATHEAD_QB_STARTED_QUERY,Stage01 canonical reconciliation rank 120,STATHEAD_UNAMBIGUOUS_SINGLE_CANDIDATE,False,CREDITED,Lamar Jackson,JackLa00,00-0034796,STATHEAD_QB_STARTED_QUERY,Stage01 canonical reconciliation rank 117,STATHEAD_UNAMBIGUOUS_SINGLE_CANDIDATE,False,CREDITED,POSTGAME_ACTUAL_STARTER,ORACLE_STARTER_IDENTITY_ONLY,False
2024,16,REG,2024-12-22,2024_16_SF_MIA,SF,MIA,Brock Purdy,PurdBr00,00-0037834,STATHEAD_QB_STARTED_QUERY,Stage01 canonical reconciliation rank 106,STATHEAD_UNAMBIGUOUS_SINGLE_CANDIDATE,False,CREDITED,Tua Tagovailoa,TagoTu00,00-0036212,STATHEAD_QB_STARTED_QUERY,Stage01 canonical reconciliation rank 113,STATHEAD_UNAMBIGUOUS_SINGLE_CANDIDATE,False,CREDITED,POSTGAME_ACTUAL_STARTER,ORACLE_STARTER_IDENTITY_ONLY,False
2024,16,REG,2024-12-22,2024_16_TB_DAL,TB,DAL,Baker Mayfield,MayfBa00,00-0034855,STATHEAD_QB_STARTED_QUERY,Stage01 canonical reconciliation rank 102,STATHEAD_UNAMBIGUOUS_SINGLE_CANDIDATE,False,CREDITED,Cooper Rush,RushCo00,00-0033662,STATHEAD_QB_STARTED_QUERY,Stage01 canonical reconciliation rank 110,STATHEAD_UNAMBIGUOUS_SINGLE_CANDIDATE,False,CREDITED,POSTGAME_ACTUAL_STARTER,ORACLE_STARTER_IDENTITY_ONLY,False
2024,16,REG,2024-12-22,2024_16_TEN_IND,TEN,IND,Mason Rudolph,RudoMa00,00-0034771,STATHEAD_QB_STARTED_QUERY,Stage01 canonical reconciliation rank 109,STATHEAD_UNAMBIGUOUS_SINGLE_CANDIDATE,False,CREDITED,Anthony Richardson,RichAn03,00-0039164,STATHEAD_QB_STARTED_QUERY,Stage01 canonical reconciliation rank 107,STATHEAD_UNAMBIGUOUS_SINGLE_CANDIDATE,False,CREDITED,POSTGAME_ACTUAL_STARTER,ORACLE_STARTER_IDENTITY_ONLY,False
2024,17,REG,2024-12-28,2024_17_ARI_LA,ARI,LAR,Kyler Murray,MurrKy00,00-0035228,STATHEAD_QB_STARTED_QUERY,Stage01 canonical reconciliation rank 82,STATHEAD_UNAMBIGUOUS_SINGLE_CANDIDATE,False,CREDITED,Matthew Stafford,StafMa00,00-0026498,STATHEAD_QB_STARTED_QUERY,Stage01 canonical reconciliation rank 84,STATHEAD_UNAMBIGUOUS_SINGLE_CANDIDATE,False,CREDITED,POSTGAME_ACTUAL_STARTER,ORACLE_STARTER_IDENTITY_ONLY,False
2024,17,REG,2024-12-29,2024_17_ATL_WAS,ATL,WAS,Michael Penix,PeniMi00,00-0039917,STATHEAD_QB_STARTED_QUERY,Stage01 canonical reconciliation rank 71,STATHEAD_UNAMBIGUOUS_SINGLE_CANDIDATE,False,CREDITED,Jayden Daniels,DaniJa02,00-0039910,STATHEAD_QB_STARTED_QUERY,Stage01 canonical reconciliation rank 62,STATHEAD_UNAMBIGUOUS_SINGLE_CANDIDATE,False,CREDITED,POSTGAME_ACTUAL_STARTER,ORACLE_STARTER_IDENTITY_ONLY,False
2024,17,REG,2024-12-25,2024_17_BAL_HOU,BAL,HOU,Lamar Jackson,JackLa00,00-0034796,STATHEAD_QB_STARTED_QUERY,Stage01 canonical reconciliation rank 87,STATHEAD_UNAMBIGUOUS_SINGLE_CANDIDATE,False,CREDITED,C.J. Stroud,StroCJ00,00-0039163,STATHEAD_QB_STARTED_QUERY,Stage01 canonical reconciliation rank 89,STATHEAD_UNAMBIGUOUS_SINGLE_CANDIDATE,False,CREDITED,POSTGAME_ACTUAL_STARTER,ORACLE_STARTER_IDENTITY_ONLY,False
2024,17,REG,2024-12-29,2024_17_CAR_TB,CAR,TB,Bryce Young,YounBr01,00-0039150,STATHEAD_QB_STARTED_QUERY,Stage01 canonical reconciliation rank 78,STATHEAD_UNAMBIGUOUS_SINGLE_CANDIDATE,False,CREDITED,Baker Mayfield,MayfBa00,00-0034855,STATHEAD_QB_STARTED_QUERY,Stage01 canonical reconciliation rank 69,STATHEAD_UNAMBIGUOUS_SINGLE_CANDIDATE,False,CREDITED,POSTGAME_ACTUAL_STARTER,ORACLE_STARTER_IDENTITY_ONLY,False
2024,17,REG,2024-12-29,2024_17_DAL_PHI,DAL,PHI,Cooper Rush,RushCo00,00-0033662,STATHEAD_QB_STARTED_QUERY,Stage01 canonical reconciliation rank 76,STATHEAD_UNAMBIGUOUS_SINGLE_CANDIDATE,False,CREDITED,Kenny Pickett,PickKe00,00-0038102,STATHEAD_QB_STARTED_QUERY,Stage01 canonical reconciliation rank 72,STATHEAD_UNAMBIGUOUS_SINGLE_CANDIDATE,False,CREDITED,POSTGAME_ACTUAL_STARTER,ORACLE_STARTER_IDENTITY_ONLY,False
2024,17,REG,2024-12-28,2024_17_DEN_CIN,DEN,CIN,Bo Nix,NixxBo00,00-0039732,STATHEAD_QB_STARTED_QUERY,Stage01 canonical reconciliation rank 83,STATHEAD_UNAMBIGUOUS_SINGLE_CANDIDATE,False,CREDITED,Joe Burrow,BurrJo01,00-0036442,STATHEAD_QB_STARTED_QUERY,Stage01 canonical reconciliation rank 79,STATHEAD_UNAMBIGUOUS_SINGLE_CANDIDATE,False,CREDITED,POSTGAME_ACTUAL_STARTER,ORACLE_STARTER_IDENTITY_ONLY,False
2024,17,REG,2024-12-30,2024_17_DET_SF,DET,SF,Jared Goff,GoffJa00,00-0033106,STATHEAD_QB_STARTED_QUERY,Stage01 canonical reconciliation rank 59,STATHEAD_UNAMBIGUOUS_SINGLE_CANDIDATE,False,CREDITED,Brock Purdy,PurdBr00,00-0037834,STATHEAD_QB_STARTED_QUERY,Stage01 canonical reconciliation rank 60,STATHEAD_UNAMBIGUOUS_SINGLE_CANDIDATE,False,CREDITED,POSTGAME_ACTUAL_STARTER,ORACLE_STARTER_IDENTITY_ONLY,False
2024,17,REG,2024-12-29,2024_17_GB_MIN,GB,MIN,Jordan Love,LoveJo03,00-0036264,STATHEAD_QB_STARTED_QUERY,Stage01 canonical reconciliation rank 68,STATHEAD_UNAMBIGUOUS_SINGLE_CANDIDATE,False,CREDITED,Sam Darnold,DarnSa00,00-0034869,STATHEAD_QB_STARTED_QUERY,Stage01 canonical reconciliation rank 63,STATHEAD_UNAMBIGUOUS_SINGLE_CANDIDATE,False,CREDITED,POSTGAME_ACTUAL_STARTER,ORACLE_STARTER_IDENTITY_ONLY,False
2024,17,REG,2024-12-29,2024_17_IND_NYG,IND,NYG,Joe Flacco,FlacJo00,00-0026158,STATHEAD_QB_STARTED_QUERY,Stage01 canonical reconciliation rank 64,STATHEAD_UNAMBIGUOUS_SINGLE_CANDIDATE,False,CREDITED,Drew Lock,LockDr00,00-0035704,STATHEAD_QB_STARTED_QUERY,Stage01 canonical reconciliation rank 67,STATHEAD_UNAMBIGUOUS_SINGLE_CANDIDATE,False,CREDITED,POSTGAME_ACTUAL_STARTER,ORACLE_STARTER_IDENTITY_ONLY,False
2024,17,REG,2024-12-25,2024_17_KC_PIT,KC,PIT,Patrick Mahomes,MahoPa00,00-0033873,STATHEAD_QB_STARTED_QUERY,Stage01 canonical reconciliation rank 88,STATHEAD_UNAMBIGUOUS_SINGLE_CANDIDATE,False,CREDITED,Russell Wilson,WilsRu00,00-0029263,STATHEAD_QB_STARTED_QUERY,Stage01 canonical reconciliation rank 90,STATHEAD_UNAMBIGUOUS_SINGLE_CANDIDATE,False,CREDITED,POSTGAME_ACTUAL_STARTER,ORACLE_STARTER_IDENTITY_ONLY,False
2024,17,REG,2024-12-28,2024_17_LAC_NE,LAC,NE,Justin Herbert,HerbJu00,00-0036355,STATHEAD_QB_STARTED_QUERY,Stage01 canonical reconciliation rank 80,STATHEAD_UNAMBIGUOUS_SINGLE_CANDIDATE,False,CREDITED,Drake Maye,MayeDr00,00-0039851,STATHEAD_QB_STARTED_QUERY,Stage01 canonical reconciliation rank 81,STATHEAD_UNAMBIGUOUS_SINGLE_CANDIDATE,False,CREDITED,POSTGAME_ACTUAL_STARTER,ORACLE_STARTER_IDENTITY_ONLY,False
2024,17,REG,2024-12-29,2024_17_LV_NO,LV,NO,Aidan O'Connell,OConAi00,00-0038579,STATHEAD_QB_STARTED_QUERY,Stage01 canonical reconciliation rank 70,STATHEAD_UNAMBIGUOUS_SINGLE_CANDIDATE,False,CREDITED,Spencer Rattler,RattSp00,00-0039376,STATHEAD_QB_STARTED_QUERY,Stage01 canonical reconciliation rank 73,STATHEAD_UNAMBIGUOUS_SINGLE_CANDIDATE,False,CREDITED,POSTGAME_ACTUAL_STARTER,ORACLE_STARTER_IDENTITY_ONLY,False
2024,17,REG,2024-12-29,2024_17_MIA_CLE,MIA,CLE,Tyler Huntley,HuntTy01,00-0035993,STATHEAD_QB_STARTED_QUERY,Stage01 canonical reconciliation rank 65,STATHEAD_UNAMBIGUOUS_SINGLE_CANDIDATE,False,CREDITED,Dorian Thompson-Robinson,ThomDo02,00-0038583,STATHEAD_QB_STARTED_QUERY,Stage01 canonical reconciliation rank 77,STATHEAD_UNAMBIGUOUS_SINGLE_CANDIDATE,False,CREDITED,POSTGAME_ACTUAL_STARTER,ORACLE_STARTER_IDENTITY_ONLY,False
2024,17,REG,2024-12-29,2024_17_NYJ_BUF,NYJ,BUF,Aaron Rodgers,RodgAa00,00-0023459,STATHEAD_QB_STARTED_QUERY,Stage01 canonical reconciliation rank 74,STATHEAD_UNAMBIGUOUS_SINGLE_CANDIDATE,False,CREDITED,Josh Allen,AlleJo02,00-0034857,STATHEAD_QB_STARTED_QUERY,Stage01 canonical reconciliation rank 61,STATHEAD_UNAMBIGUOUS_SINGLE_CANDIDATE,False,CREDITED,POSTGAME_ACTUAL_STARTER,ORACLE_STARTER_IDENTITY_ONLY,False
2024,17,REG,2024-12-26,2024_17_SEA_CHI,SEA,CHI,Geno Smith,SmitGe00,00-0030565,STATHEAD_QB_STARTED_QUERY,Stage01 canonical reconciliation rank 85,STATHEAD_UNAMBIGUOUS_SINGLE_CANDIDATE,False,CREDITED,Caleb Williams,WillCa03,00-0039918,STATHEAD_QB_STARTED_QUERY,Stage01 canonical reconciliation rank 86,STATHEAD_UNAMBIGUOUS_SINGLE_CANDIDATE,False,CREDITED,POSTGAME_ACTUAL_STARTER,ORACLE_STARTER_IDENTITY_ONLY,False
2024,17,REG,2024-12-29,2024_17_TEN_JAX,TEN,JAX,Mason Rudolph,RudoMa00,00-0034771,STATHEAD_QB_STARTED_QUERY,Stage01 canonical reconciliation rank 75,STATHEAD_UNAMBIGUOUS_SINGLE_CANDIDATE,False,CREDITED,Mac Jones,JoneMa05,00-0036972,STATHEAD_QB_STARTED_QUERY,Stage01 canonical reconciliation rank 66,STATHEAD_UNAMBIGUOUS_SINGLE_CANDIDATE,False,CREDITED,POSTGAME_ACTUAL_STARTER,ORACLE_STARTER_IDENTITY_ONLY,False
2024,18,REG,2025-01-05,2024_18_BUF_NE,BUF,NE,Josh Allen,AlleJo02,00-0034857,STATHEAD_QB_STARTED_QUERY,Stage01 canonical reconciliation rank 27,STATHEAD_UNAMBIGUOUS_SINGLE_CANDIDATE,False,CREDITED,Drake Maye,MayeDr00,00-0039851,STATHEAD_QB_STARTED_QUERY,Stage01 canonical reconciliation rank 41,STATHEAD_UNAMBIGUOUS_SINGLE_CANDIDATE,False,CREDITED,POSTGAME_ACTUAL_STARTER,ORACLE_STARTER_IDENTITY_ONLY,False
2024,18,REG,2025-01-05,2024_18_CAR_ATL,CAR,ATL,Bryce Young,YounBr01,00-0039150,STATHEAD_QB_STARTED_QUERY,Stage01 canonical reconciliation rank 54,STATHEAD_UNAMBIGUOUS_SINGLE_CANDIDATE,False,CREDITED,Michael Penix,PeniMi00,00-0039917,STATHEAD_QB_STARTED_QUERY,Stage01 canonical reconciliation rank 47,STATHEAD_UNAMBIGUOUS_SINGLE_CANDIDATE,False,CREDITED,POSTGAME_ACTUAL_STARTER,ORACLE_STARTER_IDENTITY_ONLY,False
2024,18,REG,2025-01-05,2024_18_CHI_GB,CHI,GB,Caleb Williams,WillCa03,00-0039918,STATHEAD_QB_STARTED_QUERY,Stage01 canonical reconciliation rank 53,STATHEAD_UNAMBIGUOUS_SINGLE_CANDIDATE,False,CREDITED,Jordan Love,LoveJo03,00-0036264,STATHEAD_QB_STARTED_QUERY,Stage01 canonical reconciliation rank 40,STATHEAD_UNAMBIGUOUS_SINGLE_CANDIDATE,False,CREDITED,POSTGAME_ACTUAL_STARTER,ORACLE_STARTER_IDENTITY_ONLY,False
2024,18,REG,2025-01-04,2024_18_CIN_PIT,CIN,PIT,Joe Burrow,BurrJo01,00-0036442,STATHEAD_QB_STARTED_QUERY,Stage01 canonical reconciliation rank 55,STATHEAD_UNAMBIGUOUS_SINGLE_CANDIDATE,False,CREDITED,Russell Wilson,WilsRu00,00-0029263,STATHEAD_QB_STARTED_QUERY,Stage01 canonical reconciliation rank 57,STATHEAD_UNAMBIGUOUS_SINGLE_CANDIDATE,False,CREDITED,POSTGAME_ACTUAL_STARTER,ORACLE_STARTER_IDENTITY_ONLY,False
2024,18,REG,2025-01-04,2024_18_CLE_BAL,CLE,BAL,Bailey Zappe,ZappBa00,00-0038108,STATHEAD_QB_STARTED_QUERY,Stage01 canonical reconciliation rank 58,STATHEAD_UNAMBIGUOUS_SINGLE_CANDIDATE,False,CREDITED,Lamar Jackson,JackLa00,00-0034796,STATHEAD_QB_STARTED_QUERY,Stage01 canonical reconciliation rank 56,STATHEAD_UNAMBIGUOUS_SINGLE_CANDIDATE,False,CREDITED,POSTGAME_ACTUAL_STARTER,ORACLE_STARTER_IDENTITY_ONLY,False
2024,18,REG,2025-01-05,2024_18_HOU_TEN,HOU,TEN,C.J. Stroud,StroCJ00,00-0039163,STATHEAD_QB_STARTED_QUERY,Stage01 canonical reconciliation rank 51,STATHEAD_UNAMBIGUOUS_SINGLE_CANDIDATE,False,CREDITED,Will Levis,LeviWi00,00-0039152,STATHEAD_QB_STARTED_QUERY,Stage01 canonical reconciliation rank 38,STATHEAD_UNAMBIGUOUS_SINGLE_CANDIDATE,False,CREDITED,POSTGAME_ACTUAL_STARTER,ORACLE_STARTER_IDENTITY_ONLY,False
2024,18,REG,2025-01-05,2024_18_JAX_IND,JAX,IND,Mac Jones,JoneMa05,00-0036972,STATHEAD_QB_STARTED_QUERY,Stage01 canonical reconciliation rank 36,STATHEAD_UNAMBIGUOUS_SINGLE_CANDIDATE,False,CREDITED,Joe Flacco,FlacJo00,00-0026158,STATHEAD_QB_STARTED_QUERY,Stage01 canonical reconciliation rank 31,STATHEAD_UNAMBIGUOUS_SINGLE_CANDIDATE,False,CREDITED,POSTGAME_ACTUAL_STARTER,ORACLE_STARTER_IDENTITY_ONLY,False
2024,18,REG,2025-01-05,2024_18_KC_DEN,KC,DEN,Carson Wentz,WentCa00,00-0032950,STATHEAD_QB_STARTED_QUERY,Stage01 canonical reconciliation rank 52,STATHEAD_UNAMBIGUOUS_SINGLE_CANDIDATE,False,CREDITED,Bo Nix,NixxBo00,00-0039732,STATHEAD_QB_STARTED_QUERY,Stage01 canonical reconciliation rank 45,STATHEAD_UNAMBIGUOUS_SINGLE_CANDIDATE,False,CREDITED,POSTGAME_ACTUAL_STARTER,ORACLE_STARTER_IDENTITY_ONLY,False
2024,18,REG,2025-01-05,2024_18_LAC_LV,LAC,LV,Justin Herbert,HerbJu00,00-0036355,STATHEAD_QB_STARTED_QUERY,Stage01 canonical reconciliation rank 34,STATHEAD_UNAMBIGUOUS_SINGLE_CANDIDATE,False,CREDITED,Aidan O'Connell,OConAi00,00-0038579,STATHEAD_QB_STARTED_QUERY,Stage01 canonical reconciliation rank 46,STATHEAD_UNAMBIGUOUS_SINGLE_CANDIDATE,False,CREDITED,POSTGAME_ACTUAL_STARTER,ORACLE_STARTER_IDENTITY_ONLY,False
2024,18,REG,2025-01-05,2024_18_MIA_NYJ,MIA,NYJ,Tyler Huntley,HuntTy01,00-0035993,STATHEAD_QB_STARTED_QUERY,Stage01 canonical reconciliation rank 35,STATHEAD_UNAMBIGUOUS_SINGLE_CANDIDATE,False,CREDITED,Aaron Rodgers,RodgAa00,00-0023459,STATHEAD_QB_STARTED_QUERY,Stage01 canonical reconciliation rank 49,STATHEAD_UNAMBIGUOUS_SINGLE_CANDIDATE,False,CREDITED,POSTGAME_ACTUAL_STARTER,ORACLE_STARTER_IDENTITY_ONLY,False
2024,18,REG,2025-01-05,2024_18_MIN_DET,MIN,DET,Sam Darnold,DarnSa00,00-0034869,STATHEAD_QB_STARTED_QUERY,Stage01 canonical reconciliation rank 29,STATHEAD_UNAMBIGUOUS_SINGLE_CANDIDATE,False,CREDITED,Jared Goff,GoffJa00,00-0033106,STATHEAD_QB_STARTED_QUERY,Stage01 canonical reconciliation rank 33,STATHEAD_UNAMBIGUOUS_SINGLE_CANDIDATE,False,CREDITED,POSTGAME_ACTUAL_STARTER,ORACLE_STARTER_IDENTITY_ONLY,False
2024,18,REG,2025-01-05,2024_18_NO_TB,NO,TB,Spencer Rattler,RattSp00,00-0039376,STATHEAD_QB_STARTED_QUERY,Stage01 canonical reconciliation rank 48,STATHEAD_UNAMBIGUOUS_SINGLE_CANDIDATE,False,CREDITED,Baker Mayfield,MayfBa00,00-0034855,STATHEAD_QB_STARTED_QUERY,Stage01 canonical reconciliation rank 42,STATHEAD_UNAMBIGUOUS_SINGLE_CANDIDATE,False,CREDITED,POSTGAME_ACTUAL_STARTER,ORACLE_STARTER_IDENTITY_ONLY,False
2024,18,REG,2025-01-05,2024_18_NYG_PHI,NYG,PHI,Drew Lock,LockDr00,00-0035704,STATHEAD_QB_STARTED_QUERY,Stage01 canonical reconciliation rank 39,STATHEAD_UNAMBIGUOUS_SINGLE_CANDIDATE,False,CREDITED,Tanner McKee,McKeTa01,00-0038400,STATHEAD_QB_STARTED_QUERY,Stage01 canonical reconciliation rank 43,STATHEAD_UNAMBIGUOUS_SINGLE_CANDIDATE,False,CREDITED,POSTGAME_ACTUAL_STARTER,ORACLE_STARTER_IDENTITY_ONLY,False
2024,18,REG,2025-01-05,2024_18_SEA_LA,SEA,LAR,Geno Smith,SmitGe00,00-0030565,STATHEAD_QB_STARTED_QUERY,Stage01 canonical reconciliation rank 50,STATHEAD_UNAMBIGUOUS_SINGLE_CANDIDATE,False,CREDITED,Jimmy Garoppolo,GaroJi00,00-0031345,STATHEAD_QB_STARTED_QUERY,Stage01 canonical reconciliation rank 32,STATHEAD_UNAMBIGUOUS_SINGLE_CANDIDATE,False,CREDITED,POSTGAME_ACTUAL_STARTER,ORACLE_STARTER_IDENTITY_ONLY,False
2024,18,REG,2025-01-05,2024_18_SF_ARI,SF,ARI,Joshua Dobbs,DobbJo00,00-0033949,STATHEAD_QB_STARTED_QUERY,Stage01 canonical reconciliation rank 30,STATHEAD_UNAMBIGUOUS_SINGLE_CANDIDATE,False,CREDITED,Kyler Murray,MurrKy00,00-0035228,STATHEAD_QB_STARTED_QUERY,Stage01 canonical reconciliation rank 44,STATHEAD_UNAMBIGUOUS_SINGLE_CANDIDATE,False,CREDITED,POSTGAME_ACTUAL_STARTER,ORACLE_STARTER_IDENTITY_ONLY,False
2024,18,REG,2025-01-05,2024_18_WAS_DAL,WAS,DAL,Jayden Daniels,DaniJa02,00-0039910,STATHEAD_QB_STARTED_QUERY,Stage01 canonical reconciliation rank 28,STATHEAD_UNAMBIGUOUS_SINGLE_CANDIDATE,False,CREDITED,Trey Lance,LancTr00,00-0037012,STATHEAD_QB_STARTED_QUERY,Stage01 canonical reconciliation rank 37,STATHEAD_UNAMBIGUOUS_SINGLE_CANDIDATE,False,CREDITED,POSTGAME_ACTUAL_STARTER,ORACLE_STARTER_IDENTITY_ONLY,False
2024,19,WC,2025-01-12,2024_19_DEN_BUF,DEN,BUF,Bo Nix,NixxBo00,00-0039732,STATHEAD_QB_STARTED_QUERY,Stage01 canonical reconciliation rank 22,STATHEAD_UNAMBIGUOUS_SINGLE_CANDIDATE,False,CREDITED,Josh Allen,AlleJo02,00-0034857,STATHEAD_QB_STARTED_QUERY,Stage01 canonical reconciliation rank 17,STATHEAD_UNAMBIGUOUS_SINGLE_CANDIDATE,False,CREDITED,POSTGAME_ACTUAL_STARTER,ORACLE_STARTER_IDENTITY_ONLY,True
2024,19,WC,2025-01-12,2024_19_GB_PHI,GB,PHI,Jordan Love,LoveJo03,00-0036264,STATHEAD_QB_STARTED_QUERY,Stage01 canonical reconciliation rank 20,STATHEAD_UNAMBIGUOUS_SINGLE_CANDIDATE,False,CREDITED,Jalen Hurts,HurtJa00,00-0036389,STATHEAD_QB_STARTED_QUERY,Stage01 canonical reconciliation rank 19,STATHEAD_UNAMBIGUOUS_SINGLE_CANDIDATE,False,CREDITED,POSTGAME_ACTUAL_STARTER,ORACLE_STARTER_IDENTITY_ONLY,True
2024,19,WC,2025-01-11,2024_19_LAC_HOU,LAC,HOU,Justin Herbert,HerbJu00,00-0036355,STATHEAD_QB_STARTED_QUERY,Stage01 canonical reconciliation rank 23,STATHEAD_UNAMBIGUOUS_SINGLE_CANDIDATE,False,CREDITED,C.J. Stroud,StroCJ00,00-0039163,STATHEAD_QB_STARTED_QUERY,Stage01 canonical reconciliation rank 25,STATHEAD_UNAMBIGUOUS_SINGLE_CANDIDATE,False,CREDITED,POSTGAME_ACTUAL_STARTER,ORACLE_STARTER_IDENTITY_ONLY,True
2024,19,WC,2025-01-13,2024_19_MIN_LA,MIN,LAR,Sam Darnold,DarnSa00,00-0034869,STATHEAD_QB_STARTED_QUERY,Stage01 canonical reconciliation rank 15,STATHEAD_UNAMBIGUOUS_SINGLE_CANDIDATE,False,CREDITED,Matthew Stafford,StafMa00,00-0026498,STATHEAD_QB_STARTED_QUERY,Stage01 canonical reconciliation rank 16,STATHEAD_UNAMBIGUOUS_SINGLE_CANDIDATE,False,CREDITED,POSTGAME_ACTUAL_STARTER,ORACLE_STARTER_IDENTITY_ONLY,True
2024,19,WC,2025-01-11,2024_19_PIT_BAL,PIT,BAL,Russell Wilson,WilsRu00,00-0029263,STATHEAD_QB_STARTED_QUERY,Stage01 canonical reconciliation rank 26,STATHEAD_UNAMBIGUOUS_SINGLE_CANDIDATE,False,CREDITED,Lamar Jackson,JackLa00,00-0034796,STATHEAD_QB_STARTED_QUERY,Stage01 canonical reconciliation rank 24,STATHEAD_UNAMBIGUOUS_SINGLE_CANDIDATE,False,CREDITED,POSTGAME_ACTUAL_STARTER,ORACLE_STARTER_IDENTITY_ONLY,True
2024,19,WC,2025-01-12,2024_19_WAS_TB,WAS,TB,Jayden Daniels,DaniJa02,00-0039910,STATHEAD_QB_STARTED_QUERY,Stage01 canonical reconciliation rank 18,STATHEAD_UNAMBIGUOUS_SINGLE_CANDIDATE,False,CREDITED,Baker Mayfield,MayfBa00,00-0034855,STATHEAD_QB_STARTED_QUERY,Stage01 canonical reconciliation rank 21,STATHEAD_UNAMBIGUOUS_SINGLE_CANDIDATE,False,CREDITED,POSTGAME_ACTUAL_STARTER,ORACLE_STARTER_IDENTITY_ONLY,True
2024,20,DIV,2025-01-19,2024_20_BAL_BUF,BAL,BUF,Lamar Jackson,JackLa00,00-0034796,STATHEAD_QB_STARTED_QUERY,Stage01 canonical reconciliation rank 9,STATHEAD_UNAMBIGUOUS_SINGLE_CANDIDATE,False,CREDITED,Josh Allen,AlleJo02,00-0034857,STATHEAD_QB_STARTED_QUERY,Stage01 canonical reconciliation rank 7,STATHEAD_UNAMBIGUOUS_SINGLE_CANDIDATE,False,CREDITED,POSTGAME_ACTUAL_STARTER,ORACLE_STARTER_IDENTITY_ONLY,True
2024,20,DIV,2025-01-18,2024_20_HOU_KC,HOU,KC,C.J. Stroud,StroCJ00,00-0039163,STATHEAD_QB_STARTED_QUERY,Stage01 canonical reconciliation rank 14,STATHEAD_UNAMBIGUOUS_SINGLE_CANDIDATE,False,CREDITED,Patrick Mahomes,MahoPa00,00-0033873,STATHEAD_QB_STARTED_QUERY,Stage01 canonical reconciliation rank 13,STATHEAD_UNAMBIGUOUS_SINGLE_CANDIDATE,False,CREDITED,POSTGAME_ACTUAL_STARTER,ORACLE_STARTER_IDENTITY_ONLY,True
2024,20,DIV,2025-01-19,2024_20_LA_PHI,LAR,PHI,Matthew Stafford,StafMa00,00-0026498,STATHEAD_QB_STARTED_QUERY,Stage01 canonical reconciliation rank 10,STATHEAD_UNAMBIGUOUS_SINGLE_CANDIDATE,False,CREDITED,Jalen Hurts,HurtJa00,00-0036389,STATHEAD_QB_STARTED_QUERY,Stage01 canonical reconciliation rank 8,STATHEAD_UNAMBIGUOUS_SINGLE_CANDIDATE,False,CREDITED,POSTGAME_ACTUAL_STARTER,ORACLE_STARTER_IDENTITY_ONLY,True
2024,20,DIV,2025-01-18,2024_20_WAS_DET,WAS,DET,Jayden Daniels,DaniJa02,00-0039910,STATHEAD_QB_STARTED_QUERY,Stage01 canonical reconciliation rank 11,STATHEAD_UNAMBIGUOUS_SINGLE_CANDIDATE,False,CREDITED,Jared Goff,GoffJa00,00-0033106,STATHEAD_QB_STARTED_QUERY,Stage01 canonical reconciliation rank 12,STATHEAD_UNAMBIGUOUS_SINGLE_CANDIDATE,False,CREDITED,POSTGAME_ACTUAL_STARTER,ORACLE_STARTER_IDENTITY_ONLY,True
2024,21,CON,2025-01-26,2024_21_BUF_KC,BUF,KC,Josh Allen,AlleJo02,00-0034857,STATHEAD_QB_STARTED_QUERY,Stage01 canonical reconciliation rank 3,STATHEAD_UNAMBIGUOUS_SINGLE_CANDIDATE,False,CREDITED,Patrick Mahomes,MahoPa00,00-0033873,STATHEAD_QB_STARTED_QUERY,Stage01 canonical reconciliation rank 6,STATHEAD_UNAMBIGUOUS_SINGLE_CANDIDATE,False,CREDITED,POSTGAME_ACTUAL_STARTER,ORACLE_STARTER_IDENTITY_ONLY,True
2024,21,CON,2025-01-26,2024_21_WAS_PHI,WAS,PHI,Jayden Daniels,DaniJa02,00-0039910,STATHEAD_QB_STARTED_QUERY,Stage01 canonical reconciliation rank 4,STATHEAD_UNAMBIGUOUS_SINGLE_CANDIDATE,False,CREDITED,Jalen Hurts,HurtJa00,00-0036389,STATHEAD_QB_STARTED_QUERY,Stage01 canonical reconciliation rank 5,STATHEAD_UNAMBIGUOUS_SINGLE_CANDIDATE,False,CREDITED,POSTGAME_ACTUAL_STARTER,ORACLE_STARTER_IDENTITY_ONLY,True
2024,22,SB,2025-02-09,2024_22_KC_PHI,KC,PHI,Patrick Mahomes,MahoPa00,00-0033873,STATHEAD_QB_STARTED_QUERY,Stage01 canonical reconciliation rank 2,STATHEAD_UNAMBIGUOUS_SINGLE_CANDIDATE,False,CREDITED,Jalen Hurts,HurtJa00,00-0036389,STATHEAD_QB_STARTED_QUERY,Stage01 canonical reconciliation rank 1,STATHEAD_UNAMBIGUOUS_SINGLE_CANDIDATE,False,CREDITED,POSTGAME_ACTUAL_STARTER,ORACLE_STARTER_IDENTITY_ONLY,True
