game_id,season,week,season_type,game_date,away_team,home_team,team_side,canonical_team,candidate_count,candidate_ranks,candidate_names,candidate_pfr_ids
2018_01_ATL_PHI,2018,1,REG,2018-09-06,ATL,PHI,away,ATL,1,3921,Matt Ryan,RyanMa00
2018_01_ATL_PHI,2018,1,REG,2018-09-06,ATL,PHI,home,PHI,1,3920,Nick Foles,FoleNi00
2018_01_BUF_BAL,2018,1,REG,2018-09-09,BUF,BAL,away,BUF,1,3909,Nathan Peterman,PeteNa00
2018_01_BUF_BAL,2018,1,REG,2018-09-09,BUF,BAL,home,BAL,1,3901,Joe Flacco,FlacJo00
2018_01_CHI_GB,2018,1,REG,2018-09-09,CHI,GB,away,CHI,1,3917,Mitchell Trubisky,TrubMi00
2018_01_CHI_GB,2018,1,REG,2018-09-09,CHI,GB,home,GB,1,3912,Aaron Rodgers,RodgAa00
2018_01_CIN_IND,2018,1,REG,2018-09-09,CIN,IND,away,CIN,1,3899,Andy Dalton,DaltAn00
2018_01_CIN_IND,2018,1,REG,2018-09-09,CIN,IND,home,IND,1,3904,Andrew Luck,LuckAn00
2018_01_DAL_CAR,2018,1,REG,2018-09-09,DAL,CAR,away,DAL,1,3910,Dak Prescott,PresDa01
2018_01_DAL_CAR,2018,1,REG,2018-09-09,DAL,CAR,home,CAR,1,3908,Cam Newton,NewtCa00
2018_01_HOU_NE,2018,1,REG,2018-09-09,HOU,NE,away,HOU,1,3918,Deshaun Watson,WatsDe00
2018_01_HOU_NE,2018,1,REG,2018-09-09,HOU,NE,home,NE,1,3896,Tom Brady,BradTo00
2018_01_JAX_NYG,2018,1,REG,2018-09-09,JAX,NYG,away,JAX,1,3894,Blake Bortles,BortBl00
2018_01_JAX_NYG,2018,1,REG,2018-09-09,JAX,NYG,home,NYG,1,3906,Eli Manning,MannEl00
2018_01_KC_LAC,2018,1,REG,2018-09-09,KC,LAC,away,KC,1,3905,Patrick Mahomes,MahoPa00
2018_01_KC_LAC,2018,1,REG,2018-09-09,KC,LAC,home,LAC,1,3911,Philip Rivers,RivePh00
2018_01_LA_OAK,2018,1,REG,2018-09-10,LAR,LV,away,LAR,1,3892,Jared Goff,GoffJa00
2018_01_LA_OAK,2018,1,REG,2018-09-10,LAR,LV,home,LV,1,3890,Derek Carr,CarrDe02
2018_01_NYJ_DET,2018,1,REG,2018-09-10,NYJ,DET,away,NYJ,1,3891,Sam Darnold,DarnSa00
2018_01_NYJ_DET,2018,1,REG,2018-09-10,NYJ,DET,home,DET,1,3893,Matthew Stafford,StafMa00
2018_01_PIT_CLE,2018,1,REG,2018-09-09,PIT,CLE,away,PIT,1,3913,Ben Roethlisberger,RoetBe00
2018_01_PIT_CLE,2018,1,REG,2018-09-09,PIT,CLE,home,CLE,1,3916,Tyrod Taylor,TaylTy00
2018_01_SEA_DEN,2018,1,REG,2018-09-09,SEA,DEN,away,SEA,1,3919,Russell Wilson,WilsRu00
2018_01_SEA_DEN,2018,1,REG,2018-09-09,SEA,DEN,home,DEN,1,3903,Case Keenum,KeenCa00
2018_01_SF_MIN,2018,1,REG,2018-09-09,SF,MIN,away,SF,1,3902,Jimmy Garoppolo,GaroJi00
2018_01_SF_MIN,2018,1,REG,2018-09-09,SF,MIN,home,MIN,1,3898,Kirk Cousins,CousKi00
2018_01_TB_NO,2018,1,REG,2018-09-09,TB,NO,away,TB,1,3900,Ryan Fitzpatrick,FitzRy00
2018_01_TB_NO,2018,1,REG,2018-09-09,TB,NO,home,NO,1,3897,Drew Brees,BreeDr00
2018_01_TEN_MIA,2018,1,REG,2018-09-09,TEN,MIA,away,TEN,1,3907,Marcus Mariota,MariMa01
2018_01_TEN_MIA,2018,1,REG,2018-09-09,TEN,MIA,home,MIA,1,3915,Ryan Tannehill,TannRy00
2018_01_WAS_ARI,2018,1,REG,2018-09-09,WAS,ARI,away,WAS,1,3914,Alex Smith,SmitAl03
2018_01_WAS_ARI,2018,1,REG,2018-09-09,WAS,ARI,home,ARI,1,3895,Sam Bradford,BradSa00
2018_02_ARI_LA,2018,2,REG,2018-09-16,ARI,LAR,away,ARI,1,3862,Sam Bradford,BradSa00
2018_02_ARI_LA,2018,2,REG,2018-09-16,ARI,LAR,home,LAR,1,3872,Jared Goff,GoffJa00
2018_02_BAL_CIN,2018,2,REG,2018-09-13,BAL,CIN,away,BAL,1,3889,Joe Flacco,FlacJo00
2018_02_BAL_CIN,2018,2,REG,2018-09-13,BAL,CIN,home,CIN,1,3888,Andy Dalton,DaltAn00
2018_02_CAR_ATL,2018,2,REG,2018-09-16,CAR,ATL,away,CAR,1,3877,Cam Newton,NewtCa00
2018_02_CAR_ATL,2018,2,REG,2018-09-16,CAR,ATL,home,ATL,1,3882,Matt Ryan,RyanMa00
2018_02_CLE_NO,2018,2,REG,2018-09-16,CLE,NO,away,CLE,1,3886,Tyrod Taylor,TaylTy00
2018_02_CLE_NO,2018,2,REG,2018-09-16,CLE,NO,home,NO,1,3864,Drew Brees,BreeDr00
2018_02_DET_SF,2018,2,REG,2018-09-16,DET,SF,away,DET,1,3884,Matthew Stafford,StafMa00
2018_02_DET_SF,2018,2,REG,2018-09-16,DET,SF,home,SF,1,3871,Jimmy Garoppolo,GaroJi00
2018_02_HOU_TEN,2018,2,REG,2018-09-16,HOU,TEN,away,HOU,1,3887,Deshaun Watson,WatsDe00
2018_02_HOU_TEN,2018,2,REG,2018-09-16,HOU,TEN,home,TEN,1,3870,Blaine Gabbert,GabbBl00
2018_02_IND_WAS,2018,2,REG,2018-09-16,IND,WAS,away,IND,1,3874,Andrew Luck,LuckAn00
2018_02_IND_WAS,2018,2,REG,2018-09-16,IND,WAS,home,WAS,1,3883,Alex Smith,SmitAl03
2018_02_KC_PIT,2018,2,REG,2018-09-16,KC,PIT,away,KC,1,3875,Patrick Mahomes,MahoPa00
2018_02_KC_PIT,2018,2,REG,2018-09-16,KC,PIT,home,PIT,1,3881,Ben Roethlisberger,RoetBe00
2018_02_LAC_BUF,2018,2,REG,2018-09-16,LAC,BUF,away,LAC,1,3879,Philip Rivers,RivePh00
2018_02_LAC_BUF,2018,2,REG,2018-09-16,LAC,BUF,home,BUF,1,3860,Josh Allen,AlleJo02
2018_02_MIA_NYJ,2018,2,REG,2018-09-16,MIA,NYJ,away,MIA,1,3885,Ryan Tannehill,TannRy00
2018_02_MIA_NYJ,2018,2,REG,2018-09-16,MIA,NYJ,home,NYJ,1,3867,Sam Darnold,DarnSa00
2018_02_MIN_GB,2018,2,REG,2018-09-16,MIN,GB,away,MIN,1,3866,Kirk Cousins,CousKi00
2018_02_MIN_GB,2018,2,REG,2018-09-16,MIN,GB,home,GB,1,3880,Aaron Rodgers,RodgAa00
2018_02_NE_JAX,2018,2,REG,2018-09-16,NE,JAX,away,NE,1,3863,Tom Brady,BradTo00
2018_02_NE_JAX,2018,2,REG,2018-09-16,NE,JAX,home,JAX,1,3861,Blake Bortles,BortBl00
2018_02_NYG_DAL,2018,2,REG,2018-09-16,NYG,DAL,away,NYG,1,3876,Eli Manning,MannEl00
2018_02_NYG_DAL,2018,2,REG,2018-09-16,NYG,DAL,home,DAL,1,3878,Dak Prescott,PresDa01
2018_02_OAK_DEN,2018,2,REG,2018-09-16,LV,DEN,away,LV,1,3865,Derek Carr,CarrDe02
2018_02_OAK_DEN,2018,2,REG,2018-09-16,LV,DEN,home,DEN,1,3873,Case Keenum,KeenCa00
2018_02_PHI_TB,2018,2,REG,2018-09-16,PHI,TB,away,PHI,1,3869,Nick Foles,FoleNi00
2018_02_PHI_TB,2018,2,REG,2018-09-16,PHI,TB,home,TB,1,3868,Ryan Fitzpatrick,FitzRy00
2018_02_SEA_CHI,2018,2,REG,2018-09-17,SEA,CHI,away,SEA,1,3859,Russell Wilson,WilsRu00
2018_02_SEA_CHI,2018,2,REG,2018-09-17,SEA,CHI,home,CHI,1,3858,Mitchell Trubisky,TrubMi00
2018_03_BUF_MIN,2018,3,REG,2018-09-23,BUF,MIN,away,BUF,1,3828,Josh Allen,AlleJo02
2018_03_BUF_MIN,2018,3,REG,2018-09-23,BUF,MIN,home,MIN,1,3834,Kirk Cousins,CousKi00
2018_03_CHI_ARI,2018,3,REG,2018-09-23,CHI,ARI,away,CHI,1,3852,Mitchell Trubisky,TrubMi00
2018_03_CHI_ARI,2018,3,REG,2018-09-23,CHI,ARI,home,ARI,1,3830,Sam Bradford,BradSa00
2018_03_CIN_CAR,2018,3,REG,2018-09-23,CIN,CAR,away,CIN,1,3835,Andy Dalton,DaltAn00
2018_03_CIN_CAR,2018,3,REG,2018-09-23,CIN,CAR,home,CAR,1,3844,Cam Newton,NewtCa00
2018_03_DAL_SEA,2018,3,REG,2018-09-23,DAL,SEA,away,DAL,1,3845,Dak Prescott,PresDa01
2018_03_DAL_SEA,2018,3,REG,2018-09-23,DAL,SEA,home,SEA,1,3855,Russell Wilson,WilsRu00
2018_03_DEN_BAL,2018,3,REG,2018-09-23,DEN,BAL,away,DEN,1,3840,Case Keenum,KeenCa00
2018_03_DEN_BAL,2018,3,REG,2018-09-23,DEN,BAL,home,BAL,1,3836,Joe Flacco,FlacJo00
2018_03_GB_WAS,2018,3,REG,2018-09-23,GB,WAS,away,GB,1,3847,Aaron Rodgers,RodgAa00
2018_03_GB_WAS,2018,3,REG,2018-09-23,GB,WAS,home,WAS,1,3849,Alex Smith,SmitAl03
2018_03_IND_PHI,2018,3,REG,2018-09-23,IND,PHI,away,IND,1,3841,Andrew Luck,LuckAn00
2018_03_IND_PHI,2018,3,REG,2018-09-23,IND,PHI,home,PHI,1,3854,Carson Wentz,WentCa00
2018_03_LAC_LA,2018,3,REG,2018-09-23,LAC,LAR,away,LAC,1,3846,Philip Rivers,RivePh00
2018_03_LAC_LA,2018,3,REG,2018-09-23,LAC,LAR,home,LAR,1,3839,Jared Goff,GoffJa00
2018_03_NE_DET,2018,3,REG,2018-09-23,NE,DET,away,NE,1,3831,Tom Brady,BradTo00
2018_03_NE_DET,2018,3,REG,2018-09-23,NE,DET,home,DET,1,3850,Matthew Stafford,StafMa00
2018_03_NO_ATL,2018,3,REG,2018-09-23,NO,ATL,away,NO,1,3832,Drew Brees,BreeDr00
2018_03_NO_ATL,2018,3,REG,2018-09-23,NO,ATL,home,ATL,1,3848,Matt Ryan,RyanMa00
2018_03_NYG_HOU,2018,3,REG,2018-09-23,NYG,HOU,away,NYG,1,3843,Eli Manning,MannEl00
2018_03_NYG_HOU,2018,3,REG,2018-09-23,NYG,HOU,home,HOU,1,3853,Deshaun Watson,WatsDe00
2018_03_NYJ_CLE,2018,3,REG,2018-09-20,NYJ,CLE,away,NYJ,1,3856,Sam Darnold,DarnSa00
2018_03_NYJ_CLE,2018,3,REG,2018-09-20,NYJ,CLE,home,CLE,1,3857,Tyrod Taylor,TaylTy00
2018_03_OAK_MIA,2018,3,REG,2018-09-23,LV,MIA,away,LV,1,3833,Derek Carr,CarrDe02
2018_03_OAK_MIA,2018,3,REG,2018-09-23,LV,MIA,home,MIA,1,3851,Ryan Tannehill,TannRy00
2018_03_PIT_TB,2018,3,REG,2018-09-24,PIT,TB,away,PIT,1,3827,Ben Roethlisberger,RoetBe00
2018_03_PIT_TB,2018,3,REG,2018-09-24,PIT,TB,home,TB,1,3826,Ryan Fitzpatrick,FitzRy00
2018_03_SF_KC,2018,3,REG,2018-09-23,SF,KC,away,SF,1,3838,Jimmy Garoppolo,GaroJi00
2018_03_SF_KC,2018,3,REG,2018-09-23,SF,KC,home,KC,1,3842,Patrick Mahomes,MahoPa00
2018_03_TEN_JAX,2018,3,REG,2018-09-23,TEN,JAX,away,TEN,1,3837,Blaine Gabbert,GabbBl00
2018_03_TEN_JAX,2018,3,REG,2018-09-23,TEN,JAX,home,JAX,1,3829,Blake Bortles,BortBl00
2018_04_BAL_PIT,2018,4,REG,2018-09-30,BAL,PIT,away,BAL,1,3807,Joe Flacco,FlacJo00
2018_04_BAL_PIT,2018,4,REG,2018-09-30,BAL,PIT,home,PIT,1,3815,Ben Roethlisberger,RoetBe00
2018_04_BUF_GB,2018,4,REG,2018-09-30,BUF,GB,away,BUF,1,3798,Josh Allen,AlleJo02
2018_04_BUF_GB,2018,4,REG,2018-09-30,BUF,GB,home,GB,1,3814,Aaron Rodgers,RodgAa00
2018_04_CIN_ATL,2018,4,REG,2018-09-30,CIN,ATL,away,CIN,1,3804,Andy Dalton,DaltAn00
2018_04_CIN_ATL,2018,4,REG,2018-09-30,CIN,ATL,home,ATL,1,3817,Matt Ryan,RyanMa00
2018_04_CLE_OAK,2018,4,REG,2018-09-30,CLE,LV,away,CLE,1,3811,Baker Mayfield,MayfBa00
2018_04_CLE_OAK,2018,4,REG,2018-09-30,CLE,LV,home,LV,1,3803,Derek Carr,CarrDe02
2018_04_DET_DAL,2018,4,REG,2018-09-30,DET,DAL,away,DET,1,3818,Matthew Stafford,StafMa00
2018_04_DET_DAL,2018,4,REG,2018-09-30,DET,DAL,home,DAL,1,3812,Dak Prescott,PresDa01
2018_04_HOU_IND,2018,4,REG,2018-09-30,HOU,IND,away,HOU,1,3821,Deshaun Watson,WatsDe00
2018_04_HOU_IND,2018,4,REG,2018-09-30,HOU,IND,home,IND,1,3808,Andrew Luck,LuckAn00
2018_04_KC_DEN,2018,4,REG,2018-10-01,KC,DEN,away,KC,1,3797,Patrick Mahomes,MahoPa00
2018_04_KC_DEN,2018,4,REG,2018-10-01,KC,DEN,home,DEN,1,3796,Case Keenum,KeenCa00
2018_04_MIA_NE,2018,4,REG,2018-09-30,MIA,NE,away,MIA,1,3819,Ryan Tannehill,TannRy00
2018_04_MIA_NE,2018,4,REG,2018-09-30,MIA,NE,home,NE,1,3801,Tom Brady,BradTo00
2018_04_MIN_LA,2018,4,REG,2018-09-27,MIN,LAR,away,MIN,1,3824,Kirk Cousins,CousKi00
2018_04_MIN_LA,2018,4,REG,2018-09-27,MIN,LAR,home,LAR,1,3825,Jared Goff,GoffJa00
2018_04_NO_NYG,2018,4,REG,2018-09-30,NO,NYG,away,NO,1,3802,Drew Brees,BreeDr00
2018_04_NO_NYG,2018,4,REG,2018-09-30,NO,NYG,home,NYG,1,3809,Eli Manning,MannEl00
2018_04_NYJ_JAX,2018,4,REG,2018-09-30,NYJ,JAX,away,NYJ,1,3805,Sam Darnold,DarnSa00
2018_04_NYJ_JAX,2018,4,REG,2018-09-30,NYJ,JAX,home,JAX,1,3800,Blake Bortles,BortBl00
2018_04_PHI_TEN,2018,4,REG,2018-09-30,PHI,TEN,away,PHI,1,3822,Carson Wentz,WentCa00
2018_04_PHI_TEN,2018,4,REG,2018-09-30,PHI,TEN,home,TEN,1,3810,Marcus Mariota,MariMa01
2018_04_SEA_ARI,2018,4,REG,2018-09-30,SEA,ARI,away,SEA,1,3823,Russell Wilson,WilsRu00
2018_04_SEA_ARI,2018,4,REG,2018-09-30,SEA,ARI,home,ARI,1,3816,Josh Rosen,RoseJo01
2018_04_SF_LAC,2018,4,REG,2018-09-30,SF,LAC,away,SF,1,3799,C.J. Beathard,BeatC.00
2018_04_SF_LAC,2018,4,REG,2018-09-30,SF,LAC,home,LAC,1,3813,Philip Rivers,RivePh00
2018_04_TB_CHI,2018,4,REG,2018-09-30,TB,CHI,away,TB,1,3806,Ryan Fitzpatrick,FitzRy00
2018_04_TB_CHI,2018,4,REG,2018-09-30,TB,CHI,home,CHI,1,3820,Mitchell Trubisky,TrubMi00
2018_05_ARI_SF,2018,5,REG,2018-10-07,ARI,SF,away,ARI,1,3787,Josh Rosen,RoseJo01
2018_05_ARI_SF,2018,5,REG,2018-10-07,ARI,SF,home,SF,1,3769,C.J. Beathard,BeatC.00
2018_05_ATL_PIT,2018,5,REG,2018-10-07,ATL,PIT,away,ATL,1,3788,Matt Ryan,RyanMa00
2018_05_ATL_PIT,2018,5,REG,2018-10-07,ATL,PIT,home,PIT,1,3786,Ben Roethlisberger,RoetBe00
2018_05_BAL_CLE,2018,5,REG,2018-10-07,BAL,CLE,away,BAL,1,3775,Joe Flacco,FlacJo00
2018_05_BAL_CLE,2018,5,REG,2018-10-07,BAL,CLE,home,CLE,1,3781,Baker Mayfield,MayfBa00
2018_05_DAL_HOU,2018,5,REG,2018-10-07,DAL,HOU,away,DAL,1,3783,Dak Prescott,PresDa01
2018_05_DAL_HOU,2018,5,REG,2018-10-07,DAL,HOU,home,HOU,1,3791,Deshaun Watson,WatsDe00
2018_05_DEN_NYJ,2018,5,REG,2018-10-07,DEN,NYJ,away,DEN,1,3777,Case Keenum,KeenCa00
2018_05_DEN_NYJ,2018,5,REG,2018-10-07,DEN,NYJ,home,NYJ,1,3774,Sam Darnold,DarnSa00
2018_05_GB_DET,2018,5,REG,2018-10-07,GB,DET,away,GB,1,3785,Aaron Rodgers,RodgAa00
2018_05_GB_DET,2018,5,REG,2018-10-07,GB,DET,home,DET,1,3789,Matthew Stafford,StafMa00
2018_05_IND_NE,2018,5,REG,2018-10-04,IND,NE,away,IND,1,3795,Andrew Luck,LuckAn00
2018_05_IND_NE,2018,5,REG,2018-10-04,IND,NE,home,NE,1,3794,Tom Brady,BradTo00
2018_05_JAX_KC,2018,5,REG,2018-10-07,JAX,KC,away,JAX,1,3770,Blake Bortles,BortBl00
2018_05_JAX_KC,2018,5,REG,2018-10-07,JAX,KC,home,KC,1,3778,Patrick Mahomes,MahoPa00
2018_05_LA_SEA,2018,5,REG,2018-10-07,LAR,SEA,away,LAR,1,3776,Jared Goff,GoffJa00
2018_05_LA_SEA,2018,5,REG,2018-10-07,LAR,SEA,home,SEA,1,3793,Russell Wilson,WilsRu00
2018_05_MIA_CIN,2018,5,REG,2018-10-07,MIA,CIN,away,MIA,1,3790,Ryan Tannehill,TannRy00
2018_05_MIA_CIN,2018,5,REG,2018-10-07,MIA,CIN,home,CIN,1,3773,Andy Dalton,DaltAn00
2018_05_MIN_PHI,2018,5,REG,2018-10-07,MIN,PHI,away,MIN,1,3772,Kirk Cousins,CousKi00
2018_05_MIN_PHI,2018,5,REG,2018-10-07,MIN,PHI,home,PHI,1,3792,Carson Wentz,WentCa00
2018_05_NYG_CAR,2018,5,REG,2018-10-07,NYG,CAR,away,NYG,1,3779,Eli Manning,MannEl00
2018_05_NYG_CAR,2018,5,REG,2018-10-07,NYG,CAR,home,CAR,1,3782,Cam Newton,NewtCa00
2018_05_OAK_LAC,2018,5,REG,2018-10-07,LV,LAC,away,LV,1,3771,Derek Carr,CarrDe02
2018_05_OAK_LAC,2018,5,REG,2018-10-07,LV,LAC,home,LAC,1,3784,Philip Rivers,RivePh00
2018_05_TEN_BUF,2018,5,REG,2018-10-07,TEN,BUF,away,TEN,1,3780,Marcus Mariota,MariMa01
2018_05_TEN_BUF,2018,5,REG,2018-10-07,TEN,BUF,home,BUF,1,3768,Josh Allen,AlleJo02
2018_05_WAS_NO,2018,5,REG,2018-10-08,WAS,NO,away,WAS,1,3767,Alex Smith,SmitAl03
2018_05_WAS_NO,2018,5,REG,2018-10-08,WAS,NO,home,NO,1,3766,Drew Brees,BreeDr00
2018_06_ARI_MIN,2018,6,REG,2018-10-14,ARI,MIN,away,ARI,1,3757,Josh Rosen,RoseJo01
2018_06_ARI_MIN,2018,6,REG,2018-10-14,ARI,MIN,home,MIN,1,3742,Kirk Cousins,CousKi00
2018_06_BAL_TEN,2018,6,REG,2018-10-14,BAL,TEN,away,BAL,1,3745,Joe Flacco,FlacJo00
2018_06_BAL_TEN,2018,6,REG,2018-10-14,BAL,TEN,home,TEN,1,3750,Marcus Mariota,MariMa01
2018_06_BUF_HOU,2018,6,REG,2018-10-14,BUF,HOU,away,BUF,1,3738,Josh Allen,AlleJo02
2018_06_BUF_HOU,2018,6,REG,2018-10-14,BUF,HOU,home,HOU,1,3761,Deshaun Watson,WatsDe00
2018_06_CAR_WAS,2018,6,REG,2018-10-14,CAR,WAS,away,CAR,1,3752,Cam Newton,NewtCa00
2018_06_CAR_WAS,2018,6,REG,2018-10-14,CAR,WAS,home,WAS,1,3759,Alex Smith,SmitAl03
2018_06_CHI_MIA,2018,6,REG,2018-10-14,CHI,MIA,away,CHI,1,3760,Mitchell Trubisky,TrubMi00
2018_06_CHI_MIA,2018,6,REG,2018-10-14,CHI,MIA,home,MIA,1,3753,Brock Osweiler,OsweBr00
2018_06_IND_NYJ,2018,6,REG,2018-10-14,IND,NYJ,away,IND,1,3748,Andrew Luck,LuckAn00
2018_06_IND_NYJ,2018,6,REG,2018-10-14,IND,NYJ,home,NYJ,1,3744,Sam Darnold,DarnSa00
2018_06_JAX_DAL,2018,6,REG,2018-10-14,JAX,DAL,away,JAX,1,3739,Blake Bortles,BortBl00
2018_06_JAX_DAL,2018,6,REG,2018-10-14,JAX,DAL,home,DAL,1,3754,Dak Prescott,PresDa01
2018_06_KC_NE,2018,6,REG,2018-10-14,KC,NE,away,KC,1,3749,Patrick Mahomes,MahoPa00
2018_06_KC_NE,2018,6,REG,2018-10-14,KC,NE,home,NE,1,3740,Tom Brady,BradTo00
2018_06_LAC_CLE,2018,6,REG,2018-10-14,LAC,CLE,away,LAC,1,3755,Philip Rivers,RivePh00
2018_06_LAC_CLE,2018,6,REG,2018-10-14,LAC,CLE,home,CLE,1,3751,Baker Mayfield,MayfBa00
2018_06_LA_DEN,2018,6,REG,2018-10-14,LAR,DEN,away,LAR,1,3746,Jared Goff,GoffJa00
2018_06_LA_DEN,2018,6,REG,2018-10-14,LAR,DEN,home,DEN,1,3747,Case Keenum,KeenCa00
2018_06_PHI_NYG,2018,6,REG,2018-10-11,PHI,NYG,away,PHI,1,3765,Carson Wentz,WentCa00
2018_06_PHI_NYG,2018,6,REG,2018-10-11,PHI,NYG,home,NYG,1,3764,Eli Manning,MannEl00
2018_06_PIT_CIN,2018,6,REG,2018-10-14,PIT,CIN,away,PIT,1,3756,Ben Roethlisberger,RoetBe00
2018_06_PIT_CIN,2018,6,REG,2018-10-14,PIT,CIN,home,CIN,1,3743,Andy Dalton,DaltAn00
2018_06_SEA_OAK,2018,6,REG,2018-10-14,SEA,LV,away,SEA,1,3762,Russell Wilson,WilsRu00
2018_06_SEA_OAK,2018,6,REG,2018-10-14,SEA,LV,home,LV,1,3741,Derek Carr,CarrDe02
2018_06_SF_GB,2018,6,REG,2018-10-15,SF,GB,away,SF,1,3736,C.J. Beathard,BeatC.00
2018_06_SF_GB,2018,6,REG,2018-10-15,SF,GB,home,GB,1,3737,Aaron Rodgers,RodgAa00
2018_06_TB_ATL,2018,6,REG,2018-10-14,TB,ATL,away,TB,1,3763,Jameis Winston,WinsJa00
2018_06_TB_ATL,2018,6,REG,2018-10-14,TB,ATL,home,ATL,1,3758,Matt Ryan,RyanMa00
2018_07_BUF_IND,2018,7,REG,2018-10-21,BUF,IND,away,BUF,1,3710,Derek Anderson,AndeDe00
2018_07_BUF_IND,2018,7,REG,2018-10-21,BUF,IND,home,IND,1,3720,Andrew Luck,LuckAn00
2018_07_CAR_PHI,2018,7,REG,2018-10-21,CAR,PHI,away,CAR,1,3724,Cam Newton,NewtCa00
2018_07_CAR_PHI,2018,7,REG,2018-10-21,CAR,PHI,home,PHI,1,3732,Carson Wentz,WentCa00
2018_07_CIN_KC,2018,7,REG,2018-10-21,CIN,KC,away,CIN,1,3716,Andy Dalton,DaltAn00
2018_07_CIN_KC,2018,7,REG,2018-10-21,CIN,KC,home,KC,1,3721,Patrick Mahomes,MahoPa00
2018_07_CLE_TB,2018,7,REG,2018-10-21,CLE,TB,away,CLE,1,3723,Baker Mayfield,MayfBa00
2018_07_CLE_TB,2018,7,REG,2018-10-21,CLE,TB,home,TB,1,3733,Jameis Winston,WinsJa00
2018_07_DAL_WAS,2018,7,REG,2018-10-21,DAL,WAS,away,DAL,1,3726,Dak Prescott,PresDa01
2018_07_DAL_WAS,2018,7,REG,2018-10-21,DAL,WAS,home,WAS,1,3728,Alex Smith,SmitAl03
2018_07_DEN_ARI,2018,7,REG,2018-10-18,DEN,ARI,away,DEN,1,3734,Case Keenum,KeenCa00
2018_07_DEN_ARI,2018,7,REG,2018-10-18,DEN,ARI,home,ARI,1,3735,Josh Rosen,RoseJo01
2018_07_DET_MIA,2018,7,REG,2018-10-21,DET,MIA,away,DET,1,3729,Matthew Stafford,StafMa00
2018_07_DET_MIA,2018,7,REG,2018-10-21,DET,MIA,home,MIA,1,3725,Brock Osweiler,OsweBr00
2018_07_HOU_JAX,2018,7,REG,2018-10-21,HOU,JAX,away,HOU,1,3731,Deshaun Watson,WatsDe00
2018_07_HOU_JAX,2018,7,REG,2018-10-21,HOU,JAX,home,JAX,1,3712,Blake Bortles,BortBl00
2018_07_LA_SF,2018,7,REG,2018-10-21,LAR,SF,away,LAR,1,3719,Jared Goff,GoffJa00
2018_07_LA_SF,2018,7,REG,2018-10-21,LAR,SF,home,SF,1,3711,C.J. Beathard,BeatC.00
2018_07_MIN_NYJ,2018,7,REG,2018-10-21,MIN,NYJ,away,MIN,1,3715,Kirk Cousins,CousKi00
2018_07_MIN_NYJ,2018,7,REG,2018-10-21,MIN,NYJ,home,NYJ,1,3717,Sam Darnold,DarnSa00
2018_07_NE_CHI,2018,7,REG,2018-10-21,NE,CHI,away,NE,1,3713,Tom Brady,BradTo00
2018_07_NE_CHI,2018,7,REG,2018-10-21,NE,CHI,home,CHI,1,3730,Mitchell Trubisky,TrubMi00
2018_07_NO_BAL,2018,7,REG,2018-10-21,NO,BAL,away,NO,1,3714,Drew Brees,BreeDr00
2018_07_NO_BAL,2018,7,REG,2018-10-21,NO,BAL,home,BAL,1,3718,Joe Flacco,FlacJo00
2018_07_NYG_ATL,2018,7,REG,2018-10-22,NYG,ATL,away,NYG,1,3708,Eli Manning,MannEl00
2018_07_NYG_ATL,2018,7,REG,2018-10-22,NYG,ATL,home,ATL,1,3709,Matt Ryan,RyanMa00
2018_07_TEN_LAC,2018,7,REG,2018-10-21,TEN,LAC,away,TEN,1,3722,Marcus Mariota,MariMa01
2018_07_TEN_LAC,2018,7,REG,2018-10-21,TEN,LAC,home,LAC,1,3727,Philip Rivers,RivePh00
2018_08_BAL_CAR,2018,8,REG,2018-10-28,BAL,CAR,away,BAL,1,3688,Joe Flacco,FlacJo00
2018_08_BAL_CAR,2018,8,REG,2018-10-28,BAL,CAR,home,CAR,1,3696,Cam Newton,NewtCa00
2018_08_CLE_PIT,2018,8,REG,2018-10-28,CLE,PIT,away,CLE,1,3695,Baker Mayfield,MayfBa00
2018_08_CLE_PIT,2018,8,REG,2018-10-28,CLE,PIT,home,PIT,1,3698,Ben Roethlisberger,RoetBe00
2018_08_DEN_KC,2018,8,REG,2018-10-28,DEN,KC,away,DEN,1,3691,Case Keenum,KeenCa00
2018_08_DEN_KC,2018,8,REG,2018-10-28,DEN,KC,home,KC,1,3693,Patrick Mahomes,MahoPa00
2018_08_GB_LA,2018,8,REG,2018-10-28,GB,LAR,away,GB,1,3697,Aaron Rodgers,RodgAa00
2018_08_GB_LA,2018,8,REG,2018-10-28,GB,LAR,home,LAR,1,3689,Jared Goff,GoffJa00
2018_08_IND_OAK,2018,8,REG,2018-10-28,IND,LV,away,IND,1,3692,Andrew Luck,LuckAn00
2018_08_IND_OAK,2018,8,REG,2018-10-28,IND,LV,home,LV,1,3684,Derek Carr,CarrDe02
2018_08_MIA_HOU,2018,8,REG,2018-10-25,MIA,HOU,away,MIA,1,3706,Brock Osweiler,OsweBr00
2018_08_MIA_HOU,2018,8,REG,2018-10-25,MIA,HOU,home,HOU,1,3707,Deshaun Watson,WatsDe00
2018_08_NE_BUF,2018,8,REG,2018-10-29,NE,BUF,away,NE,1,3680,Tom Brady,BradTo00
2018_08_NE_BUF,2018,8,REG,2018-10-29,NE,BUF,home,BUF,1,3679,Derek Anderson,AndeDe00
2018_08_NO_MIN,2018,8,REG,2018-10-28,NO,MIN,away,NO,2,3683|3690,Drew Brees|Taysom Hill,BreeDr00|HillTa00
2018_08_NO_MIN,2018,8,REG,2018-10-28,NO,MIN,home,MIN,1,3685,Kirk Cousins,CousKi00
2018_08_NYJ_CHI,2018,8,REG,2018-10-28,NYJ,CHI,away,NYJ,1,3687,Sam Darnold,DarnSa00
2018_08_NYJ_CHI,2018,8,REG,2018-10-28,NYJ,CHI,home,CHI,1,3702,Mitchell Trubisky,TrubMi00
2018_08_PHI_JAX,2018,8,REG,2018-10-28,PHI,JAX,away,PHI,1,3703,Carson Wentz,WentCa00
2018_08_PHI_JAX,2018,8,REG,2018-10-28,PHI,JAX,home,JAX,1,3682,Blake Bortles,BortBl00
2018_08_SEA_DET,2018,8,REG,2018-10-28,SEA,DET,away,SEA,1,3704,Russell Wilson,WilsRu00
2018_08_SEA_DET,2018,8,REG,2018-10-28,SEA,DET,home,DET,1,3701,Matthew Stafford,StafMa00
2018_08_SF_ARI,2018,8,REG,2018-10-28,SF,ARI,away,SF,1,3681,C.J. Beathard,BeatC.00
2018_08_SF_ARI,2018,8,REG,2018-10-28,SF,ARI,home,ARI,1,3699,Josh Rosen,RoseJo01
2018_08_TB_CIN,2018,8,REG,2018-10-28,TB,CIN,away,TB,1,3705,Jameis Winston,WinsJa00
2018_08_TB_CIN,2018,8,REG,2018-10-28,TB,CIN,home,CIN,1,3686,Andy Dalton,DaltAn00
2018_08_WAS_NYG,2018,8,REG,2018-10-28,WAS,NYG,away,WAS,1,3700,Alex Smith,SmitAl03
2018_08_WAS_NYG,2018,8,REG,2018-10-28,WAS,NYG,home,NYG,1,3694,Eli Manning,MannEl00
2018_09_ATL_WAS,2018,9,REG,2018-11-04,ATL,WAS,away,ATL,1,3671,Matt Ryan,RyanMa00
2018_09_ATL_WAS,2018,9,REG,2018-11-04,ATL,WAS,home,WAS,1,3672,Alex Smith,SmitAl03
2018_09_CHI_BUF,2018,9,REG,2018-11-04,CHI,BUF,away,CHI,1,3674,Mitchell Trubisky,TrubMi00
2018_09_CHI_BUF,2018,9,REG,2018-11-04,CHI,BUF,home,BUF,1,3667,Nathan Peterman,PeteNa00
2018_09_DET_MIN,2018,9,REG,2018-11-04,DET,MIN,away,DET,1,3673,Matthew Stafford,StafMa00
2018_09_DET_MIN,2018,9,REG,2018-11-04,DET,MIN,home,MIN,1,3657,Kirk Cousins,CousKi00
2018_09_GB_NE,2018,9,REG,2018-11-04,GB,NE,away,GB,1,3669,Aaron Rodgers,RodgAa00
2018_09_GB_NE,2018,9,REG,2018-11-04,GB,NE,home,NE,1,3655,Tom Brady,BradTo00
2018_09_HOU_DEN,2018,9,REG,2018-11-04,HOU,DEN,away,HOU,1,3675,Deshaun Watson,WatsDe00
2018_09_HOU_DEN,2018,9,REG,2018-11-04,HOU,DEN,home,DEN,1,3662,Case Keenum,KeenCa00
2018_09_KC_CLE,2018,9,REG,2018-11-04,KC,CLE,away,KC,1,3663,Patrick Mahomes,MahoPa00
2018_09_KC_CLE,2018,9,REG,2018-11-04,KC,CLE,home,CLE,1,3664,Baker Mayfield,MayfBa00
2018_09_LAC_SEA,2018,9,REG,2018-11-04,LAC,SEA,away,LAC,1,3668,Philip Rivers,RivePh00
2018_09_LAC_SEA,2018,9,REG,2018-11-04,LAC,SEA,home,SEA,1,3676,Russell Wilson,WilsRu00
2018_09_LA_NO,2018,9,REG,2018-11-04,LAR,NO,away,LAR,1,3661,Jared Goff,GoffJa00
2018_09_LA_NO,2018,9,REG,2018-11-04,LAR,NO,home,NO,1,3656,Drew Brees,BreeDr00
2018_09_NYJ_MIA,2018,9,REG,2018-11-04,NYJ,MIA,away,NYJ,1,3658,Sam Darnold,DarnSa00
2018_09_NYJ_MIA,2018,9,REG,2018-11-04,NYJ,MIA,home,MIA,1,3666,Brock Osweiler,OsweBr00
2018_09_OAK_SF,2018,9,REG,2018-11-01,LV,SF,away,LV,1,3677,Derek Carr,CarrDe02
2018_09_OAK_SF,2018,9,REG,2018-11-01,LV,SF,home,SF,1,3678,Nick Mullens,MullNi00
2018_09_PIT_BAL,2018,9,REG,2018-11-04,PIT,BAL,away,PIT,1,3670,Ben Roethlisberger,RoetBe00
2018_09_PIT_BAL,2018,9,REG,2018-11-04,PIT,BAL,home,BAL,1,3660,Joe Flacco,FlacJo00
2018_09_TB_CAR,2018,9,REG,2018-11-04,TB,CAR,away,TB,1,3659,Ryan Fitzpatrick,FitzRy00
2018_09_TB_CAR,2018,9,REG,2018-11-04,TB,CAR,home,CAR,1,3665,Cam Newton,NewtCa00
2018_09_TEN_DAL,2018,9,REG,2018-11-05,TEN,DAL,away,TEN,1,3653,Marcus Mariota,MariMa01
2018_09_TEN_DAL,2018,9,REG,2018-11-05,TEN,DAL,home,DAL,1,3654,Dak Prescott,PresDa01
2018_10_ARI_KC,2018,10,REG,2018-11-11,ARI,KC,away,ARI,1,3644,Josh Rosen,RoseJo01
2018_10_ARI_KC,2018,10,REG,2018-11-11,ARI,KC,home,KC,1,3636,Patrick Mahomes,MahoPa00
2018_10_ATL_CLE,2018,10,REG,2018-11-11,ATL,CLE,away,ATL,1,3645,Matt Ryan,RyanMa00
2018_10_ATL_CLE,2018,10,REG,2018-11-11,ATL,CLE,home,CLE,1,3638,Baker Mayfield,MayfBa00
2018_10_BUF_NYJ,2018,10,REG,2018-11-11,BUF,NYJ,away,BUF,1,3626,Matt Barkley,BarkMa00
2018_10_BUF_NYJ,2018,10,REG,2018-11-11,BUF,NYJ,home,NYJ,1,3639,Josh McCown,McCoJo01
2018_10_CAR_PIT,2018,10,REG,2018-11-08,CAR,PIT,away,CAR,1,3651,Cam Newton,NewtCa00
2018_10_CAR_PIT,2018,10,REG,2018-11-08,CAR,PIT,home,PIT,1,3652,Ben Roethlisberger,RoetBe00
2018_10_DAL_PHI,2018,10,REG,2018-11-11,DAL,PHI,away,DAL,1,3641,Dak Prescott,PresDa01
2018_10_DAL_PHI,2018,10,REG,2018-11-11,DAL,PHI,home,PHI,1,3649,Carson Wentz,WentCa00
2018_10_DET_CHI,2018,10,REG,2018-11-11,DET,CHI,away,DET,1,3647,Matthew Stafford,StafMa00
2018_10_DET_CHI,2018,10,REG,2018-11-11,DET,CHI,home,CHI,1,3648,Mitchell Trubisky,TrubMi00
2018_10_JAX_IND,2018,10,REG,2018-11-11,JAX,IND,away,JAX,1,3627,Blake Bortles,BortBl00
2018_10_JAX_IND,2018,10,REG,2018-11-11,JAX,IND,home,IND,1,3635,Andrew Luck,LuckAn00
2018_10_LAC_OAK,2018,10,REG,2018-11-11,LAC,LV,away,LAC,1,3642,Philip Rivers,RivePh00
2018_10_LAC_OAK,2018,10,REG,2018-11-11,LAC,LV,home,LV,1,3630,Derek Carr,CarrDe02
2018_10_MIA_GB,2018,10,REG,2018-11-11,MIA,GB,away,MIA,1,3640,Brock Osweiler,OsweBr00
2018_10_MIA_GB,2018,10,REG,2018-11-11,MIA,GB,home,GB,1,3643,Aaron Rodgers,RodgAa00
2018_10_NE_TEN,2018,10,REG,2018-11-11,NE,TEN,away,NE,1,3628,Tom Brady,BradTo00
2018_10_NE_TEN,2018,10,REG,2018-11-11,NE,TEN,home,TEN,1,3637,Marcus Mariota,MariMa01
2018_10_NO_CIN,2018,10,REG,2018-11-11,NO,CIN,away,NO,2,3629|3634,Drew Brees|Taysom Hill,BreeDr00|HillTa00
2018_10_NO_CIN,2018,10,REG,2018-11-11,NO,CIN,home,CIN,1,3631,Andy Dalton,DaltAn00
2018_10_NYG_SF,2018,10,REG,2018-11-12,NYG,SF,away,NYG,1,3624,Eli Manning,MannEl00
2018_10_NYG_SF,2018,10,REG,2018-11-12,NYG,SF,home,SF,1,3625,Nick Mullens,MullNi00
2018_10_SEA_LA,2018,10,REG,2018-11-11,SEA,LAR,away,SEA,1,3650,Russell Wilson,WilsRu00
2018_10_SEA_LA,2018,10,REG,2018-11-11,SEA,LAR,home,LAR,1,3633,Jared Goff,GoffJa00
2018_10_WAS_TB,2018,10,REG,2018-11-11,WAS,TB,away,WAS,1,3646,Alex Smith,SmitAl03
2018_10_WAS_TB,2018,10,REG,2018-11-11,WAS,TB,home,TB,1,3632,Ryan Fitzpatrick,FitzRy00
2018_11_CAR_DET,2018,11,REG,2018-11-18,CAR,DET,away,CAR,1,3611,Cam Newton,NewtCa00
2018_11_CAR_DET,2018,11,REG,2018-11-18,CAR,DET,home,DET,1,3618,Matthew Stafford,StafMa00
2018_11_CIN_BAL,2018,11,REG,2018-11-18,CIN,BAL,away,CIN,1,3603,Andy Dalton,DaltAn00
2018_11_CIN_BAL,2018,11,REG,2018-11-18,CIN,BAL,home,BAL,1,3606,Lamar Jackson,JackLa00
2018_11_DAL_ATL,2018,11,REG,2018-11-18,DAL,ATL,away,DAL,1,3612,Dak Prescott,PresDa01
2018_11_DAL_ATL,2018,11,REG,2018-11-18,DAL,ATL,home,ATL,1,3616,Matt Ryan,RyanMa00
2018_11_DEN_LAC,2018,11,REG,2018-11-18,DEN,LAC,away,DEN,1,3607,Case Keenum,KeenCa00
2018_11_DEN_LAC,2018,11,REG,2018-11-18,DEN,LAC,home,LAC,1,3613,Philip Rivers,RivePh00
2018_11_GB_SEA,2018,11,REG,2018-11-15,GB,SEA,away,GB,1,3622,Aaron Rodgers,RodgAa00
2018_11_GB_SEA,2018,11,REG,2018-11-15,GB,SEA,home,SEA,1,3623,Russell Wilson,WilsRu00
2018_11_HOU_WAS,2018,11,REG,2018-11-18,HOU,WAS,away,HOU,1,3620,Deshaun Watson,WatsDe00
2018_11_HOU_WAS,2018,11,REG,2018-11-18,HOU,WAS,home,WAS,1,3617,Alex Smith,SmitAl03
2018_11_KC_LA,2018,11,REG,2018-11-19,KC,LAR,away,KC,1,3598,Patrick Mahomes,MahoPa00
2018_11_KC_LA,2018,11,REG,2018-11-19,KC,LAR,home,LAR,1,3597,Jared Goff,GoffJa00
2018_11_MIN_CHI,2018,11,REG,2018-11-18,MIN,CHI,away,MIN,1,3602,Kirk Cousins,CousKi00
2018_11_MIN_CHI,2018,11,REG,2018-11-18,MIN,CHI,home,CHI,1,3619,Mitchell Trubisky,TrubMi00
2018_11_OAK_ARI,2018,11,REG,2018-11-18,LV,ARI,away,LV,1,3601,Derek Carr,CarrDe02
2018_11_OAK_ARI,2018,11,REG,2018-11-18,LV,ARI,home,ARI,1,3615,Josh Rosen,RoseJo01
2018_11_PHI_NO,2018,11,REG,2018-11-18,PHI,NO,away,PHI,1,3621,Carson Wentz,WentCa00
2018_11_PHI_NO,2018,11,REG,2018-11-18,PHI,NO,home,NO,2,3600|3605,Drew Brees|Taysom Hill,BreeDr00|HillTa00
2018_11_PIT_JAX,2018,11,REG,2018-11-18,PIT,JAX,away,PIT,1,3614,Ben Roethlisberger,RoetBe00
2018_11_PIT_JAX,2018,11,REG,2018-11-18,PIT,JAX,home,JAX,1,3599,Blake Bortles,BortBl00
2018_11_TB_NYG,2018,11,REG,2018-11-18,TB,NYG,away,TB,1,3604,Ryan Fitzpatrick,FitzRy00
2018_11_TB_NYG,2018,11,REG,2018-11-18,TB,NYG,home,NYG,1,3609,Eli Manning,MannEl00
2018_11_TEN_IND,2018,11,REG,2018-11-18,TEN,IND,away,TEN,1,3610,Marcus Mariota,MariMa01
2018_11_TEN_IND,2018,11,REG,2018-11-18,TEN,IND,home,IND,1,3608,Andrew Luck,LuckAn00
2018_12_ARI_LAC,2018,12,REG,2018-11-25,ARI,LAC,away,ARI,1,3586,Josh Rosen,RoseJo01
2018_12_ARI_LAC,2018,12,REG,2018-11-25,ARI,LAC,home,LAC,1,3583,Philip Rivers,RivePh00
2018_12_ATL_NO,2018,12,REG,2018-11-22,ATL,NO,away,ATL,1,3595,Matt Ryan,RyanMa00
2018_12_ATL_NO,2018,12,REG,2018-11-22,ATL,NO,home,NO,1,3591,Drew Brees,BreeDr00
2018_12_CHI_DET,2018,12,REG,2018-11-22,CHI,DET,away,CHI,1,3592,Chase Daniel,DaniCh00
2018_12_CHI_DET,2018,12,REG,2018-11-22,CHI,DET,home,DET,1,3596,Matthew Stafford,StafMa00
2018_12_CLE_CIN,2018,12,REG,2018-11-25,CLE,CIN,away,CLE,1,3579,Baker Mayfield,MayfBa00
2018_12_CLE_CIN,2018,12,REG,2018-11-25,CLE,CIN,home,CIN,1,3574,Andy Dalton,DaltAn00
2018_12_GB_MIN,2018,12,REG,2018-11-25,GB,MIN,away,GB,1,3584,Aaron Rodgers,RodgAa00
2018_12_GB_MIN,2018,12,REG,2018-11-25,GB,MIN,home,MIN,1,3573,Kirk Cousins,CousKi00
2018_12_JAX_BUF,2018,12,REG,2018-11-25,JAX,BUF,away,JAX,1,3570,Blake Bortles,BortBl00
2018_12_JAX_BUF,2018,12,REG,2018-11-25,JAX,BUF,home,BUF,1,3569,Josh Allen,AlleJo02
2018_12_MIA_IND,2018,12,REG,2018-11-25,MIA,IND,away,MIA,1,3587,Ryan Tannehill,TannRy00
2018_12_MIA_IND,2018,12,REG,2018-11-25,MIA,IND,home,IND,1,3577,Andrew Luck,LuckAn00
2018_12_NE_NYJ,2018,12,REG,2018-11-25,NE,NYJ,away,NE,1,3571,Tom Brady,BradTo00
2018_12_NE_NYJ,2018,12,REG,2018-11-25,NE,NYJ,home,NYJ,1,3580,Josh McCown,McCoJo01
2018_12_NYG_PHI,2018,12,REG,2018-11-25,NYG,PHI,away,NYG,1,3578,Eli Manning,MannEl00
2018_12_NYG_PHI,2018,12,REG,2018-11-25,NYG,PHI,home,PHI,1,3588,Carson Wentz,WentCa00
2018_12_OAK_BAL,2018,12,REG,2018-11-25,LV,BAL,away,LV,1,3572,Derek Carr,CarrDe02
2018_12_OAK_BAL,2018,12,REG,2018-11-25,LV,BAL,home,BAL,1,3575,Lamar Jackson,JackLa00
2018_12_PIT_DEN,2018,12,REG,2018-11-25,PIT,DEN,away,PIT,1,3585,Ben Roethlisberger,RoetBe00
2018_12_PIT_DEN,2018,12,REG,2018-11-25,PIT,DEN,home,DEN,1,3576,Case Keenum,KeenCa00
2018_12_SEA_CAR,2018,12,REG,2018-11-25,SEA,CAR,away,SEA,1,3589,Russell Wilson,WilsRu00
2018_12_SEA_CAR,2018,12,REG,2018-11-25,SEA,CAR,home,CAR,1,3582,Cam Newton,NewtCa00
2018_12_SF_TB,2018,12,REG,2018-11-25,SF,TB,away,SF,1,3581,Nick Mullens,MullNi00
2018_12_SF_TB,2018,12,REG,2018-11-25,SF,TB,home,TB,1,3590,Jameis Winston,WinsJa00
2018_12_TEN_HOU,2018,12,REG,2018-11-26,TEN,HOU,away,TEN,1,3567,Marcus Mariota,MariMa01
2018_12_TEN_HOU,2018,12,REG,2018-11-26,TEN,HOU,home,HOU,1,3568,Deshaun Watson,WatsDe00
2018_12_WAS_DAL,2018,12,REG,2018-11-22,WAS,DAL,away,WAS,1,3593,Colt McCoy,McCoCo00
2018_12_WAS_DAL,2018,12,REG,2018-11-22,WAS,DAL,home,DAL,1,3594,Dak Prescott,PresDa01
2018_13_ARI_GB,2018,13,REG,2018-12-02,ARI,GB,away,ARI,1,3558,Josh Rosen,RoseJo01
2018_13_ARI_GB,2018,13,REG,2018-12-02,ARI,GB,home,GB,1,3556,Aaron Rodgers,RodgAa00
2018_13_BAL_ATL,2018,13,REG,2018-12-02,BAL,ATL,away,BAL,1,3544,Lamar Jackson,JackLa00
2018_13_BAL_ATL,2018,13,REG,2018-12-02,BAL,ATL,home,ATL,1,3559,Matt Ryan,RyanMa00
2018_13_BUF_MIA,2018,13,REG,2018-12-02,BUF,MIA,away,BUF,1,3537,Josh Allen,AlleJo02
2018_13_BUF_MIA,2018,13,REG,2018-12-02,BUF,MIA,home,MIA,1,3561,Ryan Tannehill,TannRy00
2018_13_CAR_TB,2018,13,REG,2018-12-02,CAR,TB,away,CAR,1,3554,Cam Newton,NewtCa00
2018_13_CAR_TB,2018,13,REG,2018-12-02,CAR,TB,home,TB,1,3564,Jameis Winston,WinsJa00
2018_13_CHI_NYG,2018,13,REG,2018-12-02,CHI,NYG,away,CHI,1,3541,Chase Daniel,DaniCh00
2018_13_CHI_NYG,2018,13,REG,2018-12-02,CHI,NYG,home,NYG,1,3549,Eli Manning,MannEl00
2018_13_CLE_HOU,2018,13,REG,2018-12-02,CLE,HOU,away,CLE,1,3551,Baker Mayfield,MayfBa00
2018_13_CLE_HOU,2018,13,REG,2018-12-02,CLE,HOU,home,HOU,1,3562,Deshaun Watson,WatsDe00
2018_13_DEN_CIN,2018,13,REG,2018-12-02,DEN,CIN,away,DEN,1,3545,Case Keenum,KeenCa00
2018_13_DEN_CIN,2018,13,REG,2018-12-02,DEN,CIN,home,CIN,1,3542,Jeff Driskel,DrisJe00
2018_13_IND_JAX,2018,13,REG,2018-12-02,IND,JAX,away,IND,1,3547,Andrew Luck,LuckAn00
2018_13_IND_JAX,2018,13,REG,2018-12-02,IND,JAX,home,JAX,1,3546,Cody Kessler,KessCo00
2018_13_KC_OAK,2018,13,REG,2018-12-02,KC,LV,away,KC,1,3548,Patrick Mahomes,MahoPa00
2018_13_KC_OAK,2018,13,REG,2018-12-02,KC,LV,home,LV,1,3539,Derek Carr,CarrDe02
2018_13_LAC_PIT,2018,13,REG,2018-12-02,LAC,PIT,away,LAC,1,3555,Philip Rivers,RivePh00
2018_13_LAC_PIT,2018,13,REG,2018-12-02,LAC,PIT,home,PIT,1,3557,Ben Roethlisberger,RoetBe00
2018_13_LA_DET,2018,13,REG,2018-12-02,LAR,DET,away,LAR,1,3543,Jared Goff,GoffJa00
2018_13_LA_DET,2018,13,REG,2018-12-02,LAR,DET,home,DET,1,3560,Matthew Stafford,StafMa00
2018_13_MIN_NE,2018,13,REG,2018-12-02,MIN,NE,away,MIN,1,3540,Kirk Cousins,CousKi00
2018_13_MIN_NE,2018,13,REG,2018-12-02,MIN,NE,home,NE,1,3538,Tom Brady,BradTo00
2018_13_NO_DAL,2018,13,REG,2018-11-29,NO,DAL,away,NO,1,3565,Drew Brees,BreeDr00
2018_13_NO_DAL,2018,13,REG,2018-11-29,NO,DAL,home,DAL,1,3566,Dak Prescott,PresDa01
2018_13_NYJ_TEN,2018,13,REG,2018-12-02,NYJ,TEN,away,NYJ,1,3552,Josh McCown,McCoJo01
2018_13_NYJ_TEN,2018,13,REG,2018-12-02,NYJ,TEN,home,TEN,1,3550,Marcus Mariota,MariMa01
2018_13_SF_SEA,2018,13,REG,2018-12-02,SF,SEA,away,SF,1,3553,Nick Mullens,MullNi00
2018_13_SF_SEA,2018,13,REG,2018-12-02,SF,SEA,home,SEA,1,3563,Russell Wilson,WilsRu00
2018_13_WAS_PHI,2018,13,REG,2018-12-03,WAS,PHI,away,WAS,1,3535,Colt McCoy,McCoCo00
2018_13_WAS_PHI,2018,13,REG,2018-12-03,WAS,PHI,home,PHI,1,3536,Carson Wentz,WentCa00
2018_14_ATL_GB,2018,14,REG,2018-12-09,ATL,GB,away,ATL,1,3525,Matt Ryan,RyanMa00
2018_14_ATL_GB,2018,14,REG,2018-12-09,ATL,GB,home,GB,1,3522,Aaron Rodgers,RodgAa00
2018_14_BAL_KC,2018,14,REG,2018-12-09,BAL,KC,away,BAL,1,3512,Lamar Jackson,JackLa00
2018_14_BAL_KC,2018,14,REG,2018-12-09,BAL,KC,home,KC,1,3515,Patrick Mahomes,MahoPa00
2018_14_CAR_CLE,2018,14,REG,2018-12-09,CAR,CLE,away,CAR,1,3519,Cam Newton,NewtCa00
2018_14_CAR_CLE,2018,14,REG,2018-12-09,CAR,CLE,home,CLE,1,3517,Baker Mayfield,MayfBa00
2018_14_CIN_LAC,2018,14,REG,2018-12-09,CIN,LAC,away,CIN,1,3510,Jeff Driskel,DrisJe00
2018_14_CIN_LAC,2018,14,REG,2018-12-09,CIN,LAC,home,LAC,1,3521,Philip Rivers,RivePh00
2018_14_DEN_SF,2018,14,REG,2018-12-09,DEN,SF,away,DEN,1,3513,Case Keenum,KeenCa00
2018_14_DEN_SF,2018,14,REG,2018-12-09,DEN,SF,home,SF,1,3518,Nick Mullens,MullNi00
2018_14_DET_ARI,2018,14,REG,2018-12-09,DET,ARI,away,DET,1,3527,Matthew Stafford,StafMa00
2018_14_DET_ARI,2018,14,REG,2018-12-09,DET,ARI,home,ARI,1,3524,Josh Rosen,RoseJo01
2018_14_IND_HOU,2018,14,REG,2018-12-09,IND,HOU,away,IND,1,3514,Andrew Luck,LuckAn00
2018_14_IND_HOU,2018,14,REG,2018-12-09,IND,HOU,home,HOU,1,3530,Deshaun Watson,WatsDe00
2018_14_JAX_TEN,2018,14,REG,2018-12-06,JAX,TEN,away,JAX,1,3533,Cody Kessler,KessCo00
2018_14_JAX_TEN,2018,14,REG,2018-12-06,JAX,TEN,home,TEN,1,3534,Marcus Mariota,MariMa01
2018_14_LA_CHI,2018,14,REG,2018-12-09,LAR,CHI,away,LAR,1,3511,Jared Goff,GoffJa00
2018_14_LA_CHI,2018,14,REG,2018-12-09,LAR,CHI,home,CHI,1,3529,Mitchell Trubisky,TrubMi00
2018_14_MIN_SEA,2018,14,REG,2018-12-10,MIN,SEA,away,MIN,1,3503,Kirk Cousins,CousKi00
2018_14_MIN_SEA,2018,14,REG,2018-12-10,MIN,SEA,home,SEA,1,3504,Russell Wilson,WilsRu00
2018_14_NE_MIA,2018,14,REG,2018-12-09,NE,MIA,away,NE,1,3506,Tom Brady,BradTo00
2018_14_NE_MIA,2018,14,REG,2018-12-09,NE,MIA,home,MIA,1,3528,Ryan Tannehill,TannRy00
2018_14_NO_TB,2018,14,REG,2018-12-09,NO,TB,away,NO,1,3507,Drew Brees,BreeDr00
2018_14_NO_TB,2018,14,REG,2018-12-09,NO,TB,home,TB,1,3532,Jameis Winston,WinsJa00
2018_14_NYG_WAS,2018,14,REG,2018-12-09,NYG,WAS,away,NYG,1,3516,Eli Manning,MannEl00
2018_14_NYG_WAS,2018,14,REG,2018-12-09,NYG,WAS,home,WAS,1,3526,Mark Sanchez,SancMa00
2018_14_NYJ_BUF,2018,14,REG,2018-12-09,NYJ,BUF,away,NYJ,1,3509,Sam Darnold,DarnSa00
2018_14_NYJ_BUF,2018,14,REG,2018-12-09,NYJ,BUF,home,BUF,1,3505,Josh Allen,AlleJo02
2018_14_PHI_DAL,2018,14,REG,2018-12-09,PHI,DAL,away,PHI,1,3531,Carson Wentz,WentCa00
2018_14_PHI_DAL,2018,14,REG,2018-12-09,PHI,DAL,home,DAL,1,3520,Dak Prescott,PresDa01
2018_14_PIT_OAK,2018,14,REG,2018-12-09,PIT,LV,away,PIT,1,3523,Ben Roethlisberger,RoetBe00
2018_14_PIT_OAK,2018,14,REG,2018-12-09,PIT,LV,home,LV,1,3508,Derek Carr,CarrDe02
2018_15_ARI_ATL,2018,15,REG,2018-12-16,ARI,ATL,away,ARI,1,3490,Josh Rosen,RoseJo01
2018_15_ARI_ATL,2018,15,REG,2018-12-16,ARI,ATL,home,ATL,1,3491,Matt Ryan,RyanMa00
2018_15_CLE_DEN,2018,15,REG,2018-12-15,CLE,DEN,away,CLE,1,3499,Baker Mayfield,MayfBa00
2018_15_CLE_DEN,2018,15,REG,2018-12-15,CLE,DEN,home,DEN,1,3498,Case Keenum,KeenCa00
2018_15_DAL_IND,2018,15,REG,2018-12-16,DAL,IND,away,DAL,1,3487,Dak Prescott,PresDa01
2018_15_DAL_IND,2018,15,REG,2018-12-16,DAL,IND,home,IND,1,3483,Andrew Luck,LuckAn00
2018_15_DET_BUF,2018,15,REG,2018-12-16,DET,BUF,away,DET,1,3492,Matthew Stafford,StafMa00
2018_15_DET_BUF,2018,15,REG,2018-12-16,DET,BUF,home,BUF,1,3473,Josh Allen,AlleJo02
2018_15_GB_CHI,2018,15,REG,2018-12-16,GB,CHI,away,GB,1,3488,Aaron Rodgers,RodgAa00
2018_15_GB_CHI,2018,15,REG,2018-12-16,GB,CHI,home,CHI,1,3494,Mitchell Trubisky,TrubMi00
2018_15_HOU_NYJ,2018,15,REG,2018-12-15,HOU,NYJ,away,HOU,1,3500,Deshaun Watson,WatsDe00
2018_15_HOU_NYJ,2018,15,REG,2018-12-15,HOU,NYJ,home,NYJ,1,3497,Sam Darnold,DarnSa00
2018_15_LAC_KC,2018,15,REG,2018-12-13,LAC,KC,away,LAC,1,3502,Philip Rivers,RivePh00
2018_15_LAC_KC,2018,15,REG,2018-12-13,LAC,KC,home,KC,1,3501,Patrick Mahomes,MahoPa00
2018_15_MIA_MIN,2018,15,REG,2018-12-16,MIA,MIN,away,MIA,1,3493,Ryan Tannehill,TannRy00
2018_15_MIA_MIN,2018,15,REG,2018-12-16,MIA,MIN,home,MIN,1,3476,Kirk Cousins,CousKi00
2018_15_NE_PIT,2018,15,REG,2018-12-16,NE,PIT,away,NE,1,3474,Tom Brady,BradTo00
2018_15_NE_PIT,2018,15,REG,2018-12-16,NE,PIT,home,PIT,1,3489,Ben Roethlisberger,RoetBe00
2018_15_NO_CAR,2018,15,REG,2018-12-17,NO,CAR,away,NO,1,3471,Drew Brees,BreeDr00
2018_15_NO_CAR,2018,15,REG,2018-12-17,NO,CAR,home,CAR,1,3472,Cam Newton,NewtCa00
2018_15_OAK_CIN,2018,15,REG,2018-12-16,LV,CIN,away,LV,1,3475,Derek Carr,CarrDe02
2018_15_OAK_CIN,2018,15,REG,2018-12-16,LV,CIN,home,CIN,1,3477,Jeff Driskel,DrisJe00
2018_15_PHI_LA,2018,15,REG,2018-12-16,PHI,LAR,away,PHI,1,3478,Nick Foles,FoleNi00
2018_15_PHI_LA,2018,15,REG,2018-12-16,PHI,LAR,home,LAR,1,3479,Jared Goff,GoffJa00
2018_15_SEA_SF,2018,15,REG,2018-12-16,SEA,SF,away,SEA,1,3495,Russell Wilson,WilsRu00
2018_15_SEA_SF,2018,15,REG,2018-12-16,SEA,SF,home,SF,1,3486,Nick Mullens,MullNi00
2018_15_TB_BAL,2018,15,REG,2018-12-16,TB,BAL,away,TB,1,3496,Jameis Winston,WinsJa00
2018_15_TB_BAL,2018,15,REG,2018-12-16,TB,BAL,home,BAL,1,3480,Lamar Jackson,JackLa00
2018_15_TEN_NYG,2018,15,REG,2018-12-16,TEN,NYG,away,TEN,1,3485,Marcus Mariota,MariMa01
2018_15_TEN_NYG,2018,15,REG,2018-12-16,TEN,NYG,home,NYG,1,3484,Eli Manning,MannEl00
2018_15_WAS_JAX,2018,15,REG,2018-12-16,WAS,JAX,away,WAS,1,3481,Josh Johnson,JohnJo05
2018_15_WAS_JAX,2018,15,REG,2018-12-16,WAS,JAX,home,JAX,1,3482,Cody Kessler,KessCo00
2018_16_ATL_CAR,2018,16,REG,2018-12-23,ATL,CAR,away,ATL,1,3460,Matt Ryan,RyanMa00
2018_16_ATL_CAR,2018,16,REG,2018-12-23,ATL,CAR,home,CAR,1,3449,Taylor Heinicke,HeinTa00
2018_16_BAL_LAC,2018,16,REG,2018-12-22,BAL,LAC,away,BAL,1,3467,Lamar Jackson,JackLa00
2018_16_BAL_LAC,2018,16,REG,2018-12-22,BAL,LAC,home,LAC,1,3470,Philip Rivers,RivePh00
2018_16_BUF_NE,2018,16,REG,2018-12-23,BUF,NE,away,BUF,1,3441,Josh Allen,AlleJo02
2018_16_BUF_NE,2018,16,REG,2018-12-23,BUF,NE,home,NE,1,3442,Tom Brady,BradTo00
2018_16_CHI_SF,2018,16,REG,2018-12-23,CHI,SF,away,CHI,1,3463,Mitchell Trubisky,TrubMi00
2018_16_CHI_SF,2018,16,REG,2018-12-23,CHI,SF,home,SF,1,3455,Nick Mullens,MullNi00
2018_16_CIN_CLE,2018,16,REG,2018-12-23,CIN,CLE,away,CIN,1,3446,Jeff Driskel,DrisJe00
2018_16_CIN_CLE,2018,16,REG,2018-12-23,CIN,CLE,home,CLE,1,3454,Baker Mayfield,MayfBa00
2018_16_DEN_OAK,2018,16,REG,2018-12-24,DEN,LV,away,DEN,1,3440,Case Keenum,KeenCa00
2018_16_DEN_OAK,2018,16,REG,2018-12-24,DEN,LV,home,LV,1,3439,Derek Carr,CarrDe02
2018_16_GB_NYJ,2018,16,REG,2018-12-23,GB,NYJ,away,GB,1,3457,Aaron Rodgers,RodgAa00
2018_16_GB_NYJ,2018,16,REG,2018-12-23,GB,NYJ,home,NYJ,1,3445,Sam Darnold,DarnSa00
2018_16_HOU_PHI,2018,16,REG,2018-12-23,HOU,PHI,away,HOU,1,3464,Deshaun Watson,WatsDe00
2018_16_HOU_PHI,2018,16,REG,2018-12-23,HOU,PHI,home,PHI,1,3447,Nick Foles,FoleNi00
2018_16_JAX_MIA,2018,16,REG,2018-12-23,JAX,MIA,away,JAX,1,3450,Cody Kessler,KessCo00
2018_16_JAX_MIA,2018,16,REG,2018-12-23,JAX,MIA,home,MIA,1,3462,Ryan Tannehill,TannRy00
2018_16_KC_SEA,2018,16,REG,2018-12-23,KC,SEA,away,KC,1,3452,Patrick Mahomes,MahoPa00
2018_16_KC_SEA,2018,16,REG,2018-12-23,KC,SEA,home,SEA,1,3465,Russell Wilson,WilsRu00
2018_16_LA_ARI,2018,16,REG,2018-12-23,LAR,ARI,away,LAR,1,3448,Jared Goff,GoffJa00
2018_16_LA_ARI,2018,16,REG,2018-12-23,LAR,ARI,home,ARI,1,3459,Josh Rosen,RoseJo01
2018_16_MIN_DET,2018,16,REG,2018-12-23,MIN,DET,away,MIN,1,3444,Kirk Cousins,CousKi00
2018_16_MIN_DET,2018,16,REG,2018-12-23,MIN,DET,home,DET,1,3461,Matthew Stafford,StafMa00
2018_16_NYG_IND,2018,16,REG,2018-12-23,NYG,IND,away,NYG,1,3453,Eli Manning,MannEl00
2018_16_NYG_IND,2018,16,REG,2018-12-23,NYG,IND,home,IND,1,3451,Andrew Luck,LuckAn00
2018_16_PIT_NO,2018,16,REG,2018-12-23,PIT,NO,away,PIT,1,3458,Ben Roethlisberger,RoetBe00
2018_16_PIT_NO,2018,16,REG,2018-12-23,PIT,NO,home,NO,1,3443,Drew Brees,BreeDr00
2018_16_TB_DAL,2018,16,REG,2018-12-23,TB,DAL,away,TB,1,3466,Jameis Winston,WinsJa00
2018_16_TB_DAL,2018,16,REG,2018-12-23,TB,DAL,home,DAL,1,3456,Dak Prescott,PresDa01
2018_16_WAS_TEN,2018,16,REG,2018-12-22,WAS,TEN,away,WAS,1,3468,Josh Johnson,JohnJo05
2018_16_WAS_TEN,2018,16,REG,2018-12-22,WAS,TEN,home,TEN,1,3469,Marcus Mariota,MariMa01
2018_17_ARI_SEA,2018,17,REG,2018-12-30,ARI,SEA,away,ARI,1,3431,Josh Rosen,RoseJo01
2018_17_ARI_SEA,2018,17,REG,2018-12-30,ARI,SEA,home,SEA,1,3437,Russell Wilson,WilsRu00
2018_17_ATL_TB,2018,17,REG,2018-12-30,ATL,TB,away,ATL,1,3432,Matt Ryan,RyanMa00
2018_17_ATL_TB,2018,17,REG,2018-12-30,ATL,TB,home,TB,1,3438,Jameis Winston,WinsJa00
2018_17_CAR_NO,2018,17,REG,2018-12-30,CAR,NO,away,CAR,1,3407,Kyle Allen,AlleKy00
2018_17_CAR_NO,2018,17,REG,2018-12-30,CAR,NO,home,NO,2,3410|3418,Teddy Bridgewater|Taysom Hill,BridTe00|HillTa00
2018_17_CHI_MIN,2018,17,REG,2018-12-30,CHI,MIN,away,CHI,1,3435,Mitchell Trubisky,TrubMi00
2018_17_CHI_MIN,2018,17,REG,2018-12-30,CHI,MIN,home,MIN,1,3412,Kirk Cousins,CousKi00
2018_17_CIN_PIT,2018,17,REG,2018-12-30,CIN,PIT,away,CIN,1,3414,Jeff Driskel,DrisJe00
2018_17_CIN_PIT,2018,17,REG,2018-12-30,CIN,PIT,home,PIT,1,3430,Ben Roethlisberger,RoetBe00
2018_17_CLE_BAL,2018,17,REG,2018-12-30,CLE,BAL,away,CLE,1,3425,Baker Mayfield,MayfBa00
2018_17_CLE_BAL,2018,17,REG,2018-12-30,CLE,BAL,home,BAL,1,3419,Lamar Jackson,JackLa00
2018_17_DAL_NYG,2018,17,REG,2018-12-30,DAL,NYG,away,DAL,1,3427,Dak Prescott,PresDa01
2018_17_DAL_NYG,2018,17,REG,2018-12-30,DAL,NYG,home,NYG,1,3424,Eli Manning,MannEl00
2018_17_DET_GB,2018,17,REG,2018-12-30,DET,GB,away,DET,1,3433,Matthew Stafford,StafMa00
2018_17_DET_GB,2018,17,REG,2018-12-30,DET,GB,home,GB,1,3429,Aaron Rodgers,RodgAa00
2018_17_IND_TEN,2018,17,REG,2018-12-30,IND,TEN,away,IND,1,3422,Andrew Luck,LuckAn00
2018_17_IND_TEN,2018,17,REG,2018-12-30,IND,TEN,home,TEN,1,3416,Blaine Gabbert,GabbBl00
2018_17_JAX_HOU,2018,17,REG,2018-12-30,JAX,HOU,away,JAX,1,3408,Blake Bortles,BortBl00
2018_17_JAX_HOU,2018,17,REG,2018-12-30,JAX,HOU,home,HOU,1,3436,Deshaun Watson,WatsDe00
2018_17_LAC_DEN,2018,17,REG,2018-12-30,LAC,DEN,away,LAC,1,3428,Philip Rivers,RivePh00
2018_17_LAC_DEN,2018,17,REG,2018-12-30,LAC,DEN,home,DEN,1,3421,Case Keenum,KeenCa00
2018_17_MIA_BUF,2018,17,REG,2018-12-30,MIA,BUF,away,MIA,1,3434,Ryan Tannehill,TannRy00
2018_17_MIA_BUF,2018,17,REG,2018-12-30,MIA,BUF,home,BUF,1,3406,Josh Allen,AlleJo02
2018_17_NYJ_NE,2018,17,REG,2018-12-30,NYJ,NE,away,NYJ,1,3413,Sam Darnold,DarnSa00
2018_17_NYJ_NE,2018,17,REG,2018-12-30,NYJ,NE,home,NE,1,3409,Tom Brady,BradTo00
2018_17_OAK_KC,2018,17,REG,2018-12-30,LV,KC,away,LV,1,3411,Derek Carr,CarrDe02
2018_17_OAK_KC,2018,17,REG,2018-12-30,LV,KC,home,KC,1,3423,Patrick Mahomes,MahoPa00
2018_17_PHI_WAS,2018,17,REG,2018-12-30,PHI,WAS,away,PHI,1,3415,Nick Foles,FoleNi00
2018_17_PHI_WAS,2018,17,REG,2018-12-30,PHI,WAS,home,WAS,1,3420,Josh Johnson,JohnJo05
2018_17_SF_LA,2018,17,REG,2018-12-30,SF,LAR,away,SF,1,3426,Nick Mullens,MullNi00
2018_17_SF_LA,2018,17,REG,2018-12-30,SF,LAR,home,LAR,1,3417,Jared Goff,GoffJa00
2018_18_IND_HOU,2018,18,WC,2019-01-05,IND,HOU,away,IND,1,3402,Andrew Luck,LuckAn00
2018_18_IND_HOU,2018,18,WC,2019-01-05,IND,HOU,home,HOU,1,3404,Deshaun Watson,WatsDe00
2018_18_LAC_BAL,2018,18,WC,2019-01-06,LAC,BAL,away,LAC,1,3400,Philip Rivers,RivePh00
2018_18_LAC_BAL,2018,18,WC,2019-01-06,LAC,BAL,home,BAL,1,3399,Lamar Jackson,JackLa00
2018_18_PHI_CHI,2018,18,WC,2019-01-06,PHI,CHI,away,PHI,1,3398,Nick Foles,FoleNi00
2018_18_PHI_CHI,2018,18,WC,2019-01-06,PHI,CHI,home,CHI,1,3401,Mitchell Trubisky,TrubMi00
2018_18_SEA_DAL,2018,18,WC,2019-01-05,SEA,DAL,away,SEA,1,3405,Russell Wilson,WilsRu00
2018_18_SEA_DAL,2018,18,WC,2019-01-05,SEA,DAL,home,DAL,1,3403,Dak Prescott,PresDa01
2018_19_DAL_LA,2018,19,DIV,2019-01-12,DAL,LAR,away,DAL,1,3397,Dak Prescott,PresDa01
2018_19_DAL_LA,2018,19,DIV,2019-01-12,DAL,LAR,home,LAR,1,3394,Jared Goff,GoffJa00
2018_19_IND_KC,2018,19,DIV,2019-01-12,IND,KC,away,IND,1,3395,Andrew Luck,LuckAn00
2018_19_IND_KC,2018,19,DIV,2019-01-12,IND,KC,home,KC,1,3396,Patrick Mahomes,MahoPa00
2018_19_LAC_NE,2018,19,DIV,2019-01-13,LAC,NE,away,LAC,1,3393,Philip Rivers,RivePh00
2018_19_LAC_NE,2018,19,DIV,2019-01-13,LAC,NE,home,NE,1,3390,Tom Brady,BradTo00
2018_19_PHI_NO,2018,19,DIV,2019-01-13,PHI,NO,away,PHI,1,3392,Nick Foles,FoleNi00
2018_19_PHI_NO,2018,19,DIV,2019-01-13,PHI,NO,home,NO,1,3391,Drew Brees,BreeDr00
2018_20_LA_NO,2018,20,CON,2019-01-20,LAR,NO,away,LAR,1,3388,Jared Goff,GoffJa00
2018_20_LA_NO,2018,20,CON,2019-01-20,LAR,NO,home,NO,1,3387,Drew Brees,BreeDr00
2018_20_NE_KC,2018,20,CON,2019-01-20,NE,KC,away,NE,1,3386,Tom Brady,BradTo00
2018_20_NE_KC,2018,20,CON,2019-01-20,NE,KC,home,KC,1,3389,Patrick Mahomes,MahoPa00
2018_21_NE_LA,2018,21,SB,2019-02-03,NE,LAR,away,NE,1,3384,Tom Brady,BradTo00
2018_21_NE_LA,2018,21,SB,2019-02-03,NE,LAR,home,LAR,1,3385,Jared Goff,GoffJa00
2019_01_ATL_MIN,2019,1,REG,2019-09-08,ATL,MIN,away,ATL,1,3377,Matt Ryan,RyanMa00
2019_01_ATL_MIN,2019,1,REG,2019-09-08,ATL,MIN,home,MIN,1,3359,Kirk Cousins,CousKi00
2019_01_BAL_MIA,2019,1,REG,2019-09-08,BAL,MIA,away,BAL,1,3366,Lamar Jackson,JackLa00
2019_01_BAL_MIA,2019,1,REG,2019-09-08,BAL,MIA,home,MIA,1,3362,Ryan Fitzpatrick,FitzRy00
2019_01_BUF_NYJ,2019,1,REG,2019-09-08,BUF,NYJ,away,BUF,1,3356,Josh Allen,AlleJo02
2019_01_BUF_NYJ,2019,1,REG,2019-09-08,BUF,NYJ,home,NYJ,1,3361,Sam Darnold,DarnSa00
2019_01_CIN_SEA,2019,1,REG,2019-09-08,CIN,SEA,away,CIN,1,3360,Andy Dalton,DaltAn00
2019_01_CIN_SEA,2019,1,REG,2019-09-08,CIN,SEA,home,SEA,1,3380,Russell Wilson,WilsRu00
2019_01_DEN_OAK,2019,1,REG,2019-09-09,DEN,LV,away,DEN,1,3354,Joe Flacco,FlacJo00
2019_01_DEN_OAK,2019,1,REG,2019-09-09,DEN,LV,home,LV,1,3353,Derek Carr,CarrDe02
2019_01_DET_ARI,2019,1,REG,2019-09-08,DET,ARI,away,DET,1,3378,Matthew Stafford,StafMa00
2019_01_DET_ARI,2019,1,REG,2019-09-08,DET,ARI,home,ARI,1,3372,Kyler Murray,MurrKy00
2019_01_GB_CHI,2019,1,REG,2019-09-05,GB,CHI,away,GB,1,3382,Aaron Rodgers,RodgAa00
2019_01_GB_CHI,2019,1,REG,2019-09-05,GB,CHI,home,CHI,1,3383,Mitchell Trubisky,TrubMi00
2019_01_HOU_NO,2019,1,REG,2019-09-09,HOU,NO,away,HOU,1,3355,Deshaun Watson,WatsDe00
2019_01_HOU_NO,2019,1,REG,2019-09-09,HOU,NO,home,NO,1,3352,Drew Brees,BreeDr00
2019_01_IND_LAC,2019,1,REG,2019-09-08,IND,LAC,away,IND,1,3358,Jacoby Brissett,BrisJa00
2019_01_IND_LAC,2019,1,REG,2019-09-08,IND,LAC,home,LAC,1,3375,Philip Rivers,RivePh00
2019_01_KC_JAX,2019,1,REG,2019-09-08,KC,JAX,away,KC,1,3368,Patrick Mahomes,MahoPa00
2019_01_KC_JAX,2019,1,REG,2019-09-08,KC,JAX,home,JAX,1,3363,Nick Foles,FoleNi00
2019_01_LA_CAR,2019,1,REG,2019-09-08,LAR,CAR,away,LAR,1,3365,Jared Goff,GoffJa00
2019_01_LA_CAR,2019,1,REG,2019-09-08,LAR,CAR,home,CAR,1,3373,Cam Newton,NewtCa00
2019_01_NYG_DAL,2019,1,REG,2019-09-08,NYG,DAL,away,NYG,1,3369,Eli Manning,MannEl00
2019_01_NYG_DAL,2019,1,REG,2019-09-08,NYG,DAL,home,DAL,1,3374,Dak Prescott,PresDa01
2019_01_PIT_NE,2019,1,REG,2019-09-08,PIT,NE,away,PIT,1,3376,Ben Roethlisberger,RoetBe00
2019_01_PIT_NE,2019,1,REG,2019-09-08,PIT,NE,home,NE,1,3357,Tom Brady,BradTo00
2019_01_SF_TB,2019,1,REG,2019-09-08,SF,TB,away,SF,1,3364,Jimmy Garoppolo,GaroJi00
2019_01_SF_TB,2019,1,REG,2019-09-08,SF,TB,home,TB,1,3381,Jameis Winston,WinsJa00
2019_01_TEN_CLE,2019,1,REG,2019-09-08,TEN,CLE,away,TEN,1,3370,Marcus Mariota,MariMa01
2019_01_TEN_CLE,2019,1,REG,2019-09-08,TEN,CLE,home,CLE,1,3371,Baker Mayfield,MayfBa00
2019_01_WAS_PHI,2019,1,REG,2019-09-08,WAS,PHI,away,WAS,1,3367,Case Keenum,KeenCa00
2019_01_WAS_PHI,2019,1,REG,2019-09-08,WAS,PHI,home,PHI,1,3379,Carson Wentz,WentCa00
2019_02_ARI_BAL,2019,2,REG,2019-09-15,ARI,BAL,away,ARI,1,3339,Kyler Murray,MurrKy00
2019_02_ARI_BAL,2019,2,REG,2019-09-15,ARI,BAL,home,BAL,1,3333,Lamar Jackson,JackLa00
2019_02_BUF_NYG,2019,2,REG,2019-09-15,BUF,NYG,away,BUF,1,3322,Josh Allen,AlleJo02
2019_02_BUF_NYG,2019,2,REG,2019-09-15,BUF,NYG,home,NYG,1,3336,Eli Manning,MannEl00
2019_02_CHI_DEN,2019,2,REG,2019-09-15,CHI,DEN,away,CHI,1,3346,Mitchell Trubisky,TrubMi00
2019_02_CHI_DEN,2019,2,REG,2019-09-15,CHI,DEN,home,DEN,1,3330,Joe Flacco,FlacJo00
2019_02_CLE_NYJ,2019,2,REG,2019-09-16,CLE,NYJ,away,CLE,1,3320,Baker Mayfield,MayfBa00
2019_02_CLE_NYJ,2019,2,REG,2019-09-16,CLE,NYJ,home,NYJ,1,3321,Trevor Siemian,SiemTr00
2019_02_DAL_WAS,2019,2,REG,2019-09-15,DAL,WAS,away,DAL,1,3340,Dak Prescott,PresDa01
2019_02_DAL_WAS,2019,2,REG,2019-09-15,DAL,WAS,home,WAS,1,3334,Case Keenum,KeenCa00
2019_02_IND_TEN,2019,2,REG,2019-09-15,IND,TEN,away,IND,1,3325,Jacoby Brissett,BrisJa00
2019_02_IND_TEN,2019,2,REG,2019-09-15,IND,TEN,home,TEN,1,3337,Marcus Mariota,MariMa01
2019_02_JAX_HOU,2019,2,REG,2019-09-15,JAX,HOU,away,JAX,1,3338,Gardner Minshew II,MinsGa00
2019_02_JAX_HOU,2019,2,REG,2019-09-15,JAX,HOU,home,HOU,1,3347,Deshaun Watson,WatsDe00
2019_02_KC_OAK,2019,2,REG,2019-09-15,KC,LV,away,KC,1,3335,Patrick Mahomes,MahoPa00
2019_02_KC_OAK,2019,2,REG,2019-09-15,KC,LV,home,LV,1,3326,Derek Carr,CarrDe02
2019_02_LAC_DET,2019,2,REG,2019-09-15,LAC,DET,away,LAC,1,3341,Philip Rivers,RivePh00
2019_02_LAC_DET,2019,2,REG,2019-09-15,LAC,DET,home,DET,1,3345,Matthew Stafford,StafMa00
2019_02_MIN_GB,2019,2,REG,2019-09-15,MIN,GB,away,MIN,1,3327,Kirk Cousins,CousKi00
2019_02_MIN_GB,2019,2,REG,2019-09-15,MIN,GB,home,GB,1,3342,Aaron Rodgers,RodgAa00
2019_02_NE_MIA,2019,2,REG,2019-09-15,NE,MIA,away,NE,1,3323,Tom Brady,BradTo00
2019_02_NE_MIA,2019,2,REG,2019-09-15,NE,MIA,home,MIA,1,3329,Ryan Fitzpatrick,FitzRy00
2019_02_NO_LA,2019,2,REG,2019-09-15,NO,LAR,away,NO,1,3324,Drew Brees,BreeDr00
2019_02_NO_LA,2019,2,REG,2019-09-15,NO,LAR,home,LAR,1,3332,Jared Goff,GoffJa00
2019_02_PHI_ATL,2019,2,REG,2019-09-15,PHI,ATL,away,PHI,1,3348,Carson Wentz,WentCa00
2019_02_PHI_ATL,2019,2,REG,2019-09-15,PHI,ATL,home,ATL,1,3344,Matt Ryan,RyanMa00
2019_02_SEA_PIT,2019,2,REG,2019-09-15,SEA,PIT,away,SEA,1,3349,Russell Wilson,WilsRu00
2019_02_SEA_PIT,2019,2,REG,2019-09-15,SEA,PIT,home,PIT,1,3343,Ben Roethlisberger,RoetBe00
2019_02_SF_CIN,2019,2,REG,2019-09-15,SF,CIN,away,SF,1,3331,Jimmy Garoppolo,GaroJi00
2019_02_SF_CIN,2019,2,REG,2019-09-15,SF,CIN,home,CIN,1,3328,Andy Dalton,DaltAn00
2019_02_TB_CAR,2019,2,REG,2019-09-12,TB,CAR,away,TB,1,3351,Jameis Winston,WinsJa00
2019_02_TB_CAR,2019,2,REG,2019-09-12,TB,CAR,home,CAR,1,3350,Cam Newton,NewtCa00
2019_03_ATL_IND,2019,3,REG,2019-09-22,ATL,IND,away,ATL,1,3312,Matt Ryan,RyanMa00
2019_03_ATL_IND,2019,3,REG,2019-09-22,ATL,IND,home,IND,1,3294,Jacoby Brissett,BrisJa00
2019_03_BAL_KC,2019,3,REG,2019-09-22,BAL,KC,away,BAL,1,3302,Lamar Jackson,JackLa00
2019_03_BAL_KC,2019,3,REG,2019-09-22,BAL,KC,home,KC,1,3304,Patrick Mahomes,MahoPa00
2019_03_CAR_ARI,2019,3,REG,2019-09-22,CAR,ARI,away,CAR,1,3291,Kyle Allen,AlleKy00
2019_03_CAR_ARI,2019,3,REG,2019-09-22,CAR,ARI,home,ARI,1,3306,Kyler Murray,MurrKy00
2019_03_CHI_WAS,2019,3,REG,2019-09-23,CHI,WAS,away,CHI,1,3289,Mitchell Trubisky,TrubMi00
2019_03_CHI_WAS,2019,3,REG,2019-09-23,CHI,WAS,home,WAS,1,3288,Case Keenum,KeenCa00
2019_03_CIN_BUF,2019,3,REG,2019-09-22,CIN,BUF,away,CIN,1,3297,Andy Dalton,DaltAn00
2019_03_CIN_BUF,2019,3,REG,2019-09-22,CIN,BUF,home,BUF,1,3290,Josh Allen,AlleJo02
2019_03_DEN_GB,2019,3,REG,2019-09-22,DEN,GB,away,DEN,1,3299,Joe Flacco,FlacJo00
2019_03_DEN_GB,2019,3,REG,2019-09-22,DEN,GB,home,GB,1,3309,Aaron Rodgers,RodgAa00
2019_03_DET_PHI,2019,3,REG,2019-09-22,DET,PHI,away,DET,1,3313,Matthew Stafford,StafMa00
2019_03_DET_PHI,2019,3,REG,2019-09-22,DET,PHI,home,PHI,1,3315,Carson Wentz,WentCa00
2019_03_HOU_LAC,2019,3,REG,2019-09-22,HOU,LAC,away,HOU,1,3314,Deshaun Watson,WatsDe00
2019_03_HOU_LAC,2019,3,REG,2019-09-22,HOU,LAC,home,LAC,1,3308,Philip Rivers,RivePh00
2019_03_LA_CLE,2019,3,REG,2019-09-22,LAR,CLE,away,LAR,1,3301,Jared Goff,GoffJa00
2019_03_LA_CLE,2019,3,REG,2019-09-22,LAR,CLE,home,CLE,1,3305,Baker Mayfield,MayfBa00
2019_03_MIA_DAL,2019,3,REG,2019-09-22,MIA,DAL,away,MIA,1,3310,Josh Rosen,RoseJo01
2019_03_MIA_DAL,2019,3,REG,2019-09-22,MIA,DAL,home,DAL,1,3307,Dak Prescott,PresDa01
2019_03_NO_SEA,2019,3,REG,2019-09-22,NO,SEA,away,NO,1,3293,Teddy Bridgewater,BridTe00
2019_03_NO_SEA,2019,3,REG,2019-09-22,NO,SEA,home,SEA,1,3316,Russell Wilson,WilsRu00
2019_03_NYG_TB,2019,3,REG,2019-09-22,NYG,TB,away,NYG,1,3303,Daniel Jones,JoneDa05
2019_03_NYG_TB,2019,3,REG,2019-09-22,NYG,TB,home,TB,1,3317,Jameis Winston,WinsJa00
2019_03_NYJ_NE,2019,3,REG,2019-09-22,NYJ,NE,away,NYJ,1,3298,Luke Falk,FalkLu00
2019_03_NYJ_NE,2019,3,REG,2019-09-22,NYJ,NE,home,NE,1,3292,Tom Brady,BradTo00
2019_03_OAK_MIN,2019,3,REG,2019-09-22,LV,MIN,away,LV,1,3295,Derek Carr,CarrDe02
2019_03_OAK_MIN,2019,3,REG,2019-09-22,LV,MIN,home,MIN,1,3296,Kirk Cousins,CousKi00
2019_03_PIT_SF,2019,3,REG,2019-09-22,PIT,SF,away,PIT,1,3311,Mason Rudolph,RudoMa00
2019_03_PIT_SF,2019,3,REG,2019-09-22,PIT,SF,home,SF,1,3300,Jimmy Garoppolo,GaroJi00
2019_03_TEN_JAX,2019,3,REG,2019-09-19,TEN,JAX,away,TEN,1,3318,Marcus Mariota,MariMa01
2019_03_TEN_JAX,2019,3,REG,2019-09-19,TEN,JAX,home,JAX,1,3319,Gardner Minshew II,MinsGa00
2019_04_CAR_HOU,2019,4,REG,2019-09-29,CAR,HOU,away,CAR,1,3261,Kyle Allen,AlleKy00
2019_04_CAR_HOU,2019,4,REG,2019-09-29,CAR,HOU,home,HOU,1,3283,Deshaun Watson,WatsDe00
2019_04_CIN_PIT,2019,4,REG,2019-09-30,CIN,PIT,away,CIN,1,3258,Andy Dalton,DaltAn00
2019_04_CIN_PIT,2019,4,REG,2019-09-30,CIN,PIT,home,PIT,1,3259,Mason Rudolph,RudoMa00
2019_04_CLE_BAL,2019,4,REG,2019-09-29,CLE,BAL,away,CLE,1,3274,Baker Mayfield,MayfBa00
2019_04_CLE_BAL,2019,4,REG,2019-09-29,CLE,BAL,home,BAL,1,3269,Lamar Jackson,JackLa00
2019_04_DAL_NO,2019,4,REG,2019-09-29,DAL,NO,away,DAL,1,3277,Dak Prescott,PresDa01
2019_04_DAL_NO,2019,4,REG,2019-09-29,DAL,NO,home,NO,1,3263,Teddy Bridgewater,BridTe00
2019_04_JAX_DEN,2019,4,REG,2019-09-29,JAX,DEN,away,JAX,1,3275,Gardner Minshew II,MinsGa00
2019_04_JAX_DEN,2019,4,REG,2019-09-29,JAX,DEN,home,DEN,1,3267,Joe Flacco,FlacJo00
2019_04_KC_DET,2019,4,REG,2019-09-29,KC,DET,away,KC,1,3272,Patrick Mahomes,MahoPa00
2019_04_KC_DET,2019,4,REG,2019-09-29,KC,DET,home,DET,1,3281,Matthew Stafford,StafMa00
2019_04_LAC_MIA,2019,4,REG,2019-09-29,LAC,MIA,away,LAC,1,3278,Philip Rivers,RivePh00
2019_04_LAC_MIA,2019,4,REG,2019-09-29,LAC,MIA,home,MIA,1,3279,Josh Rosen,RoseJo01
2019_04_MIN_CHI,2019,4,REG,2019-09-29,MIN,CHI,away,MIN,1,3266,Kirk Cousins,CousKi00
2019_04_MIN_CHI,2019,4,REG,2019-09-29,MIN,CHI,home,CHI,1,3282,Mitchell Trubisky,TrubMi00
2019_04_NE_BUF,2019,4,REG,2019-09-29,NE,BUF,away,NE,1,3262,Tom Brady,BradTo00
2019_04_NE_BUF,2019,4,REG,2019-09-29,NE,BUF,home,BUF,1,3260,Josh Allen,AlleJo02
2019_04_OAK_IND,2019,4,REG,2019-09-29,LV,IND,away,LV,1,3265,Derek Carr,CarrDe02
2019_04_OAK_IND,2019,4,REG,2019-09-29,LV,IND,home,IND,1,3264,Jacoby Brissett,BrisJa00
2019_04_PHI_GB,2019,4,REG,2019-09-26,PHI,GB,away,PHI,1,3287,Carson Wentz,WentCa00
2019_04_PHI_GB,2019,4,REG,2019-09-26,PHI,GB,home,GB,1,3286,Aaron Rodgers,RodgAa00
2019_04_SEA_ARI,2019,4,REG,2019-09-29,SEA,ARI,away,SEA,1,3284,Russell Wilson,WilsRu00
2019_04_SEA_ARI,2019,4,REG,2019-09-29,SEA,ARI,home,ARI,1,3276,Kyler Murray,MurrKy00
2019_04_TB_LA,2019,4,REG,2019-09-29,TB,LAR,away,TB,1,3285,Jameis Winston,WinsJa00
2019_04_TB_LA,2019,4,REG,2019-09-29,TB,LAR,home,LAR,1,3268,Jared Goff,GoffJa00
2019_04_TEN_ATL,2019,4,REG,2019-09-29,TEN,ATL,away,TEN,1,3273,Marcus Mariota,MariMa01
2019_04_TEN_ATL,2019,4,REG,2019-09-29,TEN,ATL,home,ATL,1,3280,Matt Ryan,RyanMa00
2019_04_WAS_NYG,2019,4,REG,2019-09-29,WAS,NYG,away,WAS,1,3271,Case Keenum,KeenCa00
2019_04_WAS_NYG,2019,4,REG,2019-09-29,WAS,NYG,home,NYG,1,3270,Daniel Jones,JoneDa05
2019_05_ARI_CIN,2019,5,REG,2019-10-06,ARI,CIN,away,ARI,1,3247,Kyler Murray,MurrKy00
2019_05_ARI_CIN,2019,5,REG,2019-10-06,ARI,CIN,home,CIN,1,3236,Andy Dalton,DaltAn00
2019_05_ATL_HOU,2019,5,REG,2019-10-06,ATL,HOU,away,ATL,1,3252,Matt Ryan,RyanMa00
2019_05_ATL_HOU,2019,5,REG,2019-10-06,ATL,HOU,home,HOU,1,3253,Deshaun Watson,WatsDe00
2019_05_BAL_PIT,2019,5,REG,2019-10-06,BAL,PIT,away,BAL,1,3241,Lamar Jackson,JackLa00
2019_05_BAL_PIT,2019,5,REG,2019-10-06,BAL,PIT,home,PIT,1,3251,Mason Rudolph,RudoMa00
2019_05_BUF_TEN,2019,5,REG,2019-10-06,BUF,TEN,away,BUF,1,3229,Josh Allen,AlleJo02
2019_05_BUF_TEN,2019,5,REG,2019-10-06,BUF,TEN,home,TEN,1,3244,Marcus Mariota,MariMa01
2019_05_CHI_OAK,2019,5,REG,2019-10-06,CHI,LV,away,CHI,1,3237,Chase Daniel,DaniCh00
2019_05_CHI_OAK,2019,5,REG,2019-10-06,CHI,LV,home,LV,1,3234,Derek Carr,CarrDe02
2019_05_CLE_SF,2019,5,REG,2019-10-07,CLE,SF,away,CLE,1,3228,Baker Mayfield,MayfBa00
2019_05_CLE_SF,2019,5,REG,2019-10-07,CLE,SF,home,SF,1,3227,Jimmy Garoppolo,GaroJi00
2019_05_DEN_LAC,2019,5,REG,2019-10-06,DEN,LAC,away,DEN,1,3239,Joe Flacco,FlacJo00
2019_05_DEN_LAC,2019,5,REG,2019-10-06,DEN,LAC,home,LAC,1,3249,Philip Rivers,RivePh00
2019_05_GB_DAL,2019,5,REG,2019-10-06,GB,DAL,away,GB,1,3250,Aaron Rodgers,RodgAa00
2019_05_GB_DAL,2019,5,REG,2019-10-06,GB,DAL,home,DAL,1,3248,Dak Prescott,PresDa01
2019_05_IND_KC,2019,5,REG,2019-10-06,IND,KC,away,IND,1,3233,Jacoby Brissett,BrisJa00
2019_05_IND_KC,2019,5,REG,2019-10-06,IND,KC,home,KC,1,3243,Patrick Mahomes,MahoPa00
2019_05_JAX_CAR,2019,5,REG,2019-10-06,JAX,CAR,away,JAX,1,3246,Gardner Minshew II,MinsGa00
2019_05_JAX_CAR,2019,5,REG,2019-10-06,JAX,CAR,home,CAR,1,3230,Kyle Allen,AlleKy00
2019_05_LA_SEA,2019,5,REG,2019-10-03,LAR,SEA,away,LAR,1,3256,Jared Goff,GoffJa00
2019_05_LA_SEA,2019,5,REG,2019-10-03,LAR,SEA,home,SEA,1,3257,Russell Wilson,WilsRu00
2019_05_MIN_NYG,2019,5,REG,2019-10-06,MIN,NYG,away,MIN,1,3235,Kirk Cousins,CousKi00
2019_05_MIN_NYG,2019,5,REG,2019-10-06,MIN,NYG,home,NYG,1,3242,Daniel Jones,JoneDa05
2019_05_NE_WAS,2019,5,REG,2019-10-06,NE,WAS,away,NE,1,3231,Tom Brady,BradTo00
2019_05_NE_WAS,2019,5,REG,2019-10-06,NE,WAS,home,WAS,1,3245,Colt McCoy,McCoCo00
2019_05_NYJ_PHI,2019,5,REG,2019-10-06,NYJ,PHI,away,NYJ,1,3238,Luke Falk,FalkLu00
2019_05_NYJ_PHI,2019,5,REG,2019-10-06,NYJ,PHI,home,PHI,1,3254,Carson Wentz,WentCa00
2019_05_TB_NO,2019,5,REG,2019-10-06,TB,NO,away,TB,1,3255,Jameis Winston,WinsJa00
2019_05_TB_NO,2019,5,REG,2019-10-06,TB,NO,home,NO,2,3232|3240,Teddy Bridgewater|Taysom Hill,BridTe00|HillTa00
2019_06_ATL_ARI,2019,6,REG,2019-10-13,ATL,ARI,away,ATL,1,3220,Matt Ryan,RyanMa00
2019_06_ATL_ARI,2019,6,REG,2019-10-13,ATL,ARI,home,ARI,1,3216,Kyler Murray,MurrKy00
2019_06_CAR_TB,2019,6,REG,2019-10-13,CAR,TB,away,CAR,1,3201,Kyle Allen,AlleKy00
2019_06_CAR_TB,2019,6,REG,2019-10-13,CAR,TB,home,TB,1,3224,Jameis Winston,WinsJa00
2019_06_CIN_BAL,2019,6,REG,2019-10-13,CIN,BAL,away,CIN,1,3204,Andy Dalton,DaltAn00
2019_06_CIN_BAL,2019,6,REG,2019-10-13,CIN,BAL,home,BAL,1,3210,Lamar Jackson,JackLa00
2019_06_DAL_NYJ,2019,6,REG,2019-10-13,DAL,NYJ,away,DAL,1,3217,Dak Prescott,PresDa01
2019_06_DAL_NYJ,2019,6,REG,2019-10-13,DAL,NYJ,home,NYJ,1,3205,Sam Darnold,DarnSa00
2019_06_DET_GB,2019,6,REG,2019-10-14,DET,GB,away,DET,1,3200,Matthew Stafford,StafMa00
2019_06_DET_GB,2019,6,REG,2019-10-14,DET,GB,home,GB,1,3199,Aaron Rodgers,RodgAa00
2019_06_HOU_KC,2019,6,REG,2019-10-13,HOU,KC,away,HOU,1,3221,Deshaun Watson,WatsDe00
2019_06_HOU_KC,2019,6,REG,2019-10-13,HOU,KC,home,KC,1,3212,Patrick Mahomes,MahoPa00
2019_06_NO_JAX,2019,6,REG,2019-10-13,NO,JAX,away,NO,1,3202,Teddy Bridgewater,BridTe00
2019_06_NO_JAX,2019,6,REG,2019-10-13,NO,JAX,home,JAX,1,3215,Gardner Minshew II,MinsGa00
2019_06_NYG_NE,2019,6,REG,2019-10-10,NYG,NE,away,NYG,1,3226,Daniel Jones,JoneDa05
2019_06_NYG_NE,2019,6,REG,2019-10-10,NYG,NE,home,NE,1,3225,Tom Brady,BradTo00
2019_06_PHI_MIN,2019,6,REG,2019-10-13,PHI,MIN,away,PHI,1,3222,Carson Wentz,WentCa00
2019_06_PHI_MIN,2019,6,REG,2019-10-13,PHI,MIN,home,MIN,1,3203,Kirk Cousins,CousKi00
2019_06_PIT_LAC,2019,6,REG,2019-10-13,PIT,LAC,away,PIT,1,3209,Devlin Hodges,HodgDe00
2019_06_PIT_LAC,2019,6,REG,2019-10-13,PIT,LAC,home,LAC,1,3218,Philip Rivers,RivePh00
2019_06_SEA_CLE,2019,6,REG,2019-10-13,SEA,CLE,away,SEA,1,3223,Russell Wilson,WilsRu00
2019_06_SEA_CLE,2019,6,REG,2019-10-13,SEA,CLE,home,CLE,1,3214,Baker Mayfield,MayfBa00
2019_06_SF_LA,2019,6,REG,2019-10-13,SF,LAR,away,SF,1,3207,Jimmy Garoppolo,GaroJi00
2019_06_SF_LA,2019,6,REG,2019-10-13,SF,LAR,home,LAR,1,3208,Jared Goff,GoffJa00
2019_06_TEN_DEN,2019,6,REG,2019-10-13,TEN,DEN,away,TEN,1,3213,Marcus Mariota,MariMa01
2019_06_TEN_DEN,2019,6,REG,2019-10-13,TEN,DEN,home,DEN,1,3206,Joe Flacco,FlacJo00
2019_06_WAS_MIA,2019,6,REG,2019-10-13,WAS,MIA,away,WAS,1,3211,Case Keenum,KeenCa00
2019_06_WAS_MIA,2019,6,REG,2019-10-13,WAS,MIA,home,MIA,1,3219,Josh Rosen,RoseJo01
2019_07_ARI_NYG,2019,7,REG,2019-10-20,ARI,NYG,away,ARI,1,3186,Kyler Murray,MurrKy00
2019_07_ARI_NYG,2019,7,REG,2019-10-20,ARI,NYG,home,NYG,1,3183,Daniel Jones,JoneDa05
2019_07_BAL_SEA,2019,7,REG,2019-10-20,BAL,SEA,away,BAL,1,3182,Lamar Jackson,JackLa00
2019_07_BAL_SEA,2019,7,REG,2019-10-20,BAL,SEA,home,SEA,1,3196,Russell Wilson,WilsRu00
2019_07_HOU_IND,2019,7,REG,2019-10-20,HOU,IND,away,HOU,1,3194,Deshaun Watson,WatsDe00
2019_07_HOU_IND,2019,7,REG,2019-10-20,HOU,IND,home,IND,1,3175,Jacoby Brissett,BrisJa00
2019_07_JAX_CIN,2019,7,REG,2019-10-20,JAX,CIN,away,JAX,1,3185,Gardner Minshew II,MinsGa00
2019_07_JAX_CIN,2019,7,REG,2019-10-20,JAX,CIN,home,CIN,1,3178,Andy Dalton,DaltAn00
2019_07_KC_DEN,2019,7,REG,2019-10-17,KC,DEN,away,KC,1,3198,Patrick Mahomes,MahoPa00
2019_07_KC_DEN,2019,7,REG,2019-10-17,KC,DEN,home,DEN,1,3197,Joe Flacco,FlacJo00
2019_07_LAC_TEN,2019,7,REG,2019-10-20,LAC,TEN,away,LAC,1,3188,Philip Rivers,RivePh00
2019_07_LAC_TEN,2019,7,REG,2019-10-20,LAC,TEN,home,TEN,1,3192,Ryan Tannehill,TannRy00
2019_07_LA_ATL,2019,7,REG,2019-10-20,LAR,ATL,away,LAR,1,3181,Jared Goff,GoffJa00
2019_07_LA_ATL,2019,7,REG,2019-10-20,LAR,ATL,home,ATL,1,3190,Matt Ryan,RyanMa00
2019_07_MIA_BUF,2019,7,REG,2019-10-20,MIA,BUF,away,MIA,1,3179,Ryan Fitzpatrick,FitzRy00
2019_07_MIA_BUF,2019,7,REG,2019-10-20,MIA,BUF,home,BUF,1,3173,Josh Allen,AlleJo02
2019_07_MIN_DET,2019,7,REG,2019-10-20,MIN,DET,away,MIN,1,3177,Kirk Cousins,CousKi00
2019_07_MIN_DET,2019,7,REG,2019-10-20,MIN,DET,home,DET,1,3191,Matthew Stafford,StafMa00
2019_07_NE_NYJ,2019,7,REG,2019-10-21,NE,NYJ,away,NE,1,3171,Tom Brady,BradTo00
2019_07_NE_NYJ,2019,7,REG,2019-10-21,NE,NYJ,home,NYJ,1,3172,Sam Darnold,DarnSa00
2019_07_NO_CHI,2019,7,REG,2019-10-20,NO,CHI,away,NO,1,3174,Teddy Bridgewater,BridTe00
2019_07_NO_CHI,2019,7,REG,2019-10-20,NO,CHI,home,CHI,1,3193,Mitchell Trubisky,TrubMi00
2019_07_OAK_GB,2019,7,REG,2019-10-20,LV,GB,away,LV,1,3176,Derek Carr,CarrDe02
2019_07_OAK_GB,2019,7,REG,2019-10-20,LV,GB,home,GB,1,3189,Aaron Rodgers,RodgAa00
2019_07_PHI_DAL,2019,7,REG,2019-10-20,PHI,DAL,away,PHI,1,3195,Carson Wentz,WentCa00
2019_07_PHI_DAL,2019,7,REG,2019-10-20,PHI,DAL,home,DAL,1,3187,Dak Prescott,PresDa01
2019_07_SF_WAS,2019,7,REG,2019-10-20,SF,WAS,away,SF,1,3180,Jimmy Garoppolo,GaroJi00
2019_07_SF_WAS,2019,7,REG,2019-10-20,SF,WAS,home,WAS,1,3184,Case Keenum,KeenCa00
2019_08_ARI_NO,2019,8,REG,2019-10-27,ARI,NO,away,ARI,1,3158,Kyler Murray,MurrKy00
2019_08_ARI_NO,2019,8,REG,2019-10-27,ARI,NO,home,NO,1,3146,Drew Brees,BreeDr00
2019_08_CAR_SF,2019,8,REG,2019-10-27,CAR,SF,away,CAR,1,3144,Kyle Allen,AlleKy00
2019_08_CAR_SF,2019,8,REG,2019-10-27,CAR,SF,home,SF,1,3152,Jimmy Garoppolo,GaroJi00
2019_08_CIN_LA,2019,8,REG,2019-10-27,CIN,LAR,away,CIN,1,3149,Andy Dalton,DaltAn00
2019_08_CIN_LA,2019,8,REG,2019-10-27,CIN,LAR,home,LAR,1,3153,Jared Goff,GoffJa00
2019_08_CLE_NE,2019,8,REG,2019-10-27,CLE,NE,away,CLE,1,3155,Baker Mayfield,MayfBa00
2019_08_CLE_NE,2019,8,REG,2019-10-27,CLE,NE,home,NE,1,3145,Tom Brady,BradTo00
2019_08_DEN_IND,2019,8,REG,2019-10-27,DEN,IND,away,DEN,1,3151,Joe Flacco,FlacJo00
2019_08_DEN_IND,2019,8,REG,2019-10-27,DEN,IND,home,IND,1,3147,Jacoby Brissett,BrisJa00
2019_08_GB_KC,2019,8,REG,2019-10-27,GB,KC,away,GB,1,3160,Aaron Rodgers,RodgAa00
2019_08_GB_KC,2019,8,REG,2019-10-27,GB,KC,home,KC,1,3157,Matt Moore,MoorMa01
2019_08_LAC_CHI,2019,8,REG,2019-10-27,LAC,CHI,away,LAC,1,3159,Philip Rivers,RivePh00
2019_08_LAC_CHI,2019,8,REG,2019-10-27,LAC,CHI,home,CHI,1,3164,Mitchell Trubisky,TrubMi00
2019_08_MIA_PIT,2019,8,REG,2019-10-28,MIA,PIT,away,MIA,1,3141,Ryan Fitzpatrick,FitzRy00
2019_08_MIA_PIT,2019,8,REG,2019-10-28,MIA,PIT,home,PIT,1,3142,Mason Rudolph,RudoMa00
2019_08_NYG_DET,2019,8,REG,2019-10-27,NYG,DET,away,NYG,1,3154,Daniel Jones,JoneDa05
2019_08_NYG_DET,2019,8,REG,2019-10-27,NYG,DET,home,DET,1,3162,Matthew Stafford,StafMa00
2019_08_NYJ_JAX,2019,8,REG,2019-10-27,NYJ,JAX,away,NYJ,1,3150,Sam Darnold,DarnSa00
2019_08_NYJ_JAX,2019,8,REG,2019-10-27,NYJ,JAX,home,JAX,1,3156,Gardner Minshew II,MinsGa00
2019_08_OAK_HOU,2019,8,REG,2019-10-27,LV,HOU,away,LV,1,3148,Derek Carr,CarrDe02
2019_08_OAK_HOU,2019,8,REG,2019-10-27,LV,HOU,home,HOU,1,3165,Deshaun Watson,WatsDe00
2019_08_PHI_BUF,2019,8,REG,2019-10-27,PHI,BUF,away,PHI,1,3166,Carson Wentz,WentCa00
2019_08_PHI_BUF,2019,8,REG,2019-10-27,PHI,BUF,home,BUF,1,3143,Josh Allen,AlleJo02
2019_08_SEA_ATL,2019,8,REG,2019-10-27,SEA,ATL,away,SEA,1,3167,Russell Wilson,WilsRu00
2019_08_SEA_ATL,2019,8,REG,2019-10-27,SEA,ATL,home,ATL,1,3161,Matt Schaub,SchaMa00
2019_08_TB_TEN,2019,8,REG,2019-10-27,TB,TEN,away,TB,1,3168,Jameis Winston,WinsJa00
2019_08_TB_TEN,2019,8,REG,2019-10-27,TB,TEN,home,TEN,1,3163,Ryan Tannehill,TannRy00
2019_08_WAS_MIN,2019,8,REG,2019-10-24,WAS,MIN,away,WAS,1,3170,Case Keenum,KeenCa00
2019_08_WAS_MIN,2019,8,REG,2019-10-24,WAS,MIN,home,MIN,1,3169,Kirk Cousins,CousKi00
2019_09_CHI_PHI,2019,9,REG,2019-11-03,CHI,PHI,away,CHI,1,3134,Mitchell Trubisky,TrubMi00
2019_09_CHI_PHI,2019,9,REG,2019-11-03,CHI,PHI,home,PHI,1,3136,Carson Wentz,WentCa00
2019_09_CLE_DEN,2019,9,REG,2019-11-03,CLE,DEN,away,CLE,1,3126,Baker Mayfield,MayfBa00
2019_09_CLE_DEN,2019,9,REG,2019-11-03,CLE,DEN,home,DEN,1,3115,Brandon Allen,AlleBr00
2019_09_DAL_NYG,2019,9,REG,2019-11-04,DAL,NYG,away,DAL,1,3114,Dak Prescott,PresDa01
2019_09_DAL_NYG,2019,9,REG,2019-11-04,DAL,NYG,home,NYG,1,3113,Daniel Jones,JoneDa05
2019_09_DET_OAK,2019,9,REG,2019-11-03,DET,LV,away,DET,1,3132,Matthew Stafford,StafMa00
2019_09_DET_OAK,2019,9,REG,2019-11-03,DET,LV,home,LV,1,3120,Derek Carr,CarrDe02
2019_09_GB_LAC,2019,9,REG,2019-11-03,GB,LAC,away,GB,1,3130,Aaron Rodgers,RodgAa00
2019_09_GB_LAC,2019,9,REG,2019-11-03,GB,LAC,home,LAC,1,3129,Philip Rivers,RivePh00
2019_09_HOU_JAX,2019,9,REG,2019-11-03,HOU,JAX,away,HOU,1,3135,Deshaun Watson,WatsDe00
2019_09_HOU_JAX,2019,9,REG,2019-11-03,HOU,JAX,home,JAX,1,3127,Gardner Minshew II,MinsGa00
2019_09_IND_PIT,2019,9,REG,2019-11-03,IND,PIT,away,IND,1,3119,Jacoby Brissett,BrisJa00
2019_09_IND_PIT,2019,9,REG,2019-11-03,IND,PIT,home,PIT,1,3131,Mason Rudolph,RudoMa00
2019_09_MIN_KC,2019,9,REG,2019-11-03,MIN,KC,away,MIN,1,3121,Kirk Cousins,CousKi00
2019_09_MIN_KC,2019,9,REG,2019-11-03,MIN,KC,home,KC,1,3128,Matt Moore,MoorMa01
2019_09_NE_BAL,2019,9,REG,2019-11-03,NE,BAL,away,NE,1,3118,Tom Brady,BradTo00
2019_09_NE_BAL,2019,9,REG,2019-11-03,NE,BAL,home,BAL,1,3125,Lamar Jackson,JackLa00
2019_09_NYJ_MIA,2019,9,REG,2019-11-03,NYJ,MIA,away,NYJ,1,3122,Sam Darnold,DarnSa00
2019_09_NYJ_MIA,2019,9,REG,2019-11-03,NYJ,MIA,home,MIA,1,3123,Ryan Fitzpatrick,FitzRy00
2019_09_SF_ARI,2019,9,REG,2019-10-31,SF,ARI,away,SF,1,3139,Jimmy Garoppolo,GaroJi00
2019_09_SF_ARI,2019,9,REG,2019-10-31,SF,ARI,home,ARI,1,3140,Kyler Murray,MurrKy00
2019_09_TB_SEA,2019,9,REG,2019-11-03,TB,SEA,away,TB,1,3138,Jameis Winston,WinsJa00
2019_09_TB_SEA,2019,9,REG,2019-11-03,TB,SEA,home,SEA,1,3137,Russell Wilson,WilsRu00
2019_09_TEN_CAR,2019,9,REG,2019-11-03,TEN,CAR,away,TEN,1,3133,Ryan Tannehill,TannRy00
2019_09_TEN_CAR,2019,9,REG,2019-11-03,TEN,CAR,home,CAR,1,3117,Kyle Allen,AlleKy00
2019_09_WAS_BUF,2019,9,REG,2019-11-03,WAS,BUF,away,WAS,1,3124,Dwayne Haskins,HaskDw00
2019_09_WAS_BUF,2019,9,REG,2019-11-03,WAS,BUF,home,BUF,1,3116,Josh Allen,AlleJo02
2019_10_ARI_TB,2019,10,REG,2019-11-10,ARI,TB,away,ARI,1,3103,Kyler Murray,MurrKy00
2019_10_ARI_TB,2019,10,REG,2019-11-10,ARI,TB,home,TB,1,3110,Jameis Winston,WinsJa00
2019_10_ATL_NO,2019,10,REG,2019-11-10,ATL,NO,away,ATL,1,3107,Matt Ryan,RyanMa00
2019_10_ATL_NO,2019,10,REG,2019-11-10,ATL,NO,home,NO,1,3091,Drew Brees,BreeDr00
2019_10_BAL_CIN,2019,10,REG,2019-11-10,BAL,CIN,away,BAL,1,3099,Lamar Jackson,JackLa00
2019_10_BAL_CIN,2019,10,REG,2019-11-10,BAL,CIN,home,CIN,1,3095,Ryan Finley,FinlRy00
2019_10_BUF_CLE,2019,10,REG,2019-11-10,BUF,CLE,away,BUF,1,3089,Josh Allen,AlleJo02
2019_10_BUF_CLE,2019,10,REG,2019-11-10,BUF,CLE,home,CLE,1,3102,Baker Mayfield,MayfBa00
2019_10_CAR_GB,2019,10,REG,2019-11-10,CAR,GB,away,CAR,1,3090,Kyle Allen,AlleKy00
2019_10_CAR_GB,2019,10,REG,2019-11-10,CAR,GB,home,GB,1,3105,Aaron Rodgers,RodgAa00
2019_10_DET_CHI,2019,10,REG,2019-11-10,DET,CHI,away,DET,1,3094,Jeff Driskel,DrisJe00
2019_10_DET_CHI,2019,10,REG,2019-11-10,DET,CHI,home,CHI,1,3109,Mitchell Trubisky,TrubMi00
2019_10_KC_TEN,2019,10,REG,2019-11-10,KC,TEN,away,KC,1,3101,Patrick Mahomes,MahoPa00
2019_10_KC_TEN,2019,10,REG,2019-11-10,KC,TEN,home,TEN,1,3108,Ryan Tannehill,TannRy00
2019_10_LAC_OAK,2019,10,REG,2019-11-07,LAC,LV,away,LAC,1,3112,Philip Rivers,RivePh00
2019_10_LAC_OAK,2019,10,REG,2019-11-07,LAC,LV,home,LV,1,3111,Derek Carr,CarrDe02
2019_10_LA_PIT,2019,10,REG,2019-11-10,LAR,PIT,away,LAR,1,3097,Jared Goff,GoffJa00
2019_10_LA_PIT,2019,10,REG,2019-11-10,LAR,PIT,home,PIT,1,3106,Mason Rudolph,RudoMa00
2019_10_MIA_IND,2019,10,REG,2019-11-10,MIA,IND,away,MIA,1,3096,Ryan Fitzpatrick,FitzRy00
2019_10_MIA_IND,2019,10,REG,2019-11-10,MIA,IND,home,IND,1,3098,Brian Hoyer,HoyeBr00
2019_10_MIN_DAL,2019,10,REG,2019-11-10,MIN,DAL,away,MIN,1,3092,Kirk Cousins,CousKi00
2019_10_MIN_DAL,2019,10,REG,2019-11-10,MIN,DAL,home,DAL,1,3104,Dak Prescott,PresDa01
2019_10_NYG_NYJ,2019,10,REG,2019-11-10,NYG,NYJ,away,NYG,1,3100,Daniel Jones,JoneDa05
2019_10_NYG_NYJ,2019,10,REG,2019-11-10,NYG,NYJ,home,NYJ,1,3093,Sam Darnold,DarnSa00
2019_10_SEA_SF,2019,10,REG,2019-11-11,SEA,SF,away,SEA,1,3088,Russell Wilson,WilsRu00
2019_10_SEA_SF,2019,10,REG,2019-11-11,SEA,SF,home,SF,1,3087,Jimmy Garoppolo,GaroJi00
2019_11_ARI_SF,2019,11,REG,2019-11-17,ARI,SF,away,ARI,1,3078,Kyler Murray,MurrKy00
2019_11_ARI_SF,2019,11,REG,2019-11-17,ARI,SF,home,SF,1,3074,Jimmy Garoppolo,GaroJi00
2019_11_ATL_CAR,2019,11,REG,2019-11-17,ATL,CAR,away,ATL,1,3080,Matt Ryan,RyanMa00
2019_11_ATL_CAR,2019,11,REG,2019-11-17,ATL,CAR,home,CAR,1,3063,Kyle Allen,AlleKy00
2019_11_BUF_MIA,2019,11,REG,2019-11-17,BUF,MIA,away,BUF,1,3062,Josh Allen,AlleJo02
2019_11_BUF_MIA,2019,11,REG,2019-11-17,BUF,MIA,home,MIA,1,3072,Ryan Fitzpatrick,FitzRy00
2019_11_CHI_LA,2019,11,REG,2019-11-17,CHI,LAR,away,CHI,1,3081,Mitchell Trubisky,TrubMi00
2019_11_CHI_LA,2019,11,REG,2019-11-17,CHI,LAR,home,LAR,1,3075,Jared Goff,GoffJa00
2019_11_CIN_OAK,2019,11,REG,2019-11-17,CIN,LV,away,CIN,1,3071,Ryan Finley,FinlRy00
2019_11_CIN_OAK,2019,11,REG,2019-11-17,CIN,LV,home,LV,1,3067,Derek Carr,CarrDe02
2019_11_DAL_DET,2019,11,REG,2019-11-17,DAL,DET,away,DAL,1,3079,Dak Prescott,PresDa01
2019_11_DAL_DET,2019,11,REG,2019-11-17,DAL,DET,home,DET,1,3070,Jeff Driskel,DrisJe00
2019_11_DEN_MIN,2019,11,REG,2019-11-17,DEN,MIN,away,DEN,1,3061,Brandon Allen,AlleBr00
2019_11_DEN_MIN,2019,11,REG,2019-11-17,DEN,MIN,home,MIN,1,3068,Kirk Cousins,CousKi00
2019_11_HOU_BAL,2019,11,REG,2019-11-17,HOU,BAL,away,HOU,1,3082,Deshaun Watson,WatsDe00
2019_11_HOU_BAL,2019,11,REG,2019-11-17,HOU,BAL,home,BAL,1,3077,Lamar Jackson,JackLa00
2019_11_JAX_IND,2019,11,REG,2019-11-17,JAX,IND,away,JAX,1,3073,Nick Foles,FoleNi00
2019_11_JAX_IND,2019,11,REG,2019-11-17,JAX,IND,home,IND,1,3066,Jacoby Brissett,BrisJa00
2019_11_KC_LAC,2019,11,REG,2019-11-18,KC,LAC,away,KC,1,3059,Patrick Mahomes,MahoPa00
2019_11_KC_LAC,2019,11,REG,2019-11-18,KC,LAC,home,LAC,1,3060,Philip Rivers,RivePh00
2019_11_NE_PHI,2019,11,REG,2019-11-17,NE,PHI,away,NE,1,3064,Tom Brady,BradTo00
2019_11_NE_PHI,2019,11,REG,2019-11-17,NE,PHI,home,PHI,1,3083,Carson Wentz,WentCa00
2019_11_NO_TB,2019,11,REG,2019-11-17,NO,TB,away,NO,1,3065,Drew Brees,BreeDr00
2019_11_NO_TB,2019,11,REG,2019-11-17,NO,TB,home,TB,1,3084,Jameis Winston,WinsJa00
2019_11_NYJ_WAS,2019,11,REG,2019-11-17,NYJ,WAS,away,NYJ,1,3069,Sam Darnold,DarnSa00
2019_11_NYJ_WAS,2019,11,REG,2019-11-17,NYJ,WAS,home,WAS,1,3076,Dwayne Haskins,HaskDw00
2019_11_PIT_CLE,2019,11,REG,2019-11-14,PIT,CLE,away,PIT,1,3086,Mason Rudolph,RudoMa00
2019_11_PIT_CLE,2019,11,REG,2019-11-14,PIT,CLE,home,CLE,1,3085,Baker Mayfield,MayfBa00
2019_12_BAL_LA,2019,12,REG,2019-11-25,BAL,LAR,away,BAL,1,3032,Lamar Jackson,JackLa00
2019_12_BAL_LA,2019,12,REG,2019-11-25,BAL,LAR,home,LAR,1,3031,Jared Goff,GoffJa00
2019_12_CAR_NO,2019,12,REG,2019-11-24,CAR,NO,away,CAR,1,3035,Kyle Allen,AlleKy00
2019_12_CAR_NO,2019,12,REG,2019-11-24,CAR,NO,home,NO,1,3037,Drew Brees,BreeDr00
2019_12_DAL_NE,2019,12,REG,2019-11-24,DAL,NE,away,DAL,1,3048,Dak Prescott,PresDa01
2019_12_DAL_NE,2019,12,REG,2019-11-24,DAL,NE,home,NE,1,3036,Tom Brady,BradTo00
2019_12_DEN_BUF,2019,12,REG,2019-11-24,DEN,BUF,away,DEN,1,3033,Brandon Allen,AlleBr00
2019_12_DEN_BUF,2019,12,REG,2019-11-24,DEN,BUF,home,BUF,1,3034,Josh Allen,AlleJo02
2019_12_DET_WAS,2019,12,REG,2019-11-24,DET,WAS,away,DET,1,3040,Jeff Driskel,DrisJe00
2019_12_DET_WAS,2019,12,REG,2019-11-24,DET,WAS,home,WAS,1,3045,Dwayne Haskins,HaskDw00
2019_12_GB_SF,2019,12,REG,2019-11-24,GB,SF,away,GB,1,3049,Aaron Rodgers,RodgAa00
2019_12_GB_SF,2019,12,REG,2019-11-24,GB,SF,home,SF,1,3044,Jimmy Garoppolo,GaroJi00
2019_12_IND_HOU,2019,12,REG,2019-11-21,IND,HOU,away,IND,1,3057,Jacoby Brissett,BrisJa00
2019_12_IND_HOU,2019,12,REG,2019-11-21,IND,HOU,home,HOU,1,3058,Deshaun Watson,WatsDe00
2019_12_JAX_TEN,2019,12,REG,2019-11-24,JAX,TEN,away,JAX,1,3043,Nick Foles,FoleNi00
2019_12_JAX_TEN,2019,12,REG,2019-11-24,JAX,TEN,home,TEN,1,3052,Ryan Tannehill,TannRy00
2019_12_MIA_CLE,2019,12,REG,2019-11-24,MIA,CLE,away,MIA,1,3042,Ryan Fitzpatrick,FitzRy00
2019_12_MIA_CLE,2019,12,REG,2019-11-24,MIA,CLE,home,CLE,1,3047,Baker Mayfield,MayfBa00
2019_12_NYG_CHI,2019,12,REG,2019-11-24,NYG,CHI,away,NYG,1,3046,Daniel Jones,JoneDa05
2019_12_NYG_CHI,2019,12,REG,2019-11-24,NYG,CHI,home,CHI,1,3053,Mitchell Trubisky,TrubMi00
2019_12_OAK_NYJ,2019,12,REG,2019-11-24,LV,NYJ,away,LV,1,3038,Derek Carr,CarrDe02
2019_12_OAK_NYJ,2019,12,REG,2019-11-24,LV,NYJ,home,NYJ,1,3039,Sam Darnold,DarnSa00
2019_12_PIT_CIN,2019,12,REG,2019-11-24,PIT,CIN,away,PIT,1,3050,Mason Rudolph,RudoMa00
2019_12_PIT_CIN,2019,12,REG,2019-11-24,PIT,CIN,home,CIN,1,3041,Ryan Finley,FinlRy00
2019_12_SEA_PHI,2019,12,REG,2019-11-24,SEA,PHI,away,SEA,1,3055,Russell Wilson,WilsRu00
2019_12_SEA_PHI,2019,12,REG,2019-11-24,SEA,PHI,home,PHI,1,3054,Carson Wentz,WentCa00
2019_12_TB_ATL,2019,12,REG,2019-11-24,TB,ATL,away,TB,1,3056,Jameis Winston,WinsJa00
2019_12_TB_ATL,2019,12,REG,2019-11-24,TB,ATL,home,ATL,1,3051,Matt Ryan,RyanMa00
2019_13_BUF_DAL,2019,13,REG,2019-11-28,BUF,DAL,away,BUF,1,3024,Josh Allen,AlleJo02
2019_13_BUF_DAL,2019,13,REG,2019-11-28,BUF,DAL,home,DAL,1,3028,Dak Prescott,PresDa01
2019_13_CHI_DET,2019,13,REG,2019-11-28,CHI,DET,away,CHI,1,3030,Mitchell Trubisky,TrubMi00
2019_13_CHI_DET,2019,13,REG,2019-11-28,CHI,DET,home,DET,1,3025,David Blough,BlouDa00
2019_13_CLE_PIT,2019,13,REG,2019-12-01,CLE,PIT,away,CLE,1,3016,Baker Mayfield,MayfBa00
2019_13_CLE_PIT,2019,13,REG,2019-12-01,CLE,PIT,home,PIT,1,3011,Devlin Hodges,HodgDe00
2019_13_GB_NYG,2019,13,REG,2019-12-01,GB,NYG,away,GB,1,3019,Aaron Rodgers,RodgAa00
2019_13_GB_NYG,2019,13,REG,2019-12-01,GB,NYG,home,NYG,1,3013,Daniel Jones,JoneDa05
2019_13_LAC_DEN,2019,13,REG,2019-12-01,LAC,DEN,away,LAC,1,3018,Philip Rivers,RivePh00
2019_13_LAC_DEN,2019,13,REG,2019-12-01,LAC,DEN,home,DEN,1,3014,Drew Lock,LockDr00
2019_13_LA_ARI,2019,13,REG,2019-12-01,LAR,ARI,away,LAR,1,3009,Jared Goff,GoffJa00
2019_13_LA_ARI,2019,13,REG,2019-12-01,LAR,ARI,home,ARI,1,3017,Kyler Murray,MurrKy00
2019_13_MIN_SEA,2019,13,REG,2019-12-02,MIN,SEA,away,MIN,1,2998,Kirk Cousins,CousKi00
2019_13_MIN_SEA,2019,13,REG,2019-12-02,MIN,SEA,home,SEA,1,2999,Russell Wilson,WilsRu00
2019_13_NE_HOU,2019,13,REG,2019-12-01,NE,HOU,away,NE,1,3001,Tom Brady,BradTo00
2019_13_NE_HOU,2019,13,REG,2019-12-01,NE,HOU,home,HOU,1,3021,Deshaun Watson,WatsDe00
2019_13_NO_ATL,2019,13,REG,2019-11-28,NO,ATL,away,NO,2,3026|3027,Drew Brees|Taysom Hill,BreeDr00|HillTa00
2019_13_NO_ATL,2019,13,REG,2019-11-28,NO,ATL,home,ATL,1,3029,Matt Ryan,RyanMa00
2019_13_NYJ_CIN,2019,13,REG,2019-12-01,NYJ,CIN,away,NYJ,1,3005,Sam Darnold,DarnSa00
2019_13_NYJ_CIN,2019,13,REG,2019-12-01,NYJ,CIN,home,CIN,1,3004,Andy Dalton,DaltAn00
2019_13_OAK_KC,2019,13,REG,2019-12-01,LV,KC,away,LV,1,3003,Derek Carr,CarrDe02
2019_13_OAK_KC,2019,13,REG,2019-12-01,LV,KC,home,KC,1,3015,Patrick Mahomes,MahoPa00
2019_13_PHI_MIA,2019,13,REG,2019-12-01,PHI,MIA,away,PHI,1,3022,Carson Wentz,WentCa00
2019_13_PHI_MIA,2019,13,REG,2019-12-01,PHI,MIA,home,MIA,1,3006,Ryan Fitzpatrick,FitzRy00
2019_13_SF_BAL,2019,13,REG,2019-12-01,SF,BAL,away,SF,1,3008,Jimmy Garoppolo,GaroJi00
2019_13_SF_BAL,2019,13,REG,2019-12-01,SF,BAL,home,BAL,1,3012,Lamar Jackson,JackLa00
2019_13_TB_JAX,2019,13,REG,2019-12-01,TB,JAX,away,TB,1,3023,Jameis Winston,WinsJa00
2019_13_TB_JAX,2019,13,REG,2019-12-01,TB,JAX,home,JAX,1,3007,Nick Foles,FoleNi00
2019_13_TEN_IND,2019,13,REG,2019-12-01,TEN,IND,away,TEN,1,3020,Ryan Tannehill,TannRy00
2019_13_TEN_IND,2019,13,REG,2019-12-01,TEN,IND,home,IND,1,3002,Jacoby Brissett,BrisJa00
2019_13_WAS_CAR,2019,13,REG,2019-12-01,WAS,CAR,away,WAS,1,3010,Dwayne Haskins,HaskDw00
2019_13_WAS_CAR,2019,13,REG,2019-12-01,WAS,CAR,home,CAR,1,3000,Kyle Allen,AlleKy00
2019_14_BAL_BUF,2019,14,REG,2019-12-08,BAL,BUF,away,BAL,1,2983,Lamar Jackson,JackLa00
2019_14_BAL_BUF,2019,14,REG,2019-12-08,BAL,BUF,home,BUF,1,2968,Josh Allen,AlleJo02
2019_14_CAR_ATL,2019,14,REG,2019-12-08,CAR,ATL,away,CAR,1,2969,Kyle Allen,AlleKy00
2019_14_CAR_ATL,2019,14,REG,2019-12-08,CAR,ATL,home,ATL,1,2991,Matt Ryan,RyanMa00
2019_14_CIN_CLE,2019,14,REG,2019-12-08,CIN,CLE,away,CIN,1,2976,Andy Dalton,DaltAn00
2019_14_CIN_CLE,2019,14,REG,2019-12-08,CIN,CLE,home,CLE,1,2986,Baker Mayfield,MayfBa00
2019_14_DAL_CHI,2019,14,REG,2019-12-05,DAL,CHI,away,DAL,1,2996,Dak Prescott,PresDa01
2019_14_DAL_CHI,2019,14,REG,2019-12-05,DAL,CHI,home,CHI,1,2997,Mitchell Trubisky,TrubMi00
2019_14_DEN_HOU,2019,14,REG,2019-12-08,DEN,HOU,away,DEN,1,2984,Drew Lock,LockDr00
2019_14_DEN_HOU,2019,14,REG,2019-12-08,DEN,HOU,home,HOU,1,2993,Deshaun Watson,WatsDe00
2019_14_DET_MIN,2019,14,REG,2019-12-08,DET,MIN,away,DET,1,2970,David Blough,BlouDa00
2019_14_DET_MIN,2019,14,REG,2019-12-08,DET,MIN,home,MIN,1,2975,Kirk Cousins,CousKi00
2019_14_IND_TB,2019,14,REG,2019-12-08,IND,TB,away,IND,1,2973,Jacoby Brissett,BrisJa00
2019_14_IND_TB,2019,14,REG,2019-12-08,IND,TB,home,TB,1,2995,Jameis Winston,WinsJa00
2019_14_KC_NE,2019,14,REG,2019-12-08,KC,NE,away,KC,1,2985,Patrick Mahomes,MahoPa00
2019_14_KC_NE,2019,14,REG,2019-12-08,KC,NE,home,NE,1,2971,Tom Brady,BradTo00
2019_14_LAC_JAX,2019,14,REG,2019-12-08,LAC,JAX,away,LAC,1,2989,Philip Rivers,RivePh00
2019_14_LAC_JAX,2019,14,REG,2019-12-08,LAC,JAX,home,JAX,1,2987,Gardner Minshew II,MinsGa00
2019_14_MIA_NYJ,2019,14,REG,2019-12-08,MIA,NYJ,away,MIA,1,2978,Ryan Fitzpatrick,FitzRy00
2019_14_MIA_NYJ,2019,14,REG,2019-12-08,MIA,NYJ,home,NYJ,1,2977,Sam Darnold,DarnSa00
2019_14_NYG_PHI,2019,14,REG,2019-12-09,NYG,PHI,away,NYG,1,2966,Eli Manning,MannEl00
2019_14_NYG_PHI,2019,14,REG,2019-12-09,NYG,PHI,home,PHI,1,2967,Carson Wentz,WentCa00
2019_14_PIT_ARI,2019,14,REG,2019-12-08,PIT,ARI,away,PIT,1,2982,Devlin Hodges,HodgDe00
2019_14_PIT_ARI,2019,14,REG,2019-12-08,PIT,ARI,home,ARI,1,2988,Kyler Murray,MurrKy00
2019_14_SEA_LA,2019,14,REG,2019-12-08,SEA,LAR,away,SEA,1,2994,Russell Wilson,WilsRu00
2019_14_SEA_LA,2019,14,REG,2019-12-08,SEA,LAR,home,LAR,1,2980,Jared Goff,GoffJa00
2019_14_SF_NO,2019,14,REG,2019-12-08,SF,NO,away,SF,1,2979,Jimmy Garoppolo,GaroJi00
2019_14_SF_NO,2019,14,REG,2019-12-08,SF,NO,home,NO,1,2972,Drew Brees,BreeDr00
2019_14_TEN_OAK,2019,14,REG,2019-12-08,TEN,LV,away,TEN,1,2992,Ryan Tannehill,TannRy00
2019_14_TEN_OAK,2019,14,REG,2019-12-08,TEN,LV,home,LV,1,2974,Derek Carr,CarrDe02
2019_14_WAS_GB,2019,14,REG,2019-12-08,WAS,GB,away,WAS,1,2981,Dwayne Haskins,HaskDw00
2019_14_WAS_GB,2019,14,REG,2019-12-08,WAS,GB,home,GB,1,2990,Aaron Rodgers,RodgAa00
2019_15_ATL_SF,2019,15,REG,2019-12-15,ATL,SF,away,ATL,1,2957,Matt Ryan,RyanMa00
2019_15_ATL_SF,2019,15,REG,2019-12-15,ATL,SF,home,SF,1,2944,Jimmy Garoppolo,GaroJi00
2019_15_BUF_PIT,2019,15,REG,2019-12-15,BUF,PIT,away,BUF,1,2936,Josh Allen,AlleJo02
2019_15_BUF_PIT,2019,15,REG,2019-12-15,BUF,PIT,home,PIT,1,2947,Devlin Hodges,HodgDe00
2019_15_CHI_GB,2019,15,REG,2019-12-15,CHI,GB,away,CHI,1,2959,Mitchell Trubisky,TrubMi00
2019_15_CHI_GB,2019,15,REG,2019-12-15,CHI,GB,home,GB,1,2956,Aaron Rodgers,RodgAa00
2019_15_CLE_ARI,2019,15,REG,2019-12-15,CLE,ARI,away,CLE,1,2951,Baker Mayfield,MayfBa00
2019_15_CLE_ARI,2019,15,REG,2019-12-15,CLE,ARI,home,ARI,1,2953,Kyler Murray,MurrKy00
2019_15_DEN_KC,2019,15,REG,2019-12-15,DEN,KC,away,DEN,1,2948,Drew Lock,LockDr00
2019_15_DEN_KC,2019,15,REG,2019-12-15,DEN,KC,home,KC,1,2949,Patrick Mahomes,MahoPa00
2019_15_HOU_TEN,2019,15,REG,2019-12-15,HOU,TEN,away,HOU,1,2960,Deshaun Watson,WatsDe00
2019_15_HOU_TEN,2019,15,REG,2019-12-15,HOU,TEN,home,TEN,1,2958,Ryan Tannehill,TannRy00
2019_15_IND_NO,2019,15,REG,2019-12-16,IND,NO,away,IND,1,2934,Jacoby Brissett,BrisJa00
2019_15_IND_NO,2019,15,REG,2019-12-16,IND,NO,home,NO,2,2933|2935,Drew Brees|Taysom Hill,BreeDr00|HillTa00
2019_15_JAX_OAK,2019,15,REG,2019-12-15,JAX,LV,away,JAX,1,2952,Gardner Minshew II,MinsGa00
2019_15_JAX_OAK,2019,15,REG,2019-12-15,JAX,LV,home,LV,1,2940,Derek Carr,CarrDe02
2019_15_LA_DAL,2019,15,REG,2019-12-15,LAR,DAL,away,LAR,1,2945,Jared Goff,GoffJa00
2019_15_LA_DAL,2019,15,REG,2019-12-15,LAR,DAL,home,DAL,1,2954,Dak Prescott,PresDa01
2019_15_MIA_NYG,2019,15,REG,2019-12-15,MIA,NYG,away,MIA,1,2943,Ryan Fitzpatrick,FitzRy00
2019_15_MIA_NYG,2019,15,REG,2019-12-15,MIA,NYG,home,NYG,1,2950,Eli Manning,MannEl00
2019_15_MIN_LAC,2019,15,REG,2019-12-15,MIN,LAC,away,MIN,1,2941,Kirk Cousins,CousKi00
2019_15_MIN_LAC,2019,15,REG,2019-12-15,MIN,LAC,home,LAC,1,2955,Philip Rivers,RivePh00
2019_15_NE_CIN,2019,15,REG,2019-12-15,NE,CIN,away,NE,1,2939,Tom Brady,BradTo00
2019_15_NE_CIN,2019,15,REG,2019-12-15,NE,CIN,home,CIN,1,2942,Andy Dalton,DaltAn00
2019_15_NYJ_BAL,2019,15,REG,2019-12-12,NYJ,BAL,away,NYJ,1,2964,Sam Darnold,DarnSa00
2019_15_NYJ_BAL,2019,15,REG,2019-12-12,NYJ,BAL,home,BAL,1,2965,Lamar Jackson,JackLa00
2019_15_PHI_WAS,2019,15,REG,2019-12-15,PHI,WAS,away,PHI,1,2961,Carson Wentz,WentCa00
2019_15_PHI_WAS,2019,15,REG,2019-12-15,PHI,WAS,home,WAS,1,2946,Dwayne Haskins,HaskDw00
2019_15_SEA_CAR,2019,15,REG,2019-12-15,SEA,CAR,away,SEA,1,2962,Russell Wilson,WilsRu00
2019_15_SEA_CAR,2019,15,REG,2019-12-15,SEA,CAR,home,CAR,1,2937,Kyle Allen,AlleKy00
2019_15_TB_DET,2019,15,REG,2019-12-15,TB,DET,away,TB,1,2963,Jameis Winston,WinsJa00
2019_15_TB_DET,2019,15,REG,2019-12-15,TB,DET,home,DET,1,2938,David Blough,BlouDa00
2019_16_ARI_SEA,2019,16,REG,2019-12-22,ARI,SEA,away,ARI,1,2919,Kyler Murray,MurrKy00
2019_16_ARI_SEA,2019,16,REG,2019-12-22,ARI,SEA,home,SEA,1,2926,Russell Wilson,WilsRu00
2019_16_BAL_CLE,2019,16,REG,2019-12-22,BAL,CLE,away,BAL,1,2913,Lamar Jackson,JackLa00
2019_16_BAL_CLE,2019,16,REG,2019-12-22,BAL,CLE,home,CLE,1,2917,Baker Mayfield,MayfBa00
2019_16_BUF_NE,2019,16,REG,2019-12-21,BUF,NE,away,BUF,1,2927,Josh Allen,AlleJo02
2019_16_BUF_NE,2019,16,REG,2019-12-21,BUF,NE,home,NE,1,2928,Tom Brady,BradTo00
2019_16_CAR_IND,2019,16,REG,2019-12-22,CAR,IND,away,CAR,1,2909,Will Grier,GrieWi00
2019_16_CAR_IND,2019,16,REG,2019-12-22,CAR,IND,home,IND,1,2904,Jacoby Brissett,BrisJa00
2019_16_CIN_MIA,2019,16,REG,2019-12-22,CIN,MIA,away,CIN,1,2906,Andy Dalton,DaltAn00
2019_16_CIN_MIA,2019,16,REG,2019-12-22,CIN,MIA,home,MIA,1,2908,Ryan Fitzpatrick,FitzRy00
2019_16_DAL_PHI,2019,16,REG,2019-12-22,DAL,PHI,away,DAL,1,2920,Dak Prescott,PresDa01
2019_16_DAL_PHI,2019,16,REG,2019-12-22,DAL,PHI,home,PHI,1,2925,Carson Wentz,WentCa00
2019_16_DET_DEN,2019,16,REG,2019-12-22,DET,DEN,away,DET,1,2902,David Blough,BlouDa00
2019_16_DET_DEN,2019,16,REG,2019-12-22,DET,DEN,home,DEN,1,2915,Drew Lock,LockDr00
2019_16_GB_MIN,2019,16,REG,2019-12-23,GB,MIN,away,GB,1,2901,Aaron Rodgers,RodgAa00
2019_16_GB_MIN,2019,16,REG,2019-12-23,GB,MIN,home,MIN,1,2900,Kirk Cousins,CousKi00
2019_16_HOU_TB,2019,16,REG,2019-12-21,HOU,TB,away,HOU,1,2931,Deshaun Watson,WatsDe00
2019_16_HOU_TB,2019,16,REG,2019-12-21,HOU,TB,home,TB,1,2932,Jameis Winston,WinsJa00
2019_16_JAX_ATL,2019,16,REG,2019-12-22,JAX,ATL,away,JAX,1,2918,Gardner Minshew II,MinsGa00
2019_16_JAX_ATL,2019,16,REG,2019-12-22,JAX,ATL,home,ATL,1,2922,Matt Ryan,RyanMa00
2019_16_KC_CHI,2019,16,REG,2019-12-22,KC,CHI,away,KC,1,2916,Patrick Mahomes,MahoPa00
2019_16_KC_CHI,2019,16,REG,2019-12-22,KC,CHI,home,CHI,1,2924,Mitchell Trubisky,TrubMi00
2019_16_LA_SF,2019,16,REG,2019-12-21,LAR,SF,away,LAR,1,2930,Jared Goff,GoffJa00
2019_16_LA_SF,2019,16,REG,2019-12-21,LAR,SF,home,SF,1,2929,Jimmy Garoppolo,GaroJi00
2019_16_NO_TEN,2019,16,REG,2019-12-22,NO,TEN,away,NO,2,2903|2911,Drew Brees|Taysom Hill,BreeDr00|HillTa00
2019_16_NO_TEN,2019,16,REG,2019-12-22,NO,TEN,home,TEN,1,2923,Ryan Tannehill,TannRy00
2019_16_NYG_WAS,2019,16,REG,2019-12-22,NYG,WAS,away,NYG,1,2914,Daniel Jones,JoneDa05
2019_16_NYG_WAS,2019,16,REG,2019-12-22,NYG,WAS,home,WAS,1,2910,Dwayne Haskins,HaskDw00
2019_16_OAK_LAC,2019,16,REG,2019-12-22,LV,LAC,away,LV,1,2905,Derek Carr,CarrDe02
2019_16_OAK_LAC,2019,16,REG,2019-12-22,LV,LAC,home,LAC,1,2921,Philip Rivers,RivePh00
2019_16_PIT_NYJ,2019,16,REG,2019-12-22,PIT,NYJ,away,PIT,1,2912,Devlin Hodges,HodgDe00
2019_16_PIT_NYJ,2019,16,REG,2019-12-22,PIT,NYJ,home,NYJ,1,2907,Sam Darnold,DarnSa00
2019_17_ARI_LA,2019,17,REG,2019-12-29,ARI,LAR,away,ARI,1,2890,Kyler Murray,MurrKy00
2019_17_ARI_LA,2019,17,REG,2019-12-29,ARI,LAR,home,LAR,1,2877,Jared Goff,GoffJa00
2019_17_ATL_TB,2019,17,REG,2019-12-29,ATL,TB,away,ATL,1,2894,Matt Ryan,RyanMa00
2019_17_ATL_TB,2019,17,REG,2019-12-29,ATL,TB,home,TB,1,2899,Jameis Winston,WinsJa00
2019_17_CHI_MIN,2019,17,REG,2019-12-29,CHI,MIN,away,CHI,1,2896,Mitchell Trubisky,TrubMi00
2019_17_CHI_MIN,2019,17,REG,2019-12-29,CHI,MIN,home,MIN,1,2886,Sean Mannion,MannSe00
2019_17_CLE_CIN,2019,17,REG,2019-12-29,CLE,CIN,away,CLE,1,2887,Baker Mayfield,MayfBa00
2019_17_CLE_CIN,2019,17,REG,2019-12-29,CLE,CIN,home,CIN,1,2873,Andy Dalton,DaltAn00
2019_17_GB_DET,2019,17,REG,2019-12-29,GB,DET,away,GB,1,2893,Aaron Rodgers,RodgAa00
2019_17_GB_DET,2019,17,REG,2019-12-29,GB,DET,home,DET,1,2868,David Blough,BlouDa00
2019_17_IND_JAX,2019,17,REG,2019-12-29,IND,JAX,away,IND,1,2871,Jacoby Brissett,BrisJa00
2019_17_IND_JAX,2019,17,REG,2019-12-29,IND,JAX,home,JAX,1,2889,Gardner Minshew II,MinsGa00
2019_17_LAC_KC,2019,17,REG,2019-12-29,LAC,KC,away,LAC,1,2892,Philip Rivers,RivePh00
2019_17_LAC_KC,2019,17,REG,2019-12-29,LAC,KC,home,KC,1,2885,Patrick Mahomes,MahoPa00
2019_17_MIA_NE,2019,17,REG,2019-12-29,MIA,NE,away,MIA,1,2875,Ryan Fitzpatrick,FitzRy00
2019_17_MIA_NE,2019,17,REG,2019-12-29,MIA,NE,home,NE,1,2869,Tom Brady,BradTo00
2019_17_NO_CAR,2019,17,REG,2019-12-29,NO,CAR,away,NO,2,2870|2880,Drew Brees|Taysom Hill,BreeDr00|HillTa00
2019_17_NO_CAR,2019,17,REG,2019-12-29,NO,CAR,home,CAR,1,2878,Will Grier,GrieWi00
2019_17_NYJ_BUF,2019,17,REG,2019-12-29,NYJ,BUF,away,NYJ,1,2874,Sam Darnold,DarnSa00
2019_17_NYJ_BUF,2019,17,REG,2019-12-29,NYJ,BUF,home,BUF,1,2867,Josh Allen,AlleJo02
2019_17_OAK_DEN,2019,17,REG,2019-12-29,LV,DEN,away,LV,1,2872,Derek Carr,CarrDe02
2019_17_OAK_DEN,2019,17,REG,2019-12-29,LV,DEN,home,DEN,1,2884,Drew Lock,LockDr00
2019_17_PHI_NYG,2019,17,REG,2019-12-29,PHI,NYG,away,PHI,1,2897,Carson Wentz,WentCa00
2019_17_PHI_NYG,2019,17,REG,2019-12-29,PHI,NYG,home,NYG,1,2882,Daniel Jones,JoneDa05
2019_17_PIT_BAL,2019,17,REG,2019-12-29,PIT,BAL,away,PIT,1,2881,Devlin Hodges,HodgDe00
2019_17_PIT_BAL,2019,17,REG,2019-12-29,PIT,BAL,home,BAL,1,2879,Robert Griffin III,GrifRo01
2019_17_SF_SEA,2019,17,REG,2019-12-29,SF,SEA,away,SF,1,2876,Jimmy Garoppolo,GaroJi00
2019_17_SF_SEA,2019,17,REG,2019-12-29,SF,SEA,home,SEA,1,2898,Russell Wilson,WilsRu00
2019_17_TEN_HOU,2019,17,REG,2019-12-29,TEN,HOU,away,TEN,1,2895,Ryan Tannehill,TannRy00
2019_17_TEN_HOU,2019,17,REG,2019-12-29,TEN,HOU,home,HOU,1,2888,A.J. McCarron,McCaA.00
2019_17_WAS_DAL,2019,17,REG,2019-12-29,WAS,DAL,away,WAS,1,2883,Case Keenum,KeenCa00
2019_17_WAS_DAL,2019,17,REG,2019-12-29,WAS,DAL,home,DAL,1,2891,Dak Prescott,PresDa01
2019_18_BUF_HOU,2019,18,WC,2020-01-04,BUF,HOU,away,BUF,1,2863,Josh Allen,AlleJo02
2019_18_BUF_HOU,2019,18,WC,2020-01-04,BUF,HOU,home,HOU,1,2866,Deshaun Watson,WatsDe00
2019_18_MIN_NO,2019,18,WC,2020-01-05,MIN,NO,away,MIN,1,2859,Kirk Cousins,CousKi00
2019_18_MIN_NO,2019,18,WC,2020-01-05,MIN,NO,home,NO,2,2858|2860,Drew Brees|Taysom Hill,BreeDr00|HillTa00
2019_18_SEA_PHI,2019,18,WC,2020-01-05,SEA,PHI,away,SEA,1,2862,Russell Wilson,WilsRu00
2019_18_SEA_PHI,2019,18,WC,2020-01-05,SEA,PHI,home,PHI,1,2861,Carson Wentz,WentCa00
2019_18_TEN_NE,2019,18,WC,2020-01-04,TEN,NE,away,TEN,1,2865,Ryan Tannehill,TannRy00
2019_18_TEN_NE,2019,18,WC,2020-01-04,TEN,NE,home,NE,1,2864,Tom Brady,BradTo00
2019_19_HOU_KC,2019,19,DIV,2020-01-12,HOU,KC,away,HOU,1,2852,Deshaun Watson,WatsDe00
2019_19_HOU_KC,2019,19,DIV,2020-01-12,HOU,KC,home,KC,1,2850,Patrick Mahomes,MahoPa00
2019_19_MIN_SF,2019,19,DIV,2020-01-11,MIN,SF,away,MIN,1,2854,Kirk Cousins,CousKi00
2019_19_MIN_SF,2019,19,DIV,2020-01-11,MIN,SF,home,SF,1,2855,Jimmy Garoppolo,GaroJi00
2019_19_SEA_GB,2019,19,DIV,2020-01-12,SEA,GB,away,SEA,1,2853,Russell Wilson,WilsRu00
2019_19_SEA_GB,2019,19,DIV,2020-01-12,SEA,GB,home,GB,1,2851,Aaron Rodgers,RodgAa00
2019_19_TEN_BAL,2019,19,DIV,2020-01-11,TEN,BAL,away,TEN,1,2857,Ryan Tannehill,TannRy00
2019_19_TEN_BAL,2019,19,DIV,2020-01-11,TEN,BAL,home,BAL,1,2856,Lamar Jackson,JackLa00
2019_20_GB_SF,2019,20,CON,2020-01-19,GB,SF,away,GB,1,2848,Aaron Rodgers,RodgAa00
2019_20_GB_SF,2019,20,CON,2020-01-19,GB,SF,home,SF,1,2846,Jimmy Garoppolo,GaroJi00
2019_20_TEN_KC,2019,20,CON,2020-01-19,TEN,KC,away,TEN,1,2849,Ryan Tannehill,TannRy00
2019_20_TEN_KC,2019,20,CON,2020-01-19,TEN,KC,home,KC,1,2847,Patrick Mahomes,MahoPa00
2019_21_SF_KC,2019,21,SB,2020-02-02,SF,KC,away,SF,1,2844,Jimmy Garoppolo,GaroJi00
2019_21_SF_KC,2019,21,SB,2020-02-02,SF,KC,home,KC,1,2845,Patrick Mahomes,MahoPa00
2020_01_ARI_SF,2020,1,REG,2020-09-13,ARI,SF,away,ARI,1,2831,Kyler Murray,MurrKy00
2020_01_ARI_SF,2020,1,REG,2020-09-13,ARI,SF,home,SF,1,2824,Jimmy Garoppolo,GaroJi00
2020_01_CHI_DET,2020,1,REG,2020-09-13,CHI,DET,away,CHI,1,2839,Mitchell Trubisky,TrubMi00
2020_01_CHI_DET,2020,1,REG,2020-09-13,CHI,DET,home,DET,1,2837,Matthew Stafford,StafMa00
2020_01_CLE_BAL,2020,1,REG,2020-09-13,CLE,BAL,away,CLE,1,2829,Baker Mayfield,MayfBa00
2020_01_CLE_BAL,2020,1,REG,2020-09-13,CLE,BAL,home,BAL,1,2828,Lamar Jackson,JackLa00
2020_01_DAL_LA,2020,1,REG,2020-09-13,DAL,LAR,away,DAL,1,2833,Dak Prescott,PresDa01
2020_01_DAL_LA,2020,1,REG,2020-09-13,DAL,LAR,home,LAR,1,2825,Jared Goff,GoffJa00
2020_01_GB_MIN,2020,1,REG,2020-09-13,GB,MIN,away,GB,1,2835,Aaron Rodgers,RodgAa00
2020_01_GB_MIN,2020,1,REG,2020-09-13,GB,MIN,home,MIN,1,2821,Kirk Cousins,CousKi00
2020_01_HOU_KC,2020,1,REG,2020-09-10,HOU,KC,away,HOU,1,2843,Deshaun Watson,WatsDe00
2020_01_HOU_KC,2020,1,REG,2020-09-10,HOU,KC,home,KC,1,2842,Patrick Mahomes,MahoPa00
2020_01_IND_JAX,2020,1,REG,2020-09-13,IND,JAX,away,IND,1,2834,Philip Rivers,RivePh00
2020_01_IND_JAX,2020,1,REG,2020-09-13,IND,JAX,home,JAX,1,2830,Gardner Minshew II,MinsGa00
2020_01_LAC_CIN,2020,1,REG,2020-09-13,LAC,CIN,away,LAC,1,2838,Tyrod Taylor,TaylTy00
2020_01_LAC_CIN,2020,1,REG,2020-09-13,LAC,CIN,home,CIN,1,2819,Joe Burrow,BurrJo01
2020_01_LV_CAR,2020,1,REG,2020-09-13,LV,CAR,away,LV,1,2820,Derek Carr,CarrDe02
2020_01_LV_CAR,2020,1,REG,2020-09-13,LV,CAR,home,CAR,1,2818,Teddy Bridgewater,BridTe00
2020_01_MIA_NE,2020,1,REG,2020-09-13,MIA,NE,away,MIA,1,2823,Ryan Fitzpatrick,FitzRy00
2020_01_MIA_NE,2020,1,REG,2020-09-13,MIA,NE,home,NE,1,2832,Cam Newton,NewtCa00
2020_01_NYJ_BUF,2020,1,REG,2020-09-13,NYJ,BUF,away,NYJ,1,2822,Sam Darnold,DarnSa00
2020_01_NYJ_BUF,2020,1,REG,2020-09-13,NYJ,BUF,home,BUF,1,2815,Josh Allen,AlleJo02
2020_01_PHI_WAS,2020,1,REG,2020-09-13,PHI,WAS,away,PHI,1,2840,Carson Wentz,WentCa00
2020_01_PHI_WAS,2020,1,REG,2020-09-13,PHI,WAS,home,WAS,1,2826,Dwayne Haskins,HaskDw00
2020_01_PIT_NYG,2020,1,REG,2020-09-14,PIT,NYG,away,PIT,1,2813,Ben Roethlisberger,RoetBe00
2020_01_PIT_NYG,2020,1,REG,2020-09-14,PIT,NYG,home,NYG,1,2811,Daniel Jones,JoneDa05
2020_01_SEA_ATL,2020,1,REG,2020-09-13,SEA,ATL,away,SEA,1,2841,Russell Wilson,WilsRu00
2020_01_SEA_ATL,2020,1,REG,2020-09-13,SEA,ATL,home,ATL,1,2836,Matt Ryan,RyanMa00
2020_01_TB_NO,2020,1,REG,2020-09-13,TB,NO,away,TB,1,2816,Tom Brady,BradTo00
2020_01_TB_NO,2020,1,REG,2020-09-13,TB,NO,home,NO,2,2817|2827,Drew Brees|Taysom Hill,BreeDr00|HillTa00
2020_01_TEN_DEN,2020,1,REG,2020-09-14,TEN,DEN,away,TEN,1,2814,Ryan Tannehill,TannRy00
2020_01_TEN_DEN,2020,1,REG,2020-09-14,TEN,DEN,home,DEN,1,2812,Drew Lock,LockDr00
2020_02_ATL_DAL,2020,2,REG,2020-09-20,ATL,DAL,away,ATL,1,2802,Matt Ryan,RyanMa00
2020_02_ATL_DAL,2020,2,REG,2020-09-20,ATL,DAL,home,DAL,1,2798,Dak Prescott,PresDa01
2020_02_BAL_HOU,2020,2,REG,2020-09-20,BAL,HOU,away,BAL,1,2791,Lamar Jackson,JackLa00
2020_02_BAL_HOU,2020,2,REG,2020-09-20,BAL,HOU,home,HOU,1,2806,Deshaun Watson,WatsDe00
2020_02_BUF_MIA,2020,2,REG,2020-09-20,BUF,MIA,away,BUF,1,2781,Josh Allen,AlleJo02
2020_02_BUF_MIA,2020,2,REG,2020-09-20,BUF,MIA,home,MIA,1,2786,Ryan Fitzpatrick,FitzRy00
2020_02_CAR_TB,2020,2,REG,2020-09-20,CAR,TB,away,CAR,1,2783,Teddy Bridgewater,BridTe00
2020_02_CAR_TB,2020,2,REG,2020-09-20,CAR,TB,home,TB,1,2782,Tom Brady,BradTo00
2020_02_CIN_CLE,2020,2,REG,2020-09-17,CIN,CLE,away,CIN,1,2809,Joe Burrow,BurrJo01
2020_02_CIN_CLE,2020,2,REG,2020-09-17,CIN,CLE,home,CLE,1,2810,Baker Mayfield,MayfBa00
2020_02_DEN_PIT,2020,2,REG,2020-09-20,DEN,PIT,away,DEN,1,2793,Drew Lock,LockDr00
2020_02_DEN_PIT,2020,2,REG,2020-09-20,DEN,PIT,home,PIT,1,2801,Ben Roethlisberger,RoetBe00
2020_02_DET_GB,2020,2,REG,2020-09-20,DET,GB,away,DET,1,2803,Matthew Stafford,StafMa00
2020_02_DET_GB,2020,2,REG,2020-09-20,DET,GB,home,GB,1,2800,Aaron Rodgers,RodgAa00
2020_02_JAX_TEN,2020,2,REG,2020-09-20,JAX,TEN,away,JAX,1,2795,Gardner Minshew II,MinsGa00
2020_02_JAX_TEN,2020,2,REG,2020-09-20,JAX,TEN,home,TEN,1,2804,Ryan Tannehill,TannRy00
2020_02_KC_LAC,2020,2,REG,2020-09-20,KC,LAC,away,KC,1,2794,Patrick Mahomes,MahoPa00
2020_02_KC_LAC,2020,2,REG,2020-09-20,KC,LAC,home,LAC,1,2790,Justin Herbert,HerbJu00
2020_02_LA_PHI,2020,2,REG,2020-09-20,LAR,PHI,away,LAR,1,2788,Jared Goff,GoffJa00
2020_02_LA_PHI,2020,2,REG,2020-09-20,LAR,PHI,home,PHI,1,2807,Carson Wentz,WentCa00
2020_02_MIN_IND,2020,2,REG,2020-09-20,MIN,IND,away,MIN,1,2784,Kirk Cousins,CousKi00
2020_02_MIN_IND,2020,2,REG,2020-09-20,MIN,IND,home,IND,1,2799,Philip Rivers,RivePh00
2020_02_NE_SEA,2020,2,REG,2020-09-20,NE,SEA,away,NE,1,2797,Cam Newton,NewtCa00
2020_02_NE_SEA,2020,2,REG,2020-09-20,NE,SEA,home,SEA,1,2808,Russell Wilson,WilsRu00
2020_02_NO_LV,2020,2,REG,2020-09-21,NO,LV,away,NO,1,2779,Drew Brees,BreeDr00
2020_02_NO_LV,2020,2,REG,2020-09-21,NO,LV,home,LV,1,2780,Derek Carr,CarrDe02
2020_02_NYG_CHI,2020,2,REG,2020-09-20,NYG,CHI,away,NYG,1,2792,Daniel Jones,JoneDa05
2020_02_NYG_CHI,2020,2,REG,2020-09-20,NYG,CHI,home,CHI,1,2805,Mitchell Trubisky,TrubMi00
2020_02_SF_NYJ,2020,2,REG,2020-09-20,SF,NYJ,away,SF,1,2787,Jimmy Garoppolo,GaroJi00
2020_02_SF_NYJ,2020,2,REG,2020-09-20,SF,NYJ,home,NYJ,1,2785,Sam Darnold,DarnSa00
2020_02_WAS_ARI,2020,2,REG,2020-09-20,WAS,ARI,away,WAS,1,2789,Dwayne Haskins,HaskDw00
2020_02_WAS_ARI,2020,2,REG,2020-09-20,WAS,ARI,home,ARI,1,2796,Kyler Murray,MurrKy00
2020_03_CAR_LAC,2020,3,REG,2020-09-27,CAR,LAC,away,CAR,1,2751,Teddy Bridgewater,BridTe00
2020_03_CAR_LAC,2020,3,REG,2020-09-27,CAR,LAC,home,LAC,1,2759,Justin Herbert,HerbJu00
2020_03_CHI_ATL,2020,3,REG,2020-09-27,CHI,ATL,away,CHI,1,2773,Mitchell Trubisky,TrubMi00
2020_03_CHI_ATL,2020,3,REG,2020-09-27,CHI,ATL,home,ATL,1,2770,Matt Ryan,RyanMa00
2020_03_CIN_PHI,2020,3,REG,2020-09-27,CIN,PHI,away,CIN,1,2752,Joe Burrow,BurrJo01
2020_03_CIN_PHI,2020,3,REG,2020-09-27,CIN,PHI,home,PHI,1,2775,Carson Wentz,WentCa00
2020_03_DAL_SEA,2020,3,REG,2020-09-27,DAL,SEA,away,DAL,1,2766,Dak Prescott,PresDa01
2020_03_DAL_SEA,2020,3,REG,2020-09-27,DAL,SEA,home,SEA,1,2776,Russell Wilson,WilsRu00
2020_03_DET_ARI,2020,3,REG,2020-09-27,DET,ARI,away,DET,1,2771,Matthew Stafford,StafMa00
2020_03_DET_ARI,2020,3,REG,2020-09-27,DET,ARI,home,ARI,1,2764,Kyler Murray,MurrKy00
2020_03_GB_NO,2020,3,REG,2020-09-27,GB,NO,away,GB,1,2768,Aaron Rodgers,RodgAa00
2020_03_GB_NO,2020,3,REG,2020-09-27,GB,NO,home,NO,2,2750|2760,Drew Brees|Taysom Hill,BreeDr00|HillTa00
2020_03_HOU_PIT,2020,3,REG,2020-09-27,HOU,PIT,away,HOU,1,2774,Deshaun Watson,WatsDe00
2020_03_HOU_PIT,2020,3,REG,2020-09-27,HOU,PIT,home,PIT,1,2769,Ben Roethlisberger,RoetBe00
2020_03_KC_BAL,2020,3,REG,2020-09-28,KC,BAL,away,KC,1,2747,Patrick Mahomes,MahoPa00
2020_03_KC_BAL,2020,3,REG,2020-09-28,KC,BAL,home,BAL,1,2746,Lamar Jackson,JackLa00
2020_03_LA_BUF,2020,3,REG,2020-09-27,LAR,BUF,away,LAR,1,2757,Jared Goff,GoffJa00
2020_03_LA_BUF,2020,3,REG,2020-09-27,LAR,BUF,home,BUF,1,2748,Josh Allen,AlleJo02
2020_03_LV_NE,2020,3,REG,2020-09-27,LV,NE,away,LV,1,2753,Derek Carr,CarrDe02
2020_03_LV_NE,2020,3,REG,2020-09-27,LV,NE,home,NE,1,2765,Cam Newton,NewtCa00
2020_03_MIA_JAX,2020,3,REG,2020-09-24,MIA,JAX,away,MIA,1,2777,Ryan Fitzpatrick,FitzRy00
2020_03_MIA_JAX,2020,3,REG,2020-09-24,MIA,JAX,home,JAX,1,2778,Gardner Minshew II,MinsGa00
2020_03_NYJ_IND,2020,3,REG,2020-09-27,NYJ,IND,away,NYJ,1,2755,Sam Darnold,DarnSa00
2020_03_NYJ_IND,2020,3,REG,2020-09-27,NYJ,IND,home,IND,1,2767,Philip Rivers,RivePh00
2020_03_SF_NYG,2020,3,REG,2020-09-27,SF,NYG,away,SF,1,2763,Nick Mullens,MullNi00
2020_03_SF_NYG,2020,3,REG,2020-09-27,SF,NYG,home,NYG,1,2761,Daniel Jones,JoneDa05
2020_03_TB_DEN,2020,3,REG,2020-09-27,TB,DEN,away,TB,1,2749,Tom Brady,BradTo00
2020_03_TB_DEN,2020,3,REG,2020-09-27,TB,DEN,home,DEN,1,2756,Jeff Driskel,DrisJe00
2020_03_TEN_MIN,2020,3,REG,2020-09-27,TEN,MIN,away,TEN,1,2772,Ryan Tannehill,TannRy00
2020_03_TEN_MIN,2020,3,REG,2020-09-27,TEN,MIN,home,MIN,1,2754,Kirk Cousins,CousKi00
2020_03_WAS_CLE,2020,3,REG,2020-09-27,WAS,CLE,away,WAS,1,2758,Dwayne Haskins,HaskDw00
2020_03_WAS_CLE,2020,3,REG,2020-09-27,WAS,CLE,home,CLE,1,2762,Baker Mayfield,MayfBa00
2020_04_ARI_CAR,2020,4,REG,2020-10-04,ARI,CAR,away,ARI,1,2737,Kyler Murray,MurrKy00
2020_04_ARI_CAR,2020,4,REG,2020-10-04,ARI,CAR,home,CAR,1,2723,Teddy Bridgewater,BridTe00
2020_04_ATL_GB,2020,4,REG,2020-10-05,ATL,GB,away,ATL,1,2719,Matt Ryan,RyanMa00
2020_04_ATL_GB,2020,4,REG,2020-10-05,ATL,GB,home,GB,1,2718,Aaron Rodgers,RodgAa00
2020_04_BAL_WAS,2020,4,REG,2020-10-04,BAL,WAS,away,BAL,1,2732,Lamar Jackson,JackLa00
2020_04_BAL_WAS,2020,4,REG,2020-10-04,BAL,WAS,home,WAS,1,2730,Dwayne Haskins,HaskDw00
2020_04_BUF_LV,2020,4,REG,2020-10-04,BUF,LV,away,BUF,1,2720,Josh Allen,AlleJo02
2020_04_BUF_LV,2020,4,REG,2020-10-04,BUF,LV,home,LV,1,2725,Derek Carr,CarrDe02
2020_04_CLE_DAL,2020,4,REG,2020-10-04,CLE,DAL,away,CLE,1,2734,Baker Mayfield,MayfBa00
2020_04_CLE_DAL,2020,4,REG,2020-10-04,CLE,DAL,home,DAL,1,2738,Dak Prescott,PresDa01
2020_04_DEN_NYJ,2020,4,REG,2020-10-01,DEN,NYJ,away,DEN,1,2745,Brett Rypien,RypiBr00
2020_04_DEN_NYJ,2020,4,REG,2020-10-01,DEN,NYJ,home,NYJ,1,2744,Sam Darnold,DarnSa00
2020_04_IND_CHI,2020,4,REG,2020-10-04,IND,CHI,away,IND,1,2739,Philip Rivers,RivePh00
2020_04_IND_CHI,2020,4,REG,2020-10-04,IND,CHI,home,CHI,1,2728,Nick Foles,FoleNi00
2020_04_JAX_CIN,2020,4,REG,2020-10-04,JAX,CIN,away,JAX,1,2735,Gardner Minshew II,MinsGa00
2020_04_JAX_CIN,2020,4,REG,2020-10-04,JAX,CIN,home,CIN,1,2724,Joe Burrow,BurrJo01
2020_04_LAC_TB,2020,4,REG,2020-10-04,LAC,TB,away,LAC,1,2731,Justin Herbert,HerbJu00
2020_04_LAC_TB,2020,4,REG,2020-10-04,LAC,TB,home,TB,1,2721,Tom Brady,BradTo00
2020_04_MIN_HOU,2020,4,REG,2020-10-04,MIN,HOU,away,MIN,1,2726,Kirk Cousins,CousKi00
2020_04_MIN_HOU,2020,4,REG,2020-10-04,MIN,HOU,home,HOU,1,2741,Deshaun Watson,WatsDe00
2020_04_NE_KC,2020,4,REG,2020-10-05,NE,KC,away,NE,1,2716,Brian Hoyer,HoyeBr00
2020_04_NE_KC,2020,4,REG,2020-10-05,NE,KC,home,KC,1,2717,Patrick Mahomes,MahoPa00
2020_04_NO_DET,2020,4,REG,2020-10-04,NO,DET,away,NO,1,2722,Drew Brees,BreeDr00
2020_04_NO_DET,2020,4,REG,2020-10-04,NO,DET,home,DET,1,2740,Matthew Stafford,StafMa00
2020_04_NYG_LA,2020,4,REG,2020-10-04,NYG,LAR,away,NYG,1,2733,Daniel Jones,JoneDa05
2020_04_NYG_LA,2020,4,REG,2020-10-04,NYG,LAR,home,LAR,1,2729,Jared Goff,GoffJa00
2020_04_PHI_SF,2020,4,REG,2020-10-04,PHI,SF,away,PHI,1,2742,Carson Wentz,WentCa00
2020_04_PHI_SF,2020,4,REG,2020-10-04,PHI,SF,home,SF,1,2736,Nick Mullens,MullNi00
2020_04_SEA_MIA,2020,4,REG,2020-10-04,SEA,MIA,away,SEA,1,2743,Russell Wilson,WilsRu00
2020_04_SEA_MIA,2020,4,REG,2020-10-04,SEA,MIA,home,MIA,1,2727,Ryan Fitzpatrick,FitzRy00
2020_05_ARI_NYJ,2020,5,REG,2020-10-11,ARI,NYJ,away,ARI,1,2706,Kyler Murray,MurrKy00
2020_05_ARI_NYJ,2020,5,REG,2020-10-11,ARI,NYJ,home,NYJ,1,2698,Joe Flacco,FlacJo00
2020_05_BUF_TEN,2020,5,REG,2020-10-13,BUF,TEN,away,BUF,1,2688,Josh Allen,AlleJo02
2020_05_BUF_TEN,2020,5,REG,2020-10-13,BUF,TEN,home,TEN,1,2689,Ryan Tannehill,TannRy00
2020_05_CAR_ATL,2020,5,REG,2020-10-11,CAR,ATL,away,CAR,1,2693,Teddy Bridgewater,BridTe00
2020_05_CAR_ATL,2020,5,REG,2020-10-11,CAR,ATL,home,ATL,1,2710,Matt Ryan,RyanMa00
2020_05_CIN_BAL,2020,5,REG,2020-10-11,CIN,BAL,away,CIN,1,2694,Joe Burrow,BurrJo01
2020_05_CIN_BAL,2020,5,REG,2020-10-11,CIN,BAL,home,BAL,1,2701,Lamar Jackson,JackLa00
2020_05_IND_CLE,2020,5,REG,2020-10-11,IND,CLE,away,IND,1,2708,Philip Rivers,RivePh00
2020_05_IND_CLE,2020,5,REG,2020-10-11,IND,CLE,home,CLE,1,2704,Baker Mayfield,MayfBa00
2020_05_JAX_HOU,2020,5,REG,2020-10-11,JAX,HOU,away,JAX,1,2705,Gardner Minshew II,MinsGa00
2020_05_JAX_HOU,2020,5,REG,2020-10-11,JAX,HOU,home,HOU,1,2711,Deshaun Watson,WatsDe00
2020_05_LAC_NO,2020,5,REG,2020-10-12,LAC,NO,away,LAC,1,2691,Justin Herbert,HerbJu00
2020_05_LAC_NO,2020,5,REG,2020-10-12,LAC,NO,home,NO,1,2690,Drew Brees,BreeDr00
2020_05_LA_WAS,2020,5,REG,2020-10-11,LAR,WAS,away,LAR,1,2700,Jared Goff,GoffJa00
2020_05_LA_WAS,2020,5,REG,2020-10-11,LAR,WAS,home,WAS,1,2692,Kyle Allen,AlleKy00
2020_05_LV_KC,2020,5,REG,2020-10-11,LV,KC,away,LV,1,2695,Derek Carr,CarrDe02
2020_05_LV_KC,2020,5,REG,2020-10-11,LV,KC,home,KC,1,2703,Patrick Mahomes,MahoPa00
2020_05_MIA_SF,2020,5,REG,2020-10-11,MIA,SF,away,MIA,1,2697,Ryan Fitzpatrick,FitzRy00
2020_05_MIA_SF,2020,5,REG,2020-10-11,MIA,SF,home,SF,1,2699,Jimmy Garoppolo,GaroJi00
2020_05_MIN_SEA,2020,5,REG,2020-10-11,MIN,SEA,away,MIN,1,2696,Kirk Cousins,CousKi00
2020_05_MIN_SEA,2020,5,REG,2020-10-11,MIN,SEA,home,SEA,1,2713,Russell Wilson,WilsRu00
2020_05_NYG_DAL,2020,5,REG,2020-10-11,NYG,DAL,away,NYG,1,2702,Daniel Jones,JoneDa05
2020_05_NYG_DAL,2020,5,REG,2020-10-11,NYG,DAL,home,DAL,1,2707,Dak Prescott,PresDa01
2020_05_PHI_PIT,2020,5,REG,2020-10-11,PHI,PIT,away,PHI,1,2712,Carson Wentz,WentCa00
2020_05_PHI_PIT,2020,5,REG,2020-10-11,PHI,PIT,home,PIT,1,2709,Ben Roethlisberger,RoetBe00
2020_05_TB_CHI,2020,5,REG,2020-10-08,TB,CHI,away,TB,1,2714,Tom Brady,BradTo00
2020_05_TB_CHI,2020,5,REG,2020-10-08,TB,CHI,home,CHI,1,2715,Nick Foles,FoleNi00
2020_06_ARI_DAL,2020,6,REG,2020-10-19,ARI,DAL,away,ARI,1,2663,Kyler Murray,MurrKy00
2020_06_ARI_DAL,2020,6,REG,2020-10-19,ARI,DAL,home,DAL,1,2661,Andy Dalton,DaltAn00
2020_06_ATL_MIN,2020,6,REG,2020-10-18,ATL,MIN,away,ATL,1,2683,Matt Ryan,RyanMa00
2020_06_ATL_MIN,2020,6,REG,2020-10-18,ATL,MIN,home,MIN,1,2668,Kirk Cousins,CousKi00
2020_06_BAL_PHI,2020,6,REG,2020-10-18,BAL,PHI,away,BAL,1,2674,Lamar Jackson,JackLa00
2020_06_BAL_PHI,2020,6,REG,2020-10-18,BAL,PHI,home,PHI,1,2687,Carson Wentz,WentCa00
2020_06_CHI_CAR,2020,6,REG,2020-10-18,CHI,CAR,away,CHI,1,2671,Nick Foles,FoleNi00
2020_06_CHI_CAR,2020,6,REG,2020-10-18,CHI,CAR,home,CAR,1,2666,Teddy Bridgewater,BridTe00
2020_06_CIN_IND,2020,6,REG,2020-10-18,CIN,IND,away,CIN,1,2667,Joe Burrow,BurrJo01
2020_06_CIN_IND,2020,6,REG,2020-10-18,CIN,IND,home,IND,1,2680,Philip Rivers,RivePh00
2020_06_CLE_PIT,2020,6,REG,2020-10-18,CLE,PIT,away,CLE,1,2677,Baker Mayfield,MayfBa00
2020_06_CLE_PIT,2020,6,REG,2020-10-18,CLE,PIT,home,PIT,1,2682,Ben Roethlisberger,RoetBe00
2020_06_DEN_NE,2020,6,REG,2020-10-18,DEN,NE,away,DEN,1,2676,Drew Lock,LockDr00
2020_06_DEN_NE,2020,6,REG,2020-10-18,DEN,NE,home,NE,1,2679,Cam Newton,NewtCa00
2020_06_DET_JAX,2020,6,REG,2020-10-18,DET,JAX,away,DET,1,2684,Matthew Stafford,StafMa00
2020_06_DET_JAX,2020,6,REG,2020-10-18,DET,JAX,home,JAX,1,2678,Gardner Minshew II,MinsGa00
2020_06_GB_TB,2020,6,REG,2020-10-18,GB,TB,away,GB,1,2681,Aaron Rodgers,RodgAa00
2020_06_GB_TB,2020,6,REG,2020-10-18,GB,TB,home,TB,1,2665,Tom Brady,BradTo00
2020_06_HOU_TEN,2020,6,REG,2020-10-18,HOU,TEN,away,HOU,1,2686,Deshaun Watson,WatsDe00
2020_06_HOU_TEN,2020,6,REG,2020-10-18,HOU,TEN,home,TEN,1,2685,Ryan Tannehill,TannRy00
2020_06_KC_BUF,2020,6,REG,2020-10-19,KC,BUF,away,KC,1,2662,Patrick Mahomes,MahoPa00
2020_06_KC_BUF,2020,6,REG,2020-10-19,KC,BUF,home,BUF,1,2660,Josh Allen,AlleJo02
2020_06_LA_SF,2020,6,REG,2020-10-18,LAR,SF,away,LAR,1,2673,Jared Goff,GoffJa00
2020_06_LA_SF,2020,6,REG,2020-10-18,LAR,SF,home,SF,1,2672,Jimmy Garoppolo,GaroJi00
2020_06_NYJ_MIA,2020,6,REG,2020-10-18,NYJ,MIA,away,NYJ,1,2670,Joe Flacco,FlacJo00
2020_06_NYJ_MIA,2020,6,REG,2020-10-18,NYJ,MIA,home,MIA,1,2669,Ryan Fitzpatrick,FitzRy00
2020_06_WAS_NYG,2020,6,REG,2020-10-18,WAS,NYG,away,WAS,1,2664,Kyle Allen,AlleKy00
2020_06_WAS_NYG,2020,6,REG,2020-10-18,WAS,NYG,home,NYG,1,2675,Daniel Jones,JoneDa05
2020_07_BUF_NYJ,2020,7,REG,2020-10-25,BUF,NYJ,away,BUF,1,2633,Josh Allen,AlleJo02
2020_07_BUF_NYJ,2020,7,REG,2020-10-25,BUF,NYJ,home,NYJ,1,2641,Sam Darnold,DarnSa00
2020_07_CAR_NO,2020,7,REG,2020-10-25,CAR,NO,away,CAR,1,2637,Teddy Bridgewater,BridTe00
2020_07_CAR_NO,2020,7,REG,2020-10-25,CAR,NO,home,NO,2,2636|2644,Drew Brees|Taysom Hill,BreeDr00|HillTa00
2020_07_CHI_LA,2020,7,REG,2020-10-26,CHI,LAR,away,CHI,1,2631,Nick Foles,FoleNi00
2020_07_CHI_LA,2020,7,REG,2020-10-26,CHI,LAR,home,LAR,1,2632,Jared Goff,GoffJa00
2020_07_CLE_CIN,2020,7,REG,2020-10-25,CLE,CIN,away,CLE,1,2647,Baker Mayfield,MayfBa00
2020_07_CLE_CIN,2020,7,REG,2020-10-25,CLE,CIN,home,CIN,1,2638,Joe Burrow,BurrJo01
2020_07_DAL_WAS,2020,7,REG,2020-10-25,DAL,WAS,away,DAL,1,2640,Andy Dalton,DaltAn00
2020_07_DAL_WAS,2020,7,REG,2020-10-25,DAL,WAS,home,WAS,1,2634,Kyle Allen,AlleKy00
2020_07_DET_ATL,2020,7,REG,2020-10-25,DET,ATL,away,DET,1,2654,Matthew Stafford,StafMa00
2020_07_DET_ATL,2020,7,REG,2020-10-25,DET,ATL,home,ATL,1,2653,Matt Ryan,RyanMa00
2020_07_GB_HOU,2020,7,REG,2020-10-25,GB,HOU,away,GB,1,2651,Aaron Rodgers,RodgAa00
2020_07_GB_HOU,2020,7,REG,2020-10-25,GB,HOU,home,HOU,1,2656,Deshaun Watson,WatsDe00
2020_07_JAX_LAC,2020,7,REG,2020-10-25,JAX,LAC,away,JAX,1,2648,Gardner Minshew II,MinsGa00
2020_07_JAX_LAC,2020,7,REG,2020-10-25,JAX,LAC,home,LAC,1,2643,Justin Herbert,HerbJu00
2020_07_KC_DEN,2020,7,REG,2020-10-25,KC,DEN,away,KC,1,2646,Patrick Mahomes,MahoPa00
2020_07_KC_DEN,2020,7,REG,2020-10-25,KC,DEN,home,DEN,1,2645,Drew Lock,LockDr00
2020_07_NYG_PHI,2020,7,REG,2020-10-22,NYG,PHI,away,NYG,1,2658,Daniel Jones,JoneDa05
2020_07_NYG_PHI,2020,7,REG,2020-10-22,NYG,PHI,home,PHI,1,2659,Carson Wentz,WentCa00
2020_07_PIT_TEN,2020,7,REG,2020-10-25,PIT,TEN,away,PIT,1,2652,Ben Roethlisberger,RoetBe00
2020_07_PIT_TEN,2020,7,REG,2020-10-25,PIT,TEN,home,TEN,1,2655,Ryan Tannehill,TannRy00
2020_07_SEA_ARI,2020,7,REG,2020-10-25,SEA,ARI,away,SEA,1,2657,Russell Wilson,WilsRu00
2020_07_SEA_ARI,2020,7,REG,2020-10-25,SEA,ARI,home,ARI,1,2649,Kyler Murray,MurrKy00
2020_07_SF_NE,2020,7,REG,2020-10-25,SF,NE,away,SF,1,2642,Jimmy Garoppolo,GaroJi00
2020_07_SF_NE,2020,7,REG,2020-10-25,SF,NE,home,NE,1,2650,Cam Newton,NewtCa00
2020_07_TB_LV,2020,7,REG,2020-10-25,TB,LV,away,TB,1,2635,Tom Brady,BradTo00
2020_07_TB_LV,2020,7,REG,2020-10-25,TB,LV,home,LV,1,2639,Derek Carr,CarrDe02
2020_08_ATL_CAR,2020,8,REG,2020-10-29,ATL,CAR,away,ATL,1,2630,Matt Ryan,RyanMa00
2020_08_ATL_CAR,2020,8,REG,2020-10-29,ATL,CAR,home,CAR,1,2629,Teddy Bridgewater,BridTe00
2020_08_DAL_PHI,2020,8,REG,2020-11-01,DAL,PHI,away,DAL,1,2611,Ben DiNucci,DiNuBe00
2020_08_DAL_PHI,2020,8,REG,2020-11-01,DAL,PHI,home,PHI,1,2627,Carson Wentz,WentCa00
2020_08_IND_DET,2020,8,REG,2020-11-01,IND,DET,away,IND,1,2621,Philip Rivers,RivePh00
2020_08_IND_DET,2020,8,REG,2020-11-01,IND,DET,home,DET,1,2624,Matthew Stafford,StafMa00
2020_08_LAC_DEN,2020,8,REG,2020-11-01,LAC,DEN,away,LAC,1,2615,Justin Herbert,HerbJu00
2020_08_LAC_DEN,2020,8,REG,2020-11-01,LAC,DEN,home,DEN,1,2617,Drew Lock,LockDr00
2020_08_LA_MIA,2020,8,REG,2020-11-01,LAR,MIA,away,LAR,1,2614,Jared Goff,GoffJa00
2020_08_LA_MIA,2020,8,REG,2020-11-01,LAR,MIA,home,MIA,1,2625,Tua Tagovailoa,TagoTu00
2020_08_LV_CLE,2020,8,REG,2020-11-01,LV,CLE,away,LV,1,2608,Derek Carr,CarrDe02
2020_08_LV_CLE,2020,8,REG,2020-11-01,LV,CLE,home,CLE,1,2619,Baker Mayfield,MayfBa00
2020_08_MIN_GB,2020,8,REG,2020-11-01,MIN,GB,away,MIN,1,2609,Kirk Cousins,CousKi00
2020_08_MIN_GB,2020,8,REG,2020-11-01,MIN,GB,home,GB,1,2622,Aaron Rodgers,RodgAa00
2020_08_NE_BUF,2020,8,REG,2020-11-01,NE,BUF,away,NE,1,2620,Cam Newton,NewtCa00
2020_08_NE_BUF,2020,8,REG,2020-11-01,NE,BUF,home,BUF,1,2605,Josh Allen,AlleJo02
2020_08_NO_CHI,2020,8,REG,2020-11-01,NO,CHI,away,NO,1,2606,Drew Brees,BreeDr00
2020_08_NO_CHI,2020,8,REG,2020-11-01,NO,CHI,home,CHI,1,2612,Nick Foles,FoleNi00
2020_08_NYJ_KC,2020,8,REG,2020-11-01,NYJ,KC,away,NYJ,1,2610,Sam Darnold,DarnSa00
2020_08_NYJ_KC,2020,8,REG,2020-11-01,NYJ,KC,home,KC,1,2618,Patrick Mahomes,MahoPa00
2020_08_PIT_BAL,2020,8,REG,2020-11-01,PIT,BAL,away,PIT,1,2623,Ben Roethlisberger,RoetBe00
2020_08_PIT_BAL,2020,8,REG,2020-11-01,PIT,BAL,home,BAL,1,2616,Lamar Jackson,JackLa00
2020_08_SF_SEA,2020,8,REG,2020-11-01,SF,SEA,away,SF,1,2613,Jimmy Garoppolo,GaroJi00
2020_08_SF_SEA,2020,8,REG,2020-11-01,SF,SEA,home,SEA,1,2628,Russell Wilson,WilsRu00
2020_08_TB_NYG,2020,8,REG,2020-11-02,TB,NYG,away,TB,1,2603,Tom Brady,BradTo00
2020_08_TB_NYG,2020,8,REG,2020-11-02,TB,NYG,home,NYG,1,2604,Daniel Jones,JoneDa05
2020_08_TEN_CIN,2020,8,REG,2020-11-01,TEN,CIN,away,TEN,1,2626,Ryan Tannehill,TannRy00
2020_08_TEN_CIN,2020,8,REG,2020-11-01,TEN,CIN,home,CIN,1,2607,Joe Burrow,BurrJo01
2020_09_BAL_IND,2020,9,REG,2020-11-08,BAL,IND,away,BAL,1,2587,Lamar Jackson,JackLa00
2020_09_BAL_IND,2020,9,REG,2020-11-08,BAL,IND,home,IND,1,2593,Philip Rivers,RivePh00
2020_09_CAR_KC,2020,9,REG,2020-11-08,CAR,KC,away,CAR,1,2581,Teddy Bridgewater,BridTe00
2020_09_CAR_KC,2020,9,REG,2020-11-08,CAR,KC,home,KC,1,2591,Patrick Mahomes,MahoPa00
2020_09_CHI_TEN,2020,9,REG,2020-11-08,CHI,TEN,away,CHI,1,2584,Nick Foles,FoleNi00
2020_09_CHI_TEN,2020,9,REG,2020-11-08,CHI,TEN,home,TEN,1,2598,Ryan Tannehill,TannRy00
2020_09_DEN_ATL,2020,9,REG,2020-11-08,DEN,ATL,away,DEN,1,2589,Drew Lock,LockDr00
2020_09_DEN_ATL,2020,9,REG,2020-11-08,DEN,ATL,home,ATL,1,2595,Matt Ryan,RyanMa00
2020_09_DET_MIN,2020,9,REG,2020-11-08,DET,MIN,away,DET,1,2596,Matthew Stafford,StafMa00
2020_09_DET_MIN,2020,9,REG,2020-11-08,DET,MIN,home,MIN,1,2583,Kirk Cousins,CousKi00
2020_09_GB_SF,2020,9,REG,2020-11-05,GB,SF,away,GB,1,2602,Aaron Rodgers,RodgAa00
2020_09_GB_SF,2020,9,REG,2020-11-05,GB,SF,home,SF,1,2601,Nick Mullens,MullNi00
2020_09_HOU_JAX,2020,9,REG,2020-11-08,HOU,JAX,away,HOU,1,2599,Deshaun Watson,WatsDe00
2020_09_HOU_JAX,2020,9,REG,2020-11-08,HOU,JAX,home,JAX,1,2590,Jake Luton,LutoJa00
2020_09_LV_LAC,2020,9,REG,2020-11-08,LV,LAC,away,LV,1,2582,Derek Carr,CarrDe02
2020_09_LV_LAC,2020,9,REG,2020-11-08,LV,LAC,home,LAC,1,2586,Justin Herbert,HerbJu00
2020_09_MIA_ARI,2020,9,REG,2020-11-08,MIA,ARI,away,MIA,1,2597,Tua Tagovailoa,TagoTu00
2020_09_MIA_ARI,2020,9,REG,2020-11-08,MIA,ARI,home,ARI,1,2592,Kyler Murray,MurrKy00
2020_09_NE_NYJ,2020,9,REG,2020-11-09,NE,NYJ,away,NE,1,2576,Cam Newton,NewtCa00
2020_09_NE_NYJ,2020,9,REG,2020-11-09,NE,NYJ,home,NYJ,1,2575,Joe Flacco,FlacJo00
2020_09_NO_TB,2020,9,REG,2020-11-08,NO,TB,away,NO,1,2580,Drew Brees,BreeDr00
2020_09_NO_TB,2020,9,REG,2020-11-08,NO,TB,home,TB,1,2579,Tom Brady,BradTo00
2020_09_NYG_WAS,2020,9,REG,2020-11-08,NYG,WAS,away,NYG,1,2588,Daniel Jones,JoneDa05
2020_09_NYG_WAS,2020,9,REG,2020-11-08,NYG,WAS,home,WAS,1,2578,Kyle Allen,AlleKy00
2020_09_PIT_DAL,2020,9,REG,2020-11-08,PIT,DAL,away,PIT,1,2594,Ben Roethlisberger,RoetBe00
2020_09_PIT_DAL,2020,9,REG,2020-11-08,PIT,DAL,home,DAL,1,2585,Garrett Gilbert,GilbGa01
2020_09_SEA_BUF,2020,9,REG,2020-11-08,SEA,BUF,away,SEA,1,2600,Russell Wilson,WilsRu00
2020_09_SEA_BUF,2020,9,REG,2020-11-08,SEA,BUF,home,BUF,1,2577,Josh Allen,AlleJo02
2020_10_BAL_NE,2020,10,REG,2020-11-15,BAL,NE,away,BAL,1,2557,Lamar Jackson,JackLa00
2020_10_BAL_NE,2020,10,REG,2020-11-15,BAL,NE,home,NE,1,2564,Cam Newton,NewtCa00
2020_10_BUF_ARI,2020,10,REG,2020-11-15,BUF,ARI,away,BUF,1,2548,Josh Allen,AlleJo02
2020_10_BUF_ARI,2020,10,REG,2020-11-15,BUF,ARI,home,ARI,1,2563,Kyler Murray,MurrKy00
2020_10_CIN_PIT,2020,10,REG,2020-11-15,CIN,PIT,away,CIN,1,2552,Joe Burrow,BurrJo01
2020_10_CIN_PIT,2020,10,REG,2020-11-15,CIN,PIT,home,PIT,1,2566,Ben Roethlisberger,RoetBe00
2020_10_DEN_LV,2020,10,REG,2020-11-15,DEN,LV,away,DEN,1,2559,Drew Lock,LockDr00
2020_10_DEN_LV,2020,10,REG,2020-11-15,DEN,LV,home,LV,1,2553,Derek Carr,CarrDe02
2020_10_HOU_CLE,2020,10,REG,2020-11-15,HOU,CLE,away,HOU,1,2570,Deshaun Watson,WatsDe00
2020_10_HOU_CLE,2020,10,REG,2020-11-15,HOU,CLE,home,CLE,1,2561,Baker Mayfield,MayfBa00
2020_10_IND_TEN,2020,10,REG,2020-11-12,IND,TEN,away,IND,1,2573,Philip Rivers,RivePh00
2020_10_IND_TEN,2020,10,REG,2020-11-12,IND,TEN,home,TEN,1,2574,Ryan Tannehill,TannRy00
2020_10_JAX_GB,2020,10,REG,2020-11-15,JAX,GB,away,JAX,1,2560,Jake Luton,LutoJa00
2020_10_JAX_GB,2020,10,REG,2020-11-15,JAX,GB,home,GB,1,2565,Aaron Rodgers,RodgAa00
2020_10_LAC_MIA,2020,10,REG,2020-11-15,LAC,MIA,away,LAC,1,2555,Justin Herbert,HerbJu00
2020_10_LAC_MIA,2020,10,REG,2020-11-15,LAC,MIA,home,MIA,1,2569,Tua Tagovailoa,TagoTu00
2020_10_MIN_CHI,2020,10,REG,2020-11-16,MIN,CHI,away,MIN,1,2546,Kirk Cousins,CousKi00
2020_10_MIN_CHI,2020,10,REG,2020-11-16,MIN,CHI,home,CHI,1,2547,Nick Foles,FoleNi00
2020_10_PHI_NYG,2020,10,REG,2020-11-15,PHI,NYG,away,PHI,1,2571,Carson Wentz,WentCa00
2020_10_PHI_NYG,2020,10,REG,2020-11-15,PHI,NYG,home,NYG,1,2558,Daniel Jones,JoneDa05
2020_10_SEA_LA,2020,10,REG,2020-11-15,SEA,LAR,away,SEA,1,2572,Russell Wilson,WilsRu00
2020_10_SEA_LA,2020,10,REG,2020-11-15,SEA,LAR,home,LAR,1,2554,Jared Goff,GoffJa00
2020_10_SF_NO,2020,10,REG,2020-11-15,SF,NO,away,SF,1,2562,Nick Mullens,MullNi00
2020_10_SF_NO,2020,10,REG,2020-11-15,SF,NO,home,NO,2,2550|2556,Drew Brees|Taysom Hill,BreeDr00|HillTa00
2020_10_TB_CAR,2020,10,REG,2020-11-15,TB,CAR,away,TB,1,2549,Tom Brady,BradTo00
2020_10_TB_CAR,2020,10,REG,2020-11-15,TB,CAR,home,CAR,1,2551,Teddy Bridgewater,BridTe00
2020_10_WAS_DET,2020,10,REG,2020-11-15,WAS,DET,away,WAS,1,2567,Alex Smith,SmitAl03
2020_10_WAS_DET,2020,10,REG,2020-11-15,WAS,DET,home,DET,1,2568,Matthew Stafford,StafMa00
2020_11_ARI_SEA,2020,11,REG,2020-11-19,ARI,SEA,away,ARI,1,2544,Kyler Murray,MurrKy00
2020_11_ARI_SEA,2020,11,REG,2020-11-19,ARI,SEA,home,SEA,1,2545,Russell Wilson,WilsRu00
2020_11_ATL_NO,2020,11,REG,2020-11-22,ATL,NO,away,ATL,1,2536,Matt Ryan,RyanMa00
2020_11_ATL_NO,2020,11,REG,2020-11-22,ATL,NO,home,NO,1,2526,Taysom Hill,HillTa00
2020_11_CIN_WAS,2020,11,REG,2020-11-22,CIN,WAS,away,CIN,1,2520,Joe Burrow,BurrJo01
2020_11_CIN_WAS,2020,11,REG,2020-11-22,CIN,WAS,home,WAS,1,2537,Alex Smith,SmitAl03
2020_11_DAL_MIN,2020,11,REG,2020-11-22,DAL,MIN,away,DAL,1,2523,Andy Dalton,DaltAn00
2020_11_DAL_MIN,2020,11,REG,2020-11-22,DAL,MIN,home,MIN,1,2522,Kirk Cousins,CousKi00
2020_11_DET_CAR,2020,11,REG,2020-11-22,DET,CAR,away,DET,1,2538,Matthew Stafford,StafMa00
2020_11_DET_CAR,2020,11,REG,2020-11-22,DET,CAR,home,CAR,1,2541,P.J. Walker,WalkPh00
2020_11_GB_IND,2020,11,REG,2020-11-22,GB,IND,away,GB,1,2534,Aaron Rodgers,RodgAa00
2020_11_GB_IND,2020,11,REG,2020-11-22,GB,IND,home,IND,1,2533,Philip Rivers,RivePh00
2020_11_KC_LV,2020,11,REG,2020-11-22,KC,LV,away,KC,1,2530,Patrick Mahomes,MahoPa00
2020_11_KC_LV,2020,11,REG,2020-11-22,KC,LV,home,LV,1,2521,Derek Carr,CarrDe02
2020_11_LA_TB,2020,11,REG,2020-11-23,LAR,TB,away,LAR,1,2519,Jared Goff,GoffJa00
2020_11_LA_TB,2020,11,REG,2020-11-23,LAR,TB,home,TB,1,2518,Tom Brady,BradTo00
2020_11_MIA_DEN,2020,11,REG,2020-11-22,MIA,DEN,away,MIA,1,2539,Tua Tagovailoa,TagoTu00
2020_11_MIA_DEN,2020,11,REG,2020-11-22,MIA,DEN,home,DEN,1,2528,Drew Lock,LockDr00
2020_11_NE_HOU,2020,11,REG,2020-11-22,NE,HOU,away,NE,1,2532,Cam Newton,NewtCa00
2020_11_NE_HOU,2020,11,REG,2020-11-22,NE,HOU,home,HOU,1,2542,Deshaun Watson,WatsDe00
2020_11_NYJ_LAC,2020,11,REG,2020-11-22,NYJ,LAC,away,NYJ,1,2524,Joe Flacco,FlacJo00
2020_11_NYJ_LAC,2020,11,REG,2020-11-22,NYJ,LAC,home,LAC,1,2525,Justin Herbert,HerbJu00
2020_11_PHI_CLE,2020,11,REG,2020-11-22,PHI,CLE,away,PHI,1,2543,Carson Wentz,WentCa00
2020_11_PHI_CLE,2020,11,REG,2020-11-22,PHI,CLE,home,CLE,1,2531,Baker Mayfield,MayfBa00
2020_11_PIT_JAX,2020,11,REG,2020-11-22,PIT,JAX,away,PIT,1,2535,Ben Roethlisberger,RoetBe00
2020_11_PIT_JAX,2020,11,REG,2020-11-22,PIT,JAX,home,JAX,1,2529,Jake Luton,LutoJa00
2020_11_TEN_BAL,2020,11,REG,2020-11-22,TEN,BAL,away,TEN,1,2540,Ryan Tannehill,TannRy00
2020_11_TEN_BAL,2020,11,REG,2020-11-22,TEN,BAL,home,BAL,1,2527,Lamar Jackson,JackLa00
2020_12_ARI_NE,2020,12,REG,2020-11-29,ARI,NE,away,ARI,1,2507,Kyler Murray,MurrKy00
2020_12_ARI_NE,2020,12,REG,2020-11-29,ARI,NE,home,NE,1,2508,Cam Newton,NewtCa00
2020_12_BAL_PIT,2020,12,REG,2020-12-02,BAL,PIT,away,BAL,1,2487,Robert Griffin III,GrifRo01
2020_12_BAL_PIT,2020,12,REG,2020-12-02,BAL,PIT,home,PIT,1,2488,Ben Roethlisberger,RoetBe00
2020_12_CAR_MIN,2020,12,REG,2020-11-29,CAR,MIN,away,CAR,1,2494,Teddy Bridgewater,BridTe00
2020_12_CAR_MIN,2020,12,REG,2020-11-29,CAR,MIN,home,MIN,1,2496,Kirk Cousins,CousKi00
2020_12_CHI_GB,2020,12,REG,2020-11-29,CHI,GB,away,CHI,1,2513,Mitchell Trubisky,TrubMi00
2020_12_CHI_GB,2020,12,REG,2020-11-29,CHI,GB,home,GB,1,2510,Aaron Rodgers,RodgAa00
2020_12_CLE_JAX,2020,12,REG,2020-11-29,CLE,JAX,away,CLE,1,2505,Baker Mayfield,MayfBa00
2020_12_CLE_JAX,2020,12,REG,2020-11-29,CLE,JAX,home,JAX,1,2499,Mike Glennon,GlenMi00
2020_12_HOU_DET,2020,12,REG,2020-11-26,HOU,DET,away,HOU,1,2517,Deshaun Watson,WatsDe00
2020_12_HOU_DET,2020,12,REG,2020-11-26,HOU,DET,home,DET,1,2516,Matthew Stafford,StafMa00
2020_12_KC_TB,2020,12,REG,2020-11-29,KC,TB,away,KC,1,2504,Patrick Mahomes,MahoPa00
2020_12_KC_TB,2020,12,REG,2020-11-29,KC,TB,home,TB,1,2493,Tom Brady,BradTo00
2020_12_LAC_BUF,2020,12,REG,2020-11-29,LAC,BUF,away,LAC,1,2501,Justin Herbert,HerbJu00
2020_12_LAC_BUF,2020,12,REG,2020-11-29,LAC,BUF,home,BUF,1,2492,Josh Allen,AlleJo02
2020_12_LV_ATL,2020,12,REG,2020-11-29,LV,ATL,away,LV,1,2495,Derek Carr,CarrDe02
2020_12_LV_ATL,2020,12,REG,2020-11-29,LV,ATL,home,ATL,1,2511,Matt Ryan,RyanMa00
2020_12_MIA_NYJ,2020,12,REG,2020-11-29,MIA,NYJ,away,MIA,1,2498,Ryan Fitzpatrick,FitzRy00
2020_12_MIA_NYJ,2020,12,REG,2020-11-29,MIA,NYJ,home,NYJ,1,2497,Sam Darnold,DarnSa00
2020_12_NO_DEN,2020,12,REG,2020-11-29,NO,DEN,away,NO,1,2502,Taysom Hill,HillTa00
2020_12_NO_DEN,2020,12,REG,2020-11-29,NO,DEN,home,DEN,0,,,
2020_12_NYG_CIN,2020,12,REG,2020-11-29,NYG,CIN,away,NYG,1,2503,Daniel Jones,JoneDa05
2020_12_NYG_CIN,2020,12,REG,2020-11-29,NYG,CIN,home,CIN,1,2491,Brandon Allen,AlleBr00
2020_12_SEA_PHI,2020,12,REG,2020-11-30,SEA,PHI,away,SEA,1,2490,Russell Wilson,WilsRu00
2020_12_SEA_PHI,2020,12,REG,2020-11-30,SEA,PHI,home,PHI,1,2489,Carson Wentz,WentCa00
2020_12_SF_LA,2020,12,REG,2020-11-29,SF,LAR,away,SF,1,2506,Nick Mullens,MullNi00
2020_12_SF_LA,2020,12,REG,2020-11-29,SF,LAR,home,LAR,1,2500,Jared Goff,GoffJa00
2020_12_TEN_IND,2020,12,REG,2020-11-29,TEN,IND,away,TEN,1,2512,Ryan Tannehill,TannRy00
2020_12_TEN_IND,2020,12,REG,2020-11-29,TEN,IND,home,IND,1,2509,Philip Rivers,RivePh00
2020_12_WAS_DAL,2020,12,REG,2020-11-26,WAS,DAL,away,WAS,1,2515,Alex Smith,SmitAl03
2020_12_WAS_DAL,2020,12,REG,2020-11-26,WAS,DAL,home,DAL,1,2514,Andy Dalton,DaltAn00
2020_13_BUF_SF,2020,13,REG,2020-12-07,BUF,SF,away,BUF,1,2459,Josh Allen,AlleJo02
2020_13_BUF_SF,2020,13,REG,2020-12-07,BUF,SF,home,SF,1,2460,Nick Mullens,MullNi00
2020_13_CIN_MIA,2020,13,REG,2020-12-06,CIN,MIA,away,CIN,1,2463,Brandon Allen,AlleBr00
2020_13_CIN_MIA,2020,13,REG,2020-12-06,CIN,MIA,home,MIA,1,2481,Tua Tagovailoa,TagoTu00
2020_13_CLE_TEN,2020,13,REG,2020-12-06,CLE,TEN,away,CLE,1,2473,Baker Mayfield,MayfBa00
2020_13_CLE_TEN,2020,13,REG,2020-12-06,CLE,TEN,home,TEN,1,2482,Ryan Tannehill,TannRy00
2020_13_DAL_BAL,2020,13,REG,2020-12-08,DAL,BAL,away,DAL,1,2457,Andy Dalton,DaltAn00
2020_13_DAL_BAL,2020,13,REG,2020-12-08,DAL,BAL,home,BAL,1,2458,Lamar Jackson,JackLa00
2020_13_DEN_KC,2020,13,REG,2020-12-06,DEN,KC,away,DEN,1,2471,Drew Lock,LockDr00
2020_13_DEN_KC,2020,13,REG,2020-12-06,DEN,KC,home,KC,1,2472,Patrick Mahomes,MahoPa00
2020_13_DET_CHI,2020,13,REG,2020-12-06,DET,CHI,away,DET,1,2480,Matthew Stafford,StafMa00
2020_13_DET_CHI,2020,13,REG,2020-12-06,DET,CHI,home,CHI,1,2483,Mitchell Trubisky,TrubMi00
2020_13_IND_HOU,2020,13,REG,2020-12-06,IND,HOU,away,IND,1,2477,Philip Rivers,RivePh00
2020_13_IND_HOU,2020,13,REG,2020-12-06,IND,HOU,home,HOU,1,2484,Deshaun Watson,WatsDe00
2020_13_JAX_MIN,2020,13,REG,2020-12-06,JAX,MIN,away,JAX,1,2467,Mike Glennon,GlenMi00
2020_13_JAX_MIN,2020,13,REG,2020-12-06,JAX,MIN,home,MIN,1,2465,Kirk Cousins,CousKi00
2020_13_LA_ARI,2020,13,REG,2020-12-06,LAR,ARI,away,LAR,1,2468,Jared Goff,GoffJa00
2020_13_LA_ARI,2020,13,REG,2020-12-06,LAR,ARI,home,ARI,1,2475,Kyler Murray,MurrKy00
2020_13_LV_NYJ,2020,13,REG,2020-12-06,LV,NYJ,away,LV,1,2464,Derek Carr,CarrDe02
2020_13_LV_NYJ,2020,13,REG,2020-12-06,LV,NYJ,home,NYJ,1,2466,Sam Darnold,DarnSa00
2020_13_NE_LAC,2020,13,REG,2020-12-06,NE,LAC,away,NE,1,2476,Cam Newton,NewtCa00
2020_13_NE_LAC,2020,13,REG,2020-12-06,NE,LAC,home,LAC,1,2469,Justin Herbert,HerbJu00
2020_13_NO_ATL,2020,13,REG,2020-12-06,NO,ATL,away,NO,1,2470,Taysom Hill,HillTa00
2020_13_NO_ATL,2020,13,REG,2020-12-06,NO,ATL,home,ATL,1,2479,Matt Ryan,RyanMa00
2020_13_NYG_SEA,2020,13,REG,2020-12-06,NYG,SEA,away,NYG,1,2474,Colt McCoy,McCoCo00
2020_13_NYG_SEA,2020,13,REG,2020-12-06,NYG,SEA,home,SEA,1,2486,Russell Wilson,WilsRu00
2020_13_PHI_GB,2020,13,REG,2020-12-06,PHI,GB,away,PHI,1,2485,Carson Wentz,WentCa00
2020_13_PHI_GB,2020,13,REG,2020-12-06,PHI,GB,home,GB,1,2478,Aaron Rodgers,RodgAa00
2020_13_WAS_PIT,2020,13,REG,2020-12-07,WAS,PIT,away,WAS,1,2462,Alex Smith,SmitAl03
2020_13_WAS_PIT,2020,13,REG,2020-12-07,WAS,PIT,home,PIT,1,2461,Ben Roethlisberger,RoetBe00
2020_14_ARI_NYG,2020,14,REG,2020-12-13,ARI,NYG,away,ARI,1,2443,Kyler Murray,MurrKy00
2020_14_ARI_NYG,2020,14,REG,2020-12-13,ARI,NYG,home,NYG,1,2439,Daniel Jones,JoneDa05
2020_14_ATL_LAC,2020,14,REG,2020-12-13,ATL,LAC,away,ATL,1,2447,Matt Ryan,RyanMa00
2020_14_ATL_LAC,2020,14,REG,2020-12-13,ATL,LAC,home,LAC,1,2436,Justin Herbert,HerbJu00
2020_14_BAL_CLE,2020,14,REG,2020-12-14,BAL,CLE,away,BAL,1,2425,Lamar Jackson,JackLa00
2020_14_BAL_CLE,2020,14,REG,2020-12-14,BAL,CLE,home,CLE,1,2426,Baker Mayfield,MayfBa00
2020_14_DAL_CIN,2020,14,REG,2020-12-13,DAL,CIN,away,DAL,1,2433,Andy Dalton,DaltAn00
2020_14_DAL_CIN,2020,14,REG,2020-12-13,DAL,CIN,home,CIN,1,2427,Brandon Allen,AlleBr00
2020_14_DEN_CAR,2020,14,REG,2020-12-13,DEN,CAR,away,DEN,1,2440,Drew Lock,LockDr00
2020_14_DEN_CAR,2020,14,REG,2020-12-13,DEN,CAR,home,CAR,1,2430,Teddy Bridgewater,BridTe00
2020_14_GB_DET,2020,14,REG,2020-12-13,GB,DET,away,GB,1,2445,Aaron Rodgers,RodgAa00
2020_14_GB_DET,2020,14,REG,2020-12-13,GB,DET,home,DET,1,2449,Matthew Stafford,StafMa00
2020_14_HOU_CHI,2020,14,REG,2020-12-13,HOU,CHI,away,HOU,1,2453,Deshaun Watson,WatsDe00
2020_14_HOU_CHI,2020,14,REG,2020-12-13,HOU,CHI,home,CHI,1,2452,Mitchell Trubisky,TrubMi00
2020_14_IND_LV,2020,14,REG,2020-12-13,IND,LV,away,IND,1,2444,Philip Rivers,RivePh00
2020_14_IND_LV,2020,14,REG,2020-12-13,IND,LV,home,LV,1,2431,Derek Carr,CarrDe02
2020_14_KC_MIA,2020,14,REG,2020-12-13,KC,MIA,away,KC,1,2441,Patrick Mahomes,MahoPa00
2020_14_KC_MIA,2020,14,REG,2020-12-13,KC,MIA,home,MIA,1,2450,Tua Tagovailoa,TagoTu00
2020_14_MIN_TB,2020,14,REG,2020-12-13,MIN,TB,away,MIN,1,2432,Kirk Cousins,CousKi00
2020_14_MIN_TB,2020,14,REG,2020-12-13,MIN,TB,home,TB,1,2429,Tom Brady,BradTo00
2020_14_NE_LA,2020,14,REG,2020-12-10,NE,LAR,away,NE,1,2456,Cam Newton,NewtCa00
2020_14_NE_LA,2020,14,REG,2020-12-10,NE,LAR,home,LAR,1,2455,Jared Goff,GoffJa00
2020_14_NO_PHI,2020,14,REG,2020-12-13,NO,PHI,away,NO,1,2437,Taysom Hill,HillTa00
2020_14_NO_PHI,2020,14,REG,2020-12-13,NO,PHI,home,PHI,1,2438,Jalen Hurts,HurtJa00
2020_14_NYJ_SEA,2020,14,REG,2020-12-13,NYJ,SEA,away,NYJ,1,2434,Sam Darnold,DarnSa00
2020_14_NYJ_SEA,2020,14,REG,2020-12-13,NYJ,SEA,home,SEA,1,2454,Russell Wilson,WilsRu00
2020_14_PIT_BUF,2020,14,REG,2020-12-13,PIT,BUF,away,PIT,1,2446,Ben Roethlisberger,RoetBe00
2020_14_PIT_BUF,2020,14,REG,2020-12-13,PIT,BUF,home,BUF,1,2428,Josh Allen,AlleJo02
2020_14_TEN_JAX,2020,14,REG,2020-12-13,TEN,JAX,away,TEN,1,2451,Ryan Tannehill,TannRy00
2020_14_TEN_JAX,2020,14,REG,2020-12-13,TEN,JAX,home,JAX,1,2435,Mike Glennon,GlenMi00
2020_14_WAS_SF,2020,14,REG,2020-12-13,WAS,SF,away,WAS,1,2448,Alex Smith,SmitAl03
2020_14_WAS_SF,2020,14,REG,2020-12-13,WAS,SF,home,SF,1,2442,Nick Mullens,MullNi00
2020_15_BUF_DEN,2020,15,REG,2020-12-19,BUF,DEN,away,BUF,1,2419,Josh Allen,AlleJo02
2020_15_BUF_DEN,2020,15,REG,2020-12-19,BUF,DEN,home,DEN,1,2421,Drew Lock,LockDr00
2020_15_CAR_GB,2020,15,REG,2020-12-19,CAR,GB,away,CAR,1,2420,Teddy Bridgewater,BridTe00
2020_15_CAR_GB,2020,15,REG,2020-12-19,CAR,GB,home,GB,1,2422,Aaron Rodgers,RodgAa00
2020_15_CHI_MIN,2020,15,REG,2020-12-20,CHI,MIN,away,CHI,1,2416,Mitchell Trubisky,TrubMi00
2020_15_CHI_MIN,2020,15,REG,2020-12-20,CHI,MIN,home,MIN,1,2397,Kirk Cousins,CousKi00
2020_15_CLE_NYG,2020,15,REG,2020-12-20,CLE,NYG,away,CLE,1,2405,Baker Mayfield,MayfBa00
2020_15_CLE_NYG,2020,15,REG,2020-12-20,CLE,NYG,home,NYG,1,2406,Colt McCoy,McCoCo00
2020_15_DET_TEN,2020,15,REG,2020-12-20,DET,TEN,away,DET,1,2413,Matthew Stafford,StafMa00
2020_15_DET_TEN,2020,15,REG,2020-12-20,DET,TEN,home,TEN,1,2415,Ryan Tannehill,TannRy00
2020_15_HOU_IND,2020,15,REG,2020-12-20,HOU,IND,away,HOU,1,2417,Deshaun Watson,WatsDe00
2020_15_HOU_IND,2020,15,REG,2020-12-20,HOU,IND,home,IND,1,2411,Philip Rivers,RivePh00
2020_15_JAX_BAL,2020,15,REG,2020-12-20,JAX,BAL,away,JAX,1,2407,Gardner Minshew II,MinsGa00
2020_15_JAX_BAL,2020,15,REG,2020-12-20,JAX,BAL,home,BAL,1,2403,Lamar Jackson,JackLa00
2020_15_KC_NO,2020,15,REG,2020-12-20,KC,NO,away,KC,1,2404,Patrick Mahomes,MahoPa00
2020_15_KC_NO,2020,15,REG,2020-12-20,KC,NO,home,NO,1,2396,Drew Brees,BreeDr00
2020_15_LAC_LV,2020,15,REG,2020-12-17,LAC,LV,away,LAC,1,2424,Justin Herbert,HerbJu00
2020_15_LAC_LV,2020,15,REG,2020-12-17,LAC,LV,home,LV,1,2423,Derek Carr,CarrDe02
2020_15_NE_MIA,2020,15,REG,2020-12-20,NE,MIA,away,NE,1,2410,Cam Newton,NewtCa00
2020_15_NE_MIA,2020,15,REG,2020-12-20,NE,MIA,home,MIA,1,2414,Tua Tagovailoa,TagoTu00
2020_15_NYJ_LA,2020,15,REG,2020-12-20,NYJ,LAR,away,NYJ,1,2399,Sam Darnold,DarnSa00
2020_15_NYJ_LA,2020,15,REG,2020-12-20,NYJ,LAR,home,LAR,1,2400,Jared Goff,GoffJa00
2020_15_PHI_ARI,2020,15,REG,2020-12-20,PHI,ARI,away,PHI,1,2402,Jalen Hurts,HurtJa00
2020_15_PHI_ARI,2020,15,REG,2020-12-20,PHI,ARI,home,ARI,1,2409,Kyler Murray,MurrKy00
2020_15_PIT_CIN,2020,15,REG,2020-12-21,PIT,CIN,away,PIT,1,2394,Ben Roethlisberger,RoetBe00
2020_15_PIT_CIN,2020,15,REG,2020-12-21,PIT,CIN,home,CIN,1,2393,Ryan Finley,FinlRy00
2020_15_SEA_WAS,2020,15,REG,2020-12-20,SEA,WAS,away,SEA,1,2418,Russell Wilson,WilsRu00
2020_15_SEA_WAS,2020,15,REG,2020-12-20,SEA,WAS,home,WAS,1,2401,Dwayne Haskins,HaskDw00
2020_15_SF_DAL,2020,15,REG,2020-12-20,SF,DAL,away,SF,1,2408,Nick Mullens,MullNi00
2020_15_SF_DAL,2020,15,REG,2020-12-20,SF,DAL,home,DAL,1,2398,Andy Dalton,DaltAn00
2020_15_TB_ATL,2020,15,REG,2020-12-20,TB,ATL,away,TB,1,2395,Tom Brady,BradTo00
2020_15_TB_ATL,2020,15,REG,2020-12-20,TB,ATL,home,ATL,1,2412,Matt Ryan,RyanMa00
2020_16_ATL_KC,2020,16,REG,2020-12-27,ATL,KC,away,ATL,1,2380,Matt Ryan,RyanMa00
2020_16_ATL_KC,2020,16,REG,2020-12-27,ATL,KC,home,KC,1,2375,Patrick Mahomes,MahoPa00
2020_16_BUF_NE,2020,16,REG,2020-12-28,BUF,NE,away,BUF,1,2361,Josh Allen,AlleJo02
2020_16_BUF_NE,2020,16,REG,2020-12-28,BUF,NE,home,NE,1,2362,Cam Newton,NewtCa00
2020_16_CAR_WAS,2020,16,REG,2020-12-27,CAR,WAS,away,CAR,1,2364,Teddy Bridgewater,BridTe00
2020_16_CAR_WAS,2020,16,REG,2020-12-27,CAR,WAS,home,WAS,1,2369,Dwayne Haskins,HaskDw00
2020_16_CHI_JAX,2020,16,REG,2020-12-27,CHI,JAX,away,CHI,1,2382,Mitchell Trubisky,TrubMi00
2020_16_CHI_JAX,2020,16,REG,2020-12-27,CHI,JAX,home,JAX,1,2367,Mike Glennon,GlenMi00
2020_16_CIN_HOU,2020,16,REG,2020-12-27,CIN,HOU,away,CIN,1,2363,Brandon Allen,AlleBr00
2020_16_CIN_HOU,2020,16,REG,2020-12-27,CIN,HOU,home,HOU,1,2383,Deshaun Watson,WatsDe00
2020_16_CLE_NYJ,2020,16,REG,2020-12-27,CLE,NYJ,away,CLE,1,2376,Baker Mayfield,MayfBa00
2020_16_CLE_NYJ,2020,16,REG,2020-12-27,CLE,NYJ,home,NYJ,1,2366,Sam Darnold,DarnSa00
2020_16_DEN_LAC,2020,16,REG,2020-12-27,DEN,LAC,away,DEN,1,2374,Drew Lock,LockDr00
2020_16_DEN_LAC,2020,16,REG,2020-12-27,DEN,LAC,home,LAC,1,2370,Justin Herbert,HerbJu00
2020_16_IND_PIT,2020,16,REG,2020-12-27,IND,PIT,away,IND,1,2377,Philip Rivers,RivePh00
2020_16_IND_PIT,2020,16,REG,2020-12-27,IND,PIT,home,PIT,1,2379,Ben Roethlisberger,RoetBe00
2020_16_LA_SEA,2020,16,REG,2020-12-27,LAR,SEA,away,LAR,1,2368,Jared Goff,GoffJa00
2020_16_LA_SEA,2020,16,REG,2020-12-27,LAR,SEA,home,SEA,1,2384,Russell Wilson,WilsRu00
2020_16_MIA_LV,2020,16,REG,2020-12-26,MIA,LV,away,MIA,1,2390,Tua Tagovailoa,TagoTu00
2020_16_MIA_LV,2020,16,REG,2020-12-26,MIA,LV,home,LV,1,2387,Derek Carr,CarrDe02
2020_16_MIN_NO,2020,16,REG,2020-12-25,MIN,NO,away,MIN,1,2392,Kirk Cousins,CousKi00
2020_16_MIN_NO,2020,16,REG,2020-12-25,MIN,NO,home,NO,1,2391,Drew Brees,BreeDr00
2020_16_NYG_BAL,2020,16,REG,2020-12-27,NYG,BAL,away,NYG,1,2373,Daniel Jones,JoneDa05
2020_16_NYG_BAL,2020,16,REG,2020-12-27,NYG,BAL,home,BAL,1,2372,Lamar Jackson,JackLa00
2020_16_PHI_DAL,2020,16,REG,2020-12-27,PHI,DAL,away,PHI,1,2371,Jalen Hurts,HurtJa00
2020_16_PHI_DAL,2020,16,REG,2020-12-27,PHI,DAL,home,DAL,1,2365,Andy Dalton,DaltAn00
2020_16_SF_ARI,2020,16,REG,2020-12-26,SF,ARI,away,SF,1,2385,C.J. Beathard,BeatC.00
2020_16_SF_ARI,2020,16,REG,2020-12-26,SF,ARI,home,ARI,1,2388,Kyler Murray,MurrKy00
2020_16_TB_DET,2020,16,REG,2020-12-26,TB,DET,away,TB,1,2386,Tom Brady,BradTo00
2020_16_TB_DET,2020,16,REG,2020-12-26,TB,DET,home,DET,1,2389,Matthew Stafford,StafMa00
2020_16_TEN_GB,2020,16,REG,2020-12-27,TEN,GB,away,TEN,1,2381,Ryan Tannehill,TannRy00
2020_16_TEN_GB,2020,16,REG,2020-12-27,TEN,GB,home,GB,1,2378,Aaron Rodgers,RodgAa00
2020_17_ARI_LA,2020,17,REG,2021-01-03,ARI,LAR,away,ARI,1,2347,Kyler Murray,MurrKy00
2020_17_ARI_LA,2020,17,REG,2021-01-03,ARI,LAR,home,LAR,1,2360,John Wolford,WolfJo00
2020_17_ATL_TB,2020,17,REG,2021-01-03,ATL,TB,away,ATL,1,2352,Matt Ryan,RyanMa00
2020_17_ATL_TB,2020,17,REG,2021-01-03,ATL,TB,home,TB,1,2332,Tom Brady,BradTo00
2020_17_BAL_CIN,2020,17,REG,2021-01-03,BAL,CIN,away,BAL,1,2343,Lamar Jackson,JackLa00
2020_17_BAL_CIN,2020,17,REG,2021-01-03,BAL,CIN,home,CIN,1,2329,Brandon Allen,AlleBr00
2020_17_DAL_NYG,2020,17,REG,2021-01-03,DAL,NYG,away,DAL,1,2337,Andy Dalton,DaltAn00
2020_17_DAL_NYG,2020,17,REG,2021-01-03,DAL,NYG,home,NYG,1,2344,Daniel Jones,JoneDa05
2020_17_GB_CHI,2020,17,REG,2021-01-03,GB,CHI,away,GB,1,2350,Aaron Rodgers,RodgAa00
2020_17_GB_CHI,2020,17,REG,2021-01-03,GB,CHI,home,CHI,1,2357,Mitchell Trubisky,TrubMi00
2020_17_JAX_IND,2020,17,REG,2021-01-03,JAX,IND,away,JAX,1,2339,Mike Glennon,GlenMi00
2020_17_JAX_IND,2020,17,REG,2021-01-03,JAX,IND,home,IND,1,2349,Philip Rivers,RivePh00
2020_17_LAC_KC,2020,17,REG,2021-01-03,LAC,KC,away,LAC,1,2341,Justin Herbert,HerbJu00
2020_17_LAC_KC,2020,17,REG,2021-01-03,LAC,KC,home,KC,1,2340,Chad Henne,HennCh01
2020_17_LV_DEN,2020,17,REG,2021-01-03,LV,DEN,away,LV,1,2335,Derek Carr,CarrDe02
2020_17_LV_DEN,2020,17,REG,2021-01-03,LV,DEN,home,DEN,1,2345,Drew Lock,LockDr00
2020_17_MIA_BUF,2020,17,REG,2021-01-03,MIA,BUF,away,MIA,1,2355,Tua Tagovailoa,TagoTu00
2020_17_MIA_BUF,2020,17,REG,2021-01-03,MIA,BUF,home,BUF,1,2330,Josh Allen,AlleJo02
2020_17_MIN_DET,2020,17,REG,2021-01-03,MIN,DET,away,MIN,1,2336,Kirk Cousins,CousKi00
2020_17_MIN_DET,2020,17,REG,2021-01-03,MIN,DET,home,DET,1,2354,Matthew Stafford,StafMa00
2020_17_NO_CAR,2020,17,REG,2021-01-03,NO,CAR,away,NO,1,2333,Drew Brees,BreeDr00
2020_17_NO_CAR,2020,17,REG,2021-01-03,NO,CAR,home,CAR,1,2334,Teddy Bridgewater,BridTe00
2020_17_NYJ_NE,2020,17,REG,2021-01-03,NYJ,NE,away,NYJ,1,2338,Sam Darnold,DarnSa00
2020_17_NYJ_NE,2020,17,REG,2021-01-03,NYJ,NE,home,NE,1,2348,Cam Newton,NewtCa00
2020_17_PIT_CLE,2020,17,REG,2021-01-03,PIT,CLE,away,PIT,1,2351,Mason Rudolph,RudoMa00
2020_17_PIT_CLE,2020,17,REG,2021-01-03,PIT,CLE,home,CLE,1,2346,Baker Mayfield,MayfBa00
2020_17_SEA_SF,2020,17,REG,2021-01-03,SEA,SF,away,SEA,1,2359,Russell Wilson,WilsRu00
2020_17_SEA_SF,2020,17,REG,2021-01-03,SEA,SF,home,SF,1,2331,C.J. Beathard,BeatC.00
2020_17_TEN_HOU,2020,17,REG,2021-01-03,TEN,HOU,away,TEN,1,2356,Ryan Tannehill,TannRy00
2020_17_TEN_HOU,2020,17,REG,2021-01-03,TEN,HOU,home,HOU,1,2358,Deshaun Watson,WatsDe00
2020_17_WAS_PHI,2020,17,REG,2021-01-03,WAS,PHI,away,WAS,1,2353,Alex Smith,SmitAl03
2020_17_WAS_PHI,2020,17,REG,2021-01-03,WAS,PHI,home,PHI,1,2342,Jalen Hurts,HurtJa00
2020_18_BAL_TEN,2020,18,WC,2021-01-10,BAL,TEN,away,BAL,1,2318,Lamar Jackson,JackLa00
2020_18_BAL_TEN,2020,18,WC,2021-01-10,BAL,TEN,home,TEN,1,2321,Ryan Tannehill,TannRy00
2020_18_CHI_NO,2020,18,WC,2021-01-10,CHI,NO,away,CHI,1,2322,Mitchell Trubisky,TrubMi00
2020_18_CHI_NO,2020,18,WC,2021-01-10,CHI,NO,home,NO,2,2316|2317,Drew Brees|Taysom Hill,BreeDr00|HillTa00
2020_18_CLE_PIT,2020,18,WC,2021-01-10,CLE,PIT,away,CLE,1,2319,Baker Mayfield,MayfBa00
2020_18_CLE_PIT,2020,18,WC,2021-01-10,CLE,PIT,home,PIT,1,2320,Ben Roethlisberger,RoetBe00
2020_18_IND_BUF,2020,18,WC,2021-01-09,IND,BUF,away,IND,1,2326,Philip Rivers,RivePh00
2020_18_IND_BUF,2020,18,WC,2021-01-09,IND,BUF,home,BUF,1,2323,Josh Allen,AlleJo02
2020_18_LA_SEA,2020,18,WC,2021-01-09,LAR,SEA,away,LAR,1,2328,John Wolford,WolfJo00
2020_18_LA_SEA,2020,18,WC,2021-01-09,LAR,SEA,home,SEA,1,2327,Russell Wilson,WilsRu00
2020_18_TB_WAS,2020,18,WC,2021-01-09,TB,WAS,away,TB,1,2324,Tom Brady,BradTo00
2020_18_TB_WAS,2020,18,WC,2021-01-09,TB,WAS,home,WAS,1,2325,Taylor Heinicke,HeinTa00
2020_19_BAL_BUF,2020,19,DIV,2021-01-16,BAL,BUF,away,BAL,1,2314,Lamar Jackson,JackLa00
2020_19_BAL_BUF,2020,19,DIV,2021-01-16,BAL,BUF,home,BUF,1,2312,Josh Allen,AlleJo02
2020_19_CLE_KC,2020,19,DIV,2021-01-17,CLE,KC,away,CLE,1,2311,Baker Mayfield,MayfBa00
2020_19_CLE_KC,2020,19,DIV,2021-01-17,CLE,KC,home,KC,1,2310,Patrick Mahomes,MahoPa00
2020_19_LA_GB,2020,19,DIV,2021-01-16,LAR,GB,away,LAR,1,2313,Jared Goff,GoffJa00
2020_19_LA_GB,2020,19,DIV,2021-01-16,LAR,GB,home,GB,1,2315,Aaron Rodgers,RodgAa00
2020_19_TB_NO,2020,19,DIV,2021-01-17,TB,NO,away,TB,1,2308,Tom Brady,BradTo00
2020_19_TB_NO,2020,19,DIV,2021-01-17,TB,NO,home,NO,1,2309,Drew Brees,BreeDr00
2020_20_BUF_KC,2020,20,CON,2021-01-24,BUF,KC,away,BUF,1,2304,Josh Allen,AlleJo02
2020_20_BUF_KC,2020,20,CON,2021-01-24,BUF,KC,home,KC,1,2306,Patrick Mahomes,MahoPa00
2020_20_TB_GB,2020,20,CON,2021-01-24,TB,GB,away,TB,1,2305,Tom Brady,BradTo00
2020_20_TB_GB,2020,20,CON,2021-01-24,TB,GB,home,GB,1,2307,Aaron Rodgers,RodgAa00
2020_21_KC_TB,2020,21,SB,2021-02-07,KC,TB,away,KC,1,2303,Patrick Mahomes,MahoPa00
2020_21_KC_TB,2020,21,SB,2021-02-07,KC,TB,home,TB,1,2302,Tom Brady,BradTo00
2021_01_ARI_TEN,2021,1,REG,2021-09-12,ARI,TEN,away,ARI,1,2288,Kyler Murray,MurrKy00
2021_01_ARI_TEN,2021,1,REG,2021-09-12,ARI,TEN,home,TEN,1,2294,Ryan Tannehill,TannRy00
2021_01_BAL_LV,2021,1,REG,2021-09-13,BAL,LV,away,BAL,1,2271,Lamar Jackson,JackLa00
2021_01_BAL_LV,2021,1,REG,2021-09-13,BAL,LV,home,LV,1,2270,Derek Carr,CarrDe02
2021_01_CHI_LA,2021,1,REG,2021-09-12,CHI,LAR,away,CHI,1,2276,Andy Dalton,DaltAn00
2021_01_CHI_LA,2021,1,REG,2021-09-12,CHI,LAR,home,LAR,1,2292,Matthew Stafford,StafMa00
2021_01_CLE_KC,2021,1,REG,2021-09-12,CLE,KC,away,CLE,1,2287,Baker Mayfield,MayfBa00
2021_01_CLE_KC,2021,1,REG,2021-09-12,CLE,KC,home,KC,1,2286,Patrick Mahomes,MahoPa00
2021_01_DAL_TB,2021,1,REG,2021-09-09,DAL,TB,away,DAL,1,2301,Dak Prescott,PresDa01
2021_01_DAL_TB,2021,1,REG,2021-09-09,DAL,TB,home,TB,1,2300,Tom Brady,BradTo00
2021_01_DEN_NYG,2021,1,REG,2021-09-12,DEN,NYG,away,DEN,1,2273,Teddy Bridgewater,BridTe00
2021_01_DEN_NYG,2021,1,REG,2021-09-12,DEN,NYG,home,NYG,1,2283,Daniel Jones,JoneDa05
2021_01_GB_NO,2021,1,REG,2021-09-12,GB,NO,away,GB,1,2289,Aaron Rodgers,RodgAa00
2021_01_GB_NO,2021,1,REG,2021-09-12,GB,NO,home,NO,1,2299,Jameis Winston,WinsJa00
2021_01_JAX_HOU,2021,1,REG,2021-09-12,JAX,HOU,away,JAX,1,2285,Trevor Lawrence,LawrTr00
2021_01_JAX_HOU,2021,1,REG,2021-09-12,JAX,HOU,home,HOU,1,2295,Tyrod Taylor,TaylTy00
2021_01_LAC_WAS,2021,1,REG,2021-09-12,LAC,WAS,away,LAC,1,2281,Justin Herbert,HerbJu00
2021_01_LAC_WAS,2021,1,REG,2021-09-12,LAC,WAS,home,WAS,1,2278,Ryan Fitzpatrick,FitzRy00
2021_01_MIA_NE,2021,1,REG,2021-09-12,MIA,NE,away,MIA,1,2293,Tua Tagovailoa,TagoTu00
2021_01_MIA_NE,2021,1,REG,2021-09-12,MIA,NE,home,NE,1,2284,Mac Jones,JoneMa05
2021_01_MIN_CIN,2021,1,REG,2021-09-12,MIN,CIN,away,MIN,1,2275,Kirk Cousins,CousKi00
2021_01_MIN_CIN,2021,1,REG,2021-09-12,MIN,CIN,home,CIN,1,2274,Joe Burrow,BurrJo01
2021_01_NYJ_CAR,2021,1,REG,2021-09-12,NYJ,CAR,away,NYJ,1,2298,Zach Wilson,WilsZa00
2021_01_NYJ_CAR,2021,1,REG,2021-09-12,NYJ,CAR,home,CAR,1,2277,Sam Darnold,DarnSa00
2021_01_PHI_ATL,2021,1,REG,2021-09-12,PHI,ATL,away,PHI,1,2282,Jalen Hurts,HurtJa00
2021_01_PHI_ATL,2021,1,REG,2021-09-12,PHI,ATL,home,ATL,1,2291,Matt Ryan,RyanMa00
2021_01_PIT_BUF,2021,1,REG,2021-09-12,PIT,BUF,away,PIT,1,2290,Ben Roethlisberger,RoetBe00
2021_01_PIT_BUF,2021,1,REG,2021-09-12,PIT,BUF,home,BUF,1,2272,Josh Allen,AlleJo02
2021_01_SEA_IND,2021,1,REG,2021-09-12,SEA,IND,away,SEA,1,2297,Russell Wilson,WilsRu00
2021_01_SEA_IND,2021,1,REG,2021-09-12,SEA,IND,home,IND,1,2296,Carson Wentz,WentCa00
2021_01_SF_DET,2021,1,REG,2021-09-12,SF,DET,away,SF,1,2279,Jimmy Garoppolo,GaroJi00
2021_01_SF_DET,2021,1,REG,2021-09-12,SF,DET,home,DET,1,2280,Jared Goff,GoffJa00
2021_02_ATL_TB,2021,2,REG,2021-09-19,ATL,TB,away,ATL,1,2259,Matt Ryan,RyanMa00
2021_02_ATL_TB,2021,2,REG,2021-09-19,ATL,TB,home,TB,1,2240,Tom Brady,BradTo00
2021_02_BUF_MIA,2021,2,REG,2021-09-19,BUF,MIA,away,BUF,1,2239,Josh Allen,AlleJo02
2021_02_BUF_MIA,2021,2,REG,2021-09-19,BUF,MIA,home,MIA,1,2261,Tua Tagovailoa,TagoTu00
2021_02_CIN_CHI,2021,2,REG,2021-09-19,CIN,CHI,away,CIN,1,2242,Joe Burrow,BurrJo01
2021_02_CIN_CHI,2021,2,REG,2021-09-19,CIN,CHI,home,CHI,1,2245,Andy Dalton,DaltAn00
2021_02_DAL_LAC,2021,2,REG,2021-09-19,DAL,LAC,away,DAL,1,2257,Dak Prescott,PresDa01
2021_02_DAL_LAC,2021,2,REG,2021-09-19,DAL,LAC,home,LAC,1,2248,Justin Herbert,HerbJu00
2021_02_DEN_JAX,2021,2,REG,2021-09-19,DEN,JAX,away,DEN,1,2241,Teddy Bridgewater,BridTe00
2021_02_DEN_JAX,2021,2,REG,2021-09-19,DEN,JAX,home,JAX,1,2253,Trevor Lawrence,LawrTr00
2021_02_DET_GB,2021,2,REG,2021-09-20,DET,GB,away,DET,1,2237,Jared Goff,GoffJa00
2021_02_DET_GB,2021,2,REG,2021-09-20,DET,GB,home,GB,1,2238,Aaron Rodgers,RodgAa00
2021_02_HOU_CLE,2021,2,REG,2021-09-19,HOU,CLE,away,HOU,1,2263,Tyrod Taylor,TaylTy00
2021_02_HOU_CLE,2021,2,REG,2021-09-19,HOU,CLE,home,CLE,1,2255,Baker Mayfield,MayfBa00
2021_02_KC_BAL,2021,2,REG,2021-09-19,KC,BAL,away,KC,1,2254,Patrick Mahomes,MahoPa00
2021_02_KC_BAL,2021,2,REG,2021-09-19,KC,BAL,home,BAL,1,2251,Lamar Jackson,JackLa00
2021_02_LA_IND,2021,2,REG,2021-09-19,LAR,IND,away,LAR,1,2260,Matthew Stafford,StafMa00
2021_02_LA_IND,2021,2,REG,2021-09-19,LAR,IND,home,IND,1,2264,Carson Wentz,WentCa00
2021_02_LV_PIT,2021,2,REG,2021-09-19,LV,PIT,away,LV,1,2243,Derek Carr,CarrDe02
2021_02_LV_PIT,2021,2,REG,2021-09-19,LV,PIT,home,PIT,1,2258,Ben Roethlisberger,RoetBe00
2021_02_MIN_ARI,2021,2,REG,2021-09-19,MIN,ARI,away,MIN,1,2244,Kirk Cousins,CousKi00
2021_02_MIN_ARI,2021,2,REG,2021-09-19,MIN,ARI,home,ARI,1,2256,Kyler Murray,MurrKy00
2021_02_NE_NYJ,2021,2,REG,2021-09-19,NE,NYJ,away,NE,1,2252,Mac Jones,JoneMa05
2021_02_NE_NYJ,2021,2,REG,2021-09-19,NE,NYJ,home,NYJ,1,2266,Zach Wilson,WilsZa00
2021_02_NO_CAR,2021,2,REG,2021-09-19,NO,CAR,away,NO,2,2249|2267,Taysom Hill|Jameis Winston,HillTa00|WinsJa00
2021_02_NO_CAR,2021,2,REG,2021-09-19,NO,CAR,home,CAR,1,2246,Sam Darnold,DarnSa00
2021_02_NYG_WAS,2021,2,REG,2021-09-16,NYG,WAS,away,NYG,1,2269,Daniel Jones,JoneDa05
2021_02_NYG_WAS,2021,2,REG,2021-09-16,NYG,WAS,home,WAS,1,2268,Taylor Heinicke,HeinTa00
2021_02_SF_PHI,2021,2,REG,2021-09-19,SF,PHI,away,SF,1,2247,Jimmy Garoppolo,GaroJi00
2021_02_SF_PHI,2021,2,REG,2021-09-19,SF,PHI,home,PHI,1,2250,Jalen Hurts,HurtJa00
2021_02_TEN_SEA,2021,2,REG,2021-09-19,TEN,SEA,away,TEN,1,2262,Ryan Tannehill,TannRy00
2021_02_TEN_SEA,2021,2,REG,2021-09-19,TEN,SEA,home,SEA,1,2265,Russell Wilson,WilsRu00
2021_03_ARI_JAX,2021,3,REG,2021-09-26,ARI,JAX,away,ARI,1,2225,Kyler Murray,MurrKy00
2021_03_ARI_JAX,2021,3,REG,2021-09-26,ARI,JAX,home,JAX,1,2222,Trevor Lawrence,LawrTr00
2021_03_ATL_NYG,2021,3,REG,2021-09-26,ATL,NYG,away,ATL,1,2228,Matt Ryan,RyanMa00
2021_03_ATL_NYG,2021,3,REG,2021-09-26,ATL,NYG,home,NYG,1,2220,Daniel Jones,JoneDa05
2021_03_BAL_DET,2021,3,REG,2021-09-26,BAL,DET,away,BAL,1,2219,Lamar Jackson,JackLa00
2021_03_BAL_DET,2021,3,REG,2021-09-26,BAL,DET,home,DET,1,2215,Jared Goff,GoffJa00
2021_03_CAR_HOU,2021,3,REG,2021-09-23,CAR,HOU,away,CAR,1,2235,Sam Darnold,DarnSa00
2021_03_CAR_HOU,2021,3,REG,2021-09-23,CAR,HOU,home,HOU,1,2236,Davis Mills,MillDa02
2021_03_CHI_CLE,2021,3,REG,2021-09-26,CHI,CLE,away,CHI,1,2213,Justin Fields,FielJu00
2021_03_CHI_CLE,2021,3,REG,2021-09-26,CHI,CLE,home,CLE,1,2224,Baker Mayfield,MayfBa00
2021_03_CIN_PIT,2021,3,REG,2021-09-26,CIN,PIT,away,CIN,1,2210,Joe Burrow,BurrJo01
2021_03_CIN_PIT,2021,3,REG,2021-09-26,CIN,PIT,home,PIT,1,2227,Ben Roethlisberger,RoetBe00
2021_03_GB_SF,2021,3,REG,2021-09-26,GB,SF,away,GB,1,2226,Aaron Rodgers,RodgAa00
2021_03_GB_SF,2021,3,REG,2021-09-26,GB,SF,home,SF,1,2214,Jimmy Garoppolo,GaroJi00
2021_03_IND_TEN,2021,3,REG,2021-09-26,IND,TEN,away,IND,1,2231,Carson Wentz,WentCa00
2021_03_IND_TEN,2021,3,REG,2021-09-26,IND,TEN,home,TEN,1,2230,Ryan Tannehill,TannRy00
2021_03_LAC_KC,2021,3,REG,2021-09-26,LAC,KC,away,LAC,1,2217,Justin Herbert,HerbJu00
2021_03_LAC_KC,2021,3,REG,2021-09-26,LAC,KC,home,KC,1,2223,Patrick Mahomes,MahoPa00
2021_03_MIA_LV,2021,3,REG,2021-09-26,MIA,LV,away,MIA,1,2209,Jacoby Brissett,BrisJa00
2021_03_MIA_LV,2021,3,REG,2021-09-26,MIA,LV,home,LV,1,2211,Derek Carr,CarrDe02
2021_03_NO_NE,2021,3,REG,2021-09-26,NO,NE,away,NO,2,2218|2234,Taysom Hill|Jameis Winston,HillTa00|WinsJa00
2021_03_NO_NE,2021,3,REG,2021-09-26,NO,NE,home,NE,1,2221,Mac Jones,JoneMa05
2021_03_NYJ_DEN,2021,3,REG,2021-09-26,NYJ,DEN,away,NYJ,1,2233,Zach Wilson,WilsZa00
2021_03_NYJ_DEN,2021,3,REG,2021-09-26,NYJ,DEN,home,DEN,1,2208,Teddy Bridgewater,BridTe00
2021_03_PHI_DAL,2021,3,REG,2021-09-27,PHI,DAL,away,PHI,1,2204,Jalen Hurts,HurtJa00
2021_03_PHI_DAL,2021,3,REG,2021-09-27,PHI,DAL,home,DAL,1,2205,Dak Prescott,PresDa01
2021_03_SEA_MIN,2021,3,REG,2021-09-26,SEA,MIN,away,SEA,1,2232,Russell Wilson,WilsRu00
2021_03_SEA_MIN,2021,3,REG,2021-09-26,SEA,MIN,home,MIN,1,2212,Kirk Cousins,CousKi00
2021_03_TB_LA,2021,3,REG,2021-09-26,TB,LAR,away,TB,1,2207,Tom Brady,BradTo00
2021_03_TB_LA,2021,3,REG,2021-09-26,TB,LAR,home,LAR,1,2229,Matthew Stafford,StafMa00
2021_03_WAS_BUF,2021,3,REG,2021-09-26,WAS,BUF,away,WAS,1,2216,Taylor Heinicke,HeinTa00
2021_03_WAS_BUF,2021,3,REG,2021-09-26,WAS,BUF,home,BUF,1,2206,Josh Allen,AlleJo02
2021_04_ARI_LA,2021,4,REG,2021-10-03,ARI,LAR,away,ARI,1,2191,Kyler Murray,MurrKy00
2021_04_ARI_LA,2021,4,REG,2021-10-03,ARI,LAR,home,LAR,1,2196,Matthew Stafford,StafMa00
2021_04_BAL_DEN,2021,4,REG,2021-10-03,BAL,DEN,away,BAL,1,2185,Lamar Jackson,JackLa00
2021_04_BAL_DEN,2021,4,REG,2021-10-03,BAL,DEN,home,DEN,1,2175,Teddy Bridgewater,BridTe00
2021_04_CAR_DAL,2021,4,REG,2021-10-03,CAR,DAL,away,CAR,1,2178,Sam Darnold,DarnSa00
2021_04_CAR_DAL,2021,4,REG,2021-10-03,CAR,DAL,home,DAL,1,2192,Dak Prescott,PresDa01
2021_04_CLE_MIN,2021,4,REG,2021-10-03,CLE,MIN,away,CLE,1,2189,Baker Mayfield,MayfBa00
2021_04_CLE_MIN,2021,4,REG,2021-10-03,CLE,MIN,home,MIN,1,2177,Kirk Cousins,CousKi00
2021_04_DET_CHI,2021,4,REG,2021-10-03,DET,CHI,away,DET,1,2181,Jared Goff,GoffJa00
2021_04_DET_CHI,2021,4,REG,2021-10-03,DET,CHI,home,CHI,1,2179,Justin Fields,FielJu00
2021_04_HOU_BUF,2021,4,REG,2021-10-03,HOU,BUF,away,HOU,1,2190,Davis Mills,MillDa02
2021_04_HOU_BUF,2021,4,REG,2021-10-03,HOU,BUF,home,BUF,1,2173,Josh Allen,AlleJo02
2021_04_IND_MIA,2021,4,REG,2021-10-03,IND,MIA,away,IND,1,2198,Carson Wentz,WentCa00
2021_04_IND_MIA,2021,4,REG,2021-10-03,IND,MIA,home,MIA,1,2176,Jacoby Brissett,BrisJa00
2021_04_JAX_CIN,2021,4,REG,2021-09-30,JAX,CIN,away,JAX,1,2203,Trevor Lawrence,LawrTr00
2021_04_JAX_CIN,2021,4,REG,2021-09-30,JAX,CIN,home,CIN,1,2202,Joe Burrow,BurrJo01
2021_04_KC_PHI,2021,4,REG,2021-10-03,KC,PHI,away,KC,1,2188,Patrick Mahomes,MahoPa00
2021_04_KC_PHI,2021,4,REG,2021-10-03,KC,PHI,home,PHI,1,2184,Jalen Hurts,HurtJa00
2021_04_LV_LAC,2021,4,REG,2021-10-04,LV,LAC,away,LV,1,2171,Derek Carr,CarrDe02
2021_04_LV_LAC,2021,4,REG,2021-10-04,LV,LAC,home,LAC,1,2172,Justin Herbert,HerbJu00
2021_04_NYG_NO,2021,4,REG,2021-10-03,NYG,NO,away,NYG,1,2186,Daniel Jones,JoneDa05
2021_04_NYG_NO,2021,4,REG,2021-10-03,NYG,NO,home,NO,2,2183|2201,Taysom Hill|Jameis Winston,HillTa00|WinsJa00
2021_04_PIT_GB,2021,4,REG,2021-10-03,PIT,GB,away,PIT,1,2194,Ben Roethlisberger,RoetBe00
2021_04_PIT_GB,2021,4,REG,2021-10-03,PIT,GB,home,GB,1,2193,Aaron Rodgers,RodgAa00
2021_04_SEA_SF,2021,4,REG,2021-10-03,SEA,SF,away,SEA,1,2199,Russell Wilson,WilsRu00
2021_04_SEA_SF,2021,4,REG,2021-10-03,SEA,SF,home,SF,1,2180,Jimmy Garoppolo,GaroJi00
2021_04_TB_NE,2021,4,REG,2021-10-03,TB,NE,away,TB,1,2174,Tom Brady,BradTo00
2021_04_TB_NE,2021,4,REG,2021-10-03,TB,NE,home,NE,1,2187,Mac Jones,JoneMa05
2021_04_TEN_NYJ,2021,4,REG,2021-10-03,TEN,NYJ,away,TEN,1,2197,Ryan Tannehill,TannRy00
2021_04_TEN_NYJ,2021,4,REG,2021-10-03,TEN,NYJ,home,NYJ,1,2200,Zach Wilson,WilsZa00
2021_04_WAS_ATL,2021,4,REG,2021-10-03,WAS,ATL,away,WAS,1,2182,Taylor Heinicke,HeinTa00
2021_04_WAS_ATL,2021,4,REG,2021-10-03,WAS,ATL,home,ATL,1,2195,Matt Ryan,RyanMa00
2021_05_BUF_KC,2021,5,REG,2021-10-10,BUF,KC,away,BUF,1,2140,Josh Allen,AlleJo02
2021_05_BUF_KC,2021,5,REG,2021-10-10,BUF,KC,home,KC,1,2158,Patrick Mahomes,MahoPa00
2021_05_CHI_LV,2021,5,REG,2021-10-10,CHI,LV,away,CHI,1,2148,Justin Fields,FielJu00
2021_05_CHI_LV,2021,5,REG,2021-10-10,CHI,LV,home,LV,1,2145,Derek Carr,CarrDe02
2021_05_CLE_LAC,2021,5,REG,2021-10-10,CLE,LAC,away,CLE,1,2159,Baker Mayfield,MayfBa00
2021_05_CLE_LAC,2021,5,REG,2021-10-10,CLE,LAC,home,LAC,1,2151,Justin Herbert,HerbJu00
2021_05_DEN_PIT,2021,5,REG,2021-10-10,DEN,PIT,away,DEN,1,2142,Teddy Bridgewater,BridTe00
2021_05_DEN_PIT,2021,5,REG,2021-10-10,DEN,PIT,home,PIT,1,2164,Ben Roethlisberger,RoetBe00
2021_05_DET_MIN,2021,5,REG,2021-10-10,DET,MIN,away,DET,1,2149,Jared Goff,GoffJa00
2021_05_DET_MIN,2021,5,REG,2021-10-10,DET,MIN,home,MIN,1,2146,Kirk Cousins,CousKi00
2021_05_GB_CIN,2021,5,REG,2021-10-10,GB,CIN,away,GB,1,2163,Aaron Rodgers,RodgAa00
2021_05_GB_CIN,2021,5,REG,2021-10-10,GB,CIN,home,CIN,1,2144,Joe Burrow,BurrJo01
2021_05_IND_BAL,2021,5,REG,2021-10-11,IND,BAL,away,IND,1,2139,Carson Wentz,WentCa00
2021_05_IND_BAL,2021,5,REG,2021-10-11,IND,BAL,home,BAL,1,2138,Lamar Jackson,JackLa00
2021_05_LA_SEA,2021,5,REG,2021-10-07,LAR,SEA,away,LAR,1,2169,Matthew Stafford,StafMa00
2021_05_LA_SEA,2021,5,REG,2021-10-07,LAR,SEA,home,SEA,1,2170,Russell Wilson,WilsRu00
2021_05_MIA_TB,2021,5,REG,2021-10-10,MIA,TB,away,MIA,1,2143,Jacoby Brissett,BrisJa00
2021_05_MIA_TB,2021,5,REG,2021-10-10,MIA,TB,home,TB,1,2141,Tom Brady,BradTo00
2021_05_NE_HOU,2021,5,REG,2021-10-10,NE,HOU,away,NE,1,2155,Mac Jones,JoneMa05
2021_05_NE_HOU,2021,5,REG,2021-10-10,NE,HOU,home,HOU,1,2160,Davis Mills,MillDa02
2021_05_NO_WAS,2021,5,REG,2021-10-10,NO,WAS,away,NO,2,2152|2168,Taysom Hill|Jameis Winston,HillTa00|WinsJa00
2021_05_NO_WAS,2021,5,REG,2021-10-10,NO,WAS,home,WAS,1,2150,Taylor Heinicke,HeinTa00
2021_05_NYG_DAL,2021,5,REG,2021-10-10,NYG,DAL,away,NYG,1,2154,Daniel Jones,JoneDa05
2021_05_NYG_DAL,2021,5,REG,2021-10-10,NYG,DAL,home,DAL,1,2162,Dak Prescott,PresDa01
2021_05_NYJ_ATL,2021,5,REG,2021-10-10,NYJ,ATL,away,NYJ,1,2167,Zach Wilson,WilsZa00
2021_05_NYJ_ATL,2021,5,REG,2021-10-10,NYJ,ATL,home,ATL,1,2165,Matt Ryan,RyanMa00
2021_05_PHI_CAR,2021,5,REG,2021-10-10,PHI,CAR,away,PHI,1,2153,Jalen Hurts,HurtJa00
2021_05_PHI_CAR,2021,5,REG,2021-10-10,PHI,CAR,home,CAR,1,2147,Sam Darnold,DarnSa00
2021_05_SF_ARI,2021,5,REG,2021-10-10,SF,ARI,away,SF,1,2156,Trey Lance,LancTr00
2021_05_SF_ARI,2021,5,REG,2021-10-10,SF,ARI,home,ARI,1,2161,Kyler Murray,MurrKy00
2021_05_TEN_JAX,2021,5,REG,2021-10-10,TEN,JAX,away,TEN,1,2166,Ryan Tannehill,TannRy00
2021_05_TEN_JAX,2021,5,REG,2021-10-10,TEN,JAX,home,JAX,1,2157,Trevor Lawrence,LawrTr00
2021_06_ARI_CLE,2021,6,REG,2021-10-17,ARI,CLE,away,ARI,1,2128,Kyler Murray,MurrKy00
2021_06_ARI_CLE,2021,6,REG,2021-10-17,ARI,CLE,home,CLE,1,2126,Baker Mayfield,MayfBa00
2021_06_BUF_TEN,2021,6,REG,2021-10-18,BUF,TEN,away,BUF,1,2110,Josh Allen,AlleJo02
2021_06_BUF_TEN,2021,6,REG,2021-10-18,BUF,TEN,home,TEN,1,2111,Ryan Tannehill,TannRy00
2021_06_CIN_DET,2021,6,REG,2021-10-17,CIN,DET,away,CIN,1,2113,Joe Burrow,BurrJo01
2021_06_CIN_DET,2021,6,REG,2021-10-17,CIN,DET,home,DET,1,2118,Jared Goff,GoffJa00
2021_06_DAL_NE,2021,6,REG,2021-10-17,DAL,NE,away,DAL,1,2129,Dak Prescott,PresDa01
2021_06_DAL_NE,2021,6,REG,2021-10-17,DAL,NE,home,NE,1,2123,Mac Jones,JoneMa05
2021_06_GB_CHI,2021,6,REG,2021-10-17,GB,CHI,away,GB,1,2130,Aaron Rodgers,RodgAa00
2021_06_GB_CHI,2021,6,REG,2021-10-17,GB,CHI,home,CHI,1,2117,Justin Fields,FielJu00
2021_06_HOU_IND,2021,6,REG,2021-10-17,HOU,IND,away,HOU,1,2127,Davis Mills,MillDa02
2021_06_HOU_IND,2021,6,REG,2021-10-17,HOU,IND,home,IND,1,2135,Carson Wentz,WentCa00
2021_06_KC_WAS,2021,6,REG,2021-10-17,KC,WAS,away,KC,1,2125,Patrick Mahomes,MahoPa00
2021_06_KC_WAS,2021,6,REG,2021-10-17,KC,WAS,home,WAS,1,2119,Taylor Heinicke,HeinTa00
2021_06_LAC_BAL,2021,6,REG,2021-10-17,LAC,BAL,away,LAC,1,2120,Justin Herbert,HerbJu00
2021_06_LAC_BAL,2021,6,REG,2021-10-17,LAC,BAL,home,BAL,1,2121,Lamar Jackson,JackLa00
2021_06_LA_NYG,2021,6,REG,2021-10-17,LAR,NYG,away,LAR,1,2133,Matthew Stafford,StafMa00
2021_06_LA_NYG,2021,6,REG,2021-10-17,LAR,NYG,home,NYG,1,2122,Daniel Jones,JoneDa05
2021_06_LV_DEN,2021,6,REG,2021-10-17,LV,DEN,away,LV,1,2114,Derek Carr,CarrDe02
2021_06_LV_DEN,2021,6,REG,2021-10-17,LV,DEN,home,DEN,1,2112,Teddy Bridgewater,BridTe00
2021_06_MIA_JAX,2021,6,REG,2021-10-17,MIA,JAX,away,MIA,1,2134,Tua Tagovailoa,TagoTu00
2021_06_MIA_JAX,2021,6,REG,2021-10-17,MIA,JAX,home,JAX,1,2124,Trevor Lawrence,LawrTr00
2021_06_MIN_CAR,2021,6,REG,2021-10-17,MIN,CAR,away,MIN,1,2115,Kirk Cousins,CousKi00
2021_06_MIN_CAR,2021,6,REG,2021-10-17,MIN,CAR,home,CAR,1,2116,Sam Darnold,DarnSa00
2021_06_SEA_PIT,2021,6,REG,2021-10-17,SEA,PIT,away,SEA,1,2132,Geno Smith,SmitGe00
2021_06_SEA_PIT,2021,6,REG,2021-10-17,SEA,PIT,home,PIT,1,2131,Ben Roethlisberger,RoetBe00
2021_06_TB_PHI,2021,6,REG,2021-10-14,TB,PHI,away,TB,1,2136,Tom Brady,BradTo00
2021_06_TB_PHI,2021,6,REG,2021-10-14,TB,PHI,home,PHI,1,2137,Jalen Hurts,HurtJa00
2021_07_ATL_MIA,2021,7,REG,2021-10-24,ATL,MIA,away,ATL,1,2102,Matt Ryan,RyanMa00
2021_07_ATL_MIA,2021,7,REG,2021-10-24,ATL,MIA,home,MIA,1,2104,Tua Tagovailoa,TagoTu00
2021_07_CAR_NYG,2021,7,REG,2021-10-24,CAR,NYG,away,CAR,1,2089,Sam Darnold,DarnSa00
2021_07_CAR_NYG,2021,7,REG,2021-10-24,CAR,NYG,home,NYG,1,2096,Daniel Jones,JoneDa05
2021_07_CHI_TB,2021,7,REG,2021-10-24,CHI,TB,away,CHI,1,2090,Justin Fields,FielJu00
2021_07_CHI_TB,2021,7,REG,2021-10-24,CHI,TB,home,TB,1,2086,Tom Brady,BradTo00
2021_07_CIN_BAL,2021,7,REG,2021-10-24,CIN,BAL,away,CIN,1,2087,Joe Burrow,BurrJo01
2021_07_CIN_BAL,2021,7,REG,2021-10-24,CIN,BAL,home,BAL,1,2095,Lamar Jackson,JackLa00
2021_07_DEN_CLE,2021,7,REG,2021-10-21,DEN,CLE,away,DEN,1,2108,Teddy Bridgewater,BridTe00
2021_07_DEN_CLE,2021,7,REG,2021-10-21,DEN,CLE,home,CLE,1,2109,Case Keenum,KeenCa00
2021_07_DET_LA,2021,7,REG,2021-10-24,DET,LAR,away,DET,1,2092,Jared Goff,GoffJa00
2021_07_DET_LA,2021,7,REG,2021-10-24,DET,LAR,home,LAR,1,2103,Matthew Stafford,StafMa00
2021_07_HOU_ARI,2021,7,REG,2021-10-24,HOU,ARI,away,HOU,1,2099,Davis Mills,MillDa02
2021_07_HOU_ARI,2021,7,REG,2021-10-24,HOU,ARI,home,ARI,1,2100,Kyler Murray,MurrKy00
2021_07_IND_SF,2021,7,REG,2021-10-24,IND,SF,away,IND,1,2106,Carson Wentz,WentCa00
2021_07_IND_SF,2021,7,REG,2021-10-24,IND,SF,home,SF,1,2091,Jimmy Garoppolo,GaroJi00
2021_07_KC_TEN,2021,7,REG,2021-10-24,KC,TEN,away,KC,1,2098,Patrick Mahomes,MahoPa00
2021_07_KC_TEN,2021,7,REG,2021-10-24,KC,TEN,home,TEN,1,2105,Ryan Tannehill,TannRy00
2021_07_NO_SEA,2021,7,REG,2021-10-25,NO,SEA,away,NO,1,2085,Jameis Winston,WinsJa00
2021_07_NO_SEA,2021,7,REG,2021-10-25,NO,SEA,home,SEA,1,2084,Geno Smith,SmitGe00
2021_07_NYJ_NE,2021,7,REG,2021-10-24,NYJ,NE,away,NYJ,1,2107,Zach Wilson,WilsZa00
2021_07_NYJ_NE,2021,7,REG,2021-10-24,NYJ,NE,home,NE,1,2097,Mac Jones,JoneMa05
2021_07_PHI_LV,2021,7,REG,2021-10-24,PHI,LV,away,PHI,1,2094,Jalen Hurts,HurtJa00
2021_07_PHI_LV,2021,7,REG,2021-10-24,PHI,LV,home,LV,1,2088,Derek Carr,CarrDe02
2021_07_WAS_GB,2021,7,REG,2021-10-24,WAS,GB,away,WAS,1,2093,Taylor Heinicke,HeinTa00
2021_07_WAS_GB,2021,7,REG,2021-10-24,WAS,GB,home,GB,1,2101,Aaron Rodgers,RodgAa00
2021_08_CAR_ATL,2021,8,REG,2021-10-31,CAR,ATL,away,CAR,1,2061,Sam Darnold,DarnSa00
2021_08_CAR_ATL,2021,8,REG,2021-10-31,CAR,ATL,home,ATL,1,2074,Matt Ryan,RyanMa00
2021_08_CIN_NYJ,2021,8,REG,2021-10-31,CIN,NYJ,away,CIN,1,2059,Joe Burrow,BurrJo01
2021_08_CIN_NYJ,2021,8,REG,2021-10-31,CIN,NYJ,home,NYJ,1,2080,Mike White,WhitMi01
2021_08_DAL_MIN,2021,8,REG,2021-10-31,DAL,MIN,away,DAL,1,2073,Cooper Rush,RushCo00
2021_08_DAL_MIN,2021,8,REG,2021-10-31,DAL,MIN,home,MIN,1,2060,Kirk Cousins,CousKi00
2021_08_GB_ARI,2021,8,REG,2021-10-28,GB,ARI,away,GB,1,2083,Aaron Rodgers,RodgAa00
2021_08_GB_ARI,2021,8,REG,2021-10-28,GB,ARI,home,ARI,1,2082,Kyler Murray,MurrKy00
2021_08_JAX_SEA,2021,8,REG,2021-10-31,JAX,SEA,away,JAX,1,2069,Trevor Lawrence,LawrTr00
2021_08_JAX_SEA,2021,8,REG,2021-10-31,JAX,SEA,home,SEA,1,2075,Geno Smith,SmitGe00
2021_08_LA_HOU,2021,8,REG,2021-10-31,LAR,HOU,away,LAR,1,2076,Matthew Stafford,StafMa00
2021_08_LA_HOU,2021,8,REG,2021-10-31,LAR,HOU,home,HOU,1,2071,Davis Mills,MillDa02
2021_08_MIA_BUF,2021,8,REG,2021-10-31,MIA,BUF,away,MIA,1,2077,Tua Tagovailoa,TagoTu00
2021_08_MIA_BUF,2021,8,REG,2021-10-31,MIA,BUF,home,BUF,1,2056,Josh Allen,AlleJo02
2021_08_NE_LAC,2021,8,REG,2021-10-31,NE,LAC,away,NE,1,2068,Mac Jones,JoneMa05
2021_08_NE_LAC,2021,8,REG,2021-10-31,NE,LAC,home,LAC,1,2066,Justin Herbert,HerbJu00
2021_08_NYG_KC,2021,8,REG,2021-11-01,NYG,KC,away,NYG,1,2054,Daniel Jones,JoneDa05
2021_08_NYG_KC,2021,8,REG,2021-11-01,NYG,KC,home,KC,1,2055,Patrick Mahomes,MahoPa00
2021_08_PHI_DET,2021,8,REG,2021-10-31,PHI,DET,away,PHI,1,2067,Jalen Hurts,HurtJa00
2021_08_PHI_DET,2021,8,REG,2021-10-31,PHI,DET,home,DET,1,2064,Jared Goff,GoffJa00
2021_08_PIT_CLE,2021,8,REG,2021-10-31,PIT,CLE,away,PIT,1,2072,Ben Roethlisberger,RoetBe00
2021_08_PIT_CLE,2021,8,REG,2021-10-31,PIT,CLE,home,CLE,1,2070,Baker Mayfield,MayfBa00
2021_08_SF_CHI,2021,8,REG,2021-10-31,SF,CHI,away,SF,1,2063,Jimmy Garoppolo,GaroJi00
2021_08_SF_CHI,2021,8,REG,2021-10-31,SF,CHI,home,CHI,1,2062,Justin Fields,FielJu00
2021_08_TB_NO,2021,8,REG,2021-10-31,TB,NO,away,TB,1,2057,Tom Brady,BradTo00
2021_08_TB_NO,2021,8,REG,2021-10-31,TB,NO,home,NO,1,2081,Jameis Winston,WinsJa00
2021_08_TEN_IND,2021,8,REG,2021-10-31,TEN,IND,away,TEN,1,2078,Ryan Tannehill,TannRy00
2021_08_TEN_IND,2021,8,REG,2021-10-31,TEN,IND,home,IND,1,2079,Carson Wentz,WentCa00
2021_08_WAS_DEN,2021,8,REG,2021-10-31,WAS,DEN,away,WAS,1,2065,Taylor Heinicke,HeinTa00
2021_08_WAS_DEN,2021,8,REG,2021-10-31,WAS,DEN,home,DEN,1,2058,Teddy Bridgewater,BridTe00
2021_09_ARI_SF,2021,9,REG,2021-11-07,ARI,SF,away,ARI,1,2045,Colt McCoy,McCoCo00
2021_09_ARI_SF,2021,9,REG,2021-11-07,ARI,SF,home,SF,1,2035,Jimmy Garoppolo,GaroJi00
2021_09_ATL_NO,2021,9,REG,2021-11-07,ATL,NO,away,ATL,1,2047,Matt Ryan,RyanMa00
2021_09_ATL_NO,2021,9,REG,2021-11-07,ATL,NO,home,NO,1,2048,Trevor Siemian,SiemTr00
2021_09_BUF_JAX,2021,9,REG,2021-11-07,BUF,JAX,away,BUF,1,2028,Josh Allen,AlleJo02
2021_09_BUF_JAX,2021,9,REG,2021-11-07,BUF,JAX,home,JAX,1,2041,Trevor Lawrence,LawrTr00
2021_09_CHI_PIT,2021,9,REG,2021-11-08,CHI,PIT,away,CHI,1,2026,Justin Fields,FielJu00
2021_09_CHI_PIT,2021,9,REG,2021-11-08,CHI,PIT,home,PIT,1,2027,Ben Roethlisberger,RoetBe00
2021_09_CLE_CIN,2021,9,REG,2021-11-07,CLE,CIN,away,CLE,1,2044,Baker Mayfield,MayfBa00
2021_09_CLE_CIN,2021,9,REG,2021-11-07,CLE,CIN,home,CIN,1,2031,Joe Burrow,BurrJo01
2021_09_DEN_DAL,2021,9,REG,2021-11-07,DEN,DAL,away,DEN,1,2029,Teddy Bridgewater,BridTe00
2021_09_DEN_DAL,2021,9,REG,2021-11-07,DEN,DAL,home,DAL,1,2046,Dak Prescott,PresDa01
2021_09_GB_KC,2021,9,REG,2021-11-07,GB,KC,away,GB,1,2042,Jordan Love,LoveJo03
2021_09_GB_KC,2021,9,REG,2021-11-07,GB,KC,home,KC,1,2043,Patrick Mahomes,MahoPa00
2021_09_HOU_MIA,2021,9,REG,2021-11-07,HOU,MIA,away,HOU,1,2051,Tyrod Taylor,TaylTy00
2021_09_HOU_MIA,2021,9,REG,2021-11-07,HOU,MIA,home,MIA,1,2030,Jacoby Brissett,BrisJa00
2021_09_LAC_PHI,2021,9,REG,2021-11-07,LAC,PHI,away,LAC,1,2036,Justin Herbert,HerbJu00
2021_09_LAC_PHI,2021,9,REG,2021-11-07,LAC,PHI,home,PHI,1,2037,Jalen Hurts,HurtJa00
2021_09_LV_NYG,2021,9,REG,2021-11-07,LV,NYG,away,LV,1,2032,Derek Carr,CarrDe02
2021_09_LV_NYG,2021,9,REG,2021-11-07,LV,NYG,home,NYG,1,2039,Daniel Jones,JoneDa05
2021_09_MIN_BAL,2021,9,REG,2021-11-07,MIN,BAL,away,MIN,1,2033,Kirk Cousins,CousKi00
2021_09_MIN_BAL,2021,9,REG,2021-11-07,MIN,BAL,home,BAL,1,2038,Lamar Jackson,JackLa00
2021_09_NE_CAR,2021,9,REG,2021-11-07,NE,CAR,away,NE,1,2040,Mac Jones,JoneMa05
2021_09_NE_CAR,2021,9,REG,2021-11-07,NE,CAR,home,CAR,1,2034,Sam Darnold,DarnSa00
2021_09_NYJ_IND,2021,9,REG,2021-11-04,NYJ,IND,away,NYJ,1,2053,Mike White,WhitMi01
2021_09_NYJ_IND,2021,9,REG,2021-11-04,NYJ,IND,home,IND,1,2052,Carson Wentz,WentCa00
2021_09_TEN_LA,2021,9,REG,2021-11-07,TEN,LAR,away,TEN,1,2050,Ryan Tannehill,TannRy00
2021_09_TEN_LA,2021,9,REG,2021-11-07,TEN,LAR,home,LAR,1,2049,Matthew Stafford,StafMa00
2021_10_ATL_DAL,2021,10,REG,2021-11-14,ATL,DAL,away,ATL,1,2017,Matt Ryan,RyanMa00
2021_10_ATL_DAL,2021,10,REG,2021-11-14,ATL,DAL,home,DAL,1,2014,Dak Prescott,PresDa01
2021_10_BAL_MIA,2021,10,REG,2021-11-11,BAL,MIA,away,BAL,1,2025,Lamar Jackson,JackLa00
2021_10_BAL_MIA,2021,10,REG,2021-11-11,BAL,MIA,home,MIA,1,2024,Jacoby Brissett,BrisJa00
2021_10_BUF_NYJ,2021,10,REG,2021-11-14,BUF,NYJ,away,BUF,1,2000,Josh Allen,AlleJo02
2021_10_BUF_NYJ,2021,10,REG,2021-11-14,BUF,NYJ,home,NYJ,1,2022,Mike White,WhitMi01
2021_10_CAR_ARI,2021,10,REG,2021-11-14,CAR,ARI,away,CAR,1,2020,P.J. Walker,WalkPh00
2021_10_CAR_ARI,2021,10,REG,2021-11-14,CAR,ARI,home,ARI,1,2013,Colt McCoy,McCoCo00
2021_10_CLE_NE,2021,10,REG,2021-11-14,CLE,NE,away,CLE,1,2012,Baker Mayfield,MayfBa00
2021_10_CLE_NE,2021,10,REG,2021-11-14,CLE,NE,home,NE,1,2009,Mac Jones,JoneMa05
2021_10_DET_PIT,2021,10,REG,2021-11-14,DET,PIT,away,DET,1,2005,Jared Goff,GoffJa00
2021_10_DET_PIT,2021,10,REG,2021-11-14,DET,PIT,home,PIT,1,2016,Mason Rudolph,RudoMa00
2021_10_JAX_IND,2021,10,REG,2021-11-14,JAX,IND,away,JAX,1,2010,Trevor Lawrence,LawrTr00
2021_10_JAX_IND,2021,10,REG,2021-11-14,JAX,IND,home,IND,1,2021,Carson Wentz,WentCa00
2021_10_KC_LV,2021,10,REG,2021-11-14,KC,LV,away,KC,1,2011,Patrick Mahomes,MahoPa00
2021_10_KC_LV,2021,10,REG,2021-11-14,KC,LV,home,LV,1,2003,Derek Carr,CarrDe02
2021_10_LA_SF,2021,10,REG,2021-11-15,LAR,SF,away,LAR,1,1999,Matthew Stafford,StafMa00
2021_10_LA_SF,2021,10,REG,2021-11-15,LAR,SF,home,SF,1,1998,Jimmy Garoppolo,GaroJi00
2021_10_MIN_LAC,2021,10,REG,2021-11-14,MIN,LAC,away,MIN,1,2004,Kirk Cousins,CousKi00
2021_10_MIN_LAC,2021,10,REG,2021-11-14,MIN,LAC,home,LAC,1,2007,Justin Herbert,HerbJu00
2021_10_NO_TEN,2021,10,REG,2021-11-14,NO,TEN,away,NO,1,2018,Trevor Siemian,SiemTr00
2021_10_NO_TEN,2021,10,REG,2021-11-14,NO,TEN,home,TEN,1,2019,Ryan Tannehill,TannRy00
2021_10_PHI_DEN,2021,10,REG,2021-11-14,PHI,DEN,away,PHI,1,2008,Jalen Hurts,HurtJa00
2021_10_PHI_DEN,2021,10,REG,2021-11-14,PHI,DEN,home,DEN,1,2002,Teddy Bridgewater,BridTe00
2021_10_SEA_GB,2021,10,REG,2021-11-14,SEA,GB,away,SEA,1,2023,Russell Wilson,WilsRu00
2021_10_SEA_GB,2021,10,REG,2021-11-14,SEA,GB,home,GB,1,2015,Aaron Rodgers,RodgAa00
2021_10_TB_WAS,2021,10,REG,2021-11-14,TB,WAS,away,TB,1,2001,Tom Brady,BradTo00
2021_10_TB_WAS,2021,10,REG,2021-11-14,TB,WAS,home,WAS,1,2006,Taylor Heinicke,HeinTa00
2021_11_ARI_SEA,2021,11,REG,2021-11-21,ARI,SEA,away,ARI,1,1985,Colt McCoy,McCoCo00
2021_11_ARI_SEA,2021,11,REG,2021-11-21,ARI,SEA,home,SEA,1,1995,Russell Wilson,WilsRu00
2021_11_BAL_CHI,2021,11,REG,2021-11-21,BAL,CHI,away,BAL,1,1980,Tyler Huntley,HuntTy01
2021_11_BAL_CHI,2021,11,REG,2021-11-21,BAL,CHI,home,CHI,1,1975,Justin Fields,FielJu00
2021_11_CIN_LV,2021,11,REG,2021-11-21,CIN,LV,away,CIN,1,1972,Joe Burrow,BurrJo01
2021_11_CIN_LV,2021,11,REG,2021-11-21,CIN,LV,home,LV,1,1973,Derek Carr,CarrDe02
2021_11_DAL_KC,2021,11,REG,2021-11-21,DAL,KC,away,DAL,1,1987,Dak Prescott,PresDa01
2021_11_DAL_KC,2021,11,REG,2021-11-21,DAL,KC,home,KC,1,1983,Patrick Mahomes,MahoPa00
2021_11_DET_CLE,2021,11,REG,2021-11-21,DET,CLE,away,DET,1,1971,Tim Boyle,BoylTi00
2021_11_DET_CLE,2021,11,REG,2021-11-21,DET,CLE,home,CLE,1,1984,Baker Mayfield,MayfBa00
2021_11_GB_MIN,2021,11,REG,2021-11-21,GB,MIN,away,GB,1,1988,Aaron Rodgers,RodgAa00
2021_11_GB_MIN,2021,11,REG,2021-11-21,GB,MIN,home,MIN,1,1974,Kirk Cousins,CousKi00
2021_11_HOU_TEN,2021,11,REG,2021-11-21,HOU,TEN,away,HOU,1,1993,Tyrod Taylor,TaylTy00
2021_11_HOU_TEN,2021,11,REG,2021-11-21,HOU,TEN,home,TEN,1,1992,Ryan Tannehill,TannRy00
2021_11_IND_BUF,2021,11,REG,2021-11-21,IND,BUF,away,IND,1,1994,Carson Wentz,WentCa00
2021_11_IND_BUF,2021,11,REG,2021-11-21,IND,BUF,home,BUF,1,1970,Josh Allen,AlleJo02
2021_11_MIA_NYJ,2021,11,REG,2021-11-21,MIA,NYJ,away,MIA,1,1991,Tua Tagovailoa,TagoTu00
2021_11_MIA_NYJ,2021,11,REG,2021-11-21,MIA,NYJ,home,NYJ,1,1976,Joe Flacco,FlacJo00
2021_11_NE_ATL,2021,11,REG,2021-11-18,NE,ATL,away,NE,1,1996,Mac Jones,JoneMa05
2021_11_NE_ATL,2021,11,REG,2021-11-18,NE,ATL,home,ATL,1,1997,Matt Ryan,RyanMa00
2021_11_NO_PHI,2021,11,REG,2021-11-21,NO,PHI,away,NO,1,1990,Trevor Siemian,SiemTr00
2021_11_NO_PHI,2021,11,REG,2021-11-21,NO,PHI,home,PHI,1,1981,Jalen Hurts,HurtJa00
2021_11_NYG_TB,2021,11,REG,2021-11-22,NYG,TB,away,NYG,1,1969,Daniel Jones,JoneDa05
2021_11_NYG_TB,2021,11,REG,2021-11-22,NYG,TB,home,TB,1,1968,Tom Brady,BradTo00
2021_11_PIT_LAC,2021,11,REG,2021-11-21,PIT,LAC,away,PIT,1,1989,Ben Roethlisberger,RoetBe00
2021_11_PIT_LAC,2021,11,REG,2021-11-21,PIT,LAC,home,LAC,1,1979,Justin Herbert,HerbJu00
2021_11_SF_JAX,2021,11,REG,2021-11-21,SF,JAX,away,SF,1,1977,Jimmy Garoppolo,GaroJi00
2021_11_SF_JAX,2021,11,REG,2021-11-21,SF,JAX,home,JAX,1,1982,Trevor Lawrence,LawrTr00
2021_11_WAS_CAR,2021,11,REG,2021-11-21,WAS,CAR,away,WAS,1,1978,Taylor Heinicke,HeinTa00
2021_11_WAS_CAR,2021,11,REG,2021-11-21,WAS,CAR,home,CAR,1,1986,Cam Newton,NewtCa00
2021_12_ATL_JAX,2021,12,REG,2021-11-28,ATL,JAX,away,ATL,1,1955,Matt Ryan,RyanMa00
2021_12_ATL_JAX,2021,12,REG,2021-11-28,ATL,JAX,home,JAX,1,1950,Trevor Lawrence,LawrTr00
2021_12_BUF_NO,2021,12,REG,2021-11-25,BUF,NO,away,BUF,1,1962,Josh Allen,AlleJo02
2021_12_BUF_NO,2021,12,REG,2021-11-25,BUF,NO,home,NO,1,1967,Trevor Siemian,SiemTr00
2021_12_CAR_MIA,2021,12,REG,2021-11-28,CAR,MIA,away,CAR,1,1952,Cam Newton,NewtCa00
2021_12_CAR_MIA,2021,12,REG,2021-11-28,CAR,MIA,home,MIA,1,1957,Tua Tagovailoa,TagoTu00
2021_12_CHI_DET,2021,12,REG,2021-11-25,CHI,DET,away,CHI,1,1964,Andy Dalton,DaltAn00
2021_12_CHI_DET,2021,12,REG,2021-11-25,CHI,DET,home,DET,1,1965,Jared Goff,GoffJa00
2021_12_CLE_BAL,2021,12,REG,2021-11-28,CLE,BAL,away,CLE,1,1951,Baker Mayfield,MayfBa00
2021_12_CLE_BAL,2021,12,REG,2021-11-28,CLE,BAL,home,BAL,1,1947,Lamar Jackson,JackLa00
2021_12_LAC_DEN,2021,12,REG,2021-11-28,LAC,DEN,away,LAC,1,1945,Justin Herbert,HerbJu00
2021_12_LAC_DEN,2021,12,REG,2021-11-28,LAC,DEN,home,DEN,1,1941,Teddy Bridgewater,BridTe00
2021_12_LA_GB,2021,12,REG,2021-11-28,LAR,GB,away,LAR,1,1956,Matthew Stafford,StafMa00
2021_12_LA_GB,2021,12,REG,2021-11-28,LAR,GB,home,GB,1,1953,Aaron Rodgers,RodgAa00
2021_12_LV_DAL,2021,12,REG,2021-11-25,LV,DAL,away,LV,1,1963,Derek Carr,CarrDe02
2021_12_LV_DAL,2021,12,REG,2021-11-25,LV,DAL,home,DAL,1,1966,Dak Prescott,PresDa01
2021_12_MIN_SF,2021,12,REG,2021-11-28,MIN,SF,away,MIN,1,1943,Kirk Cousins,CousKi00
2021_12_MIN_SF,2021,12,REG,2021-11-28,MIN,SF,home,SF,1,1944,Jimmy Garoppolo,GaroJi00
2021_12_NYJ_HOU,2021,12,REG,2021-11-28,NYJ,HOU,away,NYJ,1,1961,Zach Wilson,WilsZa00
2021_12_NYJ_HOU,2021,12,REG,2021-11-28,NYJ,HOU,home,HOU,1,1959,Tyrod Taylor,TaylTy00
2021_12_PHI_NYG,2021,12,REG,2021-11-28,PHI,NYG,away,PHI,1,1946,Jalen Hurts,HurtJa00
2021_12_PHI_NYG,2021,12,REG,2021-11-28,PHI,NYG,home,NYG,1,1948,Daniel Jones,JoneDa05
2021_12_PIT_CIN,2021,12,REG,2021-11-28,PIT,CIN,away,PIT,1,1954,Ben Roethlisberger,RoetBe00
2021_12_PIT_CIN,2021,12,REG,2021-11-28,PIT,CIN,home,CIN,1,1942,Joe Burrow,BurrJo01
2021_12_SEA_WAS,2021,12,REG,2021-11-29,SEA,WAS,away,SEA,1,1939,Russell Wilson,WilsRu00
2021_12_SEA_WAS,2021,12,REG,2021-11-29,SEA,WAS,home,WAS,1,1938,Taylor Heinicke,HeinTa00
2021_12_TB_IND,2021,12,REG,2021-11-28,TB,IND,away,TB,1,1940,Tom Brady,BradTo00
2021_12_TB_IND,2021,12,REG,2021-11-28,TB,IND,home,IND,1,1960,Carson Wentz,WentCa00
2021_12_TEN_NE,2021,12,REG,2021-11-28,TEN,NE,away,TEN,1,1958,Ryan Tannehill,TannRy00
2021_12_TEN_NE,2021,12,REG,2021-11-28,TEN,NE,home,NE,1,1949,Mac Jones,JoneMa05
2021_13_ARI_CHI,2021,13,REG,2021-12-05,ARI,CHI,away,ARI,1,1927,Kyler Murray,MurrKy00
2021_13_ARI_CHI,2021,13,REG,2021-12-05,ARI,CHI,home,CHI,1,1917,Andy Dalton,DaltAn00
2021_13_BAL_PIT,2021,13,REG,2021-12-05,BAL,PIT,away,BAL,1,1923,Lamar Jackson,JackLa00
2021_13_BAL_PIT,2021,13,REG,2021-12-05,BAL,PIT,home,PIT,1,1928,Ben Roethlisberger,RoetBe00
2021_13_DAL_NO,2021,13,REG,2021-12-02,DAL,NO,away,DAL,1,1937,Dak Prescott,PresDa01
2021_13_DAL_NO,2021,13,REG,2021-12-02,DAL,NO,home,NO,1,1936,Taysom Hill,HillTa00
2021_13_DEN_KC,2021,13,REG,2021-12-05,DEN,KC,away,DEN,1,1913,Teddy Bridgewater,BridTe00
2021_13_DEN_KC,2021,13,REG,2021-12-05,DEN,KC,home,KC,1,1925,Patrick Mahomes,MahoPa00
2021_13_IND_HOU,2021,13,REG,2021-12-05,IND,HOU,away,IND,1,1933,Carson Wentz,WentCa00
2021_13_IND_HOU,2021,13,REG,2021-12-05,IND,HOU,home,HOU,1,1932,Tyrod Taylor,TaylTy00
2021_13_JAX_LA,2021,13,REG,2021-12-05,JAX,LAR,away,JAX,1,1924,Trevor Lawrence,LawrTr00
2021_13_JAX_LA,2021,13,REG,2021-12-05,JAX,LAR,home,LAR,1,1930,Matthew Stafford,StafMa00
2021_13_LAC_CIN,2021,13,REG,2021-12-05,LAC,CIN,away,LAC,1,1922,Justin Herbert,HerbJu00
2021_13_LAC_CIN,2021,13,REG,2021-12-05,LAC,CIN,home,CIN,1,1914,Joe Burrow,BurrJo01
2021_13_MIN_DET,2021,13,REG,2021-12-05,MIN,DET,away,MIN,1,1916,Kirk Cousins,CousKi00
2021_13_MIN_DET,2021,13,REG,2021-12-05,MIN,DET,home,DET,1,1920,Jared Goff,GoffJa00
2021_13_NE_BUF,2021,13,REG,2021-12-06,NE,BUF,away,NE,1,1911,Mac Jones,JoneMa05
2021_13_NE_BUF,2021,13,REG,2021-12-06,NE,BUF,home,BUF,1,1910,Josh Allen,AlleJo02
2021_13_NYG_MIA,2021,13,REG,2021-12-05,NYG,MIA,away,NYG,1,1919,Mike Glennon,GlenMi00
2021_13_NYG_MIA,2021,13,REG,2021-12-05,NYG,MIA,home,MIA,1,1931,Tua Tagovailoa,TagoTu00
2021_13_PHI_NYJ,2021,13,REG,2021-12-05,PHI,NYJ,away,PHI,1,1926,Gardner Minshew II,MinsGa00
2021_13_PHI_NYJ,2021,13,REG,2021-12-05,PHI,NYJ,home,NYJ,1,1935,Zach Wilson,WilsZa00
2021_13_SF_SEA,2021,13,REG,2021-12-05,SF,SEA,away,SF,1,1918,Jimmy Garoppolo,GaroJi00
2021_13_SF_SEA,2021,13,REG,2021-12-05,SF,SEA,home,SEA,1,1934,Russell Wilson,WilsRu00
2021_13_TB_ATL,2021,13,REG,2021-12-05,TB,ATL,away,TB,1,1912,Tom Brady,BradTo00
2021_13_TB_ATL,2021,13,REG,2021-12-05,TB,ATL,home,ATL,1,1929,Matt Ryan,RyanMa00
2021_13_WAS_LV,2021,13,REG,2021-12-05,WAS,LV,away,WAS,1,1921,Taylor Heinicke,HeinTa00
2021_13_WAS_LV,2021,13,REG,2021-12-05,WAS,LV,home,LV,1,1915,Derek Carr,CarrDe02
2021_14_ATL_CAR,2021,14,REG,2021-12-12,ATL,CAR,away,ATL,1,1904,Matt Ryan,RyanMa00
2021_14_ATL_CAR,2021,14,REG,2021-12-12,ATL,CAR,home,CAR,1,1901,Cam Newton,NewtCa00
2021_14_BAL_CLE,2021,14,REG,2021-12-12,BAL,CLE,away,BAL,1,1896,Lamar Jackson,JackLa00
2021_14_BAL_CLE,2021,14,REG,2021-12-12,BAL,CLE,home,CLE,1,1899,Baker Mayfield,MayfBa00
2021_14_BUF_TB,2021,14,REG,2021-12-12,BUF,TB,away,BUF,1,1884,Josh Allen,AlleJo02
2021_14_BUF_TB,2021,14,REG,2021-12-12,BUF,TB,home,TB,1,1885,Tom Brady,BradTo00
2021_14_CHI_GB,2021,14,REG,2021-12-12,CHI,GB,away,CHI,1,1889,Justin Fields,FielJu00
2021_14_CHI_GB,2021,14,REG,2021-12-12,CHI,GB,home,GB,1,1903,Aaron Rodgers,RodgAa00
2021_14_DAL_WAS,2021,14,REG,2021-12-12,DAL,WAS,away,DAL,1,1902,Dak Prescott,PresDa01
2021_14_DAL_WAS,2021,14,REG,2021-12-12,DAL,WAS,home,WAS,1,1893,Taylor Heinicke,HeinTa00
2021_14_DET_DEN,2021,14,REG,2021-12-12,DET,DEN,away,DET,1,1892,Jared Goff,GoffJa00
2021_14_DET_DEN,2021,14,REG,2021-12-12,DET,DEN,home,DEN,1,1886,Teddy Bridgewater,BridTe00
2021_14_JAX_TEN,2021,14,REG,2021-12-12,JAX,TEN,away,JAX,1,1897,Trevor Lawrence,LawrTr00
2021_14_JAX_TEN,2021,14,REG,2021-12-12,JAX,TEN,home,TEN,1,1905,Ryan Tannehill,TannRy00
2021_14_LA_ARI,2021,14,REG,2021-12-13,LAR,ARI,away,LAR,1,1883,Matthew Stafford,StafMa00
2021_14_LA_ARI,2021,14,REG,2021-12-13,LAR,ARI,home,ARI,1,1882,Kyler Murray,MurrKy00
2021_14_LV_KC,2021,14,REG,2021-12-12,LV,KC,away,LV,1,1888,Derek Carr,CarrDe02
2021_14_LV_KC,2021,14,REG,2021-12-12,LV,KC,home,KC,1,1898,Patrick Mahomes,MahoPa00
2021_14_NO_NYJ,2021,14,REG,2021-12-12,NO,NYJ,away,NO,1,1895,Taysom Hill,HillTa00
2021_14_NO_NYJ,2021,14,REG,2021-12-12,NO,NYJ,home,NYJ,1,1907,Zach Wilson,WilsZa00
2021_14_NYG_LAC,2021,14,REG,2021-12-12,NYG,LAC,away,NYG,1,1891,Mike Glennon,GlenMi00
2021_14_NYG_LAC,2021,14,REG,2021-12-12,NYG,LAC,home,LAC,1,1894,Justin Herbert,HerbJu00
2021_14_PIT_MIN,2021,14,REG,2021-12-09,PIT,MIN,away,PIT,1,1909,Ben Roethlisberger,RoetBe00
2021_14_PIT_MIN,2021,14,REG,2021-12-09,PIT,MIN,home,MIN,1,1908,Kirk Cousins,CousKi00
2021_14_SEA_HOU,2021,14,REG,2021-12-12,SEA,HOU,away,SEA,1,1906,Russell Wilson,WilsRu00
2021_14_SEA_HOU,2021,14,REG,2021-12-12,SEA,HOU,home,HOU,1,1900,Davis Mills,MillDa02
2021_14_SF_CIN,2021,14,REG,2021-12-12,SF,CIN,away,SF,1,1890,Jimmy Garoppolo,GaroJi00
2021_14_SF_CIN,2021,14,REG,2021-12-12,SF,CIN,home,CIN,1,1887,Joe Burrow,BurrJo01
2021_15_ARI_DET,2021,15,REG,2021-12-19,ARI,DET,away,ARI,1,1869,Kyler Murray,MurrKy00
2021_15_ARI_DET,2021,15,REG,2021-12-19,ARI,DET,home,DET,1,1864,Jared Goff,GoffJa00
2021_15_ATL_SF,2021,15,REG,2021-12-19,ATL,SF,away,ATL,1,1874,Matt Ryan,RyanMa00
2021_15_ATL_SF,2021,15,REG,2021-12-19,ATL,SF,home,SF,1,1862,Jimmy Garoppolo,GaroJi00
2021_15_CAR_BUF,2021,15,REG,2021-12-19,CAR,BUF,away,CAR,1,1870,Cam Newton,NewtCa00
2021_15_CAR_BUF,2021,15,REG,2021-12-19,CAR,BUF,home,BUF,1,1858,Josh Allen,AlleJo02
2021_15_CIN_DEN,2021,15,REG,2021-12-19,CIN,DEN,away,CIN,1,1861,Joe Burrow,BurrJo01
2021_15_CIN_DEN,2021,15,REG,2021-12-19,CIN,DEN,home,DEN,1,1860,Teddy Bridgewater,BridTe00
2021_15_DAL_NYG,2021,15,REG,2021-12-19,DAL,NYG,away,DAL,1,1871,Dak Prescott,PresDa01
2021_15_DAL_NYG,2021,15,REG,2021-12-19,DAL,NYG,home,NYG,1,1863,Mike Glennon,GlenMi00
2021_15_GB_BAL,2021,15,REG,2021-12-19,GB,BAL,away,GB,1,1872,Aaron Rodgers,RodgAa00
2021_15_GB_BAL,2021,15,REG,2021-12-19,GB,BAL,home,BAL,1,1866,Tyler Huntley,HuntTy01
2021_15_HOU_JAX,2021,15,REG,2021-12-19,HOU,JAX,away,HOU,1,1868,Davis Mills,MillDa02
2021_15_HOU_JAX,2021,15,REG,2021-12-19,HOU,JAX,home,JAX,1,1867,Trevor Lawrence,LawrTr00
2021_15_KC_LAC,2021,15,REG,2021-12-16,KC,LAC,away,KC,1,1881,Patrick Mahomes,MahoPa00
2021_15_KC_LAC,2021,15,REG,2021-12-16,KC,LAC,home,LAC,1,1880,Justin Herbert,HerbJu00
2021_15_LV_CLE,2021,15,REG,2021-12-20,LV,CLE,away,LV,1,1854,Derek Carr,CarrDe02
2021_15_LV_CLE,2021,15,REG,2021-12-20,LV,CLE,home,CLE,1,1857,Nick Mullens,MullNi00
2021_15_MIN_CHI,2021,15,REG,2021-12-20,MIN,CHI,away,MIN,1,1855,Kirk Cousins,CousKi00
2021_15_MIN_CHI,2021,15,REG,2021-12-20,MIN,CHI,home,CHI,1,1856,Justin Fields,FielJu00
2021_15_NE_IND,2021,15,REG,2021-12-18,NE,IND,away,NE,1,1878,Mac Jones,JoneMa05
2021_15_NE_IND,2021,15,REG,2021-12-18,NE,IND,home,IND,1,1879,Carson Wentz,WentCa00
2021_15_NO_TB,2021,15,REG,2021-12-19,NO,TB,away,NO,1,1865,Taysom Hill,HillTa00
2021_15_NO_TB,2021,15,REG,2021-12-19,NO,TB,home,TB,1,1859,Tom Brady,BradTo00
2021_15_NYJ_MIA,2021,15,REG,2021-12-19,NYJ,MIA,away,NYJ,1,1877,Zach Wilson,WilsZa00
2021_15_NYJ_MIA,2021,15,REG,2021-12-19,NYJ,MIA,home,MIA,1,1875,Tua Tagovailoa,TagoTu00
2021_15_SEA_LA,2021,15,REG,2021-12-21,SEA,LAR,away,SEA,1,1853,Russell Wilson,WilsRu00
2021_15_SEA_LA,2021,15,REG,2021-12-21,SEA,LAR,home,LAR,1,1852,Matthew Stafford,StafMa00
2021_15_TEN_PIT,2021,15,REG,2021-12-19,TEN,PIT,away,TEN,1,1876,Ryan Tannehill,TannRy00
2021_15_TEN_PIT,2021,15,REG,2021-12-19,TEN,PIT,home,PIT,1,1873,Ben Roethlisberger,RoetBe00
2021_15_WAS_PHI,2021,15,REG,2021-12-21,WAS,PHI,away,WAS,1,1850,Garrett Gilbert,GilbGa01
2021_15_WAS_PHI,2021,15,REG,2021-12-21,WAS,PHI,home,PHI,1,1851,Jalen Hurts,HurtJa00
2021_16_BAL_CIN,2021,16,REG,2021-12-26,BAL,CIN,away,BAL,1,1831,Josh Johnson,JohnJo05
2021_16_BAL_CIN,2021,16,REG,2021-12-26,BAL,CIN,home,CIN,1,1823,Joe Burrow,BurrJo01
2021_16_BUF_NE,2021,16,REG,2021-12-26,BUF,NE,away,BUF,1,1820,Josh Allen,AlleJo02
2021_16_BUF_NE,2021,16,REG,2021-12-26,BUF,NE,home,NE,1,1832,Mac Jones,JoneMa05
2021_16_CHI_SEA,2021,16,REG,2021-12-26,CHI,SEA,away,CHI,1,1826,Nick Foles,FoleNi00
2021_16_CHI_SEA,2021,16,REG,2021-12-26,CHI,SEA,home,SEA,1,1842,Russell Wilson,WilsRu00
2021_16_CLE_GB,2021,16,REG,2021-12-25,CLE,GB,away,CLE,1,1844,Baker Mayfield,MayfBa00
2021_16_CLE_GB,2021,16,REG,2021-12-25,CLE,GB,home,GB,1,1846,Aaron Rodgers,RodgAa00
2021_16_DEN_LV,2021,16,REG,2021-12-26,DEN,LV,away,DEN,1,1834,Drew Lock,LockDr00
2021_16_DEN_LV,2021,16,REG,2021-12-26,DEN,LV,home,LV,1,1824,Derek Carr,CarrDe02
2021_16_DET_ATL,2021,16,REG,2021-12-26,DET,ATL,away,DET,1,1821,Tim Boyle,BoylTi00
2021_16_DET_ATL,2021,16,REG,2021-12-26,DET,ATL,home,ATL,1,1840,Matt Ryan,RyanMa00
2021_16_IND_ARI,2021,16,REG,2021-12-25,IND,ARI,away,IND,1,1847,Carson Wentz,WentCa00
2021_16_IND_ARI,2021,16,REG,2021-12-25,IND,ARI,home,ARI,1,1845,Kyler Murray,MurrKy00
2021_16_JAX_NYJ,2021,16,REG,2021-12-26,JAX,NYJ,away,JAX,1,1833,Trevor Lawrence,LawrTr00
2021_16_JAX_NYJ,2021,16,REG,2021-12-26,JAX,NYJ,home,NYJ,1,1843,Zach Wilson,WilsZa00
2021_16_LAC_HOU,2021,16,REG,2021-12-26,LAC,HOU,away,LAC,1,1829,Justin Herbert,HerbJu00
2021_16_LAC_HOU,2021,16,REG,2021-12-26,LAC,HOU,home,HOU,1,1836,Davis Mills,MillDa02
2021_16_LA_MIN,2021,16,REG,2021-12-26,LAR,MIN,away,LAR,1,1841,Matthew Stafford,StafMa00
2021_16_LA_MIN,2021,16,REG,2021-12-26,LAR,MIN,home,MIN,1,1825,Kirk Cousins,CousKi00
2021_16_MIA_NO,2021,16,REG,2021-12-27,MIA,NO,away,MIA,1,1819,Tua Tagovailoa,TagoTu00
2021_16_MIA_NO,2021,16,REG,2021-12-27,MIA,NO,home,NO,1,1818,Ian Book,BookIa00
2021_16_NYG_PHI,2021,16,REG,2021-12-26,NYG,PHI,away,NYG,1,1827,Jake Fromm,FromJa00
2021_16_NYG_PHI,2021,16,REG,2021-12-26,NYG,PHI,home,PHI,1,1830,Jalen Hurts,HurtJa00
2021_16_PIT_KC,2021,16,REG,2021-12-26,PIT,KC,away,PIT,1,1839,Ben Roethlisberger,RoetBe00
2021_16_PIT_KC,2021,16,REG,2021-12-26,PIT,KC,home,KC,1,1835,Patrick Mahomes,MahoPa00
2021_16_SF_TEN,2021,16,REG,2021-12-23,SF,TEN,away,SF,1,1848,Jimmy Garoppolo,GaroJi00
2021_16_SF_TEN,2021,16,REG,2021-12-23,SF,TEN,home,TEN,1,1849,Ryan Tannehill,TannRy00
2021_16_TB_CAR,2021,16,REG,2021-12-26,TB,CAR,away,TB,1,1822,Tom Brady,BradTo00
2021_16_TB_CAR,2021,16,REG,2021-12-26,TB,CAR,home,CAR,1,1837,Cam Newton,NewtCa00
2021_16_WAS_DAL,2021,16,REG,2021-12-26,WAS,DAL,away,WAS,1,1828,Taylor Heinicke,HeinTa00
2021_16_WAS_DAL,2021,16,REG,2021-12-26,WAS,DAL,home,DAL,1,1838,Dak Prescott,PresDa01
2021_17_ARI_DAL,2021,17,REG,2022-01-02,ARI,DAL,away,ARI,1,1808,Kyler Murray,MurrKy00
2021_17_ARI_DAL,2021,17,REG,2022-01-02,ARI,DAL,home,DAL,1,1809,Dak Prescott,PresDa01
2021_17_ATL_BUF,2021,17,REG,2022-01-02,ATL,BUF,away,ATL,1,1811,Matt Ryan,RyanMa00
2021_17_ATL_BUF,2021,17,REG,2022-01-02,ATL,BUF,home,BUF,1,1788,Josh Allen,AlleJo02
2021_17_CAR_NO,2021,17,REG,2022-01-02,CAR,NO,away,CAR,1,1794,Sam Darnold,DarnSa00
2021_17_CAR_NO,2021,17,REG,2022-01-02,CAR,NO,home,NO,1,1798,Taysom Hill,HillTa00
2021_17_CLE_PIT,2021,17,REG,2022-01-03,CLE,PIT,away,CLE,1,1786,Baker Mayfield,MayfBa00
2021_17_CLE_PIT,2021,17,REG,2022-01-03,CLE,PIT,home,PIT,1,1787,Ben Roethlisberger,RoetBe00
2021_17_DEN_LAC,2021,17,REG,2022-01-02,DEN,LAC,away,DEN,1,1804,Drew Lock,LockDr00
2021_17_DEN_LAC,2021,17,REG,2022-01-02,DEN,LAC,home,LAC,1,1797,Justin Herbert,HerbJu00
2021_17_DET_SEA,2021,17,REG,2022-01-02,DET,SEA,away,DET,1,1789,Tim Boyle,BoylTi00
2021_17_DET_SEA,2021,17,REG,2022-01-02,DET,SEA,home,SEA,1,1816,Russell Wilson,WilsRu00
2021_17_HOU_SF,2021,17,REG,2022-01-02,HOU,SF,away,HOU,1,1807,Davis Mills,MillDa02
2021_17_HOU_SF,2021,17,REG,2022-01-02,HOU,SF,home,SF,1,1802,Trey Lance,LancTr00
2021_17_JAX_NE,2021,17,REG,2022-01-02,JAX,NE,away,JAX,1,1803,Trevor Lawrence,LawrTr00
2021_17_JAX_NE,2021,17,REG,2022-01-02,JAX,NE,home,NE,1,1801,Mac Jones,JoneMa05
2021_17_KC_CIN,2021,17,REG,2022-01-02,KC,CIN,away,KC,1,1805,Patrick Mahomes,MahoPa00
2021_17_KC_CIN,2021,17,REG,2022-01-02,KC,CIN,home,CIN,1,1791,Joe Burrow,BurrJo01
2021_17_LA_BAL,2021,17,REG,2022-01-02,LAR,BAL,away,LAR,1,1812,Matthew Stafford,StafMa00
2021_17_LA_BAL,2021,17,REG,2022-01-02,LAR,BAL,home,BAL,1,1799,Tyler Huntley,HuntTy01
2021_17_LV_IND,2021,17,REG,2022-01-02,LV,IND,away,LV,1,1792,Derek Carr,CarrDe02
2021_17_LV_IND,2021,17,REG,2022-01-02,LV,IND,home,IND,1,1815,Carson Wentz,WentCa00
2021_17_MIA_TEN,2021,17,REG,2022-01-02,MIA,TEN,away,MIA,1,1813,Tua Tagovailoa,TagoTu00
2021_17_MIA_TEN,2021,17,REG,2022-01-02,MIA,TEN,home,TEN,1,1814,Ryan Tannehill,TannRy00
2021_17_MIN_GB,2021,17,REG,2022-01-02,MIN,GB,away,MIN,1,1806,Sean Mannion,MannSe00
2021_17_MIN_GB,2021,17,REG,2022-01-02,MIN,GB,home,GB,1,1810,Aaron Rodgers,RodgAa00
2021_17_NYG_CHI,2021,17,REG,2022-01-02,NYG,CHI,away,NYG,1,1795,Mike Glennon,GlenMi00
2021_17_NYG_CHI,2021,17,REG,2022-01-02,NYG,CHI,home,CHI,1,1793,Andy Dalton,DaltAn00
2021_17_PHI_WAS,2021,17,REG,2022-01-02,PHI,WAS,away,PHI,1,1800,Jalen Hurts,HurtJa00
2021_17_PHI_WAS,2021,17,REG,2022-01-02,PHI,WAS,home,WAS,1,1796,Taylor Heinicke,HeinTa00
2021_17_TB_NYJ,2021,17,REG,2022-01-02,TB,NYJ,away,TB,1,1790,Tom Brady,BradTo00
2021_17_TB_NYJ,2021,17,REG,2022-01-02,TB,NYJ,home,NYJ,1,1817,Zach Wilson,WilsZa00
2021_18_CAR_TB,2021,18,REG,2022-01-09,CAR,TB,away,CAR,1,1760,Sam Darnold,DarnSa00
2021_18_CAR_TB,2021,18,REG,2022-01-09,CAR,TB,home,TB,1,1756,Tom Brady,BradTo00
2021_18_CHI_MIN,2021,18,REG,2022-01-09,CHI,MIN,away,CHI,1,1759,Andy Dalton,DaltAn00
2021_18_CHI_MIN,2021,18,REG,2022-01-09,CHI,MIN,home,MIN,1,1758,Kirk Cousins,CousKi00
2021_18_CIN_CLE,2021,18,REG,2022-01-09,CIN,CLE,away,CIN,1,1754,Brandon Allen,AlleBr00
2021_18_CIN_CLE,2021,18,REG,2022-01-09,CIN,CLE,home,CLE,1,1769,Case Keenum,KeenCa00
2021_18_DAL_PHI,2021,18,REG,2022-01-08,DAL,PHI,away,DAL,1,1785,Dak Prescott,PresDa01
2021_18_DAL_PHI,2021,18,REG,2022-01-08,DAL,PHI,home,PHI,1,1784,Gardner Minshew II,MinsGa00
2021_18_GB_DET,2021,18,REG,2022-01-09,GB,DET,away,GB,1,1773,Aaron Rodgers,RodgAa00
2021_18_GB_DET,2021,18,REG,2022-01-09,GB,DET,home,DET,1,1763,Jared Goff,GoffJa00
2021_18_IND_JAX,2021,18,REG,2022-01-09,IND,JAX,away,IND,1,1779,Carson Wentz,WentCa00
2021_18_IND_JAX,2021,18,REG,2022-01-09,IND,JAX,home,JAX,1,1770,Trevor Lawrence,LawrTr00
2021_18_KC_DEN,2021,18,REG,2022-01-08,KC,DEN,away,KC,1,1783,Patrick Mahomes,MahoPa00
2021_18_KC_DEN,2021,18,REG,2022-01-08,KC,DEN,home,DEN,1,1782,Drew Lock,LockDr00
2021_18_LAC_LV,2021,18,REG,2022-01-09,LAC,LV,away,LAC,1,1765,Justin Herbert,HerbJu00
2021_18_LAC_LV,2021,18,REG,2022-01-09,LAC,LV,home,LV,1,1757,Derek Carr,CarrDe02
2021_18_NE_MIA,2021,18,REG,2022-01-09,NE,MIA,away,NE,1,1768,Mac Jones,JoneMa05
2021_18_NE_MIA,2021,18,REG,2022-01-09,NE,MIA,home,MIA,1,1777,Tua Tagovailoa,TagoTu00
2021_18_NO_ATL,2021,18,REG,2022-01-09,NO,ATL,away,NO,1,1766,Taysom Hill,HillTa00
2021_18_NO_ATL,2021,18,REG,2022-01-09,NO,ATL,home,ATL,1,1775,Matt Ryan,RyanMa00
2021_18_NYJ_BUF,2021,18,REG,2022-01-09,NYJ,BUF,away,NYJ,1,1781,Zach Wilson,WilsZa00
2021_18_NYJ_BUF,2021,18,REG,2022-01-09,NYJ,BUF,home,BUF,1,1755,Josh Allen,AlleJo02
2021_18_PIT_BAL,2021,18,REG,2022-01-09,PIT,BAL,away,PIT,1,1774,Ben Roethlisberger,RoetBe00
2021_18_PIT_BAL,2021,18,REG,2022-01-09,PIT,BAL,home,BAL,1,1767,Tyler Huntley,HuntTy01
2021_18_SEA_ARI,2021,18,REG,2022-01-09,SEA,ARI,away,SEA,1,1780,Russell Wilson,WilsRu00
2021_18_SEA_ARI,2021,18,REG,2022-01-09,SEA,ARI,home,ARI,1,1772,Kyler Murray,MurrKy00
2021_18_SF_LA,2021,18,REG,2022-01-09,SF,LAR,away,SF,1,1762,Jimmy Garoppolo,GaroJi00
2021_18_SF_LA,2021,18,REG,2022-01-09,SF,LAR,home,LAR,1,1776,Matthew Stafford,StafMa00
2021_18_TEN_HOU,2021,18,REG,2022-01-09,TEN,HOU,away,TEN,1,1778,Ryan Tannehill,TannRy00
2021_18_TEN_HOU,2021,18,REG,2022-01-09,TEN,HOU,home,HOU,1,1771,Davis Mills,MillDa02
2021_18_WAS_NYG,2021,18,REG,2022-01-09,WAS,NYG,away,WAS,1,1764,Taylor Heinicke,HeinTa00
2021_18_WAS_NYG,2021,18,REG,2022-01-09,WAS,NYG,home,NYG,1,1761,Jake Fromm,FromJa00
2021_19_ARI_LA,2021,19,WC,2022-01-17,ARI,LAR,away,ARI,1,1742,Kyler Murray,MurrKy00
2021_19_ARI_LA,2021,19,WC,2022-01-17,ARI,LAR,home,LAR,1,1743,Matthew Stafford,StafMa00
2021_19_LV_CIN,2021,19,WC,2022-01-15,LV,CIN,away,LV,1,1752,Derek Carr,CarrDe02
2021_19_LV_CIN,2021,19,WC,2022-01-15,LV,CIN,home,CIN,1,1751,Joe Burrow,BurrJo01
2021_19_NE_BUF,2021,19,WC,2022-01-15,NE,BUF,away,NE,1,1753,Mac Jones,JoneMa05
2021_19_NE_BUF,2021,19,WC,2022-01-15,NE,BUF,home,BUF,1,1750,Josh Allen,AlleJo02
2021_19_PHI_TB,2021,19,WC,2022-01-16,PHI,TB,away,PHI,1,1746,Jalen Hurts,HurtJa00
2021_19_PHI_TB,2021,19,WC,2022-01-16,PHI,TB,home,TB,1,1744,Tom Brady,BradTo00
2021_19_PIT_KC,2021,19,WC,2022-01-16,PIT,KC,away,PIT,1,1749,Ben Roethlisberger,RoetBe00
2021_19_PIT_KC,2021,19,WC,2022-01-16,PIT,KC,home,KC,1,1747,Patrick Mahomes,MahoPa00
2021_19_SF_DAL,2021,19,WC,2022-01-16,SF,DAL,away,SF,1,1745,Jimmy Garoppolo,GaroJi00
2021_19_SF_DAL,2021,19,WC,2022-01-16,SF,DAL,home,DAL,1,1748,Dak Prescott,PresDa01
2021_20_BUF_KC,2021,20,DIV,2022-01-23,BUF,KC,away,BUF,1,1734,Josh Allen,AlleJo02
2021_20_BUF_KC,2021,20,DIV,2022-01-23,BUF,KC,home,KC,1,1736,Patrick Mahomes,MahoPa00
2021_20_CIN_TEN,2021,20,DIV,2022-01-22,CIN,TEN,away,CIN,1,1738,Joe Burrow,BurrJo01
2021_20_CIN_TEN,2021,20,DIV,2022-01-22,CIN,TEN,home,TEN,1,1741,Ryan Tannehill,TannRy00
2021_20_LA_TB,2021,20,DIV,2022-01-23,LAR,TB,away,LAR,1,1737,Matthew Stafford,StafMa00
2021_20_LA_TB,2021,20,DIV,2022-01-23,LAR,TB,home,TB,1,1735,Tom Brady,BradTo00
2021_20_SF_GB,2021,20,DIV,2022-01-22,SF,GB,away,SF,1,1739,Jimmy Garoppolo,GaroJi00
2021_20_SF_GB,2021,20,DIV,2022-01-22,SF,GB,home,GB,1,1740,Aaron Rodgers,RodgAa00
2021_21_CIN_KC,2021,21,CON,2022-01-30,CIN,KC,away,CIN,1,1730,Joe Burrow,BurrJo01
2021_21_CIN_KC,2021,21,CON,2022-01-30,CIN,KC,home,KC,1,1732,Patrick Mahomes,MahoPa00
2021_21_SF_LA,2021,21,CON,2022-01-30,SF,LAR,away,SF,1,1731,Jimmy Garoppolo,GaroJi00
2021_21_SF_LA,2021,21,CON,2022-01-30,SF,LAR,home,LAR,1,1733,Matthew Stafford,StafMa00
2021_22_LA_CIN,2021,22,SB,2022-02-13,LAR,CIN,away,LAR,1,1729,Matthew Stafford,StafMa00
2021_22_LA_CIN,2021,22,SB,2022-02-13,LAR,CIN,home,CIN,1,1728,Joe Burrow,BurrJo01
2022_01_BAL_NYJ,2022,1,REG,2022-09-11,BAL,NYJ,away,BAL,1,1708,Lamar Jackson,JackLa00
2022_01_BAL_NYJ,2022,1,REG,2022-09-11,BAL,NYJ,home,NYJ,1,1703,Joe Flacco,FlacJo00
2022_01_BUF_LA,2022,1,REG,2022-09-08,BUF,LAR,away,BUF,1,1726,Josh Allen,AlleJo02
2022_01_BUF_LA,2022,1,REG,2022-09-08,BUF,LAR,home,LAR,1,1727,Matthew Stafford,StafMa00
2022_01_CLE_CAR,2022,1,REG,2022-09-11,CLE,CAR,away,CLE,1,1698,Jacoby Brissett,BrisJa00
2022_01_CLE_CAR,2022,1,REG,2022-09-11,CLE,CAR,home,CAR,1,1715,Baker Mayfield,MayfBa00
2022_01_DEN_SEA,2022,1,REG,2022-09-12,DEN,SEA,away,DEN,1,1696,Russell Wilson,WilsRu00
2022_01_DEN_SEA,2022,1,REG,2022-09-12,DEN,SEA,home,SEA,1,1695,Geno Smith,SmitGe00
2022_01_GB_MIN,2022,1,REG,2022-09-11,GB,MIN,away,GB,1,1719,Aaron Rodgers,RodgAa00
2022_01_GB_MIN,2022,1,REG,2022-09-11,GB,MIN,home,MIN,1,1701,Kirk Cousins,CousKi00
2022_01_IND_HOU,2022,1,REG,2022-09-11,IND,HOU,away,IND,1,1720,Matt Ryan,RyanMa00
2022_01_IND_HOU,2022,1,REG,2022-09-11,IND,HOU,home,HOU,1,1716,Davis Mills,MillDa02
2022_01_JAX_WAS,2022,1,REG,2022-09-11,JAX,WAS,away,JAX,1,1712,Trevor Lawrence,LawrTr00
2022_01_JAX_WAS,2022,1,REG,2022-09-11,JAX,WAS,home,WAS,1,1724,Carson Wentz,WentCa00
2022_01_KC_ARI,2022,1,REG,2022-09-11,KC,ARI,away,KC,1,1713,Patrick Mahomes,MahoPa00
2022_01_KC_ARI,2022,1,REG,2022-09-11,KC,ARI,home,ARI,1,1717,Kyler Murray,MurrKy00
2022_01_LV_LAC,2022,1,REG,2022-09-11,LV,LAC,away,LV,1,1700,Derek Carr,CarrDe02
2022_01_LV_LAC,2022,1,REG,2022-09-11,LV,LAC,home,LAC,1,1705,Justin Herbert,HerbJu00
2022_01_NE_MIA,2022,1,REG,2022-09-11,NE,MIA,away,NE,1,1710,Mac Jones,JoneMa05
2022_01_NE_MIA,2022,1,REG,2022-09-11,NE,MIA,home,MIA,1,1721,Tua Tagovailoa,TagoTu00
2022_01_NO_ATL,2022,1,REG,2022-09-11,NO,ATL,away,NO,2,1706|1725,Taysom Hill|Jameis Winston,HillTa00|WinsJa00
2022_01_NO_ATL,2022,1,REG,2022-09-11,NO,ATL,home,ATL,1,1714,Marcus Mariota,MariMa01
2022_01_NYG_TEN,2022,1,REG,2022-09-11,NYG,TEN,away,NYG,1,1709,Daniel Jones,JoneDa05
2022_01_NYG_TEN,2022,1,REG,2022-09-11,NYG,TEN,home,TEN,1,1722,Ryan Tannehill,TannRy00
2022_01_PHI_DET,2022,1,REG,2022-09-11,PHI,DET,away,PHI,1,1707,Jalen Hurts,HurtJa00
2022_01_PHI_DET,2022,1,REG,2022-09-11,PHI,DET,home,DET,1,1704,Jared Goff,GoffJa00
2022_01_PIT_CIN,2022,1,REG,2022-09-11,PIT,CIN,away,PIT,1,1723,Mitchell Trubisky,TrubMi00
2022_01_PIT_CIN,2022,1,REG,2022-09-11,PIT,CIN,home,CIN,1,1699,Joe Burrow,BurrJo01
2022_01_SF_CHI,2022,1,REG,2022-09-11,SF,CHI,away,SF,1,1711,Trey Lance,LancTr00
2022_01_SF_CHI,2022,1,REG,2022-09-11,SF,CHI,home,CHI,1,1702,Justin Fields,FielJu00
2022_01_TB_DAL,2022,1,REG,2022-09-11,TB,DAL,away,TB,1,1697,Tom Brady,BradTo00
2022_01_TB_DAL,2022,1,REG,2022-09-11,TB,DAL,home,DAL,1,1718,Dak Prescott,PresDa01
2022_02_ARI_LV,2022,2,REG,2022-09-18,ARI,LV,away,ARI,1,1682,Kyler Murray,MurrKy00
2022_02_ARI_LV,2022,2,REG,2022-09-18,ARI,LV,home,LV,1,1670,Derek Carr,CarrDe02
2022_02_ATL_LA,2022,2,REG,2022-09-18,ATL,LAR,away,ATL,1,1679,Marcus Mariota,MariMa01
2022_02_ATL_LA,2022,2,REG,2022-09-18,ATL,LAR,home,LAR,1,1687,Matthew Stafford,StafMa00
2022_02_CAR_NYG,2022,2,REG,2022-09-18,CAR,NYG,away,CAR,1,1680,Baker Mayfield,MayfBa00
2022_02_CAR_NYG,2022,2,REG,2022-09-18,CAR,NYG,home,NYG,1,1675,Daniel Jones,JoneDa05
2022_02_CHI_GB,2022,2,REG,2022-09-18,CHI,GB,away,CHI,1,1671,Justin Fields,FielJu00
2022_02_CHI_GB,2022,2,REG,2022-09-18,CHI,GB,home,GB,1,1683,Aaron Rodgers,RodgAa00
2022_02_CIN_DAL,2022,2,REG,2022-09-18,CIN,DAL,away,CIN,1,1669,Joe Burrow,BurrJo01
2022_02_CIN_DAL,2022,2,REG,2022-09-18,CIN,DAL,home,DAL,1,1684,Cooper Rush,RushCo00
2022_02_HOU_DEN,2022,2,REG,2022-09-18,HOU,DEN,away,HOU,1,1681,Davis Mills,MillDa02
2022_02_HOU_DEN,2022,2,REG,2022-09-18,HOU,DEN,home,DEN,1,1691,Russell Wilson,WilsRu00
2022_02_IND_JAX,2022,2,REG,2022-09-18,IND,JAX,away,IND,1,1685,Matt Ryan,RyanMa00
2022_02_IND_JAX,2022,2,REG,2022-09-18,IND,JAX,home,JAX,1,1678,Trevor Lawrence,LawrTr00
2022_02_LAC_KC,2022,2,REG,2022-09-15,LAC,KC,away,LAC,1,1693,Justin Herbert,HerbJu00
2022_02_LAC_KC,2022,2,REG,2022-09-15,LAC,KC,home,KC,1,1694,Patrick Mahomes,MahoPa00
2022_02_MIA_BAL,2022,2,REG,2022-09-18,MIA,BAL,away,MIA,1,1688,Tua Tagovailoa,TagoTu00
2022_02_MIA_BAL,2022,2,REG,2022-09-18,MIA,BAL,home,BAL,1,1674,Lamar Jackson,JackLa00
2022_02_MIN_PHI,2022,2,REG,2022-09-19,MIN,PHI,away,MIN,1,1664,Kirk Cousins,CousKi00
2022_02_MIN_PHI,2022,2,REG,2022-09-19,MIN,PHI,home,PHI,1,1665,Jalen Hurts,HurtJa00
2022_02_NE_PIT,2022,2,REG,2022-09-18,NE,PIT,away,NE,1,1676,Mac Jones,JoneMa05
2022_02_NE_PIT,2022,2,REG,2022-09-18,NE,PIT,home,PIT,1,1689,Mitchell Trubisky,TrubMi00
2022_02_NYJ_CLE,2022,2,REG,2022-09-18,NYJ,CLE,away,NYJ,1,1672,Joe Flacco,FlacJo00
2022_02_NYJ_CLE,2022,2,REG,2022-09-18,NYJ,CLE,home,CLE,1,1668,Jacoby Brissett,BrisJa00
2022_02_SEA_SF,2022,2,REG,2022-09-18,SEA,SF,away,SEA,1,1686,Geno Smith,SmitGe00
2022_02_SEA_SF,2022,2,REG,2022-09-18,SEA,SF,home,SF,1,1677,Trey Lance,LancTr00
2022_02_TB_NO,2022,2,REG,2022-09-18,TB,NO,away,TB,1,1667,Tom Brady,BradTo00
2022_02_TB_NO,2022,2,REG,2022-09-18,TB,NO,home,NO,1,1692,Jameis Winston,WinsJa00
2022_02_TEN_BUF,2022,2,REG,2022-09-19,TEN,BUF,away,TEN,1,1666,Ryan Tannehill,TannRy00
2022_02_TEN_BUF,2022,2,REG,2022-09-19,TEN,BUF,home,BUF,1,1663,Josh Allen,AlleJo02
2022_02_WAS_DET,2022,2,REG,2022-09-18,WAS,DET,away,WAS,1,1690,Carson Wentz,WentCa00
2022_02_WAS_DET,2022,2,REG,2022-09-18,WAS,DET,home,DET,1,1673,Jared Goff,GoffJa00
2022_03_ATL_SEA,2022,3,REG,2022-09-25,ATL,SEA,away,ATL,1,1648,Marcus Mariota,MariMa01
2022_03_ATL_SEA,2022,3,REG,2022-09-25,ATL,SEA,home,SEA,1,1654,Geno Smith,SmitGe00
2022_03_BAL_NE,2022,3,REG,2022-09-25,BAL,NE,away,BAL,1,1644,Lamar Jackson,JackLa00
2022_03_BAL_NE,2022,3,REG,2022-09-25,BAL,NE,home,NE,1,1645,Mac Jones,JoneMa05
2022_03_BUF_MIA,2022,3,REG,2022-09-25,BUF,MIA,away,BUF,1,1633,Josh Allen,AlleJo02
2022_03_BUF_MIA,2022,3,REG,2022-09-25,BUF,MIA,home,MIA,1,1656,Tua Tagovailoa,TagoTu00
2022_03_CIN_NYJ,2022,3,REG,2022-09-25,CIN,NYJ,away,CIN,1,1635,Joe Burrow,BurrJo01
2022_03_CIN_NYJ,2022,3,REG,2022-09-25,CIN,NYJ,home,NYJ,1,1639,Joe Flacco,FlacJo00
2022_03_DAL_NYG,2022,3,REG,2022-09-26,DAL,NYG,away,DAL,1,1632,Cooper Rush,RushCo00
2022_03_DAL_NYG,2022,3,REG,2022-09-26,DAL,NYG,home,NYG,1,1631,Daniel Jones,JoneDa05
2022_03_DET_MIN,2022,3,REG,2022-09-25,DET,MIN,away,DET,1,1641,Jared Goff,GoffJa00
2022_03_DET_MIN,2022,3,REG,2022-09-25,DET,MIN,home,MIN,1,1637,Kirk Cousins,CousKi00
2022_03_GB_TB,2022,3,REG,2022-09-25,GB,TB,away,GB,1,1652,Aaron Rodgers,RodgAa00
2022_03_GB_TB,2022,3,REG,2022-09-25,GB,TB,home,TB,1,1634,Tom Brady,BradTo00
2022_03_HOU_CHI,2022,3,REG,2022-09-25,HOU,CHI,away,HOU,1,1650,Davis Mills,MillDa02
2022_03_HOU_CHI,2022,3,REG,2022-09-25,HOU,CHI,home,CHI,1,1638,Justin Fields,FielJu00
2022_03_JAX_LAC,2022,3,REG,2022-09-25,JAX,LAC,away,JAX,1,1646,Trevor Lawrence,LawrTr00
2022_03_JAX_LAC,2022,3,REG,2022-09-25,JAX,LAC,home,LAC,1,1642,Justin Herbert,HerbJu00
2022_03_KC_IND,2022,3,REG,2022-09-25,KC,IND,away,KC,1,1647,Patrick Mahomes,MahoPa00
2022_03_KC_IND,2022,3,REG,2022-09-25,KC,IND,home,IND,1,1653,Matt Ryan,RyanMa00
2022_03_LA_ARI,2022,3,REG,2022-09-25,LAR,ARI,away,LAR,1,1655,Matthew Stafford,StafMa00
2022_03_LA_ARI,2022,3,REG,2022-09-25,LAR,ARI,home,ARI,1,1651,Kyler Murray,MurrKy00
2022_03_LV_TEN,2022,3,REG,2022-09-25,LV,TEN,away,LV,1,1636,Derek Carr,CarrDe02
2022_03_LV_TEN,2022,3,REG,2022-09-25,LV,TEN,home,TEN,1,1657,Ryan Tannehill,TannRy00
2022_03_NO_CAR,2022,3,REG,2022-09-25,NO,CAR,away,NO,1,1660,Jameis Winston,WinsJa00
2022_03_NO_CAR,2022,3,REG,2022-09-25,NO,CAR,home,CAR,1,1649,Baker Mayfield,MayfBa00
2022_03_PHI_WAS,2022,3,REG,2022-09-25,PHI,WAS,away,PHI,1,1643,Jalen Hurts,HurtJa00
2022_03_PHI_WAS,2022,3,REG,2022-09-25,PHI,WAS,home,WAS,1,1658,Carson Wentz,WentCa00
2022_03_PIT_CLE,2022,3,REG,2022-09-22,PIT,CLE,away,PIT,1,1662,Mitchell Trubisky,TrubMi00
2022_03_PIT_CLE,2022,3,REG,2022-09-22,PIT,CLE,home,CLE,1,1661,Jacoby Brissett,BrisJa00
2022_03_SF_DEN,2022,3,REG,2022-09-25,SF,DEN,away,SF,1,1640,Jimmy Garoppolo,GaroJi00
2022_03_SF_DEN,2022,3,REG,2022-09-25,SF,DEN,home,DEN,1,1659,Russell Wilson,WilsRu00
2022_04_ARI_CAR,2022,4,REG,2022-10-02,ARI,CAR,away,ARI,1,1619,Kyler Murray,MurrKy00
2022_04_ARI_CAR,2022,4,REG,2022-10-02,ARI,CAR,home,CAR,1,1617,Baker Mayfield,MayfBa00
2022_04_BUF_BAL,2022,4,REG,2022-10-02,BUF,BAL,away,BUF,1,1601,Josh Allen,AlleJo02
2022_04_BUF_BAL,2022,4,REG,2022-10-02,BUF,BAL,home,BAL,1,1612,Lamar Jackson,JackLa00
2022_04_CHI_NYG,2022,4,REG,2022-10-02,CHI,NYG,away,CHI,1,1607,Justin Fields,FielJu00
2022_04_CHI_NYG,2022,4,REG,2022-10-02,CHI,NYG,home,NYG,1,1613,Daniel Jones,JoneDa05
2022_04_CLE_ATL,2022,4,REG,2022-10-02,CLE,ATL,away,CLE,1,1603,Jacoby Brissett,BrisJa00
2022_04_CLE_ATL,2022,4,REG,2022-10-02,CLE,ATL,home,ATL,1,1616,Marcus Mariota,MariMa01
2022_04_DEN_LV,2022,4,REG,2022-10-02,DEN,LV,away,DEN,1,1627,Russell Wilson,WilsRu00
2022_04_DEN_LV,2022,4,REG,2022-10-02,DEN,LV,home,LV,1,1604,Derek Carr,CarrDe02
2022_04_JAX_PHI,2022,4,REG,2022-10-02,JAX,PHI,away,JAX,1,1614,Trevor Lawrence,LawrTr00
2022_04_JAX_PHI,2022,4,REG,2022-10-02,JAX,PHI,home,PHI,1,1611,Jalen Hurts,HurtJa00
2022_04_KC_TB,2022,4,REG,2022-10-02,KC,TB,away,KC,1,1615,Patrick Mahomes,MahoPa00
2022_04_KC_TB,2022,4,REG,2022-10-02,KC,TB,home,TB,1,1602,Tom Brady,BradTo00
2022_04_LAC_HOU,2022,4,REG,2022-10-02,LAC,HOU,away,LAC,1,1609,Justin Herbert,HerbJu00
2022_04_LAC_HOU,2022,4,REG,2022-10-02,LAC,HOU,home,HOU,1,1618,Davis Mills,MillDa02
2022_04_LA_SF,2022,4,REG,2022-10-03,LAR,SF,away,LAR,1,1600,Matthew Stafford,StafMa00
2022_04_LA_SF,2022,4,REG,2022-10-03,LAR,SF,home,SF,1,1599,Jimmy Garoppolo,GaroJi00
2022_04_MIA_CIN,2022,4,REG,2022-09-29,MIA,CIN,away,MIA,1,1630,Tua Tagovailoa,TagoTu00
2022_04_MIA_CIN,2022,4,REG,2022-09-29,MIA,CIN,home,CIN,1,1629,Joe Burrow,BurrJo01
2022_04_MIN_NO,2022,4,REG,2022-10-02,MIN,NO,away,MIN,1,1605,Kirk Cousins,CousKi00
2022_04_MIN_NO,2022,4,REG,2022-10-02,MIN,NO,home,NO,1,1606,Andy Dalton,DaltAn00
2022_04_NE_GB,2022,4,REG,2022-10-02,NE,GB,away,NE,1,1610,Brian Hoyer,HoyeBr00
2022_04_NE_GB,2022,4,REG,2022-10-02,NE,GB,home,GB,1,1620,Aaron Rodgers,RodgAa00
2022_04_NYJ_PIT,2022,4,REG,2022-10-02,NYJ,PIT,away,NYJ,1,1628,Zach Wilson,WilsZa00
2022_04_NYJ_PIT,2022,4,REG,2022-10-02,NYJ,PIT,home,PIT,1,1625,Mitchell Trubisky,TrubMi00
2022_04_SEA_DET,2022,4,REG,2022-10-02,SEA,DET,away,SEA,1,1623,Geno Smith,SmitGe00
2022_04_SEA_DET,2022,4,REG,2022-10-02,SEA,DET,home,DET,1,1608,Jared Goff,GoffJa00
2022_04_TEN_IND,2022,4,REG,2022-10-02,TEN,IND,away,TEN,1,1624,Ryan Tannehill,TannRy00
2022_04_TEN_IND,2022,4,REG,2022-10-02,TEN,IND,home,IND,1,1622,Matt Ryan,RyanMa00
2022_04_WAS_DAL,2022,4,REG,2022-10-02,WAS,DAL,away,WAS,1,1626,Carson Wentz,WentCa00
2022_04_WAS_DAL,2022,4,REG,2022-10-02,WAS,DAL,home,DAL,1,1621,Cooper Rush,RushCo00
2022_05_ATL_TB,2022,5,REG,2022-10-09,ATL,TB,away,ATL,1,1584,Marcus Mariota,MariMa01
2022_05_ATL_TB,2022,5,REG,2022-10-09,ATL,TB,home,TB,1,1570,Tom Brady,BradTo00
2022_05_CHI_MIN,2022,5,REG,2022-10-09,CHI,MIN,away,CHI,1,1576,Justin Fields,FielJu00
2022_05_CHI_MIN,2022,5,REG,2022-10-09,CHI,MIN,home,MIN,1,1574,Kirk Cousins,CousKi00
2022_05_CIN_BAL,2022,5,REG,2022-10-09,CIN,BAL,away,CIN,1,1573,Joe Burrow,BurrJo01
2022_05_CIN_BAL,2022,5,REG,2022-10-09,CIN,BAL,home,BAL,1,1581,Lamar Jackson,JackLa00
2022_05_DAL_LA,2022,5,REG,2022-10-09,DAL,LAR,away,DAL,1,1590,Cooper Rush,RushCo00
2022_05_DAL_LA,2022,5,REG,2022-10-09,DAL,LAR,home,LAR,1,1592,Matthew Stafford,StafMa00
2022_05_DET_NE,2022,5,REG,2022-10-09,DET,NE,away,DET,1,1578,Jared Goff,GoffJa00
2022_05_DET_NE,2022,5,REG,2022-10-09,DET,NE,home,NE,1,1596,Bailey Zappe,ZappBa00
2022_05_HOU_JAX,2022,5,REG,2022-10-09,HOU,JAX,away,HOU,1,1586,Davis Mills,MillDa02
2022_05_HOU_JAX,2022,5,REG,2022-10-09,HOU,JAX,home,JAX,1,1583,Trevor Lawrence,LawrTr00
2022_05_IND_DEN,2022,5,REG,2022-10-06,IND,DEN,away,IND,1,1597,Matt Ryan,RyanMa00
2022_05_IND_DEN,2022,5,REG,2022-10-06,IND,DEN,home,DEN,1,1598,Russell Wilson,WilsRu00
2022_05_LAC_CLE,2022,5,REG,2022-10-09,LAC,CLE,away,LAC,1,1579,Justin Herbert,HerbJu00
2022_05_LAC_CLE,2022,5,REG,2022-10-09,LAC,CLE,home,CLE,1,1572,Jacoby Brissett,BrisJa00
2022_05_LV_KC,2022,5,REG,2022-10-10,LV,KC,away,LV,1,1567,Derek Carr,CarrDe02
2022_05_LV_KC,2022,5,REG,2022-10-10,LV,KC,home,KC,1,1568,Patrick Mahomes,MahoPa00
2022_05_MIA_NYJ,2022,5,REG,2022-10-09,MIA,NYJ,away,MIA,1,1571,Teddy Bridgewater,BridTe00
2022_05_MIA_NYJ,2022,5,REG,2022-10-09,MIA,NYJ,home,NYJ,1,1595,Zach Wilson,WilsZa00
2022_05_NYG_GB,2022,5,REG,2022-10-09,NYG,GB,away,NYG,1,1582,Daniel Jones,JoneDa05
2022_05_NYG_GB,2022,5,REG,2022-10-09,NYG,GB,home,GB,1,1589,Aaron Rodgers,RodgAa00
2022_05_PHI_ARI,2022,5,REG,2022-10-09,PHI,ARI,away,PHI,1,1580,Jalen Hurts,HurtJa00
2022_05_PHI_ARI,2022,5,REG,2022-10-09,PHI,ARI,home,ARI,1,1587,Kyler Murray,MurrKy00
2022_05_PIT_BUF,2022,5,REG,2022-10-09,PIT,BUF,away,PIT,1,1588,Kenny Pickett,PickKe00
2022_05_PIT_BUF,2022,5,REG,2022-10-09,PIT,BUF,home,BUF,1,1569,Josh Allen,AlleJo02
2022_05_SEA_NO,2022,5,REG,2022-10-09,SEA,NO,away,SEA,1,1591,Geno Smith,SmitGe00
2022_05_SEA_NO,2022,5,REG,2022-10-09,SEA,NO,home,NO,1,1575,Andy Dalton,DaltAn00
2022_05_SF_CAR,2022,5,REG,2022-10-09,SF,CAR,away,SF,1,1577,Jimmy Garoppolo,GaroJi00
2022_05_SF_CAR,2022,5,REG,2022-10-09,SF,CAR,home,CAR,1,1585,Baker Mayfield,MayfBa00
2022_05_TEN_WAS,2022,5,REG,2022-10-09,TEN,WAS,away,TEN,1,1593,Ryan Tannehill,TannRy00
2022_05_TEN_WAS,2022,5,REG,2022-10-09,TEN,WAS,home,WAS,1,1594,Carson Wentz,WentCa00
2022_06_ARI_SEA,2022,6,REG,2022-10-16,ARI,SEA,away,ARI,1,1554,Kyler Murray,MurrKy00
2022_06_ARI_SEA,2022,6,REG,2022-10-16,ARI,SEA,home,SEA,1,1559,Geno Smith,SmitGe00
2022_06_BAL_NYG,2022,6,REG,2022-10-16,BAL,NYG,away,BAL,1,1549,Lamar Jackson,JackLa00
2022_06_BAL_NYG,2022,6,REG,2022-10-16,BAL,NYG,home,NYG,1,1550,Daniel Jones,JoneDa05
2022_06_BUF_KC,2022,6,REG,2022-10-16,BUF,KC,away,BUF,1,1541,Josh Allen,AlleJo02
2022_06_BUF_KC,2022,6,REG,2022-10-16,BUF,KC,home,KC,1,1552,Patrick Mahomes,MahoPa00
2022_06_CAR_LA,2022,6,REG,2022-10-16,CAR,LAR,away,CAR,1,1562,P.J. Walker,WalkPh00
2022_06_CAR_LA,2022,6,REG,2022-10-16,CAR,LAR,home,LAR,1,1560,Matthew Stafford,StafMa00
2022_06_CIN_NO,2022,6,REG,2022-10-16,CIN,NO,away,CIN,1,1544,Joe Burrow,BurrJo01
2022_06_CIN_NO,2022,6,REG,2022-10-16,CIN,NO,home,NO,1,1546,Andy Dalton,DaltAn00
2022_06_DAL_PHI,2022,6,REG,2022-10-16,DAL,PHI,away,DAL,1,1557,Cooper Rush,RushCo00
2022_06_DAL_PHI,2022,6,REG,2022-10-16,DAL,PHI,home,PHI,1,1548,Jalen Hurts,HurtJa00
2022_06_DEN_LAC,2022,6,REG,2022-10-17,DEN,LAC,away,DEN,1,1540,Russell Wilson,WilsRu00
2022_06_DEN_LAC,2022,6,REG,2022-10-17,DEN,LAC,home,LAC,1,1539,Justin Herbert,HerbJu00
2022_06_JAX_IND,2022,6,REG,2022-10-16,JAX,IND,away,JAX,1,1551,Trevor Lawrence,LawrTr00
2022_06_JAX_IND,2022,6,REG,2022-10-16,JAX,IND,home,IND,1,1558,Matt Ryan,RyanMa00
2022_06_MIN_MIA,2022,6,REG,2022-10-16,MIN,MIA,away,MIN,1,1545,Kirk Cousins,CousKi00
2022_06_MIN_MIA,2022,6,REG,2022-10-16,MIN,MIA,home,MIA,1,1561,Skylar Thompson,ThomSk00
2022_06_NE_CLE,2022,6,REG,2022-10-16,NE,CLE,away,NE,1,1564,Bailey Zappe,ZappBa00
2022_06_NE_CLE,2022,6,REG,2022-10-16,NE,CLE,home,CLE,1,1543,Jacoby Brissett,BrisJa00
2022_06_NYJ_GB,2022,6,REG,2022-10-16,NYJ,GB,away,NYJ,1,1563,Zach Wilson,WilsZa00
2022_06_NYJ_GB,2022,6,REG,2022-10-16,NYJ,GB,home,GB,1,1556,Aaron Rodgers,RodgAa00
2022_06_SF_ATL,2022,6,REG,2022-10-16,SF,ATL,away,SF,1,1547,Jimmy Garoppolo,GaroJi00
2022_06_SF_ATL,2022,6,REG,2022-10-16,SF,ATL,home,ATL,1,1553,Marcus Mariota,MariMa01
2022_06_TB_PIT,2022,6,REG,2022-10-16,TB,PIT,away,TB,1,1542,Tom Brady,BradTo00
2022_06_TB_PIT,2022,6,REG,2022-10-16,TB,PIT,home,PIT,1,1555,Kenny Pickett,PickKe00
2022_06_WAS_CHI,2022,6,REG,2022-10-13,WAS,CHI,away,WAS,1,1566,Carson Wentz,WentCa00
2022_06_WAS_CHI,2022,6,REG,2022-10-13,WAS,CHI,home,CHI,1,1565,Justin Fields,FielJu00
2022_07_ATL_CIN,2022,7,REG,2022-10-23,ATL,CIN,away,ATL,2,1515|1524,Feleipe Franks|Marcus Mariota,FranFe00|MariMa01
2022_07_ATL_CIN,2022,7,REG,2022-10-23,ATL,CIN,home,CIN,1,1513,Joe Burrow,BurrJo01
2022_07_CHI_NE,2022,7,REG,2022-10-24,CHI,NE,away,CHI,1,1509,Justin Fields,FielJu00
2022_07_CHI_NE,2022,7,REG,2022-10-24,CHI,NE,home,NE,1,1510,Mac Jones,JoneMa05
2022_07_CLE_BAL,2022,7,REG,2022-10-23,CLE,BAL,away,CLE,1,1512,Jacoby Brissett,BrisJa00
2022_07_CLE_BAL,2022,7,REG,2022-10-23,CLE,BAL,home,BAL,1,1520,Lamar Jackson,JackLa00
2022_07_DET_DAL,2022,7,REG,2022-10-23,DET,DAL,away,DET,1,1517,Jared Goff,GoffJa00
2022_07_DET_DAL,2022,7,REG,2022-10-23,DET,DAL,home,DAL,1,1527,Dak Prescott,PresDa01
2022_07_GB_WAS,2022,7,REG,2022-10-23,GB,WAS,away,GB,1,1528,Aaron Rodgers,RodgAa00
2022_07_GB_WAS,2022,7,REG,2022-10-23,GB,WAS,home,WAS,1,1518,Taylor Heinicke,HeinTa00
2022_07_HOU_LV,2022,7,REG,2022-10-23,HOU,LV,away,HOU,1,1525,Davis Mills,MillDa02
2022_07_HOU_LV,2022,7,REG,2022-10-23,HOU,LV,home,LV,1,1514,Derek Carr,CarrDe02
2022_07_IND_TEN,2022,7,REG,2022-10-23,IND,TEN,away,IND,1,1529,Matt Ryan,RyanMa00
2022_07_IND_TEN,2022,7,REG,2022-10-23,IND,TEN,home,TEN,1,1533,Ryan Tannehill,TannRy00
2022_07_KC_SF,2022,7,REG,2022-10-23,KC,SF,away,KC,1,1523,Patrick Mahomes,MahoPa00
2022_07_KC_SF,2022,7,REG,2022-10-23,KC,SF,home,SF,1,1516,Jimmy Garoppolo,GaroJi00
2022_07_NO_ARI,2022,7,REG,2022-10-20,NO,ARI,away,NO,2,1536|1537,Andy Dalton|Taysom Hill,DaltAn00|HillTa00
2022_07_NO_ARI,2022,7,REG,2022-10-20,NO,ARI,home,ARI,1,1538,Kyler Murray,MurrKy00
2022_07_NYG_JAX,2022,7,REG,2022-10-23,NYG,JAX,away,NYG,1,1521,Daniel Jones,JoneDa05
2022_07_NYG_JAX,2022,7,REG,2022-10-23,NYG,JAX,home,JAX,1,1522,Trevor Lawrence,LawrTr00
2022_07_NYJ_DEN,2022,7,REG,2022-10-23,NYJ,DEN,away,NYJ,1,1535,Zach Wilson,WilsZa00
2022_07_NYJ_DEN,2022,7,REG,2022-10-23,NYJ,DEN,home,DEN,1,1530,Brett Rypien,RypiBr00
2022_07_PIT_MIA,2022,7,REG,2022-10-23,PIT,MIA,away,PIT,1,1526,Kenny Pickett,PickKe00
2022_07_PIT_MIA,2022,7,REG,2022-10-23,PIT,MIA,home,MIA,1,1532,Tua Tagovailoa,TagoTu00
2022_07_SEA_LAC,2022,7,REG,2022-10-23,SEA,LAC,away,SEA,1,1531,Geno Smith,SmitGe00
2022_07_SEA_LAC,2022,7,REG,2022-10-23,SEA,LAC,home,LAC,1,1519,Justin Herbert,HerbJu00
2022_07_TB_CAR,2022,7,REG,2022-10-23,TB,CAR,away,TB,1,1511,Tom Brady,BradTo00
2022_07_TB_CAR,2022,7,REG,2022-10-23,TB,CAR,home,CAR,1,1534,P.J. Walker,WalkPh00
2022_08_ARI_MIN,2022,8,REG,2022-10-30,ARI,MIN,away,ARI,1,1496,Kyler Murray,MurrKy00
2022_08_ARI_MIN,2022,8,REG,2022-10-30,ARI,MIN,home,MIN,1,1483,Kirk Cousins,CousKi00
2022_08_BAL_TB,2022,8,REG,2022-10-27,BAL,TB,away,BAL,1,1508,Lamar Jackson,JackLa00
2022_08_BAL_TB,2022,8,REG,2022-10-27,BAL,TB,home,TB,1,1507,Tom Brady,BradTo00
2022_08_CAR_ATL,2022,8,REG,2022-10-30,CAR,ATL,away,CAR,1,1503,P.J. Walker,WalkPh00
2022_08_CAR_ATL,2022,8,REG,2022-10-30,CAR,ATL,home,ATL,1,1494,Marcus Mariota,MariMa01
2022_08_CHI_DAL,2022,8,REG,2022-10-30,CHI,DAL,away,CHI,1,1486,Justin Fields,FielJu00
2022_08_CHI_DAL,2022,8,REG,2022-10-30,CHI,DAL,home,DAL,1,1498,Dak Prescott,PresDa01
2022_08_CIN_CLE,2022,8,REG,2022-10-31,CIN,CLE,away,CIN,1,1480,Joe Burrow,BurrJo01
2022_08_CIN_CLE,2022,8,REG,2022-10-31,CIN,CLE,home,CLE,1,1479,Jacoby Brissett,BrisJa00
2022_08_DEN_JAX,2022,8,REG,2022-10-30,DEN,JAX,away,DEN,1,1505,Russell Wilson,WilsRu00
2022_08_DEN_JAX,2022,8,REG,2022-10-30,DEN,JAX,home,JAX,1,1493,Trevor Lawrence,LawrTr00
2022_08_GB_BUF,2022,8,REG,2022-10-30,GB,BUF,away,GB,1,1499,Aaron Rodgers,RodgAa00
2022_08_GB_BUF,2022,8,REG,2022-10-30,GB,BUF,home,BUF,1,1481,Josh Allen,AlleJo02
2022_08_LV_NO,2022,8,REG,2022-10-30,LV,NO,away,LV,1,1482,Derek Carr,CarrDe02
2022_08_LV_NO,2022,8,REG,2022-10-30,LV,NO,home,NO,1,1484,Andy Dalton,DaltAn00
2022_08_MIA_DET,2022,8,REG,2022-10-30,MIA,DET,away,MIA,1,1502,Tua Tagovailoa,TagoTu00
2022_08_MIA_DET,2022,8,REG,2022-10-30,MIA,DET,home,DET,1,1488,Jared Goff,GoffJa00
2022_08_NE_NYJ,2022,8,REG,2022-10-30,NE,NYJ,away,NE,1,1492,Mac Jones,JoneMa05
2022_08_NE_NYJ,2022,8,REG,2022-10-30,NE,NYJ,home,NYJ,1,1506,Zach Wilson,WilsZa00
2022_08_NYG_SEA,2022,8,REG,2022-10-30,NYG,SEA,away,NYG,1,1491,Daniel Jones,JoneDa05
2022_08_NYG_SEA,2022,8,REG,2022-10-30,NYG,SEA,home,SEA,1,1500,Geno Smith,SmitGe00
2022_08_PIT_PHI,2022,8,REG,2022-10-30,PIT,PHI,away,PIT,1,1497,Kenny Pickett,PickKe00
2022_08_PIT_PHI,2022,8,REG,2022-10-30,PIT,PHI,home,PHI,1,1490,Jalen Hurts,HurtJa00
2022_08_SF_LA,2022,8,REG,2022-10-30,SF,LAR,away,SF,1,1487,Jimmy Garoppolo,GaroJi00
2022_08_SF_LA,2022,8,REG,2022-10-30,SF,LAR,home,LAR,1,1501,Matthew Stafford,StafMa00
2022_08_TEN_HOU,2022,8,REG,2022-10-30,TEN,HOU,away,TEN,1,1504,Malik Willis,WillMa12
2022_08_TEN_HOU,2022,8,REG,2022-10-30,TEN,HOU,home,HOU,1,1495,Davis Mills,MillDa02
2022_08_WAS_IND,2022,8,REG,2022-10-30,WAS,IND,away,WAS,1,1489,Taylor Heinicke,HeinTa00
2022_08_WAS_IND,2022,8,REG,2022-10-30,WAS,IND,home,IND,1,1485,Sam Ehlinger,EhliSa00
2022_09_BAL_NO,2022,9,REG,2022-11-07,BAL,NO,away,BAL,1,1454,Lamar Jackson,JackLa00
2022_09_BAL_NO,2022,9,REG,2022-11-07,BAL,NO,home,NO,2,1452|1453,Andy Dalton|Taysom Hill,DaltAn00|HillTa00
2022_09_BUF_NYJ,2022,9,REG,2022-11-06,BUF,NYJ,away,BUF,1,1455,Josh Allen,AlleJo02
2022_09_BUF_NYJ,2022,9,REG,2022-11-06,BUF,NYJ,home,NYJ,1,1476,Zach Wilson,WilsZa00
2022_09_CAR_CIN,2022,9,REG,2022-11-06,CAR,CIN,away,CAR,1,1474,P.J. Walker,WalkPh00
2022_09_CAR_CIN,2022,9,REG,2022-11-06,CAR,CIN,home,CIN,1,1457,Joe Burrow,BurrJo01
2022_09_GB_DET,2022,9,REG,2022-11-06,GB,DET,away,GB,1,1470,Aaron Rodgers,RodgAa00
2022_09_GB_DET,2022,9,REG,2022-11-06,GB,DET,home,DET,1,1462,Jared Goff,GoffJa00
2022_09_IND_NE,2022,9,REG,2022-11-06,IND,NE,away,IND,1,1460,Sam Ehlinger,EhliSa00
2022_09_IND_NE,2022,9,REG,2022-11-06,IND,NE,home,NE,1,1465,Mac Jones,JoneMa05
2022_09_LAC_ATL,2022,9,REG,2022-11-06,LAC,ATL,away,LAC,1,1464,Justin Herbert,HerbJu00
2022_09_LAC_ATL,2022,9,REG,2022-11-06,LAC,ATL,home,ATL,1,1468,Marcus Mariota,MariMa01
2022_09_LA_TB,2022,9,REG,2022-11-06,LAR,TB,away,LAR,1,1472,Matthew Stafford,StafMa00
2022_09_LA_TB,2022,9,REG,2022-11-06,LAR,TB,home,TB,1,1456,Tom Brady,BradTo00
2022_09_LV_JAX,2022,9,REG,2022-11-06,LV,JAX,away,LV,1,1458,Derek Carr,CarrDe02
2022_09_LV_JAX,2022,9,REG,2022-11-06,LV,JAX,home,JAX,1,1466,Trevor Lawrence,LawrTr00
2022_09_MIA_CHI,2022,9,REG,2022-11-06,MIA,CHI,away,MIA,1,1473,Tua Tagovailoa,TagoTu00
2022_09_MIA_CHI,2022,9,REG,2022-11-06,MIA,CHI,home,CHI,1,1461,Justin Fields,FielJu00
2022_09_MIN_WAS,2022,9,REG,2022-11-06,MIN,WAS,away,MIN,1,1459,Kirk Cousins,CousKi00
2022_09_MIN_WAS,2022,9,REG,2022-11-06,MIN,WAS,home,WAS,1,1463,Taylor Heinicke,HeinTa00
2022_09_PHI_HOU,2022,9,REG,2022-11-03,PHI,HOU,away,PHI,1,1477,Jalen Hurts,HurtJa00
2022_09_PHI_HOU,2022,9,REG,2022-11-03,PHI,HOU,home,HOU,1,1478,Davis Mills,MillDa02
2022_09_SEA_ARI,2022,9,REG,2022-11-06,SEA,ARI,away,SEA,1,1471,Geno Smith,SmitGe00
2022_09_SEA_ARI,2022,9,REG,2022-11-06,SEA,ARI,home,ARI,1,1469,Kyler Murray,MurrKy00
2022_09_TEN_KC,2022,9,REG,2022-11-06,TEN,KC,away,TEN,1,1475,Malik Willis,WillMa12
2022_09_TEN_KC,2022,9,REG,2022-11-06,TEN,KC,home,KC,1,1467,Patrick Mahomes,MahoPa00
2022_10_ARI_LA,2022,10,REG,2022-11-13,ARI,LAR,away,ARI,1,1439,Colt McCoy,McCoCo00
2022_10_ARI_LA,2022,10,REG,2022-11-13,ARI,LAR,home,LAR,1,1449,John Wolford,WolfJo00
2022_10_ATL_CAR,2022,10,REG,2022-11-10,ATL,CAR,away,ATL,1,1450,Marcus Mariota,MariMa01
2022_10_ATL_CAR,2022,10,REG,2022-11-10,ATL,CAR,home,CAR,1,1451,P.J. Walker,WalkPh00
2022_10_CLE_MIA,2022,10,REG,2022-11-13,CLE,MIA,away,CLE,1,1427,Jacoby Brissett,BrisJa00
2022_10_CLE_MIA,2022,10,REG,2022-11-13,CLE,MIA,home,MIA,1,1446,Tua Tagovailoa,TagoTu00
2022_10_DAL_GB,2022,10,REG,2022-11-13,DAL,GB,away,DAL,1,1442,Dak Prescott,PresDa01
2022_10_DAL_GB,2022,10,REG,2022-11-13,DAL,GB,home,GB,1,1443,Aaron Rodgers,RodgAa00
2022_10_DEN_TEN,2022,10,REG,2022-11-13,DEN,TEN,away,DEN,1,1448,Russell Wilson,WilsRu00
2022_10_DEN_TEN,2022,10,REG,2022-11-13,DEN,TEN,home,TEN,1,1447,Ryan Tannehill,TannRy00
2022_10_DET_CHI,2022,10,REG,2022-11-13,DET,CHI,away,DET,1,1433,Jared Goff,GoffJa00
2022_10_DET_CHI,2022,10,REG,2022-11-13,DET,CHI,home,CHI,1,1431,Justin Fields,FielJu00
2022_10_HOU_NYG,2022,10,REG,2022-11-13,HOU,NYG,away,HOU,1,1440,Davis Mills,MillDa02
2022_10_HOU_NYG,2022,10,REG,2022-11-13,HOU,NYG,home,NYG,1,1436,Daniel Jones,JoneDa05
2022_10_IND_LV,2022,10,REG,2022-11-13,IND,LV,away,IND,1,1444,Matt Ryan,RyanMa00
2022_10_IND_LV,2022,10,REG,2022-11-13,IND,LV,home,LV,1,1428,Derek Carr,CarrDe02
2022_10_JAX_KC,2022,10,REG,2022-11-13,JAX,KC,away,JAX,1,1437,Trevor Lawrence,LawrTr00
2022_10_JAX_KC,2022,10,REG,2022-11-13,JAX,KC,home,KC,1,1438,Patrick Mahomes,MahoPa00
2022_10_LAC_SF,2022,10,REG,2022-11-13,LAC,SF,away,LAC,1,1434,Justin Herbert,HerbJu00
2022_10_LAC_SF,2022,10,REG,2022-11-13,LAC,SF,home,SF,1,1432,Jimmy Garoppolo,GaroJi00
2022_10_MIN_BUF,2022,10,REG,2022-11-13,MIN,BUF,away,MIN,1,1429,Kirk Cousins,CousKi00
2022_10_MIN_BUF,2022,10,REG,2022-11-13,MIN,BUF,home,BUF,1,1425,Josh Allen,AlleJo02
2022_10_NO_PIT,2022,10,REG,2022-11-13,NO,PIT,away,NO,2,1430|1435,Andy Dalton|Taysom Hill,DaltAn00|HillTa00
2022_10_NO_PIT,2022,10,REG,2022-11-13,NO,PIT,home,PIT,1,1441,Kenny Pickett,PickKe00
2022_10_SEA_TB,2022,10,REG,2022-11-13,SEA,TB,away,SEA,1,1445,Geno Smith,SmitGe00
2022_10_SEA_TB,2022,10,REG,2022-11-13,SEA,TB,home,TB,1,1426,Tom Brady,BradTo00
2022_10_WAS_PHI,2022,10,REG,2022-11-14,WAS,PHI,away,WAS,1,1423,Taylor Heinicke,HeinTa00
2022_10_WAS_PHI,2022,10,REG,2022-11-14,WAS,PHI,home,PHI,1,1424,Jalen Hurts,HurtJa00
2022_11_CAR_BAL,2022,11,REG,2022-11-20,CAR,BAL,away,CAR,1,1413,Baker Mayfield,MayfBa00
2022_11_CAR_BAL,2022,11,REG,2022-11-20,CAR,BAL,home,BAL,1,1408,Lamar Jackson,JackLa00
2022_11_CHI_ATL,2022,11,REG,2022-11-20,CHI,ATL,away,CHI,1,1402,Justin Fields,FielJu00
2022_11_CHI_ATL,2022,11,REG,2022-11-20,CHI,ATL,home,ATL,1,1412,Marcus Mariota,MariMa01
2022_11_CIN_PIT,2022,11,REG,2022-11-20,CIN,PIT,away,CIN,1,1398,Joe Burrow,BurrJo01
2022_11_CIN_PIT,2022,11,REG,2022-11-20,CIN,PIT,home,PIT,1,1415,Kenny Pickett,PickKe00
2022_11_CLE_BUF,2022,11,REG,2022-11-20,CLE,BUF,away,CLE,1,1397,Jacoby Brissett,BrisJa00
2022_11_CLE_BUF,2022,11,REG,2022-11-20,CLE,BUF,home,BUF,1,1396,Josh Allen,AlleJo02
2022_11_DAL_MIN,2022,11,REG,2022-11-20,DAL,MIN,away,DAL,1,1416,Dak Prescott,PresDa01
2022_11_DAL_MIN,2022,11,REG,2022-11-20,DAL,MIN,home,MIN,1,1400,Kirk Cousins,CousKi00
2022_11_DET_NYG,2022,11,REG,2022-11-20,DET,NYG,away,DET,1,1403,Jared Goff,GoffJa00
2022_11_DET_NYG,2022,11,REG,2022-11-20,DET,NYG,home,NYG,1,1409,Daniel Jones,JoneDa05
2022_11_KC_LAC,2022,11,REG,2022-11-20,KC,LAC,away,KC,1,1411,Patrick Mahomes,MahoPa00
2022_11_KC_LAC,2022,11,REG,2022-11-20,KC,LAC,home,LAC,1,1405,Justin Herbert,HerbJu00
2022_11_LA_NO,2022,11,REG,2022-11-20,LAR,NO,away,LAR,1,1418,Matthew Stafford,StafMa00
2022_11_LA_NO,2022,11,REG,2022-11-20,LAR,NO,home,NO,2,1401|1406,Andy Dalton|Taysom Hill,DaltAn00|HillTa00
2022_11_LV_DEN,2022,11,REG,2022-11-20,LV,DEN,away,LV,1,1399,Derek Carr,CarrDe02
2022_11_LV_DEN,2022,11,REG,2022-11-20,LV,DEN,home,DEN,1,1419,Russell Wilson,WilsRu00
2022_11_NYJ_NE,2022,11,REG,2022-11-20,NYJ,NE,away,NYJ,1,1420,Zach Wilson,WilsZa00
2022_11_NYJ_NE,2022,11,REG,2022-11-20,NYJ,NE,home,NE,1,1410,Mac Jones,JoneMa05
2022_11_PHI_IND,2022,11,REG,2022-11-20,PHI,IND,away,PHI,1,1407,Jalen Hurts,HurtJa00
2022_11_PHI_IND,2022,11,REG,2022-11-20,PHI,IND,home,IND,1,1417,Matt Ryan,RyanMa00
2022_11_SF_ARI,2022,11,REG,2022-11-21,SF,ARI,away,SF,1,1394,Jimmy Garoppolo,GaroJi00
2022_11_SF_ARI,2022,11,REG,2022-11-21,SF,ARI,home,ARI,1,1395,Colt McCoy,McCoCo00
2022_11_TEN_GB,2022,11,REG,2022-11-17,TEN,GB,away,TEN,1,1422,Ryan Tannehill,TannRy00
2022_11_TEN_GB,2022,11,REG,2022-11-17,TEN,GB,home,GB,1,1421,Aaron Rodgers,RodgAa00
2022_11_WAS_HOU,2022,11,REG,2022-11-20,WAS,HOU,away,WAS,1,1404,Taylor Heinicke,HeinTa00
2022_11_WAS_HOU,2022,11,REG,2022-11-20,WAS,HOU,home,HOU,1,1414,Davis Mills,MillDa02
2022_12_ATL_WAS,2022,12,REG,2022-11-27,ATL,WAS,away,ATL,1,1378,Marcus Mariota,MariMa01
2022_12_ATL_WAS,2022,12,REG,2022-11-27,ATL,WAS,home,WAS,1,1371,Taylor Heinicke,HeinTa00
2022_12_BAL_JAX,2022,12,REG,2022-11-27,BAL,JAX,away,BAL,1,1375,Lamar Jackson,JackLa00
2022_12_BAL_JAX,2022,12,REG,2022-11-27,BAL,JAX,home,JAX,1,1376,Trevor Lawrence,LawrTr00
2022_12_BUF_DET,2022,12,REG,2022-11-24,BUF,DET,away,BUF,1,1388,Josh Allen,AlleJo02
2022_12_BUF_DET,2022,12,REG,2022-11-24,BUF,DET,home,DET,1,1390,Jared Goff,GoffJa00
2022_12_CHI_NYJ,2022,12,REG,2022-11-27,CHI,NYJ,away,CHI,1,1382,Trevor Siemian,SiemTr00
2022_12_CHI_NYJ,2022,12,REG,2022-11-27,CHI,NYJ,home,NYJ,1,1386,Mike White,WhitMi01
2022_12_CIN_TEN,2022,12,REG,2022-11-27,CIN,TEN,away,CIN,1,1366,Joe Burrow,BurrJo01
2022_12_CIN_TEN,2022,12,REG,2022-11-27,CIN,TEN,home,TEN,1,1385,Ryan Tannehill,TannRy00
2022_12_DEN_CAR,2022,12,REG,2022-11-27,DEN,CAR,away,DEN,1,1387,Russell Wilson,WilsRu00
2022_12_DEN_CAR,2022,12,REG,2022-11-27,DEN,CAR,home,CAR,1,1369,Sam Darnold,DarnSa00
2022_12_GB_PHI,2022,12,REG,2022-11-27,GB,PHI,away,GB,1,1381,Aaron Rodgers,RodgAa00
2022_12_GB_PHI,2022,12,REG,2022-11-27,GB,PHI,home,PHI,1,1374,Jalen Hurts,HurtJa00
2022_12_HOU_MIA,2022,12,REG,2022-11-27,HOU,MIA,away,HOU,1,1363,Kyle Allen,AlleKy00
2022_12_HOU_MIA,2022,12,REG,2022-11-27,HOU,MIA,home,MIA,1,1384,Tua Tagovailoa,TagoTu00
2022_12_LAC_ARI,2022,12,REG,2022-11-27,LAC,ARI,away,LAC,1,1372,Justin Herbert,HerbJu00
2022_12_LAC_ARI,2022,12,REG,2022-11-27,LAC,ARI,home,ARI,1,1379,Kyler Murray,MurrKy00
2022_12_LA_KC,2022,12,REG,2022-11-27,LAR,KC,away,LAR,1,1380,Bryce Perkins,PerkBr02
2022_12_LA_KC,2022,12,REG,2022-11-27,LAR,KC,home,KC,1,1377,Patrick Mahomes,MahoPa00
2022_12_LV_SEA,2022,12,REG,2022-11-27,LV,SEA,away,LV,1,1367,Derek Carr,CarrDe02
2022_12_LV_SEA,2022,12,REG,2022-11-27,LV,SEA,home,SEA,1,1383,Geno Smith,SmitGe00
2022_12_NE_MIN,2022,12,REG,2022-11-24,NE,MIN,away,NE,1,1392,Mac Jones,JoneMa05
2022_12_NE_MIN,2022,12,REG,2022-11-24,NE,MIN,home,MIN,1,1389,Kirk Cousins,CousKi00
2022_12_NO_SF,2022,12,REG,2022-11-27,NO,SF,away,NO,2,1368|1373,Andy Dalton|Taysom Hill,DaltAn00|HillTa00
2022_12_NO_SF,2022,12,REG,2022-11-27,NO,SF,home,SF,1,1370,Jimmy Garoppolo,GaroJi00
2022_12_NYG_DAL,2022,12,REG,2022-11-24,NYG,DAL,away,NYG,1,1391,Daniel Jones,JoneDa05
2022_12_NYG_DAL,2022,12,REG,2022-11-24,NYG,DAL,home,DAL,1,1393,Dak Prescott,PresDa01
2022_12_PIT_IND,2022,12,REG,2022-11-28,PIT,IND,away,PIT,1,1361,Kenny Pickett,PickKe00
2022_12_PIT_IND,2022,12,REG,2022-11-28,PIT,IND,home,IND,1,1362,Matt Ryan,RyanMa00
2022_12_TB_CLE,2022,12,REG,2022-11-27,TB,CLE,away,TB,1,1364,Tom Brady,BradTo00
2022_12_TB_CLE,2022,12,REG,2022-11-27,TB,CLE,home,CLE,1,1365,Jacoby Brissett,BrisJa00
2022_13_BUF_NE,2022,13,REG,2022-12-01,BUF,NE,away,BUF,1,1359,Josh Allen,AlleJo02
2022_13_BUF_NE,2022,13,REG,2022-12-01,BUF,NE,home,NE,1,1360,Mac Jones,JoneMa05
2022_13_CLE_HOU,2022,13,REG,2022-12-04,CLE,HOU,away,CLE,1,1355,Deshaun Watson,WatsDe00
2022_13_CLE_HOU,2022,13,REG,2022-12-04,CLE,HOU,home,HOU,1,1333,Kyle Allen,AlleKy00
2022_13_DEN_BAL,2022,13,REG,2022-12-04,DEN,BAL,away,DEN,1,1357,Russell Wilson,WilsRu00
2022_13_DEN_BAL,2022,13,REG,2022-12-04,DEN,BAL,home,BAL,1,1343,Lamar Jackson,JackLa00
2022_13_GB_CHI,2022,13,REG,2022-12-04,GB,CHI,away,GB,1,1350,Aaron Rodgers,RodgAa00
2022_13_GB_CHI,2022,13,REG,2022-12-04,GB,CHI,home,CHI,1,1337,Justin Fields,FielJu00
2022_13_IND_DAL,2022,13,REG,2022-12-04,IND,DAL,away,IND,1,1351,Matt Ryan,RyanMa00
2022_13_IND_DAL,2022,13,REG,2022-12-04,IND,DAL,home,DAL,1,1349,Dak Prescott,PresDa01
2022_13_JAX_DET,2022,13,REG,2022-12-04,JAX,DET,away,JAX,1,1345,Trevor Lawrence,LawrTr00
2022_13_JAX_DET,2022,13,REG,2022-12-04,JAX,DET,home,DET,1,1339,Jared Goff,GoffJa00
2022_13_KC_CIN,2022,13,REG,2022-12-04,KC,CIN,away,KC,1,1346,Patrick Mahomes,MahoPa00
2022_13_KC_CIN,2022,13,REG,2022-12-04,KC,CIN,home,CIN,1,1334,Joe Burrow,BurrJo01
2022_13_LAC_LV,2022,13,REG,2022-12-04,LAC,LV,away,LAC,1,1341,Justin Herbert,HerbJu00
2022_13_LAC_LV,2022,13,REG,2022-12-04,LAC,LV,home,LV,1,1335,Derek Carr,CarrDe02
2022_13_MIA_SF,2022,13,REG,2022-12-04,MIA,SF,away,MIA,1,1353,Tua Tagovailoa,TagoTu00
2022_13_MIA_SF,2022,13,REG,2022-12-04,MIA,SF,home,SF,1,1338,Jimmy Garoppolo,GaroJi00
2022_13_NO_TB,2022,13,REG,2022-12-05,NO,TB,away,NO,2,1331|1332,Andy Dalton|Taysom Hill,DaltAn00|HillTa00
2022_13_NO_TB,2022,13,REG,2022-12-05,NO,TB,home,TB,1,1330,Tom Brady,BradTo00
2022_13_NYJ_MIN,2022,13,REG,2022-12-04,NYJ,MIN,away,NYJ,1,1356,Mike White,WhitMi01
2022_13_NYJ_MIN,2022,13,REG,2022-12-04,NYJ,MIN,home,MIN,1,1336,Kirk Cousins,CousKi00
2022_13_PIT_ATL,2022,13,REG,2022-12-04,PIT,ATL,away,PIT,1,1348,Kenny Pickett,PickKe00
2022_13_PIT_ATL,2022,13,REG,2022-12-04,PIT,ATL,home,ATL,1,1347,Marcus Mariota,MariMa01
2022_13_SEA_LA,2022,13,REG,2022-12-04,SEA,LAR,away,SEA,1,1352,Geno Smith,SmitGe00
2022_13_SEA_LA,2022,13,REG,2022-12-04,SEA,LAR,home,LAR,1,1358,John Wolford,WolfJo00
2022_13_TEN_PHI,2022,13,REG,2022-12-04,TEN,PHI,away,TEN,1,1354,Ryan Tannehill,TannRy00
2022_13_TEN_PHI,2022,13,REG,2022-12-04,TEN,PHI,home,PHI,1,1342,Jalen Hurts,HurtJa00
2022_13_WAS_NYG,2022,13,REG,2022-12-04,WAS,NYG,away,WAS,1,1340,Taylor Heinicke,HeinTa00
2022_13_WAS_NYG,2022,13,REG,2022-12-04,WAS,NYG,home,NYG,1,1344,Daniel Jones,JoneDa05
2022_14_BAL_PIT,2022,14,REG,2022-12-11,BAL,PIT,away,BAL,1,1313,Tyler Huntley,HuntTy01
2022_14_BAL_PIT,2022,14,REG,2022-12-11,BAL,PIT,home,PIT,1,1319,Kenny Pickett,PickKe00
2022_14_CAR_SEA,2022,14,REG,2022-12-11,CAR,SEA,away,CAR,1,1310,Sam Darnold,DarnSa00
2022_14_CAR_SEA,2022,14,REG,2022-12-11,CAR,SEA,home,SEA,1,1322,Geno Smith,SmitGe00
2022_14_CLE_CIN,2022,14,REG,2022-12-11,CLE,CIN,away,CLE,1,1325,Deshaun Watson,WatsDe00
2022_14_CLE_CIN,2022,14,REG,2022-12-11,CLE,CIN,home,CIN,1,1308,Joe Burrow,BurrJo01
2022_14_HOU_DAL,2022,14,REG,2022-12-11,HOU,DAL,away,HOU,1,1318,Davis Mills,MillDa02
2022_14_HOU_DAL,2022,14,REG,2022-12-11,HOU,DAL,home,DAL,1,1320,Dak Prescott,PresDa01
2022_14_JAX_TEN,2022,14,REG,2022-12-11,JAX,TEN,away,JAX,1,1316,Trevor Lawrence,LawrTr00
2022_14_JAX_TEN,2022,14,REG,2022-12-11,JAX,TEN,home,TEN,1,1324,Ryan Tannehill,TannRy00
2022_14_KC_DEN,2022,14,REG,2022-12-11,KC,DEN,away,KC,1,1317,Patrick Mahomes,MahoPa00
2022_14_KC_DEN,2022,14,REG,2022-12-11,KC,DEN,home,DEN,1,1327,Russell Wilson,WilsRu00
2022_14_LV_LA,2022,14,REG,2022-12-08,LV,LAR,away,LV,1,1328,Derek Carr,CarrDe02
2022_14_LV_LA,2022,14,REG,2022-12-08,LV,LAR,home,LAR,1,1329,John Wolford,WolfJo00
2022_14_MIA_LAC,2022,14,REG,2022-12-11,MIA,LAC,away,MIA,1,1323,Tua Tagovailoa,TagoTu00
2022_14_MIA_LAC,2022,14,REG,2022-12-11,MIA,LAC,home,LAC,1,1312,Justin Herbert,HerbJu00
2022_14_MIN_DET,2022,14,REG,2022-12-11,MIN,DET,away,MIN,1,1309,Kirk Cousins,CousKi00
2022_14_MIN_DET,2022,14,REG,2022-12-11,MIN,DET,home,DET,1,1311,Jared Goff,GoffJa00
2022_14_NE_ARI,2022,14,REG,2022-12-12,NE,ARI,away,NE,1,1304,Mac Jones,JoneMa05
2022_14_NE_ARI,2022,14,REG,2022-12-12,NE,ARI,home,ARI,1,1305,Kyler Murray,MurrKy00
2022_14_NYJ_BUF,2022,14,REG,2022-12-11,NYJ,BUF,away,NYJ,1,1326,Mike White,WhitMi01
2022_14_NYJ_BUF,2022,14,REG,2022-12-11,NYJ,BUF,home,BUF,1,1306,Josh Allen,AlleJo02
2022_14_PHI_NYG,2022,14,REG,2022-12-11,PHI,NYG,away,PHI,1,1314,Jalen Hurts,HurtJa00
2022_14_PHI_NYG,2022,14,REG,2022-12-11,PHI,NYG,home,NYG,1,1315,Daniel Jones,JoneDa05
2022_14_TB_SF,2022,14,REG,2022-12-11,TB,SF,away,TB,1,1307,Tom Brady,BradTo00
2022_14_TB_SF,2022,14,REG,2022-12-11,TB,SF,home,SF,1,1321,Brock Purdy,PurdBr00
2022_15_ARI_DEN,2022,15,REG,2022-12-18,ARI,DEN,away,ARI,1,1288,Colt McCoy,McCoCo00
2022_15_ARI_DEN,2022,15,REG,2022-12-18,ARI,DEN,home,DEN,1,1292,Brett Rypien,RypiBr00
2022_15_ATL_NO,2022,15,REG,2022-12-18,ATL,NO,away,ATL,1,1291,Desmond Ridder,RiddDe00
2022_15_ATL_NO,2022,15,REG,2022-12-18,ATL,NO,home,NO,2,1275|1282,Andy Dalton|Taysom Hill,DaltAn00|HillTa00
2022_15_BAL_CLE,2022,15,REG,2022-12-17,BAL,CLE,away,BAL,1,1298,Tyler Huntley,HuntTy01
2022_15_BAL_CLE,2022,15,REG,2022-12-17,BAL,CLE,home,CLE,1,1301,Deshaun Watson,WatsDe00
2022_15_CIN_TB,2022,15,REG,2022-12-18,CIN,TB,away,CIN,1,1273,Joe Burrow,BurrJo01
2022_15_CIN_TB,2022,15,REG,2022-12-18,CIN,TB,home,TB,1,1272,Tom Brady,BradTo00
2022_15_DAL_JAX,2022,15,REG,2022-12-18,DAL,JAX,away,DAL,1,1290,Dak Prescott,PresDa01
2022_15_DAL_JAX,2022,15,REG,2022-12-18,DAL,JAX,home,JAX,1,1286,Trevor Lawrence,LawrTr00
2022_15_DET_NYJ,2022,15,REG,2022-12-18,DET,NYJ,away,DET,1,1279,Jared Goff,GoffJa00
2022_15_DET_NYJ,2022,15,REG,2022-12-18,DET,NYJ,home,NYJ,1,1295,Zach Wilson,WilsZa00
2022_15_IND_MIN,2022,15,REG,2022-12-17,IND,MIN,away,IND,1,1299,Matt Ryan,RyanMa00
2022_15_IND_MIN,2022,15,REG,2022-12-17,IND,MIN,home,MIN,1,1297,Kirk Cousins,CousKi00
2022_15_KC_HOU,2022,15,REG,2022-12-18,KC,HOU,away,KC,1,1287,Patrick Mahomes,MahoPa00
2022_15_KC_HOU,2022,15,REG,2022-12-18,KC,HOU,home,HOU,2,1277|1289,Jeff Driskel|Davis Mills,DrisJe00|MillDa02
2022_15_LA_GB,2022,15,REG,2022-12-19,LAR,GB,away,LAR,1,1270,Baker Mayfield,MayfBa00
2022_15_LA_GB,2022,15,REG,2022-12-19,LAR,GB,home,GB,1,1271,Aaron Rodgers,RodgAa00
2022_15_MIA_BUF,2022,15,REG,2022-12-17,MIA,BUF,away,MIA,1,1300,Tua Tagovailoa,TagoTu00
2022_15_MIA_BUF,2022,15,REG,2022-12-17,MIA,BUF,home,BUF,1,1296,Josh Allen,AlleJo02
2022_15_NE_LV,2022,15,REG,2022-12-18,NE,LV,away,NE,1,1285,Mac Jones,JoneMa05
2022_15_NE_LV,2022,15,REG,2022-12-18,NE,LV,home,LV,1,1274,Derek Carr,CarrDe02
2022_15_NYG_WAS,2022,15,REG,2022-12-18,NYG,WAS,away,NYG,1,1284,Daniel Jones,JoneDa05
2022_15_NYG_WAS,2022,15,REG,2022-12-18,NYG,WAS,home,WAS,1,1280,Taylor Heinicke,HeinTa00
2022_15_PHI_CHI,2022,15,REG,2022-12-18,PHI,CHI,away,PHI,1,1283,Jalen Hurts,HurtJa00
2022_15_PHI_CHI,2022,15,REG,2022-12-18,PHI,CHI,home,CHI,1,1278,Justin Fields,FielJu00
2022_15_PIT_CAR,2022,15,REG,2022-12-18,PIT,CAR,away,PIT,1,1294,Mitchell Trubisky,TrubMi00
2022_15_PIT_CAR,2022,15,REG,2022-12-18,PIT,CAR,home,CAR,1,1276,Sam Darnold,DarnSa00
2022_15_SF_SEA,2022,15,REG,2022-12-15,SF,SEA,away,SF,1,1302,Brock Purdy,PurdBr00
2022_15_SF_SEA,2022,15,REG,2022-12-15,SF,SEA,home,SEA,1,1303,Geno Smith,SmitGe00
2022_15_TEN_LAC,2022,15,REG,2022-12-18,TEN,LAC,away,TEN,1,1293,Ryan Tannehill,TannRy00
2022_15_TEN_LAC,2022,15,REG,2022-12-18,TEN,LAC,home,LAC,1,1281,Justin Herbert,HerbJu00
2022_16_ATL_BAL,2022,16,REG,2022-12-24,ATL,BAL,away,ATL,1,1263,Desmond Ridder,RiddDe00
2022_16_ATL_BAL,2022,16,REG,2022-12-24,ATL,BAL,home,BAL,1,1254,Tyler Huntley,HuntTy01
2022_16_BUF_CHI,2022,16,REG,2022-12-24,BUF,CHI,away,BUF,1,1244,Josh Allen,AlleJo02
2022_16_BUF_CHI,2022,16,REG,2022-12-24,BUF,CHI,home,CHI,1,1251,Justin Fields,FielJu00
2022_16_CIN_NE,2022,16,REG,2022-12-24,CIN,NE,away,CIN,1,1245,Joe Burrow,BurrJo01
2022_16_CIN_NE,2022,16,REG,2022-12-24,CIN,NE,home,NE,1,1256,Mac Jones,JoneMa05
2022_16_DEN_LA,2022,16,REG,2022-12-25,DEN,LAR,away,DEN,1,1243,Russell Wilson,WilsRu00
2022_16_DEN_LA,2022,16,REG,2022-12-25,DEN,LAR,home,LAR,1,1239,Baker Mayfield,MayfBa00
2022_16_DET_CAR,2022,16,REG,2022-12-24,DET,CAR,away,DET,1,1252,Jared Goff,GoffJa00
2022_16_DET_CAR,2022,16,REG,2022-12-24,DET,CAR,home,CAR,1,1249,Sam Darnold,DarnSa00
2022_16_GB_MIA,2022,16,REG,2022-12-25,GB,MIA,away,GB,1,1241,Aaron Rodgers,RodgAa00
2022_16_GB_MIA,2022,16,REG,2022-12-25,GB,MIA,home,MIA,1,1242,Tua Tagovailoa,TagoTu00
2022_16_HOU_TEN,2022,16,REG,2022-12-24,HOU,TEN,away,HOU,2,1250|1258,Jeff Driskel|Davis Mills,DrisJe00|MillDa02
2022_16_HOU_TEN,2022,16,REG,2022-12-24,HOU,TEN,home,TEN,1,1266,Malik Willis,WillMa12
2022_16_JAX_NYJ,2022,16,REG,2022-12-22,JAX,NYJ,away,JAX,1,1267,Trevor Lawrence,LawrTr00
2022_16_JAX_NYJ,2022,16,REG,2022-12-22,JAX,NYJ,home,NYJ,2,1268|1269,Chris Streveler|Zach Wilson,StreCh00|WilsZa00
2022_16_LAC_IND,2022,16,REG,2022-12-26,LAC,IND,away,LAC,1,1237,Justin Herbert,HerbJu00
2022_16_LAC_IND,2022,16,REG,2022-12-26,LAC,IND,home,IND,1,1236,Nick Foles,FoleNi00
2022_16_LV_PIT,2022,16,REG,2022-12-24,LV,PIT,away,LV,1,1246,Derek Carr,CarrDe02
2022_16_LV_PIT,2022,16,REG,2022-12-24,LV,PIT,home,PIT,1,1260,Kenny Pickett,PickKe00
2022_16_NO_CLE,2022,16,REG,2022-12-24,NO,CLE,away,NO,1,1248,Andy Dalton,DaltAn00
2022_16_NO_CLE,2022,16,REG,2022-12-24,NO,CLE,home,CLE,1,1265,Deshaun Watson,WatsDe00
2022_16_NYG_MIN,2022,16,REG,2022-12-24,NYG,MIN,away,NYG,1,1255,Daniel Jones,JoneDa05
2022_16_NYG_MIN,2022,16,REG,2022-12-24,NYG,MIN,home,MIN,1,1247,Kirk Cousins,CousKi00
2022_16_PHI_DAL,2022,16,REG,2022-12-24,PHI,DAL,away,PHI,1,1259,Gardner Minshew II,MinsGa00
2022_16_PHI_DAL,2022,16,REG,2022-12-24,PHI,DAL,home,DAL,1,1261,Dak Prescott,PresDa01
2022_16_SEA_KC,2022,16,REG,2022-12-24,SEA,KC,away,SEA,1,1264,Geno Smith,SmitGe00
2022_16_SEA_KC,2022,16,REG,2022-12-24,SEA,KC,home,KC,1,1257,Patrick Mahomes,MahoPa00
2022_16_TB_ARI,2022,16,REG,2022-12-25,TB,ARI,away,TB,1,1238,Tom Brady,BradTo00
2022_16_TB_ARI,2022,16,REG,2022-12-25,TB,ARI,home,ARI,1,1240,Trace McSorley,McSoTr00
2022_16_WAS_SF,2022,16,REG,2022-12-24,WAS,SF,away,WAS,1,1253,Taylor Heinicke,HeinTa00
2022_16_WAS_SF,2022,16,REG,2022-12-24,WAS,SF,home,SF,1,1262,Brock Purdy,PurdBr00
2022_17_ARI_ATL,2022,17,REG,2023-01-01,ARI,ATL,away,ARI,1,1206,David Blough,BlouDa00
2022_17_ARI_ATL,2022,17,REG,2023-01-01,ARI,ATL,home,ATL,1,1226,Desmond Ridder,RiddDe00
2022_17_CAR_TB,2022,17,REG,2023-01-01,CAR,TB,away,CAR,1,1211,Sam Darnold,DarnSa00
2022_17_CAR_TB,2022,17,REG,2023-01-01,CAR,TB,home,TB,1,1207,Tom Brady,BradTo00
2022_17_CHI_DET,2022,17,REG,2023-01-01,CHI,DET,away,CHI,1,1212,Justin Fields,FielJu00
2022_17_CHI_DET,2022,17,REG,2023-01-01,CHI,DET,home,DET,1,1214,Jared Goff,GoffJa00
2022_17_CLE_WAS,2022,17,REG,2023-01-01,CLE,WAS,away,CLE,1,1230,Deshaun Watson,WatsDe00
2022_17_CLE_WAS,2022,17,REG,2023-01-01,CLE,WAS,home,WAS,1,1231,Carson Wentz,WentCa00
2022_17_DAL_TEN,2022,17,REG,2022-12-29,DAL,TEN,away,DAL,1,1235,Dak Prescott,PresDa01
2022_17_DAL_TEN,2022,17,REG,2022-12-29,DAL,TEN,home,TEN,1,1234,Joshua Dobbs,DobbJo00
2022_17_DEN_KC,2022,17,REG,2023-01-01,DEN,KC,away,DEN,1,1233,Russell Wilson,WilsRu00
2022_17_DEN_KC,2022,17,REG,2023-01-01,DEN,KC,home,KC,1,1220,Patrick Mahomes,MahoPa00
2022_17_IND_NYG,2022,17,REG,2023-01-01,IND,NYG,away,IND,1,1213,Nick Foles,FoleNi00
2022_17_IND_NYG,2022,17,REG,2023-01-01,IND,NYG,home,NYG,1,1217,Daniel Jones,JoneDa05
2022_17_JAX_HOU,2022,17,REG,2023-01-01,JAX,HOU,away,JAX,1,1219,Trevor Lawrence,LawrTr00
2022_17_JAX_HOU,2022,17,REG,2023-01-01,JAX,HOU,home,HOU,1,1222,Davis Mills,MillDa02
2022_17_LA_LAC,2022,17,REG,2023-01-01,LAR,LAC,away,LAR,1,1221,Baker Mayfield,MayfBa00
2022_17_LA_LAC,2022,17,REG,2023-01-01,LAR,LAC,home,LAC,1,1215,Justin Herbert,HerbJu00
2022_17_MIA_NE,2022,17,REG,2023-01-01,MIA,NE,away,MIA,1,1208,Teddy Bridgewater,BridTe00
2022_17_MIA_NE,2022,17,REG,2023-01-01,MIA,NE,home,NE,1,1218,Mac Jones,JoneMa05
2022_17_MIN_GB,2022,17,REG,2023-01-01,MIN,GB,away,MIN,1,1209,Kirk Cousins,CousKi00
2022_17_MIN_GB,2022,17,REG,2023-01-01,MIN,GB,home,GB,1,1227,Aaron Rodgers,RodgAa00
2022_17_NO_PHI,2022,17,REG,2023-01-01,NO,PHI,away,NO,1,1210,Andy Dalton,DaltAn00
2022_17_NO_PHI,2022,17,REG,2023-01-01,NO,PHI,home,PHI,1,1223,Gardner Minshew II,MinsGa00
2022_17_NYJ_SEA,2022,17,REG,2023-01-01,NYJ,SEA,away,NYJ,1,1232,Mike White,WhitMi01
2022_17_NYJ_SEA,2022,17,REG,2023-01-01,NYJ,SEA,home,SEA,1,1228,Geno Smith,SmitGe00
2022_17_PIT_BAL,2022,17,REG,2023-01-01,PIT,BAL,away,PIT,1,1224,Kenny Pickett,PickKe00
2022_17_PIT_BAL,2022,17,REG,2023-01-01,PIT,BAL,home,BAL,1,1216,Tyler Huntley,HuntTy01
2022_17_SF_LV,2022,17,REG,2023-01-01,SF,LV,away,SF,1,1225,Brock Purdy,PurdBr00
2022_17_SF_LV,2022,17,REG,2023-01-01,SF,LV,home,LV,1,1229,Jarrett Stidham,StidJa00
2022_18_ARI_SF,2022,18,REG,2023-01-08,ARI,SF,away,ARI,1,1175,David Blough,BlouDa00
2022_18_ARI_SF,2022,18,REG,2023-01-08,ARI,SF,home,SF,1,1194,Brock Purdy,PurdBr00
2022_18_BAL_CIN,2022,18,REG,2023-01-08,BAL,CIN,away,BAL,1,1177,Anthony Brown,BrowAn06
2022_18_BAL_CIN,2022,18,REG,2023-01-08,BAL,CIN,home,CIN,1,1178,Joe Burrow,BurrJo01
2022_18_CAR_NO,2022,18,REG,2023-01-08,CAR,NO,away,CAR,1,1181,Sam Darnold,DarnSa00
2022_18_CAR_NO,2022,18,REG,2023-01-08,CAR,NO,home,NO,1,1180,Andy Dalton,DaltAn00
2022_18_CLE_PIT,2022,18,REG,2023-01-08,CLE,PIT,away,CLE,1,1199,Deshaun Watson,WatsDe00
2022_18_CLE_PIT,2022,18,REG,2023-01-08,CLE,PIT,home,PIT,1,1192,Kenny Pickett,PickKe00
2022_18_DAL_WAS,2022,18,REG,2023-01-08,DAL,WAS,away,DAL,1,1193,Dak Prescott,PresDa01
2022_18_DAL_WAS,2022,18,REG,2023-01-08,DAL,WAS,home,WAS,1,1186,Sam Howell,HoweSa00
2022_18_DET_GB,2022,18,REG,2023-01-08,DET,GB,away,DET,1,1184,Jared Goff,GoffJa00
2022_18_DET_GB,2022,18,REG,2023-01-08,DET,GB,home,GB,1,1196,Aaron Rodgers,RodgAa00
2022_18_HOU_IND,2022,18,REG,2023-01-08,HOU,IND,away,HOU,1,1190,Davis Mills,MillDa02
2022_18_HOU_IND,2022,18,REG,2023-01-08,HOU,IND,home,IND,1,1182,Sam Ehlinger,EhliSa00
2022_18_KC_LV,2022,18,REG,2023-01-07,KC,LV,away,KC,1,1204,Patrick Mahomes,MahoPa00
2022_18_KC_LV,2022,18,REG,2023-01-07,KC,LV,home,LV,1,1205,Jarrett Stidham,StidJa00
2022_18_LAC_DEN,2022,18,REG,2023-01-08,LAC,DEN,away,LAC,1,1185,Justin Herbert,HerbJu00
2022_18_LAC_DEN,2022,18,REG,2023-01-08,LAC,DEN,home,DEN,1,1201,Russell Wilson,WilsRu00
2022_18_LA_SEA,2022,18,REG,2023-01-08,LAR,SEA,away,LAR,1,1189,Baker Mayfield,MayfBa00
2022_18_LA_SEA,2022,18,REG,2023-01-08,LAR,SEA,home,SEA,1,1197,Geno Smith,SmitGe00
2022_18_MIN_CHI,2022,18,REG,2023-01-08,MIN,CHI,away,MIN,1,1179,Kirk Cousins,CousKi00
2022_18_MIN_CHI,2022,18,REG,2023-01-08,MIN,CHI,home,CHI,1,1191,Nathan Peterman,PeteNa00
2022_18_NE_BUF,2022,18,REG,2023-01-08,NE,BUF,away,NE,1,1188,Mac Jones,JoneMa05
2022_18_NE_BUF,2022,18,REG,2023-01-08,NE,BUF,home,BUF,1,1174,Josh Allen,AlleJo02
2022_18_NYG_PHI,2022,18,REG,2023-01-08,NYG,PHI,away,NYG,1,1200,Davis Webb,WebbDa00
2022_18_NYG_PHI,2022,18,REG,2023-01-08,NYG,PHI,home,PHI,1,1187,Jalen Hurts,HurtJa00
2022_18_NYJ_MIA,2022,18,REG,2023-01-08,NYJ,MIA,away,NYJ,1,1183,Joe Flacco,FlacJo00
2022_18_NYJ_MIA,2022,18,REG,2023-01-08,NYJ,MIA,home,MIA,1,1198,Skylar Thompson,ThomSk00
2022_18_TB_ATL,2022,18,REG,2023-01-08,TB,ATL,away,TB,1,1176,Tom Brady,BradTo00
2022_18_TB_ATL,2022,18,REG,2023-01-08,TB,ATL,home,ATL,1,1195,Desmond Ridder,RiddDe00
2022_18_TEN_JAX,2022,18,REG,2023-01-07,TEN,JAX,away,TEN,1,1202,Joshua Dobbs,DobbJo00
2022_18_TEN_JAX,2022,18,REG,2023-01-07,TEN,JAX,home,JAX,1,1203,Trevor Lawrence,LawrTr00
2022_19_BAL_CIN,2022,19,WC,2023-01-15,BAL,CIN,away,BAL,1,1167,Tyler Huntley,HuntTy01
2022_19_BAL_CIN,2022,19,WC,2023-01-15,BAL,CIN,home,CIN,1,1165,Joe Burrow,BurrJo01
2022_19_DAL_TB,2022,19,WC,2023-01-16,DAL,TB,away,DAL,1,1163,Dak Prescott,PresDa01
2022_19_DAL_TB,2022,19,WC,2023-01-16,DAL,TB,home,TB,1,1162,Tom Brady,BradTo00
2022_19_LAC_JAX,2022,19,WC,2023-01-14,LAC,JAX,away,LAC,1,1170,Justin Herbert,HerbJu00
2022_19_LAC_JAX,2022,19,WC,2023-01-14,LAC,JAX,home,JAX,1,1171,Trevor Lawrence,LawrTr00
2022_19_MIA_BUF,2022,19,WC,2023-01-15,MIA,BUF,away,MIA,1,1169,Skylar Thompson,ThomSk00
2022_19_MIA_BUF,2022,19,WC,2023-01-15,MIA,BUF,home,BUF,1,1164,Josh Allen,AlleJo02
2022_19_NYG_MIN,2022,19,WC,2023-01-15,NYG,MIN,away,NYG,1,1168,Daniel Jones,JoneDa05
2022_19_NYG_MIN,2022,19,WC,2023-01-15,NYG,MIN,home,MIN,1,1166,Kirk Cousins,CousKi00
2022_19_SEA_SF,2022,19,WC,2023-01-14,SEA,SF,away,SEA,1,1173,Geno Smith,SmitGe00
2022_19_SEA_SF,2022,19,WC,2023-01-14,SEA,SF,home,SF,1,1172,Brock Purdy,PurdBr00
2022_20_CIN_BUF,2022,20,DIV,2023-01-22,CIN,BUF,away,CIN,1,1155,Joe Burrow,BurrJo01
2022_20_CIN_BUF,2022,20,DIV,2023-01-22,CIN,BUF,home,BUF,1,1154,Josh Allen,AlleJo02
2022_20_DAL_SF,2022,20,DIV,2023-01-22,DAL,SF,away,DAL,1,1156,Dak Prescott,PresDa01
2022_20_DAL_SF,2022,20,DIV,2023-01-22,DAL,SF,home,SF,1,1157,Brock Purdy,PurdBr00
2022_20_JAX_KC,2022,20,DIV,2023-01-21,JAX,KC,away,JAX,1,1160,Trevor Lawrence,LawrTr00
2022_20_JAX_KC,2022,20,DIV,2023-01-21,JAX,KC,home,KC,1,1161,Patrick Mahomes,MahoPa00
2022_20_NYG_PHI,2022,20,DIV,2023-01-21,NYG,PHI,away,NYG,1,1159,Daniel Jones,JoneDa05
2022_20_NYG_PHI,2022,20,DIV,2023-01-21,NYG,PHI,home,PHI,1,1158,Jalen Hurts,HurtJa00
2022_21_CIN_KC,2022,21,CON,2023-01-29,CIN,KC,away,CIN,1,1150,Joe Burrow,BurrJo01
2022_21_CIN_KC,2022,21,CON,2023-01-29,CIN,KC,home,KC,1,1152,Patrick Mahomes,MahoPa00
2022_21_SF_PHI,2022,21,CON,2023-01-29,SF,PHI,away,SF,1,1153,Brock Purdy,PurdBr00
2022_21_SF_PHI,2022,21,CON,2023-01-29,SF,PHI,home,PHI,1,1151,Jalen Hurts,HurtJa00
2022_22_KC_PHI,2022,22,SB,2023-02-12,KC,PHI,away,KC,1,1149,Patrick Mahomes,MahoPa00
2022_22_KC_PHI,2022,22,SB,2023-02-12,KC,PHI,home,PHI,1,1148,Jalen Hurts,HurtJa00
2023_01_ARI_WAS,2023,1,REG,2023-09-10,ARI,WAS,away,ARI,1,1121,Joshua Dobbs,DobbJo00
2023_01_ARI_WAS,2023,1,REG,2023-09-10,ARI,WAS,home,WAS,1,1125,Sam Howell,HoweSa00
2023_01_BUF_NYJ,2023,1,REG,2023-09-11,BUF,NYJ,away,BUF,1,1116,Josh Allen,AlleJo02
2023_01_BUF_NYJ,2023,1,REG,2023-09-11,BUF,NYJ,home,NYJ,1,1117,Aaron Rodgers,RodgAa00
2023_01_CAR_ATL,2023,1,REG,2023-09-10,CAR,ATL,away,CAR,1,1145,Bryce Young,YounBr01
2023_01_CAR_ATL,2023,1,REG,2023-09-10,CAR,ATL,home,ATL,1,1137,Desmond Ridder,RiddDe00
2023_01_CIN_CLE,2023,1,REG,2023-09-10,CIN,CLE,away,CIN,1,1118,Joe Burrow,BurrJo01
2023_01_CIN_CLE,2023,1,REG,2023-09-10,CIN,CLE,home,CLE,1,1143,Deshaun Watson,WatsDe00
2023_01_DAL_NYG,2023,1,REG,2023-09-10,DAL,NYG,away,DAL,1,1134,Dak Prescott,PresDa01
2023_01_DAL_NYG,2023,1,REG,2023-09-10,DAL,NYG,home,NYG,1,1128,Daniel Jones,JoneDa05
2023_01_DET_KC,2023,1,REG,2023-09-07,DET,KC,away,DET,1,1146,Jared Goff,GoffJa00
2023_01_DET_KC,2023,1,REG,2023-09-07,DET,KC,home,KC,1,1147,Patrick Mahomes,MahoPa00
2023_01_GB_CHI,2023,1,REG,2023-09-10,GB,CHI,away,GB,1,1131,Jordan Love,LoveJo03
2023_01_GB_CHI,2023,1,REG,2023-09-10,GB,CHI,home,CHI,1,1122,Justin Fields,FielJu00
2023_01_HOU_BAL,2023,1,REG,2023-09-10,HOU,BAL,away,HOU,1,1140,C.J. Stroud,StroCJ00
2023_01_HOU_BAL,2023,1,REG,2023-09-10,HOU,BAL,home,BAL,1,1127,Lamar Jackson,JackLa00
2023_01_JAX_IND,2023,1,REG,2023-09-10,JAX,IND,away,JAX,1,1130,Trevor Lawrence,LawrTr00
2023_01_JAX_IND,2023,1,REG,2023-09-10,JAX,IND,home,IND,1,1136,Anthony Richardson,RichAn03
2023_01_LA_SEA,2023,1,REG,2023-09-10,LAR,SEA,away,LAR,1,1139,Matthew Stafford,StafMa00
2023_01_LA_SEA,2023,1,REG,2023-09-10,LAR,SEA,home,SEA,1,1138,Geno Smith,SmitGe00
2023_01_LV_DEN,2023,1,REG,2023-09-10,LV,DEN,away,LV,1,1123,Jimmy Garoppolo,GaroJi00
2023_01_LV_DEN,2023,1,REG,2023-09-10,LV,DEN,home,DEN,1,1144,Russell Wilson,WilsRu00
2023_01_MIA_LAC,2023,1,REG,2023-09-10,MIA,LAC,away,MIA,1,1141,Tua Tagovailoa,TagoTu00
2023_01_MIA_LAC,2023,1,REG,2023-09-10,MIA,LAC,home,LAC,1,1124,Justin Herbert,HerbJu00
2023_01_PHI_NE,2023,1,REG,2023-09-10,PHI,NE,away,PHI,1,1126,Jalen Hurts,HurtJa00
2023_01_PHI_NE,2023,1,REG,2023-09-10,PHI,NE,home,NE,1,1129,Mac Jones,JoneMa05
2023_01_SF_PIT,2023,1,REG,2023-09-10,SF,PIT,away,SF,1,1135,Brock Purdy,PurdBr00
2023_01_SF_PIT,2023,1,REG,2023-09-10,SF,PIT,home,PIT,1,1133,Kenny Pickett,PickKe00
2023_01_TB_MIN,2023,1,REG,2023-09-10,TB,MIN,away,TB,1,1132,Baker Mayfield,MayfBa00
2023_01_TB_MIN,2023,1,REG,2023-09-10,TB,MIN,home,MIN,1,1120,Kirk Cousins,CousKi00
2023_01_TEN_NO,2023,1,REG,2023-09-10,TEN,NO,away,TEN,1,1142,Ryan Tannehill,TannRy00
2023_01_TEN_NO,2023,1,REG,2023-09-10,TEN,NO,home,NO,1,1119,Derek Carr,CarrDe02
2023_02_BAL_CIN,2023,2,REG,2023-09-17,BAL,CIN,away,BAL,1,1096,Lamar Jackson,JackLa00
2023_02_BAL_CIN,2023,2,REG,2023-09-17,BAL,CIN,home,CIN,1,1089,Joe Burrow,BurrJo01
2023_02_CHI_TB,2023,2,REG,2023-09-17,CHI,TB,away,CHI,1,1091,Justin Fields,FielJu00
2023_02_CHI_TB,2023,2,REG,2023-09-17,CHI,TB,home,TB,1,1102,Baker Mayfield,MayfBa00
2023_02_CLE_PIT,2023,2,REG,2023-09-18,CLE,PIT,away,CLE,1,1086,Deshaun Watson,WatsDe00
2023_02_CLE_PIT,2023,2,REG,2023-09-18,CLE,PIT,home,PIT,1,1085,Kenny Pickett,PickKe00
2023_02_GB_ATL,2023,2,REG,2023-09-17,GB,ATL,away,GB,1,1100,Jordan Love,LoveJo03
2023_02_GB_ATL,2023,2,REG,2023-09-17,GB,ATL,home,ATL,1,1106,Desmond Ridder,RiddDe00
2023_02_IND_HOU,2023,2,REG,2023-09-17,IND,HOU,away,IND,1,1105,Anthony Richardson,RichAn03
2023_02_IND_HOU,2023,2,REG,2023-09-17,IND,HOU,home,HOU,1,1109,C.J. Stroud,StroCJ00
2023_02_KC_JAX,2023,2,REG,2023-09-17,KC,JAX,away,KC,1,1101,Patrick Mahomes,MahoPa00
2023_02_KC_JAX,2023,2,REG,2023-09-17,KC,JAX,home,JAX,1,1099,Trevor Lawrence,LawrTr00
2023_02_LAC_TEN,2023,2,REG,2023-09-17,LAC,TEN,away,LAC,1,1094,Justin Herbert,HerbJu00
2023_02_LAC_TEN,2023,2,REG,2023-09-17,LAC,TEN,home,TEN,1,1111,Ryan Tannehill,TannRy00
2023_02_LV_BUF,2023,2,REG,2023-09-17,LV,BUF,away,LV,1,1092,Jimmy Garoppolo,GaroJi00
2023_02_LV_BUF,2023,2,REG,2023-09-17,LV,BUF,home,BUF,1,1088,Josh Allen,AlleJo02
2023_02_MIA_NE,2023,2,REG,2023-09-17,MIA,NE,away,MIA,1,1110,Tua Tagovailoa,TagoTu00
2023_02_MIA_NE,2023,2,REG,2023-09-17,MIA,NE,home,NE,1,1098,Mac Jones,JoneMa05
2023_02_MIN_PHI,2023,2,REG,2023-09-14,MIN,PHI,away,MIN,1,1114,Kirk Cousins,CousKi00
2023_02_MIN_PHI,2023,2,REG,2023-09-14,MIN,PHI,home,PHI,1,1115,Jalen Hurts,HurtJa00
2023_02_NO_CAR,2023,2,REG,2023-09-18,NO,CAR,away,NO,2,1083|1084,Derek Carr|Taysom Hill,CarrDe02|HillTa00
2023_02_NO_CAR,2023,2,REG,2023-09-18,NO,CAR,home,CAR,1,1087,Bryce Young,YounBr01
2023_02_NYG_ARI,2023,2,REG,2023-09-17,NYG,ARI,away,NYG,1,1097,Daniel Jones,JoneDa05
2023_02_NYG_ARI,2023,2,REG,2023-09-17,NYG,ARI,home,ARI,1,1090,Joshua Dobbs,DobbJo00
2023_02_NYJ_DAL,2023,2,REG,2023-09-17,NYJ,DAL,away,NYJ,1,1113,Zach Wilson,WilsZa00
2023_02_NYJ_DAL,2023,2,REG,2023-09-17,NYJ,DAL,home,DAL,1,1103,Dak Prescott,PresDa01
2023_02_SEA_DET,2023,2,REG,2023-09-17,SEA,DET,away,SEA,1,1107,Geno Smith,SmitGe00
2023_02_SEA_DET,2023,2,REG,2023-09-17,SEA,DET,home,DET,1,1093,Jared Goff,GoffJa00
2023_02_SF_LA,2023,2,REG,2023-09-17,SF,LAR,away,SF,1,1104,Brock Purdy,PurdBr00
2023_02_SF_LA,2023,2,REG,2023-09-17,SF,LAR,home,LAR,1,1108,Matthew Stafford,StafMa00
2023_02_WAS_DEN,2023,2,REG,2023-09-17,WAS,DEN,away,WAS,1,1095,Sam Howell,HoweSa00
2023_02_WAS_DEN,2023,2,REG,2023-09-17,WAS,DEN,home,DEN,1,1112,Russell Wilson,WilsRu00
2023_03_ATL_DET,2023,3,REG,2023-09-24,ATL,DET,away,ATL,1,1073,Desmond Ridder,RiddDe00
2023_03_ATL_DET,2023,3,REG,2023-09-24,ATL,DET,home,DET,1,1062,Jared Goff,GoffJa00
2023_03_BUF_WAS,2023,3,REG,2023-09-24,BUF,WAS,away,BUF,1,1055,Josh Allen,AlleJo02
2023_03_BUF_WAS,2023,3,REG,2023-09-24,BUF,WAS,home,WAS,1,1064,Sam Howell,HoweSa00
2023_03_CAR_SEA,2023,3,REG,2023-09-24,CAR,SEA,away,CAR,1,1058,Andy Dalton,DaltAn00
2023_03_CAR_SEA,2023,3,REG,2023-09-24,CAR,SEA,home,SEA,1,1074,Geno Smith,SmitGe00
2023_03_CHI_KC,2023,3,REG,2023-09-24,CHI,KC,away,CHI,1,1060,Justin Fields,FielJu00
2023_03_CHI_KC,2023,3,REG,2023-09-24,CHI,KC,home,KC,1,1069,Patrick Mahomes,MahoPa00
2023_03_DAL_ARI,2023,3,REG,2023-09-24,DAL,ARI,away,DAL,1,1072,Dak Prescott,PresDa01
2023_03_DAL_ARI,2023,3,REG,2023-09-24,DAL,ARI,home,ARI,1,1059,Joshua Dobbs,DobbJo00
2023_03_DEN_MIA,2023,3,REG,2023-09-24,DEN,MIA,away,DEN,1,1079,Russell Wilson,WilsRu00
2023_03_DEN_MIA,2023,3,REG,2023-09-24,DEN,MIA,home,MIA,1,1076,Tua Tagovailoa,TagoTu00
2023_03_HOU_JAX,2023,3,REG,2023-09-24,HOU,JAX,away,HOU,1,1075,C.J. Stroud,StroCJ00
2023_03_HOU_JAX,2023,3,REG,2023-09-24,HOU,JAX,home,JAX,1,1067,Trevor Lawrence,LawrTr00
2023_03_IND_BAL,2023,3,REG,2023-09-24,IND,BAL,away,IND,1,1070,Gardner Minshew II,MinsGa00
2023_03_IND_BAL,2023,3,REG,2023-09-24,IND,BAL,home,BAL,1,1065,Lamar Jackson,JackLa00
2023_03_LAC_MIN,2023,3,REG,2023-09-24,LAC,MIN,away,LAC,1,1063,Justin Herbert,HerbJu00
2023_03_LAC_MIN,2023,3,REG,2023-09-24,LAC,MIN,home,MIN,1,1057,Kirk Cousins,CousKi00
2023_03_LA_CIN,2023,3,REG,2023-09-25,LAR,CIN,away,LAR,1,1054,Matthew Stafford,StafMa00
2023_03_LA_CIN,2023,3,REG,2023-09-25,LAR,CIN,home,CIN,1,1051,Joe Burrow,BurrJo01
2023_03_NE_NYJ,2023,3,REG,2023-09-24,NE,NYJ,away,NE,1,1066,Mac Jones,JoneMa05
2023_03_NE_NYJ,2023,3,REG,2023-09-24,NE,NYJ,home,NYJ,1,1080,Zach Wilson,WilsZa00
2023_03_NO_GB,2023,3,REG,2023-09-24,NO,GB,away,NO,1,1056,Derek Carr,CarrDe02
2023_03_NO_GB,2023,3,REG,2023-09-24,NO,GB,home,GB,1,1068,Jordan Love,LoveJo03
2023_03_NYG_SF,2023,3,REG,2023-09-21,NYG,SF,away,NYG,1,1081,Daniel Jones,JoneDa05
2023_03_NYG_SF,2023,3,REG,2023-09-21,NYG,SF,home,SF,1,1082,Brock Purdy,PurdBr00
2023_03_PHI_TB,2023,3,REG,2023-09-25,PHI,TB,away,PHI,1,1052,Jalen Hurts,HurtJa00
2023_03_PHI_TB,2023,3,REG,2023-09-25,PHI,TB,home,TB,1,1053,Baker Mayfield,MayfBa00
2023_03_PIT_LV,2023,3,REG,2023-09-24,PIT,LV,away,PIT,1,1071,Kenny Pickett,PickKe00
2023_03_PIT_LV,2023,3,REG,2023-09-24,PIT,LV,home,LV,1,1061,Jimmy Garoppolo,GaroJi00
2023_03_TEN_CLE,2023,3,REG,2023-09-24,TEN,CLE,away,TEN,1,1077,Ryan Tannehill,TannRy00
2023_03_TEN_CLE,2023,3,REG,2023-09-24,TEN,CLE,home,CLE,1,1078,Deshaun Watson,WatsDe00
2023_04_ARI_SF,2023,4,REG,2023-10-01,ARI,SF,away,ARI,1,1024,Joshua Dobbs,DobbJo00
2023_04_ARI_SF,2023,4,REG,2023-10-01,ARI,SF,home,SF,1,1038,Brock Purdy,PurdBr00
2023_04_ATL_JAX,2023,4,REG,2023-10-01,ATL,JAX,away,ATL,1,1040,Desmond Ridder,RiddDe00
2023_04_ATL_JAX,2023,4,REG,2023-10-01,ATL,JAX,home,JAX,1,1032,Trevor Lawrence,LawrTr00
2023_04_BAL_CLE,2023,4,REG,2023-10-01,BAL,CLE,away,BAL,1,1030,Lamar Jackson,JackLa00
2023_04_BAL_CLE,2023,4,REG,2023-10-01,BAL,CLE,home,CLE,1,1045,Dorian Thompson-Robinson,ThomDo02
2023_04_CIN_TEN,2023,4,REG,2023-10-01,CIN,TEN,away,CIN,1,1021,Joe Burrow,BurrJo01
2023_04_CIN_TEN,2023,4,REG,2023-10-01,CIN,TEN,home,TEN,1,1044,Ryan Tannehill,TannRy00
2023_04_DEN_CHI,2023,4,REG,2023-10-01,DEN,CHI,away,DEN,1,1046,Russell Wilson,WilsRu00
2023_04_DEN_CHI,2023,4,REG,2023-10-01,DEN,CHI,home,CHI,1,1025,Justin Fields,FielJu00
2023_04_DET_GB,2023,4,REG,2023-09-28,DET,GB,away,DET,1,1049,Jared Goff,GoffJa00
2023_04_DET_GB,2023,4,REG,2023-09-28,DET,GB,home,GB,1,1050,Jordan Love,LoveJo03
2023_04_KC_NYJ,2023,4,REG,2023-10-01,KC,NYJ,away,KC,1,1033,Patrick Mahomes,MahoPa00
2023_04_KC_NYJ,2023,4,REG,2023-10-01,KC,NYJ,home,NYJ,1,1047,Zach Wilson,WilsZa00
2023_04_LA_IND,2023,4,REG,2023-10-01,LAR,IND,away,LAR,1,1041,Matthew Stafford,StafMa00
2023_04_LA_IND,2023,4,REG,2023-10-01,LAR,IND,home,IND,1,1039,Anthony Richardson,RichAn03
2023_04_LV_LAC,2023,4,REG,2023-10-01,LV,LAC,away,LV,1,1035,Aidan O'Connell,OConAi00
2023_04_LV_LAC,2023,4,REG,2023-10-01,LV,LAC,home,LAC,1,1026,Justin Herbert,HerbJu00
2023_04_MIA_BUF,2023,4,REG,2023-10-01,MIA,BUF,away,MIA,1,1043,Tua Tagovailoa,TagoTu00
2023_04_MIA_BUF,2023,4,REG,2023-10-01,MIA,BUF,home,BUF,1,1020,Josh Allen,AlleJo02
2023_04_MIN_CAR,2023,4,REG,2023-10-01,MIN,CAR,away,MIN,1,1023,Kirk Cousins,CousKi00
2023_04_MIN_CAR,2023,4,REG,2023-10-01,MIN,CAR,home,CAR,1,1048,Bryce Young,YounBr01
2023_04_NE_DAL,2023,4,REG,2023-10-01,NE,DAL,away,NE,1,1031,Mac Jones,JoneMa05
2023_04_NE_DAL,2023,4,REG,2023-10-01,NE,DAL,home,DAL,1,1037,Dak Prescott,PresDa01
2023_04_PIT_HOU,2023,4,REG,2023-10-01,PIT,HOU,away,PIT,1,1036,Kenny Pickett,PickKe00
2023_04_PIT_HOU,2023,4,REG,2023-10-01,PIT,HOU,home,HOU,1,1042,C.J. Stroud,StroCJ00
2023_04_SEA_NYG,2023,4,REG,2023-10-02,SEA,NYG,away,SEA,1,1019,Geno Smith,SmitGe00
2023_04_SEA_NYG,2023,4,REG,2023-10-02,SEA,NYG,home,NYG,1,1018,Daniel Jones,JoneDa05
2023_04_TB_NO,2023,4,REG,2023-10-01,TB,NO,away,TB,1,1034,Baker Mayfield,MayfBa00
2023_04_TB_NO,2023,4,REG,2023-10-01,TB,NO,home,NO,2,1022|1027,Derek Carr|Taysom Hill,CarrDe02|HillTa00
2023_04_WAS_PHI,2023,4,REG,2023-10-01,WAS,PHI,away,WAS,1,1028,Sam Howell,HoweSa00
2023_04_WAS_PHI,2023,4,REG,2023-10-01,WAS,PHI,home,PHI,1,1029,Jalen Hurts,HurtJa00
2023_05_BAL_PIT,2023,5,REG,2023-10-08,BAL,PIT,away,BAL,1,999,Lamar Jackson,JackLa00
2023_05_BAL_PIT,2023,5,REG,2023-10-08,BAL,PIT,home,PIT,1,1004,Kenny Pickett,PickKe00
2023_05_CAR_DET,2023,5,REG,2023-10-08,CAR,DET,away,CAR,1,1015,Bryce Young,YounBr01
2023_05_CAR_DET,2023,5,REG,2023-10-08,CAR,DET,home,DET,1,997,Jared Goff,GoffJa00
2023_05_CHI_WAS,2023,5,REG,2023-10-05,CHI,WAS,away,CHI,1,1016,Justin Fields,FielJu00
2023_05_CHI_WAS,2023,5,REG,2023-10-05,CHI,WAS,home,WAS,1,1017,Sam Howell,HoweSa00
2023_05_CIN_ARI,2023,5,REG,2023-10-08,CIN,ARI,away,CIN,1,993,Joe Burrow,BurrJo01
2023_05_CIN_ARI,2023,5,REG,2023-10-08,CIN,ARI,home,ARI,1,996,Joshua Dobbs,DobbJo00
2023_05_DAL_SF,2023,5,REG,2023-10-08,DAL,SF,away,DAL,1,1005,Dak Prescott,PresDa01
2023_05_DAL_SF,2023,5,REG,2023-10-08,DAL,SF,home,SF,1,1006,Brock Purdy,PurdBr00
2023_05_GB_LV,2023,5,REG,2023-10-09,GB,LV,away,GB,1,991,Jordan Love,LoveJo03
2023_05_GB_LV,2023,5,REG,2023-10-09,GB,LV,home,LV,1,990,Jimmy Garoppolo,GaroJi00
2023_05_HOU_ATL,2023,5,REG,2023-10-08,HOU,ATL,away,HOU,1,1010,C.J. Stroud,StroCJ00
2023_05_HOU_ATL,2023,5,REG,2023-10-08,HOU,ATL,home,ATL,1,1008,Desmond Ridder,RiddDe00
2023_05_JAX_BUF,2023,5,REG,2023-10-08,JAX,BUF,away,JAX,1,1002,Trevor Lawrence,LawrTr00
2023_05_JAX_BUF,2023,5,REG,2023-10-08,JAX,BUF,home,BUF,1,992,Josh Allen,AlleJo02
2023_05_KC_MIN,2023,5,REG,2023-10-08,KC,MIN,away,KC,1,1003,Patrick Mahomes,MahoPa00
2023_05_KC_MIN,2023,5,REG,2023-10-08,KC,MIN,home,MIN,1,995,Kirk Cousins,CousKi00
2023_05_NO_NE,2023,5,REG,2023-10-08,NO,NE,away,NO,1,994,Derek Carr,CarrDe02
2023_05_NO_NE,2023,5,REG,2023-10-08,NO,NE,home,NE,1,1001,Mac Jones,JoneMa05
2023_05_NYG_MIA,2023,5,REG,2023-10-08,NYG,MIA,away,NYG,1,1000,Daniel Jones,JoneDa05
2023_05_NYG_MIA,2023,5,REG,2023-10-08,NYG,MIA,home,MIA,1,1011,Tua Tagovailoa,TagoTu00
2023_05_NYJ_DEN,2023,5,REG,2023-10-08,NYJ,DEN,away,NYJ,1,1014,Zach Wilson,WilsZa00
2023_05_NYJ_DEN,2023,5,REG,2023-10-08,NYJ,DEN,home,DEN,1,1013,Russell Wilson,WilsRu00
2023_05_PHI_LA,2023,5,REG,2023-10-08,PHI,LAR,away,PHI,1,998,Jalen Hurts,HurtJa00
2023_05_PHI_LA,2023,5,REG,2023-10-08,PHI,LAR,home,LAR,1,1009,Matthew Stafford,StafMa00
2023_05_TEN_IND,2023,5,REG,2023-10-08,TEN,IND,away,TEN,1,1012,Ryan Tannehill,TannRy00
2023_05_TEN_IND,2023,5,REG,2023-10-08,TEN,IND,home,IND,1,1007,Anthony Richardson,RichAn03
2023_06_ARI_LA,2023,6,REG,2023-10-15,ARI,LAR,away,ARI,0,,,
2023_06_ARI_LA,2023,6,REG,2023-10-15,ARI,LAR,home,LAR,1,980,Matthew Stafford,StafMa00
2023_06_BAL_TEN,2023,6,REG,2023-10-15,BAL,TEN,away,BAL,1,972,Lamar Jackson,JackLa00
2023_06_BAL_TEN,2023,6,REG,2023-10-15,BAL,TEN,home,TEN,1,983,Ryan Tannehill,TannRy00
2023_06_CAR_MIA,2023,6,REG,2023-10-15,CAR,MIA,away,CAR,1,987,Bryce Young,YounBr01
2023_06_CAR_MIA,2023,6,REG,2023-10-15,CAR,MIA,home,MIA,1,982,Tua Tagovailoa,TagoTu00
2023_06_DAL_LAC,2023,6,REG,2023-10-16,DAL,LAC,away,DAL,0,,,
2023_06_DAL_LAC,2023,6,REG,2023-10-16,DAL,LAC,home,LAC,0,,,
2023_06_DEN_KC,2023,6,REG,2023-10-12,DEN,KC,away,DEN,1,989,Russell Wilson,WilsRu00
2023_06_DEN_KC,2023,6,REG,2023-10-12,DEN,KC,home,KC,1,988,Patrick Mahomes,MahoPa00
2023_06_DET_TB,2023,6,REG,2023-10-15,DET,TB,away,DET,0,,,
2023_06_DET_TB,2023,6,REG,2023-10-15,DET,TB,home,TB,1,975,Baker Mayfield,MayfBa00
2023_06_IND_JAX,2023,6,REG,2023-10-15,IND,JAX,away,IND,1,976,Gardner Minshew II,MinsGa00
2023_06_IND_JAX,2023,6,REG,2023-10-15,IND,JAX,home,JAX,1,974,Trevor Lawrence,LawrTr00
2023_06_MIN_CHI,2023,6,REG,2023-10-15,MIN,CHI,away,MIN,0,,,
2023_06_MIN_CHI,2023,6,REG,2023-10-15,MIN,CHI,home,CHI,0,,,
2023_06_NE_LV,2023,6,REG,2023-10-15,NE,LV,away,NE,1,973,Mac Jones,JoneMa05
2023_06_NE_LV,2023,6,REG,2023-10-15,NE,LV,home,LV,0,,,
2023_06_NO_HOU,2023,6,REG,2023-10-15,NO,HOU,away,NO,0,,,
2023_06_NO_HOU,2023,6,REG,2023-10-15,NO,HOU,home,HOU,1,981,C.J. Stroud,StroCJ00
2023_06_NYG_BUF,2023,6,REG,2023-10-15,NYG,BUF,away,NYG,1,984,Tyrod Taylor,TaylTy00
2023_06_NYG_BUF,2023,6,REG,2023-10-15,NYG,BUF,home,BUF,0,,,
2023_06_PHI_NYJ,2023,6,REG,2023-10-15,PHI,NYJ,away,PHI,1,971,Jalen Hurts,HurtJa00
2023_06_PHI_NYJ,2023,6,REG,2023-10-15,PHI,NYJ,home,NYJ,1,986,Zach Wilson,WilsZa00
2023_06_SEA_CIN,2023,6,REG,2023-10-15,SEA,CIN,away,SEA,1,979,Geno Smith,SmitGe00
2023_06_SEA_CIN,2023,6,REG,2023-10-15,SEA,CIN,home,CIN,0,,,
2023_06_SF_CLE,2023,6,REG,2023-10-15,SF,CLE,away,SF,1,977,Brock Purdy,PurdBr00
2023_06_SF_CLE,2023,6,REG,2023-10-15,SF,CLE,home,CLE,1,985,P.J. Walker,WalkPh00
2023_06_WAS_ATL,2023,6,REG,2023-10-15,WAS,ATL,away,WAS,0,,,
2023_06_WAS_ATL,2023,6,REG,2023-10-15,WAS,ATL,home,ATL,1,978,Desmond Ridder,RiddDe00
2023_07_ARI_SEA,2023,7,REG,2023-10-22,ARI,SEA,away,ARI,1,951,Joshua Dobbs,DobbJo00
2023_07_ARI_SEA,2023,7,REG,2023-10-22,ARI,SEA,home,SEA,1,969,Geno Smith,SmitGe00
2023_07_ATL_TB,2023,7,REG,2023-10-22,ATL,TB,away,ATL,1,954,Desmond Ridder,RiddDe00
2023_07_ATL_TB,2023,7,REG,2023-10-22,ATL,TB,home,TB,1,964,Baker Mayfield,MayfBa00
2023_07_BUF_NE,2023,7,REG,2023-10-22,BUF,NE,away,BUF,1,947,Josh Allen,AlleJo02
2023_07_BUF_NE,2023,7,REG,2023-10-22,BUF,NE,home,NE,1,959,Mac Jones,JoneMa05
2023_07_CLE_IND,2023,7,REG,2023-10-22,CLE,IND,away,CLE,0,,,
2023_07_CLE_IND,2023,7,REG,2023-10-22,CLE,IND,home,IND,1,965,Gardner Minshew II,MinsGa00
2023_07_DET_BAL,2023,7,REG,2023-10-22,DET,BAL,away,DET,1,953,Jared Goff,GoffJa00
2023_07_DET_BAL,2023,7,REG,2023-10-22,DET,BAL,home,BAL,1,958,Lamar Jackson,JackLa00
2023_07_GB_DEN,2023,7,REG,2023-10-22,GB,DEN,away,GB,1,962,Jordan Love,LoveJo03
2023_07_GB_DEN,2023,7,REG,2023-10-22,GB,DEN,home,DEN,0,,,
2023_07_JAX_NO,2023,7,REG,2023-10-19,JAX,NO,away,JAX,1,960,Trevor Lawrence,LawrTr00
2023_07_JAX_NO,2023,7,REG,2023-10-19,JAX,NO,home,NO,1,949,Derek Carr,CarrDe02
2023_07_LAC_KC,2023,7,REG,2023-10-22,LAC,KC,away,LAC,1,955,Justin Herbert,HerbJu00
2023_07_LAC_KC,2023,7,REG,2023-10-22,LAC,KC,home,KC,1,963,Patrick Mahomes,MahoPa00
2023_07_LV_CHI,2023,7,REG,2023-10-22,LV,CHI,away,LV,2,966|967,Aidan O'Connell|Hoyer Brian,OConAi00|HoyeBr00
2023_07_LV_CHI,2023,7,REG,2023-10-22,LV,CHI,home,CHI,1,948,Tyson Bagent,BageTy00
2023_07_MIA_PHI,2023,7,REG,2023-10-22,MIA,PHI,away,MIA,0,,,
2023_07_MIA_PHI,2023,7,REG,2023-10-22,MIA,PHI,home,PHI,1,957,Jalen Hurts,HurtJa00
2023_07_PIT_LA,2023,7,REG,2023-10-22,PIT,LAR,away,PIT,0,,,
2023_07_PIT_LA,2023,7,REG,2023-10-22,PIT,LAR,home,LAR,1,970,Matthew Stafford,StafMa00
2023_07_SF_MIN,2023,7,REG,2023-10-23,SF,MIN,away,SF,1,968,Brock Purdy,PurdBr00
2023_07_SF_MIN,2023,7,REG,2023-10-23,SF,MIN,home,MIN,1,950,Kirk Cousins,CousKi00
2023_07_WAS_NYG,2023,7,REG,2023-10-22,WAS,NYG,away,WAS,1,956,Sam Howell,HoweSa00
2023_07_WAS_NYG,2023,7,REG,2023-10-22,WAS,NYG,home,NYG,1,952,Tyrod Taylor,TaylTy00
2023_08_ATL_TEN,2023,8,REG,2023-10-29,ATL,TEN,away,ATL,2,920|921,Desmond Ridder|Taylor Heinicke,RiddDe00|HeinTa00
2023_08_ATL_TEN,2023,8,REG,2023-10-29,ATL,TEN,home,TEN,1,928,Will Levis,LeviWi00
2023_08_BAL_ARI,2023,8,REG,2023-10-29,BAL,ARI,away,BAL,1,925,Lamar Jackson,JackLa00
2023_08_BAL_ARI,2023,8,REG,2023-10-29,BAL,ARI,home,ARI,1,916,Joshua Dobbs,DobbJo00
2023_08_CHI_LAC,2023,8,REG,2023-10-29,CHI,LAC,away,CHI,1,911,Tyson Bagent,BageTy00
2023_08_CHI_LAC,2023,8,REG,2023-10-29,CHI,LAC,home,LAC,1,922,Justin Herbert,HerbJu00
2023_08_CIN_SF,2023,8,REG,2023-10-29,CIN,SF,away,CIN,1,912,Joe Burrow,BurrJo01
2023_08_CIN_SF,2023,8,REG,2023-10-29,CIN,SF,home,SF,1,937,Brock Purdy,PurdBr00
2023_08_CLE_SEA,2023,8,REG,2023-10-29,CLE,SEA,away,CLE,1,943,P.J. Walker,WalkPh00
2023_08_CLE_SEA,2023,8,REG,2023-10-29,CLE,SEA,home,SEA,1,938,Geno Smith,SmitGe00
2023_08_HOU_CAR,2023,8,REG,2023-10-29,HOU,CAR,away,HOU,1,941,C.J. Stroud,StroCJ00
2023_08_HOU_CAR,2023,8,REG,2023-10-29,HOU,CAR,home,CAR,1,946,Bryce Young,YounBr01
2023_08_JAX_PIT,2023,8,REG,2023-10-29,JAX,PIT,away,JAX,1,927,Trevor Lawrence,LawrTr00
2023_08_JAX_PIT,2023,8,REG,2023-10-29,JAX,PIT,home,PIT,2,934|935,Kenny Pickett|Mitchell Trubisky,PickKe00|TrubMi00
2023_08_KC_DEN,2023,8,REG,2023-10-29,KC,DEN,away,KC,1,930,Patrick Mahomes,MahoPa00
2023_08_KC_DEN,2023,8,REG,2023-10-29,KC,DEN,home,DEN,1,945,Russell Wilson,WilsRu00
2023_08_LA_DAL,2023,8,REG,2023-10-29,LAR,DAL,away,LAR,2,939|940,Matthew Stafford|Brett Rypien,StafMa00|RypiBr00
2023_08_LA_DAL,2023,8,REG,2023-10-29,LAR,DAL,home,DAL,1,936,Dak Prescott,PresDa01
2023_08_LV_DET,2023,8,REG,2023-10-30,LV,DET,away,LV,1,933,Jimmy Garoppolo,GaroJi00
2023_08_LV_DET,2023,8,REG,2023-10-30,LV,DET,home,DET,1,919,Jared Goff,GoffJa00
2023_08_MIN_GB,2023,8,REG,2023-10-29,MIN,GB,away,MIN,2,914|915,Kirk Cousins|Jaren Hall,CousKi00|HallJa00
2023_08_MIN_GB,2023,8,REG,2023-10-29,MIN,GB,home,GB,1,929,Jordan Love,LoveJo03
2023_08_NE_MIA,2023,8,REG,2023-10-29,NE,MIA,away,NE,1,926,Mac Jones,JoneMa05
2023_08_NE_MIA,2023,8,REG,2023-10-29,NE,MIA,home,MIA,1,942,Tua Tagovailoa,TagoTu00
2023_08_NO_IND,2023,8,REG,2023-10-29,NO,IND,away,NO,1,913,Derek Carr,CarrDe02
2023_08_NO_IND,2023,8,REG,2023-10-29,NO,IND,home,IND,1,932,Gardner Minshew II,MinsGa00
2023_08_NYJ_NYG,2023,8,REG,2023-10-29,NYJ,NYG,away,NYJ,1,944,Zach Wilson,WilsZa00
2023_08_NYJ_NYG,2023,8,REG,2023-10-29,NYJ,NYG,home,NYG,2,917|918,Tyrod Taylor|Tommy DeVito,TaylTy00|DeViTo00
2023_08_PHI_WAS,2023,8,REG,2023-10-29,PHI,WAS,away,PHI,1,924,Jalen Hurts,HurtJa00
2023_08_PHI_WAS,2023,8,REG,2023-10-29,PHI,WAS,home,WAS,1,923,Sam Howell,HoweSa00
2023_08_TB_BUF,2023,8,REG,2023-10-26,TB,BUF,away,TB,1,931,Baker Mayfield,MayfBa00
2023_08_TB_BUF,2023,8,REG,2023-10-26,TB,BUF,home,BUF,1,910,Josh Allen,AlleJo02
2023_09_ARI_CLE,2023,9,REG,2023-11-05,ARI,CLE,away,ARI,1,897,Clayton Tune,TuneCl00
2023_09_ARI_CLE,2023,9,REG,2023-11-05,ARI,CLE,home,CLE,1,906,Deshaun Watson,WatsDe00
2023_09_BUF_CIN,2023,9,REG,2023-11-05,BUF,CIN,away,BUF,0,,,
2023_09_BUF_CIN,2023,9,REG,2023-11-05,BUF,CIN,home,CIN,1,879,Joe Burrow,BurrJo01
2023_09_CHI_NO,2023,9,REG,2023-11-05,CHI,NO,away,CHI,1,878,Tyson Bagent,BageTy00
2023_09_CHI_NO,2023,9,REG,2023-11-05,CHI,NO,home,NO,1,880,Derek Carr,CarrDe02
2023_09_DAL_PHI,2023,9,REG,2023-11-05,DAL,PHI,away,DAL,1,900,Dak Prescott,PresDa01
2023_09_DAL_PHI,2023,9,REG,2023-11-05,DAL,PHI,home,PHI,1,888,Jalen Hurts,HurtJa00
2023_09_IND_CAR,2023,9,REG,2023-11-05,IND,CAR,away,IND,1,896,Gardner Minshew II,MinsGa00
2023_09_IND_CAR,2023,9,REG,2023-11-05,IND,CAR,home,CAR,1,909,Bryce Young,YounBr01
2023_09_LAC_NYJ,2023,9,REG,2023-11-06,LAC,NYJ,away,LAC,1,886,Justin Herbert,HerbJu00
2023_09_LAC_NYJ,2023,9,REG,2023-11-06,LAC,NYJ,home,NYJ,1,907,Zach Wilson,WilsZa00
2023_09_LA_GB,2023,9,REG,2023-11-05,LAR,GB,away,LAR,1,903,Brett Rypien,RypiBr00
2023_09_LA_GB,2023,9,REG,2023-11-05,LAR,GB,home,GB,1,893,Jordan Love,LoveJo03
2023_09_MIA_KC,2023,9,REG,2023-11-05,MIA,KC,away,MIA,1,905,Tua Tagovailoa,TagoTu00
2023_09_MIA_KC,2023,9,REG,2023-11-05,MIA,KC,home,KC,1,894,Patrick Mahomes,MahoPa00
2023_09_MIN_ATL,2023,9,REG,2023-11-05,MIN,ATL,away,MIN,1,881,Joshua Dobbs,DobbJo00
2023_09_MIN_ATL,2023,9,REG,2023-11-05,MIN,ATL,home,ATL,1,885,Taylor Heinicke,HeinTa00
2023_09_NYG_LV,2023,9,REG,2023-11-05,NYG,LV,away,NYG,2,882|883,Daniel Jones|Tommy DeVito,JoneDa05|DeViTo00
2023_09_NYG_LV,2023,9,REG,2023-11-05,NYG,LV,home,LV,1,898,Aidan O'Connell,OConAi00
2023_09_SEA_BAL,2023,9,REG,2023-11-05,SEA,BAL,away,SEA,1,902,Geno Smith,SmitGe00
2023_09_SEA_BAL,2023,9,REG,2023-11-05,SEA,BAL,home,BAL,1,889,Lamar Jackson,JackLa00
2023_09_TB_HOU,2023,9,REG,2023-11-05,TB,HOU,away,TB,1,895,Baker Mayfield,MayfBa00
2023_09_TB_HOU,2023,9,REG,2023-11-05,TB,HOU,home,HOU,1,904,C.J. Stroud,StroCJ00
2023_09_TEN_PIT,2023,9,REG,2023-11-02,TEN,PIT,away,TEN,1,892,Will Levis,LeviWi00
2023_09_TEN_PIT,2023,9,REG,2023-11-02,TEN,PIT,home,PIT,1,899,Kenny Pickett,PickKe00
2023_09_WAS_NE,2023,9,REG,2023-11-05,WAS,NE,away,WAS,1,887,Sam Howell,HoweSa00
2023_09_WAS_NE,2023,9,REG,2023-11-05,WAS,NE,home,NE,1,890,Mac Jones,JoneMa05
2023_10_ATL_ARI,2023,10,REG,2023-11-12,ATL,ARI,away,ATL,1,852,Taylor Heinicke,HeinTa00
2023_10_ATL_ARI,2023,10,REG,2023-11-12,ATL,ARI,home,ARI,1,864,Kyler Murray,MurrKy00
2023_10_CAR_CHI,2023,10,REG,2023-11-09,CAR,CHI,away,CAR,0,,,
2023_10_CAR_CHI,2023,10,REG,2023-11-09,CAR,CHI,home,CHI,0,,,
2023_10_CLE_BAL,2023,10,REG,2023-11-12,CLE,BAL,away,CLE,1,873,Deshaun Watson,WatsDe00
2023_10_CLE_BAL,2023,10,REG,2023-11-12,CLE,BAL,home,BAL,1,856,Lamar Jackson,JackLa00
2023_10_DEN_BUF,2023,10,REG,2023-11-13,DEN,BUF,away,DEN,0,,,
2023_10_DEN_BUF,2023,10,REG,2023-11-13,DEN,BUF,home,BUF,1,844,Josh Allen,AlleJo02
2023_10_DET_LAC,2023,10,REG,2023-11-12,DET,LAC,away,DET,1,851,Jared Goff,GoffJa00
2023_10_DET_LAC,2023,10,REG,2023-11-12,DET,LAC,home,LAC,1,853,Justin Herbert,HerbJu00
2023_10_GB_PIT,2023,10,REG,2023-11-12,GB,PIT,away,GB,1,860,Jordan Love,LoveJo03
2023_10_GB_PIT,2023,10,REG,2023-11-12,GB,PIT,home,PIT,1,866,Kenny Pickett,PickKe00
2023_10_HOU_CIN,2023,10,REG,2023-11-12,HOU,CIN,away,HOU,1,871,C.J. Stroud,StroCJ00
2023_10_HOU_CIN,2023,10,REG,2023-11-12,HOU,CIN,home,CIN,1,846,Joe Burrow,BurrJo01
2023_10_IND_NE,2023,10,REG,2023-11-12,IND,NE,away,IND,1,863,Gardner Minshew II,MinsGa00
2023_10_IND_NE,2023,10,REG,2023-11-12,IND,NE,home,NE,1,857,Mac Jones,JoneMa05
2023_10_NO_MIN,2023,10,REG,2023-11-12,NO,MIN,away,NO,2,847|848,Derek Carr|Jameis Winston,CarrDe02|WinsJa00
2023_10_NO_MIN,2023,10,REG,2023-11-12,NO,MIN,home,MIN,1,849,Joshua Dobbs,DobbJo00
2023_10_NYG_DAL,2023,10,REG,2023-11-12,NYG,DAL,away,NYG,1,850,Tommy DeVito,DeViTo00
2023_10_NYG_DAL,2023,10,REG,2023-11-12,NYG,DAL,home,DAL,1,867,Dak Prescott,PresDa01
2023_10_NYJ_LV,2023,10,REG,2023-11-12,NYJ,LV,away,NYJ,1,874,Zach Wilson,WilsZa00
2023_10_NYJ_LV,2023,10,REG,2023-11-12,NYJ,LV,home,LV,1,865,Aidan O'Connell,OConAi00
2023_10_SF_JAX,2023,10,REG,2023-11-12,SF,JAX,away,SF,1,868,Brock Purdy,PurdBr00
2023_10_SF_JAX,2023,10,REG,2023-11-12,SF,JAX,home,JAX,1,858,Trevor Lawrence,LawrTr00
2023_10_TEN_TB,2023,10,REG,2023-11-12,TEN,TB,away,TEN,1,859,Will Levis,LeviWi00
2023_10_TEN_TB,2023,10,REG,2023-11-12,TEN,TB,home,TB,1,862,Baker Mayfield,MayfBa00
2023_10_WAS_SEA,2023,10,REG,2023-11-12,WAS,SEA,away,WAS,1,854,Sam Howell,HoweSa00
2023_10_WAS_SEA,2023,10,REG,2023-11-12,WAS,SEA,home,SEA,1,869,Geno Smith,SmitGe00
2023_11_ARI_HOU,2023,11,REG,2023-11-19,ARI,HOU,away,ARI,1,829,Kyler Murray,MurrKy00
2023_11_ARI_HOU,2023,11,REG,2023-11-19,ARI,HOU,home,HOU,1,837,C.J. Stroud,StroCJ00
2023_11_CHI_DET,2023,11,REG,2023-11-19,CHI,DET,away,CHI,1,811,Tyson Bagent,BageTy00
2023_11_CHI_DET,2023,11,REG,2023-11-19,CHI,DET,home,DET,1,817,Jared Goff,GoffJa00
2023_11_CIN_BAL,2023,11,REG,2023-11-16,CIN,BAL,away,CIN,2,814|815,Joe Burrow|Jake Browning,BurrJo01|BrowJa08
2023_11_CIN_BAL,2023,11,REG,2023-11-16,CIN,BAL,home,BAL,1,821,Lamar Jackson,JackLa00
2023_11_DAL_CAR,2023,11,REG,2023-11-19,DAL,CAR,away,DAL,1,832,Dak Prescott,PresDa01
2023_11_DAL_CAR,2023,11,REG,2023-11-19,DAL,CAR,home,CAR,1,843,Bryce Young,YounBr01
2023_11_LAC_GB,2023,11,REG,2023-11-19,LAC,GB,away,LAC,1,818,Justin Herbert,HerbJu00
2023_11_LAC_GB,2023,11,REG,2023-11-19,LAC,GB,home,GB,1,825,Jordan Love,LoveJo03
2023_11_LV_MIA,2023,11,REG,2023-11-19,LV,MIA,away,LV,1,830,Aidan O'Connell,OConAi00
2023_11_LV_MIA,2023,11,REG,2023-11-19,LV,MIA,home,MIA,1,838,Tua Tagovailoa,TagoTu00
2023_11_MIN_DEN,2023,11,REG,2023-11-19,MIN,DEN,away,MIN,1,813,Joshua Dobbs,DobbJo00
2023_11_MIN_DEN,2023,11,REG,2023-11-19,MIN,DEN,home,DEN,1,842,Russell Wilson,WilsRu00
2023_11_NYG_WAS,2023,11,REG,2023-11-19,NYG,WAS,away,NYG,1,816,Tommy DeVito,DeViTo00
2023_11_NYG_WAS,2023,11,REG,2023-11-19,NYG,WAS,home,WAS,1,819,Sam Howell,HoweSa00
2023_11_NYJ_BUF,2023,11,REG,2023-11-19,NYJ,BUF,away,NYJ,1,841,Zach Wilson,WilsZa00
2023_11_NYJ_BUF,2023,11,REG,2023-11-19,NYJ,BUF,home,BUF,1,810,Josh Allen,AlleJo02
2023_11_PHI_KC,2023,11,REG,2023-11-20,PHI,KC,away,PHI,1,820,Jalen Hurts,HurtJa00
2023_11_PHI_KC,2023,11,REG,2023-11-20,PHI,KC,home,KC,1,826,Patrick Mahomes,MahoPa00
2023_11_PIT_CLE,2023,11,REG,2023-11-19,PIT,CLE,away,PIT,1,831,Kenny Pickett,PickKe00
2023_11_PIT_CLE,2023,11,REG,2023-11-19,PIT,CLE,home,CLE,2,839|840,Deshaun Watson|Dorian Thompson-Robinson,WatsDe00|ThomDo02
2023_11_SEA_LA,2023,11,REG,2023-11-19,SEA,LAR,away,SEA,1,835,Geno Smith,SmitGe00
2023_11_SEA_LA,2023,11,REG,2023-11-19,SEA,LAR,home,LAR,1,836,Matthew Stafford,StafMa00
2023_11_TB_SF,2023,11,REG,2023-11-19,TB,SF,away,TB,1,827,Baker Mayfield,MayfBa00
2023_11_TB_SF,2023,11,REG,2023-11-19,TB,SF,home,SF,1,833,Brock Purdy,PurdBr00
2023_11_TEN_JAX,2023,11,REG,2023-11-19,TEN,JAX,away,TEN,1,824,Will Levis,LeviWi00
2023_11_TEN_JAX,2023,11,REG,2023-11-19,TEN,JAX,home,JAX,1,823,Trevor Lawrence,LawrTr00
2023_12_BAL_LAC,2023,12,REG,2023-11-26,BAL,LAC,away,BAL,1,790,Lamar Jackson,JackLa00
2023_12_BAL_LAC,2023,12,REG,2023-11-26,BAL,LAC,home,LAC,1,788,Justin Herbert,HerbJu00
2023_12_BUF_PHI,2023,12,REG,2023-11-26,BUF,PHI,away,BUF,1,784,Josh Allen,AlleJo02
2023_12_BUF_PHI,2023,12,REG,2023-11-26,BUF,PHI,home,PHI,1,789,Jalen Hurts,HurtJa00
2023_12_CAR_TEN,2023,12,REG,2023-11-26,CAR,TEN,away,CAR,1,809,Bryce Young,YounBr01
2023_12_CAR_TEN,2023,12,REG,2023-11-26,CAR,TEN,home,TEN,1,793,Will Levis,LeviWi00
2023_12_CHI_MIN,2023,12,REG,2023-11-27,CHI,MIN,away,CHI,1,783,Justin Fields,FielJu00
2023_12_CHI_MIN,2023,12,REG,2023-11-27,CHI,MIN,home,MIN,1,782,Joshua Dobbs,DobbJo00
2023_12_CLE_DEN,2023,12,REG,2023-11-26,CLE,DEN,away,CLE,0,,,
2023_12_CLE_DEN,2023,12,REG,2023-11-26,CLE,DEN,home,DEN,0,,,
2023_12_GB_DET,2023,12,REG,2023-11-23,GB,DET,away,GB,0,,,
2023_12_GB_DET,2023,12,REG,2023-11-23,GB,DET,home,DET,0,,,
2023_12_JAX_HOU,2023,12,REG,2023-11-26,JAX,HOU,away,JAX,1,792,Trevor Lawrence,LawrTr00
2023_12_JAX_HOU,2023,12,REG,2023-11-26,JAX,HOU,home,HOU,1,805,C.J. Stroud,StroCJ00
2023_12_KC_LV,2023,12,REG,2023-11-26,KC,LV,away,KC,1,794,Patrick Mahomes,MahoPa00
2023_12_KC_LV,2023,12,REG,2023-11-26,KC,LV,home,LV,1,798,Aidan O'Connell,OConAi00
2023_12_LA_ARI,2023,12,REG,2023-11-26,LAR,ARI,away,LAR,1,804,Matthew Stafford,StafMa00
2023_12_LA_ARI,2023,12,REG,2023-11-26,LAR,ARI,home,ARI,1,797,Kyler Murray,MurrKy00
2023_12_MIA_NYJ,2023,12,REG,2023-11-24,MIA,NYJ,away,MIA,1,806,Tua Tagovailoa,TagoTu00
2023_12_MIA_NYJ,2023,12,REG,2023-11-24,MIA,NYJ,home,NYJ,2,807|808,Tim Boyle|Zach Wilson,BoylTi00|WilsZa00
2023_12_NE_NYG,2023,12,REG,2023-11-26,NE,NYG,away,NE,1,791,Mac Jones,JoneMa05
2023_12_NE_NYG,2023,12,REG,2023-11-26,NE,NYG,home,NYG,1,787,Tommy DeVito,DeViTo00
2023_12_NO_ATL,2023,12,REG,2023-11-26,NO,ATL,away,NO,1,786,Derek Carr,CarrDe02
2023_12_NO_ATL,2023,12,REG,2023-11-26,NO,ATL,home,ATL,1,800,Desmond Ridder,RiddDe00
2023_12_PIT_CIN,2023,12,REG,2023-11-26,PIT,CIN,away,PIT,1,799,Kenny Pickett,PickKe00
2023_12_PIT_CIN,2023,12,REG,2023-11-26,PIT,CIN,home,CIN,1,785,Jake Browning,BrowJa08
2023_12_SF_SEA,2023,12,REG,2023-11-23,SF,SEA,away,SF,1,802,Brock Purdy,PurdBr00
2023_12_SF_SEA,2023,12,REG,2023-11-23,SF,SEA,home,SEA,1,803,Geno Smith,SmitGe00
2023_12_TB_IND,2023,12,REG,2023-11-26,TB,IND,away,TB,1,795,Baker Mayfield,MayfBa00
2023_12_TB_IND,2023,12,REG,2023-11-26,TB,IND,home,IND,1,796,Gardner Minshew II,MinsGa00
2023_12_WAS_DAL,2023,12,REG,2023-11-23,WAS,DAL,away,WAS,0,,,
2023_12_WAS_DAL,2023,12,REG,2023-11-23,WAS,DAL,home,DAL,0,,,
2023_13_ARI_PIT,2023,13,REG,2023-12-03,ARI,PIT,away,ARI,1,772,Kyler Murray,MurrKy00
2023_13_ARI_PIT,2023,13,REG,2023-12-03,ARI,PIT,home,PIT,1,774,Kenny Pickett,PickKe00
2023_13_ATL_NYJ,2023,13,REG,2023-12-03,ATL,NYJ,away,ATL,1,776,Desmond Ridder,RiddDe00
2023_13_ATL_NYJ,2023,13,REG,2023-12-03,ATL,NYJ,home,NYJ,1,777,Trevor Siemian,SiemTr00
2023_13_CAR_TB,2023,13,REG,2023-12-03,CAR,TB,away,CAR,0,,,
2023_13_CAR_TB,2023,13,REG,2023-12-03,CAR,TB,home,TB,1,770,Baker Mayfield,MayfBa00
2023_13_CIN_JAX,2023,13,REG,2023-12-04,CIN,JAX,away,CIN,1,756,Jake Browning,BrowJa08
2023_13_CIN_JAX,2023,13,REG,2023-12-04,CIN,JAX,home,JAX,1,766,Trevor Lawrence,LawrTr00
2023_13_CLE_LA,2023,13,REG,2023-12-03,CLE,LAR,away,CLE,1,760,Joe Flacco,FlacJo00
2023_13_CLE_LA,2023,13,REG,2023-12-03,CLE,LAR,home,LAR,1,778,Matthew Stafford,StafMa00
2023_13_DEN_HOU,2023,13,REG,2023-12-03,DEN,HOU,away,DEN,0,,,
2023_13_DEN_HOU,2023,13,REG,2023-12-03,DEN,HOU,home,HOU,1,779,C.J. Stroud,StroCJ00
2023_13_DET_NO,2023,13,REG,2023-12-03,DET,NO,away,DET,1,761,Jared Goff,GoffJa00
2023_13_DET_NO,2023,13,REG,2023-12-03,DET,NO,home,NO,1,757,Derek Carr,CarrDe02
2023_13_IND_TEN,2023,13,REG,2023-12-03,IND,TEN,away,IND,1,771,Gardner Minshew II,MinsGa00
2023_13_IND_TEN,2023,13,REG,2023-12-03,IND,TEN,home,TEN,1,767,Will Levis,LeviWi00
2023_13_KC_GB,2023,13,REG,2023-12-03,KC,GB,away,KC,1,769,Patrick Mahomes,MahoPa00
2023_13_KC_GB,2023,13,REG,2023-12-03,KC,GB,home,GB,1,768,Jordan Love,LoveJo03
2023_13_LAC_NE,2023,13,REG,2023-12-03,LAC,NE,away,LAC,1,762,Justin Herbert,HerbJu00
2023_13_LAC_NE,2023,13,REG,2023-12-03,LAC,NE,home,NE,0,,,
2023_13_MIA_WAS,2023,13,REG,2023-12-03,MIA,WAS,away,MIA,1,780,Tua Tagovailoa,TagoTu00
2023_13_MIA_WAS,2023,13,REG,2023-12-03,MIA,WAS,home,WAS,1,763,Sam Howell,HoweSa00
2023_13_SEA_DAL,2023,13,REG,2023-11-30,SEA,DAL,away,SEA,1,781,Geno Smith,SmitGe00
2023_13_SEA_DAL,2023,13,REG,2023-11-30,SEA,DAL,home,DAL,0,,,
2023_13_SF_PHI,2023,13,REG,2023-12-03,SF,PHI,away,SF,1,775,Brock Purdy,PurdBr00
2023_13_SF_PHI,2023,13,REG,2023-12-03,SF,PHI,home,PHI,1,764,Jalen Hurts,HurtJa00
2023_14_BUF_KC,2023,14,REG,2023-12-10,BUF,KC,away,BUF,1,723,Josh Allen,AlleJo02
2023_14_BUF_KC,2023,14,REG,2023-12-10,BUF,KC,home,KC,1,738,Patrick Mahomes,MahoPa00
2023_14_CAR_NO,2023,14,REG,2023-12-10,CAR,NO,away,CAR,1,753,Bryce Young,YounBr01
2023_14_CAR_NO,2023,14,REG,2023-12-10,CAR,NO,home,NO,1,725,Derek Carr,CarrDe02
2023_14_DEN_LAC,2023,14,REG,2023-12-10,DEN,LAC,away,DEN,0,,,
2023_14_DEN_LAC,2023,14,REG,2023-12-10,DEN,LAC,home,LAC,1,731,Justin Herbert,HerbJu00
2023_14_DET_CHI,2023,14,REG,2023-12-10,DET,CHI,away,DET,1,730,Jared Goff,GoffJa00
2023_14_DET_CHI,2023,14,REG,2023-12-10,DET,CHI,home,CHI,1,728,Justin Fields,FielJu00
2023_14_GB_NYG,2023,14,REG,2023-12-11,GB,NYG,away,GB,1,737,Jordan Love,LoveJo03
2023_14_GB_NYG,2023,14,REG,2023-12-11,GB,NYG,home,NYG,1,727,Tommy DeVito,DeViTo00
2023_14_HOU_NYJ,2023,14,REG,2023-12-10,HOU,NYJ,away,HOU,1,748,C.J. Stroud,StroCJ00
2023_14_HOU_NYJ,2023,14,REG,2023-12-10,HOU,NYJ,home,NYJ,1,752,Zach Wilson,WilsZa00
2023_14_IND_CIN,2023,14,REG,2023-12-10,IND,CIN,away,IND,1,740,Gardner Minshew II,MinsGa00
2023_14_IND_CIN,2023,14,REG,2023-12-10,IND,CIN,home,CIN,1,724,Jake Browning,BrowJa08
2023_14_JAX_CLE,2023,14,REG,2023-12-10,JAX,CLE,away,JAX,1,735,Trevor Lawrence,LawrTr00
2023_14_JAX_CLE,2023,14,REG,2023-12-10,JAX,CLE,home,CLE,2,729|751,Joe Flacco|Deshaun Watson,FlacJo00|WatsDe00
2023_14_LA_BAL,2023,14,REG,2023-12-10,LAR,BAL,away,LAR,1,747,Matthew Stafford,StafMa00
2023_14_LA_BAL,2023,14,REG,2023-12-10,LAR,BAL,home,BAL,1,734,Lamar Jackson,JackLa00
2023_14_MIN_LV,2023,14,REG,2023-12-10,MIN,LV,away,MIN,1,726,Joshua Dobbs,DobbJo00
2023_14_MIN_LV,2023,14,REG,2023-12-10,MIN,LV,home,LV,1,742,Aidan O'Connell,OConAi00
2023_14_NE_PIT,2023,14,REG,2023-12-07,NE,PIT,away,NE,1,754,Bailey Zappe,ZappBa00
2023_14_NE_PIT,2023,14,REG,2023-12-07,NE,PIT,home,PIT,1,750,Mitchell Trubisky,TrubMi00
2023_14_PHI_DAL,2023,14,REG,2023-12-10,PHI,DAL,away,PHI,1,733,Jalen Hurts,HurtJa00
2023_14_PHI_DAL,2023,14,REG,2023-12-10,PHI,DAL,home,DAL,1,743,Dak Prescott,PresDa01
2023_14_SEA_SF,2023,14,REG,2023-12-10,SEA,SF,away,SEA,1,746,Geno Smith,SmitGe00
2023_14_SEA_SF,2023,14,REG,2023-12-10,SEA,SF,home,SF,1,744,Brock Purdy,PurdBr00
2023_14_TB_ATL,2023,14,REG,2023-12-10,TB,ATL,away,TB,1,739,Baker Mayfield,MayfBa00
2023_14_TB_ATL,2023,14,REG,2023-12-10,TB,ATL,home,ATL,1,745,Desmond Ridder,RiddDe00
2023_14_TEN_MIA,2023,14,REG,2023-12-11,TEN,MIA,away,TEN,1,736,Will Levis,LeviWi00
2023_14_TEN_MIA,2023,14,REG,2023-12-11,TEN,MIA,home,MIA,1,749,Tua Tagovailoa,TagoTu00
2023_15_ATL_CAR,2023,15,REG,2023-12-17,ATL,CAR,away,ATL,1,710,Desmond Ridder,RiddDe00
2023_15_ATL_CAR,2023,15,REG,2023-12-17,ATL,CAR,home,CAR,1,721,Bryce Young,YounBr01
2023_15_BAL_JAX,2023,15,REG,2023-12-17,BAL,JAX,away,BAL,1,698,Lamar Jackson,JackLa00
2023_15_BAL_JAX,2023,15,REG,2023-12-17,BAL,JAX,home,JAX,1,699,Trevor Lawrence,LawrTr00
2023_15_CHI_CLE,2023,15,REG,2023-12-17,CHI,CLE,away,CHI,1,693,Justin Fields,FielJu00
2023_15_CHI_CLE,2023,15,REG,2023-12-17,CHI,CLE,home,CLE,2,694|719,Joe Flacco|Deshaun Watson,FlacJo00|WatsDe00
2023_15_DAL_BUF,2023,15,REG,2023-12-17,DAL,BUF,away,DAL,1,708,Dak Prescott,PresDa01
2023_15_DAL_BUF,2023,15,REG,2023-12-17,DAL,BUF,home,BUF,1,689,Josh Allen,AlleJo02
2023_15_DEN_DET,2023,15,REG,2023-12-16,DEN,DET,away,DEN,0,,,
2023_15_DEN_DET,2023,15,REG,2023-12-16,DEN,DET,home,DET,1,695,Jared Goff,GoffJa00
2023_15_HOU_TEN,2023,15,REG,2023-12-17,HOU,TEN,away,HOU,1,688,Case Keenum,KeenCa00
2023_15_HOU_TEN,2023,15,REG,2023-12-17,HOU,TEN,home,TEN,1,700,Will Levis,LeviWi00
2023_15_KC_NE,2023,15,REG,2023-12-17,KC,NE,away,KC,1,702,Patrick Mahomes,MahoPa00
2023_15_KC_NE,2023,15,REG,2023-12-17,KC,NE,home,NE,1,722,Bailey Zappe,ZappBa00
2023_15_LAC_LV,2023,15,REG,2023-12-14,LAC,LV,away,LAC,1,715,Easton Stick,SticEa00
2023_15_LAC_LV,2023,15,REG,2023-12-14,LAC,LV,home,LV,1,707,Aidan O'Connell,OConAi00
2023_15_MIN_CIN,2023,15,REG,2023-12-16,MIN,CIN,away,MIN,0,,,
2023_15_MIN_CIN,2023,15,REG,2023-12-16,MIN,CIN,home,CIN,1,690,Jake Browning,BrowJa08
2023_15_NYG_NO,2023,15,REG,2023-12-17,NYG,NO,away,NYG,1,692,Tommy DeVito,DeViTo00
2023_15_NYG_NO,2023,15,REG,2023-12-17,NYG,NO,home,NO,1,691,Derek Carr,CarrDe02
2023_15_NYJ_MIA,2023,15,REG,2023-12-17,NYJ,MIA,away,NYJ,3,711|712|720,Aaron Rodgers|Trevor Siemian|Zach Wilson,RodgAa00|SiemTr00|WilsZa00
2023_15_NYJ_MIA,2023,15,REG,2023-12-17,NYJ,MIA,home,MIA,1,717,Tua Tagovailoa,TagoTu00
2023_15_PHI_SEA,2023,15,REG,2023-12-18,PHI,SEA,away,PHI,1,697,Jalen Hurts,HurtJa00
2023_15_PHI_SEA,2023,15,REG,2023-12-18,PHI,SEA,home,SEA,1,713,Geno Smith,SmitGe00
2023_15_PIT_IND,2023,15,REG,2023-12-16,PIT,IND,away,PIT,1,718,Mitchell Trubisky,TrubMi00
2023_15_PIT_IND,2023,15,REG,2023-12-16,PIT,IND,home,IND,1,704,Gardner Minshew II,MinsGa00
2023_15_SF_ARI,2023,15,REG,2023-12-17,SF,ARI,away,SF,1,709,Brock Purdy,PurdBr00
2023_15_SF_ARI,2023,15,REG,2023-12-17,SF,ARI,home,ARI,1,706,Kyler Murray,MurrKy00
2023_15_TB_GB,2023,15,REG,2023-12-17,TB,GB,away,TB,1,703,Baker Mayfield,MayfBa00
2023_15_TB_GB,2023,15,REG,2023-12-17,TB,GB,home,GB,1,701,Jordan Love,LoveJo03
2023_15_WAS_LA,2023,15,REG,2023-12-17,WAS,LAR,away,WAS,1,696,Sam Howell,HoweSa00
2023_15_WAS_LA,2023,15,REG,2023-12-17,WAS,LAR,home,LAR,1,714,Matthew Stafford,StafMa00
2023_16_ARI_CHI,2023,16,REG,2023-12-24,ARI,CHI,away,ARI,1,672,Kyler Murray,MurrKy00
2023_16_ARI_CHI,2023,16,REG,2023-12-24,ARI,CHI,home,CHI,0,,,
2023_16_BAL_SF,2023,16,REG,2023-12-25,BAL,SF,away,BAL,1,664,Lamar Jackson,JackLa00
2023_16_BAL_SF,2023,16,REG,2023-12-25,BAL,SF,home,SF,1,675,Brock Purdy,PurdBr00
2023_16_BUF_LAC,2023,16,REG,2023-12-23,BUF,LAC,away,BUF,1,660,Josh Allen,AlleJo02
2023_16_BUF_LAC,2023,16,REG,2023-12-23,BUF,LAC,home,LAC,1,680,Easton Stick,SticEa00
2023_16_CIN_PIT,2023,16,REG,2023-12-23,CIN,PIT,away,CIN,0,,,
2023_16_CIN_PIT,2023,16,REG,2023-12-23,CIN,PIT,home,PIT,1,676,Mason Rudolph,RudoMa00
2023_16_CLE_HOU,2023,16,REG,2023-12-24,CLE,HOU,away,CLE,1,684,Deshaun Watson,WatsDe00
2023_16_CLE_HOU,2023,16,REG,2023-12-24,CLE,HOU,home,HOU,1,687,C.J. Stroud,StroCJ00
2023_16_DAL_MIA,2023,16,REG,2023-12-24,DAL,MIA,away,DAL,1,674,Dak Prescott,PresDa01
2023_16_DAL_MIA,2023,16,REG,2023-12-24,DAL,MIA,home,MIA,1,681,Tua Tagovailoa,TagoTu00
2023_16_DET_MIN,2023,16,REG,2023-12-24,DET,MIN,away,DET,0,,,
2023_16_DET_MIN,2023,16,REG,2023-12-24,DET,MIN,home,MIN,1,671,Nick Mullens,MullNi00
2023_16_GB_CAR,2023,16,REG,2023-12-24,GB,CAR,away,GB,1,667,Jordan Love,LoveJo03
2023_16_GB_CAR,2023,16,REG,2023-12-24,GB,CAR,home,CAR,1,685,Bryce Young,YounBr01
2023_16_IND_ATL,2023,16,REG,2023-12-24,IND,ATL,away,IND,1,670,Gardner Minshew II,MinsGa00
2023_16_IND_ATL,2023,16,REG,2023-12-24,IND,ATL,home,ATL,1,661,Taylor Heinicke,HeinTa00
2023_16_JAX_TB,2023,16,REG,2023-12-24,JAX,TB,away,JAX,1,665,Trevor Lawrence,LawrTr00
2023_16_JAX_TB,2023,16,REG,2023-12-24,JAX,TB,home,TB,1,669,Baker Mayfield,MayfBa00
2023_16_LV_KC,2023,16,REG,2023-12-25,LV,KC,away,LV,1,673,Aidan O'Connell,OConAi00
2023_16_LV_KC,2023,16,REG,2023-12-25,LV,KC,home,KC,1,668,Patrick Mahomes,MahoPa00
2023_16_NE_DEN,2023,16,REG,2023-12-24,NE,DEN,away,NE,1,686,Bailey Zappe,ZappBa00
2023_16_NE_DEN,2023,16,REG,2023-12-24,NE,DEN,home,DEN,0,,,
2023_16_NO_LA,2023,16,REG,2023-12-21,NO,LAR,away,NO,0,,,
2023_16_NO_LA,2023,16,REG,2023-12-21,NO,LAR,home,LAR,1,679,Matthew Stafford,StafMa00
2023_16_NYG_PHI,2023,16,REG,2023-12-25,NYG,PHI,away,NYG,0,,,
2023_16_NYG_PHI,2023,16,REG,2023-12-25,NYG,PHI,home,PHI,1,663,Jalen Hurts,HurtJa00
2023_16_SEA_TEN,2023,16,REG,2023-12-24,SEA,TEN,away,SEA,1,678,Geno Smith,SmitGe00
2023_16_SEA_TEN,2023,16,REG,2023-12-24,SEA,TEN,home,TEN,2,666|682,Will Levis|Ryan Tannehill,LeviWi00|TannRy00
2023_16_WAS_NYJ,2023,16,REG,2023-12-24,WAS,NYJ,away,WAS,1,662,Sam Howell,HoweSa00
2023_16_WAS_NYJ,2023,16,REG,2023-12-24,WAS,NYJ,home,NYJ,1,677,Trevor Siemian,SiemTr00
2023_17_ARI_PHI,2023,17,REG,2023-12-31,ARI,PHI,away,ARI,1,645,Kyler Murray,MurrKy00
2023_17_ARI_PHI,2023,17,REG,2023-12-31,ARI,PHI,home,PHI,1,638,Jalen Hurts,HurtJa00
2023_17_ATL_CHI,2023,17,REG,2023-12-31,ATL,CHI,away,ATL,2,636|648,Taylor Heinicke|Desmond Ridder,HeinTa00|RiddDe00
2023_17_ATL_CHI,2023,17,REG,2023-12-31,ATL,CHI,home,CHI,1,634,Justin Fields,FielJu00
2023_17_CAR_JAX,2023,17,REG,2023-12-31,CAR,JAX,away,CAR,1,656,Bryce Young,YounBr01
2023_17_CAR_JAX,2023,17,REG,2023-12-31,CAR,JAX,home,JAX,1,631,C.J. Beathard,BeatC.00
2023_17_CIN_KC,2023,17,REG,2023-12-31,CIN,KC,away,CIN,1,632,Jake Browning,BrowJa08
2023_17_CIN_KC,2023,17,REG,2023-12-31,CIN,KC,home,KC,1,642,Patrick Mahomes,MahoPa00
2023_17_DET_DAL,2023,17,REG,2023-12-30,DET,DAL,away,DET,0,,,
2023_17_DET_DAL,2023,17,REG,2023-12-30,DET,DAL,home,DAL,0,,,
2023_17_GB_MIN,2023,17,REG,2023-12-31,GB,MIN,away,GB,1,641,Jordan Love,LoveJo03
2023_17_GB_MIN,2023,17,REG,2023-12-31,GB,MIN,home,MIN,1,635,Jaren Hall,HallJa00
2023_17_LAC_DEN,2023,17,REG,2023-12-31,LAC,DEN,away,LAC,0,,,
2023_17_LAC_DEN,2023,17,REG,2023-12-31,LAC,DEN,home,DEN,0,,,
2023_17_LA_NYG,2023,17,REG,2023-12-31,LAR,NYG,away,LAR,0,,,
2023_17_LA_NYG,2023,17,REG,2023-12-31,LAR,NYG,home,NYG,1,654,Tyrod Taylor,TaylTy00
2023_17_LV_IND,2023,17,REG,2023-12-31,LV,IND,away,LV,1,646,Aidan O'Connell,OConAi00
2023_17_LV_IND,2023,17,REG,2023-12-31,LV,IND,home,IND,1,644,Gardner Minshew II,MinsGa00
2023_17_MIA_BAL,2023,17,REG,2023-12-31,MIA,BAL,away,MIA,1,653,Tua Tagovailoa,TagoTu00
2023_17_MIA_BAL,2023,17,REG,2023-12-31,MIA,BAL,home,BAL,1,639,Lamar Jackson,JackLa00
2023_17_NE_BUF,2023,17,REG,2023-12-31,NE,BUF,away,NE,1,657,Bailey Zappe,ZappBa00
2023_17_NE_BUF,2023,17,REG,2023-12-31,NE,BUF,home,BUF,1,630,Josh Allen,AlleJo02
2023_17_NO_TB,2023,17,REG,2023-12-31,NO,TB,away,NO,1,633,Derek Carr,CarrDe02
2023_17_NO_TB,2023,17,REG,2023-12-31,NO,TB,home,TB,1,643,Baker Mayfield,MayfBa00
2023_17_NYJ_CLE,2023,17,REG,2023-12-28,NYJ,CLE,away,NYJ,1,658,Trevor Siemian,SiemTr00
2023_17_NYJ_CLE,2023,17,REG,2023-12-28,NYJ,CLE,home,CLE,1,659,Joe Flacco,FlacJo00
2023_17_PIT_SEA,2023,17,REG,2023-12-31,PIT,SEA,away,PIT,1,649,Mason Rudolph,RudoMa00
2023_17_PIT_SEA,2023,17,REG,2023-12-31,PIT,SEA,home,SEA,1,650,Geno Smith,SmitGe00
2023_17_SF_WAS,2023,17,REG,2023-12-31,SF,WAS,away,SF,1,647,Brock Purdy,PurdBr00
2023_17_SF_WAS,2023,17,REG,2023-12-31,SF,WAS,home,WAS,1,637,Sam Howell,HoweSa00
2023_17_TEN_HOU,2023,17,REG,2023-12-31,TEN,HOU,away,TEN,1,640,Will Levis,LeviWi00
2023_17_TEN_HOU,2023,17,REG,2023-12-31,TEN,HOU,home,HOU,0,,,
2023_18_ATL_NO,2023,18,REG,2024-01-07,ATL,NO,away,ATL,1,615,Desmond Ridder,RiddDe00
2023_18_ATL_NO,2023,18,REG,2024-01-07,ATL,NO,home,NO,1,605,Taysom Hill,HillTa00
2023_18_BUF_MIA,2023,18,REG,2024-01-07,BUF,MIA,away,BUF,0,,,
2023_18_BUF_MIA,2023,18,REG,2024-01-07,BUF,MIA,home,MIA,1,620,Tua Tagovailoa,TagoTu00
2023_18_CHI_GB,2023,18,REG,2024-01-07,CHI,GB,away,CHI,1,602,Justin Fields,FielJu00
2023_18_CHI_GB,2023,18,REG,2024-01-07,CHI,GB,home,GB,1,609,Jordan Love,LoveJo03
2023_18_CLE_CIN,2023,18,REG,2024-01-07,CLE,CIN,away,CLE,1,601,Jeff Driskel,DrisJe00
2023_18_CLE_CIN,2023,18,REG,2024-01-07,CLE,CIN,home,CIN,0,,,
2023_18_DAL_WAS,2023,18,REG,2024-01-07,DAL,WAS,away,DAL,1,614,Dak Prescott,PresDa01
2023_18_DAL_WAS,2023,18,REG,2024-01-07,DAL,WAS,home,WAS,1,606,Sam Howell,HoweSa00
2023_18_DEN_LV,2023,18,REG,2024-01-07,DEN,LV,away,DEN,1,619,Jarrett Stidham,StidJa00
2023_18_DEN_LV,2023,18,REG,2024-01-07,DEN,LV,home,LV,1,613,Aidan O'Connell,OConAi00
2023_18_HOU_IND,2023,18,REG,2024-01-06,HOU,IND,away,HOU,1,629,C.J. Stroud,StroCJ00
2023_18_HOU_IND,2023,18,REG,2024-01-06,HOU,IND,home,IND,1,627,Gardner Minshew II,MinsGa00
2023_18_JAX_TEN,2023,18,REG,2024-01-07,JAX,TEN,away,JAX,1,608,Trevor Lawrence,LawrTr00
2023_18_JAX_TEN,2023,18,REG,2024-01-07,JAX,TEN,home,TEN,1,621,Ryan Tannehill,TannRy00
2023_18_KC_LAC,2023,18,REG,2024-01-07,KC,LAC,away,KC,1,603,Blaine Gabbert,GabbBl00
2023_18_KC_LAC,2023,18,REG,2024-01-07,KC,LAC,home,LAC,1,618,Easton Stick,SticEa00
2023_18_LA_SF,2023,18,REG,2024-01-07,LAR,SF,away,LAR,1,623,Carson Wentz,WentCa00
2023_18_LA_SF,2023,18,REG,2024-01-07,LAR,SF,home,SF,0,,,
2023_18_MIN_DET,2023,18,REG,2024-01-07,MIN,DET,away,MIN,1,611,Nick Mullens,MullNi00
2023_18_MIN_DET,2023,18,REG,2024-01-07,MIN,DET,home,DET,1,604,Jared Goff,GoffJa00
2023_18_NYJ_NE,2023,18,REG,2024-01-07,NYJ,NE,away,NYJ,1,616,Trevor Siemian,SiemTr00
2023_18_NYJ_NE,2023,18,REG,2024-01-07,NYJ,NE,home,NE,1,625,Bailey Zappe,ZappBa00
2023_18_PHI_NYG,2023,18,REG,2024-01-07,PHI,NYG,away,PHI,1,607,Jalen Hurts,HurtJa00
2023_18_PHI_NYG,2023,18,REG,2024-01-07,PHI,NYG,home,NYG,1,622,Tyrod Taylor,TaylTy00
2023_18_PIT_BAL,2023,18,REG,2024-01-06,PIT,BAL,away,PIT,1,628,Mason Rudolph,RudoMa00
2023_18_PIT_BAL,2023,18,REG,2024-01-06,PIT,BAL,home,BAL,1,626,Tyler Huntley,HuntTy01
2023_18_SEA_ARI,2023,18,REG,2024-01-07,SEA,ARI,away,SEA,1,617,Geno Smith,SmitGe00
2023_18_SEA_ARI,2023,18,REG,2024-01-07,SEA,ARI,home,ARI,1,612,Kyler Murray,MurrKy00
2023_18_TB_CAR,2023,18,REG,2024-01-07,TB,CAR,away,TB,1,610,Baker Mayfield,MayfBa00
2023_18_TB_CAR,2023,18,REG,2024-01-07,TB,CAR,home,CAR,1,624,Bryce Young,YounBr01
2023_19_CLE_HOU,2023,19,WC,2024-01-13,CLE,HOU,away,CLE,1,597,Joe Flacco,FlacJo00
2023_19_CLE_HOU,2023,19,WC,2024-01-13,CLE,HOU,home,HOU,1,599,C.J. Stroud,StroCJ00
2023_19_GB_DAL,2023,19,WC,2024-01-14,GB,DAL,away,GB,1,594,Jordan Love,LoveJo03
2023_19_GB_DAL,2023,19,WC,2024-01-14,GB,DAL,home,DAL,1,595,Dak Prescott,PresDa01
2023_19_LA_DET,2023,19,WC,2024-01-14,LAR,DET,away,LAR,1,596,Matthew Stafford,StafMa00
2023_19_LA_DET,2023,19,WC,2024-01-14,LAR,DET,home,DET,1,593,Jared Goff,GoffJa00
2023_19_MIA_KC,2023,19,WC,2024-01-13,MIA,KC,away,MIA,1,600,Tua Tagovailoa,TagoTu00
2023_19_MIA_KC,2023,19,WC,2024-01-13,MIA,KC,home,KC,1,598,Patrick Mahomes,MahoPa00
2023_19_PHI_TB,2023,19,WC,2024-01-15,PHI,TB,away,PHI,1,590,Jalen Hurts,HurtJa00
2023_19_PHI_TB,2023,19,WC,2024-01-15,PHI,TB,home,TB,1,591,Baker Mayfield,MayfBa00
2023_19_PIT_BUF,2023,19,WC,2024-01-15,PIT,BUF,away,PIT,1,592,Mason Rudolph,RudoMa00
2023_19_PIT_BUF,2023,19,WC,2024-01-15,PIT,BUF,home,BUF,1,589,Josh Allen,AlleJo02
2023_20_GB_SF,2023,20,DIV,2024-01-20,GB,SF,away,GB,1,586,Jordan Love,LoveJo03
2023_20_GB_SF,2023,20,DIV,2024-01-20,GB,SF,home,SF,1,587,Brock Purdy,PurdBr00
2023_20_HOU_BAL,2023,20,DIV,2024-01-20,HOU,BAL,away,HOU,1,588,C.J. Stroud,StroCJ00
2023_20_HOU_BAL,2023,20,DIV,2024-01-20,HOU,BAL,home,BAL,1,585,Lamar Jackson,JackLa00
2023_20_KC_BUF,2023,20,DIV,2024-01-21,KC,BUF,away,KC,1,583,Patrick Mahomes,MahoPa00
2023_20_KC_BUF,2023,20,DIV,2024-01-21,KC,BUF,home,BUF,1,581,Josh Allen,AlleJo02
2023_20_TB_DET,2023,20,DIV,2024-01-21,TB,DET,away,TB,1,584,Baker Mayfield,MayfBa00
2023_20_TB_DET,2023,20,DIV,2024-01-21,TB,DET,home,DET,1,582,Jared Goff,GoffJa00
2023_21_DET_SF,2023,21,CON,2024-01-28,DET,SF,away,DET,1,577,Jared Goff,GoffJa00
2023_21_DET_SF,2023,21,CON,2024-01-28,DET,SF,home,SF,1,580,Brock Purdy,PurdBr00
2023_21_KC_BAL,2023,21,CON,2024-01-28,KC,BAL,away,KC,1,579,Patrick Mahomes,MahoPa00
2023_21_KC_BAL,2023,21,CON,2024-01-28,KC,BAL,home,BAL,1,578,Lamar Jackson,JackLa00
2023_22_SF_KC,2023,22,SB,2024-02-11,SF,KC,away,SF,1,576,Brock Purdy,PurdBr00
2023_22_SF_KC,2023,22,SB,2024-02-11,SF,KC,home,KC,1,575,Patrick Mahomes,MahoPa00
2024_01_ARI_BUF,2024,1,REG,2024-09-08,ARI,BUF,away,ARI,1,560,Kyler Murray,MurrKy00
2024_01_ARI_BUF,2024,1,REG,2024-09-08,ARI,BUF,home,BUF,1,545,Josh Allen,AlleJo02
2024_01_BAL_KC,2024,1,REG,2024-09-05,BAL,KC,away,BAL,1,573,Lamar Jackson,JackLa00
2024_01_BAL_KC,2024,1,REG,2024-09-05,BAL,KC,home,KC,1,574,Patrick Mahomes,MahoPa00
2024_01_CAR_NO,2024,1,REG,2024-09-08,CAR,NO,away,CAR,1,570,Bryce Young,YounBr01
2024_01_CAR_NO,2024,1,REG,2024-09-08,CAR,NO,home,NO,1,548,Derek Carr,CarrDe02
2024_01_DAL_CLE,2024,1,REG,2024-09-08,DAL,CLE,away,DAL,1,562,Dak Prescott,PresDa01
2024_01_DAL_CLE,2024,1,REG,2024-09-08,DAL,CLE,home,CLE,1,568,Deshaun Watson,WatsDe00
2024_01_DEN_SEA,2024,1,REG,2024-09-08,DEN,SEA,away,DEN,1,561,Bo Nix,NixxBo00
2024_01_DEN_SEA,2024,1,REG,2024-09-08,DEN,SEA,home,SEA,1,564,Geno Smith,SmitGe00
2024_01_GB_PHI,2024,1,REG,2024-09-06,GB,PHI,away,GB,1,572,Jordan Love,LoveJo03
2024_01_GB_PHI,2024,1,REG,2024-09-06,GB,PHI,home,PHI,1,571,Jalen Hurts,HurtJa00
2024_01_HOU_IND,2024,1,REG,2024-09-08,HOU,IND,away,HOU,1,566,C.J. Stroud,StroCJ00
2024_01_HOU_IND,2024,1,REG,2024-09-08,HOU,IND,home,IND,1,563,Anthony Richardson,RichAn03
2024_01_JAX_MIA,2024,1,REG,2024-09-08,JAX,MIA,away,JAX,1,556,Trevor Lawrence,LawrTr00
2024_01_JAX_MIA,2024,1,REG,2024-09-08,JAX,MIA,home,MIA,1,567,Tua Tagovailoa,TagoTu00
2024_01_LA_DET,2024,1,REG,2024-09-08,LAR,DET,away,LAR,1,565,Matthew Stafford,StafMa00
2024_01_LA_DET,2024,1,REG,2024-09-08,LAR,DET,home,DET,1,553,Jared Goff,GoffJa00
2024_01_LV_LAC,2024,1,REG,2024-09-08,LV,LAC,away,LV,1,559,Gardner Minshew II,MinsGa00
2024_01_LV_LAC,2024,1,REG,2024-09-08,LV,LAC,home,LAC,1,554,Justin Herbert,HerbJu00
2024_01_MIN_NYG,2024,1,REG,2024-09-08,MIN,NYG,away,MIN,1,551,Sam Darnold,DarnSa00
2024_01_MIN_NYG,2024,1,REG,2024-09-08,MIN,NYG,home,NYG,1,555,Daniel Jones,JoneDa05
2024_01_NE_CIN,2024,1,REG,2024-09-08,NE,CIN,away,NE,1,546,Jacoby Brissett,BrisJa00
2024_01_NE_CIN,2024,1,REG,2024-09-08,NE,CIN,home,CIN,1,547,Joe Burrow,BurrJo01
2024_01_NYJ_SF,2024,1,REG,2024-09-09,NYJ,SF,away,NYJ,1,544,Aaron Rodgers,RodgAa00
2024_01_NYJ_SF,2024,1,REG,2024-09-09,NYJ,SF,home,SF,1,543,Brock Purdy,PurdBr00
2024_01_PIT_ATL,2024,1,REG,2024-09-08,PIT,ATL,away,PIT,1,552,Justin Fields,FielJu00
2024_01_PIT_ATL,2024,1,REG,2024-09-08,PIT,ATL,home,ATL,1,549,Kirk Cousins,CousKi00
2024_01_TEN_CHI,2024,1,REG,2024-09-08,TEN,CHI,away,TEN,1,557,Will Levis,LeviWi00
2024_01_TEN_CHI,2024,1,REG,2024-09-08,TEN,CHI,home,CHI,1,569,Caleb Williams,WillCa03
2024_01_WAS_TB,2024,1,REG,2024-09-08,WAS,TB,away,WAS,1,550,Jayden Daniels,DaniJa02
2024_01_WAS_TB,2024,1,REG,2024-09-08,WAS,TB,home,TB,1,558,Baker Mayfield,MayfBa00
2024_02_ATL_PHI,2024,2,REG,2024-09-16,ATL,PHI,away,ATL,1,511,Kirk Cousins,CousKi00
2024_02_ATL_PHI,2024,2,REG,2024-09-16,ATL,PHI,home,PHI,1,512,Jalen Hurts,HurtJa00
2024_02_BUF_MIA,2024,2,REG,2024-09-12,BUF,MIA,away,BUF,1,541,Josh Allen,AlleJo02
2024_02_BUF_MIA,2024,2,REG,2024-09-12,BUF,MIA,home,MIA,1,542,Tua Tagovailoa,TagoTu00
2024_02_CHI_HOU,2024,2,REG,2024-09-15,CHI,HOU,away,CHI,1,538,Caleb Williams,WillCa03
2024_02_CHI_HOU,2024,2,REG,2024-09-15,CHI,HOU,home,HOU,1,536,C.J. Stroud,StroCJ00
2024_02_CIN_KC,2024,2,REG,2024-09-15,CIN,KC,away,CIN,1,514,Joe Burrow,BurrJo01
2024_02_CIN_KC,2024,2,REG,2024-09-15,CIN,KC,home,KC,1,525,Patrick Mahomes,MahoPa00
2024_02_CLE_JAX,2024,2,REG,2024-09-15,CLE,JAX,away,CLE,1,537,Deshaun Watson,WatsDe00
2024_02_CLE_JAX,2024,2,REG,2024-09-15,CLE,JAX,home,JAX,1,523,Trevor Lawrence,LawrTr00
2024_02_IND_GB,2024,2,REG,2024-09-15,IND,GB,away,IND,1,532,Anthony Richardson,RichAn03
2024_02_IND_GB,2024,2,REG,2024-09-15,IND,GB,home,GB,1,539,Malik Willis,WillMa12
2024_02_LAC_CAR,2024,2,REG,2024-09-15,LAC,CAR,away,LAC,1,520,Justin Herbert,HerbJu00
2024_02_LAC_CAR,2024,2,REG,2024-09-15,LAC,CAR,home,CAR,1,540,Bryce Young,YounBr01
2024_02_LA_ARI,2024,2,REG,2024-09-15,LAR,ARI,away,LAR,1,535,Matthew Stafford,StafMa00
2024_02_LA_ARI,2024,2,REG,2024-09-15,LAR,ARI,home,ARI,1,528,Kyler Murray,MurrKy00
2024_02_LV_BAL,2024,2,REG,2024-09-15,LV,BAL,away,LV,1,527,Gardner Minshew II,MinsGa00
2024_02_LV_BAL,2024,2,REG,2024-09-15,LV,BAL,home,BAL,1,521,Lamar Jackson,JackLa00
2024_02_NO_DAL,2024,2,REG,2024-09-15,NO,DAL,away,NO,1,515,Derek Carr,CarrDe02
2024_02_NO_DAL,2024,2,REG,2024-09-15,NO,DAL,home,DAL,1,530,Dak Prescott,PresDa01
2024_02_NYG_WAS,2024,2,REG,2024-09-15,NYG,WAS,away,NYG,1,522,Daniel Jones,JoneDa05
2024_02_NYG_WAS,2024,2,REG,2024-09-15,NYG,WAS,home,WAS,1,516,Jayden Daniels,DaniJa02
2024_02_NYJ_TEN,2024,2,REG,2024-09-15,NYJ,TEN,away,NYJ,1,533,Aaron Rodgers,RodgAa00
2024_02_NYJ_TEN,2024,2,REG,2024-09-15,NYJ,TEN,home,TEN,1,524,Will Levis,LeviWi00
2024_02_PIT_DEN,2024,2,REG,2024-09-15,PIT,DEN,away,PIT,1,518,Justin Fields,FielJu00
2024_02_PIT_DEN,2024,2,REG,2024-09-15,PIT,DEN,home,DEN,1,529,Bo Nix,NixxBo00
2024_02_SEA_NE,2024,2,REG,2024-09-15,SEA,NE,away,SEA,1,534,Geno Smith,SmitGe00
2024_02_SEA_NE,2024,2,REG,2024-09-15,SEA,NE,home,NE,1,513,Jacoby Brissett,BrisJa00
2024_02_SF_MIN,2024,2,REG,2024-09-15,SF,MIN,away,SF,1,531,Brock Purdy,PurdBr00
2024_02_SF_MIN,2024,2,REG,2024-09-15,SF,MIN,home,MIN,1,517,Sam Darnold,DarnSa00
2024_02_TB_DET,2024,2,REG,2024-09-15,TB,DET,away,TB,1,526,Baker Mayfield,MayfBa00
2024_02_TB_DET,2024,2,REG,2024-09-15,TB,DET,home,DET,1,519,Jared Goff,GoffJa00
2024_03_BAL_DAL,2024,3,REG,2024-09-22,BAL,DAL,away,BAL,1,491,Lamar Jackson,JackLa00
2024_03_BAL_DAL,2024,3,REG,2024-09-22,BAL,DAL,home,DAL,1,499,Dak Prescott,PresDa01
2024_03_CAR_LV,2024,3,REG,2024-09-22,CAR,LV,away,CAR,1,485,Andy Dalton,DaltAn00
2024_03_CAR_LV,2024,3,REG,2024-09-22,CAR,LV,home,LV,1,496,Gardner Minshew II,MinsGa00
2024_03_CHI_IND,2024,3,REG,2024-09-22,CHI,IND,away,CHI,1,507,Caleb Williams,WillCa03
2024_03_CHI_IND,2024,3,REG,2024-09-22,CHI,IND,home,IND,1,501,Anthony Richardson,RichAn03
2024_03_DEN_TB,2024,3,REG,2024-09-22,DEN,TB,away,DEN,1,498,Bo Nix,NixxBo00
2024_03_DEN_TB,2024,3,REG,2024-09-22,DEN,TB,home,TB,1,495,Baker Mayfield,MayfBa00
2024_03_DET_ARI,2024,3,REG,2024-09-22,DET,ARI,away,DET,1,488,Jared Goff,GoffJa00
2024_03_DET_ARI,2024,3,REG,2024-09-22,DET,ARI,home,ARI,1,497,Kyler Murray,MurrKy00
2024_03_GB_TEN,2024,3,REG,2024-09-22,GB,TEN,away,GB,1,508,Malik Willis,WillMa12
2024_03_GB_TEN,2024,3,REG,2024-09-22,GB,TEN,home,TEN,1,493,Will Levis,LeviWi00
2024_03_HOU_MIN,2024,3,REG,2024-09-22,HOU,MIN,away,HOU,1,504,C.J. Stroud,StroCJ00
2024_03_HOU_MIN,2024,3,REG,2024-09-22,HOU,MIN,home,MIN,1,486,Sam Darnold,DarnSa00
2024_03_JAX_BUF,2024,3,REG,2024-09-23,JAX,BUF,away,JAX,1,482,Trevor Lawrence,LawrTr00
2024_03_JAX_BUF,2024,3,REG,2024-09-23,JAX,BUF,home,BUF,1,479,Josh Allen,AlleJo02
2024_03_KC_ATL,2024,3,REG,2024-09-22,KC,ATL,away,KC,1,494,Patrick Mahomes,MahoPa00
2024_03_KC_ATL,2024,3,REG,2024-09-22,KC,ATL,home,ATL,1,484,Kirk Cousins,CousKi00
2024_03_LAC_PIT,2024,3,REG,2024-09-22,LAC,PIT,away,LAC,1,489,Justin Herbert,HerbJu00
2024_03_LAC_PIT,2024,3,REG,2024-09-22,LAC,PIT,home,PIT,1,487,Justin Fields,FielJu00
2024_03_MIA_SEA,2024,3,REG,2024-09-22,MIA,SEA,away,MIA,1,505,Skylar Thompson,ThomSk00
2024_03_MIA_SEA,2024,3,REG,2024-09-22,MIA,SEA,home,SEA,1,502,Geno Smith,SmitGe00
2024_03_NE_NYJ,2024,3,REG,2024-09-19,NE,NYJ,away,NE,1,509,Jacoby Brissett,BrisJa00
2024_03_NE_NYJ,2024,3,REG,2024-09-19,NE,NYJ,home,NYJ,1,510,Aaron Rodgers,RodgAa00
2024_03_NYG_CLE,2024,3,REG,2024-09-22,NYG,CLE,away,NYG,1,492,Daniel Jones,JoneDa05
2024_03_NYG_CLE,2024,3,REG,2024-09-22,NYG,CLE,home,CLE,1,506,Deshaun Watson,WatsDe00
2024_03_PHI_NO,2024,3,REG,2024-09-22,PHI,NO,away,PHI,1,490,Jalen Hurts,HurtJa00
2024_03_PHI_NO,2024,3,REG,2024-09-22,PHI,NO,home,NO,1,483,Derek Carr,CarrDe02
2024_03_SF_LA,2024,3,REG,2024-09-22,SF,LAR,away,SF,1,500,Brock Purdy,PurdBr00
2024_03_SF_LA,2024,3,REG,2024-09-22,SF,LAR,home,LAR,1,503,Matthew Stafford,StafMa00
2024_03_WAS_CIN,2024,3,REG,2024-09-23,WAS,CIN,away,WAS,1,481,Jayden Daniels,DaniJa02
2024_03_WAS_CIN,2024,3,REG,2024-09-23,WAS,CIN,home,CIN,1,480,Joe Burrow,BurrJo01
2024_04_BUF_BAL,2024,4,REG,2024-09-29,BUF,BAL,away,BUF,1,447,Josh Allen,AlleJo02
2024_04_BUF_BAL,2024,4,REG,2024-09-29,BUF,BAL,home,BAL,1,459,Lamar Jackson,JackLa00
2024_04_CIN_CAR,2024,4,REG,2024-09-29,CIN,CAR,away,CIN,1,449,Joe Burrow,BurrJo01
2024_04_CIN_CAR,2024,4,REG,2024-09-29,CIN,CAR,home,CAR,1,452,Andy Dalton,DaltAn00
2024_04_CLE_LV,2024,4,REG,2024-09-29,CLE,LV,away,CLE,1,475,Deshaun Watson,WatsDe00
2024_04_CLE_LV,2024,4,REG,2024-09-29,CLE,LV,home,LV,1,466,Gardner Minshew II,MinsGa00
2024_04_DAL_NYG,2024,4,REG,2024-09-26,DAL,NYG,away,DAL,1,478,Dak Prescott,PresDa01
2024_04_DAL_NYG,2024,4,REG,2024-09-26,DAL,NYG,home,NYG,1,477,Daniel Jones,JoneDa05
2024_04_DEN_NYJ,2024,4,REG,2024-09-29,DEN,NYJ,away,DEN,1,468,Bo Nix,NixxBo00
2024_04_DEN_NYJ,2024,4,REG,2024-09-29,DEN,NYJ,home,NYJ,1,472,Aaron Rodgers,RodgAa00
2024_04_JAX_HOU,2024,4,REG,2024-09-29,JAX,HOU,away,JAX,1,461,Trevor Lawrence,LawrTr00
2024_04_JAX_HOU,2024,4,REG,2024-09-29,JAX,HOU,home,HOU,1,474,C.J. Stroud,StroCJ00
2024_04_KC_LAC,2024,4,REG,2024-09-29,KC,LAC,away,KC,1,464,Patrick Mahomes,MahoPa00
2024_04_KC_LAC,2024,4,REG,2024-09-29,KC,LAC,home,LAC,1,457,Justin Herbert,HerbJu00
2024_04_LA_CHI,2024,4,REG,2024-09-29,LAR,CHI,away,LAR,1,473,Matthew Stafford,StafMa00
2024_04_LA_CHI,2024,4,REG,2024-09-29,LAR,CHI,home,CHI,1,476,Caleb Williams,WillCa03
2024_04_MIN_GB,2024,4,REG,2024-09-29,MIN,GB,away,MIN,0,,,
2024_04_MIN_GB,2024,4,REG,2024-09-29,MIN,GB,home,GB,1,463,Jordan Love,LoveJo03
2024_04_NE_SF,2024,4,REG,2024-09-29,NE,SF,away,NE,1,448,Jacoby Brissett,BrisJa00
2024_04_NE_SF,2024,4,REG,2024-09-29,NE,SF,home,SF,1,470,Brock Purdy,PurdBr00
2024_04_NO_ATL,2024,4,REG,2024-09-29,NO,ATL,away,NO,1,450,Derek Carr,CarrDe02
2024_04_NO_ATL,2024,4,REG,2024-09-29,NO,ATL,home,ATL,1,451,Kirk Cousins,CousKi00
2024_04_PHI_TB,2024,4,REG,2024-09-29,PHI,TB,away,PHI,1,458,Jalen Hurts,HurtJa00
2024_04_PHI_TB,2024,4,REG,2024-09-29,PHI,TB,home,TB,1,465,Baker Mayfield,MayfBa00
2024_04_PIT_IND,2024,4,REG,2024-09-29,PIT,IND,away,PIT,1,455,Justin Fields,FielJu00
2024_04_PIT_IND,2024,4,REG,2024-09-29,PIT,IND,home,IND,2,456|471,Joe Flacco|Anthony Richardson,FlacJo00|RichAn03
2024_04_SEA_DET,2024,4,REG,2024-09-30,SEA,DET,away,SEA,1,446,Geno Smith,SmitGe00
2024_04_SEA_DET,2024,4,REG,2024-09-30,SEA,DET,home,DET,1,443,Jared Goff,GoffJa00
2024_04_TEN_MIA,2024,4,REG,2024-09-30,TEN,MIA,away,TEN,1,445,Will Levis,LeviWi00
2024_04_TEN_MIA,2024,4,REG,2024-09-30,TEN,MIA,home,MIA,1,444,Tyler Huntley,HuntTy01
2024_04_WAS_ARI,2024,4,REG,2024-09-29,WAS,ARI,away,WAS,1,453,Jayden Daniels,DaniJa02
2024_04_WAS_ARI,2024,4,REG,2024-09-29,WAS,ARI,home,ARI,1,467,Kyler Murray,MurrKy00
2024_05_ARI_SF,2024,5,REG,2024-10-06,ARI,SF,away,ARI,1,431,Kyler Murray,MurrKy00
2024_05_ARI_SF,2024,5,REG,2024-10-06,ARI,SF,home,SF,1,434,Brock Purdy,PurdBr00
2024_05_BAL_CIN,2024,5,REG,2024-10-06,BAL,CIN,away,BAL,1,426,Lamar Jackson,JackLa00
2024_05_BAL_CIN,2024,5,REG,2024-10-06,BAL,CIN,home,CIN,1,419,Joe Burrow,BurrJo01
2024_05_BUF_HOU,2024,5,REG,2024-10-06,BUF,HOU,away,BUF,1,417,Josh Allen,AlleJo02
2024_05_BUF_HOU,2024,5,REG,2024-10-06,BUF,HOU,home,HOU,1,438,C.J. Stroud,StroCJ00
2024_05_CAR_CHI,2024,5,REG,2024-10-06,CAR,CHI,away,CAR,1,420,Andy Dalton,DaltAn00
2024_05_CAR_CHI,2024,5,REG,2024-10-06,CAR,CHI,home,CHI,1,440,Caleb Williams,WillCa03
2024_05_CLE_WAS,2024,5,REG,2024-10-06,CLE,WAS,away,CLE,1,439,Deshaun Watson,WatsDe00
2024_05_CLE_WAS,2024,5,REG,2024-10-06,CLE,WAS,home,WAS,1,421,Jayden Daniels,DaniJa02
2024_05_DAL_PIT,2024,5,REG,2024-10-06,DAL,PIT,away,DAL,1,433,Dak Prescott,PresDa01
2024_05_DAL_PIT,2024,5,REG,2024-10-06,DAL,PIT,home,PIT,1,423,Justin Fields,FielJu00
2024_05_GB_LA,2024,5,REG,2024-10-06,GB,LAR,away,GB,1,429,Jordan Love,LoveJo03
2024_05_GB_LA,2024,5,REG,2024-10-06,GB,LAR,home,LAR,1,437,Matthew Stafford,StafMa00
2024_05_IND_JAX,2024,5,REG,2024-10-06,IND,JAX,away,IND,1,424,Joe Flacco,FlacJo00
2024_05_IND_JAX,2024,5,REG,2024-10-06,IND,JAX,home,JAX,1,428,Trevor Lawrence,LawrTr00
2024_05_LV_DEN,2024,5,REG,2024-10-06,LV,DEN,away,LV,1,430,Gardner Minshew II,MinsGa00
2024_05_LV_DEN,2024,5,REG,2024-10-06,LV,DEN,home,DEN,1,432,Bo Nix,NixxBo00
2024_05_MIA_NE,2024,5,REG,2024-10-06,MIA,NE,away,MIA,1,425,Tyler Huntley,HuntTy01
2024_05_MIA_NE,2024,5,REG,2024-10-06,MIA,NE,home,NE,1,418,Jacoby Brissett,BrisJa00
2024_05_NO_KC,2024,5,REG,2024-10-07,NO,KC,away,NO,1,415,Derek Carr,CarrDe02
2024_05_NO_KC,2024,5,REG,2024-10-07,NO,KC,home,KC,1,416,Patrick Mahomes,MahoPa00
2024_05_NYG_SEA,2024,5,REG,2024-10-06,NYG,SEA,away,NYG,1,427,Daniel Jones,JoneDa05
2024_05_NYG_SEA,2024,5,REG,2024-10-06,NYG,SEA,home,SEA,1,436,Geno Smith,SmitGe00
2024_05_NYJ_MIN,2024,5,REG,2024-10-06,NYJ,MIN,away,NYJ,1,435,Aaron Rodgers,RodgAa00
2024_05_NYJ_MIN,2024,5,REG,2024-10-06,NYJ,MIN,home,MIN,1,422,Sam Darnold,DarnSa00
2024_05_TB_ATL,2024,5,REG,2024-10-03,TB,ATL,away,TB,1,442,Baker Mayfield,MayfBa00
2024_05_TB_ATL,2024,5,REG,2024-10-03,TB,ATL,home,ATL,1,441,Kirk Cousins,CousKi00
2024_06_ARI_GB,2024,6,REG,2024-10-13,ARI,GB,away,ARI,1,405,Kyler Murray,MurrKy00
2024_06_ARI_GB,2024,6,REG,2024-10-13,ARI,GB,home,GB,1,402,Jordan Love,LoveJo03
2024_06_ATL_CAR,2024,6,REG,2024-10-13,ATL,CAR,away,ATL,1,390,Kirk Cousins,CousKi00
2024_06_ATL_CAR,2024,6,REG,2024-10-13,ATL,CAR,home,CAR,1,391,Andy Dalton,DaltAn00
2024_06_BUF_NYJ,2024,6,REG,2024-10-14,BUF,NYJ,away,BUF,1,387,Josh Allen,AlleJo02
2024_06_BUF_NYJ,2024,6,REG,2024-10-14,BUF,NYJ,home,NYJ,1,388,Aaron Rodgers,RodgAa00
2024_06_CIN_NYG,2024,6,REG,2024-10-13,CIN,NYG,away,CIN,1,389,Joe Burrow,BurrJo01
2024_06_CIN_NYG,2024,6,REG,2024-10-13,CIN,NYG,home,NYG,1,399,Daniel Jones,JoneDa05
2024_06_CLE_PHI,2024,6,REG,2024-10-13,CLE,PHI,away,CLE,1,411,Deshaun Watson,WatsDe00
2024_06_CLE_PHI,2024,6,REG,2024-10-13,CLE,PHI,home,PHI,1,397,Jalen Hurts,HurtJa00
2024_06_DET_DAL,2024,6,REG,2024-10-13,DET,DAL,away,DET,1,395,Jared Goff,GoffJa00
2024_06_DET_DAL,2024,6,REG,2024-10-13,DET,DAL,home,DAL,1,408,Dak Prescott,PresDa01
2024_06_HOU_NE,2024,6,REG,2024-10-13,HOU,NE,away,HOU,1,410,C.J. Stroud,StroCJ00
2024_06_HOU_NE,2024,6,REG,2024-10-13,HOU,NE,home,NE,1,403,Drake Maye,MayeDr00
2024_06_IND_TEN,2024,6,REG,2024-10-13,IND,TEN,away,IND,1,394,Joe Flacco,FlacJo00
2024_06_IND_TEN,2024,6,REG,2024-10-13,IND,TEN,home,TEN,1,401,Will Levis,LeviWi00
2024_06_JAX_CHI,2024,6,REG,2024-10-13,JAX,CHI,away,JAX,1,400,Trevor Lawrence,LawrTr00
2024_06_JAX_CHI,2024,6,REG,2024-10-13,JAX,CHI,home,CHI,1,412,Caleb Williams,WillCa03
2024_06_LAC_DEN,2024,6,REG,2024-10-13,LAC,DEN,away,LAC,1,396,Justin Herbert,HerbJu00
2024_06_LAC_DEN,2024,6,REG,2024-10-13,LAC,DEN,home,DEN,1,406,Bo Nix,NixxBo00
2024_06_PIT_LV,2024,6,REG,2024-10-13,PIT,LV,away,PIT,1,393,Justin Fields,FielJu00
2024_06_PIT_LV,2024,6,REG,2024-10-13,PIT,LV,home,LV,1,407,Aidan O'Connell,OConAi00
2024_06_SF_SEA,2024,6,REG,2024-10-10,SF,SEA,away,SF,1,413,Brock Purdy,PurdBr00
2024_06_SF_SEA,2024,6,REG,2024-10-10,SF,SEA,home,SEA,1,414,Geno Smith,SmitGe00
2024_06_TB_NO,2024,6,REG,2024-10-13,TB,NO,away,TB,1,404,Baker Mayfield,MayfBa00
2024_06_TB_NO,2024,6,REG,2024-10-13,TB,NO,home,NO,1,409,Spencer Rattler,RattSp00
2024_06_WAS_BAL,2024,6,REG,2024-10-13,WAS,BAL,away,WAS,1,392,Jayden Daniels,DaniJa02
2024_06_WAS_BAL,2024,6,REG,2024-10-13,WAS,BAL,home,BAL,1,398,Lamar Jackson,JackLa00
2024_07_BAL_TB,2024,7,REG,2024-10-21,BAL,TB,away,BAL,1,358,Lamar Jackson,JackLa00
2024_07_BAL_TB,2024,7,REG,2024-10-21,BAL,TB,home,TB,1,359,Baker Mayfield,MayfBa00
2024_07_CAR_WAS,2024,7,REG,2024-10-20,CAR,WAS,away,CAR,1,364,Andy Dalton,DaltAn00
2024_07_CAR_WAS,2024,7,REG,2024-10-20,CAR,WAS,home,WAS,1,365,Jayden Daniels,DaniJa02
2024_07_CIN_CLE,2024,7,REG,2024-10-20,CIN,CLE,away,CIN,1,362,Joe Burrow,BurrJo01
2024_07_CIN_CLE,2024,7,REG,2024-10-20,CIN,CLE,home,CLE,1,383,Deshaun Watson,WatsDe00
2024_07_DEN_NO,2024,7,REG,2024-10-17,DEN,NO,away,DEN,1,385,Bo Nix,NixxBo00
2024_07_DEN_NO,2024,7,REG,2024-10-17,DEN,NO,home,NO,1,386,Spencer Rattler,RattSp00
2024_07_DET_MIN,2024,7,REG,2024-10-20,DET,MIN,away,DET,1,367,Jared Goff,GoffJa00
2024_07_DET_MIN,2024,7,REG,2024-10-20,DET,MIN,home,MIN,1,366,Sam Darnold,DarnSa00
2024_07_HOU_GB,2024,7,REG,2024-10-20,HOU,GB,away,HOU,1,382,C.J. Stroud,StroCJ00
2024_07_HOU_GB,2024,7,REG,2024-10-20,HOU,GB,home,GB,1,372,Jordan Love,LoveJo03
2024_07_KC_SF,2024,7,REG,2024-10-20,KC,SF,away,KC,1,373,Patrick Mahomes,MahoPa00
2024_07_KC_SF,2024,7,REG,2024-10-20,KC,SF,home,SF,1,376,Brock Purdy,PurdBr00
2024_07_LAC_ARI,2024,7,REG,2024-10-21,LAC,ARI,away,LAC,1,357,Justin Herbert,HerbJu00
2024_07_LAC_ARI,2024,7,REG,2024-10-21,LAC,ARI,home,ARI,1,360,Kyler Murray,MurrKy00
2024_07_LV_LA,2024,7,REG,2024-10-20,LV,LAR,away,LV,1,375,Aidan O'Connell,OConAi00
2024_07_LV_LA,2024,7,REG,2024-10-20,LV,LAR,home,LAR,1,381,Matthew Stafford,StafMa00
2024_07_MIA_IND,2024,7,REG,2024-10-20,MIA,IND,away,MIA,1,368,Tyler Huntley,HuntTy01
2024_07_MIA_IND,2024,7,REG,2024-10-20,MIA,IND,home,IND,1,377,Anthony Richardson,RichAn03
2024_07_NE_JAX,2024,7,REG,2024-10-20,NE,JAX,away,NE,1,374,Drake Maye,MayeDr00
2024_07_NE_JAX,2024,7,REG,2024-10-20,NE,JAX,home,JAX,1,371,Trevor Lawrence,LawrTr00
2024_07_NYJ_PIT,2024,7,REG,2024-10-20,NYJ,PIT,away,NYJ,1,378,Aaron Rodgers,RodgAa00
2024_07_NYJ_PIT,2024,7,REG,2024-10-20,NYJ,PIT,home,PIT,1,384,Russell Wilson,WilsRu00
2024_07_PHI_NYG,2024,7,REG,2024-10-20,PHI,NYG,away,PHI,1,369,Jalen Hurts,HurtJa00
2024_07_PHI_NYG,2024,7,REG,2024-10-20,PHI,NYG,home,NYG,1,370,Daniel Jones,JoneDa05
2024_07_SEA_ATL,2024,7,REG,2024-10-20,SEA,ATL,away,SEA,1,380,Geno Smith,SmitGe00
2024_07_SEA_ATL,2024,7,REG,2024-10-20,SEA,ATL,home,ATL,1,363,Kirk Cousins,CousKi00
2024_07_TEN_BUF,2024,7,REG,2024-10-20,TEN,BUF,away,TEN,1,379,Mason Rudolph,RudoMa00
2024_07_TEN_BUF,2024,7,REG,2024-10-20,TEN,BUF,home,BUF,1,361,Josh Allen,AlleJo02
2024_08_ARI_MIA,2024,8,REG,2024-10-27,ARI,MIA,away,ARI,1,341,Kyler Murray,MurrKy00
2024_08_ARI_MIA,2024,8,REG,2024-10-27,ARI,MIA,home,MIA,1,351,Tua Tagovailoa,TagoTu00
2024_08_ATL_TB,2024,8,REG,2024-10-27,ATL,TB,away,ATL,1,329,Kirk Cousins,CousKi00
2024_08_ATL_TB,2024,8,REG,2024-10-27,ATL,TB,home,TB,1,339,Baker Mayfield,MayfBa00
2024_08_BAL_CLE,2024,8,REG,2024-10-27,BAL,CLE,away,BAL,1,334,Lamar Jackson,JackLa00
2024_08_BAL_CLE,2024,8,REG,2024-10-27,BAL,CLE,home,CLE,1,353,Jameis Winston,WinsJa00
2024_08_BUF_SEA,2024,8,REG,2024-10-27,BUF,SEA,away,BUF,1,327,Josh Allen,AlleJo02
2024_08_BUF_SEA,2024,8,REG,2024-10-27,BUF,SEA,home,SEA,1,349,Geno Smith,SmitGe00
2024_08_CAR_DEN,2024,8,REG,2024-10-27,CAR,DEN,away,CAR,1,354,Bryce Young,YounBr01
2024_08_CAR_DEN,2024,8,REG,2024-10-27,CAR,DEN,home,DEN,1,342,Bo Nix,NixxBo00
2024_08_CHI_WAS,2024,8,REG,2024-10-27,CHI,WAS,away,CHI,1,352,Caleb Williams,WillCa03
2024_08_CHI_WAS,2024,8,REG,2024-10-27,CHI,WAS,home,WAS,1,330,Jayden Daniels,DaniJa02
2024_08_DAL_SF,2024,8,REG,2024-10-27,DAL,SF,away,DAL,1,343,Dak Prescott,PresDa01
2024_08_DAL_SF,2024,8,REG,2024-10-27,DAL,SF,home,SF,1,344,Brock Purdy,PurdBr00
2024_08_GB_JAX,2024,8,REG,2024-10-27,GB,JAX,away,GB,1,336,Jordan Love,LoveJo03
2024_08_GB_JAX,2024,8,REG,2024-10-27,GB,JAX,home,JAX,1,335,Trevor Lawrence,LawrTr00
2024_08_IND_HOU,2024,8,REG,2024-10-27,IND,HOU,away,IND,1,346,Anthony Richardson,RichAn03
2024_08_IND_HOU,2024,8,REG,2024-10-27,IND,HOU,home,HOU,1,350,C.J. Stroud,StroCJ00
2024_08_KC_LV,2024,8,REG,2024-10-27,KC,LV,away,KC,1,337,Patrick Mahomes,MahoPa00
2024_08_KC_LV,2024,8,REG,2024-10-27,KC,LV,home,LV,1,340,Gardner Minshew II,MinsGa00
2024_08_MIN_LA,2024,8,REG,2024-10-24,MIN,LAR,away,MIN,1,355,Sam Darnold,DarnSa00
2024_08_MIN_LA,2024,8,REG,2024-10-24,MIN,LAR,home,LAR,1,356,Matthew Stafford,StafMa00
2024_08_NO_LAC,2024,8,REG,2024-10-27,NO,LAC,away,NO,1,345,Spencer Rattler,RattSp00
2024_08_NO_LAC,2024,8,REG,2024-10-27,NO,LAC,home,LAC,1,332,Justin Herbert,HerbJu00
2024_08_NYG_PIT,2024,8,REG,2024-10-28,NYG,PIT,away,NYG,1,325,Daniel Jones,JoneDa05
2024_08_NYG_PIT,2024,8,REG,2024-10-28,NYG,PIT,home,PIT,1,326,Russell Wilson,WilsRu00
2024_08_NYJ_NE,2024,8,REG,2024-10-27,NYJ,NE,away,NYJ,1,347,Aaron Rodgers,RodgAa00
2024_08_NYJ_NE,2024,8,REG,2024-10-27,NYJ,NE,home,NE,1,338,Drake Maye,MayeDr00
2024_08_PHI_CIN,2024,8,REG,2024-10-27,PHI,CIN,away,PHI,1,333,Jalen Hurts,HurtJa00
2024_08_PHI_CIN,2024,8,REG,2024-10-27,PHI,CIN,home,CIN,1,328,Joe Burrow,BurrJo01
2024_08_TEN_DET,2024,8,REG,2024-10-27,TEN,DET,away,TEN,1,348,Mason Rudolph,RudoMa00
2024_08_TEN_DET,2024,8,REG,2024-10-27,TEN,DET,home,DET,1,331,Jared Goff,GoffJa00
2024_09_CHI_ARI,2024,9,REG,2024-11-03,CHI,ARI,away,CHI,1,320,Caleb Williams,WillCa03
2024_09_CHI_ARI,2024,9,REG,2024-11-03,CHI,ARI,home,ARI,1,313,Kyler Murray,MurrKy00
2024_09_DAL_ATL,2024,9,REG,2024-11-03,DAL,ATL,away,DAL,1,315,Dak Prescott,PresDa01
2024_09_DAL_ATL,2024,9,REG,2024-11-03,DAL,ATL,home,ATL,1,300,Kirk Cousins,CousKi00
2024_09_DEN_BAL,2024,9,REG,2024-11-03,DEN,BAL,away,DEN,1,314,Bo Nix,NixxBo00
2024_09_DEN_BAL,2024,9,REG,2024-11-03,DEN,BAL,home,BAL,1,307,Lamar Jackson,JackLa00
2024_09_DET_GB,2024,9,REG,2024-11-03,DET,GB,away,DET,1,304,Jared Goff,GoffJa00
2024_09_DET_GB,2024,9,REG,2024-11-03,DET,GB,home,GB,1,310,Jordan Love,LoveJo03
2024_09_HOU_NYJ,2024,9,REG,2024-10-31,HOU,NYJ,away,HOU,1,324,C.J. Stroud,StroCJ00
2024_09_HOU_NYJ,2024,9,REG,2024-10-31,HOU,NYJ,home,NYJ,1,323,Aaron Rodgers,RodgAa00
2024_09_IND_MIN,2024,9,REG,2024-11-03,IND,MIN,away,IND,1,303,Joe Flacco,FlacJo00
2024_09_IND_MIN,2024,9,REG,2024-11-03,IND,MIN,home,MIN,1,302,Sam Darnold,DarnSa00
2024_09_JAX_PHI,2024,9,REG,2024-11-03,JAX,PHI,away,JAX,1,309,Trevor Lawrence,LawrTr00
2024_09_JAX_PHI,2024,9,REG,2024-11-03,JAX,PHI,home,PHI,1,306,Jalen Hurts,HurtJa00
2024_09_LAC_CLE,2024,9,REG,2024-11-03,LAC,CLE,away,LAC,1,305,Justin Herbert,HerbJu00
2024_09_LAC_CLE,2024,9,REG,2024-11-03,LAC,CLE,home,CLE,1,321,Jameis Winston,WinsJa00
2024_09_LA_SEA,2024,9,REG,2024-11-03,LAR,SEA,away,LAR,1,318,Matthew Stafford,StafMa00
2024_09_LA_SEA,2024,9,REG,2024-11-03,LAR,SEA,home,SEA,1,317,Geno Smith,SmitGe00
2024_09_LV_CIN,2024,9,REG,2024-11-03,LV,CIN,away,LV,1,312,Gardner Minshew II,MinsGa00
2024_09_LV_CIN,2024,9,REG,2024-11-03,LV,CIN,home,CIN,1,298,Joe Burrow,BurrJo01
2024_09_MIA_BUF,2024,9,REG,2024-11-03,MIA,BUF,away,MIA,1,319,Tua Tagovailoa,TagoTu00
2024_09_MIA_BUF,2024,9,REG,2024-11-03,MIA,BUF,home,BUF,1,297,Josh Allen,AlleJo02
2024_09_NE_TEN,2024,9,REG,2024-11-03,NE,TEN,away,NE,1,311,Drake Maye,MayeDr00
2024_09_NE_TEN,2024,9,REG,2024-11-03,NE,TEN,home,TEN,1,316,Mason Rudolph,RudoMa00
2024_09_NO_CAR,2024,9,REG,2024-11-03,NO,CAR,away,NO,1,299,Derek Carr,CarrDe02
2024_09_NO_CAR,2024,9,REG,2024-11-03,NO,CAR,home,CAR,1,322,Bryce Young,YounBr01
2024_09_TB_KC,2024,9,REG,2024-11-04,TB,KC,away,TB,1,296,Baker Mayfield,MayfBa00
2024_09_TB_KC,2024,9,REG,2024-11-04,TB,KC,home,KC,1,295,Patrick Mahomes,MahoPa00
2024_09_WAS_NYG,2024,9,REG,2024-11-03,WAS,NYG,away,WAS,1,301,Jayden Daniels,DaniJa02
2024_09_WAS_NYG,2024,9,REG,2024-11-03,WAS,NYG,home,NYG,1,308,Daniel Jones,JoneDa05
2024_10_ATL_NO,2024,10,REG,2024-11-10,ATL,NO,away,ATL,1,271,Kirk Cousins,CousKi00
2024_10_ATL_NO,2024,10,REG,2024-11-10,ATL,NO,home,NO,1,270,Derek Carr,CarrDe02
2024_10_BUF_IND,2024,10,REG,2024-11-10,BUF,IND,away,BUF,1,269,Josh Allen,AlleJo02
2024_10_BUF_IND,2024,10,REG,2024-11-10,BUF,IND,home,IND,1,274,Joe Flacco,FlacJo00
2024_10_CIN_BAL,2024,10,REG,2024-11-07,CIN,BAL,away,CIN,1,293,Joe Burrow,BurrJo01
2024_10_CIN_BAL,2024,10,REG,2024-11-07,CIN,BAL,home,BAL,1,294,Lamar Jackson,JackLa00
2024_10_DEN_KC,2024,10,REG,2024-11-10,DEN,KC,away,DEN,1,285,Bo Nix,NixxBo00
2024_10_DEN_KC,2024,10,REG,2024-11-10,DEN,KC,home,KC,1,281,Patrick Mahomes,MahoPa00
2024_10_DET_HOU,2024,10,REG,2024-11-10,DET,HOU,away,DET,1,275,Jared Goff,GoffJa00
2024_10_DET_HOU,2024,10,REG,2024-11-10,DET,HOU,home,HOU,1,289,C.J. Stroud,StroCJ00
2024_10_MIA_LA,2024,10,REG,2024-11-11,MIA,LAR,away,MIA,1,268,Tua Tagovailoa,TagoTu00
2024_10_MIA_LA,2024,10,REG,2024-11-11,MIA,LAR,home,LAR,1,267,Matthew Stafford,StafMa00
2024_10_MIN_JAX,2024,10,REG,2024-11-10,MIN,JAX,away,MIN,1,273,Sam Darnold,DarnSa00
2024_10_MIN_JAX,2024,10,REG,2024-11-10,MIN,JAX,home,JAX,1,279,Mac Jones,JoneMa05
2024_10_NE_CHI,2024,10,REG,2024-11-10,NE,CHI,away,NE,1,282,Drake Maye,MayeDr00
2024_10_NE_CHI,2024,10,REG,2024-11-10,NE,CHI,home,CHI,1,290,Caleb Williams,WillCa03
2024_10_NYG_CAR,2024,10,REG,2024-11-10,NYG,CAR,away,NYG,1,278,Daniel Jones,JoneDa05
2024_10_NYG_CAR,2024,10,REG,2024-11-10,NYG,CAR,home,CAR,1,292,Bryce Young,YounBr01
2024_10_NYJ_ARI,2024,10,REG,2024-11-10,NYJ,ARI,away,NYJ,1,287,Aaron Rodgers,RodgAa00
2024_10_NYJ_ARI,2024,10,REG,2024-11-10,NYJ,ARI,home,ARI,1,284,Kyler Murray,MurrKy00
2024_10_PHI_DAL,2024,10,REG,2024-11-10,PHI,DAL,away,PHI,1,277,Jalen Hurts,HurtJa00
2024_10_PHI_DAL,2024,10,REG,2024-11-10,PHI,DAL,home,DAL,1,288,Cooper Rush,RushCo00
2024_10_PIT_WAS,2024,10,REG,2024-11-10,PIT,WAS,away,PIT,1,291,Russell Wilson,WilsRu00
2024_10_PIT_WAS,2024,10,REG,2024-11-10,PIT,WAS,home,WAS,1,272,Jayden Daniels,DaniJa02
2024_10_SF_TB,2024,10,REG,2024-11-10,SF,TB,away,SF,1,286,Brock Purdy,PurdBr00
2024_10_SF_TB,2024,10,REG,2024-11-10,SF,TB,home,TB,1,283,Baker Mayfield,MayfBa00
2024_10_TEN_LAC,2024,10,REG,2024-11-10,TEN,LAC,away,TEN,1,280,Will Levis,LeviWi00
2024_10_TEN_LAC,2024,10,REG,2024-11-10,TEN,LAC,home,LAC,1,276,Justin Herbert,HerbJu00
2024_11_ATL_DEN,2024,11,REG,2024-11-17,ATL,DEN,away,ATL,1,244,Kirk Cousins,CousKi00
2024_11_ATL_DEN,2024,11,REG,2024-11-17,ATL,DEN,home,DEN,1,255,Bo Nix,NixxBo00
2024_11_BAL_PIT,2024,11,REG,2024-11-17,BAL,PIT,away,BAL,1,248,Lamar Jackson,JackLa00
2024_11_BAL_PIT,2024,11,REG,2024-11-17,BAL,PIT,home,PIT,1,263,Russell Wilson,WilsRu00
2024_11_CIN_LAC,2024,11,REG,2024-11-17,CIN,LAC,away,CIN,1,242,Joe Burrow,BurrJo01
2024_11_CIN_LAC,2024,11,REG,2024-11-17,CIN,LAC,home,LAC,1,247,Justin Herbert,HerbJu00
2024_11_CLE_NO,2024,11,REG,2024-11-17,CLE,NO,away,CLE,1,264,Jameis Winston,WinsJa00
2024_11_CLE_NO,2024,11,REG,2024-11-17,CLE,NO,home,NO,1,243,Derek Carr,CarrDe02
2024_11_GB_CHI,2024,11,REG,2024-11-17,GB,CHI,away,GB,1,251,Jordan Love,LoveJo03
2024_11_GB_CHI,2024,11,REG,2024-11-17,GB,CHI,home,CHI,1,262,Caleb Williams,WillCa03
2024_11_HOU_DAL,2024,11,REG,2024-11-18,HOU,DAL,away,HOU,1,240,C.J. Stroud,StroCJ00
2024_11_HOU_DAL,2024,11,REG,2024-11-18,HOU,DAL,home,DAL,1,239,Cooper Rush,RushCo00
2024_11_IND_NYJ,2024,11,REG,2024-11-17,IND,NYJ,away,IND,1,257,Anthony Richardson,RichAn03
2024_11_IND_NYJ,2024,11,REG,2024-11-17,IND,NYJ,home,NYJ,1,258,Aaron Rodgers,RodgAa00
2024_11_JAX_DET,2024,11,REG,2024-11-17,JAX,DET,away,JAX,1,249,Mac Jones,JoneMa05
2024_11_JAX_DET,2024,11,REG,2024-11-17,JAX,DET,home,DET,1,246,Jared Goff,GoffJa00
2024_11_KC_BUF,2024,11,REG,2024-11-17,KC,BUF,away,KC,1,252,Patrick Mahomes,MahoPa00
2024_11_KC_BUF,2024,11,REG,2024-11-17,KC,BUF,home,BUF,1,241,Josh Allen,AlleJo02
2024_11_LA_NE,2024,11,REG,2024-11-17,LAR,NE,away,LAR,1,260,Matthew Stafford,StafMa00
2024_11_LA_NE,2024,11,REG,2024-11-17,LAR,NE,home,NE,1,253,Drake Maye,MayeDr00
2024_11_LV_MIA,2024,11,REG,2024-11-17,LV,MIA,away,LV,1,254,Gardner Minshew II,MinsGa00
2024_11_LV_MIA,2024,11,REG,2024-11-17,LV,MIA,home,MIA,1,261,Tua Tagovailoa,TagoTu00
2024_11_MIN_TEN,2024,11,REG,2024-11-17,MIN,TEN,away,MIN,1,245,Sam Darnold,DarnSa00
2024_11_MIN_TEN,2024,11,REG,2024-11-17,MIN,TEN,home,TEN,1,250,Will Levis,LeviWi00
2024_11_SEA_SF,2024,11,REG,2024-11-17,SEA,SF,away,SEA,1,259,Geno Smith,SmitGe00
2024_11_SEA_SF,2024,11,REG,2024-11-17,SEA,SF,home,SF,1,256,Brock Purdy,PurdBr00
2024_11_WAS_PHI,2024,11,REG,2024-11-14,WAS,PHI,away,WAS,1,265,Jayden Daniels,DaniJa02
2024_11_WAS_PHI,2024,11,REG,2024-11-14,WAS,PHI,home,PHI,1,266,Jalen Hurts,HurtJa00
2024_12_ARI_SEA,2024,12,REG,2024-11-24,ARI,SEA,away,ARI,1,227,Kyler Murray,MurrKy00
2024_12_ARI_SEA,2024,12,REG,2024-11-24,ARI,SEA,home,SEA,1,231,Geno Smith,SmitGe00
2024_12_BAL_LAC,2024,12,REG,2024-11-25,BAL,LAC,away,BAL,1,214,Lamar Jackson,JackLa00
2024_12_BAL_LAC,2024,12,REG,2024-11-25,BAL,LAC,home,LAC,1,213,Justin Herbert,HerbJu00
2024_12_DAL_WAS,2024,12,REG,2024-11-24,DAL,WAS,away,DAL,1,230,Cooper Rush,RushCo00
2024_12_DAL_WAS,2024,12,REG,2024-11-24,DAL,WAS,home,WAS,1,216,Jayden Daniels,DaniJa02
2024_12_DEN_LV,2024,12,REG,2024-11-24,DEN,LV,away,DEN,1,228,Bo Nix,NixxBo00
2024_12_DEN_LV,2024,12,REG,2024-11-24,DEN,LV,home,LV,1,226,Gardner Minshew II,MinsGa00
2024_12_DET_IND,2024,12,REG,2024-11-24,DET,IND,away,DET,1,219,Jared Goff,GoffJa00
2024_12_DET_IND,2024,12,REG,2024-11-24,DET,IND,home,IND,1,229,Anthony Richardson,RichAn03
2024_12_KC_CAR,2024,12,REG,2024-11-24,KC,CAR,away,KC,1,223,Patrick Mahomes,MahoPa00
2024_12_KC_CAR,2024,12,REG,2024-11-24,KC,CAR,home,CAR,1,236,Bryce Young,YounBr01
2024_12_MIN_CHI,2024,12,REG,2024-11-24,MIN,CHI,away,MIN,1,217,Sam Darnold,DarnSa00
2024_12_MIN_CHI,2024,12,REG,2024-11-24,MIN,CHI,home,CHI,1,235,Caleb Williams,WillCa03
2024_12_NE_MIA,2024,12,REG,2024-11-24,NE,MIA,away,NE,1,224,Drake Maye,MayeDr00
2024_12_NE_MIA,2024,12,REG,2024-11-24,NE,MIA,home,MIA,1,234,Tua Tagovailoa,TagoTu00
2024_12_PHI_LA,2024,12,REG,2024-11-24,PHI,LAR,away,PHI,1,220,Jalen Hurts,HurtJa00
2024_12_PHI_LA,2024,12,REG,2024-11-24,PHI,LAR,home,LAR,1,232,Matthew Stafford,StafMa00
2024_12_PIT_CLE,2024,12,REG,2024-11-21,PIT,CLE,away,PIT,1,237,Russell Wilson,WilsRu00
2024_12_PIT_CLE,2024,12,REG,2024-11-21,PIT,CLE,home,CLE,1,238,Jameis Winston,WinsJa00
2024_12_SF_GB,2024,12,REG,2024-11-24,SF,GB,away,SF,1,215,Brandon Allen,AlleBr00
2024_12_SF_GB,2024,12,REG,2024-11-24,SF,GB,home,GB,1,222,Jordan Love,LoveJo03
2024_12_TB_NYG,2024,12,REG,2024-11-24,TB,NYG,away,TB,1,225,Baker Mayfield,MayfBa00
2024_12_TB_NYG,2024,12,REG,2024-11-24,TB,NYG,home,NYG,1,218,Tommy DeVito,DeViTo00
2024_12_TEN_HOU,2024,12,REG,2024-11-24,TEN,HOU,away,TEN,1,221,Will Levis,LeviWi00
2024_12_TEN_HOU,2024,12,REG,2024-11-24,TEN,HOU,home,HOU,1,233,C.J. Stroud,StroCJ00
2024_13_ARI_MIN,2024,13,REG,2024-12-01,ARI,MIN,away,ARI,1,196,Kyler Murray,MurrKy00
2024_13_ARI_MIN,2024,13,REG,2024-12-01,ARI,MIN,home,MIN,1,188,Sam Darnold,DarnSa00
2024_13_CHI_DET,2024,13,REG,2024-11-28,CHI,DET,away,CHI,1,212,Caleb Williams,WillCa03
2024_13_CHI_DET,2024,13,REG,2024-11-28,CHI,DET,home,DET,1,207,Jared Goff,GoffJa00
2024_13_CLE_DEN,2024,13,REG,2024-12-02,CLE,DEN,away,CLE,1,182,Jameis Winston,WinsJa00
2024_13_CLE_DEN,2024,13,REG,2024-12-02,CLE,DEN,home,DEN,1,181,Bo Nix,NixxBo00
2024_13_HOU_JAX,2024,13,REG,2024-12-01,HOU,JAX,away,HOU,1,202,C.J. Stroud,StroCJ00
2024_13_HOU_JAX,2024,13,REG,2024-12-01,HOU,JAX,home,JAX,1,192,Trevor Lawrence,LawrTr00
2024_13_IND_NE,2024,13,REG,2024-12-01,IND,NE,away,IND,1,198,Anthony Richardson,RichAn03
2024_13_IND_NE,2024,13,REG,2024-12-01,IND,NE,home,NE,1,194,Drake Maye,MayeDr00
2024_13_LAC_ATL,2024,13,REG,2024-12-01,LAC,ATL,away,LAC,1,189,Justin Herbert,HerbJu00
2024_13_LAC_ATL,2024,13,REG,2024-12-01,LAC,ATL,home,ATL,1,186,Kirk Cousins,CousKi00
2024_13_LA_NO,2024,13,REG,2024-12-01,LAR,NO,away,LAR,1,201,Matthew Stafford,StafMa00
2024_13_LA_NO,2024,13,REG,2024-12-01,LAR,NO,home,NO,1,185,Derek Carr,CarrDe02
2024_13_LV_KC,2024,13,REG,2024-11-29,LV,KC,away,LV,1,206,Aidan O'Connell,OConAi00
2024_13_LV_KC,2024,13,REG,2024-11-29,LV,KC,home,KC,1,205,Patrick Mahomes,MahoPa00
2024_13_MIA_GB,2024,13,REG,2024-11-28,MIA,GB,away,MIA,1,211,Tua Tagovailoa,TagoTu00
2024_13_MIA_GB,2024,13,REG,2024-11-28,MIA,GB,home,GB,1,209,Jordan Love,LoveJo03
2024_13_NYG_DAL,2024,13,REG,2024-11-28,NYG,DAL,away,NYG,1,208,Drew Lock,LockDr00
2024_13_NYG_DAL,2024,13,REG,2024-11-28,NYG,DAL,home,DAL,1,210,Cooper Rush,RushCo00
2024_13_PHI_BAL,2024,13,REG,2024-12-01,PHI,BAL,away,PHI,1,190,Jalen Hurts,HurtJa00
2024_13_PHI_BAL,2024,13,REG,2024-12-01,PHI,BAL,home,BAL,1,191,Lamar Jackson,JackLa00
2024_13_PIT_CIN,2024,13,REG,2024-12-01,PIT,CIN,away,PIT,1,203,Russell Wilson,WilsRu00
2024_13_PIT_CIN,2024,13,REG,2024-12-01,PIT,CIN,home,CIN,1,184,Joe Burrow,BurrJo01
2024_13_SEA_NYJ,2024,13,REG,2024-12-01,SEA,NYJ,away,SEA,1,200,Geno Smith,SmitGe00
2024_13_SEA_NYJ,2024,13,REG,2024-12-01,SEA,NYJ,home,NYJ,1,199,Aaron Rodgers,RodgAa00
2024_13_SF_BUF,2024,13,REG,2024-12-01,SF,BUF,away,SF,1,197,Brock Purdy,PurdBr00
2024_13_SF_BUF,2024,13,REG,2024-12-01,SF,BUF,home,BUF,1,183,Josh Allen,AlleJo02
2024_13_TB_CAR,2024,13,REG,2024-12-01,TB,CAR,away,TB,1,195,Baker Mayfield,MayfBa00
2024_13_TB_CAR,2024,13,REG,2024-12-01,TB,CAR,home,CAR,1,204,Bryce Young,YounBr01
2024_13_TEN_WAS,2024,13,REG,2024-12-01,TEN,WAS,away,TEN,1,193,Will Levis,LeviWi00
2024_13_TEN_WAS,2024,13,REG,2024-12-01,TEN,WAS,home,WAS,1,187,Jayden Daniels,DaniJa02
2024_14_ATL_MIN,2024,14,REG,2024-12-08,ATL,MIN,away,ATL,1,159,Kirk Cousins,CousKi00
2024_14_ATL_MIN,2024,14,REG,2024-12-08,ATL,MIN,home,MIN,1,160,Sam Darnold,DarnSa00
2024_14_BUF_LA,2024,14,REG,2024-12-08,BUF,LAR,away,BUF,1,157,Josh Allen,AlleJo02
2024_14_BUF_LA,2024,14,REG,2024-12-08,BUF,LAR,home,LAR,1,173,Matthew Stafford,StafMa00
2024_14_CAR_PHI,2024,14,REG,2024-12-08,CAR,PHI,away,CAR,1,178,Bryce Young,YounBr01
2024_14_CAR_PHI,2024,14,REG,2024-12-08,CAR,PHI,home,PHI,1,162,Jalen Hurts,HurtJa00
2024_14_CHI_SF,2024,14,REG,2024-12-08,CHI,SF,away,CHI,1,175,Caleb Williams,WillCa03
2024_14_CHI_SF,2024,14,REG,2024-12-08,CHI,SF,home,SF,1,170,Brock Purdy,PurdBr00
2024_14_CIN_DAL,2024,14,REG,2024-12-09,CIN,DAL,away,CIN,1,155,Joe Burrow,BurrJo01
2024_14_CIN_DAL,2024,14,REG,2024-12-09,CIN,DAL,home,DAL,1,156,Cooper Rush,RushCo00
2024_14_CLE_PIT,2024,14,REG,2024-12-08,CLE,PIT,away,CLE,1,177,Jameis Winston,WinsJa00
2024_14_CLE_PIT,2024,14,REG,2024-12-08,CLE,PIT,home,PIT,1,176,Russell Wilson,WilsRu00
2024_14_GB_DET,2024,14,REG,2024-12-05,GB,DET,away,GB,1,180,Jordan Love,LoveJo03
2024_14_GB_DET,2024,14,REG,2024-12-05,GB,DET,home,DET,1,179,Jared Goff,GoffJa00
2024_14_JAX_TEN,2024,14,REG,2024-12-08,JAX,TEN,away,JAX,1,163,Mac Jones,JoneMa05
2024_14_JAX_TEN,2024,14,REG,2024-12-08,JAX,TEN,home,TEN,1,164,Will Levis,LeviWi00
2024_14_LAC_KC,2024,14,REG,2024-12-08,LAC,KC,away,LAC,1,161,Justin Herbert,HerbJu00
2024_14_LAC_KC,2024,14,REG,2024-12-08,LAC,KC,home,KC,1,166,Patrick Mahomes,MahoPa00
2024_14_LV_TB,2024,14,REG,2024-12-08,LV,TB,away,LV,1,169,Aidan O'Connell,OConAi00
2024_14_LV_TB,2024,14,REG,2024-12-08,LV,TB,home,TB,1,167,Baker Mayfield,MayfBa00
2024_14_NO_NYG,2024,14,REG,2024-12-08,NO,NYG,away,NO,1,158,Derek Carr,CarrDe02
2024_14_NO_NYG,2024,14,REG,2024-12-08,NO,NYG,home,NYG,1,165,Drew Lock,LockDr00
2024_14_NYJ_MIA,2024,14,REG,2024-12-08,NYJ,MIA,away,NYJ,1,171,Aaron Rodgers,RodgAa00
2024_14_NYJ_MIA,2024,14,REG,2024-12-08,NYJ,MIA,home,MIA,1,174,Tua Tagovailoa,TagoTu00
2024_14_SEA_ARI,2024,14,REG,2024-12-08,SEA,ARI,away,SEA,1,172,Geno Smith,SmitGe00
2024_14_SEA_ARI,2024,14,REG,2024-12-08,SEA,ARI,home,ARI,1,168,Kyler Murray,MurrKy00
2024_15_ATL_LV,2024,15,REG,2024-12-16,ATL,LV,away,ATL,1,123,Kirk Cousins,CousKi00
2024_15_ATL_LV,2024,15,REG,2024-12-16,ATL,LV,home,LV,1,125,Desmond Ridder,RiddDe00
2024_15_BAL_NYG,2024,15,REG,2024-12-15,BAL,NYG,away,BAL,1,135,Lamar Jackson,JackLa00
2024_15_BAL_NYG,2024,15,REG,2024-12-15,BAL,NYG,home,NYG,1,130,Tommy DeVito,DeViTo00
2024_15_BUF_DET,2024,15,REG,2024-12-15,BUF,DET,away,BUF,1,127,Josh Allen,AlleJo02
2024_15_BUF_DET,2024,15,REG,2024-12-15,BUF,DET,home,DET,1,131,Jared Goff,GoffJa00
2024_15_CHI_MIN,2024,15,REG,2024-12-16,CHI,MIN,away,CHI,1,126,Caleb Williams,WillCa03
2024_15_CHI_MIN,2024,15,REG,2024-12-16,CHI,MIN,home,MIN,1,124,Sam Darnold,DarnSa00
2024_15_CIN_TEN,2024,15,REG,2024-12-15,CIN,TEN,away,CIN,1,128,Joe Burrow,BurrJo01
2024_15_CIN_TEN,2024,15,REG,2024-12-15,CIN,TEN,home,TEN,1,137,Will Levis,LeviWi00
2024_15_DAL_CAR,2024,15,REG,2024-12-15,DAL,CAR,away,DAL,1,146,Cooper Rush,RushCo00
2024_15_DAL_CAR,2024,15,REG,2024-12-15,DAL,CAR,home,CAR,1,152,Bryce Young,YounBr01
2024_15_GB_SEA,2024,15,REG,2024-12-15,GB,SEA,away,GB,1,138,Jordan Love,LoveJo03
2024_15_GB_SEA,2024,15,REG,2024-12-15,GB,SEA,home,SEA,1,147,Geno Smith,SmitGe00
2024_15_IND_DEN,2024,15,REG,2024-12-15,IND,DEN,away,IND,1,144,Anthony Richardson,RichAn03
2024_15_IND_DEN,2024,15,REG,2024-12-15,IND,DEN,home,DEN,1,143,Bo Nix,NixxBo00
2024_15_KC_CLE,2024,15,REG,2024-12-15,KC,CLE,away,KC,1,139,Patrick Mahomes,MahoPa00
2024_15_KC_CLE,2024,15,REG,2024-12-15,KC,CLE,home,CLE,1,151,Jameis Winston,WinsJa00
2024_15_LA_SF,2024,15,REG,2024-12-12,LAR,SF,away,LAR,1,154,Matthew Stafford,StafMa00
2024_15_LA_SF,2024,15,REG,2024-12-12,LAR,SF,home,SF,1,153,Brock Purdy,PurdBr00
2024_15_MIA_HOU,2024,15,REG,2024-12-15,MIA,HOU,away,MIA,1,149,Tua Tagovailoa,TagoTu00
2024_15_MIA_HOU,2024,15,REG,2024-12-15,MIA,HOU,home,HOU,1,148,C.J. Stroud,StroCJ00
2024_15_NE_ARI,2024,15,REG,2024-12-15,NE,ARI,away,NE,1,140,Drake Maye,MayeDr00
2024_15_NE_ARI,2024,15,REG,2024-12-15,NE,ARI,home,ARI,1,142,Kyler Murray,MurrKy00
2024_15_NYJ_JAX,2024,15,REG,2024-12-15,NYJ,JAX,away,NYJ,1,145,Aaron Rodgers,RodgAa00
2024_15_NYJ_JAX,2024,15,REG,2024-12-15,NYJ,JAX,home,JAX,1,136,Mac Jones,JoneMa05
2024_15_PIT_PHI,2024,15,REG,2024-12-15,PIT,PHI,away,PIT,1,150,Russell Wilson,WilsRu00
2024_15_PIT_PHI,2024,15,REG,2024-12-15,PIT,PHI,home,PHI,1,134,Jalen Hurts,HurtJa00
2024_15_TB_LAC,2024,15,REG,2024-12-15,TB,LAC,away,TB,1,141,Baker Mayfield,MayfBa00
2024_15_TB_LAC,2024,15,REG,2024-12-15,TB,LAC,home,LAC,1,133,Justin Herbert,HerbJu00
2024_15_WAS_NO,2024,15,REG,2024-12-15,WAS,NO,away,WAS,1,129,Jayden Daniels,DaniJa02
2024_15_WAS_NO,2024,15,REG,2024-12-15,WAS,NO,home,NO,1,132,Jake Haener,HaenJa00
2024_16_ARI_CAR,2024,16,REG,2024-12-22,ARI,CAR,away,ARI,1,103,Kyler Murray,MurrKy00
2024_16_ARI_CAR,2024,16,REG,2024-12-22,ARI,CAR,home,CAR,1,116,Bryce Young,YounBr01
2024_16_CLE_CIN,2024,16,REG,2024-12-22,CLE,CIN,away,CLE,1,114,Dorian Thompson-Robinson,ThomDo02
2024_16_CLE_CIN,2024,16,REG,2024-12-22,CLE,CIN,home,CIN,1,94,Joe Burrow,BurrJo01
2024_16_DEN_LAC,2024,16,REG,2024-12-19,DEN,LAC,away,DEN,1,122,Bo Nix,NixxBo00
2024_16_DEN_LAC,2024,16,REG,2024-12-19,DEN,LAC,home,LAC,1,121,Justin Herbert,HerbJu00
2024_16_DET_CHI,2024,16,REG,2024-12-22,DET,CHI,away,DET,1,97,Jared Goff,GoffJa00
2024_16_DET_CHI,2024,16,REG,2024-12-22,DET,CHI,home,CHI,1,115,Caleb Williams,WillCa03
2024_16_HOU_KC,2024,16,REG,2024-12-21,HOU,KC,away,HOU,1,119,C.J. Stroud,StroCJ00
2024_16_HOU_KC,2024,16,REG,2024-12-21,HOU,KC,home,KC,1,118,Patrick Mahomes,MahoPa00
2024_16_JAX_LV,2024,16,REG,2024-12-22,JAX,LV,away,JAX,1,99,Mac Jones,JoneMa05
2024_16_JAX_LV,2024,16,REG,2024-12-22,JAX,LV,home,LV,1,104,Aidan O'Connell,OConAi00
2024_16_LA_NYJ,2024,16,REG,2024-12-22,LAR,NYJ,away,LAR,1,112,Matthew Stafford,StafMa00
2024_16_LA_NYJ,2024,16,REG,2024-12-22,LAR,NYJ,home,NYJ,1,108,Aaron Rodgers,RodgAa00
2024_16_MIN_SEA,2024,16,REG,2024-12-22,MIN,SEA,away,MIN,1,96,Sam Darnold,DarnSa00
2024_16_MIN_SEA,2024,16,REG,2024-12-22,MIN,SEA,home,SEA,1,111,Geno Smith,SmitGe00
2024_16_NE_BUF,2024,16,REG,2024-12-22,NE,BUF,away,NE,1,101,Drake Maye,MayeDr00
2024_16_NE_BUF,2024,16,REG,2024-12-22,NE,BUF,home,BUF,1,93,Josh Allen,AlleJo02
2024_16_NO_GB,2024,16,REG,2024-12-23,NO,GB,away,NO,1,92,Spencer Rattler,RattSp00
2024_16_NO_GB,2024,16,REG,2024-12-23,NO,GB,home,GB,1,91,Jordan Love,LoveJo03
2024_16_NYG_ATL,2024,16,REG,2024-12-22,NYG,ATL,away,NYG,1,100,Drew Lock,LockDr00
2024_16_NYG_ATL,2024,16,REG,2024-12-22,NYG,ATL,home,ATL,1,105,Michael Penix,PeniMi00
2024_16_PHI_WAS,2024,16,REG,2024-12-22,PHI,WAS,away,PHI,1,98,Jalen Hurts,HurtJa00
2024_16_PHI_WAS,2024,16,REG,2024-12-22,PHI,WAS,home,WAS,1,95,Jayden Daniels,DaniJa02
2024_16_PIT_BAL,2024,16,REG,2024-12-21,PIT,BAL,away,PIT,1,120,Russell Wilson,WilsRu00
2024_16_PIT_BAL,2024,16,REG,2024-12-21,PIT,BAL,home,BAL,1,117,Lamar Jackson,JackLa00
2024_16_SF_MIA,2024,16,REG,2024-12-22,SF,MIA,away,SF,1,106,Brock Purdy,PurdBr00
2024_16_SF_MIA,2024,16,REG,2024-12-22,SF,MIA,home,MIA,1,113,Tua Tagovailoa,TagoTu00
2024_16_TB_DAL,2024,16,REG,2024-12-22,TB,DAL,away,TB,1,102,Baker Mayfield,MayfBa00
2024_16_TB_DAL,2024,16,REG,2024-12-22,TB,DAL,home,DAL,1,110,Cooper Rush,RushCo00
2024_16_TEN_IND,2024,16,REG,2024-12-22,TEN,IND,away,TEN,1,109,Mason Rudolph,RudoMa00
2024_16_TEN_IND,2024,16,REG,2024-12-22,TEN,IND,home,IND,1,107,Anthony Richardson,RichAn03
2024_17_ARI_LA,2024,17,REG,2024-12-28,ARI,LAR,away,ARI,1,82,Kyler Murray,MurrKy00
2024_17_ARI_LA,2024,17,REG,2024-12-28,ARI,LAR,home,LAR,1,84,Matthew Stafford,StafMa00
2024_17_ATL_WAS,2024,17,REG,2024-12-29,ATL,WAS,away,ATL,1,71,Michael Penix,PeniMi00
2024_17_ATL_WAS,2024,17,REG,2024-12-29,ATL,WAS,home,WAS,1,62,Jayden Daniels,DaniJa02
2024_17_BAL_HOU,2024,17,REG,2024-12-25,BAL,HOU,away,BAL,1,87,Lamar Jackson,JackLa00
2024_17_BAL_HOU,2024,17,REG,2024-12-25,BAL,HOU,home,HOU,1,89,C.J. Stroud,StroCJ00
2024_17_CAR_TB,2024,17,REG,2024-12-29,CAR,TB,away,CAR,1,78,Bryce Young,YounBr01
2024_17_CAR_TB,2024,17,REG,2024-12-29,CAR,TB,home,TB,1,69,Baker Mayfield,MayfBa00
2024_17_DAL_PHI,2024,17,REG,2024-12-29,DAL,PHI,away,DAL,1,76,Cooper Rush,RushCo00
2024_17_DAL_PHI,2024,17,REG,2024-12-29,DAL,PHI,home,PHI,1,72,Kenny Pickett,PickKe00
2024_17_DEN_CIN,2024,17,REG,2024-12-28,DEN,CIN,away,DEN,1,83,Bo Nix,NixxBo00
2024_17_DEN_CIN,2024,17,REG,2024-12-28,DEN,CIN,home,CIN,1,79,Joe Burrow,BurrJo01
2024_17_DET_SF,2024,17,REG,2024-12-30,DET,SF,away,DET,1,59,Jared Goff,GoffJa00
2024_17_DET_SF,2024,17,REG,2024-12-30,DET,SF,home,SF,1,60,Brock Purdy,PurdBr00
2024_17_GB_MIN,2024,17,REG,2024-12-29,GB,MIN,away,GB,1,68,Jordan Love,LoveJo03
2024_17_GB_MIN,2024,17,REG,2024-12-29,GB,MIN,home,MIN,1,63,Sam Darnold,DarnSa00
2024_17_IND_NYG,2024,17,REG,2024-12-29,IND,NYG,away,IND,1,64,Joe Flacco,FlacJo00
2024_17_IND_NYG,2024,17,REG,2024-12-29,IND,NYG,home,NYG,1,67,Drew Lock,LockDr00
2024_17_KC_PIT,2024,17,REG,2024-12-25,KC,PIT,away,KC,1,88,Patrick Mahomes,MahoPa00
2024_17_KC_PIT,2024,17,REG,2024-12-25,KC,PIT,home,PIT,1,90,Russell Wilson,WilsRu00
2024_17_LAC_NE,2024,17,REG,2024-12-28,LAC,NE,away,LAC,1,80,Justin Herbert,HerbJu00
2024_17_LAC_NE,2024,17,REG,2024-12-28,LAC,NE,home,NE,1,81,Drake Maye,MayeDr00
2024_17_LV_NO,2024,17,REG,2024-12-29,LV,NO,away,LV,1,70,Aidan O'Connell,OConAi00
2024_17_LV_NO,2024,17,REG,2024-12-29,LV,NO,home,NO,1,73,Spencer Rattler,RattSp00
2024_17_MIA_CLE,2024,17,REG,2024-12-29,MIA,CLE,away,MIA,1,65,Tyler Huntley,HuntTy01
2024_17_MIA_CLE,2024,17,REG,2024-12-29,MIA,CLE,home,CLE,1,77,Dorian Thompson-Robinson,ThomDo02
2024_17_NYJ_BUF,2024,17,REG,2024-12-29,NYJ,BUF,away,NYJ,1,74,Aaron Rodgers,RodgAa00
2024_17_NYJ_BUF,2024,17,REG,2024-12-29,NYJ,BUF,home,BUF,1,61,Josh Allen,AlleJo02
2024_17_SEA_CHI,2024,17,REG,2024-12-26,SEA,CHI,away,SEA,1,85,Geno Smith,SmitGe00
2024_17_SEA_CHI,2024,17,REG,2024-12-26,SEA,CHI,home,CHI,1,86,Caleb Williams,WillCa03
2024_17_TEN_JAX,2024,17,REG,2024-12-29,TEN,JAX,away,TEN,1,75,Mason Rudolph,RudoMa00
2024_17_TEN_JAX,2024,17,REG,2024-12-29,TEN,JAX,home,JAX,1,66,Mac Jones,JoneMa05
2024_18_BUF_NE,2024,18,REG,2025-01-05,BUF,NE,away,BUF,1,27,Josh Allen,AlleJo02
2024_18_BUF_NE,2024,18,REG,2025-01-05,BUF,NE,home,NE,1,41,Drake Maye,MayeDr00
2024_18_CAR_ATL,2024,18,REG,2025-01-05,CAR,ATL,away,CAR,1,54,Bryce Young,YounBr01
2024_18_CAR_ATL,2024,18,REG,2025-01-05,CAR,ATL,home,ATL,1,47,Michael Penix,PeniMi00
2024_18_CHI_GB,2024,18,REG,2025-01-05,CHI,GB,away,CHI,1,53,Caleb Williams,WillCa03
2024_18_CHI_GB,2024,18,REG,2025-01-05,CHI,GB,home,GB,1,40,Jordan Love,LoveJo03
2024_18_CIN_PIT,2024,18,REG,2025-01-04,CIN,PIT,away,CIN,1,55,Joe Burrow,BurrJo01
2024_18_CIN_PIT,2024,18,REG,2025-01-04,CIN,PIT,home,PIT,1,57,Russell Wilson,WilsRu00
2024_18_CLE_BAL,2024,18,REG,2025-01-04,CLE,BAL,away,CLE,1,58,Bailey Zappe,ZappBa00
2024_18_CLE_BAL,2024,18,REG,2025-01-04,CLE,BAL,home,BAL,1,56,Lamar Jackson,JackLa00
2024_18_HOU_TEN,2024,18,REG,2025-01-05,HOU,TEN,away,HOU,1,51,C.J. Stroud,StroCJ00
2024_18_HOU_TEN,2024,18,REG,2025-01-05,HOU,TEN,home,TEN,1,38,Will Levis,LeviWi00
2024_18_JAX_IND,2024,18,REG,2025-01-05,JAX,IND,away,JAX,1,36,Mac Jones,JoneMa05
2024_18_JAX_IND,2024,18,REG,2025-01-05,JAX,IND,home,IND,1,31,Joe Flacco,FlacJo00
2024_18_KC_DEN,2024,18,REG,2025-01-05,KC,DEN,away,KC,1,52,Carson Wentz,WentCa00
2024_18_KC_DEN,2024,18,REG,2025-01-05,KC,DEN,home,DEN,1,45,Bo Nix,NixxBo00
2024_18_LAC_LV,2024,18,REG,2025-01-05,LAC,LV,away,LAC,1,34,Justin Herbert,HerbJu00
2024_18_LAC_LV,2024,18,REG,2025-01-05,LAC,LV,home,LV,1,46,Aidan O'Connell,OConAi00
2024_18_MIA_NYJ,2024,18,REG,2025-01-05,MIA,NYJ,away,MIA,1,35,Tyler Huntley,HuntTy01
2024_18_MIA_NYJ,2024,18,REG,2025-01-05,MIA,NYJ,home,NYJ,1,49,Aaron Rodgers,RodgAa00
2024_18_MIN_DET,2024,18,REG,2025-01-05,MIN,DET,away,MIN,1,29,Sam Darnold,DarnSa00
2024_18_MIN_DET,2024,18,REG,2025-01-05,MIN,DET,home,DET,1,33,Jared Goff,GoffJa00
2024_18_NO_TB,2024,18,REG,2025-01-05,NO,TB,away,NO,1,48,Spencer Rattler,RattSp00
2024_18_NO_TB,2024,18,REG,2025-01-05,NO,TB,home,TB,1,42,Baker Mayfield,MayfBa00
2024_18_NYG_PHI,2024,18,REG,2025-01-05,NYG,PHI,away,NYG,1,39,Drew Lock,LockDr00
2024_18_NYG_PHI,2024,18,REG,2025-01-05,NYG,PHI,home,PHI,1,43,Tanner McKee,McKeTa01
2024_18_SEA_LA,2024,18,REG,2025-01-05,SEA,LAR,away,SEA,1,50,Geno Smith,SmitGe00
2024_18_SEA_LA,2024,18,REG,2025-01-05,SEA,LAR,home,LAR,1,32,Jimmy Garoppolo,GaroJi00
2024_18_SF_ARI,2024,18,REG,2025-01-05,SF,ARI,away,SF,1,30,Joshua Dobbs,DobbJo00
2024_18_SF_ARI,2024,18,REG,2025-01-05,SF,ARI,home,ARI,1,44,Kyler Murray,MurrKy00
2024_18_WAS_DAL,2024,18,REG,2025-01-05,WAS,DAL,away,WAS,1,28,Jayden Daniels,DaniJa02
2024_18_WAS_DAL,2024,18,REG,2025-01-05,WAS,DAL,home,DAL,1,37,Trey Lance,LancTr00
2024_19_DEN_BUF,2024,19,WC,2025-01-12,DEN,BUF,away,DEN,1,22,Bo Nix,NixxBo00
2024_19_DEN_BUF,2024,19,WC,2025-01-12,DEN,BUF,home,BUF,1,17,Josh Allen,AlleJo02
2024_19_GB_PHI,2024,19,WC,2025-01-12,GB,PHI,away,GB,1,20,Jordan Love,LoveJo03
2024_19_GB_PHI,2024,19,WC,2025-01-12,GB,PHI,home,PHI,1,19,Jalen Hurts,HurtJa00
2024_19_LAC_HOU,2024,19,WC,2025-01-11,LAC,HOU,away,LAC,1,23,Justin Herbert,HerbJu00
2024_19_LAC_HOU,2024,19,WC,2025-01-11,LAC,HOU,home,HOU,1,25,C.J. Stroud,StroCJ00
2024_19_MIN_LA,2024,19,WC,2025-01-13,MIN,LAR,away,MIN,1,15,Sam Darnold,DarnSa00
2024_19_MIN_LA,2024,19,WC,2025-01-13,MIN,LAR,home,LAR,1,16,Matthew Stafford,StafMa00
2024_19_PIT_BAL,2024,19,WC,2025-01-11,PIT,BAL,away,PIT,1,26,Russell Wilson,WilsRu00
2024_19_PIT_BAL,2024,19,WC,2025-01-11,PIT,BAL,home,BAL,1,24,Lamar Jackson,JackLa00
2024_19_WAS_TB,2024,19,WC,2025-01-12,WAS,TB,away,WAS,1,18,Jayden Daniels,DaniJa02
2024_19_WAS_TB,2024,19,WC,2025-01-12,WAS,TB,home,TB,1,21,Baker Mayfield,MayfBa00
2024_20_BAL_BUF,2024,20,DIV,2025-01-19,BAL,BUF,away,BAL,1,9,Lamar Jackson,JackLa00
2024_20_BAL_BUF,2024,20,DIV,2025-01-19,BAL,BUF,home,BUF,1,7,Josh Allen,AlleJo02
2024_20_HOU_KC,2024,20,DIV,2025-01-18,HOU,KC,away,HOU,1,14,C.J. Stroud,StroCJ00
2024_20_HOU_KC,2024,20,DIV,2025-01-18,HOU,KC,home,KC,1,13,Patrick Mahomes,MahoPa00
2024_20_LA_PHI,2024,20,DIV,2025-01-19,LAR,PHI,away,LAR,1,10,Matthew Stafford,StafMa00
2024_20_LA_PHI,2024,20,DIV,2025-01-19,LAR,PHI,home,PHI,1,8,Jalen Hurts,HurtJa00
2024_20_WAS_DET,2024,20,DIV,2025-01-18,WAS,DET,away,WAS,1,11,Jayden Daniels,DaniJa02
2024_20_WAS_DET,2024,20,DIV,2025-01-18,WAS,DET,home,DET,1,12,Jared Goff,GoffJa00
2024_21_BUF_KC,2024,21,CON,2025-01-26,BUF,KC,away,BUF,1,3,Josh Allen,AlleJo02
2024_21_BUF_KC,2024,21,CON,2025-01-26,BUF,KC,home,KC,1,6,Patrick Mahomes,MahoPa00
2024_21_WAS_PHI,2024,21,CON,2025-01-26,WAS,PHI,away,WAS,1,4,Jayden Daniels,DaniJa02
2024_21_WAS_PHI,2024,21,CON,2025-01-26,WAS,PHI,home,PHI,1,5,Jalen Hurts,HurtJa00
2024_22_KC_PHI,2024,22,SB,2025-02-09,KC,PHI,away,KC,1,2,Patrick Mahomes,MahoPa00
2024_22_KC_PHI,2024,22,SB,2025-02-09,KC,PHI,home,PHI,1,1,Jalen Hurts,HurtJa00
