rank,player_name,pfr_id,raw_date,raw_team,raw_location,raw_opp,raw_pos,match_status,canonical_game_id,canonical_season,canonical_week,canonical_season_type,canonical_away_team,canonical_home_team,team_side,reconciliation_reason
1,Jalen Hurts,HurtJa00,2025-02-09,PHI,N,KAN,QB,MATCHED_CANONICAL_GAME,2024_22_KC_PHI,2024,22,SB,KC,PHI,home,neutral-site canonical team identity
2,Patrick Mahomes,MahoPa00,2025-02-09,KAN,N,PHI,QB,MATCHED_CANONICAL_GAME,2024_22_KC_PHI,2024,22,SB,KC,PHI,away,neutral-site canonical team identity
3,Josh Allen,AlleJo02,2025-01-26,BUF,@,KAN,QB,MATCHED_CANONICAL_GAME,2024_21_BUF_KC,2024,21,CON,BUF,KC,away,date/team/opponent/location identity
4,Jayden Daniels,DaniJa02,2025-01-26,WAS,@,PHI,QB,MATCHED_CANONICAL_GAME,2024_21_WAS_PHI,2024,21,CON,WAS,PHI,away,date/team/opponent/location identity
5,Jalen Hurts,HurtJa00,2025-01-26,PHI,,WAS,QB,MATCHED_CANONICAL_GAME,2024_21_WAS_PHI,2024,21,CON,WAS,PHI,home,date/team/opponent/location identity
6,Patrick Mahomes,MahoPa00,2025-01-26,KAN,,BUF,QB,MATCHED_CANONICAL_GAME,2024_21_BUF_KC,2024,21,CON,BUF,KC,home,date/team/opponent/location identity
7,Josh Allen,AlleJo02,2025-01-19,BUF,,BAL,QB,MATCHED_CANONICAL_GAME,2024_20_BAL_BUF,2024,20,DIV,BAL,BUF,home,date/team/opponent/location identity
8,Jalen Hurts,HurtJa00,2025-01-19,PHI,,LAR,QB,MATCHED_CANONICAL_GAME,2024_20_LA_PHI,2024,20,DIV,LAR,PHI,home,date/team/opponent/location identity
9,Lamar Jackson,JackLa00,2025-01-19,BAL,@,BUF,QB,MATCHED_CANONICAL_GAME,2024_20_BAL_BUF,2024,20,DIV,BAL,BUF,away,date/team/opponent/location identity
10,Matthew Stafford,StafMa00,2025-01-19,LAR,@,PHI,QB,MATCHED_CANONICAL_GAME,2024_20_LA_PHI,2024,20,DIV,LAR,PHI,away,date/team/opponent/location identity
11,Jayden Daniels,DaniJa02,2025-01-18,WAS,@,DET,QB,MATCHED_CANONICAL_GAME,2024_20_WAS_DET,2024,20,DIV,WAS,DET,away,date/team/opponent/location identity
12,Jared Goff,GoffJa00,2025-01-18,DET,,WAS,QB,MATCHED_CANONICAL_GAME,2024_20_WAS_DET,2024,20,DIV,WAS,DET,home,date/team/opponent/location identity
13,Patrick Mahomes,MahoPa00,2025-01-18,KAN,,HOU,QB,MATCHED_CANONICAL_GAME,2024_20_HOU_KC,2024,20,DIV,HOU,KC,home,date/team/opponent/location identity
14,C.J. Stroud,StroCJ00,2025-01-18,HOU,@,KAN,QB,MATCHED_CANONICAL_GAME,2024_20_HOU_KC,2024,20,DIV,HOU,KC,away,date/team/opponent/location identity
15,Sam Darnold,DarnSa00,2025-01-13,MIN,@,LAR,QB,MATCHED_CANONICAL_GAME,2024_19_MIN_LA,2024,19,WC,MIN,LAR,away,date/team/opponent/location identity
16,Matthew Stafford,StafMa00,2025-01-13,LAR,,MIN,QB,MATCHED_CANONICAL_GAME,2024_19_MIN_LA,2024,19,WC,MIN,LAR,home,date/team/opponent/location identity
17,Josh Allen,AlleJo02,2025-01-12,BUF,,DEN,QB,MATCHED_CANONICAL_GAME,2024_19_DEN_BUF,2024,19,WC,DEN,BUF,home,date/team/opponent/location identity
18,Jayden Daniels,DaniJa02,2025-01-12,WAS,@,TAM,QB,MATCHED_CANONICAL_GAME,2024_19_WAS_TB,2024,19,WC,WAS,TB,away,date/team/opponent/location identity
19,Jalen Hurts,HurtJa00,2025-01-12,PHI,,GNB,QB,MATCHED_CANONICAL_GAME,2024_19_GB_PHI,2024,19,WC,GB,PHI,home,date/team/opponent/location identity
20,Jordan Love,LoveJo03,2025-01-12,GNB,@,PHI,QB,MATCHED_CANONICAL_GAME,2024_19_GB_PHI,2024,19,WC,GB,PHI,away,date/team/opponent/location identity
21,Baker Mayfield,MayfBa00,2025-01-12,TAM,,WAS,QB,MATCHED_CANONICAL_GAME,2024_19_WAS_TB,2024,19,WC,WAS,TB,home,date/team/opponent/location identity
22,Bo Nix,NixxBo00,2025-01-12,DEN,@,BUF,QB,MATCHED_CANONICAL_GAME,2024_19_DEN_BUF,2024,19,WC,DEN,BUF,away,date/team/opponent/location identity
23,Justin Herbert,HerbJu00,2025-01-11,LAC,@,HOU,QB,MATCHED_CANONICAL_GAME,2024_19_LAC_HOU,2024,19,WC,LAC,HOU,away,date/team/opponent/location identity
24,Lamar Jackson,JackLa00,2025-01-11,BAL,,PIT,QB,MATCHED_CANONICAL_GAME,2024_19_PIT_BAL,2024,19,WC,PIT,BAL,home,date/team/opponent/location identity
25,C.J. Stroud,StroCJ00,2025-01-11,HOU,,LAC,QB,MATCHED_CANONICAL_GAME,2024_19_LAC_HOU,2024,19,WC,LAC,HOU,home,date/team/opponent/location identity
26,Russell Wilson,WilsRu00,2025-01-11,PIT,@,BAL,QB,MATCHED_CANONICAL_GAME,2024_19_PIT_BAL,2024,19,WC,PIT,BAL,away,date/team/opponent/location identity
27,Josh Allen,AlleJo02,2025-01-05,BUF,@,NWE,QB,MATCHED_CANONICAL_GAME,2024_18_BUF_NE,2024,18,REG,BUF,NE,away,date/team/opponent/location identity
28,Jayden Daniels,DaniJa02,2025-01-05,WAS,@,DAL,QB,MATCHED_CANONICAL_GAME,2024_18_WAS_DAL,2024,18,REG,WAS,DAL,away,date/team/opponent/location identity
29,Sam Darnold,DarnSa00,2025-01-05,MIN,@,DET,QB,MATCHED_CANONICAL_GAME,2024_18_MIN_DET,2024,18,REG,MIN,DET,away,date/team/opponent/location identity
30,Joshua Dobbs,DobbJo00,2025-01-05,SFO,@,ARI,QB,MATCHED_CANONICAL_GAME,2024_18_SF_ARI,2024,18,REG,SF,ARI,away,date/team/opponent/location identity
31,Joe Flacco,FlacJo00,2025-01-05,IND,,JAX,QB,MATCHED_CANONICAL_GAME,2024_18_JAX_IND,2024,18,REG,JAX,IND,home,date/team/opponent/location identity
32,Jimmy Garoppolo,GaroJi00,2025-01-05,LAR,,SEA,QB,MATCHED_CANONICAL_GAME,2024_18_SEA_LA,2024,18,REG,SEA,LAR,home,date/team/opponent/location identity
33,Jared Goff,GoffJa00,2025-01-05,DET,,MIN,QB,MATCHED_CANONICAL_GAME,2024_18_MIN_DET,2024,18,REG,MIN,DET,home,date/team/opponent/location identity
34,Justin Herbert,HerbJu00,2025-01-05,LAC,@,LVR,QB,MATCHED_CANONICAL_GAME,2024_18_LAC_LV,2024,18,REG,LAC,LV,away,date/team/opponent/location identity
35,Tyler Huntley,HuntTy01,2025-01-05,MIA,@,NYJ,QB,MATCHED_CANONICAL_GAME,2024_18_MIA_NYJ,2024,18,REG,MIA,NYJ,away,date/team/opponent/location identity
36,Mac Jones,JoneMa05,2025-01-05,JAX,@,IND,QB,MATCHED_CANONICAL_GAME,2024_18_JAX_IND,2024,18,REG,JAX,IND,away,date/team/opponent/location identity
37,Trey Lance,LancTr00,2025-01-05,DAL,,WAS,QB,MATCHED_CANONICAL_GAME,2024_18_WAS_DAL,2024,18,REG,WAS,DAL,home,date/team/opponent/location identity
38,Will Levis,LeviWi00,2025-01-05,TEN,,HOU,QB,MATCHED_CANONICAL_GAME,2024_18_HOU_TEN,2024,18,REG,HOU,TEN,home,date/team/opponent/location identity
39,Drew Lock,LockDr00,2025-01-05,NYG,@,PHI,QB,MATCHED_CANONICAL_GAME,2024_18_NYG_PHI,2024,18,REG,NYG,PHI,away,date/team/opponent/location identity
40,Jordan Love,LoveJo03,2025-01-05,GNB,,CHI,QB,MATCHED_CANONICAL_GAME,2024_18_CHI_GB,2024,18,REG,CHI,GB,home,date/team/opponent/location identity
41,Drake Maye,MayeDr00,2025-01-05,NWE,,BUF,QB,MATCHED_CANONICAL_GAME,2024_18_BUF_NE,2024,18,REG,BUF,NE,home,date/team/opponent/location identity
42,Baker Mayfield,MayfBa00,2025-01-05,TAM,,NOR,QB,MATCHED_CANONICAL_GAME,2024_18_NO_TB,2024,18,REG,NO,TB,home,date/team/opponent/location identity
43,Tanner McKee,McKeTa01,2025-01-05,PHI,,NYG,QB,MATCHED_CANONICAL_GAME,2024_18_NYG_PHI,2024,18,REG,NYG,PHI,home,date/team/opponent/location identity
44,Kyler Murray,MurrKy00,2025-01-05,ARI,,SFO,QB,MATCHED_CANONICAL_GAME,2024_18_SF_ARI,2024,18,REG,SF,ARI,home,date/team/opponent/location identity
45,Bo Nix,NixxBo00,2025-01-05,DEN,,KAN,QB,MATCHED_CANONICAL_GAME,2024_18_KC_DEN,2024,18,REG,KC,DEN,home,date/team/opponent/location identity
46,Aidan O'Connell,OConAi00,2025-01-05,LVR,,LAC,QB,MATCHED_CANONICAL_GAME,2024_18_LAC_LV,2024,18,REG,LAC,LV,home,date/team/opponent/location identity
47,Michael Penix,PeniMi00,2025-01-05,ATL,,CAR,QB,MATCHED_CANONICAL_GAME,2024_18_CAR_ATL,2024,18,REG,CAR,ATL,home,date/team/opponent/location identity
48,Spencer Rattler,RattSp00,2025-01-05,NOR,@,TAM,QB,MATCHED_CANONICAL_GAME,2024_18_NO_TB,2024,18,REG,NO,TB,away,date/team/opponent/location identity
49,Aaron Rodgers,RodgAa00,2025-01-05,NYJ,,MIA,QB,MATCHED_CANONICAL_GAME,2024_18_MIA_NYJ,2024,18,REG,MIA,NYJ,home,date/team/opponent/location identity
50,Geno Smith,SmitGe00,2025-01-05,SEA,@,LAR,QB,MATCHED_CANONICAL_GAME,2024_18_SEA_LA,2024,18,REG,SEA,LAR,away,date/team/opponent/location identity
51,C.J. Stroud,StroCJ00,2025-01-05,HOU,@,TEN,QB,MATCHED_CANONICAL_GAME,2024_18_HOU_TEN,2024,18,REG,HOU,TEN,away,date/team/opponent/location identity
52,Carson Wentz,WentCa00,2025-01-05,KAN,@,DEN,QB,MATCHED_CANONICAL_GAME,2024_18_KC_DEN,2024,18,REG,KC,DEN,away,date/team/opponent/location identity
53,Caleb Williams,WillCa03,2025-01-05,CHI,@,GNB,QB,MATCHED_CANONICAL_GAME,2024_18_CHI_GB,2024,18,REG,CHI,GB,away,date/team/opponent/location identity
54,Bryce Young,YounBr01,2025-01-05,CAR,@,ATL,QB,MATCHED_CANONICAL_GAME,2024_18_CAR_ATL,2024,18,REG,CAR,ATL,away,date/team/opponent/location identity
55,Joe Burrow,BurrJo01,2025-01-04,CIN,@,PIT,QB,MATCHED_CANONICAL_GAME,2024_18_CIN_PIT,2024,18,REG,CIN,PIT,away,date/team/opponent/location identity
56,Lamar Jackson,JackLa00,2025-01-04,BAL,,CLE,QB,MATCHED_CANONICAL_GAME,2024_18_CLE_BAL,2024,18,REG,CLE,BAL,home,date/team/opponent/location identity
57,Russell Wilson,WilsRu00,2025-01-04,PIT,,CIN,QB,MATCHED_CANONICAL_GAME,2024_18_CIN_PIT,2024,18,REG,CIN,PIT,home,date/team/opponent/location identity
58,Bailey Zappe,ZappBa00,2025-01-04,CLE,@,BAL,QB,MATCHED_CANONICAL_GAME,2024_18_CLE_BAL,2024,18,REG,CLE,BAL,away,date/team/opponent/location identity
59,Jared Goff,GoffJa00,2024-12-30,DET,@,SFO,QB,MATCHED_CANONICAL_GAME,2024_17_DET_SF,2024,17,REG,DET,SF,away,date/team/opponent/location identity
60,Brock Purdy,PurdBr00,2024-12-30,SFO,,DET,QB,MATCHED_CANONICAL_GAME,2024_17_DET_SF,2024,17,REG,DET,SF,home,date/team/opponent/location identity
61,Josh Allen,AlleJo02,2024-12-29,BUF,,NYJ,QB,MATCHED_CANONICAL_GAME,2024_17_NYJ_BUF,2024,17,REG,NYJ,BUF,home,date/team/opponent/location identity
62,Jayden Daniels,DaniJa02,2024-12-29,WAS,,ATL,QB,MATCHED_CANONICAL_GAME,2024_17_ATL_WAS,2024,17,REG,ATL,WAS,home,date/team/opponent/location identity
63,Sam Darnold,DarnSa00,2024-12-29,MIN,,GNB,QB,MATCHED_CANONICAL_GAME,2024_17_GB_MIN,2024,17,REG,GB,MIN,home,date/team/opponent/location identity
64,Joe Flacco,FlacJo00,2024-12-29,IND,@,NYG,QB,MATCHED_CANONICAL_GAME,2024_17_IND_NYG,2024,17,REG,IND,NYG,away,date/team/opponent/location identity
65,Tyler Huntley,HuntTy01,2024-12-29,MIA,@,CLE,QB,MATCHED_CANONICAL_GAME,2024_17_MIA_CLE,2024,17,REG,MIA,CLE,away,date/team/opponent/location identity
66,Mac Jones,JoneMa05,2024-12-29,JAX,,TEN,QB,MATCHED_CANONICAL_GAME,2024_17_TEN_JAX,2024,17,REG,TEN,JAX,home,date/team/opponent/location identity
67,Drew Lock,LockDr00,2024-12-29,NYG,,IND,QB,MATCHED_CANONICAL_GAME,2024_17_IND_NYG,2024,17,REG,IND,NYG,home,date/team/opponent/location identity
68,Jordan Love,LoveJo03,2024-12-29,GNB,@,MIN,QB,MATCHED_CANONICAL_GAME,2024_17_GB_MIN,2024,17,REG,GB,MIN,away,date/team/opponent/location identity
69,Baker Mayfield,MayfBa00,2024-12-29,TAM,,CAR,QB,MATCHED_CANONICAL_GAME,2024_17_CAR_TB,2024,17,REG,CAR,TB,home,date/team/opponent/location identity
70,Aidan O'Connell,OConAi00,2024-12-29,LVR,@,NOR,QB,MATCHED_CANONICAL_GAME,2024_17_LV_NO,2024,17,REG,LV,NO,away,date/team/opponent/location identity
71,Michael Penix,PeniMi00,2024-12-29,ATL,@,WAS,QB,MATCHED_CANONICAL_GAME,2024_17_ATL_WAS,2024,17,REG,ATL,WAS,away,date/team/opponent/location identity
72,Kenny Pickett,PickKe00,2024-12-29,PHI,,DAL,QB,MATCHED_CANONICAL_GAME,2024_17_DAL_PHI,2024,17,REG,DAL,PHI,home,date/team/opponent/location identity
73,Spencer Rattler,RattSp00,2024-12-29,NOR,,LVR,QB,MATCHED_CANONICAL_GAME,2024_17_LV_NO,2024,17,REG,LV,NO,home,date/team/opponent/location identity
74,Aaron Rodgers,RodgAa00,2024-12-29,NYJ,@,BUF,QB,MATCHED_CANONICAL_GAME,2024_17_NYJ_BUF,2024,17,REG,NYJ,BUF,away,date/team/opponent/location identity
75,Mason Rudolph,RudoMa00,2024-12-29,TEN,@,JAX,QB,MATCHED_CANONICAL_GAME,2024_17_TEN_JAX,2024,17,REG,TEN,JAX,away,date/team/opponent/location identity
76,Cooper Rush,RushCo00,2024-12-29,DAL,@,PHI,QB,MATCHED_CANONICAL_GAME,2024_17_DAL_PHI,2024,17,REG,DAL,PHI,away,date/team/opponent/location identity
77,Dorian Thompson-Robinson,ThomDo02,2024-12-29,CLE,,MIA,QB,MATCHED_CANONICAL_GAME,2024_17_MIA_CLE,2024,17,REG,MIA,CLE,home,date/team/opponent/location identity
78,Bryce Young,YounBr01,2024-12-29,CAR,@,TAM,QB,MATCHED_CANONICAL_GAME,2024_17_CAR_TB,2024,17,REG,CAR,TB,away,date/team/opponent/location identity
79,Joe Burrow,BurrJo01,2024-12-28,CIN,,DEN,QB,MATCHED_CANONICAL_GAME,2024_17_DEN_CIN,2024,17,REG,DEN,CIN,home,date/team/opponent/location identity
80,Justin Herbert,HerbJu00,2024-12-28,LAC,@,NWE,QB,MATCHED_CANONICAL_GAME,2024_17_LAC_NE,2024,17,REG,LAC,NE,away,date/team/opponent/location identity
81,Drake Maye,MayeDr00,2024-12-28,NWE,,LAC,QB,MATCHED_CANONICAL_GAME,2024_17_LAC_NE,2024,17,REG,LAC,NE,home,date/team/opponent/location identity
82,Kyler Murray,MurrKy00,2024-12-28,ARI,@,LAR,QB,MATCHED_CANONICAL_GAME,2024_17_ARI_LA,2024,17,REG,ARI,LAR,away,date/team/opponent/location identity
83,Bo Nix,NixxBo00,2024-12-28,DEN,@,CIN,QB,MATCHED_CANONICAL_GAME,2024_17_DEN_CIN,2024,17,REG,DEN,CIN,away,date/team/opponent/location identity
84,Matthew Stafford,StafMa00,2024-12-28,LAR,,ARI,QB,MATCHED_CANONICAL_GAME,2024_17_ARI_LA,2024,17,REG,ARI,LAR,home,date/team/opponent/location identity
85,Geno Smith,SmitGe00,2024-12-26,SEA,@,CHI,QB,MATCHED_CANONICAL_GAME,2024_17_SEA_CHI,2024,17,REG,SEA,CHI,away,date/team/opponent/location identity
86,Caleb Williams,WillCa03,2024-12-26,CHI,,SEA,QB,MATCHED_CANONICAL_GAME,2024_17_SEA_CHI,2024,17,REG,SEA,CHI,home,date/team/opponent/location identity
87,Lamar Jackson,JackLa00,2024-12-25,BAL,@,HOU,QB,MATCHED_CANONICAL_GAME,2024_17_BAL_HOU,2024,17,REG,BAL,HOU,away,date/team/opponent/location identity
88,Patrick Mahomes,MahoPa00,2024-12-25,KAN,@,PIT,QB,MATCHED_CANONICAL_GAME,2024_17_KC_PIT,2024,17,REG,KC,PIT,away,date/team/opponent/location identity
89,C.J. Stroud,StroCJ00,2024-12-25,HOU,,BAL,QB,MATCHED_CANONICAL_GAME,2024_17_BAL_HOU,2024,17,REG,BAL,HOU,home,date/team/opponent/location identity
90,Russell Wilson,WilsRu00,2024-12-25,PIT,,KAN,QB,MATCHED_CANONICAL_GAME,2024_17_KC_PIT,2024,17,REG,KC,PIT,home,date/team/opponent/location identity
91,Jordan Love,LoveJo03,2024-12-23,GNB,,NOR,QB,MATCHED_CANONICAL_GAME,2024_16_NO_GB,2024,16,REG,NO,GB,home,date/team/opponent/location identity
92,Spencer Rattler,RattSp00,2024-12-23,NOR,@,GNB,QB,MATCHED_CANONICAL_GAME,2024_16_NO_GB,2024,16,REG,NO,GB,away,date/team/opponent/location identity
93,Josh Allen,AlleJo02,2024-12-22,BUF,,NWE,QB,MATCHED_CANONICAL_GAME,2024_16_NE_BUF,2024,16,REG,NE,BUF,home,date/team/opponent/location identity
94,Joe Burrow,BurrJo01,2024-12-22,CIN,,CLE,QB,MATCHED_CANONICAL_GAME,2024_16_CLE_CIN,2024,16,REG,CLE,CIN,home,date/team/opponent/location identity
95,Jayden Daniels,DaniJa02,2024-12-22,WAS,,PHI,QB,MATCHED_CANONICAL_GAME,2024_16_PHI_WAS,2024,16,REG,PHI,WAS,home,date/team/opponent/location identity
96,Sam Darnold,DarnSa00,2024-12-22,MIN,@,SEA,QB,MATCHED_CANONICAL_GAME,2024_16_MIN_SEA,2024,16,REG,MIN,SEA,away,date/team/opponent/location identity
97,Jared Goff,GoffJa00,2024-12-22,DET,@,CHI,QB,MATCHED_CANONICAL_GAME,2024_16_DET_CHI,2024,16,REG,DET,CHI,away,date/team/opponent/location identity
98,Jalen Hurts,HurtJa00,2024-12-22,PHI,@,WAS,QB,MATCHED_CANONICAL_GAME,2024_16_PHI_WAS,2024,16,REG,PHI,WAS,away,date/team/opponent/location identity
99,Mac Jones,JoneMa05,2024-12-22,JAX,@,LVR,QB,MATCHED_CANONICAL_GAME,2024_16_JAX_LV,2024,16,REG,JAX,LV,away,date/team/opponent/location identity
100,Drew Lock,LockDr00,2024-12-22,NYG,@,ATL,QB,MATCHED_CANONICAL_GAME,2024_16_NYG_ATL,2024,16,REG,NYG,ATL,away,date/team/opponent/location identity
101,Drake Maye,MayeDr00,2024-12-22,NWE,@,BUF,QB,MATCHED_CANONICAL_GAME,2024_16_NE_BUF,2024,16,REG,NE,BUF,away,date/team/opponent/location identity
102,Baker Mayfield,MayfBa00,2024-12-22,TAM,@,DAL,QB,MATCHED_CANONICAL_GAME,2024_16_TB_DAL,2024,16,REG,TB,DAL,away,date/team/opponent/location identity
103,Kyler Murray,MurrKy00,2024-12-22,ARI,@,CAR,QB,MATCHED_CANONICAL_GAME,2024_16_ARI_CAR,2024,16,REG,ARI,CAR,away,date/team/opponent/location identity
104,Aidan O'Connell,OConAi00,2024-12-22,LVR,,JAX,QB,MATCHED_CANONICAL_GAME,2024_16_JAX_LV,2024,16,REG,JAX,LV,home,date/team/opponent/location identity
105,Michael Penix,PeniMi00,2024-12-22,ATL,,NYG,QB,MATCHED_CANONICAL_GAME,2024_16_NYG_ATL,2024,16,REG,NYG,ATL,home,date/team/opponent/location identity
106,Brock Purdy,PurdBr00,2024-12-22,SFO,@,MIA,QB,MATCHED_CANONICAL_GAME,2024_16_SF_MIA,2024,16,REG,SF,MIA,away,date/team/opponent/location identity
107,Anthony Richardson,RichAn03,2024-12-22,IND,,TEN,QB,MATCHED_CANONICAL_GAME,2024_16_TEN_IND,2024,16,REG,TEN,IND,home,date/team/opponent/location identity
108,Aaron Rodgers,RodgAa00,2024-12-22,NYJ,,LAR,QB,MATCHED_CANONICAL_GAME,2024_16_LA_NYJ,2024,16,REG,LAR,NYJ,home,date/team/opponent/location identity
109,Mason Rudolph,RudoMa00,2024-12-22,TEN,@,IND,QB,MATCHED_CANONICAL_GAME,2024_16_TEN_IND,2024,16,REG,TEN,IND,away,date/team/opponent/location identity
110,Cooper Rush,RushCo00,2024-12-22,DAL,,TAM,QB,MATCHED_CANONICAL_GAME,2024_16_TB_DAL,2024,16,REG,TB,DAL,home,date/team/opponent/location identity
111,Geno Smith,SmitGe00,2024-12-22,SEA,,MIN,QB,MATCHED_CANONICAL_GAME,2024_16_MIN_SEA,2024,16,REG,MIN,SEA,home,date/team/opponent/location identity
112,Matthew Stafford,StafMa00,2024-12-22,LAR,@,NYJ,QB,MATCHED_CANONICAL_GAME,2024_16_LA_NYJ,2024,16,REG,LAR,NYJ,away,date/team/opponent/location identity
113,Tua Tagovailoa,TagoTu00,2024-12-22,MIA,,SFO,QB,MATCHED_CANONICAL_GAME,2024_16_SF_MIA,2024,16,REG,SF,MIA,home,date/team/opponent/location identity
114,Dorian Thompson-Robinson,ThomDo02,2024-12-22,CLE,@,CIN,QB,MATCHED_CANONICAL_GAME,2024_16_CLE_CIN,2024,16,REG,CLE,CIN,away,date/team/opponent/location identity
115,Caleb Williams,WillCa03,2024-12-22,CHI,,DET,QB,MATCHED_CANONICAL_GAME,2024_16_DET_CHI,2024,16,REG,DET,CHI,home,date/team/opponent/location identity
116,Bryce Young,YounBr01,2024-12-22,CAR,,ARI,QB,MATCHED_CANONICAL_GAME,2024_16_ARI_CAR,2024,16,REG,ARI,CAR,home,date/team/opponent/location identity
117,Lamar Jackson,JackLa00,2024-12-21,BAL,,PIT,QB,MATCHED_CANONICAL_GAME,2024_16_PIT_BAL,2024,16,REG,PIT,BAL,home,date/team/opponent/location identity
118,Patrick Mahomes,MahoPa00,2024-12-21,KAN,,HOU,QB,MATCHED_CANONICAL_GAME,2024_16_HOU_KC,2024,16,REG,HOU,KC,home,date/team/opponent/location identity
119,C.J. Stroud,StroCJ00,2024-12-21,HOU,@,KAN,QB,MATCHED_CANONICAL_GAME,2024_16_HOU_KC,2024,16,REG,HOU,KC,away,date/team/opponent/location identity
120,Russell Wilson,WilsRu00,2024-12-21,PIT,@,BAL,QB,MATCHED_CANONICAL_GAME,2024_16_PIT_BAL,2024,16,REG,PIT,BAL,away,date/team/opponent/location identity
121,Justin Herbert,HerbJu00,2024-12-19,LAC,,DEN,QB,MATCHED_CANONICAL_GAME,2024_16_DEN_LAC,2024,16,REG,DEN,LAC,home,date/team/opponent/location identity
122,Bo Nix,NixxBo00,2024-12-19,DEN,@,LAC,QB,MATCHED_CANONICAL_GAME,2024_16_DEN_LAC,2024,16,REG,DEN,LAC,away,date/team/opponent/location identity
123,Kirk Cousins,CousKi00,2024-12-16,ATL,@,LVR,QB,MATCHED_CANONICAL_GAME,2024_15_ATL_LV,2024,15,REG,ATL,LV,away,date/team/opponent/location identity
124,Sam Darnold,DarnSa00,2024-12-16,MIN,,CHI,QB,MATCHED_CANONICAL_GAME,2024_15_CHI_MIN,2024,15,REG,CHI,MIN,home,date/team/opponent/location identity
125,Desmond Ridder,RiddDe00,2024-12-16,LVR,,ATL,QB,MATCHED_CANONICAL_GAME,2024_15_ATL_LV,2024,15,REG,ATL,LV,home,date/team/opponent/location identity
126,Caleb Williams,WillCa03,2024-12-16,CHI,@,MIN,QB,MATCHED_CANONICAL_GAME,2024_15_CHI_MIN,2024,15,REG,CHI,MIN,away,date/team/opponent/location identity
127,Josh Allen,AlleJo02,2024-12-15,BUF,@,DET,QB,MATCHED_CANONICAL_GAME,2024_15_BUF_DET,2024,15,REG,BUF,DET,away,date/team/opponent/location identity
128,Joe Burrow,BurrJo01,2024-12-15,CIN,@,TEN,QB,MATCHED_CANONICAL_GAME,2024_15_CIN_TEN,2024,15,REG,CIN,TEN,away,date/team/opponent/location identity
129,Jayden Daniels,DaniJa02,2024-12-15,WAS,@,NOR,QB,MATCHED_CANONICAL_GAME,2024_15_WAS_NO,2024,15,REG,WAS,NO,away,date/team/opponent/location identity
130,Tommy DeVito,DeViTo00,2024-12-15,NYG,,BAL,QB,MATCHED_CANONICAL_GAME,2024_15_BAL_NYG,2024,15,REG,BAL,NYG,home,date/team/opponent/location identity
131,Jared Goff,GoffJa00,2024-12-15,DET,,BUF,QB,MATCHED_CANONICAL_GAME,2024_15_BUF_DET,2024,15,REG,BUF,DET,home,date/team/opponent/location identity
132,Jake Haener,HaenJa00,2024-12-15,NOR,,WAS,QB,MATCHED_CANONICAL_GAME,2024_15_WAS_NO,2024,15,REG,WAS,NO,home,date/team/opponent/location identity
133,Justin Herbert,HerbJu00,2024-12-15,LAC,,TAM,QB,MATCHED_CANONICAL_GAME,2024_15_TB_LAC,2024,15,REG,TB,LAC,home,date/team/opponent/location identity
134,Jalen Hurts,HurtJa00,2024-12-15,PHI,,PIT,QB,MATCHED_CANONICAL_GAME,2024_15_PIT_PHI,2024,15,REG,PIT,PHI,home,date/team/opponent/location identity
135,Lamar Jackson,JackLa00,2024-12-15,BAL,@,NYG,QB,MATCHED_CANONICAL_GAME,2024_15_BAL_NYG,2024,15,REG,BAL,NYG,away,date/team/opponent/location identity
136,Mac Jones,JoneMa05,2024-12-15,JAX,,NYJ,QB,MATCHED_CANONICAL_GAME,2024_15_NYJ_JAX,2024,15,REG,NYJ,JAX,home,date/team/opponent/location identity
137,Will Levis,LeviWi00,2024-12-15,TEN,,CIN,QB,MATCHED_CANONICAL_GAME,2024_15_CIN_TEN,2024,15,REG,CIN,TEN,home,date/team/opponent/location identity
138,Jordan Love,LoveJo03,2024-12-15,GNB,@,SEA,QB,MATCHED_CANONICAL_GAME,2024_15_GB_SEA,2024,15,REG,GB,SEA,away,date/team/opponent/location identity
139,Patrick Mahomes,MahoPa00,2024-12-15,KAN,@,CLE,QB,MATCHED_CANONICAL_GAME,2024_15_KC_CLE,2024,15,REG,KC,CLE,away,date/team/opponent/location identity
140,Drake Maye,MayeDr00,2024-12-15,NWE,@,ARI,QB,MATCHED_CANONICAL_GAME,2024_15_NE_ARI,2024,15,REG,NE,ARI,away,date/team/opponent/location identity
141,Baker Mayfield,MayfBa00,2024-12-15,TAM,@,LAC,QB,MATCHED_CANONICAL_GAME,2024_15_TB_LAC,2024,15,REG,TB,LAC,away,date/team/opponent/location identity
142,Kyler Murray,MurrKy00,2024-12-15,ARI,,NWE,QB,MATCHED_CANONICAL_GAME,2024_15_NE_ARI,2024,15,REG,NE,ARI,home,date/team/opponent/location identity
143,Bo Nix,NixxBo00,2024-12-15,DEN,,IND,QB,MATCHED_CANONICAL_GAME,2024_15_IND_DEN,2024,15,REG,IND,DEN,home,date/team/opponent/location identity
144,Anthony Richardson,RichAn03,2024-12-15,IND,@,DEN,QB,MATCHED_CANONICAL_GAME,2024_15_IND_DEN,2024,15,REG,IND,DEN,away,date/team/opponent/location identity
145,Aaron Rodgers,RodgAa00,2024-12-15,NYJ,@,JAX,QB,MATCHED_CANONICAL_GAME,2024_15_NYJ_JAX,2024,15,REG,NYJ,JAX,away,date/team/opponent/location identity
146,Cooper Rush,RushCo00,2024-12-15,DAL,@,CAR,QB,MATCHED_CANONICAL_GAME,2024_15_DAL_CAR,2024,15,REG,DAL,CAR,away,date/team/opponent/location identity
147,Geno Smith,SmitGe00,2024-12-15,SEA,,GNB,QB,MATCHED_CANONICAL_GAME,2024_15_GB_SEA,2024,15,REG,GB,SEA,home,date/team/opponent/location identity
148,C.J. Stroud,StroCJ00,2024-12-15,HOU,,MIA,QB,MATCHED_CANONICAL_GAME,2024_15_MIA_HOU,2024,15,REG,MIA,HOU,home,date/team/opponent/location identity
149,Tua Tagovailoa,TagoTu00,2024-12-15,MIA,@,HOU,QB,MATCHED_CANONICAL_GAME,2024_15_MIA_HOU,2024,15,REG,MIA,HOU,away,date/team/opponent/location identity
150,Russell Wilson,WilsRu00,2024-12-15,PIT,@,PHI,QB,MATCHED_CANONICAL_GAME,2024_15_PIT_PHI,2024,15,REG,PIT,PHI,away,date/team/opponent/location identity
151,Jameis Winston,WinsJa00,2024-12-15,CLE,,KAN,QB,MATCHED_CANONICAL_GAME,2024_15_KC_CLE,2024,15,REG,KC,CLE,home,date/team/opponent/location identity
152,Bryce Young,YounBr01,2024-12-15,CAR,,DAL,QB,MATCHED_CANONICAL_GAME,2024_15_DAL_CAR,2024,15,REG,DAL,CAR,home,date/team/opponent/location identity
153,Brock Purdy,PurdBr00,2024-12-12,SFO,,LAR,QB,MATCHED_CANONICAL_GAME,2024_15_LA_SF,2024,15,REG,LAR,SF,home,date/team/opponent/location identity
154,Matthew Stafford,StafMa00,2024-12-12,LAR,@,SFO,QB,MATCHED_CANONICAL_GAME,2024_15_LA_SF,2024,15,REG,LAR,SF,away,date/team/opponent/location identity
155,Joe Burrow,BurrJo01,2024-12-09,CIN,@,DAL,QB,MATCHED_CANONICAL_GAME,2024_14_CIN_DAL,2024,14,REG,CIN,DAL,away,date/team/opponent/location identity
156,Cooper Rush,RushCo00,2024-12-09,DAL,,CIN,QB,MATCHED_CANONICAL_GAME,2024_14_CIN_DAL,2024,14,REG,CIN,DAL,home,date/team/opponent/location identity
157,Josh Allen,AlleJo02,2024-12-08,BUF,@,LAR,QB,MATCHED_CANONICAL_GAME,2024_14_BUF_LA,2024,14,REG,BUF,LAR,away,date/team/opponent/location identity
158,Derek Carr,CarrDe02,2024-12-08,NOR,@,NYG,QB,MATCHED_CANONICAL_GAME,2024_14_NO_NYG,2024,14,REG,NO,NYG,away,date/team/opponent/location identity
159,Kirk Cousins,CousKi00,2024-12-08,ATL,@,MIN,QB,MATCHED_CANONICAL_GAME,2024_14_ATL_MIN,2024,14,REG,ATL,MIN,away,date/team/opponent/location identity
160,Sam Darnold,DarnSa00,2024-12-08,MIN,,ATL,QB,MATCHED_CANONICAL_GAME,2024_14_ATL_MIN,2024,14,REG,ATL,MIN,home,date/team/opponent/location identity
161,Justin Herbert,HerbJu00,2024-12-08,LAC,@,KAN,QB,MATCHED_CANONICAL_GAME,2024_14_LAC_KC,2024,14,REG,LAC,KC,away,date/team/opponent/location identity
162,Jalen Hurts,HurtJa00,2024-12-08,PHI,,CAR,QB,MATCHED_CANONICAL_GAME,2024_14_CAR_PHI,2024,14,REG,CAR,PHI,home,date/team/opponent/location identity
163,Mac Jones,JoneMa05,2024-12-08,JAX,@,TEN,QB,MATCHED_CANONICAL_GAME,2024_14_JAX_TEN,2024,14,REG,JAX,TEN,away,date/team/opponent/location identity
164,Will Levis,LeviWi00,2024-12-08,TEN,,JAX,QB,MATCHED_CANONICAL_GAME,2024_14_JAX_TEN,2024,14,REG,JAX,TEN,home,date/team/opponent/location identity
165,Drew Lock,LockDr00,2024-12-08,NYG,,NOR,QB,MATCHED_CANONICAL_GAME,2024_14_NO_NYG,2024,14,REG,NO,NYG,home,date/team/opponent/location identity
166,Patrick Mahomes,MahoPa00,2024-12-08,KAN,,LAC,QB,MATCHED_CANONICAL_GAME,2024_14_LAC_KC,2024,14,REG,LAC,KC,home,date/team/opponent/location identity
167,Baker Mayfield,MayfBa00,2024-12-08,TAM,,LVR,QB,MATCHED_CANONICAL_GAME,2024_14_LV_TB,2024,14,REG,LV,TB,home,date/team/opponent/location identity
168,Kyler Murray,MurrKy00,2024-12-08,ARI,,SEA,QB,MATCHED_CANONICAL_GAME,2024_14_SEA_ARI,2024,14,REG,SEA,ARI,home,date/team/opponent/location identity
169,Aidan O'Connell,OConAi00,2024-12-08,LVR,@,TAM,QB,MATCHED_CANONICAL_GAME,2024_14_LV_TB,2024,14,REG,LV,TB,away,date/team/opponent/location identity
170,Brock Purdy,PurdBr00,2024-12-08,SFO,,CHI,QB,MATCHED_CANONICAL_GAME,2024_14_CHI_SF,2024,14,REG,CHI,SF,home,date/team/opponent/location identity
171,Aaron Rodgers,RodgAa00,2024-12-08,NYJ,@,MIA,QB,MATCHED_CANONICAL_GAME,2024_14_NYJ_MIA,2024,14,REG,NYJ,MIA,away,date/team/opponent/location identity
172,Geno Smith,SmitGe00,2024-12-08,SEA,@,ARI,QB,MATCHED_CANONICAL_GAME,2024_14_SEA_ARI,2024,14,REG,SEA,ARI,away,date/team/opponent/location identity
173,Matthew Stafford,StafMa00,2024-12-08,LAR,,BUF,QB,MATCHED_CANONICAL_GAME,2024_14_BUF_LA,2024,14,REG,BUF,LAR,home,date/team/opponent/location identity
174,Tua Tagovailoa,TagoTu00,2024-12-08,MIA,,NYJ,QB,MATCHED_CANONICAL_GAME,2024_14_NYJ_MIA,2024,14,REG,NYJ,MIA,home,date/team/opponent/location identity
175,Caleb Williams,WillCa03,2024-12-08,CHI,@,SFO,QB,MATCHED_CANONICAL_GAME,2024_14_CHI_SF,2024,14,REG,CHI,SF,away,date/team/opponent/location identity
176,Russell Wilson,WilsRu00,2024-12-08,PIT,,CLE,QB,MATCHED_CANONICAL_GAME,2024_14_CLE_PIT,2024,14,REG,CLE,PIT,home,date/team/opponent/location identity
177,Jameis Winston,WinsJa00,2024-12-08,CLE,@,PIT,QB,MATCHED_CANONICAL_GAME,2024_14_CLE_PIT,2024,14,REG,CLE,PIT,away,date/team/opponent/location identity
178,Bryce Young,YounBr01,2024-12-08,CAR,@,PHI,QB,MATCHED_CANONICAL_GAME,2024_14_CAR_PHI,2024,14,REG,CAR,PHI,away,date/team/opponent/location identity
179,Jared Goff,GoffJa00,2024-12-05,DET,,GNB,QB,MATCHED_CANONICAL_GAME,2024_14_GB_DET,2024,14,REG,GB,DET,home,date/team/opponent/location identity
180,Jordan Love,LoveJo03,2024-12-05,GNB,@,DET,QB,MATCHED_CANONICAL_GAME,2024_14_GB_DET,2024,14,REG,GB,DET,away,date/team/opponent/location identity
181,Bo Nix,NixxBo00,2024-12-02,DEN,,CLE,QB,MATCHED_CANONICAL_GAME,2024_13_CLE_DEN,2024,13,REG,CLE,DEN,home,date/team/opponent/location identity
182,Jameis Winston,WinsJa00,2024-12-02,CLE,@,DEN,QB,MATCHED_CANONICAL_GAME,2024_13_CLE_DEN,2024,13,REG,CLE,DEN,away,date/team/opponent/location identity
183,Josh Allen,AlleJo02,2024-12-01,BUF,,SFO,QB,MATCHED_CANONICAL_GAME,2024_13_SF_BUF,2024,13,REG,SF,BUF,home,date/team/opponent/location identity
184,Joe Burrow,BurrJo01,2024-12-01,CIN,,PIT,QB,MATCHED_CANONICAL_GAME,2024_13_PIT_CIN,2024,13,REG,PIT,CIN,home,date/team/opponent/location identity
185,Derek Carr,CarrDe02,2024-12-01,NOR,,LAR,QB,MATCHED_CANONICAL_GAME,2024_13_LA_NO,2024,13,REG,LAR,NO,home,date/team/opponent/location identity
186,Kirk Cousins,CousKi00,2024-12-01,ATL,,LAC,QB,MATCHED_CANONICAL_GAME,2024_13_LAC_ATL,2024,13,REG,LAC,ATL,home,date/team/opponent/location identity
187,Jayden Daniels,DaniJa02,2024-12-01,WAS,,TEN,QB,MATCHED_CANONICAL_GAME,2024_13_TEN_WAS,2024,13,REG,TEN,WAS,home,date/team/opponent/location identity
188,Sam Darnold,DarnSa00,2024-12-01,MIN,,ARI,QB,MATCHED_CANONICAL_GAME,2024_13_ARI_MIN,2024,13,REG,ARI,MIN,home,date/team/opponent/location identity
189,Justin Herbert,HerbJu00,2024-12-01,LAC,@,ATL,QB,MATCHED_CANONICAL_GAME,2024_13_LAC_ATL,2024,13,REG,LAC,ATL,away,date/team/opponent/location identity
190,Jalen Hurts,HurtJa00,2024-12-01,PHI,@,BAL,QB,MATCHED_CANONICAL_GAME,2024_13_PHI_BAL,2024,13,REG,PHI,BAL,away,date/team/opponent/location identity
191,Lamar Jackson,JackLa00,2024-12-01,BAL,,PHI,QB,MATCHED_CANONICAL_GAME,2024_13_PHI_BAL,2024,13,REG,PHI,BAL,home,date/team/opponent/location identity
192,Trevor Lawrence,LawrTr00,2024-12-01,JAX,,HOU,QB,MATCHED_CANONICAL_GAME,2024_13_HOU_JAX,2024,13,REG,HOU,JAX,home,date/team/opponent/location identity
193,Will Levis,LeviWi00,2024-12-01,TEN,@,WAS,QB,MATCHED_CANONICAL_GAME,2024_13_TEN_WAS,2024,13,REG,TEN,WAS,away,date/team/opponent/location identity
194,Drake Maye,MayeDr00,2024-12-01,NWE,,IND,QB,MATCHED_CANONICAL_GAME,2024_13_IND_NE,2024,13,REG,IND,NE,home,date/team/opponent/location identity
195,Baker Mayfield,MayfBa00,2024-12-01,TAM,@,CAR,QB,MATCHED_CANONICAL_GAME,2024_13_TB_CAR,2024,13,REG,TB,CAR,away,date/team/opponent/location identity
196,Kyler Murray,MurrKy00,2024-12-01,ARI,@,MIN,QB,MATCHED_CANONICAL_GAME,2024_13_ARI_MIN,2024,13,REG,ARI,MIN,away,date/team/opponent/location identity
197,Brock Purdy,PurdBr00,2024-12-01,SFO,@,BUF,QB,MATCHED_CANONICAL_GAME,2024_13_SF_BUF,2024,13,REG,SF,BUF,away,date/team/opponent/location identity
198,Anthony Richardson,RichAn03,2024-12-01,IND,@,NWE,QB,MATCHED_CANONICAL_GAME,2024_13_IND_NE,2024,13,REG,IND,NE,away,date/team/opponent/location identity
199,Aaron Rodgers,RodgAa00,2024-12-01,NYJ,,SEA,QB,MATCHED_CANONICAL_GAME,2024_13_SEA_NYJ,2024,13,REG,SEA,NYJ,home,date/team/opponent/location identity
200,Geno Smith,SmitGe00,2024-12-01,SEA,@,NYJ,QB,MATCHED_CANONICAL_GAME,2024_13_SEA_NYJ,2024,13,REG,SEA,NYJ,away,date/team/opponent/location identity
201,Matthew Stafford,StafMa00,2024-12-01,LAR,@,NOR,QB,MATCHED_CANONICAL_GAME,2024_13_LA_NO,2024,13,REG,LAR,NO,away,date/team/opponent/location identity
202,C.J. Stroud,StroCJ00,2024-12-01,HOU,@,JAX,QB,MATCHED_CANONICAL_GAME,2024_13_HOU_JAX,2024,13,REG,HOU,JAX,away,date/team/opponent/location identity
203,Russell Wilson,WilsRu00,2024-12-01,PIT,@,CIN,QB,MATCHED_CANONICAL_GAME,2024_13_PIT_CIN,2024,13,REG,PIT,CIN,away,date/team/opponent/location identity
204,Bryce Young,YounBr01,2024-12-01,CAR,,TAM,QB,MATCHED_CANONICAL_GAME,2024_13_TB_CAR,2024,13,REG,TB,CAR,home,date/team/opponent/location identity
205,Patrick Mahomes,MahoPa00,2024-11-29,KAN,,LVR,QB,MATCHED_CANONICAL_GAME,2024_13_LV_KC,2024,13,REG,LV,KC,home,date/team/opponent/location identity
206,Aidan O'Connell,OConAi00,2024-11-29,LVR,@,KAN,QB,MATCHED_CANONICAL_GAME,2024_13_LV_KC,2024,13,REG,LV,KC,away,date/team/opponent/location identity
207,Jared Goff,GoffJa00,2024-11-28,DET,,CHI,QB,MATCHED_CANONICAL_GAME,2024_13_CHI_DET,2024,13,REG,CHI,DET,home,date/team/opponent/location identity
208,Drew Lock,LockDr00,2024-11-28,NYG,@,DAL,QB,MATCHED_CANONICAL_GAME,2024_13_NYG_DAL,2024,13,REG,NYG,DAL,away,date/team/opponent/location identity
209,Jordan Love,LoveJo03,2024-11-28,GNB,,MIA,QB,MATCHED_CANONICAL_GAME,2024_13_MIA_GB,2024,13,REG,MIA,GB,home,date/team/opponent/location identity
210,Cooper Rush,RushCo00,2024-11-28,DAL,,NYG,QB,MATCHED_CANONICAL_GAME,2024_13_NYG_DAL,2024,13,REG,NYG,DAL,home,date/team/opponent/location identity
211,Tua Tagovailoa,TagoTu00,2024-11-28,MIA,@,GNB,QB,MATCHED_CANONICAL_GAME,2024_13_MIA_GB,2024,13,REG,MIA,GB,away,date/team/opponent/location identity
212,Caleb Williams,WillCa03,2024-11-28,CHI,@,DET,QB,MATCHED_CANONICAL_GAME,2024_13_CHI_DET,2024,13,REG,CHI,DET,away,date/team/opponent/location identity
213,Justin Herbert,HerbJu00,2024-11-25,LAC,,BAL,QB,MATCHED_CANONICAL_GAME,2024_12_BAL_LAC,2024,12,REG,BAL,LAC,home,date/team/opponent/location identity
214,Lamar Jackson,JackLa00,2024-11-25,BAL,@,LAC,QB,MATCHED_CANONICAL_GAME,2024_12_BAL_LAC,2024,12,REG,BAL,LAC,away,date/team/opponent/location identity
215,Brandon Allen,AlleBr00,2024-11-24,SFO,@,GNB,QB,MATCHED_CANONICAL_GAME,2024_12_SF_GB,2024,12,REG,SF,GB,away,date/team/opponent/location identity
216,Jayden Daniels,DaniJa02,2024-11-24,WAS,,DAL,QB,MATCHED_CANONICAL_GAME,2024_12_DAL_WAS,2024,12,REG,DAL,WAS,home,date/team/opponent/location identity
217,Sam Darnold,DarnSa00,2024-11-24,MIN,@,CHI,QB,MATCHED_CANONICAL_GAME,2024_12_MIN_CHI,2024,12,REG,MIN,CHI,away,date/team/opponent/location identity
218,Tommy DeVito,DeViTo00,2024-11-24,NYG,,TAM,QB,MATCHED_CANONICAL_GAME,2024_12_TB_NYG,2024,12,REG,TB,NYG,home,date/team/opponent/location identity
219,Jared Goff,GoffJa00,2024-11-24,DET,@,IND,QB,MATCHED_CANONICAL_GAME,2024_12_DET_IND,2024,12,REG,DET,IND,away,date/team/opponent/location identity
220,Jalen Hurts,HurtJa00,2024-11-24,PHI,@,LAR,QB,MATCHED_CANONICAL_GAME,2024_12_PHI_LA,2024,12,REG,PHI,LAR,away,date/team/opponent/location identity
221,Will Levis,LeviWi00,2024-11-24,TEN,@,HOU,QB,MATCHED_CANONICAL_GAME,2024_12_TEN_HOU,2024,12,REG,TEN,HOU,away,date/team/opponent/location identity
222,Jordan Love,LoveJo03,2024-11-24,GNB,,SFO,QB,MATCHED_CANONICAL_GAME,2024_12_SF_GB,2024,12,REG,SF,GB,home,date/team/opponent/location identity
223,Patrick Mahomes,MahoPa00,2024-11-24,KAN,@,CAR,QB,MATCHED_CANONICAL_GAME,2024_12_KC_CAR,2024,12,REG,KC,CAR,away,date/team/opponent/location identity
224,Drake Maye,MayeDr00,2024-11-24,NWE,@,MIA,QB,MATCHED_CANONICAL_GAME,2024_12_NE_MIA,2024,12,REG,NE,MIA,away,date/team/opponent/location identity
225,Baker Mayfield,MayfBa00,2024-11-24,TAM,@,NYG,QB,MATCHED_CANONICAL_GAME,2024_12_TB_NYG,2024,12,REG,TB,NYG,away,date/team/opponent/location identity
226,Gardner Minshew II,MinsGa00,2024-11-24,LVR,,DEN,QB,MATCHED_CANONICAL_GAME,2024_12_DEN_LV,2024,12,REG,DEN,LV,home,date/team/opponent/location identity
227,Kyler Murray,MurrKy00,2024-11-24,ARI,@,SEA,QB,MATCHED_CANONICAL_GAME,2024_12_ARI_SEA,2024,12,REG,ARI,SEA,away,date/team/opponent/location identity
228,Bo Nix,NixxBo00,2024-11-24,DEN,@,LVR,QB,MATCHED_CANONICAL_GAME,2024_12_DEN_LV,2024,12,REG,DEN,LV,away,date/team/opponent/location identity
229,Anthony Richardson,RichAn03,2024-11-24,IND,,DET,QB,MATCHED_CANONICAL_GAME,2024_12_DET_IND,2024,12,REG,DET,IND,home,date/team/opponent/location identity
230,Cooper Rush,RushCo00,2024-11-24,DAL,@,WAS,QB,MATCHED_CANONICAL_GAME,2024_12_DAL_WAS,2024,12,REG,DAL,WAS,away,date/team/opponent/location identity
231,Geno Smith,SmitGe00,2024-11-24,SEA,,ARI,QB,MATCHED_CANONICAL_GAME,2024_12_ARI_SEA,2024,12,REG,ARI,SEA,home,date/team/opponent/location identity
232,Matthew Stafford,StafMa00,2024-11-24,LAR,,PHI,QB,MATCHED_CANONICAL_GAME,2024_12_PHI_LA,2024,12,REG,PHI,LAR,home,date/team/opponent/location identity
233,C.J. Stroud,StroCJ00,2024-11-24,HOU,,TEN,QB,MATCHED_CANONICAL_GAME,2024_12_TEN_HOU,2024,12,REG,TEN,HOU,home,date/team/opponent/location identity
234,Tua Tagovailoa,TagoTu00,2024-11-24,MIA,,NWE,QB,MATCHED_CANONICAL_GAME,2024_12_NE_MIA,2024,12,REG,NE,MIA,home,date/team/opponent/location identity
235,Caleb Williams,WillCa03,2024-11-24,CHI,,MIN,QB,MATCHED_CANONICAL_GAME,2024_12_MIN_CHI,2024,12,REG,MIN,CHI,home,date/team/opponent/location identity
236,Bryce Young,YounBr01,2024-11-24,CAR,,KAN,QB,MATCHED_CANONICAL_GAME,2024_12_KC_CAR,2024,12,REG,KC,CAR,home,date/team/opponent/location identity
237,Russell Wilson,WilsRu00,2024-11-21,PIT,@,CLE,QB,MATCHED_CANONICAL_GAME,2024_12_PIT_CLE,2024,12,REG,PIT,CLE,away,date/team/opponent/location identity
238,Jameis Winston,WinsJa00,2024-11-21,CLE,,PIT,QB,MATCHED_CANONICAL_GAME,2024_12_PIT_CLE,2024,12,REG,PIT,CLE,home,date/team/opponent/location identity
239,Cooper Rush,RushCo00,2024-11-18,DAL,,HOU,QB,MATCHED_CANONICAL_GAME,2024_11_HOU_DAL,2024,11,REG,HOU,DAL,home,date/team/opponent/location identity
240,C.J. Stroud,StroCJ00,2024-11-18,HOU,@,DAL,QB,MATCHED_CANONICAL_GAME,2024_11_HOU_DAL,2024,11,REG,HOU,DAL,away,date/team/opponent/location identity
241,Josh Allen,AlleJo02,2024-11-17,BUF,,KAN,QB,MATCHED_CANONICAL_GAME,2024_11_KC_BUF,2024,11,REG,KC,BUF,home,date/team/opponent/location identity
242,Joe Burrow,BurrJo01,2024-11-17,CIN,@,LAC,QB,MATCHED_CANONICAL_GAME,2024_11_CIN_LAC,2024,11,REG,CIN,LAC,away,date/team/opponent/location identity
243,Derek Carr,CarrDe02,2024-11-17,NOR,,CLE,QB,MATCHED_CANONICAL_GAME,2024_11_CLE_NO,2024,11,REG,CLE,NO,home,date/team/opponent/location identity
244,Kirk Cousins,CousKi00,2024-11-17,ATL,@,DEN,QB,MATCHED_CANONICAL_GAME,2024_11_ATL_DEN,2024,11,REG,ATL,DEN,away,date/team/opponent/location identity
245,Sam Darnold,DarnSa00,2024-11-17,MIN,@,TEN,QB,MATCHED_CANONICAL_GAME,2024_11_MIN_TEN,2024,11,REG,MIN,TEN,away,date/team/opponent/location identity
246,Jared Goff,GoffJa00,2024-11-17,DET,,JAX,QB,MATCHED_CANONICAL_GAME,2024_11_JAX_DET,2024,11,REG,JAX,DET,home,date/team/opponent/location identity
247,Justin Herbert,HerbJu00,2024-11-17,LAC,,CIN,QB,MATCHED_CANONICAL_GAME,2024_11_CIN_LAC,2024,11,REG,CIN,LAC,home,date/team/opponent/location identity
248,Lamar Jackson,JackLa00,2024-11-17,BAL,@,PIT,QB,MATCHED_CANONICAL_GAME,2024_11_BAL_PIT,2024,11,REG,BAL,PIT,away,date/team/opponent/location identity
249,Mac Jones,JoneMa05,2024-11-17,JAX,@,DET,QB,MATCHED_CANONICAL_GAME,2024_11_JAX_DET,2024,11,REG,JAX,DET,away,date/team/opponent/location identity
250,Will Levis,LeviWi00,2024-11-17,TEN,,MIN,QB,MATCHED_CANONICAL_GAME,2024_11_MIN_TEN,2024,11,REG,MIN,TEN,home,date/team/opponent/location identity
251,Jordan Love,LoveJo03,2024-11-17,GNB,@,CHI,QB,MATCHED_CANONICAL_GAME,2024_11_GB_CHI,2024,11,REG,GB,CHI,away,date/team/opponent/location identity
252,Patrick Mahomes,MahoPa00,2024-11-17,KAN,@,BUF,QB,MATCHED_CANONICAL_GAME,2024_11_KC_BUF,2024,11,REG,KC,BUF,away,date/team/opponent/location identity
253,Drake Maye,MayeDr00,2024-11-17,NWE,,LAR,QB,MATCHED_CANONICAL_GAME,2024_11_LA_NE,2024,11,REG,LAR,NE,home,date/team/opponent/location identity
254,Gardner Minshew II,MinsGa00,2024-11-17,LVR,@,MIA,QB,MATCHED_CANONICAL_GAME,2024_11_LV_MIA,2024,11,REG,LV,MIA,away,date/team/opponent/location identity
255,Bo Nix,NixxBo00,2024-11-17,DEN,,ATL,QB,MATCHED_CANONICAL_GAME,2024_11_ATL_DEN,2024,11,REG,ATL,DEN,home,date/team/opponent/location identity
256,Brock Purdy,PurdBr00,2024-11-17,SFO,,SEA,QB,MATCHED_CANONICAL_GAME,2024_11_SEA_SF,2024,11,REG,SEA,SF,home,date/team/opponent/location identity
257,Anthony Richardson,RichAn03,2024-11-17,IND,@,NYJ,QB,MATCHED_CANONICAL_GAME,2024_11_IND_NYJ,2024,11,REG,IND,NYJ,away,date/team/opponent/location identity
258,Aaron Rodgers,RodgAa00,2024-11-17,NYJ,,IND,QB,MATCHED_CANONICAL_GAME,2024_11_IND_NYJ,2024,11,REG,IND,NYJ,home,date/team/opponent/location identity
259,Geno Smith,SmitGe00,2024-11-17,SEA,@,SFO,QB,MATCHED_CANONICAL_GAME,2024_11_SEA_SF,2024,11,REG,SEA,SF,away,date/team/opponent/location identity
260,Matthew Stafford,StafMa00,2024-11-17,LAR,@,NWE,QB,MATCHED_CANONICAL_GAME,2024_11_LA_NE,2024,11,REG,LAR,NE,away,date/team/opponent/location identity
261,Tua Tagovailoa,TagoTu00,2024-11-17,MIA,,LVR,QB,MATCHED_CANONICAL_GAME,2024_11_LV_MIA,2024,11,REG,LV,MIA,home,date/team/opponent/location identity
262,Caleb Williams,WillCa03,2024-11-17,CHI,,GNB,QB,MATCHED_CANONICAL_GAME,2024_11_GB_CHI,2024,11,REG,GB,CHI,home,date/team/opponent/location identity
263,Russell Wilson,WilsRu00,2024-11-17,PIT,,BAL,QB,MATCHED_CANONICAL_GAME,2024_11_BAL_PIT,2024,11,REG,BAL,PIT,home,date/team/opponent/location identity
264,Jameis Winston,WinsJa00,2024-11-17,CLE,@,NOR,QB,MATCHED_CANONICAL_GAME,2024_11_CLE_NO,2024,11,REG,CLE,NO,away,date/team/opponent/location identity
265,Jayden Daniels,DaniJa02,2024-11-14,WAS,@,PHI,QB,MATCHED_CANONICAL_GAME,2024_11_WAS_PHI,2024,11,REG,WAS,PHI,away,date/team/opponent/location identity
266,Jalen Hurts,HurtJa00,2024-11-14,PHI,,WAS,QB,MATCHED_CANONICAL_GAME,2024_11_WAS_PHI,2024,11,REG,WAS,PHI,home,date/team/opponent/location identity
267,Matthew Stafford,StafMa00,2024-11-11,LAR,,MIA,QB,MATCHED_CANONICAL_GAME,2024_10_MIA_LA,2024,10,REG,MIA,LAR,home,date/team/opponent/location identity
268,Tua Tagovailoa,TagoTu00,2024-11-11,MIA,@,LAR,QB,MATCHED_CANONICAL_GAME,2024_10_MIA_LA,2024,10,REG,MIA,LAR,away,date/team/opponent/location identity
269,Josh Allen,AlleJo02,2024-11-10,BUF,@,IND,QB,MATCHED_CANONICAL_GAME,2024_10_BUF_IND,2024,10,REG,BUF,IND,away,date/team/opponent/location identity
270,Derek Carr,CarrDe02,2024-11-10,NOR,,ATL,QB,MATCHED_CANONICAL_GAME,2024_10_ATL_NO,2024,10,REG,ATL,NO,home,date/team/opponent/location identity
271,Kirk Cousins,CousKi00,2024-11-10,ATL,@,NOR,QB,MATCHED_CANONICAL_GAME,2024_10_ATL_NO,2024,10,REG,ATL,NO,away,date/team/opponent/location identity
272,Jayden Daniels,DaniJa02,2024-11-10,WAS,,PIT,QB,MATCHED_CANONICAL_GAME,2024_10_PIT_WAS,2024,10,REG,PIT,WAS,home,date/team/opponent/location identity
273,Sam Darnold,DarnSa00,2024-11-10,MIN,@,JAX,QB,MATCHED_CANONICAL_GAME,2024_10_MIN_JAX,2024,10,REG,MIN,JAX,away,date/team/opponent/location identity
274,Joe Flacco,FlacJo00,2024-11-10,IND,,BUF,QB,MATCHED_CANONICAL_GAME,2024_10_BUF_IND,2024,10,REG,BUF,IND,home,date/team/opponent/location identity
275,Jared Goff,GoffJa00,2024-11-10,DET,@,HOU,QB,MATCHED_CANONICAL_GAME,2024_10_DET_HOU,2024,10,REG,DET,HOU,away,date/team/opponent/location identity
276,Justin Herbert,HerbJu00,2024-11-10,LAC,,TEN,QB,MATCHED_CANONICAL_GAME,2024_10_TEN_LAC,2024,10,REG,TEN,LAC,home,date/team/opponent/location identity
277,Jalen Hurts,HurtJa00,2024-11-10,PHI,@,DAL,QB,MATCHED_CANONICAL_GAME,2024_10_PHI_DAL,2024,10,REG,PHI,DAL,away,date/team/opponent/location identity
278,Daniel Jones,JoneDa05,2024-11-10,NYG,@,CAR,QB,MATCHED_CANONICAL_GAME,2024_10_NYG_CAR,2024,10,REG,NYG,CAR,away,date/team/opponent/location identity
279,Mac Jones,JoneMa05,2024-11-10,JAX,,MIN,QB,MATCHED_CANONICAL_GAME,2024_10_MIN_JAX,2024,10,REG,MIN,JAX,home,date/team/opponent/location identity
280,Will Levis,LeviWi00,2024-11-10,TEN,@,LAC,QB,MATCHED_CANONICAL_GAME,2024_10_TEN_LAC,2024,10,REG,TEN,LAC,away,date/team/opponent/location identity
281,Patrick Mahomes,MahoPa00,2024-11-10,KAN,,DEN,QB,MATCHED_CANONICAL_GAME,2024_10_DEN_KC,2024,10,REG,DEN,KC,home,date/team/opponent/location identity
282,Drake Maye,MayeDr00,2024-11-10,NWE,@,CHI,QB,MATCHED_CANONICAL_GAME,2024_10_NE_CHI,2024,10,REG,NE,CHI,away,date/team/opponent/location identity
283,Baker Mayfield,MayfBa00,2024-11-10,TAM,,SFO,QB,MATCHED_CANONICAL_GAME,2024_10_SF_TB,2024,10,REG,SF,TB,home,date/team/opponent/location identity
284,Kyler Murray,MurrKy00,2024-11-10,ARI,,NYJ,QB,MATCHED_CANONICAL_GAME,2024_10_NYJ_ARI,2024,10,REG,NYJ,ARI,home,date/team/opponent/location identity
285,Bo Nix,NixxBo00,2024-11-10,DEN,@,KAN,QB,MATCHED_CANONICAL_GAME,2024_10_DEN_KC,2024,10,REG,DEN,KC,away,date/team/opponent/location identity
286,Brock Purdy,PurdBr00,2024-11-10,SFO,@,TAM,QB,MATCHED_CANONICAL_GAME,2024_10_SF_TB,2024,10,REG,SF,TB,away,date/team/opponent/location identity
287,Aaron Rodgers,RodgAa00,2024-11-10,NYJ,@,ARI,QB,MATCHED_CANONICAL_GAME,2024_10_NYJ_ARI,2024,10,REG,NYJ,ARI,away,date/team/opponent/location identity
288,Cooper Rush,RushCo00,2024-11-10,DAL,,PHI,QB,MATCHED_CANONICAL_GAME,2024_10_PHI_DAL,2024,10,REG,PHI,DAL,home,date/team/opponent/location identity
289,C.J. Stroud,StroCJ00,2024-11-10,HOU,,DET,QB,MATCHED_CANONICAL_GAME,2024_10_DET_HOU,2024,10,REG,DET,HOU,home,date/team/opponent/location identity
290,Caleb Williams,WillCa03,2024-11-10,CHI,,NWE,QB,MATCHED_CANONICAL_GAME,2024_10_NE_CHI,2024,10,REG,NE,CHI,home,date/team/opponent/location identity
291,Russell Wilson,WilsRu00,2024-11-10,PIT,@,WAS,QB,MATCHED_CANONICAL_GAME,2024_10_PIT_WAS,2024,10,REG,PIT,WAS,away,date/team/opponent/location identity
292,Bryce Young,YounBr01,2024-11-10,CAR,,NYG,QB,MATCHED_CANONICAL_GAME,2024_10_NYG_CAR,2024,10,REG,NYG,CAR,home,date/team/opponent/location identity
293,Joe Burrow,BurrJo01,2024-11-07,CIN,@,BAL,QB,MATCHED_CANONICAL_GAME,2024_10_CIN_BAL,2024,10,REG,CIN,BAL,away,date/team/opponent/location identity
294,Lamar Jackson,JackLa00,2024-11-07,BAL,,CIN,QB,MATCHED_CANONICAL_GAME,2024_10_CIN_BAL,2024,10,REG,CIN,BAL,home,date/team/opponent/location identity
295,Patrick Mahomes,MahoPa00,2024-11-04,KAN,,TAM,QB,MATCHED_CANONICAL_GAME,2024_09_TB_KC,2024,9,REG,TB,KC,home,date/team/opponent/location identity
296,Baker Mayfield,MayfBa00,2024-11-04,TAM,@,KAN,QB,MATCHED_CANONICAL_GAME,2024_09_TB_KC,2024,9,REG,TB,KC,away,date/team/opponent/location identity
297,Josh Allen,AlleJo02,2024-11-03,BUF,,MIA,QB,MATCHED_CANONICAL_GAME,2024_09_MIA_BUF,2024,9,REG,MIA,BUF,home,date/team/opponent/location identity
298,Joe Burrow,BurrJo01,2024-11-03,CIN,,LVR,QB,MATCHED_CANONICAL_GAME,2024_09_LV_CIN,2024,9,REG,LV,CIN,home,date/team/opponent/location identity
299,Derek Carr,CarrDe02,2024-11-03,NOR,@,CAR,QB,MATCHED_CANONICAL_GAME,2024_09_NO_CAR,2024,9,REG,NO,CAR,away,date/team/opponent/location identity
300,Kirk Cousins,CousKi00,2024-11-03,ATL,,DAL,QB,MATCHED_CANONICAL_GAME,2024_09_DAL_ATL,2024,9,REG,DAL,ATL,home,date/team/opponent/location identity
301,Jayden Daniels,DaniJa02,2024-11-03,WAS,@,NYG,QB,MATCHED_CANONICAL_GAME,2024_09_WAS_NYG,2024,9,REG,WAS,NYG,away,date/team/opponent/location identity
302,Sam Darnold,DarnSa00,2024-11-03,MIN,,IND,QB,MATCHED_CANONICAL_GAME,2024_09_IND_MIN,2024,9,REG,IND,MIN,home,date/team/opponent/location identity
303,Joe Flacco,FlacJo00,2024-11-03,IND,@,MIN,QB,MATCHED_CANONICAL_GAME,2024_09_IND_MIN,2024,9,REG,IND,MIN,away,date/team/opponent/location identity
304,Jared Goff,GoffJa00,2024-11-03,DET,@,GNB,QB,MATCHED_CANONICAL_GAME,2024_09_DET_GB,2024,9,REG,DET,GB,away,date/team/opponent/location identity
305,Justin Herbert,HerbJu00,2024-11-03,LAC,@,CLE,QB,MATCHED_CANONICAL_GAME,2024_09_LAC_CLE,2024,9,REG,LAC,CLE,away,date/team/opponent/location identity
306,Jalen Hurts,HurtJa00,2024-11-03,PHI,,JAX,QB,MATCHED_CANONICAL_GAME,2024_09_JAX_PHI,2024,9,REG,JAX,PHI,home,date/team/opponent/location identity
307,Lamar Jackson,JackLa00,2024-11-03,BAL,,DEN,QB,MATCHED_CANONICAL_GAME,2024_09_DEN_BAL,2024,9,REG,DEN,BAL,home,date/team/opponent/location identity
308,Daniel Jones,JoneDa05,2024-11-03,NYG,,WAS,QB,MATCHED_CANONICAL_GAME,2024_09_WAS_NYG,2024,9,REG,WAS,NYG,home,date/team/opponent/location identity
309,Trevor Lawrence,LawrTr00,2024-11-03,JAX,@,PHI,QB,MATCHED_CANONICAL_GAME,2024_09_JAX_PHI,2024,9,REG,JAX,PHI,away,date/team/opponent/location identity
310,Jordan Love,LoveJo03,2024-11-03,GNB,,DET,QB,MATCHED_CANONICAL_GAME,2024_09_DET_GB,2024,9,REG,DET,GB,home,date/team/opponent/location identity
311,Drake Maye,MayeDr00,2024-11-03,NWE,@,TEN,QB,MATCHED_CANONICAL_GAME,2024_09_NE_TEN,2024,9,REG,NE,TEN,away,date/team/opponent/location identity
312,Gardner Minshew II,MinsGa00,2024-11-03,LVR,@,CIN,QB,MATCHED_CANONICAL_GAME,2024_09_LV_CIN,2024,9,REG,LV,CIN,away,date/team/opponent/location identity
313,Kyler Murray,MurrKy00,2024-11-03,ARI,,CHI,QB,MATCHED_CANONICAL_GAME,2024_09_CHI_ARI,2024,9,REG,CHI,ARI,home,date/team/opponent/location identity
314,Bo Nix,NixxBo00,2024-11-03,DEN,@,BAL,QB,MATCHED_CANONICAL_GAME,2024_09_DEN_BAL,2024,9,REG,DEN,BAL,away,date/team/opponent/location identity
315,Dak Prescott,PresDa01,2024-11-03,DAL,@,ATL,QB,MATCHED_CANONICAL_GAME,2024_09_DAL_ATL,2024,9,REG,DAL,ATL,away,date/team/opponent/location identity
316,Mason Rudolph,RudoMa00,2024-11-03,TEN,,NWE,QB,MATCHED_CANONICAL_GAME,2024_09_NE_TEN,2024,9,REG,NE,TEN,home,date/team/opponent/location identity
317,Geno Smith,SmitGe00,2024-11-03,SEA,,LAR,QB,MATCHED_CANONICAL_GAME,2024_09_LA_SEA,2024,9,REG,LAR,SEA,home,date/team/opponent/location identity
318,Matthew Stafford,StafMa00,2024-11-03,LAR,@,SEA,QB,MATCHED_CANONICAL_GAME,2024_09_LA_SEA,2024,9,REG,LAR,SEA,away,date/team/opponent/location identity
319,Tua Tagovailoa,TagoTu00,2024-11-03,MIA,@,BUF,QB,MATCHED_CANONICAL_GAME,2024_09_MIA_BUF,2024,9,REG,MIA,BUF,away,date/team/opponent/location identity
320,Caleb Williams,WillCa03,2024-11-03,CHI,@,ARI,QB,MATCHED_CANONICAL_GAME,2024_09_CHI_ARI,2024,9,REG,CHI,ARI,away,date/team/opponent/location identity
321,Jameis Winston,WinsJa00,2024-11-03,CLE,,LAC,QB,MATCHED_CANONICAL_GAME,2024_09_LAC_CLE,2024,9,REG,LAC,CLE,home,date/team/opponent/location identity
322,Bryce Young,YounBr01,2024-11-03,CAR,,NOR,QB,MATCHED_CANONICAL_GAME,2024_09_NO_CAR,2024,9,REG,NO,CAR,home,date/team/opponent/location identity
323,Aaron Rodgers,RodgAa00,2024-10-31,NYJ,,HOU,QB,MATCHED_CANONICAL_GAME,2024_09_HOU_NYJ,2024,9,REG,HOU,NYJ,home,date/team/opponent/location identity
324,C.J. Stroud,StroCJ00,2024-10-31,HOU,@,NYJ,QB,MATCHED_CANONICAL_GAME,2024_09_HOU_NYJ,2024,9,REG,HOU,NYJ,away,date/team/opponent/location identity
325,Daniel Jones,JoneDa05,2024-10-28,NYG,@,PIT,QB,MATCHED_CANONICAL_GAME,2024_08_NYG_PIT,2024,8,REG,NYG,PIT,away,date/team/opponent/location identity
326,Russell Wilson,WilsRu00,2024-10-28,PIT,,NYG,QB,MATCHED_CANONICAL_GAME,2024_08_NYG_PIT,2024,8,REG,NYG,PIT,home,date/team/opponent/location identity
327,Josh Allen,AlleJo02,2024-10-27,BUF,@,SEA,QB,MATCHED_CANONICAL_GAME,2024_08_BUF_SEA,2024,8,REG,BUF,SEA,away,date/team/opponent/location identity
328,Joe Burrow,BurrJo01,2024-10-27,CIN,,PHI,QB,MATCHED_CANONICAL_GAME,2024_08_PHI_CIN,2024,8,REG,PHI,CIN,home,date/team/opponent/location identity
329,Kirk Cousins,CousKi00,2024-10-27,ATL,@,TAM,QB,MATCHED_CANONICAL_GAME,2024_08_ATL_TB,2024,8,REG,ATL,TB,away,date/team/opponent/location identity
330,Jayden Daniels,DaniJa02,2024-10-27,WAS,,CHI,QB,MATCHED_CANONICAL_GAME,2024_08_CHI_WAS,2024,8,REG,CHI,WAS,home,date/team/opponent/location identity
331,Jared Goff,GoffJa00,2024-10-27,DET,,TEN,QB,MATCHED_CANONICAL_GAME,2024_08_TEN_DET,2024,8,REG,TEN,DET,home,date/team/opponent/location identity
332,Justin Herbert,HerbJu00,2024-10-27,LAC,,NOR,QB,MATCHED_CANONICAL_GAME,2024_08_NO_LAC,2024,8,REG,NO,LAC,home,date/team/opponent/location identity
333,Jalen Hurts,HurtJa00,2024-10-27,PHI,@,CIN,QB,MATCHED_CANONICAL_GAME,2024_08_PHI_CIN,2024,8,REG,PHI,CIN,away,date/team/opponent/location identity
334,Lamar Jackson,JackLa00,2024-10-27,BAL,@,CLE,QB,MATCHED_CANONICAL_GAME,2024_08_BAL_CLE,2024,8,REG,BAL,CLE,away,date/team/opponent/location identity
335,Trevor Lawrence,LawrTr00,2024-10-27,JAX,,GNB,QB,MATCHED_CANONICAL_GAME,2024_08_GB_JAX,2024,8,REG,GB,JAX,home,date/team/opponent/location identity
336,Jordan Love,LoveJo03,2024-10-27,GNB,@,JAX,QB,MATCHED_CANONICAL_GAME,2024_08_GB_JAX,2024,8,REG,GB,JAX,away,date/team/opponent/location identity
337,Patrick Mahomes,MahoPa00,2024-10-27,KAN,@,LVR,QB,MATCHED_CANONICAL_GAME,2024_08_KC_LV,2024,8,REG,KC,LV,away,date/team/opponent/location identity
338,Drake Maye,MayeDr00,2024-10-27,NWE,,NYJ,QB,MATCHED_CANONICAL_GAME,2024_08_NYJ_NE,2024,8,REG,NYJ,NE,home,date/team/opponent/location identity
339,Baker Mayfield,MayfBa00,2024-10-27,TAM,,ATL,QB,MATCHED_CANONICAL_GAME,2024_08_ATL_TB,2024,8,REG,ATL,TB,home,date/team/opponent/location identity
340,Gardner Minshew II,MinsGa00,2024-10-27,LVR,,KAN,QB,MATCHED_CANONICAL_GAME,2024_08_KC_LV,2024,8,REG,KC,LV,home,date/team/opponent/location identity
341,Kyler Murray,MurrKy00,2024-10-27,ARI,@,MIA,QB,MATCHED_CANONICAL_GAME,2024_08_ARI_MIA,2024,8,REG,ARI,MIA,away,date/team/opponent/location identity
342,Bo Nix,NixxBo00,2024-10-27,DEN,,CAR,QB,MATCHED_CANONICAL_GAME,2024_08_CAR_DEN,2024,8,REG,CAR,DEN,home,date/team/opponent/location identity
343,Dak Prescott,PresDa01,2024-10-27,DAL,@,SFO,QB,MATCHED_CANONICAL_GAME,2024_08_DAL_SF,2024,8,REG,DAL,SF,away,date/team/opponent/location identity
344,Brock Purdy,PurdBr00,2024-10-27,SFO,,DAL,QB,MATCHED_CANONICAL_GAME,2024_08_DAL_SF,2024,8,REG,DAL,SF,home,date/team/opponent/location identity
345,Spencer Rattler,RattSp00,2024-10-27,NOR,@,LAC,QB,MATCHED_CANONICAL_GAME,2024_08_NO_LAC,2024,8,REG,NO,LAC,away,date/team/opponent/location identity
346,Anthony Richardson,RichAn03,2024-10-27,IND,@,HOU,QB,MATCHED_CANONICAL_GAME,2024_08_IND_HOU,2024,8,REG,IND,HOU,away,date/team/opponent/location identity
347,Aaron Rodgers,RodgAa00,2024-10-27,NYJ,@,NWE,QB,MATCHED_CANONICAL_GAME,2024_08_NYJ_NE,2024,8,REG,NYJ,NE,away,date/team/opponent/location identity
348,Mason Rudolph,RudoMa00,2024-10-27,TEN,@,DET,QB,MATCHED_CANONICAL_GAME,2024_08_TEN_DET,2024,8,REG,TEN,DET,away,date/team/opponent/location identity
349,Geno Smith,SmitGe00,2024-10-27,SEA,,BUF,QB,MATCHED_CANONICAL_GAME,2024_08_BUF_SEA,2024,8,REG,BUF,SEA,home,date/team/opponent/location identity
350,C.J. Stroud,StroCJ00,2024-10-27,HOU,,IND,QB,MATCHED_CANONICAL_GAME,2024_08_IND_HOU,2024,8,REG,IND,HOU,home,date/team/opponent/location identity
351,Tua Tagovailoa,TagoTu00,2024-10-27,MIA,,ARI,QB,MATCHED_CANONICAL_GAME,2024_08_ARI_MIA,2024,8,REG,ARI,MIA,home,date/team/opponent/location identity
352,Caleb Williams,WillCa03,2024-10-27,CHI,@,WAS,QB,MATCHED_CANONICAL_GAME,2024_08_CHI_WAS,2024,8,REG,CHI,WAS,away,date/team/opponent/location identity
353,Jameis Winston,WinsJa00,2024-10-27,CLE,,BAL,QB,MATCHED_CANONICAL_GAME,2024_08_BAL_CLE,2024,8,REG,BAL,CLE,home,date/team/opponent/location identity
354,Bryce Young,YounBr01,2024-10-27,CAR,@,DEN,QB,MATCHED_CANONICAL_GAME,2024_08_CAR_DEN,2024,8,REG,CAR,DEN,away,date/team/opponent/location identity
355,Sam Darnold,DarnSa00,2024-10-24,MIN,@,LAR,QB,MATCHED_CANONICAL_GAME,2024_08_MIN_LA,2024,8,REG,MIN,LAR,away,date/team/opponent/location identity
356,Matthew Stafford,StafMa00,2024-10-24,LAR,,MIN,QB,MATCHED_CANONICAL_GAME,2024_08_MIN_LA,2024,8,REG,MIN,LAR,home,date/team/opponent/location identity
357,Justin Herbert,HerbJu00,2024-10-21,LAC,@,ARI,QB,MATCHED_CANONICAL_GAME,2024_07_LAC_ARI,2024,7,REG,LAC,ARI,away,date/team/opponent/location identity
358,Lamar Jackson,JackLa00,2024-10-21,BAL,@,TAM,QB,MATCHED_CANONICAL_GAME,2024_07_BAL_TB,2024,7,REG,BAL,TB,away,date/team/opponent/location identity
359,Baker Mayfield,MayfBa00,2024-10-21,TAM,,BAL,QB,MATCHED_CANONICAL_GAME,2024_07_BAL_TB,2024,7,REG,BAL,TB,home,date/team/opponent/location identity
360,Kyler Murray,MurrKy00,2024-10-21,ARI,,LAC,QB,MATCHED_CANONICAL_GAME,2024_07_LAC_ARI,2024,7,REG,LAC,ARI,home,date/team/opponent/location identity
361,Josh Allen,AlleJo02,2024-10-20,BUF,,TEN,QB,MATCHED_CANONICAL_GAME,2024_07_TEN_BUF,2024,7,REG,TEN,BUF,home,date/team/opponent/location identity
362,Joe Burrow,BurrJo01,2024-10-20,CIN,@,CLE,QB,MATCHED_CANONICAL_GAME,2024_07_CIN_CLE,2024,7,REG,CIN,CLE,away,date/team/opponent/location identity
363,Kirk Cousins,CousKi00,2024-10-20,ATL,,SEA,QB,MATCHED_CANONICAL_GAME,2024_07_SEA_ATL,2024,7,REG,SEA,ATL,home,date/team/opponent/location identity
364,Andy Dalton,DaltAn00,2024-10-20,CAR,@,WAS,QB,MATCHED_CANONICAL_GAME,2024_07_CAR_WAS,2024,7,REG,CAR,WAS,away,date/team/opponent/location identity
365,Jayden Daniels,DaniJa02,2024-10-20,WAS,,CAR,QB,MATCHED_CANONICAL_GAME,2024_07_CAR_WAS,2024,7,REG,CAR,WAS,home,date/team/opponent/location identity
366,Sam Darnold,DarnSa00,2024-10-20,MIN,,DET,QB,MATCHED_CANONICAL_GAME,2024_07_DET_MIN,2024,7,REG,DET,MIN,home,date/team/opponent/location identity
367,Jared Goff,GoffJa00,2024-10-20,DET,@,MIN,QB,MATCHED_CANONICAL_GAME,2024_07_DET_MIN,2024,7,REG,DET,MIN,away,date/team/opponent/location identity
368,Tyler Huntley,HuntTy01,2024-10-20,MIA,@,IND,QB,MATCHED_CANONICAL_GAME,2024_07_MIA_IND,2024,7,REG,MIA,IND,away,date/team/opponent/location identity
369,Jalen Hurts,HurtJa00,2024-10-20,PHI,@,NYG,QB,MATCHED_CANONICAL_GAME,2024_07_PHI_NYG,2024,7,REG,PHI,NYG,away,date/team/opponent/location identity
370,Daniel Jones,JoneDa05,2024-10-20,NYG,,PHI,QB,MATCHED_CANONICAL_GAME,2024_07_PHI_NYG,2024,7,REG,PHI,NYG,home,date/team/opponent/location identity
371,Trevor Lawrence,LawrTr00,2024-10-20,JAX,,NWE,QB,MATCHED_CANONICAL_GAME,2024_07_NE_JAX,2024,7,REG,NE,JAX,home,date/team/opponent/location identity
372,Jordan Love,LoveJo03,2024-10-20,GNB,,HOU,QB,MATCHED_CANONICAL_GAME,2024_07_HOU_GB,2024,7,REG,HOU,GB,home,date/team/opponent/location identity
373,Patrick Mahomes,MahoPa00,2024-10-20,KAN,@,SFO,QB,MATCHED_CANONICAL_GAME,2024_07_KC_SF,2024,7,REG,KC,SF,away,date/team/opponent/location identity
374,Drake Maye,MayeDr00,2024-10-20,NWE,@,JAX,QB,MATCHED_CANONICAL_GAME,2024_07_NE_JAX,2024,7,REG,NE,JAX,away,date/team/opponent/location identity
375,Aidan O'Connell,OConAi00,2024-10-20,LVR,@,LAR,QB,MATCHED_CANONICAL_GAME,2024_07_LV_LA,2024,7,REG,LV,LAR,away,date/team/opponent/location identity
376,Brock Purdy,PurdBr00,2024-10-20,SFO,,KAN,QB,MATCHED_CANONICAL_GAME,2024_07_KC_SF,2024,7,REG,KC,SF,home,date/team/opponent/location identity
377,Anthony Richardson,RichAn03,2024-10-20,IND,,MIA,QB,MATCHED_CANONICAL_GAME,2024_07_MIA_IND,2024,7,REG,MIA,IND,home,date/team/opponent/location identity
378,Aaron Rodgers,RodgAa00,2024-10-20,NYJ,@,PIT,QB,MATCHED_CANONICAL_GAME,2024_07_NYJ_PIT,2024,7,REG,NYJ,PIT,away,date/team/opponent/location identity
379,Mason Rudolph,RudoMa00,2024-10-20,TEN,@,BUF,QB,MATCHED_CANONICAL_GAME,2024_07_TEN_BUF,2024,7,REG,TEN,BUF,away,date/team/opponent/location identity
380,Geno Smith,SmitGe00,2024-10-20,SEA,@,ATL,QB,MATCHED_CANONICAL_GAME,2024_07_SEA_ATL,2024,7,REG,SEA,ATL,away,date/team/opponent/location identity
381,Matthew Stafford,StafMa00,2024-10-20,LAR,,LVR,QB,MATCHED_CANONICAL_GAME,2024_07_LV_LA,2024,7,REG,LV,LAR,home,date/team/opponent/location identity
382,C.J. Stroud,StroCJ00,2024-10-20,HOU,@,GNB,QB,MATCHED_CANONICAL_GAME,2024_07_HOU_GB,2024,7,REG,HOU,GB,away,date/team/opponent/location identity
383,Deshaun Watson,WatsDe00,2024-10-20,CLE,,CIN,QB,MATCHED_CANONICAL_GAME,2024_07_CIN_CLE,2024,7,REG,CIN,CLE,home,date/team/opponent/location identity
384,Russell Wilson,WilsRu00,2024-10-20,PIT,,NYJ,QB,MATCHED_CANONICAL_GAME,2024_07_NYJ_PIT,2024,7,REG,NYJ,PIT,home,date/team/opponent/location identity
385,Bo Nix,NixxBo00,2024-10-17,DEN,@,NOR,QB,MATCHED_CANONICAL_GAME,2024_07_DEN_NO,2024,7,REG,DEN,NO,away,date/team/opponent/location identity
386,Spencer Rattler,RattSp00,2024-10-17,NOR,,DEN,QB,MATCHED_CANONICAL_GAME,2024_07_DEN_NO,2024,7,REG,DEN,NO,home,date/team/opponent/location identity
387,Josh Allen,AlleJo02,2024-10-14,BUF,@,NYJ,QB,MATCHED_CANONICAL_GAME,2024_06_BUF_NYJ,2024,6,REG,BUF,NYJ,away,date/team/opponent/location identity
388,Aaron Rodgers,RodgAa00,2024-10-14,NYJ,,BUF,QB,MATCHED_CANONICAL_GAME,2024_06_BUF_NYJ,2024,6,REG,BUF,NYJ,home,date/team/opponent/location identity
389,Joe Burrow,BurrJo01,2024-10-13,CIN,@,NYG,QB,MATCHED_CANONICAL_GAME,2024_06_CIN_NYG,2024,6,REG,CIN,NYG,away,date/team/opponent/location identity
390,Kirk Cousins,CousKi00,2024-10-13,ATL,@,CAR,QB,MATCHED_CANONICAL_GAME,2024_06_ATL_CAR,2024,6,REG,ATL,CAR,away,date/team/opponent/location identity
391,Andy Dalton,DaltAn00,2024-10-13,CAR,,ATL,QB,MATCHED_CANONICAL_GAME,2024_06_ATL_CAR,2024,6,REG,ATL,CAR,home,date/team/opponent/location identity
392,Jayden Daniels,DaniJa02,2024-10-13,WAS,@,BAL,QB,MATCHED_CANONICAL_GAME,2024_06_WAS_BAL,2024,6,REG,WAS,BAL,away,date/team/opponent/location identity
393,Justin Fields,FielJu00,2024-10-13,PIT,@,LVR,QB,MATCHED_CANONICAL_GAME,2024_06_PIT_LV,2024,6,REG,PIT,LV,away,date/team/opponent/location identity
394,Joe Flacco,FlacJo00,2024-10-13,IND,@,TEN,QB,MATCHED_CANONICAL_GAME,2024_06_IND_TEN,2024,6,REG,IND,TEN,away,date/team/opponent/location identity
395,Jared Goff,GoffJa00,2024-10-13,DET,@,DAL,QB,MATCHED_CANONICAL_GAME,2024_06_DET_DAL,2024,6,REG,DET,DAL,away,date/team/opponent/location identity
396,Justin Herbert,HerbJu00,2024-10-13,LAC,@,DEN,QB,MATCHED_CANONICAL_GAME,2024_06_LAC_DEN,2024,6,REG,LAC,DEN,away,date/team/opponent/location identity
397,Jalen Hurts,HurtJa00,2024-10-13,PHI,,CLE,QB,MATCHED_CANONICAL_GAME,2024_06_CLE_PHI,2024,6,REG,CLE,PHI,home,date/team/opponent/location identity
398,Lamar Jackson,JackLa00,2024-10-13,BAL,,WAS,QB,MATCHED_CANONICAL_GAME,2024_06_WAS_BAL,2024,6,REG,WAS,BAL,home,date/team/opponent/location identity
399,Daniel Jones,JoneDa05,2024-10-13,NYG,,CIN,QB,MATCHED_CANONICAL_GAME,2024_06_CIN_NYG,2024,6,REG,CIN,NYG,home,date/team/opponent/location identity
400,Trevor Lawrence,LawrTr00,2024-10-13,JAX,@,CHI,QB,MATCHED_CANONICAL_GAME,2024_06_JAX_CHI,2024,6,REG,JAX,CHI,away,date/team/opponent/location identity
401,Will Levis,LeviWi00,2024-10-13,TEN,,IND,QB,MATCHED_CANONICAL_GAME,2024_06_IND_TEN,2024,6,REG,IND,TEN,home,date/team/opponent/location identity
402,Jordan Love,LoveJo03,2024-10-13,GNB,,ARI,QB,MATCHED_CANONICAL_GAME,2024_06_ARI_GB,2024,6,REG,ARI,GB,home,date/team/opponent/location identity
403,Drake Maye,MayeDr00,2024-10-13,NWE,,HOU,QB,MATCHED_CANONICAL_GAME,2024_06_HOU_NE,2024,6,REG,HOU,NE,home,date/team/opponent/location identity
404,Baker Mayfield,MayfBa00,2024-10-13,TAM,@,NOR,QB,MATCHED_CANONICAL_GAME,2024_06_TB_NO,2024,6,REG,TB,NO,away,date/team/opponent/location identity
405,Kyler Murray,MurrKy00,2024-10-13,ARI,@,GNB,QB,MATCHED_CANONICAL_GAME,2024_06_ARI_GB,2024,6,REG,ARI,GB,away,date/team/opponent/location identity
406,Bo Nix,NixxBo00,2024-10-13,DEN,,LAC,QB,MATCHED_CANONICAL_GAME,2024_06_LAC_DEN,2024,6,REG,LAC,DEN,home,date/team/opponent/location identity
407,Aidan O'Connell,OConAi00,2024-10-13,LVR,,PIT,QB,MATCHED_CANONICAL_GAME,2024_06_PIT_LV,2024,6,REG,PIT,LV,home,date/team/opponent/location identity
408,Dak Prescott,PresDa01,2024-10-13,DAL,,DET,QB,MATCHED_CANONICAL_GAME,2024_06_DET_DAL,2024,6,REG,DET,DAL,home,date/team/opponent/location identity
409,Spencer Rattler,RattSp00,2024-10-13,NOR,,TAM,QB,MATCHED_CANONICAL_GAME,2024_06_TB_NO,2024,6,REG,TB,NO,home,date/team/opponent/location identity
410,C.J. Stroud,StroCJ00,2024-10-13,HOU,@,NWE,QB,MATCHED_CANONICAL_GAME,2024_06_HOU_NE,2024,6,REG,HOU,NE,away,date/team/opponent/location identity
411,Deshaun Watson,WatsDe00,2024-10-13,CLE,@,PHI,QB,MATCHED_CANONICAL_GAME,2024_06_CLE_PHI,2024,6,REG,CLE,PHI,away,date/team/opponent/location identity
412,Caleb Williams,WillCa03,2024-10-13,CHI,,JAX,QB,MATCHED_CANONICAL_GAME,2024_06_JAX_CHI,2024,6,REG,JAX,CHI,home,date/team/opponent/location identity
413,Brock Purdy,PurdBr00,2024-10-10,SFO,@,SEA,QB,MATCHED_CANONICAL_GAME,2024_06_SF_SEA,2024,6,REG,SF,SEA,away,date/team/opponent/location identity
414,Geno Smith,SmitGe00,2024-10-10,SEA,,SFO,QB,MATCHED_CANONICAL_GAME,2024_06_SF_SEA,2024,6,REG,SF,SEA,home,date/team/opponent/location identity
415,Derek Carr,CarrDe02,2024-10-07,NOR,@,KAN,QB,MATCHED_CANONICAL_GAME,2024_05_NO_KC,2024,5,REG,NO,KC,away,date/team/opponent/location identity
416,Patrick Mahomes,MahoPa00,2024-10-07,KAN,,NOR,QB,MATCHED_CANONICAL_GAME,2024_05_NO_KC,2024,5,REG,NO,KC,home,date/team/opponent/location identity
417,Josh Allen,AlleJo02,2024-10-06,BUF,@,HOU,QB,MATCHED_CANONICAL_GAME,2024_05_BUF_HOU,2024,5,REG,BUF,HOU,away,date/team/opponent/location identity
418,Jacoby Brissett,BrisJa00,2024-10-06,NWE,,MIA,QB,MATCHED_CANONICAL_GAME,2024_05_MIA_NE,2024,5,REG,MIA,NE,home,date/team/opponent/location identity
419,Joe Burrow,BurrJo01,2024-10-06,CIN,,BAL,QB,MATCHED_CANONICAL_GAME,2024_05_BAL_CIN,2024,5,REG,BAL,CIN,home,date/team/opponent/location identity
420,Andy Dalton,DaltAn00,2024-10-06,CAR,@,CHI,QB,MATCHED_CANONICAL_GAME,2024_05_CAR_CHI,2024,5,REG,CAR,CHI,away,date/team/opponent/location identity
421,Jayden Daniels,DaniJa02,2024-10-06,WAS,,CLE,QB,MATCHED_CANONICAL_GAME,2024_05_CLE_WAS,2024,5,REG,CLE,WAS,home,date/team/opponent/location identity
422,Sam Darnold,DarnSa00,2024-10-06,MIN,,NYJ,QB,MATCHED_CANONICAL_GAME,2024_05_NYJ_MIN,2024,5,REG,NYJ,MIN,home,date/team/opponent/location identity
423,Justin Fields,FielJu00,2024-10-06,PIT,,DAL,QB,MATCHED_CANONICAL_GAME,2024_05_DAL_PIT,2024,5,REG,DAL,PIT,home,date/team/opponent/location identity
424,Joe Flacco,FlacJo00,2024-10-06,IND,@,JAX,QB,MATCHED_CANONICAL_GAME,2024_05_IND_JAX,2024,5,REG,IND,JAX,away,date/team/opponent/location identity
425,Tyler Huntley,HuntTy01,2024-10-06,MIA,@,NWE,QB,MATCHED_CANONICAL_GAME,2024_05_MIA_NE,2024,5,REG,MIA,NE,away,date/team/opponent/location identity
426,Lamar Jackson,JackLa00,2024-10-06,BAL,@,CIN,QB,MATCHED_CANONICAL_GAME,2024_05_BAL_CIN,2024,5,REG,BAL,CIN,away,date/team/opponent/location identity
427,Daniel Jones,JoneDa05,2024-10-06,NYG,@,SEA,QB,MATCHED_CANONICAL_GAME,2024_05_NYG_SEA,2024,5,REG,NYG,SEA,away,date/team/opponent/location identity
428,Trevor Lawrence,LawrTr00,2024-10-06,JAX,,IND,QB,MATCHED_CANONICAL_GAME,2024_05_IND_JAX,2024,5,REG,IND,JAX,home,date/team/opponent/location identity
429,Jordan Love,LoveJo03,2024-10-06,GNB,@,LAR,QB,MATCHED_CANONICAL_GAME,2024_05_GB_LA,2024,5,REG,GB,LAR,away,date/team/opponent/location identity
430,Gardner Minshew II,MinsGa00,2024-10-06,LVR,@,DEN,QB,MATCHED_CANONICAL_GAME,2024_05_LV_DEN,2024,5,REG,LV,DEN,away,date/team/opponent/location identity
431,Kyler Murray,MurrKy00,2024-10-06,ARI,@,SFO,QB,MATCHED_CANONICAL_GAME,2024_05_ARI_SF,2024,5,REG,ARI,SF,away,date/team/opponent/location identity
432,Bo Nix,NixxBo00,2024-10-06,DEN,,LVR,QB,MATCHED_CANONICAL_GAME,2024_05_LV_DEN,2024,5,REG,LV,DEN,home,date/team/opponent/location identity
433,Dak Prescott,PresDa01,2024-10-06,DAL,@,PIT,QB,MATCHED_CANONICAL_GAME,2024_05_DAL_PIT,2024,5,REG,DAL,PIT,away,date/team/opponent/location identity
434,Brock Purdy,PurdBr00,2024-10-06,SFO,,ARI,QB,MATCHED_CANONICAL_GAME,2024_05_ARI_SF,2024,5,REG,ARI,SF,home,date/team/opponent/location identity
435,Aaron Rodgers,RodgAa00,2024-10-06,NYJ,@,MIN,QB,MATCHED_CANONICAL_GAME,2024_05_NYJ_MIN,2024,5,REG,NYJ,MIN,away,date/team/opponent/location identity
436,Geno Smith,SmitGe00,2024-10-06,SEA,,NYG,QB,MATCHED_CANONICAL_GAME,2024_05_NYG_SEA,2024,5,REG,NYG,SEA,home,date/team/opponent/location identity
437,Matthew Stafford,StafMa00,2024-10-06,LAR,,GNB,QB,MATCHED_CANONICAL_GAME,2024_05_GB_LA,2024,5,REG,GB,LAR,home,date/team/opponent/location identity
438,C.J. Stroud,StroCJ00,2024-10-06,HOU,,BUF,QB,MATCHED_CANONICAL_GAME,2024_05_BUF_HOU,2024,5,REG,BUF,HOU,home,date/team/opponent/location identity
439,Deshaun Watson,WatsDe00,2024-10-06,CLE,@,WAS,QB,MATCHED_CANONICAL_GAME,2024_05_CLE_WAS,2024,5,REG,CLE,WAS,away,date/team/opponent/location identity
440,Caleb Williams,WillCa03,2024-10-06,CHI,,CAR,QB,MATCHED_CANONICAL_GAME,2024_05_CAR_CHI,2024,5,REG,CAR,CHI,home,date/team/opponent/location identity
441,Kirk Cousins,CousKi00,2024-10-03,ATL,,TAM,QB,MATCHED_CANONICAL_GAME,2024_05_TB_ATL,2024,5,REG,TB,ATL,home,date/team/opponent/location identity
442,Baker Mayfield,MayfBa00,2024-10-03,TAM,@,ATL,QB,MATCHED_CANONICAL_GAME,2024_05_TB_ATL,2024,5,REG,TB,ATL,away,date/team/opponent/location identity
443,Jared Goff,GoffJa00,2024-09-30,DET,,SEA,QB,MATCHED_CANONICAL_GAME,2024_04_SEA_DET,2024,4,REG,SEA,DET,home,date/team/opponent/location identity
444,Tyler Huntley,HuntTy01,2024-09-30,MIA,,TEN,QB,MATCHED_CANONICAL_GAME,2024_04_TEN_MIA,2024,4,REG,TEN,MIA,home,date/team/opponent/location identity
445,Will Levis,LeviWi00,2024-09-30,TEN,@,MIA,QB,MATCHED_CANONICAL_GAME,2024_04_TEN_MIA,2024,4,REG,TEN,MIA,away,date/team/opponent/location identity
446,Geno Smith,SmitGe00,2024-09-30,SEA,@,DET,QB,MATCHED_CANONICAL_GAME,2024_04_SEA_DET,2024,4,REG,SEA,DET,away,date/team/opponent/location identity
447,Josh Allen,AlleJo02,2024-09-29,BUF,@,BAL,QB,MATCHED_CANONICAL_GAME,2024_04_BUF_BAL,2024,4,REG,BUF,BAL,away,date/team/opponent/location identity
448,Jacoby Brissett,BrisJa00,2024-09-29,NWE,@,SFO,QB,MATCHED_CANONICAL_GAME,2024_04_NE_SF,2024,4,REG,NE,SF,away,date/team/opponent/location identity
449,Joe Burrow,BurrJo01,2024-09-29,CIN,@,CAR,QB,MATCHED_CANONICAL_GAME,2024_04_CIN_CAR,2024,4,REG,CIN,CAR,away,date/team/opponent/location identity
450,Derek Carr,CarrDe02,2024-09-29,NOR,@,ATL,QB,MATCHED_CANONICAL_GAME,2024_04_NO_ATL,2024,4,REG,NO,ATL,away,date/team/opponent/location identity
451,Kirk Cousins,CousKi00,2024-09-29,ATL,,NOR,QB,MATCHED_CANONICAL_GAME,2024_04_NO_ATL,2024,4,REG,NO,ATL,home,date/team/opponent/location identity
452,Andy Dalton,DaltAn00,2024-09-29,CAR,,CIN,QB,MATCHED_CANONICAL_GAME,2024_04_CIN_CAR,2024,4,REG,CIN,CAR,home,date/team/opponent/location identity
453,Jayden Daniels,DaniJa02,2024-09-29,WAS,@,ARI,QB,MATCHED_CANONICAL_GAME,2024_04_WAS_ARI,2024,4,REG,WAS,ARI,away,date/team/opponent/location identity
454,Sam Darnold,DarnSa00,2024-09-29,MIN,,GNB,QB,UNMATCHED,,,,,,,,raw home indicator contradicts canonical team side
455,Justin Fields,FielJu00,2024-09-29,PIT,@,IND,QB,MATCHED_CANONICAL_GAME,2024_04_PIT_IND,2024,4,REG,PIT,IND,away,date/team/opponent/location identity
456,Joe Flacco,FlacJo00,2024-09-29,IND,,PIT,QB,MATCHED_CANONICAL_GAME,2024_04_PIT_IND,2024,4,REG,PIT,IND,home,date/team/opponent/location identity
457,Justin Herbert,HerbJu00,2024-09-29,LAC,,KAN,QB,MATCHED_CANONICAL_GAME,2024_04_KC_LAC,2024,4,REG,KC,LAC,home,date/team/opponent/location identity
458,Jalen Hurts,HurtJa00,2024-09-29,PHI,@,TAM,QB,MATCHED_CANONICAL_GAME,2024_04_PHI_TB,2024,4,REG,PHI,TB,away,date/team/opponent/location identity
459,Lamar Jackson,JackLa00,2024-09-29,BAL,,BUF,QB,MATCHED_CANONICAL_GAME,2024_04_BUF_BAL,2024,4,REG,BUF,BAL,home,date/team/opponent/location identity
460,Daniel Jones,JoneDa05,2024-09-29,NYG,,DAL,QB,UNMATCHED,,,,,,,,no canonical date/team/opponent identity match
461,Trevor Lawrence,LawrTr00,2024-09-29,JAX,@,HOU,QB,MATCHED_CANONICAL_GAME,2024_04_JAX_HOU,2024,4,REG,JAX,HOU,away,date/team/opponent/location identity
462,Will Levis,LeviWi00,2024-09-29,TEN,@,MIA,QB,UNMATCHED,,,,,,,,no canonical date/team/opponent identity match
463,Jordan Love,LoveJo03,2024-09-29,GNB,,MIN,QB,MATCHED_CANONICAL_GAME,2024_04_MIN_GB,2024,4,REG,MIN,GB,home,date/team/opponent/location identity
464,Patrick Mahomes,MahoPa00,2024-09-29,KAN,@,LAC,QB,MATCHED_CANONICAL_GAME,2024_04_KC_LAC,2024,4,REG,KC,LAC,away,date/team/opponent/location identity
465,Baker Mayfield,MayfBa00,2024-09-29,TAM,,PHI,QB,MATCHED_CANONICAL_GAME,2024_04_PHI_TB,2024,4,REG,PHI,TB,home,date/team/opponent/location identity
466,Gardner Minshew II,MinsGa00,2024-09-29,LVR,,CLE,QB,MATCHED_CANONICAL_GAME,2024_04_CLE_LV,2024,4,REG,CLE,LV,home,date/team/opponent/location identity
467,Kyler Murray,MurrKy00,2024-09-29,ARI,,WAS,QB,MATCHED_CANONICAL_GAME,2024_04_WAS_ARI,2024,4,REG,WAS,ARI,home,date/team/opponent/location identity
468,Bo Nix,NixxBo00,2024-09-29,DEN,@,NYJ,QB,MATCHED_CANONICAL_GAME,2024_04_DEN_NYJ,2024,4,REG,DEN,NYJ,away,date/team/opponent/location identity
469,Dak Prescott,PresDa01,2024-09-29,DAL,@,NYG,QB,UNMATCHED,,,,,,,,no canonical date/team/opponent identity match
470,Brock Purdy,PurdBr00,2024-09-29,SFO,,NWE,QB,MATCHED_CANONICAL_GAME,2024_04_NE_SF,2024,4,REG,NE,SF,home,date/team/opponent/location identity
471,Anthony Richardson,RichAn03,2024-09-29,IND,,PIT,QB,MATCHED_CANONICAL_GAME,2024_04_PIT_IND,2024,4,REG,PIT,IND,home,date/team/opponent/location identity
472,Aaron Rodgers,RodgAa00,2024-09-29,NYJ,,DEN,QB,MATCHED_CANONICAL_GAME,2024_04_DEN_NYJ,2024,4,REG,DEN,NYJ,home,date/team/opponent/location identity
473,Matthew Stafford,StafMa00,2024-09-29,LAR,@,CHI,QB,MATCHED_CANONICAL_GAME,2024_04_LA_CHI,2024,4,REG,LAR,CHI,away,date/team/opponent/location identity
474,C.J. Stroud,StroCJ00,2024-09-29,HOU,,JAX,QB,MATCHED_CANONICAL_GAME,2024_04_JAX_HOU,2024,4,REG,JAX,HOU,home,date/team/opponent/location identity
475,Deshaun Watson,WatsDe00,2024-09-29,CLE,@,LVR,QB,MATCHED_CANONICAL_GAME,2024_04_CLE_LV,2024,4,REG,CLE,LV,away,date/team/opponent/location identity
476,Caleb Williams,WillCa03,2024-09-29,CHI,,LAR,QB,MATCHED_CANONICAL_GAME,2024_04_LA_CHI,2024,4,REG,LAR,CHI,home,date/team/opponent/location identity
477,Daniel Jones,JoneDa05,2024-09-26,NYG,,DAL,QB,MATCHED_CANONICAL_GAME,2024_04_DAL_NYG,2024,4,REG,DAL,NYG,home,date/team/opponent/location identity
478,Dak Prescott,PresDa01,2024-09-26,DAL,@,NYG,QB,MATCHED_CANONICAL_GAME,2024_04_DAL_NYG,2024,4,REG,DAL,NYG,away,date/team/opponent/location identity
479,Josh Allen,AlleJo02,2024-09-23,BUF,,JAX,QB,MATCHED_CANONICAL_GAME,2024_03_JAX_BUF,2024,3,REG,JAX,BUF,home,date/team/opponent/location identity
480,Joe Burrow,BurrJo01,2024-09-23,CIN,,WAS,QB,MATCHED_CANONICAL_GAME,2024_03_WAS_CIN,2024,3,REG,WAS,CIN,home,date/team/opponent/location identity
481,Jayden Daniels,DaniJa02,2024-09-23,WAS,@,CIN,QB,MATCHED_CANONICAL_GAME,2024_03_WAS_CIN,2024,3,REG,WAS,CIN,away,date/team/opponent/location identity
482,Trevor Lawrence,LawrTr00,2024-09-23,JAX,@,BUF,QB,MATCHED_CANONICAL_GAME,2024_03_JAX_BUF,2024,3,REG,JAX,BUF,away,date/team/opponent/location identity
483,Derek Carr,CarrDe02,2024-09-22,NOR,,PHI,QB,MATCHED_CANONICAL_GAME,2024_03_PHI_NO,2024,3,REG,PHI,NO,home,date/team/opponent/location identity
484,Kirk Cousins,CousKi00,2024-09-22,ATL,,KAN,QB,MATCHED_CANONICAL_GAME,2024_03_KC_ATL,2024,3,REG,KC,ATL,home,date/team/opponent/location identity
485,Andy Dalton,DaltAn00,2024-09-22,CAR,@,LVR,QB,MATCHED_CANONICAL_GAME,2024_03_CAR_LV,2024,3,REG,CAR,LV,away,date/team/opponent/location identity
486,Sam Darnold,DarnSa00,2024-09-22,MIN,,HOU,QB,MATCHED_CANONICAL_GAME,2024_03_HOU_MIN,2024,3,REG,HOU,MIN,home,date/team/opponent/location identity
487,Justin Fields,FielJu00,2024-09-22,PIT,,LAC,QB,MATCHED_CANONICAL_GAME,2024_03_LAC_PIT,2024,3,REG,LAC,PIT,home,date/team/opponent/location identity
488,Jared Goff,GoffJa00,2024-09-22,DET,@,ARI,QB,MATCHED_CANONICAL_GAME,2024_03_DET_ARI,2024,3,REG,DET,ARI,away,date/team/opponent/location identity
489,Justin Herbert,HerbJu00,2024-09-22,LAC,@,PIT,QB,MATCHED_CANONICAL_GAME,2024_03_LAC_PIT,2024,3,REG,LAC,PIT,away,date/team/opponent/location identity
490,Jalen Hurts,HurtJa00,2024-09-22,PHI,@,NOR,QB,MATCHED_CANONICAL_GAME,2024_03_PHI_NO,2024,3,REG,PHI,NO,away,date/team/opponent/location identity
491,Lamar Jackson,JackLa00,2024-09-22,BAL,@,DAL,QB,MATCHED_CANONICAL_GAME,2024_03_BAL_DAL,2024,3,REG,BAL,DAL,away,date/team/opponent/location identity
492,Daniel Jones,JoneDa05,2024-09-22,NYG,@,CLE,QB,MATCHED_CANONICAL_GAME,2024_03_NYG_CLE,2024,3,REG,NYG,CLE,away,date/team/opponent/location identity
493,Will Levis,LeviWi00,2024-09-22,TEN,,GNB,QB,MATCHED_CANONICAL_GAME,2024_03_GB_TEN,2024,3,REG,GB,TEN,home,date/team/opponent/location identity
494,Patrick Mahomes,MahoPa00,2024-09-22,KAN,@,ATL,QB,MATCHED_CANONICAL_GAME,2024_03_KC_ATL,2024,3,REG,KC,ATL,away,date/team/opponent/location identity
495,Baker Mayfield,MayfBa00,2024-09-22,TAM,,DEN,QB,MATCHED_CANONICAL_GAME,2024_03_DEN_TB,2024,3,REG,DEN,TB,home,date/team/opponent/location identity
496,Gardner Minshew II,MinsGa00,2024-09-22,LVR,,CAR,QB,MATCHED_CANONICAL_GAME,2024_03_CAR_LV,2024,3,REG,CAR,LV,home,date/team/opponent/location identity
497,Kyler Murray,MurrKy00,2024-09-22,ARI,,DET,QB,MATCHED_CANONICAL_GAME,2024_03_DET_ARI,2024,3,REG,DET,ARI,home,date/team/opponent/location identity
498,Bo Nix,NixxBo00,2024-09-22,DEN,@,TAM,QB,MATCHED_CANONICAL_GAME,2024_03_DEN_TB,2024,3,REG,DEN,TB,away,date/team/opponent/location identity
499,Dak Prescott,PresDa01,2024-09-22,DAL,,BAL,QB,MATCHED_CANONICAL_GAME,2024_03_BAL_DAL,2024,3,REG,BAL,DAL,home,date/team/opponent/location identity
500,Brock Purdy,PurdBr00,2024-09-22,SFO,@,LAR,QB,MATCHED_CANONICAL_GAME,2024_03_SF_LA,2024,3,REG,SF,LAR,away,date/team/opponent/location identity
501,Anthony Richardson,RichAn03,2024-09-22,IND,,CHI,QB,MATCHED_CANONICAL_GAME,2024_03_CHI_IND,2024,3,REG,CHI,IND,home,date/team/opponent/location identity
502,Geno Smith,SmitGe00,2024-09-22,SEA,,MIA,QB,MATCHED_CANONICAL_GAME,2024_03_MIA_SEA,2024,3,REG,MIA,SEA,home,date/team/opponent/location identity
503,Matthew Stafford,StafMa00,2024-09-22,LAR,,SFO,QB,MATCHED_CANONICAL_GAME,2024_03_SF_LA,2024,3,REG,SF,LAR,home,date/team/opponent/location identity
504,C.J. Stroud,StroCJ00,2024-09-22,HOU,@,MIN,QB,MATCHED_CANONICAL_GAME,2024_03_HOU_MIN,2024,3,REG,HOU,MIN,away,date/team/opponent/location identity
505,Skylar Thompson,ThomSk00,2024-09-22,MIA,@,SEA,QB,MATCHED_CANONICAL_GAME,2024_03_MIA_SEA,2024,3,REG,MIA,SEA,away,date/team/opponent/location identity
506,Deshaun Watson,WatsDe00,2024-09-22,CLE,,NYG,QB,MATCHED_CANONICAL_GAME,2024_03_NYG_CLE,2024,3,REG,NYG,CLE,home,date/team/opponent/location identity
507,Caleb Williams,WillCa03,2024-09-22,CHI,@,IND,QB,MATCHED_CANONICAL_GAME,2024_03_CHI_IND,2024,3,REG,CHI,IND,away,date/team/opponent/location identity
508,Malik Willis,WillMa12,2024-09-22,GNB,@,TEN,QB,MATCHED_CANONICAL_GAME,2024_03_GB_TEN,2024,3,REG,GB,TEN,away,date/team/opponent/location identity
509,Jacoby Brissett,BrisJa00,2024-09-19,NWE,@,NYJ,QB,MATCHED_CANONICAL_GAME,2024_03_NE_NYJ,2024,3,REG,NE,NYJ,away,date/team/opponent/location identity
510,Aaron Rodgers,RodgAa00,2024-09-19,NYJ,,NWE,QB,MATCHED_CANONICAL_GAME,2024_03_NE_NYJ,2024,3,REG,NE,NYJ,home,date/team/opponent/location identity
511,Kirk Cousins,CousKi00,2024-09-16,ATL,@,PHI,QB,MATCHED_CANONICAL_GAME,2024_02_ATL_PHI,2024,2,REG,ATL,PHI,away,date/team/opponent/location identity
512,Jalen Hurts,HurtJa00,2024-09-16,PHI,,ATL,QB,MATCHED_CANONICAL_GAME,2024_02_ATL_PHI,2024,2,REG,ATL,PHI,home,date/team/opponent/location identity
513,Jacoby Brissett,BrisJa00,2024-09-15,NWE,,SEA,QB,MATCHED_CANONICAL_GAME,2024_02_SEA_NE,2024,2,REG,SEA,NE,home,date/team/opponent/location identity
514,Joe Burrow,BurrJo01,2024-09-15,CIN,@,KAN,QB,MATCHED_CANONICAL_GAME,2024_02_CIN_KC,2024,2,REG,CIN,KC,away,date/team/opponent/location identity
515,Derek Carr,CarrDe02,2024-09-15,NOR,@,DAL,QB,MATCHED_CANONICAL_GAME,2024_02_NO_DAL,2024,2,REG,NO,DAL,away,date/team/opponent/location identity
516,Jayden Daniels,DaniJa02,2024-09-15,WAS,,NYG,QB,MATCHED_CANONICAL_GAME,2024_02_NYG_WAS,2024,2,REG,NYG,WAS,home,date/team/opponent/location identity
517,Sam Darnold,DarnSa00,2024-09-15,MIN,,SFO,QB,MATCHED_CANONICAL_GAME,2024_02_SF_MIN,2024,2,REG,SF,MIN,home,date/team/opponent/location identity
518,Justin Fields,FielJu00,2024-09-15,PIT,@,DEN,QB,MATCHED_CANONICAL_GAME,2024_02_PIT_DEN,2024,2,REG,PIT,DEN,away,date/team/opponent/location identity
519,Jared Goff,GoffJa00,2024-09-15,DET,,TAM,QB,MATCHED_CANONICAL_GAME,2024_02_TB_DET,2024,2,REG,TB,DET,home,date/team/opponent/location identity
520,Justin Herbert,HerbJu00,2024-09-15,LAC,@,CAR,QB,MATCHED_CANONICAL_GAME,2024_02_LAC_CAR,2024,2,REG,LAC,CAR,away,date/team/opponent/location identity
521,Lamar Jackson,JackLa00,2024-09-15,BAL,,LVR,QB,MATCHED_CANONICAL_GAME,2024_02_LV_BAL,2024,2,REG,LV,BAL,home,date/team/opponent/location identity
522,Daniel Jones,JoneDa05,2024-09-15,NYG,@,WAS,QB,MATCHED_CANONICAL_GAME,2024_02_NYG_WAS,2024,2,REG,NYG,WAS,away,date/team/opponent/location identity
523,Trevor Lawrence,LawrTr00,2024-09-15,JAX,,CLE,QB,MATCHED_CANONICAL_GAME,2024_02_CLE_JAX,2024,2,REG,CLE,JAX,home,date/team/opponent/location identity
524,Will Levis,LeviWi00,2024-09-15,TEN,,NYJ,QB,MATCHED_CANONICAL_GAME,2024_02_NYJ_TEN,2024,2,REG,NYJ,TEN,home,date/team/opponent/location identity
525,Patrick Mahomes,MahoPa00,2024-09-15,KAN,,CIN,QB,MATCHED_CANONICAL_GAME,2024_02_CIN_KC,2024,2,REG,CIN,KC,home,date/team/opponent/location identity
526,Baker Mayfield,MayfBa00,2024-09-15,TAM,@,DET,QB,MATCHED_CANONICAL_GAME,2024_02_TB_DET,2024,2,REG,TB,DET,away,date/team/opponent/location identity
527,Gardner Minshew II,MinsGa00,2024-09-15,LVR,@,BAL,QB,MATCHED_CANONICAL_GAME,2024_02_LV_BAL,2024,2,REG,LV,BAL,away,date/team/opponent/location identity
528,Kyler Murray,MurrKy00,2024-09-15,ARI,,LAR,QB,MATCHED_CANONICAL_GAME,2024_02_LA_ARI,2024,2,REG,LAR,ARI,home,date/team/opponent/location identity
529,Bo Nix,NixxBo00,2024-09-15,DEN,,PIT,QB,MATCHED_CANONICAL_GAME,2024_02_PIT_DEN,2024,2,REG,PIT,DEN,home,date/team/opponent/location identity
530,Dak Prescott,PresDa01,2024-09-15,DAL,,NOR,QB,MATCHED_CANONICAL_GAME,2024_02_NO_DAL,2024,2,REG,NO,DAL,home,date/team/opponent/location identity
531,Brock Purdy,PurdBr00,2024-09-15,SFO,@,MIN,QB,MATCHED_CANONICAL_GAME,2024_02_SF_MIN,2024,2,REG,SF,MIN,away,date/team/opponent/location identity
532,Anthony Richardson,RichAn03,2024-09-15,IND,@,GNB,QB,MATCHED_CANONICAL_GAME,2024_02_IND_GB,2024,2,REG,IND,GB,away,date/team/opponent/location identity
533,Aaron Rodgers,RodgAa00,2024-09-15,NYJ,@,TEN,QB,MATCHED_CANONICAL_GAME,2024_02_NYJ_TEN,2024,2,REG,NYJ,TEN,away,date/team/opponent/location identity
534,Geno Smith,SmitGe00,2024-09-15,SEA,@,NWE,QB,MATCHED_CANONICAL_GAME,2024_02_SEA_NE,2024,2,REG,SEA,NE,away,date/team/opponent/location identity
535,Matthew Stafford,StafMa00,2024-09-15,LAR,@,ARI,QB,MATCHED_CANONICAL_GAME,2024_02_LA_ARI,2024,2,REG,LAR,ARI,away,date/team/opponent/location identity
536,C.J. Stroud,StroCJ00,2024-09-15,HOU,,CHI,QB,MATCHED_CANONICAL_GAME,2024_02_CHI_HOU,2024,2,REG,CHI,HOU,home,date/team/opponent/location identity
537,Deshaun Watson,WatsDe00,2024-09-15,CLE,@,JAX,QB,MATCHED_CANONICAL_GAME,2024_02_CLE_JAX,2024,2,REG,CLE,JAX,away,date/team/opponent/location identity
538,Caleb Williams,WillCa03,2024-09-15,CHI,@,HOU,QB,MATCHED_CANONICAL_GAME,2024_02_CHI_HOU,2024,2,REG,CHI,HOU,away,date/team/opponent/location identity
539,Malik Willis,WillMa12,2024-09-15,GNB,,IND,QB,MATCHED_CANONICAL_GAME,2024_02_IND_GB,2024,2,REG,IND,GB,home,date/team/opponent/location identity
540,Bryce Young,YounBr01,2024-09-15,CAR,,LAC,QB,MATCHED_CANONICAL_GAME,2024_02_LAC_CAR,2024,2,REG,LAC,CAR,home,date/team/opponent/location identity
541,Josh Allen,AlleJo02,2024-09-12,BUF,@,MIA,QB,MATCHED_CANONICAL_GAME,2024_02_BUF_MIA,2024,2,REG,BUF,MIA,away,date/team/opponent/location identity
542,Tua Tagovailoa,TagoTu00,2024-09-12,MIA,,BUF,QB,MATCHED_CANONICAL_GAME,2024_02_BUF_MIA,2024,2,REG,BUF,MIA,home,date/team/opponent/location identity
543,Brock Purdy,PurdBr00,2024-09-09,SFO,,NYJ,QB,MATCHED_CANONICAL_GAME,2024_01_NYJ_SF,2024,1,REG,NYJ,SF,home,date/team/opponent/location identity
544,Aaron Rodgers,RodgAa00,2024-09-09,NYJ,@,SFO,QB,MATCHED_CANONICAL_GAME,2024_01_NYJ_SF,2024,1,REG,NYJ,SF,away,date/team/opponent/location identity
545,Josh Allen,AlleJo02,2024-09-08,BUF,,ARI,QB,MATCHED_CANONICAL_GAME,2024_01_ARI_BUF,2024,1,REG,ARI,BUF,home,date/team/opponent/location identity
546,Jacoby Brissett,BrisJa00,2024-09-08,NWE,@,CIN,QB,MATCHED_CANONICAL_GAME,2024_01_NE_CIN,2024,1,REG,NE,CIN,away,date/team/opponent/location identity
547,Joe Burrow,BurrJo01,2024-09-08,CIN,,NWE,QB,MATCHED_CANONICAL_GAME,2024_01_NE_CIN,2024,1,REG,NE,CIN,home,date/team/opponent/location identity
548,Derek Carr,CarrDe02,2024-09-08,NOR,,CAR,QB,MATCHED_CANONICAL_GAME,2024_01_CAR_NO,2024,1,REG,CAR,NO,home,date/team/opponent/location identity
549,Kirk Cousins,CousKi00,2024-09-08,ATL,,PIT,QB,MATCHED_CANONICAL_GAME,2024_01_PIT_ATL,2024,1,REG,PIT,ATL,home,date/team/opponent/location identity
550,Jayden Daniels,DaniJa02,2024-09-08,WAS,@,TAM,QB,MATCHED_CANONICAL_GAME,2024_01_WAS_TB,2024,1,REG,WAS,TB,away,date/team/opponent/location identity
551,Sam Darnold,DarnSa00,2024-09-08,MIN,@,NYG,QB,MATCHED_CANONICAL_GAME,2024_01_MIN_NYG,2024,1,REG,MIN,NYG,away,date/team/opponent/location identity
552,Justin Fields,FielJu00,2024-09-08,PIT,@,ATL,QB,MATCHED_CANONICAL_GAME,2024_01_PIT_ATL,2024,1,REG,PIT,ATL,away,date/team/opponent/location identity
553,Jared Goff,GoffJa00,2024-09-08,DET,,LAR,QB,MATCHED_CANONICAL_GAME,2024_01_LA_DET,2024,1,REG,LAR,DET,home,date/team/opponent/location identity
554,Justin Herbert,HerbJu00,2024-09-08,LAC,,LVR,QB,MATCHED_CANONICAL_GAME,2024_01_LV_LAC,2024,1,REG,LV,LAC,home,date/team/opponent/location identity
555,Daniel Jones,JoneDa05,2024-09-08,NYG,,MIN,QB,MATCHED_CANONICAL_GAME,2024_01_MIN_NYG,2024,1,REG,MIN,NYG,home,date/team/opponent/location identity
556,Trevor Lawrence,LawrTr00,2024-09-08,JAX,@,MIA,QB,MATCHED_CANONICAL_GAME,2024_01_JAX_MIA,2024,1,REG,JAX,MIA,away,date/team/opponent/location identity
557,Will Levis,LeviWi00,2024-09-08,TEN,@,CHI,QB,MATCHED_CANONICAL_GAME,2024_01_TEN_CHI,2024,1,REG,TEN,CHI,away,date/team/opponent/location identity
558,Baker Mayfield,MayfBa00,2024-09-08,TAM,,WAS,QB,MATCHED_CANONICAL_GAME,2024_01_WAS_TB,2024,1,REG,WAS,TB,home,date/team/opponent/location identity
559,Gardner Minshew II,MinsGa00,2024-09-08,LVR,@,LAC,QB,MATCHED_CANONICAL_GAME,2024_01_LV_LAC,2024,1,REG,LV,LAC,away,date/team/opponent/location identity
560,Kyler Murray,MurrKy00,2024-09-08,ARI,@,BUF,QB,MATCHED_CANONICAL_GAME,2024_01_ARI_BUF,2024,1,REG,ARI,BUF,away,date/team/opponent/location identity
561,Bo Nix,NixxBo00,2024-09-08,DEN,@,SEA,QB,MATCHED_CANONICAL_GAME,2024_01_DEN_SEA,2024,1,REG,DEN,SEA,away,date/team/opponent/location identity
562,Dak Prescott,PresDa01,2024-09-08,DAL,@,CLE,QB,MATCHED_CANONICAL_GAME,2024_01_DAL_CLE,2024,1,REG,DAL,CLE,away,date/team/opponent/location identity
563,Anthony Richardson,RichAn03,2024-09-08,IND,,HOU,QB,MATCHED_CANONICAL_GAME,2024_01_HOU_IND,2024,1,REG,HOU,IND,home,date/team/opponent/location identity
564,Geno Smith,SmitGe00,2024-09-08,SEA,,DEN,QB,MATCHED_CANONICAL_GAME,2024_01_DEN_SEA,2024,1,REG,DEN,SEA,home,date/team/opponent/location identity
565,Matthew Stafford,StafMa00,2024-09-08,LAR,@,DET,QB,MATCHED_CANONICAL_GAME,2024_01_LA_DET,2024,1,REG,LAR,DET,away,date/team/opponent/location identity
566,C.J. Stroud,StroCJ00,2024-09-08,HOU,@,IND,QB,MATCHED_CANONICAL_GAME,2024_01_HOU_IND,2024,1,REG,HOU,IND,away,date/team/opponent/location identity
567,Tua Tagovailoa,TagoTu00,2024-09-08,MIA,,JAX,QB,MATCHED_CANONICAL_GAME,2024_01_JAX_MIA,2024,1,REG,JAX,MIA,home,date/team/opponent/location identity
568,Deshaun Watson,WatsDe00,2024-09-08,CLE,,DAL,QB,MATCHED_CANONICAL_GAME,2024_01_DAL_CLE,2024,1,REG,DAL,CLE,home,date/team/opponent/location identity
569,Caleb Williams,WillCa03,2024-09-08,CHI,,TEN,QB,MATCHED_CANONICAL_GAME,2024_01_TEN_CHI,2024,1,REG,TEN,CHI,home,date/team/opponent/location identity
570,Bryce Young,YounBr01,2024-09-08,CAR,@,NOR,QB,MATCHED_CANONICAL_GAME,2024_01_CAR_NO,2024,1,REG,CAR,NO,away,date/team/opponent/location identity
571,Jalen Hurts,HurtJa00,2024-09-06,PHI,,GNB,QB,MATCHED_CANONICAL_GAME,2024_01_GB_PHI,2024,1,REG,GB,PHI,home,date/team/opponent/location identity
572,Jordan Love,LoveJo03,2024-09-06,GNB,@,PHI,QB,MATCHED_CANONICAL_GAME,2024_01_GB_PHI,2024,1,REG,GB,PHI,away,date/team/opponent/location identity
573,Lamar Jackson,JackLa00,2024-09-05,BAL,@,KAN,QB,MATCHED_CANONICAL_GAME,2024_01_BAL_KC,2024,1,REG,BAL,KC,away,date/team/opponent/location identity
574,Patrick Mahomes,MahoPa00,2024-09-05,KAN,,BAL,QB,MATCHED_CANONICAL_GAME,2024_01_BAL_KC,2024,1,REG,BAL,KC,home,date/team/opponent/location identity
575,Patrick Mahomes,MahoPa00,2024-02-11,KAN,N,SFO,QB,MATCHED_CANONICAL_GAME,2023_22_SF_KC,2023,22,SB,SF,KC,home,neutral-site canonical team identity
576,Brock Purdy,PurdBr00,2024-02-11,SFO,N,KAN,QB,MATCHED_CANONICAL_GAME,2023_22_SF_KC,2023,22,SB,SF,KC,away,neutral-site canonical team identity
577,Jared Goff,GoffJa00,2024-01-28,DET,@,SFO,QB,MATCHED_CANONICAL_GAME,2023_21_DET_SF,2023,21,CON,DET,SF,away,date/team/opponent/location identity
578,Lamar Jackson,JackLa00,2024-01-28,BAL,,KAN,QB,MATCHED_CANONICAL_GAME,2023_21_KC_BAL,2023,21,CON,KC,BAL,home,date/team/opponent/location identity
579,Patrick Mahomes,MahoPa00,2024-01-28,KAN,@,BAL,QB,MATCHED_CANONICAL_GAME,2023_21_KC_BAL,2023,21,CON,KC,BAL,away,date/team/opponent/location identity
580,Brock Purdy,PurdBr00,2024-01-28,SFO,,DET,QB,MATCHED_CANONICAL_GAME,2023_21_DET_SF,2023,21,CON,DET,SF,home,date/team/opponent/location identity
581,Josh Allen,AlleJo02,2024-01-21,BUF,,KAN,QB,MATCHED_CANONICAL_GAME,2023_20_KC_BUF,2023,20,DIV,KC,BUF,home,date/team/opponent/location identity
582,Jared Goff,GoffJa00,2024-01-21,DET,,TAM,QB,MATCHED_CANONICAL_GAME,2023_20_TB_DET,2023,20,DIV,TB,DET,home,date/team/opponent/location identity
583,Patrick Mahomes,MahoPa00,2024-01-21,KAN,@,BUF,QB,MATCHED_CANONICAL_GAME,2023_20_KC_BUF,2023,20,DIV,KC,BUF,away,date/team/opponent/location identity
584,Baker Mayfield,MayfBa00,2024-01-21,TAM,@,DET,QB,MATCHED_CANONICAL_GAME,2023_20_TB_DET,2023,20,DIV,TB,DET,away,date/team/opponent/location identity
585,Lamar Jackson,JackLa00,2024-01-20,BAL,,HOU,QB,MATCHED_CANONICAL_GAME,2023_20_HOU_BAL,2023,20,DIV,HOU,BAL,home,date/team/opponent/location identity
586,Jordan Love,LoveJo03,2024-01-20,GNB,@,SFO,QB,MATCHED_CANONICAL_GAME,2023_20_GB_SF,2023,20,DIV,GB,SF,away,date/team/opponent/location identity
587,Brock Purdy,PurdBr00,2024-01-20,SFO,,GNB,QB,MATCHED_CANONICAL_GAME,2023_20_GB_SF,2023,20,DIV,GB,SF,home,date/team/opponent/location identity
588,C.J. Stroud,StroCJ00,2024-01-20,HOU,@,BAL,QB,MATCHED_CANONICAL_GAME,2023_20_HOU_BAL,2023,20,DIV,HOU,BAL,away,date/team/opponent/location identity
589,Josh Allen,AlleJo02,2024-01-15,BUF,,PIT,QB,MATCHED_CANONICAL_GAME,2023_19_PIT_BUF,2023,19,WC,PIT,BUF,home,date/team/opponent/location identity
590,Jalen Hurts,HurtJa00,2024-01-15,PHI,@,TAM,QB,MATCHED_CANONICAL_GAME,2023_19_PHI_TB,2023,19,WC,PHI,TB,away,date/team/opponent/location identity
591,Baker Mayfield,MayfBa00,2024-01-15,TAM,,PHI,QB,MATCHED_CANONICAL_GAME,2023_19_PHI_TB,2023,19,WC,PHI,TB,home,date/team/opponent/location identity
592,Mason Rudolph,RudoMa00,2024-01-15,PIT,@,BUF,QB,MATCHED_CANONICAL_GAME,2023_19_PIT_BUF,2023,19,WC,PIT,BUF,away,date/team/opponent/location identity
593,Jared Goff,GoffJa00,2024-01-14,DET,,LAR,QB,MATCHED_CANONICAL_GAME,2023_19_LA_DET,2023,19,WC,LAR,DET,home,date/team/opponent/location identity
594,Jordan Love,LoveJo03,2024-01-14,GNB,@,DAL,QB,MATCHED_CANONICAL_GAME,2023_19_GB_DAL,2023,19,WC,GB,DAL,away,date/team/opponent/location identity
595,Dak Prescott,PresDa01,2024-01-14,DAL,,GNB,QB,MATCHED_CANONICAL_GAME,2023_19_GB_DAL,2023,19,WC,GB,DAL,home,date/team/opponent/location identity
596,Matthew Stafford,StafMa00,2024-01-14,LAR,@,DET,QB,MATCHED_CANONICAL_GAME,2023_19_LA_DET,2023,19,WC,LAR,DET,away,date/team/opponent/location identity
597,Joe Flacco,FlacJo00,2024-01-13,CLE,@,HOU,QB,MATCHED_CANONICAL_GAME,2023_19_CLE_HOU,2023,19,WC,CLE,HOU,away,date/team/opponent/location identity
598,Patrick Mahomes,MahoPa00,2024-01-13,KAN,,MIA,QB,MATCHED_CANONICAL_GAME,2023_19_MIA_KC,2023,19,WC,MIA,KC,home,date/team/opponent/location identity
599,C.J. Stroud,StroCJ00,2024-01-13,HOU,,CLE,QB,MATCHED_CANONICAL_GAME,2023_19_CLE_HOU,2023,19,WC,CLE,HOU,home,date/team/opponent/location identity
600,Tua Tagovailoa,TagoTu00,2024-01-13,MIA,@,KAN,QB,MATCHED_CANONICAL_GAME,2023_19_MIA_KC,2023,19,WC,MIA,KC,away,date/team/opponent/location identity
601,Jeff Driskel,DrisJe00,2024-01-07,CLE,@,CIN,QB,MATCHED_CANONICAL_GAME,2023_18_CLE_CIN,2023,18,REG,CLE,CIN,away,date/team/opponent/location identity
602,Justin Fields,FielJu00,2024-01-07,CHI,@,GNB,QB,MATCHED_CANONICAL_GAME,2023_18_CHI_GB,2023,18,REG,CHI,GB,away,date/team/opponent/location identity
603,Blaine Gabbert,GabbBl00,2024-01-07,KAN,@,LAC,QB,MATCHED_CANONICAL_GAME,2023_18_KC_LAC,2023,18,REG,KC,LAC,away,date/team/opponent/location identity
604,Jared Goff,GoffJa00,2024-01-07,DET,,MIN,QB,MATCHED_CANONICAL_GAME,2023_18_MIN_DET,2023,18,REG,MIN,DET,home,date/team/opponent/location identity
605,Taysom Hill,HillTa00,2024-01-07,NOR,,ATL,TE/QB,MATCHED_CANONICAL_GAME,2023_18_ATL_NO,2023,18,REG,ATL,NO,home,date/team/opponent/location identity
606,Sam Howell,HoweSa00,2024-01-07,WAS,,DAL,QB,MATCHED_CANONICAL_GAME,2023_18_DAL_WAS,2023,18,REG,DAL,WAS,home,date/team/opponent/location identity
607,Jalen Hurts,HurtJa00,2024-01-07,PHI,@,NYG,QB,MATCHED_CANONICAL_GAME,2023_18_PHI_NYG,2023,18,REG,PHI,NYG,away,date/team/opponent/location identity
608,Trevor Lawrence,LawrTr00,2024-01-07,JAX,@,TEN,QB,MATCHED_CANONICAL_GAME,2023_18_JAX_TEN,2023,18,REG,JAX,TEN,away,date/team/opponent/location identity
609,Jordan Love,LoveJo03,2024-01-07,GNB,,CHI,QB,MATCHED_CANONICAL_GAME,2023_18_CHI_GB,2023,18,REG,CHI,GB,home,date/team/opponent/location identity
610,Baker Mayfield,MayfBa00,2024-01-07,TAM,@,CAR,QB,MATCHED_CANONICAL_GAME,2023_18_TB_CAR,2023,18,REG,TB,CAR,away,date/team/opponent/location identity
611,Nick Mullens,MullNi00,2024-01-07,MIN,@,DET,QB,MATCHED_CANONICAL_GAME,2023_18_MIN_DET,2023,18,REG,MIN,DET,away,date/team/opponent/location identity
612,Kyler Murray,MurrKy00,2024-01-07,ARI,,SEA,QB,MATCHED_CANONICAL_GAME,2023_18_SEA_ARI,2023,18,REG,SEA,ARI,home,date/team/opponent/location identity
613,Aidan O'Connell,OConAi00,2024-01-07,LVR,,DEN,QB,MATCHED_CANONICAL_GAME,2023_18_DEN_LV,2023,18,REG,DEN,LV,home,date/team/opponent/location identity
614,Dak Prescott,PresDa01,2024-01-07,DAL,@,WAS,QB,MATCHED_CANONICAL_GAME,2023_18_DAL_WAS,2023,18,REG,DAL,WAS,away,date/team/opponent/location identity
615,Desmond Ridder,RiddDe00,2024-01-07,ATL,@,NOR,QB,MATCHED_CANONICAL_GAME,2023_18_ATL_NO,2023,18,REG,ATL,NO,away,date/team/opponent/location identity
616,Trevor Siemian,SiemTr00,2024-01-07,NYJ,@,NWE,QB,MATCHED_CANONICAL_GAME,2023_18_NYJ_NE,2023,18,REG,NYJ,NE,away,date/team/opponent/location identity
617,Geno Smith,SmitGe00,2024-01-07,SEA,@,ARI,QB,MATCHED_CANONICAL_GAME,2023_18_SEA_ARI,2023,18,REG,SEA,ARI,away,date/team/opponent/location identity
618,Easton Stick,SticEa00,2024-01-07,LAC,,KAN,QB,MATCHED_CANONICAL_GAME,2023_18_KC_LAC,2023,18,REG,KC,LAC,home,date/team/opponent/location identity
619,Jarrett Stidham,StidJa00,2024-01-07,DEN,@,LVR,QB,MATCHED_CANONICAL_GAME,2023_18_DEN_LV,2023,18,REG,DEN,LV,away,date/team/opponent/location identity
620,Tua Tagovailoa,TagoTu00,2024-01-07,MIA,,BUF,QB,MATCHED_CANONICAL_GAME,2023_18_BUF_MIA,2023,18,REG,BUF,MIA,home,date/team/opponent/location identity
621,Ryan Tannehill,TannRy00,2024-01-07,TEN,,JAX,QB,MATCHED_CANONICAL_GAME,2023_18_JAX_TEN,2023,18,REG,JAX,TEN,home,date/team/opponent/location identity
622,Tyrod Taylor,TaylTy00,2024-01-07,NYG,,PHI,QB,MATCHED_CANONICAL_GAME,2023_18_PHI_NYG,2023,18,REG,PHI,NYG,home,date/team/opponent/location identity
623,Carson Wentz,WentCa00,2024-01-07,LAR,@,SFO,QB,MATCHED_CANONICAL_GAME,2023_18_LA_SF,2023,18,REG,LAR,SF,away,date/team/opponent/location identity
624,Bryce Young,YounBr01,2024-01-07,CAR,,TAM,QB,MATCHED_CANONICAL_GAME,2023_18_TB_CAR,2023,18,REG,TB,CAR,home,date/team/opponent/location identity
625,Bailey Zappe,ZappBa00,2024-01-07,NWE,,NYJ,QB,MATCHED_CANONICAL_GAME,2023_18_NYJ_NE,2023,18,REG,NYJ,NE,home,date/team/opponent/location identity
626,Tyler Huntley,HuntTy01,2024-01-06,BAL,,PIT,QB,MATCHED_CANONICAL_GAME,2023_18_PIT_BAL,2023,18,REG,PIT,BAL,home,date/team/opponent/location identity
627,Gardner Minshew II,MinsGa00,2024-01-06,IND,,HOU,QB,MATCHED_CANONICAL_GAME,2023_18_HOU_IND,2023,18,REG,HOU,IND,home,date/team/opponent/location identity
628,Mason Rudolph,RudoMa00,2024-01-06,PIT,@,BAL,QB,MATCHED_CANONICAL_GAME,2023_18_PIT_BAL,2023,18,REG,PIT,BAL,away,date/team/opponent/location identity
629,C.J. Stroud,StroCJ00,2024-01-06,HOU,@,IND,QB,MATCHED_CANONICAL_GAME,2023_18_HOU_IND,2023,18,REG,HOU,IND,away,date/team/opponent/location identity
630,Josh Allen,AlleJo02,2023-12-31,BUF,,NWE,QB,MATCHED_CANONICAL_GAME,2023_17_NE_BUF,2023,17,REG,NE,BUF,home,date/team/opponent/location identity
631,C.J. Beathard,BeatC.00,2023-12-31,JAX,,CAR,QB,MATCHED_CANONICAL_GAME,2023_17_CAR_JAX,2023,17,REG,CAR,JAX,home,date/team/opponent/location identity
632,Jake Browning,BrowJa08,2023-12-31,CIN,@,KAN,QB,MATCHED_CANONICAL_GAME,2023_17_CIN_KC,2023,17,REG,CIN,KC,away,date/team/opponent/location identity
633,Derek Carr,CarrDe02,2023-12-31,NOR,@,TAM,QB,MATCHED_CANONICAL_GAME,2023_17_NO_TB,2023,17,REG,NO,TB,away,date/team/opponent/location identity
634,Justin Fields,FielJu00,2023-12-31,CHI,,ATL,QB,MATCHED_CANONICAL_GAME,2023_17_ATL_CHI,2023,17,REG,ATL,CHI,home,date/team/opponent/location identity
635,Jaren Hall,HallJa00,2023-12-31,MIN,,GNB,QB,MATCHED_CANONICAL_GAME,2023_17_GB_MIN,2023,17,REG,GB,MIN,home,date/team/opponent/location identity
636,Taylor Heinicke,HeinTa00,2023-12-31,ATL,@,CHI,QB,MATCHED_CANONICAL_GAME,2023_17_ATL_CHI,2023,17,REG,ATL,CHI,away,date/team/opponent/location identity
637,Sam Howell,HoweSa00,2023-12-31,WAS,,SFO,QB,MATCHED_CANONICAL_GAME,2023_17_SF_WAS,2023,17,REG,SF,WAS,home,date/team/opponent/location identity
638,Jalen Hurts,HurtJa00,2023-12-31,PHI,,ARI,QB,MATCHED_CANONICAL_GAME,2023_17_ARI_PHI,2023,17,REG,ARI,PHI,home,date/team/opponent/location identity
639,Lamar Jackson,JackLa00,2023-12-31,BAL,,MIA,QB,MATCHED_CANONICAL_GAME,2023_17_MIA_BAL,2023,17,REG,MIA,BAL,home,date/team/opponent/location identity
640,Will Levis,LeviWi00,2023-12-31,TEN,@,HOU,QB,MATCHED_CANONICAL_GAME,2023_17_TEN_HOU,2023,17,REG,TEN,HOU,away,date/team/opponent/location identity
641,Jordan Love,LoveJo03,2023-12-31,GNB,@,MIN,QB,MATCHED_CANONICAL_GAME,2023_17_GB_MIN,2023,17,REG,GB,MIN,away,date/team/opponent/location identity
642,Patrick Mahomes,MahoPa00,2023-12-31,KAN,,CIN,QB,MATCHED_CANONICAL_GAME,2023_17_CIN_KC,2023,17,REG,CIN,KC,home,date/team/opponent/location identity
643,Baker Mayfield,MayfBa00,2023-12-31,TAM,,NOR,QB,MATCHED_CANONICAL_GAME,2023_17_NO_TB,2023,17,REG,NO,TB,home,date/team/opponent/location identity
644,Gardner Minshew II,MinsGa00,2023-12-31,IND,,LVR,QB,MATCHED_CANONICAL_GAME,2023_17_LV_IND,2023,17,REG,LV,IND,home,date/team/opponent/location identity
645,Kyler Murray,MurrKy00,2023-12-31,ARI,@,PHI,QB,MATCHED_CANONICAL_GAME,2023_17_ARI_PHI,2023,17,REG,ARI,PHI,away,date/team/opponent/location identity
646,Aidan O'Connell,OConAi00,2023-12-31,LVR,@,IND,QB,MATCHED_CANONICAL_GAME,2023_17_LV_IND,2023,17,REG,LV,IND,away,date/team/opponent/location identity
647,Brock Purdy,PurdBr00,2023-12-31,SFO,@,WAS,QB,MATCHED_CANONICAL_GAME,2023_17_SF_WAS,2023,17,REG,SF,WAS,away,date/team/opponent/location identity
648,Desmond Ridder,RiddDe00,2023-12-31,ATL,@,CHI,QB,MATCHED_CANONICAL_GAME,2023_17_ATL_CHI,2023,17,REG,ATL,CHI,away,date/team/opponent/location identity
649,Mason Rudolph,RudoMa00,2023-12-31,PIT,@,SEA,QB,MATCHED_CANONICAL_GAME,2023_17_PIT_SEA,2023,17,REG,PIT,SEA,away,date/team/opponent/location identity
650,Geno Smith,SmitGe00,2023-12-31,SEA,,PIT,QB,MATCHED_CANONICAL_GAME,2023_17_PIT_SEA,2023,17,REG,PIT,SEA,home,date/team/opponent/location identity
651,Easton Stick,SticEa00,2023-12-31,LAC,,KAN,QB,UNMATCHED,,,,,,,,no canonical date/team/opponent identity match
652,Jarrett Stidham,StidJa00,2023-12-31,DEN,,LVR,QB,UNMATCHED,,,,,,,,no canonical date/team/opponent identity match
653,Tua Tagovailoa,TagoTu00,2023-12-31,MIA,@,BAL,QB,MATCHED_CANONICAL_GAME,2023_17_MIA_BAL,2023,17,REG,MIA,BAL,away,date/team/opponent/location identity
654,Tyrod Taylor,TaylTy00,2023-12-31,NYG,,LAR,QB,MATCHED_CANONICAL_GAME,2023_17_LA_NYG,2023,17,REG,LAR,NYG,home,date/team/opponent/location identity
655,Deshaun Watson,WatsDe00,2023-12-31,CLE,,NYJ,QB,UNMATCHED,,,,,,,,no canonical date/team/opponent identity match
656,Bryce Young,YounBr01,2023-12-31,CAR,@,JAX,QB,MATCHED_CANONICAL_GAME,2023_17_CAR_JAX,2023,17,REG,CAR,JAX,away,date/team/opponent/location identity
657,Bailey Zappe,ZappBa00,2023-12-31,NWE,@,BUF,QB,MATCHED_CANONICAL_GAME,2023_17_NE_BUF,2023,17,REG,NE,BUF,away,date/team/opponent/location identity
658,Trevor Siemian,SiemTr00,2023-12-28,NYJ,@,CLE,QB,MATCHED_CANONICAL_GAME,2023_17_NYJ_CLE,2023,17,REG,NYJ,CLE,away,date/team/opponent/location identity
659,Joe Flacco,FlacJo00,2023-12-28,CLE,,NYJ,QB,MATCHED_CANONICAL_GAME,2023_17_NYJ_CLE,2023,17,REG,NYJ,CLE,home,date/team/opponent/location identity
660,Josh Allen,AlleJo02,2023-12-23,BUF,@,LAC,QB,MATCHED_CANONICAL_GAME,2023_16_BUF_LAC,2023,16,REG,BUF,LAC,away,date/team/opponent/location identity
661,Taylor Heinicke,HeinTa00,2023-12-24,ATL,,IND,QB,MATCHED_CANONICAL_GAME,2023_16_IND_ATL,2023,16,REG,IND,ATL,home,date/team/opponent/location identity
662,Sam Howell,HoweSa00,2023-12-24,WAS,@,NYJ,QB,MATCHED_CANONICAL_GAME,2023_16_WAS_NYJ,2023,16,REG,WAS,NYJ,away,date/team/opponent/location identity
663,Jalen Hurts,HurtJa00,2023-12-25,PHI,,NYG,QB,MATCHED_CANONICAL_GAME,2023_16_NYG_PHI,2023,16,REG,NYG,PHI,home,date/team/opponent/location identity
664,Lamar Jackson,JackLa00,2023-12-25,BAL,@,SFO,QB,MATCHED_CANONICAL_GAME,2023_16_BAL_SF,2023,16,REG,BAL,SF,away,date/team/opponent/location identity
665,Trevor Lawrence,LawrTr00,2023-12-24,JAX,@,TAM,QB,MATCHED_CANONICAL_GAME,2023_16_JAX_TB,2023,16,REG,JAX,TB,away,date/team/opponent/location identity
666,Will Levis,LeviWi00,2023-12-24,TEN,,SEA,QB,MATCHED_CANONICAL_GAME,2023_16_SEA_TEN,2023,16,REG,SEA,TEN,home,date/team/opponent/location identity
667,Jordan Love,LoveJo03,2023-12-24,GNB,@,CAR,QB,MATCHED_CANONICAL_GAME,2023_16_GB_CAR,2023,16,REG,GB,CAR,away,date/team/opponent/location identity
668,Patrick Mahomes,MahoPa00,2023-12-25,KAN,,LVR,QB,MATCHED_CANONICAL_GAME,2023_16_LV_KC,2023,16,REG,LV,KC,home,date/team/opponent/location identity
669,Baker Mayfield,MayfBa00,2023-12-24,TAM,,JAX,QB,MATCHED_CANONICAL_GAME,2023_16_JAX_TB,2023,16,REG,JAX,TB,home,date/team/opponent/location identity
670,Gardner Minshew II,MinsGa00,2023-12-24,IND,@,ATL,QB,MATCHED_CANONICAL_GAME,2023_16_IND_ATL,2023,16,REG,IND,ATL,away,date/team/opponent/location identity
671,Nick Mullens,MullNi00,2023-12-24,MIN,,DET,QB,MATCHED_CANONICAL_GAME,2023_16_DET_MIN,2023,16,REG,DET,MIN,home,date/team/opponent/location identity
672,Kyler Murray,MurrKy00,2023-12-24,ARI,@,CHI,QB,MATCHED_CANONICAL_GAME,2023_16_ARI_CHI,2023,16,REG,ARI,CHI,away,date/team/opponent/location identity
673,Aidan O'Connell,OConAi00,2023-12-25,LVR,@,KAN,QB,MATCHED_CANONICAL_GAME,2023_16_LV_KC,2023,16,REG,LV,KC,away,date/team/opponent/location identity
674,Dak Prescott,PresDa01,2023-12-24,DAL,@,MIA,QB,MATCHED_CANONICAL_GAME,2023_16_DAL_MIA,2023,16,REG,DAL,MIA,away,date/team/opponent/location identity
675,Brock Purdy,PurdBr00,2023-12-25,SFO,,BAL,QB,MATCHED_CANONICAL_GAME,2023_16_BAL_SF,2023,16,REG,BAL,SF,home,date/team/opponent/location identity
676,Mason Rudolph,RudoMa00,2023-12-23,PIT,,CIN,QB,MATCHED_CANONICAL_GAME,2023_16_CIN_PIT,2023,16,REG,CIN,PIT,home,date/team/opponent/location identity
677,Trevor Siemian,SiemTr00,2023-12-24,NYJ,,WAS,QB,MATCHED_CANONICAL_GAME,2023_16_WAS_NYJ,2023,16,REG,WAS,NYJ,home,date/team/opponent/location identity
678,Geno Smith,SmitGe00,2023-12-24,SEA,@,TEN,QB,MATCHED_CANONICAL_GAME,2023_16_SEA_TEN,2023,16,REG,SEA,TEN,away,date/team/opponent/location identity
679,Matthew Stafford,StafMa00,2023-12-21,LAR,,NOR,QB,MATCHED_CANONICAL_GAME,2023_16_NO_LA,2023,16,REG,NO,LAR,home,date/team/opponent/location identity
680,Easton Stick,SticEa00,2023-12-23,LAC,,BUF,QB,MATCHED_CANONICAL_GAME,2023_16_BUF_LAC,2023,16,REG,BUF,LAC,home,date/team/opponent/location identity
681,Tua Tagovailoa,TagoTu00,2023-12-24,MIA,,DAL,QB,MATCHED_CANONICAL_GAME,2023_16_DAL_MIA,2023,16,REG,DAL,MIA,home,date/team/opponent/location identity
682,Ryan Tannehill,TannRy00,2023-12-24,TEN,,SEA,QB,MATCHED_CANONICAL_GAME,2023_16_SEA_TEN,2023,16,REG,SEA,TEN,home,date/team/opponent/location identity
683,Tyrod Taylor,TaylTy00,2023-12-24,NYG,@,PHI,QB,UNMATCHED,,,,,,,,no canonical date/team/opponent identity match
684,Deshaun Watson,WatsDe00,2023-12-24,CLE,@,HOU,QB,MATCHED_CANONICAL_GAME,2023_16_CLE_HOU,2023,16,REG,CLE,HOU,away,date/team/opponent/location identity
685,Bryce Young,YounBr01,2023-12-24,CAR,,GNB,QB,MATCHED_CANONICAL_GAME,2023_16_GB_CAR,2023,16,REG,GB,CAR,home,date/team/opponent/location identity
686,Bailey Zappe,ZappBa00,2023-12-24,NWE,@,DEN,QB,MATCHED_CANONICAL_GAME,2023_16_NE_DEN,2023,16,REG,NE,DEN,away,date/team/opponent/location identity
687,C.J. Stroud,StroCJ00,2023-12-24,HOU,,CLE,QB,MATCHED_CANONICAL_GAME,2023_16_CLE_HOU,2023,16,REG,CLE,HOU,home,date/team/opponent/location identity
688,Case Keenum,KeenCa00,2023-12-17,HOU,@,TEN,QB,MATCHED_CANONICAL_GAME,2023_15_HOU_TEN,2023,15,REG,HOU,TEN,away,date/team/opponent/location identity
689,Josh Allen,AlleJo02,2023-12-17,BUF,,DAL,QB,MATCHED_CANONICAL_GAME,2023_15_DAL_BUF,2023,15,REG,DAL,BUF,home,date/team/opponent/location identity
690,Jake Browning,BrowJa08,2023-12-16,CIN,,MIN,QB,MATCHED_CANONICAL_GAME,2023_15_MIN_CIN,2023,15,REG,MIN,CIN,home,date/team/opponent/location identity
691,Derek Carr,CarrDe02,2023-12-17,NOR,,NYG,QB,MATCHED_CANONICAL_GAME,2023_15_NYG_NO,2023,15,REG,NYG,NO,home,date/team/opponent/location identity
692,Tommy DeVito,DeViTo00,2023-12-17,NYG,@,NOR,QB,MATCHED_CANONICAL_GAME,2023_15_NYG_NO,2023,15,REG,NYG,NO,away,date/team/opponent/location identity
693,Justin Fields,FielJu00,2023-12-17,CHI,@,CLE,QB,MATCHED_CANONICAL_GAME,2023_15_CHI_CLE,2023,15,REG,CHI,CLE,away,date/team/opponent/location identity
694,Joe Flacco,FlacJo00,2023-12-17,CLE,,CHI,QB,MATCHED_CANONICAL_GAME,2023_15_CHI_CLE,2023,15,REG,CHI,CLE,home,date/team/opponent/location identity
695,Jared Goff,GoffJa00,2023-12-16,DET,,DEN,QB,MATCHED_CANONICAL_GAME,2023_15_DEN_DET,2023,15,REG,DEN,DET,home,date/team/opponent/location identity
696,Sam Howell,HoweSa00,2023-12-17,WAS,@,LAR,QB,MATCHED_CANONICAL_GAME,2023_15_WAS_LA,2023,15,REG,WAS,LAR,away,date/team/opponent/location identity
697,Jalen Hurts,HurtJa00,2023-12-18,PHI,@,SEA,QB,MATCHED_CANONICAL_GAME,2023_15_PHI_SEA,2023,15,REG,PHI,SEA,away,date/team/opponent/location identity
698,Lamar Jackson,JackLa00,2023-12-17,BAL,@,JAX,QB,MATCHED_CANONICAL_GAME,2023_15_BAL_JAX,2023,15,REG,BAL,JAX,away,date/team/opponent/location identity
699,Trevor Lawrence,LawrTr00,2023-12-17,JAX,,BAL,QB,MATCHED_CANONICAL_GAME,2023_15_BAL_JAX,2023,15,REG,BAL,JAX,home,date/team/opponent/location identity
700,Will Levis,LeviWi00,2023-12-17,TEN,,HOU,QB,MATCHED_CANONICAL_GAME,2023_15_HOU_TEN,2023,15,REG,HOU,TEN,home,date/team/opponent/location identity
701,Jordan Love,LoveJo03,2023-12-17,GNB,,TAM,QB,MATCHED_CANONICAL_GAME,2023_15_TB_GB,2023,15,REG,TB,GB,home,date/team/opponent/location identity
702,Patrick Mahomes,MahoPa00,2023-12-17,KAN,@,NWE,QB,MATCHED_CANONICAL_GAME,2023_15_KC_NE,2023,15,REG,KC,NE,away,date/team/opponent/location identity
703,Baker Mayfield,MayfBa00,2023-12-17,TAM,@,GNB,QB,MATCHED_CANONICAL_GAME,2023_15_TB_GB,2023,15,REG,TB,GB,away,date/team/opponent/location identity
704,Gardner Minshew II,MinsGa00,2023-12-16,IND,,PIT,QB,MATCHED_CANONICAL_GAME,2023_15_PIT_IND,2023,15,REG,PIT,IND,home,date/team/opponent/location identity
705,Nick Mullens,MullNi00,2023-12-17,MIN,@,CIN,QB,UNMATCHED,,,,,,,,no canonical date/team/opponent identity match
706,Kyler Murray,MurrKy00,2023-12-17,ARI,,SFO,QB,MATCHED_CANONICAL_GAME,2023_15_SF_ARI,2023,15,REG,SF,ARI,home,date/team/opponent/location identity
707,Aidan O'Connell,OConAi00,2023-12-14,LVR,,LAC,QB,MATCHED_CANONICAL_GAME,2023_15_LAC_LV,2023,15,REG,LAC,LV,home,date/team/opponent/location identity
708,Dak Prescott,PresDa01,2023-12-17,DAL,@,BUF,QB,MATCHED_CANONICAL_GAME,2023_15_DAL_BUF,2023,15,REG,DAL,BUF,away,date/team/opponent/location identity
709,Brock Purdy,PurdBr00,2023-12-17,SFO,@,ARI,QB,MATCHED_CANONICAL_GAME,2023_15_SF_ARI,2023,15,REG,SF,ARI,away,date/team/opponent/location identity
710,Desmond Ridder,RiddDe00,2023-12-17,ATL,@,CAR,QB,MATCHED_CANONICAL_GAME,2023_15_ATL_CAR,2023,15,REG,ATL,CAR,away,date/team/opponent/location identity
711,Aaron Rodgers,RodgAa00,2023-12-17,NYJ,@,MIA,QB,MATCHED_CANONICAL_GAME,2023_15_NYJ_MIA,2023,15,REG,NYJ,MIA,away,date/team/opponent/location identity
712,Trevor Siemian,SiemTr00,2023-12-17,NYJ,@,MIA,QB,MATCHED_CANONICAL_GAME,2023_15_NYJ_MIA,2023,15,REG,NYJ,MIA,away,date/team/opponent/location identity
713,Geno Smith,SmitGe00,2023-12-18,SEA,,PHI,QB,MATCHED_CANONICAL_GAME,2023_15_PHI_SEA,2023,15,REG,PHI,SEA,home,date/team/opponent/location identity
714,Matthew Stafford,StafMa00,2023-12-17,LAR,,WAS,QB,MATCHED_CANONICAL_GAME,2023_15_WAS_LA,2023,15,REG,WAS,LAR,home,date/team/opponent/location identity
715,Easton Stick,SticEa00,2023-12-14,LAC,@,LVR,QB,MATCHED_CANONICAL_GAME,2023_15_LAC_LV,2023,15,REG,LAC,LV,away,date/team/opponent/location identity
716,Jarrett Stidham,StidJa00,2023-12-17,DEN,@,DET,QB,UNMATCHED,,,,,,,,no canonical date/team/opponent identity match
717,Tua Tagovailoa,TagoTu00,2023-12-17,MIA,,NYJ,QB,MATCHED_CANONICAL_GAME,2023_15_NYJ_MIA,2023,15,REG,NYJ,MIA,home,date/team/opponent/location identity
718,Mitchell Trubisky,TrubMi00,2023-12-16,PIT,@,IND,QB,MATCHED_CANONICAL_GAME,2023_15_PIT_IND,2023,15,REG,PIT,IND,away,date/team/opponent/location identity
719,Deshaun Watson,WatsDe00,2023-12-17,CLE,,CHI,QB,MATCHED_CANONICAL_GAME,2023_15_CHI_CLE,2023,15,REG,CHI,CLE,home,date/team/opponent/location identity
720,Zach Wilson,WilsZa00,2023-12-17,NYJ,@,MIA,QB,MATCHED_CANONICAL_GAME,2023_15_NYJ_MIA,2023,15,REG,NYJ,MIA,away,date/team/opponent/location identity
721,Bryce Young,YounBr01,2023-12-17,CAR,,ATL,QB,MATCHED_CANONICAL_GAME,2023_15_ATL_CAR,2023,15,REG,ATL,CAR,home,date/team/opponent/location identity
722,Bailey Zappe,ZappBa00,2023-12-17,NWE,,KAN,QB,MATCHED_CANONICAL_GAME,2023_15_KC_NE,2023,15,REG,KC,NE,home,date/team/opponent/location identity
723,Josh Allen,AlleJo02,2023-12-10,BUF,@,KAN,QB,MATCHED_CANONICAL_GAME,2023_14_BUF_KC,2023,14,REG,BUF,KC,away,date/team/opponent/location identity
724,Jake Browning,BrowJa08,2023-12-10,CIN,,IND,QB,MATCHED_CANONICAL_GAME,2023_14_IND_CIN,2023,14,REG,IND,CIN,home,date/team/opponent/location identity
725,Derek Carr,CarrDe02,2023-12-10,NOR,,CAR,QB,MATCHED_CANONICAL_GAME,2023_14_CAR_NO,2023,14,REG,CAR,NO,home,date/team/opponent/location identity
726,Joshua Dobbs,DobbJo00,2023-12-10,MIN,@,LVR,QB,MATCHED_CANONICAL_GAME,2023_14_MIN_LV,2023,14,REG,MIN,LV,away,date/team/opponent/location identity
727,Tommy DeVito,DeViTo00,2023-12-11,NYG,,GNB,QB,MATCHED_CANONICAL_GAME,2023_14_GB_NYG,2023,14,REG,GB,NYG,home,date/team/opponent/location identity
728,Justin Fields,FielJu00,2023-12-10,CHI,,DET,QB,MATCHED_CANONICAL_GAME,2023_14_DET_CHI,2023,14,REG,DET,CHI,home,date/team/opponent/location identity
729,Joe Flacco,FlacJo00,2023-12-10,CLE,,JAX,QB,MATCHED_CANONICAL_GAME,2023_14_JAX_CLE,2023,14,REG,JAX,CLE,home,date/team/opponent/location identity
730,Jared Goff,GoffJa00,2023-12-10,DET,@,CHI,QB,MATCHED_CANONICAL_GAME,2023_14_DET_CHI,2023,14,REG,DET,CHI,away,date/team/opponent/location identity
731,Justin Herbert,HerbJu00,2023-12-10,LAC,,DEN,QB,MATCHED_CANONICAL_GAME,2023_14_DEN_LAC,2023,14,REG,DEN,LAC,home,date/team/opponent/location identity
732,Sam Howell,HoweSa00,2023-12-10,WAS,,BYE,QB,NON_GAME_BYE,,,,,,,,raw Stathead BYE evidence; no canonical game
733,Jalen Hurts,HurtJa00,2023-12-10,PHI,@,DAL,QB,MATCHED_CANONICAL_GAME,2023_14_PHI_DAL,2023,14,REG,PHI,DAL,away,date/team/opponent/location identity
734,Lamar Jackson,JackLa00,2023-12-10,BAL,,LAR,QB,MATCHED_CANONICAL_GAME,2023_14_LA_BAL,2023,14,REG,LAR,BAL,home,date/team/opponent/location identity
735,Trevor Lawrence,LawrTr00,2023-12-10,JAX,@,CLE,QB,MATCHED_CANONICAL_GAME,2023_14_JAX_CLE,2023,14,REG,JAX,CLE,away,date/team/opponent/location identity
736,Will Levis,LeviWi00,2023-12-11,TEN,@,MIA,QB,MATCHED_CANONICAL_GAME,2023_14_TEN_MIA,2023,14,REG,TEN,MIA,away,date/team/opponent/location identity
737,Jordan Love,LoveJo03,2023-12-11,GNB,@,NYG,QB,MATCHED_CANONICAL_GAME,2023_14_GB_NYG,2023,14,REG,GB,NYG,away,date/team/opponent/location identity
738,Patrick Mahomes,MahoPa00,2023-12-10,KAN,,BUF,QB,MATCHED_CANONICAL_GAME,2023_14_BUF_KC,2023,14,REG,BUF,KC,home,date/team/opponent/location identity
739,Baker Mayfield,MayfBa00,2023-12-10,TAM,@,ATL,QB,MATCHED_CANONICAL_GAME,2023_14_TB_ATL,2023,14,REG,TB,ATL,away,date/team/opponent/location identity
740,Gardner Minshew II,MinsGa00,2023-12-10,IND,@,CIN,QB,MATCHED_CANONICAL_GAME,2023_14_IND_CIN,2023,14,REG,IND,CIN,away,date/team/opponent/location identity
741,Kyler Murray,MurrKy00,2023-12-10,ARI,,BYE,QB,NON_GAME_BYE,,,,,,,,raw Stathead BYE evidence; no canonical game
742,Aidan O'Connell,OConAi00,2023-12-10,LVR,,MIN,QB,MATCHED_CANONICAL_GAME,2023_14_MIN_LV,2023,14,REG,MIN,LV,home,date/team/opponent/location identity
743,Dak Prescott,PresDa01,2023-12-10,DAL,,PHI,QB,MATCHED_CANONICAL_GAME,2023_14_PHI_DAL,2023,14,REG,PHI,DAL,home,date/team/opponent/location identity
744,Brock Purdy,PurdBr00,2023-12-10,SFO,,SEA,QB,MATCHED_CANONICAL_GAME,2023_14_SEA_SF,2023,14,REG,SEA,SF,home,date/team/opponent/location identity
745,Desmond Ridder,RiddDe00,2023-12-10,ATL,,TAM,QB,MATCHED_CANONICAL_GAME,2023_14_TB_ATL,2023,14,REG,TB,ATL,home,date/team/opponent/location identity
746,Geno Smith,SmitGe00,2023-12-10,SEA,@,SFO,QB,MATCHED_CANONICAL_GAME,2023_14_SEA_SF,2023,14,REG,SEA,SF,away,date/team/opponent/location identity
747,Matthew Stafford,StafMa00,2023-12-10,LAR,@,BAL,QB,MATCHED_CANONICAL_GAME,2023_14_LA_BAL,2023,14,REG,LAR,BAL,away,date/team/opponent/location identity
748,C.J. Stroud,StroCJ00,2023-12-10,HOU,@,NYJ,QB,MATCHED_CANONICAL_GAME,2023_14_HOU_NYJ,2023,14,REG,HOU,NYJ,away,date/team/opponent/location identity
749,Tua Tagovailoa,TagoTu00,2023-12-11,MIA,,TEN,QB,MATCHED_CANONICAL_GAME,2023_14_TEN_MIA,2023,14,REG,TEN,MIA,home,date/team/opponent/location identity
750,Mitchell Trubisky,TrubMi00,2023-12-07,PIT,,NWE,QB,MATCHED_CANONICAL_GAME,2023_14_NE_PIT,2023,14,REG,NE,PIT,home,date/team/opponent/location identity
751,Deshaun Watson,WatsDe00,2023-12-10,CLE,,JAX,QB,MATCHED_CANONICAL_GAME,2023_14_JAX_CLE,2023,14,REG,JAX,CLE,home,date/team/opponent/location identity
752,Zach Wilson,WilsZa00,2023-12-10,NYJ,,HOU,QB,MATCHED_CANONICAL_GAME,2023_14_HOU_NYJ,2023,14,REG,HOU,NYJ,home,date/team/opponent/location identity
753,Bryce Young,YounBr01,2023-12-10,CAR,@,NOR,QB,MATCHED_CANONICAL_GAME,2023_14_CAR_NO,2023,14,REG,CAR,NO,away,date/team/opponent/location identity
754,Bailey Zappe,ZappBa00,2023-12-07,NWE,@,PIT,QB,MATCHED_CANONICAL_GAME,2023_14_NE_PIT,2023,14,REG,NE,PIT,away,date/team/opponent/location identity
755,Josh Allen,AlleJo02,2023-12-03,BUF,,BYE,QB,NON_GAME_BYE,,,,,,,,raw Stathead BYE evidence; no canonical game
756,Jake Browning,BrowJa08,2023-12-04,CIN,@,JAX,QB,MATCHED_CANONICAL_GAME,2023_13_CIN_JAX,2023,13,REG,CIN,JAX,away,date/team/opponent/location identity
757,Derek Carr,CarrDe02,2023-12-03,NOR,,DET,QB,MATCHED_CANONICAL_GAME,2023_13_DET_NO,2023,13,REG,DET,NO,home,date/team/opponent/location identity
758,Tommy DeVito,DeViTo00,2023-12-03,NYG,,BYE,QB,NON_GAME_BYE,,,,,,,,raw Stathead BYE evidence; no canonical game
759,Justin Fields,FielJu00,2023-12-03,CHI,,BYE,QB,NON_GAME_BYE,,,,,,,,raw Stathead BYE evidence; no canonical game
760,Joe Flacco,FlacJo00,2023-12-03,CLE,@,LAR,QB,MATCHED_CANONICAL_GAME,2023_13_CLE_LA,2023,13,REG,CLE,LAR,away,date/team/opponent/location identity
761,Jared Goff,GoffJa00,2023-12-03,DET,@,NOR,QB,MATCHED_CANONICAL_GAME,2023_13_DET_NO,2023,13,REG,DET,NO,away,date/team/opponent/location identity
762,Justin Herbert,HerbJu00,2023-12-03,LAC,@,NWE,QB,MATCHED_CANONICAL_GAME,2023_13_LAC_NE,2023,13,REG,LAC,NE,away,date/team/opponent/location identity
763,Sam Howell,HoweSa00,2023-12-03,WAS,,MIA,QB,MATCHED_CANONICAL_GAME,2023_13_MIA_WAS,2023,13,REG,MIA,WAS,home,date/team/opponent/location identity
764,Jalen Hurts,HurtJa00,2023-12-03,PHI,,SFO,QB,MATCHED_CANONICAL_GAME,2023_13_SF_PHI,2023,13,REG,SF,PHI,home,date/team/opponent/location identity
765,Lamar Jackson,JackLa00,2023-12-03,BAL,,BYE,QB,NON_GAME_BYE,,,,,,,,raw Stathead BYE evidence; no canonical game
766,Trevor Lawrence,LawrTr00,2023-12-04,JAX,,CIN,QB,MATCHED_CANONICAL_GAME,2023_13_CIN_JAX,2023,13,REG,CIN,JAX,home,date/team/opponent/location identity
767,Will Levis,LeviWi00,2023-12-03,TEN,,IND,QB,MATCHED_CANONICAL_GAME,2023_13_IND_TEN,2023,13,REG,IND,TEN,home,date/team/opponent/location identity
768,Jordan Love,LoveJo03,2023-12-03,GNB,,KAN,QB,MATCHED_CANONICAL_GAME,2023_13_KC_GB,2023,13,REG,KC,GB,home,date/team/opponent/location identity
769,Patrick Mahomes,MahoPa00,2023-12-03,KAN,@,GNB,QB,MATCHED_CANONICAL_GAME,2023_13_KC_GB,2023,13,REG,KC,GB,away,date/team/opponent/location identity
770,Baker Mayfield,MayfBa00,2023-12-03,TAM,,CAR,QB,MATCHED_CANONICAL_GAME,2023_13_CAR_TB,2023,13,REG,CAR,TB,home,date/team/opponent/location identity
771,Gardner Minshew II,MinsGa00,2023-12-03,IND,@,TEN,QB,MATCHED_CANONICAL_GAME,2023_13_IND_TEN,2023,13,REG,IND,TEN,away,date/team/opponent/location identity
772,Kyler Murray,MurrKy00,2023-12-03,ARI,@,PIT,QB,MATCHED_CANONICAL_GAME,2023_13_ARI_PIT,2023,13,REG,ARI,PIT,away,date/team/opponent/location identity
773,Aidan O'Connell,OConAi00,2023-12-03,LVR,,BYE,QB,NON_GAME_BYE,,,,,,,,raw Stathead BYE evidence; no canonical game
774,Kenny Pickett,PickKe00,2023-12-03,PIT,,ARI,QB,MATCHED_CANONICAL_GAME,2023_13_ARI_PIT,2023,13,REG,ARI,PIT,home,date/team/opponent/location identity
775,Brock Purdy,PurdBr00,2023-12-03,SFO,@,PHI,QB,MATCHED_CANONICAL_GAME,2023_13_SF_PHI,2023,13,REG,SF,PHI,away,date/team/opponent/location identity
776,Desmond Ridder,RiddDe00,2023-12-03,ATL,@,NYJ,QB,MATCHED_CANONICAL_GAME,2023_13_ATL_NYJ,2023,13,REG,ATL,NYJ,away,date/team/opponent/location identity
777,Trevor Siemian,SiemTr00,2023-12-03,NYJ,,ATL,QB,MATCHED_CANONICAL_GAME,2023_13_ATL_NYJ,2023,13,REG,ATL,NYJ,home,date/team/opponent/location identity
778,Matthew Stafford,StafMa00,2023-12-03,LAR,,CLE,QB,MATCHED_CANONICAL_GAME,2023_13_CLE_LA,2023,13,REG,CLE,LAR,home,date/team/opponent/location identity
779,C.J. Stroud,StroCJ00,2023-12-03,HOU,,DEN,QB,MATCHED_CANONICAL_GAME,2023_13_DEN_HOU,2023,13,REG,DEN,HOU,home,date/team/opponent/location identity
780,Tua Tagovailoa,TagoTu00,2023-12-03,MIA,@,WAS,QB,MATCHED_CANONICAL_GAME,2023_13_MIA_WAS,2023,13,REG,MIA,WAS,away,date/team/opponent/location identity
781,Geno Smith,SmitGe00,2023-11-30,SEA,@,DAL,QB,MATCHED_CANONICAL_GAME,2023_13_SEA_DAL,2023,13,REG,SEA,DAL,away,date/team/opponent/location identity
782,Joshua Dobbs,DobbJo00,2023-11-27,MIN,,CHI,QB,MATCHED_CANONICAL_GAME,2023_12_CHI_MIN,2023,12,REG,CHI,MIN,home,date/team/opponent/location identity
783,Justin Fields,FielJu00,2023-11-27,CHI,@,MIN,QB,MATCHED_CANONICAL_GAME,2023_12_CHI_MIN,2023,12,REG,CHI,MIN,away,date/team/opponent/location identity
784,Josh Allen,AlleJo02,2023-11-26,BUF,@,PHI,QB,MATCHED_CANONICAL_GAME,2023_12_BUF_PHI,2023,12,REG,BUF,PHI,away,date/team/opponent/location identity
785,Jake Browning,BrowJa08,2023-11-26,CIN,,PIT,QB,MATCHED_CANONICAL_GAME,2023_12_PIT_CIN,2023,12,REG,PIT,CIN,home,date/team/opponent/location identity
786,Derek Carr,CarrDe02,2023-11-26,NOR,@,ATL,QB,MATCHED_CANONICAL_GAME,2023_12_NO_ATL,2023,12,REG,NO,ATL,away,date/team/opponent/location identity
787,Tommy DeVito,DeViTo00,2023-11-26,NYG,,NWE,QB,MATCHED_CANONICAL_GAME,2023_12_NE_NYG,2023,12,REG,NE,NYG,home,date/team/opponent/location identity
788,Justin Herbert,HerbJu00,2023-11-26,LAC,,BAL,QB,MATCHED_CANONICAL_GAME,2023_12_BAL_LAC,2023,12,REG,BAL,LAC,home,date/team/opponent/location identity
789,Jalen Hurts,HurtJa00,2023-11-26,PHI,,BUF,QB,MATCHED_CANONICAL_GAME,2023_12_BUF_PHI,2023,12,REG,BUF,PHI,home,date/team/opponent/location identity
790,Lamar Jackson,JackLa00,2023-11-26,BAL,@,LAC,QB,MATCHED_CANONICAL_GAME,2023_12_BAL_LAC,2023,12,REG,BAL,LAC,away,date/team/opponent/location identity
791,Mac Jones,JoneMa05,2023-11-26,NWE,@,NYG,QB,MATCHED_CANONICAL_GAME,2023_12_NE_NYG,2023,12,REG,NE,NYG,away,date/team/opponent/location identity
792,Trevor Lawrence,LawrTr00,2023-11-26,JAX,@,HOU,QB,MATCHED_CANONICAL_GAME,2023_12_JAX_HOU,2023,12,REG,JAX,HOU,away,date/team/opponent/location identity
793,Will Levis,LeviWi00,2023-11-26,TEN,,CAR,QB,MATCHED_CANONICAL_GAME,2023_12_CAR_TEN,2023,12,REG,CAR,TEN,home,date/team/opponent/location identity
794,Patrick Mahomes,MahoPa00,2023-11-26,KAN,@,LVR,QB,MATCHED_CANONICAL_GAME,2023_12_KC_LV,2023,12,REG,KC,LV,away,date/team/opponent/location identity
795,Baker Mayfield,MayfBa00,2023-11-26,TAM,@,IND,QB,MATCHED_CANONICAL_GAME,2023_12_TB_IND,2023,12,REG,TB,IND,away,date/team/opponent/location identity
796,Gardner Minshew II,MinsGa00,2023-11-26,IND,,TAM,QB,MATCHED_CANONICAL_GAME,2023_12_TB_IND,2023,12,REG,TB,IND,home,date/team/opponent/location identity
797,Kyler Murray,MurrKy00,2023-11-26,ARI,,LAR,QB,MATCHED_CANONICAL_GAME,2023_12_LA_ARI,2023,12,REG,LAR,ARI,home,date/team/opponent/location identity
798,Aidan O'Connell,OConAi00,2023-11-26,LVR,,KAN,QB,MATCHED_CANONICAL_GAME,2023_12_KC_LV,2023,12,REG,KC,LV,home,date/team/opponent/location identity
799,Kenny Pickett,PickKe00,2023-11-26,PIT,@,CIN,QB,MATCHED_CANONICAL_GAME,2023_12_PIT_CIN,2023,12,REG,PIT,CIN,away,date/team/opponent/location identity
800,Desmond Ridder,RiddDe00,2023-11-26,ATL,,NOR,QB,MATCHED_CANONICAL_GAME,2023_12_NO_ATL,2023,12,REG,NO,ATL,home,date/team/opponent/location identity
801,Dak Prescott,PresDa01,2023-11-26,DAL,,WAS,QB,UNMATCHED,,,,,,,,no canonical date/team/opponent identity match
802,Brock Purdy,PurdBr00,2023-11-23,SFO,@,SEA,QB,MATCHED_CANONICAL_GAME,2023_12_SF_SEA,2023,12,REG,SF,SEA,away,date/team/opponent/location identity
803,Geno Smith,SmitGe00,2023-11-23,SEA,,SFO,QB,MATCHED_CANONICAL_GAME,2023_12_SF_SEA,2023,12,REG,SF,SEA,home,date/team/opponent/location identity
804,Matthew Stafford,StafMa00,2023-11-26,LAR,@,ARI,QB,MATCHED_CANONICAL_GAME,2023_12_LA_ARI,2023,12,REG,LAR,ARI,away,date/team/opponent/location identity
805,C.J. Stroud,StroCJ00,2023-11-26,HOU,,JAX,QB,MATCHED_CANONICAL_GAME,2023_12_JAX_HOU,2023,12,REG,JAX,HOU,home,date/team/opponent/location identity
806,Tua Tagovailoa,TagoTu00,2023-11-24,MIA,@,NYJ,QB,MATCHED_CANONICAL_GAME,2023_12_MIA_NYJ,2023,12,REG,MIA,NYJ,away,date/team/opponent/location identity
807,Tim Boyle,BoylTi00,2023-11-24,NYJ,,MIA,QB,MATCHED_CANONICAL_GAME,2023_12_MIA_NYJ,2023,12,REG,MIA,NYJ,home,date/team/opponent/location identity
808,Zach Wilson,WilsZa00,2023-11-24,NYJ,,MIA,QB,MATCHED_CANONICAL_GAME,2023_12_MIA_NYJ,2023,12,REG,MIA,NYJ,home,date/team/opponent/location identity
809,Bryce Young,YounBr01,2023-11-26,CAR,@,TEN,QB,MATCHED_CANONICAL_GAME,2023_12_CAR_TEN,2023,12,REG,CAR,TEN,away,date/team/opponent/location identity
810,Josh Allen,AlleJo02,2023-11-19,BUF,,NYJ,QB,MATCHED_CANONICAL_GAME,2023_11_NYJ_BUF,2023,11,REG,NYJ,BUF,home,date/team/opponent/location identity
811,Tyson Bagent,BageTy00,2023-11-19,CHI,@,DET,QB,MATCHED_CANONICAL_GAME,2023_11_CHI_DET,2023,11,REG,CHI,DET,away,date/team/opponent/location identity
812,Derek Carr,CarrDe02,2023-11-19,NOR,,BYE,QB,NON_GAME_BYE,,,,,,,,raw Stathead BYE evidence; no canonical game
813,Joshua Dobbs,DobbJo00,2023-11-19,MIN,@,DEN,QB,MATCHED_CANONICAL_GAME,2023_11_MIN_DEN,2023,11,REG,MIN,DEN,away,date/team/opponent/location identity
814,Joe Burrow,BurrJo01,2023-11-16,CIN,@,BAL,QB,MATCHED_CANONICAL_GAME,2023_11_CIN_BAL,2023,11,REG,CIN,BAL,away,date/team/opponent/location identity
815,Jake Browning,BrowJa08,2023-11-16,CIN,@,BAL,QB,MATCHED_CANONICAL_GAME,2023_11_CIN_BAL,2023,11,REG,CIN,BAL,away,date/team/opponent/location identity
816,Tommy DeVito,DeViTo00,2023-11-19,NYG,@,WAS,QB,MATCHED_CANONICAL_GAME,2023_11_NYG_WAS,2023,11,REG,NYG,WAS,away,date/team/opponent/location identity
817,Jared Goff,GoffJa00,2023-11-19,DET,,CHI,QB,MATCHED_CANONICAL_GAME,2023_11_CHI_DET,2023,11,REG,CHI,DET,home,date/team/opponent/location identity
818,Justin Herbert,HerbJu00,2023-11-19,LAC,@,GNB,QB,MATCHED_CANONICAL_GAME,2023_11_LAC_GB,2023,11,REG,LAC,GB,away,date/team/opponent/location identity
819,Sam Howell,HoweSa00,2023-11-19,WAS,,NYG,QB,MATCHED_CANONICAL_GAME,2023_11_NYG_WAS,2023,11,REG,NYG,WAS,home,date/team/opponent/location identity
820,Jalen Hurts,HurtJa00,2023-11-20,PHI,@,KAN,QB,MATCHED_CANONICAL_GAME,2023_11_PHI_KC,2023,11,REG,PHI,KC,away,date/team/opponent/location identity
821,Lamar Jackson,JackLa00,2023-11-16,BAL,,CIN,QB,MATCHED_CANONICAL_GAME,2023_11_CIN_BAL,2023,11,REG,CIN,BAL,home,date/team/opponent/location identity
822,Mac Jones,JoneMa05,2023-11-19,NWE,,BYE,QB,NON_GAME_BYE,,,,,,,,raw Stathead BYE evidence; no canonical game
823,Trevor Lawrence,LawrTr00,2023-11-19,JAX,,TEN,QB,MATCHED_CANONICAL_GAME,2023_11_TEN_JAX,2023,11,REG,TEN,JAX,home,date/team/opponent/location identity
824,Will Levis,LeviWi00,2023-11-19,TEN,@,JAX,QB,MATCHED_CANONICAL_GAME,2023_11_TEN_JAX,2023,11,REG,TEN,JAX,away,date/team/opponent/location identity
825,Jordan Love,LoveJo03,2023-11-19,GNB,,LAC,QB,MATCHED_CANONICAL_GAME,2023_11_LAC_GB,2023,11,REG,LAC,GB,home,date/team/opponent/location identity
826,Patrick Mahomes,MahoPa00,2023-11-20,KAN,,PHI,QB,MATCHED_CANONICAL_GAME,2023_11_PHI_KC,2023,11,REG,PHI,KC,home,date/team/opponent/location identity
827,Baker Mayfield,MayfBa00,2023-11-19,TAM,@,SFO,QB,MATCHED_CANONICAL_GAME,2023_11_TB_SF,2023,11,REG,TB,SF,away,date/team/opponent/location identity
828,Gardner Minshew II,MinsGa00,2023-11-19,IND,,BYE,QB,NON_GAME_BYE,,,,,,,,raw Stathead BYE evidence; no canonical game
829,Kyler Murray,MurrKy00,2023-11-19,ARI,@,HOU,QB,MATCHED_CANONICAL_GAME,2023_11_ARI_HOU,2023,11,REG,ARI,HOU,away,date/team/opponent/location identity
830,Aidan O'Connell,OConAi00,2023-11-19,LVR,@,MIA,QB,MATCHED_CANONICAL_GAME,2023_11_LV_MIA,2023,11,REG,LV,MIA,away,date/team/opponent/location identity
831,Kenny Pickett,PickKe00,2023-11-19,PIT,@,CLE,QB,MATCHED_CANONICAL_GAME,2023_11_PIT_CLE,2023,11,REG,PIT,CLE,away,date/team/opponent/location identity
832,Dak Prescott,PresDa01,2023-11-19,DAL,@,CAR,QB,MATCHED_CANONICAL_GAME,2023_11_DAL_CAR,2023,11,REG,DAL,CAR,away,date/team/opponent/location identity
833,Brock Purdy,PurdBr00,2023-11-19,SFO,,TAM,QB,MATCHED_CANONICAL_GAME,2023_11_TB_SF,2023,11,REG,TB,SF,home,date/team/opponent/location identity
834,Desmond Ridder,RiddDe00,2023-11-19,ATL,,BYE,QB,NON_GAME_BYE,,,,,,,,raw Stathead BYE evidence; no canonical game
835,Geno Smith,SmitGe00,2023-11-19,SEA,@,LAR,QB,MATCHED_CANONICAL_GAME,2023_11_SEA_LA,2023,11,REG,SEA,LAR,away,date/team/opponent/location identity
836,Matthew Stafford,StafMa00,2023-11-19,LAR,,SEA,QB,MATCHED_CANONICAL_GAME,2023_11_SEA_LA,2023,11,REG,SEA,LAR,home,date/team/opponent/location identity
837,C.J. Stroud,StroCJ00,2023-11-19,HOU,,ARI,QB,MATCHED_CANONICAL_GAME,2023_11_ARI_HOU,2023,11,REG,ARI,HOU,home,date/team/opponent/location identity
838,Tua Tagovailoa,TagoTu00,2023-11-19,MIA,,LVR,QB,MATCHED_CANONICAL_GAME,2023_11_LV_MIA,2023,11,REG,LV,MIA,home,date/team/opponent/location identity
839,Deshaun Watson,WatsDe00,2023-11-19,CLE,,PIT,QB,MATCHED_CANONICAL_GAME,2023_11_PIT_CLE,2023,11,REG,PIT,CLE,home,date/team/opponent/location identity
840,Dorian Thompson-Robinson,ThomDo02,2023-11-19,CLE,,PIT,QB,MATCHED_CANONICAL_GAME,2023_11_PIT_CLE,2023,11,REG,PIT,CLE,home,date/team/opponent/location identity
841,Zach Wilson,WilsZa00,2023-11-19,NYJ,@,BUF,QB,MATCHED_CANONICAL_GAME,2023_11_NYJ_BUF,2023,11,REG,NYJ,BUF,away,date/team/opponent/location identity
842,Russell Wilson,WilsRu00,2023-11-19,DEN,,MIN,QB,MATCHED_CANONICAL_GAME,2023_11_MIN_DEN,2023,11,REG,MIN,DEN,home,date/team/opponent/location identity
843,Bryce Young,YounBr01,2023-11-19,CAR,,DAL,QB,MATCHED_CANONICAL_GAME,2023_11_DAL_CAR,2023,11,REG,DAL,CAR,home,date/team/opponent/location identity
844,Josh Allen,AlleJo02,2023-11-13,BUF,,DEN,QB,MATCHED_CANONICAL_GAME,2023_10_DEN_BUF,2023,10,REG,DEN,BUF,home,date/team/opponent/location identity
845,Tyson Bagent,BageTy00,2023-11-12,CHI,,CAR,QB,UNMATCHED,,,,,,,,no canonical date/team/opponent identity match
846,Joe Burrow,BurrJo01,2023-11-12,CIN,,HOU,QB,MATCHED_CANONICAL_GAME,2023_10_HOU_CIN,2023,10,REG,HOU,CIN,home,date/team/opponent/location identity
847,Derek Carr,CarrDe02,2023-11-12,NOR,@,MIN,QB,MATCHED_CANONICAL_GAME,2023_10_NO_MIN,2023,10,REG,NO,MIN,away,date/team/opponent/location identity
848,Jameis Winston,WinsJa00,2023-11-12,NOR,@,MIN,QB,MATCHED_CANONICAL_GAME,2023_10_NO_MIN,2023,10,REG,NO,MIN,away,date/team/opponent/location identity
849,Joshua Dobbs,DobbJo00,2023-11-12,MIN,,NOR,QB,MATCHED_CANONICAL_GAME,2023_10_NO_MIN,2023,10,REG,NO,MIN,home,date/team/opponent/location identity
850,Tommy DeVito,DeViTo00,2023-11-12,NYG,@,DAL,QB,MATCHED_CANONICAL_GAME,2023_10_NYG_DAL,2023,10,REG,NYG,DAL,away,date/team/opponent/location identity
851,Jared Goff,GoffJa00,2023-11-12,DET,@,LAC,QB,MATCHED_CANONICAL_GAME,2023_10_DET_LAC,2023,10,REG,DET,LAC,away,date/team/opponent/location identity
852,Taylor Heinicke,HeinTa00,2023-11-12,ATL,@,ARI,QB,MATCHED_CANONICAL_GAME,2023_10_ATL_ARI,2023,10,REG,ATL,ARI,away,date/team/opponent/location identity
853,Justin Herbert,HerbJu00,2023-11-12,LAC,,DET,QB,MATCHED_CANONICAL_GAME,2023_10_DET_LAC,2023,10,REG,DET,LAC,home,date/team/opponent/location identity
854,Sam Howell,HoweSa00,2023-11-12,WAS,@,SEA,QB,MATCHED_CANONICAL_GAME,2023_10_WAS_SEA,2023,10,REG,WAS,SEA,away,date/team/opponent/location identity
855,Jalen Hurts,HurtJa00,2023-11-12,PHI,,BYE,QB,NON_GAME_BYE,,,,,,,,raw Stathead BYE evidence; no canonical game
856,Lamar Jackson,JackLa00,2023-11-12,BAL,,CLE,QB,MATCHED_CANONICAL_GAME,2023_10_CLE_BAL,2023,10,REG,CLE,BAL,home,date/team/opponent/location identity
857,Mac Jones,JoneMa05,2023-11-12,NWE,,IND,QB,MATCHED_CANONICAL_GAME,2023_10_IND_NE,2023,10,REG,IND,NE,home,date/team/opponent/location identity
858,Trevor Lawrence,LawrTr00,2023-11-12,JAX,,SFO,QB,MATCHED_CANONICAL_GAME,2023_10_SF_JAX,2023,10,REG,SF,JAX,home,date/team/opponent/location identity
859,Will Levis,LeviWi00,2023-11-12,TEN,@,TAM,QB,MATCHED_CANONICAL_GAME,2023_10_TEN_TB,2023,10,REG,TEN,TB,away,date/team/opponent/location identity
860,Jordan Love,LoveJo03,2023-11-12,GNB,@,PIT,QB,MATCHED_CANONICAL_GAME,2023_10_GB_PIT,2023,10,REG,GB,PIT,away,date/team/opponent/location identity
861,Patrick Mahomes,MahoPa00,2023-11-12,KAN,,BYE,QB,NON_GAME_BYE,,,,,,,,raw Stathead BYE evidence; no canonical game
862,Baker Mayfield,MayfBa00,2023-11-12,TAM,,TEN,QB,MATCHED_CANONICAL_GAME,2023_10_TEN_TB,2023,10,REG,TEN,TB,home,date/team/opponent/location identity
863,Gardner Minshew II,MinsGa00,2023-11-12,IND,@,NWE,QB,MATCHED_CANONICAL_GAME,2023_10_IND_NE,2023,10,REG,IND,NE,away,date/team/opponent/location identity
864,Kyler Murray,MurrKy00,2023-11-12,ARI,,ATL,QB,MATCHED_CANONICAL_GAME,2023_10_ATL_ARI,2023,10,REG,ATL,ARI,home,date/team/opponent/location identity
865,Aidan O'Connell,OConAi00,2023-11-12,LVR,,NYJ,QB,MATCHED_CANONICAL_GAME,2023_10_NYJ_LV,2023,10,REG,NYJ,LV,home,date/team/opponent/location identity
866,Kenny Pickett,PickKe00,2023-11-12,PIT,,GNB,QB,MATCHED_CANONICAL_GAME,2023_10_GB_PIT,2023,10,REG,GB,PIT,home,date/team/opponent/location identity
867,Dak Prescott,PresDa01,2023-11-12,DAL,,NYG,QB,MATCHED_CANONICAL_GAME,2023_10_NYG_DAL,2023,10,REG,NYG,DAL,home,date/team/opponent/location identity
868,Brock Purdy,PurdBr00,2023-11-12,SFO,@,JAX,QB,MATCHED_CANONICAL_GAME,2023_10_SF_JAX,2023,10,REG,SF,JAX,away,date/team/opponent/location identity
869,Geno Smith,SmitGe00,2023-11-12,SEA,,WAS,QB,MATCHED_CANONICAL_GAME,2023_10_WAS_SEA,2023,10,REG,WAS,SEA,home,date/team/opponent/location identity
870,Matthew Stafford,StafMa00,2023-11-12,LAR,,BYE,QB,NON_GAME_BYE,,,,,,,,raw Stathead BYE evidence; no canonical game
871,C.J. Stroud,StroCJ00,2023-11-12,HOU,@,CIN,QB,MATCHED_CANONICAL_GAME,2023_10_HOU_CIN,2023,10,REG,HOU,CIN,away,date/team/opponent/location identity
872,Tua Tagovailoa,TagoTu00,2023-11-12,MIA,,BYE,QB,NON_GAME_BYE,,,,,,,,raw Stathead BYE evidence; no canonical game
873,Deshaun Watson,WatsDe00,2023-11-12,CLE,@,BAL,QB,MATCHED_CANONICAL_GAME,2023_10_CLE_BAL,2023,10,REG,CLE,BAL,away,date/team/opponent/location identity
874,Zach Wilson,WilsZa00,2023-11-12,NYJ,@,LVR,QB,MATCHED_CANONICAL_GAME,2023_10_NYJ_LV,2023,10,REG,NYJ,LV,away,date/team/opponent/location identity
875,Russell Wilson,WilsRu00,2023-11-12,DEN,@,BUF,QB,UNMATCHED,,,,,,,,no canonical date/team/opponent identity match
876,Bryce Young,YounBr01,2023-11-12,CAR,@,CHI,QB,UNMATCHED,,,,,,,,no canonical date/team/opponent identity match
877,Josh Allen,AlleJo02,2023-11-05,BUF,@,NYJ,QB,UNMATCHED,,,,,,,,no canonical date/team/opponent identity match
878,Tyson Bagent,BageTy00,2023-11-05,CHI,@,NOR,QB,MATCHED_CANONICAL_GAME,2023_09_CHI_NO,2023,9,REG,CHI,NO,away,date/team/opponent/location identity
879,Joe Burrow,BurrJo01,2023-11-05,CIN,,BUF,QB,MATCHED_CANONICAL_GAME,2023_09_BUF_CIN,2023,9,REG,BUF,CIN,home,date/team/opponent/location identity
880,Derek Carr,CarrDe02,2023-11-05,NOR,,CHI,QB,MATCHED_CANONICAL_GAME,2023_09_CHI_NO,2023,9,REG,CHI,NO,home,date/team/opponent/location identity
881,Joshua Dobbs,DobbJo00,2023-11-05,MIN,@,ATL,QB,MATCHED_CANONICAL_GAME,2023_09_MIN_ATL,2023,9,REG,MIN,ATL,away,date/team/opponent/location identity
882,Daniel Jones,JoneDa05,2023-11-05,NYG,@,LVR,QB,MATCHED_CANONICAL_GAME,2023_09_NYG_LV,2023,9,REG,NYG,LV,away,date/team/opponent/location identity
883,Tommy DeVito,DeViTo00,2023-11-05,NYG,@,LVR,QB,MATCHED_CANONICAL_GAME,2023_09_NYG_LV,2023,9,REG,NYG,LV,away,date/team/opponent/location identity
884,Jared Goff,GoffJa00,2023-11-05,DET,,BYE,QB,NON_GAME_BYE,,,,,,,,raw Stathead BYE evidence; no canonical game
885,Taylor Heinicke,HeinTa00,2023-11-05,ATL,,MIN,QB,MATCHED_CANONICAL_GAME,2023_09_MIN_ATL,2023,9,REG,MIN,ATL,home,date/team/opponent/location identity
886,Justin Herbert,HerbJu00,2023-11-06,LAC,@,NYJ,QB,MATCHED_CANONICAL_GAME,2023_09_LAC_NYJ,2023,9,REG,LAC,NYJ,away,date/team/opponent/location identity
887,Sam Howell,HoweSa00,2023-11-05,WAS,@,NWE,QB,MATCHED_CANONICAL_GAME,2023_09_WAS_NE,2023,9,REG,WAS,NE,away,date/team/opponent/location identity
888,Jalen Hurts,HurtJa00,2023-11-05,PHI,,DAL,QB,MATCHED_CANONICAL_GAME,2023_09_DAL_PHI,2023,9,REG,DAL,PHI,home,date/team/opponent/location identity
889,Lamar Jackson,JackLa00,2023-11-05,BAL,,SEA,QB,MATCHED_CANONICAL_GAME,2023_09_SEA_BAL,2023,9,REG,SEA,BAL,home,date/team/opponent/location identity
890,Mac Jones,JoneMa05,2023-11-05,NWE,,WAS,QB,MATCHED_CANONICAL_GAME,2023_09_WAS_NE,2023,9,REG,WAS,NE,home,date/team/opponent/location identity
891,Trevor Lawrence,LawrTr00,2023-11-05,JAX,,BYE,QB,NON_GAME_BYE,,,,,,,,raw Stathead BYE evidence; no canonical game
892,Will Levis,LeviWi00,2023-11-02,TEN,@,PIT,QB,MATCHED_CANONICAL_GAME,2023_09_TEN_PIT,2023,9,REG,TEN,PIT,away,date/team/opponent/location identity
893,Jordan Love,LoveJo03,2023-11-05,GNB,,LAR,QB,MATCHED_CANONICAL_GAME,2023_09_LA_GB,2023,9,REG,LAR,GB,home,date/team/opponent/location identity
894,Patrick Mahomes,MahoPa00,2023-11-05,KAN,,MIA,QB,MATCHED_CANONICAL_GAME,2023_09_MIA_KC,2023,9,REG,MIA,KC,home,date/team/opponent/location identity
895,Baker Mayfield,MayfBa00,2023-11-05,TAM,@,HOU,QB,MATCHED_CANONICAL_GAME,2023_09_TB_HOU,2023,9,REG,TB,HOU,away,date/team/opponent/location identity
896,Gardner Minshew II,MinsGa00,2023-11-05,IND,@,CAR,QB,MATCHED_CANONICAL_GAME,2023_09_IND_CAR,2023,9,REG,IND,CAR,away,date/team/opponent/location identity
897,Clayton Tune,TuneCl00,2023-11-05,ARI,@,CLE,QB,MATCHED_CANONICAL_GAME,2023_09_ARI_CLE,2023,9,REG,ARI,CLE,away,date/team/opponent/location identity
898,Aidan O'Connell,OConAi00,2023-11-05,LVR,,NYG,QB,MATCHED_CANONICAL_GAME,2023_09_NYG_LV,2023,9,REG,NYG,LV,home,date/team/opponent/location identity
899,Kenny Pickett,PickKe00,2023-11-02,PIT,,TEN,QB,MATCHED_CANONICAL_GAME,2023_09_TEN_PIT,2023,9,REG,TEN,PIT,home,date/team/opponent/location identity
900,Dak Prescott,PresDa01,2023-11-05,DAL,@,PHI,QB,MATCHED_CANONICAL_GAME,2023_09_DAL_PHI,2023,9,REG,DAL,PHI,away,date/team/opponent/location identity
901,Brock Purdy,PurdBr00,2023-11-05,SFO,,BYE,QB,NON_GAME_BYE,,,,,,,,raw Stathead BYE evidence; no canonical game
902,Geno Smith,SmitGe00,2023-11-05,SEA,@,BAL,QB,MATCHED_CANONICAL_GAME,2023_09_SEA_BAL,2023,9,REG,SEA,BAL,away,date/team/opponent/location identity
903,Brett Rypien,RypiBr00,2023-11-05,LAR,@,GNB,QB,MATCHED_CANONICAL_GAME,2023_09_LA_GB,2023,9,REG,LAR,GB,away,date/team/opponent/location identity
904,C.J. Stroud,StroCJ00,2023-11-05,HOU,,TAM,QB,MATCHED_CANONICAL_GAME,2023_09_TB_HOU,2023,9,REG,TB,HOU,home,date/team/opponent/location identity
905,Tua Tagovailoa,TagoTu00,2023-11-05,MIA,@,KAN,QB,MATCHED_CANONICAL_GAME,2023_09_MIA_KC,2023,9,REG,MIA,KC,away,date/team/opponent/location identity
906,Deshaun Watson,WatsDe00,2023-11-05,CLE,,ARI,QB,MATCHED_CANONICAL_GAME,2023_09_ARI_CLE,2023,9,REG,ARI,CLE,home,date/team/opponent/location identity
907,Zach Wilson,WilsZa00,2023-11-06,NYJ,,LAC,QB,MATCHED_CANONICAL_GAME,2023_09_LAC_NYJ,2023,9,REG,LAC,NYJ,home,date/team/opponent/location identity
908,Russell Wilson,WilsRu00,2023-11-05,DEN,,BYE,QB,NON_GAME_BYE,,,,,,,,raw Stathead BYE evidence; no canonical game
909,Bryce Young,YounBr01,2023-11-05,CAR,,IND,QB,MATCHED_CANONICAL_GAME,2023_09_IND_CAR,2023,9,REG,IND,CAR,home,date/team/opponent/location identity
910,Josh Allen,AlleJo02,2023-10-26,BUF,,TAM,QB,MATCHED_CANONICAL_GAME,2023_08_TB_BUF,2023,8,REG,TB,BUF,home,date/team/opponent/location identity
911,Tyson Bagent,BageTy00,2023-10-29,CHI,@,LAC,QB,MATCHED_CANONICAL_GAME,2023_08_CHI_LAC,2023,8,REG,CHI,LAC,away,date/team/opponent/location identity
912,Joe Burrow,BurrJo01,2023-10-29,CIN,@,SFO,QB,MATCHED_CANONICAL_GAME,2023_08_CIN_SF,2023,8,REG,CIN,SF,away,date/team/opponent/location identity
913,Derek Carr,CarrDe02,2023-10-29,NOR,@,IND,QB,MATCHED_CANONICAL_GAME,2023_08_NO_IND,2023,8,REG,NO,IND,away,date/team/opponent/location identity
914,Kirk Cousins,CousKi00,2023-10-29,MIN,@,GNB,QB,MATCHED_CANONICAL_GAME,2023_08_MIN_GB,2023,8,REG,MIN,GB,away,date/team/opponent/location identity
915,Jaren Hall,HallJa00,2023-10-29,MIN,@,GNB,QB,MATCHED_CANONICAL_GAME,2023_08_MIN_GB,2023,8,REG,MIN,GB,away,date/team/opponent/location identity
916,Joshua Dobbs,DobbJo00,2023-10-29,ARI,,BAL,QB,MATCHED_CANONICAL_GAME,2023_08_BAL_ARI,2023,8,REG,BAL,ARI,home,date/team/opponent/location identity
917,Tyrod Taylor,TaylTy00,2023-10-29,NYG,,NYJ,QB,MATCHED_CANONICAL_GAME,2023_08_NYJ_NYG,2023,8,REG,NYJ,NYG,home,date/team/opponent/location identity
918,Tommy DeVito,DeViTo00,2023-10-29,NYG,,NYJ,QB,MATCHED_CANONICAL_GAME,2023_08_NYJ_NYG,2023,8,REG,NYJ,NYG,home,date/team/opponent/location identity
919,Jared Goff,GoffJa00,2023-10-30,DET,,LVR,QB,MATCHED_CANONICAL_GAME,2023_08_LV_DET,2023,8,REG,LV,DET,home,date/team/opponent/location identity
920,Desmond Ridder,RiddDe00,2023-10-29,ATL,@,TEN,QB,MATCHED_CANONICAL_GAME,2023_08_ATL_TEN,2023,8,REG,ATL,TEN,away,date/team/opponent/location identity
921,Taylor Heinicke,HeinTa00,2023-10-29,ATL,@,TEN,QB,MATCHED_CANONICAL_GAME,2023_08_ATL_TEN,2023,8,REG,ATL,TEN,away,date/team/opponent/location identity
922,Justin Herbert,HerbJu00,2023-10-29,LAC,,CHI,QB,MATCHED_CANONICAL_GAME,2023_08_CHI_LAC,2023,8,REG,CHI,LAC,home,date/team/opponent/location identity
923,Sam Howell,HoweSa00,2023-10-29,WAS,,PHI,QB,MATCHED_CANONICAL_GAME,2023_08_PHI_WAS,2023,8,REG,PHI,WAS,home,date/team/opponent/location identity
924,Jalen Hurts,HurtJa00,2023-10-29,PHI,@,WAS,QB,MATCHED_CANONICAL_GAME,2023_08_PHI_WAS,2023,8,REG,PHI,WAS,away,date/team/opponent/location identity
925,Lamar Jackson,JackLa00,2023-10-29,BAL,@,ARI,QB,MATCHED_CANONICAL_GAME,2023_08_BAL_ARI,2023,8,REG,BAL,ARI,away,date/team/opponent/location identity
926,Mac Jones,JoneMa05,2023-10-29,NWE,@,MIA,QB,MATCHED_CANONICAL_GAME,2023_08_NE_MIA,2023,8,REG,NE,MIA,away,date/team/opponent/location identity
927,Trevor Lawrence,LawrTr00,2023-10-29,JAX,@,PIT,QB,MATCHED_CANONICAL_GAME,2023_08_JAX_PIT,2023,8,REG,JAX,PIT,away,date/team/opponent/location identity
928,Will Levis,LeviWi00,2023-10-29,TEN,,ATL,QB,MATCHED_CANONICAL_GAME,2023_08_ATL_TEN,2023,8,REG,ATL,TEN,home,date/team/opponent/location identity
929,Jordan Love,LoveJo03,2023-10-29,GNB,,MIN,QB,MATCHED_CANONICAL_GAME,2023_08_MIN_GB,2023,8,REG,MIN,GB,home,date/team/opponent/location identity
930,Patrick Mahomes,MahoPa00,2023-10-29,KAN,@,DEN,QB,MATCHED_CANONICAL_GAME,2023_08_KC_DEN,2023,8,REG,KC,DEN,away,date/team/opponent/location identity
931,Baker Mayfield,MayfBa00,2023-10-26,TAM,@,BUF,QB,MATCHED_CANONICAL_GAME,2023_08_TB_BUF,2023,8,REG,TB,BUF,away,date/team/opponent/location identity
932,Gardner Minshew II,MinsGa00,2023-10-29,IND,,NOR,QB,MATCHED_CANONICAL_GAME,2023_08_NO_IND,2023,8,REG,NO,IND,home,date/team/opponent/location identity
933,Jimmy Garoppolo,GaroJi00,2023-10-30,LVR,@,DET,QB,MATCHED_CANONICAL_GAME,2023_08_LV_DET,2023,8,REG,LV,DET,away,date/team/opponent/location identity
934,Kenny Pickett,PickKe00,2023-10-29,PIT,,JAX,QB,MATCHED_CANONICAL_GAME,2023_08_JAX_PIT,2023,8,REG,JAX,PIT,home,date/team/opponent/location identity
935,Mitchell Trubisky,TrubMi00,2023-10-29,PIT,,JAX,QB,MATCHED_CANONICAL_GAME,2023_08_JAX_PIT,2023,8,REG,JAX,PIT,home,date/team/opponent/location identity
936,Dak Prescott,PresDa01,2023-10-29,DAL,,LAR,QB,MATCHED_CANONICAL_GAME,2023_08_LA_DAL,2023,8,REG,LAR,DAL,home,date/team/opponent/location identity
937,Brock Purdy,PurdBr00,2023-10-29,SFO,,CIN,QB,MATCHED_CANONICAL_GAME,2023_08_CIN_SF,2023,8,REG,CIN,SF,home,date/team/opponent/location identity
938,Geno Smith,SmitGe00,2023-10-29,SEA,,CLE,QB,MATCHED_CANONICAL_GAME,2023_08_CLE_SEA,2023,8,REG,CLE,SEA,home,date/team/opponent/location identity
939,Matthew Stafford,StafMa00,2023-10-29,LAR,@,DAL,QB,MATCHED_CANONICAL_GAME,2023_08_LA_DAL,2023,8,REG,LAR,DAL,away,date/team/opponent/location identity
940,Brett Rypien,RypiBr00,2023-10-29,LAR,@,DAL,QB,MATCHED_CANONICAL_GAME,2023_08_LA_DAL,2023,8,REG,LAR,DAL,away,date/team/opponent/location identity
941,C.J. Stroud,StroCJ00,2023-10-29,HOU,@,CAR,QB,MATCHED_CANONICAL_GAME,2023_08_HOU_CAR,2023,8,REG,HOU,CAR,away,date/team/opponent/location identity
942,Tua Tagovailoa,TagoTu00,2023-10-29,MIA,,NWE,QB,MATCHED_CANONICAL_GAME,2023_08_NE_MIA,2023,8,REG,NE,MIA,home,date/team/opponent/location identity
943,P.J. Walker,WalkPh00,2023-10-29,CLE,@,SEA,QB,MATCHED_CANONICAL_GAME,2023_08_CLE_SEA,2023,8,REG,CLE,SEA,away,date/team/opponent/location identity
944,Zach Wilson,WilsZa00,2023-10-29,NYJ,@,NYG,QB,MATCHED_CANONICAL_GAME,2023_08_NYJ_NYG,2023,8,REG,NYJ,NYG,away,date/team/opponent/location identity
945,Russell Wilson,WilsRu00,2023-10-29,DEN,,KAN,QB,MATCHED_CANONICAL_GAME,2023_08_KC_DEN,2023,8,REG,KC,DEN,home,date/team/opponent/location identity
946,Bryce Young,YounBr01,2023-10-29,CAR,,HOU,QB,MATCHED_CANONICAL_GAME,2023_08_HOU_CAR,2023,8,REG,HOU,CAR,home,date/team/opponent/location identity
947,Josh Allen,AlleJo02,2023-10-22,BUF,@,NWE,QB,MATCHED_CANONICAL_GAME,2023_07_BUF_NE,2023,7,REG,BUF,NE,away,date/team/opponent/location identity
948,Tyson Bagent,BageTy00,2023-10-22,CHI,,LVR,QB,MATCHED_CANONICAL_GAME,2023_07_LV_CHI,2023,7,REG,LV,CHI,home,date/team/opponent/location identity
949,Derek Carr,CarrDe02,2023-10-19,NOR,,JAX,QB,MATCHED_CANONICAL_GAME,2023_07_JAX_NO,2023,7,REG,JAX,NO,home,date/team/opponent/location identity
950,Kirk Cousins,CousKi00,2023-10-23,MIN,,SFO,QB,MATCHED_CANONICAL_GAME,2023_07_SF_MIN,2023,7,REG,SF,MIN,home,date/team/opponent/location identity
951,Joshua Dobbs,DobbJo00,2023-10-22,ARI,@,SEA,QB,MATCHED_CANONICAL_GAME,2023_07_ARI_SEA,2023,7,REG,ARI,SEA,away,date/team/opponent/location identity
952,Tyrod Taylor,TaylTy00,2023-10-22,NYG,,WAS,QB,MATCHED_CANONICAL_GAME,2023_07_WAS_NYG,2023,7,REG,WAS,NYG,home,date/team/opponent/location identity
953,Jared Goff,GoffJa00,2023-10-22,DET,@,BAL,QB,MATCHED_CANONICAL_GAME,2023_07_DET_BAL,2023,7,REG,DET,BAL,away,date/team/opponent/location identity
954,Desmond Ridder,RiddDe00,2023-10-22,ATL,@,TAM,QB,MATCHED_CANONICAL_GAME,2023_07_ATL_TB,2023,7,REG,ATL,TB,away,date/team/opponent/location identity
955,Justin Herbert,HerbJu00,2023-10-22,LAC,@,KAN,QB,MATCHED_CANONICAL_GAME,2023_07_LAC_KC,2023,7,REG,LAC,KC,away,date/team/opponent/location identity
956,Sam Howell,HoweSa00,2023-10-22,WAS,@,NYG,QB,MATCHED_CANONICAL_GAME,2023_07_WAS_NYG,2023,7,REG,WAS,NYG,away,date/team/opponent/location identity
957,Jalen Hurts,HurtJa00,2023-10-22,PHI,,MIA,QB,MATCHED_CANONICAL_GAME,2023_07_MIA_PHI,2023,7,REG,MIA,PHI,home,date/team/opponent/location identity
958,Lamar Jackson,JackLa00,2023-10-22,BAL,,DET,QB,MATCHED_CANONICAL_GAME,2023_07_DET_BAL,2023,7,REG,DET,BAL,home,date/team/opponent/location identity
959,Mac Jones,JoneMa05,2023-10-22,NWE,,BUF,QB,MATCHED_CANONICAL_GAME,2023_07_BUF_NE,2023,7,REG,BUF,NE,home,date/team/opponent/location identity
960,Trevor Lawrence,LawrTr00,2023-10-19,JAX,@,NOR,QB,MATCHED_CANONICAL_GAME,2023_07_JAX_NO,2023,7,REG,JAX,NO,away,date/team/opponent/location identity
961,Malik Willis,WillMa00,2023-10-22,TEN,,BYE,QB,NON_GAME_BYE,,,,,,,,raw Stathead BYE evidence; no canonical game
962,Jordan Love,LoveJo03,2023-10-22,GNB,@,DEN,QB,MATCHED_CANONICAL_GAME,2023_07_GB_DEN,2023,7,REG,GB,DEN,away,date/team/opponent/location identity
963,Patrick Mahomes,MahoPa00,2023-10-22,KAN,,LAC,QB,MATCHED_CANONICAL_GAME,2023_07_LAC_KC,2023,7,REG,LAC,KC,home,date/team/opponent/location identity
964,Baker Mayfield,MayfBa00,2023-10-22,TAM,,ATL,QB,MATCHED_CANONICAL_GAME,2023_07_ATL_TB,2023,7,REG,ATL,TB,home,date/team/opponent/location identity
965,Gardner Minshew II,MinsGa00,2023-10-22,IND,,CLE,QB,MATCHED_CANONICAL_GAME,2023_07_CLE_IND,2023,7,REG,CLE,IND,home,date/team/opponent/location identity
966,Aidan O'Connell,OConAi00,2023-10-22,LVR,@,CHI,QB,MATCHED_CANONICAL_GAME,2023_07_LV_CHI,2023,7,REG,LV,CHI,away,date/team/opponent/location identity
967,Hoyer Brian,HoyeBr00,2023-10-22,LVR,@,CHI,QB,MATCHED_CANONICAL_GAME,2023_07_LV_CHI,2023,7,REG,LV,CHI,away,date/team/opponent/location identity
968,Brock Purdy,PurdBr00,2023-10-23,SFO,@,MIN,QB,MATCHED_CANONICAL_GAME,2023_07_SF_MIN,2023,7,REG,SF,MIN,away,date/team/opponent/location identity
969,Geno Smith,SmitGe00,2023-10-22,SEA,,ARI,QB,MATCHED_CANONICAL_GAME,2023_07_ARI_SEA,2023,7,REG,ARI,SEA,home,date/team/opponent/location identity
970,Matthew Stafford,StafMa00,2023-10-22,LAR,,PIT,QB,MATCHED_CANONICAL_GAME,2023_07_PIT_LA,2023,7,REG,PIT,LAR,home,date/team/opponent/location identity
971,Jalen Hurts,HurtJa00,2023-10-15,PHI,@,NYJ,QB,MATCHED_CANONICAL_GAME,2023_06_PHI_NYJ,2023,6,REG,PHI,NYJ,away,date/team/opponent/location identity
972,Lamar Jackson,JackLa00,2023-10-15,BAL,@,TEN,QB,MATCHED_CANONICAL_GAME,2023_06_BAL_TEN,2023,6,REG,BAL,TEN,away,date/team/opponent/location identity
973,Mac Jones,JoneMa05,2023-10-15,NWE,@,LVR,QB,MATCHED_CANONICAL_GAME,2023_06_NE_LV,2023,6,REG,NE,LV,away,date/team/opponent/location identity
974,Trevor Lawrence,LawrTr00,2023-10-15,JAX,,IND,QB,MATCHED_CANONICAL_GAME,2023_06_IND_JAX,2023,6,REG,IND,JAX,home,date/team/opponent/location identity
975,Baker Mayfield,MayfBa00,2023-10-15,TAM,,DET,QB,MATCHED_CANONICAL_GAME,2023_06_DET_TB,2023,6,REG,DET,TB,home,date/team/opponent/location identity
976,Gardner Minshew II,MinsGa00,2023-10-15,IND,@,JAX,QB,MATCHED_CANONICAL_GAME,2023_06_IND_JAX,2023,6,REG,IND,JAX,away,date/team/opponent/location identity
977,Brock Purdy,PurdBr00,2023-10-15,SFO,@,CLE,QB,MATCHED_CANONICAL_GAME,2023_06_SF_CLE,2023,6,REG,SF,CLE,away,date/team/opponent/location identity
978,Desmond Ridder,RiddDe00,2023-10-15,ATL,,WAS,QB,MATCHED_CANONICAL_GAME,2023_06_WAS_ATL,2023,6,REG,WAS,ATL,home,date/team/opponent/location identity
979,Geno Smith,SmitGe00,2023-10-15,SEA,@,CIN,QB,MATCHED_CANONICAL_GAME,2023_06_SEA_CIN,2023,6,REG,SEA,CIN,away,date/team/opponent/location identity
980,Matthew Stafford,StafMa00,2023-10-15,LAR,,ARI,QB,MATCHED_CANONICAL_GAME,2023_06_ARI_LA,2023,6,REG,ARI,LAR,home,date/team/opponent/location identity
981,C.J. Stroud,StroCJ00,2023-10-15,HOU,,NOR,QB,MATCHED_CANONICAL_GAME,2023_06_NO_HOU,2023,6,REG,NO,HOU,home,date/team/opponent/location identity
982,Tua Tagovailoa,TagoTu00,2023-10-15,MIA,,CAR,QB,MATCHED_CANONICAL_GAME,2023_06_CAR_MIA,2023,6,REG,CAR,MIA,home,date/team/opponent/location identity
983,Ryan Tannehill,TannRy00,2023-10-15,TEN,,BAL,QB,MATCHED_CANONICAL_GAME,2023_06_BAL_TEN,2023,6,REG,BAL,TEN,home,date/team/opponent/location identity
984,Tyrod Taylor,TaylTy00,2023-10-15,NYG,@,BUF,QB,MATCHED_CANONICAL_GAME,2023_06_NYG_BUF,2023,6,REG,NYG,BUF,away,date/team/opponent/location identity
985,P.J. Walker,WalkPh00,2023-10-15,CLE,,SFO,QB,MATCHED_CANONICAL_GAME,2023_06_SF_CLE,2023,6,REG,SF,CLE,home,date/team/opponent/location identity
986,Zach Wilson,WilsZa00,2023-10-15,NYJ,,PHI,QB,MATCHED_CANONICAL_GAME,2023_06_PHI_NYJ,2023,6,REG,PHI,NYJ,home,date/team/opponent/location identity
987,Bryce Young,YounBr01,2023-10-15,CAR,@,MIA,QB,MATCHED_CANONICAL_GAME,2023_06_CAR_MIA,2023,6,REG,CAR,MIA,away,date/team/opponent/location identity
988,Patrick Mahomes,MahoPa00,2023-10-12,KAN,,DEN,QB,MATCHED_CANONICAL_GAME,2023_06_DEN_KC,2023,6,REG,DEN,KC,home,date/team/opponent/location identity
989,Russell Wilson,WilsRu00,2023-10-12,DEN,@,KAN,QB,MATCHED_CANONICAL_GAME,2023_06_DEN_KC,2023,6,REG,DEN,KC,away,date/team/opponent/location identity
990,Jimmy Garoppolo,GaroJi00,2023-10-09,LVR,,GNB,QB,MATCHED_CANONICAL_GAME,2023_05_GB_LV,2023,5,REG,GB,LV,home,date/team/opponent/location identity
991,Jordan Love,LoveJo03,2023-10-09,GNB,@,LVR,QB,MATCHED_CANONICAL_GAME,2023_05_GB_LV,2023,5,REG,GB,LV,away,date/team/opponent/location identity
992,Josh Allen,AlleJo02,2023-10-08,BUF,,JAX,QB,MATCHED_CANONICAL_GAME,2023_05_JAX_BUF,2023,5,REG,JAX,BUF,home,date/team/opponent/location identity
993,Joe Burrow,BurrJo01,2023-10-08,CIN,@,ARI,QB,MATCHED_CANONICAL_GAME,2023_05_CIN_ARI,2023,5,REG,CIN,ARI,away,date/team/opponent/location identity
994,Derek Carr,CarrDe02,2023-10-08,NOR,@,NWE,QB,MATCHED_CANONICAL_GAME,2023_05_NO_NE,2023,5,REG,NO,NE,away,date/team/opponent/location identity
995,Kirk Cousins,CousKi00,2023-10-08,MIN,,KAN,QB,MATCHED_CANONICAL_GAME,2023_05_KC_MIN,2023,5,REG,KC,MIN,home,date/team/opponent/location identity
996,Joshua Dobbs,DobbJo00,2023-10-08,ARI,,CIN,QB,MATCHED_CANONICAL_GAME,2023_05_CIN_ARI,2023,5,REG,CIN,ARI,home,date/team/opponent/location identity
997,Jared Goff,GoffJa00,2023-10-08,DET,,CAR,QB,MATCHED_CANONICAL_GAME,2023_05_CAR_DET,2023,5,REG,CAR,DET,home,date/team/opponent/location identity
998,Jalen Hurts,HurtJa00,2023-10-08,PHI,@,LAR,QB,MATCHED_CANONICAL_GAME,2023_05_PHI_LA,2023,5,REG,PHI,LAR,away,date/team/opponent/location identity
999,Lamar Jackson,JackLa00,2023-10-08,BAL,@,PIT,QB,MATCHED_CANONICAL_GAME,2023_05_BAL_PIT,2023,5,REG,BAL,PIT,away,date/team/opponent/location identity
1000,Daniel Jones,JoneDa05,2023-10-08,NYG,@,MIA,QB,MATCHED_CANONICAL_GAME,2023_05_NYG_MIA,2023,5,REG,NYG,MIA,away,date/team/opponent/location identity
1001,Mac Jones,JoneMa05,2023-10-08,NWE,,NOR,QB,MATCHED_CANONICAL_GAME,2023_05_NO_NE,2023,5,REG,NO,NE,home,date/team/opponent/location identity
1002,Trevor Lawrence,LawrTr00,2023-10-08,JAX,@,BUF,QB,MATCHED_CANONICAL_GAME,2023_05_JAX_BUF,2023,5,REG,JAX,BUF,away,date/team/opponent/location identity
1003,Patrick Mahomes,MahoPa00,2023-10-08,KAN,@,MIN,QB,MATCHED_CANONICAL_GAME,2023_05_KC_MIN,2023,5,REG,KC,MIN,away,date/team/opponent/location identity
1004,Kenny Pickett,PickKe00,2023-10-08,PIT,,BAL,QB,MATCHED_CANONICAL_GAME,2023_05_BAL_PIT,2023,5,REG,BAL,PIT,home,date/team/opponent/location identity
1005,Dak Prescott,PresDa01,2023-10-08,DAL,@,SFO,QB,MATCHED_CANONICAL_GAME,2023_05_DAL_SF,2023,5,REG,DAL,SF,away,date/team/opponent/location identity
1006,Brock Purdy,PurdBr00,2023-10-08,SFO,,DAL,QB,MATCHED_CANONICAL_GAME,2023_05_DAL_SF,2023,5,REG,DAL,SF,home,date/team/opponent/location identity
1007,Anthony Richardson,RichAn03,2023-10-08,IND,,TEN,QB,MATCHED_CANONICAL_GAME,2023_05_TEN_IND,2023,5,REG,TEN,IND,home,date/team/opponent/location identity
1008,Desmond Ridder,RiddDe00,2023-10-08,ATL,,HOU,QB,MATCHED_CANONICAL_GAME,2023_05_HOU_ATL,2023,5,REG,HOU,ATL,home,date/team/opponent/location identity
1009,Matthew Stafford,StafMa00,2023-10-08,LAR,,PHI,QB,MATCHED_CANONICAL_GAME,2023_05_PHI_LA,2023,5,REG,PHI,LAR,home,date/team/opponent/location identity
1010,C.J. Stroud,StroCJ00,2023-10-08,HOU,@,ATL,QB,MATCHED_CANONICAL_GAME,2023_05_HOU_ATL,2023,5,REG,HOU,ATL,away,date/team/opponent/location identity
1011,Tua Tagovailoa,TagoTu00,2023-10-08,MIA,,NYG,QB,MATCHED_CANONICAL_GAME,2023_05_NYG_MIA,2023,5,REG,NYG,MIA,home,date/team/opponent/location identity
1012,Ryan Tannehill,TannRy00,2023-10-08,TEN,@,IND,QB,MATCHED_CANONICAL_GAME,2023_05_TEN_IND,2023,5,REG,TEN,IND,away,date/team/opponent/location identity
1013,Russell Wilson,WilsRu00,2023-10-08,DEN,,NYJ,QB,MATCHED_CANONICAL_GAME,2023_05_NYJ_DEN,2023,5,REG,NYJ,DEN,home,date/team/opponent/location identity
1014,Zach Wilson,WilsZa00,2023-10-08,NYJ,@,DEN,QB,MATCHED_CANONICAL_GAME,2023_05_NYJ_DEN,2023,5,REG,NYJ,DEN,away,date/team/opponent/location identity
1015,Bryce Young,YounBr01,2023-10-08,CAR,@,DET,QB,MATCHED_CANONICAL_GAME,2023_05_CAR_DET,2023,5,REG,CAR,DET,away,date/team/opponent/location identity
1016,Justin Fields,FielJu00,2023-10-05,CHI,@,WAS,QB,MATCHED_CANONICAL_GAME,2023_05_CHI_WAS,2023,5,REG,CHI,WAS,away,date/team/opponent/location identity
1017,Sam Howell,HoweSa00,2023-10-05,WAS,,CHI,QB,MATCHED_CANONICAL_GAME,2023_05_CHI_WAS,2023,5,REG,CHI,WAS,home,date/team/opponent/location identity
1018,Daniel Jones,JoneDa05,2023-10-02,NYG,,SEA,QB,MATCHED_CANONICAL_GAME,2023_04_SEA_NYG,2023,4,REG,SEA,NYG,home,date/team/opponent/location identity
1019,Geno Smith,SmitGe00,2023-10-02,SEA,@,NYG,QB,MATCHED_CANONICAL_GAME,2023_04_SEA_NYG,2023,4,REG,SEA,NYG,away,date/team/opponent/location identity
1020,Josh Allen,AlleJo02,2023-10-01,BUF,,MIA,QB,MATCHED_CANONICAL_GAME,2023_04_MIA_BUF,2023,4,REG,MIA,BUF,home,date/team/opponent/location identity
1021,Joe Burrow,BurrJo01,2023-10-01,CIN,@,TEN,QB,MATCHED_CANONICAL_GAME,2023_04_CIN_TEN,2023,4,REG,CIN,TEN,away,date/team/opponent/location identity
1022,Derek Carr,CarrDe02,2023-10-01,NOR,,TAM,QB,MATCHED_CANONICAL_GAME,2023_04_TB_NO,2023,4,REG,TB,NO,home,date/team/opponent/location identity
1023,Kirk Cousins,CousKi00,2023-10-01,MIN,@,CAR,QB,MATCHED_CANONICAL_GAME,2023_04_MIN_CAR,2023,4,REG,MIN,CAR,away,date/team/opponent/location identity
1024,Joshua Dobbs,DobbJo00,2023-10-01,ARI,@,SFO,QB,MATCHED_CANONICAL_GAME,2023_04_ARI_SF,2023,4,REG,ARI,SF,away,date/team/opponent/location identity
1025,Justin Fields,FielJu00,2023-10-01,CHI,,DEN,QB,MATCHED_CANONICAL_GAME,2023_04_DEN_CHI,2023,4,REG,DEN,CHI,home,date/team/opponent/location identity
1026,Justin Herbert,HerbJu00,2023-10-01,LAC,,LVR,QB,MATCHED_CANONICAL_GAME,2023_04_LV_LAC,2023,4,REG,LV,LAC,home,date/team/opponent/location identity
1027,Taysom Hill,HillTa00,2023-10-01,NOR,,TAM,TE/QB,MATCHED_CANONICAL_GAME,2023_04_TB_NO,2023,4,REG,TB,NO,home,date/team/opponent/location identity
1028,Sam Howell,HoweSa00,2023-10-01,WAS,@,PHI,QB,MATCHED_CANONICAL_GAME,2023_04_WAS_PHI,2023,4,REG,WAS,PHI,away,date/team/opponent/location identity
1029,Jalen Hurts,HurtJa00,2023-10-01,PHI,,WAS,QB,MATCHED_CANONICAL_GAME,2023_04_WAS_PHI,2023,4,REG,WAS,PHI,home,date/team/opponent/location identity
1030,Lamar Jackson,JackLa00,2023-10-01,BAL,@,CLE,QB,MATCHED_CANONICAL_GAME,2023_04_BAL_CLE,2023,4,REG,BAL,CLE,away,date/team/opponent/location identity
1031,Mac Jones,JoneMa05,2023-10-01,NWE,@,DAL,QB,MATCHED_CANONICAL_GAME,2023_04_NE_DAL,2023,4,REG,NE,DAL,away,date/team/opponent/location identity
1032,Trevor Lawrence,LawrTr00,2023-10-01,JAX,,ATL,QB,MATCHED_CANONICAL_GAME,2023_04_ATL_JAX,2023,4,REG,ATL,JAX,home,date/team/opponent/location identity
1033,Patrick Mahomes,MahoPa00,2023-10-01,KAN,@,NYJ,QB,MATCHED_CANONICAL_GAME,2023_04_KC_NYJ,2023,4,REG,KC,NYJ,away,date/team/opponent/location identity
1034,Baker Mayfield,MayfBa00,2023-10-01,TAM,@,NOR,QB,MATCHED_CANONICAL_GAME,2023_04_TB_NO,2023,4,REG,TB,NO,away,date/team/opponent/location identity
1035,Aidan O'Connell,OConAi00,2023-10-01,LVR,@,LAC,QB,MATCHED_CANONICAL_GAME,2023_04_LV_LAC,2023,4,REG,LV,LAC,away,date/team/opponent/location identity
1036,Kenny Pickett,PickKe00,2023-10-01,PIT,@,HOU,QB,MATCHED_CANONICAL_GAME,2023_04_PIT_HOU,2023,4,REG,PIT,HOU,away,date/team/opponent/location identity
1037,Dak Prescott,PresDa01,2023-10-01,DAL,,NWE,QB,MATCHED_CANONICAL_GAME,2023_04_NE_DAL,2023,4,REG,NE,DAL,home,date/team/opponent/location identity
1038,Brock Purdy,PurdBr00,2023-10-01,SFO,,ARI,QB,MATCHED_CANONICAL_GAME,2023_04_ARI_SF,2023,4,REG,ARI,SF,home,date/team/opponent/location identity
1039,Anthony Richardson,RichAn03,2023-10-01,IND,,LAR,QB,MATCHED_CANONICAL_GAME,2023_04_LA_IND,2023,4,REG,LAR,IND,home,date/team/opponent/location identity
1040,Desmond Ridder,RiddDe00,2023-10-01,ATL,@,JAX,QB,MATCHED_CANONICAL_GAME,2023_04_ATL_JAX,2023,4,REG,ATL,JAX,away,date/team/opponent/location identity
1041,Matthew Stafford,StafMa00,2023-10-01,LAR,@,IND,QB,MATCHED_CANONICAL_GAME,2023_04_LA_IND,2023,4,REG,LAR,IND,away,date/team/opponent/location identity
1042,C.J. Stroud,StroCJ00,2023-10-01,HOU,,PIT,QB,MATCHED_CANONICAL_GAME,2023_04_PIT_HOU,2023,4,REG,PIT,HOU,home,date/team/opponent/location identity
1043,Tua Tagovailoa,TagoTu00,2023-10-01,MIA,@,BUF,QB,MATCHED_CANONICAL_GAME,2023_04_MIA_BUF,2023,4,REG,MIA,BUF,away,date/team/opponent/location identity
1044,Ryan Tannehill,TannRy00,2023-10-01,TEN,,CIN,QB,MATCHED_CANONICAL_GAME,2023_04_CIN_TEN,2023,4,REG,CIN,TEN,home,date/team/opponent/location identity
1045,Dorian Thompson-Robinson,ThomDo02,2023-10-01,CLE,,BAL,QB,MATCHED_CANONICAL_GAME,2023_04_BAL_CLE,2023,4,REG,BAL,CLE,home,date/team/opponent/location identity
1046,Russell Wilson,WilsRu00,2023-10-01,DEN,@,CHI,QB,MATCHED_CANONICAL_GAME,2023_04_DEN_CHI,2023,4,REG,DEN,CHI,away,date/team/opponent/location identity
1047,Zach Wilson,WilsZa00,2023-10-01,NYJ,,KAN,QB,MATCHED_CANONICAL_GAME,2023_04_KC_NYJ,2023,4,REG,KC,NYJ,home,date/team/opponent/location identity
1048,Bryce Young,YounBr01,2023-10-01,CAR,,MIN,QB,MATCHED_CANONICAL_GAME,2023_04_MIN_CAR,2023,4,REG,MIN,CAR,home,date/team/opponent/location identity
1049,Jared Goff,GoffJa00,2023-09-28,DET,@,GNB,QB,MATCHED_CANONICAL_GAME,2023_04_DET_GB,2023,4,REG,DET,GB,away,date/team/opponent/location identity
1050,Jordan Love,LoveJo03,2023-09-28,GNB,,DET,QB,MATCHED_CANONICAL_GAME,2023_04_DET_GB,2023,4,REG,DET,GB,home,date/team/opponent/location identity
1051,Joe Burrow,BurrJo01,2023-09-25,CIN,,LAR,QB,MATCHED_CANONICAL_GAME,2023_03_LA_CIN,2023,3,REG,LAR,CIN,home,date/team/opponent/location identity
1052,Jalen Hurts,HurtJa00,2023-09-25,PHI,@,TAM,QB,MATCHED_CANONICAL_GAME,2023_03_PHI_TB,2023,3,REG,PHI,TB,away,date/team/opponent/location identity
1053,Baker Mayfield,MayfBa00,2023-09-25,TAM,,PHI,QB,MATCHED_CANONICAL_GAME,2023_03_PHI_TB,2023,3,REG,PHI,TB,home,date/team/opponent/location identity
1054,Matthew Stafford,StafMa00,2023-09-25,LAR,@,CIN,QB,MATCHED_CANONICAL_GAME,2023_03_LA_CIN,2023,3,REG,LAR,CIN,away,date/team/opponent/location identity
1055,Josh Allen,AlleJo02,2023-09-24,BUF,@,WAS,QB,MATCHED_CANONICAL_GAME,2023_03_BUF_WAS,2023,3,REG,BUF,WAS,away,date/team/opponent/location identity
1056,Derek Carr,CarrDe02,2023-09-24,NOR,@,GNB,QB,MATCHED_CANONICAL_GAME,2023_03_NO_GB,2023,3,REG,NO,GB,away,date/team/opponent/location identity
1057,Kirk Cousins,CousKi00,2023-09-24,MIN,,LAC,QB,MATCHED_CANONICAL_GAME,2023_03_LAC_MIN,2023,3,REG,LAC,MIN,home,date/team/opponent/location identity
1058,Andy Dalton,DaltAn00,2023-09-24,CAR,@,SEA,QB,MATCHED_CANONICAL_GAME,2023_03_CAR_SEA,2023,3,REG,CAR,SEA,away,date/team/opponent/location identity
1059,Joshua Dobbs,DobbJo00,2023-09-24,ARI,,DAL,QB,MATCHED_CANONICAL_GAME,2023_03_DAL_ARI,2023,3,REG,DAL,ARI,home,date/team/opponent/location identity
1060,Justin Fields,FielJu00,2023-09-24,CHI,@,KAN,QB,MATCHED_CANONICAL_GAME,2023_03_CHI_KC,2023,3,REG,CHI,KC,away,date/team/opponent/location identity
1061,Jimmy Garoppolo,GaroJi00,2023-09-24,LVR,,PIT,QB,MATCHED_CANONICAL_GAME,2023_03_PIT_LV,2023,3,REG,PIT,LV,home,date/team/opponent/location identity
1062,Jared Goff,GoffJa00,2023-09-24,DET,,ATL,QB,MATCHED_CANONICAL_GAME,2023_03_ATL_DET,2023,3,REG,ATL,DET,home,date/team/opponent/location identity
1063,Justin Herbert,HerbJu00,2023-09-24,LAC,@,MIN,QB,MATCHED_CANONICAL_GAME,2023_03_LAC_MIN,2023,3,REG,LAC,MIN,away,date/team/opponent/location identity
1064,Sam Howell,HoweSa00,2023-09-24,WAS,,BUF,QB,MATCHED_CANONICAL_GAME,2023_03_BUF_WAS,2023,3,REG,BUF,WAS,home,date/team/opponent/location identity
1065,Lamar Jackson,JackLa00,2023-09-24,BAL,,IND,QB,MATCHED_CANONICAL_GAME,2023_03_IND_BAL,2023,3,REG,IND,BAL,home,date/team/opponent/location identity
1066,Mac Jones,JoneMa05,2023-09-24,NWE,@,NYJ,QB,MATCHED_CANONICAL_GAME,2023_03_NE_NYJ,2023,3,REG,NE,NYJ,away,date/team/opponent/location identity
1067,Trevor Lawrence,LawrTr00,2023-09-24,JAX,,HOU,QB,MATCHED_CANONICAL_GAME,2023_03_HOU_JAX,2023,3,REG,HOU,JAX,home,date/team/opponent/location identity
1068,Jordan Love,LoveJo03,2023-09-24,GNB,,NOR,QB,MATCHED_CANONICAL_GAME,2023_03_NO_GB,2023,3,REG,NO,GB,home,date/team/opponent/location identity
1069,Patrick Mahomes,MahoPa00,2023-09-24,KAN,,CHI,QB,MATCHED_CANONICAL_GAME,2023_03_CHI_KC,2023,3,REG,CHI,KC,home,date/team/opponent/location identity
1070,Gardner Minshew II,MinsGa00,2023-09-24,IND,@,BAL,QB,MATCHED_CANONICAL_GAME,2023_03_IND_BAL,2023,3,REG,IND,BAL,away,date/team/opponent/location identity
1071,Kenny Pickett,PickKe00,2023-09-24,PIT,@,LVR,QB,MATCHED_CANONICAL_GAME,2023_03_PIT_LV,2023,3,REG,PIT,LV,away,date/team/opponent/location identity
1072,Dak Prescott,PresDa01,2023-09-24,DAL,@,ARI,QB,MATCHED_CANONICAL_GAME,2023_03_DAL_ARI,2023,3,REG,DAL,ARI,away,date/team/opponent/location identity
1073,Desmond Ridder,RiddDe00,2023-09-24,ATL,@,DET,QB,MATCHED_CANONICAL_GAME,2023_03_ATL_DET,2023,3,REG,ATL,DET,away,date/team/opponent/location identity
1074,Geno Smith,SmitGe00,2023-09-24,SEA,,CAR,QB,MATCHED_CANONICAL_GAME,2023_03_CAR_SEA,2023,3,REG,CAR,SEA,home,date/team/opponent/location identity
1075,C.J. Stroud,StroCJ00,2023-09-24,HOU,@,JAX,QB,MATCHED_CANONICAL_GAME,2023_03_HOU_JAX,2023,3,REG,HOU,JAX,away,date/team/opponent/location identity
1076,Tua Tagovailoa,TagoTu00,2023-09-24,MIA,,DEN,QB,MATCHED_CANONICAL_GAME,2023_03_DEN_MIA,2023,3,REG,DEN,MIA,home,date/team/opponent/location identity
1077,Ryan Tannehill,TannRy00,2023-09-24,TEN,@,CLE,QB,MATCHED_CANONICAL_GAME,2023_03_TEN_CLE,2023,3,REG,TEN,CLE,away,date/team/opponent/location identity
1078,Deshaun Watson,WatsDe00,2023-09-24,CLE,,TEN,QB,MATCHED_CANONICAL_GAME,2023_03_TEN_CLE,2023,3,REG,TEN,CLE,home,date/team/opponent/location identity
1079,Russell Wilson,WilsRu00,2023-09-24,DEN,@,MIA,QB,MATCHED_CANONICAL_GAME,2023_03_DEN_MIA,2023,3,REG,DEN,MIA,away,date/team/opponent/location identity
1080,Zach Wilson,WilsZa00,2023-09-24,NYJ,,NWE,QB,MATCHED_CANONICAL_GAME,2023_03_NE_NYJ,2023,3,REG,NE,NYJ,home,date/team/opponent/location identity
1081,Daniel Jones,JoneDa05,2023-09-21,NYG,@,SFO,QB,MATCHED_CANONICAL_GAME,2023_03_NYG_SF,2023,3,REG,NYG,SF,away,date/team/opponent/location identity
1082,Brock Purdy,PurdBr00,2023-09-21,SFO,,NYG,QB,MATCHED_CANONICAL_GAME,2023_03_NYG_SF,2023,3,REG,NYG,SF,home,date/team/opponent/location identity
1083,Derek Carr,CarrDe02,2023-09-18,NOR,@,CAR,QB,MATCHED_CANONICAL_GAME,2023_02_NO_CAR,2023,2,REG,NO,CAR,away,date/team/opponent/location identity
1084,Taysom Hill,HillTa00,2023-09-18,NOR,@,CAR,TE/QB,MATCHED_CANONICAL_GAME,2023_02_NO_CAR,2023,2,REG,NO,CAR,away,date/team/opponent/location identity
1085,Kenny Pickett,PickKe00,2023-09-18,PIT,,CLE,QB,MATCHED_CANONICAL_GAME,2023_02_CLE_PIT,2023,2,REG,CLE,PIT,home,date/team/opponent/location identity
1086,Deshaun Watson,WatsDe00,2023-09-18,CLE,@,PIT,QB,MATCHED_CANONICAL_GAME,2023_02_CLE_PIT,2023,2,REG,CLE,PIT,away,date/team/opponent/location identity
1087,Bryce Young,YounBr01,2023-09-18,CAR,,NOR,QB,MATCHED_CANONICAL_GAME,2023_02_NO_CAR,2023,2,REG,NO,CAR,home,date/team/opponent/location identity
1088,Josh Allen,AlleJo02,2023-09-17,BUF,,LVR,QB,MATCHED_CANONICAL_GAME,2023_02_LV_BUF,2023,2,REG,LV,BUF,home,date/team/opponent/location identity
1089,Joe Burrow,BurrJo01,2023-09-17,CIN,,BAL,QB,MATCHED_CANONICAL_GAME,2023_02_BAL_CIN,2023,2,REG,BAL,CIN,home,date/team/opponent/location identity
1090,Joshua Dobbs,DobbJo00,2023-09-17,ARI,,NYG,QB,MATCHED_CANONICAL_GAME,2023_02_NYG_ARI,2023,2,REG,NYG,ARI,home,date/team/opponent/location identity
1091,Justin Fields,FielJu00,2023-09-17,CHI,@,TAM,QB,MATCHED_CANONICAL_GAME,2023_02_CHI_TB,2023,2,REG,CHI,TB,away,date/team/opponent/location identity
1092,Jimmy Garoppolo,GaroJi00,2023-09-17,LVR,@,BUF,QB,MATCHED_CANONICAL_GAME,2023_02_LV_BUF,2023,2,REG,LV,BUF,away,date/team/opponent/location identity
1093,Jared Goff,GoffJa00,2023-09-17,DET,,SEA,QB,MATCHED_CANONICAL_GAME,2023_02_SEA_DET,2023,2,REG,SEA,DET,home,date/team/opponent/location identity
1094,Justin Herbert,HerbJu00,2023-09-17,LAC,@,TEN,QB,MATCHED_CANONICAL_GAME,2023_02_LAC_TEN,2023,2,REG,LAC,TEN,away,date/team/opponent/location identity
1095,Sam Howell,HoweSa00,2023-09-17,WAS,@,DEN,QB,MATCHED_CANONICAL_GAME,2023_02_WAS_DEN,2023,2,REG,WAS,DEN,away,date/team/opponent/location identity
1096,Lamar Jackson,JackLa00,2023-09-17,BAL,@,CIN,QB,MATCHED_CANONICAL_GAME,2023_02_BAL_CIN,2023,2,REG,BAL,CIN,away,date/team/opponent/location identity
1097,Daniel Jones,JoneDa05,2023-09-17,NYG,@,ARI,QB,MATCHED_CANONICAL_GAME,2023_02_NYG_ARI,2023,2,REG,NYG,ARI,away,date/team/opponent/location identity
1098,Mac Jones,JoneMa05,2023-09-17,NWE,,MIA,QB,MATCHED_CANONICAL_GAME,2023_02_MIA_NE,2023,2,REG,MIA,NE,home,date/team/opponent/location identity
1099,Trevor Lawrence,LawrTr00,2023-09-17,JAX,,KAN,QB,MATCHED_CANONICAL_GAME,2023_02_KC_JAX,2023,2,REG,KC,JAX,home,date/team/opponent/location identity
1100,Jordan Love,LoveJo03,2023-09-17,GNB,@,ATL,QB,MATCHED_CANONICAL_GAME,2023_02_GB_ATL,2023,2,REG,GB,ATL,away,date/team/opponent/location identity
1101,Patrick Mahomes,MahoPa00,2023-09-17,KAN,@,JAX,QB,MATCHED_CANONICAL_GAME,2023_02_KC_JAX,2023,2,REG,KC,JAX,away,date/team/opponent/location identity
1102,Baker Mayfield,MayfBa00,2023-09-17,TAM,,CHI,QB,MATCHED_CANONICAL_GAME,2023_02_CHI_TB,2023,2,REG,CHI,TB,home,date/team/opponent/location identity
1103,Dak Prescott,PresDa01,2023-09-17,DAL,,NYJ,QB,MATCHED_CANONICAL_GAME,2023_02_NYJ_DAL,2023,2,REG,NYJ,DAL,home,date/team/opponent/location identity
1104,Brock Purdy,PurdBr00,2023-09-17,SFO,@,LAR,QB,MATCHED_CANONICAL_GAME,2023_02_SF_LA,2023,2,REG,SF,LAR,away,date/team/opponent/location identity
1105,Anthony Richardson,RichAn03,2023-09-17,IND,@,HOU,QB,MATCHED_CANONICAL_GAME,2023_02_IND_HOU,2023,2,REG,IND,HOU,away,date/team/opponent/location identity
1106,Desmond Ridder,RiddDe00,2023-09-17,ATL,,GNB,QB,MATCHED_CANONICAL_GAME,2023_02_GB_ATL,2023,2,REG,GB,ATL,home,date/team/opponent/location identity
1107,Geno Smith,SmitGe00,2023-09-17,SEA,@,DET,QB,MATCHED_CANONICAL_GAME,2023_02_SEA_DET,2023,2,REG,SEA,DET,away,date/team/opponent/location identity
1108,Matthew Stafford,StafMa00,2023-09-17,LAR,,SFO,QB,MATCHED_CANONICAL_GAME,2023_02_SF_LA,2023,2,REG,SF,LAR,home,date/team/opponent/location identity
1109,C.J. Stroud,StroCJ00,2023-09-17,HOU,,IND,QB,MATCHED_CANONICAL_GAME,2023_02_IND_HOU,2023,2,REG,IND,HOU,home,date/team/opponent/location identity
1110,Tua Tagovailoa,TagoTu00,2023-09-17,MIA,@,NWE,QB,MATCHED_CANONICAL_GAME,2023_02_MIA_NE,2023,2,REG,MIA,NE,away,date/team/opponent/location identity
1111,Ryan Tannehill,TannRy00,2023-09-17,TEN,,LAC,QB,MATCHED_CANONICAL_GAME,2023_02_LAC_TEN,2023,2,REG,LAC,TEN,home,date/team/opponent/location identity
1112,Russell Wilson,WilsRu00,2023-09-17,DEN,,WAS,QB,MATCHED_CANONICAL_GAME,2023_02_WAS_DEN,2023,2,REG,WAS,DEN,home,date/team/opponent/location identity
1113,Zach Wilson,WilsZa00,2023-09-17,NYJ,@,DAL,QB,MATCHED_CANONICAL_GAME,2023_02_NYJ_DAL,2023,2,REG,NYJ,DAL,away,date/team/opponent/location identity
1114,Kirk Cousins,CousKi00,2023-09-14,MIN,@,PHI,QB,MATCHED_CANONICAL_GAME,2023_02_MIN_PHI,2023,2,REG,MIN,PHI,away,date/team/opponent/location identity
1115,Jalen Hurts,HurtJa00,2023-09-14,PHI,,MIN,QB,MATCHED_CANONICAL_GAME,2023_02_MIN_PHI,2023,2,REG,MIN,PHI,home,date/team/opponent/location identity
1116,Josh Allen,AlleJo02,2023-09-11,BUF,@,NYJ,QB,MATCHED_CANONICAL_GAME,2023_01_BUF_NYJ,2023,1,REG,BUF,NYJ,away,date/team/opponent/location identity
1117,Aaron Rodgers,RodgAa00,2023-09-11,NYJ,,BUF,QB,MATCHED_CANONICAL_GAME,2023_01_BUF_NYJ,2023,1,REG,BUF,NYJ,home,date/team/opponent/location identity
1118,Joe Burrow,BurrJo01,2023-09-10,CIN,@,CLE,QB,MATCHED_CANONICAL_GAME,2023_01_CIN_CLE,2023,1,REG,CIN,CLE,away,date/team/opponent/location identity
1119,Derek Carr,CarrDe02,2023-09-10,NOR,,TEN,QB,MATCHED_CANONICAL_GAME,2023_01_TEN_NO,2023,1,REG,TEN,NO,home,date/team/opponent/location identity
1120,Kirk Cousins,CousKi00,2023-09-10,MIN,,TAM,QB,MATCHED_CANONICAL_GAME,2023_01_TB_MIN,2023,1,REG,TB,MIN,home,date/team/opponent/location identity
1121,Joshua Dobbs,DobbJo00,2023-09-10,ARI,@,WAS,QB,MATCHED_CANONICAL_GAME,2023_01_ARI_WAS,2023,1,REG,ARI,WAS,away,date/team/opponent/location identity
1122,Justin Fields,FielJu00,2023-09-10,CHI,,GNB,QB,MATCHED_CANONICAL_GAME,2023_01_GB_CHI,2023,1,REG,GB,CHI,home,date/team/opponent/location identity
1123,Jimmy Garoppolo,GaroJi00,2023-09-10,LVR,@,DEN,QB,MATCHED_CANONICAL_GAME,2023_01_LV_DEN,2023,1,REG,LV,DEN,away,date/team/opponent/location identity
1124,Justin Herbert,HerbJu00,2023-09-10,LAC,,MIA,QB,MATCHED_CANONICAL_GAME,2023_01_MIA_LAC,2023,1,REG,MIA,LAC,home,date/team/opponent/location identity
1125,Sam Howell,HoweSa00,2023-09-10,WAS,,ARI,QB,MATCHED_CANONICAL_GAME,2023_01_ARI_WAS,2023,1,REG,ARI,WAS,home,date/team/opponent/location identity
1126,Jalen Hurts,HurtJa00,2023-09-10,PHI,@,NWE,QB,MATCHED_CANONICAL_GAME,2023_01_PHI_NE,2023,1,REG,PHI,NE,away,date/team/opponent/location identity
1127,Lamar Jackson,JackLa00,2023-09-10,BAL,,HOU,QB,MATCHED_CANONICAL_GAME,2023_01_HOU_BAL,2023,1,REG,HOU,BAL,home,date/team/opponent/location identity
1128,Daniel Jones,JoneDa05,2023-09-10,NYG,,DAL,QB,MATCHED_CANONICAL_GAME,2023_01_DAL_NYG,2023,1,REG,DAL,NYG,home,date/team/opponent/location identity
1129,Mac Jones,JoneMa05,2023-09-10,NWE,,PHI,QB,MATCHED_CANONICAL_GAME,2023_01_PHI_NE,2023,1,REG,PHI,NE,home,date/team/opponent/location identity
1130,Trevor Lawrence,LawrTr00,2023-09-10,JAX,@,IND,QB,MATCHED_CANONICAL_GAME,2023_01_JAX_IND,2023,1,REG,JAX,IND,away,date/team/opponent/location identity
1131,Jordan Love,LoveJo03,2023-09-10,GNB,@,CHI,QB,MATCHED_CANONICAL_GAME,2023_01_GB_CHI,2023,1,REG,GB,CHI,away,date/team/opponent/location identity
1132,Baker Mayfield,MayfBa00,2023-09-10,TAM,@,MIN,QB,MATCHED_CANONICAL_GAME,2023_01_TB_MIN,2023,1,REG,TB,MIN,away,date/team/opponent/location identity
1133,Kenny Pickett,PickKe00,2023-09-10,PIT,,SFO,QB,MATCHED_CANONICAL_GAME,2023_01_SF_PIT,2023,1,REG,SF,PIT,home,date/team/opponent/location identity
1134,Dak Prescott,PresDa01,2023-09-10,DAL,@,NYG,QB,MATCHED_CANONICAL_GAME,2023_01_DAL_NYG,2023,1,REG,DAL,NYG,away,date/team/opponent/location identity
1135,Brock Purdy,PurdBr00,2023-09-10,SFO,@,PIT,QB,MATCHED_CANONICAL_GAME,2023_01_SF_PIT,2023,1,REG,SF,PIT,away,date/team/opponent/location identity
1136,Anthony Richardson,RichAn03,2023-09-10,IND,,JAX,QB,MATCHED_CANONICAL_GAME,2023_01_JAX_IND,2023,1,REG,JAX,IND,home,date/team/opponent/location identity
1137,Desmond Ridder,RiddDe00,2023-09-10,ATL,,CAR,QB,MATCHED_CANONICAL_GAME,2023_01_CAR_ATL,2023,1,REG,CAR,ATL,home,date/team/opponent/location identity
1138,Geno Smith,SmitGe00,2023-09-10,SEA,,LAR,QB,MATCHED_CANONICAL_GAME,2023_01_LA_SEA,2023,1,REG,LAR,SEA,home,date/team/opponent/location identity
1139,Matthew Stafford,StafMa00,2023-09-10,LAR,@,SEA,QB,MATCHED_CANONICAL_GAME,2023_01_LA_SEA,2023,1,REG,LAR,SEA,away,date/team/opponent/location identity
1140,C.J. Stroud,StroCJ00,2023-09-10,HOU,@,BAL,QB,MATCHED_CANONICAL_GAME,2023_01_HOU_BAL,2023,1,REG,HOU,BAL,away,date/team/opponent/location identity
1141,Tua Tagovailoa,TagoTu00,2023-09-10,MIA,@,LAC,QB,MATCHED_CANONICAL_GAME,2023_01_MIA_LAC,2023,1,REG,MIA,LAC,away,date/team/opponent/location identity
1142,Ryan Tannehill,TannRy00,2023-09-10,TEN,@,NOR,QB,MATCHED_CANONICAL_GAME,2023_01_TEN_NO,2023,1,REG,TEN,NO,away,date/team/opponent/location identity
1143,Deshaun Watson,WatsDe00,2023-09-10,CLE,,CIN,QB,MATCHED_CANONICAL_GAME,2023_01_CIN_CLE,2023,1,REG,CIN,CLE,home,date/team/opponent/location identity
1144,Russell Wilson,WilsRu00,2023-09-10,DEN,,LVR,QB,MATCHED_CANONICAL_GAME,2023_01_LV_DEN,2023,1,REG,LV,DEN,home,date/team/opponent/location identity
1145,Bryce Young,YounBr01,2023-09-10,CAR,@,ATL,QB,MATCHED_CANONICAL_GAME,2023_01_CAR_ATL,2023,1,REG,CAR,ATL,away,date/team/opponent/location identity
1146,Jared Goff,GoffJa00,2023-09-07,DET,@,KAN,QB,MATCHED_CANONICAL_GAME,2023_01_DET_KC,2023,1,REG,DET,KC,away,date/team/opponent/location identity
1147,Patrick Mahomes,MahoPa00,2023-09-07,KAN,,DET,QB,MATCHED_CANONICAL_GAME,2023_01_DET_KC,2023,1,REG,DET,KC,home,date/team/opponent/location identity
1148,Jalen Hurts,HurtJa00,2023-02-12,PHI,N,KAN,QB,MATCHED_CANONICAL_GAME,2022_22_KC_PHI,2022,22,SB,KC,PHI,home,neutral-site canonical team identity
1149,Patrick Mahomes,MahoPa00,2023-02-12,KAN,N,PHI,QB,MATCHED_CANONICAL_GAME,2022_22_KC_PHI,2022,22,SB,KC,PHI,away,neutral-site canonical team identity
1150,Joe Burrow,BurrJo01,2023-01-29,CIN,@,KAN,QB,MATCHED_CANONICAL_GAME,2022_21_CIN_KC,2022,21,CON,CIN,KC,away,date/team/opponent/location identity
1151,Jalen Hurts,HurtJa00,2023-01-29,PHI,,SFO,QB,MATCHED_CANONICAL_GAME,2022_21_SF_PHI,2022,21,CON,SF,PHI,home,date/team/opponent/location identity
1152,Patrick Mahomes,MahoPa00,2023-01-29,KAN,,CIN,QB,MATCHED_CANONICAL_GAME,2022_21_CIN_KC,2022,21,CON,CIN,KC,home,date/team/opponent/location identity
1153,Brock Purdy,PurdBr00,2023-01-29,SFO,@,PHI,QB,MATCHED_CANONICAL_GAME,2022_21_SF_PHI,2022,21,CON,SF,PHI,away,date/team/opponent/location identity
1154,Josh Allen,AlleJo02,2023-01-22,BUF,,CIN,QB,MATCHED_CANONICAL_GAME,2022_20_CIN_BUF,2022,20,DIV,CIN,BUF,home,date/team/opponent/location identity
1155,Joe Burrow,BurrJo01,2023-01-22,CIN,@,BUF,QB,MATCHED_CANONICAL_GAME,2022_20_CIN_BUF,2022,20,DIV,CIN,BUF,away,date/team/opponent/location identity
1156,Dak Prescott,PresDa01,2023-01-22,DAL,@,SFO,QB,MATCHED_CANONICAL_GAME,2022_20_DAL_SF,2022,20,DIV,DAL,SF,away,date/team/opponent/location identity
1157,Brock Purdy,PurdBr00,2023-01-22,SFO,,DAL,QB,MATCHED_CANONICAL_GAME,2022_20_DAL_SF,2022,20,DIV,DAL,SF,home,date/team/opponent/location identity
1158,Jalen Hurts,HurtJa00,2023-01-21,PHI,,NYG,QB,MATCHED_CANONICAL_GAME,2022_20_NYG_PHI,2022,20,DIV,NYG,PHI,home,date/team/opponent/location identity
1159,Daniel Jones,JoneDa05,2023-01-21,NYG,@,PHI,QB,MATCHED_CANONICAL_GAME,2022_20_NYG_PHI,2022,20,DIV,NYG,PHI,away,date/team/opponent/location identity
1160,Trevor Lawrence,LawrTr00,2023-01-21,JAX,@,KAN,QB,MATCHED_CANONICAL_GAME,2022_20_JAX_KC,2022,20,DIV,JAX,KC,away,date/team/opponent/location identity
1161,Patrick Mahomes,MahoPa00,2023-01-21,KAN,,JAX,QB,MATCHED_CANONICAL_GAME,2022_20_JAX_KC,2022,20,DIV,JAX,KC,home,date/team/opponent/location identity
1162,Tom Brady,BradTo00,2023-01-16,TAM,,DAL,QB,MATCHED_CANONICAL_GAME,2022_19_DAL_TB,2022,19,WC,DAL,TB,home,date/team/opponent/location identity
1163,Dak Prescott,PresDa01,2023-01-16,DAL,@,TAM,QB,MATCHED_CANONICAL_GAME,2022_19_DAL_TB,2022,19,WC,DAL,TB,away,date/team/opponent/location identity
1164,Josh Allen,AlleJo02,2023-01-15,BUF,,MIA,QB,MATCHED_CANONICAL_GAME,2022_19_MIA_BUF,2022,19,WC,MIA,BUF,home,date/team/opponent/location identity
1165,Joe Burrow,BurrJo01,2023-01-15,CIN,,BAL,QB,MATCHED_CANONICAL_GAME,2022_19_BAL_CIN,2022,19,WC,BAL,CIN,home,date/team/opponent/location identity
1166,Kirk Cousins,CousKi00,2023-01-15,MIN,,NYG,QB,MATCHED_CANONICAL_GAME,2022_19_NYG_MIN,2022,19,WC,NYG,MIN,home,date/team/opponent/location identity
1167,Tyler Huntley,HuntTy01,2023-01-15,BAL,@,CIN,QB,MATCHED_CANONICAL_GAME,2022_19_BAL_CIN,2022,19,WC,BAL,CIN,away,date/team/opponent/location identity
1168,Daniel Jones,JoneDa05,2023-01-15,NYG,@,MIN,QB,MATCHED_CANONICAL_GAME,2022_19_NYG_MIN,2022,19,WC,NYG,MIN,away,date/team/opponent/location identity
1169,Skylar Thompson,ThomSk00,2023-01-15,MIA,@,BUF,QB,MATCHED_CANONICAL_GAME,2022_19_MIA_BUF,2022,19,WC,MIA,BUF,away,date/team/opponent/location identity
1170,Justin Herbert,HerbJu00,2023-01-14,LAC,@,JAX,QB,MATCHED_CANONICAL_GAME,2022_19_LAC_JAX,2022,19,WC,LAC,JAX,away,date/team/opponent/location identity
1171,Trevor Lawrence,LawrTr00,2023-01-14,JAX,,LAC,QB,MATCHED_CANONICAL_GAME,2022_19_LAC_JAX,2022,19,WC,LAC,JAX,home,date/team/opponent/location identity
1172,Brock Purdy,PurdBr00,2023-01-14,SFO,,SEA,QB,MATCHED_CANONICAL_GAME,2022_19_SEA_SF,2022,19,WC,SEA,SF,home,date/team/opponent/location identity
1173,Geno Smith,SmitGe00,2023-01-14,SEA,@,SFO,QB,MATCHED_CANONICAL_GAME,2022_19_SEA_SF,2022,19,WC,SEA,SF,away,date/team/opponent/location identity
1174,Josh Allen,AlleJo02,2023-01-08,BUF,,NWE,QB,MATCHED_CANONICAL_GAME,2022_18_NE_BUF,2022,18,REG,NE,BUF,home,date/team/opponent/location identity
1175,David Blough,BlouDa00,2023-01-08,ARI,@,SFO,QB,MATCHED_CANONICAL_GAME,2022_18_ARI_SF,2022,18,REG,ARI,SF,away,date/team/opponent/location identity
1176,Tom Brady,BradTo00,2023-01-08,TAM,@,ATL,QB,MATCHED_CANONICAL_GAME,2022_18_TB_ATL,2022,18,REG,TB,ATL,away,date/team/opponent/location identity
1177,Anthony Brown,BrowAn06,2023-01-08,BAL,@,CIN,QB,MATCHED_CANONICAL_GAME,2022_18_BAL_CIN,2022,18,REG,BAL,CIN,away,date/team/opponent/location identity
1178,Joe Burrow,BurrJo01,2023-01-08,CIN,,BAL,QB,MATCHED_CANONICAL_GAME,2022_18_BAL_CIN,2022,18,REG,BAL,CIN,home,date/team/opponent/location identity
1179,Kirk Cousins,CousKi00,2023-01-08,MIN,@,CHI,QB,MATCHED_CANONICAL_GAME,2022_18_MIN_CHI,2022,18,REG,MIN,CHI,away,date/team/opponent/location identity
1180,Andy Dalton,DaltAn00,2023-01-08,NOR,,CAR,QB,MATCHED_CANONICAL_GAME,2022_18_CAR_NO,2022,18,REG,CAR,NO,home,date/team/opponent/location identity
1181,Sam Darnold,DarnSa00,2023-01-08,CAR,@,NOR,QB,MATCHED_CANONICAL_GAME,2022_18_CAR_NO,2022,18,REG,CAR,NO,away,date/team/opponent/location identity
1182,Sam Ehlinger,EhliSa00,2023-01-08,IND,,HOU,QB,MATCHED_CANONICAL_GAME,2022_18_HOU_IND,2022,18,REG,HOU,IND,home,date/team/opponent/location identity
1183,Joe Flacco,FlacJo00,2023-01-08,NYJ,@,MIA,QB,MATCHED_CANONICAL_GAME,2022_18_NYJ_MIA,2022,18,REG,NYJ,MIA,away,date/team/opponent/location identity
1184,Jared Goff,GoffJa00,2023-01-08,DET,@,GNB,QB,MATCHED_CANONICAL_GAME,2022_18_DET_GB,2022,18,REG,DET,GB,away,date/team/opponent/location identity
1185,Justin Herbert,HerbJu00,2023-01-08,LAC,@,DEN,QB,MATCHED_CANONICAL_GAME,2022_18_LAC_DEN,2022,18,REG,LAC,DEN,away,date/team/opponent/location identity
1186,Sam Howell,HoweSa00,2023-01-08,WAS,,DAL,QB,MATCHED_CANONICAL_GAME,2022_18_DAL_WAS,2022,18,REG,DAL,WAS,home,date/team/opponent/location identity
1187,Jalen Hurts,HurtJa00,2023-01-08,PHI,,NYG,QB,MATCHED_CANONICAL_GAME,2022_18_NYG_PHI,2022,18,REG,NYG,PHI,home,date/team/opponent/location identity
1188,Mac Jones,JoneMa05,2023-01-08,NWE,@,BUF,QB,MATCHED_CANONICAL_GAME,2022_18_NE_BUF,2022,18,REG,NE,BUF,away,date/team/opponent/location identity
1189,Baker Mayfield,MayfBa00,2023-01-08,LAR,@,SEA,QB,MATCHED_CANONICAL_GAME,2022_18_LA_SEA,2022,18,REG,LAR,SEA,away,date/team/opponent/location identity
1190,Davis Mills,MillDa02,2023-01-08,HOU,@,IND,QB,MATCHED_CANONICAL_GAME,2022_18_HOU_IND,2022,18,REG,HOU,IND,away,date/team/opponent/location identity
1191,Nathan Peterman,PeteNa00,2023-01-08,CHI,,MIN,QB,MATCHED_CANONICAL_GAME,2022_18_MIN_CHI,2022,18,REG,MIN,CHI,home,date/team/opponent/location identity
1192,Kenny Pickett,PickKe00,2023-01-08,PIT,,CLE,QB,MATCHED_CANONICAL_GAME,2022_18_CLE_PIT,2022,18,REG,CLE,PIT,home,date/team/opponent/location identity
1193,Dak Prescott,PresDa01,2023-01-08,DAL,@,WAS,QB,MATCHED_CANONICAL_GAME,2022_18_DAL_WAS,2022,18,REG,DAL,WAS,away,date/team/opponent/location identity
1194,Brock Purdy,PurdBr00,2023-01-08,SFO,,ARI,QB,MATCHED_CANONICAL_GAME,2022_18_ARI_SF,2022,18,REG,ARI,SF,home,date/team/opponent/location identity
1195,Desmond Ridder,RiddDe00,2023-01-08,ATL,,TAM,QB,MATCHED_CANONICAL_GAME,2022_18_TB_ATL,2022,18,REG,TB,ATL,home,date/team/opponent/location identity
1196,Aaron Rodgers,RodgAa00,2023-01-08,GNB,,DET,QB,MATCHED_CANONICAL_GAME,2022_18_DET_GB,2022,18,REG,DET,GB,home,date/team/opponent/location identity
1197,Geno Smith,SmitGe00,2023-01-08,SEA,,LAR,QB,MATCHED_CANONICAL_GAME,2022_18_LA_SEA,2022,18,REG,LAR,SEA,home,date/team/opponent/location identity
1198,Skylar Thompson,ThomSk00,2023-01-08,MIA,,NYJ,QB,MATCHED_CANONICAL_GAME,2022_18_NYJ_MIA,2022,18,REG,NYJ,MIA,home,date/team/opponent/location identity
1199,Deshaun Watson,WatsDe00,2023-01-08,CLE,@,PIT,QB,MATCHED_CANONICAL_GAME,2022_18_CLE_PIT,2022,18,REG,CLE,PIT,away,date/team/opponent/location identity
1200,Davis Webb,WebbDa00,2023-01-08,NYG,@,PHI,QB,MATCHED_CANONICAL_GAME,2022_18_NYG_PHI,2022,18,REG,NYG,PHI,away,date/team/opponent/location identity
1201,Russell Wilson,WilsRu00,2023-01-08,DEN,,LAC,QB,MATCHED_CANONICAL_GAME,2022_18_LAC_DEN,2022,18,REG,LAC,DEN,home,date/team/opponent/location identity
1202,Joshua Dobbs,DobbJo00,2023-01-07,TEN,@,JAX,QB,MATCHED_CANONICAL_GAME,2022_18_TEN_JAX,2022,18,REG,TEN,JAX,away,date/team/opponent/location identity
1203,Trevor Lawrence,LawrTr00,2023-01-07,JAX,,TEN,QB,MATCHED_CANONICAL_GAME,2022_18_TEN_JAX,2022,18,REG,TEN,JAX,home,date/team/opponent/location identity
1204,Patrick Mahomes,MahoPa00,2023-01-07,KAN,@,LVR,QB,MATCHED_CANONICAL_GAME,2022_18_KC_LV,2022,18,REG,KC,LV,away,date/team/opponent/location identity
1205,Jarrett Stidham,StidJa00,2023-01-07,LVR,,KAN,QB,MATCHED_CANONICAL_GAME,2022_18_KC_LV,2022,18,REG,KC,LV,home,date/team/opponent/location identity
1206,David Blough,BlouDa00,2023-01-01,ARI,@,ATL,QB,MATCHED_CANONICAL_GAME,2022_17_ARI_ATL,2022,17,REG,ARI,ATL,away,date/team/opponent/location identity
1207,Tom Brady,BradTo00,2023-01-01,TAM,,CAR,QB,MATCHED_CANONICAL_GAME,2022_17_CAR_TB,2022,17,REG,CAR,TB,home,date/team/opponent/location identity
1208,Teddy Bridgewater,BridTe00,2023-01-01,MIA,@,NWE,QB,MATCHED_CANONICAL_GAME,2022_17_MIA_NE,2022,17,REG,MIA,NE,away,date/team/opponent/location identity
1209,Kirk Cousins,CousKi00,2023-01-01,MIN,@,GNB,QB,MATCHED_CANONICAL_GAME,2022_17_MIN_GB,2022,17,REG,MIN,GB,away,date/team/opponent/location identity
1210,Andy Dalton,DaltAn00,2023-01-01,NOR,@,PHI,QB,MATCHED_CANONICAL_GAME,2022_17_NO_PHI,2022,17,REG,NO,PHI,away,date/team/opponent/location identity
1211,Sam Darnold,DarnSa00,2023-01-01,CAR,@,TAM,QB,MATCHED_CANONICAL_GAME,2022_17_CAR_TB,2022,17,REG,CAR,TB,away,date/team/opponent/location identity
1212,Justin Fields,FielJu00,2023-01-01,CHI,@,DET,QB,MATCHED_CANONICAL_GAME,2022_17_CHI_DET,2022,17,REG,CHI,DET,away,date/team/opponent/location identity
1213,Nick Foles,FoleNi00,2023-01-01,IND,@,NYG,QB,MATCHED_CANONICAL_GAME,2022_17_IND_NYG,2022,17,REG,IND,NYG,away,date/team/opponent/location identity
1214,Jared Goff,GoffJa00,2023-01-01,DET,,CHI,QB,MATCHED_CANONICAL_GAME,2022_17_CHI_DET,2022,17,REG,CHI,DET,home,date/team/opponent/location identity
1215,Justin Herbert,HerbJu00,2023-01-01,LAC,,LAR,QB,MATCHED_CANONICAL_GAME,2022_17_LA_LAC,2022,17,REG,LAR,LAC,home,date/team/opponent/location identity
1216,Tyler Huntley,HuntTy01,2023-01-01,BAL,,PIT,QB,MATCHED_CANONICAL_GAME,2022_17_PIT_BAL,2022,17,REG,PIT,BAL,home,date/team/opponent/location identity
1217,Daniel Jones,JoneDa05,2023-01-01,NYG,,IND,QB,MATCHED_CANONICAL_GAME,2022_17_IND_NYG,2022,17,REG,IND,NYG,home,date/team/opponent/location identity
1218,Mac Jones,JoneMa05,2023-01-01,NWE,,MIA,QB,MATCHED_CANONICAL_GAME,2022_17_MIA_NE,2022,17,REG,MIA,NE,home,date/team/opponent/location identity
1219,Trevor Lawrence,LawrTr00,2023-01-01,JAX,@,HOU,QB,MATCHED_CANONICAL_GAME,2022_17_JAX_HOU,2022,17,REG,JAX,HOU,away,date/team/opponent/location identity
1220,Patrick Mahomes,MahoPa00,2023-01-01,KAN,,DEN,QB,MATCHED_CANONICAL_GAME,2022_17_DEN_KC,2022,17,REG,DEN,KC,home,date/team/opponent/location identity
1221,Baker Mayfield,MayfBa00,2023-01-01,LAR,@,LAC,QB,MATCHED_CANONICAL_GAME,2022_17_LA_LAC,2022,17,REG,LAR,LAC,away,date/team/opponent/location identity
1222,Davis Mills,MillDa02,2023-01-01,HOU,,JAX,QB,MATCHED_CANONICAL_GAME,2022_17_JAX_HOU,2022,17,REG,JAX,HOU,home,date/team/opponent/location identity
1223,Gardner Minshew II,MinsGa00,2023-01-01,PHI,,NOR,QB,MATCHED_CANONICAL_GAME,2022_17_NO_PHI,2022,17,REG,NO,PHI,home,date/team/opponent/location identity
1224,Kenny Pickett,PickKe00,2023-01-01,PIT,@,BAL,QB,MATCHED_CANONICAL_GAME,2022_17_PIT_BAL,2022,17,REG,PIT,BAL,away,date/team/opponent/location identity
1225,Brock Purdy,PurdBr00,2023-01-01,SFO,@,LVR,QB,MATCHED_CANONICAL_GAME,2022_17_SF_LV,2022,17,REG,SF,LV,away,date/team/opponent/location identity
1226,Desmond Ridder,RiddDe00,2023-01-01,ATL,,ARI,QB,MATCHED_CANONICAL_GAME,2022_17_ARI_ATL,2022,17,REG,ARI,ATL,home,date/team/opponent/location identity
1227,Aaron Rodgers,RodgAa00,2023-01-01,GNB,,MIN,QB,MATCHED_CANONICAL_GAME,2022_17_MIN_GB,2022,17,REG,MIN,GB,home,date/team/opponent/location identity
1228,Geno Smith,SmitGe00,2023-01-01,SEA,,NYJ,QB,MATCHED_CANONICAL_GAME,2022_17_NYJ_SEA,2022,17,REG,NYJ,SEA,home,date/team/opponent/location identity
1229,Jarrett Stidham,StidJa00,2023-01-01,LVR,,SFO,QB,MATCHED_CANONICAL_GAME,2022_17_SF_LV,2022,17,REG,SF,LV,home,date/team/opponent/location identity
1230,Deshaun Watson,WatsDe00,2023-01-01,CLE,@,WAS,QB,MATCHED_CANONICAL_GAME,2022_17_CLE_WAS,2022,17,REG,CLE,WAS,away,date/team/opponent/location identity
1231,Carson Wentz,WentCa00,2023-01-01,WAS,,CLE,QB,MATCHED_CANONICAL_GAME,2022_17_CLE_WAS,2022,17,REG,CLE,WAS,home,date/team/opponent/location identity
1232,Mike White,WhitMi01,2023-01-01,NYJ,@,SEA,QB,MATCHED_CANONICAL_GAME,2022_17_NYJ_SEA,2022,17,REG,NYJ,SEA,away,date/team/opponent/location identity
1233,Russell Wilson,WilsRu00,2023-01-01,DEN,@,KAN,QB,MATCHED_CANONICAL_GAME,2022_17_DEN_KC,2022,17,REG,DEN,KC,away,date/team/opponent/location identity
1234,Joshua Dobbs,DobbJo00,2022-12-29,TEN,,DAL,QB,MATCHED_CANONICAL_GAME,2022_17_DAL_TEN,2022,17,REG,DAL,TEN,home,date/team/opponent/location identity
1235,Dak Prescott,PresDa01,2022-12-29,DAL,@,TEN,QB,MATCHED_CANONICAL_GAME,2022_17_DAL_TEN,2022,17,REG,DAL,TEN,away,date/team/opponent/location identity
1236,Nick Foles,FoleNi00,2022-12-26,IND,,LAC,QB,MATCHED_CANONICAL_GAME,2022_16_LAC_IND,2022,16,REG,LAC,IND,home,date/team/opponent/location identity
1237,Justin Herbert,HerbJu00,2022-12-26,LAC,@,IND,QB,MATCHED_CANONICAL_GAME,2022_16_LAC_IND,2022,16,REG,LAC,IND,away,date/team/opponent/location identity
1238,Tom Brady,BradTo00,2022-12-25,TAM,@,ARI,QB,MATCHED_CANONICAL_GAME,2022_16_TB_ARI,2022,16,REG,TB,ARI,away,date/team/opponent/location identity
1239,Baker Mayfield,MayfBa00,2022-12-25,LAR,,DEN,QB,MATCHED_CANONICAL_GAME,2022_16_DEN_LA,2022,16,REG,DEN,LAR,home,date/team/opponent/location identity
1240,Trace McSorley,McSoTr00,2022-12-25,ARI,,TAM,QB,MATCHED_CANONICAL_GAME,2022_16_TB_ARI,2022,16,REG,TB,ARI,home,date/team/opponent/location identity
1241,Aaron Rodgers,RodgAa00,2022-12-25,GNB,@,MIA,QB,MATCHED_CANONICAL_GAME,2022_16_GB_MIA,2022,16,REG,GB,MIA,away,date/team/opponent/location identity
1242,Tua Tagovailoa,TagoTu00,2022-12-25,MIA,,GNB,QB,MATCHED_CANONICAL_GAME,2022_16_GB_MIA,2022,16,REG,GB,MIA,home,date/team/opponent/location identity
1243,Russell Wilson,WilsRu00,2022-12-25,DEN,@,LAR,QB,MATCHED_CANONICAL_GAME,2022_16_DEN_LA,2022,16,REG,DEN,LAR,away,date/team/opponent/location identity
1244,Josh Allen,AlleJo02,2022-12-24,BUF,@,CHI,QB,MATCHED_CANONICAL_GAME,2022_16_BUF_CHI,2022,16,REG,BUF,CHI,away,date/team/opponent/location identity
1245,Joe Burrow,BurrJo01,2022-12-24,CIN,@,NWE,QB,MATCHED_CANONICAL_GAME,2022_16_CIN_NE,2022,16,REG,CIN,NE,away,date/team/opponent/location identity
1246,Derek Carr,CarrDe02,2022-12-24,LVR,@,PIT,QB,MATCHED_CANONICAL_GAME,2022_16_LV_PIT,2022,16,REG,LV,PIT,away,date/team/opponent/location identity
1247,Kirk Cousins,CousKi00,2022-12-24,MIN,,NYG,QB,MATCHED_CANONICAL_GAME,2022_16_NYG_MIN,2022,16,REG,NYG,MIN,home,date/team/opponent/location identity
1248,Andy Dalton,DaltAn00,2022-12-24,NOR,@,CLE,QB,MATCHED_CANONICAL_GAME,2022_16_NO_CLE,2022,16,REG,NO,CLE,away,date/team/opponent/location identity
1249,Sam Darnold,DarnSa00,2022-12-24,CAR,,DET,QB,MATCHED_CANONICAL_GAME,2022_16_DET_CAR,2022,16,REG,DET,CAR,home,date/team/opponent/location identity
1250,Jeff Driskel,DrisJe00,2022-12-24,HOU,@,TEN,QB,MATCHED_CANONICAL_GAME,2022_16_HOU_TEN,2022,16,REG,HOU,TEN,away,date/team/opponent/location identity
1251,Justin Fields,FielJu00,2022-12-24,CHI,,BUF,QB,MATCHED_CANONICAL_GAME,2022_16_BUF_CHI,2022,16,REG,BUF,CHI,home,date/team/opponent/location identity
1252,Jared Goff,GoffJa00,2022-12-24,DET,@,CAR,QB,MATCHED_CANONICAL_GAME,2022_16_DET_CAR,2022,16,REG,DET,CAR,away,date/team/opponent/location identity
1253,Taylor Heinicke,HeinTa00,2022-12-24,WAS,@,SFO,QB,MATCHED_CANONICAL_GAME,2022_16_WAS_SF,2022,16,REG,WAS,SF,away,date/team/opponent/location identity
1254,Tyler Huntley,HuntTy01,2022-12-24,BAL,,ATL,QB,MATCHED_CANONICAL_GAME,2022_16_ATL_BAL,2022,16,REG,ATL,BAL,home,date/team/opponent/location identity
1255,Daniel Jones,JoneDa05,2022-12-24,NYG,@,MIN,QB,MATCHED_CANONICAL_GAME,2022_16_NYG_MIN,2022,16,REG,NYG,MIN,away,date/team/opponent/location identity
1256,Mac Jones,JoneMa05,2022-12-24,NWE,,CIN,QB,MATCHED_CANONICAL_GAME,2022_16_CIN_NE,2022,16,REG,CIN,NE,home,date/team/opponent/location identity
1257,Patrick Mahomes,MahoPa00,2022-12-24,KAN,,SEA,QB,MATCHED_CANONICAL_GAME,2022_16_SEA_KC,2022,16,REG,SEA,KC,home,date/team/opponent/location identity
1258,Davis Mills,MillDa02,2022-12-24,HOU,@,TEN,QB,MATCHED_CANONICAL_GAME,2022_16_HOU_TEN,2022,16,REG,HOU,TEN,away,date/team/opponent/location identity
1259,Gardner Minshew II,MinsGa00,2022-12-24,PHI,@,DAL,QB,MATCHED_CANONICAL_GAME,2022_16_PHI_DAL,2022,16,REG,PHI,DAL,away,date/team/opponent/location identity
1260,Kenny Pickett,PickKe00,2022-12-24,PIT,,LVR,QB,MATCHED_CANONICAL_GAME,2022_16_LV_PIT,2022,16,REG,LV,PIT,home,date/team/opponent/location identity
1261,Dak Prescott,PresDa01,2022-12-24,DAL,,PHI,QB,MATCHED_CANONICAL_GAME,2022_16_PHI_DAL,2022,16,REG,PHI,DAL,home,date/team/opponent/location identity
1262,Brock Purdy,PurdBr00,2022-12-24,SFO,,WAS,QB,MATCHED_CANONICAL_GAME,2022_16_WAS_SF,2022,16,REG,WAS,SF,home,date/team/opponent/location identity
1263,Desmond Ridder,RiddDe00,2022-12-24,ATL,@,BAL,QB,MATCHED_CANONICAL_GAME,2022_16_ATL_BAL,2022,16,REG,ATL,BAL,away,date/team/opponent/location identity
1264,Geno Smith,SmitGe00,2022-12-24,SEA,@,KAN,QB,MATCHED_CANONICAL_GAME,2022_16_SEA_KC,2022,16,REG,SEA,KC,away,date/team/opponent/location identity
1265,Deshaun Watson,WatsDe00,2022-12-24,CLE,,NOR,QB,MATCHED_CANONICAL_GAME,2022_16_NO_CLE,2022,16,REG,NO,CLE,home,date/team/opponent/location identity
1266,Malik Willis,WillMa12,2022-12-24,TEN,,HOU,QB,MATCHED_CANONICAL_GAME,2022_16_HOU_TEN,2022,16,REG,HOU,TEN,home,date/team/opponent/location identity
1267,Trevor Lawrence,LawrTr00,2022-12-22,JAX,@,NYJ,QB,MATCHED_CANONICAL_GAME,2022_16_JAX_NYJ,2022,16,REG,JAX,NYJ,away,date/team/opponent/location identity
1268,Chris Streveler,StreCh00,2022-12-22,NYJ,,JAX,QB,MATCHED_CANONICAL_GAME,2022_16_JAX_NYJ,2022,16,REG,JAX,NYJ,home,date/team/opponent/location identity
1269,Zach Wilson,WilsZa00,2022-12-22,NYJ,,JAX,QB,MATCHED_CANONICAL_GAME,2022_16_JAX_NYJ,2022,16,REG,JAX,NYJ,home,date/team/opponent/location identity
1270,Baker Mayfield,MayfBa00,2022-12-19,LAR,@,GNB,QB,MATCHED_CANONICAL_GAME,2022_15_LA_GB,2022,15,REG,LAR,GB,away,date/team/opponent/location identity
1271,Aaron Rodgers,RodgAa00,2022-12-19,GNB,,LAR,QB,MATCHED_CANONICAL_GAME,2022_15_LA_GB,2022,15,REG,LAR,GB,home,date/team/opponent/location identity
1272,Tom Brady,BradTo00,2022-12-18,TAM,,CIN,QB,MATCHED_CANONICAL_GAME,2022_15_CIN_TB,2022,15,REG,CIN,TB,home,date/team/opponent/location identity
1273,Joe Burrow,BurrJo01,2022-12-18,CIN,@,TAM,QB,MATCHED_CANONICAL_GAME,2022_15_CIN_TB,2022,15,REG,CIN,TB,away,date/team/opponent/location identity
1274,Derek Carr,CarrDe02,2022-12-18,LVR,,NWE,QB,MATCHED_CANONICAL_GAME,2022_15_NE_LV,2022,15,REG,NE,LV,home,date/team/opponent/location identity
1275,Andy Dalton,DaltAn00,2022-12-18,NOR,,ATL,QB,MATCHED_CANONICAL_GAME,2022_15_ATL_NO,2022,15,REG,ATL,NO,home,date/team/opponent/location identity
1276,Sam Darnold,DarnSa00,2022-12-18,CAR,,PIT,QB,MATCHED_CANONICAL_GAME,2022_15_PIT_CAR,2022,15,REG,PIT,CAR,home,date/team/opponent/location identity
1277,Jeff Driskel,DrisJe00,2022-12-18,HOU,,KAN,QB,MATCHED_CANONICAL_GAME,2022_15_KC_HOU,2022,15,REG,KC,HOU,home,date/team/opponent/location identity
1278,Justin Fields,FielJu00,2022-12-18,CHI,,PHI,QB,MATCHED_CANONICAL_GAME,2022_15_PHI_CHI,2022,15,REG,PHI,CHI,home,date/team/opponent/location identity
1279,Jared Goff,GoffJa00,2022-12-18,DET,@,NYJ,QB,MATCHED_CANONICAL_GAME,2022_15_DET_NYJ,2022,15,REG,DET,NYJ,away,date/team/opponent/location identity
1280,Taylor Heinicke,HeinTa00,2022-12-18,WAS,,NYG,QB,MATCHED_CANONICAL_GAME,2022_15_NYG_WAS,2022,15,REG,NYG,WAS,home,date/team/opponent/location identity
1281,Justin Herbert,HerbJu00,2022-12-18,LAC,,TEN,QB,MATCHED_CANONICAL_GAME,2022_15_TEN_LAC,2022,15,REG,TEN,LAC,home,date/team/opponent/location identity
1282,Taysom Hill,HillTa00,2022-12-18,NOR,,ATL,TE/QB,MATCHED_CANONICAL_GAME,2022_15_ATL_NO,2022,15,REG,ATL,NO,home,date/team/opponent/location identity
1283,Jalen Hurts,HurtJa00,2022-12-18,PHI,@,CHI,QB,MATCHED_CANONICAL_GAME,2022_15_PHI_CHI,2022,15,REG,PHI,CHI,away,date/team/opponent/location identity
1284,Daniel Jones,JoneDa05,2022-12-18,NYG,@,WAS,QB,MATCHED_CANONICAL_GAME,2022_15_NYG_WAS,2022,15,REG,NYG,WAS,away,date/team/opponent/location identity
1285,Mac Jones,JoneMa05,2022-12-18,NWE,@,LVR,QB,MATCHED_CANONICAL_GAME,2022_15_NE_LV,2022,15,REG,NE,LV,away,date/team/opponent/location identity
1286,Trevor Lawrence,LawrTr00,2022-12-18,JAX,,DAL,QB,MATCHED_CANONICAL_GAME,2022_15_DAL_JAX,2022,15,REG,DAL,JAX,home,date/team/opponent/location identity
1287,Patrick Mahomes,MahoPa00,2022-12-18,KAN,@,HOU,QB,MATCHED_CANONICAL_GAME,2022_15_KC_HOU,2022,15,REG,KC,HOU,away,date/team/opponent/location identity
1288,Colt McCoy,McCoCo00,2022-12-18,ARI,@,DEN,QB,MATCHED_CANONICAL_GAME,2022_15_ARI_DEN,2022,15,REG,ARI,DEN,away,date/team/opponent/location identity
1289,Davis Mills,MillDa02,2022-12-18,HOU,,KAN,QB,MATCHED_CANONICAL_GAME,2022_15_KC_HOU,2022,15,REG,KC,HOU,home,date/team/opponent/location identity
1290,Dak Prescott,PresDa01,2022-12-18,DAL,@,JAX,QB,MATCHED_CANONICAL_GAME,2022_15_DAL_JAX,2022,15,REG,DAL,JAX,away,date/team/opponent/location identity
1291,Desmond Ridder,RiddDe00,2022-12-18,ATL,@,NOR,QB,MATCHED_CANONICAL_GAME,2022_15_ATL_NO,2022,15,REG,ATL,NO,away,date/team/opponent/location identity
1292,Brett Rypien,RypiBr00,2022-12-18,DEN,,ARI,QB,MATCHED_CANONICAL_GAME,2022_15_ARI_DEN,2022,15,REG,ARI,DEN,home,date/team/opponent/location identity
1293,Ryan Tannehill,TannRy00,2022-12-18,TEN,@,LAC,QB,MATCHED_CANONICAL_GAME,2022_15_TEN_LAC,2022,15,REG,TEN,LAC,away,date/team/opponent/location identity
1294,Mitchell Trubisky,TrubMi00,2022-12-18,PIT,@,CAR,QB,MATCHED_CANONICAL_GAME,2022_15_PIT_CAR,2022,15,REG,PIT,CAR,away,date/team/opponent/location identity
1295,Zach Wilson,WilsZa00,2022-12-18,NYJ,,DET,QB,MATCHED_CANONICAL_GAME,2022_15_DET_NYJ,2022,15,REG,DET,NYJ,home,date/team/opponent/location identity
1296,Josh Allen,AlleJo02,2022-12-17,BUF,,MIA,QB,MATCHED_CANONICAL_GAME,2022_15_MIA_BUF,2022,15,REG,MIA,BUF,home,date/team/opponent/location identity
1297,Kirk Cousins,CousKi00,2022-12-17,MIN,,IND,QB,MATCHED_CANONICAL_GAME,2022_15_IND_MIN,2022,15,REG,IND,MIN,home,date/team/opponent/location identity
1298,Tyler Huntley,HuntTy01,2022-12-17,BAL,@,CLE,QB,MATCHED_CANONICAL_GAME,2022_15_BAL_CLE,2022,15,REG,BAL,CLE,away,date/team/opponent/location identity
1299,Matt Ryan,RyanMa00,2022-12-17,IND,@,MIN,QB,MATCHED_CANONICAL_GAME,2022_15_IND_MIN,2022,15,REG,IND,MIN,away,date/team/opponent/location identity
1300,Tua Tagovailoa,TagoTu00,2022-12-17,MIA,@,BUF,QB,MATCHED_CANONICAL_GAME,2022_15_MIA_BUF,2022,15,REG,MIA,BUF,away,date/team/opponent/location identity
1301,Deshaun Watson,WatsDe00,2022-12-17,CLE,,BAL,QB,MATCHED_CANONICAL_GAME,2022_15_BAL_CLE,2022,15,REG,BAL,CLE,home,date/team/opponent/location identity
1302,Brock Purdy,PurdBr00,2022-12-15,SFO,@,SEA,QB,MATCHED_CANONICAL_GAME,2022_15_SF_SEA,2022,15,REG,SF,SEA,away,date/team/opponent/location identity
1303,Geno Smith,SmitGe00,2022-12-15,SEA,,SFO,QB,MATCHED_CANONICAL_GAME,2022_15_SF_SEA,2022,15,REG,SF,SEA,home,date/team/opponent/location identity
1304,Mac Jones,JoneMa05,2022-12-12,NWE,@,ARI,QB,MATCHED_CANONICAL_GAME,2022_14_NE_ARI,2022,14,REG,NE,ARI,away,date/team/opponent/location identity
1305,Kyler Murray,MurrKy00,2022-12-12,ARI,,NWE,QB,MATCHED_CANONICAL_GAME,2022_14_NE_ARI,2022,14,REG,NE,ARI,home,date/team/opponent/location identity
1306,Josh Allen,AlleJo02,2022-12-11,BUF,,NYJ,QB,MATCHED_CANONICAL_GAME,2022_14_NYJ_BUF,2022,14,REG,NYJ,BUF,home,date/team/opponent/location identity
1307,Tom Brady,BradTo00,2022-12-11,TAM,@,SFO,QB,MATCHED_CANONICAL_GAME,2022_14_TB_SF,2022,14,REG,TB,SF,away,date/team/opponent/location identity
1308,Joe Burrow,BurrJo01,2022-12-11,CIN,,CLE,QB,MATCHED_CANONICAL_GAME,2022_14_CLE_CIN,2022,14,REG,CLE,CIN,home,date/team/opponent/location identity
1309,Kirk Cousins,CousKi00,2022-12-11,MIN,@,DET,QB,MATCHED_CANONICAL_GAME,2022_14_MIN_DET,2022,14,REG,MIN,DET,away,date/team/opponent/location identity
1310,Sam Darnold,DarnSa00,2022-12-11,CAR,@,SEA,QB,MATCHED_CANONICAL_GAME,2022_14_CAR_SEA,2022,14,REG,CAR,SEA,away,date/team/opponent/location identity
1311,Jared Goff,GoffJa00,2022-12-11,DET,,MIN,QB,MATCHED_CANONICAL_GAME,2022_14_MIN_DET,2022,14,REG,MIN,DET,home,date/team/opponent/location identity
1312,Justin Herbert,HerbJu00,2022-12-11,LAC,,MIA,QB,MATCHED_CANONICAL_GAME,2022_14_MIA_LAC,2022,14,REG,MIA,LAC,home,date/team/opponent/location identity
1313,Tyler Huntley,HuntTy01,2022-12-11,BAL,@,PIT,QB,MATCHED_CANONICAL_GAME,2022_14_BAL_PIT,2022,14,REG,BAL,PIT,away,date/team/opponent/location identity
1314,Jalen Hurts,HurtJa00,2022-12-11,PHI,@,NYG,QB,MATCHED_CANONICAL_GAME,2022_14_PHI_NYG,2022,14,REG,PHI,NYG,away,date/team/opponent/location identity
1315,Daniel Jones,JoneDa05,2022-12-11,NYG,,PHI,QB,MATCHED_CANONICAL_GAME,2022_14_PHI_NYG,2022,14,REG,PHI,NYG,home,date/team/opponent/location identity
1316,Trevor Lawrence,LawrTr00,2022-12-11,JAX,@,TEN,QB,MATCHED_CANONICAL_GAME,2022_14_JAX_TEN,2022,14,REG,JAX,TEN,away,date/team/opponent/location identity
1317,Patrick Mahomes,MahoPa00,2022-12-11,KAN,@,DEN,QB,MATCHED_CANONICAL_GAME,2022_14_KC_DEN,2022,14,REG,KC,DEN,away,date/team/opponent/location identity
1318,Davis Mills,MillDa02,2022-12-11,HOU,@,DAL,QB,MATCHED_CANONICAL_GAME,2022_14_HOU_DAL,2022,14,REG,HOU,DAL,away,date/team/opponent/location identity
1319,Kenny Pickett,PickKe00,2022-12-11,PIT,,BAL,QB,MATCHED_CANONICAL_GAME,2022_14_BAL_PIT,2022,14,REG,BAL,PIT,home,date/team/opponent/location identity
1320,Dak Prescott,PresDa01,2022-12-11,DAL,,HOU,QB,MATCHED_CANONICAL_GAME,2022_14_HOU_DAL,2022,14,REG,HOU,DAL,home,date/team/opponent/location identity
1321,Brock Purdy,PurdBr00,2022-12-11,SFO,,TAM,QB,MATCHED_CANONICAL_GAME,2022_14_TB_SF,2022,14,REG,TB,SF,home,date/team/opponent/location identity
1322,Geno Smith,SmitGe00,2022-12-11,SEA,,CAR,QB,MATCHED_CANONICAL_GAME,2022_14_CAR_SEA,2022,14,REG,CAR,SEA,home,date/team/opponent/location identity
1323,Tua Tagovailoa,TagoTu00,2022-12-11,MIA,@,LAC,QB,MATCHED_CANONICAL_GAME,2022_14_MIA_LAC,2022,14,REG,MIA,LAC,away,date/team/opponent/location identity
1324,Ryan Tannehill,TannRy00,2022-12-11,TEN,,JAX,QB,MATCHED_CANONICAL_GAME,2022_14_JAX_TEN,2022,14,REG,JAX,TEN,home,date/team/opponent/location identity
1325,Deshaun Watson,WatsDe00,2022-12-11,CLE,@,CIN,QB,MATCHED_CANONICAL_GAME,2022_14_CLE_CIN,2022,14,REG,CLE,CIN,away,date/team/opponent/location identity
1326,Mike White,WhitMi01,2022-12-11,NYJ,@,BUF,QB,MATCHED_CANONICAL_GAME,2022_14_NYJ_BUF,2022,14,REG,NYJ,BUF,away,date/team/opponent/location identity
1327,Russell Wilson,WilsRu00,2022-12-11,DEN,,KAN,QB,MATCHED_CANONICAL_GAME,2022_14_KC_DEN,2022,14,REG,KC,DEN,home,date/team/opponent/location identity
1328,Derek Carr,CarrDe02,2022-12-08,LVR,@,LAR,QB,MATCHED_CANONICAL_GAME,2022_14_LV_LA,2022,14,REG,LV,LAR,away,date/team/opponent/location identity
1329,John Wolford,WolfJo00,2022-12-08,LAR,,LVR,QB,MATCHED_CANONICAL_GAME,2022_14_LV_LA,2022,14,REG,LV,LAR,home,date/team/opponent/location identity
1330,Tom Brady,BradTo00,2022-12-05,TAM,,NOR,QB,MATCHED_CANONICAL_GAME,2022_13_NO_TB,2022,13,REG,NO,TB,home,date/team/opponent/location identity
1331,Andy Dalton,DaltAn00,2022-12-05,NOR,@,TAM,QB,MATCHED_CANONICAL_GAME,2022_13_NO_TB,2022,13,REG,NO,TB,away,date/team/opponent/location identity
1332,Taysom Hill,HillTa00,2022-12-05,NOR,@,TAM,TE/QB,MATCHED_CANONICAL_GAME,2022_13_NO_TB,2022,13,REG,NO,TB,away,date/team/opponent/location identity
1333,Kyle Allen,AlleKy00,2022-12-04,HOU,,CLE,QB,MATCHED_CANONICAL_GAME,2022_13_CLE_HOU,2022,13,REG,CLE,HOU,home,date/team/opponent/location identity
1334,Joe Burrow,BurrJo01,2022-12-04,CIN,,KAN,QB,MATCHED_CANONICAL_GAME,2022_13_KC_CIN,2022,13,REG,KC,CIN,home,date/team/opponent/location identity
1335,Derek Carr,CarrDe02,2022-12-04,LVR,,LAC,QB,MATCHED_CANONICAL_GAME,2022_13_LAC_LV,2022,13,REG,LAC,LV,home,date/team/opponent/location identity
1336,Kirk Cousins,CousKi00,2022-12-04,MIN,,NYJ,QB,MATCHED_CANONICAL_GAME,2022_13_NYJ_MIN,2022,13,REG,NYJ,MIN,home,date/team/opponent/location identity
1337,Justin Fields,FielJu00,2022-12-04,CHI,,GNB,QB,MATCHED_CANONICAL_GAME,2022_13_GB_CHI,2022,13,REG,GB,CHI,home,date/team/opponent/location identity
1338,Jimmy Garoppolo,GaroJi00,2022-12-04,SFO,,MIA,QB,MATCHED_CANONICAL_GAME,2022_13_MIA_SF,2022,13,REG,MIA,SF,home,date/team/opponent/location identity
1339,Jared Goff,GoffJa00,2022-12-04,DET,,JAX,QB,MATCHED_CANONICAL_GAME,2022_13_JAX_DET,2022,13,REG,JAX,DET,home,date/team/opponent/location identity
1340,Taylor Heinicke,HeinTa00,2022-12-04,WAS,@,NYG,QB,MATCHED_CANONICAL_GAME,2022_13_WAS_NYG,2022,13,REG,WAS,NYG,away,date/team/opponent/location identity
1341,Justin Herbert,HerbJu00,2022-12-04,LAC,@,LVR,QB,MATCHED_CANONICAL_GAME,2022_13_LAC_LV,2022,13,REG,LAC,LV,away,date/team/opponent/location identity
1342,Jalen Hurts,HurtJa00,2022-12-04,PHI,,TEN,QB,MATCHED_CANONICAL_GAME,2022_13_TEN_PHI,2022,13,REG,TEN,PHI,home,date/team/opponent/location identity
1343,Lamar Jackson,JackLa00,2022-12-04,BAL,,DEN,QB,MATCHED_CANONICAL_GAME,2022_13_DEN_BAL,2022,13,REG,DEN,BAL,home,date/team/opponent/location identity
1344,Daniel Jones,JoneDa05,2022-12-04,NYG,,WAS,QB,MATCHED_CANONICAL_GAME,2022_13_WAS_NYG,2022,13,REG,WAS,NYG,home,date/team/opponent/location identity
1345,Trevor Lawrence,LawrTr00,2022-12-04,JAX,@,DET,QB,MATCHED_CANONICAL_GAME,2022_13_JAX_DET,2022,13,REG,JAX,DET,away,date/team/opponent/location identity
1346,Patrick Mahomes,MahoPa00,2022-12-04,KAN,@,CIN,QB,MATCHED_CANONICAL_GAME,2022_13_KC_CIN,2022,13,REG,KC,CIN,away,date/team/opponent/location identity
1347,Marcus Mariota,MariMa01,2022-12-04,ATL,,PIT,QB,MATCHED_CANONICAL_GAME,2022_13_PIT_ATL,2022,13,REG,PIT,ATL,home,date/team/opponent/location identity
1348,Kenny Pickett,PickKe00,2022-12-04,PIT,@,ATL,QB,MATCHED_CANONICAL_GAME,2022_13_PIT_ATL,2022,13,REG,PIT,ATL,away,date/team/opponent/location identity
1349,Dak Prescott,PresDa01,2022-12-04,DAL,,IND,QB,MATCHED_CANONICAL_GAME,2022_13_IND_DAL,2022,13,REG,IND,DAL,home,date/team/opponent/location identity
1350,Aaron Rodgers,RodgAa00,2022-12-04,GNB,@,CHI,QB,MATCHED_CANONICAL_GAME,2022_13_GB_CHI,2022,13,REG,GB,CHI,away,date/team/opponent/location identity
1351,Matt Ryan,RyanMa00,2022-12-04,IND,@,DAL,QB,MATCHED_CANONICAL_GAME,2022_13_IND_DAL,2022,13,REG,IND,DAL,away,date/team/opponent/location identity
1352,Geno Smith,SmitGe00,2022-12-04,SEA,@,LAR,QB,MATCHED_CANONICAL_GAME,2022_13_SEA_LA,2022,13,REG,SEA,LAR,away,date/team/opponent/location identity
1353,Tua Tagovailoa,TagoTu00,2022-12-04,MIA,@,SFO,QB,MATCHED_CANONICAL_GAME,2022_13_MIA_SF,2022,13,REG,MIA,SF,away,date/team/opponent/location identity
1354,Ryan Tannehill,TannRy00,2022-12-04,TEN,@,PHI,QB,MATCHED_CANONICAL_GAME,2022_13_TEN_PHI,2022,13,REG,TEN,PHI,away,date/team/opponent/location identity
1355,Deshaun Watson,WatsDe00,2022-12-04,CLE,@,HOU,QB,MATCHED_CANONICAL_GAME,2022_13_CLE_HOU,2022,13,REG,CLE,HOU,away,date/team/opponent/location identity
1356,Mike White,WhitMi01,2022-12-04,NYJ,@,MIN,QB,MATCHED_CANONICAL_GAME,2022_13_NYJ_MIN,2022,13,REG,NYJ,MIN,away,date/team/opponent/location identity
1357,Russell Wilson,WilsRu00,2022-12-04,DEN,@,BAL,QB,MATCHED_CANONICAL_GAME,2022_13_DEN_BAL,2022,13,REG,DEN,BAL,away,date/team/opponent/location identity
1358,John Wolford,WolfJo00,2022-12-04,LAR,,SEA,QB,MATCHED_CANONICAL_GAME,2022_13_SEA_LA,2022,13,REG,SEA,LAR,home,date/team/opponent/location identity
1359,Josh Allen,AlleJo02,2022-12-01,BUF,@,NWE,QB,MATCHED_CANONICAL_GAME,2022_13_BUF_NE,2022,13,REG,BUF,NE,away,date/team/opponent/location identity
1360,Mac Jones,JoneMa05,2022-12-01,NWE,,BUF,QB,MATCHED_CANONICAL_GAME,2022_13_BUF_NE,2022,13,REG,BUF,NE,home,date/team/opponent/location identity
1361,Kenny Pickett,PickKe00,2022-11-28,PIT,@,IND,QB,MATCHED_CANONICAL_GAME,2022_12_PIT_IND,2022,12,REG,PIT,IND,away,date/team/opponent/location identity
1362,Matt Ryan,RyanMa00,2022-11-28,IND,,PIT,QB,MATCHED_CANONICAL_GAME,2022_12_PIT_IND,2022,12,REG,PIT,IND,home,date/team/opponent/location identity
1363,Kyle Allen,AlleKy00,2022-11-27,HOU,@,MIA,QB,MATCHED_CANONICAL_GAME,2022_12_HOU_MIA,2022,12,REG,HOU,MIA,away,date/team/opponent/location identity
1364,Tom Brady,BradTo00,2022-11-27,TAM,@,CLE,QB,MATCHED_CANONICAL_GAME,2022_12_TB_CLE,2022,12,REG,TB,CLE,away,date/team/opponent/location identity
1365,Jacoby Brissett,BrisJa00,2022-11-27,CLE,,TAM,QB,MATCHED_CANONICAL_GAME,2022_12_TB_CLE,2022,12,REG,TB,CLE,home,date/team/opponent/location identity
1366,Joe Burrow,BurrJo01,2022-11-27,CIN,@,TEN,QB,MATCHED_CANONICAL_GAME,2022_12_CIN_TEN,2022,12,REG,CIN,TEN,away,date/team/opponent/location identity
1367,Derek Carr,CarrDe02,2022-11-27,LVR,@,SEA,QB,MATCHED_CANONICAL_GAME,2022_12_LV_SEA,2022,12,REG,LV,SEA,away,date/team/opponent/location identity
1368,Andy Dalton,DaltAn00,2022-11-27,NOR,@,SFO,QB,MATCHED_CANONICAL_GAME,2022_12_NO_SF,2022,12,REG,NO,SF,away,date/team/opponent/location identity
1369,Sam Darnold,DarnSa00,2022-11-27,CAR,,DEN,QB,MATCHED_CANONICAL_GAME,2022_12_DEN_CAR,2022,12,REG,DEN,CAR,home,date/team/opponent/location identity
1370,Jimmy Garoppolo,GaroJi00,2022-11-27,SFO,,NOR,QB,MATCHED_CANONICAL_GAME,2022_12_NO_SF,2022,12,REG,NO,SF,home,date/team/opponent/location identity
1371,Taylor Heinicke,HeinTa00,2022-11-27,WAS,,ATL,QB,MATCHED_CANONICAL_GAME,2022_12_ATL_WAS,2022,12,REG,ATL,WAS,home,date/team/opponent/location identity
1372,Justin Herbert,HerbJu00,2022-11-27,LAC,@,ARI,QB,MATCHED_CANONICAL_GAME,2022_12_LAC_ARI,2022,12,REG,LAC,ARI,away,date/team/opponent/location identity
1373,Taysom Hill,HillTa00,2022-11-27,NOR,@,SFO,TE/QB,MATCHED_CANONICAL_GAME,2022_12_NO_SF,2022,12,REG,NO,SF,away,date/team/opponent/location identity
1374,Jalen Hurts,HurtJa00,2022-11-27,PHI,,GNB,QB,MATCHED_CANONICAL_GAME,2022_12_GB_PHI,2022,12,REG,GB,PHI,home,date/team/opponent/location identity
1375,Lamar Jackson,JackLa00,2022-11-27,BAL,@,JAX,QB,MATCHED_CANONICAL_GAME,2022_12_BAL_JAX,2022,12,REG,BAL,JAX,away,date/team/opponent/location identity
1376,Trevor Lawrence,LawrTr00,2022-11-27,JAX,,BAL,QB,MATCHED_CANONICAL_GAME,2022_12_BAL_JAX,2022,12,REG,BAL,JAX,home,date/team/opponent/location identity
1377,Patrick Mahomes,MahoPa00,2022-11-27,KAN,,LAR,QB,MATCHED_CANONICAL_GAME,2022_12_LA_KC,2022,12,REG,LAR,KC,home,date/team/opponent/location identity
1378,Marcus Mariota,MariMa01,2022-11-27,ATL,@,WAS,QB,MATCHED_CANONICAL_GAME,2022_12_ATL_WAS,2022,12,REG,ATL,WAS,away,date/team/opponent/location identity
1379,Kyler Murray,MurrKy00,2022-11-27,ARI,,LAC,QB,MATCHED_CANONICAL_GAME,2022_12_LAC_ARI,2022,12,REG,LAC,ARI,home,date/team/opponent/location identity
1380,Bryce Perkins,PerkBr02,2022-11-27,LAR,@,KAN,QB,MATCHED_CANONICAL_GAME,2022_12_LA_KC,2022,12,REG,LAR,KC,away,date/team/opponent/location identity
1381,Aaron Rodgers,RodgAa00,2022-11-27,GNB,@,PHI,QB,MATCHED_CANONICAL_GAME,2022_12_GB_PHI,2022,12,REG,GB,PHI,away,date/team/opponent/location identity
1382,Trevor Siemian,SiemTr00,2022-11-27,CHI,@,NYJ,QB,MATCHED_CANONICAL_GAME,2022_12_CHI_NYJ,2022,12,REG,CHI,NYJ,away,date/team/opponent/location identity
1383,Geno Smith,SmitGe00,2022-11-27,SEA,,LVR,QB,MATCHED_CANONICAL_GAME,2022_12_LV_SEA,2022,12,REG,LV,SEA,home,date/team/opponent/location identity
1384,Tua Tagovailoa,TagoTu00,2022-11-27,MIA,,HOU,QB,MATCHED_CANONICAL_GAME,2022_12_HOU_MIA,2022,12,REG,HOU,MIA,home,date/team/opponent/location identity
1385,Ryan Tannehill,TannRy00,2022-11-27,TEN,,CIN,QB,MATCHED_CANONICAL_GAME,2022_12_CIN_TEN,2022,12,REG,CIN,TEN,home,date/team/opponent/location identity
1386,Mike White,WhitMi01,2022-11-27,NYJ,,CHI,QB,MATCHED_CANONICAL_GAME,2022_12_CHI_NYJ,2022,12,REG,CHI,NYJ,home,date/team/opponent/location identity
1387,Russell Wilson,WilsRu00,2022-11-27,DEN,@,CAR,QB,MATCHED_CANONICAL_GAME,2022_12_DEN_CAR,2022,12,REG,DEN,CAR,away,date/team/opponent/location identity
1388,Josh Allen,AlleJo02,2022-11-24,BUF,@,DET,QB,MATCHED_CANONICAL_GAME,2022_12_BUF_DET,2022,12,REG,BUF,DET,away,date/team/opponent/location identity
1389,Kirk Cousins,CousKi00,2022-11-24,MIN,,NWE,QB,MATCHED_CANONICAL_GAME,2022_12_NE_MIN,2022,12,REG,NE,MIN,home,date/team/opponent/location identity
1390,Jared Goff,GoffJa00,2022-11-24,DET,,BUF,QB,MATCHED_CANONICAL_GAME,2022_12_BUF_DET,2022,12,REG,BUF,DET,home,date/team/opponent/location identity
1391,Daniel Jones,JoneDa05,2022-11-24,NYG,@,DAL,QB,MATCHED_CANONICAL_GAME,2022_12_NYG_DAL,2022,12,REG,NYG,DAL,away,date/team/opponent/location identity
1392,Mac Jones,JoneMa05,2022-11-24,NWE,@,MIN,QB,MATCHED_CANONICAL_GAME,2022_12_NE_MIN,2022,12,REG,NE,MIN,away,date/team/opponent/location identity
1393,Dak Prescott,PresDa01,2022-11-24,DAL,,NYG,QB,MATCHED_CANONICAL_GAME,2022_12_NYG_DAL,2022,12,REG,NYG,DAL,home,date/team/opponent/location identity
1394,Jimmy Garoppolo,GaroJi00,2022-11-21,SFO,@,ARI,QB,MATCHED_CANONICAL_GAME,2022_11_SF_ARI,2022,11,REG,SF,ARI,away,date/team/opponent/location identity
1395,Colt McCoy,McCoCo00,2022-11-21,ARI,,SFO,QB,MATCHED_CANONICAL_GAME,2022_11_SF_ARI,2022,11,REG,SF,ARI,home,date/team/opponent/location identity
1396,Josh Allen,AlleJo02,2022-11-20,BUF,,CLE,QB,MATCHED_CANONICAL_GAME,2022_11_CLE_BUF,2022,11,REG,CLE,BUF,home,date/team/opponent/location identity
1397,Jacoby Brissett,BrisJa00,2022-11-20,CLE,@,BUF,QB,MATCHED_CANONICAL_GAME,2022_11_CLE_BUF,2022,11,REG,CLE,BUF,away,date/team/opponent/location identity
1398,Joe Burrow,BurrJo01,2022-11-20,CIN,@,PIT,QB,MATCHED_CANONICAL_GAME,2022_11_CIN_PIT,2022,11,REG,CIN,PIT,away,date/team/opponent/location identity
1399,Derek Carr,CarrDe02,2022-11-20,LVR,@,DEN,QB,MATCHED_CANONICAL_GAME,2022_11_LV_DEN,2022,11,REG,LV,DEN,away,date/team/opponent/location identity
1400,Kirk Cousins,CousKi00,2022-11-20,MIN,,DAL,QB,MATCHED_CANONICAL_GAME,2022_11_DAL_MIN,2022,11,REG,DAL,MIN,home,date/team/opponent/location identity
1401,Andy Dalton,DaltAn00,2022-11-20,NOR,,LAR,QB,MATCHED_CANONICAL_GAME,2022_11_LA_NO,2022,11,REG,LAR,NO,home,date/team/opponent/location identity
1402,Justin Fields,FielJu00,2022-11-20,CHI,@,ATL,QB,MATCHED_CANONICAL_GAME,2022_11_CHI_ATL,2022,11,REG,CHI,ATL,away,date/team/opponent/location identity
1403,Jared Goff,GoffJa00,2022-11-20,DET,@,NYG,QB,MATCHED_CANONICAL_GAME,2022_11_DET_NYG,2022,11,REG,DET,NYG,away,date/team/opponent/location identity
1404,Taylor Heinicke,HeinTa00,2022-11-20,WAS,@,HOU,QB,MATCHED_CANONICAL_GAME,2022_11_WAS_HOU,2022,11,REG,WAS,HOU,away,date/team/opponent/location identity
1405,Justin Herbert,HerbJu00,2022-11-20,LAC,,KAN,QB,MATCHED_CANONICAL_GAME,2022_11_KC_LAC,2022,11,REG,KC,LAC,home,date/team/opponent/location identity
1406,Taysom Hill,HillTa00,2022-11-20,NOR,,LAR,TE/QB,MATCHED_CANONICAL_GAME,2022_11_LA_NO,2022,11,REG,LAR,NO,home,date/team/opponent/location identity
1407,Jalen Hurts,HurtJa00,2022-11-20,PHI,@,IND,QB,MATCHED_CANONICAL_GAME,2022_11_PHI_IND,2022,11,REG,PHI,IND,away,date/team/opponent/location identity
1408,Lamar Jackson,JackLa00,2022-11-20,BAL,,CAR,QB,MATCHED_CANONICAL_GAME,2022_11_CAR_BAL,2022,11,REG,CAR,BAL,home,date/team/opponent/location identity
1409,Daniel Jones,JoneDa05,2022-11-20,NYG,,DET,QB,MATCHED_CANONICAL_GAME,2022_11_DET_NYG,2022,11,REG,DET,NYG,home,date/team/opponent/location identity
1410,Mac Jones,JoneMa05,2022-11-20,NWE,,NYJ,QB,MATCHED_CANONICAL_GAME,2022_11_NYJ_NE,2022,11,REG,NYJ,NE,home,date/team/opponent/location identity
1411,Patrick Mahomes,MahoPa00,2022-11-20,KAN,@,LAC,QB,MATCHED_CANONICAL_GAME,2022_11_KC_LAC,2022,11,REG,KC,LAC,away,date/team/opponent/location identity
1412,Marcus Mariota,MariMa01,2022-11-20,ATL,,CHI,QB,MATCHED_CANONICAL_GAME,2022_11_CHI_ATL,2022,11,REG,CHI,ATL,home,date/team/opponent/location identity
1413,Baker Mayfield,MayfBa00,2022-11-20,CAR,@,BAL,QB,MATCHED_CANONICAL_GAME,2022_11_CAR_BAL,2022,11,REG,CAR,BAL,away,date/team/opponent/location identity
1414,Davis Mills,MillDa02,2022-11-20,HOU,,WAS,QB,MATCHED_CANONICAL_GAME,2022_11_WAS_HOU,2022,11,REG,WAS,HOU,home,date/team/opponent/location identity
1415,Kenny Pickett,PickKe00,2022-11-20,PIT,,CIN,QB,MATCHED_CANONICAL_GAME,2022_11_CIN_PIT,2022,11,REG,CIN,PIT,home,date/team/opponent/location identity
1416,Dak Prescott,PresDa01,2022-11-20,DAL,@,MIN,QB,MATCHED_CANONICAL_GAME,2022_11_DAL_MIN,2022,11,REG,DAL,MIN,away,date/team/opponent/location identity
1417,Matt Ryan,RyanMa00,2022-11-20,IND,,PHI,QB,MATCHED_CANONICAL_GAME,2022_11_PHI_IND,2022,11,REG,PHI,IND,home,date/team/opponent/location identity
1418,Matthew Stafford,StafMa00,2022-11-20,LAR,@,NOR,QB,MATCHED_CANONICAL_GAME,2022_11_LA_NO,2022,11,REG,LAR,NO,away,date/team/opponent/location identity
1419,Russell Wilson,WilsRu00,2022-11-20,DEN,,LVR,QB,MATCHED_CANONICAL_GAME,2022_11_LV_DEN,2022,11,REG,LV,DEN,home,date/team/opponent/location identity
1420,Zach Wilson,WilsZa00,2022-11-20,NYJ,@,NWE,QB,MATCHED_CANONICAL_GAME,2022_11_NYJ_NE,2022,11,REG,NYJ,NE,away,date/team/opponent/location identity
1421,Aaron Rodgers,RodgAa00,2022-11-17,GNB,,TEN,QB,MATCHED_CANONICAL_GAME,2022_11_TEN_GB,2022,11,REG,TEN,GB,home,date/team/opponent/location identity
1422,Ryan Tannehill,TannRy00,2022-11-17,TEN,@,GNB,QB,MATCHED_CANONICAL_GAME,2022_11_TEN_GB,2022,11,REG,TEN,GB,away,date/team/opponent/location identity
1423,Taylor Heinicke,HeinTa00,2022-11-14,WAS,@,PHI,QB,MATCHED_CANONICAL_GAME,2022_10_WAS_PHI,2022,10,REG,WAS,PHI,away,date/team/opponent/location identity
1424,Jalen Hurts,HurtJa00,2022-11-14,PHI,,WAS,QB,MATCHED_CANONICAL_GAME,2022_10_WAS_PHI,2022,10,REG,WAS,PHI,home,date/team/opponent/location identity
1425,Josh Allen,AlleJo02,2022-11-13,BUF,,MIN,QB,MATCHED_CANONICAL_GAME,2022_10_MIN_BUF,2022,10,REG,MIN,BUF,home,date/team/opponent/location identity
1426,Tom Brady,BradTo00,2022-11-13,TAM,,SEA,QB,MATCHED_CANONICAL_GAME,2022_10_SEA_TB,2022,10,REG,SEA,TB,home,date/team/opponent/location identity
1427,Jacoby Brissett,BrisJa00,2022-11-13,CLE,@,MIA,QB,MATCHED_CANONICAL_GAME,2022_10_CLE_MIA,2022,10,REG,CLE,MIA,away,date/team/opponent/location identity
1428,Derek Carr,CarrDe02,2022-11-13,LVR,,IND,QB,MATCHED_CANONICAL_GAME,2022_10_IND_LV,2022,10,REG,IND,LV,home,date/team/opponent/location identity
1429,Kirk Cousins,CousKi00,2022-11-13,MIN,@,BUF,QB,MATCHED_CANONICAL_GAME,2022_10_MIN_BUF,2022,10,REG,MIN,BUF,away,date/team/opponent/location identity
1430,Andy Dalton,DaltAn00,2022-11-13,NOR,@,PIT,QB,MATCHED_CANONICAL_GAME,2022_10_NO_PIT,2022,10,REG,NO,PIT,away,date/team/opponent/location identity
1431,Justin Fields,FielJu00,2022-11-13,CHI,,DET,QB,MATCHED_CANONICAL_GAME,2022_10_DET_CHI,2022,10,REG,DET,CHI,home,date/team/opponent/location identity
1432,Jimmy Garoppolo,GaroJi00,2022-11-13,SFO,,LAC,QB,MATCHED_CANONICAL_GAME,2022_10_LAC_SF,2022,10,REG,LAC,SF,home,date/team/opponent/location identity
1433,Jared Goff,GoffJa00,2022-11-13,DET,@,CHI,QB,MATCHED_CANONICAL_GAME,2022_10_DET_CHI,2022,10,REG,DET,CHI,away,date/team/opponent/location identity
1434,Justin Herbert,HerbJu00,2022-11-13,LAC,@,SFO,QB,MATCHED_CANONICAL_GAME,2022_10_LAC_SF,2022,10,REG,LAC,SF,away,date/team/opponent/location identity
1435,Taysom Hill,HillTa00,2022-11-13,NOR,@,PIT,TE/QB,MATCHED_CANONICAL_GAME,2022_10_NO_PIT,2022,10,REG,NO,PIT,away,date/team/opponent/location identity
1436,Daniel Jones,JoneDa05,2022-11-13,NYG,,HOU,QB,MATCHED_CANONICAL_GAME,2022_10_HOU_NYG,2022,10,REG,HOU,NYG,home,date/team/opponent/location identity
1437,Trevor Lawrence,LawrTr00,2022-11-13,JAX,@,KAN,QB,MATCHED_CANONICAL_GAME,2022_10_JAX_KC,2022,10,REG,JAX,KC,away,date/team/opponent/location identity
1438,Patrick Mahomes,MahoPa00,2022-11-13,KAN,,JAX,QB,MATCHED_CANONICAL_GAME,2022_10_JAX_KC,2022,10,REG,JAX,KC,home,date/team/opponent/location identity
1439,Colt McCoy,McCoCo00,2022-11-13,ARI,@,LAR,QB,MATCHED_CANONICAL_GAME,2022_10_ARI_LA,2022,10,REG,ARI,LAR,away,date/team/opponent/location identity
1440,Davis Mills,MillDa02,2022-11-13,HOU,@,NYG,QB,MATCHED_CANONICAL_GAME,2022_10_HOU_NYG,2022,10,REG,HOU,NYG,away,date/team/opponent/location identity
1441,Kenny Pickett,PickKe00,2022-11-13,PIT,,NOR,QB,MATCHED_CANONICAL_GAME,2022_10_NO_PIT,2022,10,REG,NO,PIT,home,date/team/opponent/location identity
1442,Dak Prescott,PresDa01,2022-11-13,DAL,@,GNB,QB,MATCHED_CANONICAL_GAME,2022_10_DAL_GB,2022,10,REG,DAL,GB,away,date/team/opponent/location identity
1443,Aaron Rodgers,RodgAa00,2022-11-13,GNB,,DAL,QB,MATCHED_CANONICAL_GAME,2022_10_DAL_GB,2022,10,REG,DAL,GB,home,date/team/opponent/location identity
1444,Matt Ryan,RyanMa00,2022-11-13,IND,@,LVR,QB,MATCHED_CANONICAL_GAME,2022_10_IND_LV,2022,10,REG,IND,LV,away,date/team/opponent/location identity
1445,Geno Smith,SmitGe00,2022-11-13,SEA,@,TAM,QB,MATCHED_CANONICAL_GAME,2022_10_SEA_TB,2022,10,REG,SEA,TB,away,date/team/opponent/location identity
1446,Tua Tagovailoa,TagoTu00,2022-11-13,MIA,,CLE,QB,MATCHED_CANONICAL_GAME,2022_10_CLE_MIA,2022,10,REG,CLE,MIA,home,date/team/opponent/location identity
1447,Ryan Tannehill,TannRy00,2022-11-13,TEN,,DEN,QB,MATCHED_CANONICAL_GAME,2022_10_DEN_TEN,2022,10,REG,DEN,TEN,home,date/team/opponent/location identity
1448,Russell Wilson,WilsRu00,2022-11-13,DEN,@,TEN,QB,MATCHED_CANONICAL_GAME,2022_10_DEN_TEN,2022,10,REG,DEN,TEN,away,date/team/opponent/location identity
1449,John Wolford,WolfJo00,2022-11-13,LAR,,ARI,QB,MATCHED_CANONICAL_GAME,2022_10_ARI_LA,2022,10,REG,ARI,LAR,home,date/team/opponent/location identity
1450,Marcus Mariota,MariMa01,2022-11-10,ATL,@,CAR,QB,MATCHED_CANONICAL_GAME,2022_10_ATL_CAR,2022,10,REG,ATL,CAR,away,date/team/opponent/location identity
1451,P.J. Walker,WalkPh00,2022-11-10,CAR,,ATL,QB,MATCHED_CANONICAL_GAME,2022_10_ATL_CAR,2022,10,REG,ATL,CAR,home,date/team/opponent/location identity
1452,Andy Dalton,DaltAn00,2022-11-07,NOR,,BAL,QB,MATCHED_CANONICAL_GAME,2022_09_BAL_NO,2022,9,REG,BAL,NO,home,date/team/opponent/location identity
1453,Taysom Hill,HillTa00,2022-11-07,NOR,,BAL,TE/QB,MATCHED_CANONICAL_GAME,2022_09_BAL_NO,2022,9,REG,BAL,NO,home,date/team/opponent/location identity
1454,Lamar Jackson,JackLa00,2022-11-07,BAL,@,NOR,QB,MATCHED_CANONICAL_GAME,2022_09_BAL_NO,2022,9,REG,BAL,NO,away,date/team/opponent/location identity
1455,Josh Allen,AlleJo02,2022-11-06,BUF,@,NYJ,QB,MATCHED_CANONICAL_GAME,2022_09_BUF_NYJ,2022,9,REG,BUF,NYJ,away,date/team/opponent/location identity
1456,Tom Brady,BradTo00,2022-11-06,TAM,,LAR,QB,MATCHED_CANONICAL_GAME,2022_09_LA_TB,2022,9,REG,LAR,TB,home,date/team/opponent/location identity
1457,Joe Burrow,BurrJo01,2022-11-06,CIN,,CAR,QB,MATCHED_CANONICAL_GAME,2022_09_CAR_CIN,2022,9,REG,CAR,CIN,home,date/team/opponent/location identity
1458,Derek Carr,CarrDe02,2022-11-06,LVR,@,JAX,QB,MATCHED_CANONICAL_GAME,2022_09_LV_JAX,2022,9,REG,LV,JAX,away,date/team/opponent/location identity
1459,Kirk Cousins,CousKi00,2022-11-06,MIN,@,WAS,QB,MATCHED_CANONICAL_GAME,2022_09_MIN_WAS,2022,9,REG,MIN,WAS,away,date/team/opponent/location identity
1460,Sam Ehlinger,EhliSa00,2022-11-06,IND,@,NWE,QB,MATCHED_CANONICAL_GAME,2022_09_IND_NE,2022,9,REG,IND,NE,away,date/team/opponent/location identity
1461,Justin Fields,FielJu00,2022-11-06,CHI,,MIA,QB,MATCHED_CANONICAL_GAME,2022_09_MIA_CHI,2022,9,REG,MIA,CHI,home,date/team/opponent/location identity
1462,Jared Goff,GoffJa00,2022-11-06,DET,,GNB,QB,MATCHED_CANONICAL_GAME,2022_09_GB_DET,2022,9,REG,GB,DET,home,date/team/opponent/location identity
1463,Taylor Heinicke,HeinTa00,2022-11-06,WAS,,MIN,QB,MATCHED_CANONICAL_GAME,2022_09_MIN_WAS,2022,9,REG,MIN,WAS,home,date/team/opponent/location identity
1464,Justin Herbert,HerbJu00,2022-11-06,LAC,@,ATL,QB,MATCHED_CANONICAL_GAME,2022_09_LAC_ATL,2022,9,REG,LAC,ATL,away,date/team/opponent/location identity
1465,Mac Jones,JoneMa05,2022-11-06,NWE,,IND,QB,MATCHED_CANONICAL_GAME,2022_09_IND_NE,2022,9,REG,IND,NE,home,date/team/opponent/location identity
1466,Trevor Lawrence,LawrTr00,2022-11-06,JAX,,LVR,QB,MATCHED_CANONICAL_GAME,2022_09_LV_JAX,2022,9,REG,LV,JAX,home,date/team/opponent/location identity
1467,Patrick Mahomes,MahoPa00,2022-11-06,KAN,,TEN,QB,MATCHED_CANONICAL_GAME,2022_09_TEN_KC,2022,9,REG,TEN,KC,home,date/team/opponent/location identity
1468,Marcus Mariota,MariMa01,2022-11-06,ATL,,LAC,QB,MATCHED_CANONICAL_GAME,2022_09_LAC_ATL,2022,9,REG,LAC,ATL,home,date/team/opponent/location identity
1469,Kyler Murray,MurrKy00,2022-11-06,ARI,,SEA,QB,MATCHED_CANONICAL_GAME,2022_09_SEA_ARI,2022,9,REG,SEA,ARI,home,date/team/opponent/location identity
1470,Aaron Rodgers,RodgAa00,2022-11-06,GNB,@,DET,QB,MATCHED_CANONICAL_GAME,2022_09_GB_DET,2022,9,REG,GB,DET,away,date/team/opponent/location identity
1471,Geno Smith,SmitGe00,2022-11-06,SEA,@,ARI,QB,MATCHED_CANONICAL_GAME,2022_09_SEA_ARI,2022,9,REG,SEA,ARI,away,date/team/opponent/location identity
1472,Matthew Stafford,StafMa00,2022-11-06,LAR,@,TAM,QB,MATCHED_CANONICAL_GAME,2022_09_LA_TB,2022,9,REG,LAR,TB,away,date/team/opponent/location identity
1473,Tua Tagovailoa,TagoTu00,2022-11-06,MIA,@,CHI,QB,MATCHED_CANONICAL_GAME,2022_09_MIA_CHI,2022,9,REG,MIA,CHI,away,date/team/opponent/location identity
1474,P.J. Walker,WalkPh00,2022-11-06,CAR,@,CIN,QB,MATCHED_CANONICAL_GAME,2022_09_CAR_CIN,2022,9,REG,CAR,CIN,away,date/team/opponent/location identity
1475,Malik Willis,WillMa12,2022-11-06,TEN,@,KAN,QB,MATCHED_CANONICAL_GAME,2022_09_TEN_KC,2022,9,REG,TEN,KC,away,date/team/opponent/location identity
1476,Zach Wilson,WilsZa00,2022-11-06,NYJ,,BUF,QB,MATCHED_CANONICAL_GAME,2022_09_BUF_NYJ,2022,9,REG,BUF,NYJ,home,date/team/opponent/location identity
1477,Jalen Hurts,HurtJa00,2022-11-03,PHI,@,HOU,QB,MATCHED_CANONICAL_GAME,2022_09_PHI_HOU,2022,9,REG,PHI,HOU,away,date/team/opponent/location identity
1478,Davis Mills,MillDa02,2022-11-03,HOU,,PHI,QB,MATCHED_CANONICAL_GAME,2022_09_PHI_HOU,2022,9,REG,PHI,HOU,home,date/team/opponent/location identity
1479,Jacoby Brissett,BrisJa00,2022-10-31,CLE,,CIN,QB,MATCHED_CANONICAL_GAME,2022_08_CIN_CLE,2022,8,REG,CIN,CLE,home,date/team/opponent/location identity
1480,Joe Burrow,BurrJo01,2022-10-31,CIN,@,CLE,QB,MATCHED_CANONICAL_GAME,2022_08_CIN_CLE,2022,8,REG,CIN,CLE,away,date/team/opponent/location identity
1481,Josh Allen,AlleJo02,2022-10-30,BUF,,GNB,QB,MATCHED_CANONICAL_GAME,2022_08_GB_BUF,2022,8,REG,GB,BUF,home,date/team/opponent/location identity
1482,Derek Carr,CarrDe02,2022-10-30,LVR,@,NOR,QB,MATCHED_CANONICAL_GAME,2022_08_LV_NO,2022,8,REG,LV,NO,away,date/team/opponent/location identity
1483,Kirk Cousins,CousKi00,2022-10-30,MIN,,ARI,QB,MATCHED_CANONICAL_GAME,2022_08_ARI_MIN,2022,8,REG,ARI,MIN,home,date/team/opponent/location identity
1484,Andy Dalton,DaltAn00,2022-10-30,NOR,,LVR,QB,MATCHED_CANONICAL_GAME,2022_08_LV_NO,2022,8,REG,LV,NO,home,date/team/opponent/location identity
1485,Sam Ehlinger,EhliSa00,2022-10-30,IND,,WAS,QB,MATCHED_CANONICAL_GAME,2022_08_WAS_IND,2022,8,REG,WAS,IND,home,date/team/opponent/location identity
1486,Justin Fields,FielJu00,2022-10-30,CHI,@,DAL,QB,MATCHED_CANONICAL_GAME,2022_08_CHI_DAL,2022,8,REG,CHI,DAL,away,date/team/opponent/location identity
1487,Jimmy Garoppolo,GaroJi00,2022-10-30,SFO,@,LAR,QB,MATCHED_CANONICAL_GAME,2022_08_SF_LA,2022,8,REG,SF,LAR,away,date/team/opponent/location identity
1488,Jared Goff,GoffJa00,2022-10-30,DET,,MIA,QB,MATCHED_CANONICAL_GAME,2022_08_MIA_DET,2022,8,REG,MIA,DET,home,date/team/opponent/location identity
1489,Taylor Heinicke,HeinTa00,2022-10-30,WAS,@,IND,QB,MATCHED_CANONICAL_GAME,2022_08_WAS_IND,2022,8,REG,WAS,IND,away,date/team/opponent/location identity
1490,Jalen Hurts,HurtJa00,2022-10-30,PHI,,PIT,QB,MATCHED_CANONICAL_GAME,2022_08_PIT_PHI,2022,8,REG,PIT,PHI,home,date/team/opponent/location identity
1491,Daniel Jones,JoneDa05,2022-10-30,NYG,@,SEA,QB,MATCHED_CANONICAL_GAME,2022_08_NYG_SEA,2022,8,REG,NYG,SEA,away,date/team/opponent/location identity
1492,Mac Jones,JoneMa05,2022-10-30,NWE,@,NYJ,QB,MATCHED_CANONICAL_GAME,2022_08_NE_NYJ,2022,8,REG,NE,NYJ,away,date/team/opponent/location identity
1493,Trevor Lawrence,LawrTr00,2022-10-30,JAX,,DEN,QB,MATCHED_CANONICAL_GAME,2022_08_DEN_JAX,2022,8,REG,DEN,JAX,home,date/team/opponent/location identity
1494,Marcus Mariota,MariMa01,2022-10-30,ATL,,CAR,QB,MATCHED_CANONICAL_GAME,2022_08_CAR_ATL,2022,8,REG,CAR,ATL,home,date/team/opponent/location identity
1495,Davis Mills,MillDa02,2022-10-30,HOU,,TEN,QB,MATCHED_CANONICAL_GAME,2022_08_TEN_HOU,2022,8,REG,TEN,HOU,home,date/team/opponent/location identity
1496,Kyler Murray,MurrKy00,2022-10-30,ARI,@,MIN,QB,MATCHED_CANONICAL_GAME,2022_08_ARI_MIN,2022,8,REG,ARI,MIN,away,date/team/opponent/location identity
1497,Kenny Pickett,PickKe00,2022-10-30,PIT,@,PHI,QB,MATCHED_CANONICAL_GAME,2022_08_PIT_PHI,2022,8,REG,PIT,PHI,away,date/team/opponent/location identity
1498,Dak Prescott,PresDa01,2022-10-30,DAL,,CHI,QB,MATCHED_CANONICAL_GAME,2022_08_CHI_DAL,2022,8,REG,CHI,DAL,home,date/team/opponent/location identity
1499,Aaron Rodgers,RodgAa00,2022-10-30,GNB,@,BUF,QB,MATCHED_CANONICAL_GAME,2022_08_GB_BUF,2022,8,REG,GB,BUF,away,date/team/opponent/location identity
1500,Geno Smith,SmitGe00,2022-10-30,SEA,,NYG,QB,MATCHED_CANONICAL_GAME,2022_08_NYG_SEA,2022,8,REG,NYG,SEA,home,date/team/opponent/location identity
1501,Matthew Stafford,StafMa00,2022-10-30,LAR,,SFO,QB,MATCHED_CANONICAL_GAME,2022_08_SF_LA,2022,8,REG,SF,LAR,home,date/team/opponent/location identity
1502,Tua Tagovailoa,TagoTu00,2022-10-30,MIA,@,DET,QB,MATCHED_CANONICAL_GAME,2022_08_MIA_DET,2022,8,REG,MIA,DET,away,date/team/opponent/location identity
1503,P.J. Walker,WalkPh00,2022-10-30,CAR,@,ATL,QB,MATCHED_CANONICAL_GAME,2022_08_CAR_ATL,2022,8,REG,CAR,ATL,away,date/team/opponent/location identity
1504,Malik Willis,WillMa12,2022-10-30,TEN,@,HOU,QB,MATCHED_CANONICAL_GAME,2022_08_TEN_HOU,2022,8,REG,TEN,HOU,away,date/team/opponent/location identity
1505,Russell Wilson,WilsRu00,2022-10-30,DEN,@,JAX,QB,MATCHED_CANONICAL_GAME,2022_08_DEN_JAX,2022,8,REG,DEN,JAX,away,date/team/opponent/location identity
1506,Zach Wilson,WilsZa00,2022-10-30,NYJ,,NWE,QB,MATCHED_CANONICAL_GAME,2022_08_NE_NYJ,2022,8,REG,NE,NYJ,home,date/team/opponent/location identity
1507,Tom Brady,BradTo00,2022-10-27,TAM,,BAL,QB,MATCHED_CANONICAL_GAME,2022_08_BAL_TB,2022,8,REG,BAL,TB,home,date/team/opponent/location identity
1508,Lamar Jackson,JackLa00,2022-10-27,BAL,@,TAM,QB,MATCHED_CANONICAL_GAME,2022_08_BAL_TB,2022,8,REG,BAL,TB,away,date/team/opponent/location identity
1509,Justin Fields,FielJu00,2022-10-24,CHI,@,NWE,QB,MATCHED_CANONICAL_GAME,2022_07_CHI_NE,2022,7,REG,CHI,NE,away,date/team/opponent/location identity
1510,Mac Jones,JoneMa05,2022-10-24,NWE,,CHI,QB,MATCHED_CANONICAL_GAME,2022_07_CHI_NE,2022,7,REG,CHI,NE,home,date/team/opponent/location identity
1511,Tom Brady,BradTo00,2022-10-23,TAM,@,CAR,QB,MATCHED_CANONICAL_GAME,2022_07_TB_CAR,2022,7,REG,TB,CAR,away,date/team/opponent/location identity
1512,Jacoby Brissett,BrisJa00,2022-10-23,CLE,@,BAL,QB,MATCHED_CANONICAL_GAME,2022_07_CLE_BAL,2022,7,REG,CLE,BAL,away,date/team/opponent/location identity
1513,Joe Burrow,BurrJo01,2022-10-23,CIN,,ATL,QB,MATCHED_CANONICAL_GAME,2022_07_ATL_CIN,2022,7,REG,ATL,CIN,home,date/team/opponent/location identity
1514,Derek Carr,CarrDe02,2022-10-23,LVR,,HOU,QB,MATCHED_CANONICAL_GAME,2022_07_HOU_LV,2022,7,REG,HOU,LV,home,date/team/opponent/location identity
1515,Feleipe Franks,FranFe00,2022-10-23,ATL,@,CIN,QB,MATCHED_CANONICAL_GAME,2022_07_ATL_CIN,2022,7,REG,ATL,CIN,away,date/team/opponent/location identity
1516,Jimmy Garoppolo,GaroJi00,2022-10-23,SFO,,KAN,QB,MATCHED_CANONICAL_GAME,2022_07_KC_SF,2022,7,REG,KC,SF,home,date/team/opponent/location identity
1517,Jared Goff,GoffJa00,2022-10-23,DET,@,DAL,QB,MATCHED_CANONICAL_GAME,2022_07_DET_DAL,2022,7,REG,DET,DAL,away,date/team/opponent/location identity
1518,Taylor Heinicke,HeinTa00,2022-10-23,WAS,,GNB,QB,MATCHED_CANONICAL_GAME,2022_07_GB_WAS,2022,7,REG,GB,WAS,home,date/team/opponent/location identity
1519,Justin Herbert,HerbJu00,2022-10-23,LAC,,SEA,QB,MATCHED_CANONICAL_GAME,2022_07_SEA_LAC,2022,7,REG,SEA,LAC,home,date/team/opponent/location identity
1520,Lamar Jackson,JackLa00,2022-10-23,BAL,,CLE,QB,MATCHED_CANONICAL_GAME,2022_07_CLE_BAL,2022,7,REG,CLE,BAL,home,date/team/opponent/location identity
1521,Daniel Jones,JoneDa05,2022-10-23,NYG,@,JAX,QB,MATCHED_CANONICAL_GAME,2022_07_NYG_JAX,2022,7,REG,NYG,JAX,away,date/team/opponent/location identity
1522,Trevor Lawrence,LawrTr00,2022-10-23,JAX,,NYG,QB,MATCHED_CANONICAL_GAME,2022_07_NYG_JAX,2022,7,REG,NYG,JAX,home,date/team/opponent/location identity
1523,Patrick Mahomes,MahoPa00,2022-10-23,KAN,@,SFO,QB,MATCHED_CANONICAL_GAME,2022_07_KC_SF,2022,7,REG,KC,SF,away,date/team/opponent/location identity
1524,Marcus Mariota,MariMa01,2022-10-23,ATL,@,CIN,QB,MATCHED_CANONICAL_GAME,2022_07_ATL_CIN,2022,7,REG,ATL,CIN,away,date/team/opponent/location identity
1525,Davis Mills,MillDa02,2022-10-23,HOU,@,LVR,QB,MATCHED_CANONICAL_GAME,2022_07_HOU_LV,2022,7,REG,HOU,LV,away,date/team/opponent/location identity
1526,Kenny Pickett,PickKe00,2022-10-23,PIT,@,MIA,QB,MATCHED_CANONICAL_GAME,2022_07_PIT_MIA,2022,7,REG,PIT,MIA,away,date/team/opponent/location identity
1527,Dak Prescott,PresDa01,2022-10-23,DAL,,DET,QB,MATCHED_CANONICAL_GAME,2022_07_DET_DAL,2022,7,REG,DET,DAL,home,date/team/opponent/location identity
1528,Aaron Rodgers,RodgAa00,2022-10-23,GNB,@,WAS,QB,MATCHED_CANONICAL_GAME,2022_07_GB_WAS,2022,7,REG,GB,WAS,away,date/team/opponent/location identity
1529,Matt Ryan,RyanMa00,2022-10-23,IND,@,TEN,QB,MATCHED_CANONICAL_GAME,2022_07_IND_TEN,2022,7,REG,IND,TEN,away,date/team/opponent/location identity
1530,Brett Rypien,RypiBr00,2022-10-23,DEN,,NYJ,QB,MATCHED_CANONICAL_GAME,2022_07_NYJ_DEN,2022,7,REG,NYJ,DEN,home,date/team/opponent/location identity
1531,Geno Smith,SmitGe00,2022-10-23,SEA,@,LAC,QB,MATCHED_CANONICAL_GAME,2022_07_SEA_LAC,2022,7,REG,SEA,LAC,away,date/team/opponent/location identity
1532,Tua Tagovailoa,TagoTu00,2022-10-23,MIA,,PIT,QB,MATCHED_CANONICAL_GAME,2022_07_PIT_MIA,2022,7,REG,PIT,MIA,home,date/team/opponent/location identity
1533,Ryan Tannehill,TannRy00,2022-10-23,TEN,,IND,QB,MATCHED_CANONICAL_GAME,2022_07_IND_TEN,2022,7,REG,IND,TEN,home,date/team/opponent/location identity
1534,P.J. Walker,WalkPh00,2022-10-23,CAR,,TAM,QB,MATCHED_CANONICAL_GAME,2022_07_TB_CAR,2022,7,REG,TB,CAR,home,date/team/opponent/location identity
1535,Zach Wilson,WilsZa00,2022-10-23,NYJ,@,DEN,QB,MATCHED_CANONICAL_GAME,2022_07_NYJ_DEN,2022,7,REG,NYJ,DEN,away,date/team/opponent/location identity
1536,Andy Dalton,DaltAn00,2022-10-20,NOR,@,ARI,QB,MATCHED_CANONICAL_GAME,2022_07_NO_ARI,2022,7,REG,NO,ARI,away,date/team/opponent/location identity
1537,Taysom Hill,HillTa00,2022-10-20,NOR,@,ARI,TE/QB,MATCHED_CANONICAL_GAME,2022_07_NO_ARI,2022,7,REG,NO,ARI,away,date/team/opponent/location identity
1538,Kyler Murray,MurrKy00,2022-10-20,ARI,,NOR,QB,MATCHED_CANONICAL_GAME,2022_07_NO_ARI,2022,7,REG,NO,ARI,home,date/team/opponent/location identity
1539,Justin Herbert,HerbJu00,2022-10-17,LAC,,DEN,QB,MATCHED_CANONICAL_GAME,2022_06_DEN_LAC,2022,6,REG,DEN,LAC,home,date/team/opponent/location identity
1540,Russell Wilson,WilsRu00,2022-10-17,DEN,@,LAC,QB,MATCHED_CANONICAL_GAME,2022_06_DEN_LAC,2022,6,REG,DEN,LAC,away,date/team/opponent/location identity
1541,Josh Allen,AlleJo02,2022-10-16,BUF,@,KAN,QB,MATCHED_CANONICAL_GAME,2022_06_BUF_KC,2022,6,REG,BUF,KC,away,date/team/opponent/location identity
1542,Tom Brady,BradTo00,2022-10-16,TAM,@,PIT,QB,MATCHED_CANONICAL_GAME,2022_06_TB_PIT,2022,6,REG,TB,PIT,away,date/team/opponent/location identity
1543,Jacoby Brissett,BrisJa00,2022-10-16,CLE,,NWE,QB,MATCHED_CANONICAL_GAME,2022_06_NE_CLE,2022,6,REG,NE,CLE,home,date/team/opponent/location identity
1544,Joe Burrow,BurrJo01,2022-10-16,CIN,@,NOR,QB,MATCHED_CANONICAL_GAME,2022_06_CIN_NO,2022,6,REG,CIN,NO,away,date/team/opponent/location identity
1545,Kirk Cousins,CousKi00,2022-10-16,MIN,@,MIA,QB,MATCHED_CANONICAL_GAME,2022_06_MIN_MIA,2022,6,REG,MIN,MIA,away,date/team/opponent/location identity
1546,Andy Dalton,DaltAn00,2022-10-16,NOR,,CIN,QB,MATCHED_CANONICAL_GAME,2022_06_CIN_NO,2022,6,REG,CIN,NO,home,date/team/opponent/location identity
1547,Jimmy Garoppolo,GaroJi00,2022-10-16,SFO,@,ATL,QB,MATCHED_CANONICAL_GAME,2022_06_SF_ATL,2022,6,REG,SF,ATL,away,date/team/opponent/location identity
1548,Jalen Hurts,HurtJa00,2022-10-16,PHI,,DAL,QB,MATCHED_CANONICAL_GAME,2022_06_DAL_PHI,2022,6,REG,DAL,PHI,home,date/team/opponent/location identity
1549,Lamar Jackson,JackLa00,2022-10-16,BAL,@,NYG,QB,MATCHED_CANONICAL_GAME,2022_06_BAL_NYG,2022,6,REG,BAL,NYG,away,date/team/opponent/location identity
1550,Daniel Jones,JoneDa05,2022-10-16,NYG,,BAL,QB,MATCHED_CANONICAL_GAME,2022_06_BAL_NYG,2022,6,REG,BAL,NYG,home,date/team/opponent/location identity
1551,Trevor Lawrence,LawrTr00,2022-10-16,JAX,@,IND,QB,MATCHED_CANONICAL_GAME,2022_06_JAX_IND,2022,6,REG,JAX,IND,away,date/team/opponent/location identity
1552,Patrick Mahomes,MahoPa00,2022-10-16,KAN,,BUF,QB,MATCHED_CANONICAL_GAME,2022_06_BUF_KC,2022,6,REG,BUF,KC,home,date/team/opponent/location identity
1553,Marcus Mariota,MariMa01,2022-10-16,ATL,,SFO,QB,MATCHED_CANONICAL_GAME,2022_06_SF_ATL,2022,6,REG,SF,ATL,home,date/team/opponent/location identity
1554,Kyler Murray,MurrKy00,2022-10-16,ARI,@,SEA,QB,MATCHED_CANONICAL_GAME,2022_06_ARI_SEA,2022,6,REG,ARI,SEA,away,date/team/opponent/location identity
1555,Kenny Pickett,PickKe00,2022-10-16,PIT,,TAM,QB,MATCHED_CANONICAL_GAME,2022_06_TB_PIT,2022,6,REG,TB,PIT,home,date/team/opponent/location identity
1556,Aaron Rodgers,RodgAa00,2022-10-16,GNB,,NYJ,QB,MATCHED_CANONICAL_GAME,2022_06_NYJ_GB,2022,6,REG,NYJ,GB,home,date/team/opponent/location identity
1557,Cooper Rush,RushCo00,2022-10-16,DAL,@,PHI,QB,MATCHED_CANONICAL_GAME,2022_06_DAL_PHI,2022,6,REG,DAL,PHI,away,date/team/opponent/location identity
1558,Matt Ryan,RyanMa00,2022-10-16,IND,,JAX,QB,MATCHED_CANONICAL_GAME,2022_06_JAX_IND,2022,6,REG,JAX,IND,home,date/team/opponent/location identity
1559,Geno Smith,SmitGe00,2022-10-16,SEA,,ARI,QB,MATCHED_CANONICAL_GAME,2022_06_ARI_SEA,2022,6,REG,ARI,SEA,home,date/team/opponent/location identity
1560,Matthew Stafford,StafMa00,2022-10-16,LAR,,CAR,QB,MATCHED_CANONICAL_GAME,2022_06_CAR_LA,2022,6,REG,CAR,LAR,home,date/team/opponent/location identity
1561,Skylar Thompson,ThomSk00,2022-10-16,MIA,,MIN,QB,MATCHED_CANONICAL_GAME,2022_06_MIN_MIA,2022,6,REG,MIN,MIA,home,date/team/opponent/location identity
1562,P.J. Walker,WalkPh00,2022-10-16,CAR,@,LAR,QB,MATCHED_CANONICAL_GAME,2022_06_CAR_LA,2022,6,REG,CAR,LAR,away,date/team/opponent/location identity
1563,Zach Wilson,WilsZa00,2022-10-16,NYJ,@,GNB,QB,MATCHED_CANONICAL_GAME,2022_06_NYJ_GB,2022,6,REG,NYJ,GB,away,date/team/opponent/location identity
1564,Bailey Zappe,ZappBa00,2022-10-16,NWE,@,CLE,QB,MATCHED_CANONICAL_GAME,2022_06_NE_CLE,2022,6,REG,NE,CLE,away,date/team/opponent/location identity
1565,Justin Fields,FielJu00,2022-10-13,CHI,,WAS,QB,MATCHED_CANONICAL_GAME,2022_06_WAS_CHI,2022,6,REG,WAS,CHI,home,date/team/opponent/location identity
1566,Carson Wentz,WentCa00,2022-10-13,WAS,@,CHI,QB,MATCHED_CANONICAL_GAME,2022_06_WAS_CHI,2022,6,REG,WAS,CHI,away,date/team/opponent/location identity
1567,Derek Carr,CarrDe02,2022-10-10,LVR,@,KAN,QB,MATCHED_CANONICAL_GAME,2022_05_LV_KC,2022,5,REG,LV,KC,away,date/team/opponent/location identity
1568,Patrick Mahomes,MahoPa00,2022-10-10,KAN,,LVR,QB,MATCHED_CANONICAL_GAME,2022_05_LV_KC,2022,5,REG,LV,KC,home,date/team/opponent/location identity
1569,Josh Allen,AlleJo02,2022-10-09,BUF,,PIT,QB,MATCHED_CANONICAL_GAME,2022_05_PIT_BUF,2022,5,REG,PIT,BUF,home,date/team/opponent/location identity
1570,Tom Brady,BradTo00,2022-10-09,TAM,,ATL,QB,MATCHED_CANONICAL_GAME,2022_05_ATL_TB,2022,5,REG,ATL,TB,home,date/team/opponent/location identity
1571,Teddy Bridgewater,BridTe00,2022-10-09,MIA,@,NYJ,QB,MATCHED_CANONICAL_GAME,2022_05_MIA_NYJ,2022,5,REG,MIA,NYJ,away,date/team/opponent/location identity
1572,Jacoby Brissett,BrisJa00,2022-10-09,CLE,,LAC,QB,MATCHED_CANONICAL_GAME,2022_05_LAC_CLE,2022,5,REG,LAC,CLE,home,date/team/opponent/location identity
1573,Joe Burrow,BurrJo01,2022-10-09,CIN,@,BAL,QB,MATCHED_CANONICAL_GAME,2022_05_CIN_BAL,2022,5,REG,CIN,BAL,away,date/team/opponent/location identity
1574,Kirk Cousins,CousKi00,2022-10-09,MIN,,CHI,QB,MATCHED_CANONICAL_GAME,2022_05_CHI_MIN,2022,5,REG,CHI,MIN,home,date/team/opponent/location identity
1575,Andy Dalton,DaltAn00,2022-10-09,NOR,,SEA,QB,MATCHED_CANONICAL_GAME,2022_05_SEA_NO,2022,5,REG,SEA,NO,home,date/team/opponent/location identity
1576,Justin Fields,FielJu00,2022-10-09,CHI,@,MIN,QB,MATCHED_CANONICAL_GAME,2022_05_CHI_MIN,2022,5,REG,CHI,MIN,away,date/team/opponent/location identity
1577,Jimmy Garoppolo,GaroJi00,2022-10-09,SFO,@,CAR,QB,MATCHED_CANONICAL_GAME,2022_05_SF_CAR,2022,5,REG,SF,CAR,away,date/team/opponent/location identity
1578,Jared Goff,GoffJa00,2022-10-09,DET,@,NWE,QB,MATCHED_CANONICAL_GAME,2022_05_DET_NE,2022,5,REG,DET,NE,away,date/team/opponent/location identity
1579,Justin Herbert,HerbJu00,2022-10-09,LAC,@,CLE,QB,MATCHED_CANONICAL_GAME,2022_05_LAC_CLE,2022,5,REG,LAC,CLE,away,date/team/opponent/location identity
1580,Jalen Hurts,HurtJa00,2022-10-09,PHI,@,ARI,QB,MATCHED_CANONICAL_GAME,2022_05_PHI_ARI,2022,5,REG,PHI,ARI,away,date/team/opponent/location identity
1581,Lamar Jackson,JackLa00,2022-10-09,BAL,,CIN,QB,MATCHED_CANONICAL_GAME,2022_05_CIN_BAL,2022,5,REG,CIN,BAL,home,date/team/opponent/location identity
1582,Daniel Jones,JoneDa05,2022-10-09,NYG,@,GNB,QB,MATCHED_CANONICAL_GAME,2022_05_NYG_GB,2022,5,REG,NYG,GB,away,date/team/opponent/location identity
1583,Trevor Lawrence,LawrTr00,2022-10-09,JAX,,HOU,QB,MATCHED_CANONICAL_GAME,2022_05_HOU_JAX,2022,5,REG,HOU,JAX,home,date/team/opponent/location identity
1584,Marcus Mariota,MariMa01,2022-10-09,ATL,@,TAM,QB,MATCHED_CANONICAL_GAME,2022_05_ATL_TB,2022,5,REG,ATL,TB,away,date/team/opponent/location identity
1585,Baker Mayfield,MayfBa00,2022-10-09,CAR,,SFO,QB,MATCHED_CANONICAL_GAME,2022_05_SF_CAR,2022,5,REG,SF,CAR,home,date/team/opponent/location identity
1586,Davis Mills,MillDa02,2022-10-09,HOU,@,JAX,QB,MATCHED_CANONICAL_GAME,2022_05_HOU_JAX,2022,5,REG,HOU,JAX,away,date/team/opponent/location identity
1587,Kyler Murray,MurrKy00,2022-10-09,ARI,,PHI,QB,MATCHED_CANONICAL_GAME,2022_05_PHI_ARI,2022,5,REG,PHI,ARI,home,date/team/opponent/location identity
1588,Kenny Pickett,PickKe00,2022-10-09,PIT,@,BUF,QB,MATCHED_CANONICAL_GAME,2022_05_PIT_BUF,2022,5,REG,PIT,BUF,away,date/team/opponent/location identity
1589,Aaron Rodgers,RodgAa00,2022-10-09,GNB,,NYG,QB,MATCHED_CANONICAL_GAME,2022_05_NYG_GB,2022,5,REG,NYG,GB,home,date/team/opponent/location identity
1590,Cooper Rush,RushCo00,2022-10-09,DAL,@,LAR,QB,MATCHED_CANONICAL_GAME,2022_05_DAL_LA,2022,5,REG,DAL,LAR,away,date/team/opponent/location identity
1591,Geno Smith,SmitGe00,2022-10-09,SEA,@,NOR,QB,MATCHED_CANONICAL_GAME,2022_05_SEA_NO,2022,5,REG,SEA,NO,away,date/team/opponent/location identity
1592,Matthew Stafford,StafMa00,2022-10-09,LAR,,DAL,QB,MATCHED_CANONICAL_GAME,2022_05_DAL_LA,2022,5,REG,DAL,LAR,home,date/team/opponent/location identity
1593,Ryan Tannehill,TannRy00,2022-10-09,TEN,@,WAS,QB,MATCHED_CANONICAL_GAME,2022_05_TEN_WAS,2022,5,REG,TEN,WAS,away,date/team/opponent/location identity
1594,Carson Wentz,WentCa00,2022-10-09,WAS,,TEN,QB,MATCHED_CANONICAL_GAME,2022_05_TEN_WAS,2022,5,REG,TEN,WAS,home,date/team/opponent/location identity
1595,Zach Wilson,WilsZa00,2022-10-09,NYJ,,MIA,QB,MATCHED_CANONICAL_GAME,2022_05_MIA_NYJ,2022,5,REG,MIA,NYJ,home,date/team/opponent/location identity
1596,Bailey Zappe,ZappBa00,2022-10-09,NWE,,DET,QB,MATCHED_CANONICAL_GAME,2022_05_DET_NE,2022,5,REG,DET,NE,home,date/team/opponent/location identity
1597,Matt Ryan,RyanMa00,2022-10-06,IND,@,DEN,QB,MATCHED_CANONICAL_GAME,2022_05_IND_DEN,2022,5,REG,IND,DEN,away,date/team/opponent/location identity
1598,Russell Wilson,WilsRu00,2022-10-06,DEN,,IND,QB,MATCHED_CANONICAL_GAME,2022_05_IND_DEN,2022,5,REG,IND,DEN,home,date/team/opponent/location identity
1599,Jimmy Garoppolo,GaroJi00,2022-10-03,SFO,,LAR,QB,MATCHED_CANONICAL_GAME,2022_04_LA_SF,2022,4,REG,LAR,SF,home,date/team/opponent/location identity
1600,Matthew Stafford,StafMa00,2022-10-03,LAR,@,SFO,QB,MATCHED_CANONICAL_GAME,2022_04_LA_SF,2022,4,REG,LAR,SF,away,date/team/opponent/location identity
1601,Josh Allen,AlleJo02,2022-10-02,BUF,@,BAL,QB,MATCHED_CANONICAL_GAME,2022_04_BUF_BAL,2022,4,REG,BUF,BAL,away,date/team/opponent/location identity
1602,Tom Brady,BradTo00,2022-10-02,TAM,,KAN,QB,MATCHED_CANONICAL_GAME,2022_04_KC_TB,2022,4,REG,KC,TB,home,date/team/opponent/location identity
1603,Jacoby Brissett,BrisJa00,2022-10-02,CLE,@,ATL,QB,MATCHED_CANONICAL_GAME,2022_04_CLE_ATL,2022,4,REG,CLE,ATL,away,date/team/opponent/location identity
1604,Derek Carr,CarrDe02,2022-10-02,LVR,,DEN,QB,MATCHED_CANONICAL_GAME,2022_04_DEN_LV,2022,4,REG,DEN,LV,home,date/team/opponent/location identity
1605,Kirk Cousins,CousKi00,2022-10-02,MIN,@,NOR,QB,MATCHED_CANONICAL_GAME,2022_04_MIN_NO,2022,4,REG,MIN,NO,away,date/team/opponent/location identity
1606,Andy Dalton,DaltAn00,2022-10-02,NOR,,MIN,QB,MATCHED_CANONICAL_GAME,2022_04_MIN_NO,2022,4,REG,MIN,NO,home,date/team/opponent/location identity
1607,Justin Fields,FielJu00,2022-10-02,CHI,@,NYG,QB,MATCHED_CANONICAL_GAME,2022_04_CHI_NYG,2022,4,REG,CHI,NYG,away,date/team/opponent/location identity
1608,Jared Goff,GoffJa00,2022-10-02,DET,,SEA,QB,MATCHED_CANONICAL_GAME,2022_04_SEA_DET,2022,4,REG,SEA,DET,home,date/team/opponent/location identity
1609,Justin Herbert,HerbJu00,2022-10-02,LAC,@,HOU,QB,MATCHED_CANONICAL_GAME,2022_04_LAC_HOU,2022,4,REG,LAC,HOU,away,date/team/opponent/location identity
1610,Brian Hoyer,HoyeBr00,2022-10-02,NWE,@,GNB,QB,MATCHED_CANONICAL_GAME,2022_04_NE_GB,2022,4,REG,NE,GB,away,date/team/opponent/location identity
1611,Jalen Hurts,HurtJa00,2022-10-02,PHI,,JAX,QB,MATCHED_CANONICAL_GAME,2022_04_JAX_PHI,2022,4,REG,JAX,PHI,home,date/team/opponent/location identity
1612,Lamar Jackson,JackLa00,2022-10-02,BAL,,BUF,QB,MATCHED_CANONICAL_GAME,2022_04_BUF_BAL,2022,4,REG,BUF,BAL,home,date/team/opponent/location identity
1613,Daniel Jones,JoneDa05,2022-10-02,NYG,,CHI,QB,MATCHED_CANONICAL_GAME,2022_04_CHI_NYG,2022,4,REG,CHI,NYG,home,date/team/opponent/location identity
1614,Trevor Lawrence,LawrTr00,2022-10-02,JAX,@,PHI,QB,MATCHED_CANONICAL_GAME,2022_04_JAX_PHI,2022,4,REG,JAX,PHI,away,date/team/opponent/location identity
1615,Patrick Mahomes,MahoPa00,2022-10-02,KAN,@,TAM,QB,MATCHED_CANONICAL_GAME,2022_04_KC_TB,2022,4,REG,KC,TB,away,date/team/opponent/location identity
1616,Marcus Mariota,MariMa01,2022-10-02,ATL,,CLE,QB,MATCHED_CANONICAL_GAME,2022_04_CLE_ATL,2022,4,REG,CLE,ATL,home,date/team/opponent/location identity
1617,Baker Mayfield,MayfBa00,2022-10-02,CAR,,ARI,QB,MATCHED_CANONICAL_GAME,2022_04_ARI_CAR,2022,4,REG,ARI,CAR,home,date/team/opponent/location identity
1618,Davis Mills,MillDa02,2022-10-02,HOU,,LAC,QB,MATCHED_CANONICAL_GAME,2022_04_LAC_HOU,2022,4,REG,LAC,HOU,home,date/team/opponent/location identity
1619,Kyler Murray,MurrKy00,2022-10-02,ARI,@,CAR,QB,MATCHED_CANONICAL_GAME,2022_04_ARI_CAR,2022,4,REG,ARI,CAR,away,date/team/opponent/location identity
1620,Aaron Rodgers,RodgAa00,2022-10-02,GNB,,NWE,QB,MATCHED_CANONICAL_GAME,2022_04_NE_GB,2022,4,REG,NE,GB,home,date/team/opponent/location identity
1621,Cooper Rush,RushCo00,2022-10-02,DAL,,WAS,QB,MATCHED_CANONICAL_GAME,2022_04_WAS_DAL,2022,4,REG,WAS,DAL,home,date/team/opponent/location identity
1622,Matt Ryan,RyanMa00,2022-10-02,IND,,TEN,QB,MATCHED_CANONICAL_GAME,2022_04_TEN_IND,2022,4,REG,TEN,IND,home,date/team/opponent/location identity
1623,Geno Smith,SmitGe00,2022-10-02,SEA,@,DET,QB,MATCHED_CANONICAL_GAME,2022_04_SEA_DET,2022,4,REG,SEA,DET,away,date/team/opponent/location identity
1624,Ryan Tannehill,TannRy00,2022-10-02,TEN,@,IND,QB,MATCHED_CANONICAL_GAME,2022_04_TEN_IND,2022,4,REG,TEN,IND,away,date/team/opponent/location identity
1625,Mitchell Trubisky,TrubMi00,2022-10-02,PIT,,NYJ,QB,MATCHED_CANONICAL_GAME,2022_04_NYJ_PIT,2022,4,REG,NYJ,PIT,home,date/team/opponent/location identity
1626,Carson Wentz,WentCa00,2022-10-02,WAS,@,DAL,QB,MATCHED_CANONICAL_GAME,2022_04_WAS_DAL,2022,4,REG,WAS,DAL,away,date/team/opponent/location identity
1627,Russell Wilson,WilsRu00,2022-10-02,DEN,@,LVR,QB,MATCHED_CANONICAL_GAME,2022_04_DEN_LV,2022,4,REG,DEN,LV,away,date/team/opponent/location identity
1628,Zach Wilson,WilsZa00,2022-10-02,NYJ,@,PIT,QB,MATCHED_CANONICAL_GAME,2022_04_NYJ_PIT,2022,4,REG,NYJ,PIT,away,date/team/opponent/location identity
1629,Joe Burrow,BurrJo01,2022-09-29,CIN,,MIA,QB,MATCHED_CANONICAL_GAME,2022_04_MIA_CIN,2022,4,REG,MIA,CIN,home,date/team/opponent/location identity
1630,Tua Tagovailoa,TagoTu00,2022-09-29,MIA,@,CIN,QB,MATCHED_CANONICAL_GAME,2022_04_MIA_CIN,2022,4,REG,MIA,CIN,away,date/team/opponent/location identity
1631,Daniel Jones,JoneDa05,2022-09-26,NYG,,DAL,QB,MATCHED_CANONICAL_GAME,2022_03_DAL_NYG,2022,3,REG,DAL,NYG,home,date/team/opponent/location identity
1632,Cooper Rush,RushCo00,2022-09-26,DAL,@,NYG,QB,MATCHED_CANONICAL_GAME,2022_03_DAL_NYG,2022,3,REG,DAL,NYG,away,date/team/opponent/location identity
1633,Josh Allen,AlleJo02,2022-09-25,BUF,@,MIA,QB,MATCHED_CANONICAL_GAME,2022_03_BUF_MIA,2022,3,REG,BUF,MIA,away,date/team/opponent/location identity
1634,Tom Brady,BradTo00,2022-09-25,TAM,,GNB,QB,MATCHED_CANONICAL_GAME,2022_03_GB_TB,2022,3,REG,GB,TB,home,date/team/opponent/location identity
1635,Joe Burrow,BurrJo01,2022-09-25,CIN,@,NYJ,QB,MATCHED_CANONICAL_GAME,2022_03_CIN_NYJ,2022,3,REG,CIN,NYJ,away,date/team/opponent/location identity
1636,Derek Carr,CarrDe02,2022-09-25,LVR,@,TEN,QB,MATCHED_CANONICAL_GAME,2022_03_LV_TEN,2022,3,REG,LV,TEN,away,date/team/opponent/location identity
1637,Kirk Cousins,CousKi00,2022-09-25,MIN,,DET,QB,MATCHED_CANONICAL_GAME,2022_03_DET_MIN,2022,3,REG,DET,MIN,home,date/team/opponent/location identity
1638,Justin Fields,FielJu00,2022-09-25,CHI,,HOU,QB,MATCHED_CANONICAL_GAME,2022_03_HOU_CHI,2022,3,REG,HOU,CHI,home,date/team/opponent/location identity
1639,Joe Flacco,FlacJo00,2022-09-25,NYJ,,CIN,QB,MATCHED_CANONICAL_GAME,2022_03_CIN_NYJ,2022,3,REG,CIN,NYJ,home,date/team/opponent/location identity
1640,Jimmy Garoppolo,GaroJi00,2022-09-25,SFO,@,DEN,QB,MATCHED_CANONICAL_GAME,2022_03_SF_DEN,2022,3,REG,SF,DEN,away,date/team/opponent/location identity
1641,Jared Goff,GoffJa00,2022-09-25,DET,@,MIN,QB,MATCHED_CANONICAL_GAME,2022_03_DET_MIN,2022,3,REG,DET,MIN,away,date/team/opponent/location identity
1642,Justin Herbert,HerbJu00,2022-09-25,LAC,,JAX,QB,MATCHED_CANONICAL_GAME,2022_03_JAX_LAC,2022,3,REG,JAX,LAC,home,date/team/opponent/location identity
1643,Jalen Hurts,HurtJa00,2022-09-25,PHI,@,WAS,QB,MATCHED_CANONICAL_GAME,2022_03_PHI_WAS,2022,3,REG,PHI,WAS,away,date/team/opponent/location identity
1644,Lamar Jackson,JackLa00,2022-09-25,BAL,@,NWE,QB,MATCHED_CANONICAL_GAME,2022_03_BAL_NE,2022,3,REG,BAL,NE,away,date/team/opponent/location identity
1645,Mac Jones,JoneMa05,2022-09-25,NWE,,BAL,QB,MATCHED_CANONICAL_GAME,2022_03_BAL_NE,2022,3,REG,BAL,NE,home,date/team/opponent/location identity
1646,Trevor Lawrence,LawrTr00,2022-09-25,JAX,@,LAC,QB,MATCHED_CANONICAL_GAME,2022_03_JAX_LAC,2022,3,REG,JAX,LAC,away,date/team/opponent/location identity
1647,Patrick Mahomes,MahoPa00,2022-09-25,KAN,@,IND,QB,MATCHED_CANONICAL_GAME,2022_03_KC_IND,2022,3,REG,KC,IND,away,date/team/opponent/location identity
1648,Marcus Mariota,MariMa01,2022-09-25,ATL,@,SEA,QB,MATCHED_CANONICAL_GAME,2022_03_ATL_SEA,2022,3,REG,ATL,SEA,away,date/team/opponent/location identity
1649,Baker Mayfield,MayfBa00,2022-09-25,CAR,,NOR,QB,MATCHED_CANONICAL_GAME,2022_03_NO_CAR,2022,3,REG,NO,CAR,home,date/team/opponent/location identity
1650,Davis Mills,MillDa02,2022-09-25,HOU,@,CHI,QB,MATCHED_CANONICAL_GAME,2022_03_HOU_CHI,2022,3,REG,HOU,CHI,away,date/team/opponent/location identity
1651,Kyler Murray,MurrKy00,2022-09-25,ARI,,LAR,QB,MATCHED_CANONICAL_GAME,2022_03_LA_ARI,2022,3,REG,LAR,ARI,home,date/team/opponent/location identity
1652,Aaron Rodgers,RodgAa00,2022-09-25,GNB,@,TAM,QB,MATCHED_CANONICAL_GAME,2022_03_GB_TB,2022,3,REG,GB,TB,away,date/team/opponent/location identity
1653,Matt Ryan,RyanMa00,2022-09-25,IND,,KAN,QB,MATCHED_CANONICAL_GAME,2022_03_KC_IND,2022,3,REG,KC,IND,home,date/team/opponent/location identity
1654,Geno Smith,SmitGe00,2022-09-25,SEA,,ATL,QB,MATCHED_CANONICAL_GAME,2022_03_ATL_SEA,2022,3,REG,ATL,SEA,home,date/team/opponent/location identity
1655,Matthew Stafford,StafMa00,2022-09-25,LAR,@,ARI,QB,MATCHED_CANONICAL_GAME,2022_03_LA_ARI,2022,3,REG,LAR,ARI,away,date/team/opponent/location identity
1656,Tua Tagovailoa,TagoTu00,2022-09-25,MIA,,BUF,QB,MATCHED_CANONICAL_GAME,2022_03_BUF_MIA,2022,3,REG,BUF,MIA,home,date/team/opponent/location identity
1657,Ryan Tannehill,TannRy00,2022-09-25,TEN,,LVR,QB,MATCHED_CANONICAL_GAME,2022_03_LV_TEN,2022,3,REG,LV,TEN,home,date/team/opponent/location identity
1658,Carson Wentz,WentCa00,2022-09-25,WAS,,PHI,QB,MATCHED_CANONICAL_GAME,2022_03_PHI_WAS,2022,3,REG,PHI,WAS,home,date/team/opponent/location identity
1659,Russell Wilson,WilsRu00,2022-09-25,DEN,,SFO,QB,MATCHED_CANONICAL_GAME,2022_03_SF_DEN,2022,3,REG,SF,DEN,home,date/team/opponent/location identity
1660,Jameis Winston,WinsJa00,2022-09-25,NOR,@,CAR,QB,MATCHED_CANONICAL_GAME,2022_03_NO_CAR,2022,3,REG,NO,CAR,away,date/team/opponent/location identity
1661,Jacoby Brissett,BrisJa00,2022-09-22,CLE,,PIT,QB,MATCHED_CANONICAL_GAME,2022_03_PIT_CLE,2022,3,REG,PIT,CLE,home,date/team/opponent/location identity
1662,Mitchell Trubisky,TrubMi00,2022-09-22,PIT,@,CLE,QB,MATCHED_CANONICAL_GAME,2022_03_PIT_CLE,2022,3,REG,PIT,CLE,away,date/team/opponent/location identity
1663,Josh Allen,AlleJo02,2022-09-19,BUF,,TEN,QB,MATCHED_CANONICAL_GAME,2022_02_TEN_BUF,2022,2,REG,TEN,BUF,home,date/team/opponent/location identity
1664,Kirk Cousins,CousKi00,2022-09-19,MIN,@,PHI,QB,MATCHED_CANONICAL_GAME,2022_02_MIN_PHI,2022,2,REG,MIN,PHI,away,date/team/opponent/location identity
1665,Jalen Hurts,HurtJa00,2022-09-19,PHI,,MIN,QB,MATCHED_CANONICAL_GAME,2022_02_MIN_PHI,2022,2,REG,MIN,PHI,home,date/team/opponent/location identity
1666,Ryan Tannehill,TannRy00,2022-09-19,TEN,@,BUF,QB,MATCHED_CANONICAL_GAME,2022_02_TEN_BUF,2022,2,REG,TEN,BUF,away,date/team/opponent/location identity
1667,Tom Brady,BradTo00,2022-09-18,TAM,@,NOR,QB,MATCHED_CANONICAL_GAME,2022_02_TB_NO,2022,2,REG,TB,NO,away,date/team/opponent/location identity
1668,Jacoby Brissett,BrisJa00,2022-09-18,CLE,,NYJ,QB,MATCHED_CANONICAL_GAME,2022_02_NYJ_CLE,2022,2,REG,NYJ,CLE,home,date/team/opponent/location identity
1669,Joe Burrow,BurrJo01,2022-09-18,CIN,@,DAL,QB,MATCHED_CANONICAL_GAME,2022_02_CIN_DAL,2022,2,REG,CIN,DAL,away,date/team/opponent/location identity
1670,Derek Carr,CarrDe02,2022-09-18,LVR,,ARI,QB,MATCHED_CANONICAL_GAME,2022_02_ARI_LV,2022,2,REG,ARI,LV,home,date/team/opponent/location identity
1671,Justin Fields,FielJu00,2022-09-18,CHI,@,GNB,QB,MATCHED_CANONICAL_GAME,2022_02_CHI_GB,2022,2,REG,CHI,GB,away,date/team/opponent/location identity
1672,Joe Flacco,FlacJo00,2022-09-18,NYJ,@,CLE,QB,MATCHED_CANONICAL_GAME,2022_02_NYJ_CLE,2022,2,REG,NYJ,CLE,away,date/team/opponent/location identity
1673,Jared Goff,GoffJa00,2022-09-18,DET,,WAS,QB,MATCHED_CANONICAL_GAME,2022_02_WAS_DET,2022,2,REG,WAS,DET,home,date/team/opponent/location identity
1674,Lamar Jackson,JackLa00,2022-09-18,BAL,,MIA,QB,MATCHED_CANONICAL_GAME,2022_02_MIA_BAL,2022,2,REG,MIA,BAL,home,date/team/opponent/location identity
1675,Daniel Jones,JoneDa05,2022-09-18,NYG,,CAR,QB,MATCHED_CANONICAL_GAME,2022_02_CAR_NYG,2022,2,REG,CAR,NYG,home,date/team/opponent/location identity
1676,Mac Jones,JoneMa05,2022-09-18,NWE,@,PIT,QB,MATCHED_CANONICAL_GAME,2022_02_NE_PIT,2022,2,REG,NE,PIT,away,date/team/opponent/location identity
1677,Trey Lance,LancTr00,2022-09-18,SFO,,SEA,QB,MATCHED_CANONICAL_GAME,2022_02_SEA_SF,2022,2,REG,SEA,SF,home,date/team/opponent/location identity
1678,Trevor Lawrence,LawrTr00,2022-09-18,JAX,,IND,QB,MATCHED_CANONICAL_GAME,2022_02_IND_JAX,2022,2,REG,IND,JAX,home,date/team/opponent/location identity
1679,Marcus Mariota,MariMa01,2022-09-18,ATL,@,LAR,QB,MATCHED_CANONICAL_GAME,2022_02_ATL_LA,2022,2,REG,ATL,LAR,away,date/team/opponent/location identity
1680,Baker Mayfield,MayfBa00,2022-09-18,CAR,@,NYG,QB,MATCHED_CANONICAL_GAME,2022_02_CAR_NYG,2022,2,REG,CAR,NYG,away,date/team/opponent/location identity
1681,Davis Mills,MillDa02,2022-09-18,HOU,@,DEN,QB,MATCHED_CANONICAL_GAME,2022_02_HOU_DEN,2022,2,REG,HOU,DEN,away,date/team/opponent/location identity
1682,Kyler Murray,MurrKy00,2022-09-18,ARI,@,LVR,QB,MATCHED_CANONICAL_GAME,2022_02_ARI_LV,2022,2,REG,ARI,LV,away,date/team/opponent/location identity
1683,Aaron Rodgers,RodgAa00,2022-09-18,GNB,,CHI,QB,MATCHED_CANONICAL_GAME,2022_02_CHI_GB,2022,2,REG,CHI,GB,home,date/team/opponent/location identity
1684,Cooper Rush,RushCo00,2022-09-18,DAL,,CIN,QB,MATCHED_CANONICAL_GAME,2022_02_CIN_DAL,2022,2,REG,CIN,DAL,home,date/team/opponent/location identity
1685,Matt Ryan,RyanMa00,2022-09-18,IND,@,JAX,QB,MATCHED_CANONICAL_GAME,2022_02_IND_JAX,2022,2,REG,IND,JAX,away,date/team/opponent/location identity
1686,Geno Smith,SmitGe00,2022-09-18,SEA,@,SFO,QB,MATCHED_CANONICAL_GAME,2022_02_SEA_SF,2022,2,REG,SEA,SF,away,date/team/opponent/location identity
1687,Matthew Stafford,StafMa00,2022-09-18,LAR,,ATL,QB,MATCHED_CANONICAL_GAME,2022_02_ATL_LA,2022,2,REG,ATL,LAR,home,date/team/opponent/location identity
1688,Tua Tagovailoa,TagoTu00,2022-09-18,MIA,@,BAL,QB,MATCHED_CANONICAL_GAME,2022_02_MIA_BAL,2022,2,REG,MIA,BAL,away,date/team/opponent/location identity
1689,Mitchell Trubisky,TrubMi00,2022-09-18,PIT,,NWE,QB,MATCHED_CANONICAL_GAME,2022_02_NE_PIT,2022,2,REG,NE,PIT,home,date/team/opponent/location identity
1690,Carson Wentz,WentCa00,2022-09-18,WAS,@,DET,QB,MATCHED_CANONICAL_GAME,2022_02_WAS_DET,2022,2,REG,WAS,DET,away,date/team/opponent/location identity
1691,Russell Wilson,WilsRu00,2022-09-18,DEN,,HOU,QB,MATCHED_CANONICAL_GAME,2022_02_HOU_DEN,2022,2,REG,HOU,DEN,home,date/team/opponent/location identity
1692,Jameis Winston,WinsJa00,2022-09-18,NOR,,TAM,QB,MATCHED_CANONICAL_GAME,2022_02_TB_NO,2022,2,REG,TB,NO,home,date/team/opponent/location identity
1693,Justin Herbert,HerbJu00,2022-09-15,LAC,@,KAN,QB,MATCHED_CANONICAL_GAME,2022_02_LAC_KC,2022,2,REG,LAC,KC,away,date/team/opponent/location identity
1694,Patrick Mahomes,MahoPa00,2022-09-15,KAN,,LAC,QB,MATCHED_CANONICAL_GAME,2022_02_LAC_KC,2022,2,REG,LAC,KC,home,date/team/opponent/location identity
1695,Geno Smith,SmitGe00,2022-09-12,SEA,,DEN,QB,MATCHED_CANONICAL_GAME,2022_01_DEN_SEA,2022,1,REG,DEN,SEA,home,date/team/opponent/location identity
1696,Russell Wilson,WilsRu00,2022-09-12,DEN,@,SEA,QB,MATCHED_CANONICAL_GAME,2022_01_DEN_SEA,2022,1,REG,DEN,SEA,away,date/team/opponent/location identity
1697,Tom Brady,BradTo00,2022-09-11,TAM,@,DAL,QB,MATCHED_CANONICAL_GAME,2022_01_TB_DAL,2022,1,REG,TB,DAL,away,date/team/opponent/location identity
1698,Jacoby Brissett,BrisJa00,2022-09-11,CLE,@,CAR,QB,MATCHED_CANONICAL_GAME,2022_01_CLE_CAR,2022,1,REG,CLE,CAR,away,date/team/opponent/location identity
1699,Joe Burrow,BurrJo01,2022-09-11,CIN,,PIT,QB,MATCHED_CANONICAL_GAME,2022_01_PIT_CIN,2022,1,REG,PIT,CIN,home,date/team/opponent/location identity
1700,Derek Carr,CarrDe02,2022-09-11,LVR,@,LAC,QB,MATCHED_CANONICAL_GAME,2022_01_LV_LAC,2022,1,REG,LV,LAC,away,date/team/opponent/location identity
1701,Kirk Cousins,CousKi00,2022-09-11,MIN,,GNB,QB,MATCHED_CANONICAL_GAME,2022_01_GB_MIN,2022,1,REG,GB,MIN,home,date/team/opponent/location identity
1702,Justin Fields,FielJu00,2022-09-11,CHI,,SFO,QB,MATCHED_CANONICAL_GAME,2022_01_SF_CHI,2022,1,REG,SF,CHI,home,date/team/opponent/location identity
1703,Joe Flacco,FlacJo00,2022-09-11,NYJ,,BAL,QB,MATCHED_CANONICAL_GAME,2022_01_BAL_NYJ,2022,1,REG,BAL,NYJ,home,date/team/opponent/location identity
1704,Jared Goff,GoffJa00,2022-09-11,DET,,PHI,QB,MATCHED_CANONICAL_GAME,2022_01_PHI_DET,2022,1,REG,PHI,DET,home,date/team/opponent/location identity
1705,Justin Herbert,HerbJu00,2022-09-11,LAC,,LVR,QB,MATCHED_CANONICAL_GAME,2022_01_LV_LAC,2022,1,REG,LV,LAC,home,date/team/opponent/location identity
1706,Taysom Hill,HillTa00,2022-09-11,NOR,@,ATL,TE/QB,MATCHED_CANONICAL_GAME,2022_01_NO_ATL,2022,1,REG,NO,ATL,away,date/team/opponent/location identity
1707,Jalen Hurts,HurtJa00,2022-09-11,PHI,@,DET,QB,MATCHED_CANONICAL_GAME,2022_01_PHI_DET,2022,1,REG,PHI,DET,away,date/team/opponent/location identity
1708,Lamar Jackson,JackLa00,2022-09-11,BAL,@,NYJ,QB,MATCHED_CANONICAL_GAME,2022_01_BAL_NYJ,2022,1,REG,BAL,NYJ,away,date/team/opponent/location identity
1709,Daniel Jones,JoneDa05,2022-09-11,NYG,@,TEN,QB,MATCHED_CANONICAL_GAME,2022_01_NYG_TEN,2022,1,REG,NYG,TEN,away,date/team/opponent/location identity
1710,Mac Jones,JoneMa05,2022-09-11,NWE,@,MIA,QB,MATCHED_CANONICAL_GAME,2022_01_NE_MIA,2022,1,REG,NE,MIA,away,date/team/opponent/location identity
1711,Trey Lance,LancTr00,2022-09-11,SFO,@,CHI,QB,MATCHED_CANONICAL_GAME,2022_01_SF_CHI,2022,1,REG,SF,CHI,away,date/team/opponent/location identity
1712,Trevor Lawrence,LawrTr00,2022-09-11,JAX,@,WAS,QB,MATCHED_CANONICAL_GAME,2022_01_JAX_WAS,2022,1,REG,JAX,WAS,away,date/team/opponent/location identity
1713,Patrick Mahomes,MahoPa00,2022-09-11,KAN,@,ARI,QB,MATCHED_CANONICAL_GAME,2022_01_KC_ARI,2022,1,REG,KC,ARI,away,date/team/opponent/location identity
1714,Marcus Mariota,MariMa01,2022-09-11,ATL,,NOR,QB,MATCHED_CANONICAL_GAME,2022_01_NO_ATL,2022,1,REG,NO,ATL,home,date/team/opponent/location identity
1715,Baker Mayfield,MayfBa00,2022-09-11,CAR,,CLE,QB,MATCHED_CANONICAL_GAME,2022_01_CLE_CAR,2022,1,REG,CLE,CAR,home,date/team/opponent/location identity
1716,Davis Mills,MillDa02,2022-09-11,HOU,,IND,QB,MATCHED_CANONICAL_GAME,2022_01_IND_HOU,2022,1,REG,IND,HOU,home,date/team/opponent/location identity
1717,Kyler Murray,MurrKy00,2022-09-11,ARI,,KAN,QB,MATCHED_CANONICAL_GAME,2022_01_KC_ARI,2022,1,REG,KC,ARI,home,date/team/opponent/location identity
1718,Dak Prescott,PresDa01,2022-09-11,DAL,,TAM,QB,MATCHED_CANONICAL_GAME,2022_01_TB_DAL,2022,1,REG,TB,DAL,home,date/team/opponent/location identity
1719,Aaron Rodgers,RodgAa00,2022-09-11,GNB,@,MIN,QB,MATCHED_CANONICAL_GAME,2022_01_GB_MIN,2022,1,REG,GB,MIN,away,date/team/opponent/location identity
1720,Matt Ryan,RyanMa00,2022-09-11,IND,@,HOU,QB,MATCHED_CANONICAL_GAME,2022_01_IND_HOU,2022,1,REG,IND,HOU,away,date/team/opponent/location identity
1721,Tua Tagovailoa,TagoTu00,2022-09-11,MIA,,NWE,QB,MATCHED_CANONICAL_GAME,2022_01_NE_MIA,2022,1,REG,NE,MIA,home,date/team/opponent/location identity
1722,Ryan Tannehill,TannRy00,2022-09-11,TEN,,NYG,QB,MATCHED_CANONICAL_GAME,2022_01_NYG_TEN,2022,1,REG,NYG,TEN,home,date/team/opponent/location identity
1723,Mitchell Trubisky,TrubMi00,2022-09-11,PIT,@,CIN,QB,MATCHED_CANONICAL_GAME,2022_01_PIT_CIN,2022,1,REG,PIT,CIN,away,date/team/opponent/location identity
1724,Carson Wentz,WentCa00,2022-09-11,WAS,,JAX,QB,MATCHED_CANONICAL_GAME,2022_01_JAX_WAS,2022,1,REG,JAX,WAS,home,date/team/opponent/location identity
1725,Jameis Winston,WinsJa00,2022-09-11,NOR,@,ATL,QB,MATCHED_CANONICAL_GAME,2022_01_NO_ATL,2022,1,REG,NO,ATL,away,date/team/opponent/location identity
1726,Josh Allen,AlleJo02,2022-09-08,BUF,@,LAR,QB,MATCHED_CANONICAL_GAME,2022_01_BUF_LA,2022,1,REG,BUF,LAR,away,date/team/opponent/location identity
1727,Matthew Stafford,StafMa00,2022-09-08,LAR,,BUF,QB,MATCHED_CANONICAL_GAME,2022_01_BUF_LA,2022,1,REG,BUF,LAR,home,date/team/opponent/location identity
1728,Joe Burrow,BurrJo01,2022-02-13,CIN,N,LAR,QB,MATCHED_CANONICAL_GAME,2021_22_LA_CIN,2021,22,SB,LAR,CIN,home,neutral-site canonical team identity
1729,Matthew Stafford,StafMa00,2022-02-13,LAR,N,CIN,QB,MATCHED_CANONICAL_GAME,2021_22_LA_CIN,2021,22,SB,LAR,CIN,away,neutral-site canonical team identity
1730,Joe Burrow,BurrJo01,2022-01-30,CIN,@,KAN,QB,MATCHED_CANONICAL_GAME,2021_21_CIN_KC,2021,21,CON,CIN,KC,away,date/team/opponent/location identity
1731,Jimmy Garoppolo,GaroJi00,2022-01-30,SFO,@,LAR,QB,MATCHED_CANONICAL_GAME,2021_21_SF_LA,2021,21,CON,SF,LAR,away,date/team/opponent/location identity
1732,Patrick Mahomes,MahoPa00,2022-01-30,KAN,,CIN,QB,MATCHED_CANONICAL_GAME,2021_21_CIN_KC,2021,21,CON,CIN,KC,home,date/team/opponent/location identity
1733,Matthew Stafford,StafMa00,2022-01-30,LAR,,SFO,QB,MATCHED_CANONICAL_GAME,2021_21_SF_LA,2021,21,CON,SF,LAR,home,date/team/opponent/location identity
1734,Josh Allen,AlleJo02,2022-01-23,BUF,@,KAN,QB,MATCHED_CANONICAL_GAME,2021_20_BUF_KC,2021,20,DIV,BUF,KC,away,date/team/opponent/location identity
1735,Tom Brady,BradTo00,2022-01-23,TAM,,LAR,QB,MATCHED_CANONICAL_GAME,2021_20_LA_TB,2021,20,DIV,LAR,TB,home,date/team/opponent/location identity
1736,Patrick Mahomes,MahoPa00,2022-01-23,KAN,,BUF,QB,MATCHED_CANONICAL_GAME,2021_20_BUF_KC,2021,20,DIV,BUF,KC,home,date/team/opponent/location identity
1737,Matthew Stafford,StafMa00,2022-01-23,LAR,@,TAM,QB,MATCHED_CANONICAL_GAME,2021_20_LA_TB,2021,20,DIV,LAR,TB,away,date/team/opponent/location identity
1738,Joe Burrow,BurrJo01,2022-01-22,CIN,@,TEN,QB,MATCHED_CANONICAL_GAME,2021_20_CIN_TEN,2021,20,DIV,CIN,TEN,away,date/team/opponent/location identity
1739,Jimmy Garoppolo,GaroJi00,2022-01-22,SFO,@,GNB,QB,MATCHED_CANONICAL_GAME,2021_20_SF_GB,2021,20,DIV,SF,GB,away,date/team/opponent/location identity
1740,Aaron Rodgers,RodgAa00,2022-01-22,GNB,,SFO,QB,MATCHED_CANONICAL_GAME,2021_20_SF_GB,2021,20,DIV,SF,GB,home,date/team/opponent/location identity
1741,Ryan Tannehill,TannRy00,2022-01-22,TEN,,CIN,QB,MATCHED_CANONICAL_GAME,2021_20_CIN_TEN,2021,20,DIV,CIN,TEN,home,date/team/opponent/location identity
1742,Kyler Murray,MurrKy00,2022-01-17,ARI,@,LAR,QB,MATCHED_CANONICAL_GAME,2021_19_ARI_LA,2021,19,WC,ARI,LAR,away,date/team/opponent/location identity
1743,Matthew Stafford,StafMa00,2022-01-17,LAR,,ARI,QB,MATCHED_CANONICAL_GAME,2021_19_ARI_LA,2021,19,WC,ARI,LAR,home,date/team/opponent/location identity
1744,Tom Brady,BradTo00,2022-01-16,TAM,,PHI,QB,MATCHED_CANONICAL_GAME,2021_19_PHI_TB,2021,19,WC,PHI,TB,home,date/team/opponent/location identity
1745,Jimmy Garoppolo,GaroJi00,2022-01-16,SFO,@,DAL,QB,MATCHED_CANONICAL_GAME,2021_19_SF_DAL,2021,19,WC,SF,DAL,away,date/team/opponent/location identity
1746,Jalen Hurts,HurtJa00,2022-01-16,PHI,@,TAM,QB,MATCHED_CANONICAL_GAME,2021_19_PHI_TB,2021,19,WC,PHI,TB,away,date/team/opponent/location identity
1747,Patrick Mahomes,MahoPa00,2022-01-16,KAN,,PIT,QB,MATCHED_CANONICAL_GAME,2021_19_PIT_KC,2021,19,WC,PIT,KC,home,date/team/opponent/location identity
1748,Dak Prescott,PresDa01,2022-01-16,DAL,,SFO,QB,MATCHED_CANONICAL_GAME,2021_19_SF_DAL,2021,19,WC,SF,DAL,home,date/team/opponent/location identity
1749,Ben Roethlisberger,RoetBe00,2022-01-16,PIT,@,KAN,QB,MATCHED_CANONICAL_GAME,2021_19_PIT_KC,2021,19,WC,PIT,KC,away,date/team/opponent/location identity
1750,Josh Allen,AlleJo02,2022-01-15,BUF,,NWE,QB,MATCHED_CANONICAL_GAME,2021_19_NE_BUF,2021,19,WC,NE,BUF,home,date/team/opponent/location identity
1751,Joe Burrow,BurrJo01,2022-01-15,CIN,,LVR,QB,MATCHED_CANONICAL_GAME,2021_19_LV_CIN,2021,19,WC,LV,CIN,home,date/team/opponent/location identity
1752,Derek Carr,CarrDe02,2022-01-15,LVR,@,CIN,QB,MATCHED_CANONICAL_GAME,2021_19_LV_CIN,2021,19,WC,LV,CIN,away,date/team/opponent/location identity
1753,Mac Jones,JoneMa05,2022-01-15,NWE,@,BUF,QB,MATCHED_CANONICAL_GAME,2021_19_NE_BUF,2021,19,WC,NE,BUF,away,date/team/opponent/location identity
1754,Brandon Allen,AlleBr00,2022-01-09,CIN,@,CLE,QB,MATCHED_CANONICAL_GAME,2021_18_CIN_CLE,2021,18,REG,CIN,CLE,away,date/team/opponent/location identity
1755,Josh Allen,AlleJo02,2022-01-09,BUF,,NYJ,QB,MATCHED_CANONICAL_GAME,2021_18_NYJ_BUF,2021,18,REG,NYJ,BUF,home,date/team/opponent/location identity
1756,Tom Brady,BradTo00,2022-01-09,TAM,,CAR,QB,MATCHED_CANONICAL_GAME,2021_18_CAR_TB,2021,18,REG,CAR,TB,home,date/team/opponent/location identity
1757,Derek Carr,CarrDe02,2022-01-09,LVR,,LAC,QB,MATCHED_CANONICAL_GAME,2021_18_LAC_LV,2021,18,REG,LAC,LV,home,date/team/opponent/location identity
1758,Kirk Cousins,CousKi00,2022-01-09,MIN,,CHI,QB,MATCHED_CANONICAL_GAME,2021_18_CHI_MIN,2021,18,REG,CHI,MIN,home,date/team/opponent/location identity
1759,Andy Dalton,DaltAn00,2022-01-09,CHI,@,MIN,QB,MATCHED_CANONICAL_GAME,2021_18_CHI_MIN,2021,18,REG,CHI,MIN,away,date/team/opponent/location identity
1760,Sam Darnold,DarnSa00,2022-01-09,CAR,@,TAM,QB,MATCHED_CANONICAL_GAME,2021_18_CAR_TB,2021,18,REG,CAR,TB,away,date/team/opponent/location identity
1761,Jake Fromm,FromJa00,2022-01-09,NYG,,WAS,QB,MATCHED_CANONICAL_GAME,2021_18_WAS_NYG,2021,18,REG,WAS,NYG,home,date/team/opponent/location identity
1762,Jimmy Garoppolo,GaroJi00,2022-01-09,SFO,@,LAR,QB,MATCHED_CANONICAL_GAME,2021_18_SF_LA,2021,18,REG,SF,LAR,away,date/team/opponent/location identity
1763,Jared Goff,GoffJa00,2022-01-09,DET,,GNB,QB,MATCHED_CANONICAL_GAME,2021_18_GB_DET,2021,18,REG,GB,DET,home,date/team/opponent/location identity
1764,Taylor Heinicke,HeinTa00,2022-01-09,WAS,@,NYG,QB,MATCHED_CANONICAL_GAME,2021_18_WAS_NYG,2021,18,REG,WAS,NYG,away,date/team/opponent/location identity
1765,Justin Herbert,HerbJu00,2022-01-09,LAC,@,LVR,QB,MATCHED_CANONICAL_GAME,2021_18_LAC_LV,2021,18,REG,LAC,LV,away,date/team/opponent/location identity
1766,Taysom Hill,HillTa00,2022-01-09,NOR,@,ATL,QB/WR,MATCHED_CANONICAL_GAME,2021_18_NO_ATL,2021,18,REG,NO,ATL,away,date/team/opponent/location identity
1767,Tyler Huntley,HuntTy01,2022-01-09,BAL,,PIT,QB,MATCHED_CANONICAL_GAME,2021_18_PIT_BAL,2021,18,REG,PIT,BAL,home,date/team/opponent/location identity
1768,Mac Jones,JoneMa05,2022-01-09,NWE,@,MIA,QB,MATCHED_CANONICAL_GAME,2021_18_NE_MIA,2021,18,REG,NE,MIA,away,date/team/opponent/location identity
1769,Case Keenum,KeenCa00,2022-01-09,CLE,,CIN,QB,MATCHED_CANONICAL_GAME,2021_18_CIN_CLE,2021,18,REG,CIN,CLE,home,date/team/opponent/location identity
1770,Trevor Lawrence,LawrTr00,2022-01-09,JAX,,IND,QB,MATCHED_CANONICAL_GAME,2021_18_IND_JAX,2021,18,REG,IND,JAX,home,date/team/opponent/location identity
1771,Davis Mills,MillDa02,2022-01-09,HOU,,TEN,QB,MATCHED_CANONICAL_GAME,2021_18_TEN_HOU,2021,18,REG,TEN,HOU,home,date/team/opponent/location identity
1772,Kyler Murray,MurrKy00,2022-01-09,ARI,,SEA,QB,MATCHED_CANONICAL_GAME,2021_18_SEA_ARI,2021,18,REG,SEA,ARI,home,date/team/opponent/location identity
1773,Aaron Rodgers,RodgAa00,2022-01-09,GNB,@,DET,QB,MATCHED_CANONICAL_GAME,2021_18_GB_DET,2021,18,REG,GB,DET,away,date/team/opponent/location identity
1774,Ben Roethlisberger,RoetBe00,2022-01-09,PIT,@,BAL,QB,MATCHED_CANONICAL_GAME,2021_18_PIT_BAL,2021,18,REG,PIT,BAL,away,date/team/opponent/location identity
1775,Matt Ryan,RyanMa00,2022-01-09,ATL,,NOR,QB,MATCHED_CANONICAL_GAME,2021_18_NO_ATL,2021,18,REG,NO,ATL,home,date/team/opponent/location identity
1776,Matthew Stafford,StafMa00,2022-01-09,LAR,,SFO,QB,MATCHED_CANONICAL_GAME,2021_18_SF_LA,2021,18,REG,SF,LAR,home,date/team/opponent/location identity
1777,Tua Tagovailoa,TagoTu00,2022-01-09,MIA,,NWE,QB,MATCHED_CANONICAL_GAME,2021_18_NE_MIA,2021,18,REG,NE,MIA,home,date/team/opponent/location identity
1778,Ryan Tannehill,TannRy00,2022-01-09,TEN,@,HOU,QB,MATCHED_CANONICAL_GAME,2021_18_TEN_HOU,2021,18,REG,TEN,HOU,away,date/team/opponent/location identity
1779,Carson Wentz,WentCa00,2022-01-09,IND,@,JAX,QB,MATCHED_CANONICAL_GAME,2021_18_IND_JAX,2021,18,REG,IND,JAX,away,date/team/opponent/location identity
1780,Russell Wilson,WilsRu00,2022-01-09,SEA,@,ARI,QB,MATCHED_CANONICAL_GAME,2021_18_SEA_ARI,2021,18,REG,SEA,ARI,away,date/team/opponent/location identity
1781,Zach Wilson,WilsZa00,2022-01-09,NYJ,@,BUF,QB,MATCHED_CANONICAL_GAME,2021_18_NYJ_BUF,2021,18,REG,NYJ,BUF,away,date/team/opponent/location identity
1782,Drew Lock,LockDr00,2022-01-08,DEN,,KAN,QB,MATCHED_CANONICAL_GAME,2021_18_KC_DEN,2021,18,REG,KC,DEN,home,date/team/opponent/location identity
1783,Patrick Mahomes,MahoPa00,2022-01-08,KAN,@,DEN,QB,MATCHED_CANONICAL_GAME,2021_18_KC_DEN,2021,18,REG,KC,DEN,away,date/team/opponent/location identity
1784,Gardner Minshew II,MinsGa00,2022-01-08,PHI,,DAL,QB,MATCHED_CANONICAL_GAME,2021_18_DAL_PHI,2021,18,REG,DAL,PHI,home,date/team/opponent/location identity
1785,Dak Prescott,PresDa01,2022-01-08,DAL,@,PHI,QB,MATCHED_CANONICAL_GAME,2021_18_DAL_PHI,2021,18,REG,DAL,PHI,away,date/team/opponent/location identity
1786,Baker Mayfield,MayfBa00,2022-01-03,CLE,@,PIT,QB,MATCHED_CANONICAL_GAME,2021_17_CLE_PIT,2021,17,REG,CLE,PIT,away,date/team/opponent/location identity
1787,Ben Roethlisberger,RoetBe00,2022-01-03,PIT,,CLE,QB,MATCHED_CANONICAL_GAME,2021_17_CLE_PIT,2021,17,REG,CLE,PIT,home,date/team/opponent/location identity
1788,Josh Allen,AlleJo02,2022-01-02,BUF,,ATL,QB,MATCHED_CANONICAL_GAME,2021_17_ATL_BUF,2021,17,REG,ATL,BUF,home,date/team/opponent/location identity
1789,Tim Boyle,BoylTi00,2022-01-02,DET,@,SEA,QB,MATCHED_CANONICAL_GAME,2021_17_DET_SEA,2021,17,REG,DET,SEA,away,date/team/opponent/location identity
1790,Tom Brady,BradTo00,2022-01-02,TAM,@,NYJ,QB,MATCHED_CANONICAL_GAME,2021_17_TB_NYJ,2021,17,REG,TB,NYJ,away,date/team/opponent/location identity
1791,Joe Burrow,BurrJo01,2022-01-02,CIN,,KAN,QB,MATCHED_CANONICAL_GAME,2021_17_KC_CIN,2021,17,REG,KC,CIN,home,date/team/opponent/location identity
1792,Derek Carr,CarrDe02,2022-01-02,LVR,@,IND,QB,MATCHED_CANONICAL_GAME,2021_17_LV_IND,2021,17,REG,LV,IND,away,date/team/opponent/location identity
1793,Andy Dalton,DaltAn00,2022-01-02,CHI,,NYG,QB,MATCHED_CANONICAL_GAME,2021_17_NYG_CHI,2021,17,REG,NYG,CHI,home,date/team/opponent/location identity
1794,Sam Darnold,DarnSa00,2022-01-02,CAR,@,NOR,QB,MATCHED_CANONICAL_GAME,2021_17_CAR_NO,2021,17,REG,CAR,NO,away,date/team/opponent/location identity
1795,Mike Glennon,GlenMi00,2022-01-02,NYG,@,CHI,QB,MATCHED_CANONICAL_GAME,2021_17_NYG_CHI,2021,17,REG,NYG,CHI,away,date/team/opponent/location identity
1796,Taylor Heinicke,HeinTa00,2022-01-02,WAS,,PHI,QB,MATCHED_CANONICAL_GAME,2021_17_PHI_WAS,2021,17,REG,PHI,WAS,home,date/team/opponent/location identity
1797,Justin Herbert,HerbJu00,2022-01-02,LAC,,DEN,QB,MATCHED_CANONICAL_GAME,2021_17_DEN_LAC,2021,17,REG,DEN,LAC,home,date/team/opponent/location identity
1798,Taysom Hill,HillTa00,2022-01-02,NOR,,CAR,QB/WR,MATCHED_CANONICAL_GAME,2021_17_CAR_NO,2021,17,REG,CAR,NO,home,date/team/opponent/location identity
1799,Tyler Huntley,HuntTy01,2022-01-02,BAL,,LAR,QB,MATCHED_CANONICAL_GAME,2021_17_LA_BAL,2021,17,REG,LAR,BAL,home,date/team/opponent/location identity
1800,Jalen Hurts,HurtJa00,2022-01-02,PHI,@,WAS,QB,MATCHED_CANONICAL_GAME,2021_17_PHI_WAS,2021,17,REG,PHI,WAS,away,date/team/opponent/location identity
1801,Mac Jones,JoneMa05,2022-01-02,NWE,,JAX,QB,MATCHED_CANONICAL_GAME,2021_17_JAX_NE,2021,17,REG,JAX,NE,home,date/team/opponent/location identity
1802,Trey Lance,LancTr00,2022-01-02,SFO,,HOU,QB,MATCHED_CANONICAL_GAME,2021_17_HOU_SF,2021,17,REG,HOU,SF,home,date/team/opponent/location identity
1803,Trevor Lawrence,LawrTr00,2022-01-02,JAX,@,NWE,QB,MATCHED_CANONICAL_GAME,2021_17_JAX_NE,2021,17,REG,JAX,NE,away,date/team/opponent/location identity
1804,Drew Lock,LockDr00,2022-01-02,DEN,@,LAC,QB,MATCHED_CANONICAL_GAME,2021_17_DEN_LAC,2021,17,REG,DEN,LAC,away,date/team/opponent/location identity
1805,Patrick Mahomes,MahoPa00,2022-01-02,KAN,@,CIN,QB,MATCHED_CANONICAL_GAME,2021_17_KC_CIN,2021,17,REG,KC,CIN,away,date/team/opponent/location identity
1806,Sean Mannion,MannSe00,2022-01-02,MIN,@,GNB,QB,MATCHED_CANONICAL_GAME,2021_17_MIN_GB,2021,17,REG,MIN,GB,away,date/team/opponent/location identity
1807,Davis Mills,MillDa02,2022-01-02,HOU,@,SFO,QB,MATCHED_CANONICAL_GAME,2021_17_HOU_SF,2021,17,REG,HOU,SF,away,date/team/opponent/location identity
1808,Kyler Murray,MurrKy00,2022-01-02,ARI,@,DAL,QB,MATCHED_CANONICAL_GAME,2021_17_ARI_DAL,2021,17,REG,ARI,DAL,away,date/team/opponent/location identity
1809,Dak Prescott,PresDa01,2022-01-02,DAL,,ARI,QB,MATCHED_CANONICAL_GAME,2021_17_ARI_DAL,2021,17,REG,ARI,DAL,home,date/team/opponent/location identity
1810,Aaron Rodgers,RodgAa00,2022-01-02,GNB,,MIN,QB,MATCHED_CANONICAL_GAME,2021_17_MIN_GB,2021,17,REG,MIN,GB,home,date/team/opponent/location identity
1811,Matt Ryan,RyanMa00,2022-01-02,ATL,@,BUF,QB,MATCHED_CANONICAL_GAME,2021_17_ATL_BUF,2021,17,REG,ATL,BUF,away,date/team/opponent/location identity
1812,Matthew Stafford,StafMa00,2022-01-02,LAR,@,BAL,QB,MATCHED_CANONICAL_GAME,2021_17_LA_BAL,2021,17,REG,LAR,BAL,away,date/team/opponent/location identity
1813,Tua Tagovailoa,TagoTu00,2022-01-02,MIA,@,TEN,QB,MATCHED_CANONICAL_GAME,2021_17_MIA_TEN,2021,17,REG,MIA,TEN,away,date/team/opponent/location identity
1814,Ryan Tannehill,TannRy00,2022-01-02,TEN,,MIA,QB,MATCHED_CANONICAL_GAME,2021_17_MIA_TEN,2021,17,REG,MIA,TEN,home,date/team/opponent/location identity
1815,Carson Wentz,WentCa00,2022-01-02,IND,,LVR,QB,MATCHED_CANONICAL_GAME,2021_17_LV_IND,2021,17,REG,LV,IND,home,date/team/opponent/location identity
1816,Russell Wilson,WilsRu00,2022-01-02,SEA,,DET,QB,MATCHED_CANONICAL_GAME,2021_17_DET_SEA,2021,17,REG,DET,SEA,home,date/team/opponent/location identity
1817,Zach Wilson,WilsZa00,2022-01-02,NYJ,,TAM,QB,MATCHED_CANONICAL_GAME,2021_17_TB_NYJ,2021,17,REG,TB,NYJ,home,date/team/opponent/location identity
1818,Ian Book,BookIa00,2021-12-27,NOR,,MIA,QB,MATCHED_CANONICAL_GAME,2021_16_MIA_NO,2021,16,REG,MIA,NO,home,date/team/opponent/location identity
1819,Tua Tagovailoa,TagoTu00,2021-12-27,MIA,@,NOR,QB,MATCHED_CANONICAL_GAME,2021_16_MIA_NO,2021,16,REG,MIA,NO,away,date/team/opponent/location identity
1820,Josh Allen,AlleJo02,2021-12-26,BUF,@,NWE,QB,MATCHED_CANONICAL_GAME,2021_16_BUF_NE,2021,16,REG,BUF,NE,away,date/team/opponent/location identity
1821,Tim Boyle,BoylTi00,2021-12-26,DET,@,ATL,QB,MATCHED_CANONICAL_GAME,2021_16_DET_ATL,2021,16,REG,DET,ATL,away,date/team/opponent/location identity
1822,Tom Brady,BradTo00,2021-12-26,TAM,@,CAR,QB,MATCHED_CANONICAL_GAME,2021_16_TB_CAR,2021,16,REG,TB,CAR,away,date/team/opponent/location identity
1823,Joe Burrow,BurrJo01,2021-12-26,CIN,,BAL,QB,MATCHED_CANONICAL_GAME,2021_16_BAL_CIN,2021,16,REG,BAL,CIN,home,date/team/opponent/location identity
1824,Derek Carr,CarrDe02,2021-12-26,LVR,,DEN,QB,MATCHED_CANONICAL_GAME,2021_16_DEN_LV,2021,16,REG,DEN,LV,home,date/team/opponent/location identity
1825,Kirk Cousins,CousKi00,2021-12-26,MIN,,LAR,QB,MATCHED_CANONICAL_GAME,2021_16_LA_MIN,2021,16,REG,LAR,MIN,home,date/team/opponent/location identity
1826,Nick Foles,FoleNi00,2021-12-26,CHI,@,SEA,QB,MATCHED_CANONICAL_GAME,2021_16_CHI_SEA,2021,16,REG,CHI,SEA,away,date/team/opponent/location identity
1827,Jake Fromm,FromJa00,2021-12-26,NYG,@,PHI,QB,MATCHED_CANONICAL_GAME,2021_16_NYG_PHI,2021,16,REG,NYG,PHI,away,date/team/opponent/location identity
1828,Taylor Heinicke,HeinTa00,2021-12-26,WAS,@,DAL,QB,MATCHED_CANONICAL_GAME,2021_16_WAS_DAL,2021,16,REG,WAS,DAL,away,date/team/opponent/location identity
1829,Justin Herbert,HerbJu00,2021-12-26,LAC,@,HOU,QB,MATCHED_CANONICAL_GAME,2021_16_LAC_HOU,2021,16,REG,LAC,HOU,away,date/team/opponent/location identity
1830,Jalen Hurts,HurtJa00,2021-12-26,PHI,,NYG,QB,MATCHED_CANONICAL_GAME,2021_16_NYG_PHI,2021,16,REG,NYG,PHI,home,date/team/opponent/location identity
1831,Josh Johnson,JohnJo05,2021-12-26,BAL,@,CIN,QB,MATCHED_CANONICAL_GAME,2021_16_BAL_CIN,2021,16,REG,BAL,CIN,away,date/team/opponent/location identity
1832,Mac Jones,JoneMa05,2021-12-26,NWE,,BUF,QB,MATCHED_CANONICAL_GAME,2021_16_BUF_NE,2021,16,REG,BUF,NE,home,date/team/opponent/location identity
1833,Trevor Lawrence,LawrTr00,2021-12-26,JAX,@,NYJ,QB,MATCHED_CANONICAL_GAME,2021_16_JAX_NYJ,2021,16,REG,JAX,NYJ,away,date/team/opponent/location identity
1834,Drew Lock,LockDr00,2021-12-26,DEN,@,LVR,QB,MATCHED_CANONICAL_GAME,2021_16_DEN_LV,2021,16,REG,DEN,LV,away,date/team/opponent/location identity
1835,Patrick Mahomes,MahoPa00,2021-12-26,KAN,,PIT,QB,MATCHED_CANONICAL_GAME,2021_16_PIT_KC,2021,16,REG,PIT,KC,home,date/team/opponent/location identity
1836,Davis Mills,MillDa02,2021-12-26,HOU,,LAC,QB,MATCHED_CANONICAL_GAME,2021_16_LAC_HOU,2021,16,REG,LAC,HOU,home,date/team/opponent/location identity
1837,Cam Newton,NewtCa00,2021-12-26,CAR,,TAM,QB,MATCHED_CANONICAL_GAME,2021_16_TB_CAR,2021,16,REG,TB,CAR,home,date/team/opponent/location identity
1838,Dak Prescott,PresDa01,2021-12-26,DAL,,WAS,QB,MATCHED_CANONICAL_GAME,2021_16_WAS_DAL,2021,16,REG,WAS,DAL,home,date/team/opponent/location identity
1839,Ben Roethlisberger,RoetBe00,2021-12-26,PIT,@,KAN,QB,MATCHED_CANONICAL_GAME,2021_16_PIT_KC,2021,16,REG,PIT,KC,away,date/team/opponent/location identity
1840,Matt Ryan,RyanMa00,2021-12-26,ATL,,DET,QB,MATCHED_CANONICAL_GAME,2021_16_DET_ATL,2021,16,REG,DET,ATL,home,date/team/opponent/location identity
1841,Matthew Stafford,StafMa00,2021-12-26,LAR,@,MIN,QB,MATCHED_CANONICAL_GAME,2021_16_LA_MIN,2021,16,REG,LAR,MIN,away,date/team/opponent/location identity
1842,Russell Wilson,WilsRu00,2021-12-26,SEA,,CHI,QB,MATCHED_CANONICAL_GAME,2021_16_CHI_SEA,2021,16,REG,CHI,SEA,home,date/team/opponent/location identity
1843,Zach Wilson,WilsZa00,2021-12-26,NYJ,,JAX,QB,MATCHED_CANONICAL_GAME,2021_16_JAX_NYJ,2021,16,REG,JAX,NYJ,home,date/team/opponent/location identity
1844,Baker Mayfield,MayfBa00,2021-12-25,CLE,@,GNB,QB,MATCHED_CANONICAL_GAME,2021_16_CLE_GB,2021,16,REG,CLE,GB,away,date/team/opponent/location identity
1845,Kyler Murray,MurrKy00,2021-12-25,ARI,,IND,QB,MATCHED_CANONICAL_GAME,2021_16_IND_ARI,2021,16,REG,IND,ARI,home,date/team/opponent/location identity
1846,Aaron Rodgers,RodgAa00,2021-12-25,GNB,,CLE,QB,MATCHED_CANONICAL_GAME,2021_16_CLE_GB,2021,16,REG,CLE,GB,home,date/team/opponent/location identity
1847,Carson Wentz,WentCa00,2021-12-25,IND,@,ARI,QB,MATCHED_CANONICAL_GAME,2021_16_IND_ARI,2021,16,REG,IND,ARI,away,date/team/opponent/location identity
1848,Jimmy Garoppolo,GaroJi00,2021-12-23,SFO,@,TEN,QB,MATCHED_CANONICAL_GAME,2021_16_SF_TEN,2021,16,REG,SF,TEN,away,date/team/opponent/location identity
1849,Ryan Tannehill,TannRy00,2021-12-23,TEN,,SFO,QB,MATCHED_CANONICAL_GAME,2021_16_SF_TEN,2021,16,REG,SF,TEN,home,date/team/opponent/location identity
1850,Garrett Gilbert,GilbGa01,2021-12-21,WAS,@,PHI,QB,MATCHED_CANONICAL_GAME,2021_15_WAS_PHI,2021,15,REG,WAS,PHI,away,date/team/opponent/location identity
1851,Jalen Hurts,HurtJa00,2021-12-21,PHI,,WAS,QB,MATCHED_CANONICAL_GAME,2021_15_WAS_PHI,2021,15,REG,WAS,PHI,home,date/team/opponent/location identity
1852,Matthew Stafford,StafMa00,2021-12-21,LAR,,SEA,QB,MATCHED_CANONICAL_GAME,2021_15_SEA_LA,2021,15,REG,SEA,LAR,home,date/team/opponent/location identity
1853,Russell Wilson,WilsRu00,2021-12-21,SEA,@,LAR,QB,MATCHED_CANONICAL_GAME,2021_15_SEA_LA,2021,15,REG,SEA,LAR,away,date/team/opponent/location identity
1854,Derek Carr,CarrDe02,2021-12-20,LVR,@,CLE,QB,MATCHED_CANONICAL_GAME,2021_15_LV_CLE,2021,15,REG,LV,CLE,away,date/team/opponent/location identity
1855,Kirk Cousins,CousKi00,2021-12-20,MIN,@,CHI,QB,MATCHED_CANONICAL_GAME,2021_15_MIN_CHI,2021,15,REG,MIN,CHI,away,date/team/opponent/location identity
1856,Justin Fields,FielJu00,2021-12-20,CHI,,MIN,QB,MATCHED_CANONICAL_GAME,2021_15_MIN_CHI,2021,15,REG,MIN,CHI,home,date/team/opponent/location identity
1857,Nick Mullens,MullNi00,2021-12-20,CLE,,LVR,QB,MATCHED_CANONICAL_GAME,2021_15_LV_CLE,2021,15,REG,LV,CLE,home,date/team/opponent/location identity
1858,Josh Allen,AlleJo02,2021-12-19,BUF,,CAR,QB,MATCHED_CANONICAL_GAME,2021_15_CAR_BUF,2021,15,REG,CAR,BUF,home,date/team/opponent/location identity
1859,Tom Brady,BradTo00,2021-12-19,TAM,,NOR,QB,MATCHED_CANONICAL_GAME,2021_15_NO_TB,2021,15,REG,NO,TB,home,date/team/opponent/location identity
1860,Teddy Bridgewater,BridTe00,2021-12-19,DEN,,CIN,QB,MATCHED_CANONICAL_GAME,2021_15_CIN_DEN,2021,15,REG,CIN,DEN,home,date/team/opponent/location identity
1861,Joe Burrow,BurrJo01,2021-12-19,CIN,@,DEN,QB,MATCHED_CANONICAL_GAME,2021_15_CIN_DEN,2021,15,REG,CIN,DEN,away,date/team/opponent/location identity
1862,Jimmy Garoppolo,GaroJi00,2021-12-19,SFO,,ATL,QB,MATCHED_CANONICAL_GAME,2021_15_ATL_SF,2021,15,REG,ATL,SF,home,date/team/opponent/location identity
1863,Mike Glennon,GlenMi00,2021-12-19,NYG,,DAL,QB,MATCHED_CANONICAL_GAME,2021_15_DAL_NYG,2021,15,REG,DAL,NYG,home,date/team/opponent/location identity
1864,Jared Goff,GoffJa00,2021-12-19,DET,,ARI,QB,MATCHED_CANONICAL_GAME,2021_15_ARI_DET,2021,15,REG,ARI,DET,home,date/team/opponent/location identity
1865,Taysom Hill,HillTa00,2021-12-19,NOR,@,TAM,QB/WR,MATCHED_CANONICAL_GAME,2021_15_NO_TB,2021,15,REG,NO,TB,away,date/team/opponent/location identity
1866,Tyler Huntley,HuntTy01,2021-12-19,BAL,,GNB,QB,MATCHED_CANONICAL_GAME,2021_15_GB_BAL,2021,15,REG,GB,BAL,home,date/team/opponent/location identity
1867,Trevor Lawrence,LawrTr00,2021-12-19,JAX,,HOU,QB,MATCHED_CANONICAL_GAME,2021_15_HOU_JAX,2021,15,REG,HOU,JAX,home,date/team/opponent/location identity
1868,Davis Mills,MillDa02,2021-12-19,HOU,@,JAX,QB,MATCHED_CANONICAL_GAME,2021_15_HOU_JAX,2021,15,REG,HOU,JAX,away,date/team/opponent/location identity
1869,Kyler Murray,MurrKy00,2021-12-19,ARI,@,DET,QB,MATCHED_CANONICAL_GAME,2021_15_ARI_DET,2021,15,REG,ARI,DET,away,date/team/opponent/location identity
1870,Cam Newton,NewtCa00,2021-12-19,CAR,@,BUF,QB,MATCHED_CANONICAL_GAME,2021_15_CAR_BUF,2021,15,REG,CAR,BUF,away,date/team/opponent/location identity
1871,Dak Prescott,PresDa01,2021-12-19,DAL,@,NYG,QB,MATCHED_CANONICAL_GAME,2021_15_DAL_NYG,2021,15,REG,DAL,NYG,away,date/team/opponent/location identity
1872,Aaron Rodgers,RodgAa00,2021-12-19,GNB,@,BAL,QB,MATCHED_CANONICAL_GAME,2021_15_GB_BAL,2021,15,REG,GB,BAL,away,date/team/opponent/location identity
1873,Ben Roethlisberger,RoetBe00,2021-12-19,PIT,,TEN,QB,MATCHED_CANONICAL_GAME,2021_15_TEN_PIT,2021,15,REG,TEN,PIT,home,date/team/opponent/location identity
1874,Matt Ryan,RyanMa00,2021-12-19,ATL,@,SFO,QB,MATCHED_CANONICAL_GAME,2021_15_ATL_SF,2021,15,REG,ATL,SF,away,date/team/opponent/location identity
1875,Tua Tagovailoa,TagoTu00,2021-12-19,MIA,,NYJ,QB,MATCHED_CANONICAL_GAME,2021_15_NYJ_MIA,2021,15,REG,NYJ,MIA,home,date/team/opponent/location identity
1876,Ryan Tannehill,TannRy00,2021-12-19,TEN,@,PIT,QB,MATCHED_CANONICAL_GAME,2021_15_TEN_PIT,2021,15,REG,TEN,PIT,away,date/team/opponent/location identity
1877,Zach Wilson,WilsZa00,2021-12-19,NYJ,@,MIA,QB,MATCHED_CANONICAL_GAME,2021_15_NYJ_MIA,2021,15,REG,NYJ,MIA,away,date/team/opponent/location identity
1878,Mac Jones,JoneMa05,2021-12-18,NWE,@,IND,QB,MATCHED_CANONICAL_GAME,2021_15_NE_IND,2021,15,REG,NE,IND,away,date/team/opponent/location identity
1879,Carson Wentz,WentCa00,2021-12-18,IND,,NWE,QB,MATCHED_CANONICAL_GAME,2021_15_NE_IND,2021,15,REG,NE,IND,home,date/team/opponent/location identity
1880,Justin Herbert,HerbJu00,2021-12-16,LAC,,KAN,QB,MATCHED_CANONICAL_GAME,2021_15_KC_LAC,2021,15,REG,KC,LAC,home,date/team/opponent/location identity
1881,Patrick Mahomes,MahoPa00,2021-12-16,KAN,@,LAC,QB,MATCHED_CANONICAL_GAME,2021_15_KC_LAC,2021,15,REG,KC,LAC,away,date/team/opponent/location identity
1882,Kyler Murray,MurrKy00,2021-12-13,ARI,,LAR,QB,MATCHED_CANONICAL_GAME,2021_14_LA_ARI,2021,14,REG,LAR,ARI,home,date/team/opponent/location identity
1883,Matthew Stafford,StafMa00,2021-12-13,LAR,@,ARI,QB,MATCHED_CANONICAL_GAME,2021_14_LA_ARI,2021,14,REG,LAR,ARI,away,date/team/opponent/location identity
1884,Josh Allen,AlleJo02,2021-12-12,BUF,@,TAM,QB,MATCHED_CANONICAL_GAME,2021_14_BUF_TB,2021,14,REG,BUF,TB,away,date/team/opponent/location identity
1885,Tom Brady,BradTo00,2021-12-12,TAM,,BUF,QB,MATCHED_CANONICAL_GAME,2021_14_BUF_TB,2021,14,REG,BUF,TB,home,date/team/opponent/location identity
1886,Teddy Bridgewater,BridTe00,2021-12-12,DEN,,DET,QB,MATCHED_CANONICAL_GAME,2021_14_DET_DEN,2021,14,REG,DET,DEN,home,date/team/opponent/location identity
1887,Joe Burrow,BurrJo01,2021-12-12,CIN,,SFO,QB,MATCHED_CANONICAL_GAME,2021_14_SF_CIN,2021,14,REG,SF,CIN,home,date/team/opponent/location identity
1888,Derek Carr,CarrDe02,2021-12-12,LVR,@,KAN,QB,MATCHED_CANONICAL_GAME,2021_14_LV_KC,2021,14,REG,LV,KC,away,date/team/opponent/location identity
1889,Justin Fields,FielJu00,2021-12-12,CHI,@,GNB,QB,MATCHED_CANONICAL_GAME,2021_14_CHI_GB,2021,14,REG,CHI,GB,away,date/team/opponent/location identity
1890,Jimmy Garoppolo,GaroJi00,2021-12-12,SFO,@,CIN,QB,MATCHED_CANONICAL_GAME,2021_14_SF_CIN,2021,14,REG,SF,CIN,away,date/team/opponent/location identity
1891,Mike Glennon,GlenMi00,2021-12-12,NYG,@,LAC,QB,MATCHED_CANONICAL_GAME,2021_14_NYG_LAC,2021,14,REG,NYG,LAC,away,date/team/opponent/location identity
1892,Jared Goff,GoffJa00,2021-12-12,DET,@,DEN,QB,MATCHED_CANONICAL_GAME,2021_14_DET_DEN,2021,14,REG,DET,DEN,away,date/team/opponent/location identity
1893,Taylor Heinicke,HeinTa00,2021-12-12,WAS,,DAL,QB,MATCHED_CANONICAL_GAME,2021_14_DAL_WAS,2021,14,REG,DAL,WAS,home,date/team/opponent/location identity
1894,Justin Herbert,HerbJu00,2021-12-12,LAC,,NYG,QB,MATCHED_CANONICAL_GAME,2021_14_NYG_LAC,2021,14,REG,NYG,LAC,home,date/team/opponent/location identity
1895,Taysom Hill,HillTa00,2021-12-12,NOR,@,NYJ,QB/WR,MATCHED_CANONICAL_GAME,2021_14_NO_NYJ,2021,14,REG,NO,NYJ,away,date/team/opponent/location identity
1896,Lamar Jackson,JackLa00,2021-12-12,BAL,@,CLE,QB,MATCHED_CANONICAL_GAME,2021_14_BAL_CLE,2021,14,REG,BAL,CLE,away,date/team/opponent/location identity
1897,Trevor Lawrence,LawrTr00,2021-12-12,JAX,@,TEN,QB,MATCHED_CANONICAL_GAME,2021_14_JAX_TEN,2021,14,REG,JAX,TEN,away,date/team/opponent/location identity
1898,Patrick Mahomes,MahoPa00,2021-12-12,KAN,,LVR,QB,MATCHED_CANONICAL_GAME,2021_14_LV_KC,2021,14,REG,LV,KC,home,date/team/opponent/location identity
1899,Baker Mayfield,MayfBa00,2021-12-12,CLE,,BAL,QB,MATCHED_CANONICAL_GAME,2021_14_BAL_CLE,2021,14,REG,BAL,CLE,home,date/team/opponent/location identity
1900,Davis Mills,MillDa02,2021-12-12,HOU,,SEA,QB,MATCHED_CANONICAL_GAME,2021_14_SEA_HOU,2021,14,REG,SEA,HOU,home,date/team/opponent/location identity
1901,Cam Newton,NewtCa00,2021-12-12,CAR,,ATL,QB,MATCHED_CANONICAL_GAME,2021_14_ATL_CAR,2021,14,REG,ATL,CAR,home,date/team/opponent/location identity
1902,Dak Prescott,PresDa01,2021-12-12,DAL,@,WAS,QB,MATCHED_CANONICAL_GAME,2021_14_DAL_WAS,2021,14,REG,DAL,WAS,away,date/team/opponent/location identity
1903,Aaron Rodgers,RodgAa00,2021-12-12,GNB,,CHI,QB,MATCHED_CANONICAL_GAME,2021_14_CHI_GB,2021,14,REG,CHI,GB,home,date/team/opponent/location identity
1904,Matt Ryan,RyanMa00,2021-12-12,ATL,@,CAR,QB,MATCHED_CANONICAL_GAME,2021_14_ATL_CAR,2021,14,REG,ATL,CAR,away,date/team/opponent/location identity
1905,Ryan Tannehill,TannRy00,2021-12-12,TEN,,JAX,QB,MATCHED_CANONICAL_GAME,2021_14_JAX_TEN,2021,14,REG,JAX,TEN,home,date/team/opponent/location identity
1906,Russell Wilson,WilsRu00,2021-12-12,SEA,@,HOU,QB,MATCHED_CANONICAL_GAME,2021_14_SEA_HOU,2021,14,REG,SEA,HOU,away,date/team/opponent/location identity
1907,Zach Wilson,WilsZa00,2021-12-12,NYJ,,NOR,QB,MATCHED_CANONICAL_GAME,2021_14_NO_NYJ,2021,14,REG,NO,NYJ,home,date/team/opponent/location identity
1908,Kirk Cousins,CousKi00,2021-12-09,MIN,,PIT,QB,MATCHED_CANONICAL_GAME,2021_14_PIT_MIN,2021,14,REG,PIT,MIN,home,date/team/opponent/location identity
1909,Ben Roethlisberger,RoetBe00,2021-12-09,PIT,@,MIN,QB,MATCHED_CANONICAL_GAME,2021_14_PIT_MIN,2021,14,REG,PIT,MIN,away,date/team/opponent/location identity
1910,Josh Allen,AlleJo02,2021-12-06,BUF,,NWE,QB,MATCHED_CANONICAL_GAME,2021_13_NE_BUF,2021,13,REG,NE,BUF,home,date/team/opponent/location identity
1911,Mac Jones,JoneMa05,2021-12-06,NWE,@,BUF,QB,MATCHED_CANONICAL_GAME,2021_13_NE_BUF,2021,13,REG,NE,BUF,away,date/team/opponent/location identity
1912,Tom Brady,BradTo00,2021-12-05,TAM,@,ATL,QB,MATCHED_CANONICAL_GAME,2021_13_TB_ATL,2021,13,REG,TB,ATL,away,date/team/opponent/location identity
1913,Teddy Bridgewater,BridTe00,2021-12-05,DEN,@,KAN,QB,MATCHED_CANONICAL_GAME,2021_13_DEN_KC,2021,13,REG,DEN,KC,away,date/team/opponent/location identity
1914,Joe Burrow,BurrJo01,2021-12-05,CIN,,LAC,QB,MATCHED_CANONICAL_GAME,2021_13_LAC_CIN,2021,13,REG,LAC,CIN,home,date/team/opponent/location identity
1915,Derek Carr,CarrDe02,2021-12-05,LVR,,WAS,QB,MATCHED_CANONICAL_GAME,2021_13_WAS_LV,2021,13,REG,WAS,LV,home,date/team/opponent/location identity
1916,Kirk Cousins,CousKi00,2021-12-05,MIN,@,DET,QB,MATCHED_CANONICAL_GAME,2021_13_MIN_DET,2021,13,REG,MIN,DET,away,date/team/opponent/location identity
1917,Andy Dalton,DaltAn00,2021-12-05,CHI,,ARI,QB,MATCHED_CANONICAL_GAME,2021_13_ARI_CHI,2021,13,REG,ARI,CHI,home,date/team/opponent/location identity
1918,Jimmy Garoppolo,GaroJi00,2021-12-05,SFO,@,SEA,QB,MATCHED_CANONICAL_GAME,2021_13_SF_SEA,2021,13,REG,SF,SEA,away,date/team/opponent/location identity
1919,Mike Glennon,GlenMi00,2021-12-05,NYG,@,MIA,QB,MATCHED_CANONICAL_GAME,2021_13_NYG_MIA,2021,13,REG,NYG,MIA,away,date/team/opponent/location identity
1920,Jared Goff,GoffJa00,2021-12-05,DET,,MIN,QB,MATCHED_CANONICAL_GAME,2021_13_MIN_DET,2021,13,REG,MIN,DET,home,date/team/opponent/location identity
1921,Taylor Heinicke,HeinTa00,2021-12-05,WAS,@,LVR,QB,MATCHED_CANONICAL_GAME,2021_13_WAS_LV,2021,13,REG,WAS,LV,away,date/team/opponent/location identity
1922,Justin Herbert,HerbJu00,2021-12-05,LAC,@,CIN,QB,MATCHED_CANONICAL_GAME,2021_13_LAC_CIN,2021,13,REG,LAC,CIN,away,date/team/opponent/location identity
1923,Lamar Jackson,JackLa00,2021-12-05,BAL,@,PIT,QB,MATCHED_CANONICAL_GAME,2021_13_BAL_PIT,2021,13,REG,BAL,PIT,away,date/team/opponent/location identity
1924,Trevor Lawrence,LawrTr00,2021-12-05,JAX,@,LAR,QB,MATCHED_CANONICAL_GAME,2021_13_JAX_LA,2021,13,REG,JAX,LAR,away,date/team/opponent/location identity
1925,Patrick Mahomes,MahoPa00,2021-12-05,KAN,,DEN,QB,MATCHED_CANONICAL_GAME,2021_13_DEN_KC,2021,13,REG,DEN,KC,home,date/team/opponent/location identity
1926,Gardner Minshew II,MinsGa00,2021-12-05,PHI,@,NYJ,QB,MATCHED_CANONICAL_GAME,2021_13_PHI_NYJ,2021,13,REG,PHI,NYJ,away,date/team/opponent/location identity
1927,Kyler Murray,MurrKy00,2021-12-05,ARI,@,CHI,QB,MATCHED_CANONICAL_GAME,2021_13_ARI_CHI,2021,13,REG,ARI,CHI,away,date/team/opponent/location identity
1928,Ben Roethlisberger,RoetBe00,2021-12-05,PIT,,BAL,QB,MATCHED_CANONICAL_GAME,2021_13_BAL_PIT,2021,13,REG,BAL,PIT,home,date/team/opponent/location identity
1929,Matt Ryan,RyanMa00,2021-12-05,ATL,,TAM,QB,MATCHED_CANONICAL_GAME,2021_13_TB_ATL,2021,13,REG,TB,ATL,home,date/team/opponent/location identity
1930,Matthew Stafford,StafMa00,2021-12-05,LAR,,JAX,QB,MATCHED_CANONICAL_GAME,2021_13_JAX_LA,2021,13,REG,JAX,LAR,home,date/team/opponent/location identity
1931,Tua Tagovailoa,TagoTu00,2021-12-05,MIA,,NYG,QB,MATCHED_CANONICAL_GAME,2021_13_NYG_MIA,2021,13,REG,NYG,MIA,home,date/team/opponent/location identity
1932,Tyrod Taylor,TaylTy00,2021-12-05,HOU,,IND,QB,MATCHED_CANONICAL_GAME,2021_13_IND_HOU,2021,13,REG,IND,HOU,home,date/team/opponent/location identity
1933,Carson Wentz,WentCa00,2021-12-05,IND,@,HOU,QB,MATCHED_CANONICAL_GAME,2021_13_IND_HOU,2021,13,REG,IND,HOU,away,date/team/opponent/location identity
1934,Russell Wilson,WilsRu00,2021-12-05,SEA,,SFO,QB,MATCHED_CANONICAL_GAME,2021_13_SF_SEA,2021,13,REG,SF,SEA,home,date/team/opponent/location identity
1935,Zach Wilson,WilsZa00,2021-12-05,NYJ,,PHI,QB,MATCHED_CANONICAL_GAME,2021_13_PHI_NYJ,2021,13,REG,PHI,NYJ,home,date/team/opponent/location identity
1936,Taysom Hill,HillTa00,2021-12-02,NOR,,DAL,QB/WR,MATCHED_CANONICAL_GAME,2021_13_DAL_NO,2021,13,REG,DAL,NO,home,date/team/opponent/location identity
1937,Dak Prescott,PresDa01,2021-12-02,DAL,@,NOR,QB,MATCHED_CANONICAL_GAME,2021_13_DAL_NO,2021,13,REG,DAL,NO,away,date/team/opponent/location identity
1938,Taylor Heinicke,HeinTa00,2021-11-29,WAS,,SEA,QB,MATCHED_CANONICAL_GAME,2021_12_SEA_WAS,2021,12,REG,SEA,WAS,home,date/team/opponent/location identity
1939,Russell Wilson,WilsRu00,2021-11-29,SEA,@,WAS,QB,MATCHED_CANONICAL_GAME,2021_12_SEA_WAS,2021,12,REG,SEA,WAS,away,date/team/opponent/location identity
1940,Tom Brady,BradTo00,2021-11-28,TAM,@,IND,QB,MATCHED_CANONICAL_GAME,2021_12_TB_IND,2021,12,REG,TB,IND,away,date/team/opponent/location identity
1941,Teddy Bridgewater,BridTe00,2021-11-28,DEN,,LAC,QB,MATCHED_CANONICAL_GAME,2021_12_LAC_DEN,2021,12,REG,LAC,DEN,home,date/team/opponent/location identity
1942,Joe Burrow,BurrJo01,2021-11-28,CIN,,PIT,QB,MATCHED_CANONICAL_GAME,2021_12_PIT_CIN,2021,12,REG,PIT,CIN,home,date/team/opponent/location identity
1943,Kirk Cousins,CousKi00,2021-11-28,MIN,@,SFO,QB,MATCHED_CANONICAL_GAME,2021_12_MIN_SF,2021,12,REG,MIN,SF,away,date/team/opponent/location identity
1944,Jimmy Garoppolo,GaroJi00,2021-11-28,SFO,,MIN,QB,MATCHED_CANONICAL_GAME,2021_12_MIN_SF,2021,12,REG,MIN,SF,home,date/team/opponent/location identity
1945,Justin Herbert,HerbJu00,2021-11-28,LAC,@,DEN,QB,MATCHED_CANONICAL_GAME,2021_12_LAC_DEN,2021,12,REG,LAC,DEN,away,date/team/opponent/location identity
1946,Jalen Hurts,HurtJa00,2021-11-28,PHI,@,NYG,QB,MATCHED_CANONICAL_GAME,2021_12_PHI_NYG,2021,12,REG,PHI,NYG,away,date/team/opponent/location identity
1947,Lamar Jackson,JackLa00,2021-11-28,BAL,,CLE,QB,MATCHED_CANONICAL_GAME,2021_12_CLE_BAL,2021,12,REG,CLE,BAL,home,date/team/opponent/location identity
1948,Daniel Jones,JoneDa05,2021-11-28,NYG,,PHI,QB,MATCHED_CANONICAL_GAME,2021_12_PHI_NYG,2021,12,REG,PHI,NYG,home,date/team/opponent/location identity
1949,Mac Jones,JoneMa05,2021-11-28,NWE,,TEN,QB,MATCHED_CANONICAL_GAME,2021_12_TEN_NE,2021,12,REG,TEN,NE,home,date/team/opponent/location identity
1950,Trevor Lawrence,LawrTr00,2021-11-28,JAX,,ATL,QB,MATCHED_CANONICAL_GAME,2021_12_ATL_JAX,2021,12,REG,ATL,JAX,home,date/team/opponent/location identity
1951,Baker Mayfield,MayfBa00,2021-11-28,CLE,@,BAL,QB,MATCHED_CANONICAL_GAME,2021_12_CLE_BAL,2021,12,REG,CLE,BAL,away,date/team/opponent/location identity
1952,Cam Newton,NewtCa00,2021-11-28,CAR,@,MIA,QB,MATCHED_CANONICAL_GAME,2021_12_CAR_MIA,2021,12,REG,CAR,MIA,away,date/team/opponent/location identity
1953,Aaron Rodgers,RodgAa00,2021-11-28,GNB,,LAR,QB,MATCHED_CANONICAL_GAME,2021_12_LA_GB,2021,12,REG,LAR,GB,home,date/team/opponent/location identity
1954,Ben Roethlisberger,RoetBe00,2021-11-28,PIT,@,CIN,QB,MATCHED_CANONICAL_GAME,2021_12_PIT_CIN,2021,12,REG,PIT,CIN,away,date/team/opponent/location identity
1955,Matt Ryan,RyanMa00,2021-11-28,ATL,@,JAX,QB,MATCHED_CANONICAL_GAME,2021_12_ATL_JAX,2021,12,REG,ATL,JAX,away,date/team/opponent/location identity
1956,Matthew Stafford,StafMa00,2021-11-28,LAR,@,GNB,QB,MATCHED_CANONICAL_GAME,2021_12_LA_GB,2021,12,REG,LAR,GB,away,date/team/opponent/location identity
1957,Tua Tagovailoa,TagoTu00,2021-11-28,MIA,,CAR,QB,MATCHED_CANONICAL_GAME,2021_12_CAR_MIA,2021,12,REG,CAR,MIA,home,date/team/opponent/location identity
1958,Ryan Tannehill,TannRy00,2021-11-28,TEN,@,NWE,QB,MATCHED_CANONICAL_GAME,2021_12_TEN_NE,2021,12,REG,TEN,NE,away,date/team/opponent/location identity
1959,Tyrod Taylor,TaylTy00,2021-11-28,HOU,,NYJ,QB,MATCHED_CANONICAL_GAME,2021_12_NYJ_HOU,2021,12,REG,NYJ,HOU,home,date/team/opponent/location identity
1960,Carson Wentz,WentCa00,2021-11-28,IND,,TAM,QB,MATCHED_CANONICAL_GAME,2021_12_TB_IND,2021,12,REG,TB,IND,home,date/team/opponent/location identity
1961,Zach Wilson,WilsZa00,2021-11-28,NYJ,@,HOU,QB,MATCHED_CANONICAL_GAME,2021_12_NYJ_HOU,2021,12,REG,NYJ,HOU,away,date/team/opponent/location identity
1962,Josh Allen,AlleJo02,2021-11-25,BUF,@,NOR,QB,MATCHED_CANONICAL_GAME,2021_12_BUF_NO,2021,12,REG,BUF,NO,away,date/team/opponent/location identity
1963,Derek Carr,CarrDe02,2021-11-25,LVR,@,DAL,QB,MATCHED_CANONICAL_GAME,2021_12_LV_DAL,2021,12,REG,LV,DAL,away,date/team/opponent/location identity
1964,Andy Dalton,DaltAn00,2021-11-25,CHI,@,DET,QB,MATCHED_CANONICAL_GAME,2021_12_CHI_DET,2021,12,REG,CHI,DET,away,date/team/opponent/location identity
1965,Jared Goff,GoffJa00,2021-11-25,DET,,CHI,QB,MATCHED_CANONICAL_GAME,2021_12_CHI_DET,2021,12,REG,CHI,DET,home,date/team/opponent/location identity
1966,Dak Prescott,PresDa01,2021-11-25,DAL,,LVR,QB,MATCHED_CANONICAL_GAME,2021_12_LV_DAL,2021,12,REG,LV,DAL,home,date/team/opponent/location identity
1967,Trevor Siemian,SiemTr00,2021-11-25,NOR,,BUF,QB,MATCHED_CANONICAL_GAME,2021_12_BUF_NO,2021,12,REG,BUF,NO,home,date/team/opponent/location identity
1968,Tom Brady,BradTo00,2021-11-22,TAM,,NYG,QB,MATCHED_CANONICAL_GAME,2021_11_NYG_TB,2021,11,REG,NYG,TB,home,date/team/opponent/location identity
1969,Daniel Jones,JoneDa05,2021-11-22,NYG,@,TAM,QB,MATCHED_CANONICAL_GAME,2021_11_NYG_TB,2021,11,REG,NYG,TB,away,date/team/opponent/location identity
1970,Josh Allen,AlleJo02,2021-11-21,BUF,,IND,QB,MATCHED_CANONICAL_GAME,2021_11_IND_BUF,2021,11,REG,IND,BUF,home,date/team/opponent/location identity
1971,Tim Boyle,BoylTi00,2021-11-21,DET,@,CLE,QB,MATCHED_CANONICAL_GAME,2021_11_DET_CLE,2021,11,REG,DET,CLE,away,date/team/opponent/location identity
1972,Joe Burrow,BurrJo01,2021-11-21,CIN,@,LVR,QB,MATCHED_CANONICAL_GAME,2021_11_CIN_LV,2021,11,REG,CIN,LV,away,date/team/opponent/location identity
1973,Derek Carr,CarrDe02,2021-11-21,LVR,,CIN,QB,MATCHED_CANONICAL_GAME,2021_11_CIN_LV,2021,11,REG,CIN,LV,home,date/team/opponent/location identity
1974,Kirk Cousins,CousKi00,2021-11-21,MIN,,GNB,QB,MATCHED_CANONICAL_GAME,2021_11_GB_MIN,2021,11,REG,GB,MIN,home,date/team/opponent/location identity
1975,Justin Fields,FielJu00,2021-11-21,CHI,,BAL,QB,MATCHED_CANONICAL_GAME,2021_11_BAL_CHI,2021,11,REG,BAL,CHI,home,date/team/opponent/location identity
1976,Joe Flacco,FlacJo00,2021-11-21,NYJ,,MIA,QB,MATCHED_CANONICAL_GAME,2021_11_MIA_NYJ,2021,11,REG,MIA,NYJ,home,date/team/opponent/location identity
1977,Jimmy Garoppolo,GaroJi00,2021-11-21,SFO,@,JAX,QB,MATCHED_CANONICAL_GAME,2021_11_SF_JAX,2021,11,REG,SF,JAX,away,date/team/opponent/location identity
1978,Taylor Heinicke,HeinTa00,2021-11-21,WAS,@,CAR,QB,MATCHED_CANONICAL_GAME,2021_11_WAS_CAR,2021,11,REG,WAS,CAR,away,date/team/opponent/location identity
1979,Justin Herbert,HerbJu00,2021-11-21,LAC,,PIT,QB,MATCHED_CANONICAL_GAME,2021_11_PIT_LAC,2021,11,REG,PIT,LAC,home,date/team/opponent/location identity
1980,Tyler Huntley,HuntTy01,2021-11-21,BAL,@,CHI,QB,MATCHED_CANONICAL_GAME,2021_11_BAL_CHI,2021,11,REG,BAL,CHI,away,date/team/opponent/location identity
1981,Jalen Hurts,HurtJa00,2021-11-21,PHI,,NOR,QB,MATCHED_CANONICAL_GAME,2021_11_NO_PHI,2021,11,REG,NO,PHI,home,date/team/opponent/location identity
1982,Trevor Lawrence,LawrTr00,2021-11-21,JAX,,SFO,QB,MATCHED_CANONICAL_GAME,2021_11_SF_JAX,2021,11,REG,SF,JAX,home,date/team/opponent/location identity
1983,Patrick Mahomes,MahoPa00,2021-11-21,KAN,,DAL,QB,MATCHED_CANONICAL_GAME,2021_11_DAL_KC,2021,11,REG,DAL,KC,home,date/team/opponent/location identity
1984,Baker Mayfield,MayfBa00,2021-11-21,CLE,,DET,QB,MATCHED_CANONICAL_GAME,2021_11_DET_CLE,2021,11,REG,DET,CLE,home,date/team/opponent/location identity
1985,Colt McCoy,McCoCo00,2021-11-21,ARI,@,SEA,QB,MATCHED_CANONICAL_GAME,2021_11_ARI_SEA,2021,11,REG,ARI,SEA,away,date/team/opponent/location identity
1986,Cam Newton,NewtCa00,2021-11-21,CAR,,WAS,QB,MATCHED_CANONICAL_GAME,2021_11_WAS_CAR,2021,11,REG,WAS,CAR,home,date/team/opponent/location identity
1987,Dak Prescott,PresDa01,2021-11-21,DAL,@,KAN,QB,MATCHED_CANONICAL_GAME,2021_11_DAL_KC,2021,11,REG,DAL,KC,away,date/team/opponent/location identity
1988,Aaron Rodgers,RodgAa00,2021-11-21,GNB,@,MIN,QB,MATCHED_CANONICAL_GAME,2021_11_GB_MIN,2021,11,REG,GB,MIN,away,date/team/opponent/location identity
1989,Ben Roethlisberger,RoetBe00,2021-11-21,PIT,@,LAC,QB,MATCHED_CANONICAL_GAME,2021_11_PIT_LAC,2021,11,REG,PIT,LAC,away,date/team/opponent/location identity
1990,Trevor Siemian,SiemTr00,2021-11-21,NOR,@,PHI,QB,MATCHED_CANONICAL_GAME,2021_11_NO_PHI,2021,11,REG,NO,PHI,away,date/team/opponent/location identity
1991,Tua Tagovailoa,TagoTu00,2021-11-21,MIA,@,NYJ,QB,MATCHED_CANONICAL_GAME,2021_11_MIA_NYJ,2021,11,REG,MIA,NYJ,away,date/team/opponent/location identity
1992,Ryan Tannehill,TannRy00,2021-11-21,TEN,,HOU,QB,MATCHED_CANONICAL_GAME,2021_11_HOU_TEN,2021,11,REG,HOU,TEN,home,date/team/opponent/location identity
1993,Tyrod Taylor,TaylTy00,2021-11-21,HOU,@,TEN,QB,MATCHED_CANONICAL_GAME,2021_11_HOU_TEN,2021,11,REG,HOU,TEN,away,date/team/opponent/location identity
1994,Carson Wentz,WentCa00,2021-11-21,IND,@,BUF,QB,MATCHED_CANONICAL_GAME,2021_11_IND_BUF,2021,11,REG,IND,BUF,away,date/team/opponent/location identity
1995,Russell Wilson,WilsRu00,2021-11-21,SEA,,ARI,QB,MATCHED_CANONICAL_GAME,2021_11_ARI_SEA,2021,11,REG,ARI,SEA,home,date/team/opponent/location identity
1996,Mac Jones,JoneMa05,2021-11-18,NWE,@,ATL,QB,MATCHED_CANONICAL_GAME,2021_11_NE_ATL,2021,11,REG,NE,ATL,away,date/team/opponent/location identity
1997,Matt Ryan,RyanMa00,2021-11-18,ATL,,NWE,QB,MATCHED_CANONICAL_GAME,2021_11_NE_ATL,2021,11,REG,NE,ATL,home,date/team/opponent/location identity
1998,Jimmy Garoppolo,GaroJi00,2021-11-15,SFO,,LAR,QB,MATCHED_CANONICAL_GAME,2021_10_LA_SF,2021,10,REG,LAR,SF,home,date/team/opponent/location identity
1999,Matthew Stafford,StafMa00,2021-11-15,LAR,@,SFO,QB,MATCHED_CANONICAL_GAME,2021_10_LA_SF,2021,10,REG,LAR,SF,away,date/team/opponent/location identity
2000,Josh Allen,AlleJo02,2021-11-14,BUF,@,NYJ,QB,MATCHED_CANONICAL_GAME,2021_10_BUF_NYJ,2021,10,REG,BUF,NYJ,away,date/team/opponent/location identity
2001,Tom Brady,BradTo00,2021-11-14,TAM,@,WAS,QB,MATCHED_CANONICAL_GAME,2021_10_TB_WAS,2021,10,REG,TB,WAS,away,date/team/opponent/location identity
2002,Teddy Bridgewater,BridTe00,2021-11-14,DEN,,PHI,QB,MATCHED_CANONICAL_GAME,2021_10_PHI_DEN,2021,10,REG,PHI,DEN,home,date/team/opponent/location identity
2003,Derek Carr,CarrDe02,2021-11-14,LVR,,KAN,QB,MATCHED_CANONICAL_GAME,2021_10_KC_LV,2021,10,REG,KC,LV,home,date/team/opponent/location identity
2004,Kirk Cousins,CousKi00,2021-11-14,MIN,@,LAC,QB,MATCHED_CANONICAL_GAME,2021_10_MIN_LAC,2021,10,REG,MIN,LAC,away,date/team/opponent/location identity
2005,Jared Goff,GoffJa00,2021-11-14,DET,@,PIT,QB,MATCHED_CANONICAL_GAME,2021_10_DET_PIT,2021,10,REG,DET,PIT,away,date/team/opponent/location identity
2006,Taylor Heinicke,HeinTa00,2021-11-14,WAS,,TAM,QB,MATCHED_CANONICAL_GAME,2021_10_TB_WAS,2021,10,REG,TB,WAS,home,date/team/opponent/location identity
2007,Justin Herbert,HerbJu00,2021-11-14,LAC,,MIN,QB,MATCHED_CANONICAL_GAME,2021_10_MIN_LAC,2021,10,REG,MIN,LAC,home,date/team/opponent/location identity
2008,Jalen Hurts,HurtJa00,2021-11-14,PHI,@,DEN,QB,MATCHED_CANONICAL_GAME,2021_10_PHI_DEN,2021,10,REG,PHI,DEN,away,date/team/opponent/location identity
2009,Mac Jones,JoneMa05,2021-11-14,NWE,,CLE,QB,MATCHED_CANONICAL_GAME,2021_10_CLE_NE,2021,10,REG,CLE,NE,home,date/team/opponent/location identity
2010,Trevor Lawrence,LawrTr00,2021-11-14,JAX,@,IND,QB,MATCHED_CANONICAL_GAME,2021_10_JAX_IND,2021,10,REG,JAX,IND,away,date/team/opponent/location identity
2011,Patrick Mahomes,MahoPa00,2021-11-14,KAN,@,LVR,QB,MATCHED_CANONICAL_GAME,2021_10_KC_LV,2021,10,REG,KC,LV,away,date/team/opponent/location identity
2012,Baker Mayfield,MayfBa00,2021-11-14,CLE,@,NWE,QB,MATCHED_CANONICAL_GAME,2021_10_CLE_NE,2021,10,REG,CLE,NE,away,date/team/opponent/location identity
2013,Colt McCoy,McCoCo00,2021-11-14,ARI,,CAR,QB,MATCHED_CANONICAL_GAME,2021_10_CAR_ARI,2021,10,REG,CAR,ARI,home,date/team/opponent/location identity
2014,Dak Prescott,PresDa01,2021-11-14,DAL,,ATL,QB,MATCHED_CANONICAL_GAME,2021_10_ATL_DAL,2021,10,REG,ATL,DAL,home,date/team/opponent/location identity
2015,Aaron Rodgers,RodgAa00,2021-11-14,GNB,,SEA,QB,MATCHED_CANONICAL_GAME,2021_10_SEA_GB,2021,10,REG,SEA,GB,home,date/team/opponent/location identity
2016,Mason Rudolph,RudoMa00,2021-11-14,PIT,,DET,QB,MATCHED_CANONICAL_GAME,2021_10_DET_PIT,2021,10,REG,DET,PIT,home,date/team/opponent/location identity
2017,Matt Ryan,RyanMa00,2021-11-14,ATL,@,DAL,QB,MATCHED_CANONICAL_GAME,2021_10_ATL_DAL,2021,10,REG,ATL,DAL,away,date/team/opponent/location identity
2018,Trevor Siemian,SiemTr00,2021-11-14,NOR,@,TEN,QB,MATCHED_CANONICAL_GAME,2021_10_NO_TEN,2021,10,REG,NO,TEN,away,date/team/opponent/location identity
2019,Ryan Tannehill,TannRy00,2021-11-14,TEN,,NOR,QB,MATCHED_CANONICAL_GAME,2021_10_NO_TEN,2021,10,REG,NO,TEN,home,date/team/opponent/location identity
2020,P.J. Walker,WalkPh00,2021-11-14,CAR,@,ARI,QB,MATCHED_CANONICAL_GAME,2021_10_CAR_ARI,2021,10,REG,CAR,ARI,away,date/team/opponent/location identity
2021,Carson Wentz,WentCa00,2021-11-14,IND,,JAX,QB,MATCHED_CANONICAL_GAME,2021_10_JAX_IND,2021,10,REG,JAX,IND,home,date/team/opponent/location identity
2022,Mike White,WhitMi01,2021-11-14,NYJ,,BUF,QB,MATCHED_CANONICAL_GAME,2021_10_BUF_NYJ,2021,10,REG,BUF,NYJ,home,date/team/opponent/location identity
2023,Russell Wilson,WilsRu00,2021-11-14,SEA,@,GNB,QB,MATCHED_CANONICAL_GAME,2021_10_SEA_GB,2021,10,REG,SEA,GB,away,date/team/opponent/location identity
2024,Jacoby Brissett,BrisJa00,2021-11-11,MIA,,BAL,QB,MATCHED_CANONICAL_GAME,2021_10_BAL_MIA,2021,10,REG,BAL,MIA,home,date/team/opponent/location identity
2025,Lamar Jackson,JackLa00,2021-11-11,BAL,@,MIA,QB,MATCHED_CANONICAL_GAME,2021_10_BAL_MIA,2021,10,REG,BAL,MIA,away,date/team/opponent/location identity
2026,Justin Fields,FielJu00,2021-11-08,CHI,@,PIT,QB,MATCHED_CANONICAL_GAME,2021_09_CHI_PIT,2021,9,REG,CHI,PIT,away,date/team/opponent/location identity
2027,Ben Roethlisberger,RoetBe00,2021-11-08,PIT,,CHI,QB,MATCHED_CANONICAL_GAME,2021_09_CHI_PIT,2021,9,REG,CHI,PIT,home,date/team/opponent/location identity
2028,Josh Allen,AlleJo02,2021-11-07,BUF,@,JAX,QB,MATCHED_CANONICAL_GAME,2021_09_BUF_JAX,2021,9,REG,BUF,JAX,away,date/team/opponent/location identity
2029,Teddy Bridgewater,BridTe00,2021-11-07,DEN,@,DAL,QB,MATCHED_CANONICAL_GAME,2021_09_DEN_DAL,2021,9,REG,DEN,DAL,away,date/team/opponent/location identity
2030,Jacoby Brissett,BrisJa00,2021-11-07,MIA,,HOU,QB,MATCHED_CANONICAL_GAME,2021_09_HOU_MIA,2021,9,REG,HOU,MIA,home,date/team/opponent/location identity
2031,Joe Burrow,BurrJo01,2021-11-07,CIN,,CLE,QB,MATCHED_CANONICAL_GAME,2021_09_CLE_CIN,2021,9,REG,CLE,CIN,home,date/team/opponent/location identity
2032,Derek Carr,CarrDe02,2021-11-07,LVR,@,NYG,QB,MATCHED_CANONICAL_GAME,2021_09_LV_NYG,2021,9,REG,LV,NYG,away,date/team/opponent/location identity
2033,Kirk Cousins,CousKi00,2021-11-07,MIN,@,BAL,QB,MATCHED_CANONICAL_GAME,2021_09_MIN_BAL,2021,9,REG,MIN,BAL,away,date/team/opponent/location identity
2034,Sam Darnold,DarnSa00,2021-11-07,CAR,,NWE,QB,MATCHED_CANONICAL_GAME,2021_09_NE_CAR,2021,9,REG,NE,CAR,home,date/team/opponent/location identity
2035,Jimmy Garoppolo,GaroJi00,2021-11-07,SFO,,ARI,QB,MATCHED_CANONICAL_GAME,2021_09_ARI_SF,2021,9,REG,ARI,SF,home,date/team/opponent/location identity
2036,Justin Herbert,HerbJu00,2021-11-07,LAC,@,PHI,QB,MATCHED_CANONICAL_GAME,2021_09_LAC_PHI,2021,9,REG,LAC,PHI,away,date/team/opponent/location identity
2037,Jalen Hurts,HurtJa00,2021-11-07,PHI,,LAC,QB,MATCHED_CANONICAL_GAME,2021_09_LAC_PHI,2021,9,REG,LAC,PHI,home,date/team/opponent/location identity
2038,Lamar Jackson,JackLa00,2021-11-07,BAL,,MIN,QB,MATCHED_CANONICAL_GAME,2021_09_MIN_BAL,2021,9,REG,MIN,BAL,home,date/team/opponent/location identity
2039,Daniel Jones,JoneDa05,2021-11-07,NYG,,LVR,QB,MATCHED_CANONICAL_GAME,2021_09_LV_NYG,2021,9,REG,LV,NYG,home,date/team/opponent/location identity
2040,Mac Jones,JoneMa05,2021-11-07,NWE,@,CAR,QB,MATCHED_CANONICAL_GAME,2021_09_NE_CAR,2021,9,REG,NE,CAR,away,date/team/opponent/location identity
2041,Trevor Lawrence,LawrTr00,2021-11-07,JAX,,BUF,QB,MATCHED_CANONICAL_GAME,2021_09_BUF_JAX,2021,9,REG,BUF,JAX,home,date/team/opponent/location identity
2042,Jordan Love,LoveJo03,2021-11-07,GNB,@,KAN,QB,MATCHED_CANONICAL_GAME,2021_09_GB_KC,2021,9,REG,GB,KC,away,date/team/opponent/location identity
2043,Patrick Mahomes,MahoPa00,2021-11-07,KAN,,GNB,QB,MATCHED_CANONICAL_GAME,2021_09_GB_KC,2021,9,REG,GB,KC,home,date/team/opponent/location identity
2044,Baker Mayfield,MayfBa00,2021-11-07,CLE,@,CIN,QB,MATCHED_CANONICAL_GAME,2021_09_CLE_CIN,2021,9,REG,CLE,CIN,away,date/team/opponent/location identity
2045,Colt McCoy,McCoCo00,2021-11-07,ARI,@,SFO,QB,MATCHED_CANONICAL_GAME,2021_09_ARI_SF,2021,9,REG,ARI,SF,away,date/team/opponent/location identity
2046,Dak Prescott,PresDa01,2021-11-07,DAL,,DEN,QB,MATCHED_CANONICAL_GAME,2021_09_DEN_DAL,2021,9,REG,DEN,DAL,home,date/team/opponent/location identity
2047,Matt Ryan,RyanMa00,2021-11-07,ATL,@,NOR,QB,MATCHED_CANONICAL_GAME,2021_09_ATL_NO,2021,9,REG,ATL,NO,away,date/team/opponent/location identity
2048,Trevor Siemian,SiemTr00,2021-11-07,NOR,,ATL,QB,MATCHED_CANONICAL_GAME,2021_09_ATL_NO,2021,9,REG,ATL,NO,home,date/team/opponent/location identity
2049,Matthew Stafford,StafMa00,2021-11-07,LAR,,TEN,QB,MATCHED_CANONICAL_GAME,2021_09_TEN_LA,2021,9,REG,TEN,LAR,home,date/team/opponent/location identity
2050,Ryan Tannehill,TannRy00,2021-11-07,TEN,@,LAR,QB,MATCHED_CANONICAL_GAME,2021_09_TEN_LA,2021,9,REG,TEN,LAR,away,date/team/opponent/location identity
2051,Tyrod Taylor,TaylTy00,2021-11-07,HOU,@,MIA,QB,MATCHED_CANONICAL_GAME,2021_09_HOU_MIA,2021,9,REG,HOU,MIA,away,date/team/opponent/location identity
2052,Carson Wentz,WentCa00,2021-11-04,IND,,NYJ,QB,MATCHED_CANONICAL_GAME,2021_09_NYJ_IND,2021,9,REG,NYJ,IND,home,date/team/opponent/location identity
2053,Mike White,WhitMi01,2021-11-04,NYJ,@,IND,QB,MATCHED_CANONICAL_GAME,2021_09_NYJ_IND,2021,9,REG,NYJ,IND,away,date/team/opponent/location identity
2054,Daniel Jones,JoneDa05,2021-11-01,NYG,@,KAN,QB,MATCHED_CANONICAL_GAME,2021_08_NYG_KC,2021,8,REG,NYG,KC,away,date/team/opponent/location identity
2055,Patrick Mahomes,MahoPa00,2021-11-01,KAN,,NYG,QB,MATCHED_CANONICAL_GAME,2021_08_NYG_KC,2021,8,REG,NYG,KC,home,date/team/opponent/location identity
2056,Josh Allen,AlleJo02,2021-10-31,BUF,,MIA,QB,MATCHED_CANONICAL_GAME,2021_08_MIA_BUF,2021,8,REG,MIA,BUF,home,date/team/opponent/location identity
2057,Tom Brady,BradTo00,2021-10-31,TAM,@,NOR,QB,MATCHED_CANONICAL_GAME,2021_08_TB_NO,2021,8,REG,TB,NO,away,date/team/opponent/location identity
2058,Teddy Bridgewater,BridTe00,2021-10-31,DEN,,WAS,QB,MATCHED_CANONICAL_GAME,2021_08_WAS_DEN,2021,8,REG,WAS,DEN,home,date/team/opponent/location identity
2059,Joe Burrow,BurrJo01,2021-10-31,CIN,@,NYJ,QB,MATCHED_CANONICAL_GAME,2021_08_CIN_NYJ,2021,8,REG,CIN,NYJ,away,date/team/opponent/location identity
2060,Kirk Cousins,CousKi00,2021-10-31,MIN,,DAL,QB,MATCHED_CANONICAL_GAME,2021_08_DAL_MIN,2021,8,REG,DAL,MIN,home,date/team/opponent/location identity
2061,Sam Darnold,DarnSa00,2021-10-31,CAR,@,ATL,QB,MATCHED_CANONICAL_GAME,2021_08_CAR_ATL,2021,8,REG,CAR,ATL,away,date/team/opponent/location identity
2062,Justin Fields,FielJu00,2021-10-31,CHI,,SFO,QB,MATCHED_CANONICAL_GAME,2021_08_SF_CHI,2021,8,REG,SF,CHI,home,date/team/opponent/location identity
2063,Jimmy Garoppolo,GaroJi00,2021-10-31,SFO,@,CHI,QB,MATCHED_CANONICAL_GAME,2021_08_SF_CHI,2021,8,REG,SF,CHI,away,date/team/opponent/location identity
2064,Jared Goff,GoffJa00,2021-10-31,DET,,PHI,QB,MATCHED_CANONICAL_GAME,2021_08_PHI_DET,2021,8,REG,PHI,DET,home,date/team/opponent/location identity
2065,Taylor Heinicke,HeinTa00,2021-10-31,WAS,@,DEN,QB,MATCHED_CANONICAL_GAME,2021_08_WAS_DEN,2021,8,REG,WAS,DEN,away,date/team/opponent/location identity
2066,Justin Herbert,HerbJu00,2021-10-31,LAC,,NWE,QB,MATCHED_CANONICAL_GAME,2021_08_NE_LAC,2021,8,REG,NE,LAC,home,date/team/opponent/location identity
2067,Jalen Hurts,HurtJa00,2021-10-31,PHI,@,DET,QB,MATCHED_CANONICAL_GAME,2021_08_PHI_DET,2021,8,REG,PHI,DET,away,date/team/opponent/location identity
2068,Mac Jones,JoneMa05,2021-10-31,NWE,@,LAC,QB,MATCHED_CANONICAL_GAME,2021_08_NE_LAC,2021,8,REG,NE,LAC,away,date/team/opponent/location identity
2069,Trevor Lawrence,LawrTr00,2021-10-31,JAX,@,SEA,QB,MATCHED_CANONICAL_GAME,2021_08_JAX_SEA,2021,8,REG,JAX,SEA,away,date/team/opponent/location identity
2070,Baker Mayfield,MayfBa00,2021-10-31,CLE,,PIT,QB,MATCHED_CANONICAL_GAME,2021_08_PIT_CLE,2021,8,REG,PIT,CLE,home,date/team/opponent/location identity
2071,Davis Mills,MillDa02,2021-10-31,HOU,,LAR,QB,MATCHED_CANONICAL_GAME,2021_08_LA_HOU,2021,8,REG,LAR,HOU,home,date/team/opponent/location identity
2072,Ben Roethlisberger,RoetBe00,2021-10-31,PIT,@,CLE,QB,MATCHED_CANONICAL_GAME,2021_08_PIT_CLE,2021,8,REG,PIT,CLE,away,date/team/opponent/location identity
2073,Cooper Rush,RushCo00,2021-10-31,DAL,@,MIN,QB,MATCHED_CANONICAL_GAME,2021_08_DAL_MIN,2021,8,REG,DAL,MIN,away,date/team/opponent/location identity
2074,Matt Ryan,RyanMa00,2021-10-31,ATL,,CAR,QB,MATCHED_CANONICAL_GAME,2021_08_CAR_ATL,2021,8,REG,CAR,ATL,home,date/team/opponent/location identity
2075,Geno Smith,SmitGe00,2021-10-31,SEA,,JAX,QB,MATCHED_CANONICAL_GAME,2021_08_JAX_SEA,2021,8,REG,JAX,SEA,home,date/team/opponent/location identity
2076,Matthew Stafford,StafMa00,2021-10-31,LAR,@,HOU,QB,MATCHED_CANONICAL_GAME,2021_08_LA_HOU,2021,8,REG,LAR,HOU,away,date/team/opponent/location identity
2077,Tua Tagovailoa,TagoTu00,2021-10-31,MIA,@,BUF,QB,MATCHED_CANONICAL_GAME,2021_08_MIA_BUF,2021,8,REG,MIA,BUF,away,date/team/opponent/location identity
2078,Ryan Tannehill,TannRy00,2021-10-31,TEN,@,IND,QB,MATCHED_CANONICAL_GAME,2021_08_TEN_IND,2021,8,REG,TEN,IND,away,date/team/opponent/location identity
2079,Carson Wentz,WentCa00,2021-10-31,IND,,TEN,QB,MATCHED_CANONICAL_GAME,2021_08_TEN_IND,2021,8,REG,TEN,IND,home,date/team/opponent/location identity
2080,Mike White,WhitMi01,2021-10-31,NYJ,,CIN,QB,MATCHED_CANONICAL_GAME,2021_08_CIN_NYJ,2021,8,REG,CIN,NYJ,home,date/team/opponent/location identity
2081,Jameis Winston,WinsJa00,2021-10-31,NOR,,TAM,QB,MATCHED_CANONICAL_GAME,2021_08_TB_NO,2021,8,REG,TB,NO,home,date/team/opponent/location identity
2082,Kyler Murray,MurrKy00,2021-10-28,ARI,,GNB,QB,MATCHED_CANONICAL_GAME,2021_08_GB_ARI,2021,8,REG,GB,ARI,home,date/team/opponent/location identity
2083,Aaron Rodgers,RodgAa00,2021-10-28,GNB,@,ARI,QB,MATCHED_CANONICAL_GAME,2021_08_GB_ARI,2021,8,REG,GB,ARI,away,date/team/opponent/location identity
2084,Geno Smith,SmitGe00,2021-10-25,SEA,,NOR,QB,MATCHED_CANONICAL_GAME,2021_07_NO_SEA,2021,7,REG,NO,SEA,home,date/team/opponent/location identity
2085,Jameis Winston,WinsJa00,2021-10-25,NOR,@,SEA,QB,MATCHED_CANONICAL_GAME,2021_07_NO_SEA,2021,7,REG,NO,SEA,away,date/team/opponent/location identity
2086,Tom Brady,BradTo00,2021-10-24,TAM,,CHI,QB,MATCHED_CANONICAL_GAME,2021_07_CHI_TB,2021,7,REG,CHI,TB,home,date/team/opponent/location identity
2087,Joe Burrow,BurrJo01,2021-10-24,CIN,@,BAL,QB,MATCHED_CANONICAL_GAME,2021_07_CIN_BAL,2021,7,REG,CIN,BAL,away,date/team/opponent/location identity
2088,Derek Carr,CarrDe02,2021-10-24,LVR,,PHI,QB,MATCHED_CANONICAL_GAME,2021_07_PHI_LV,2021,7,REG,PHI,LV,home,date/team/opponent/location identity
2089,Sam Darnold,DarnSa00,2021-10-24,CAR,@,NYG,QB,MATCHED_CANONICAL_GAME,2021_07_CAR_NYG,2021,7,REG,CAR,NYG,away,date/team/opponent/location identity
2090,Justin Fields,FielJu00,2021-10-24,CHI,@,TAM,QB,MATCHED_CANONICAL_GAME,2021_07_CHI_TB,2021,7,REG,CHI,TB,away,date/team/opponent/location identity
2091,Jimmy Garoppolo,GaroJi00,2021-10-24,SFO,,IND,QB,MATCHED_CANONICAL_GAME,2021_07_IND_SF,2021,7,REG,IND,SF,home,date/team/opponent/location identity
2092,Jared Goff,GoffJa00,2021-10-24,DET,@,LAR,QB,MATCHED_CANONICAL_GAME,2021_07_DET_LA,2021,7,REG,DET,LAR,away,date/team/opponent/location identity
2093,Taylor Heinicke,HeinTa00,2021-10-24,WAS,@,GNB,QB,MATCHED_CANONICAL_GAME,2021_07_WAS_GB,2021,7,REG,WAS,GB,away,date/team/opponent/location identity
2094,Jalen Hurts,HurtJa00,2021-10-24,PHI,@,LVR,QB,MATCHED_CANONICAL_GAME,2021_07_PHI_LV,2021,7,REG,PHI,LV,away,date/team/opponent/location identity
2095,Lamar Jackson,JackLa00,2021-10-24,BAL,,CIN,QB,MATCHED_CANONICAL_GAME,2021_07_CIN_BAL,2021,7,REG,CIN,BAL,home,date/team/opponent/location identity
2096,Daniel Jones,JoneDa05,2021-10-24,NYG,,CAR,QB,MATCHED_CANONICAL_GAME,2021_07_CAR_NYG,2021,7,REG,CAR,NYG,home,date/team/opponent/location identity
2097,Mac Jones,JoneMa05,2021-10-24,NWE,,NYJ,QB,MATCHED_CANONICAL_GAME,2021_07_NYJ_NE,2021,7,REG,NYJ,NE,home,date/team/opponent/location identity
2098,Patrick Mahomes,MahoPa00,2021-10-24,KAN,@,TEN,QB,MATCHED_CANONICAL_GAME,2021_07_KC_TEN,2021,7,REG,KC,TEN,away,date/team/opponent/location identity
2099,Davis Mills,MillDa02,2021-10-24,HOU,@,ARI,QB,MATCHED_CANONICAL_GAME,2021_07_HOU_ARI,2021,7,REG,HOU,ARI,away,date/team/opponent/location identity
2100,Kyler Murray,MurrKy00,2021-10-24,ARI,,HOU,QB,MATCHED_CANONICAL_GAME,2021_07_HOU_ARI,2021,7,REG,HOU,ARI,home,date/team/opponent/location identity
2101,Aaron Rodgers,RodgAa00,2021-10-24,GNB,,WAS,QB,MATCHED_CANONICAL_GAME,2021_07_WAS_GB,2021,7,REG,WAS,GB,home,date/team/opponent/location identity
2102,Matt Ryan,RyanMa00,2021-10-24,ATL,@,MIA,QB,MATCHED_CANONICAL_GAME,2021_07_ATL_MIA,2021,7,REG,ATL,MIA,away,date/team/opponent/location identity
2103,Matthew Stafford,StafMa00,2021-10-24,LAR,,DET,QB,MATCHED_CANONICAL_GAME,2021_07_DET_LA,2021,7,REG,DET,LAR,home,date/team/opponent/location identity
2104,Tua Tagovailoa,TagoTu00,2021-10-24,MIA,,ATL,QB,MATCHED_CANONICAL_GAME,2021_07_ATL_MIA,2021,7,REG,ATL,MIA,home,date/team/opponent/location identity
2105,Ryan Tannehill,TannRy00,2021-10-24,TEN,,KAN,QB,MATCHED_CANONICAL_GAME,2021_07_KC_TEN,2021,7,REG,KC,TEN,home,date/team/opponent/location identity
2106,Carson Wentz,WentCa00,2021-10-24,IND,@,SFO,QB,MATCHED_CANONICAL_GAME,2021_07_IND_SF,2021,7,REG,IND,SF,away,date/team/opponent/location identity
2107,Zach Wilson,WilsZa00,2021-10-24,NYJ,@,NWE,QB,MATCHED_CANONICAL_GAME,2021_07_NYJ_NE,2021,7,REG,NYJ,NE,away,date/team/opponent/location identity
2108,Teddy Bridgewater,BridTe00,2021-10-21,DEN,@,CLE,QB,MATCHED_CANONICAL_GAME,2021_07_DEN_CLE,2021,7,REG,DEN,CLE,away,date/team/opponent/location identity
2109,Case Keenum,KeenCa00,2021-10-21,CLE,,DEN,QB,MATCHED_CANONICAL_GAME,2021_07_DEN_CLE,2021,7,REG,DEN,CLE,home,date/team/opponent/location identity
2110,Josh Allen,AlleJo02,2021-10-18,BUF,@,TEN,QB,MATCHED_CANONICAL_GAME,2021_06_BUF_TEN,2021,6,REG,BUF,TEN,away,date/team/opponent/location identity
2111,Ryan Tannehill,TannRy00,2021-10-18,TEN,,BUF,QB,MATCHED_CANONICAL_GAME,2021_06_BUF_TEN,2021,6,REG,BUF,TEN,home,date/team/opponent/location identity
2112,Teddy Bridgewater,BridTe00,2021-10-17,DEN,,LVR,QB,MATCHED_CANONICAL_GAME,2021_06_LV_DEN,2021,6,REG,LV,DEN,home,date/team/opponent/location identity
2113,Joe Burrow,BurrJo01,2021-10-17,CIN,@,DET,QB,MATCHED_CANONICAL_GAME,2021_06_CIN_DET,2021,6,REG,CIN,DET,away,date/team/opponent/location identity
2114,Derek Carr,CarrDe02,2021-10-17,LVR,@,DEN,QB,MATCHED_CANONICAL_GAME,2021_06_LV_DEN,2021,6,REG,LV,DEN,away,date/team/opponent/location identity
2115,Kirk Cousins,CousKi00,2021-10-17,MIN,@,CAR,QB,MATCHED_CANONICAL_GAME,2021_06_MIN_CAR,2021,6,REG,MIN,CAR,away,date/team/opponent/location identity
2116,Sam Darnold,DarnSa00,2021-10-17,CAR,,MIN,QB,MATCHED_CANONICAL_GAME,2021_06_MIN_CAR,2021,6,REG,MIN,CAR,home,date/team/opponent/location identity
2117,Justin Fields,FielJu00,2021-10-17,CHI,,GNB,QB,MATCHED_CANONICAL_GAME,2021_06_GB_CHI,2021,6,REG,GB,CHI,home,date/team/opponent/location identity
2118,Jared Goff,GoffJa00,2021-10-17,DET,,CIN,QB,MATCHED_CANONICAL_GAME,2021_06_CIN_DET,2021,6,REG,CIN,DET,home,date/team/opponent/location identity
2119,Taylor Heinicke,HeinTa00,2021-10-17,WAS,,KAN,QB,MATCHED_CANONICAL_GAME,2021_06_KC_WAS,2021,6,REG,KC,WAS,home,date/team/opponent/location identity
2120,Justin Herbert,HerbJu00,2021-10-17,LAC,@,BAL,QB,MATCHED_CANONICAL_GAME,2021_06_LAC_BAL,2021,6,REG,LAC,BAL,away,date/team/opponent/location identity
2121,Lamar Jackson,JackLa00,2021-10-17,BAL,,LAC,QB,MATCHED_CANONICAL_GAME,2021_06_LAC_BAL,2021,6,REG,LAC,BAL,home,date/team/opponent/location identity
2122,Daniel Jones,JoneDa05,2021-10-17,NYG,,LAR,QB,MATCHED_CANONICAL_GAME,2021_06_LA_NYG,2021,6,REG,LAR,NYG,home,date/team/opponent/location identity
2123,Mac Jones,JoneMa05,2021-10-17,NWE,,DAL,QB,MATCHED_CANONICAL_GAME,2021_06_DAL_NE,2021,6,REG,DAL,NE,home,date/team/opponent/location identity
2124,Trevor Lawrence,LawrTr00,2021-10-17,JAX,,MIA,QB,MATCHED_CANONICAL_GAME,2021_06_MIA_JAX,2021,6,REG,MIA,JAX,home,date/team/opponent/location identity
2125,Patrick Mahomes,MahoPa00,2021-10-17,KAN,@,WAS,QB,MATCHED_CANONICAL_GAME,2021_06_KC_WAS,2021,6,REG,KC,WAS,away,date/team/opponent/location identity
2126,Baker Mayfield,MayfBa00,2021-10-17,CLE,,ARI,QB,MATCHED_CANONICAL_GAME,2021_06_ARI_CLE,2021,6,REG,ARI,CLE,home,date/team/opponent/location identity
2127,Davis Mills,MillDa02,2021-10-17,HOU,@,IND,QB,MATCHED_CANONICAL_GAME,2021_06_HOU_IND,2021,6,REG,HOU,IND,away,date/team/opponent/location identity
2128,Kyler Murray,MurrKy00,2021-10-17,ARI,@,CLE,QB,MATCHED_CANONICAL_GAME,2021_06_ARI_CLE,2021,6,REG,ARI,CLE,away,date/team/opponent/location identity
2129,Dak Prescott,PresDa01,2021-10-17,DAL,@,NWE,QB,MATCHED_CANONICAL_GAME,2021_06_DAL_NE,2021,6,REG,DAL,NE,away,date/team/opponent/location identity
2130,Aaron Rodgers,RodgAa00,2021-10-17,GNB,@,CHI,QB,MATCHED_CANONICAL_GAME,2021_06_GB_CHI,2021,6,REG,GB,CHI,away,date/team/opponent/location identity
2131,Ben Roethlisberger,RoetBe00,2021-10-17,PIT,,SEA,QB,MATCHED_CANONICAL_GAME,2021_06_SEA_PIT,2021,6,REG,SEA,PIT,home,date/team/opponent/location identity
2132,Geno Smith,SmitGe00,2021-10-17,SEA,@,PIT,QB,MATCHED_CANONICAL_GAME,2021_06_SEA_PIT,2021,6,REG,SEA,PIT,away,date/team/opponent/location identity
2133,Matthew Stafford,StafMa00,2021-10-17,LAR,@,NYG,QB,MATCHED_CANONICAL_GAME,2021_06_LA_NYG,2021,6,REG,LAR,NYG,away,date/team/opponent/location identity
2134,Tua Tagovailoa,TagoTu00,2021-10-17,MIA,@,JAX,QB,MATCHED_CANONICAL_GAME,2021_06_MIA_JAX,2021,6,REG,MIA,JAX,away,date/team/opponent/location identity
2135,Carson Wentz,WentCa00,2021-10-17,IND,,HOU,QB,MATCHED_CANONICAL_GAME,2021_06_HOU_IND,2021,6,REG,HOU,IND,home,date/team/opponent/location identity
2136,Tom Brady,BradTo00,2021-10-14,TAM,@,PHI,QB,MATCHED_CANONICAL_GAME,2021_06_TB_PHI,2021,6,REG,TB,PHI,away,date/team/opponent/location identity
2137,Jalen Hurts,HurtJa00,2021-10-14,PHI,,TAM,QB,MATCHED_CANONICAL_GAME,2021_06_TB_PHI,2021,6,REG,TB,PHI,home,date/team/opponent/location identity
2138,Lamar Jackson,JackLa00,2021-10-11,BAL,,IND,QB,MATCHED_CANONICAL_GAME,2021_05_IND_BAL,2021,5,REG,IND,BAL,home,date/team/opponent/location identity
2139,Carson Wentz,WentCa00,2021-10-11,IND,@,BAL,QB,MATCHED_CANONICAL_GAME,2021_05_IND_BAL,2021,5,REG,IND,BAL,away,date/team/opponent/location identity
2140,Josh Allen,AlleJo02,2021-10-10,BUF,@,KAN,QB,MATCHED_CANONICAL_GAME,2021_05_BUF_KC,2021,5,REG,BUF,KC,away,date/team/opponent/location identity
2141,Tom Brady,BradTo00,2021-10-10,TAM,,MIA,QB,MATCHED_CANONICAL_GAME,2021_05_MIA_TB,2021,5,REG,MIA,TB,home,date/team/opponent/location identity
2142,Teddy Bridgewater,BridTe00,2021-10-10,DEN,@,PIT,QB,MATCHED_CANONICAL_GAME,2021_05_DEN_PIT,2021,5,REG,DEN,PIT,away,date/team/opponent/location identity
2143,Jacoby Brissett,BrisJa00,2021-10-10,MIA,@,TAM,QB,MATCHED_CANONICAL_GAME,2021_05_MIA_TB,2021,5,REG,MIA,TB,away,date/team/opponent/location identity
2144,Joe Burrow,BurrJo01,2021-10-10,CIN,,GNB,QB,MATCHED_CANONICAL_GAME,2021_05_GB_CIN,2021,5,REG,GB,CIN,home,date/team/opponent/location identity
2145,Derek Carr,CarrDe02,2021-10-10,LVR,,CHI,QB,MATCHED_CANONICAL_GAME,2021_05_CHI_LV,2021,5,REG,CHI,LV,home,date/team/opponent/location identity
2146,Kirk Cousins,CousKi00,2021-10-10,MIN,,DET,QB,MATCHED_CANONICAL_GAME,2021_05_DET_MIN,2021,5,REG,DET,MIN,home,date/team/opponent/location identity
2147,Sam Darnold,DarnSa00,2021-10-10,CAR,,PHI,QB,MATCHED_CANONICAL_GAME,2021_05_PHI_CAR,2021,5,REG,PHI,CAR,home,date/team/opponent/location identity
2148,Justin Fields,FielJu00,2021-10-10,CHI,@,LVR,QB,MATCHED_CANONICAL_GAME,2021_05_CHI_LV,2021,5,REG,CHI,LV,away,date/team/opponent/location identity
2149,Jared Goff,GoffJa00,2021-10-10,DET,@,MIN,QB,MATCHED_CANONICAL_GAME,2021_05_DET_MIN,2021,5,REG,DET,MIN,away,date/team/opponent/location identity
2150,Taylor Heinicke,HeinTa00,2021-10-10,WAS,,NOR,QB,MATCHED_CANONICAL_GAME,2021_05_NO_WAS,2021,5,REG,NO,WAS,home,date/team/opponent/location identity
2151,Justin Herbert,HerbJu00,2021-10-10,LAC,,CLE,QB,MATCHED_CANONICAL_GAME,2021_05_CLE_LAC,2021,5,REG,CLE,LAC,home,date/team/opponent/location identity
2152,Taysom Hill,HillTa00,2021-10-10,NOR,@,WAS,QB/WR,MATCHED_CANONICAL_GAME,2021_05_NO_WAS,2021,5,REG,NO,WAS,away,date/team/opponent/location identity
2153,Jalen Hurts,HurtJa00,2021-10-10,PHI,@,CAR,QB,MATCHED_CANONICAL_GAME,2021_05_PHI_CAR,2021,5,REG,PHI,CAR,away,date/team/opponent/location identity
2154,Daniel Jones,JoneDa05,2021-10-10,NYG,@,DAL,QB,MATCHED_CANONICAL_GAME,2021_05_NYG_DAL,2021,5,REG,NYG,DAL,away,date/team/opponent/location identity
2155,Mac Jones,JoneMa05,2021-10-10,NWE,@,HOU,QB,MATCHED_CANONICAL_GAME,2021_05_NE_HOU,2021,5,REG,NE,HOU,away,date/team/opponent/location identity
2156,Trey Lance,LancTr00,2021-10-10,SFO,@,ARI,QB,MATCHED_CANONICAL_GAME,2021_05_SF_ARI,2021,5,REG,SF,ARI,away,date/team/opponent/location identity
2157,Trevor Lawrence,LawrTr00,2021-10-10,JAX,,TEN,QB,MATCHED_CANONICAL_GAME,2021_05_TEN_JAX,2021,5,REG,TEN,JAX,home,date/team/opponent/location identity
2158,Patrick Mahomes,MahoPa00,2021-10-10,KAN,,BUF,QB,MATCHED_CANONICAL_GAME,2021_05_BUF_KC,2021,5,REG,BUF,KC,home,date/team/opponent/location identity
2159,Baker Mayfield,MayfBa00,2021-10-10,CLE,@,LAC,QB,MATCHED_CANONICAL_GAME,2021_05_CLE_LAC,2021,5,REG,CLE,LAC,away,date/team/opponent/location identity
2160,Davis Mills,MillDa02,2021-10-10,HOU,,NWE,QB,MATCHED_CANONICAL_GAME,2021_05_NE_HOU,2021,5,REG,NE,HOU,home,date/team/opponent/location identity
2161,Kyler Murray,MurrKy00,2021-10-10,ARI,,SFO,QB,MATCHED_CANONICAL_GAME,2021_05_SF_ARI,2021,5,REG,SF,ARI,home,date/team/opponent/location identity
2162,Dak Prescott,PresDa01,2021-10-10,DAL,,NYG,QB,MATCHED_CANONICAL_GAME,2021_05_NYG_DAL,2021,5,REG,NYG,DAL,home,date/team/opponent/location identity
2163,Aaron Rodgers,RodgAa00,2021-10-10,GNB,@,CIN,QB,MATCHED_CANONICAL_GAME,2021_05_GB_CIN,2021,5,REG,GB,CIN,away,date/team/opponent/location identity
2164,Ben Roethlisberger,RoetBe00,2021-10-10,PIT,,DEN,QB,MATCHED_CANONICAL_GAME,2021_05_DEN_PIT,2021,5,REG,DEN,PIT,home,date/team/opponent/location identity
2165,Matt Ryan,RyanMa00,2021-10-10,ATL,,NYJ,QB,MATCHED_CANONICAL_GAME,2021_05_NYJ_ATL,2021,5,REG,NYJ,ATL,home,date/team/opponent/location identity
2166,Ryan Tannehill,TannRy00,2021-10-10,TEN,@,JAX,QB,MATCHED_CANONICAL_GAME,2021_05_TEN_JAX,2021,5,REG,TEN,JAX,away,date/team/opponent/location identity
2167,Zach Wilson,WilsZa00,2021-10-10,NYJ,@,ATL,QB,MATCHED_CANONICAL_GAME,2021_05_NYJ_ATL,2021,5,REG,NYJ,ATL,away,date/team/opponent/location identity
2168,Jameis Winston,WinsJa00,2021-10-10,NOR,@,WAS,QB,MATCHED_CANONICAL_GAME,2021_05_NO_WAS,2021,5,REG,NO,WAS,away,date/team/opponent/location identity
2169,Matthew Stafford,StafMa00,2021-10-07,LAR,@,SEA,QB,MATCHED_CANONICAL_GAME,2021_05_LA_SEA,2021,5,REG,LAR,SEA,away,date/team/opponent/location identity
2170,Russell Wilson,WilsRu00,2021-10-07,SEA,,LAR,QB,MATCHED_CANONICAL_GAME,2021_05_LA_SEA,2021,5,REG,LAR,SEA,home,date/team/opponent/location identity
2171,Derek Carr,CarrDe02,2021-10-04,LVR,@,LAC,QB,MATCHED_CANONICAL_GAME,2021_04_LV_LAC,2021,4,REG,LV,LAC,away,date/team/opponent/location identity
2172,Justin Herbert,HerbJu00,2021-10-04,LAC,,LVR,QB,MATCHED_CANONICAL_GAME,2021_04_LV_LAC,2021,4,REG,LV,LAC,home,date/team/opponent/location identity
2173,Josh Allen,AlleJo02,2021-10-03,BUF,,HOU,QB,MATCHED_CANONICAL_GAME,2021_04_HOU_BUF,2021,4,REG,HOU,BUF,home,date/team/opponent/location identity
2174,Tom Brady,BradTo00,2021-10-03,TAM,@,NWE,QB,MATCHED_CANONICAL_GAME,2021_04_TB_NE,2021,4,REG,TB,NE,away,date/team/opponent/location identity
2175,Teddy Bridgewater,BridTe00,2021-10-03,DEN,,BAL,QB,MATCHED_CANONICAL_GAME,2021_04_BAL_DEN,2021,4,REG,BAL,DEN,home,date/team/opponent/location identity
2176,Jacoby Brissett,BrisJa00,2021-10-03,MIA,,IND,QB,MATCHED_CANONICAL_GAME,2021_04_IND_MIA,2021,4,REG,IND,MIA,home,date/team/opponent/location identity
2177,Kirk Cousins,CousKi00,2021-10-03,MIN,,CLE,QB,MATCHED_CANONICAL_GAME,2021_04_CLE_MIN,2021,4,REG,CLE,MIN,home,date/team/opponent/location identity
2178,Sam Darnold,DarnSa00,2021-10-03,CAR,@,DAL,QB,MATCHED_CANONICAL_GAME,2021_04_CAR_DAL,2021,4,REG,CAR,DAL,away,date/team/opponent/location identity
2179,Justin Fields,FielJu00,2021-10-03,CHI,,DET,QB,MATCHED_CANONICAL_GAME,2021_04_DET_CHI,2021,4,REG,DET,CHI,home,date/team/opponent/location identity
2180,Jimmy Garoppolo,GaroJi00,2021-10-03,SFO,,SEA,QB,MATCHED_CANONICAL_GAME,2021_04_SEA_SF,2021,4,REG,SEA,SF,home,date/team/opponent/location identity
2181,Jared Goff,GoffJa00,2021-10-03,DET,@,CHI,QB,MATCHED_CANONICAL_GAME,2021_04_DET_CHI,2021,4,REG,DET,CHI,away,date/team/opponent/location identity
2182,Taylor Heinicke,HeinTa00,2021-10-03,WAS,@,ATL,QB,MATCHED_CANONICAL_GAME,2021_04_WAS_ATL,2021,4,REG,WAS,ATL,away,date/team/opponent/location identity
2183,Taysom Hill,HillTa00,2021-10-03,NOR,,NYG,QB/WR,MATCHED_CANONICAL_GAME,2021_04_NYG_NO,2021,4,REG,NYG,NO,home,date/team/opponent/location identity
2184,Jalen Hurts,HurtJa00,2021-10-03,PHI,,KAN,QB,MATCHED_CANONICAL_GAME,2021_04_KC_PHI,2021,4,REG,KC,PHI,home,date/team/opponent/location identity
2185,Lamar Jackson,JackLa00,2021-10-03,BAL,@,DEN,QB,MATCHED_CANONICAL_GAME,2021_04_BAL_DEN,2021,4,REG,BAL,DEN,away,date/team/opponent/location identity
2186,Daniel Jones,JoneDa05,2021-10-03,NYG,@,NOR,QB,MATCHED_CANONICAL_GAME,2021_04_NYG_NO,2021,4,REG,NYG,NO,away,date/team/opponent/location identity
2187,Mac Jones,JoneMa05,2021-10-03,NWE,,TAM,QB,MATCHED_CANONICAL_GAME,2021_04_TB_NE,2021,4,REG,TB,NE,home,date/team/opponent/location identity
2188,Patrick Mahomes,MahoPa00,2021-10-03,KAN,@,PHI,QB,MATCHED_CANONICAL_GAME,2021_04_KC_PHI,2021,4,REG,KC,PHI,away,date/team/opponent/location identity
2189,Baker Mayfield,MayfBa00,2021-10-03,CLE,@,MIN,QB,MATCHED_CANONICAL_GAME,2021_04_CLE_MIN,2021,4,REG,CLE,MIN,away,date/team/opponent/location identity
2190,Davis Mills,MillDa02,2021-10-03,HOU,@,BUF,QB,MATCHED_CANONICAL_GAME,2021_04_HOU_BUF,2021,4,REG,HOU,BUF,away,date/team/opponent/location identity
2191,Kyler Murray,MurrKy00,2021-10-03,ARI,@,LAR,QB,MATCHED_CANONICAL_GAME,2021_04_ARI_LA,2021,4,REG,ARI,LAR,away,date/team/opponent/location identity
2192,Dak Prescott,PresDa01,2021-10-03,DAL,,CAR,QB,MATCHED_CANONICAL_GAME,2021_04_CAR_DAL,2021,4,REG,CAR,DAL,home,date/team/opponent/location identity
2193,Aaron Rodgers,RodgAa00,2021-10-03,GNB,,PIT,QB,MATCHED_CANONICAL_GAME,2021_04_PIT_GB,2021,4,REG,PIT,GB,home,date/team/opponent/location identity
2194,Ben Roethlisberger,RoetBe00,2021-10-03,PIT,@,GNB,QB,MATCHED_CANONICAL_GAME,2021_04_PIT_GB,2021,4,REG,PIT,GB,away,date/team/opponent/location identity
2195,Matt Ryan,RyanMa00,2021-10-03,ATL,,WAS,QB,MATCHED_CANONICAL_GAME,2021_04_WAS_ATL,2021,4,REG,WAS,ATL,home,date/team/opponent/location identity
2196,Matthew Stafford,StafMa00,2021-10-03,LAR,,ARI,QB,MATCHED_CANONICAL_GAME,2021_04_ARI_LA,2021,4,REG,ARI,LAR,home,date/team/opponent/location identity
2197,Ryan Tannehill,TannRy00,2021-10-03,TEN,@,NYJ,QB,MATCHED_CANONICAL_GAME,2021_04_TEN_NYJ,2021,4,REG,TEN,NYJ,away,date/team/opponent/location identity
2198,Carson Wentz,WentCa00,2021-10-03,IND,@,MIA,QB,MATCHED_CANONICAL_GAME,2021_04_IND_MIA,2021,4,REG,IND,MIA,away,date/team/opponent/location identity
2199,Russell Wilson,WilsRu00,2021-10-03,SEA,@,SFO,QB,MATCHED_CANONICAL_GAME,2021_04_SEA_SF,2021,4,REG,SEA,SF,away,date/team/opponent/location identity
2200,Zach Wilson,WilsZa00,2021-10-03,NYJ,,TEN,QB,MATCHED_CANONICAL_GAME,2021_04_TEN_NYJ,2021,4,REG,TEN,NYJ,home,date/team/opponent/location identity
2201,Jameis Winston,WinsJa00,2021-10-03,NOR,,NYG,QB,MATCHED_CANONICAL_GAME,2021_04_NYG_NO,2021,4,REG,NYG,NO,home,date/team/opponent/location identity
2202,Joe Burrow,BurrJo01,2021-09-30,CIN,,JAX,QB,MATCHED_CANONICAL_GAME,2021_04_JAX_CIN,2021,4,REG,JAX,CIN,home,date/team/opponent/location identity
2203,Trevor Lawrence,LawrTr00,2021-09-30,JAX,@,CIN,QB,MATCHED_CANONICAL_GAME,2021_04_JAX_CIN,2021,4,REG,JAX,CIN,away,date/team/opponent/location identity
2204,Jalen Hurts,HurtJa00,2021-09-27,PHI,@,DAL,QB,MATCHED_CANONICAL_GAME,2021_03_PHI_DAL,2021,3,REG,PHI,DAL,away,date/team/opponent/location identity
2205,Dak Prescott,PresDa01,2021-09-27,DAL,,PHI,QB,MATCHED_CANONICAL_GAME,2021_03_PHI_DAL,2021,3,REG,PHI,DAL,home,date/team/opponent/location identity
2206,Josh Allen,AlleJo02,2021-09-26,BUF,,WAS,QB,MATCHED_CANONICAL_GAME,2021_03_WAS_BUF,2021,3,REG,WAS,BUF,home,date/team/opponent/location identity
2207,Tom Brady,BradTo00,2021-09-26,TAM,@,LAR,QB,MATCHED_CANONICAL_GAME,2021_03_TB_LA,2021,3,REG,TB,LAR,away,date/team/opponent/location identity
2208,Teddy Bridgewater,BridTe00,2021-09-26,DEN,,NYJ,QB,MATCHED_CANONICAL_GAME,2021_03_NYJ_DEN,2021,3,REG,NYJ,DEN,home,date/team/opponent/location identity
2209,Jacoby Brissett,BrisJa00,2021-09-26,MIA,@,LVR,QB,MATCHED_CANONICAL_GAME,2021_03_MIA_LV,2021,3,REG,MIA,LV,away,date/team/opponent/location identity
2210,Joe Burrow,BurrJo01,2021-09-26,CIN,@,PIT,QB,MATCHED_CANONICAL_GAME,2021_03_CIN_PIT,2021,3,REG,CIN,PIT,away,date/team/opponent/location identity
2211,Derek Carr,CarrDe02,2021-09-26,LVR,,MIA,QB,MATCHED_CANONICAL_GAME,2021_03_MIA_LV,2021,3,REG,MIA,LV,home,date/team/opponent/location identity
2212,Kirk Cousins,CousKi00,2021-09-26,MIN,,SEA,QB,MATCHED_CANONICAL_GAME,2021_03_SEA_MIN,2021,3,REG,SEA,MIN,home,date/team/opponent/location identity
2213,Justin Fields,FielJu00,2021-09-26,CHI,@,CLE,QB,MATCHED_CANONICAL_GAME,2021_03_CHI_CLE,2021,3,REG,CHI,CLE,away,date/team/opponent/location identity
2214,Jimmy Garoppolo,GaroJi00,2021-09-26,SFO,,GNB,QB,MATCHED_CANONICAL_GAME,2021_03_GB_SF,2021,3,REG,GB,SF,home,date/team/opponent/location identity
2215,Jared Goff,GoffJa00,2021-09-26,DET,,BAL,QB,MATCHED_CANONICAL_GAME,2021_03_BAL_DET,2021,3,REG,BAL,DET,home,date/team/opponent/location identity
2216,Taylor Heinicke,HeinTa00,2021-09-26,WAS,@,BUF,QB,MATCHED_CANONICAL_GAME,2021_03_WAS_BUF,2021,3,REG,WAS,BUF,away,date/team/opponent/location identity
2217,Justin Herbert,HerbJu00,2021-09-26,LAC,@,KAN,QB,MATCHED_CANONICAL_GAME,2021_03_LAC_KC,2021,3,REG,LAC,KC,away,date/team/opponent/location identity
2218,Taysom Hill,HillTa00,2021-09-26,NOR,@,NWE,QB/WR,MATCHED_CANONICAL_GAME,2021_03_NO_NE,2021,3,REG,NO,NE,away,date/team/opponent/location identity
2219,Lamar Jackson,JackLa00,2021-09-26,BAL,@,DET,QB,MATCHED_CANONICAL_GAME,2021_03_BAL_DET,2021,3,REG,BAL,DET,away,date/team/opponent/location identity
2220,Daniel Jones,JoneDa05,2021-09-26,NYG,,ATL,QB,MATCHED_CANONICAL_GAME,2021_03_ATL_NYG,2021,3,REG,ATL,NYG,home,date/team/opponent/location identity
2221,Mac Jones,JoneMa05,2021-09-26,NWE,,NOR,QB,MATCHED_CANONICAL_GAME,2021_03_NO_NE,2021,3,REG,NO,NE,home,date/team/opponent/location identity
2222,Trevor Lawrence,LawrTr00,2021-09-26,JAX,,ARI,QB,MATCHED_CANONICAL_GAME,2021_03_ARI_JAX,2021,3,REG,ARI,JAX,home,date/team/opponent/location identity
2223,Patrick Mahomes,MahoPa00,2021-09-26,KAN,,LAC,QB,MATCHED_CANONICAL_GAME,2021_03_LAC_KC,2021,3,REG,LAC,KC,home,date/team/opponent/location identity
2224,Baker Mayfield,MayfBa00,2021-09-26,CLE,,CHI,QB,MATCHED_CANONICAL_GAME,2021_03_CHI_CLE,2021,3,REG,CHI,CLE,home,date/team/opponent/location identity
2225,Kyler Murray,MurrKy00,2021-09-26,ARI,@,JAX,QB,MATCHED_CANONICAL_GAME,2021_03_ARI_JAX,2021,3,REG,ARI,JAX,away,date/team/opponent/location identity
2226,Aaron Rodgers,RodgAa00,2021-09-26,GNB,@,SFO,QB,MATCHED_CANONICAL_GAME,2021_03_GB_SF,2021,3,REG,GB,SF,away,date/team/opponent/location identity
2227,Ben Roethlisberger,RoetBe00,2021-09-26,PIT,,CIN,QB,MATCHED_CANONICAL_GAME,2021_03_CIN_PIT,2021,3,REG,CIN,PIT,home,date/team/opponent/location identity
2228,Matt Ryan,RyanMa00,2021-09-26,ATL,@,NYG,QB,MATCHED_CANONICAL_GAME,2021_03_ATL_NYG,2021,3,REG,ATL,NYG,away,date/team/opponent/location identity
2229,Matthew Stafford,StafMa00,2021-09-26,LAR,,TAM,QB,MATCHED_CANONICAL_GAME,2021_03_TB_LA,2021,3,REG,TB,LAR,home,date/team/opponent/location identity
2230,Ryan Tannehill,TannRy00,2021-09-26,TEN,,IND,QB,MATCHED_CANONICAL_GAME,2021_03_IND_TEN,2021,3,REG,IND,TEN,home,date/team/opponent/location identity
2231,Carson Wentz,WentCa00,2021-09-26,IND,@,TEN,QB,MATCHED_CANONICAL_GAME,2021_03_IND_TEN,2021,3,REG,IND,TEN,away,date/team/opponent/location identity
2232,Russell Wilson,WilsRu00,2021-09-26,SEA,@,MIN,QB,MATCHED_CANONICAL_GAME,2021_03_SEA_MIN,2021,3,REG,SEA,MIN,away,date/team/opponent/location identity
2233,Zach Wilson,WilsZa00,2021-09-26,NYJ,@,DEN,QB,MATCHED_CANONICAL_GAME,2021_03_NYJ_DEN,2021,3,REG,NYJ,DEN,away,date/team/opponent/location identity
2234,Jameis Winston,WinsJa00,2021-09-26,NOR,@,NWE,QB,MATCHED_CANONICAL_GAME,2021_03_NO_NE,2021,3,REG,NO,NE,away,date/team/opponent/location identity
2235,Sam Darnold,DarnSa00,2021-09-23,CAR,@,HOU,QB,MATCHED_CANONICAL_GAME,2021_03_CAR_HOU,2021,3,REG,CAR,HOU,away,date/team/opponent/location identity
2236,Davis Mills,MillDa02,2021-09-23,HOU,,CAR,QB,MATCHED_CANONICAL_GAME,2021_03_CAR_HOU,2021,3,REG,CAR,HOU,home,date/team/opponent/location identity
2237,Jared Goff,GoffJa00,2021-09-20,DET,@,GNB,QB,MATCHED_CANONICAL_GAME,2021_02_DET_GB,2021,2,REG,DET,GB,away,date/team/opponent/location identity
2238,Aaron Rodgers,RodgAa00,2021-09-20,GNB,,DET,QB,MATCHED_CANONICAL_GAME,2021_02_DET_GB,2021,2,REG,DET,GB,home,date/team/opponent/location identity
2239,Josh Allen,AlleJo02,2021-09-19,BUF,@,MIA,QB,MATCHED_CANONICAL_GAME,2021_02_BUF_MIA,2021,2,REG,BUF,MIA,away,date/team/opponent/location identity
2240,Tom Brady,BradTo00,2021-09-19,TAM,,ATL,QB,MATCHED_CANONICAL_GAME,2021_02_ATL_TB,2021,2,REG,ATL,TB,home,date/team/opponent/location identity
2241,Teddy Bridgewater,BridTe00,2021-09-19,DEN,@,JAX,QB,MATCHED_CANONICAL_GAME,2021_02_DEN_JAX,2021,2,REG,DEN,JAX,away,date/team/opponent/location identity
2242,Joe Burrow,BurrJo01,2021-09-19,CIN,@,CHI,QB,MATCHED_CANONICAL_GAME,2021_02_CIN_CHI,2021,2,REG,CIN,CHI,away,date/team/opponent/location identity
2243,Derek Carr,CarrDe02,2021-09-19,LVR,@,PIT,QB,MATCHED_CANONICAL_GAME,2021_02_LV_PIT,2021,2,REG,LV,PIT,away,date/team/opponent/location identity
2244,Kirk Cousins,CousKi00,2021-09-19,MIN,@,ARI,QB,MATCHED_CANONICAL_GAME,2021_02_MIN_ARI,2021,2,REG,MIN,ARI,away,date/team/opponent/location identity
2245,Andy Dalton,DaltAn00,2021-09-19,CHI,,CIN,QB,MATCHED_CANONICAL_GAME,2021_02_CIN_CHI,2021,2,REG,CIN,CHI,home,date/team/opponent/location identity
2246,Sam Darnold,DarnSa00,2021-09-19,CAR,,NOR,QB,MATCHED_CANONICAL_GAME,2021_02_NO_CAR,2021,2,REG,NO,CAR,home,date/team/opponent/location identity
2247,Jimmy Garoppolo,GaroJi00,2021-09-19,SFO,@,PHI,QB,MATCHED_CANONICAL_GAME,2021_02_SF_PHI,2021,2,REG,SF,PHI,away,date/team/opponent/location identity
2248,Justin Herbert,HerbJu00,2021-09-19,LAC,,DAL,QB,MATCHED_CANONICAL_GAME,2021_02_DAL_LAC,2021,2,REG,DAL,LAC,home,date/team/opponent/location identity
2249,Taysom Hill,HillTa00,2021-09-19,NOR,@,CAR,QB/WR,MATCHED_CANONICAL_GAME,2021_02_NO_CAR,2021,2,REG,NO,CAR,away,date/team/opponent/location identity
2250,Jalen Hurts,HurtJa00,2021-09-19,PHI,,SFO,QB,MATCHED_CANONICAL_GAME,2021_02_SF_PHI,2021,2,REG,SF,PHI,home,date/team/opponent/location identity
2251,Lamar Jackson,JackLa00,2021-09-19,BAL,,KAN,QB,MATCHED_CANONICAL_GAME,2021_02_KC_BAL,2021,2,REG,KC,BAL,home,date/team/opponent/location identity
2252,Mac Jones,JoneMa05,2021-09-19,NWE,@,NYJ,QB,MATCHED_CANONICAL_GAME,2021_02_NE_NYJ,2021,2,REG,NE,NYJ,away,date/team/opponent/location identity
2253,Trevor Lawrence,LawrTr00,2021-09-19,JAX,,DEN,QB,MATCHED_CANONICAL_GAME,2021_02_DEN_JAX,2021,2,REG,DEN,JAX,home,date/team/opponent/location identity
2254,Patrick Mahomes,MahoPa00,2021-09-19,KAN,@,BAL,QB,MATCHED_CANONICAL_GAME,2021_02_KC_BAL,2021,2,REG,KC,BAL,away,date/team/opponent/location identity
2255,Baker Mayfield,MayfBa00,2021-09-19,CLE,,HOU,QB,MATCHED_CANONICAL_GAME,2021_02_HOU_CLE,2021,2,REG,HOU,CLE,home,date/team/opponent/location identity
2256,Kyler Murray,MurrKy00,2021-09-19,ARI,,MIN,QB,MATCHED_CANONICAL_GAME,2021_02_MIN_ARI,2021,2,REG,MIN,ARI,home,date/team/opponent/location identity
2257,Dak Prescott,PresDa01,2021-09-19,DAL,@,LAC,QB,MATCHED_CANONICAL_GAME,2021_02_DAL_LAC,2021,2,REG,DAL,LAC,away,date/team/opponent/location identity
2258,Ben Roethlisberger,RoetBe00,2021-09-19,PIT,,LVR,QB,MATCHED_CANONICAL_GAME,2021_02_LV_PIT,2021,2,REG,LV,PIT,home,date/team/opponent/location identity
2259,Matt Ryan,RyanMa00,2021-09-19,ATL,@,TAM,QB,MATCHED_CANONICAL_GAME,2021_02_ATL_TB,2021,2,REG,ATL,TB,away,date/team/opponent/location identity
2260,Matthew Stafford,StafMa00,2021-09-19,LAR,@,IND,QB,MATCHED_CANONICAL_GAME,2021_02_LA_IND,2021,2,REG,LAR,IND,away,date/team/opponent/location identity
2261,Tua Tagovailoa,TagoTu00,2021-09-19,MIA,,BUF,QB,MATCHED_CANONICAL_GAME,2021_02_BUF_MIA,2021,2,REG,BUF,MIA,home,date/team/opponent/location identity
2262,Ryan Tannehill,TannRy00,2021-09-19,TEN,@,SEA,QB,MATCHED_CANONICAL_GAME,2021_02_TEN_SEA,2021,2,REG,TEN,SEA,away,date/team/opponent/location identity
2263,Tyrod Taylor,TaylTy00,2021-09-19,HOU,@,CLE,QB,MATCHED_CANONICAL_GAME,2021_02_HOU_CLE,2021,2,REG,HOU,CLE,away,date/team/opponent/location identity
2264,Carson Wentz,WentCa00,2021-09-19,IND,,LAR,QB,MATCHED_CANONICAL_GAME,2021_02_LA_IND,2021,2,REG,LAR,IND,home,date/team/opponent/location identity
2265,Russell Wilson,WilsRu00,2021-09-19,SEA,,TEN,QB,MATCHED_CANONICAL_GAME,2021_02_TEN_SEA,2021,2,REG,TEN,SEA,home,date/team/opponent/location identity
2266,Zach Wilson,WilsZa00,2021-09-19,NYJ,,NWE,QB,MATCHED_CANONICAL_GAME,2021_02_NE_NYJ,2021,2,REG,NE,NYJ,home,date/team/opponent/location identity
2267,Jameis Winston,WinsJa00,2021-09-19,NOR,@,CAR,QB,MATCHED_CANONICAL_GAME,2021_02_NO_CAR,2021,2,REG,NO,CAR,away,date/team/opponent/location identity
2268,Taylor Heinicke,HeinTa00,2021-09-16,WAS,,NYG,QB,MATCHED_CANONICAL_GAME,2021_02_NYG_WAS,2021,2,REG,NYG,WAS,home,date/team/opponent/location identity
2269,Daniel Jones,JoneDa05,2021-09-16,NYG,@,WAS,QB,MATCHED_CANONICAL_GAME,2021_02_NYG_WAS,2021,2,REG,NYG,WAS,away,date/team/opponent/location identity
2270,Derek Carr,CarrDe02,2021-09-13,LVR,,BAL,QB,MATCHED_CANONICAL_GAME,2021_01_BAL_LV,2021,1,REG,BAL,LV,home,date/team/opponent/location identity
2271,Lamar Jackson,JackLa00,2021-09-13,BAL,@,LVR,QB,MATCHED_CANONICAL_GAME,2021_01_BAL_LV,2021,1,REG,BAL,LV,away,date/team/opponent/location identity
2272,Josh Allen,AlleJo02,2021-09-12,BUF,,PIT,QB,MATCHED_CANONICAL_GAME,2021_01_PIT_BUF,2021,1,REG,PIT,BUF,home,date/team/opponent/location identity
2273,Teddy Bridgewater,BridTe00,2021-09-12,DEN,@,NYG,QB,MATCHED_CANONICAL_GAME,2021_01_DEN_NYG,2021,1,REG,DEN,NYG,away,date/team/opponent/location identity
2274,Joe Burrow,BurrJo01,2021-09-12,CIN,,MIN,QB,MATCHED_CANONICAL_GAME,2021_01_MIN_CIN,2021,1,REG,MIN,CIN,home,date/team/opponent/location identity
2275,Kirk Cousins,CousKi00,2021-09-12,MIN,@,CIN,QB,MATCHED_CANONICAL_GAME,2021_01_MIN_CIN,2021,1,REG,MIN,CIN,away,date/team/opponent/location identity
2276,Andy Dalton,DaltAn00,2021-09-12,CHI,@,LAR,QB,MATCHED_CANONICAL_GAME,2021_01_CHI_LA,2021,1,REG,CHI,LAR,away,date/team/opponent/location identity
2277,Sam Darnold,DarnSa00,2021-09-12,CAR,,NYJ,QB,MATCHED_CANONICAL_GAME,2021_01_NYJ_CAR,2021,1,REG,NYJ,CAR,home,date/team/opponent/location identity
2278,Ryan Fitzpatrick,FitzRy00,2021-09-12,WAS,,LAC,QB,MATCHED_CANONICAL_GAME,2021_01_LAC_WAS,2021,1,REG,LAC,WAS,home,date/team/opponent/location identity
2279,Jimmy Garoppolo,GaroJi00,2021-09-12,SFO,@,DET,QB,MATCHED_CANONICAL_GAME,2021_01_SF_DET,2021,1,REG,SF,DET,away,date/team/opponent/location identity
2280,Jared Goff,GoffJa00,2021-09-12,DET,,SFO,QB,MATCHED_CANONICAL_GAME,2021_01_SF_DET,2021,1,REG,SF,DET,home,date/team/opponent/location identity
2281,Justin Herbert,HerbJu00,2021-09-12,LAC,@,WAS,QB,MATCHED_CANONICAL_GAME,2021_01_LAC_WAS,2021,1,REG,LAC,WAS,away,date/team/opponent/location identity
2282,Jalen Hurts,HurtJa00,2021-09-12,PHI,@,ATL,QB,MATCHED_CANONICAL_GAME,2021_01_PHI_ATL,2021,1,REG,PHI,ATL,away,date/team/opponent/location identity
2283,Daniel Jones,JoneDa05,2021-09-12,NYG,,DEN,QB,MATCHED_CANONICAL_GAME,2021_01_DEN_NYG,2021,1,REG,DEN,NYG,home,date/team/opponent/location identity
2284,Mac Jones,JoneMa05,2021-09-12,NWE,,MIA,QB,MATCHED_CANONICAL_GAME,2021_01_MIA_NE,2021,1,REG,MIA,NE,home,date/team/opponent/location identity
2285,Trevor Lawrence,LawrTr00,2021-09-12,JAX,@,HOU,QB,MATCHED_CANONICAL_GAME,2021_01_JAX_HOU,2021,1,REG,JAX,HOU,away,date/team/opponent/location identity
2286,Patrick Mahomes,MahoPa00,2021-09-12,KAN,,CLE,QB,MATCHED_CANONICAL_GAME,2021_01_CLE_KC,2021,1,REG,CLE,KC,home,date/team/opponent/location identity
2287,Baker Mayfield,MayfBa00,2021-09-12,CLE,@,KAN,QB,MATCHED_CANONICAL_GAME,2021_01_CLE_KC,2021,1,REG,CLE,KC,away,date/team/opponent/location identity
2288,Kyler Murray,MurrKy00,2021-09-12,ARI,@,TEN,QB,MATCHED_CANONICAL_GAME,2021_01_ARI_TEN,2021,1,REG,ARI,TEN,away,date/team/opponent/location identity
2289,Aaron Rodgers,RodgAa00,2021-09-12,GNB,@,NOR,QB,MATCHED_CANONICAL_GAME,2021_01_GB_NO,2021,1,REG,GB,NO,away,date/team/opponent/location identity
2290,Ben Roethlisberger,RoetBe00,2021-09-12,PIT,@,BUF,QB,MATCHED_CANONICAL_GAME,2021_01_PIT_BUF,2021,1,REG,PIT,BUF,away,date/team/opponent/location identity
2291,Matt Ryan,RyanMa00,2021-09-12,ATL,,PHI,QB,MATCHED_CANONICAL_GAME,2021_01_PHI_ATL,2021,1,REG,PHI,ATL,home,date/team/opponent/location identity
2292,Matthew Stafford,StafMa00,2021-09-12,LAR,,CHI,QB,MATCHED_CANONICAL_GAME,2021_01_CHI_LA,2021,1,REG,CHI,LAR,home,date/team/opponent/location identity
2293,Tua Tagovailoa,TagoTu00,2021-09-12,MIA,@,NWE,QB,MATCHED_CANONICAL_GAME,2021_01_MIA_NE,2021,1,REG,MIA,NE,away,date/team/opponent/location identity
2294,Ryan Tannehill,TannRy00,2021-09-12,TEN,,ARI,QB,MATCHED_CANONICAL_GAME,2021_01_ARI_TEN,2021,1,REG,ARI,TEN,home,date/team/opponent/location identity
2295,Tyrod Taylor,TaylTy00,2021-09-12,HOU,,JAX,QB,MATCHED_CANONICAL_GAME,2021_01_JAX_HOU,2021,1,REG,JAX,HOU,home,date/team/opponent/location identity
2296,Carson Wentz,WentCa00,2021-09-12,IND,,SEA,QB,MATCHED_CANONICAL_GAME,2021_01_SEA_IND,2021,1,REG,SEA,IND,home,date/team/opponent/location identity
2297,Russell Wilson,WilsRu00,2021-09-12,SEA,@,IND,QB,MATCHED_CANONICAL_GAME,2021_01_SEA_IND,2021,1,REG,SEA,IND,away,date/team/opponent/location identity
2298,Zach Wilson,WilsZa00,2021-09-12,NYJ,@,CAR,QB,MATCHED_CANONICAL_GAME,2021_01_NYJ_CAR,2021,1,REG,NYJ,CAR,away,date/team/opponent/location identity
2299,Jameis Winston,WinsJa00,2021-09-12,NOR,,GNB,QB,MATCHED_CANONICAL_GAME,2021_01_GB_NO,2021,1,REG,GB,NO,home,date/team/opponent/location identity
2300,Tom Brady,BradTo00,2021-09-09,TAM,,DAL,QB,MATCHED_CANONICAL_GAME,2021_01_DAL_TB,2021,1,REG,DAL,TB,home,date/team/opponent/location identity
2301,Dak Prescott,PresDa01,2021-09-09,DAL,@,TAM,QB,MATCHED_CANONICAL_GAME,2021_01_DAL_TB,2021,1,REG,DAL,TB,away,date/team/opponent/location identity
2302,Tom Brady,BradTo00,2021-02-07,TAM,N,KAN,QB,MATCHED_CANONICAL_GAME,2020_21_KC_TB,2020,21,SB,KC,TB,home,neutral-site canonical team identity
2303,Patrick Mahomes,MahoPa00,2021-02-07,KAN,N,TAM,QB,MATCHED_CANONICAL_GAME,2020_21_KC_TB,2020,21,SB,KC,TB,away,neutral-site canonical team identity
2304,Josh Allen,AlleJo02,2021-01-24,BUF,@,KAN,QB,MATCHED_CANONICAL_GAME,2020_20_BUF_KC,2020,20,CON,BUF,KC,away,date/team/opponent/location identity
2305,Tom Brady,BradTo00,2021-01-24,TAM,@,GNB,QB,MATCHED_CANONICAL_GAME,2020_20_TB_GB,2020,20,CON,TB,GB,away,date/team/opponent/location identity
2306,Patrick Mahomes,MahoPa00,2021-01-24,KAN,,BUF,QB,MATCHED_CANONICAL_GAME,2020_20_BUF_KC,2020,20,CON,BUF,KC,home,date/team/opponent/location identity
2307,Aaron Rodgers,RodgAa00,2021-01-24,GNB,,TAM,QB,MATCHED_CANONICAL_GAME,2020_20_TB_GB,2020,20,CON,TB,GB,home,date/team/opponent/location identity
2308,Tom Brady,BradTo00,2021-01-17,TAM,@,NOR,QB,MATCHED_CANONICAL_GAME,2020_19_TB_NO,2020,19,DIV,TB,NO,away,date/team/opponent/location identity
2309,Drew Brees,BreeDr00,2021-01-17,NOR,,TAM,QB,MATCHED_CANONICAL_GAME,2020_19_TB_NO,2020,19,DIV,TB,NO,home,date/team/opponent/location identity
2310,Patrick Mahomes,MahoPa00,2021-01-17,KAN,,CLE,QB,MATCHED_CANONICAL_GAME,2020_19_CLE_KC,2020,19,DIV,CLE,KC,home,date/team/opponent/location identity
2311,Baker Mayfield,MayfBa00,2021-01-17,CLE,@,KAN,QB,MATCHED_CANONICAL_GAME,2020_19_CLE_KC,2020,19,DIV,CLE,KC,away,date/team/opponent/location identity
2312,Josh Allen,AlleJo02,2021-01-16,BUF,,BAL,QB,MATCHED_CANONICAL_GAME,2020_19_BAL_BUF,2020,19,DIV,BAL,BUF,home,date/team/opponent/location identity
2313,Jared Goff,GoffJa00,2021-01-16,LAR,@,GNB,QB,MATCHED_CANONICAL_GAME,2020_19_LA_GB,2020,19,DIV,LAR,GB,away,date/team/opponent/location identity
2314,Lamar Jackson,JackLa00,2021-01-16,BAL,@,BUF,QB,MATCHED_CANONICAL_GAME,2020_19_BAL_BUF,2020,19,DIV,BAL,BUF,away,date/team/opponent/location identity
2315,Aaron Rodgers,RodgAa00,2021-01-16,GNB,,LAR,QB,MATCHED_CANONICAL_GAME,2020_19_LA_GB,2020,19,DIV,LAR,GB,home,date/team/opponent/location identity
2316,Drew Brees,BreeDr00,2021-01-10,NOR,,CHI,QB,MATCHED_CANONICAL_GAME,2020_18_CHI_NO,2020,18,WC,CHI,NO,home,date/team/opponent/location identity
2317,Taysom Hill,HillTa00,2021-01-10,NOR,,CHI,QB/WR,MATCHED_CANONICAL_GAME,2020_18_CHI_NO,2020,18,WC,CHI,NO,home,date/team/opponent/location identity
2318,Lamar Jackson,JackLa00,2021-01-10,BAL,@,TEN,QB,MATCHED_CANONICAL_GAME,2020_18_BAL_TEN,2020,18,WC,BAL,TEN,away,date/team/opponent/location identity
2319,Baker Mayfield,MayfBa00,2021-01-10,CLE,@,PIT,QB,MATCHED_CANONICAL_GAME,2020_18_CLE_PIT,2020,18,WC,CLE,PIT,away,date/team/opponent/location identity
2320,Ben Roethlisberger,RoetBe00,2021-01-10,PIT,,CLE,QB,MATCHED_CANONICAL_GAME,2020_18_CLE_PIT,2020,18,WC,CLE,PIT,home,date/team/opponent/location identity
2321,Ryan Tannehill,TannRy00,2021-01-10,TEN,,BAL,QB,MATCHED_CANONICAL_GAME,2020_18_BAL_TEN,2020,18,WC,BAL,TEN,home,date/team/opponent/location identity
2322,Mitchell Trubisky,TrubMi00,2021-01-10,CHI,@,NOR,QB,MATCHED_CANONICAL_GAME,2020_18_CHI_NO,2020,18,WC,CHI,NO,away,date/team/opponent/location identity
2323,Josh Allen,AlleJo02,2021-01-09,BUF,,IND,QB,MATCHED_CANONICAL_GAME,2020_18_IND_BUF,2020,18,WC,IND,BUF,home,date/team/opponent/location identity
2324,Tom Brady,BradTo00,2021-01-09,TAM,@,WAS,QB,MATCHED_CANONICAL_GAME,2020_18_TB_WAS,2020,18,WC,TB,WAS,away,date/team/opponent/location identity
2325,Taylor Heinicke,HeinTa00,2021-01-09,WAS,,TAM,QB,MATCHED_CANONICAL_GAME,2020_18_TB_WAS,2020,18,WC,TB,WAS,home,date/team/opponent/location identity
2326,Philip Rivers,RivePh00,2021-01-09,IND,@,BUF,QB,MATCHED_CANONICAL_GAME,2020_18_IND_BUF,2020,18,WC,IND,BUF,away,date/team/opponent/location identity
2327,Russell Wilson,WilsRu00,2021-01-09,SEA,,LAR,QB,MATCHED_CANONICAL_GAME,2020_18_LA_SEA,2020,18,WC,LAR,SEA,home,date/team/opponent/location identity
2328,John Wolford,WolfJo00,2021-01-09,LAR,@,SEA,QB,MATCHED_CANONICAL_GAME,2020_18_LA_SEA,2020,18,WC,LAR,SEA,away,date/team/opponent/location identity
2329,Brandon Allen,AlleBr00,2021-01-03,CIN,,BAL,QB,MATCHED_CANONICAL_GAME,2020_17_BAL_CIN,2020,17,REG,BAL,CIN,home,date/team/opponent/location identity
2330,Josh Allen,AlleJo02,2021-01-03,BUF,,MIA,QB,MATCHED_CANONICAL_GAME,2020_17_MIA_BUF,2020,17,REG,MIA,BUF,home,date/team/opponent/location identity
2331,C.J. Beathard,BeatC.00,2021-01-03,SFO,,SEA,QB,MATCHED_CANONICAL_GAME,2020_17_SEA_SF,2020,17,REG,SEA,SF,home,date/team/opponent/location identity
2332,Tom Brady,BradTo00,2021-01-03,TAM,,ATL,QB,MATCHED_CANONICAL_GAME,2020_17_ATL_TB,2020,17,REG,ATL,TB,home,date/team/opponent/location identity
2333,Drew Brees,BreeDr00,2021-01-03,NOR,@,CAR,QB,MATCHED_CANONICAL_GAME,2020_17_NO_CAR,2020,17,REG,NO,CAR,away,date/team/opponent/location identity
2334,Teddy Bridgewater,BridTe00,2021-01-03,CAR,,NOR,QB,MATCHED_CANONICAL_GAME,2020_17_NO_CAR,2020,17,REG,NO,CAR,home,date/team/opponent/location identity
2335,Derek Carr,CarrDe02,2021-01-03,LVR,@,DEN,QB,MATCHED_CANONICAL_GAME,2020_17_LV_DEN,2020,17,REG,LV,DEN,away,date/team/opponent/location identity
2336,Kirk Cousins,CousKi00,2021-01-03,MIN,@,DET,QB,MATCHED_CANONICAL_GAME,2020_17_MIN_DET,2020,17,REG,MIN,DET,away,date/team/opponent/location identity
2337,Andy Dalton,DaltAn00,2021-01-03,DAL,@,NYG,QB,MATCHED_CANONICAL_GAME,2020_17_DAL_NYG,2020,17,REG,DAL,NYG,away,date/team/opponent/location identity
2338,Sam Darnold,DarnSa00,2021-01-03,NYJ,@,NWE,QB,MATCHED_CANONICAL_GAME,2020_17_NYJ_NE,2020,17,REG,NYJ,NE,away,date/team/opponent/location identity
2339,Mike Glennon,GlenMi00,2021-01-03,JAX,@,IND,QB,MATCHED_CANONICAL_GAME,2020_17_JAX_IND,2020,17,REG,JAX,IND,away,date/team/opponent/location identity
2340,Chad Henne,HennCh01,2021-01-03,KAN,,LAC,QB,MATCHED_CANONICAL_GAME,2020_17_LAC_KC,2020,17,REG,LAC,KC,home,date/team/opponent/location identity
2341,Justin Herbert,HerbJu00,2021-01-03,LAC,@,KAN,QB,MATCHED_CANONICAL_GAME,2020_17_LAC_KC,2020,17,REG,LAC,KC,away,date/team/opponent/location identity
2342,Jalen Hurts,HurtJa00,2021-01-03,PHI,,WAS,QB,MATCHED_CANONICAL_GAME,2020_17_WAS_PHI,2020,17,REG,WAS,PHI,home,date/team/opponent/location identity
2343,Lamar Jackson,JackLa00,2021-01-03,BAL,@,CIN,QB,MATCHED_CANONICAL_GAME,2020_17_BAL_CIN,2020,17,REG,BAL,CIN,away,date/team/opponent/location identity
2344,Daniel Jones,JoneDa05,2021-01-03,NYG,,DAL,QB,MATCHED_CANONICAL_GAME,2020_17_DAL_NYG,2020,17,REG,DAL,NYG,home,date/team/opponent/location identity
2345,Drew Lock,LockDr00,2021-01-03,DEN,,LVR,QB,MATCHED_CANONICAL_GAME,2020_17_LV_DEN,2020,17,REG,LV,DEN,home,date/team/opponent/location identity
2346,Baker Mayfield,MayfBa00,2021-01-03,CLE,,PIT,QB,MATCHED_CANONICAL_GAME,2020_17_PIT_CLE,2020,17,REG,PIT,CLE,home,date/team/opponent/location identity
2347,Kyler Murray,MurrKy00,2021-01-03,ARI,@,LAR,QB,MATCHED_CANONICAL_GAME,2020_17_ARI_LA,2020,17,REG,ARI,LAR,away,date/team/opponent/location identity
2348,Cam Newton,NewtCa00,2021-01-03,NWE,,NYJ,QB,MATCHED_CANONICAL_GAME,2020_17_NYJ_NE,2020,17,REG,NYJ,NE,home,date/team/opponent/location identity
2349,Philip Rivers,RivePh00,2021-01-03,IND,,JAX,QB,MATCHED_CANONICAL_GAME,2020_17_JAX_IND,2020,17,REG,JAX,IND,home,date/team/opponent/location identity
2350,Aaron Rodgers,RodgAa00,2021-01-03,GNB,@,CHI,QB,MATCHED_CANONICAL_GAME,2020_17_GB_CHI,2020,17,REG,GB,CHI,away,date/team/opponent/location identity
2351,Mason Rudolph,RudoMa00,2021-01-03,PIT,@,CLE,QB,MATCHED_CANONICAL_GAME,2020_17_PIT_CLE,2020,17,REG,PIT,CLE,away,date/team/opponent/location identity
2352,Matt Ryan,RyanMa00,2021-01-03,ATL,@,TAM,QB,MATCHED_CANONICAL_GAME,2020_17_ATL_TB,2020,17,REG,ATL,TB,away,date/team/opponent/location identity
2353,Alex Smith,SmitAl03,2021-01-03,WAS,@,PHI,QB,MATCHED_CANONICAL_GAME,2020_17_WAS_PHI,2020,17,REG,WAS,PHI,away,date/team/opponent/location identity
2354,Matthew Stafford,StafMa00,2021-01-03,DET,,MIN,QB,MATCHED_CANONICAL_GAME,2020_17_MIN_DET,2020,17,REG,MIN,DET,home,date/team/opponent/location identity
2355,Tua Tagovailoa,TagoTu00,2021-01-03,MIA,@,BUF,QB,MATCHED_CANONICAL_GAME,2020_17_MIA_BUF,2020,17,REG,MIA,BUF,away,date/team/opponent/location identity
2356,Ryan Tannehill,TannRy00,2021-01-03,TEN,@,HOU,QB,MATCHED_CANONICAL_GAME,2020_17_TEN_HOU,2020,17,REG,TEN,HOU,away,date/team/opponent/location identity
2357,Mitchell Trubisky,TrubMi00,2021-01-03,CHI,,GNB,QB,MATCHED_CANONICAL_GAME,2020_17_GB_CHI,2020,17,REG,GB,CHI,home,date/team/opponent/location identity
2358,Deshaun Watson,WatsDe00,2021-01-03,HOU,,TEN,QB,MATCHED_CANONICAL_GAME,2020_17_TEN_HOU,2020,17,REG,TEN,HOU,home,date/team/opponent/location identity
2359,Russell Wilson,WilsRu00,2021-01-03,SEA,@,SFO,QB,MATCHED_CANONICAL_GAME,2020_17_SEA_SF,2020,17,REG,SEA,SF,away,date/team/opponent/location identity
2360,John Wolford,WolfJo00,2021-01-03,LAR,,ARI,QB,MATCHED_CANONICAL_GAME,2020_17_ARI_LA,2020,17,REG,ARI,LAR,home,date/team/opponent/location identity
2361,Josh Allen,AlleJo02,2020-12-28,BUF,@,NWE,QB,MATCHED_CANONICAL_GAME,2020_16_BUF_NE,2020,16,REG,BUF,NE,away,date/team/opponent/location identity
2362,Cam Newton,NewtCa00,2020-12-28,NWE,,BUF,QB,MATCHED_CANONICAL_GAME,2020_16_BUF_NE,2020,16,REG,BUF,NE,home,date/team/opponent/location identity
2363,Brandon Allen,AlleBr00,2020-12-27,CIN,@,HOU,QB,MATCHED_CANONICAL_GAME,2020_16_CIN_HOU,2020,16,REG,CIN,HOU,away,date/team/opponent/location identity
2364,Teddy Bridgewater,BridTe00,2020-12-27,CAR,@,WAS,QB,MATCHED_CANONICAL_GAME,2020_16_CAR_WAS,2020,16,REG,CAR,WAS,away,date/team/opponent/location identity
2365,Andy Dalton,DaltAn00,2020-12-27,DAL,,PHI,QB,MATCHED_CANONICAL_GAME,2020_16_PHI_DAL,2020,16,REG,PHI,DAL,home,date/team/opponent/location identity
2366,Sam Darnold,DarnSa00,2020-12-27,NYJ,,CLE,QB,MATCHED_CANONICAL_GAME,2020_16_CLE_NYJ,2020,16,REG,CLE,NYJ,home,date/team/opponent/location identity
2367,Mike Glennon,GlenMi00,2020-12-27,JAX,,CHI,QB,MATCHED_CANONICAL_GAME,2020_16_CHI_JAX,2020,16,REG,CHI,JAX,home,date/team/opponent/location identity
2368,Jared Goff,GoffJa00,2020-12-27,LAR,@,SEA,QB,MATCHED_CANONICAL_GAME,2020_16_LA_SEA,2020,16,REG,LAR,SEA,away,date/team/opponent/location identity
2369,Dwayne Haskins,HaskDw00,2020-12-27,WAS,,CAR,QB,MATCHED_CANONICAL_GAME,2020_16_CAR_WAS,2020,16,REG,CAR,WAS,home,date/team/opponent/location identity
2370,Justin Herbert,HerbJu00,2020-12-27,LAC,,DEN,QB,MATCHED_CANONICAL_GAME,2020_16_DEN_LAC,2020,16,REG,DEN,LAC,home,date/team/opponent/location identity
2371,Jalen Hurts,HurtJa00,2020-12-27,PHI,@,DAL,QB,MATCHED_CANONICAL_GAME,2020_16_PHI_DAL,2020,16,REG,PHI,DAL,away,date/team/opponent/location identity
2372,Lamar Jackson,JackLa00,2020-12-27,BAL,,NYG,QB,MATCHED_CANONICAL_GAME,2020_16_NYG_BAL,2020,16,REG,NYG,BAL,home,date/team/opponent/location identity
2373,Daniel Jones,JoneDa05,2020-12-27,NYG,@,BAL,QB,MATCHED_CANONICAL_GAME,2020_16_NYG_BAL,2020,16,REG,NYG,BAL,away,date/team/opponent/location identity
2374,Drew Lock,LockDr00,2020-12-27,DEN,@,LAC,QB,MATCHED_CANONICAL_GAME,2020_16_DEN_LAC,2020,16,REG,DEN,LAC,away,date/team/opponent/location identity
2375,Patrick Mahomes,MahoPa00,2020-12-27,KAN,,ATL,QB,MATCHED_CANONICAL_GAME,2020_16_ATL_KC,2020,16,REG,ATL,KC,home,date/team/opponent/location identity
2376,Baker Mayfield,MayfBa00,2020-12-27,CLE,@,NYJ,QB,MATCHED_CANONICAL_GAME,2020_16_CLE_NYJ,2020,16,REG,CLE,NYJ,away,date/team/opponent/location identity
2377,Philip Rivers,RivePh00,2020-12-27,IND,@,PIT,QB,MATCHED_CANONICAL_GAME,2020_16_IND_PIT,2020,16,REG,IND,PIT,away,date/team/opponent/location identity
2378,Aaron Rodgers,RodgAa00,2020-12-27,GNB,,TEN,QB,MATCHED_CANONICAL_GAME,2020_16_TEN_GB,2020,16,REG,TEN,GB,home,date/team/opponent/location identity
2379,Ben Roethlisberger,RoetBe00,2020-12-27,PIT,,IND,QB,MATCHED_CANONICAL_GAME,2020_16_IND_PIT,2020,16,REG,IND,PIT,home,date/team/opponent/location identity
2380,Matt Ryan,RyanMa00,2020-12-27,ATL,@,KAN,QB,MATCHED_CANONICAL_GAME,2020_16_ATL_KC,2020,16,REG,ATL,KC,away,date/team/opponent/location identity
2381,Ryan Tannehill,TannRy00,2020-12-27,TEN,@,GNB,QB,MATCHED_CANONICAL_GAME,2020_16_TEN_GB,2020,16,REG,TEN,GB,away,date/team/opponent/location identity
2382,Mitchell Trubisky,TrubMi00,2020-12-27,CHI,@,JAX,QB,MATCHED_CANONICAL_GAME,2020_16_CHI_JAX,2020,16,REG,CHI,JAX,away,date/team/opponent/location identity
2383,Deshaun Watson,WatsDe00,2020-12-27,HOU,,CIN,QB,MATCHED_CANONICAL_GAME,2020_16_CIN_HOU,2020,16,REG,CIN,HOU,home,date/team/opponent/location identity
2384,Russell Wilson,WilsRu00,2020-12-27,SEA,,LAR,QB,MATCHED_CANONICAL_GAME,2020_16_LA_SEA,2020,16,REG,LAR,SEA,home,date/team/opponent/location identity
2385,C.J. Beathard,BeatC.00,2020-12-26,SFO,@,ARI,QB,MATCHED_CANONICAL_GAME,2020_16_SF_ARI,2020,16,REG,SF,ARI,away,date/team/opponent/location identity
2386,Tom Brady,BradTo00,2020-12-26,TAM,@,DET,QB,MATCHED_CANONICAL_GAME,2020_16_TB_DET,2020,16,REG,TB,DET,away,date/team/opponent/location identity
2387,Derek Carr,CarrDe02,2020-12-26,LVR,,MIA,QB,MATCHED_CANONICAL_GAME,2020_16_MIA_LV,2020,16,REG,MIA,LV,home,date/team/opponent/location identity
2388,Kyler Murray,MurrKy00,2020-12-26,ARI,,SFO,QB,MATCHED_CANONICAL_GAME,2020_16_SF_ARI,2020,16,REG,SF,ARI,home,date/team/opponent/location identity
2389,Matthew Stafford,StafMa00,2020-12-26,DET,,TAM,QB,MATCHED_CANONICAL_GAME,2020_16_TB_DET,2020,16,REG,TB,DET,home,date/team/opponent/location identity
2390,Tua Tagovailoa,TagoTu00,2020-12-26,MIA,@,LVR,QB,MATCHED_CANONICAL_GAME,2020_16_MIA_LV,2020,16,REG,MIA,LV,away,date/team/opponent/location identity
2391,Drew Brees,BreeDr00,2020-12-25,NOR,,MIN,QB,MATCHED_CANONICAL_GAME,2020_16_MIN_NO,2020,16,REG,MIN,NO,home,date/team/opponent/location identity
2392,Kirk Cousins,CousKi00,2020-12-25,MIN,@,NOR,QB,MATCHED_CANONICAL_GAME,2020_16_MIN_NO,2020,16,REG,MIN,NO,away,date/team/opponent/location identity
2393,Ryan Finley,FinlRy00,2020-12-21,CIN,,PIT,QB,MATCHED_CANONICAL_GAME,2020_15_PIT_CIN,2020,15,REG,PIT,CIN,home,date/team/opponent/location identity
2394,Ben Roethlisberger,RoetBe00,2020-12-21,PIT,@,CIN,QB,MATCHED_CANONICAL_GAME,2020_15_PIT_CIN,2020,15,REG,PIT,CIN,away,date/team/opponent/location identity
2395,Tom Brady,BradTo00,2020-12-20,TAM,@,ATL,QB,MATCHED_CANONICAL_GAME,2020_15_TB_ATL,2020,15,REG,TB,ATL,away,date/team/opponent/location identity
2396,Drew Brees,BreeDr00,2020-12-20,NOR,,KAN,QB,MATCHED_CANONICAL_GAME,2020_15_KC_NO,2020,15,REG,KC,NO,home,date/team/opponent/location identity
2397,Kirk Cousins,CousKi00,2020-12-20,MIN,,CHI,QB,MATCHED_CANONICAL_GAME,2020_15_CHI_MIN,2020,15,REG,CHI,MIN,home,date/team/opponent/location identity
2398,Andy Dalton,DaltAn00,2020-12-20,DAL,,SFO,QB,MATCHED_CANONICAL_GAME,2020_15_SF_DAL,2020,15,REG,SF,DAL,home,date/team/opponent/location identity
2399,Sam Darnold,DarnSa00,2020-12-20,NYJ,@,LAR,QB,MATCHED_CANONICAL_GAME,2020_15_NYJ_LA,2020,15,REG,NYJ,LAR,away,date/team/opponent/location identity
2400,Jared Goff,GoffJa00,2020-12-20,LAR,,NYJ,QB,MATCHED_CANONICAL_GAME,2020_15_NYJ_LA,2020,15,REG,NYJ,LAR,home,date/team/opponent/location identity
2401,Dwayne Haskins,HaskDw00,2020-12-20,WAS,,SEA,QB,MATCHED_CANONICAL_GAME,2020_15_SEA_WAS,2020,15,REG,SEA,WAS,home,date/team/opponent/location identity
2402,Jalen Hurts,HurtJa00,2020-12-20,PHI,@,ARI,QB,MATCHED_CANONICAL_GAME,2020_15_PHI_ARI,2020,15,REG,PHI,ARI,away,date/team/opponent/location identity
2403,Lamar Jackson,JackLa00,2020-12-20,BAL,,JAX,QB,MATCHED_CANONICAL_GAME,2020_15_JAX_BAL,2020,15,REG,JAX,BAL,home,date/team/opponent/location identity
2404,Patrick Mahomes,MahoPa00,2020-12-20,KAN,@,NOR,QB,MATCHED_CANONICAL_GAME,2020_15_KC_NO,2020,15,REG,KC,NO,away,date/team/opponent/location identity
2405,Baker Mayfield,MayfBa00,2020-12-20,CLE,@,NYG,QB,MATCHED_CANONICAL_GAME,2020_15_CLE_NYG,2020,15,REG,CLE,NYG,away,date/team/opponent/location identity
2406,Colt McCoy,McCoCo00,2020-12-20,NYG,,CLE,QB,MATCHED_CANONICAL_GAME,2020_15_CLE_NYG,2020,15,REG,CLE,NYG,home,date/team/opponent/location identity
2407,Gardner Minshew II,MinsGa00,2020-12-20,JAX,@,BAL,QB,MATCHED_CANONICAL_GAME,2020_15_JAX_BAL,2020,15,REG,JAX,BAL,away,date/team/opponent/location identity
2408,Nick Mullens,MullNi00,2020-12-20,SFO,@,DAL,QB,MATCHED_CANONICAL_GAME,2020_15_SF_DAL,2020,15,REG,SF,DAL,away,date/team/opponent/location identity
2409,Kyler Murray,MurrKy00,2020-12-20,ARI,,PHI,QB,MATCHED_CANONICAL_GAME,2020_15_PHI_ARI,2020,15,REG,PHI,ARI,home,date/team/opponent/location identity
2410,Cam Newton,NewtCa00,2020-12-20,NWE,@,MIA,QB,MATCHED_CANONICAL_GAME,2020_15_NE_MIA,2020,15,REG,NE,MIA,away,date/team/opponent/location identity
2411,Philip Rivers,RivePh00,2020-12-20,IND,,HOU,QB,MATCHED_CANONICAL_GAME,2020_15_HOU_IND,2020,15,REG,HOU,IND,home,date/team/opponent/location identity
2412,Matt Ryan,RyanMa00,2020-12-20,ATL,,TAM,QB,MATCHED_CANONICAL_GAME,2020_15_TB_ATL,2020,15,REG,TB,ATL,home,date/team/opponent/location identity
2413,Matthew Stafford,StafMa00,2020-12-20,DET,@,TEN,QB,MATCHED_CANONICAL_GAME,2020_15_DET_TEN,2020,15,REG,DET,TEN,away,date/team/opponent/location identity
2414,Tua Tagovailoa,TagoTu00,2020-12-20,MIA,,NWE,QB,MATCHED_CANONICAL_GAME,2020_15_NE_MIA,2020,15,REG,NE,MIA,home,date/team/opponent/location identity
2415,Ryan Tannehill,TannRy00,2020-12-20,TEN,,DET,QB,MATCHED_CANONICAL_GAME,2020_15_DET_TEN,2020,15,REG,DET,TEN,home,date/team/opponent/location identity
2416,Mitchell Trubisky,TrubMi00,2020-12-20,CHI,@,MIN,QB,MATCHED_CANONICAL_GAME,2020_15_CHI_MIN,2020,15,REG,CHI,MIN,away,date/team/opponent/location identity
2417,Deshaun Watson,WatsDe00,2020-12-20,HOU,@,IND,QB,MATCHED_CANONICAL_GAME,2020_15_HOU_IND,2020,15,REG,HOU,IND,away,date/team/opponent/location identity
2418,Russell Wilson,WilsRu00,2020-12-20,SEA,@,WAS,QB,MATCHED_CANONICAL_GAME,2020_15_SEA_WAS,2020,15,REG,SEA,WAS,away,date/team/opponent/location identity
2419,Josh Allen,AlleJo02,2020-12-19,BUF,@,DEN,QB,MATCHED_CANONICAL_GAME,2020_15_BUF_DEN,2020,15,REG,BUF,DEN,away,date/team/opponent/location identity
2420,Teddy Bridgewater,BridTe00,2020-12-19,CAR,@,GNB,QB,MATCHED_CANONICAL_GAME,2020_15_CAR_GB,2020,15,REG,CAR,GB,away,date/team/opponent/location identity
2421,Drew Lock,LockDr00,2020-12-19,DEN,,BUF,QB,MATCHED_CANONICAL_GAME,2020_15_BUF_DEN,2020,15,REG,BUF,DEN,home,date/team/opponent/location identity
2422,Aaron Rodgers,RodgAa00,2020-12-19,GNB,,CAR,QB,MATCHED_CANONICAL_GAME,2020_15_CAR_GB,2020,15,REG,CAR,GB,home,date/team/opponent/location identity
2423,Derek Carr,CarrDe02,2020-12-17,LVR,,LAC,QB,MATCHED_CANONICAL_GAME,2020_15_LAC_LV,2020,15,REG,LAC,LV,home,date/team/opponent/location identity
2424,Justin Herbert,HerbJu00,2020-12-17,LAC,@,LVR,QB,MATCHED_CANONICAL_GAME,2020_15_LAC_LV,2020,15,REG,LAC,LV,away,date/team/opponent/location identity
2425,Lamar Jackson,JackLa00,2020-12-14,BAL,@,CLE,QB,MATCHED_CANONICAL_GAME,2020_14_BAL_CLE,2020,14,REG,BAL,CLE,away,date/team/opponent/location identity
2426,Baker Mayfield,MayfBa00,2020-12-14,CLE,,BAL,QB,MATCHED_CANONICAL_GAME,2020_14_BAL_CLE,2020,14,REG,BAL,CLE,home,date/team/opponent/location identity
2427,Brandon Allen,AlleBr00,2020-12-13,CIN,,DAL,QB,MATCHED_CANONICAL_GAME,2020_14_DAL_CIN,2020,14,REG,DAL,CIN,home,date/team/opponent/location identity
2428,Josh Allen,AlleJo02,2020-12-13,BUF,,PIT,QB,MATCHED_CANONICAL_GAME,2020_14_PIT_BUF,2020,14,REG,PIT,BUF,home,date/team/opponent/location identity
2429,Tom Brady,BradTo00,2020-12-13,TAM,,MIN,QB,MATCHED_CANONICAL_GAME,2020_14_MIN_TB,2020,14,REG,MIN,TB,home,date/team/opponent/location identity
2430,Teddy Bridgewater,BridTe00,2020-12-13,CAR,,DEN,QB,MATCHED_CANONICAL_GAME,2020_14_DEN_CAR,2020,14,REG,DEN,CAR,home,date/team/opponent/location identity
2431,Derek Carr,CarrDe02,2020-12-13,LVR,,IND,QB,MATCHED_CANONICAL_GAME,2020_14_IND_LV,2020,14,REG,IND,LV,home,date/team/opponent/location identity
2432,Kirk Cousins,CousKi00,2020-12-13,MIN,@,TAM,QB,MATCHED_CANONICAL_GAME,2020_14_MIN_TB,2020,14,REG,MIN,TB,away,date/team/opponent/location identity
2433,Andy Dalton,DaltAn00,2020-12-13,DAL,@,CIN,QB,MATCHED_CANONICAL_GAME,2020_14_DAL_CIN,2020,14,REG,DAL,CIN,away,date/team/opponent/location identity
2434,Sam Darnold,DarnSa00,2020-12-13,NYJ,@,SEA,QB,MATCHED_CANONICAL_GAME,2020_14_NYJ_SEA,2020,14,REG,NYJ,SEA,away,date/team/opponent/location identity
2435,Mike Glennon,GlenMi00,2020-12-13,JAX,,TEN,QB,MATCHED_CANONICAL_GAME,2020_14_TEN_JAX,2020,14,REG,TEN,JAX,home,date/team/opponent/location identity
2436,Justin Herbert,HerbJu00,2020-12-13,LAC,,ATL,QB,MATCHED_CANONICAL_GAME,2020_14_ATL_LAC,2020,14,REG,ATL,LAC,home,date/team/opponent/location identity
2437,Taysom Hill,HillTa00,2020-12-13,NOR,@,PHI,QB/WR,MATCHED_CANONICAL_GAME,2020_14_NO_PHI,2020,14,REG,NO,PHI,away,date/team/opponent/location identity
2438,Jalen Hurts,HurtJa00,2020-12-13,PHI,,NOR,QB,MATCHED_CANONICAL_GAME,2020_14_NO_PHI,2020,14,REG,NO,PHI,home,date/team/opponent/location identity
2439,Daniel Jones,JoneDa05,2020-12-13,NYG,,ARI,QB,MATCHED_CANONICAL_GAME,2020_14_ARI_NYG,2020,14,REG,ARI,NYG,home,date/team/opponent/location identity
2440,Drew Lock,LockDr00,2020-12-13,DEN,@,CAR,QB,MATCHED_CANONICAL_GAME,2020_14_DEN_CAR,2020,14,REG,DEN,CAR,away,date/team/opponent/location identity
2441,Patrick Mahomes,MahoPa00,2020-12-13,KAN,@,MIA,QB,MATCHED_CANONICAL_GAME,2020_14_KC_MIA,2020,14,REG,KC,MIA,away,date/team/opponent/location identity
2442,Nick Mullens,MullNi00,2020-12-13,SFO,,WAS,QB,MATCHED_CANONICAL_GAME,2020_14_WAS_SF,2020,14,REG,WAS,SF,home,date/team/opponent/location identity
2443,Kyler Murray,MurrKy00,2020-12-13,ARI,@,NYG,QB,MATCHED_CANONICAL_GAME,2020_14_ARI_NYG,2020,14,REG,ARI,NYG,away,date/team/opponent/location identity
2444,Philip Rivers,RivePh00,2020-12-13,IND,@,LVR,QB,MATCHED_CANONICAL_GAME,2020_14_IND_LV,2020,14,REG,IND,LV,away,date/team/opponent/location identity
2445,Aaron Rodgers,RodgAa00,2020-12-13,GNB,@,DET,QB,MATCHED_CANONICAL_GAME,2020_14_GB_DET,2020,14,REG,GB,DET,away,date/team/opponent/location identity
2446,Ben Roethlisberger,RoetBe00,2020-12-13,PIT,@,BUF,QB,MATCHED_CANONICAL_GAME,2020_14_PIT_BUF,2020,14,REG,PIT,BUF,away,date/team/opponent/location identity
2447,Matt Ryan,RyanMa00,2020-12-13,ATL,@,LAC,QB,MATCHED_CANONICAL_GAME,2020_14_ATL_LAC,2020,14,REG,ATL,LAC,away,date/team/opponent/location identity
2448,Alex Smith,SmitAl03,2020-12-13,WAS,@,SFO,QB,MATCHED_CANONICAL_GAME,2020_14_WAS_SF,2020,14,REG,WAS,SF,away,date/team/opponent/location identity
2449,Matthew Stafford,StafMa00,2020-12-13,DET,,GNB,QB,MATCHED_CANONICAL_GAME,2020_14_GB_DET,2020,14,REG,GB,DET,home,date/team/opponent/location identity
2450,Tua Tagovailoa,TagoTu00,2020-12-13,MIA,,KAN,QB,MATCHED_CANONICAL_GAME,2020_14_KC_MIA,2020,14,REG,KC,MIA,home,date/team/opponent/location identity
2451,Ryan Tannehill,TannRy00,2020-12-13,TEN,@,JAX,QB,MATCHED_CANONICAL_GAME,2020_14_TEN_JAX,2020,14,REG,TEN,JAX,away,date/team/opponent/location identity
2452,Mitchell Trubisky,TrubMi00,2020-12-13,CHI,,HOU,QB,MATCHED_CANONICAL_GAME,2020_14_HOU_CHI,2020,14,REG,HOU,CHI,home,date/team/opponent/location identity
2453,Deshaun Watson,WatsDe00,2020-12-13,HOU,@,CHI,QB,MATCHED_CANONICAL_GAME,2020_14_HOU_CHI,2020,14,REG,HOU,CHI,away,date/team/opponent/location identity
2454,Russell Wilson,WilsRu00,2020-12-13,SEA,,NYJ,QB,MATCHED_CANONICAL_GAME,2020_14_NYJ_SEA,2020,14,REG,NYJ,SEA,home,date/team/opponent/location identity
2455,Jared Goff,GoffJa00,2020-12-10,LAR,,NWE,QB,MATCHED_CANONICAL_GAME,2020_14_NE_LA,2020,14,REG,NE,LAR,home,date/team/opponent/location identity
2456,Cam Newton,NewtCa00,2020-12-10,NWE,@,LAR,QB,MATCHED_CANONICAL_GAME,2020_14_NE_LA,2020,14,REG,NE,LAR,away,date/team/opponent/location identity
2457,Andy Dalton,DaltAn00,2020-12-08,DAL,@,BAL,QB,MATCHED_CANONICAL_GAME,2020_13_DAL_BAL,2020,13,REG,DAL,BAL,away,date/team/opponent/location identity
2458,Lamar Jackson,JackLa00,2020-12-08,BAL,,DAL,QB,MATCHED_CANONICAL_GAME,2020_13_DAL_BAL,2020,13,REG,DAL,BAL,home,date/team/opponent/location identity
2459,Josh Allen,AlleJo02,2020-12-07,BUF,@,SFO,QB,MATCHED_CANONICAL_GAME,2020_13_BUF_SF,2020,13,REG,BUF,SF,away,date/team/opponent/location identity
2460,Nick Mullens,MullNi00,2020-12-07,SFO,,BUF,QB,MATCHED_CANONICAL_GAME,2020_13_BUF_SF,2020,13,REG,BUF,SF,home,date/team/opponent/location identity
2461,Ben Roethlisberger,RoetBe00,2020-12-07,PIT,,WAS,QB,MATCHED_CANONICAL_GAME,2020_13_WAS_PIT,2020,13,REG,WAS,PIT,home,date/team/opponent/location identity
2462,Alex Smith,SmitAl03,2020-12-07,WAS,@,PIT,QB,MATCHED_CANONICAL_GAME,2020_13_WAS_PIT,2020,13,REG,WAS,PIT,away,date/team/opponent/location identity
2463,Brandon Allen,AlleBr00,2020-12-06,CIN,@,MIA,QB,MATCHED_CANONICAL_GAME,2020_13_CIN_MIA,2020,13,REG,CIN,MIA,away,date/team/opponent/location identity
2464,Derek Carr,CarrDe02,2020-12-06,LVR,@,NYJ,QB,MATCHED_CANONICAL_GAME,2020_13_LV_NYJ,2020,13,REG,LV,NYJ,away,date/team/opponent/location identity
2465,Kirk Cousins,CousKi00,2020-12-06,MIN,,JAX,QB,MATCHED_CANONICAL_GAME,2020_13_JAX_MIN,2020,13,REG,JAX,MIN,home,date/team/opponent/location identity
2466,Sam Darnold,DarnSa00,2020-12-06,NYJ,,LVR,QB,MATCHED_CANONICAL_GAME,2020_13_LV_NYJ,2020,13,REG,LV,NYJ,home,date/team/opponent/location identity
2467,Mike Glennon,GlenMi00,2020-12-06,JAX,@,MIN,QB,MATCHED_CANONICAL_GAME,2020_13_JAX_MIN,2020,13,REG,JAX,MIN,away,date/team/opponent/location identity
2468,Jared Goff,GoffJa00,2020-12-06,LAR,@,ARI,QB,MATCHED_CANONICAL_GAME,2020_13_LA_ARI,2020,13,REG,LAR,ARI,away,date/team/opponent/location identity
2469,Justin Herbert,HerbJu00,2020-12-06,LAC,,NWE,QB,MATCHED_CANONICAL_GAME,2020_13_NE_LAC,2020,13,REG,NE,LAC,home,date/team/opponent/location identity
2470,Taysom Hill,HillTa00,2020-12-06,NOR,@,ATL,QB/WR,MATCHED_CANONICAL_GAME,2020_13_NO_ATL,2020,13,REG,NO,ATL,away,date/team/opponent/location identity
2471,Drew Lock,LockDr00,2020-12-06,DEN,@,KAN,QB,MATCHED_CANONICAL_GAME,2020_13_DEN_KC,2020,13,REG,DEN,KC,away,date/team/opponent/location identity
2472,Patrick Mahomes,MahoPa00,2020-12-06,KAN,,DEN,QB,MATCHED_CANONICAL_GAME,2020_13_DEN_KC,2020,13,REG,DEN,KC,home,date/team/opponent/location identity
2473,Baker Mayfield,MayfBa00,2020-12-06,CLE,@,TEN,QB,MATCHED_CANONICAL_GAME,2020_13_CLE_TEN,2020,13,REG,CLE,TEN,away,date/team/opponent/location identity
2474,Colt McCoy,McCoCo00,2020-12-06,NYG,@,SEA,QB,MATCHED_CANONICAL_GAME,2020_13_NYG_SEA,2020,13,REG,NYG,SEA,away,date/team/opponent/location identity
2475,Kyler Murray,MurrKy00,2020-12-06,ARI,,LAR,QB,MATCHED_CANONICAL_GAME,2020_13_LA_ARI,2020,13,REG,LAR,ARI,home,date/team/opponent/location identity
2476,Cam Newton,NewtCa00,2020-12-06,NWE,@,LAC,QB,MATCHED_CANONICAL_GAME,2020_13_NE_LAC,2020,13,REG,NE,LAC,away,date/team/opponent/location identity
2477,Philip Rivers,RivePh00,2020-12-06,IND,@,HOU,QB,MATCHED_CANONICAL_GAME,2020_13_IND_HOU,2020,13,REG,IND,HOU,away,date/team/opponent/location identity
2478,Aaron Rodgers,RodgAa00,2020-12-06,GNB,,PHI,QB,MATCHED_CANONICAL_GAME,2020_13_PHI_GB,2020,13,REG,PHI,GB,home,date/team/opponent/location identity
2479,Matt Ryan,RyanMa00,2020-12-06,ATL,,NOR,QB,MATCHED_CANONICAL_GAME,2020_13_NO_ATL,2020,13,REG,NO,ATL,home,date/team/opponent/location identity
2480,Matthew Stafford,StafMa00,2020-12-06,DET,@,CHI,QB,MATCHED_CANONICAL_GAME,2020_13_DET_CHI,2020,13,REG,DET,CHI,away,date/team/opponent/location identity
2481,Tua Tagovailoa,TagoTu00,2020-12-06,MIA,,CIN,QB,MATCHED_CANONICAL_GAME,2020_13_CIN_MIA,2020,13,REG,CIN,MIA,home,date/team/opponent/location identity
2482,Ryan Tannehill,TannRy00,2020-12-06,TEN,,CLE,QB,MATCHED_CANONICAL_GAME,2020_13_CLE_TEN,2020,13,REG,CLE,TEN,home,date/team/opponent/location identity
2483,Mitchell Trubisky,TrubMi00,2020-12-06,CHI,,DET,QB,MATCHED_CANONICAL_GAME,2020_13_DET_CHI,2020,13,REG,DET,CHI,home,date/team/opponent/location identity
2484,Deshaun Watson,WatsDe00,2020-12-06,HOU,,IND,QB,MATCHED_CANONICAL_GAME,2020_13_IND_HOU,2020,13,REG,IND,HOU,home,date/team/opponent/location identity
2485,Carson Wentz,WentCa00,2020-12-06,PHI,@,GNB,QB,MATCHED_CANONICAL_GAME,2020_13_PHI_GB,2020,13,REG,PHI,GB,away,date/team/opponent/location identity
2486,Russell Wilson,WilsRu00,2020-12-06,SEA,,NYG,QB,MATCHED_CANONICAL_GAME,2020_13_NYG_SEA,2020,13,REG,NYG,SEA,home,date/team/opponent/location identity
2487,Robert Griffin III,GrifRo01,2020-12-02,BAL,@,PIT,QB,MATCHED_CANONICAL_GAME,2020_12_BAL_PIT,2020,12,REG,BAL,PIT,away,date/team/opponent/location identity
2488,Ben Roethlisberger,RoetBe00,2020-12-02,PIT,,BAL,QB,MATCHED_CANONICAL_GAME,2020_12_BAL_PIT,2020,12,REG,BAL,PIT,home,date/team/opponent/location identity
2489,Carson Wentz,WentCa00,2020-11-30,PHI,,SEA,QB,MATCHED_CANONICAL_GAME,2020_12_SEA_PHI,2020,12,REG,SEA,PHI,home,date/team/opponent/location identity
2490,Russell Wilson,WilsRu00,2020-11-30,SEA,@,PHI,QB,MATCHED_CANONICAL_GAME,2020_12_SEA_PHI,2020,12,REG,SEA,PHI,away,date/team/opponent/location identity
2491,Brandon Allen,AlleBr00,2020-11-29,CIN,,NYG,QB,MATCHED_CANONICAL_GAME,2020_12_NYG_CIN,2020,12,REG,NYG,CIN,home,date/team/opponent/location identity
2492,Josh Allen,AlleJo02,2020-11-29,BUF,,LAC,QB,MATCHED_CANONICAL_GAME,2020_12_LAC_BUF,2020,12,REG,LAC,BUF,home,date/team/opponent/location identity
2493,Tom Brady,BradTo00,2020-11-29,TAM,,KAN,QB,MATCHED_CANONICAL_GAME,2020_12_KC_TB,2020,12,REG,KC,TB,home,date/team/opponent/location identity
2494,Teddy Bridgewater,BridTe00,2020-11-29,CAR,@,MIN,QB,MATCHED_CANONICAL_GAME,2020_12_CAR_MIN,2020,12,REG,CAR,MIN,away,date/team/opponent/location identity
2495,Derek Carr,CarrDe02,2020-11-29,LVR,@,ATL,QB,MATCHED_CANONICAL_GAME,2020_12_LV_ATL,2020,12,REG,LV,ATL,away,date/team/opponent/location identity
2496,Kirk Cousins,CousKi00,2020-11-29,MIN,,CAR,QB,MATCHED_CANONICAL_GAME,2020_12_CAR_MIN,2020,12,REG,CAR,MIN,home,date/team/opponent/location identity
2497,Sam Darnold,DarnSa00,2020-11-29,NYJ,,MIA,QB,MATCHED_CANONICAL_GAME,2020_12_MIA_NYJ,2020,12,REG,MIA,NYJ,home,date/team/opponent/location identity
2498,Ryan Fitzpatrick,FitzRy00,2020-11-29,MIA,@,NYJ,QB,MATCHED_CANONICAL_GAME,2020_12_MIA_NYJ,2020,12,REG,MIA,NYJ,away,date/team/opponent/location identity
2499,Mike Glennon,GlenMi00,2020-11-29,JAX,,CLE,QB,MATCHED_CANONICAL_GAME,2020_12_CLE_JAX,2020,12,REG,CLE,JAX,home,date/team/opponent/location identity
2500,Jared Goff,GoffJa00,2020-11-29,LAR,,SFO,QB,MATCHED_CANONICAL_GAME,2020_12_SF_LA,2020,12,REG,SF,LAR,home,date/team/opponent/location identity
2501,Justin Herbert,HerbJu00,2020-11-29,LAC,@,BUF,QB,MATCHED_CANONICAL_GAME,2020_12_LAC_BUF,2020,12,REG,LAC,BUF,away,date/team/opponent/location identity
2502,Taysom Hill,HillTa00,2020-11-29,NOR,@,DEN,QB/WR,MATCHED_CANONICAL_GAME,2020_12_NO_DEN,2020,12,REG,NO,DEN,away,date/team/opponent/location identity
2503,Daniel Jones,JoneDa05,2020-11-29,NYG,@,CIN,QB,MATCHED_CANONICAL_GAME,2020_12_NYG_CIN,2020,12,REG,NYG,CIN,away,date/team/opponent/location identity
2504,Patrick Mahomes,MahoPa00,2020-11-29,KAN,@,TAM,QB,MATCHED_CANONICAL_GAME,2020_12_KC_TB,2020,12,REG,KC,TB,away,date/team/opponent/location identity
2505,Baker Mayfield,MayfBa00,2020-11-29,CLE,@,JAX,QB,MATCHED_CANONICAL_GAME,2020_12_CLE_JAX,2020,12,REG,CLE,JAX,away,date/team/opponent/location identity
2506,Nick Mullens,MullNi00,2020-11-29,SFO,@,LAR,QB,MATCHED_CANONICAL_GAME,2020_12_SF_LA,2020,12,REG,SF,LAR,away,date/team/opponent/location identity
2507,Kyler Murray,MurrKy00,2020-11-29,ARI,@,NWE,QB,MATCHED_CANONICAL_GAME,2020_12_ARI_NE,2020,12,REG,ARI,NE,away,date/team/opponent/location identity
2508,Cam Newton,NewtCa00,2020-11-29,NWE,,ARI,QB,MATCHED_CANONICAL_GAME,2020_12_ARI_NE,2020,12,REG,ARI,NE,home,date/team/opponent/location identity
2509,Philip Rivers,RivePh00,2020-11-29,IND,,TEN,QB,MATCHED_CANONICAL_GAME,2020_12_TEN_IND,2020,12,REG,TEN,IND,home,date/team/opponent/location identity
2510,Aaron Rodgers,RodgAa00,2020-11-29,GNB,,CHI,QB,MATCHED_CANONICAL_GAME,2020_12_CHI_GB,2020,12,REG,CHI,GB,home,date/team/opponent/location identity
2511,Matt Ryan,RyanMa00,2020-11-29,ATL,,LVR,QB,MATCHED_CANONICAL_GAME,2020_12_LV_ATL,2020,12,REG,LV,ATL,home,date/team/opponent/location identity
2512,Ryan Tannehill,TannRy00,2020-11-29,TEN,@,IND,QB,MATCHED_CANONICAL_GAME,2020_12_TEN_IND,2020,12,REG,TEN,IND,away,date/team/opponent/location identity
2513,Mitchell Trubisky,TrubMi00,2020-11-29,CHI,@,GNB,QB,MATCHED_CANONICAL_GAME,2020_12_CHI_GB,2020,12,REG,CHI,GB,away,date/team/opponent/location identity
2514,Andy Dalton,DaltAn00,2020-11-26,DAL,,WAS,QB,MATCHED_CANONICAL_GAME,2020_12_WAS_DAL,2020,12,REG,WAS,DAL,home,date/team/opponent/location identity
2515,Alex Smith,SmitAl03,2020-11-26,WAS,@,DAL,QB,MATCHED_CANONICAL_GAME,2020_12_WAS_DAL,2020,12,REG,WAS,DAL,away,date/team/opponent/location identity
2516,Matthew Stafford,StafMa00,2020-11-26,DET,,HOU,QB,MATCHED_CANONICAL_GAME,2020_12_HOU_DET,2020,12,REG,HOU,DET,home,date/team/opponent/location identity
2517,Deshaun Watson,WatsDe00,2020-11-26,HOU,@,DET,QB,MATCHED_CANONICAL_GAME,2020_12_HOU_DET,2020,12,REG,HOU,DET,away,date/team/opponent/location identity
2518,Tom Brady,BradTo00,2020-11-23,TAM,,LAR,QB,MATCHED_CANONICAL_GAME,2020_11_LA_TB,2020,11,REG,LAR,TB,home,date/team/opponent/location identity
2519,Jared Goff,GoffJa00,2020-11-23,LAR,@,TAM,QB,MATCHED_CANONICAL_GAME,2020_11_LA_TB,2020,11,REG,LAR,TB,away,date/team/opponent/location identity
2520,Joe Burrow,BurrJo01,2020-11-22,CIN,@,WAS,QB,MATCHED_CANONICAL_GAME,2020_11_CIN_WAS,2020,11,REG,CIN,WAS,away,date/team/opponent/location identity
2521,Derek Carr,CarrDe02,2020-11-22,LVR,,KAN,QB,MATCHED_CANONICAL_GAME,2020_11_KC_LV,2020,11,REG,KC,LV,home,date/team/opponent/location identity
2522,Kirk Cousins,CousKi00,2020-11-22,MIN,,DAL,QB,MATCHED_CANONICAL_GAME,2020_11_DAL_MIN,2020,11,REG,DAL,MIN,home,date/team/opponent/location identity
2523,Andy Dalton,DaltAn00,2020-11-22,DAL,@,MIN,QB,MATCHED_CANONICAL_GAME,2020_11_DAL_MIN,2020,11,REG,DAL,MIN,away,date/team/opponent/location identity
2524,Joe Flacco,FlacJo00,2020-11-22,NYJ,@,LAC,QB,MATCHED_CANONICAL_GAME,2020_11_NYJ_LAC,2020,11,REG,NYJ,LAC,away,date/team/opponent/location identity
2525,Justin Herbert,HerbJu00,2020-11-22,LAC,,NYJ,QB,MATCHED_CANONICAL_GAME,2020_11_NYJ_LAC,2020,11,REG,NYJ,LAC,home,date/team/opponent/location identity
2526,Taysom Hill,HillTa00,2020-11-22,NOR,,ATL,QB/WR,MATCHED_CANONICAL_GAME,2020_11_ATL_NO,2020,11,REG,ATL,NO,home,date/team/opponent/location identity
2527,Lamar Jackson,JackLa00,2020-11-22,BAL,,TEN,QB,MATCHED_CANONICAL_GAME,2020_11_TEN_BAL,2020,11,REG,TEN,BAL,home,date/team/opponent/location identity
2528,Drew Lock,LockDr00,2020-11-22,DEN,,MIA,QB,MATCHED_CANONICAL_GAME,2020_11_MIA_DEN,2020,11,REG,MIA,DEN,home,date/team/opponent/location identity
2529,Jake Luton,LutoJa00,2020-11-22,JAX,,PIT,QB,MATCHED_CANONICAL_GAME,2020_11_PIT_JAX,2020,11,REG,PIT,JAX,home,date/team/opponent/location identity
2530,Patrick Mahomes,MahoPa00,2020-11-22,KAN,@,LVR,QB,MATCHED_CANONICAL_GAME,2020_11_KC_LV,2020,11,REG,KC,LV,away,date/team/opponent/location identity
2531,Baker Mayfield,MayfBa00,2020-11-22,CLE,,PHI,QB,MATCHED_CANONICAL_GAME,2020_11_PHI_CLE,2020,11,REG,PHI,CLE,home,date/team/opponent/location identity
2532,Cam Newton,NewtCa00,2020-11-22,NWE,@,HOU,QB,MATCHED_CANONICAL_GAME,2020_11_NE_HOU,2020,11,REG,NE,HOU,away,date/team/opponent/location identity
2533,Philip Rivers,RivePh00,2020-11-22,IND,,GNB,QB,MATCHED_CANONICAL_GAME,2020_11_GB_IND,2020,11,REG,GB,IND,home,date/team/opponent/location identity
2534,Aaron Rodgers,RodgAa00,2020-11-22,GNB,@,IND,QB,MATCHED_CANONICAL_GAME,2020_11_GB_IND,2020,11,REG,GB,IND,away,date/team/opponent/location identity
2535,Ben Roethlisberger,RoetBe00,2020-11-22,PIT,@,JAX,QB,MATCHED_CANONICAL_GAME,2020_11_PIT_JAX,2020,11,REG,PIT,JAX,away,date/team/opponent/location identity
2536,Matt Ryan,RyanMa00,2020-11-22,ATL,@,NOR,QB,MATCHED_CANONICAL_GAME,2020_11_ATL_NO,2020,11,REG,ATL,NO,away,date/team/opponent/location identity
2537,Alex Smith,SmitAl03,2020-11-22,WAS,,CIN,QB,MATCHED_CANONICAL_GAME,2020_11_CIN_WAS,2020,11,REG,CIN,WAS,home,date/team/opponent/location identity
2538,Matthew Stafford,StafMa00,2020-11-22,DET,@,CAR,QB,MATCHED_CANONICAL_GAME,2020_11_DET_CAR,2020,11,REG,DET,CAR,away,date/team/opponent/location identity
2539,Tua Tagovailoa,TagoTu00,2020-11-22,MIA,@,DEN,QB,MATCHED_CANONICAL_GAME,2020_11_MIA_DEN,2020,11,REG,MIA,DEN,away,date/team/opponent/location identity
2540,Ryan Tannehill,TannRy00,2020-11-22,TEN,@,BAL,QB,MATCHED_CANONICAL_GAME,2020_11_TEN_BAL,2020,11,REG,TEN,BAL,away,date/team/opponent/location identity
2541,P.J. Walker,WalkPh00,2020-11-22,CAR,,DET,QB,MATCHED_CANONICAL_GAME,2020_11_DET_CAR,2020,11,REG,DET,CAR,home,date/team/opponent/location identity
2542,Deshaun Watson,WatsDe00,2020-11-22,HOU,,NWE,QB,MATCHED_CANONICAL_GAME,2020_11_NE_HOU,2020,11,REG,NE,HOU,home,date/team/opponent/location identity
2543,Carson Wentz,WentCa00,2020-11-22,PHI,@,CLE,QB,MATCHED_CANONICAL_GAME,2020_11_PHI_CLE,2020,11,REG,PHI,CLE,away,date/team/opponent/location identity
2544,Kyler Murray,MurrKy00,2020-11-19,ARI,@,SEA,QB,MATCHED_CANONICAL_GAME,2020_11_ARI_SEA,2020,11,REG,ARI,SEA,away,date/team/opponent/location identity
2545,Russell Wilson,WilsRu00,2020-11-19,SEA,,ARI,QB,MATCHED_CANONICAL_GAME,2020_11_ARI_SEA,2020,11,REG,ARI,SEA,home,date/team/opponent/location identity
2546,Kirk Cousins,CousKi00,2020-11-16,MIN,@,CHI,QB,MATCHED_CANONICAL_GAME,2020_10_MIN_CHI,2020,10,REG,MIN,CHI,away,date/team/opponent/location identity
2547,Nick Foles,FoleNi00,2020-11-16,CHI,,MIN,QB,MATCHED_CANONICAL_GAME,2020_10_MIN_CHI,2020,10,REG,MIN,CHI,home,date/team/opponent/location identity
2548,Josh Allen,AlleJo02,2020-11-15,BUF,@,ARI,QB,MATCHED_CANONICAL_GAME,2020_10_BUF_ARI,2020,10,REG,BUF,ARI,away,date/team/opponent/location identity
2549,Tom Brady,BradTo00,2020-11-15,TAM,@,CAR,QB,MATCHED_CANONICAL_GAME,2020_10_TB_CAR,2020,10,REG,TB,CAR,away,date/team/opponent/location identity
2550,Drew Brees,BreeDr00,2020-11-15,NOR,,SFO,QB,MATCHED_CANONICAL_GAME,2020_10_SF_NO,2020,10,REG,SF,NO,home,date/team/opponent/location identity
2551,Teddy Bridgewater,BridTe00,2020-11-15,CAR,,TAM,QB,MATCHED_CANONICAL_GAME,2020_10_TB_CAR,2020,10,REG,TB,CAR,home,date/team/opponent/location identity
2552,Joe Burrow,BurrJo01,2020-11-15,CIN,@,PIT,QB,MATCHED_CANONICAL_GAME,2020_10_CIN_PIT,2020,10,REG,CIN,PIT,away,date/team/opponent/location identity
2553,Derek Carr,CarrDe02,2020-11-15,LVR,,DEN,QB,MATCHED_CANONICAL_GAME,2020_10_DEN_LV,2020,10,REG,DEN,LV,home,date/team/opponent/location identity
2554,Jared Goff,GoffJa00,2020-11-15,LAR,,SEA,QB,MATCHED_CANONICAL_GAME,2020_10_SEA_LA,2020,10,REG,SEA,LAR,home,date/team/opponent/location identity
2555,Justin Herbert,HerbJu00,2020-11-15,LAC,@,MIA,QB,MATCHED_CANONICAL_GAME,2020_10_LAC_MIA,2020,10,REG,LAC,MIA,away,date/team/opponent/location identity
2556,Taysom Hill,HillTa00,2020-11-15,NOR,,SFO,QB/WR,MATCHED_CANONICAL_GAME,2020_10_SF_NO,2020,10,REG,SF,NO,home,date/team/opponent/location identity
2557,Lamar Jackson,JackLa00,2020-11-15,BAL,@,NWE,QB,MATCHED_CANONICAL_GAME,2020_10_BAL_NE,2020,10,REG,BAL,NE,away,date/team/opponent/location identity
2558,Daniel Jones,JoneDa05,2020-11-15,NYG,,PHI,QB,MATCHED_CANONICAL_GAME,2020_10_PHI_NYG,2020,10,REG,PHI,NYG,home,date/team/opponent/location identity
2559,Drew Lock,LockDr00,2020-11-15,DEN,@,LVR,QB,MATCHED_CANONICAL_GAME,2020_10_DEN_LV,2020,10,REG,DEN,LV,away,date/team/opponent/location identity
2560,Jake Luton,LutoJa00,2020-11-15,JAX,@,GNB,QB,MATCHED_CANONICAL_GAME,2020_10_JAX_GB,2020,10,REG,JAX,GB,away,date/team/opponent/location identity
2561,Baker Mayfield,MayfBa00,2020-11-15,CLE,,HOU,QB,MATCHED_CANONICAL_GAME,2020_10_HOU_CLE,2020,10,REG,HOU,CLE,home,date/team/opponent/location identity
2562,Nick Mullens,MullNi00,2020-11-15,SFO,@,NOR,QB,MATCHED_CANONICAL_GAME,2020_10_SF_NO,2020,10,REG,SF,NO,away,date/team/opponent/location identity
2563,Kyler Murray,MurrKy00,2020-11-15,ARI,,BUF,QB,MATCHED_CANONICAL_GAME,2020_10_BUF_ARI,2020,10,REG,BUF,ARI,home,date/team/opponent/location identity
2564,Cam Newton,NewtCa00,2020-11-15,NWE,,BAL,QB,MATCHED_CANONICAL_GAME,2020_10_BAL_NE,2020,10,REG,BAL,NE,home,date/team/opponent/location identity
2565,Aaron Rodgers,RodgAa00,2020-11-15,GNB,,JAX,QB,MATCHED_CANONICAL_GAME,2020_10_JAX_GB,2020,10,REG,JAX,GB,home,date/team/opponent/location identity
2566,Ben Roethlisberger,RoetBe00,2020-11-15,PIT,,CIN,QB,MATCHED_CANONICAL_GAME,2020_10_CIN_PIT,2020,10,REG,CIN,PIT,home,date/team/opponent/location identity
2567,Alex Smith,SmitAl03,2020-11-15,WAS,@,DET,QB,MATCHED_CANONICAL_GAME,2020_10_WAS_DET,2020,10,REG,WAS,DET,away,date/team/opponent/location identity
2568,Matthew Stafford,StafMa00,2020-11-15,DET,,WAS,QB,MATCHED_CANONICAL_GAME,2020_10_WAS_DET,2020,10,REG,WAS,DET,home,date/team/opponent/location identity
2569,Tua Tagovailoa,TagoTu00,2020-11-15,MIA,,LAC,QB,MATCHED_CANONICAL_GAME,2020_10_LAC_MIA,2020,10,REG,LAC,MIA,home,date/team/opponent/location identity
2570,Deshaun Watson,WatsDe00,2020-11-15,HOU,@,CLE,QB,MATCHED_CANONICAL_GAME,2020_10_HOU_CLE,2020,10,REG,HOU,CLE,away,date/team/opponent/location identity
2571,Carson Wentz,WentCa00,2020-11-15,PHI,@,NYG,QB,MATCHED_CANONICAL_GAME,2020_10_PHI_NYG,2020,10,REG,PHI,NYG,away,date/team/opponent/location identity
2572,Russell Wilson,WilsRu00,2020-11-15,SEA,@,LAR,QB,MATCHED_CANONICAL_GAME,2020_10_SEA_LA,2020,10,REG,SEA,LAR,away,date/team/opponent/location identity
2573,Philip Rivers,RivePh00,2020-11-12,IND,@,TEN,QB,MATCHED_CANONICAL_GAME,2020_10_IND_TEN,2020,10,REG,IND,TEN,away,date/team/opponent/location identity
2574,Ryan Tannehill,TannRy00,2020-11-12,TEN,,IND,QB,MATCHED_CANONICAL_GAME,2020_10_IND_TEN,2020,10,REG,IND,TEN,home,date/team/opponent/location identity
2575,Joe Flacco,FlacJo00,2020-11-09,NYJ,,NWE,QB,MATCHED_CANONICAL_GAME,2020_09_NE_NYJ,2020,9,REG,NE,NYJ,home,date/team/opponent/location identity
2576,Cam Newton,NewtCa00,2020-11-09,NWE,@,NYJ,QB,MATCHED_CANONICAL_GAME,2020_09_NE_NYJ,2020,9,REG,NE,NYJ,away,date/team/opponent/location identity
2577,Josh Allen,AlleJo02,2020-11-08,BUF,,SEA,QB,MATCHED_CANONICAL_GAME,2020_09_SEA_BUF,2020,9,REG,SEA,BUF,home,date/team/opponent/location identity
2578,Kyle Allen,AlleKy00,2020-11-08,WAS,,NYG,QB,MATCHED_CANONICAL_GAME,2020_09_NYG_WAS,2020,9,REG,NYG,WAS,home,date/team/opponent/location identity
2579,Tom Brady,BradTo00,2020-11-08,TAM,,NOR,QB,MATCHED_CANONICAL_GAME,2020_09_NO_TB,2020,9,REG,NO,TB,home,date/team/opponent/location identity
2580,Drew Brees,BreeDr00,2020-11-08,NOR,@,TAM,QB,MATCHED_CANONICAL_GAME,2020_09_NO_TB,2020,9,REG,NO,TB,away,date/team/opponent/location identity
2581,Teddy Bridgewater,BridTe00,2020-11-08,CAR,@,KAN,QB,MATCHED_CANONICAL_GAME,2020_09_CAR_KC,2020,9,REG,CAR,KC,away,date/team/opponent/location identity
2582,Derek Carr,CarrDe02,2020-11-08,LVR,@,LAC,QB,MATCHED_CANONICAL_GAME,2020_09_LV_LAC,2020,9,REG,LV,LAC,away,date/team/opponent/location identity
2583,Kirk Cousins,CousKi00,2020-11-08,MIN,,DET,QB,MATCHED_CANONICAL_GAME,2020_09_DET_MIN,2020,9,REG,DET,MIN,home,date/team/opponent/location identity
2584,Nick Foles,FoleNi00,2020-11-08,CHI,@,TEN,QB,MATCHED_CANONICAL_GAME,2020_09_CHI_TEN,2020,9,REG,CHI,TEN,away,date/team/opponent/location identity
2585,Garrett Gilbert,GilbGa01,2020-11-08,DAL,,PIT,QB,MATCHED_CANONICAL_GAME,2020_09_PIT_DAL,2020,9,REG,PIT,DAL,home,date/team/opponent/location identity
2586,Justin Herbert,HerbJu00,2020-11-08,LAC,,LVR,QB,MATCHED_CANONICAL_GAME,2020_09_LV_LAC,2020,9,REG,LV,LAC,home,date/team/opponent/location identity
2587,Lamar Jackson,JackLa00,2020-11-08,BAL,@,IND,QB,MATCHED_CANONICAL_GAME,2020_09_BAL_IND,2020,9,REG,BAL,IND,away,date/team/opponent/location identity
2588,Daniel Jones,JoneDa05,2020-11-08,NYG,@,WAS,QB,MATCHED_CANONICAL_GAME,2020_09_NYG_WAS,2020,9,REG,NYG,WAS,away,date/team/opponent/location identity
2589,Drew Lock,LockDr00,2020-11-08,DEN,@,ATL,QB,MATCHED_CANONICAL_GAME,2020_09_DEN_ATL,2020,9,REG,DEN,ATL,away,date/team/opponent/location identity
2590,Jake Luton,LutoJa00,2020-11-08,JAX,,HOU,QB,MATCHED_CANONICAL_GAME,2020_09_HOU_JAX,2020,9,REG,HOU,JAX,home,date/team/opponent/location identity
2591,Patrick Mahomes,MahoPa00,2020-11-08,KAN,,CAR,QB,MATCHED_CANONICAL_GAME,2020_09_CAR_KC,2020,9,REG,CAR,KC,home,date/team/opponent/location identity
2592,Kyler Murray,MurrKy00,2020-11-08,ARI,,MIA,QB,MATCHED_CANONICAL_GAME,2020_09_MIA_ARI,2020,9,REG,MIA,ARI,home,date/team/opponent/location identity
2593,Philip Rivers,RivePh00,2020-11-08,IND,,BAL,QB,MATCHED_CANONICAL_GAME,2020_09_BAL_IND,2020,9,REG,BAL,IND,home,date/team/opponent/location identity
2594,Ben Roethlisberger,RoetBe00,2020-11-08,PIT,@,DAL,QB,MATCHED_CANONICAL_GAME,2020_09_PIT_DAL,2020,9,REG,PIT,DAL,away,date/team/opponent/location identity
2595,Matt Ryan,RyanMa00,2020-11-08,ATL,,DEN,QB,MATCHED_CANONICAL_GAME,2020_09_DEN_ATL,2020,9,REG,DEN,ATL,home,date/team/opponent/location identity
2596,Matthew Stafford,StafMa00,2020-11-08,DET,@,MIN,QB,MATCHED_CANONICAL_GAME,2020_09_DET_MIN,2020,9,REG,DET,MIN,away,date/team/opponent/location identity
2597,Tua Tagovailoa,TagoTu00,2020-11-08,MIA,@,ARI,QB,MATCHED_CANONICAL_GAME,2020_09_MIA_ARI,2020,9,REG,MIA,ARI,away,date/team/opponent/location identity
2598,Ryan Tannehill,TannRy00,2020-11-08,TEN,,CHI,QB,MATCHED_CANONICAL_GAME,2020_09_CHI_TEN,2020,9,REG,CHI,TEN,home,date/team/opponent/location identity
2599,Deshaun Watson,WatsDe00,2020-11-08,HOU,@,JAX,QB,MATCHED_CANONICAL_GAME,2020_09_HOU_JAX,2020,9,REG,HOU,JAX,away,date/team/opponent/location identity
2600,Russell Wilson,WilsRu00,2020-11-08,SEA,@,BUF,QB,MATCHED_CANONICAL_GAME,2020_09_SEA_BUF,2020,9,REG,SEA,BUF,away,date/team/opponent/location identity
2601,Nick Mullens,MullNi00,2020-11-05,SFO,,GNB,QB,MATCHED_CANONICAL_GAME,2020_09_GB_SF,2020,9,REG,GB,SF,home,date/team/opponent/location identity
2602,Aaron Rodgers,RodgAa00,2020-11-05,GNB,@,SFO,QB,MATCHED_CANONICAL_GAME,2020_09_GB_SF,2020,9,REG,GB,SF,away,date/team/opponent/location identity
2603,Tom Brady,BradTo00,2020-11-02,TAM,@,NYG,QB,MATCHED_CANONICAL_GAME,2020_08_TB_NYG,2020,8,REG,TB,NYG,away,date/team/opponent/location identity
2604,Daniel Jones,JoneDa05,2020-11-02,NYG,,TAM,QB,MATCHED_CANONICAL_GAME,2020_08_TB_NYG,2020,8,REG,TB,NYG,home,date/team/opponent/location identity
2605,Josh Allen,AlleJo02,2020-11-01,BUF,,NWE,QB,MATCHED_CANONICAL_GAME,2020_08_NE_BUF,2020,8,REG,NE,BUF,home,date/team/opponent/location identity
2606,Drew Brees,BreeDr00,2020-11-01,NOR,@,CHI,QB,MATCHED_CANONICAL_GAME,2020_08_NO_CHI,2020,8,REG,NO,CHI,away,date/team/opponent/location identity
2607,Joe Burrow,BurrJo01,2020-11-01,CIN,,TEN,QB,MATCHED_CANONICAL_GAME,2020_08_TEN_CIN,2020,8,REG,TEN,CIN,home,date/team/opponent/location identity
2608,Derek Carr,CarrDe02,2020-11-01,LVR,@,CLE,QB,MATCHED_CANONICAL_GAME,2020_08_LV_CLE,2020,8,REG,LV,CLE,away,date/team/opponent/location identity
2609,Kirk Cousins,CousKi00,2020-11-01,MIN,@,GNB,QB,MATCHED_CANONICAL_GAME,2020_08_MIN_GB,2020,8,REG,MIN,GB,away,date/team/opponent/location identity
2610,Sam Darnold,DarnSa00,2020-11-01,NYJ,@,KAN,QB,MATCHED_CANONICAL_GAME,2020_08_NYJ_KC,2020,8,REG,NYJ,KC,away,date/team/opponent/location identity
2611,Ben DiNucci,DiNuBe00,2020-11-01,DAL,@,PHI,QB,MATCHED_CANONICAL_GAME,2020_08_DAL_PHI,2020,8,REG,DAL,PHI,away,date/team/opponent/location identity
2612,Nick Foles,FoleNi00,2020-11-01,CHI,,NOR,QB,MATCHED_CANONICAL_GAME,2020_08_NO_CHI,2020,8,REG,NO,CHI,home,date/team/opponent/location identity
2613,Jimmy Garoppolo,GaroJi00,2020-11-01,SFO,@,SEA,QB,MATCHED_CANONICAL_GAME,2020_08_SF_SEA,2020,8,REG,SF,SEA,away,date/team/opponent/location identity
2614,Jared Goff,GoffJa00,2020-11-01,LAR,@,MIA,QB,MATCHED_CANONICAL_GAME,2020_08_LA_MIA,2020,8,REG,LAR,MIA,away,date/team/opponent/location identity
2615,Justin Herbert,HerbJu00,2020-11-01,LAC,@,DEN,QB,MATCHED_CANONICAL_GAME,2020_08_LAC_DEN,2020,8,REG,LAC,DEN,away,date/team/opponent/location identity
2616,Lamar Jackson,JackLa00,2020-11-01,BAL,,PIT,QB,MATCHED_CANONICAL_GAME,2020_08_PIT_BAL,2020,8,REG,PIT,BAL,home,date/team/opponent/location identity
2617,Drew Lock,LockDr00,2020-11-01,DEN,,LAC,QB,MATCHED_CANONICAL_GAME,2020_08_LAC_DEN,2020,8,REG,LAC,DEN,home,date/team/opponent/location identity
2618,Patrick Mahomes,MahoPa00,2020-11-01,KAN,,NYJ,QB,MATCHED_CANONICAL_GAME,2020_08_NYJ_KC,2020,8,REG,NYJ,KC,home,date/team/opponent/location identity
2619,Baker Mayfield,MayfBa00,2020-11-01,CLE,,LVR,QB,MATCHED_CANONICAL_GAME,2020_08_LV_CLE,2020,8,REG,LV,CLE,home,date/team/opponent/location identity
2620,Cam Newton,NewtCa00,2020-11-01,NWE,@,BUF,QB,MATCHED_CANONICAL_GAME,2020_08_NE_BUF,2020,8,REG,NE,BUF,away,date/team/opponent/location identity
2621,Philip Rivers,RivePh00,2020-11-01,IND,@,DET,QB,MATCHED_CANONICAL_GAME,2020_08_IND_DET,2020,8,REG,IND,DET,away,date/team/opponent/location identity
2622,Aaron Rodgers,RodgAa00,2020-11-01,GNB,,MIN,QB,MATCHED_CANONICAL_GAME,2020_08_MIN_GB,2020,8,REG,MIN,GB,home,date/team/opponent/location identity
2623,Ben Roethlisberger,RoetBe00,2020-11-01,PIT,@,BAL,QB,MATCHED_CANONICAL_GAME,2020_08_PIT_BAL,2020,8,REG,PIT,BAL,away,date/team/opponent/location identity
2624,Matthew Stafford,StafMa00,2020-11-01,DET,,IND,QB,MATCHED_CANONICAL_GAME,2020_08_IND_DET,2020,8,REG,IND,DET,home,date/team/opponent/location identity
2625,Tua Tagovailoa,TagoTu00,2020-11-01,MIA,,LAR,QB,MATCHED_CANONICAL_GAME,2020_08_LA_MIA,2020,8,REG,LAR,MIA,home,date/team/opponent/location identity
2626,Ryan Tannehill,TannRy00,2020-11-01,TEN,@,CIN,QB,MATCHED_CANONICAL_GAME,2020_08_TEN_CIN,2020,8,REG,TEN,CIN,away,date/team/opponent/location identity
2627,Carson Wentz,WentCa00,2020-11-01,PHI,,DAL,QB,MATCHED_CANONICAL_GAME,2020_08_DAL_PHI,2020,8,REG,DAL,PHI,home,date/team/opponent/location identity
2628,Russell Wilson,WilsRu00,2020-11-01,SEA,,SFO,QB,MATCHED_CANONICAL_GAME,2020_08_SF_SEA,2020,8,REG,SF,SEA,home,date/team/opponent/location identity
2629,Teddy Bridgewater,BridTe00,2020-10-29,CAR,,ATL,QB,MATCHED_CANONICAL_GAME,2020_08_ATL_CAR,2020,8,REG,ATL,CAR,home,date/team/opponent/location identity
2630,Matt Ryan,RyanMa00,2020-10-29,ATL,@,CAR,QB,MATCHED_CANONICAL_GAME,2020_08_ATL_CAR,2020,8,REG,ATL,CAR,away,date/team/opponent/location identity
2631,Nick Foles,FoleNi00,2020-10-26,CHI,@,LAR,QB,MATCHED_CANONICAL_GAME,2020_07_CHI_LA,2020,7,REG,CHI,LAR,away,date/team/opponent/location identity
2632,Jared Goff,GoffJa00,2020-10-26,LAR,,CHI,QB,MATCHED_CANONICAL_GAME,2020_07_CHI_LA,2020,7,REG,CHI,LAR,home,date/team/opponent/location identity
2633,Josh Allen,AlleJo02,2020-10-25,BUF,@,NYJ,QB,MATCHED_CANONICAL_GAME,2020_07_BUF_NYJ,2020,7,REG,BUF,NYJ,away,date/team/opponent/location identity
2634,Kyle Allen,AlleKy00,2020-10-25,WAS,,DAL,QB,MATCHED_CANONICAL_GAME,2020_07_DAL_WAS,2020,7,REG,DAL,WAS,home,date/team/opponent/location identity
2635,Tom Brady,BradTo00,2020-10-25,TAM,@,LVR,QB,MATCHED_CANONICAL_GAME,2020_07_TB_LV,2020,7,REG,TB,LV,away,date/team/opponent/location identity
2636,Drew Brees,BreeDr00,2020-10-25,NOR,,CAR,QB,MATCHED_CANONICAL_GAME,2020_07_CAR_NO,2020,7,REG,CAR,NO,home,date/team/opponent/location identity
2637,Teddy Bridgewater,BridTe00,2020-10-25,CAR,@,NOR,QB,MATCHED_CANONICAL_GAME,2020_07_CAR_NO,2020,7,REG,CAR,NO,away,date/team/opponent/location identity
2638,Joe Burrow,BurrJo01,2020-10-25,CIN,,CLE,QB,MATCHED_CANONICAL_GAME,2020_07_CLE_CIN,2020,7,REG,CLE,CIN,home,date/team/opponent/location identity
2639,Derek Carr,CarrDe02,2020-10-25,LVR,,TAM,QB,MATCHED_CANONICAL_GAME,2020_07_TB_LV,2020,7,REG,TB,LV,home,date/team/opponent/location identity
2640,Andy Dalton,DaltAn00,2020-10-25,DAL,@,WAS,QB,MATCHED_CANONICAL_GAME,2020_07_DAL_WAS,2020,7,REG,DAL,WAS,away,date/team/opponent/location identity
2641,Sam Darnold,DarnSa00,2020-10-25,NYJ,,BUF,QB,MATCHED_CANONICAL_GAME,2020_07_BUF_NYJ,2020,7,REG,BUF,NYJ,home,date/team/opponent/location identity
2642,Jimmy Garoppolo,GaroJi00,2020-10-25,SFO,@,NWE,QB,MATCHED_CANONICAL_GAME,2020_07_SF_NE,2020,7,REG,SF,NE,away,date/team/opponent/location identity
2643,Justin Herbert,HerbJu00,2020-10-25,LAC,,JAX,QB,MATCHED_CANONICAL_GAME,2020_07_JAX_LAC,2020,7,REG,JAX,LAC,home,date/team/opponent/location identity
2644,Taysom Hill,HillTa00,2020-10-25,NOR,,CAR,QB/WR,MATCHED_CANONICAL_GAME,2020_07_CAR_NO,2020,7,REG,CAR,NO,home,date/team/opponent/location identity
2645,Drew Lock,LockDr00,2020-10-25,DEN,,KAN,QB,MATCHED_CANONICAL_GAME,2020_07_KC_DEN,2020,7,REG,KC,DEN,home,date/team/opponent/location identity
2646,Patrick Mahomes,MahoPa00,2020-10-25,KAN,@,DEN,QB,MATCHED_CANONICAL_GAME,2020_07_KC_DEN,2020,7,REG,KC,DEN,away,date/team/opponent/location identity
2647,Baker Mayfield,MayfBa00,2020-10-25,CLE,@,CIN,QB,MATCHED_CANONICAL_GAME,2020_07_CLE_CIN,2020,7,REG,CLE,CIN,away,date/team/opponent/location identity
2648,Gardner Minshew II,MinsGa00,2020-10-25,JAX,@,LAC,QB,MATCHED_CANONICAL_GAME,2020_07_JAX_LAC,2020,7,REG,JAX,LAC,away,date/team/opponent/location identity
2649,Kyler Murray,MurrKy00,2020-10-25,ARI,,SEA,QB,MATCHED_CANONICAL_GAME,2020_07_SEA_ARI,2020,7,REG,SEA,ARI,home,date/team/opponent/location identity
2650,Cam Newton,NewtCa00,2020-10-25,NWE,,SFO,QB,MATCHED_CANONICAL_GAME,2020_07_SF_NE,2020,7,REG,SF,NE,home,date/team/opponent/location identity
2651,Aaron Rodgers,RodgAa00,2020-10-25,GNB,@,HOU,QB,MATCHED_CANONICAL_GAME,2020_07_GB_HOU,2020,7,REG,GB,HOU,away,date/team/opponent/location identity
2652,Ben Roethlisberger,RoetBe00,2020-10-25,PIT,@,TEN,QB,MATCHED_CANONICAL_GAME,2020_07_PIT_TEN,2020,7,REG,PIT,TEN,away,date/team/opponent/location identity
2653,Matt Ryan,RyanMa00,2020-10-25,ATL,,DET,QB,MATCHED_CANONICAL_GAME,2020_07_DET_ATL,2020,7,REG,DET,ATL,home,date/team/opponent/location identity
2654,Matthew Stafford,StafMa00,2020-10-25,DET,@,ATL,QB,MATCHED_CANONICAL_GAME,2020_07_DET_ATL,2020,7,REG,DET,ATL,away,date/team/opponent/location identity
2655,Ryan Tannehill,TannRy00,2020-10-25,TEN,,PIT,QB,MATCHED_CANONICAL_GAME,2020_07_PIT_TEN,2020,7,REG,PIT,TEN,home,date/team/opponent/location identity
2656,Deshaun Watson,WatsDe00,2020-10-25,HOU,,GNB,QB,MATCHED_CANONICAL_GAME,2020_07_GB_HOU,2020,7,REG,GB,HOU,home,date/team/opponent/location identity
2657,Russell Wilson,WilsRu00,2020-10-25,SEA,@,ARI,QB,MATCHED_CANONICAL_GAME,2020_07_SEA_ARI,2020,7,REG,SEA,ARI,away,date/team/opponent/location identity
2658,Daniel Jones,JoneDa05,2020-10-22,NYG,@,PHI,QB,MATCHED_CANONICAL_GAME,2020_07_NYG_PHI,2020,7,REG,NYG,PHI,away,date/team/opponent/location identity
2659,Carson Wentz,WentCa00,2020-10-22,PHI,,NYG,QB,MATCHED_CANONICAL_GAME,2020_07_NYG_PHI,2020,7,REG,NYG,PHI,home,date/team/opponent/location identity
2660,Josh Allen,AlleJo02,2020-10-19,BUF,,KAN,QB,MATCHED_CANONICAL_GAME,2020_06_KC_BUF,2020,6,REG,KC,BUF,home,date/team/opponent/location identity
2661,Andy Dalton,DaltAn00,2020-10-19,DAL,,ARI,QB,MATCHED_CANONICAL_GAME,2020_06_ARI_DAL,2020,6,REG,ARI,DAL,home,date/team/opponent/location identity
2662,Patrick Mahomes,MahoPa00,2020-10-19,KAN,@,BUF,QB,MATCHED_CANONICAL_GAME,2020_06_KC_BUF,2020,6,REG,KC,BUF,away,date/team/opponent/location identity
2663,Kyler Murray,MurrKy00,2020-10-19,ARI,@,DAL,QB,MATCHED_CANONICAL_GAME,2020_06_ARI_DAL,2020,6,REG,ARI,DAL,away,date/team/opponent/location identity
2664,Kyle Allen,AlleKy00,2020-10-18,WAS,@,NYG,QB,MATCHED_CANONICAL_GAME,2020_06_WAS_NYG,2020,6,REG,WAS,NYG,away,date/team/opponent/location identity
2665,Tom Brady,BradTo00,2020-10-18,TAM,,GNB,QB,MATCHED_CANONICAL_GAME,2020_06_GB_TB,2020,6,REG,GB,TB,home,date/team/opponent/location identity
2666,Teddy Bridgewater,BridTe00,2020-10-18,CAR,,CHI,QB,MATCHED_CANONICAL_GAME,2020_06_CHI_CAR,2020,6,REG,CHI,CAR,home,date/team/opponent/location identity
2667,Joe Burrow,BurrJo01,2020-10-18,CIN,@,IND,QB,MATCHED_CANONICAL_GAME,2020_06_CIN_IND,2020,6,REG,CIN,IND,away,date/team/opponent/location identity
2668,Kirk Cousins,CousKi00,2020-10-18,MIN,,ATL,QB,MATCHED_CANONICAL_GAME,2020_06_ATL_MIN,2020,6,REG,ATL,MIN,home,date/team/opponent/location identity
2669,Ryan Fitzpatrick,FitzRy00,2020-10-18,MIA,,NYJ,QB,MATCHED_CANONICAL_GAME,2020_06_NYJ_MIA,2020,6,REG,NYJ,MIA,home,date/team/opponent/location identity
2670,Joe Flacco,FlacJo00,2020-10-18,NYJ,@,MIA,QB,MATCHED_CANONICAL_GAME,2020_06_NYJ_MIA,2020,6,REG,NYJ,MIA,away,date/team/opponent/location identity
2671,Nick Foles,FoleNi00,2020-10-18,CHI,@,CAR,QB,MATCHED_CANONICAL_GAME,2020_06_CHI_CAR,2020,6,REG,CHI,CAR,away,date/team/opponent/location identity
2672,Jimmy Garoppolo,GaroJi00,2020-10-18,SFO,,LAR,QB,MATCHED_CANONICAL_GAME,2020_06_LA_SF,2020,6,REG,LAR,SF,home,date/team/opponent/location identity
2673,Jared Goff,GoffJa00,2020-10-18,LAR,@,SFO,QB,MATCHED_CANONICAL_GAME,2020_06_LA_SF,2020,6,REG,LAR,SF,away,date/team/opponent/location identity
2674,Lamar Jackson,JackLa00,2020-10-18,BAL,@,PHI,QB,MATCHED_CANONICAL_GAME,2020_06_BAL_PHI,2020,6,REG,BAL,PHI,away,date/team/opponent/location identity
2675,Daniel Jones,JoneDa05,2020-10-18,NYG,,WAS,QB,MATCHED_CANONICAL_GAME,2020_06_WAS_NYG,2020,6,REG,WAS,NYG,home,date/team/opponent/location identity
2676,Drew Lock,LockDr00,2020-10-18,DEN,@,NWE,QB,MATCHED_CANONICAL_GAME,2020_06_DEN_NE,2020,6,REG,DEN,NE,away,date/team/opponent/location identity
2677,Baker Mayfield,MayfBa00,2020-10-18,CLE,@,PIT,QB,MATCHED_CANONICAL_GAME,2020_06_CLE_PIT,2020,6,REG,CLE,PIT,away,date/team/opponent/location identity
2678,Gardner Minshew II,MinsGa00,2020-10-18,JAX,,DET,QB,MATCHED_CANONICAL_GAME,2020_06_DET_JAX,2020,6,REG,DET,JAX,home,date/team/opponent/location identity
2679,Cam Newton,NewtCa00,2020-10-18,NWE,,DEN,QB,MATCHED_CANONICAL_GAME,2020_06_DEN_NE,2020,6,REG,DEN,NE,home,date/team/opponent/location identity
2680,Philip Rivers,RivePh00,2020-10-18,IND,,CIN,QB,MATCHED_CANONICAL_GAME,2020_06_CIN_IND,2020,6,REG,CIN,IND,home,date/team/opponent/location identity
2681,Aaron Rodgers,RodgAa00,2020-10-18,GNB,@,TAM,QB,MATCHED_CANONICAL_GAME,2020_06_GB_TB,2020,6,REG,GB,TB,away,date/team/opponent/location identity
2682,Ben Roethlisberger,RoetBe00,2020-10-18,PIT,,CLE,QB,MATCHED_CANONICAL_GAME,2020_06_CLE_PIT,2020,6,REG,CLE,PIT,home,date/team/opponent/location identity
2683,Matt Ryan,RyanMa00,2020-10-18,ATL,@,MIN,QB,MATCHED_CANONICAL_GAME,2020_06_ATL_MIN,2020,6,REG,ATL,MIN,away,date/team/opponent/location identity
2684,Matthew Stafford,StafMa00,2020-10-18,DET,@,JAX,QB,MATCHED_CANONICAL_GAME,2020_06_DET_JAX,2020,6,REG,DET,JAX,away,date/team/opponent/location identity
2685,Ryan Tannehill,TannRy00,2020-10-18,TEN,,HOU,QB,MATCHED_CANONICAL_GAME,2020_06_HOU_TEN,2020,6,REG,HOU,TEN,home,date/team/opponent/location identity
2686,Deshaun Watson,WatsDe00,2020-10-18,HOU,@,TEN,QB,MATCHED_CANONICAL_GAME,2020_06_HOU_TEN,2020,6,REG,HOU,TEN,away,date/team/opponent/location identity
2687,Carson Wentz,WentCa00,2020-10-18,PHI,,BAL,QB,MATCHED_CANONICAL_GAME,2020_06_BAL_PHI,2020,6,REG,BAL,PHI,home,date/team/opponent/location identity
2688,Josh Allen,AlleJo02,2020-10-13,BUF,@,TEN,QB,MATCHED_CANONICAL_GAME,2020_05_BUF_TEN,2020,5,REG,BUF,TEN,away,date/team/opponent/location identity
2689,Ryan Tannehill,TannRy00,2020-10-13,TEN,,BUF,QB,MATCHED_CANONICAL_GAME,2020_05_BUF_TEN,2020,5,REG,BUF,TEN,home,date/team/opponent/location identity
2690,Drew Brees,BreeDr00,2020-10-12,NOR,,LAC,QB,MATCHED_CANONICAL_GAME,2020_05_LAC_NO,2020,5,REG,LAC,NO,home,date/team/opponent/location identity
2691,Justin Herbert,HerbJu00,2020-10-12,LAC,@,NOR,QB,MATCHED_CANONICAL_GAME,2020_05_LAC_NO,2020,5,REG,LAC,NO,away,date/team/opponent/location identity
2692,Kyle Allen,AlleKy00,2020-10-11,WAS,,LAR,QB,MATCHED_CANONICAL_GAME,2020_05_LA_WAS,2020,5,REG,LAR,WAS,home,date/team/opponent/location identity
2693,Teddy Bridgewater,BridTe00,2020-10-11,CAR,@,ATL,QB,MATCHED_CANONICAL_GAME,2020_05_CAR_ATL,2020,5,REG,CAR,ATL,away,date/team/opponent/location identity
2694,Joe Burrow,BurrJo01,2020-10-11,CIN,@,BAL,QB,MATCHED_CANONICAL_GAME,2020_05_CIN_BAL,2020,5,REG,CIN,BAL,away,date/team/opponent/location identity
2695,Derek Carr,CarrDe02,2020-10-11,LVR,@,KAN,QB,MATCHED_CANONICAL_GAME,2020_05_LV_KC,2020,5,REG,LV,KC,away,date/team/opponent/location identity
2696,Kirk Cousins,CousKi00,2020-10-11,MIN,@,SEA,QB,MATCHED_CANONICAL_GAME,2020_05_MIN_SEA,2020,5,REG,MIN,SEA,away,date/team/opponent/location identity
2697,Ryan Fitzpatrick,FitzRy00,2020-10-11,MIA,@,SFO,QB,MATCHED_CANONICAL_GAME,2020_05_MIA_SF,2020,5,REG,MIA,SF,away,date/team/opponent/location identity
2698,Joe Flacco,FlacJo00,2020-10-11,NYJ,,ARI,QB,MATCHED_CANONICAL_GAME,2020_05_ARI_NYJ,2020,5,REG,ARI,NYJ,home,date/team/opponent/location identity
2699,Jimmy Garoppolo,GaroJi00,2020-10-11,SFO,,MIA,QB,MATCHED_CANONICAL_GAME,2020_05_MIA_SF,2020,5,REG,MIA,SF,home,date/team/opponent/location identity
2700,Jared Goff,GoffJa00,2020-10-11,LAR,@,WAS,QB,MATCHED_CANONICAL_GAME,2020_05_LA_WAS,2020,5,REG,LAR,WAS,away,date/team/opponent/location identity
2701,Lamar Jackson,JackLa00,2020-10-11,BAL,,CIN,QB,MATCHED_CANONICAL_GAME,2020_05_CIN_BAL,2020,5,REG,CIN,BAL,home,date/team/opponent/location identity
2702,Daniel Jones,JoneDa05,2020-10-11,NYG,@,DAL,QB,MATCHED_CANONICAL_GAME,2020_05_NYG_DAL,2020,5,REG,NYG,DAL,away,date/team/opponent/location identity
2703,Patrick Mahomes,MahoPa00,2020-10-11,KAN,,LVR,QB,MATCHED_CANONICAL_GAME,2020_05_LV_KC,2020,5,REG,LV,KC,home,date/team/opponent/location identity
2704,Baker Mayfield,MayfBa00,2020-10-11,CLE,,IND,QB,MATCHED_CANONICAL_GAME,2020_05_IND_CLE,2020,5,REG,IND,CLE,home,date/team/opponent/location identity
2705,Gardner Minshew II,MinsGa00,2020-10-11,JAX,@,HOU,QB,MATCHED_CANONICAL_GAME,2020_05_JAX_HOU,2020,5,REG,JAX,HOU,away,date/team/opponent/location identity
2706,Kyler Murray,MurrKy00,2020-10-11,ARI,@,NYJ,QB,MATCHED_CANONICAL_GAME,2020_05_ARI_NYJ,2020,5,REG,ARI,NYJ,away,date/team/opponent/location identity
2707,Dak Prescott,PresDa01,2020-10-11,DAL,,NYG,QB,MATCHED_CANONICAL_GAME,2020_05_NYG_DAL,2020,5,REG,NYG,DAL,home,date/team/opponent/location identity
2708,Philip Rivers,RivePh00,2020-10-11,IND,@,CLE,QB,MATCHED_CANONICAL_GAME,2020_05_IND_CLE,2020,5,REG,IND,CLE,away,date/team/opponent/location identity
2709,Ben Roethlisberger,RoetBe00,2020-10-11,PIT,,PHI,QB,MATCHED_CANONICAL_GAME,2020_05_PHI_PIT,2020,5,REG,PHI,PIT,home,date/team/opponent/location identity
2710,Matt Ryan,RyanMa00,2020-10-11,ATL,,CAR,QB,MATCHED_CANONICAL_GAME,2020_05_CAR_ATL,2020,5,REG,CAR,ATL,home,date/team/opponent/location identity
2711,Deshaun Watson,WatsDe00,2020-10-11,HOU,,JAX,QB,MATCHED_CANONICAL_GAME,2020_05_JAX_HOU,2020,5,REG,JAX,HOU,home,date/team/opponent/location identity
2712,Carson Wentz,WentCa00,2020-10-11,PHI,@,PIT,QB,MATCHED_CANONICAL_GAME,2020_05_PHI_PIT,2020,5,REG,PHI,PIT,away,date/team/opponent/location identity
2713,Russell Wilson,WilsRu00,2020-10-11,SEA,,MIN,QB,MATCHED_CANONICAL_GAME,2020_05_MIN_SEA,2020,5,REG,MIN,SEA,home,date/team/opponent/location identity
2714,Tom Brady,BradTo00,2020-10-08,TAM,@,CHI,QB,MATCHED_CANONICAL_GAME,2020_05_TB_CHI,2020,5,REG,TB,CHI,away,date/team/opponent/location identity
2715,Nick Foles,FoleNi00,2020-10-08,CHI,,TAM,QB,MATCHED_CANONICAL_GAME,2020_05_TB_CHI,2020,5,REG,TB,CHI,home,date/team/opponent/location identity
2716,Brian Hoyer,HoyeBr00,2020-10-05,NWE,@,KAN,QB,MATCHED_CANONICAL_GAME,2020_04_NE_KC,2020,4,REG,NE,KC,away,date/team/opponent/location identity
2717,Patrick Mahomes,MahoPa00,2020-10-05,KAN,,NWE,QB,MATCHED_CANONICAL_GAME,2020_04_NE_KC,2020,4,REG,NE,KC,home,date/team/opponent/location identity
2718,Aaron Rodgers,RodgAa00,2020-10-05,GNB,,ATL,QB,MATCHED_CANONICAL_GAME,2020_04_ATL_GB,2020,4,REG,ATL,GB,home,date/team/opponent/location identity
2719,Matt Ryan,RyanMa00,2020-10-05,ATL,@,GNB,QB,MATCHED_CANONICAL_GAME,2020_04_ATL_GB,2020,4,REG,ATL,GB,away,date/team/opponent/location identity
2720,Josh Allen,AlleJo02,2020-10-04,BUF,@,LVR,QB,MATCHED_CANONICAL_GAME,2020_04_BUF_LV,2020,4,REG,BUF,LV,away,date/team/opponent/location identity
2721,Tom Brady,BradTo00,2020-10-04,TAM,,LAC,QB,MATCHED_CANONICAL_GAME,2020_04_LAC_TB,2020,4,REG,LAC,TB,home,date/team/opponent/location identity
2722,Drew Brees,BreeDr00,2020-10-04,NOR,@,DET,QB,MATCHED_CANONICAL_GAME,2020_04_NO_DET,2020,4,REG,NO,DET,away,date/team/opponent/location identity
2723,Teddy Bridgewater,BridTe00,2020-10-04,CAR,,ARI,QB,MATCHED_CANONICAL_GAME,2020_04_ARI_CAR,2020,4,REG,ARI,CAR,home,date/team/opponent/location identity
2724,Joe Burrow,BurrJo01,2020-10-04,CIN,,JAX,QB,MATCHED_CANONICAL_GAME,2020_04_JAX_CIN,2020,4,REG,JAX,CIN,home,date/team/opponent/location identity
2725,Derek Carr,CarrDe02,2020-10-04,LVR,,BUF,QB,MATCHED_CANONICAL_GAME,2020_04_BUF_LV,2020,4,REG,BUF,LV,home,date/team/opponent/location identity
2726,Kirk Cousins,CousKi00,2020-10-04,MIN,@,HOU,QB,MATCHED_CANONICAL_GAME,2020_04_MIN_HOU,2020,4,REG,MIN,HOU,away,date/team/opponent/location identity
2727,Ryan Fitzpatrick,FitzRy00,2020-10-04,MIA,,SEA,QB,MATCHED_CANONICAL_GAME,2020_04_SEA_MIA,2020,4,REG,SEA,MIA,home,date/team/opponent/location identity
2728,Nick Foles,FoleNi00,2020-10-04,CHI,,IND,QB,MATCHED_CANONICAL_GAME,2020_04_IND_CHI,2020,4,REG,IND,CHI,home,date/team/opponent/location identity
2729,Jared Goff,GoffJa00,2020-10-04,LAR,,NYG,QB,MATCHED_CANONICAL_GAME,2020_04_NYG_LA,2020,4,REG,NYG,LAR,home,date/team/opponent/location identity
2730,Dwayne Haskins,HaskDw00,2020-10-04,WAS,,BAL,QB,MATCHED_CANONICAL_GAME,2020_04_BAL_WAS,2020,4,REG,BAL,WAS,home,date/team/opponent/location identity
2731,Justin Herbert,HerbJu00,2020-10-04,LAC,@,TAM,QB,MATCHED_CANONICAL_GAME,2020_04_LAC_TB,2020,4,REG,LAC,TB,away,date/team/opponent/location identity
2732,Lamar Jackson,JackLa00,2020-10-04,BAL,@,WAS,QB,MATCHED_CANONICAL_GAME,2020_04_BAL_WAS,2020,4,REG,BAL,WAS,away,date/team/opponent/location identity
2733,Daniel Jones,JoneDa05,2020-10-04,NYG,@,LAR,QB,MATCHED_CANONICAL_GAME,2020_04_NYG_LA,2020,4,REG,NYG,LAR,away,date/team/opponent/location identity
2734,Baker Mayfield,MayfBa00,2020-10-04,CLE,@,DAL,QB,MATCHED_CANONICAL_GAME,2020_04_CLE_DAL,2020,4,REG,CLE,DAL,away,date/team/opponent/location identity
2735,Gardner Minshew II,MinsGa00,2020-10-04,JAX,@,CIN,QB,MATCHED_CANONICAL_GAME,2020_04_JAX_CIN,2020,4,REG,JAX,CIN,away,date/team/opponent/location identity
2736,Nick Mullens,MullNi00,2020-10-04,SFO,,PHI,QB,MATCHED_CANONICAL_GAME,2020_04_PHI_SF,2020,4,REG,PHI,SF,home,date/team/opponent/location identity
2737,Kyler Murray,MurrKy00,2020-10-04,ARI,@,CAR,QB,MATCHED_CANONICAL_GAME,2020_04_ARI_CAR,2020,4,REG,ARI,CAR,away,date/team/opponent/location identity
2738,Dak Prescott,PresDa01,2020-10-04,DAL,,CLE,QB,MATCHED_CANONICAL_GAME,2020_04_CLE_DAL,2020,4,REG,CLE,DAL,home,date/team/opponent/location identity
2739,Philip Rivers,RivePh00,2020-10-04,IND,@,CHI,QB,MATCHED_CANONICAL_GAME,2020_04_IND_CHI,2020,4,REG,IND,CHI,away,date/team/opponent/location identity
2740,Matthew Stafford,StafMa00,2020-10-04,DET,,NOR,QB,MATCHED_CANONICAL_GAME,2020_04_NO_DET,2020,4,REG,NO,DET,home,date/team/opponent/location identity
2741,Deshaun Watson,WatsDe00,2020-10-04,HOU,,MIN,QB,MATCHED_CANONICAL_GAME,2020_04_MIN_HOU,2020,4,REG,MIN,HOU,home,date/team/opponent/location identity
2742,Carson Wentz,WentCa00,2020-10-04,PHI,@,SFO,QB,MATCHED_CANONICAL_GAME,2020_04_PHI_SF,2020,4,REG,PHI,SF,away,date/team/opponent/location identity
2743,Russell Wilson,WilsRu00,2020-10-04,SEA,@,MIA,QB,MATCHED_CANONICAL_GAME,2020_04_SEA_MIA,2020,4,REG,SEA,MIA,away,date/team/opponent/location identity
2744,Sam Darnold,DarnSa00,2020-10-01,NYJ,,DEN,QB,MATCHED_CANONICAL_GAME,2020_04_DEN_NYJ,2020,4,REG,DEN,NYJ,home,date/team/opponent/location identity
2745,Brett Rypien,RypiBr00,2020-10-01,DEN,@,NYJ,QB,MATCHED_CANONICAL_GAME,2020_04_DEN_NYJ,2020,4,REG,DEN,NYJ,away,date/team/opponent/location identity
2746,Lamar Jackson,JackLa00,2020-09-28,BAL,,KAN,QB,MATCHED_CANONICAL_GAME,2020_03_KC_BAL,2020,3,REG,KC,BAL,home,date/team/opponent/location identity
2747,Patrick Mahomes,MahoPa00,2020-09-28,KAN,@,BAL,QB,MATCHED_CANONICAL_GAME,2020_03_KC_BAL,2020,3,REG,KC,BAL,away,date/team/opponent/location identity
2748,Josh Allen,AlleJo02,2020-09-27,BUF,,LAR,QB,MATCHED_CANONICAL_GAME,2020_03_LA_BUF,2020,3,REG,LAR,BUF,home,date/team/opponent/location identity
2749,Tom Brady,BradTo00,2020-09-27,TAM,@,DEN,QB,MATCHED_CANONICAL_GAME,2020_03_TB_DEN,2020,3,REG,TB,DEN,away,date/team/opponent/location identity
2750,Drew Brees,BreeDr00,2020-09-27,NOR,,GNB,QB,MATCHED_CANONICAL_GAME,2020_03_GB_NO,2020,3,REG,GB,NO,home,date/team/opponent/location identity
2751,Teddy Bridgewater,BridTe00,2020-09-27,CAR,@,LAC,QB,MATCHED_CANONICAL_GAME,2020_03_CAR_LAC,2020,3,REG,CAR,LAC,away,date/team/opponent/location identity
2752,Joe Burrow,BurrJo01,2020-09-27,CIN,@,PHI,QB,MATCHED_CANONICAL_GAME,2020_03_CIN_PHI,2020,3,REG,CIN,PHI,away,date/team/opponent/location identity
2753,Derek Carr,CarrDe02,2020-09-27,LVR,@,NWE,QB,MATCHED_CANONICAL_GAME,2020_03_LV_NE,2020,3,REG,LV,NE,away,date/team/opponent/location identity
2754,Kirk Cousins,CousKi00,2020-09-27,MIN,,TEN,QB,MATCHED_CANONICAL_GAME,2020_03_TEN_MIN,2020,3,REG,TEN,MIN,home,date/team/opponent/location identity
2755,Sam Darnold,DarnSa00,2020-09-27,NYJ,@,IND,QB,MATCHED_CANONICAL_GAME,2020_03_NYJ_IND,2020,3,REG,NYJ,IND,away,date/team/opponent/location identity
2756,Jeff Driskel,DrisJe00,2020-09-27,DEN,,TAM,QB,MATCHED_CANONICAL_GAME,2020_03_TB_DEN,2020,3,REG,TB,DEN,home,date/team/opponent/location identity
2757,Jared Goff,GoffJa00,2020-09-27,LAR,@,BUF,QB,MATCHED_CANONICAL_GAME,2020_03_LA_BUF,2020,3,REG,LAR,BUF,away,date/team/opponent/location identity
2758,Dwayne Haskins,HaskDw00,2020-09-27,WAS,@,CLE,QB,MATCHED_CANONICAL_GAME,2020_03_WAS_CLE,2020,3,REG,WAS,CLE,away,date/team/opponent/location identity
2759,Justin Herbert,HerbJu00,2020-09-27,LAC,,CAR,QB,MATCHED_CANONICAL_GAME,2020_03_CAR_LAC,2020,3,REG,CAR,LAC,home,date/team/opponent/location identity
2760,Taysom Hill,HillTa00,2020-09-27,NOR,,GNB,QB/WR,MATCHED_CANONICAL_GAME,2020_03_GB_NO,2020,3,REG,GB,NO,home,date/team/opponent/location identity
2761,Daniel Jones,JoneDa05,2020-09-27,NYG,,SFO,QB,MATCHED_CANONICAL_GAME,2020_03_SF_NYG,2020,3,REG,SF,NYG,home,date/team/opponent/location identity
2762,Baker Mayfield,MayfBa00,2020-09-27,CLE,,WAS,QB,MATCHED_CANONICAL_GAME,2020_03_WAS_CLE,2020,3,REG,WAS,CLE,home,date/team/opponent/location identity
2763,Nick Mullens,MullNi00,2020-09-27,SFO,@,NYG,QB,MATCHED_CANONICAL_GAME,2020_03_SF_NYG,2020,3,REG,SF,NYG,away,date/team/opponent/location identity
2764,Kyler Murray,MurrKy00,2020-09-27,ARI,,DET,QB,MATCHED_CANONICAL_GAME,2020_03_DET_ARI,2020,3,REG,DET,ARI,home,date/team/opponent/location identity
2765,Cam Newton,NewtCa00,2020-09-27,NWE,,LVR,QB,MATCHED_CANONICAL_GAME,2020_03_LV_NE,2020,3,REG,LV,NE,home,date/team/opponent/location identity
2766,Dak Prescott,PresDa01,2020-09-27,DAL,@,SEA,QB,MATCHED_CANONICAL_GAME,2020_03_DAL_SEA,2020,3,REG,DAL,SEA,away,date/team/opponent/location identity
2767,Philip Rivers,RivePh00,2020-09-27,IND,,NYJ,QB,MATCHED_CANONICAL_GAME,2020_03_NYJ_IND,2020,3,REG,NYJ,IND,home,date/team/opponent/location identity
2768,Aaron Rodgers,RodgAa00,2020-09-27,GNB,@,NOR,QB,MATCHED_CANONICAL_GAME,2020_03_GB_NO,2020,3,REG,GB,NO,away,date/team/opponent/location identity
2769,Ben Roethlisberger,RoetBe00,2020-09-27,PIT,,HOU,QB,MATCHED_CANONICAL_GAME,2020_03_HOU_PIT,2020,3,REG,HOU,PIT,home,date/team/opponent/location identity
2770,Matt Ryan,RyanMa00,2020-09-27,ATL,,CHI,QB,MATCHED_CANONICAL_GAME,2020_03_CHI_ATL,2020,3,REG,CHI,ATL,home,date/team/opponent/location identity
2771,Matthew Stafford,StafMa00,2020-09-27,DET,@,ARI,QB,MATCHED_CANONICAL_GAME,2020_03_DET_ARI,2020,3,REG,DET,ARI,away,date/team/opponent/location identity
2772,Ryan Tannehill,TannRy00,2020-09-27,TEN,@,MIN,QB,MATCHED_CANONICAL_GAME,2020_03_TEN_MIN,2020,3,REG,TEN,MIN,away,date/team/opponent/location identity
2773,Mitchell Trubisky,TrubMi00,2020-09-27,CHI,@,ATL,QB,MATCHED_CANONICAL_GAME,2020_03_CHI_ATL,2020,3,REG,CHI,ATL,away,date/team/opponent/location identity
2774,Deshaun Watson,WatsDe00,2020-09-27,HOU,@,PIT,QB,MATCHED_CANONICAL_GAME,2020_03_HOU_PIT,2020,3,REG,HOU,PIT,away,date/team/opponent/location identity
2775,Carson Wentz,WentCa00,2020-09-27,PHI,,CIN,QB,MATCHED_CANONICAL_GAME,2020_03_CIN_PHI,2020,3,REG,CIN,PHI,home,date/team/opponent/location identity
2776,Russell Wilson,WilsRu00,2020-09-27,SEA,,DAL,QB,MATCHED_CANONICAL_GAME,2020_03_DAL_SEA,2020,3,REG,DAL,SEA,home,date/team/opponent/location identity
2777,Ryan Fitzpatrick,FitzRy00,2020-09-24,MIA,@,JAX,QB,MATCHED_CANONICAL_GAME,2020_03_MIA_JAX,2020,3,REG,MIA,JAX,away,date/team/opponent/location identity
2778,Gardner Minshew II,MinsGa00,2020-09-24,JAX,,MIA,QB,MATCHED_CANONICAL_GAME,2020_03_MIA_JAX,2020,3,REG,MIA,JAX,home,date/team/opponent/location identity
2779,Drew Brees,BreeDr00,2020-09-21,NOR,@,LVR,QB,MATCHED_CANONICAL_GAME,2020_02_NO_LV,2020,2,REG,NO,LV,away,date/team/opponent/location identity
2780,Derek Carr,CarrDe02,2020-09-21,LVR,,NOR,QB,MATCHED_CANONICAL_GAME,2020_02_NO_LV,2020,2,REG,NO,LV,home,date/team/opponent/location identity
2781,Josh Allen,AlleJo02,2020-09-20,BUF,@,MIA,QB,MATCHED_CANONICAL_GAME,2020_02_BUF_MIA,2020,2,REG,BUF,MIA,away,date/team/opponent/location identity
2782,Tom Brady,BradTo00,2020-09-20,TAM,,CAR,QB,MATCHED_CANONICAL_GAME,2020_02_CAR_TB,2020,2,REG,CAR,TB,home,date/team/opponent/location identity
2783,Teddy Bridgewater,BridTe00,2020-09-20,CAR,@,TAM,QB,MATCHED_CANONICAL_GAME,2020_02_CAR_TB,2020,2,REG,CAR,TB,away,date/team/opponent/location identity
2784,Kirk Cousins,CousKi00,2020-09-20,MIN,@,IND,QB,MATCHED_CANONICAL_GAME,2020_02_MIN_IND,2020,2,REG,MIN,IND,away,date/team/opponent/location identity
2785,Sam Darnold,DarnSa00,2020-09-20,NYJ,,SFO,QB,MATCHED_CANONICAL_GAME,2020_02_SF_NYJ,2020,2,REG,SF,NYJ,home,date/team/opponent/location identity
2786,Ryan Fitzpatrick,FitzRy00,2020-09-20,MIA,,BUF,QB,MATCHED_CANONICAL_GAME,2020_02_BUF_MIA,2020,2,REG,BUF,MIA,home,date/team/opponent/location identity
2787,Jimmy Garoppolo,GaroJi00,2020-09-20,SFO,@,NYJ,QB,MATCHED_CANONICAL_GAME,2020_02_SF_NYJ,2020,2,REG,SF,NYJ,away,date/team/opponent/location identity
2788,Jared Goff,GoffJa00,2020-09-20,LAR,@,PHI,QB,MATCHED_CANONICAL_GAME,2020_02_LA_PHI,2020,2,REG,LAR,PHI,away,date/team/opponent/location identity
2789,Dwayne Haskins,HaskDw00,2020-09-20,WAS,@,ARI,QB,MATCHED_CANONICAL_GAME,2020_02_WAS_ARI,2020,2,REG,WAS,ARI,away,date/team/opponent/location identity
2790,Justin Herbert,HerbJu00,2020-09-20,LAC,,KAN,QB,MATCHED_CANONICAL_GAME,2020_02_KC_LAC,2020,2,REG,KC,LAC,home,date/team/opponent/location identity
2791,Lamar Jackson,JackLa00,2020-09-20,BAL,@,HOU,QB,MATCHED_CANONICAL_GAME,2020_02_BAL_HOU,2020,2,REG,BAL,HOU,away,date/team/opponent/location identity
2792,Daniel Jones,JoneDa05,2020-09-20,NYG,@,CHI,QB,MATCHED_CANONICAL_GAME,2020_02_NYG_CHI,2020,2,REG,NYG,CHI,away,date/team/opponent/location identity
2793,Drew Lock,LockDr00,2020-09-20,DEN,@,PIT,QB,MATCHED_CANONICAL_GAME,2020_02_DEN_PIT,2020,2,REG,DEN,PIT,away,date/team/opponent/location identity
2794,Patrick Mahomes,MahoPa00,2020-09-20,KAN,@,LAC,QB,MATCHED_CANONICAL_GAME,2020_02_KC_LAC,2020,2,REG,KC,LAC,away,date/team/opponent/location identity
2795,Gardner Minshew II,MinsGa00,2020-09-20,JAX,@,TEN,QB,MATCHED_CANONICAL_GAME,2020_02_JAX_TEN,2020,2,REG,JAX,TEN,away,date/team/opponent/location identity
2796,Kyler Murray,MurrKy00,2020-09-20,ARI,,WAS,QB,MATCHED_CANONICAL_GAME,2020_02_WAS_ARI,2020,2,REG,WAS,ARI,home,date/team/opponent/location identity
2797,Cam Newton,NewtCa00,2020-09-20,NWE,@,SEA,QB,MATCHED_CANONICAL_GAME,2020_02_NE_SEA,2020,2,REG,NE,SEA,away,date/team/opponent/location identity
2798,Dak Prescott,PresDa01,2020-09-20,DAL,,ATL,QB,MATCHED_CANONICAL_GAME,2020_02_ATL_DAL,2020,2,REG,ATL,DAL,home,date/team/opponent/location identity
2799,Philip Rivers,RivePh00,2020-09-20,IND,,MIN,QB,MATCHED_CANONICAL_GAME,2020_02_MIN_IND,2020,2,REG,MIN,IND,home,date/team/opponent/location identity
2800,Aaron Rodgers,RodgAa00,2020-09-20,GNB,,DET,QB,MATCHED_CANONICAL_GAME,2020_02_DET_GB,2020,2,REG,DET,GB,home,date/team/opponent/location identity
2801,Ben Roethlisberger,RoetBe00,2020-09-20,PIT,,DEN,QB,MATCHED_CANONICAL_GAME,2020_02_DEN_PIT,2020,2,REG,DEN,PIT,home,date/team/opponent/location identity
2802,Matt Ryan,RyanMa00,2020-09-20,ATL,@,DAL,QB,MATCHED_CANONICAL_GAME,2020_02_ATL_DAL,2020,2,REG,ATL,DAL,away,date/team/opponent/location identity
2803,Matthew Stafford,StafMa00,2020-09-20,DET,@,GNB,QB,MATCHED_CANONICAL_GAME,2020_02_DET_GB,2020,2,REG,DET,GB,away,date/team/opponent/location identity
2804,Ryan Tannehill,TannRy00,2020-09-20,TEN,,JAX,QB,MATCHED_CANONICAL_GAME,2020_02_JAX_TEN,2020,2,REG,JAX,TEN,home,date/team/opponent/location identity
2805,Mitchell Trubisky,TrubMi00,2020-09-20,CHI,,NYG,QB,MATCHED_CANONICAL_GAME,2020_02_NYG_CHI,2020,2,REG,NYG,CHI,home,date/team/opponent/location identity
2806,Deshaun Watson,WatsDe00,2020-09-20,HOU,,BAL,QB,MATCHED_CANONICAL_GAME,2020_02_BAL_HOU,2020,2,REG,BAL,HOU,home,date/team/opponent/location identity
2807,Carson Wentz,WentCa00,2020-09-20,PHI,,LAR,QB,MATCHED_CANONICAL_GAME,2020_02_LA_PHI,2020,2,REG,LAR,PHI,home,date/team/opponent/location identity
2808,Russell Wilson,WilsRu00,2020-09-20,SEA,,NWE,QB,MATCHED_CANONICAL_GAME,2020_02_NE_SEA,2020,2,REG,NE,SEA,home,date/team/opponent/location identity
2809,Joe Burrow,BurrJo01,2020-09-17,CIN,@,CLE,QB,MATCHED_CANONICAL_GAME,2020_02_CIN_CLE,2020,2,REG,CIN,CLE,away,date/team/opponent/location identity
2810,Baker Mayfield,MayfBa00,2020-09-17,CLE,,CIN,QB,MATCHED_CANONICAL_GAME,2020_02_CIN_CLE,2020,2,REG,CIN,CLE,home,date/team/opponent/location identity
2811,Daniel Jones,JoneDa05,2020-09-14,NYG,,PIT,QB,MATCHED_CANONICAL_GAME,2020_01_PIT_NYG,2020,1,REG,PIT,NYG,home,date/team/opponent/location identity
2812,Drew Lock,LockDr00,2020-09-14,DEN,,TEN,QB,MATCHED_CANONICAL_GAME,2020_01_TEN_DEN,2020,1,REG,TEN,DEN,home,date/team/opponent/location identity
2813,Ben Roethlisberger,RoetBe00,2020-09-14,PIT,@,NYG,QB,MATCHED_CANONICAL_GAME,2020_01_PIT_NYG,2020,1,REG,PIT,NYG,away,date/team/opponent/location identity
2814,Ryan Tannehill,TannRy00,2020-09-14,TEN,@,DEN,QB,MATCHED_CANONICAL_GAME,2020_01_TEN_DEN,2020,1,REG,TEN,DEN,away,date/team/opponent/location identity
2815,Josh Allen,AlleJo02,2020-09-13,BUF,,NYJ,QB,MATCHED_CANONICAL_GAME,2020_01_NYJ_BUF,2020,1,REG,NYJ,BUF,home,date/team/opponent/location identity
2816,Tom Brady,BradTo00,2020-09-13,TAM,@,NOR,QB,MATCHED_CANONICAL_GAME,2020_01_TB_NO,2020,1,REG,TB,NO,away,date/team/opponent/location identity
2817,Drew Brees,BreeDr00,2020-09-13,NOR,,TAM,QB,MATCHED_CANONICAL_GAME,2020_01_TB_NO,2020,1,REG,TB,NO,home,date/team/opponent/location identity
2818,Teddy Bridgewater,BridTe00,2020-09-13,CAR,,LVR,QB,MATCHED_CANONICAL_GAME,2020_01_LV_CAR,2020,1,REG,LV,CAR,home,date/team/opponent/location identity
2819,Joe Burrow,BurrJo01,2020-09-13,CIN,,LAC,QB,MATCHED_CANONICAL_GAME,2020_01_LAC_CIN,2020,1,REG,LAC,CIN,home,date/team/opponent/location identity
2820,Derek Carr,CarrDe02,2020-09-13,LVR,@,CAR,QB,MATCHED_CANONICAL_GAME,2020_01_LV_CAR,2020,1,REG,LV,CAR,away,date/team/opponent/location identity
2821,Kirk Cousins,CousKi00,2020-09-13,MIN,,GNB,QB,MATCHED_CANONICAL_GAME,2020_01_GB_MIN,2020,1,REG,GB,MIN,home,date/team/opponent/location identity
2822,Sam Darnold,DarnSa00,2020-09-13,NYJ,@,BUF,QB,MATCHED_CANONICAL_GAME,2020_01_NYJ_BUF,2020,1,REG,NYJ,BUF,away,date/team/opponent/location identity
2823,Ryan Fitzpatrick,FitzRy00,2020-09-13,MIA,@,NWE,QB,MATCHED_CANONICAL_GAME,2020_01_MIA_NE,2020,1,REG,MIA,NE,away,date/team/opponent/location identity
2824,Jimmy Garoppolo,GaroJi00,2020-09-13,SFO,,ARI,QB,MATCHED_CANONICAL_GAME,2020_01_ARI_SF,2020,1,REG,ARI,SF,home,date/team/opponent/location identity
2825,Jared Goff,GoffJa00,2020-09-13,LAR,,DAL,QB,MATCHED_CANONICAL_GAME,2020_01_DAL_LA,2020,1,REG,DAL,LAR,home,date/team/opponent/location identity
2826,Dwayne Haskins,HaskDw00,2020-09-13,WAS,,PHI,QB,MATCHED_CANONICAL_GAME,2020_01_PHI_WAS,2020,1,REG,PHI,WAS,home,date/team/opponent/location identity
2827,Taysom Hill,HillTa00,2020-09-13,NOR,,TAM,QB/WR,MATCHED_CANONICAL_GAME,2020_01_TB_NO,2020,1,REG,TB,NO,home,date/team/opponent/location identity
2828,Lamar Jackson,JackLa00,2020-09-13,BAL,,CLE,QB,MATCHED_CANONICAL_GAME,2020_01_CLE_BAL,2020,1,REG,CLE,BAL,home,date/team/opponent/location identity
2829,Baker Mayfield,MayfBa00,2020-09-13,CLE,@,BAL,QB,MATCHED_CANONICAL_GAME,2020_01_CLE_BAL,2020,1,REG,CLE,BAL,away,date/team/opponent/location identity
2830,Gardner Minshew II,MinsGa00,2020-09-13,JAX,,IND,QB,MATCHED_CANONICAL_GAME,2020_01_IND_JAX,2020,1,REG,IND,JAX,home,date/team/opponent/location identity
2831,Kyler Murray,MurrKy00,2020-09-13,ARI,@,SFO,QB,MATCHED_CANONICAL_GAME,2020_01_ARI_SF,2020,1,REG,ARI,SF,away,date/team/opponent/location identity
2832,Cam Newton,NewtCa00,2020-09-13,NWE,,MIA,QB,MATCHED_CANONICAL_GAME,2020_01_MIA_NE,2020,1,REG,MIA,NE,home,date/team/opponent/location identity
2833,Dak Prescott,PresDa01,2020-09-13,DAL,@,LAR,QB,MATCHED_CANONICAL_GAME,2020_01_DAL_LA,2020,1,REG,DAL,LAR,away,date/team/opponent/location identity
2834,Philip Rivers,RivePh00,2020-09-13,IND,@,JAX,QB,MATCHED_CANONICAL_GAME,2020_01_IND_JAX,2020,1,REG,IND,JAX,away,date/team/opponent/location identity
2835,Aaron Rodgers,RodgAa00,2020-09-13,GNB,@,MIN,QB,MATCHED_CANONICAL_GAME,2020_01_GB_MIN,2020,1,REG,GB,MIN,away,date/team/opponent/location identity
2836,Matt Ryan,RyanMa00,2020-09-13,ATL,,SEA,QB,MATCHED_CANONICAL_GAME,2020_01_SEA_ATL,2020,1,REG,SEA,ATL,home,date/team/opponent/location identity
2837,Matthew Stafford,StafMa00,2020-09-13,DET,,CHI,QB,MATCHED_CANONICAL_GAME,2020_01_CHI_DET,2020,1,REG,CHI,DET,home,date/team/opponent/location identity
2838,Tyrod Taylor,TaylTy00,2020-09-13,LAC,@,CIN,QB,MATCHED_CANONICAL_GAME,2020_01_LAC_CIN,2020,1,REG,LAC,CIN,away,date/team/opponent/location identity
2839,Mitchell Trubisky,TrubMi00,2020-09-13,CHI,@,DET,QB,MATCHED_CANONICAL_GAME,2020_01_CHI_DET,2020,1,REG,CHI,DET,away,date/team/opponent/location identity
2840,Carson Wentz,WentCa00,2020-09-13,PHI,@,WAS,QB,MATCHED_CANONICAL_GAME,2020_01_PHI_WAS,2020,1,REG,PHI,WAS,away,date/team/opponent/location identity
2841,Russell Wilson,WilsRu00,2020-09-13,SEA,@,ATL,QB,MATCHED_CANONICAL_GAME,2020_01_SEA_ATL,2020,1,REG,SEA,ATL,away,date/team/opponent/location identity
2842,Patrick Mahomes,MahoPa00,2020-09-10,KAN,,HOU,QB,MATCHED_CANONICAL_GAME,2020_01_HOU_KC,2020,1,REG,HOU,KC,home,date/team/opponent/location identity
2843,Deshaun Watson,WatsDe00,2020-09-10,HOU,@,KAN,QB,MATCHED_CANONICAL_GAME,2020_01_HOU_KC,2020,1,REG,HOU,KC,away,date/team/opponent/location identity
2844,Jimmy Garoppolo,GaroJi00,2020-02-02,SFO,N,KAN,QB,MATCHED_CANONICAL_GAME,2019_21_SF_KC,2019,21,SB,SF,KC,away,neutral-site canonical team identity
2845,Patrick Mahomes,MahoPa00,2020-02-02,KAN,N,SFO,QB,MATCHED_CANONICAL_GAME,2019_21_SF_KC,2019,21,SB,SF,KC,home,neutral-site canonical team identity
2846,Jimmy Garoppolo,GaroJi00,2020-01-19,SFO,,GNB,QB,MATCHED_CANONICAL_GAME,2019_20_GB_SF,2019,20,CON,GB,SF,home,date/team/opponent/location identity
2847,Patrick Mahomes,MahoPa00,2020-01-19,KAN,,TEN,QB,MATCHED_CANONICAL_GAME,2019_20_TEN_KC,2019,20,CON,TEN,KC,home,date/team/opponent/location identity
2848,Aaron Rodgers,RodgAa00,2020-01-19,GNB,@,SFO,QB,MATCHED_CANONICAL_GAME,2019_20_GB_SF,2019,20,CON,GB,SF,away,date/team/opponent/location identity
2849,Ryan Tannehill,TannRy00,2020-01-19,TEN,@,KAN,QB,MATCHED_CANONICAL_GAME,2019_20_TEN_KC,2019,20,CON,TEN,KC,away,date/team/opponent/location identity
2850,Patrick Mahomes,MahoPa00,2020-01-12,KAN,,HOU,QB,MATCHED_CANONICAL_GAME,2019_19_HOU_KC,2019,19,DIV,HOU,KC,home,date/team/opponent/location identity
2851,Aaron Rodgers,RodgAa00,2020-01-12,GNB,,SEA,QB,MATCHED_CANONICAL_GAME,2019_19_SEA_GB,2019,19,DIV,SEA,GB,home,date/team/opponent/location identity
2852,Deshaun Watson,WatsDe00,2020-01-12,HOU,@,KAN,QB,MATCHED_CANONICAL_GAME,2019_19_HOU_KC,2019,19,DIV,HOU,KC,away,date/team/opponent/location identity
2853,Russell Wilson,WilsRu00,2020-01-12,SEA,@,GNB,QB,MATCHED_CANONICAL_GAME,2019_19_SEA_GB,2019,19,DIV,SEA,GB,away,date/team/opponent/location identity
2854,Kirk Cousins,CousKi00,2020-01-11,MIN,@,SFO,QB,MATCHED_CANONICAL_GAME,2019_19_MIN_SF,2019,19,DIV,MIN,SF,away,date/team/opponent/location identity
2855,Jimmy Garoppolo,GaroJi00,2020-01-11,SFO,,MIN,QB,MATCHED_CANONICAL_GAME,2019_19_MIN_SF,2019,19,DIV,MIN,SF,home,date/team/opponent/location identity
2856,Lamar Jackson,JackLa00,2020-01-11,BAL,,TEN,QB,MATCHED_CANONICAL_GAME,2019_19_TEN_BAL,2019,19,DIV,TEN,BAL,home,date/team/opponent/location identity
2857,Ryan Tannehill,TannRy00,2020-01-11,TEN,@,BAL,QB,MATCHED_CANONICAL_GAME,2019_19_TEN_BAL,2019,19,DIV,TEN,BAL,away,date/team/opponent/location identity
2858,Drew Brees,BreeDr00,2020-01-05,NOR,,MIN,QB,MATCHED_CANONICAL_GAME,2019_18_MIN_NO,2019,18,WC,MIN,NO,home,date/team/opponent/location identity
2859,Kirk Cousins,CousKi00,2020-01-05,MIN,@,NOR,QB,MATCHED_CANONICAL_GAME,2019_18_MIN_NO,2019,18,WC,MIN,NO,away,date/team/opponent/location identity
2860,Taysom Hill,HillTa00,2020-01-05,NOR,,MIN,WR/QB,MATCHED_CANONICAL_GAME,2019_18_MIN_NO,2019,18,WC,MIN,NO,home,date/team/opponent/location identity
2861,Carson Wentz,WentCa00,2020-01-05,PHI,,SEA,QB,MATCHED_CANONICAL_GAME,2019_18_SEA_PHI,2019,18,WC,SEA,PHI,home,date/team/opponent/location identity
2862,Russell Wilson,WilsRu00,2020-01-05,SEA,@,PHI,QB,MATCHED_CANONICAL_GAME,2019_18_SEA_PHI,2019,18,WC,SEA,PHI,away,date/team/opponent/location identity
2863,Josh Allen,AlleJo02,2020-01-04,BUF,@,HOU,QB,MATCHED_CANONICAL_GAME,2019_18_BUF_HOU,2019,18,WC,BUF,HOU,away,date/team/opponent/location identity
2864,Tom Brady,BradTo00,2020-01-04,NWE,,TEN,QB,MATCHED_CANONICAL_GAME,2019_18_TEN_NE,2019,18,WC,TEN,NE,home,date/team/opponent/location identity
2865,Ryan Tannehill,TannRy00,2020-01-04,TEN,@,NWE,QB,MATCHED_CANONICAL_GAME,2019_18_TEN_NE,2019,18,WC,TEN,NE,away,date/team/opponent/location identity
2866,Deshaun Watson,WatsDe00,2020-01-04,HOU,,BUF,QB,MATCHED_CANONICAL_GAME,2019_18_BUF_HOU,2019,18,WC,BUF,HOU,home,date/team/opponent/location identity
2867,Josh Allen,AlleJo02,2019-12-29,BUF,,NYJ,QB,MATCHED_CANONICAL_GAME,2019_17_NYJ_BUF,2019,17,REG,NYJ,BUF,home,date/team/opponent/location identity
2868,David Blough,BlouDa00,2019-12-29,DET,,GNB,QB,MATCHED_CANONICAL_GAME,2019_17_GB_DET,2019,17,REG,GB,DET,home,date/team/opponent/location identity
2869,Tom Brady,BradTo00,2019-12-29,NWE,,MIA,QB,MATCHED_CANONICAL_GAME,2019_17_MIA_NE,2019,17,REG,MIA,NE,home,date/team/opponent/location identity
2870,Drew Brees,BreeDr00,2019-12-29,NOR,@,CAR,QB,MATCHED_CANONICAL_GAME,2019_17_NO_CAR,2019,17,REG,NO,CAR,away,date/team/opponent/location identity
2871,Jacoby Brissett,BrisJa00,2019-12-29,IND,@,JAX,QB,MATCHED_CANONICAL_GAME,2019_17_IND_JAX,2019,17,REG,IND,JAX,away,date/team/opponent/location identity
2872,Derek Carr,CarrDe02,2019-12-29,OAK,@,DEN,QB,MATCHED_CANONICAL_GAME,2019_17_OAK_DEN,2019,17,REG,LV,DEN,away,date/team/opponent/location identity
2873,Andy Dalton,DaltAn00,2019-12-29,CIN,,CLE,QB,MATCHED_CANONICAL_GAME,2019_17_CLE_CIN,2019,17,REG,CLE,CIN,home,date/team/opponent/location identity
2874,Sam Darnold,DarnSa00,2019-12-29,NYJ,@,BUF,QB,MATCHED_CANONICAL_GAME,2019_17_NYJ_BUF,2019,17,REG,NYJ,BUF,away,date/team/opponent/location identity
2875,Ryan Fitzpatrick,FitzRy00,2019-12-29,MIA,@,NWE,QB,MATCHED_CANONICAL_GAME,2019_17_MIA_NE,2019,17,REG,MIA,NE,away,date/team/opponent/location identity
2876,Jimmy Garoppolo,GaroJi00,2019-12-29,SFO,@,SEA,QB,MATCHED_CANONICAL_GAME,2019_17_SF_SEA,2019,17,REG,SF,SEA,away,date/team/opponent/location identity
2877,Jared Goff,GoffJa00,2019-12-29,LAR,,ARI,QB,MATCHED_CANONICAL_GAME,2019_17_ARI_LA,2019,17,REG,ARI,LAR,home,date/team/opponent/location identity
2878,Will Grier,GrieWi00,2019-12-29,CAR,,NOR,QB,MATCHED_CANONICAL_GAME,2019_17_NO_CAR,2019,17,REG,NO,CAR,home,date/team/opponent/location identity
2879,Robert Griffin III,GrifRo01,2019-12-29,BAL,,PIT,QB,MATCHED_CANONICAL_GAME,2019_17_PIT_BAL,2019,17,REG,PIT,BAL,home,date/team/opponent/location identity
2880,Taysom Hill,HillTa00,2019-12-29,NOR,@,CAR,WR/QB,MATCHED_CANONICAL_GAME,2019_17_NO_CAR,2019,17,REG,NO,CAR,away,date/team/opponent/location identity
2881,Devlin Hodges,HodgDe00,2019-12-29,PIT,@,BAL,QB,MATCHED_CANONICAL_GAME,2019_17_PIT_BAL,2019,17,REG,PIT,BAL,away,date/team/opponent/location identity
2882,Daniel Jones,JoneDa05,2019-12-29,NYG,,PHI,QB,MATCHED_CANONICAL_GAME,2019_17_PHI_NYG,2019,17,REG,PHI,NYG,home,date/team/opponent/location identity
2883,Case Keenum,KeenCa00,2019-12-29,WAS,@,DAL,QB,MATCHED_CANONICAL_GAME,2019_17_WAS_DAL,2019,17,REG,WAS,DAL,away,date/team/opponent/location identity
2884,Drew Lock,LockDr00,2019-12-29,DEN,,OAK,QB,MATCHED_CANONICAL_GAME,2019_17_OAK_DEN,2019,17,REG,LV,DEN,home,date/team/opponent/location identity
2885,Patrick Mahomes,MahoPa00,2019-12-29,KAN,,LAC,QB,MATCHED_CANONICAL_GAME,2019_17_LAC_KC,2019,17,REG,LAC,KC,home,date/team/opponent/location identity
2886,Sean Mannion,MannSe00,2019-12-29,MIN,,CHI,QB,MATCHED_CANONICAL_GAME,2019_17_CHI_MIN,2019,17,REG,CHI,MIN,home,date/team/opponent/location identity
2887,Baker Mayfield,MayfBa00,2019-12-29,CLE,@,CIN,QB,MATCHED_CANONICAL_GAME,2019_17_CLE_CIN,2019,17,REG,CLE,CIN,away,date/team/opponent/location identity
2888,A.J. McCarron,McCaA.00,2019-12-29,HOU,,TEN,QB,MATCHED_CANONICAL_GAME,2019_17_TEN_HOU,2019,17,REG,TEN,HOU,home,date/team/opponent/location identity
2889,Gardner Minshew II,MinsGa00,2019-12-29,JAX,,IND,QB,MATCHED_CANONICAL_GAME,2019_17_IND_JAX,2019,17,REG,IND,JAX,home,date/team/opponent/location identity
2890,Kyler Murray,MurrKy00,2019-12-29,ARI,@,LAR,QB,MATCHED_CANONICAL_GAME,2019_17_ARI_LA,2019,17,REG,ARI,LAR,away,date/team/opponent/location identity
2891,Dak Prescott,PresDa01,2019-12-29,DAL,,WAS,QB,MATCHED_CANONICAL_GAME,2019_17_WAS_DAL,2019,17,REG,WAS,DAL,home,date/team/opponent/location identity
2892,Philip Rivers,RivePh00,2019-12-29,LAC,@,KAN,QB,MATCHED_CANONICAL_GAME,2019_17_LAC_KC,2019,17,REG,LAC,KC,away,date/team/opponent/location identity
2893,Aaron Rodgers,RodgAa00,2019-12-29,GNB,@,DET,QB,MATCHED_CANONICAL_GAME,2019_17_GB_DET,2019,17,REG,GB,DET,away,date/team/opponent/location identity
2894,Matt Ryan,RyanMa00,2019-12-29,ATL,@,TAM,QB,MATCHED_CANONICAL_GAME,2019_17_ATL_TB,2019,17,REG,ATL,TB,away,date/team/opponent/location identity
2895,Ryan Tannehill,TannRy00,2019-12-29,TEN,@,HOU,QB,MATCHED_CANONICAL_GAME,2019_17_TEN_HOU,2019,17,REG,TEN,HOU,away,date/team/opponent/location identity
2896,Mitchell Trubisky,TrubMi00,2019-12-29,CHI,@,MIN,QB,MATCHED_CANONICAL_GAME,2019_17_CHI_MIN,2019,17,REG,CHI,MIN,away,date/team/opponent/location identity
2897,Carson Wentz,WentCa00,2019-12-29,PHI,@,NYG,QB,MATCHED_CANONICAL_GAME,2019_17_PHI_NYG,2019,17,REG,PHI,NYG,away,date/team/opponent/location identity
2898,Russell Wilson,WilsRu00,2019-12-29,SEA,,SFO,QB,MATCHED_CANONICAL_GAME,2019_17_SF_SEA,2019,17,REG,SF,SEA,home,date/team/opponent/location identity
2899,Jameis Winston,WinsJa00,2019-12-29,TAM,,ATL,QB,MATCHED_CANONICAL_GAME,2019_17_ATL_TB,2019,17,REG,ATL,TB,home,date/team/opponent/location identity
2900,Kirk Cousins,CousKi00,2019-12-23,MIN,,GNB,QB,MATCHED_CANONICAL_GAME,2019_16_GB_MIN,2019,16,REG,GB,MIN,home,date/team/opponent/location identity
2901,Aaron Rodgers,RodgAa00,2019-12-23,GNB,@,MIN,QB,MATCHED_CANONICAL_GAME,2019_16_GB_MIN,2019,16,REG,GB,MIN,away,date/team/opponent/location identity
2902,David Blough,BlouDa00,2019-12-22,DET,@,DEN,QB,MATCHED_CANONICAL_GAME,2019_16_DET_DEN,2019,16,REG,DET,DEN,away,date/team/opponent/location identity
2903,Drew Brees,BreeDr00,2019-12-22,NOR,@,TEN,QB,MATCHED_CANONICAL_GAME,2019_16_NO_TEN,2019,16,REG,NO,TEN,away,date/team/opponent/location identity
2904,Jacoby Brissett,BrisJa00,2019-12-22,IND,,CAR,QB,MATCHED_CANONICAL_GAME,2019_16_CAR_IND,2019,16,REG,CAR,IND,home,date/team/opponent/location identity
2905,Derek Carr,CarrDe02,2019-12-22,OAK,@,LAC,QB,MATCHED_CANONICAL_GAME,2019_16_OAK_LAC,2019,16,REG,LV,LAC,away,date/team/opponent/location identity
2906,Andy Dalton,DaltAn00,2019-12-22,CIN,@,MIA,QB,MATCHED_CANONICAL_GAME,2019_16_CIN_MIA,2019,16,REG,CIN,MIA,away,date/team/opponent/location identity
2907,Sam Darnold,DarnSa00,2019-12-22,NYJ,,PIT,QB,MATCHED_CANONICAL_GAME,2019_16_PIT_NYJ,2019,16,REG,PIT,NYJ,home,date/team/opponent/location identity
2908,Ryan Fitzpatrick,FitzRy00,2019-12-22,MIA,,CIN,QB,MATCHED_CANONICAL_GAME,2019_16_CIN_MIA,2019,16,REG,CIN,MIA,home,date/team/opponent/location identity
2909,Will Grier,GrieWi00,2019-12-22,CAR,@,IND,QB,MATCHED_CANONICAL_GAME,2019_16_CAR_IND,2019,16,REG,CAR,IND,away,date/team/opponent/location identity
2910,Dwayne Haskins,HaskDw00,2019-12-22,WAS,,NYG,QB,MATCHED_CANONICAL_GAME,2019_16_NYG_WAS,2019,16,REG,NYG,WAS,home,date/team/opponent/location identity
2911,Taysom Hill,HillTa00,2019-12-22,NOR,@,TEN,WR/QB,MATCHED_CANONICAL_GAME,2019_16_NO_TEN,2019,16,REG,NO,TEN,away,date/team/opponent/location identity
2912,Devlin Hodges,HodgDe00,2019-12-22,PIT,@,NYJ,QB,MATCHED_CANONICAL_GAME,2019_16_PIT_NYJ,2019,16,REG,PIT,NYJ,away,date/team/opponent/location identity
2913,Lamar Jackson,JackLa00,2019-12-22,BAL,@,CLE,QB,MATCHED_CANONICAL_GAME,2019_16_BAL_CLE,2019,16,REG,BAL,CLE,away,date/team/opponent/location identity
2914,Daniel Jones,JoneDa05,2019-12-22,NYG,@,WAS,QB,MATCHED_CANONICAL_GAME,2019_16_NYG_WAS,2019,16,REG,NYG,WAS,away,date/team/opponent/location identity
2915,Drew Lock,LockDr00,2019-12-22,DEN,,DET,QB,MATCHED_CANONICAL_GAME,2019_16_DET_DEN,2019,16,REG,DET,DEN,home,date/team/opponent/location identity
2916,Patrick Mahomes,MahoPa00,2019-12-22,KAN,@,CHI,QB,MATCHED_CANONICAL_GAME,2019_16_KC_CHI,2019,16,REG,KC,CHI,away,date/team/opponent/location identity
2917,Baker Mayfield,MayfBa00,2019-12-22,CLE,,BAL,QB,MATCHED_CANONICAL_GAME,2019_16_BAL_CLE,2019,16,REG,BAL,CLE,home,date/team/opponent/location identity
2918,Gardner Minshew II,MinsGa00,2019-12-22,JAX,@,ATL,QB,MATCHED_CANONICAL_GAME,2019_16_JAX_ATL,2019,16,REG,JAX,ATL,away,date/team/opponent/location identity
2919,Kyler Murray,MurrKy00,2019-12-22,ARI,@,SEA,QB,MATCHED_CANONICAL_GAME,2019_16_ARI_SEA,2019,16,REG,ARI,SEA,away,date/team/opponent/location identity
2920,Dak Prescott,PresDa01,2019-12-22,DAL,@,PHI,QB,MATCHED_CANONICAL_GAME,2019_16_DAL_PHI,2019,16,REG,DAL,PHI,away,date/team/opponent/location identity
2921,Philip Rivers,RivePh00,2019-12-22,LAC,,OAK,QB,MATCHED_CANONICAL_GAME,2019_16_OAK_LAC,2019,16,REG,LV,LAC,home,date/team/opponent/location identity
2922,Matt Ryan,RyanMa00,2019-12-22,ATL,,JAX,QB,MATCHED_CANONICAL_GAME,2019_16_JAX_ATL,2019,16,REG,JAX,ATL,home,date/team/opponent/location identity
2923,Ryan Tannehill,TannRy00,2019-12-22,TEN,,NOR,QB,MATCHED_CANONICAL_GAME,2019_16_NO_TEN,2019,16,REG,NO,TEN,home,date/team/opponent/location identity
2924,Mitchell Trubisky,TrubMi00,2019-12-22,CHI,,KAN,QB,MATCHED_CANONICAL_GAME,2019_16_KC_CHI,2019,16,REG,KC,CHI,home,date/team/opponent/location identity
2925,Carson Wentz,WentCa00,2019-12-22,PHI,,DAL,QB,MATCHED_CANONICAL_GAME,2019_16_DAL_PHI,2019,16,REG,DAL,PHI,home,date/team/opponent/location identity
2926,Russell Wilson,WilsRu00,2019-12-22,SEA,,ARI,QB,MATCHED_CANONICAL_GAME,2019_16_ARI_SEA,2019,16,REG,ARI,SEA,home,date/team/opponent/location identity
2927,Josh Allen,AlleJo02,2019-12-21,BUF,@,NWE,QB,MATCHED_CANONICAL_GAME,2019_16_BUF_NE,2019,16,REG,BUF,NE,away,date/team/opponent/location identity
2928,Tom Brady,BradTo00,2019-12-21,NWE,,BUF,QB,MATCHED_CANONICAL_GAME,2019_16_BUF_NE,2019,16,REG,BUF,NE,home,date/team/opponent/location identity
2929,Jimmy Garoppolo,GaroJi00,2019-12-21,SFO,,LAR,QB,MATCHED_CANONICAL_GAME,2019_16_LA_SF,2019,16,REG,LAR,SF,home,date/team/opponent/location identity
2930,Jared Goff,GoffJa00,2019-12-21,LAR,@,SFO,QB,MATCHED_CANONICAL_GAME,2019_16_LA_SF,2019,16,REG,LAR,SF,away,date/team/opponent/location identity
2931,Deshaun Watson,WatsDe00,2019-12-21,HOU,@,TAM,QB,MATCHED_CANONICAL_GAME,2019_16_HOU_TB,2019,16,REG,HOU,TB,away,date/team/opponent/location identity
2932,Jameis Winston,WinsJa00,2019-12-21,TAM,,HOU,QB,MATCHED_CANONICAL_GAME,2019_16_HOU_TB,2019,16,REG,HOU,TB,home,date/team/opponent/location identity
2933,Drew Brees,BreeDr00,2019-12-16,NOR,,IND,QB,MATCHED_CANONICAL_GAME,2019_15_IND_NO,2019,15,REG,IND,NO,home,date/team/opponent/location identity
2934,Jacoby Brissett,BrisJa00,2019-12-16,IND,@,NOR,QB,MATCHED_CANONICAL_GAME,2019_15_IND_NO,2019,15,REG,IND,NO,away,date/team/opponent/location identity
2935,Taysom Hill,HillTa00,2019-12-16,NOR,,IND,WR/QB,MATCHED_CANONICAL_GAME,2019_15_IND_NO,2019,15,REG,IND,NO,home,date/team/opponent/location identity
2936,Josh Allen,AlleJo02,2019-12-15,BUF,@,PIT,QB,MATCHED_CANONICAL_GAME,2019_15_BUF_PIT,2019,15,REG,BUF,PIT,away,date/team/opponent/location identity
2937,Kyle Allen,AlleKy00,2019-12-15,CAR,,SEA,QB,MATCHED_CANONICAL_GAME,2019_15_SEA_CAR,2019,15,REG,SEA,CAR,home,date/team/opponent/location identity
2938,David Blough,BlouDa00,2019-12-15,DET,,TAM,QB,MATCHED_CANONICAL_GAME,2019_15_TB_DET,2019,15,REG,TB,DET,home,date/team/opponent/location identity
2939,Tom Brady,BradTo00,2019-12-15,NWE,@,CIN,QB,MATCHED_CANONICAL_GAME,2019_15_NE_CIN,2019,15,REG,NE,CIN,away,date/team/opponent/location identity
2940,Derek Carr,CarrDe02,2019-12-15,OAK,,JAX,QB,MATCHED_CANONICAL_GAME,2019_15_JAX_OAK,2019,15,REG,JAX,LV,home,date/team/opponent/location identity
2941,Kirk Cousins,CousKi00,2019-12-15,MIN,@,LAC,QB,MATCHED_CANONICAL_GAME,2019_15_MIN_LAC,2019,15,REG,MIN,LAC,away,date/team/opponent/location identity
2942,Andy Dalton,DaltAn00,2019-12-15,CIN,,NWE,QB,MATCHED_CANONICAL_GAME,2019_15_NE_CIN,2019,15,REG,NE,CIN,home,date/team/opponent/location identity
2943,Ryan Fitzpatrick,FitzRy00,2019-12-15,MIA,@,NYG,QB,MATCHED_CANONICAL_GAME,2019_15_MIA_NYG,2019,15,REG,MIA,NYG,away,date/team/opponent/location identity
2944,Jimmy Garoppolo,GaroJi00,2019-12-15,SFO,,ATL,QB,MATCHED_CANONICAL_GAME,2019_15_ATL_SF,2019,15,REG,ATL,SF,home,date/team/opponent/location identity
2945,Jared Goff,GoffJa00,2019-12-15,LAR,@,DAL,QB,MATCHED_CANONICAL_GAME,2019_15_LA_DAL,2019,15,REG,LAR,DAL,away,date/team/opponent/location identity
2946,Dwayne Haskins,HaskDw00,2019-12-15,WAS,,PHI,QB,MATCHED_CANONICAL_GAME,2019_15_PHI_WAS,2019,15,REG,PHI,WAS,home,date/team/opponent/location identity
2947,Devlin Hodges,HodgDe00,2019-12-15,PIT,,BUF,QB,MATCHED_CANONICAL_GAME,2019_15_BUF_PIT,2019,15,REG,BUF,PIT,home,date/team/opponent/location identity
2948,Drew Lock,LockDr00,2019-12-15,DEN,@,KAN,QB,MATCHED_CANONICAL_GAME,2019_15_DEN_KC,2019,15,REG,DEN,KC,away,date/team/opponent/location identity
2949,Patrick Mahomes,MahoPa00,2019-12-15,KAN,,DEN,QB,MATCHED_CANONICAL_GAME,2019_15_DEN_KC,2019,15,REG,DEN,KC,home,date/team/opponent/location identity
2950,Eli Manning,MannEl00,2019-12-15,NYG,,MIA,QB,MATCHED_CANONICAL_GAME,2019_15_MIA_NYG,2019,15,REG,MIA,NYG,home,date/team/opponent/location identity
2951,Baker Mayfield,MayfBa00,2019-12-15,CLE,@,ARI,QB,MATCHED_CANONICAL_GAME,2019_15_CLE_ARI,2019,15,REG,CLE,ARI,away,date/team/opponent/location identity
2952,Gardner Minshew II,MinsGa00,2019-12-15,JAX,@,OAK,QB,MATCHED_CANONICAL_GAME,2019_15_JAX_OAK,2019,15,REG,JAX,LV,away,date/team/opponent/location identity
2953,Kyler Murray,MurrKy00,2019-12-15,ARI,,CLE,QB,MATCHED_CANONICAL_GAME,2019_15_CLE_ARI,2019,15,REG,CLE,ARI,home,date/team/opponent/location identity
2954,Dak Prescott,PresDa01,2019-12-15,DAL,,LAR,QB,MATCHED_CANONICAL_GAME,2019_15_LA_DAL,2019,15,REG,LAR,DAL,home,date/team/opponent/location identity
2955,Philip Rivers,RivePh00,2019-12-15,LAC,,MIN,QB,MATCHED_CANONICAL_GAME,2019_15_MIN_LAC,2019,15,REG,MIN,LAC,home,date/team/opponent/location identity
2956,Aaron Rodgers,RodgAa00,2019-12-15,GNB,,CHI,QB,MATCHED_CANONICAL_GAME,2019_15_CHI_GB,2019,15,REG,CHI,GB,home,date/team/opponent/location identity
2957,Matt Ryan,RyanMa00,2019-12-15,ATL,@,SFO,QB,MATCHED_CANONICAL_GAME,2019_15_ATL_SF,2019,15,REG,ATL,SF,away,date/team/opponent/location identity
2958,Ryan Tannehill,TannRy00,2019-12-15,TEN,,HOU,QB,MATCHED_CANONICAL_GAME,2019_15_HOU_TEN,2019,15,REG,HOU,TEN,home,date/team/opponent/location identity
2959,Mitchell Trubisky,TrubMi00,2019-12-15,CHI,@,GNB,QB,MATCHED_CANONICAL_GAME,2019_15_CHI_GB,2019,15,REG,CHI,GB,away,date/team/opponent/location identity
2960,Deshaun Watson,WatsDe00,2019-12-15,HOU,@,TEN,QB,MATCHED_CANONICAL_GAME,2019_15_HOU_TEN,2019,15,REG,HOU,TEN,away,date/team/opponent/location identity
2961,Carson Wentz,WentCa00,2019-12-15,PHI,@,WAS,QB,MATCHED_CANONICAL_GAME,2019_15_PHI_WAS,2019,15,REG,PHI,WAS,away,date/team/opponent/location identity
2962,Russell Wilson,WilsRu00,2019-12-15,SEA,@,CAR,QB,MATCHED_CANONICAL_GAME,2019_15_SEA_CAR,2019,15,REG,SEA,CAR,away,date/team/opponent/location identity
2963,Jameis Winston,WinsJa00,2019-12-15,TAM,@,DET,QB,MATCHED_CANONICAL_GAME,2019_15_TB_DET,2019,15,REG,TB,DET,away,date/team/opponent/location identity
2964,Sam Darnold,DarnSa00,2019-12-12,NYJ,@,BAL,QB,MATCHED_CANONICAL_GAME,2019_15_NYJ_BAL,2019,15,REG,NYJ,BAL,away,date/team/opponent/location identity
2965,Lamar Jackson,JackLa00,2019-12-12,BAL,,NYJ,QB,MATCHED_CANONICAL_GAME,2019_15_NYJ_BAL,2019,15,REG,NYJ,BAL,home,date/team/opponent/location identity
2966,Eli Manning,MannEl00,2019-12-09,NYG,@,PHI,QB,MATCHED_CANONICAL_GAME,2019_14_NYG_PHI,2019,14,REG,NYG,PHI,away,date/team/opponent/location identity
2967,Carson Wentz,WentCa00,2019-12-09,PHI,,NYG,QB,MATCHED_CANONICAL_GAME,2019_14_NYG_PHI,2019,14,REG,NYG,PHI,home,date/team/opponent/location identity
2968,Josh Allen,AlleJo02,2019-12-08,BUF,,BAL,QB,MATCHED_CANONICAL_GAME,2019_14_BAL_BUF,2019,14,REG,BAL,BUF,home,date/team/opponent/location identity
2969,Kyle Allen,AlleKy00,2019-12-08,CAR,@,ATL,QB,MATCHED_CANONICAL_GAME,2019_14_CAR_ATL,2019,14,REG,CAR,ATL,away,date/team/opponent/location identity
2970,David Blough,BlouDa00,2019-12-08,DET,@,MIN,QB,MATCHED_CANONICAL_GAME,2019_14_DET_MIN,2019,14,REG,DET,MIN,away,date/team/opponent/location identity
2971,Tom Brady,BradTo00,2019-12-08,NWE,,KAN,QB,MATCHED_CANONICAL_GAME,2019_14_KC_NE,2019,14,REG,KC,NE,home,date/team/opponent/location identity
2972,Drew Brees,BreeDr00,2019-12-08,NOR,,SFO,QB,MATCHED_CANONICAL_GAME,2019_14_SF_NO,2019,14,REG,SF,NO,home,date/team/opponent/location identity
2973,Jacoby Brissett,BrisJa00,2019-12-08,IND,@,TAM,QB,MATCHED_CANONICAL_GAME,2019_14_IND_TB,2019,14,REG,IND,TB,away,date/team/opponent/location identity
2974,Derek Carr,CarrDe02,2019-12-08,OAK,,TEN,QB,MATCHED_CANONICAL_GAME,2019_14_TEN_OAK,2019,14,REG,TEN,LV,home,date/team/opponent/location identity
2975,Kirk Cousins,CousKi00,2019-12-08,MIN,,DET,QB,MATCHED_CANONICAL_GAME,2019_14_DET_MIN,2019,14,REG,DET,MIN,home,date/team/opponent/location identity
2976,Andy Dalton,DaltAn00,2019-12-08,CIN,@,CLE,QB,MATCHED_CANONICAL_GAME,2019_14_CIN_CLE,2019,14,REG,CIN,CLE,away,date/team/opponent/location identity
2977,Sam Darnold,DarnSa00,2019-12-08,NYJ,,MIA,QB,MATCHED_CANONICAL_GAME,2019_14_MIA_NYJ,2019,14,REG,MIA,NYJ,home,date/team/opponent/location identity
2978,Ryan Fitzpatrick,FitzRy00,2019-12-08,MIA,@,NYJ,QB,MATCHED_CANONICAL_GAME,2019_14_MIA_NYJ,2019,14,REG,MIA,NYJ,away,date/team/opponent/location identity
2979,Jimmy Garoppolo,GaroJi00,2019-12-08,SFO,@,NOR,QB,MATCHED_CANONICAL_GAME,2019_14_SF_NO,2019,14,REG,SF,NO,away,date/team/opponent/location identity
2980,Jared Goff,GoffJa00,2019-12-08,LAR,,SEA,QB,MATCHED_CANONICAL_GAME,2019_14_SEA_LA,2019,14,REG,SEA,LAR,home,date/team/opponent/location identity
2981,Dwayne Haskins,HaskDw00,2019-12-08,WAS,@,GNB,QB,MATCHED_CANONICAL_GAME,2019_14_WAS_GB,2019,14,REG,WAS,GB,away,date/team/opponent/location identity
2982,Devlin Hodges,HodgDe00,2019-12-08,PIT,@,ARI,QB,MATCHED_CANONICAL_GAME,2019_14_PIT_ARI,2019,14,REG,PIT,ARI,away,date/team/opponent/location identity
2983,Lamar Jackson,JackLa00,2019-12-08,BAL,@,BUF,QB,MATCHED_CANONICAL_GAME,2019_14_BAL_BUF,2019,14,REG,BAL,BUF,away,date/team/opponent/location identity
2984,Drew Lock,LockDr00,2019-12-08,DEN,@,HOU,QB,MATCHED_CANONICAL_GAME,2019_14_DEN_HOU,2019,14,REG,DEN,HOU,away,date/team/opponent/location identity
2985,Patrick Mahomes,MahoPa00,2019-12-08,KAN,@,NWE,QB,MATCHED_CANONICAL_GAME,2019_14_KC_NE,2019,14,REG,KC,NE,away,date/team/opponent/location identity
2986,Baker Mayfield,MayfBa00,2019-12-08,CLE,,CIN,QB,MATCHED_CANONICAL_GAME,2019_14_CIN_CLE,2019,14,REG,CIN,CLE,home,date/team/opponent/location identity
2987,Gardner Minshew II,MinsGa00,2019-12-08,JAX,,LAC,QB,MATCHED_CANONICAL_GAME,2019_14_LAC_JAX,2019,14,REG,LAC,JAX,home,date/team/opponent/location identity
2988,Kyler Murray,MurrKy00,2019-12-08,ARI,,PIT,QB,MATCHED_CANONICAL_GAME,2019_14_PIT_ARI,2019,14,REG,PIT,ARI,home,date/team/opponent/location identity
2989,Philip Rivers,RivePh00,2019-12-08,LAC,@,JAX,QB,MATCHED_CANONICAL_GAME,2019_14_LAC_JAX,2019,14,REG,LAC,JAX,away,date/team/opponent/location identity
2990,Aaron Rodgers,RodgAa00,2019-12-08,GNB,,WAS,QB,MATCHED_CANONICAL_GAME,2019_14_WAS_GB,2019,14,REG,WAS,GB,home,date/team/opponent/location identity
2991,Matt Ryan,RyanMa00,2019-12-08,ATL,,CAR,QB,MATCHED_CANONICAL_GAME,2019_14_CAR_ATL,2019,14,REG,CAR,ATL,home,date/team/opponent/location identity
2992,Ryan Tannehill,TannRy00,2019-12-08,TEN,@,OAK,QB,MATCHED_CANONICAL_GAME,2019_14_TEN_OAK,2019,14,REG,TEN,LV,away,date/team/opponent/location identity
2993,Deshaun Watson,WatsDe00,2019-12-08,HOU,,DEN,QB,MATCHED_CANONICAL_GAME,2019_14_DEN_HOU,2019,14,REG,DEN,HOU,home,date/team/opponent/location identity
2994,Russell Wilson,WilsRu00,2019-12-08,SEA,@,LAR,QB,MATCHED_CANONICAL_GAME,2019_14_SEA_LA,2019,14,REG,SEA,LAR,away,date/team/opponent/location identity
2995,Jameis Winston,WinsJa00,2019-12-08,TAM,,IND,QB,MATCHED_CANONICAL_GAME,2019_14_IND_TB,2019,14,REG,IND,TB,home,date/team/opponent/location identity
2996,Dak Prescott,PresDa01,2019-12-05,DAL,@,CHI,QB,MATCHED_CANONICAL_GAME,2019_14_DAL_CHI,2019,14,REG,DAL,CHI,away,date/team/opponent/location identity
2997,Mitchell Trubisky,TrubMi00,2019-12-05,CHI,,DAL,QB,MATCHED_CANONICAL_GAME,2019_14_DAL_CHI,2019,14,REG,DAL,CHI,home,date/team/opponent/location identity
2998,Kirk Cousins,CousKi00,2019-12-02,MIN,@,SEA,QB,MATCHED_CANONICAL_GAME,2019_13_MIN_SEA,2019,13,REG,MIN,SEA,away,date/team/opponent/location identity
2999,Russell Wilson,WilsRu00,2019-12-02,SEA,,MIN,QB,MATCHED_CANONICAL_GAME,2019_13_MIN_SEA,2019,13,REG,MIN,SEA,home,date/team/opponent/location identity
3000,Kyle Allen,AlleKy00,2019-12-01,CAR,,WAS,QB,MATCHED_CANONICAL_GAME,2019_13_WAS_CAR,2019,13,REG,WAS,CAR,home,date/team/opponent/location identity
3001,Tom Brady,BradTo00,2019-12-01,NWE,@,HOU,QB,MATCHED_CANONICAL_GAME,2019_13_NE_HOU,2019,13,REG,NE,HOU,away,date/team/opponent/location identity
3002,Jacoby Brissett,BrisJa00,2019-12-01,IND,,TEN,QB,MATCHED_CANONICAL_GAME,2019_13_TEN_IND,2019,13,REG,TEN,IND,home,date/team/opponent/location identity
3003,Derek Carr,CarrDe02,2019-12-01,OAK,@,KAN,QB,MATCHED_CANONICAL_GAME,2019_13_OAK_KC,2019,13,REG,LV,KC,away,date/team/opponent/location identity
3004,Andy Dalton,DaltAn00,2019-12-01,CIN,,NYJ,QB,MATCHED_CANONICAL_GAME,2019_13_NYJ_CIN,2019,13,REG,NYJ,CIN,home,date/team/opponent/location identity
3005,Sam Darnold,DarnSa00,2019-12-01,NYJ,@,CIN,QB,MATCHED_CANONICAL_GAME,2019_13_NYJ_CIN,2019,13,REG,NYJ,CIN,away,date/team/opponent/location identity
3006,Ryan Fitzpatrick,FitzRy00,2019-12-01,MIA,,PHI,QB,MATCHED_CANONICAL_GAME,2019_13_PHI_MIA,2019,13,REG,PHI,MIA,home,date/team/opponent/location identity
3007,Nick Foles,FoleNi00,2019-12-01,JAX,,TAM,QB,MATCHED_CANONICAL_GAME,2019_13_TB_JAX,2019,13,REG,TB,JAX,home,date/team/opponent/location identity
3008,Jimmy Garoppolo,GaroJi00,2019-12-01,SFO,@,BAL,QB,MATCHED_CANONICAL_GAME,2019_13_SF_BAL,2019,13,REG,SF,BAL,away,date/team/opponent/location identity
3009,Jared Goff,GoffJa00,2019-12-01,LAR,@,ARI,QB,MATCHED_CANONICAL_GAME,2019_13_LA_ARI,2019,13,REG,LAR,ARI,away,date/team/opponent/location identity
3010,Dwayne Haskins,HaskDw00,2019-12-01,WAS,@,CAR,QB,MATCHED_CANONICAL_GAME,2019_13_WAS_CAR,2019,13,REG,WAS,CAR,away,date/team/opponent/location identity
3011,Devlin Hodges,HodgDe00,2019-12-01,PIT,,CLE,QB,MATCHED_CANONICAL_GAME,2019_13_CLE_PIT,2019,13,REG,CLE,PIT,home,date/team/opponent/location identity
3012,Lamar Jackson,JackLa00,2019-12-01,BAL,,SFO,QB,MATCHED_CANONICAL_GAME,2019_13_SF_BAL,2019,13,REG,SF,BAL,home,date/team/opponent/location identity
3013,Daniel Jones,JoneDa05,2019-12-01,NYG,,GNB,QB,MATCHED_CANONICAL_GAME,2019_13_GB_NYG,2019,13,REG,GB,NYG,home,date/team/opponent/location identity
3014,Drew Lock,LockDr00,2019-12-01,DEN,,LAC,QB,MATCHED_CANONICAL_GAME,2019_13_LAC_DEN,2019,13,REG,LAC,DEN,home,date/team/opponent/location identity
3015,Patrick Mahomes,MahoPa00,2019-12-01,KAN,,OAK,QB,MATCHED_CANONICAL_GAME,2019_13_OAK_KC,2019,13,REG,LV,KC,home,date/team/opponent/location identity
3016,Baker Mayfield,MayfBa00,2019-12-01,CLE,@,PIT,QB,MATCHED_CANONICAL_GAME,2019_13_CLE_PIT,2019,13,REG,CLE,PIT,away,date/team/opponent/location identity
3017,Kyler Murray,MurrKy00,2019-12-01,ARI,,LAR,QB,MATCHED_CANONICAL_GAME,2019_13_LA_ARI,2019,13,REG,LAR,ARI,home,date/team/opponent/location identity
3018,Philip Rivers,RivePh00,2019-12-01,LAC,@,DEN,QB,MATCHED_CANONICAL_GAME,2019_13_LAC_DEN,2019,13,REG,LAC,DEN,away,date/team/opponent/location identity
3019,Aaron Rodgers,RodgAa00,2019-12-01,GNB,@,NYG,QB,MATCHED_CANONICAL_GAME,2019_13_GB_NYG,2019,13,REG,GB,NYG,away,date/team/opponent/location identity
3020,Ryan Tannehill,TannRy00,2019-12-01,TEN,@,IND,QB,MATCHED_CANONICAL_GAME,2019_13_TEN_IND,2019,13,REG,TEN,IND,away,date/team/opponent/location identity
3021,Deshaun Watson,WatsDe00,2019-12-01,HOU,,NWE,QB,MATCHED_CANONICAL_GAME,2019_13_NE_HOU,2019,13,REG,NE,HOU,home,date/team/opponent/location identity
3022,Carson Wentz,WentCa00,2019-12-01,PHI,@,MIA,QB,MATCHED_CANONICAL_GAME,2019_13_PHI_MIA,2019,13,REG,PHI,MIA,away,date/team/opponent/location identity
3023,Jameis Winston,WinsJa00,2019-12-01,TAM,@,JAX,QB,MATCHED_CANONICAL_GAME,2019_13_TB_JAX,2019,13,REG,TB,JAX,away,date/team/opponent/location identity
3024,Josh Allen,AlleJo02,2019-11-28,BUF,@,DAL,QB,MATCHED_CANONICAL_GAME,2019_13_BUF_DAL,2019,13,REG,BUF,DAL,away,date/team/opponent/location identity
3025,David Blough,BlouDa00,2019-11-28,DET,,CHI,QB,MATCHED_CANONICAL_GAME,2019_13_CHI_DET,2019,13,REG,CHI,DET,home,date/team/opponent/location identity
3026,Drew Brees,BreeDr00,2019-11-28,NOR,@,ATL,QB,MATCHED_CANONICAL_GAME,2019_13_NO_ATL,2019,13,REG,NO,ATL,away,date/team/opponent/location identity
3027,Taysom Hill,HillTa00,2019-11-28,NOR,@,ATL,WR/QB,MATCHED_CANONICAL_GAME,2019_13_NO_ATL,2019,13,REG,NO,ATL,away,date/team/opponent/location identity
3028,Dak Prescott,PresDa01,2019-11-28,DAL,,BUF,QB,MATCHED_CANONICAL_GAME,2019_13_BUF_DAL,2019,13,REG,BUF,DAL,home,date/team/opponent/location identity
3029,Matt Ryan,RyanMa00,2019-11-28,ATL,,NOR,QB,MATCHED_CANONICAL_GAME,2019_13_NO_ATL,2019,13,REG,NO,ATL,home,date/team/opponent/location identity
3030,Mitchell Trubisky,TrubMi00,2019-11-28,CHI,@,DET,QB,MATCHED_CANONICAL_GAME,2019_13_CHI_DET,2019,13,REG,CHI,DET,away,date/team/opponent/location identity
3031,Jared Goff,GoffJa00,2019-11-25,LAR,,BAL,QB,MATCHED_CANONICAL_GAME,2019_12_BAL_LA,2019,12,REG,BAL,LAR,home,date/team/opponent/location identity
3032,Lamar Jackson,JackLa00,2019-11-25,BAL,@,LAR,QB,MATCHED_CANONICAL_GAME,2019_12_BAL_LA,2019,12,REG,BAL,LAR,away,date/team/opponent/location identity
3033,Brandon Allen,AlleBr00,2019-11-24,DEN,@,BUF,QB,MATCHED_CANONICAL_GAME,2019_12_DEN_BUF,2019,12,REG,DEN,BUF,away,date/team/opponent/location identity
3034,Josh Allen,AlleJo02,2019-11-24,BUF,,DEN,QB,MATCHED_CANONICAL_GAME,2019_12_DEN_BUF,2019,12,REG,DEN,BUF,home,date/team/opponent/location identity
3035,Kyle Allen,AlleKy00,2019-11-24,CAR,@,NOR,QB,MATCHED_CANONICAL_GAME,2019_12_CAR_NO,2019,12,REG,CAR,NO,away,date/team/opponent/location identity
3036,Tom Brady,BradTo00,2019-11-24,NWE,,DAL,QB,MATCHED_CANONICAL_GAME,2019_12_DAL_NE,2019,12,REG,DAL,NE,home,date/team/opponent/location identity
3037,Drew Brees,BreeDr00,2019-11-24,NOR,,CAR,QB,MATCHED_CANONICAL_GAME,2019_12_CAR_NO,2019,12,REG,CAR,NO,home,date/team/opponent/location identity
3038,Derek Carr,CarrDe02,2019-11-24,OAK,@,NYJ,QB,MATCHED_CANONICAL_GAME,2019_12_OAK_NYJ,2019,12,REG,LV,NYJ,away,date/team/opponent/location identity
3039,Sam Darnold,DarnSa00,2019-11-24,NYJ,,OAK,QB,MATCHED_CANONICAL_GAME,2019_12_OAK_NYJ,2019,12,REG,LV,NYJ,home,date/team/opponent/location identity
3040,Jeff Driskel,DrisJe00,2019-11-24,DET,@,WAS,QB,MATCHED_CANONICAL_GAME,2019_12_DET_WAS,2019,12,REG,DET,WAS,away,date/team/opponent/location identity
3041,Ryan Finley,FinlRy00,2019-11-24,CIN,,PIT,QB,MATCHED_CANONICAL_GAME,2019_12_PIT_CIN,2019,12,REG,PIT,CIN,home,date/team/opponent/location identity
3042,Ryan Fitzpatrick,FitzRy00,2019-11-24,MIA,@,CLE,QB,MATCHED_CANONICAL_GAME,2019_12_MIA_CLE,2019,12,REG,MIA,CLE,away,date/team/opponent/location identity
3043,Nick Foles,FoleNi00,2019-11-24,JAX,@,TEN,QB,MATCHED_CANONICAL_GAME,2019_12_JAX_TEN,2019,12,REG,JAX,TEN,away,date/team/opponent/location identity
3044,Jimmy Garoppolo,GaroJi00,2019-11-24,SFO,,GNB,QB,MATCHED_CANONICAL_GAME,2019_12_GB_SF,2019,12,REG,GB,SF,home,date/team/opponent/location identity
3045,Dwayne Haskins,HaskDw00,2019-11-24,WAS,,DET,QB,MATCHED_CANONICAL_GAME,2019_12_DET_WAS,2019,12,REG,DET,WAS,home,date/team/opponent/location identity
3046,Daniel Jones,JoneDa05,2019-11-24,NYG,@,CHI,QB,MATCHED_CANONICAL_GAME,2019_12_NYG_CHI,2019,12,REG,NYG,CHI,away,date/team/opponent/location identity
3047,Baker Mayfield,MayfBa00,2019-11-24,CLE,,MIA,QB,MATCHED_CANONICAL_GAME,2019_12_MIA_CLE,2019,12,REG,MIA,CLE,home,date/team/opponent/location identity
3048,Dak Prescott,PresDa01,2019-11-24,DAL,@,NWE,QB,MATCHED_CANONICAL_GAME,2019_12_DAL_NE,2019,12,REG,DAL,NE,away,date/team/opponent/location identity
3049,Aaron Rodgers,RodgAa00,2019-11-24,GNB,@,SFO,QB,MATCHED_CANONICAL_GAME,2019_12_GB_SF,2019,12,REG,GB,SF,away,date/team/opponent/location identity
3050,Mason Rudolph,RudoMa00,2019-11-24,PIT,@,CIN,QB,MATCHED_CANONICAL_GAME,2019_12_PIT_CIN,2019,12,REG,PIT,CIN,away,date/team/opponent/location identity
3051,Matt Ryan,RyanMa00,2019-11-24,ATL,,TAM,QB,MATCHED_CANONICAL_GAME,2019_12_TB_ATL,2019,12,REG,TB,ATL,home,date/team/opponent/location identity
3052,Ryan Tannehill,TannRy00,2019-11-24,TEN,,JAX,QB,MATCHED_CANONICAL_GAME,2019_12_JAX_TEN,2019,12,REG,JAX,TEN,home,date/team/opponent/location identity
3053,Mitchell Trubisky,TrubMi00,2019-11-24,CHI,,NYG,QB,MATCHED_CANONICAL_GAME,2019_12_NYG_CHI,2019,12,REG,NYG,CHI,home,date/team/opponent/location identity
3054,Carson Wentz,WentCa00,2019-11-24,PHI,,SEA,QB,MATCHED_CANONICAL_GAME,2019_12_SEA_PHI,2019,12,REG,SEA,PHI,home,date/team/opponent/location identity
3055,Russell Wilson,WilsRu00,2019-11-24,SEA,@,PHI,QB,MATCHED_CANONICAL_GAME,2019_12_SEA_PHI,2019,12,REG,SEA,PHI,away,date/team/opponent/location identity
3056,Jameis Winston,WinsJa00,2019-11-24,TAM,@,ATL,QB,MATCHED_CANONICAL_GAME,2019_12_TB_ATL,2019,12,REG,TB,ATL,away,date/team/opponent/location identity
3057,Jacoby Brissett,BrisJa00,2019-11-21,IND,@,HOU,QB,MATCHED_CANONICAL_GAME,2019_12_IND_HOU,2019,12,REG,IND,HOU,away,date/team/opponent/location identity
3058,Deshaun Watson,WatsDe00,2019-11-21,HOU,,IND,QB,MATCHED_CANONICAL_GAME,2019_12_IND_HOU,2019,12,REG,IND,HOU,home,date/team/opponent/location identity
3059,Patrick Mahomes,MahoPa00,2019-11-18,KAN,@,LAC,QB,MATCHED_CANONICAL_GAME,2019_11_KC_LAC,2019,11,REG,KC,LAC,away,date/team/opponent/location identity
3060,Philip Rivers,RivePh00,2019-11-18,LAC,,KAN,QB,MATCHED_CANONICAL_GAME,2019_11_KC_LAC,2019,11,REG,KC,LAC,home,date/team/opponent/location identity
3061,Brandon Allen,AlleBr00,2019-11-17,DEN,@,MIN,QB,MATCHED_CANONICAL_GAME,2019_11_DEN_MIN,2019,11,REG,DEN,MIN,away,date/team/opponent/location identity
3062,Josh Allen,AlleJo02,2019-11-17,BUF,@,MIA,QB,MATCHED_CANONICAL_GAME,2019_11_BUF_MIA,2019,11,REG,BUF,MIA,away,date/team/opponent/location identity
3063,Kyle Allen,AlleKy00,2019-11-17,CAR,,ATL,QB,MATCHED_CANONICAL_GAME,2019_11_ATL_CAR,2019,11,REG,ATL,CAR,home,date/team/opponent/location identity
3064,Tom Brady,BradTo00,2019-11-17,NWE,@,PHI,QB,MATCHED_CANONICAL_GAME,2019_11_NE_PHI,2019,11,REG,NE,PHI,away,date/team/opponent/location identity
3065,Drew Brees,BreeDr00,2019-11-17,NOR,@,TAM,QB,MATCHED_CANONICAL_GAME,2019_11_NO_TB,2019,11,REG,NO,TB,away,date/team/opponent/location identity
3066,Jacoby Brissett,BrisJa00,2019-11-17,IND,,JAX,QB,MATCHED_CANONICAL_GAME,2019_11_JAX_IND,2019,11,REG,JAX,IND,home,date/team/opponent/location identity
3067,Derek Carr,CarrDe02,2019-11-17,OAK,,CIN,QB,MATCHED_CANONICAL_GAME,2019_11_CIN_OAK,2019,11,REG,CIN,LV,home,date/team/opponent/location identity
3068,Kirk Cousins,CousKi00,2019-11-17,MIN,,DEN,QB,MATCHED_CANONICAL_GAME,2019_11_DEN_MIN,2019,11,REG,DEN,MIN,home,date/team/opponent/location identity
3069,Sam Darnold,DarnSa00,2019-11-17,NYJ,@,WAS,QB,MATCHED_CANONICAL_GAME,2019_11_NYJ_WAS,2019,11,REG,NYJ,WAS,away,date/team/opponent/location identity
3070,Jeff Driskel,DrisJe00,2019-11-17,DET,,DAL,QB,MATCHED_CANONICAL_GAME,2019_11_DAL_DET,2019,11,REG,DAL,DET,home,date/team/opponent/location identity
3071,Ryan Finley,FinlRy00,2019-11-17,CIN,@,OAK,QB,MATCHED_CANONICAL_GAME,2019_11_CIN_OAK,2019,11,REG,CIN,LV,away,date/team/opponent/location identity
3072,Ryan Fitzpatrick,FitzRy00,2019-11-17,MIA,,BUF,QB,MATCHED_CANONICAL_GAME,2019_11_BUF_MIA,2019,11,REG,BUF,MIA,home,date/team/opponent/location identity
3073,Nick Foles,FoleNi00,2019-11-17,JAX,@,IND,QB,MATCHED_CANONICAL_GAME,2019_11_JAX_IND,2019,11,REG,JAX,IND,away,date/team/opponent/location identity
3074,Jimmy Garoppolo,GaroJi00,2019-11-17,SFO,,ARI,QB,MATCHED_CANONICAL_GAME,2019_11_ARI_SF,2019,11,REG,ARI,SF,home,date/team/opponent/location identity
3075,Jared Goff,GoffJa00,2019-11-17,LAR,,CHI,QB,MATCHED_CANONICAL_GAME,2019_11_CHI_LA,2019,11,REG,CHI,LAR,home,date/team/opponent/location identity
3076,Dwayne Haskins,HaskDw00,2019-11-17,WAS,,NYJ,QB,MATCHED_CANONICAL_GAME,2019_11_NYJ_WAS,2019,11,REG,NYJ,WAS,home,date/team/opponent/location identity
3077,Lamar Jackson,JackLa00,2019-11-17,BAL,,HOU,QB,MATCHED_CANONICAL_GAME,2019_11_HOU_BAL,2019,11,REG,HOU,BAL,home,date/team/opponent/location identity
3078,Kyler Murray,MurrKy00,2019-11-17,ARI,@,SFO,QB,MATCHED_CANONICAL_GAME,2019_11_ARI_SF,2019,11,REG,ARI,SF,away,date/team/opponent/location identity
3079,Dak Prescott,PresDa01,2019-11-17,DAL,@,DET,QB,MATCHED_CANONICAL_GAME,2019_11_DAL_DET,2019,11,REG,DAL,DET,away,date/team/opponent/location identity
3080,Matt Ryan,RyanMa00,2019-11-17,ATL,@,CAR,QB,MATCHED_CANONICAL_GAME,2019_11_ATL_CAR,2019,11,REG,ATL,CAR,away,date/team/opponent/location identity
3081,Mitchell Trubisky,TrubMi00,2019-11-17,CHI,@,LAR,QB,MATCHED_CANONICAL_GAME,2019_11_CHI_LA,2019,11,REG,CHI,LAR,away,date/team/opponent/location identity
3082,Deshaun Watson,WatsDe00,2019-11-17,HOU,@,BAL,QB,MATCHED_CANONICAL_GAME,2019_11_HOU_BAL,2019,11,REG,HOU,BAL,away,date/team/opponent/location identity
3083,Carson Wentz,WentCa00,2019-11-17,PHI,,NWE,QB,MATCHED_CANONICAL_GAME,2019_11_NE_PHI,2019,11,REG,NE,PHI,home,date/team/opponent/location identity
3084,Jameis Winston,WinsJa00,2019-11-17,TAM,,NOR,QB,MATCHED_CANONICAL_GAME,2019_11_NO_TB,2019,11,REG,NO,TB,home,date/team/opponent/location identity
3085,Baker Mayfield,MayfBa00,2019-11-14,CLE,,PIT,QB,MATCHED_CANONICAL_GAME,2019_11_PIT_CLE,2019,11,REG,PIT,CLE,home,date/team/opponent/location identity
3086,Mason Rudolph,RudoMa00,2019-11-14,PIT,@,CLE,QB,MATCHED_CANONICAL_GAME,2019_11_PIT_CLE,2019,11,REG,PIT,CLE,away,date/team/opponent/location identity
3087,Jimmy Garoppolo,GaroJi00,2019-11-11,SFO,,SEA,QB,MATCHED_CANONICAL_GAME,2019_10_SEA_SF,2019,10,REG,SEA,SF,home,date/team/opponent/location identity
3088,Russell Wilson,WilsRu00,2019-11-11,SEA,@,SFO,QB,MATCHED_CANONICAL_GAME,2019_10_SEA_SF,2019,10,REG,SEA,SF,away,date/team/opponent/location identity
3089,Josh Allen,AlleJo02,2019-11-10,BUF,@,CLE,QB,MATCHED_CANONICAL_GAME,2019_10_BUF_CLE,2019,10,REG,BUF,CLE,away,date/team/opponent/location identity
3090,Kyle Allen,AlleKy00,2019-11-10,CAR,@,GNB,QB,MATCHED_CANONICAL_GAME,2019_10_CAR_GB,2019,10,REG,CAR,GB,away,date/team/opponent/location identity
3091,Drew Brees,BreeDr00,2019-11-10,NOR,,ATL,QB,MATCHED_CANONICAL_GAME,2019_10_ATL_NO,2019,10,REG,ATL,NO,home,date/team/opponent/location identity
3092,Kirk Cousins,CousKi00,2019-11-10,MIN,@,DAL,QB,MATCHED_CANONICAL_GAME,2019_10_MIN_DAL,2019,10,REG,MIN,DAL,away,date/team/opponent/location identity
3093,Sam Darnold,DarnSa00,2019-11-10,NYJ,,NYG,QB,MATCHED_CANONICAL_GAME,2019_10_NYG_NYJ,2019,10,REG,NYG,NYJ,home,date/team/opponent/location identity
3094,Jeff Driskel,DrisJe00,2019-11-10,DET,@,CHI,QB,MATCHED_CANONICAL_GAME,2019_10_DET_CHI,2019,10,REG,DET,CHI,away,date/team/opponent/location identity
3095,Ryan Finley,FinlRy00,2019-11-10,CIN,,BAL,QB,MATCHED_CANONICAL_GAME,2019_10_BAL_CIN,2019,10,REG,BAL,CIN,home,date/team/opponent/location identity
3096,Ryan Fitzpatrick,FitzRy00,2019-11-10,MIA,@,IND,QB,MATCHED_CANONICAL_GAME,2019_10_MIA_IND,2019,10,REG,MIA,IND,away,date/team/opponent/location identity
3097,Jared Goff,GoffJa00,2019-11-10,LAR,@,PIT,QB,MATCHED_CANONICAL_GAME,2019_10_LA_PIT,2019,10,REG,LAR,PIT,away,date/team/opponent/location identity
3098,Brian Hoyer,HoyeBr00,2019-11-10,IND,,MIA,QB,MATCHED_CANONICAL_GAME,2019_10_MIA_IND,2019,10,REG,MIA,IND,home,date/team/opponent/location identity
3099,Lamar Jackson,JackLa00,2019-11-10,BAL,@,CIN,QB,MATCHED_CANONICAL_GAME,2019_10_BAL_CIN,2019,10,REG,BAL,CIN,away,date/team/opponent/location identity
3100,Daniel Jones,JoneDa05,2019-11-10,NYG,@,NYJ,QB,MATCHED_CANONICAL_GAME,2019_10_NYG_NYJ,2019,10,REG,NYG,NYJ,away,date/team/opponent/location identity
3101,Patrick Mahomes,MahoPa00,2019-11-10,KAN,@,TEN,QB,MATCHED_CANONICAL_GAME,2019_10_KC_TEN,2019,10,REG,KC,TEN,away,date/team/opponent/location identity
3102,Baker Mayfield,MayfBa00,2019-11-10,CLE,,BUF,QB,MATCHED_CANONICAL_GAME,2019_10_BUF_CLE,2019,10,REG,BUF,CLE,home,date/team/opponent/location identity
3103,Kyler Murray,MurrKy00,2019-11-10,ARI,@,TAM,QB,MATCHED_CANONICAL_GAME,2019_10_ARI_TB,2019,10,REG,ARI,TB,away,date/team/opponent/location identity
3104,Dak Prescott,PresDa01,2019-11-10,DAL,,MIN,QB,MATCHED_CANONICAL_GAME,2019_10_MIN_DAL,2019,10,REG,MIN,DAL,home,date/team/opponent/location identity
3105,Aaron Rodgers,RodgAa00,2019-11-10,GNB,,CAR,QB,MATCHED_CANONICAL_GAME,2019_10_CAR_GB,2019,10,REG,CAR,GB,home,date/team/opponent/location identity
3106,Mason Rudolph,RudoMa00,2019-11-10,PIT,,LAR,QB,MATCHED_CANONICAL_GAME,2019_10_LA_PIT,2019,10,REG,LAR,PIT,home,date/team/opponent/location identity
3107,Matt Ryan,RyanMa00,2019-11-10,ATL,@,NOR,QB,MATCHED_CANONICAL_GAME,2019_10_ATL_NO,2019,10,REG,ATL,NO,away,date/team/opponent/location identity
3108,Ryan Tannehill,TannRy00,2019-11-10,TEN,,KAN,QB,MATCHED_CANONICAL_GAME,2019_10_KC_TEN,2019,10,REG,KC,TEN,home,date/team/opponent/location identity
3109,Mitchell Trubisky,TrubMi00,2019-11-10,CHI,,DET,QB,MATCHED_CANONICAL_GAME,2019_10_DET_CHI,2019,10,REG,DET,CHI,home,date/team/opponent/location identity
3110,Jameis Winston,WinsJa00,2019-11-10,TAM,,ARI,QB,MATCHED_CANONICAL_GAME,2019_10_ARI_TB,2019,10,REG,ARI,TB,home,date/team/opponent/location identity
3111,Derek Carr,CarrDe02,2019-11-07,OAK,,LAC,QB,MATCHED_CANONICAL_GAME,2019_10_LAC_OAK,2019,10,REG,LAC,LV,home,date/team/opponent/location identity
3112,Philip Rivers,RivePh00,2019-11-07,LAC,@,OAK,QB,MATCHED_CANONICAL_GAME,2019_10_LAC_OAK,2019,10,REG,LAC,LV,away,date/team/opponent/location identity
3113,Daniel Jones,JoneDa05,2019-11-04,NYG,,DAL,QB,MATCHED_CANONICAL_GAME,2019_09_DAL_NYG,2019,9,REG,DAL,NYG,home,date/team/opponent/location identity
3114,Dak Prescott,PresDa01,2019-11-04,DAL,@,NYG,QB,MATCHED_CANONICAL_GAME,2019_09_DAL_NYG,2019,9,REG,DAL,NYG,away,date/team/opponent/location identity
3115,Brandon Allen,AlleBr00,2019-11-03,DEN,,CLE,QB,MATCHED_CANONICAL_GAME,2019_09_CLE_DEN,2019,9,REG,CLE,DEN,home,date/team/opponent/location identity
3116,Josh Allen,AlleJo02,2019-11-03,BUF,,WAS,QB,MATCHED_CANONICAL_GAME,2019_09_WAS_BUF,2019,9,REG,WAS,BUF,home,date/team/opponent/location identity
3117,Kyle Allen,AlleKy00,2019-11-03,CAR,,TEN,QB,MATCHED_CANONICAL_GAME,2019_09_TEN_CAR,2019,9,REG,TEN,CAR,home,date/team/opponent/location identity
3118,Tom Brady,BradTo00,2019-11-03,NWE,@,BAL,QB,MATCHED_CANONICAL_GAME,2019_09_NE_BAL,2019,9,REG,NE,BAL,away,date/team/opponent/location identity
3119,Jacoby Brissett,BrisJa00,2019-11-03,IND,@,PIT,QB,MATCHED_CANONICAL_GAME,2019_09_IND_PIT,2019,9,REG,IND,PIT,away,date/team/opponent/location identity
3120,Derek Carr,CarrDe02,2019-11-03,OAK,,DET,QB,MATCHED_CANONICAL_GAME,2019_09_DET_OAK,2019,9,REG,DET,LV,home,date/team/opponent/location identity
3121,Kirk Cousins,CousKi00,2019-11-03,MIN,@,KAN,QB,MATCHED_CANONICAL_GAME,2019_09_MIN_KC,2019,9,REG,MIN,KC,away,date/team/opponent/location identity
3122,Sam Darnold,DarnSa00,2019-11-03,NYJ,@,MIA,QB,MATCHED_CANONICAL_GAME,2019_09_NYJ_MIA,2019,9,REG,NYJ,MIA,away,date/team/opponent/location identity
3123,Ryan Fitzpatrick,FitzRy00,2019-11-03,MIA,,NYJ,QB,MATCHED_CANONICAL_GAME,2019_09_NYJ_MIA,2019,9,REG,NYJ,MIA,home,date/team/opponent/location identity
3124,Dwayne Haskins,HaskDw00,2019-11-03,WAS,@,BUF,QB,MATCHED_CANONICAL_GAME,2019_09_WAS_BUF,2019,9,REG,WAS,BUF,away,date/team/opponent/location identity
3125,Lamar Jackson,JackLa00,2019-11-03,BAL,,NWE,QB,MATCHED_CANONICAL_GAME,2019_09_NE_BAL,2019,9,REG,NE,BAL,home,date/team/opponent/location identity
3126,Baker Mayfield,MayfBa00,2019-11-03,CLE,@,DEN,QB,MATCHED_CANONICAL_GAME,2019_09_CLE_DEN,2019,9,REG,CLE,DEN,away,date/team/opponent/location identity
3127,Gardner Minshew II,MinsGa00,2019-11-03,JAX,,HOU,QB,MATCHED_CANONICAL_GAME,2019_09_HOU_JAX,2019,9,REG,HOU,JAX,home,date/team/opponent/location identity
3128,Matt Moore,MoorMa01,2019-11-03,KAN,,MIN,QB,MATCHED_CANONICAL_GAME,2019_09_MIN_KC,2019,9,REG,MIN,KC,home,date/team/opponent/location identity
3129,Philip Rivers,RivePh00,2019-11-03,LAC,,GNB,QB,MATCHED_CANONICAL_GAME,2019_09_GB_LAC,2019,9,REG,GB,LAC,home,date/team/opponent/location identity
3130,Aaron Rodgers,RodgAa00,2019-11-03,GNB,@,LAC,QB,MATCHED_CANONICAL_GAME,2019_09_GB_LAC,2019,9,REG,GB,LAC,away,date/team/opponent/location identity
3131,Mason Rudolph,RudoMa00,2019-11-03,PIT,,IND,QB,MATCHED_CANONICAL_GAME,2019_09_IND_PIT,2019,9,REG,IND,PIT,home,date/team/opponent/location identity
3132,Matthew Stafford,StafMa00,2019-11-03,DET,@,OAK,QB,MATCHED_CANONICAL_GAME,2019_09_DET_OAK,2019,9,REG,DET,LV,away,date/team/opponent/location identity
3133,Ryan Tannehill,TannRy00,2019-11-03,TEN,@,CAR,QB,MATCHED_CANONICAL_GAME,2019_09_TEN_CAR,2019,9,REG,TEN,CAR,away,date/team/opponent/location identity
3134,Mitchell Trubisky,TrubMi00,2019-11-03,CHI,@,PHI,QB,MATCHED_CANONICAL_GAME,2019_09_CHI_PHI,2019,9,REG,CHI,PHI,away,date/team/opponent/location identity
3135,Deshaun Watson,WatsDe00,2019-11-03,HOU,@,JAX,QB,MATCHED_CANONICAL_GAME,2019_09_HOU_JAX,2019,9,REG,HOU,JAX,away,date/team/opponent/location identity
3136,Carson Wentz,WentCa00,2019-11-03,PHI,,CHI,QB,MATCHED_CANONICAL_GAME,2019_09_CHI_PHI,2019,9,REG,CHI,PHI,home,date/team/opponent/location identity
3137,Russell Wilson,WilsRu00,2019-11-03,SEA,,TAM,QB,MATCHED_CANONICAL_GAME,2019_09_TB_SEA,2019,9,REG,TB,SEA,home,date/team/opponent/location identity
3138,Jameis Winston,WinsJa00,2019-11-03,TAM,@,SEA,QB,MATCHED_CANONICAL_GAME,2019_09_TB_SEA,2019,9,REG,TB,SEA,away,date/team/opponent/location identity
3139,Jimmy Garoppolo,GaroJi00,2019-10-31,SFO,@,ARI,QB,MATCHED_CANONICAL_GAME,2019_09_SF_ARI,2019,9,REG,SF,ARI,away,date/team/opponent/location identity
3140,Kyler Murray,MurrKy00,2019-10-31,ARI,,SFO,QB,MATCHED_CANONICAL_GAME,2019_09_SF_ARI,2019,9,REG,SF,ARI,home,date/team/opponent/location identity
3141,Ryan Fitzpatrick,FitzRy00,2019-10-28,MIA,@,PIT,QB,MATCHED_CANONICAL_GAME,2019_08_MIA_PIT,2019,8,REG,MIA,PIT,away,date/team/opponent/location identity
3142,Mason Rudolph,RudoMa00,2019-10-28,PIT,,MIA,QB,MATCHED_CANONICAL_GAME,2019_08_MIA_PIT,2019,8,REG,MIA,PIT,home,date/team/opponent/location identity
3143,Josh Allen,AlleJo02,2019-10-27,BUF,,PHI,QB,MATCHED_CANONICAL_GAME,2019_08_PHI_BUF,2019,8,REG,PHI,BUF,home,date/team/opponent/location identity
3144,Kyle Allen,AlleKy00,2019-10-27,CAR,@,SFO,QB,MATCHED_CANONICAL_GAME,2019_08_CAR_SF,2019,8,REG,CAR,SF,away,date/team/opponent/location identity
3145,Tom Brady,BradTo00,2019-10-27,NWE,,CLE,QB,MATCHED_CANONICAL_GAME,2019_08_CLE_NE,2019,8,REG,CLE,NE,home,date/team/opponent/location identity
3146,Drew Brees,BreeDr00,2019-10-27,NOR,,ARI,QB,MATCHED_CANONICAL_GAME,2019_08_ARI_NO,2019,8,REG,ARI,NO,home,date/team/opponent/location identity
3147,Jacoby Brissett,BrisJa00,2019-10-27,IND,,DEN,QB,MATCHED_CANONICAL_GAME,2019_08_DEN_IND,2019,8,REG,DEN,IND,home,date/team/opponent/location identity
3148,Derek Carr,CarrDe02,2019-10-27,OAK,@,HOU,QB,MATCHED_CANONICAL_GAME,2019_08_OAK_HOU,2019,8,REG,LV,HOU,away,date/team/opponent/location identity
3149,Andy Dalton,DaltAn00,2019-10-27,CIN,@,LAR,QB,MATCHED_CANONICAL_GAME,2019_08_CIN_LA,2019,8,REG,CIN,LAR,away,date/team/opponent/location identity
3150,Sam Darnold,DarnSa00,2019-10-27,NYJ,@,JAX,QB,MATCHED_CANONICAL_GAME,2019_08_NYJ_JAX,2019,8,REG,NYJ,JAX,away,date/team/opponent/location identity
3151,Joe Flacco,FlacJo00,2019-10-27,DEN,@,IND,QB,MATCHED_CANONICAL_GAME,2019_08_DEN_IND,2019,8,REG,DEN,IND,away,date/team/opponent/location identity
3152,Jimmy Garoppolo,GaroJi00,2019-10-27,SFO,,CAR,QB,MATCHED_CANONICAL_GAME,2019_08_CAR_SF,2019,8,REG,CAR,SF,home,date/team/opponent/location identity
3153,Jared Goff,GoffJa00,2019-10-27,LAR,,CIN,QB,MATCHED_CANONICAL_GAME,2019_08_CIN_LA,2019,8,REG,CIN,LAR,home,date/team/opponent/location identity
3154,Daniel Jones,JoneDa05,2019-10-27,NYG,@,DET,QB,MATCHED_CANONICAL_GAME,2019_08_NYG_DET,2019,8,REG,NYG,DET,away,date/team/opponent/location identity
3155,Baker Mayfield,MayfBa00,2019-10-27,CLE,@,NWE,QB,MATCHED_CANONICAL_GAME,2019_08_CLE_NE,2019,8,REG,CLE,NE,away,date/team/opponent/location identity
3156,Gardner Minshew II,MinsGa00,2019-10-27,JAX,,NYJ,QB,MATCHED_CANONICAL_GAME,2019_08_NYJ_JAX,2019,8,REG,NYJ,JAX,home,date/team/opponent/location identity
3157,Matt Moore,MoorMa01,2019-10-27,KAN,,GNB,QB,MATCHED_CANONICAL_GAME,2019_08_GB_KC,2019,8,REG,GB,KC,home,date/team/opponent/location identity
3158,Kyler Murray,MurrKy00,2019-10-27,ARI,@,NOR,QB,MATCHED_CANONICAL_GAME,2019_08_ARI_NO,2019,8,REG,ARI,NO,away,date/team/opponent/location identity
3159,Philip Rivers,RivePh00,2019-10-27,LAC,@,CHI,QB,MATCHED_CANONICAL_GAME,2019_08_LAC_CHI,2019,8,REG,LAC,CHI,away,date/team/opponent/location identity
3160,Aaron Rodgers,RodgAa00,2019-10-27,GNB,@,KAN,QB,MATCHED_CANONICAL_GAME,2019_08_GB_KC,2019,8,REG,GB,KC,away,date/team/opponent/location identity
3161,Matt Schaub,SchaMa00,2019-10-27,ATL,,SEA,QB,MATCHED_CANONICAL_GAME,2019_08_SEA_ATL,2019,8,REG,SEA,ATL,home,date/team/opponent/location identity
3162,Matthew Stafford,StafMa00,2019-10-27,DET,,NYG,QB,MATCHED_CANONICAL_GAME,2019_08_NYG_DET,2019,8,REG,NYG,DET,home,date/team/opponent/location identity
3163,Ryan Tannehill,TannRy00,2019-10-27,TEN,,TAM,QB,MATCHED_CANONICAL_GAME,2019_08_TB_TEN,2019,8,REG,TB,TEN,home,date/team/opponent/location identity
3164,Mitchell Trubisky,TrubMi00,2019-10-27,CHI,,LAC,QB,MATCHED_CANONICAL_GAME,2019_08_LAC_CHI,2019,8,REG,LAC,CHI,home,date/team/opponent/location identity
3165,Deshaun Watson,WatsDe00,2019-10-27,HOU,,OAK,QB,MATCHED_CANONICAL_GAME,2019_08_OAK_HOU,2019,8,REG,LV,HOU,home,date/team/opponent/location identity
3166,Carson Wentz,WentCa00,2019-10-27,PHI,@,BUF,QB,MATCHED_CANONICAL_GAME,2019_08_PHI_BUF,2019,8,REG,PHI,BUF,away,date/team/opponent/location identity
3167,Russell Wilson,WilsRu00,2019-10-27,SEA,@,ATL,QB,MATCHED_CANONICAL_GAME,2019_08_SEA_ATL,2019,8,REG,SEA,ATL,away,date/team/opponent/location identity
3168,Jameis Winston,WinsJa00,2019-10-27,TAM,@,TEN,QB,MATCHED_CANONICAL_GAME,2019_08_TB_TEN,2019,8,REG,TB,TEN,away,date/team/opponent/location identity
3169,Kirk Cousins,CousKi00,2019-10-24,MIN,,WAS,QB,MATCHED_CANONICAL_GAME,2019_08_WAS_MIN,2019,8,REG,WAS,MIN,home,date/team/opponent/location identity
3170,Case Keenum,KeenCa00,2019-10-24,WAS,@,MIN,QB,MATCHED_CANONICAL_GAME,2019_08_WAS_MIN,2019,8,REG,WAS,MIN,away,date/team/opponent/location identity
3171,Tom Brady,BradTo00,2019-10-21,NWE,@,NYJ,QB,MATCHED_CANONICAL_GAME,2019_07_NE_NYJ,2019,7,REG,NE,NYJ,away,date/team/opponent/location identity
3172,Sam Darnold,DarnSa00,2019-10-21,NYJ,,NWE,QB,MATCHED_CANONICAL_GAME,2019_07_NE_NYJ,2019,7,REG,NE,NYJ,home,date/team/opponent/location identity
3173,Josh Allen,AlleJo02,2019-10-20,BUF,,MIA,QB,MATCHED_CANONICAL_GAME,2019_07_MIA_BUF,2019,7,REG,MIA,BUF,home,date/team/opponent/location identity
3174,Teddy Bridgewater,BridTe00,2019-10-20,NOR,@,CHI,QB,MATCHED_CANONICAL_GAME,2019_07_NO_CHI,2019,7,REG,NO,CHI,away,date/team/opponent/location identity
3175,Jacoby Brissett,BrisJa00,2019-10-20,IND,,HOU,QB,MATCHED_CANONICAL_GAME,2019_07_HOU_IND,2019,7,REG,HOU,IND,home,date/team/opponent/location identity
3176,Derek Carr,CarrDe02,2019-10-20,OAK,@,GNB,QB,MATCHED_CANONICAL_GAME,2019_07_OAK_GB,2019,7,REG,LV,GB,away,date/team/opponent/location identity
3177,Kirk Cousins,CousKi00,2019-10-20,MIN,@,DET,QB,MATCHED_CANONICAL_GAME,2019_07_MIN_DET,2019,7,REG,MIN,DET,away,date/team/opponent/location identity
3178,Andy Dalton,DaltAn00,2019-10-20,CIN,,JAX,QB,MATCHED_CANONICAL_GAME,2019_07_JAX_CIN,2019,7,REG,JAX,CIN,home,date/team/opponent/location identity
3179,Ryan Fitzpatrick,FitzRy00,2019-10-20,MIA,@,BUF,QB,MATCHED_CANONICAL_GAME,2019_07_MIA_BUF,2019,7,REG,MIA,BUF,away,date/team/opponent/location identity
3180,Jimmy Garoppolo,GaroJi00,2019-10-20,SFO,@,WAS,QB,MATCHED_CANONICAL_GAME,2019_07_SF_WAS,2019,7,REG,SF,WAS,away,date/team/opponent/location identity
3181,Jared Goff,GoffJa00,2019-10-20,LAR,@,ATL,QB,MATCHED_CANONICAL_GAME,2019_07_LA_ATL,2019,7,REG,LAR,ATL,away,date/team/opponent/location identity
3182,Lamar Jackson,JackLa00,2019-10-20,BAL,@,SEA,QB,MATCHED_CANONICAL_GAME,2019_07_BAL_SEA,2019,7,REG,BAL,SEA,away,date/team/opponent/location identity
3183,Daniel Jones,JoneDa05,2019-10-20,NYG,,ARI,QB,MATCHED_CANONICAL_GAME,2019_07_ARI_NYG,2019,7,REG,ARI,NYG,home,date/team/opponent/location identity
3184,Case Keenum,KeenCa00,2019-10-20,WAS,,SFO,QB,MATCHED_CANONICAL_GAME,2019_07_SF_WAS,2019,7,REG,SF,WAS,home,date/team/opponent/location identity
3185,Gardner Minshew II,MinsGa00,2019-10-20,JAX,@,CIN,QB,MATCHED_CANONICAL_GAME,2019_07_JAX_CIN,2019,7,REG,JAX,CIN,away,date/team/opponent/location identity
3186,Kyler Murray,MurrKy00,2019-10-20,ARI,@,NYG,QB,MATCHED_CANONICAL_GAME,2019_07_ARI_NYG,2019,7,REG,ARI,NYG,away,date/team/opponent/location identity
3187,Dak Prescott,PresDa01,2019-10-20,DAL,,PHI,QB,MATCHED_CANONICAL_GAME,2019_07_PHI_DAL,2019,7,REG,PHI,DAL,home,date/team/opponent/location identity
3188,Philip Rivers,RivePh00,2019-10-20,LAC,@,TEN,QB,MATCHED_CANONICAL_GAME,2019_07_LAC_TEN,2019,7,REG,LAC,TEN,away,date/team/opponent/location identity
3189,Aaron Rodgers,RodgAa00,2019-10-20,GNB,,OAK,QB,MATCHED_CANONICAL_GAME,2019_07_OAK_GB,2019,7,REG,LV,GB,home,date/team/opponent/location identity
3190,Matt Ryan,RyanMa00,2019-10-20,ATL,,LAR,QB,MATCHED_CANONICAL_GAME,2019_07_LA_ATL,2019,7,REG,LAR,ATL,home,date/team/opponent/location identity
3191,Matthew Stafford,StafMa00,2019-10-20,DET,,MIN,QB,MATCHED_CANONICAL_GAME,2019_07_MIN_DET,2019,7,REG,MIN,DET,home,date/team/opponent/location identity
3192,Ryan Tannehill,TannRy00,2019-10-20,TEN,,LAC,QB,MATCHED_CANONICAL_GAME,2019_07_LAC_TEN,2019,7,REG,LAC,TEN,home,date/team/opponent/location identity
3193,Mitchell Trubisky,TrubMi00,2019-10-20,CHI,,NOR,QB,MATCHED_CANONICAL_GAME,2019_07_NO_CHI,2019,7,REG,NO,CHI,home,date/team/opponent/location identity
3194,Deshaun Watson,WatsDe00,2019-10-20,HOU,@,IND,QB,MATCHED_CANONICAL_GAME,2019_07_HOU_IND,2019,7,REG,HOU,IND,away,date/team/opponent/location identity
3195,Carson Wentz,WentCa00,2019-10-20,PHI,@,DAL,QB,MATCHED_CANONICAL_GAME,2019_07_PHI_DAL,2019,7,REG,PHI,DAL,away,date/team/opponent/location identity
3196,Russell Wilson,WilsRu00,2019-10-20,SEA,,BAL,QB,MATCHED_CANONICAL_GAME,2019_07_BAL_SEA,2019,7,REG,BAL,SEA,home,date/team/opponent/location identity
3197,Joe Flacco,FlacJo00,2019-10-17,DEN,,KAN,QB,MATCHED_CANONICAL_GAME,2019_07_KC_DEN,2019,7,REG,KC,DEN,home,date/team/opponent/location identity
3198,Patrick Mahomes,MahoPa00,2019-10-17,KAN,@,DEN,QB,MATCHED_CANONICAL_GAME,2019_07_KC_DEN,2019,7,REG,KC,DEN,away,date/team/opponent/location identity
3199,Aaron Rodgers,RodgAa00,2019-10-14,GNB,,DET,QB,MATCHED_CANONICAL_GAME,2019_06_DET_GB,2019,6,REG,DET,GB,home,date/team/opponent/location identity
3200,Matthew Stafford,StafMa00,2019-10-14,DET,@,GNB,QB,MATCHED_CANONICAL_GAME,2019_06_DET_GB,2019,6,REG,DET,GB,away,date/team/opponent/location identity
3201,Kyle Allen,AlleKy00,2019-10-13,CAR,@,TAM,QB,MATCHED_CANONICAL_GAME,2019_06_CAR_TB,2019,6,REG,CAR,TB,away,date/team/opponent/location identity
3202,Teddy Bridgewater,BridTe00,2019-10-13,NOR,@,JAX,QB,MATCHED_CANONICAL_GAME,2019_06_NO_JAX,2019,6,REG,NO,JAX,away,date/team/opponent/location identity
3203,Kirk Cousins,CousKi00,2019-10-13,MIN,,PHI,QB,MATCHED_CANONICAL_GAME,2019_06_PHI_MIN,2019,6,REG,PHI,MIN,home,date/team/opponent/location identity
3204,Andy Dalton,DaltAn00,2019-10-13,CIN,@,BAL,QB,MATCHED_CANONICAL_GAME,2019_06_CIN_BAL,2019,6,REG,CIN,BAL,away,date/team/opponent/location identity
3205,Sam Darnold,DarnSa00,2019-10-13,NYJ,,DAL,QB,MATCHED_CANONICAL_GAME,2019_06_DAL_NYJ,2019,6,REG,DAL,NYJ,home,date/team/opponent/location identity
3206,Joe Flacco,FlacJo00,2019-10-13,DEN,,TEN,QB,MATCHED_CANONICAL_GAME,2019_06_TEN_DEN,2019,6,REG,TEN,DEN,home,date/team/opponent/location identity
3207,Jimmy Garoppolo,GaroJi00,2019-10-13,SFO,@,LAR,QB,MATCHED_CANONICAL_GAME,2019_06_SF_LA,2019,6,REG,SF,LAR,away,date/team/opponent/location identity
3208,Jared Goff,GoffJa00,2019-10-13,LAR,,SFO,QB,MATCHED_CANONICAL_GAME,2019_06_SF_LA,2019,6,REG,SF,LAR,home,date/team/opponent/location identity
3209,Devlin Hodges,HodgDe00,2019-10-13,PIT,@,LAC,QB,MATCHED_CANONICAL_GAME,2019_06_PIT_LAC,2019,6,REG,PIT,LAC,away,date/team/opponent/location identity
3210,Lamar Jackson,JackLa00,2019-10-13,BAL,,CIN,QB,MATCHED_CANONICAL_GAME,2019_06_CIN_BAL,2019,6,REG,CIN,BAL,home,date/team/opponent/location identity
3211,Case Keenum,KeenCa00,2019-10-13,WAS,@,MIA,QB,MATCHED_CANONICAL_GAME,2019_06_WAS_MIA,2019,6,REG,WAS,MIA,away,date/team/opponent/location identity
3212,Patrick Mahomes,MahoPa00,2019-10-13,KAN,,HOU,QB,MATCHED_CANONICAL_GAME,2019_06_HOU_KC,2019,6,REG,HOU,KC,home,date/team/opponent/location identity
3213,Marcus Mariota,MariMa01,2019-10-13,TEN,@,DEN,QB,MATCHED_CANONICAL_GAME,2019_06_TEN_DEN,2019,6,REG,TEN,DEN,away,date/team/opponent/location identity
3214,Baker Mayfield,MayfBa00,2019-10-13,CLE,,SEA,QB,MATCHED_CANONICAL_GAME,2019_06_SEA_CLE,2019,6,REG,SEA,CLE,home,date/team/opponent/location identity
3215,Gardner Minshew II,MinsGa00,2019-10-13,JAX,,NOR,QB,MATCHED_CANONICAL_GAME,2019_06_NO_JAX,2019,6,REG,NO,JAX,home,date/team/opponent/location identity
3216,Kyler Murray,MurrKy00,2019-10-13,ARI,,ATL,QB,MATCHED_CANONICAL_GAME,2019_06_ATL_ARI,2019,6,REG,ATL,ARI,home,date/team/opponent/location identity
3217,Dak Prescott,PresDa01,2019-10-13,DAL,@,NYJ,QB,MATCHED_CANONICAL_GAME,2019_06_DAL_NYJ,2019,6,REG,DAL,NYJ,away,date/team/opponent/location identity
3218,Philip Rivers,RivePh00,2019-10-13,LAC,,PIT,QB,MATCHED_CANONICAL_GAME,2019_06_PIT_LAC,2019,6,REG,PIT,LAC,home,date/team/opponent/location identity
3219,Josh Rosen,RoseJo01,2019-10-13,MIA,,WAS,QB,MATCHED_CANONICAL_GAME,2019_06_WAS_MIA,2019,6,REG,WAS,MIA,home,date/team/opponent/location identity
3220,Matt Ryan,RyanMa00,2019-10-13,ATL,@,ARI,QB,MATCHED_CANONICAL_GAME,2019_06_ATL_ARI,2019,6,REG,ATL,ARI,away,date/team/opponent/location identity
3221,Deshaun Watson,WatsDe00,2019-10-13,HOU,@,KAN,QB,MATCHED_CANONICAL_GAME,2019_06_HOU_KC,2019,6,REG,HOU,KC,away,date/team/opponent/location identity
3222,Carson Wentz,WentCa00,2019-10-13,PHI,@,MIN,QB,MATCHED_CANONICAL_GAME,2019_06_PHI_MIN,2019,6,REG,PHI,MIN,away,date/team/opponent/location identity
3223,Russell Wilson,WilsRu00,2019-10-13,SEA,@,CLE,QB,MATCHED_CANONICAL_GAME,2019_06_SEA_CLE,2019,6,REG,SEA,CLE,away,date/team/opponent/location identity
3224,Jameis Winston,WinsJa00,2019-10-13,TAM,,CAR,QB,MATCHED_CANONICAL_GAME,2019_06_CAR_TB,2019,6,REG,CAR,TB,home,date/team/opponent/location identity
3225,Tom Brady,BradTo00,2019-10-10,NWE,,NYG,QB,MATCHED_CANONICAL_GAME,2019_06_NYG_NE,2019,6,REG,NYG,NE,home,date/team/opponent/location identity
3226,Daniel Jones,JoneDa05,2019-10-10,NYG,@,NWE,QB,MATCHED_CANONICAL_GAME,2019_06_NYG_NE,2019,6,REG,NYG,NE,away,date/team/opponent/location identity
3227,Jimmy Garoppolo,GaroJi00,2019-10-07,SFO,,CLE,QB,MATCHED_CANONICAL_GAME,2019_05_CLE_SF,2019,5,REG,CLE,SF,home,date/team/opponent/location identity
3228,Baker Mayfield,MayfBa00,2019-10-07,CLE,@,SFO,QB,MATCHED_CANONICAL_GAME,2019_05_CLE_SF,2019,5,REG,CLE,SF,away,date/team/opponent/location identity
3229,Josh Allen,AlleJo02,2019-10-06,BUF,@,TEN,QB,MATCHED_CANONICAL_GAME,2019_05_BUF_TEN,2019,5,REG,BUF,TEN,away,date/team/opponent/location identity
3230,Kyle Allen,AlleKy00,2019-10-06,CAR,,JAX,QB,MATCHED_CANONICAL_GAME,2019_05_JAX_CAR,2019,5,REG,JAX,CAR,home,date/team/opponent/location identity
3231,Tom Brady,BradTo00,2019-10-06,NWE,@,WAS,QB,MATCHED_CANONICAL_GAME,2019_05_NE_WAS,2019,5,REG,NE,WAS,away,date/team/opponent/location identity
3232,Teddy Bridgewater,BridTe00,2019-10-06,NOR,,TAM,QB,MATCHED_CANONICAL_GAME,2019_05_TB_NO,2019,5,REG,TB,NO,home,date/team/opponent/location identity
3233,Jacoby Brissett,BrisJa00,2019-10-06,IND,@,KAN,QB,MATCHED_CANONICAL_GAME,2019_05_IND_KC,2019,5,REG,IND,KC,away,date/team/opponent/location identity
3234,Derek Carr,CarrDe02,2019-10-06,OAK,,CHI,QB,MATCHED_CANONICAL_GAME,2019_05_CHI_OAK,2019,5,REG,CHI,LV,home,date/team/opponent/location identity
3235,Kirk Cousins,CousKi00,2019-10-06,MIN,@,NYG,QB,MATCHED_CANONICAL_GAME,2019_05_MIN_NYG,2019,5,REG,MIN,NYG,away,date/team/opponent/location identity
3236,Andy Dalton,DaltAn00,2019-10-06,CIN,,ARI,QB,MATCHED_CANONICAL_GAME,2019_05_ARI_CIN,2019,5,REG,ARI,CIN,home,date/team/opponent/location identity
3237,Chase Daniel,DaniCh00,2019-10-06,CHI,@,OAK,QB,MATCHED_CANONICAL_GAME,2019_05_CHI_OAK,2019,5,REG,CHI,LV,away,date/team/opponent/location identity
3238,Luke Falk,FalkLu00,2019-10-06,NYJ,@,PHI,QB,MATCHED_CANONICAL_GAME,2019_05_NYJ_PHI,2019,5,REG,NYJ,PHI,away,date/team/opponent/location identity
3239,Joe Flacco,FlacJo00,2019-10-06,DEN,@,LAC,QB,MATCHED_CANONICAL_GAME,2019_05_DEN_LAC,2019,5,REG,DEN,LAC,away,date/team/opponent/location identity
3240,Taysom Hill,HillTa00,2019-10-06,NOR,,TAM,WR/QB,MATCHED_CANONICAL_GAME,2019_05_TB_NO,2019,5,REG,TB,NO,home,date/team/opponent/location identity
3241,Lamar Jackson,JackLa00,2019-10-06,BAL,@,PIT,QB,MATCHED_CANONICAL_GAME,2019_05_BAL_PIT,2019,5,REG,BAL,PIT,away,date/team/opponent/location identity
3242,Daniel Jones,JoneDa05,2019-10-06,NYG,,MIN,QB,MATCHED_CANONICAL_GAME,2019_05_MIN_NYG,2019,5,REG,MIN,NYG,home,date/team/opponent/location identity
3243,Patrick Mahomes,MahoPa00,2019-10-06,KAN,,IND,QB,MATCHED_CANONICAL_GAME,2019_05_IND_KC,2019,5,REG,IND,KC,home,date/team/opponent/location identity
3244,Marcus Mariota,MariMa01,2019-10-06,TEN,,BUF,QB,MATCHED_CANONICAL_GAME,2019_05_BUF_TEN,2019,5,REG,BUF,TEN,home,date/team/opponent/location identity
3245,Colt McCoy,McCoCo00,2019-10-06,WAS,,NWE,QB,MATCHED_CANONICAL_GAME,2019_05_NE_WAS,2019,5,REG,NE,WAS,home,date/team/opponent/location identity
3246,Gardner Minshew II,MinsGa00,2019-10-06,JAX,@,CAR,QB,MATCHED_CANONICAL_GAME,2019_05_JAX_CAR,2019,5,REG,JAX,CAR,away,date/team/opponent/location identity
3247,Kyler Murray,MurrKy00,2019-10-06,ARI,@,CIN,QB,MATCHED_CANONICAL_GAME,2019_05_ARI_CIN,2019,5,REG,ARI,CIN,away,date/team/opponent/location identity
3248,Dak Prescott,PresDa01,2019-10-06,DAL,,GNB,QB,MATCHED_CANONICAL_GAME,2019_05_GB_DAL,2019,5,REG,GB,DAL,home,date/team/opponent/location identity
3249,Philip Rivers,RivePh00,2019-10-06,LAC,,DEN,QB,MATCHED_CANONICAL_GAME,2019_05_DEN_LAC,2019,5,REG,DEN,LAC,home,date/team/opponent/location identity
3250,Aaron Rodgers,RodgAa00,2019-10-06,GNB,@,DAL,QB,MATCHED_CANONICAL_GAME,2019_05_GB_DAL,2019,5,REG,GB,DAL,away,date/team/opponent/location identity
3251,Mason Rudolph,RudoMa00,2019-10-06,PIT,,BAL,QB,MATCHED_CANONICAL_GAME,2019_05_BAL_PIT,2019,5,REG,BAL,PIT,home,date/team/opponent/location identity
3252,Matt Ryan,RyanMa00,2019-10-06,ATL,@,HOU,QB,MATCHED_CANONICAL_GAME,2019_05_ATL_HOU,2019,5,REG,ATL,HOU,away,date/team/opponent/location identity
3253,Deshaun Watson,WatsDe00,2019-10-06,HOU,,ATL,QB,MATCHED_CANONICAL_GAME,2019_05_ATL_HOU,2019,5,REG,ATL,HOU,home,date/team/opponent/location identity
3254,Carson Wentz,WentCa00,2019-10-06,PHI,,NYJ,QB,MATCHED_CANONICAL_GAME,2019_05_NYJ_PHI,2019,5,REG,NYJ,PHI,home,date/team/opponent/location identity
3255,Jameis Winston,WinsJa00,2019-10-06,TAM,@,NOR,QB,MATCHED_CANONICAL_GAME,2019_05_TB_NO,2019,5,REG,TB,NO,away,date/team/opponent/location identity
3256,Jared Goff,GoffJa00,2019-10-03,LAR,@,SEA,QB,MATCHED_CANONICAL_GAME,2019_05_LA_SEA,2019,5,REG,LAR,SEA,away,date/team/opponent/location identity
3257,Russell Wilson,WilsRu00,2019-10-03,SEA,,LAR,QB,MATCHED_CANONICAL_GAME,2019_05_LA_SEA,2019,5,REG,LAR,SEA,home,date/team/opponent/location identity
3258,Andy Dalton,DaltAn00,2019-09-30,CIN,@,PIT,QB,MATCHED_CANONICAL_GAME,2019_04_CIN_PIT,2019,4,REG,CIN,PIT,away,date/team/opponent/location identity
3259,Mason Rudolph,RudoMa00,2019-09-30,PIT,,CIN,QB,MATCHED_CANONICAL_GAME,2019_04_CIN_PIT,2019,4,REG,CIN,PIT,home,date/team/opponent/location identity
3260,Josh Allen,AlleJo02,2019-09-29,BUF,,NWE,QB,MATCHED_CANONICAL_GAME,2019_04_NE_BUF,2019,4,REG,NE,BUF,home,date/team/opponent/location identity
3261,Kyle Allen,AlleKy00,2019-09-29,CAR,@,HOU,QB,MATCHED_CANONICAL_GAME,2019_04_CAR_HOU,2019,4,REG,CAR,HOU,away,date/team/opponent/location identity
3262,Tom Brady,BradTo00,2019-09-29,NWE,@,BUF,QB,MATCHED_CANONICAL_GAME,2019_04_NE_BUF,2019,4,REG,NE,BUF,away,date/team/opponent/location identity
3263,Teddy Bridgewater,BridTe00,2019-09-29,NOR,,DAL,QB,MATCHED_CANONICAL_GAME,2019_04_DAL_NO,2019,4,REG,DAL,NO,home,date/team/opponent/location identity
3264,Jacoby Brissett,BrisJa00,2019-09-29,IND,,OAK,QB,MATCHED_CANONICAL_GAME,2019_04_OAK_IND,2019,4,REG,LV,IND,home,date/team/opponent/location identity
3265,Derek Carr,CarrDe02,2019-09-29,OAK,@,IND,QB,MATCHED_CANONICAL_GAME,2019_04_OAK_IND,2019,4,REG,LV,IND,away,date/team/opponent/location identity
3266,Kirk Cousins,CousKi00,2019-09-29,MIN,@,CHI,QB,MATCHED_CANONICAL_GAME,2019_04_MIN_CHI,2019,4,REG,MIN,CHI,away,date/team/opponent/location identity
3267,Joe Flacco,FlacJo00,2019-09-29,DEN,,JAX,QB,MATCHED_CANONICAL_GAME,2019_04_JAX_DEN,2019,4,REG,JAX,DEN,home,date/team/opponent/location identity
3268,Jared Goff,GoffJa00,2019-09-29,LAR,,TAM,QB,MATCHED_CANONICAL_GAME,2019_04_TB_LA,2019,4,REG,TB,LAR,home,date/team/opponent/location identity
3269,Lamar Jackson,JackLa00,2019-09-29,BAL,,CLE,QB,MATCHED_CANONICAL_GAME,2019_04_CLE_BAL,2019,4,REG,CLE,BAL,home,date/team/opponent/location identity
3270,Daniel Jones,JoneDa05,2019-09-29,NYG,,WAS,QB,MATCHED_CANONICAL_GAME,2019_04_WAS_NYG,2019,4,REG,WAS,NYG,home,date/team/opponent/location identity
3271,Case Keenum,KeenCa00,2019-09-29,WAS,@,NYG,QB,MATCHED_CANONICAL_GAME,2019_04_WAS_NYG,2019,4,REG,WAS,NYG,away,date/team/opponent/location identity
3272,Patrick Mahomes,MahoPa00,2019-09-29,KAN,@,DET,QB,MATCHED_CANONICAL_GAME,2019_04_KC_DET,2019,4,REG,KC,DET,away,date/team/opponent/location identity
3273,Marcus Mariota,MariMa01,2019-09-29,TEN,@,ATL,QB,MATCHED_CANONICAL_GAME,2019_04_TEN_ATL,2019,4,REG,TEN,ATL,away,date/team/opponent/location identity
3274,Baker Mayfield,MayfBa00,2019-09-29,CLE,@,BAL,QB,MATCHED_CANONICAL_GAME,2019_04_CLE_BAL,2019,4,REG,CLE,BAL,away,date/team/opponent/location identity
3275,Gardner Minshew II,MinsGa00,2019-09-29,JAX,@,DEN,QB,MATCHED_CANONICAL_GAME,2019_04_JAX_DEN,2019,4,REG,JAX,DEN,away,date/team/opponent/location identity
3276,Kyler Murray,MurrKy00,2019-09-29,ARI,,SEA,QB,MATCHED_CANONICAL_GAME,2019_04_SEA_ARI,2019,4,REG,SEA,ARI,home,date/team/opponent/location identity
3277,Dak Prescott,PresDa01,2019-09-29,DAL,@,NOR,QB,MATCHED_CANONICAL_GAME,2019_04_DAL_NO,2019,4,REG,DAL,NO,away,date/team/opponent/location identity
3278,Philip Rivers,RivePh00,2019-09-29,LAC,@,MIA,QB,MATCHED_CANONICAL_GAME,2019_04_LAC_MIA,2019,4,REG,LAC,MIA,away,date/team/opponent/location identity
3279,Josh Rosen,RoseJo01,2019-09-29,MIA,,LAC,QB,MATCHED_CANONICAL_GAME,2019_04_LAC_MIA,2019,4,REG,LAC,MIA,home,date/team/opponent/location identity
3280,Matt Ryan,RyanMa00,2019-09-29,ATL,,TEN,QB,MATCHED_CANONICAL_GAME,2019_04_TEN_ATL,2019,4,REG,TEN,ATL,home,date/team/opponent/location identity
3281,Matthew Stafford,StafMa00,2019-09-29,DET,,KAN,QB,MATCHED_CANONICAL_GAME,2019_04_KC_DET,2019,4,REG,KC,DET,home,date/team/opponent/location identity
3282,Mitchell Trubisky,TrubMi00,2019-09-29,CHI,,MIN,QB,MATCHED_CANONICAL_GAME,2019_04_MIN_CHI,2019,4,REG,MIN,CHI,home,date/team/opponent/location identity
3283,Deshaun Watson,WatsDe00,2019-09-29,HOU,,CAR,QB,MATCHED_CANONICAL_GAME,2019_04_CAR_HOU,2019,4,REG,CAR,HOU,home,date/team/opponent/location identity
3284,Russell Wilson,WilsRu00,2019-09-29,SEA,@,ARI,QB,MATCHED_CANONICAL_GAME,2019_04_SEA_ARI,2019,4,REG,SEA,ARI,away,date/team/opponent/location identity
3285,Jameis Winston,WinsJa00,2019-09-29,TAM,@,LAR,QB,MATCHED_CANONICAL_GAME,2019_04_TB_LA,2019,4,REG,TB,LAR,away,date/team/opponent/location identity
3286,Aaron Rodgers,RodgAa00,2019-09-26,GNB,,PHI,QB,MATCHED_CANONICAL_GAME,2019_04_PHI_GB,2019,4,REG,PHI,GB,home,date/team/opponent/location identity
3287,Carson Wentz,WentCa00,2019-09-26,PHI,@,GNB,QB,MATCHED_CANONICAL_GAME,2019_04_PHI_GB,2019,4,REG,PHI,GB,away,date/team/opponent/location identity
3288,Case Keenum,KeenCa00,2019-09-23,WAS,,CHI,QB,MATCHED_CANONICAL_GAME,2019_03_CHI_WAS,2019,3,REG,CHI,WAS,home,date/team/opponent/location identity
3289,Mitchell Trubisky,TrubMi00,2019-09-23,CHI,@,WAS,QB,MATCHED_CANONICAL_GAME,2019_03_CHI_WAS,2019,3,REG,CHI,WAS,away,date/team/opponent/location identity
3290,Josh Allen,AlleJo02,2019-09-22,BUF,,CIN,QB,MATCHED_CANONICAL_GAME,2019_03_CIN_BUF,2019,3,REG,CIN,BUF,home,date/team/opponent/location identity
3291,Kyle Allen,AlleKy00,2019-09-22,CAR,@,ARI,QB,MATCHED_CANONICAL_GAME,2019_03_CAR_ARI,2019,3,REG,CAR,ARI,away,date/team/opponent/location identity
3292,Tom Brady,BradTo00,2019-09-22,NWE,,NYJ,QB,MATCHED_CANONICAL_GAME,2019_03_NYJ_NE,2019,3,REG,NYJ,NE,home,date/team/opponent/location identity
3293,Teddy Bridgewater,BridTe00,2019-09-22,NOR,@,SEA,QB,MATCHED_CANONICAL_GAME,2019_03_NO_SEA,2019,3,REG,NO,SEA,away,date/team/opponent/location identity
3294,Jacoby Brissett,BrisJa00,2019-09-22,IND,,ATL,QB,MATCHED_CANONICAL_GAME,2019_03_ATL_IND,2019,3,REG,ATL,IND,home,date/team/opponent/location identity
3295,Derek Carr,CarrDe02,2019-09-22,OAK,@,MIN,QB,MATCHED_CANONICAL_GAME,2019_03_OAK_MIN,2019,3,REG,LV,MIN,away,date/team/opponent/location identity
3296,Kirk Cousins,CousKi00,2019-09-22,MIN,,OAK,QB,MATCHED_CANONICAL_GAME,2019_03_OAK_MIN,2019,3,REG,LV,MIN,home,date/team/opponent/location identity
3297,Andy Dalton,DaltAn00,2019-09-22,CIN,@,BUF,QB,MATCHED_CANONICAL_GAME,2019_03_CIN_BUF,2019,3,REG,CIN,BUF,away,date/team/opponent/location identity
3298,Luke Falk,FalkLu00,2019-09-22,NYJ,@,NWE,QB,MATCHED_CANONICAL_GAME,2019_03_NYJ_NE,2019,3,REG,NYJ,NE,away,date/team/opponent/location identity
3299,Joe Flacco,FlacJo00,2019-09-22,DEN,@,GNB,QB,MATCHED_CANONICAL_GAME,2019_03_DEN_GB,2019,3,REG,DEN,GB,away,date/team/opponent/location identity
3300,Jimmy Garoppolo,GaroJi00,2019-09-22,SFO,,PIT,QB,MATCHED_CANONICAL_GAME,2019_03_PIT_SF,2019,3,REG,PIT,SF,home,date/team/opponent/location identity
3301,Jared Goff,GoffJa00,2019-09-22,LAR,@,CLE,QB,MATCHED_CANONICAL_GAME,2019_03_LA_CLE,2019,3,REG,LAR,CLE,away,date/team/opponent/location identity
3302,Lamar Jackson,JackLa00,2019-09-22,BAL,@,KAN,QB,MATCHED_CANONICAL_GAME,2019_03_BAL_KC,2019,3,REG,BAL,KC,away,date/team/opponent/location identity
3303,Daniel Jones,JoneDa05,2019-09-22,NYG,@,TAM,QB,MATCHED_CANONICAL_GAME,2019_03_NYG_TB,2019,3,REG,NYG,TB,away,date/team/opponent/location identity
3304,Patrick Mahomes,MahoPa00,2019-09-22,KAN,,BAL,QB,MATCHED_CANONICAL_GAME,2019_03_BAL_KC,2019,3,REG,BAL,KC,home,date/team/opponent/location identity
3305,Baker Mayfield,MayfBa00,2019-09-22,CLE,,LAR,QB,MATCHED_CANONICAL_GAME,2019_03_LA_CLE,2019,3,REG,LAR,CLE,home,date/team/opponent/location identity
3306,Kyler Murray,MurrKy00,2019-09-22,ARI,,CAR,QB,MATCHED_CANONICAL_GAME,2019_03_CAR_ARI,2019,3,REG,CAR,ARI,home,date/team/opponent/location identity
3307,Dak Prescott,PresDa01,2019-09-22,DAL,,MIA,QB,MATCHED_CANONICAL_GAME,2019_03_MIA_DAL,2019,3,REG,MIA,DAL,home,date/team/opponent/location identity
3308,Philip Rivers,RivePh00,2019-09-22,LAC,,HOU,QB,MATCHED_CANONICAL_GAME,2019_03_HOU_LAC,2019,3,REG,HOU,LAC,home,date/team/opponent/location identity
3309,Aaron Rodgers,RodgAa00,2019-09-22,GNB,,DEN,QB,MATCHED_CANONICAL_GAME,2019_03_DEN_GB,2019,3,REG,DEN,GB,home,date/team/opponent/location identity
3310,Josh Rosen,RoseJo01,2019-09-22,MIA,@,DAL,QB,MATCHED_CANONICAL_GAME,2019_03_MIA_DAL,2019,3,REG,MIA,DAL,away,date/team/opponent/location identity
3311,Mason Rudolph,RudoMa00,2019-09-22,PIT,@,SFO,QB,MATCHED_CANONICAL_GAME,2019_03_PIT_SF,2019,3,REG,PIT,SF,away,date/team/opponent/location identity
3312,Matt Ryan,RyanMa00,2019-09-22,ATL,@,IND,QB,MATCHED_CANONICAL_GAME,2019_03_ATL_IND,2019,3,REG,ATL,IND,away,date/team/opponent/location identity
3313,Matthew Stafford,StafMa00,2019-09-22,DET,@,PHI,QB,MATCHED_CANONICAL_GAME,2019_03_DET_PHI,2019,3,REG,DET,PHI,away,date/team/opponent/location identity
3314,Deshaun Watson,WatsDe00,2019-09-22,HOU,@,LAC,QB,MATCHED_CANONICAL_GAME,2019_03_HOU_LAC,2019,3,REG,HOU,LAC,away,date/team/opponent/location identity
3315,Carson Wentz,WentCa00,2019-09-22,PHI,,DET,QB,MATCHED_CANONICAL_GAME,2019_03_DET_PHI,2019,3,REG,DET,PHI,home,date/team/opponent/location identity
3316,Russell Wilson,WilsRu00,2019-09-22,SEA,,NOR,QB,MATCHED_CANONICAL_GAME,2019_03_NO_SEA,2019,3,REG,NO,SEA,home,date/team/opponent/location identity
3317,Jameis Winston,WinsJa00,2019-09-22,TAM,,NYG,QB,MATCHED_CANONICAL_GAME,2019_03_NYG_TB,2019,3,REG,NYG,TB,home,date/team/opponent/location identity
3318,Marcus Mariota,MariMa01,2019-09-19,TEN,@,JAX,QB,MATCHED_CANONICAL_GAME,2019_03_TEN_JAX,2019,3,REG,TEN,JAX,away,date/team/opponent/location identity
3319,Gardner Minshew II,MinsGa00,2019-09-19,JAX,,TEN,QB,MATCHED_CANONICAL_GAME,2019_03_TEN_JAX,2019,3,REG,TEN,JAX,home,date/team/opponent/location identity
3320,Baker Mayfield,MayfBa00,2019-09-16,CLE,@,NYJ,QB,MATCHED_CANONICAL_GAME,2019_02_CLE_NYJ,2019,2,REG,CLE,NYJ,away,date/team/opponent/location identity
3321,Trevor Siemian,SiemTr00,2019-09-16,NYJ,,CLE,QB,MATCHED_CANONICAL_GAME,2019_02_CLE_NYJ,2019,2,REG,CLE,NYJ,home,date/team/opponent/location identity
3322,Josh Allen,AlleJo02,2019-09-15,BUF,@,NYG,QB,MATCHED_CANONICAL_GAME,2019_02_BUF_NYG,2019,2,REG,BUF,NYG,away,date/team/opponent/location identity
3323,Tom Brady,BradTo00,2019-09-15,NWE,@,MIA,QB,MATCHED_CANONICAL_GAME,2019_02_NE_MIA,2019,2,REG,NE,MIA,away,date/team/opponent/location identity
3324,Drew Brees,BreeDr00,2019-09-15,NOR,@,LAR,QB,MATCHED_CANONICAL_GAME,2019_02_NO_LA,2019,2,REG,NO,LAR,away,date/team/opponent/location identity
3325,Jacoby Brissett,BrisJa00,2019-09-15,IND,@,TEN,QB,MATCHED_CANONICAL_GAME,2019_02_IND_TEN,2019,2,REG,IND,TEN,away,date/team/opponent/location identity
3326,Derek Carr,CarrDe02,2019-09-15,OAK,,KAN,QB,MATCHED_CANONICAL_GAME,2019_02_KC_OAK,2019,2,REG,KC,LV,home,date/team/opponent/location identity
3327,Kirk Cousins,CousKi00,2019-09-15,MIN,@,GNB,QB,MATCHED_CANONICAL_GAME,2019_02_MIN_GB,2019,2,REG,MIN,GB,away,date/team/opponent/location identity
3328,Andy Dalton,DaltAn00,2019-09-15,CIN,,SFO,QB,MATCHED_CANONICAL_GAME,2019_02_SF_CIN,2019,2,REG,SF,CIN,home,date/team/opponent/location identity
3329,Ryan Fitzpatrick,FitzRy00,2019-09-15,MIA,,NWE,QB,MATCHED_CANONICAL_GAME,2019_02_NE_MIA,2019,2,REG,NE,MIA,home,date/team/opponent/location identity
3330,Joe Flacco,FlacJo00,2019-09-15,DEN,,CHI,QB,MATCHED_CANONICAL_GAME,2019_02_CHI_DEN,2019,2,REG,CHI,DEN,home,date/team/opponent/location identity
3331,Jimmy Garoppolo,GaroJi00,2019-09-15,SFO,@,CIN,QB,MATCHED_CANONICAL_GAME,2019_02_SF_CIN,2019,2,REG,SF,CIN,away,date/team/opponent/location identity
3332,Jared Goff,GoffJa00,2019-09-15,LAR,,NOR,QB,MATCHED_CANONICAL_GAME,2019_02_NO_LA,2019,2,REG,NO,LAR,home,date/team/opponent/location identity
3333,Lamar Jackson,JackLa00,2019-09-15,BAL,,ARI,QB,MATCHED_CANONICAL_GAME,2019_02_ARI_BAL,2019,2,REG,ARI,BAL,home,date/team/opponent/location identity
3334,Case Keenum,KeenCa00,2019-09-15,WAS,,DAL,QB,MATCHED_CANONICAL_GAME,2019_02_DAL_WAS,2019,2,REG,DAL,WAS,home,date/team/opponent/location identity
3335,Patrick Mahomes,MahoPa00,2019-09-15,KAN,@,OAK,QB,MATCHED_CANONICAL_GAME,2019_02_KC_OAK,2019,2,REG,KC,LV,away,date/team/opponent/location identity
3336,Eli Manning,MannEl00,2019-09-15,NYG,,BUF,QB,MATCHED_CANONICAL_GAME,2019_02_BUF_NYG,2019,2,REG,BUF,NYG,home,date/team/opponent/location identity
3337,Marcus Mariota,MariMa01,2019-09-15,TEN,,IND,QB,MATCHED_CANONICAL_GAME,2019_02_IND_TEN,2019,2,REG,IND,TEN,home,date/team/opponent/location identity
3338,Gardner Minshew II,MinsGa00,2019-09-15,JAX,@,HOU,QB,MATCHED_CANONICAL_GAME,2019_02_JAX_HOU,2019,2,REG,JAX,HOU,away,date/team/opponent/location identity
3339,Kyler Murray,MurrKy00,2019-09-15,ARI,@,BAL,QB,MATCHED_CANONICAL_GAME,2019_02_ARI_BAL,2019,2,REG,ARI,BAL,away,date/team/opponent/location identity
3340,Dak Prescott,PresDa01,2019-09-15,DAL,@,WAS,QB,MATCHED_CANONICAL_GAME,2019_02_DAL_WAS,2019,2,REG,DAL,WAS,away,date/team/opponent/location identity
3341,Philip Rivers,RivePh00,2019-09-15,LAC,@,DET,QB,MATCHED_CANONICAL_GAME,2019_02_LAC_DET,2019,2,REG,LAC,DET,away,date/team/opponent/location identity
3342,Aaron Rodgers,RodgAa00,2019-09-15,GNB,,MIN,QB,MATCHED_CANONICAL_GAME,2019_02_MIN_GB,2019,2,REG,MIN,GB,home,date/team/opponent/location identity
3343,Ben Roethlisberger,RoetBe00,2019-09-15,PIT,,SEA,QB,MATCHED_CANONICAL_GAME,2019_02_SEA_PIT,2019,2,REG,SEA,PIT,home,date/team/opponent/location identity
3344,Matt Ryan,RyanMa00,2019-09-15,ATL,,PHI,QB,MATCHED_CANONICAL_GAME,2019_02_PHI_ATL,2019,2,REG,PHI,ATL,home,date/team/opponent/location identity
3345,Matthew Stafford,StafMa00,2019-09-15,DET,,LAC,QB,MATCHED_CANONICAL_GAME,2019_02_LAC_DET,2019,2,REG,LAC,DET,home,date/team/opponent/location identity
3346,Mitchell Trubisky,TrubMi00,2019-09-15,CHI,@,DEN,QB,MATCHED_CANONICAL_GAME,2019_02_CHI_DEN,2019,2,REG,CHI,DEN,away,date/team/opponent/location identity
3347,Deshaun Watson,WatsDe00,2019-09-15,HOU,,JAX,QB,MATCHED_CANONICAL_GAME,2019_02_JAX_HOU,2019,2,REG,JAX,HOU,home,date/team/opponent/location identity
3348,Carson Wentz,WentCa00,2019-09-15,PHI,@,ATL,QB,MATCHED_CANONICAL_GAME,2019_02_PHI_ATL,2019,2,REG,PHI,ATL,away,date/team/opponent/location identity
3349,Russell Wilson,WilsRu00,2019-09-15,SEA,@,PIT,QB,MATCHED_CANONICAL_GAME,2019_02_SEA_PIT,2019,2,REG,SEA,PIT,away,date/team/opponent/location identity
3350,Cam Newton,NewtCa00,2019-09-12,CAR,,TAM,QB,MATCHED_CANONICAL_GAME,2019_02_TB_CAR,2019,2,REG,TB,CAR,home,date/team/opponent/location identity
3351,Jameis Winston,WinsJa00,2019-09-12,TAM,@,CAR,QB,MATCHED_CANONICAL_GAME,2019_02_TB_CAR,2019,2,REG,TB,CAR,away,date/team/opponent/location identity
3352,Drew Brees,BreeDr00,2019-09-09,NOR,,HOU,QB,MATCHED_CANONICAL_GAME,2019_01_HOU_NO,2019,1,REG,HOU,NO,home,date/team/opponent/location identity
3353,Derek Carr,CarrDe02,2019-09-09,OAK,,DEN,QB,MATCHED_CANONICAL_GAME,2019_01_DEN_OAK,2019,1,REG,DEN,LV,home,date/team/opponent/location identity
3354,Joe Flacco,FlacJo00,2019-09-09,DEN,@,OAK,QB,MATCHED_CANONICAL_GAME,2019_01_DEN_OAK,2019,1,REG,DEN,LV,away,date/team/opponent/location identity
3355,Deshaun Watson,WatsDe00,2019-09-09,HOU,@,NOR,QB,MATCHED_CANONICAL_GAME,2019_01_HOU_NO,2019,1,REG,HOU,NO,away,date/team/opponent/location identity
3356,Josh Allen,AlleJo02,2019-09-08,BUF,@,NYJ,QB,MATCHED_CANONICAL_GAME,2019_01_BUF_NYJ,2019,1,REG,BUF,NYJ,away,date/team/opponent/location identity
3357,Tom Brady,BradTo00,2019-09-08,NWE,,PIT,QB,MATCHED_CANONICAL_GAME,2019_01_PIT_NE,2019,1,REG,PIT,NE,home,date/team/opponent/location identity
3358,Jacoby Brissett,BrisJa00,2019-09-08,IND,@,LAC,QB,MATCHED_CANONICAL_GAME,2019_01_IND_LAC,2019,1,REG,IND,LAC,away,date/team/opponent/location identity
3359,Kirk Cousins,CousKi00,2019-09-08,MIN,,ATL,QB,MATCHED_CANONICAL_GAME,2019_01_ATL_MIN,2019,1,REG,ATL,MIN,home,date/team/opponent/location identity
3360,Andy Dalton,DaltAn00,2019-09-08,CIN,@,SEA,QB,MATCHED_CANONICAL_GAME,2019_01_CIN_SEA,2019,1,REG,CIN,SEA,away,date/team/opponent/location identity
3361,Sam Darnold,DarnSa00,2019-09-08,NYJ,,BUF,QB,MATCHED_CANONICAL_GAME,2019_01_BUF_NYJ,2019,1,REG,BUF,NYJ,home,date/team/opponent/location identity
3362,Ryan Fitzpatrick,FitzRy00,2019-09-08,MIA,,BAL,QB,MATCHED_CANONICAL_GAME,2019_01_BAL_MIA,2019,1,REG,BAL,MIA,home,date/team/opponent/location identity
3363,Nick Foles,FoleNi00,2019-09-08,JAX,,KAN,QB,MATCHED_CANONICAL_GAME,2019_01_KC_JAX,2019,1,REG,KC,JAX,home,date/team/opponent/location identity
3364,Jimmy Garoppolo,GaroJi00,2019-09-08,SFO,@,TAM,QB,MATCHED_CANONICAL_GAME,2019_01_SF_TB,2019,1,REG,SF,TB,away,date/team/opponent/location identity
3365,Jared Goff,GoffJa00,2019-09-08,LAR,@,CAR,QB,MATCHED_CANONICAL_GAME,2019_01_LA_CAR,2019,1,REG,LAR,CAR,away,date/team/opponent/location identity
3366,Lamar Jackson,JackLa00,2019-09-08,BAL,@,MIA,QB,MATCHED_CANONICAL_GAME,2019_01_BAL_MIA,2019,1,REG,BAL,MIA,away,date/team/opponent/location identity
3367,Case Keenum,KeenCa00,2019-09-08,WAS,@,PHI,QB,MATCHED_CANONICAL_GAME,2019_01_WAS_PHI,2019,1,REG,WAS,PHI,away,date/team/opponent/location identity
3368,Patrick Mahomes,MahoPa00,2019-09-08,KAN,@,JAX,QB,MATCHED_CANONICAL_GAME,2019_01_KC_JAX,2019,1,REG,KC,JAX,away,date/team/opponent/location identity
3369,Eli Manning,MannEl00,2019-09-08,NYG,@,DAL,QB,MATCHED_CANONICAL_GAME,2019_01_NYG_DAL,2019,1,REG,NYG,DAL,away,date/team/opponent/location identity
3370,Marcus Mariota,MariMa01,2019-09-08,TEN,@,CLE,QB,MATCHED_CANONICAL_GAME,2019_01_TEN_CLE,2019,1,REG,TEN,CLE,away,date/team/opponent/location identity
3371,Baker Mayfield,MayfBa00,2019-09-08,CLE,,TEN,QB,MATCHED_CANONICAL_GAME,2019_01_TEN_CLE,2019,1,REG,TEN,CLE,home,date/team/opponent/location identity
3372,Kyler Murray,MurrKy00,2019-09-08,ARI,,DET,QB,MATCHED_CANONICAL_GAME,2019_01_DET_ARI,2019,1,REG,DET,ARI,home,date/team/opponent/location identity
3373,Cam Newton,NewtCa00,2019-09-08,CAR,,LAR,QB,MATCHED_CANONICAL_GAME,2019_01_LA_CAR,2019,1,REG,LAR,CAR,home,date/team/opponent/location identity
3374,Dak Prescott,PresDa01,2019-09-08,DAL,,NYG,QB,MATCHED_CANONICAL_GAME,2019_01_NYG_DAL,2019,1,REG,NYG,DAL,home,date/team/opponent/location identity
3375,Philip Rivers,RivePh00,2019-09-08,LAC,,IND,QB,MATCHED_CANONICAL_GAME,2019_01_IND_LAC,2019,1,REG,IND,LAC,home,date/team/opponent/location identity
3376,Ben Roethlisberger,RoetBe00,2019-09-08,PIT,@,NWE,QB,MATCHED_CANONICAL_GAME,2019_01_PIT_NE,2019,1,REG,PIT,NE,away,date/team/opponent/location identity
3377,Matt Ryan,RyanMa00,2019-09-08,ATL,@,MIN,QB,MATCHED_CANONICAL_GAME,2019_01_ATL_MIN,2019,1,REG,ATL,MIN,away,date/team/opponent/location identity
3378,Matthew Stafford,StafMa00,2019-09-08,DET,@,ARI,QB,MATCHED_CANONICAL_GAME,2019_01_DET_ARI,2019,1,REG,DET,ARI,away,date/team/opponent/location identity
3379,Carson Wentz,WentCa00,2019-09-08,PHI,,WAS,QB,MATCHED_CANONICAL_GAME,2019_01_WAS_PHI,2019,1,REG,WAS,PHI,home,date/team/opponent/location identity
3380,Russell Wilson,WilsRu00,2019-09-08,SEA,,CIN,QB,MATCHED_CANONICAL_GAME,2019_01_CIN_SEA,2019,1,REG,CIN,SEA,home,date/team/opponent/location identity
3381,Jameis Winston,WinsJa00,2019-09-08,TAM,,SFO,QB,MATCHED_CANONICAL_GAME,2019_01_SF_TB,2019,1,REG,SF,TB,home,date/team/opponent/location identity
3382,Aaron Rodgers,RodgAa00,2019-09-05,GNB,@,CHI,QB,MATCHED_CANONICAL_GAME,2019_01_GB_CHI,2019,1,REG,GB,CHI,away,date/team/opponent/location identity
3383,Mitchell Trubisky,TrubMi00,2019-09-05,CHI,,GNB,QB,MATCHED_CANONICAL_GAME,2019_01_GB_CHI,2019,1,REG,GB,CHI,home,date/team/opponent/location identity
3384,Tom Brady,BradTo00,2019-02-03,NWE,N,LAR,QB,MATCHED_CANONICAL_GAME,2018_21_NE_LA,2018,21,SB,NE,LAR,away,neutral-site canonical team identity
3385,Jared Goff,GoffJa00,2019-02-03,LAR,N,NWE,QB,MATCHED_CANONICAL_GAME,2018_21_NE_LA,2018,21,SB,NE,LAR,home,neutral-site canonical team identity
3386,Tom Brady,BradTo00,2019-01-20,NWE,@,KAN,QB,MATCHED_CANONICAL_GAME,2018_20_NE_KC,2018,20,CON,NE,KC,away,date/team/opponent/location identity
3387,Drew Brees,BreeDr00,2019-01-20,NOR,,LAR,QB,MATCHED_CANONICAL_GAME,2018_20_LA_NO,2018,20,CON,LAR,NO,home,date/team/opponent/location identity
3388,Jared Goff,GoffJa00,2019-01-20,LAR,@,NOR,QB,MATCHED_CANONICAL_GAME,2018_20_LA_NO,2018,20,CON,LAR,NO,away,date/team/opponent/location identity
3389,Patrick Mahomes,MahoPa00,2019-01-20,KAN,,NWE,QB,MATCHED_CANONICAL_GAME,2018_20_NE_KC,2018,20,CON,NE,KC,home,date/team/opponent/location identity
3390,Tom Brady,BradTo00,2019-01-13,NWE,,LAC,QB,MATCHED_CANONICAL_GAME,2018_19_LAC_NE,2018,19,DIV,LAC,NE,home,date/team/opponent/location identity
3391,Drew Brees,BreeDr00,2019-01-13,NOR,,PHI,QB,MATCHED_CANONICAL_GAME,2018_19_PHI_NO,2018,19,DIV,PHI,NO,home,date/team/opponent/location identity
3392,Nick Foles,FoleNi00,2019-01-13,PHI,@,NOR,QB,MATCHED_CANONICAL_GAME,2018_19_PHI_NO,2018,19,DIV,PHI,NO,away,date/team/opponent/location identity
3393,Philip Rivers,RivePh00,2019-01-13,LAC,@,NWE,QB,MATCHED_CANONICAL_GAME,2018_19_LAC_NE,2018,19,DIV,LAC,NE,away,date/team/opponent/location identity
3394,Jared Goff,GoffJa00,2019-01-12,LAR,,DAL,QB,MATCHED_CANONICAL_GAME,2018_19_DAL_LA,2018,19,DIV,DAL,LAR,home,date/team/opponent/location identity
3395,Andrew Luck,LuckAn00,2019-01-12,IND,@,KAN,QB,MATCHED_CANONICAL_GAME,2018_19_IND_KC,2018,19,DIV,IND,KC,away,date/team/opponent/location identity
3396,Patrick Mahomes,MahoPa00,2019-01-12,KAN,,IND,QB,MATCHED_CANONICAL_GAME,2018_19_IND_KC,2018,19,DIV,IND,KC,home,date/team/opponent/location identity
3397,Dak Prescott,PresDa01,2019-01-12,DAL,@,LAR,QB,MATCHED_CANONICAL_GAME,2018_19_DAL_LA,2018,19,DIV,DAL,LAR,away,date/team/opponent/location identity
3398,Nick Foles,FoleNi00,2019-01-06,PHI,@,CHI,QB,MATCHED_CANONICAL_GAME,2018_18_PHI_CHI,2018,18,WC,PHI,CHI,away,date/team/opponent/location identity
3399,Lamar Jackson,JackLa00,2019-01-06,BAL,,LAC,QB,MATCHED_CANONICAL_GAME,2018_18_LAC_BAL,2018,18,WC,LAC,BAL,home,date/team/opponent/location identity
3400,Philip Rivers,RivePh00,2019-01-06,LAC,@,BAL,QB,MATCHED_CANONICAL_GAME,2018_18_LAC_BAL,2018,18,WC,LAC,BAL,away,date/team/opponent/location identity
3401,Mitchell Trubisky,TrubMi00,2019-01-06,CHI,,PHI,QB,MATCHED_CANONICAL_GAME,2018_18_PHI_CHI,2018,18,WC,PHI,CHI,home,date/team/opponent/location identity
3402,Andrew Luck,LuckAn00,2019-01-05,IND,@,HOU,QB,MATCHED_CANONICAL_GAME,2018_18_IND_HOU,2018,18,WC,IND,HOU,away,date/team/opponent/location identity
3403,Dak Prescott,PresDa01,2019-01-05,DAL,,SEA,QB,MATCHED_CANONICAL_GAME,2018_18_SEA_DAL,2018,18,WC,SEA,DAL,home,date/team/opponent/location identity
3404,Deshaun Watson,WatsDe00,2019-01-05,HOU,,IND,QB,MATCHED_CANONICAL_GAME,2018_18_IND_HOU,2018,18,WC,IND,HOU,home,date/team/opponent/location identity
3405,Russell Wilson,WilsRu00,2019-01-05,SEA,@,DAL,QB,MATCHED_CANONICAL_GAME,2018_18_SEA_DAL,2018,18,WC,SEA,DAL,away,date/team/opponent/location identity
3406,Josh Allen,AlleJo02,2018-12-30,BUF,,MIA,QB,MATCHED_CANONICAL_GAME,2018_17_MIA_BUF,2018,17,REG,MIA,BUF,home,date/team/opponent/location identity
3407,Kyle Allen,AlleKy00,2018-12-30,CAR,@,NOR,QB,MATCHED_CANONICAL_GAME,2018_17_CAR_NO,2018,17,REG,CAR,NO,away,date/team/opponent/location identity
3408,Blake Bortles,BortBl00,2018-12-30,JAX,@,HOU,QB,MATCHED_CANONICAL_GAME,2018_17_JAX_HOU,2018,17,REG,JAX,HOU,away,date/team/opponent/location identity
3409,Tom Brady,BradTo00,2018-12-30,NWE,,NYJ,QB,MATCHED_CANONICAL_GAME,2018_17_NYJ_NE,2018,17,REG,NYJ,NE,home,date/team/opponent/location identity
3410,Teddy Bridgewater,BridTe00,2018-12-30,NOR,,CAR,QB,MATCHED_CANONICAL_GAME,2018_17_CAR_NO,2018,17,REG,CAR,NO,home,date/team/opponent/location identity
3411,Derek Carr,CarrDe02,2018-12-30,OAK,@,KAN,QB,MATCHED_CANONICAL_GAME,2018_17_OAK_KC,2018,17,REG,LV,KC,away,date/team/opponent/location identity
3412,Kirk Cousins,CousKi00,2018-12-30,MIN,,CHI,QB,MATCHED_CANONICAL_GAME,2018_17_CHI_MIN,2018,17,REG,CHI,MIN,home,date/team/opponent/location identity
3413,Sam Darnold,DarnSa00,2018-12-30,NYJ,@,NWE,QB,MATCHED_CANONICAL_GAME,2018_17_NYJ_NE,2018,17,REG,NYJ,NE,away,date/team/opponent/location identity
3414,Jeff Driskel,DrisJe00,2018-12-30,CIN,@,PIT,QB,MATCHED_CANONICAL_GAME,2018_17_CIN_PIT,2018,17,REG,CIN,PIT,away,date/team/opponent/location identity
3415,Nick Foles,FoleNi00,2018-12-30,PHI,@,WAS,QB,MATCHED_CANONICAL_GAME,2018_17_PHI_WAS,2018,17,REG,PHI,WAS,away,date/team/opponent/location identity
3416,Blaine Gabbert,GabbBl00,2018-12-30,TEN,,IND,QB,MATCHED_CANONICAL_GAME,2018_17_IND_TEN,2018,17,REG,IND,TEN,home,date/team/opponent/location identity
3417,Jared Goff,GoffJa00,2018-12-30,LAR,,SFO,QB,MATCHED_CANONICAL_GAME,2018_17_SF_LA,2018,17,REG,SF,LAR,home,date/team/opponent/location identity
3418,Taysom Hill,HillTa00,2018-12-30,NOR,,CAR,QB,MATCHED_CANONICAL_GAME,2018_17_CAR_NO,2018,17,REG,CAR,NO,home,date/team/opponent/location identity
3419,Lamar Jackson,JackLa00,2018-12-30,BAL,,CLE,QB,MATCHED_CANONICAL_GAME,2018_17_CLE_BAL,2018,17,REG,CLE,BAL,home,date/team/opponent/location identity
3420,Josh Johnson,JohnJo05,2018-12-30,WAS,,PHI,QB,MATCHED_CANONICAL_GAME,2018_17_PHI_WAS,2018,17,REG,PHI,WAS,home,date/team/opponent/location identity
3421,Case Keenum,KeenCa00,2018-12-30,DEN,,LAC,QB,MATCHED_CANONICAL_GAME,2018_17_LAC_DEN,2018,17,REG,LAC,DEN,home,date/team/opponent/location identity
3422,Andrew Luck,LuckAn00,2018-12-30,IND,@,TEN,QB,MATCHED_CANONICAL_GAME,2018_17_IND_TEN,2018,17,REG,IND,TEN,away,date/team/opponent/location identity
3423,Patrick Mahomes,MahoPa00,2018-12-30,KAN,,OAK,QB,MATCHED_CANONICAL_GAME,2018_17_OAK_KC,2018,17,REG,LV,KC,home,date/team/opponent/location identity
3424,Eli Manning,MannEl00,2018-12-30,NYG,,DAL,QB,MATCHED_CANONICAL_GAME,2018_17_DAL_NYG,2018,17,REG,DAL,NYG,home,date/team/opponent/location identity
3425,Baker Mayfield,MayfBa00,2018-12-30,CLE,@,BAL,QB,MATCHED_CANONICAL_GAME,2018_17_CLE_BAL,2018,17,REG,CLE,BAL,away,date/team/opponent/location identity
3426,Nick Mullens,MullNi00,2018-12-30,SFO,@,LAR,QB,MATCHED_CANONICAL_GAME,2018_17_SF_LA,2018,17,REG,SF,LAR,away,date/team/opponent/location identity
3427,Dak Prescott,PresDa01,2018-12-30,DAL,@,NYG,QB,MATCHED_CANONICAL_GAME,2018_17_DAL_NYG,2018,17,REG,DAL,NYG,away,date/team/opponent/location identity
3428,Philip Rivers,RivePh00,2018-12-30,LAC,@,DEN,QB,MATCHED_CANONICAL_GAME,2018_17_LAC_DEN,2018,17,REG,LAC,DEN,away,date/team/opponent/location identity
3429,Aaron Rodgers,RodgAa00,2018-12-30,GNB,,DET,QB,MATCHED_CANONICAL_GAME,2018_17_DET_GB,2018,17,REG,DET,GB,home,date/team/opponent/location identity
3430,Ben Roethlisberger,RoetBe00,2018-12-30,PIT,,CIN,QB,MATCHED_CANONICAL_GAME,2018_17_CIN_PIT,2018,17,REG,CIN,PIT,home,date/team/opponent/location identity
3431,Josh Rosen,RoseJo01,2018-12-30,ARI,@,SEA,QB,MATCHED_CANONICAL_GAME,2018_17_ARI_SEA,2018,17,REG,ARI,SEA,away,date/team/opponent/location identity
3432,Matt Ryan,RyanMa00,2018-12-30,ATL,@,TAM,QB,MATCHED_CANONICAL_GAME,2018_17_ATL_TB,2018,17,REG,ATL,TB,away,date/team/opponent/location identity
3433,Matthew Stafford,StafMa00,2018-12-30,DET,@,GNB,QB,MATCHED_CANONICAL_GAME,2018_17_DET_GB,2018,17,REG,DET,GB,away,date/team/opponent/location identity
3434,Ryan Tannehill,TannRy00,2018-12-30,MIA,@,BUF,QB,MATCHED_CANONICAL_GAME,2018_17_MIA_BUF,2018,17,REG,MIA,BUF,away,date/team/opponent/location identity
3435,Mitchell Trubisky,TrubMi00,2018-12-30,CHI,@,MIN,QB,MATCHED_CANONICAL_GAME,2018_17_CHI_MIN,2018,17,REG,CHI,MIN,away,date/team/opponent/location identity
3436,Deshaun Watson,WatsDe00,2018-12-30,HOU,,JAX,QB,MATCHED_CANONICAL_GAME,2018_17_JAX_HOU,2018,17,REG,JAX,HOU,home,date/team/opponent/location identity
3437,Russell Wilson,WilsRu00,2018-12-30,SEA,,ARI,QB,MATCHED_CANONICAL_GAME,2018_17_ARI_SEA,2018,17,REG,ARI,SEA,home,date/team/opponent/location identity
3438,Jameis Winston,WinsJa00,2018-12-30,TAM,,ATL,QB,MATCHED_CANONICAL_GAME,2018_17_ATL_TB,2018,17,REG,ATL,TB,home,date/team/opponent/location identity
3439,Derek Carr,CarrDe02,2018-12-24,OAK,,DEN,QB,MATCHED_CANONICAL_GAME,2018_16_DEN_OAK,2018,16,REG,DEN,LV,home,date/team/opponent/location identity
3440,Case Keenum,KeenCa00,2018-12-24,DEN,@,OAK,QB,MATCHED_CANONICAL_GAME,2018_16_DEN_OAK,2018,16,REG,DEN,LV,away,date/team/opponent/location identity
3441,Josh Allen,AlleJo02,2018-12-23,BUF,@,NWE,QB,MATCHED_CANONICAL_GAME,2018_16_BUF_NE,2018,16,REG,BUF,NE,away,date/team/opponent/location identity
3442,Tom Brady,BradTo00,2018-12-23,NWE,,BUF,QB,MATCHED_CANONICAL_GAME,2018_16_BUF_NE,2018,16,REG,BUF,NE,home,date/team/opponent/location identity
3443,Drew Brees,BreeDr00,2018-12-23,NOR,,PIT,QB,MATCHED_CANONICAL_GAME,2018_16_PIT_NO,2018,16,REG,PIT,NO,home,date/team/opponent/location identity
3444,Kirk Cousins,CousKi00,2018-12-23,MIN,@,DET,QB,MATCHED_CANONICAL_GAME,2018_16_MIN_DET,2018,16,REG,MIN,DET,away,date/team/opponent/location identity
3445,Sam Darnold,DarnSa00,2018-12-23,NYJ,,GNB,QB,MATCHED_CANONICAL_GAME,2018_16_GB_NYJ,2018,16,REG,GB,NYJ,home,date/team/opponent/location identity
3446,Jeff Driskel,DrisJe00,2018-12-23,CIN,@,CLE,QB,MATCHED_CANONICAL_GAME,2018_16_CIN_CLE,2018,16,REG,CIN,CLE,away,date/team/opponent/location identity
3447,Nick Foles,FoleNi00,2018-12-23,PHI,,HOU,QB,MATCHED_CANONICAL_GAME,2018_16_HOU_PHI,2018,16,REG,HOU,PHI,home,date/team/opponent/location identity
3448,Jared Goff,GoffJa00,2018-12-23,LAR,@,ARI,QB,MATCHED_CANONICAL_GAME,2018_16_LA_ARI,2018,16,REG,LAR,ARI,away,date/team/opponent/location identity
3449,Taylor Heinicke,HeinTa00,2018-12-23,CAR,,ATL,QB,MATCHED_CANONICAL_GAME,2018_16_ATL_CAR,2018,16,REG,ATL,CAR,home,date/team/opponent/location identity
3450,Cody Kessler,KessCo00,2018-12-23,JAX,@,MIA,QB,MATCHED_CANONICAL_GAME,2018_16_JAX_MIA,2018,16,REG,JAX,MIA,away,date/team/opponent/location identity
3451,Andrew Luck,LuckAn00,2018-12-23,IND,,NYG,QB,MATCHED_CANONICAL_GAME,2018_16_NYG_IND,2018,16,REG,NYG,IND,home,date/team/opponent/location identity
3452,Patrick Mahomes,MahoPa00,2018-12-23,KAN,@,SEA,QB,MATCHED_CANONICAL_GAME,2018_16_KC_SEA,2018,16,REG,KC,SEA,away,date/team/opponent/location identity
3453,Eli Manning,MannEl00,2018-12-23,NYG,@,IND,QB,MATCHED_CANONICAL_GAME,2018_16_NYG_IND,2018,16,REG,NYG,IND,away,date/team/opponent/location identity
3454,Baker Mayfield,MayfBa00,2018-12-23,CLE,,CIN,QB,MATCHED_CANONICAL_GAME,2018_16_CIN_CLE,2018,16,REG,CIN,CLE,home,date/team/opponent/location identity
3455,Nick Mullens,MullNi00,2018-12-23,SFO,,CHI,QB,MATCHED_CANONICAL_GAME,2018_16_CHI_SF,2018,16,REG,CHI,SF,home,date/team/opponent/location identity
3456,Dak Prescott,PresDa01,2018-12-23,DAL,,TAM,QB,MATCHED_CANONICAL_GAME,2018_16_TB_DAL,2018,16,REG,TB,DAL,home,date/team/opponent/location identity
3457,Aaron Rodgers,RodgAa00,2018-12-23,GNB,@,NYJ,QB,MATCHED_CANONICAL_GAME,2018_16_GB_NYJ,2018,16,REG,GB,NYJ,away,date/team/opponent/location identity
3458,Ben Roethlisberger,RoetBe00,2018-12-23,PIT,@,NOR,QB,MATCHED_CANONICAL_GAME,2018_16_PIT_NO,2018,16,REG,PIT,NO,away,date/team/opponent/location identity
3459,Josh Rosen,RoseJo01,2018-12-23,ARI,,LAR,QB,MATCHED_CANONICAL_GAME,2018_16_LA_ARI,2018,16,REG,LAR,ARI,home,date/team/opponent/location identity
3460,Matt Ryan,RyanMa00,2018-12-23,ATL,@,CAR,QB,MATCHED_CANONICAL_GAME,2018_16_ATL_CAR,2018,16,REG,ATL,CAR,away,date/team/opponent/location identity
3461,Matthew Stafford,StafMa00,2018-12-23,DET,,MIN,QB,MATCHED_CANONICAL_GAME,2018_16_MIN_DET,2018,16,REG,MIN,DET,home,date/team/opponent/location identity
3462,Ryan Tannehill,TannRy00,2018-12-23,MIA,,JAX,QB,MATCHED_CANONICAL_GAME,2018_16_JAX_MIA,2018,16,REG,JAX,MIA,home,date/team/opponent/location identity
3463,Mitchell Trubisky,TrubMi00,2018-12-23,CHI,@,SFO,QB,MATCHED_CANONICAL_GAME,2018_16_CHI_SF,2018,16,REG,CHI,SF,away,date/team/opponent/location identity
3464,Deshaun Watson,WatsDe00,2018-12-23,HOU,@,PHI,QB,MATCHED_CANONICAL_GAME,2018_16_HOU_PHI,2018,16,REG,HOU,PHI,away,date/team/opponent/location identity
3465,Russell Wilson,WilsRu00,2018-12-23,SEA,,KAN,QB,MATCHED_CANONICAL_GAME,2018_16_KC_SEA,2018,16,REG,KC,SEA,home,date/team/opponent/location identity
3466,Jameis Winston,WinsJa00,2018-12-23,TAM,@,DAL,QB,MATCHED_CANONICAL_GAME,2018_16_TB_DAL,2018,16,REG,TB,DAL,away,date/team/opponent/location identity
3467,Lamar Jackson,JackLa00,2018-12-22,BAL,@,LAC,QB,MATCHED_CANONICAL_GAME,2018_16_BAL_LAC,2018,16,REG,BAL,LAC,away,date/team/opponent/location identity
3468,Josh Johnson,JohnJo05,2018-12-22,WAS,@,TEN,QB,MATCHED_CANONICAL_GAME,2018_16_WAS_TEN,2018,16,REG,WAS,TEN,away,date/team/opponent/location identity
3469,Marcus Mariota,MariMa01,2018-12-22,TEN,,WAS,QB,MATCHED_CANONICAL_GAME,2018_16_WAS_TEN,2018,16,REG,WAS,TEN,home,date/team/opponent/location identity
3470,Philip Rivers,RivePh00,2018-12-22,LAC,,BAL,QB,MATCHED_CANONICAL_GAME,2018_16_BAL_LAC,2018,16,REG,BAL,LAC,home,date/team/opponent/location identity
3471,Drew Brees,BreeDr00,2018-12-17,NOR,@,CAR,QB,MATCHED_CANONICAL_GAME,2018_15_NO_CAR,2018,15,REG,NO,CAR,away,date/team/opponent/location identity
3472,Cam Newton,NewtCa00,2018-12-17,CAR,,NOR,QB,MATCHED_CANONICAL_GAME,2018_15_NO_CAR,2018,15,REG,NO,CAR,home,date/team/opponent/location identity
3473,Josh Allen,AlleJo02,2018-12-16,BUF,,DET,QB,MATCHED_CANONICAL_GAME,2018_15_DET_BUF,2018,15,REG,DET,BUF,home,date/team/opponent/location identity
3474,Tom Brady,BradTo00,2018-12-16,NWE,@,PIT,QB,MATCHED_CANONICAL_GAME,2018_15_NE_PIT,2018,15,REG,NE,PIT,away,date/team/opponent/location identity
3475,Derek Carr,CarrDe02,2018-12-16,OAK,@,CIN,QB,MATCHED_CANONICAL_GAME,2018_15_OAK_CIN,2018,15,REG,LV,CIN,away,date/team/opponent/location identity
3476,Kirk Cousins,CousKi00,2018-12-16,MIN,,MIA,QB,MATCHED_CANONICAL_GAME,2018_15_MIA_MIN,2018,15,REG,MIA,MIN,home,date/team/opponent/location identity
3477,Jeff Driskel,DrisJe00,2018-12-16,CIN,,OAK,QB,MATCHED_CANONICAL_GAME,2018_15_OAK_CIN,2018,15,REG,LV,CIN,home,date/team/opponent/location identity
3478,Nick Foles,FoleNi00,2018-12-16,PHI,@,LAR,QB,MATCHED_CANONICAL_GAME,2018_15_PHI_LA,2018,15,REG,PHI,LAR,away,date/team/opponent/location identity
3479,Jared Goff,GoffJa00,2018-12-16,LAR,,PHI,QB,MATCHED_CANONICAL_GAME,2018_15_PHI_LA,2018,15,REG,PHI,LAR,home,date/team/opponent/location identity
3480,Lamar Jackson,JackLa00,2018-12-16,BAL,,TAM,QB,MATCHED_CANONICAL_GAME,2018_15_TB_BAL,2018,15,REG,TB,BAL,home,date/team/opponent/location identity
3481,Josh Johnson,JohnJo05,2018-12-16,WAS,@,JAX,QB,MATCHED_CANONICAL_GAME,2018_15_WAS_JAX,2018,15,REG,WAS,JAX,away,date/team/opponent/location identity
3482,Cody Kessler,KessCo00,2018-12-16,JAX,,WAS,QB,MATCHED_CANONICAL_GAME,2018_15_WAS_JAX,2018,15,REG,WAS,JAX,home,date/team/opponent/location identity
3483,Andrew Luck,LuckAn00,2018-12-16,IND,,DAL,QB,MATCHED_CANONICAL_GAME,2018_15_DAL_IND,2018,15,REG,DAL,IND,home,date/team/opponent/location identity
3484,Eli Manning,MannEl00,2018-12-16,NYG,,TEN,QB,MATCHED_CANONICAL_GAME,2018_15_TEN_NYG,2018,15,REG,TEN,NYG,home,date/team/opponent/location identity
3485,Marcus Mariota,MariMa01,2018-12-16,TEN,@,NYG,QB,MATCHED_CANONICAL_GAME,2018_15_TEN_NYG,2018,15,REG,TEN,NYG,away,date/team/opponent/location identity
3486,Nick Mullens,MullNi00,2018-12-16,SFO,,SEA,QB,MATCHED_CANONICAL_GAME,2018_15_SEA_SF,2018,15,REG,SEA,SF,home,date/team/opponent/location identity
3487,Dak Prescott,PresDa01,2018-12-16,DAL,@,IND,QB,MATCHED_CANONICAL_GAME,2018_15_DAL_IND,2018,15,REG,DAL,IND,away,date/team/opponent/location identity
3488,Aaron Rodgers,RodgAa00,2018-12-16,GNB,@,CHI,QB,MATCHED_CANONICAL_GAME,2018_15_GB_CHI,2018,15,REG,GB,CHI,away,date/team/opponent/location identity
3489,Ben Roethlisberger,RoetBe00,2018-12-16,PIT,,NWE,QB,MATCHED_CANONICAL_GAME,2018_15_NE_PIT,2018,15,REG,NE,PIT,home,date/team/opponent/location identity
3490,Josh Rosen,RoseJo01,2018-12-16,ARI,@,ATL,QB,MATCHED_CANONICAL_GAME,2018_15_ARI_ATL,2018,15,REG,ARI,ATL,away,date/team/opponent/location identity
3491,Matt Ryan,RyanMa00,2018-12-16,ATL,,ARI,QB,MATCHED_CANONICAL_GAME,2018_15_ARI_ATL,2018,15,REG,ARI,ATL,home,date/team/opponent/location identity
3492,Matthew Stafford,StafMa00,2018-12-16,DET,@,BUF,QB,MATCHED_CANONICAL_GAME,2018_15_DET_BUF,2018,15,REG,DET,BUF,away,date/team/opponent/location identity
3493,Ryan Tannehill,TannRy00,2018-12-16,MIA,@,MIN,QB,MATCHED_CANONICAL_GAME,2018_15_MIA_MIN,2018,15,REG,MIA,MIN,away,date/team/opponent/location identity
3494,Mitchell Trubisky,TrubMi00,2018-12-16,CHI,,GNB,QB,MATCHED_CANONICAL_GAME,2018_15_GB_CHI,2018,15,REG,GB,CHI,home,date/team/opponent/location identity
3495,Russell Wilson,WilsRu00,2018-12-16,SEA,@,SFO,QB,MATCHED_CANONICAL_GAME,2018_15_SEA_SF,2018,15,REG,SEA,SF,away,date/team/opponent/location identity
3496,Jameis Winston,WinsJa00,2018-12-16,TAM,@,BAL,QB,MATCHED_CANONICAL_GAME,2018_15_TB_BAL,2018,15,REG,TB,BAL,away,date/team/opponent/location identity
3497,Sam Darnold,DarnSa00,2018-12-15,NYJ,,HOU,QB,MATCHED_CANONICAL_GAME,2018_15_HOU_NYJ,2018,15,REG,HOU,NYJ,home,date/team/opponent/location identity
3498,Case Keenum,KeenCa00,2018-12-15,DEN,,CLE,QB,MATCHED_CANONICAL_GAME,2018_15_CLE_DEN,2018,15,REG,CLE,DEN,home,date/team/opponent/location identity
3499,Baker Mayfield,MayfBa00,2018-12-15,CLE,@,DEN,QB,MATCHED_CANONICAL_GAME,2018_15_CLE_DEN,2018,15,REG,CLE,DEN,away,date/team/opponent/location identity
3500,Deshaun Watson,WatsDe00,2018-12-15,HOU,@,NYJ,QB,MATCHED_CANONICAL_GAME,2018_15_HOU_NYJ,2018,15,REG,HOU,NYJ,away,date/team/opponent/location identity
3501,Patrick Mahomes,MahoPa00,2018-12-13,KAN,,LAC,QB,MATCHED_CANONICAL_GAME,2018_15_LAC_KC,2018,15,REG,LAC,KC,home,date/team/opponent/location identity
3502,Philip Rivers,RivePh00,2018-12-13,LAC,@,KAN,QB,MATCHED_CANONICAL_GAME,2018_15_LAC_KC,2018,15,REG,LAC,KC,away,date/team/opponent/location identity
3503,Kirk Cousins,CousKi00,2018-12-10,MIN,@,SEA,QB,MATCHED_CANONICAL_GAME,2018_14_MIN_SEA,2018,14,REG,MIN,SEA,away,date/team/opponent/location identity
3504,Russell Wilson,WilsRu00,2018-12-10,SEA,,MIN,QB,MATCHED_CANONICAL_GAME,2018_14_MIN_SEA,2018,14,REG,MIN,SEA,home,date/team/opponent/location identity
3505,Josh Allen,AlleJo02,2018-12-09,BUF,,NYJ,QB,MATCHED_CANONICAL_GAME,2018_14_NYJ_BUF,2018,14,REG,NYJ,BUF,home,date/team/opponent/location identity
3506,Tom Brady,BradTo00,2018-12-09,NWE,@,MIA,QB,MATCHED_CANONICAL_GAME,2018_14_NE_MIA,2018,14,REG,NE,MIA,away,date/team/opponent/location identity
3507,Drew Brees,BreeDr00,2018-12-09,NOR,@,TAM,QB,MATCHED_CANONICAL_GAME,2018_14_NO_TB,2018,14,REG,NO,TB,away,date/team/opponent/location identity
3508,Derek Carr,CarrDe02,2018-12-09,OAK,,PIT,QB,MATCHED_CANONICAL_GAME,2018_14_PIT_OAK,2018,14,REG,PIT,LV,home,date/team/opponent/location identity
3509,Sam Darnold,DarnSa00,2018-12-09,NYJ,@,BUF,QB,MATCHED_CANONICAL_GAME,2018_14_NYJ_BUF,2018,14,REG,NYJ,BUF,away,date/team/opponent/location identity
3510,Jeff Driskel,DrisJe00,2018-12-09,CIN,@,LAC,QB,MATCHED_CANONICAL_GAME,2018_14_CIN_LAC,2018,14,REG,CIN,LAC,away,date/team/opponent/location identity
3511,Jared Goff,GoffJa00,2018-12-09,LAR,@,CHI,QB,MATCHED_CANONICAL_GAME,2018_14_LA_CHI,2018,14,REG,LAR,CHI,away,date/team/opponent/location identity
3512,Lamar Jackson,JackLa00,2018-12-09,BAL,@,KAN,QB,MATCHED_CANONICAL_GAME,2018_14_BAL_KC,2018,14,REG,BAL,KC,away,date/team/opponent/location identity
3513,Case Keenum,KeenCa00,2018-12-09,DEN,@,SFO,QB,MATCHED_CANONICAL_GAME,2018_14_DEN_SF,2018,14,REG,DEN,SF,away,date/team/opponent/location identity
3514,Andrew Luck,LuckAn00,2018-12-09,IND,@,HOU,QB,MATCHED_CANONICAL_GAME,2018_14_IND_HOU,2018,14,REG,IND,HOU,away,date/team/opponent/location identity
3515,Patrick Mahomes,MahoPa00,2018-12-09,KAN,,BAL,QB,MATCHED_CANONICAL_GAME,2018_14_BAL_KC,2018,14,REG,BAL,KC,home,date/team/opponent/location identity
3516,Eli Manning,MannEl00,2018-12-09,NYG,@,WAS,QB,MATCHED_CANONICAL_GAME,2018_14_NYG_WAS,2018,14,REG,NYG,WAS,away,date/team/opponent/location identity
3517,Baker Mayfield,MayfBa00,2018-12-09,CLE,,CAR,QB,MATCHED_CANONICAL_GAME,2018_14_CAR_CLE,2018,14,REG,CAR,CLE,home,date/team/opponent/location identity
3518,Nick Mullens,MullNi00,2018-12-09,SFO,,DEN,QB,MATCHED_CANONICAL_GAME,2018_14_DEN_SF,2018,14,REG,DEN,SF,home,date/team/opponent/location identity
3519,Cam Newton,NewtCa00,2018-12-09,CAR,@,CLE,QB,MATCHED_CANONICAL_GAME,2018_14_CAR_CLE,2018,14,REG,CAR,CLE,away,date/team/opponent/location identity
3520,Dak Prescott,PresDa01,2018-12-09,DAL,,PHI,QB,MATCHED_CANONICAL_GAME,2018_14_PHI_DAL,2018,14,REG,PHI,DAL,home,date/team/opponent/location identity
3521,Philip Rivers,RivePh00,2018-12-09,LAC,,CIN,QB,MATCHED_CANONICAL_GAME,2018_14_CIN_LAC,2018,14,REG,CIN,LAC,home,date/team/opponent/location identity
3522,Aaron Rodgers,RodgAa00,2018-12-09,GNB,,ATL,QB,MATCHED_CANONICAL_GAME,2018_14_ATL_GB,2018,14,REG,ATL,GB,home,date/team/opponent/location identity
3523,Ben Roethlisberger,RoetBe00,2018-12-09,PIT,@,OAK,QB,MATCHED_CANONICAL_GAME,2018_14_PIT_OAK,2018,14,REG,PIT,LV,away,date/team/opponent/location identity
3524,Josh Rosen,RoseJo01,2018-12-09,ARI,,DET,QB,MATCHED_CANONICAL_GAME,2018_14_DET_ARI,2018,14,REG,DET,ARI,home,date/team/opponent/location identity
3525,Matt Ryan,RyanMa00,2018-12-09,ATL,@,GNB,QB,MATCHED_CANONICAL_GAME,2018_14_ATL_GB,2018,14,REG,ATL,GB,away,date/team/opponent/location identity
3526,Mark Sanchez,SancMa00,2018-12-09,WAS,,NYG,QB,MATCHED_CANONICAL_GAME,2018_14_NYG_WAS,2018,14,REG,NYG,WAS,home,date/team/opponent/location identity
3527,Matthew Stafford,StafMa00,2018-12-09,DET,@,ARI,QB,MATCHED_CANONICAL_GAME,2018_14_DET_ARI,2018,14,REG,DET,ARI,away,date/team/opponent/location identity
3528,Ryan Tannehill,TannRy00,2018-12-09,MIA,,NWE,QB,MATCHED_CANONICAL_GAME,2018_14_NE_MIA,2018,14,REG,NE,MIA,home,date/team/opponent/location identity
3529,Mitchell Trubisky,TrubMi00,2018-12-09,CHI,,LAR,QB,MATCHED_CANONICAL_GAME,2018_14_LA_CHI,2018,14,REG,LAR,CHI,home,date/team/opponent/location identity
3530,Deshaun Watson,WatsDe00,2018-12-09,HOU,,IND,QB,MATCHED_CANONICAL_GAME,2018_14_IND_HOU,2018,14,REG,IND,HOU,home,date/team/opponent/location identity
3531,Carson Wentz,WentCa00,2018-12-09,PHI,@,DAL,QB,MATCHED_CANONICAL_GAME,2018_14_PHI_DAL,2018,14,REG,PHI,DAL,away,date/team/opponent/location identity
3532,Jameis Winston,WinsJa00,2018-12-09,TAM,,NOR,QB,MATCHED_CANONICAL_GAME,2018_14_NO_TB,2018,14,REG,NO,TB,home,date/team/opponent/location identity
3533,Cody Kessler,KessCo00,2018-12-06,JAX,@,TEN,QB,MATCHED_CANONICAL_GAME,2018_14_JAX_TEN,2018,14,REG,JAX,TEN,away,date/team/opponent/location identity
3534,Marcus Mariota,MariMa01,2018-12-06,TEN,,JAX,QB,MATCHED_CANONICAL_GAME,2018_14_JAX_TEN,2018,14,REG,JAX,TEN,home,date/team/opponent/location identity
3535,Colt McCoy,McCoCo00,2018-12-03,WAS,@,PHI,QB,MATCHED_CANONICAL_GAME,2018_13_WAS_PHI,2018,13,REG,WAS,PHI,away,date/team/opponent/location identity
3536,Carson Wentz,WentCa00,2018-12-03,PHI,,WAS,QB,MATCHED_CANONICAL_GAME,2018_13_WAS_PHI,2018,13,REG,WAS,PHI,home,date/team/opponent/location identity
3537,Josh Allen,AlleJo02,2018-12-02,BUF,@,MIA,QB,MATCHED_CANONICAL_GAME,2018_13_BUF_MIA,2018,13,REG,BUF,MIA,away,date/team/opponent/location identity
3538,Tom Brady,BradTo00,2018-12-02,NWE,,MIN,QB,MATCHED_CANONICAL_GAME,2018_13_MIN_NE,2018,13,REG,MIN,NE,home,date/team/opponent/location identity
3539,Derek Carr,CarrDe02,2018-12-02,OAK,,KAN,QB,MATCHED_CANONICAL_GAME,2018_13_KC_OAK,2018,13,REG,KC,LV,home,date/team/opponent/location identity
3540,Kirk Cousins,CousKi00,2018-12-02,MIN,@,NWE,QB,MATCHED_CANONICAL_GAME,2018_13_MIN_NE,2018,13,REG,MIN,NE,away,date/team/opponent/location identity
3541,Chase Daniel,DaniCh00,2018-12-02,CHI,@,NYG,QB,MATCHED_CANONICAL_GAME,2018_13_CHI_NYG,2018,13,REG,CHI,NYG,away,date/team/opponent/location identity
3542,Jeff Driskel,DrisJe00,2018-12-02,CIN,,DEN,QB,MATCHED_CANONICAL_GAME,2018_13_DEN_CIN,2018,13,REG,DEN,CIN,home,date/team/opponent/location identity
3543,Jared Goff,GoffJa00,2018-12-02,LAR,@,DET,QB,MATCHED_CANONICAL_GAME,2018_13_LA_DET,2018,13,REG,LAR,DET,away,date/team/opponent/location identity
3544,Lamar Jackson,JackLa00,2018-12-02,BAL,@,ATL,QB,MATCHED_CANONICAL_GAME,2018_13_BAL_ATL,2018,13,REG,BAL,ATL,away,date/team/opponent/location identity
3545,Case Keenum,KeenCa00,2018-12-02,DEN,@,CIN,QB,MATCHED_CANONICAL_GAME,2018_13_DEN_CIN,2018,13,REG,DEN,CIN,away,date/team/opponent/location identity
3546,Cody Kessler,KessCo00,2018-12-02,JAX,,IND,QB,MATCHED_CANONICAL_GAME,2018_13_IND_JAX,2018,13,REG,IND,JAX,home,date/team/opponent/location identity
3547,Andrew Luck,LuckAn00,2018-12-02,IND,@,JAX,QB,MATCHED_CANONICAL_GAME,2018_13_IND_JAX,2018,13,REG,IND,JAX,away,date/team/opponent/location identity
3548,Patrick Mahomes,MahoPa00,2018-12-02,KAN,@,OAK,QB,MATCHED_CANONICAL_GAME,2018_13_KC_OAK,2018,13,REG,KC,LV,away,date/team/opponent/location identity
3549,Eli Manning,MannEl00,2018-12-02,NYG,,CHI,QB,MATCHED_CANONICAL_GAME,2018_13_CHI_NYG,2018,13,REG,CHI,NYG,home,date/team/opponent/location identity
3550,Marcus Mariota,MariMa01,2018-12-02,TEN,,NYJ,QB,MATCHED_CANONICAL_GAME,2018_13_NYJ_TEN,2018,13,REG,NYJ,TEN,home,date/team/opponent/location identity
3551,Baker Mayfield,MayfBa00,2018-12-02,CLE,@,HOU,QB,MATCHED_CANONICAL_GAME,2018_13_CLE_HOU,2018,13,REG,CLE,HOU,away,date/team/opponent/location identity
3552,Josh McCown,McCoJo01,2018-12-02,NYJ,@,TEN,QB,MATCHED_CANONICAL_GAME,2018_13_NYJ_TEN,2018,13,REG,NYJ,TEN,away,date/team/opponent/location identity
3553,Nick Mullens,MullNi00,2018-12-02,SFO,@,SEA,QB,MATCHED_CANONICAL_GAME,2018_13_SF_SEA,2018,13,REG,SF,SEA,away,date/team/opponent/location identity
3554,Cam Newton,NewtCa00,2018-12-02,CAR,@,TAM,QB,MATCHED_CANONICAL_GAME,2018_13_CAR_TB,2018,13,REG,CAR,TB,away,date/team/opponent/location identity
3555,Philip Rivers,RivePh00,2018-12-02,LAC,@,PIT,QB,MATCHED_CANONICAL_GAME,2018_13_LAC_PIT,2018,13,REG,LAC,PIT,away,date/team/opponent/location identity
3556,Aaron Rodgers,RodgAa00,2018-12-02,GNB,,ARI,QB,MATCHED_CANONICAL_GAME,2018_13_ARI_GB,2018,13,REG,ARI,GB,home,date/team/opponent/location identity
3557,Ben Roethlisberger,RoetBe00,2018-12-02,PIT,,LAC,QB,MATCHED_CANONICAL_GAME,2018_13_LAC_PIT,2018,13,REG,LAC,PIT,home,date/team/opponent/location identity
3558,Josh Rosen,RoseJo01,2018-12-02,ARI,@,GNB,QB,MATCHED_CANONICAL_GAME,2018_13_ARI_GB,2018,13,REG,ARI,GB,away,date/team/opponent/location identity
3559,Matt Ryan,RyanMa00,2018-12-02,ATL,,BAL,QB,MATCHED_CANONICAL_GAME,2018_13_BAL_ATL,2018,13,REG,BAL,ATL,home,date/team/opponent/location identity
3560,Matthew Stafford,StafMa00,2018-12-02,DET,,LAR,QB,MATCHED_CANONICAL_GAME,2018_13_LA_DET,2018,13,REG,LAR,DET,home,date/team/opponent/location identity
3561,Ryan Tannehill,TannRy00,2018-12-02,MIA,,BUF,QB,MATCHED_CANONICAL_GAME,2018_13_BUF_MIA,2018,13,REG,BUF,MIA,home,date/team/opponent/location identity
3562,Deshaun Watson,WatsDe00,2018-12-02,HOU,,CLE,QB,MATCHED_CANONICAL_GAME,2018_13_CLE_HOU,2018,13,REG,CLE,HOU,home,date/team/opponent/location identity
3563,Russell Wilson,WilsRu00,2018-12-02,SEA,,SFO,QB,MATCHED_CANONICAL_GAME,2018_13_SF_SEA,2018,13,REG,SF,SEA,home,date/team/opponent/location identity
3564,Jameis Winston,WinsJa00,2018-12-02,TAM,,CAR,QB,MATCHED_CANONICAL_GAME,2018_13_CAR_TB,2018,13,REG,CAR,TB,home,date/team/opponent/location identity
3565,Drew Brees,BreeDr00,2018-11-29,NOR,@,DAL,QB,MATCHED_CANONICAL_GAME,2018_13_NO_DAL,2018,13,REG,NO,DAL,away,date/team/opponent/location identity
3566,Dak Prescott,PresDa01,2018-11-29,DAL,,NOR,QB,MATCHED_CANONICAL_GAME,2018_13_NO_DAL,2018,13,REG,NO,DAL,home,date/team/opponent/location identity
3567,Marcus Mariota,MariMa01,2018-11-26,TEN,@,HOU,QB,MATCHED_CANONICAL_GAME,2018_12_TEN_HOU,2018,12,REG,TEN,HOU,away,date/team/opponent/location identity
3568,Deshaun Watson,WatsDe00,2018-11-26,HOU,,TEN,QB,MATCHED_CANONICAL_GAME,2018_12_TEN_HOU,2018,12,REG,TEN,HOU,home,date/team/opponent/location identity
3569,Josh Allen,AlleJo02,2018-11-25,BUF,,JAX,QB,MATCHED_CANONICAL_GAME,2018_12_JAX_BUF,2018,12,REG,JAX,BUF,home,date/team/opponent/location identity
3570,Blake Bortles,BortBl00,2018-11-25,JAX,@,BUF,QB,MATCHED_CANONICAL_GAME,2018_12_JAX_BUF,2018,12,REG,JAX,BUF,away,date/team/opponent/location identity
3571,Tom Brady,BradTo00,2018-11-25,NWE,@,NYJ,QB,MATCHED_CANONICAL_GAME,2018_12_NE_NYJ,2018,12,REG,NE,NYJ,away,date/team/opponent/location identity
3572,Derek Carr,CarrDe02,2018-11-25,OAK,@,BAL,QB,MATCHED_CANONICAL_GAME,2018_12_OAK_BAL,2018,12,REG,LV,BAL,away,date/team/opponent/location identity
3573,Kirk Cousins,CousKi00,2018-11-25,MIN,,GNB,QB,MATCHED_CANONICAL_GAME,2018_12_GB_MIN,2018,12,REG,GB,MIN,home,date/team/opponent/location identity
3574,Andy Dalton,DaltAn00,2018-11-25,CIN,,CLE,QB,MATCHED_CANONICAL_GAME,2018_12_CLE_CIN,2018,12,REG,CLE,CIN,home,date/team/opponent/location identity
3575,Lamar Jackson,JackLa00,2018-11-25,BAL,,OAK,QB,MATCHED_CANONICAL_GAME,2018_12_OAK_BAL,2018,12,REG,LV,BAL,home,date/team/opponent/location identity
3576,Case Keenum,KeenCa00,2018-11-25,DEN,,PIT,QB,MATCHED_CANONICAL_GAME,2018_12_PIT_DEN,2018,12,REG,PIT,DEN,home,date/team/opponent/location identity
3577,Andrew Luck,LuckAn00,2018-11-25,IND,,MIA,QB,MATCHED_CANONICAL_GAME,2018_12_MIA_IND,2018,12,REG,MIA,IND,home,date/team/opponent/location identity
3578,Eli Manning,MannEl00,2018-11-25,NYG,@,PHI,QB,MATCHED_CANONICAL_GAME,2018_12_NYG_PHI,2018,12,REG,NYG,PHI,away,date/team/opponent/location identity
3579,Baker Mayfield,MayfBa00,2018-11-25,CLE,@,CIN,QB,MATCHED_CANONICAL_GAME,2018_12_CLE_CIN,2018,12,REG,CLE,CIN,away,date/team/opponent/location identity
3580,Josh McCown,McCoJo01,2018-11-25,NYJ,,NWE,QB,MATCHED_CANONICAL_GAME,2018_12_NE_NYJ,2018,12,REG,NE,NYJ,home,date/team/opponent/location identity
3581,Nick Mullens,MullNi00,2018-11-25,SFO,@,TAM,QB,MATCHED_CANONICAL_GAME,2018_12_SF_TB,2018,12,REG,SF,TB,away,date/team/opponent/location identity
3582,Cam Newton,NewtCa00,2018-11-25,CAR,,SEA,QB,MATCHED_CANONICAL_GAME,2018_12_SEA_CAR,2018,12,REG,SEA,CAR,home,date/team/opponent/location identity
3583,Philip Rivers,RivePh00,2018-11-25,LAC,,ARI,QB,MATCHED_CANONICAL_GAME,2018_12_ARI_LAC,2018,12,REG,ARI,LAC,home,date/team/opponent/location identity
3584,Aaron Rodgers,RodgAa00,2018-11-25,GNB,@,MIN,QB,MATCHED_CANONICAL_GAME,2018_12_GB_MIN,2018,12,REG,GB,MIN,away,date/team/opponent/location identity
3585,Ben Roethlisberger,RoetBe00,2018-11-25,PIT,@,DEN,QB,MATCHED_CANONICAL_GAME,2018_12_PIT_DEN,2018,12,REG,PIT,DEN,away,date/team/opponent/location identity
3586,Josh Rosen,RoseJo01,2018-11-25,ARI,@,LAC,QB,MATCHED_CANONICAL_GAME,2018_12_ARI_LAC,2018,12,REG,ARI,LAC,away,date/team/opponent/location identity
3587,Ryan Tannehill,TannRy00,2018-11-25,MIA,@,IND,QB,MATCHED_CANONICAL_GAME,2018_12_MIA_IND,2018,12,REG,MIA,IND,away,date/team/opponent/location identity
3588,Carson Wentz,WentCa00,2018-11-25,PHI,,NYG,QB,MATCHED_CANONICAL_GAME,2018_12_NYG_PHI,2018,12,REG,NYG,PHI,home,date/team/opponent/location identity
3589,Russell Wilson,WilsRu00,2018-11-25,SEA,@,CAR,QB,MATCHED_CANONICAL_GAME,2018_12_SEA_CAR,2018,12,REG,SEA,CAR,away,date/team/opponent/location identity
3590,Jameis Winston,WinsJa00,2018-11-25,TAM,,SFO,QB,MATCHED_CANONICAL_GAME,2018_12_SF_TB,2018,12,REG,SF,TB,home,date/team/opponent/location identity
3591,Drew Brees,BreeDr00,2018-11-22,NOR,,ATL,QB,MATCHED_CANONICAL_GAME,2018_12_ATL_NO,2018,12,REG,ATL,NO,home,date/team/opponent/location identity
3592,Chase Daniel,DaniCh00,2018-11-22,CHI,@,DET,QB,MATCHED_CANONICAL_GAME,2018_12_CHI_DET,2018,12,REG,CHI,DET,away,date/team/opponent/location identity
3593,Colt McCoy,McCoCo00,2018-11-22,WAS,@,DAL,QB,MATCHED_CANONICAL_GAME,2018_12_WAS_DAL,2018,12,REG,WAS,DAL,away,date/team/opponent/location identity
3594,Dak Prescott,PresDa01,2018-11-22,DAL,,WAS,QB,MATCHED_CANONICAL_GAME,2018_12_WAS_DAL,2018,12,REG,WAS,DAL,home,date/team/opponent/location identity
3595,Matt Ryan,RyanMa00,2018-11-22,ATL,@,NOR,QB,MATCHED_CANONICAL_GAME,2018_12_ATL_NO,2018,12,REG,ATL,NO,away,date/team/opponent/location identity
3596,Matthew Stafford,StafMa00,2018-11-22,DET,,CHI,QB,MATCHED_CANONICAL_GAME,2018_12_CHI_DET,2018,12,REG,CHI,DET,home,date/team/opponent/location identity
3597,Jared Goff,GoffJa00,2018-11-19,LAR,,KAN,QB,MATCHED_CANONICAL_GAME,2018_11_KC_LA,2018,11,REG,KC,LAR,home,date/team/opponent/location identity
3598,Patrick Mahomes,MahoPa00,2018-11-19,KAN,@,LAR,QB,MATCHED_CANONICAL_GAME,2018_11_KC_LA,2018,11,REG,KC,LAR,away,date/team/opponent/location identity
3599,Blake Bortles,BortBl00,2018-11-18,JAX,,PIT,QB,MATCHED_CANONICAL_GAME,2018_11_PIT_JAX,2018,11,REG,PIT,JAX,home,date/team/opponent/location identity
3600,Drew Brees,BreeDr00,2018-11-18,NOR,,PHI,QB,MATCHED_CANONICAL_GAME,2018_11_PHI_NO,2018,11,REG,PHI,NO,home,date/team/opponent/location identity
3601,Derek Carr,CarrDe02,2018-11-18,OAK,@,ARI,QB,MATCHED_CANONICAL_GAME,2018_11_OAK_ARI,2018,11,REG,LV,ARI,away,date/team/opponent/location identity
3602,Kirk Cousins,CousKi00,2018-11-18,MIN,@,CHI,QB,MATCHED_CANONICAL_GAME,2018_11_MIN_CHI,2018,11,REG,MIN,CHI,away,date/team/opponent/location identity
3603,Andy Dalton,DaltAn00,2018-11-18,CIN,@,BAL,QB,MATCHED_CANONICAL_GAME,2018_11_CIN_BAL,2018,11,REG,CIN,BAL,away,date/team/opponent/location identity
3604,Ryan Fitzpatrick,FitzRy00,2018-11-18,TAM,@,NYG,QB,MATCHED_CANONICAL_GAME,2018_11_TB_NYG,2018,11,REG,TB,NYG,away,date/team/opponent/location identity
3605,Taysom Hill,HillTa00,2018-11-18,NOR,,PHI,QB,MATCHED_CANONICAL_GAME,2018_11_PHI_NO,2018,11,REG,PHI,NO,home,date/team/opponent/location identity
3606,Lamar Jackson,JackLa00,2018-11-18,BAL,,CIN,QB,MATCHED_CANONICAL_GAME,2018_11_CIN_BAL,2018,11,REG,CIN,BAL,home,date/team/opponent/location identity
3607,Case Keenum,KeenCa00,2018-11-18,DEN,@,LAC,QB,MATCHED_CANONICAL_GAME,2018_11_DEN_LAC,2018,11,REG,DEN,LAC,away,date/team/opponent/location identity
3608,Andrew Luck,LuckAn00,2018-11-18,IND,,TEN,QB,MATCHED_CANONICAL_GAME,2018_11_TEN_IND,2018,11,REG,TEN,IND,home,date/team/opponent/location identity
3609,Eli Manning,MannEl00,2018-11-18,NYG,,TAM,QB,MATCHED_CANONICAL_GAME,2018_11_TB_NYG,2018,11,REG,TB,NYG,home,date/team/opponent/location identity
3610,Marcus Mariota,MariMa01,2018-11-18,TEN,@,IND,QB,MATCHED_CANONICAL_GAME,2018_11_TEN_IND,2018,11,REG,TEN,IND,away,date/team/opponent/location identity
3611,Cam Newton,NewtCa00,2018-11-18,CAR,@,DET,QB,MATCHED_CANONICAL_GAME,2018_11_CAR_DET,2018,11,REG,CAR,DET,away,date/team/opponent/location identity
3612,Dak Prescott,PresDa01,2018-11-18,DAL,@,ATL,QB,MATCHED_CANONICAL_GAME,2018_11_DAL_ATL,2018,11,REG,DAL,ATL,away,date/team/opponent/location identity
3613,Philip Rivers,RivePh00,2018-11-18,LAC,,DEN,QB,MATCHED_CANONICAL_GAME,2018_11_DEN_LAC,2018,11,REG,DEN,LAC,home,date/team/opponent/location identity
3614,Ben Roethlisberger,RoetBe00,2018-11-18,PIT,@,JAX,QB,MATCHED_CANONICAL_GAME,2018_11_PIT_JAX,2018,11,REG,PIT,JAX,away,date/team/opponent/location identity
3615,Josh Rosen,RoseJo01,2018-11-18,ARI,,OAK,QB,MATCHED_CANONICAL_GAME,2018_11_OAK_ARI,2018,11,REG,LV,ARI,home,date/team/opponent/location identity
3616,Matt Ryan,RyanMa00,2018-11-18,ATL,,DAL,QB,MATCHED_CANONICAL_GAME,2018_11_DAL_ATL,2018,11,REG,DAL,ATL,home,date/team/opponent/location identity
3617,Alex Smith,SmitAl03,2018-11-18,WAS,,HOU,QB,MATCHED_CANONICAL_GAME,2018_11_HOU_WAS,2018,11,REG,HOU,WAS,home,date/team/opponent/location identity
3618,Matthew Stafford,StafMa00,2018-11-18,DET,,CAR,QB,MATCHED_CANONICAL_GAME,2018_11_CAR_DET,2018,11,REG,CAR,DET,home,date/team/opponent/location identity
3619,Mitchell Trubisky,TrubMi00,2018-11-18,CHI,,MIN,QB,MATCHED_CANONICAL_GAME,2018_11_MIN_CHI,2018,11,REG,MIN,CHI,home,date/team/opponent/location identity
3620,Deshaun Watson,WatsDe00,2018-11-18,HOU,@,WAS,QB,MATCHED_CANONICAL_GAME,2018_11_HOU_WAS,2018,11,REG,HOU,WAS,away,date/team/opponent/location identity
3621,Carson Wentz,WentCa00,2018-11-18,PHI,@,NOR,QB,MATCHED_CANONICAL_GAME,2018_11_PHI_NO,2018,11,REG,PHI,NO,away,date/team/opponent/location identity
3622,Aaron Rodgers,RodgAa00,2018-11-15,GNB,@,SEA,QB,MATCHED_CANONICAL_GAME,2018_11_GB_SEA,2018,11,REG,GB,SEA,away,date/team/opponent/location identity
3623,Russell Wilson,WilsRu00,2018-11-15,SEA,,GNB,QB,MATCHED_CANONICAL_GAME,2018_11_GB_SEA,2018,11,REG,GB,SEA,home,date/team/opponent/location identity
3624,Eli Manning,MannEl00,2018-11-12,NYG,@,SFO,QB,MATCHED_CANONICAL_GAME,2018_10_NYG_SF,2018,10,REG,NYG,SF,away,date/team/opponent/location identity
3625,Nick Mullens,MullNi00,2018-11-12,SFO,,NYG,QB,MATCHED_CANONICAL_GAME,2018_10_NYG_SF,2018,10,REG,NYG,SF,home,date/team/opponent/location identity
3626,Matt Barkley,BarkMa00,2018-11-11,BUF,@,NYJ,QB,MATCHED_CANONICAL_GAME,2018_10_BUF_NYJ,2018,10,REG,BUF,NYJ,away,date/team/opponent/location identity
3627,Blake Bortles,BortBl00,2018-11-11,JAX,@,IND,QB,MATCHED_CANONICAL_GAME,2018_10_JAX_IND,2018,10,REG,JAX,IND,away,date/team/opponent/location identity
3628,Tom Brady,BradTo00,2018-11-11,NWE,@,TEN,QB,MATCHED_CANONICAL_GAME,2018_10_NE_TEN,2018,10,REG,NE,TEN,away,date/team/opponent/location identity
3629,Drew Brees,BreeDr00,2018-11-11,NOR,@,CIN,QB,MATCHED_CANONICAL_GAME,2018_10_NO_CIN,2018,10,REG,NO,CIN,away,date/team/opponent/location identity
3630,Derek Carr,CarrDe02,2018-11-11,OAK,,LAC,QB,MATCHED_CANONICAL_GAME,2018_10_LAC_OAK,2018,10,REG,LAC,LV,home,date/team/opponent/location identity
3631,Andy Dalton,DaltAn00,2018-11-11,CIN,,NOR,QB,MATCHED_CANONICAL_GAME,2018_10_NO_CIN,2018,10,REG,NO,CIN,home,date/team/opponent/location identity
3632,Ryan Fitzpatrick,FitzRy00,2018-11-11,TAM,,WAS,QB,MATCHED_CANONICAL_GAME,2018_10_WAS_TB,2018,10,REG,WAS,TB,home,date/team/opponent/location identity
3633,Jared Goff,GoffJa00,2018-11-11,LAR,,SEA,QB,MATCHED_CANONICAL_GAME,2018_10_SEA_LA,2018,10,REG,SEA,LAR,home,date/team/opponent/location identity
3634,Taysom Hill,HillTa00,2018-11-11,NOR,@,CIN,QB,MATCHED_CANONICAL_GAME,2018_10_NO_CIN,2018,10,REG,NO,CIN,away,date/team/opponent/location identity
3635,Andrew Luck,LuckAn00,2018-11-11,IND,,JAX,QB,MATCHED_CANONICAL_GAME,2018_10_JAX_IND,2018,10,REG,JAX,IND,home,date/team/opponent/location identity
3636,Patrick Mahomes,MahoPa00,2018-11-11,KAN,,ARI,QB,MATCHED_CANONICAL_GAME,2018_10_ARI_KC,2018,10,REG,ARI,KC,home,date/team/opponent/location identity
3637,Marcus Mariota,MariMa01,2018-11-11,TEN,,NWE,QB,MATCHED_CANONICAL_GAME,2018_10_NE_TEN,2018,10,REG,NE,TEN,home,date/team/opponent/location identity
3638,Baker Mayfield,MayfBa00,2018-11-11,CLE,,ATL,QB,MATCHED_CANONICAL_GAME,2018_10_ATL_CLE,2018,10,REG,ATL,CLE,home,date/team/opponent/location identity
3639,Josh McCown,McCoJo01,2018-11-11,NYJ,,BUF,QB,MATCHED_CANONICAL_GAME,2018_10_BUF_NYJ,2018,10,REG,BUF,NYJ,home,date/team/opponent/location identity
3640,Brock Osweiler,OsweBr00,2018-11-11,MIA,@,GNB,QB,MATCHED_CANONICAL_GAME,2018_10_MIA_GB,2018,10,REG,MIA,GB,away,date/team/opponent/location identity
3641,Dak Prescott,PresDa01,2018-11-11,DAL,@,PHI,QB,MATCHED_CANONICAL_GAME,2018_10_DAL_PHI,2018,10,REG,DAL,PHI,away,date/team/opponent/location identity
3642,Philip Rivers,RivePh00,2018-11-11,LAC,@,OAK,QB,MATCHED_CANONICAL_GAME,2018_10_LAC_OAK,2018,10,REG,LAC,LV,away,date/team/opponent/location identity
3643,Aaron Rodgers,RodgAa00,2018-11-11,GNB,,MIA,QB,MATCHED_CANONICAL_GAME,2018_10_MIA_GB,2018,10,REG,MIA,GB,home,date/team/opponent/location identity
3644,Josh Rosen,RoseJo01,2018-11-11,ARI,@,KAN,QB,MATCHED_CANONICAL_GAME,2018_10_ARI_KC,2018,10,REG,ARI,KC,away,date/team/opponent/location identity
3645,Matt Ryan,RyanMa00,2018-11-11,ATL,@,CLE,QB,MATCHED_CANONICAL_GAME,2018_10_ATL_CLE,2018,10,REG,ATL,CLE,away,date/team/opponent/location identity
3646,Alex Smith,SmitAl03,2018-11-11,WAS,@,TAM,QB,MATCHED_CANONICAL_GAME,2018_10_WAS_TB,2018,10,REG,WAS,TB,away,date/team/opponent/location identity
3647,Matthew Stafford,StafMa00,2018-11-11,DET,@,CHI,QB,MATCHED_CANONICAL_GAME,2018_10_DET_CHI,2018,10,REG,DET,CHI,away,date/team/opponent/location identity
3648,Mitchell Trubisky,TrubMi00,2018-11-11,CHI,,DET,QB,MATCHED_CANONICAL_GAME,2018_10_DET_CHI,2018,10,REG,DET,CHI,home,date/team/opponent/location identity
3649,Carson Wentz,WentCa00,2018-11-11,PHI,,DAL,QB,MATCHED_CANONICAL_GAME,2018_10_DAL_PHI,2018,10,REG,DAL,PHI,home,date/team/opponent/location identity
3650,Russell Wilson,WilsRu00,2018-11-11,SEA,@,LAR,QB,MATCHED_CANONICAL_GAME,2018_10_SEA_LA,2018,10,REG,SEA,LAR,away,date/team/opponent/location identity
3651,Cam Newton,NewtCa00,2018-11-08,CAR,@,PIT,QB,MATCHED_CANONICAL_GAME,2018_10_CAR_PIT,2018,10,REG,CAR,PIT,away,date/team/opponent/location identity
3652,Ben Roethlisberger,RoetBe00,2018-11-08,PIT,,CAR,QB,MATCHED_CANONICAL_GAME,2018_10_CAR_PIT,2018,10,REG,CAR,PIT,home,date/team/opponent/location identity
3653,Marcus Mariota,MariMa01,2018-11-05,TEN,@,DAL,QB,MATCHED_CANONICAL_GAME,2018_09_TEN_DAL,2018,9,REG,TEN,DAL,away,date/team/opponent/location identity
3654,Dak Prescott,PresDa01,2018-11-05,DAL,,TEN,QB,MATCHED_CANONICAL_GAME,2018_09_TEN_DAL,2018,9,REG,TEN,DAL,home,date/team/opponent/location identity
3655,Tom Brady,BradTo00,2018-11-04,NWE,,GNB,QB,MATCHED_CANONICAL_GAME,2018_09_GB_NE,2018,9,REG,GB,NE,home,date/team/opponent/location identity
3656,Drew Brees,BreeDr00,2018-11-04,NOR,,LAR,QB,MATCHED_CANONICAL_GAME,2018_09_LA_NO,2018,9,REG,LAR,NO,home,date/team/opponent/location identity
3657,Kirk Cousins,CousKi00,2018-11-04,MIN,,DET,QB,MATCHED_CANONICAL_GAME,2018_09_DET_MIN,2018,9,REG,DET,MIN,home,date/team/opponent/location identity
3658,Sam Darnold,DarnSa00,2018-11-04,NYJ,@,MIA,QB,MATCHED_CANONICAL_GAME,2018_09_NYJ_MIA,2018,9,REG,NYJ,MIA,away,date/team/opponent/location identity
3659,Ryan Fitzpatrick,FitzRy00,2018-11-04,TAM,@,CAR,QB,MATCHED_CANONICAL_GAME,2018_09_TB_CAR,2018,9,REG,TB,CAR,away,date/team/opponent/location identity
3660,Joe Flacco,FlacJo00,2018-11-04,BAL,,PIT,QB,MATCHED_CANONICAL_GAME,2018_09_PIT_BAL,2018,9,REG,PIT,BAL,home,date/team/opponent/location identity
3661,Jared Goff,GoffJa00,2018-11-04,LAR,@,NOR,QB,MATCHED_CANONICAL_GAME,2018_09_LA_NO,2018,9,REG,LAR,NO,away,date/team/opponent/location identity
3662,Case Keenum,KeenCa00,2018-11-04,DEN,,HOU,QB,MATCHED_CANONICAL_GAME,2018_09_HOU_DEN,2018,9,REG,HOU,DEN,home,date/team/opponent/location identity
3663,Patrick Mahomes,MahoPa00,2018-11-04,KAN,@,CLE,QB,MATCHED_CANONICAL_GAME,2018_09_KC_CLE,2018,9,REG,KC,CLE,away,date/team/opponent/location identity
3664,Baker Mayfield,MayfBa00,2018-11-04,CLE,,KAN,QB,MATCHED_CANONICAL_GAME,2018_09_KC_CLE,2018,9,REG,KC,CLE,home,date/team/opponent/location identity
3665,Cam Newton,NewtCa00,2018-11-04,CAR,,TAM,QB,MATCHED_CANONICAL_GAME,2018_09_TB_CAR,2018,9,REG,TB,CAR,home,date/team/opponent/location identity
3666,Brock Osweiler,OsweBr00,2018-11-04,MIA,,NYJ,QB,MATCHED_CANONICAL_GAME,2018_09_NYJ_MIA,2018,9,REG,NYJ,MIA,home,date/team/opponent/location identity
3667,Nathan Peterman,PeteNa00,2018-11-04,BUF,,CHI,QB,MATCHED_CANONICAL_GAME,2018_09_CHI_BUF,2018,9,REG,CHI,BUF,home,date/team/opponent/location identity
3668,Philip Rivers,RivePh00,2018-11-04,LAC,@,SEA,QB,MATCHED_CANONICAL_GAME,2018_09_LAC_SEA,2018,9,REG,LAC,SEA,away,date/team/opponent/location identity
3669,Aaron Rodgers,RodgAa00,2018-11-04,GNB,@,NWE,QB,MATCHED_CANONICAL_GAME,2018_09_GB_NE,2018,9,REG,GB,NE,away,date/team/opponent/location identity
3670,Ben Roethlisberger,RoetBe00,2018-11-04,PIT,@,BAL,QB,MATCHED_CANONICAL_GAME,2018_09_PIT_BAL,2018,9,REG,PIT,BAL,away,date/team/opponent/location identity
3671,Matt Ryan,RyanMa00,2018-11-04,ATL,@,WAS,QB,MATCHED_CANONICAL_GAME,2018_09_ATL_WAS,2018,9,REG,ATL,WAS,away,date/team/opponent/location identity
3672,Alex Smith,SmitAl03,2018-11-04,WAS,,ATL,QB,MATCHED_CANONICAL_GAME,2018_09_ATL_WAS,2018,9,REG,ATL,WAS,home,date/team/opponent/location identity
3673,Matthew Stafford,StafMa00,2018-11-04,DET,@,MIN,QB,MATCHED_CANONICAL_GAME,2018_09_DET_MIN,2018,9,REG,DET,MIN,away,date/team/opponent/location identity
3674,Mitchell Trubisky,TrubMi00,2018-11-04,CHI,@,BUF,QB,MATCHED_CANONICAL_GAME,2018_09_CHI_BUF,2018,9,REG,CHI,BUF,away,date/team/opponent/location identity
3675,Deshaun Watson,WatsDe00,2018-11-04,HOU,@,DEN,QB,MATCHED_CANONICAL_GAME,2018_09_HOU_DEN,2018,9,REG,HOU,DEN,away,date/team/opponent/location identity
3676,Russell Wilson,WilsRu00,2018-11-04,SEA,,LAC,QB,MATCHED_CANONICAL_GAME,2018_09_LAC_SEA,2018,9,REG,LAC,SEA,home,date/team/opponent/location identity
3677,Derek Carr,CarrDe02,2018-11-01,OAK,@,SFO,QB,MATCHED_CANONICAL_GAME,2018_09_OAK_SF,2018,9,REG,LV,SF,away,date/team/opponent/location identity
3678,Nick Mullens,MullNi00,2018-11-01,SFO,,OAK,QB,MATCHED_CANONICAL_GAME,2018_09_OAK_SF,2018,9,REG,LV,SF,home,date/team/opponent/location identity
3679,Derek Anderson,AndeDe00,2018-10-29,BUF,,NWE,QB,MATCHED_CANONICAL_GAME,2018_08_NE_BUF,2018,8,REG,NE,BUF,home,date/team/opponent/location identity
3680,Tom Brady,BradTo00,2018-10-29,NWE,@,BUF,QB,MATCHED_CANONICAL_GAME,2018_08_NE_BUF,2018,8,REG,NE,BUF,away,date/team/opponent/location identity
3681,C.J. Beathard,BeatC.00,2018-10-28,SFO,@,ARI,QB,MATCHED_CANONICAL_GAME,2018_08_SF_ARI,2018,8,REG,SF,ARI,away,date/team/opponent/location identity
3682,Blake Bortles,BortBl00,2018-10-28,JAX,,PHI,QB,MATCHED_CANONICAL_GAME,2018_08_PHI_JAX,2018,8,REG,PHI,JAX,home,date/team/opponent/location identity
3683,Drew Brees,BreeDr00,2018-10-28,NOR,@,MIN,QB,MATCHED_CANONICAL_GAME,2018_08_NO_MIN,2018,8,REG,NO,MIN,away,date/team/opponent/location identity
3684,Derek Carr,CarrDe02,2018-10-28,OAK,,IND,QB,MATCHED_CANONICAL_GAME,2018_08_IND_OAK,2018,8,REG,IND,LV,home,date/team/opponent/location identity
3685,Kirk Cousins,CousKi00,2018-10-28,MIN,,NOR,QB,MATCHED_CANONICAL_GAME,2018_08_NO_MIN,2018,8,REG,NO,MIN,home,date/team/opponent/location identity
3686,Andy Dalton,DaltAn00,2018-10-28,CIN,,TAM,QB,MATCHED_CANONICAL_GAME,2018_08_TB_CIN,2018,8,REG,TB,CIN,home,date/team/opponent/location identity
3687,Sam Darnold,DarnSa00,2018-10-28,NYJ,@,CHI,QB,MATCHED_CANONICAL_GAME,2018_08_NYJ_CHI,2018,8,REG,NYJ,CHI,away,date/team/opponent/location identity
3688,Joe Flacco,FlacJo00,2018-10-28,BAL,@,CAR,QB,MATCHED_CANONICAL_GAME,2018_08_BAL_CAR,2018,8,REG,BAL,CAR,away,date/team/opponent/location identity
3689,Jared Goff,GoffJa00,2018-10-28,LAR,,GNB,QB,MATCHED_CANONICAL_GAME,2018_08_GB_LA,2018,8,REG,GB,LAR,home,date/team/opponent/location identity
3690,Taysom Hill,HillTa00,2018-10-28,NOR,@,MIN,QB,MATCHED_CANONICAL_GAME,2018_08_NO_MIN,2018,8,REG,NO,MIN,away,date/team/opponent/location identity
3691,Case Keenum,KeenCa00,2018-10-28,DEN,@,KAN,QB,MATCHED_CANONICAL_GAME,2018_08_DEN_KC,2018,8,REG,DEN,KC,away,date/team/opponent/location identity
3692,Andrew Luck,LuckAn00,2018-10-28,IND,@,OAK,QB,MATCHED_CANONICAL_GAME,2018_08_IND_OAK,2018,8,REG,IND,LV,away,date/team/opponent/location identity
3693,Patrick Mahomes,MahoPa00,2018-10-28,KAN,,DEN,QB,MATCHED_CANONICAL_GAME,2018_08_DEN_KC,2018,8,REG,DEN,KC,home,date/team/opponent/location identity
3694,Eli Manning,MannEl00,2018-10-28,NYG,,WAS,QB,MATCHED_CANONICAL_GAME,2018_08_WAS_NYG,2018,8,REG,WAS,NYG,home,date/team/opponent/location identity
3695,Baker Mayfield,MayfBa00,2018-10-28,CLE,@,PIT,QB,MATCHED_CANONICAL_GAME,2018_08_CLE_PIT,2018,8,REG,CLE,PIT,away,date/team/opponent/location identity
3696,Cam Newton,NewtCa00,2018-10-28,CAR,,BAL,QB,MATCHED_CANONICAL_GAME,2018_08_BAL_CAR,2018,8,REG,BAL,CAR,home,date/team/opponent/location identity
3697,Aaron Rodgers,RodgAa00,2018-10-28,GNB,@,LAR,QB,MATCHED_CANONICAL_GAME,2018_08_GB_LA,2018,8,REG,GB,LAR,away,date/team/opponent/location identity
3698,Ben Roethlisberger,RoetBe00,2018-10-28,PIT,,CLE,QB,MATCHED_CANONICAL_GAME,2018_08_CLE_PIT,2018,8,REG,CLE,PIT,home,date/team/opponent/location identity
3699,Josh Rosen,RoseJo01,2018-10-28,ARI,,SFO,QB,MATCHED_CANONICAL_GAME,2018_08_SF_ARI,2018,8,REG,SF,ARI,home,date/team/opponent/location identity
3700,Alex Smith,SmitAl03,2018-10-28,WAS,@,NYG,QB,MATCHED_CANONICAL_GAME,2018_08_WAS_NYG,2018,8,REG,WAS,NYG,away,date/team/opponent/location identity
3701,Matthew Stafford,StafMa00,2018-10-28,DET,,SEA,QB,MATCHED_CANONICAL_GAME,2018_08_SEA_DET,2018,8,REG,SEA,DET,home,date/team/opponent/location identity
3702,Mitchell Trubisky,TrubMi00,2018-10-28,CHI,,NYJ,QB,MATCHED_CANONICAL_GAME,2018_08_NYJ_CHI,2018,8,REG,NYJ,CHI,home,date/team/opponent/location identity
3703,Carson Wentz,WentCa00,2018-10-28,PHI,@,JAX,QB,MATCHED_CANONICAL_GAME,2018_08_PHI_JAX,2018,8,REG,PHI,JAX,away,date/team/opponent/location identity
3704,Russell Wilson,WilsRu00,2018-10-28,SEA,@,DET,QB,MATCHED_CANONICAL_GAME,2018_08_SEA_DET,2018,8,REG,SEA,DET,away,date/team/opponent/location identity
3705,Jameis Winston,WinsJa00,2018-10-28,TAM,@,CIN,QB,MATCHED_CANONICAL_GAME,2018_08_TB_CIN,2018,8,REG,TB,CIN,away,date/team/opponent/location identity
3706,Brock Osweiler,OsweBr00,2018-10-25,MIA,@,HOU,QB,MATCHED_CANONICAL_GAME,2018_08_MIA_HOU,2018,8,REG,MIA,HOU,away,date/team/opponent/location identity
3707,Deshaun Watson,WatsDe00,2018-10-25,HOU,,MIA,QB,MATCHED_CANONICAL_GAME,2018_08_MIA_HOU,2018,8,REG,MIA,HOU,home,date/team/opponent/location identity
3708,Eli Manning,MannEl00,2018-10-22,NYG,@,ATL,QB,MATCHED_CANONICAL_GAME,2018_07_NYG_ATL,2018,7,REG,NYG,ATL,away,date/team/opponent/location identity
3709,Matt Ryan,RyanMa00,2018-10-22,ATL,,NYG,QB,MATCHED_CANONICAL_GAME,2018_07_NYG_ATL,2018,7,REG,NYG,ATL,home,date/team/opponent/location identity
3710,Derek Anderson,AndeDe00,2018-10-21,BUF,@,IND,QB,MATCHED_CANONICAL_GAME,2018_07_BUF_IND,2018,7,REG,BUF,IND,away,date/team/opponent/location identity
3711,C.J. Beathard,BeatC.00,2018-10-21,SFO,,LAR,QB,MATCHED_CANONICAL_GAME,2018_07_LA_SF,2018,7,REG,LAR,SF,home,date/team/opponent/location identity
3712,Blake Bortles,BortBl00,2018-10-21,JAX,,HOU,QB,MATCHED_CANONICAL_GAME,2018_07_HOU_JAX,2018,7,REG,HOU,JAX,home,date/team/opponent/location identity
3713,Tom Brady,BradTo00,2018-10-21,NWE,@,CHI,QB,MATCHED_CANONICAL_GAME,2018_07_NE_CHI,2018,7,REG,NE,CHI,away,date/team/opponent/location identity
3714,Drew Brees,BreeDr00,2018-10-21,NOR,@,BAL,QB,MATCHED_CANONICAL_GAME,2018_07_NO_BAL,2018,7,REG,NO,BAL,away,date/team/opponent/location identity
3715,Kirk Cousins,CousKi00,2018-10-21,MIN,@,NYJ,QB,MATCHED_CANONICAL_GAME,2018_07_MIN_NYJ,2018,7,REG,MIN,NYJ,away,date/team/opponent/location identity
3716,Andy Dalton,DaltAn00,2018-10-21,CIN,@,KAN,QB,MATCHED_CANONICAL_GAME,2018_07_CIN_KC,2018,7,REG,CIN,KC,away,date/team/opponent/location identity
3717,Sam Darnold,DarnSa00,2018-10-21,NYJ,,MIN,QB,MATCHED_CANONICAL_GAME,2018_07_MIN_NYJ,2018,7,REG,MIN,NYJ,home,date/team/opponent/location identity
3718,Joe Flacco,FlacJo00,2018-10-21,BAL,,NOR,QB,MATCHED_CANONICAL_GAME,2018_07_NO_BAL,2018,7,REG,NO,BAL,home,date/team/opponent/location identity
3719,Jared Goff,GoffJa00,2018-10-21,LAR,@,SFO,QB,MATCHED_CANONICAL_GAME,2018_07_LA_SF,2018,7,REG,LAR,SF,away,date/team/opponent/location identity
3720,Andrew Luck,LuckAn00,2018-10-21,IND,,BUF,QB,MATCHED_CANONICAL_GAME,2018_07_BUF_IND,2018,7,REG,BUF,IND,home,date/team/opponent/location identity
3721,Patrick Mahomes,MahoPa00,2018-10-21,KAN,,CIN,QB,MATCHED_CANONICAL_GAME,2018_07_CIN_KC,2018,7,REG,CIN,KC,home,date/team/opponent/location identity
3722,Marcus Mariota,MariMa01,2018-10-21,TEN,@,LAC,QB,MATCHED_CANONICAL_GAME,2018_07_TEN_LAC,2018,7,REG,TEN,LAC,away,date/team/opponent/location identity
3723,Baker Mayfield,MayfBa00,2018-10-21,CLE,@,TAM,QB,MATCHED_CANONICAL_GAME,2018_07_CLE_TB,2018,7,REG,CLE,TB,away,date/team/opponent/location identity
3724,Cam Newton,NewtCa00,2018-10-21,CAR,@,PHI,QB,MATCHED_CANONICAL_GAME,2018_07_CAR_PHI,2018,7,REG,CAR,PHI,away,date/team/opponent/location identity
3725,Brock Osweiler,OsweBr00,2018-10-21,MIA,,DET,QB,MATCHED_CANONICAL_GAME,2018_07_DET_MIA,2018,7,REG,DET,MIA,home,date/team/opponent/location identity
3726,Dak Prescott,PresDa01,2018-10-21,DAL,@,WAS,QB,MATCHED_CANONICAL_GAME,2018_07_DAL_WAS,2018,7,REG,DAL,WAS,away,date/team/opponent/location identity
3727,Philip Rivers,RivePh00,2018-10-21,LAC,,TEN,QB,MATCHED_CANONICAL_GAME,2018_07_TEN_LAC,2018,7,REG,TEN,LAC,home,date/team/opponent/location identity
3728,Alex Smith,SmitAl03,2018-10-21,WAS,,DAL,QB,MATCHED_CANONICAL_GAME,2018_07_DAL_WAS,2018,7,REG,DAL,WAS,home,date/team/opponent/location identity
3729,Matthew Stafford,StafMa00,2018-10-21,DET,@,MIA,QB,MATCHED_CANONICAL_GAME,2018_07_DET_MIA,2018,7,REG,DET,MIA,away,date/team/opponent/location identity
3730,Mitchell Trubisky,TrubMi00,2018-10-21,CHI,,NWE,QB,MATCHED_CANONICAL_GAME,2018_07_NE_CHI,2018,7,REG,NE,CHI,home,date/team/opponent/location identity
3731,Deshaun Watson,WatsDe00,2018-10-21,HOU,@,JAX,QB,MATCHED_CANONICAL_GAME,2018_07_HOU_JAX,2018,7,REG,HOU,JAX,away,date/team/opponent/location identity
3732,Carson Wentz,WentCa00,2018-10-21,PHI,,CAR,QB,MATCHED_CANONICAL_GAME,2018_07_CAR_PHI,2018,7,REG,CAR,PHI,home,date/team/opponent/location identity
3733,Jameis Winston,WinsJa00,2018-10-21,TAM,,CLE,QB,MATCHED_CANONICAL_GAME,2018_07_CLE_TB,2018,7,REG,CLE,TB,home,date/team/opponent/location identity
3734,Case Keenum,KeenCa00,2018-10-18,DEN,@,ARI,QB,MATCHED_CANONICAL_GAME,2018_07_DEN_ARI,2018,7,REG,DEN,ARI,away,date/team/opponent/location identity
3735,Josh Rosen,RoseJo01,2018-10-18,ARI,,DEN,QB,MATCHED_CANONICAL_GAME,2018_07_DEN_ARI,2018,7,REG,DEN,ARI,home,date/team/opponent/location identity
3736,C.J. Beathard,BeatC.00,2018-10-15,SFO,@,GNB,QB,MATCHED_CANONICAL_GAME,2018_06_SF_GB,2018,6,REG,SF,GB,away,date/team/opponent/location identity
3737,Aaron Rodgers,RodgAa00,2018-10-15,GNB,,SFO,QB,MATCHED_CANONICAL_GAME,2018_06_SF_GB,2018,6,REG,SF,GB,home,date/team/opponent/location identity
3738,Josh Allen,AlleJo02,2018-10-14,BUF,@,HOU,QB,MATCHED_CANONICAL_GAME,2018_06_BUF_HOU,2018,6,REG,BUF,HOU,away,date/team/opponent/location identity
3739,Blake Bortles,BortBl00,2018-10-14,JAX,@,DAL,QB,MATCHED_CANONICAL_GAME,2018_06_JAX_DAL,2018,6,REG,JAX,DAL,away,date/team/opponent/location identity
3740,Tom Brady,BradTo00,2018-10-14,NWE,,KAN,QB,MATCHED_CANONICAL_GAME,2018_06_KC_NE,2018,6,REG,KC,NE,home,date/team/opponent/location identity
3741,Derek Carr,CarrDe02,2018-10-14,OAK,,SEA,QB,MATCHED_CANONICAL_GAME,2018_06_SEA_OAK,2018,6,REG,SEA,LV,home,date/team/opponent/location identity
3742,Kirk Cousins,CousKi00,2018-10-14,MIN,,ARI,QB,MATCHED_CANONICAL_GAME,2018_06_ARI_MIN,2018,6,REG,ARI,MIN,home,date/team/opponent/location identity
3743,Andy Dalton,DaltAn00,2018-10-14,CIN,,PIT,QB,MATCHED_CANONICAL_GAME,2018_06_PIT_CIN,2018,6,REG,PIT,CIN,home,date/team/opponent/location identity
3744,Sam Darnold,DarnSa00,2018-10-14,NYJ,,IND,QB,MATCHED_CANONICAL_GAME,2018_06_IND_NYJ,2018,6,REG,IND,NYJ,home,date/team/opponent/location identity
3745,Joe Flacco,FlacJo00,2018-10-14,BAL,@,TEN,QB,MATCHED_CANONICAL_GAME,2018_06_BAL_TEN,2018,6,REG,BAL,TEN,away,date/team/opponent/location identity
3746,Jared Goff,GoffJa00,2018-10-14,LAR,@,DEN,QB,MATCHED_CANONICAL_GAME,2018_06_LA_DEN,2018,6,REG,LAR,DEN,away,date/team/opponent/location identity
3747,Case Keenum,KeenCa00,2018-10-14,DEN,,LAR,QB,MATCHED_CANONICAL_GAME,2018_06_LA_DEN,2018,6,REG,LAR,DEN,home,date/team/opponent/location identity
3748,Andrew Luck,LuckAn00,2018-10-14,IND,@,NYJ,QB,MATCHED_CANONICAL_GAME,2018_06_IND_NYJ,2018,6,REG,IND,NYJ,away,date/team/opponent/location identity
3749,Patrick Mahomes,MahoPa00,2018-10-14,KAN,@,NWE,QB,MATCHED_CANONICAL_GAME,2018_06_KC_NE,2018,6,REG,KC,NE,away,date/team/opponent/location identity
3750,Marcus Mariota,MariMa01,2018-10-14,TEN,,BAL,QB,MATCHED_CANONICAL_GAME,2018_06_BAL_TEN,2018,6,REG,BAL,TEN,home,date/team/opponent/location identity
3751,Baker Mayfield,MayfBa00,2018-10-14,CLE,,LAC,QB,MATCHED_CANONICAL_GAME,2018_06_LAC_CLE,2018,6,REG,LAC,CLE,home,date/team/opponent/location identity
3752,Cam Newton,NewtCa00,2018-10-14,CAR,@,WAS,QB,MATCHED_CANONICAL_GAME,2018_06_CAR_WAS,2018,6,REG,CAR,WAS,away,date/team/opponent/location identity
3753,Brock Osweiler,OsweBr00,2018-10-14,MIA,,CHI,QB,MATCHED_CANONICAL_GAME,2018_06_CHI_MIA,2018,6,REG,CHI,MIA,home,date/team/opponent/location identity
3754,Dak Prescott,PresDa01,2018-10-14,DAL,,JAX,QB,MATCHED_CANONICAL_GAME,2018_06_JAX_DAL,2018,6,REG,JAX,DAL,home,date/team/opponent/location identity
3755,Philip Rivers,RivePh00,2018-10-14,LAC,@,CLE,QB,MATCHED_CANONICAL_GAME,2018_06_LAC_CLE,2018,6,REG,LAC,CLE,away,date/team/opponent/location identity
3756,Ben Roethlisberger,RoetBe00,2018-10-14,PIT,@,CIN,QB,MATCHED_CANONICAL_GAME,2018_06_PIT_CIN,2018,6,REG,PIT,CIN,away,date/team/opponent/location identity
3757,Josh Rosen,RoseJo01,2018-10-14,ARI,@,MIN,QB,MATCHED_CANONICAL_GAME,2018_06_ARI_MIN,2018,6,REG,ARI,MIN,away,date/team/opponent/location identity
3758,Matt Ryan,RyanMa00,2018-10-14,ATL,,TAM,QB,MATCHED_CANONICAL_GAME,2018_06_TB_ATL,2018,6,REG,TB,ATL,home,date/team/opponent/location identity
3759,Alex Smith,SmitAl03,2018-10-14,WAS,,CAR,QB,MATCHED_CANONICAL_GAME,2018_06_CAR_WAS,2018,6,REG,CAR,WAS,home,date/team/opponent/location identity
3760,Mitchell Trubisky,TrubMi00,2018-10-14,CHI,@,MIA,QB,MATCHED_CANONICAL_GAME,2018_06_CHI_MIA,2018,6,REG,CHI,MIA,away,date/team/opponent/location identity
3761,Deshaun Watson,WatsDe00,2018-10-14,HOU,,BUF,QB,MATCHED_CANONICAL_GAME,2018_06_BUF_HOU,2018,6,REG,BUF,HOU,home,date/team/opponent/location identity
3762,Russell Wilson,WilsRu00,2018-10-14,SEA,@,OAK,QB,MATCHED_CANONICAL_GAME,2018_06_SEA_OAK,2018,6,REG,SEA,LV,away,date/team/opponent/location identity
3763,Jameis Winston,WinsJa00,2018-10-14,TAM,@,ATL,QB,MATCHED_CANONICAL_GAME,2018_06_TB_ATL,2018,6,REG,TB,ATL,away,date/team/opponent/location identity
3764,Eli Manning,MannEl00,2018-10-11,NYG,,PHI,QB,MATCHED_CANONICAL_GAME,2018_06_PHI_NYG,2018,6,REG,PHI,NYG,home,date/team/opponent/location identity
3765,Carson Wentz,WentCa00,2018-10-11,PHI,@,NYG,QB,MATCHED_CANONICAL_GAME,2018_06_PHI_NYG,2018,6,REG,PHI,NYG,away,date/team/opponent/location identity
3766,Drew Brees,BreeDr00,2018-10-08,NOR,,WAS,QB,MATCHED_CANONICAL_GAME,2018_05_WAS_NO,2018,5,REG,WAS,NO,home,date/team/opponent/location identity
3767,Alex Smith,SmitAl03,2018-10-08,WAS,@,NOR,QB,MATCHED_CANONICAL_GAME,2018_05_WAS_NO,2018,5,REG,WAS,NO,away,date/team/opponent/location identity
3768,Josh Allen,AlleJo02,2018-10-07,BUF,,TEN,QB,MATCHED_CANONICAL_GAME,2018_05_TEN_BUF,2018,5,REG,TEN,BUF,home,date/team/opponent/location identity
3769,C.J. Beathard,BeatC.00,2018-10-07,SFO,,ARI,QB,MATCHED_CANONICAL_GAME,2018_05_ARI_SF,2018,5,REG,ARI,SF,home,date/team/opponent/location identity
3770,Blake Bortles,BortBl00,2018-10-07,JAX,@,KAN,QB,MATCHED_CANONICAL_GAME,2018_05_JAX_KC,2018,5,REG,JAX,KC,away,date/team/opponent/location identity
3771,Derek Carr,CarrDe02,2018-10-07,OAK,@,LAC,QB,MATCHED_CANONICAL_GAME,2018_05_OAK_LAC,2018,5,REG,LV,LAC,away,date/team/opponent/location identity
3772,Kirk Cousins,CousKi00,2018-10-07,MIN,@,PHI,QB,MATCHED_CANONICAL_GAME,2018_05_MIN_PHI,2018,5,REG,MIN,PHI,away,date/team/opponent/location identity
3773,Andy Dalton,DaltAn00,2018-10-07,CIN,,MIA,QB,MATCHED_CANONICAL_GAME,2018_05_MIA_CIN,2018,5,REG,MIA,CIN,home,date/team/opponent/location identity
3774,Sam Darnold,DarnSa00,2018-10-07,NYJ,,DEN,QB,MATCHED_CANONICAL_GAME,2018_05_DEN_NYJ,2018,5,REG,DEN,NYJ,home,date/team/opponent/location identity
3775,Joe Flacco,FlacJo00,2018-10-07,BAL,@,CLE,QB,MATCHED_CANONICAL_GAME,2018_05_BAL_CLE,2018,5,REG,BAL,CLE,away,date/team/opponent/location identity
3776,Jared Goff,GoffJa00,2018-10-07,LAR,@,SEA,QB,MATCHED_CANONICAL_GAME,2018_05_LA_SEA,2018,5,REG,LAR,SEA,away,date/team/opponent/location identity
3777,Case Keenum,KeenCa00,2018-10-07,DEN,@,NYJ,QB,MATCHED_CANONICAL_GAME,2018_05_DEN_NYJ,2018,5,REG,DEN,NYJ,away,date/team/opponent/location identity
3778,Patrick Mahomes,MahoPa00,2018-10-07,KAN,,JAX,QB,MATCHED_CANONICAL_GAME,2018_05_JAX_KC,2018,5,REG,JAX,KC,home,date/team/opponent/location identity
3779,Eli Manning,MannEl00,2018-10-07,NYG,@,CAR,QB,MATCHED_CANONICAL_GAME,2018_05_NYG_CAR,2018,5,REG,NYG,CAR,away,date/team/opponent/location identity
3780,Marcus Mariota,MariMa01,2018-10-07,TEN,@,BUF,QB,MATCHED_CANONICAL_GAME,2018_05_TEN_BUF,2018,5,REG,TEN,BUF,away,date/team/opponent/location identity
3781,Baker Mayfield,MayfBa00,2018-10-07,CLE,,BAL,QB,MATCHED_CANONICAL_GAME,2018_05_BAL_CLE,2018,5,REG,BAL,CLE,home,date/team/opponent/location identity
3782,Cam Newton,NewtCa00,2018-10-07,CAR,,NYG,QB,MATCHED_CANONICAL_GAME,2018_05_NYG_CAR,2018,5,REG,NYG,CAR,home,date/team/opponent/location identity
3783,Dak Prescott,PresDa01,2018-10-07,DAL,@,HOU,QB,MATCHED_CANONICAL_GAME,2018_05_DAL_HOU,2018,5,REG,DAL,HOU,away,date/team/opponent/location identity
3784,Philip Rivers,RivePh00,2018-10-07,LAC,,OAK,QB,MATCHED_CANONICAL_GAME,2018_05_OAK_LAC,2018,5,REG,LV,LAC,home,date/team/opponent/location identity
3785,Aaron Rodgers,RodgAa00,2018-10-07,GNB,@,DET,QB,MATCHED_CANONICAL_GAME,2018_05_GB_DET,2018,5,REG,GB,DET,away,date/team/opponent/location identity
3786,Ben Roethlisberger,RoetBe00,2018-10-07,PIT,,ATL,QB,MATCHED_CANONICAL_GAME,2018_05_ATL_PIT,2018,5,REG,ATL,PIT,home,date/team/opponent/location identity
3787,Josh Rosen,RoseJo01,2018-10-07,ARI,@,SFO,QB,MATCHED_CANONICAL_GAME,2018_05_ARI_SF,2018,5,REG,ARI,SF,away,date/team/opponent/location identity
3788,Matt Ryan,RyanMa00,2018-10-07,ATL,@,PIT,QB,MATCHED_CANONICAL_GAME,2018_05_ATL_PIT,2018,5,REG,ATL,PIT,away,date/team/opponent/location identity
3789,Matthew Stafford,StafMa00,2018-10-07,DET,,GNB,QB,MATCHED_CANONICAL_GAME,2018_05_GB_DET,2018,5,REG,GB,DET,home,date/team/opponent/location identity
3790,Ryan Tannehill,TannRy00,2018-10-07,MIA,@,CIN,QB,MATCHED_CANONICAL_GAME,2018_05_MIA_CIN,2018,5,REG,MIA,CIN,away,date/team/opponent/location identity
3791,Deshaun Watson,WatsDe00,2018-10-07,HOU,,DAL,QB,MATCHED_CANONICAL_GAME,2018_05_DAL_HOU,2018,5,REG,DAL,HOU,home,date/team/opponent/location identity
3792,Carson Wentz,WentCa00,2018-10-07,PHI,,MIN,QB,MATCHED_CANONICAL_GAME,2018_05_MIN_PHI,2018,5,REG,MIN,PHI,home,date/team/opponent/location identity
3793,Russell Wilson,WilsRu00,2018-10-07,SEA,,LAR,QB,MATCHED_CANONICAL_GAME,2018_05_LA_SEA,2018,5,REG,LAR,SEA,home,date/team/opponent/location identity
3794,Tom Brady,BradTo00,2018-10-04,NWE,,IND,QB,MATCHED_CANONICAL_GAME,2018_05_IND_NE,2018,5,REG,IND,NE,home,date/team/opponent/location identity
3795,Andrew Luck,LuckAn00,2018-10-04,IND,@,NWE,QB,MATCHED_CANONICAL_GAME,2018_05_IND_NE,2018,5,REG,IND,NE,away,date/team/opponent/location identity
3796,Case Keenum,KeenCa00,2018-10-01,DEN,,KAN,QB,MATCHED_CANONICAL_GAME,2018_04_KC_DEN,2018,4,REG,KC,DEN,home,date/team/opponent/location identity
3797,Patrick Mahomes,MahoPa00,2018-10-01,KAN,@,DEN,QB,MATCHED_CANONICAL_GAME,2018_04_KC_DEN,2018,4,REG,KC,DEN,away,date/team/opponent/location identity
3798,Josh Allen,AlleJo02,2018-09-30,BUF,@,GNB,QB,MATCHED_CANONICAL_GAME,2018_04_BUF_GB,2018,4,REG,BUF,GB,away,date/team/opponent/location identity
3799,C.J. Beathard,BeatC.00,2018-09-30,SFO,@,LAC,QB,MATCHED_CANONICAL_GAME,2018_04_SF_LAC,2018,4,REG,SF,LAC,away,date/team/opponent/location identity
3800,Blake Bortles,BortBl00,2018-09-30,JAX,,NYJ,QB,MATCHED_CANONICAL_GAME,2018_04_NYJ_JAX,2018,4,REG,NYJ,JAX,home,date/team/opponent/location identity
3801,Tom Brady,BradTo00,2018-09-30,NWE,,MIA,QB,MATCHED_CANONICAL_GAME,2018_04_MIA_NE,2018,4,REG,MIA,NE,home,date/team/opponent/location identity
3802,Drew Brees,BreeDr00,2018-09-30,NOR,@,NYG,QB,MATCHED_CANONICAL_GAME,2018_04_NO_NYG,2018,4,REG,NO,NYG,away,date/team/opponent/location identity
3803,Derek Carr,CarrDe02,2018-09-30,OAK,,CLE,QB,MATCHED_CANONICAL_GAME,2018_04_CLE_OAK,2018,4,REG,CLE,LV,home,date/team/opponent/location identity
3804,Andy Dalton,DaltAn00,2018-09-30,CIN,@,ATL,QB,MATCHED_CANONICAL_GAME,2018_04_CIN_ATL,2018,4,REG,CIN,ATL,away,date/team/opponent/location identity
3805,Sam Darnold,DarnSa00,2018-09-30,NYJ,@,JAX,QB,MATCHED_CANONICAL_GAME,2018_04_NYJ_JAX,2018,4,REG,NYJ,JAX,away,date/team/opponent/location identity
3806,Ryan Fitzpatrick,FitzRy00,2018-09-30,TAM,@,CHI,QB,MATCHED_CANONICAL_GAME,2018_04_TB_CHI,2018,4,REG,TB,CHI,away,date/team/opponent/location identity
3807,Joe Flacco,FlacJo00,2018-09-30,BAL,@,PIT,QB,MATCHED_CANONICAL_GAME,2018_04_BAL_PIT,2018,4,REG,BAL,PIT,away,date/team/opponent/location identity
3808,Andrew Luck,LuckAn00,2018-09-30,IND,,HOU,QB,MATCHED_CANONICAL_GAME,2018_04_HOU_IND,2018,4,REG,HOU,IND,home,date/team/opponent/location identity
3809,Eli Manning,MannEl00,2018-09-30,NYG,,NOR,QB,MATCHED_CANONICAL_GAME,2018_04_NO_NYG,2018,4,REG,NO,NYG,home,date/team/opponent/location identity
3810,Marcus Mariota,MariMa01,2018-09-30,TEN,,PHI,QB,MATCHED_CANONICAL_GAME,2018_04_PHI_TEN,2018,4,REG,PHI,TEN,home,date/team/opponent/location identity
3811,Baker Mayfield,MayfBa00,2018-09-30,CLE,@,OAK,QB,MATCHED_CANONICAL_GAME,2018_04_CLE_OAK,2018,4,REG,CLE,LV,away,date/team/opponent/location identity
3812,Dak Prescott,PresDa01,2018-09-30,DAL,,DET,QB,MATCHED_CANONICAL_GAME,2018_04_DET_DAL,2018,4,REG,DET,DAL,home,date/team/opponent/location identity
3813,Philip Rivers,RivePh00,2018-09-30,LAC,,SFO,QB,MATCHED_CANONICAL_GAME,2018_04_SF_LAC,2018,4,REG,SF,LAC,home,date/team/opponent/location identity
3814,Aaron Rodgers,RodgAa00,2018-09-30,GNB,,BUF,QB,MATCHED_CANONICAL_GAME,2018_04_BUF_GB,2018,4,REG,BUF,GB,home,date/team/opponent/location identity
3815,Ben Roethlisberger,RoetBe00,2018-09-30,PIT,,BAL,QB,MATCHED_CANONICAL_GAME,2018_04_BAL_PIT,2018,4,REG,BAL,PIT,home,date/team/opponent/location identity
3816,Josh Rosen,RoseJo01,2018-09-30,ARI,,SEA,QB,MATCHED_CANONICAL_GAME,2018_04_SEA_ARI,2018,4,REG,SEA,ARI,home,date/team/opponent/location identity
3817,Matt Ryan,RyanMa00,2018-09-30,ATL,,CIN,QB,MATCHED_CANONICAL_GAME,2018_04_CIN_ATL,2018,4,REG,CIN,ATL,home,date/team/opponent/location identity
3818,Matthew Stafford,StafMa00,2018-09-30,DET,@,DAL,QB,MATCHED_CANONICAL_GAME,2018_04_DET_DAL,2018,4,REG,DET,DAL,away,date/team/opponent/location identity
3819,Ryan Tannehill,TannRy00,2018-09-30,MIA,@,NWE,QB,MATCHED_CANONICAL_GAME,2018_04_MIA_NE,2018,4,REG,MIA,NE,away,date/team/opponent/location identity
3820,Mitchell Trubisky,TrubMi00,2018-09-30,CHI,,TAM,QB,MATCHED_CANONICAL_GAME,2018_04_TB_CHI,2018,4,REG,TB,CHI,home,date/team/opponent/location identity
3821,Deshaun Watson,WatsDe00,2018-09-30,HOU,@,IND,QB,MATCHED_CANONICAL_GAME,2018_04_HOU_IND,2018,4,REG,HOU,IND,away,date/team/opponent/location identity
3822,Carson Wentz,WentCa00,2018-09-30,PHI,@,TEN,QB,MATCHED_CANONICAL_GAME,2018_04_PHI_TEN,2018,4,REG,PHI,TEN,away,date/team/opponent/location identity
3823,Russell Wilson,WilsRu00,2018-09-30,SEA,@,ARI,QB,MATCHED_CANONICAL_GAME,2018_04_SEA_ARI,2018,4,REG,SEA,ARI,away,date/team/opponent/location identity
3824,Kirk Cousins,CousKi00,2018-09-27,MIN,@,LAR,QB,MATCHED_CANONICAL_GAME,2018_04_MIN_LA,2018,4,REG,MIN,LAR,away,date/team/opponent/location identity
3825,Jared Goff,GoffJa00,2018-09-27,LAR,,MIN,QB,MATCHED_CANONICAL_GAME,2018_04_MIN_LA,2018,4,REG,MIN,LAR,home,date/team/opponent/location identity
3826,Ryan Fitzpatrick,FitzRy00,2018-09-24,TAM,,PIT,QB,MATCHED_CANONICAL_GAME,2018_03_PIT_TB,2018,3,REG,PIT,TB,home,date/team/opponent/location identity
3827,Ben Roethlisberger,RoetBe00,2018-09-24,PIT,@,TAM,QB,MATCHED_CANONICAL_GAME,2018_03_PIT_TB,2018,3,REG,PIT,TB,away,date/team/opponent/location identity
3828,Josh Allen,AlleJo02,2018-09-23,BUF,@,MIN,QB,MATCHED_CANONICAL_GAME,2018_03_BUF_MIN,2018,3,REG,BUF,MIN,away,date/team/opponent/location identity
3829,Blake Bortles,BortBl00,2018-09-23,JAX,,TEN,QB,MATCHED_CANONICAL_GAME,2018_03_TEN_JAX,2018,3,REG,TEN,JAX,home,date/team/opponent/location identity
3830,Sam Bradford,BradSa00,2018-09-23,ARI,,CHI,QB,MATCHED_CANONICAL_GAME,2018_03_CHI_ARI,2018,3,REG,CHI,ARI,home,date/team/opponent/location identity
3831,Tom Brady,BradTo00,2018-09-23,NWE,@,DET,QB,MATCHED_CANONICAL_GAME,2018_03_NE_DET,2018,3,REG,NE,DET,away,date/team/opponent/location identity
3832,Drew Brees,BreeDr00,2018-09-23,NOR,@,ATL,QB,MATCHED_CANONICAL_GAME,2018_03_NO_ATL,2018,3,REG,NO,ATL,away,date/team/opponent/location identity
3833,Derek Carr,CarrDe02,2018-09-23,OAK,@,MIA,QB,MATCHED_CANONICAL_GAME,2018_03_OAK_MIA,2018,3,REG,LV,MIA,away,date/team/opponent/location identity
3834,Kirk Cousins,CousKi00,2018-09-23,MIN,,BUF,QB,MATCHED_CANONICAL_GAME,2018_03_BUF_MIN,2018,3,REG,BUF,MIN,home,date/team/opponent/location identity
3835,Andy Dalton,DaltAn00,2018-09-23,CIN,@,CAR,QB,MATCHED_CANONICAL_GAME,2018_03_CIN_CAR,2018,3,REG,CIN,CAR,away,date/team/opponent/location identity
3836,Joe Flacco,FlacJo00,2018-09-23,BAL,,DEN,QB,MATCHED_CANONICAL_GAME,2018_03_DEN_BAL,2018,3,REG,DEN,BAL,home,date/team/opponent/location identity
3837,Blaine Gabbert,GabbBl00,2018-09-23,TEN,@,JAX,QB,MATCHED_CANONICAL_GAME,2018_03_TEN_JAX,2018,3,REG,TEN,JAX,away,date/team/opponent/location identity
3838,Jimmy Garoppolo,GaroJi00,2018-09-23,SFO,@,KAN,QB,MATCHED_CANONICAL_GAME,2018_03_SF_KC,2018,3,REG,SF,KC,away,date/team/opponent/location identity
3839,Jared Goff,GoffJa00,2018-09-23,LAR,,LAC,QB,MATCHED_CANONICAL_GAME,2018_03_LAC_LA,2018,3,REG,LAC,LAR,home,date/team/opponent/location identity
3840,Case Keenum,KeenCa00,2018-09-23,DEN,@,BAL,QB,MATCHED_CANONICAL_GAME,2018_03_DEN_BAL,2018,3,REG,DEN,BAL,away,date/team/opponent/location identity
3841,Andrew Luck,LuckAn00,2018-09-23,IND,@,PHI,QB,MATCHED_CANONICAL_GAME,2018_03_IND_PHI,2018,3,REG,IND,PHI,away,date/team/opponent/location identity
3842,Patrick Mahomes,MahoPa00,2018-09-23,KAN,,SFO,QB,MATCHED_CANONICAL_GAME,2018_03_SF_KC,2018,3,REG,SF,KC,home,date/team/opponent/location identity
3843,Eli Manning,MannEl00,2018-09-23,NYG,@,HOU,QB,MATCHED_CANONICAL_GAME,2018_03_NYG_HOU,2018,3,REG,NYG,HOU,away,date/team/opponent/location identity
3844,Cam Newton,NewtCa00,2018-09-23,CAR,,CIN,QB,MATCHED_CANONICAL_GAME,2018_03_CIN_CAR,2018,3,REG,CIN,CAR,home,date/team/opponent/location identity
3845,Dak Prescott,PresDa01,2018-09-23,DAL,@,SEA,QB,MATCHED_CANONICAL_GAME,2018_03_DAL_SEA,2018,3,REG,DAL,SEA,away,date/team/opponent/location identity
3846,Philip Rivers,RivePh00,2018-09-23,LAC,@,LAR,QB,MATCHED_CANONICAL_GAME,2018_03_LAC_LA,2018,3,REG,LAC,LAR,away,date/team/opponent/location identity
3847,Aaron Rodgers,RodgAa00,2018-09-23,GNB,@,WAS,QB,MATCHED_CANONICAL_GAME,2018_03_GB_WAS,2018,3,REG,GB,WAS,away,date/team/opponent/location identity
3848,Matt Ryan,RyanMa00,2018-09-23,ATL,,NOR,QB,MATCHED_CANONICAL_GAME,2018_03_NO_ATL,2018,3,REG,NO,ATL,home,date/team/opponent/location identity
3849,Alex Smith,SmitAl03,2018-09-23,WAS,,GNB,QB,MATCHED_CANONICAL_GAME,2018_03_GB_WAS,2018,3,REG,GB,WAS,home,date/team/opponent/location identity
3850,Matthew Stafford,StafMa00,2018-09-23,DET,,NWE,QB,MATCHED_CANONICAL_GAME,2018_03_NE_DET,2018,3,REG,NE,DET,home,date/team/opponent/location identity
3851,Ryan Tannehill,TannRy00,2018-09-23,MIA,,OAK,QB,MATCHED_CANONICAL_GAME,2018_03_OAK_MIA,2018,3,REG,LV,MIA,home,date/team/opponent/location identity
3852,Mitchell Trubisky,TrubMi00,2018-09-23,CHI,@,ARI,QB,MATCHED_CANONICAL_GAME,2018_03_CHI_ARI,2018,3,REG,CHI,ARI,away,date/team/opponent/location identity
3853,Deshaun Watson,WatsDe00,2018-09-23,HOU,,NYG,QB,MATCHED_CANONICAL_GAME,2018_03_NYG_HOU,2018,3,REG,NYG,HOU,home,date/team/opponent/location identity
3854,Carson Wentz,WentCa00,2018-09-23,PHI,,IND,QB,MATCHED_CANONICAL_GAME,2018_03_IND_PHI,2018,3,REG,IND,PHI,home,date/team/opponent/location identity
3855,Russell Wilson,WilsRu00,2018-09-23,SEA,,DAL,QB,MATCHED_CANONICAL_GAME,2018_03_DAL_SEA,2018,3,REG,DAL,SEA,home,date/team/opponent/location identity
3856,Sam Darnold,DarnSa00,2018-09-20,NYJ,@,CLE,QB,MATCHED_CANONICAL_GAME,2018_03_NYJ_CLE,2018,3,REG,NYJ,CLE,away,date/team/opponent/location identity
3857,Tyrod Taylor,TaylTy00,2018-09-20,CLE,,NYJ,QB,MATCHED_CANONICAL_GAME,2018_03_NYJ_CLE,2018,3,REG,NYJ,CLE,home,date/team/opponent/location identity
3858,Mitchell Trubisky,TrubMi00,2018-09-17,CHI,,SEA,QB,MATCHED_CANONICAL_GAME,2018_02_SEA_CHI,2018,2,REG,SEA,CHI,home,date/team/opponent/location identity
3859,Russell Wilson,WilsRu00,2018-09-17,SEA,@,CHI,QB,MATCHED_CANONICAL_GAME,2018_02_SEA_CHI,2018,2,REG,SEA,CHI,away,date/team/opponent/location identity
3860,Josh Allen,AlleJo02,2018-09-16,BUF,,LAC,QB,MATCHED_CANONICAL_GAME,2018_02_LAC_BUF,2018,2,REG,LAC,BUF,home,date/team/opponent/location identity
3861,Blake Bortles,BortBl00,2018-09-16,JAX,,NWE,QB,MATCHED_CANONICAL_GAME,2018_02_NE_JAX,2018,2,REG,NE,JAX,home,date/team/opponent/location identity
3862,Sam Bradford,BradSa00,2018-09-16,ARI,@,LAR,QB,MATCHED_CANONICAL_GAME,2018_02_ARI_LA,2018,2,REG,ARI,LAR,away,date/team/opponent/location identity
3863,Tom Brady,BradTo00,2018-09-16,NWE,@,JAX,QB,MATCHED_CANONICAL_GAME,2018_02_NE_JAX,2018,2,REG,NE,JAX,away,date/team/opponent/location identity
3864,Drew Brees,BreeDr00,2018-09-16,NOR,,CLE,QB,MATCHED_CANONICAL_GAME,2018_02_CLE_NO,2018,2,REG,CLE,NO,home,date/team/opponent/location identity
3865,Derek Carr,CarrDe02,2018-09-16,OAK,@,DEN,QB,MATCHED_CANONICAL_GAME,2018_02_OAK_DEN,2018,2,REG,LV,DEN,away,date/team/opponent/location identity
3866,Kirk Cousins,CousKi00,2018-09-16,MIN,@,GNB,QB,MATCHED_CANONICAL_GAME,2018_02_MIN_GB,2018,2,REG,MIN,GB,away,date/team/opponent/location identity
3867,Sam Darnold,DarnSa00,2018-09-16,NYJ,,MIA,QB,MATCHED_CANONICAL_GAME,2018_02_MIA_NYJ,2018,2,REG,MIA,NYJ,home,date/team/opponent/location identity
3868,Ryan Fitzpatrick,FitzRy00,2018-09-16,TAM,,PHI,QB,MATCHED_CANONICAL_GAME,2018_02_PHI_TB,2018,2,REG,PHI,TB,home,date/team/opponent/location identity
3869,Nick Foles,FoleNi00,2018-09-16,PHI,@,TAM,QB,MATCHED_CANONICAL_GAME,2018_02_PHI_TB,2018,2,REG,PHI,TB,away,date/team/opponent/location identity
3870,Blaine Gabbert,GabbBl00,2018-09-16,TEN,,HOU,QB,MATCHED_CANONICAL_GAME,2018_02_HOU_TEN,2018,2,REG,HOU,TEN,home,date/team/opponent/location identity
3871,Jimmy Garoppolo,GaroJi00,2018-09-16,SFO,,DET,QB,MATCHED_CANONICAL_GAME,2018_02_DET_SF,2018,2,REG,DET,SF,home,date/team/opponent/location identity
3872,Jared Goff,GoffJa00,2018-09-16,LAR,,ARI,QB,MATCHED_CANONICAL_GAME,2018_02_ARI_LA,2018,2,REG,ARI,LAR,home,date/team/opponent/location identity
3873,Case Keenum,KeenCa00,2018-09-16,DEN,,OAK,QB,MATCHED_CANONICAL_GAME,2018_02_OAK_DEN,2018,2,REG,LV,DEN,home,date/team/opponent/location identity
3874,Andrew Luck,LuckAn00,2018-09-16,IND,@,WAS,QB,MATCHED_CANONICAL_GAME,2018_02_IND_WAS,2018,2,REG,IND,WAS,away,date/team/opponent/location identity
3875,Patrick Mahomes,MahoPa00,2018-09-16,KAN,@,PIT,QB,MATCHED_CANONICAL_GAME,2018_02_KC_PIT,2018,2,REG,KC,PIT,away,date/team/opponent/location identity
3876,Eli Manning,MannEl00,2018-09-16,NYG,@,DAL,QB,MATCHED_CANONICAL_GAME,2018_02_NYG_DAL,2018,2,REG,NYG,DAL,away,date/team/opponent/location identity
3877,Cam Newton,NewtCa00,2018-09-16,CAR,@,ATL,QB,MATCHED_CANONICAL_GAME,2018_02_CAR_ATL,2018,2,REG,CAR,ATL,away,date/team/opponent/location identity
3878,Dak Prescott,PresDa01,2018-09-16,DAL,,NYG,QB,MATCHED_CANONICAL_GAME,2018_02_NYG_DAL,2018,2,REG,NYG,DAL,home,date/team/opponent/location identity
3879,Philip Rivers,RivePh00,2018-09-16,LAC,@,BUF,QB,MATCHED_CANONICAL_GAME,2018_02_LAC_BUF,2018,2,REG,LAC,BUF,away,date/team/opponent/location identity
3880,Aaron Rodgers,RodgAa00,2018-09-16,GNB,,MIN,QB,MATCHED_CANONICAL_GAME,2018_02_MIN_GB,2018,2,REG,MIN,GB,home,date/team/opponent/location identity
3881,Ben Roethlisberger,RoetBe00,2018-09-16,PIT,,KAN,QB,MATCHED_CANONICAL_GAME,2018_02_KC_PIT,2018,2,REG,KC,PIT,home,date/team/opponent/location identity
3882,Matt Ryan,RyanMa00,2018-09-16,ATL,,CAR,QB,MATCHED_CANONICAL_GAME,2018_02_CAR_ATL,2018,2,REG,CAR,ATL,home,date/team/opponent/location identity
3883,Alex Smith,SmitAl03,2018-09-16,WAS,,IND,QB,MATCHED_CANONICAL_GAME,2018_02_IND_WAS,2018,2,REG,IND,WAS,home,date/team/opponent/location identity
3884,Matthew Stafford,StafMa00,2018-09-16,DET,@,SFO,QB,MATCHED_CANONICAL_GAME,2018_02_DET_SF,2018,2,REG,DET,SF,away,date/team/opponent/location identity
3885,Ryan Tannehill,TannRy00,2018-09-16,MIA,@,NYJ,QB,MATCHED_CANONICAL_GAME,2018_02_MIA_NYJ,2018,2,REG,MIA,NYJ,away,date/team/opponent/location identity
3886,Tyrod Taylor,TaylTy00,2018-09-16,CLE,@,NOR,QB,MATCHED_CANONICAL_GAME,2018_02_CLE_NO,2018,2,REG,CLE,NO,away,date/team/opponent/location identity
3887,Deshaun Watson,WatsDe00,2018-09-16,HOU,@,TEN,QB,MATCHED_CANONICAL_GAME,2018_02_HOU_TEN,2018,2,REG,HOU,TEN,away,date/team/opponent/location identity
3888,Andy Dalton,DaltAn00,2018-09-13,CIN,,BAL,QB,MATCHED_CANONICAL_GAME,2018_02_BAL_CIN,2018,2,REG,BAL,CIN,home,date/team/opponent/location identity
3889,Joe Flacco,FlacJo00,2018-09-13,BAL,@,CIN,QB,MATCHED_CANONICAL_GAME,2018_02_BAL_CIN,2018,2,REG,BAL,CIN,away,date/team/opponent/location identity
3890,Derek Carr,CarrDe02,2018-09-10,OAK,,LAR,QB,MATCHED_CANONICAL_GAME,2018_01_LA_OAK,2018,1,REG,LAR,LV,home,date/team/opponent/location identity
3891,Sam Darnold,DarnSa00,2018-09-10,NYJ,@,DET,QB,MATCHED_CANONICAL_GAME,2018_01_NYJ_DET,2018,1,REG,NYJ,DET,away,date/team/opponent/location identity
3892,Jared Goff,GoffJa00,2018-09-10,LAR,@,OAK,QB,MATCHED_CANONICAL_GAME,2018_01_LA_OAK,2018,1,REG,LAR,LV,away,date/team/opponent/location identity
3893,Matthew Stafford,StafMa00,2018-09-10,DET,,NYJ,QB,MATCHED_CANONICAL_GAME,2018_01_NYJ_DET,2018,1,REG,NYJ,DET,home,date/team/opponent/location identity
3894,Blake Bortles,BortBl00,2018-09-09,JAX,@,NYG,QB,MATCHED_CANONICAL_GAME,2018_01_JAX_NYG,2018,1,REG,JAX,NYG,away,date/team/opponent/location identity
3895,Sam Bradford,BradSa00,2018-09-09,ARI,,WAS,QB,MATCHED_CANONICAL_GAME,2018_01_WAS_ARI,2018,1,REG,WAS,ARI,home,date/team/opponent/location identity
3896,Tom Brady,BradTo00,2018-09-09,NWE,,HOU,QB,MATCHED_CANONICAL_GAME,2018_01_HOU_NE,2018,1,REG,HOU,NE,home,date/team/opponent/location identity
3897,Drew Brees,BreeDr00,2018-09-09,NOR,,TAM,QB,MATCHED_CANONICAL_GAME,2018_01_TB_NO,2018,1,REG,TB,NO,home,date/team/opponent/location identity
3898,Kirk Cousins,CousKi00,2018-09-09,MIN,,SFO,QB,MATCHED_CANONICAL_GAME,2018_01_SF_MIN,2018,1,REG,SF,MIN,home,date/team/opponent/location identity
3899,Andy Dalton,DaltAn00,2018-09-09,CIN,@,IND,QB,MATCHED_CANONICAL_GAME,2018_01_CIN_IND,2018,1,REG,CIN,IND,away,date/team/opponent/location identity
3900,Ryan Fitzpatrick,FitzRy00,2018-09-09,TAM,@,NOR,QB,MATCHED_CANONICAL_GAME,2018_01_TB_NO,2018,1,REG,TB,NO,away,date/team/opponent/location identity
3901,Joe Flacco,FlacJo00,2018-09-09,BAL,,BUF,QB,MATCHED_CANONICAL_GAME,2018_01_BUF_BAL,2018,1,REG,BUF,BAL,home,date/team/opponent/location identity
3902,Jimmy Garoppolo,GaroJi00,2018-09-09,SFO,@,MIN,QB,MATCHED_CANONICAL_GAME,2018_01_SF_MIN,2018,1,REG,SF,MIN,away,date/team/opponent/location identity
3903,Case Keenum,KeenCa00,2018-09-09,DEN,,SEA,QB,MATCHED_CANONICAL_GAME,2018_01_SEA_DEN,2018,1,REG,SEA,DEN,home,date/team/opponent/location identity
3904,Andrew Luck,LuckAn00,2018-09-09,IND,,CIN,QB,MATCHED_CANONICAL_GAME,2018_01_CIN_IND,2018,1,REG,CIN,IND,home,date/team/opponent/location identity
3905,Patrick Mahomes,MahoPa00,2018-09-09,KAN,@,LAC,QB,MATCHED_CANONICAL_GAME,2018_01_KC_LAC,2018,1,REG,KC,LAC,away,date/team/opponent/location identity
3906,Eli Manning,MannEl00,2018-09-09,NYG,,JAX,QB,MATCHED_CANONICAL_GAME,2018_01_JAX_NYG,2018,1,REG,JAX,NYG,home,date/team/opponent/location identity
3907,Marcus Mariota,MariMa01,2018-09-09,TEN,@,MIA,QB,MATCHED_CANONICAL_GAME,2018_01_TEN_MIA,2018,1,REG,TEN,MIA,away,date/team/opponent/location identity
3908,Cam Newton,NewtCa00,2018-09-09,CAR,,DAL,QB,MATCHED_CANONICAL_GAME,2018_01_DAL_CAR,2018,1,REG,DAL,CAR,home,date/team/opponent/location identity
3909,Nathan Peterman,PeteNa00,2018-09-09,BUF,@,BAL,QB,MATCHED_CANONICAL_GAME,2018_01_BUF_BAL,2018,1,REG,BUF,BAL,away,date/team/opponent/location identity
3910,Dak Prescott,PresDa01,2018-09-09,DAL,@,CAR,QB,MATCHED_CANONICAL_GAME,2018_01_DAL_CAR,2018,1,REG,DAL,CAR,away,date/team/opponent/location identity
3911,Philip Rivers,RivePh00,2018-09-09,LAC,,KAN,QB,MATCHED_CANONICAL_GAME,2018_01_KC_LAC,2018,1,REG,KC,LAC,home,date/team/opponent/location identity
3912,Aaron Rodgers,RodgAa00,2018-09-09,GNB,,CHI,QB,MATCHED_CANONICAL_GAME,2018_01_CHI_GB,2018,1,REG,CHI,GB,home,date/team/opponent/location identity
3913,Ben Roethlisberger,RoetBe00,2018-09-09,PIT,@,CLE,QB,MATCHED_CANONICAL_GAME,2018_01_PIT_CLE,2018,1,REG,PIT,CLE,away,date/team/opponent/location identity
3914,Alex Smith,SmitAl03,2018-09-09,WAS,@,ARI,QB,MATCHED_CANONICAL_GAME,2018_01_WAS_ARI,2018,1,REG,WAS,ARI,away,date/team/opponent/location identity
3915,Ryan Tannehill,TannRy00,2018-09-09,MIA,,TEN,QB,MATCHED_CANONICAL_GAME,2018_01_TEN_MIA,2018,1,REG,TEN,MIA,home,date/team/opponent/location identity
3916,Tyrod Taylor,TaylTy00,2018-09-09,CLE,,PIT,QB,MATCHED_CANONICAL_GAME,2018_01_PIT_CLE,2018,1,REG,PIT,CLE,home,date/team/opponent/location identity
3917,Mitchell Trubisky,TrubMi00,2018-09-09,CHI,@,GNB,QB,MATCHED_CANONICAL_GAME,2018_01_CHI_GB,2018,1,REG,CHI,GB,away,date/team/opponent/location identity
3918,Deshaun Watson,WatsDe00,2018-09-09,HOU,@,NWE,QB,MATCHED_CANONICAL_GAME,2018_01_HOU_NE,2018,1,REG,HOU,NE,away,date/team/opponent/location identity
3919,Russell Wilson,WilsRu00,2018-09-09,SEA,@,DEN,QB,MATCHED_CANONICAL_GAME,2018_01_SEA_DEN,2018,1,REG,SEA,DEN,away,date/team/opponent/location identity
3920,Nick Foles,FoleNi00,2018-09-06,PHI,,ATL,QB,MATCHED_CANONICAL_GAME,2018_01_ATL_PHI,2018,1,REG,ATL,PHI,home,date/team/opponent/location identity
3921,Matt Ryan,RyanMa00,2018-09-06,ATL,@,PHI,QB,MATCHED_CANONICAL_GAME,2018_01_ATL_PHI,2018,1,REG,ATL,PHI,away,date/team/opponent/location identity
