season,week,season_type,game_id,away_team,home_team,feature_as_of_utc,historical_identity_usage,feature_builder,away_actual_starting_qb_gsis_id,home_actual_starting_qb_gsis_id,away_passing_epa,home_passing_epa,away_prior_dropbacks,home_prior_dropbacks,qb_passing_epa_net_home_minus_away
2018,1,REG,2018_01_ATL_PHI,ATL,PHI,2018-09-04T12:00:00.000000+0000,POSTGAME_ACTUAL_STARTER_IDENTITY_ONLY,build_qb_pregame_features,00-0026143,00-0029567,-0.05,-0.05,0.0,0.0,0.0
2018,1,REG,2018_01_BUF_BAL,BUF,BAL,2018-09-04T12:00:00.000000+0000,POSTGAME_ACTUAL_STARTER_IDENTITY_ONLY,build_qb_pregame_features,00-0033958,00-0026158,-0.05,-0.05,0.0,0.0,0.0
2018,1,REG,2018_01_CHI_GB,CHI,GB,2018-09-04T12:00:00.000000+0000,POSTGAME_ACTUAL_STARTER_IDENTITY_ONLY,build_qb_pregame_features,00-0033869,00-0023459,-0.05,-0.05,0.0,0.0,0.0
2018,1,REG,2018_01_CIN_IND,CIN,IND,2018-09-04T12:00:00.000000+0000,POSTGAME_ACTUAL_STARTER_IDENTITY_ONLY,build_qb_pregame_features,00-0027973,00-0029668,-0.05,-0.05,0.0,0.0,0.0
2018,1,REG,2018_01_DAL_CAR,DAL,CAR,2018-09-04T12:00:00.000000+0000,POSTGAME_ACTUAL_STARTER_IDENTITY_ONLY,build_qb_pregame_features,00-0033077,00-0027939,-0.05,-0.05,0.0,0.0,0.0
2018,1,REG,2018_01_HOU_NE,HOU,NE,2018-09-04T12:00:00.000000+0000,POSTGAME_ACTUAL_STARTER_IDENTITY_ONLY,build_qb_pregame_features,00-0033537,00-0019596,-0.05,-0.05,0.0,0.0,0.0
2018,1,REG,2018_01_JAX_NYG,JAX,NYG,2018-09-04T12:00:00.000000+0000,POSTGAME_ACTUAL_STARTER_IDENTITY_ONLY,build_qb_pregame_features,00-0031407,00-0022803,-0.05,-0.05,0.0,0.0,0.0
2018,1,REG,2018_01_KC_LAC,KC,LAC,2018-09-04T12:00:00.000000+0000,POSTGAME_ACTUAL_STARTER_IDENTITY_ONLY,build_qb_pregame_features,00-0033873,00-0022942,-0.05,-0.05,0.0,0.0,0.0
2018,1,REG,2018_01_LA_OAK,LAR,LV,2018-09-04T12:00:00.000000+0000,POSTGAME_ACTUAL_STARTER_IDENTITY_ONLY,build_qb_pregame_features,00-0033106,00-0031280,-0.05,-0.05,0.0,0.0,0.0
2018,1,REG,2018_01_NYJ_DET,NYJ,DET,2018-09-04T12:00:00.000000+0000,POSTGAME_ACTUAL_STARTER_IDENTITY_ONLY,build_qb_pregame_features,00-0034869,00-0026498,-0.05,-0.05,0.0,0.0,0.0
2018,1,REG,2018_01_PIT_CLE,PIT,CLE,2018-09-04T12:00:00.000000+0000,POSTGAME_ACTUAL_STARTER_IDENTITY_ONLY,build_qb_pregame_features,00-0022924,00-0028118,-0.05,-0.05,0.0,0.0,0.0
2018,1,REG,2018_01_SEA_DEN,SEA,DEN,2018-09-04T12:00:00.000000+0000,POSTGAME_ACTUAL_STARTER_IDENTITY_ONLY,build_qb_pregame_features,00-0029263,00-0028986,-0.05,-0.05,0.0,0.0,0.0
2018,1,REG,2018_01_SF_MIN,SF,MIN,2018-09-04T12:00:00.000000+0000,POSTGAME_ACTUAL_STARTER_IDENTITY_ONLY,build_qb_pregame_features,00-0031345,00-0029604,-0.05,-0.05,0.0,0.0,0.0
2018,1,REG,2018_01_TB_NO,TB,NO,2018-09-04T12:00:00.000000+0000,POSTGAME_ACTUAL_STARTER_IDENTITY_ONLY,build_qb_pregame_features,00-0023682,00-0020531,-0.05,-0.05,0.0,0.0,0.0
2018,1,REG,2018_01_TEN_MIA,TEN,MIA,2018-09-04T12:00:00.000000+0000,POSTGAME_ACTUAL_STARTER_IDENTITY_ONLY,build_qb_pregame_features,00-0032268,00-0029701,-0.05,-0.05,0.0,0.0,0.0
2018,1,REG,2018_01_WAS_ARI,WAS,ARI,2018-09-04T12:00:00.000000+0000,POSTGAME_ACTUAL_STARTER_IDENTITY_ONLY,build_qb_pregame_features,00-0023436,00-0027854,-0.05,-0.05,0.0,0.0,0.0
2018,2,REG,2018_02_ARI_LA,ARI,LAR,2018-09-11T12:00:00.000000+0000,POSTGAME_ACTUAL_STARTER_IDENTITY_ONLY,build_qb_pregame_features,00-0027854,00-0033106,-0.09556874170954506,-0.024729147834692513,36.0,34.0,0.07083959387485254
2018,2,REG,2018_02_BAL_CIN,BAL,CIN,2018-09-11T12:00:00.000000+0000,POSTGAME_ACTUAL_STARTER_IDENTITY_ONLY,build_qb_pregame_features,00-0026158,00-0027973,-0.01233568404740202,-0.03508036836057269,35.0,30.0,-0.02274468431317067
2018,2,REG,2018_02_CAR_ATL,CAR,ATL,2018-09-11T12:00:00.000000+0000,POSTGAME_ACTUAL_STARTER_IDENTITY_ONLY,build_qb_pregame_features,00-0027939,00-0026143,-0.047207762256529645,-0.08153344775896137,29.0,47.0,-0.03432568550243173
2018,2,REG,2018_02_CLE_NO,CLE,NO,2018-09-11T12:00:00.000000+0000,POSTGAME_ACTUAL_STARTER_IDENTITY_ONLY,build_qb_pregame_features,00-0028118,00-0020531,-0.10430223821647802,0.03657620186158004,47.0,46.0,0.14087844007805805
2018,2,REG,2018_02_DET_SF,DET,SF,2018-09-11T12:00:00.000000+0000,POSTGAME_ACTUAL_STARTER_IDENTITY_ONLY,build_qb_pregame_features,00-0026498,00-0031345,-0.09539019535847867,-0.09107895008295483,46.0,36.0,0.004311245275523845
2018,2,REG,2018_02_HOU_TEN,HOU,TEN,2018-09-11T12:00:00.000000+0000,POSTGAME_ACTUAL_STARTER_IDENTITY_ONLY,build_qb_pregame_features,00-0033537,00-0027948,-0.0766892973880128,-0.07151203546506141,37.0,22.0,0.005177261922951398
2018,2,REG,2018_02_IND_WAS,IND,WAS,2018-09-11T12:00:00.000000+0000,POSTGAME_ACTUAL_STARTER_IDENTITY_ONLY,build_qb_pregame_features,00-0029668,00-0023436,-0.017775170992754143,0.002939105397131242,55.0,33.0,0.020714276389885385
2018,2,REG,2018_02_KC_PIT,KC,PIT,2018-09-11T12:00:00.000000+0000,POSTGAME_ACTUAL_STARTER_IDENTITY_ONLY,build_qb_pregame_features,00-0033873,00-0022924,0.0009068731366434213,-0.06504227533571674,28.0,45.0,-0.06594914847236016
2018,2,REG,2018_02_LAC_BUF,LAC,BUF,2018-09-11T12:00:00.000000+0000,POSTGAME_ACTUAL_STARTER_IDENTITY_ONLY,build_qb_pregame_features,00-0022942,00-0034857,0.0119799879881263,-0.06124367470408583,52.0,18.0,-0.07322366269221213
2018,2,REG,2018_02_MIA_NYJ,MIA,NYJ,2018-09-11T12:00:00.000000+0000,POSTGAME_ACTUAL_STARTER_IDENTITY_ONLY,build_qb_pregame_features,00-0029701,00-0034869,-0.03688141652424653,-0.0191065942266898,29.0,23.0,0.01777482229755673
2018,2,REG,2018_02_MIN_GB,MIN,GB,2018-09-11T12:00:00.000000+0000,POSTGAME_ACTUAL_STARTER_IDENTITY_ONLY,build_qb_pregame_features,00-0029604,00-0023459,-0.04255657357976746,-0.00912231836728642,39.0,32.0,0.033434255212481036
2018,2,REG,2018_02_NE_JAX,NE,JAX,2018-09-11T12:00:00.000000+0000,POSTGAME_ACTUAL_STARTER_IDENTITY_ONLY,build_qb_pregame_features,00-0019596,00-0031407,-0.014835416067670082,-0.05906745925272697,41.0,34.0,-0.044232043185056885
2018,2,REG,2018_02_NYG_DAL,NYG,DAL,2018-09-11T12:00:00.000000+0000,POSTGAME_ACTUAL_STARTER_IDENTITY_ONLY,build_qb_pregame_features,00-0022803,00-0033077,-0.08407680159223532,-0.0752983165108705,39.0,35.0,0.00877848508136482
2018,2,REG,2018_02_OAK_DEN,LV,DEN,2018-09-11T12:00:00.000000+0000,POSTGAME_ACTUAL_STARTER_IDENTITY_ONLY,build_qb_pregame_features,00-0031280,00-0028986,-0.08642343515187892,-0.05633531589673636,41.0,40.0,0.030088119255142556
2018,2,REG,2018_02_PHI_TB,PHI,TB,2018-09-11T12:00:00.000000+0000,POSTGAME_ACTUAL_STARTER_IDENTITY_ONLY,build_qb_pregame_features,00-0029567,00-0023682,-0.08274227085298488,0.05996559980337886,36.0,28.0,0.14270787065636376
2018,2,REG,2018_02_SEA_CHI,SEA,CHI,2018-09-11T12:00:00.000000+0000,POSTGAME_ACTUAL_STARTER_IDENTITY_ONLY,build_qb_pregame_features,00-0029263,00-0033869,-0.029078231090638437,-0.06058973386283166,39.0,39.0,-0.03151150277219322
2018,3,REG,2018_03_BUF_MIN,BUF,MIN,2018-09-18T12:00:00.000000+0000,POSTGAME_ACTUAL_STARTER_IDENTITY_ONLY,build_qb_pregame_features,00-0034857,00-0029604,-0.06120875849465335,0.011760524640515961,55.0,89.0,0.07296928313516932
2018,3,REG,2018_03_CHI_ARI,CHI,ARI,2018-09-18T12:00:00.000000+0000,POSTGAME_ACTUAL_STARTER_IDENTITY_ONLY,build_qb_pregame_features,00-0033869,00-0027854,-0.05998787843589491,-0.12872393970238777,75.0,64.0,-0.06873606126649286
2018,3,REG,2018_03_CIN_CAR,CIN,CAR,2018-09-18T12:00:00.000000+0000,POSTGAME_ACTUAL_STARTER_IDENTITY_ONLY,build_qb_pregame_features,00-0027973,00-0027939,-0.000795990906877854,-0.032030701179902525,72.0,76.0,-0.03123471027302467
2018,3,REG,2018_03_DAL_SEA,DAL,SEA,2018-09-18T12:00:00.000000+0000,POSTGAME_ACTUAL_STARTER_IDENTITY_ONLY,build_qb_pregame_features,00-0033077,00-0029263,-0.07458833172155396,-0.05989451556083861,60.0,81.0,0.014693816160715356
2018,3,REG,2018_03_DEN_BAL,DEN,BAL,2018-09-18T12:00:00.000000+0000,POSTGAME_ACTUAL_STARTER_IDENTITY_ONLY,build_qb_pregame_features,00-0028986,00-0026158,-0.052501338904640905,-0.035352735508045026,76.0,94.0,0.01714860339659588
2018,3,REG,2018_03_GB_WAS,GB,WAS,2018-09-18T12:00:00.000000+0000,POSTGAME_ACTUAL_STARTER_IDENTITY_ONLY,build_qb_pregame_features,00-0023459,00-0023436,-0.0026330258408501644,0.0004899834625218327,78.0,82.0,0.003123009303371997
2018,3,REG,2018_03_IND_PHI,IND,PHI,2018-09-18T12:00:00.000000+0000,POSTGAME_ACTUAL_STARTER_IDENTITY_ONLY,build_qb_pregame_features,00-0029668,00-0032950,-0.013929046622411019,-0.05,87.0,0.0,-0.036070953377588984
2018,3,REG,2018_03_LAC_LA,LAC,LAR,2018-09-18T12:00:00.000000+0000,POSTGAME_ACTUAL_STARTER_IDENTITY_ONLY,build_qb_pregame_features,00-0022942,00-0033106,0.0633269877463672,0.027724274188129172,81.0,68.0,-0.03560271355823803
2018,3,REG,2018_03_NE_DET,NE,DET,2018-09-18T12:00:00.000000+0000,POSTGAME_ACTUAL_STARTER_IDENTITY_ONLY,build_qb_pregame_features,00-0019596,00-0026498,0.0019378874624693398,-0.05967478782246146,78.0,101.0,-0.0616126752849308
2018,3,REG,2018_03_NO_ATL,NO,ATL,2018-09-18T12:00:00.000000+0000,POSTGAME_ACTUAL_STARTER_IDENTITY_ONLY,build_qb_pregame_features,00-0020531,00-0026143,0.04435817616543067,-0.03043397585273975,84.0,75.0,-0.07479215201817041
2018,3,REG,2018_03_NYG_HOU,NYG,HOU,2018-09-18T12:00:00.000000+0000,POSTGAME_ACTUAL_STARTER_IDENTITY_ONLY,build_qb_pregame_features,00-0022803,00-0033537,-0.09291960946266192,-0.04921830604237021,89.0,73.0,0.043701303420291715
2018,3,REG,2018_03_NYJ_CLE,NYJ,CLE,2018-09-18T12:00:00.000000+0000,POSTGAME_ACTUAL_STARTER_IDENTITY_ONLY,build_qb_pregame_features,00-0034869,00-0028118,-0.03561960854931879,-0.09434742151454958,67.0,80.0,-0.058727812965230795
2018,3,REG,2018_03_OAK_MIA,LV,MIA,2018-09-18T12:00:00.000000+0000,POSTGAME_ACTUAL_STARTER_IDENTITY_ONLY,build_qb_pregame_features,00-0031280,00-0029701,-0.04688239685537172,-0.050424738391978634,74.0,56.0,-0.003542341536606916
2018,3,REG,2018_03_PIT_TB,PIT,TB,2018-09-18T12:00:00.000000+0000,POSTGAME_ACTUAL_STARTER_IDENTITY_ONLY,build_qb_pregame_features,00-0022924,00-0023682,-0.009185895103085151,0.11626863438988652,106.0,63.0,0.12545452949297167
2018,3,REG,2018_03_SF_KC,SF,KC,2018-09-18T12:00:00.000000+0000,POSTGAME_ACTUAL_STARTER_IDENTITY_ONLY,build_qb_pregame_features,00-0031345,00-0033873,-0.07139774850763915,0.09400130262426314,68.0,57.0,0.16539905113190229
2018,3,REG,2018_03_TEN_JAX,TEN,JAX,2018-09-18T12:00:00.000000+0000,POSTGAME_ACTUAL_STARTER_IDENTITY_ONLY,build_qb_pregame_features,00-0027948,00-0031407,-0.06869035723032081,0.009171368708109084,43.0,79.0,0.0778617259384299
2018,4,REG,2018_04_BAL_PIT,BAL,PIT,2018-09-25T12:00:00.000000+0000,POSTGAME_ACTUAL_STARTER_IDENTITY_ONLY,build_qb_pregame_features,00-0026158,00-0022924,-0.01362398522036477,0.02285394237240093,136.0,147.0,0.036477927592765705
2018,4,REG,2018_04_BUF_GB,BUF,GB,2018-09-25T12:00:00.000000+0000,POSTGAME_ACTUAL_STARTER_IDENTITY_ONLY,build_qb_pregame_features,00-0034857,00-0023459,-0.04690712715181077,-0.016120600307732047,80.0,126.0,0.030786526844078725
2018,4,REG,2018_04_CIN_ATL,CIN,ATL,2018-09-25T12:00:00.000000+0000,POSTGAME_ACTUAL_STARTER_IDENTITY_ONLY,build_qb_pregame_features,00-0027973,00-0026143,0.008613385780017135,0.03203086491719163,120.0,113.0,0.023417479137174492
2018,4,REG,2018_04_CLE_OAK,CLE,LV,2018-09-25T12:00:00.000000+0000,POSTGAME_ACTUAL_STARTER_IDENTITY_ONLY,build_qb_pregame_features,00-0034855,00-0031280,-0.01179979219347696,-0.016766669178703616,24.0,116.0,-0.004966876985226656
2018,4,REG,2018_04_DET_DAL,DET,DAL,2018-09-25T12:00:00.000000+0000,POSTGAME_ACTUAL_STARTER_IDENTITY_ONLY,build_qb_pregame_features,00-0026498,00-0033077,-0.038917077058116444,-0.103755295478452,138.0,99.0,-0.06483821842033555
2018,4,REG,2018_04_HOU_IND,HOU,IND,2018-09-25T12:00:00.000000+0000,POSTGAME_ACTUAL_STARTER_IDENTITY_ONLY,build_qb_pregame_features,00-0033537,00-0029668,-0.006640436756973116,-0.044780694474744684,116.0,129.0,-0.03814025771777157
2018,4,REG,2018_04_KC_DEN,KC,DEN,2018-09-25T12:00:00.000000+0000,POSTGAME_ACTUAL_STARTER_IDENTITY_ONLY,build_qb_pregame_features,00-0033873,00-0028986,0.13707861954653616,-0.06613394962016833,97.0,113.0,-0.2032125691667045
2018,4,REG,2018_04_MIA_NE,MIA,NE,2018-09-25T12:00:00.000000+0000,POSTGAME_ACTUAL_STARTER_IDENTITY_ONLY,build_qb_pregame_features,00-0029701,00-0019596,-0.009907973661570282,-0.028060068412315196,80.0,106.0,-0.018152094750744915
2018,4,REG,2018_04_MIN_LA,MIN,LAR,2018-09-25T12:00:00.000000+0000,POSTGAME_ACTUAL_STARTER_IDENTITY_ONLY,build_qb_pregame_features,00-0029604,00-0033106,-0.04318064054299682,0.08451408006063346,148.0,105.0,0.1276947206036303
2018,4,REG,2018_04_NO_NYG,NO,NYG,2018-09-25T12:00:00.000000+0000,POSTGAME_ACTUAL_STARTER_IDENTITY_ONLY,build_qb_pregame_features,00-0020531,00-0022803,0.08863132300230436,-0.044455027860554885,134.0,122.0,-0.13308635086285925
2018,4,REG,2018_04_NYJ_JAX,NYJ,JAX,2018-09-25T12:00:00.000000+0000,POSTGAME_ACTUAL_STARTER_IDENTITY_ONLY,build_qb_pregame_features,00-0034869,00-0031407,-0.03810378528359137,-0.006404425294875525,100.0,116.0,0.03169935998871584
2018,4,REG,2018_04_PHI_TEN,PHI,TEN,2018-09-25T12:00:00.000000+0000,POSTGAME_ACTUAL_STARTER_IDENTITY_ONLY,build_qb_pregame_features,00-0032950,00-0032268,-0.06531704560249793,-0.0864093147106608,42.0,35.0,-0.021092269108162864
2018,4,REG,2018_04_SEA_ARI,SEA,ARI,2018-09-25T12:00:00.000000+0000,POSTGAME_ACTUAL_STARTER_IDENTITY_ONLY,build_qb_pregame_features,00-0029263,00-0034343,-0.030981573642202345,-0.05102530730208707,109.0,8.0,-0.020043733659884724
2018,4,REG,2018_04_SF_LAC,SF,LAC,2018-09-25T12:00:00.000000+0000,POSTGAME_ACTUAL_STARTER_IDENTITY_ONLY,build_qb_pregame_features,00-0033936,00-0022942,-0.05,0.08321378614133043,0.0,112.0,0.13321378614133045
2018,4,REG,2018_04_TB_CHI,TB,CHI,2018-09-25T12:00:00.000000+0000,POSTGAME_ACTUAL_STARTER_IDENTITY_ONLY,build_qb_pregame_features,00-0023682,00-0033869,0.11579288646128141,-0.06265556359423251,116.0,113.0,-0.1784484500555139
2018,5,REG,2018_05_ARI_SF,ARI,SF,2018-10-02T12:00:00.000000+0000,POSTGAME_ACTUAL_STARTER_IDENTITY_ONLY,build_qb_pregame_features,00-0034343,00-0033936,-0.029920821951815935,-0.0497726889972083,36.0,38.0,-0.019851867045392362
2018,5,REG,2018_05_ATL_PIT,ATL,PIT,2018-10-02T12:00:00.000000+0000,POSTGAME_ACTUAL_STARTER_IDENTITY_ONLY,build_qb_pregame_features,00-0026143,00-0022924,0.07043515404263248,0.0064704608752616695,155.0,195.0,-0.06396469316737081
2018,5,REG,2018_05_BAL_CLE,BAL,CLE,2018-10-02T12:00:00.000000+0000,POSTGAME_ACTUAL_STARTER_IDENTITY_ONLY,build_qb_pregame_features,00-0026158,00-0034855,0.014700705401513844,-0.03153848300212121,180.0,67.0,-0.046239188403635056
2018,5,REG,2018_05_DAL_HOU,DAL,HOU,2018-10-02T12:00:00.000000+0000,POSTGAME_ACTUAL_STARTER_IDENTITY_ONLY,build_qb_pregame_features,00-0033077,00-0033537,-0.07261365674425371,0.019445930646377063,129.0,165.0,0.09205958739063078
2018,5,REG,2018_05_DEN_NYJ,DEN,NYJ,2018-10-02T12:00:00.000000+0000,POSTGAME_ACTUAL_STARTER_IDENTITY_ONLY,build_qb_pregame_features,00-0028986,00-0034869,-0.07323319926379254,-0.05611595647772888,150.0,137.0,0.017117242786063663
2018,5,REG,2018_05_GB_DET,GB,DET,2018-10-02T12:00:00.000000+0000,POSTGAME_ACTUAL_STARTER_IDENTITY_ONLY,build_qb_pregame_features,00-0023459,00-0026498,-0.018553621745706794,0.0011132632362418071,168.0,171.0,0.0196668849819486
2018,5,REG,2018_05_IND_NE,IND,NE,2018-10-02T12:00:00.000000+0000,POSTGAME_ACTUAL_STARTER_IDENTITY_ONLY,build_qb_pregame_features,00-0029668,00-0019596,-0.012564144663003839,0.006184213528132115,195.0,141.0,0.018748358191135954
2018,5,REG,2018_05_JAX_KC,JAX,KC,2018-10-02T12:00:00.000000+0000,POSTGAME_ACTUAL_STARTER_IDENTITY_ONLY,build_qb_pregame_features,00-0031407,00-0033873,0.033213691852115784,0.14169163793155876,156.0,143.0,0.10847794607944297
2018,5,REG,2018_05_LA_SEA,LAR,SEA,2018-10-02T12:00:00.000000+0000,POSTGAME_ACTUAL_STARTER_IDENTITY_ONLY,build_qb_pregame_features,00-0033106,00-0029263,0.14842663920657004,-0.03220107846664444,139.0,137.0,-0.18062771767321448
2018,5,REG,2018_05_MIA_CIN,MIA,CIN,2018-10-02T12:00:00.000000+0000,POSTGAME_ACTUAL_STARTER_IDENTITY_ONLY,build_qb_pregame_features,00-0029701,00-0027973,-0.0438633788186057,0.04393502534546594,102.0,164.0,0.08779840416407164
2018,5,REG,2018_05_MIN_PHI,MIN,PHI,2018-10-02T12:00:00.000000+0000,POSTGAME_ACTUAL_STARTER_IDENTITY_ONLY,build_qb_pregame_features,00-0029604,00-0032950,-0.0043567903473253865,-0.04333692993198253,202.0,96.0,-0.03898013958465714
2018,5,REG,2018_05_NYG_CAR,NYG,CAR,2018-10-02T12:00:00.000000+0000,POSTGAME_ACTUAL_STARTER_IDENTITY_ONLY,build_qb_pregame_features,00-0022803,00-0027939,-0.025761589877470126,-0.01791436781629228,166.0,101.0,0.007847222061177845
2018,5,REG,2018_05_OAK_LAC,LV,LAC,2018-10-02T12:00:00.000000+0000,POSTGAME_ACTUAL_STARTER_IDENTITY_ONLY,build_qb_pregame_features,00-0031280,00-0022942,-0.0056380178075937475,0.07199132380816733,177.0,152.0,0.07762934161576109
2018,5,REG,2018_05_TEN_BUF,TEN,BUF,2018-10-02T12:00:00.000000+0000,POSTGAME_ACTUAL_STARTER_IDENTITY_ONLY,build_qb_pregame_features,00-0032268,00-0034857,-0.04514281350629705,-0.08829041802193394,81.0,120.0,-0.043147604515636886
2018,5,REG,2018_05_WAS_NO,WAS,NO,2018-10-02T12:00:00.000000+0000,POSTGAME_ACTUAL_STARTER_IDENTITY_ONLY,build_qb_pregame_features,00-0023436,00-0020531,0.018057337219706752,0.09402944492307407,102.0,167.0,0.07597210770336732
2018,6,REG,2018_06_ARI_MIN,ARI,MIN,2018-10-09T12:00:00.000000+0000,POSTGAME_ACTUAL_STARTER_IDENTITY_ONLY,build_qb_pregame_features,00-0034343,00-0029604,-0.04197086149085976,0.017830853332601218,62.0,240.0,0.05980171482346098
2018,6,REG,2018_06_BAL_TEN,BAL,TEN,2018-10-09T12:00:00.000000+0000,POSTGAME_ACTUAL_STARTER_IDENTITY_ONLY,build_qb_pregame_features,00-0026158,00-0032268,-0.00843648640292655,-0.05157101030000796,238.0,109.0,-0.04313452389708142
2018,6,REG,2018_06_BUF_HOU,BUF,HOU,2018-10-09T12:00:00.000000+0000,POSTGAME_ACTUAL_STARTER_IDENTITY_ONLY,build_qb_pregame_features,00-0034857,00-0033537,-0.10604568274111742,0.026269410845646126,140.0,210.0,0.13231509358676355
2018,6,REG,2018_06_CAR_WAS,CAR,WAS,2018-10-09T12:00:00.000000+0000,POSTGAME_ACTUAL_STARTER_IDENTITY_ONLY,build_qb_pregame_features,00-0027939,00-0023436,-0.02199468223193409,-0.009587592067725758,137.0,144.0,0.012407090164208334
2018,6,REG,2018_06_CHI_MIA,CHI,MIA,2018-10-09T12:00:00.000000+0000,POSTGAME_ACTUAL_STARTER_IDENTITY_ONLY,build_qb_pregame_features,00-0033869,00-0029682,0.003823079281791847,-0.02227287403736994,140.0,5.0,-0.026095953319161785
2018,6,REG,2018_06_IND_NYJ,IND,NYJ,2018-10-09T12:00:00.000000+0000,POSTGAME_ACTUAL_STARTER_IDENTITY_ONLY,build_qb_pregame_features,00-0029668,00-0034869,-0.00004523113642244253,-0.04304284959001762,255.0,160.0,-0.04299761845359518
2018,6,REG,2018_06_JAX_DAL,JAX,DAL,2018-10-09T12:00:00.000000+0000,POSTGAME_ACTUAL_STARTER_IDENTITY_ONLY,build_qb_pregame_features,00-0031407,00-0033077,-0.014081246320862897,-0.07781987696556827,222.0,160.0,-0.06373863064470538
2018,6,REG,2018_06_KC_NE,KC,NE,2018-10-09T12:00:00.000000+0000,POSTGAME_ACTUAL_STARTER_IDENTITY_ONLY,build_qb_pregame_features,00-0033873,00-0019596,0.15223156111785952,0.02867346204590457,182.0,185.0,-0.12355809907195495
2018,6,REG,2018_06_LAC_CLE,LAC,CLE,2018-10-09T12:00:00.000000+0000,POSTGAME_ACTUAL_STARTER_IDENTITY_ONLY,build_qb_pregame_features,00-0022942,00-0034855,0.11176047114518453,-0.03654403598918292,180.0,115.0,-0.14830450713436744
2018,6,REG,2018_06_LA_DEN,LAR,DEN,2018-10-09T12:00:00.000000+0000,POSTGAME_ACTUAL_STARTER_IDENTITY_ONLY,build_qb_pregame_features,00-0033106,00-0028986,0.16097382751280892,-0.06778103191122567,172.0,205.0,-0.2287548594240346
2018,6,REG,2018_06_PHI_NYG,PHI,NYG,2018-10-09T12:00:00.000000+0000,POSTGAME_ACTUAL_STARTER_IDENTITY_ONLY,build_qb_pregame_features,00-0032950,00-0022803,-0.04113058384457022,-0.015990091531467264,134.0,203.0,0.025140492313102954
2018,6,REG,2018_06_PIT_CIN,PIT,CIN,2018-10-09T12:00:00.000000+0000,POSTGAME_ACTUAL_STARTER_IDENTITY_ONLY,build_qb_pregame_features,00-0022924,00-0027973,0.028726372145849857,0.04431965082400852,224.0,196.0,0.015593278678158667
2018,6,REG,2018_06_SEA_OAK,SEA,LV,2018-10-09T12:00:00.000000+0000,POSTGAME_ACTUAL_STARTER_IDENTITY_ONLY,build_qb_pregame_features,00-0029263,00-0031280,-0.009715186804291218,-0.0046086370338661795,160.0,213.0,0.005106549770425038
2018,6,REG,2018_06_SF_GB,SF,GB,2018-10-09T12:00:00.000000+0000,POSTGAME_ACTUAL_STARTER_IDENTITY_ONLY,build_qb_pregame_features,00-0033936,00-0023459,-0.05903231598394728,0.005117841938718771,96.0,224.0,0.06415015792266605
2018,6,REG,2018_06_TB_ATL,TB,ATL,2018-10-09T12:00:00.000000+0000,POSTGAME_ACTUAL_STARTER_IDENTITY_ONLY,build_qb_pregame_features,00-0031503,00-0026143,-0.03893921580653542,0.061419280271913124,22.0,199.0,0.10035849607844854
2018,7,REG,2018_07_BUF_IND,BUF,IND,2018-10-16T12:00:00.000000+0000,POSTGAME_ACTUAL_STARTER_IDENTITY_ONLY,build_qb_pregame_features,00-0023645,00-0029668,-0.05,-0.008611280949125912,0.0,298.0,0.04138871905087409
2018,7,REG,2018_07_CAR_PHI,CAR,PHI,2018-10-16T12:00:00.000000+0000,POSTGAME_ACTUAL_STARTER_IDENTITY_ONLY,build_qb_pregame_features,00-0027939,00-0032950,0.00034318056151516965,0.010075694433555153,178.0,171.0,0.009732513872039984
2018,7,REG,2018_07_CIN_KC,CIN,KC,2018-10-16T12:00:00.000000+0000,POSTGAME_ACTUAL_STARTER_IDENTITY_ONLY,build_qb_pregame_features,00-0027973,00-0033873,0.0497789955673069,0.15781355735947472,241.0,218.0,0.10803456179216782
2018,7,REG,2018_07_CLE_TB,CLE,TB,2018-10-16T12:00:00.000000+0000,POSTGAME_ACTUAL_STARTER_IDENTITY_ONLY,build_qb_pregame_features,00-0034855,00-0031503,-0.08427457785303824,0.00932181658032915,166.0,65.0,0.0935963944333674
2018,7,REG,2018_07_DAL_WAS,DAL,WAS,2018-10-16T12:00:00.000000+0000,POSTGAME_ACTUAL_STARTER_IDENTITY_ONLY,build_qb_pregame_features,00-0033077,00-0023436,-0.06808094034588676,-0.02673986860626634,190.0,183.0,0.041341071739620414
2018,7,REG,2018_07_DEN_ARI,DEN,ARI,2018-10-16T12:00:00.000000+0000,POSTGAME_ACTUAL_STARTER_IDENTITY_ONLY,build_qb_pregame_features,00-0028986,00-0034343,-0.06217922340967126,-0.07040418427559278,248.0,97.0,-0.008224960865921518
2018,7,REG,2018_07_DET_MIA,DET,MIA,2018-10-16T12:00:00.000000+0000,POSTGAME_ACTUAL_STARTER_IDENTITY_ONLY,build_qb_pregame_features,00-0026498,00-0029682,0.016174526270379064,0.013460769365600034,200.0,49.0,-0.0027137569047790307
2018,7,REG,2018_07_HOU_JAX,HOU,JAX,2018-10-16T12:00:00.000000+0000,POSTGAME_ACTUAL_STARTER_IDENTITY_ONLY,build_qb_pregame_features,00-0033537,00-0031407,-0.005847804690647263,-0.039594661254981685,242.0,251.0,-0.03374685656433442
2018,7,REG,2018_07_LA_SF,LAR,SF,2018-10-16T12:00:00.000000+0000,POSTGAME_ACTUAL_STARTER_IDENTITY_ONLY,build_qb_pregame_features,00-0033106,00-0033936,0.1432732516327976,-0.029855458550993114,205.0,121.0,-0.17312871018379072
2018,7,REG,2018_07_MIN_NYJ,MIN,NYJ,2018-10-16T12:00:00.000000+0000,POSTGAME_ACTUAL_STARTER_IDENTITY_ONLY,build_qb_pregame_features,00-0029604,00-0034869,-0.004796435845896275,-0.009179659785254816,278.0,192.0,-0.004383223939358541
2018,7,REG,2018_07_NE_CHI,NE,CHI,2018-10-16T12:00:00.000000+0000,POSTGAME_ACTUAL_STARTER_IDENTITY_ONLY,build_qb_pregame_features,00-0019596,00-0033869,0.031004487964374924,0.03438826486725893,222.0,173.0,0.0033837769028840087
2018,7,REG,2018_07_NO_BAL,NO,BAL,2018-10-16T12:00:00.000000+0000,POSTGAME_ACTUAL_STARTER_IDENTITY_ONLY,build_qb_pregame_features,00-0020531,00-0026158,0.14146332690603577,0.012324158732004188,198.0,275.0,-0.1291391681740316
2018,7,REG,2018_07_NYG_ATL,NYG,ATL,2018-10-16T12:00:00.000000+0000,POSTGAME_ACTUAL_STARTER_IDENTITY_ONLY,build_qb_pregame_features,00-0022803,00-0026143,-0.04520085826447899,0.09048877304203805,250.0,241.0,0.13568963130651704
2018,7,REG,2018_07_TEN_LAC,TEN,LAC,2018-10-16T12:00:00.000000+0000,POSTGAME_ACTUAL_STARTER_IDENTITY_ONLY,build_qb_pregame_features,00-0032268,00-0022942,-0.0694675619328686,0.11677797281396754,135.0,201.0,0.18624553474683614
2018,8,REG,2018_08_BAL_CAR,BAL,CAR,2018-10-23T12:00:00.000000+0000,POSTGAME_ACTUAL_STARTER_IDENTITY_ONLY,build_qb_pregame_features,00-0026158,00-0027939,0.02532826024379863,0.01661151461943255,315.0,219.0,-0.008716745624366078
2018,8,REG,2018_08_CLE_PIT,CLE,PIT,2018-10-23T12:00:00.000000+0000,POSTGAME_ACTUAL_STARTER_IDENTITY_ONLY,build_qb_pregame_features,00-0034855,00-0022924,-0.08222586421164012,0.06581980675690464,205.0,270.0,0.14804567096854476
2018,8,REG,2018_08_DEN_KC,DEN,KC,2018-10-23T12:00:00.000000+0000,POSTGAME_ACTUAL_STARTER_IDENTITY_ONLY,build_qb_pregame_features,00-0028986,00-0033873,-0.060940874415049535,0.18578808372920938,271.0,259.0,0.2467289581442589
2018,8,REG,2018_08_GB_LA,GB,LAR,2018-10-23T12:00:00.000000+0000,POSTGAME_ACTUAL_STARTER_IDENTITY_ONLY,build_qb_pregame_features,00-0023459,00-0033106,0.015603768584126713,0.15432477301739503,273.0,230.0,0.13872100443326832
2018,8,REG,2018_08_IND_OAK,IND,LV,2018-10-23T12:00:00.000000+0000,POSTGAME_ACTUAL_STARTER_IDENTITY_ONLY,build_qb_pregame_features,00-0029668,00-0031280,0.008489099019846343,-0.028961269996409817,321.0,250.0,-0.03745036901625616
2018,8,REG,2018_08_MIA_HOU,MIA,HOU,2018-10-23T12:00:00.000000+0000,POSTGAME_ACTUAL_STARTER_IDENTITY_ONLY,build_qb_pregame_features,00-0029682,00-0033537,0.03196067101406319,-0.00016919471067985623,84.0,267.0,-0.03212986572474305
2018,8,REG,2018_08_NE_BUF,NE,BUF,2018-10-23T12:00:00.000000+0000,POSTGAME_ACTUAL_STARTER_IDENTITY_ONLY,build_qb_pregame_features,00-0019596,00-0023645,0.05780194521965201,-0.12466465397054834,259.0,33.0,-0.18246659919020036
2018,8,REG,2018_08_NO_MIN,NO,MIN,2018-10-23T12:00:00.000000+0000,POSTGAME_ACTUAL_STARTER_IDENTITY_ONLY,build_qb_pregame_features,00-0020531,00-0029604,0.1471310900428455,-0.00048617857530073444,229.0,319.0,-0.14761726861814622
2018,8,REG,2018_08_NYJ_CHI,NYJ,CHI,2018-10-23T12:00:00.000000+0000,POSTGAME_ACTUAL_STARTER_IDENTITY_ONLY,build_qb_pregame_features,00-0034869,00-0033869,-0.06584378378622885,0.01771291849438606,237.0,225.0,0.0835567022806149
2018,8,REG,2018_08_PHI_JAX,PHI,JAX,2018-10-23T12:00:00.000000+0000,POSTGAME_ACTUAL_STARTER_IDENTITY_ONLY,build_qb_pregame_features,00-0032950,00-0031407,0.023149793147400115,-0.04267854111514227,212.0,263.0,-0.06582833426254239
2018,8,REG,2018_08_SEA_DET,SEA,DET,2018-10-23T12:00:00.000000+0000,POSTGAME_ACTUAL_STARTER_IDENTITY_ONLY,build_qb_pregame_features,00-0029263,00-0026498,0.020217332671130937,0.04525869031915856,184.0,223.0,0.02504135764802762
2018,8,REG,2018_08_SF_ARI,SF,ARI,2018-10-23T12:00:00.000000+0000,POSTGAME_ACTUAL_STARTER_IDENTITY_ONLY,build_qb_pregame_features,00-0033936,00-0034343,-0.0776672393274363,-0.15763363264511893,155.0,142.0,-0.07996639331768263
2018,8,REG,2018_08_TB_CIN,TB,CIN,2018-10-23T12:00:00.000000+0000,POSTGAME_ACTUAL_STARTER_IDENTITY_ONLY,build_qb_pregame_features,00-0031503,00-0027973,-0.007226495912386468,0.02576894410448494,121.0,272.0,0.03299544001687141
2018,8,REG,2018_08_WAS_NYG,WAS,NYG,2018-10-23T12:00:00.000000+0000,POSTGAME_ACTUAL_STARTER_IDENTITY_ONLY,build_qb_pregame_features,00-0023436,00-0022803,-0.01018943157596932,-0.02188858302082009,209.0,292.0,-0.011699151444850769
2018,9,REG,2018_09_ATL_WAS,ATL,WAS,2018-10-30T12:00:00.000000+0000,POSTGAME_ACTUAL_STARTER_IDENTITY_ONLY,build_qb_pregame_features,00-0026143,00-0023436,0.11606140549354135,0.0004366901317712328,283.0,241.0,-0.11562471536177012
2018,9,REG,2018_09_CHI_BUF,CHI,BUF,2018-10-30T12:00:00.000000+0000,POSTGAME_ACTUAL_STARTER_IDENTITY_ONLY,build_qb_pregame_features,00-0033869,00-0033958,0.031355456569516056,-0.145273924695483,256.0,35.0,-0.17662938126499905
2018,9,REG,2018_09_DET_MIN,DET,MIN,2018-10-30T12:00:00.000000+0000,POSTGAME_ACTUAL_STARTER_IDENTITY_ONLY,build_qb_pregame_features,00-0026498,00-0029604,0.045310667748193034,0.004233382177207621,266.0,364.0,-0.04107728557098542
2018,9,REG,2018_09_GB_NE,GB,NE,2018-10-30T12:00:00.000000+0000,POSTGAME_ACTUAL_STARTER_IDENTITY_ONLY,build_qb_pregame_features,00-0023459,00-0019596,0.025960943482897687,0.06651348985680616,306.0,306.0,0.040552546373908475
2018,9,REG,2018_09_HOU_DEN,HOU,DEN,2018-10-30T12:00:00.000000+0000,POSTGAME_ACTUAL_STARTER_IDENTITY_ONLY,build_qb_pregame_features,00-0033537,00-0028986,0.031389850552517154,-0.05602289890575593,287.0,310.0,-0.08741274945827308
2018,9,REG,2018_09_KC_CLE,KC,CLE,2018-10-30T12:00:00.000000+0000,POSTGAME_ACTUAL_STARTER_IDENTITY_ONLY,build_qb_pregame_features,00-0033873,00-0034855,0.19621349047295505,-0.08767727678837733,295.0,243.0,-0.2838907672613324
2018,9,REG,2018_09_LAC_SEA,LAC,SEA,2018-10-30T12:00:00.000000+0000,POSTGAME_ACTUAL_STARTER_IDENTITY_ONLY,build_qb_pregame_features,00-0022942,00-0029263,0.1425579289662622,0.05424023238379819,229.0,203.0,-0.08831769658246402
2018,9,REG,2018_09_LA_NO,LAR,NO,2018-10-30T12:00:00.000000+0000,POSTGAME_ACTUAL_STARTER_IDENTITY_ONLY,build_qb_pregame_features,00-0033106,00-0020531,0.15907853005118636,0.14198994974372153,270.0,252.0,-0.017088580307464823
2018,9,REG,2018_09_NYJ_MIA,NYJ,MIA,2018-10-30T12:00:00.000000+0000,POSTGAME_ACTUAL_STARTER_IDENTITY_ONLY,build_qb_pregame_features,00-0034869,00-0029682,-0.059220386788308904,0.0056592263091009495,267.0,123.0,0.06487961309740986
2018,9,REG,2018_09_OAK_SF,LV,SF,2018-10-30T12:00:00.000000+0000,POSTGAME_ACTUAL_STARTER_IDENTITY_ONLY,build_qb_pregame_features,00-0031280,00-0033319,-0.0018763465479870525,-0.05,278.0,0.0,-0.04812365345201295
2018,9,REG,2018_09_PIT_BAL,PIT,BAL,2018-10-30T12:00:00.000000+0000,POSTGAME_ACTUAL_STARTER_IDENTITY_ONLY,build_qb_pregame_features,00-0022924,00-0026158,0.07573945066432299,0.013084502975556599,307.0,356.0,-0.0626549476887664
2018,9,REG,2018_09_TB_CAR,TB,CAR,2018-10-30T12:00:00.000000+0000,POSTGAME_ACTUAL_STARTER_IDENTITY_ONLY,build_qb_pregame_features,00-0023682,00-0027939,0.12644606587944396,0.03616057996245095,152.0,248.0,-0.09028548591699301
2018,9,REG,2018_09_TEN_DAL,TEN,DAL,2018-10-30T12:00:00.000000+0000,POSTGAME_ACTUAL_STARTER_IDENTITY_ONLY,build_qb_pregame_features,00-0032268,00-0033077,-0.03947782244365314,-0.06355115053700446,169.0,229.0,-0.024073328093351318
2018,10,REG,2018_10_ARI_KC,ARI,KC,2018-11-06T12:00:00.000000+0000,POSTGAME_ACTUAL_STARTER_IDENTITY_ONLY,build_qb_pregame_features,00-0034343,00-0033873,-0.141351942336342,0.2250363566563024,185.0,329.0,0.36638829899264436
2018,10,REG,2018_10_ATL_CLE,ATL,CLE,2018-11-06T12:00:00.000000+0000,POSTGAME_ACTUAL_STARTER_IDENTITY_ONLY,build_qb_pregame_features,00-0026143,00-0034855,0.14127053461689462,-0.0808534544155731,323.0,287.0,-0.22212398903246772
2018,10,REG,2018_10_BUF_NYJ,BUF,NYJ,2018-11-06T12:00:00.000000+0000,POSTGAME_ACTUAL_STARTER_IDENTITY_ONLY,build_qb_pregame_features,00-0030533,00-0021206,-0.05,-0.05,0.0,0.0,0.0
2018,10,REG,2018_10_CAR_PIT,CAR,PIT,2018-11-06T12:00:00.000000+0000,POSTGAME_ACTUAL_STARTER_IDENTITY_ONLY,build_qb_pregame_features,00-0027939,00-0022924,0.05035736660652837,0.09750577614088449,275.0,355.0,0.04714840953435612
2018,10,REG,2018_10_DAL_PHI,DAL,PHI,2018-11-06T12:00:00.000000+0000,POSTGAME_ACTUAL_STARTER_IDENTITY_ONLY,build_qb_pregame_features,00-0033077,00-0032950,-0.06951805748092493,0.03687853701122852,265.0,246.0,0.10639659449215345
2018,10,REG,2018_10_DET_CHI,DET,CHI,2018-11-06T12:00:00.000000+0000,POSTGAME_ACTUAL_STARTER_IDENTITY_ONLY,build_qb_pregame_features,00-0026498,00-0033869,0.02986331552216356,0.02558919045168106,312.0,277.0,-0.004274125070482502
2018,10,REG,2018_10_JAX_IND,JAX,IND,2018-11-06T12:00:00.000000+0000,POSTGAME_ACTUAL_STARTER_IDENTITY_ONLY,build_qb_pregame_features,00-0031407,00-0029668,-0.04239580433960713,0.03818242465114181,308.0,352.0,0.08057822899074893
2018,10,REG,2018_10_LAC_OAK,LAC,LV,2018-11-06T12:00:00.000000+0000,POSTGAME_ACTUAL_STARTER_IDENTITY_ONLY,build_qb_pregame_features,00-0022942,00-0031280,0.14780816231110766,-0.005519124173704822,257.0,306.0,-0.15332728648481248
2018,10,REG,2018_10_MIA_GB,MIA,GB,2018-11-06T12:00:00.000000+0000,POSTGAME_ACTUAL_STARTER_IDENTITY_ONLY,build_qb_pregame_features,00-0029682,00-0023459,-0.011598943663949087,0.03306898691915271,151.0,350.0,0.0446679305831018
2018,10,REG,2018_10_NE_TEN,NE,TEN,2018-11-06T12:00:00.000000+0000,POSTGAME_ACTUAL_STARTER_IDENTITY_ONLY,build_qb_pregame_features,00-0019596,00-0032268,0.06288372518657692,-0.017378896239957732,343.0,202.0,-0.08026262142653465
2018,10,REG,2018_10_NO_CIN,NO,CIN,2018-11-06T12:00:00.000000+0000,POSTGAME_ACTUAL_STARTER_IDENTITY_ONLY,build_qb_pregame_features,00-0020531,00-0027973,0.1755226777629169,0.04166423743554831,288.0,308.0,-0.1338584403273686
2018,10,REG,2018_10_NYG_SF,NYG,SF,2018-11-06T12:00:00.000000+0000,POSTGAME_ACTUAL_STARTER_IDENTITY_ONLY,build_qb_pregame_features,00-0022803,00-0033319,-0.033748870616696,0.02247750029074988,346.0,22.0,0.05622637090744588
2018,10,REG,2018_10_SEA_LA,SEA,LAR,2018-11-06T12:00:00.000000+0000,POSTGAME_ACTUAL_STARTER_IDENTITY_ONLY,build_qb_pregame_features,00-0029263,00-0033106,0.027728329760283475,0.17614734192408188,246.0,310.0,0.1484190121637984
2018,10,REG,2018_10_WAS_TB,WAS,TB,2018-11-06T12:00:00.000000+0000,POSTGAME_ACTUAL_STARTER_IDENTITY_ONLY,build_qb_pregame_features,00-0023436,00-0023682,-0.0030360553546477306,0.12931188597436588,290.0,195.0,0.13234794132901362
2018,11,REG,2018_11_CAR_DET,CAR,DET,2018-11-13T12:00:00.000000+0000,POSTGAME_ACTUAL_STARTER_IDENTITY_ONLY,build_qb_pregame_features,00-0027939,00-0026498,0.04064147501724698,0.02033262632243351,309.0,360.0,-0.020308848694813468
2018,11,REG,2018_11_CIN_BAL,CIN,BAL,2018-11-13T12:00:00.000000+0000,POSTGAME_ACTUAL_STARTER_IDENTITY_ONLY,build_qb_pregame_features,00-0027973,00-0034796,0.01825525249131307,-0.040733950103821706,332.0,13.0,-0.05898920259513478
2018,11,REG,2018_11_DAL_ATL,DAL,ATL,2018-11-13T12:00:00.000000+0000,POSTGAME_ACTUAL_STARTER_IDENTITY_ONLY,build_qb_pregame_features,00-0033077,00-0026143,-0.05141945630330967,0.14227667101112543,305.0,377.0,0.19369612731443508
2018,11,REG,2018_11_DEN_LAC,DEN,LAC,2018-11-13T12:00:00.000000+0000,POSTGAME_ACTUAL_STARTER_IDENTITY_ONLY,build_qb_pregame_features,00-0028986,00-0022942,-0.04068543866738844,0.1536677325298915,354.0,284.0,0.19435317119727993
2018,11,REG,2018_11_GB_SEA,GB,SEA,2018-11-13T12:00:00.000000+0000,POSTGAME_ACTUAL_STARTER_IDENTITY_ONLY,build_qb_pregame_features,00-0023459,00-0029263,0.03377231497070157,0.03339664586590084,380.0,276.0,-0.0003756691048007327
2018,11,REG,2018_11_HOU_WAS,HOU,WAS,2018-11-13T12:00:00.000000+0000,POSTGAME_ACTUAL_STARTER_IDENTITY_ONLY,build_qb_pregame_features,00-0033537,00-0023436,0.04222564238045369,0.001045248799493418,315.0,320.0,-0.041180393580960276
2018,11,REG,2018_11_KC_LA,KC,LAR,2018-11-13T12:00:00.000000+0000,POSTGAME_ACTUAL_STARTER_IDENTITY_ONLY,build_qb_pregame_features,00-0033873,00-0033106,0.2239706672484074,0.18444542571254927,362.0,351.0,-0.039525241535858124
2018,11,REG,2018_11_MIN_CHI,MIN,CHI,2018-11-13T12:00:00.000000+0000,POSTGAME_ACTUAL_STARTER_IDENTITY_ONLY,build_qb_pregame_features,00-0029604,00-0033869,0.007135600335870223,0.05513427494146772,387.0,308.0,0.047998674605597494
2018,11,REG,2018_11_OAK_ARI,LV,ARI,2018-11-13T12:00:00.000000+0000,POSTGAME_ACTUAL_STARTER_IDENTITY_ONLY,build_qb_pregame_features,00-0031280,00-0034343,-0.024264265782067064,-0.1513225440132514,347.0,229.0,-0.12705827823118435
2018,11,REG,2018_11_PHI_NO,PHI,NO,2018-11-13T12:00:00.000000+0000,POSTGAME_ACTUAL_STARTER_IDENTITY_ONLY,build_qb_pregame_features,00-0032950,00-0020531,0.03258463003214404,0.21021181934960373,292.0,313.0,0.1776271893174597
2018,11,REG,2018_11_PIT_JAX,PIT,JAX,2018-11-13T12:00:00.000000+0000,POSTGAME_ACTUAL_STARTER_IDENTITY_ONLY,build_qb_pregame_features,00-0022924,00-0031407,0.13706544010361532,-0.007226522149893328,381.0,346.0,-0.14429196225350865
2018,11,REG,2018_11_TB_NYG,TB,NYG,2018-11-13T12:00:00.000000+0000,POSTGAME_ACTUAL_STARTER_IDENTITY_ONLY,build_qb_pregame_features,00-0023682,00-0022803,0.11885568350610821,-0.02265644824002657,238.0,378.0,-0.14151213174613478
2018,11,REG,2018_11_TEN_IND,TEN,IND,2018-11-13T12:00:00.000000+0000,POSTGAME_ACTUAL_STARTER_IDENTITY_ONLY,build_qb_pregame_features,00-0032268,00-0029668,0.003745416490500586,0.05844421592680212,228.0,381.0,0.054698799436301536
2018,12,REG,2018_12_ARI_LAC,ARI,LAC,2018-11-20T12:00:00.000000+0000,POSTGAME_ACTUAL_STARTER_IDENTITY_ONLY,build_qb_pregame_features,00-0034343,00-0022942,-0.16059316891819508,0.16572917543809385,250.0,330.0,0.32632234435628893
2018,12,REG,2018_12_ATL_NO,ATL,NO,2018-11-20T12:00:00.000000+0000,POSTGAME_ACTUAL_STARTER_IDENTITY_ONLY,build_qb_pregame_features,00-0026143,00-0020531,0.13553110634329252,0.2483003253028765,414.0,343.0,0.11276921895958397
2018,12,REG,2018_12_CHI_DET,CHI,DET,2018-11-20T12:00:00.000000+0000,POSTGAME_ACTUAL_STARTER_IDENTITY_ONLY,build_qb_pregame_features,00-0026544,00-0026498,-0.05,0.023814837434071895,0.0,398.0,0.0738148374340719
2018,12,REG,2018_12_CLE_CIN,CLE,CIN,2018-11-20T12:00:00.000000+0000,POSTGAME_ACTUAL_STARTER_IDENTITY_ONLY,build_qb_pregame_features,00-0034855,00-0027973,-0.04093816959641795,0.023184185863352018,307.0,369.0,0.06412235545976996
2018,12,REG,2018_12_GB_MIN,GB,MIN,2018-11-20T12:00:00.000000+0000,POSTGAME_ACTUAL_STARTER_IDENTITY_ONLY,build_qb_pregame_features,00-0023459,00-0029604,0.04487297364441063,0.005673463087629973,415.0,435.0,-0.039199510556780656
2018,12,REG,2018_12_JAX_BUF,JAX,BUF,2018-11-20T12:00:00.000000+0000,POSTGAME_ACTUAL_STARTER_IDENTITY_ONLY,build_qb_pregame_features,00-0031407,00-0034857,-0.015692424749399074,-0.11556546733102059,370.0,159.0,-0.09987304258162152
2018,12,REG,2018_12_MIA_IND,MIA,IND,2018-11-20T12:00:00.000000+0000,POSTGAME_ACTUAL_STARTER_IDENTITY_ONLY,build_qb_pregame_features,00-0029701,00-0029668,-0.07725743942057996,0.08913189353380367,140.0,410.0,0.16638933295438363
2018,12,REG,2018_12_NE_NYJ,NE,NYJ,2018-11-20T12:00:00.000000+0000,POSTGAME_ACTUAL_STARTER_IDENTITY_ONLY,build_qb_pregame_features,00-0019596,00-0021206,0.05284390793946647,-0.11734752306502286,387.0,37.0,-0.17019143100448933
2018,12,REG,2018_12_NYG_PHI,NYG,PHI,2018-11-20T12:00:00.000000+0000,POSTGAME_ACTUAL_STARTER_IDENTITY_ONLY,build_qb_pregame_features,00-0022803,00-0032950,-0.008388304017678101,-0.0032300830735862117,400.0,328.0,0.0051582209440918896
2018,12,REG,2018_12_OAK_BAL,LV,BAL,2018-11-20T12:00:00.000000+0000,POSTGAME_ACTUAL_STARTER_IDENTITY_ONLY,build_qb_pregame_features,00-0031280,00-0034796,-0.0225397992534751,-0.05293201557036302,382.0,35.0,-0.03039221631688792
2018,12,REG,2018_12_PIT_DEN,PIT,DEN,2018-11-20T12:00:00.000000+0000,POSTGAME_ACTUAL_STARTER_IDENTITY_ONLY,build_qb_pregame_features,00-0022924,00-0028986,0.11493719181648378,-0.03930373447943915,430.0,386.0,-0.15424092629592293
2018,12,REG,2018_12_SEA_CAR,SEA,CAR,2018-11-20T12:00:00.000000+0000,POSTGAME_ACTUAL_STARTER_IDENTITY_ONLY,build_qb_pregame_features,00-0029263,00-0027939,0.040249300920887354,0.05941549912203978,310.0,349.0,0.019166198201152423
2018,12,REG,2018_12_SF_TB,SF,TB,2018-11-20T12:00:00.000000+0000,POSTGAME_ACTUAL_STARTER_IDENTITY_ONLY,build_qb_pregame_features,00-0033319,00-0031503,0.018811114850893457,0.009138825204326368,61.0,177.0,-0.009672289646567089
2018,12,REG,2018_12_TEN_HOU,TEN,HOU,2018-11-20T12:00:00.000000+0000,POSTGAME_ACTUAL_STARTER_IDENTITY_ONLY,build_qb_pregame_features,00-0032268,00-0033537,-0.0038528828033777135,0.03730010528179642,245.0,342.0,0.04115298808517413
2018,12,REG,2018_12_WAS_DAL,WAS,DAL,2018-11-20T12:00:00.000000+0000,POSTGAME_ACTUAL_STARTER_IDENTITY_ONLY,build_qb_pregame_features,00-0027688,00-0033077,-0.05103458219467992,-0.04304740884843111,14.0,339.0,0.007987173346248808
2018,13,REG,2018_13_ARI_GB,ARI,GB,2018-11-27T12:00:00.000000+0000,POSTGAME_ACTUAL_STARTER_IDENTITY_ONLY,build_qb_pregame_features,00-0034343,00-0023459,-0.17304102113256328,0.037429630874211445,271.0,447.0,0.21047065200677473
2018,13,REG,2018_13_BAL_ATL,BAL,ATL,2018-11-27T12:00:00.000000+0000,POSTGAME_ACTUAL_STARTER_IDENTITY_ONLY,build_qb_pregame_features,00-0034796,00-0026143,-0.04910286899416578,0.13243736369027836,61.0,467.0,0.18154023268444414
2018,13,REG,2018_13_BUF_MIA,BUF,MIA,2018-11-27T12:00:00.000000+0000,POSTGAME_ACTUAL_STARTER_IDENTITY_ONLY,build_qb_pregame_features,00-0034857,00-0029701,-0.09704484180273298,-0.05761047500104975,178.0,166.0,0.03943436680168323
2018,13,REG,2018_13_CAR_TB,CAR,TB,2018-11-27T12:00:00.000000+0000,POSTGAME_ACTUAL_STARTER_IDENTITY_ONLY,build_qb_pregame_features,00-0027939,00-0031503,0.07044082626465085,0.04458558378276377,379.0,216.0,-0.025855242481887086
2018,13,REG,2018_13_CHI_NYG,CHI,NYG,2018-11-27T12:00:00.000000+0000,POSTGAME_ACTUAL_STARTER_IDENTITY_ONLY,build_qb_pregame_features,00-0026544,00-0022803,-0.03851341626615882,0.004375809082302607,41.0,439.0,0.04288922534846143
2018,13,REG,2018_13_CLE_HOU,CLE,HOU,2018-11-27T12:00:00.000000+0000,POSTGAME_ACTUAL_STARTER_IDENTITY_ONLY,build_qb_pregame_features,00-0034855,00-0033537,0.0021186996298587744,0.048297852620887996,333.0,370.0,0.04617915299102922
2018,13,REG,2018_13_DEN_CIN,DEN,CIN,2018-11-27T12:00:00.000000+0000,POSTGAME_ACTUAL_STARTER_IDENTITY_ONLY,build_qb_pregame_features,00-0028986,00-0032436,-0.033145253723018804,-0.021066865699747004,416.0,37.0,0.0120783880232718
2018,13,REG,2018_13_IND_JAX,IND,JAX,2018-11-27T12:00:00.000000+0000,POSTGAME_ACTUAL_STARTER_IDENTITY_ONLY,build_qb_pregame_features,00-0029668,00-0033104,0.10094709543016148,-0.060517640960645463,448.0,34.0,-0.16146473639080694
2018,13,REG,2018_13_KC_OAK,KC,LV,2018-11-27T12:00:00.000000+0000,POSTGAME_ACTUAL_STARTER_IDENTITY_ONLY,build_qb_pregame_features,00-0033873,00-0031280,0.22173374424458264,-0.027148423579350496,411.0,419.0,-0.24888216782393313
2018,13,REG,2018_13_LAC_PIT,LAC,PIT,2018-11-27T12:00:00.000000+0000,POSTGAME_ACTUAL_STARTER_IDENTITY_ONLY,build_qb_pregame_features,00-0022942,00-0022924,0.17853113418183686,0.12120039800131731,363.0,488.0,-0.05733073618051955
2018,13,REG,2018_13_LA_DET,LAR,DET,2018-11-27T12:00:00.000000+0000,POSTGAME_ACTUAL_STARTER_IDENTITY_ONLY,build_qb_pregame_features,00-0033106,00-0026498,0.18396431422981477,0.004155386789773681,405.0,438.0,-0.1798089274400411
2018,13,REG,2018_13_MIN_NE,MIN,NE,2018-11-27T12:00:00.000000+0000,POSTGAME_ACTUAL_STARTER_IDENTITY_ONLY,build_qb_pregame_features,00-0029604,00-0019596,0.022401872159904777,0.07389488551520773,475.0,418.0,0.05149301335530296
2018,13,REG,2018_13_NO_DAL,NO,DAL,2018-11-27T12:00:00.000000+0000,POSTGAME_ACTUAL_STARTER_IDENTITY_ONLY,build_qb_pregame_features,00-0020531,00-0033077,0.24714961233183064,-0.028238015613335474,366.0,374.0,-0.27538762794516614
2018,13,REG,2018_13_NYJ_TEN,NYJ,TEN,2018-11-27T12:00:00.000000+0000,POSTGAME_ACTUAL_STARTER_IDENTITY_ONLY,build_qb_pregame_features,00-0021206,00-0032268,-0.11013629935277212,0.011425004043699671,84.0,274.0,0.1215613033964718
2018,13,REG,2018_13_SF_SEA,SF,SEA,2018-11-27T12:00:00.000000+0000,POSTGAME_ACTUAL_STARTER_IDENTITY_ONLY,build_qb_pregame_features,00-0033319,00-0029263,-0.003141922056963245,0.07555698677579334,97.0,343.0,0.07869890883275658
2018,13,REG,2018_13_WAS_PHI,WAS,PHI,2018-11-27T12:00:00.000000+0000,POSTGAME_ACTUAL_STARTER_IDENTITY_ONLY,build_qb_pregame_features,00-0027688,00-0032950,-0.0616711798471525,0.011383263438257622,55.0,359.0,0.07305444328541012
2018,14,REG,2018_14_ATL_GB,ATL,GB,2018-12-04T12:00:00.000000+0000,POSTGAME_ACTUAL_STARTER_IDENTITY_ONLY,build_qb_pregame_features,00-0026143,00-0023459,0.10972487400903623,0.038109870147112784,496.0,498.0,-0.07161500386192345
2018,14,REG,2018_14_BAL_KC,BAL,KC,2018-12-04T12:00:00.000000+0000,POSTGAME_ACTUAL_STARTER_IDENTITY_ONLY,build_qb_pregame_features,00-0034796,00-0033873,-0.08481598478330563,0.23469873442402756,84.0,449.0,0.3195147192073332
2018,14,REG,2018_14_CAR_CLE,CAR,CLE,2018-12-04T12:00:00.000000+0000,POSTGAME_ACTUAL_STARTER_IDENTITY_ONLY,build_qb_pregame_features,00-0027939,00-0034855,0.0517752446367484,-0.005518854081565189,424.0,376.0,-0.05729409871831359
2018,14,REG,2018_14_CIN_LAC,CIN,LAC,2018-12-04T12:00:00.000000+0000,POSTGAME_ACTUAL_STARTER_IDENTITY_ONLY,build_qb_pregame_features,00-0032436,00-0022942,-0.043587525507245414,0.1961906369369273,78.0,401.0,0.23977816244417272
2018,14,REG,2018_14_DEN_SF,DEN,SF,2018-12-04T12:00:00.000000+0000,POSTGAME_ACTUAL_STARTER_IDENTITY_ONLY,build_qb_pregame_features,00-0028986,00-0033319,-0.028137711734801084,0.011663064141624262,439.0,148.0,0.039800775876425346
2018,14,REG,2018_14_DET_ARI,DET,ARI,2018-12-04T12:00:00.000000+0000,POSTGAME_ACTUAL_STARTER_IDENTITY_ONLY,build_qb_pregame_features,00-0026498,00-0034343,-0.007779799280023918,-0.16779438260352553,475.0,299.0,-0.1600145833235016
2018,14,REG,2018_14_IND_HOU,IND,HOU,2018-12-04T12:00:00.000000+0000,POSTGAME_ACTUAL_STARTER_IDENTITY_ONLY,build_qb_pregame_features,00-0029668,00-0033537,0.07973777152094605,0.053918913246871536,503.0,405.0,-0.025818858274074513
2018,14,REG,2018_14_JAX_TEN,JAX,TEN,2018-12-04T12:00:00.000000+0000,POSTGAME_ACTUAL_STARTER_IDENTITY_ONLY,build_qb_pregame_features,00-0033104,00-0032268,-0.059496937848331904,-0.005007804056619963,61.0,312.0,0.05448913379171194
2018,14,REG,2018_14_LA_CHI,LAR,CHI,2018-12-04T12:00:00.000000+0000,POSTGAME_ACTUAL_STARTER_IDENTITY_ONLY,build_qb_pregame_features,00-0033106,00-0033869,0.1672909854155314,0.05375470523712857,440.0,340.0,-0.11353628017840282
2018,14,REG,2018_14_MIN_SEA,MIN,SEA,2018-12-04T12:00:00.000000+0000,POSTGAME_ACTUAL_STARTER_IDENTITY_ONLY,build_qb_pregame_features,00-0029604,00-0029263,0.005732757722671237,0.08997655063249155,521.0,363.0,0.08424379290982031
2018,14,REG,2018_14_NE_MIA,NE,MIA,2018-12-04T12:00:00.000000+0000,POSTGAME_ACTUAL_STARTER_IDENTITY_ONLY,build_qb_pregame_features,00-0019596,00-0029701,0.08417316427323215,-0.05568234698858754,450.0,193.0,-0.1398555112618197
2018,14,REG,2018_14_NO_TB,NO,TB,2018-12-04T12:00:00.000000+0000,POSTGAME_ACTUAL_STARTER_IDENTITY_ONLY,build_qb_pregame_features,00-0020531,00-0031503,0.2224862419543106,0.05971020882670127,396.0,250.0,-0.16277603312760933
2018,14,REG,2018_14_NYG_WAS,NYG,WAS,2018-12-04T12:00:00.000000+0000,POSTGAME_ACTUAL_STARTER_IDENTITY_ONLY,build_qb_pregame_features,00-0022803,00-0026898,-0.004079092636031085,-0.07729365673105817,477.0,23.0,-0.0732145640950271
2018,14,REG,2018_14_NYJ_BUF,NYJ,BUF,2018-12-04T12:00:00.000000+0000,POSTGAME_ACTUAL_STARTER_IDENTITY_ONLY,build_qb_pregame_features,00-0034869,00-0034857,-0.0852253535619431,-0.09315533075739851,310.0,213.0,-0.007929977195455407
2018,14,REG,2018_14_PHI_DAL,PHI,DAL,2018-12-04T12:00:00.000000+0000,POSTGAME_ACTUAL_STARTER_IDENTITY_ONLY,build_qb_pregame_features,00-0032950,00-0033077,0.03301207545809641,-0.02308987834667746,398.0,409.0,-0.05610195380477387
2018,14,REG,2018_14_PIT_OAK,PIT,LV,2018-12-04T12:00:00.000000+0000,POSTGAME_ACTUAL_STARTER_IDENTITY_ONLY,build_qb_pregame_features,00-0022924,00-0031280,0.1215346175659336,-0.007819530227815315,534.0,460.0,-0.12935414779374893
2018,15,REG,2018_15_ARI_ATL,ARI,ATL,2018-12-11T12:00:00.000000+0000,POSTGAME_ACTUAL_STARTER_IDENTITY_ONLY,build_qb_pregame_features,00-0034343,00-0026143,-0.17728826381822466,0.11187823555217147,343.0,540.0,0.2891664993703961
2018,15,REG,2018_15_CLE_DEN,CLE,DEN,2018-12-11T12:00:00.000000+0000,POSTGAME_ACTUAL_STARTER_IDENTITY_ONLY,build_qb_pregame_features,00-0034855,00-0028986,0.00685586253164552,-0.035722553934321014,399.0,483.0,-0.04257841646596654
2018,15,REG,2018_15_DAL_IND,DAL,IND,2018-12-11T12:00:00.000000+0000,POSTGAME_ACTUAL_STARTER_IDENTITY_ONLY,build_qb_pregame_features,00-0033077,00-0029668,-0.003007843753302101,0.08923396324064506,466.0,546.0,0.09224180699394716
2018,15,REG,2018_15_DET_BUF,DET,BUF,2018-12-11T12:00:00.000000+0000,POSTGAME_ACTUAL_STARTER_IDENTITY_ONLY,build_qb_pregame_features,00-0026498,00-0034857,-0.015267181914846049,-0.09646106441521139,499.0,252.0,-0.08119388250036534
2018,15,REG,2018_15_GB_CHI,GB,CHI,2018-12-11T12:00:00.000000+0000,POSTGAME_ACTUAL_STARTER_IDENTITY_ONLY,build_qb_pregame_features,00-0023459,00-0033869,0.039931584313060195,0.027019855486892185,534.0,371.0,-0.01291172882616801
2018,15,REG,2018_15_HOU_NYJ,HOU,NYJ,2018-12-11T12:00:00.000000+0000,POSTGAME_ACTUAL_STARTER_IDENTITY_ONLY,build_qb_pregame_features,00-0033537,00-0034869,0.055811544296730776,-0.07019389545269962,448.0,334.0,-0.1260054397494304
2018,15,REG,2018_15_LAC_KC,LAC,KC,2018-12-11T12:00:00.000000+0000,POSTGAME_ACTUAL_STARTER_IDENTITY_ONLY,build_qb_pregame_features,00-0022942,00-0033873,0.1926882064586036,0.23309021629488424,432.0,505.0,0.040402009836280645
2018,15,REG,2018_15_MIA_MIN,MIA,MIN,2018-12-11T12:00:00.000000+0000,POSTGAME_ACTUAL_STARTER_IDENTITY_ONLY,build_qb_pregame_features,00-0029701,00-0029604,-0.03560758464193098,-0.009321634473464534,216.0,556.0,0.026285950168466445
2018,15,REG,2018_15_NE_PIT,NE,PIT,2018-12-11T12:00:00.000000+0000,POSTGAME_ACTUAL_STARTER_IDENTITY_ONLY,build_qb_pregame_features,00-0019596,00-0022924,0.1055846940040021,0.1435972575179327,495.0,564.0,0.038012563513930606
2018,15,REG,2018_15_NO_CAR,NO,CAR,2018-12-11T12:00:00.000000+0000,POSTGAME_ACTUAL_STARTER_IDENTITY_ONLY,build_qb_pregame_features,00-0020531,00-0027939,0.2139248568786638,0.04612284561329587,428.0,467.0,-0.16780201126536792
2018,15,REG,2018_15_OAK_CIN,LV,CIN,2018-12-11T12:00:00.000000+0000,POSTGAME_ACTUAL_STARTER_IDENTITY_ONLY,build_qb_pregame_features,00-0031280,00-0032436,0.009161823112885038,-0.030956792713789844,498.0,108.0,-0.04011861582667488
2018,15,REG,2018_15_PHI_LA,PHI,LAR,2018-12-11T12:00:00.000000+0000,POSTGAME_ACTUAL_STARTER_IDENTITY_ONLY,build_qb_pregame_features,00-0029567,00-0033106,-0.08477988294277067,0.12654503569236342,87.0,487.0,0.21132491863513408
2018,15,REG,2018_15_SEA_SF,SEA,SF,2018-12-11T12:00:00.000000+0000,POSTGAME_ACTUAL_STARTER_IDENTITY_ONLY,build_qb_pregame_features,00-0029263,00-0033319,0.0660104882952168,0.027653734846137933,385.0,184.0,-0.038356753449078865
2018,15,REG,2018_15_TB_BAL,TB,BAL,2018-12-11T12:00:00.000000+0000,POSTGAME_ACTUAL_STARTER_IDENTITY_ONLY,build_qb_pregame_features,00-0031503,00-0034796,0.04888502425029682,-0.060023298729670396,292.0,110.0,-0.10890832297996722
2018,15,REG,2018_15_TEN_NYG,TEN,NYG,2018-12-11T12:00:00.000000+0000,POSTGAME_ACTUAL_STARTER_IDENTITY_ONLY,build_qb_pregame_features,00-0032268,00-0022803,-0.0008895058140683983,0.006644003336206017,337.0,501.0,0.007533509150274415
2018,15,REG,2018_15_WAS_JAX,WAS,JAX,2018-12-11T12:00:00.000000+0000,POSTGAME_ACTUAL_STARTER_IDENTITY_ONLY,build_qb_pregame_features,00-0026300,00-0033104,-0.01466820393222791,-0.07893597649593913,16.0,108.0,-0.06426777256371122
2018,16,REG,2018_16_ATL_CAR,ATL,CAR,2018-12-18T12:00:00.000000+0000,POSTGAME_ACTUAL_STARTER_IDENTITY_ONLY,build_qb_pregame_features,00-0026143,00-0031800,0.10979891861083493,-0.051303863274847594,578.0,4.0,-0.16110278188568253
2018,16,REG,2018_16_BAL_LAC,BAL,LAC,2018-12-18T12:00:00.000000+0000,POSTGAME_ACTUAL_STARTER_IDENTITY_ONLY,build_qb_pregame_features,00-0034796,00-0022942,-0.056159720020315704,0.1910480274775358,135.0,475.0,0.24720774749785152
2018,16,REG,2018_16_BUF_NE,BUF,NE,2018-12-18T12:00:00.000000+0000,POSTGAME_ACTUAL_STARTER_IDENTITY_ONLY,build_qb_pregame_features,00-0034857,00-0019596,-0.08572747603825644,0.10266634111613815,279.0,532.0,0.18839381715439457
2018,16,REG,2018_16_CHI_SF,CHI,SF,2018-12-18T12:00:00.000000+0000,POSTGAME_ACTUAL_STARTER_IDENTITY_ONLY,build_qb_pregame_features,00-0033869,00-0033319,0.045693176742613056,0.045159634884225766,400.0,216.0,-0.0005335418583872903
2018,16,REG,2018_16_CIN_CLE,CIN,CLE,2018-12-18T12:00:00.000000+0000,POSTGAME_ACTUAL_STARTER_IDENTITY_ONLY,build_qb_pregame_features,00-0032436,00-0034855,-0.043432449436834365,0.0031937241391961496,142.0,432.0,0.046626173576030515
2018,16,REG,2018_16_DEN_OAK,DEN,LV,2018-12-18T12:00:00.000000+0000,POSTGAME_ACTUAL_STARTER_IDENTITY_ONLY,build_qb_pregame_features,00-0028986,00-0031280,-0.03347010099663458,0.003231694458159736,533.0,541.0,0.03670179545479432
2018,16,REG,2018_16_GB_NYJ,GB,NYJ,2018-12-18T12:00:00.000000+0000,POSTGAME_ACTUAL_STARTER_IDENTITY_ONLY,build_qb_pregame_features,00-0023459,00-0034869,0.03640194748657402,-0.05681320330898968,581.0,375.0,-0.0932151507955637
2018,16,REG,2018_16_HOU_PHI,HOU,PHI,2018-12-18T12:00:00.000000+0000,POSTGAME_ACTUAL_STARTER_IDENTITY_ONLY,build_qb_pregame_features,00-0033537,00-0029567,0.062097555369193355,-0.054958976716695904,482.0,118.0,-0.11705653208588926
2018,16,REG,2018_16_JAX_MIA,JAX,MIA,2018-12-18T12:00:00.000000+0000,POSTGAME_ACTUAL_STARTER_IDENTITY_ONLY,build_qb_pregame_features,00-0033104,00-0029701,-0.12301982276672857,-0.07311740478299171,131.0,249.0,0.04990241798373686
2018,16,REG,2018_16_KC_SEA,KC,SEA,2018-12-18T12:00:00.000000+0000,POSTGAME_ACTUAL_STARTER_IDENTITY_ONLY,build_qb_pregame_features,00-0033873,00-0029263,0.23539456772613554,0.07562905923642885,541.0,419.0,-0.1597655084897067
2018,16,REG,2018_16_LA_ARI,LAR,ARI,2018-12-18T12:00:00.000000+0000,POSTGAME_ACTUAL_STARTER_IDENTITY_ONLY,build_qb_pregame_features,00-0033106,00-0034343,0.1145645622302148,-0.20217742823411147,542.0,371.0,-0.3167419904643263
2018,16,REG,2018_16_MIN_DET,MIN,DET,2018-12-18T12:00:00.000000+0000,POSTGAME_ACTUAL_STARTER_IDENTITY_ONLY,build_qb_pregame_features,00-0029604,00-0026498,-0.010950432361389435,-0.010357936081988565,579.0,528.0,0.0005924962794008701
2018,16,REG,2018_16_NYG_IND,NYG,IND,2018-12-18T12:00:00.000000+0000,POSTGAME_ACTUAL_STARTER_IDENTITY_ONLY,build_qb_pregame_features,00-0022803,00-0029668,-0.00871839146780599,0.09447493973609239,548.0,573.0,0.10319333120389838
2018,16,REG,2018_16_PIT_NO,PIT,NO,2018-12-18T12:00:00.000000+0000,POSTGAME_ACTUAL_STARTER_IDENTITY_ONLY,build_qb_pregame_features,00-0022924,00-0020531,0.14228351626561905,0.19285632537634542,600.0,465.0,0.05057280911072637
2018,16,REG,2018_16_TB_DAL,TB,DAL,2018-12-18T12:00:00.000000+0000,POSTGAME_ACTUAL_STARTER_IDENTITY_ONLY,build_qb_pregame_features,00-0031503,00-0033077,0.02982794450969444,-0.018879357034371803,318.0,508.0,-0.048707301544066245
2018,16,REG,2018_16_WAS_TEN,WAS,TEN,2018-12-18T12:00:00.000000+0000,POSTGAME_ACTUAL_STARTER_IDENTITY_ONLY,build_qb_pregame_features,00-0026300,00-0032268,-0.002453966567461295,-0.007430751050919898,44.0,358.0,-0.004976784483458603
2018,17,REG,2018_17_ARI_SEA,ARI,SEA,2018-12-25T12:00:00.000000+0000,POSTGAME_ACTUAL_STARTER_IDENTITY_ONLY,build_qb_pregame_features,00-0034343,00-0029263,-0.21195506713713186,0.09082582041735317,398.0,451.0,0.302780887554485
2018,17,REG,2018_17_ATL_TB,ATL,TB,2018-12-25T12:00:00.000000+0000,POSTGAME_ACTUAL_STARTER_IDENTITY_ONLY,build_qb_pregame_features,00-0026143,00-0031503,0.11349297017704782,0.040538117384863084,605.0,369.0,-0.07295485279218474
2018,17,REG,2018_17_CAR_NO,CAR,NO,2018-12-25T12:00:00.000000+0000,POSTGAME_ACTUAL_STARTER_IDENTITY_ONLY,build_qb_pregame_features,00-0034577,00-0031237,-0.040661697509225575,-0.054449120220828366,4.0,1.0,-0.013787422711602791
2018,17,REG,2018_17_CHI_MIN,CHI,MIN,2018-12-25T12:00:00.000000+0000,POSTGAME_ACTUAL_STARTER_IDENTITY_ONLY,build_qb_pregame_features,00-0033869,00-0029604,0.05788011395521925,0.0008139026784136309,432.0,609.0,-0.05706621127680562
2018,17,REG,2018_17_CIN_PIT,CIN,PIT,2018-12-25T12:00:00.000000+0000,POSTGAME_ACTUAL_STARTER_IDENTITY_ONLY,build_qb_pregame_features,00-0032436,00-0022924,-0.036565512869016284,0.15279749085289818,164.0,653.0,0.18936300372191445
2018,17,REG,2018_17_CLE_BAL,CLE,BAL,2018-12-25T12:00:00.000000+0000,POSTGAME_ACTUAL_STARTER_IDENTITY_ONLY,build_qb_pregame_features,00-0034855,00-0034796,0.024505705857296188,-0.0464466203801288,469.0,160.0,-0.07095232623742498
2018,17,REG,2018_17_DAL_NYG,DAL,NYG,2018-12-25T12:00:00.000000+0000,POSTGAME_ACTUAL_STARTER_IDENTITY_ONLY,build_qb_pregame_features,00-0033077,00-0022803,-0.014866896551021856,0.015774536866670845,534.0,581.0,0.030641433417692703
2018,17,REG,2018_17_DET_GB,DET,GB,2018-12-25T12:00:00.000000+0000,POSTGAME_ACTUAL_STARTER_IDENTITY_ONLY,build_qb_pregame_features,00-0026498,00-0023459,-0.026605551267982634,0.05196868970160597,562.0,640.0,0.07857424096958861
2018,17,REG,2018_17_IND_TEN,IND,TEN,2018-12-25T12:00:00.000000+0000,POSTGAME_ACTUAL_STARTER_IDENTITY_ONLY,build_qb_pregame_features,00-0029668,00-0027948,0.10420907473715404,-0.06015793213202737,621.0,77.0,-0.16436700686918143
2018,17,REG,2018_17_JAX_HOU,JAX,HOU,2018-12-25T12:00:00.000000+0000,POSTGAME_ACTUAL_STARTER_IDENTITY_ONLY,build_qb_pregame_features,00-0031407,00-0033537,-0.02643391714159192,0.06884302512728468,403.0,526.0,0.0952769422688766
2018,17,REG,2018_17_LAC_DEN,LAC,DEN,2018-12-25T12:00:00.000000+0000,POSTGAME_ACTUAL_STARTER_IDENTITY_ONLY,build_qb_pregame_features,00-0022942,00-0028986,0.1685379099438129,-0.03533470546631545,516.0,571.0,-0.20387261541012835
2018,17,REG,2018_17_MIA_BUF,MIA,BUF,2018-12-25T12:00:00.000000+0000,POSTGAME_ACTUAL_STARTER_IDENTITY_ONLY,build_qb_pregame_features,00-0029701,00-0034857,-0.08534096843192251,-0.09977505085366609,274.0,320.0,-0.014434082421743571
2018,17,REG,2018_17_NYJ_NE,NYJ,NE,2018-12-25T12:00:00.000000+0000,POSTGAME_ACTUAL_STARTER_IDENTITY_ONLY,build_qb_pregame_features,00-0034869,00-0019596,-0.022930035906597694,0.08440346192699291,412.0,557.0,0.10733349783359061
2018,17,REG,2018_17_OAK_KC,LV,KC,2018-12-25T12:00:00.000000+0000,POSTGAME_ACTUAL_STARTER_IDENTITY_ONLY,build_qb_pregame_features,00-0031280,00-0033873,0.008406190234710016,0.23289186742392418,568.0,582.0,0.22448567718921417
2018,17,REG,2018_17_PHI_WAS,PHI,WAS,2018-12-25T12:00:00.000000+0000,POSTGAME_ACTUAL_STARTER_IDENTITY_ONLY,build_qb_pregame_features,00-0029567,00-0026300,-0.003241397380820049,-0.01074868669692251,168.0,69.0,-0.0075072893161024605
2018,17,REG,2018_17_SF_LA,SF,LAR,2018-12-25T12:00:00.000000+0000,POSTGAME_ACTUAL_STARTER_IDENTITY_ONLY,build_qb_pregame_features,00-0033319,00-0033106,0.03693241661763411,0.1161846814745866,255.0,568.0,0.0792522648569525
2018,18,WC,2018_18_IND_HOU,IND,HOU,2019-01-01T12:00:00.000000+0000,POSTGAME_ACTUAL_STARTER_IDENTITY_ONLY,build_qb_pregame_features,00-0029668,00-0033537,0.11211618734117226,0.0628375945577216,657.0,567.0,-0.04927859278345066
2018,18,WC,2018_18_LAC_BAL,LAC,BAL,2019-01-01T12:00:00.000000+0000,POSTGAME_ACTUAL_STARTER_IDENTITY_ONLY,build_qb_pregame_features,00-0022942,00-0034796,0.16316643942250506,-0.04337743688787292,540.0,186.0,-0.20654387631037796
2018,18,WC,2018_18_PHI_CHI,PHI,CHI,2019-01-01T12:00:00.000000+0000,POSTGAME_ACTUAL_STARTER_IDENTITY_ONLY,build_qb_pregame_features,00-0029567,00-0033869,0.009934965371770771,0.05932738931633165,204.0,458.0,0.04939242394456088
2018,18,WC,2018_18_SEA_DAL,SEA,DAL,2019-01-01T12:00:00.000000+0000,POSTGAME_ACTUAL_STARTER_IDENTITY_ONLY,build_qb_pregame_features,00-0029263,00-0033077,0.0762022575144807,0.016091511581523145,478.0,582.0,-0.06011074593295756
2018,19,DIV,2018_19_DAL_LA,DAL,LAR,2019-01-08T12:00:00.000000+0000,POSTGAME_ACTUAL_STARTER_IDENTITY_ONLY,build_qb_pregame_features,00-0033077,00-0033106,0.013265728763641007,0.1300548576551538,616.0,594.0,0.11678912889151279
2018,19,DIV,2018_19_IND_KC,IND,KC,2019-01-08T12:00:00.000000+0000,POSTGAME_ACTUAL_STARTER_IDENTITY_ONLY,build_qb_pregame_features,00-0029668,00-0033873,0.11258528276094351,0.24540096097678507,689.0,606.0,0.13281567821584156
2018,19,DIV,2018_19_LAC_NE,LAC,NE,2019-01-08T12:00:00.000000+0000,POSTGAME_ACTUAL_STARTER_IDENTITY_ONLY,build_qb_pregame_features,00-0022942,00-0019596,0.15456186977281236,0.09648709084150545,573.0,591.0,-0.058074778931306914
2018,19,DIV,2018_19_PHI_NO,PHI,NO,2019-01-08T12:00:00.000000+0000,POSTGAME_ACTUAL_STARTER_IDENTITY_ONLY,build_qb_pregame_features,00-0029567,00-0020531,0.02064337013894659,0.1949264242871209,245.0,506.0,0.1742830541481743
2018,20,CON,2018_20_LA_NO,LAR,NO,2019-01-15T12:00:00.000000+0000,POSTGAME_ACTUAL_STARTER_IDENTITY_ONLY,build_qb_pregame_features,00-0033106,00-0020531,0.1287989686890858,0.19786922624348924,622.0,546.0,0.06907025755440344
2018,20,CON,2018_20_NE_KC,NE,KC,2019-01-15T12:00:00.000000+0000,POSTGAME_ACTUAL_STARTER_IDENTITY_ONLY,build_qb_pregame_features,00-0019596,00-0033873,0.10774126546950141,0.23320788169261314,635.0,651.0,0.12546661622311173
2018,21,SB,2018_21_NE_LA,NE,LAR,2019-01-29T12:00:00.000000+0000,POSTGAME_ACTUAL_STARTER_IDENTITY_ONLY,build_qb_pregame_features,00-0019596,00-0033106,0.11604895744754803,0.12396082584792856,681.0,663.0,0.007911868400380523
2019,1,REG,2019_01_ATL_MIN,ATL,MIN,2019-09-03T12:00:00.000000+0000,POSTGAME_ACTUAL_STARTER_IDENTITY_ONLY,build_qb_pregame_features,00-0026143,00-0029604,0.12397345263615492,-0.023467193468047532,650.0,646.0,-0.14744064610420246
2019,1,REG,2019_01_BAL_MIA,BAL,MIA,2019-09-03T12:00:00.000000+0000,POSTGAME_ACTUAL_STARTER_IDENTITY_ONLY,build_qb_pregame_features,00-0034796,00-0023682,-0.050652693619769595,0.09744354452974277,222.0,260.0,0.14809623814951237
2019,1,REG,2019_01_BUF_NYJ,BUF,NYJ,2019-09-03T12:00:00.000000+0000,POSTGAME_ACTUAL_STARTER_IDENTITY_ONLY,build_qb_pregame_features,00-0034857,00-0034869,-0.0840083114477706,-0.035532193252111495,347.0,444.0,0.048476118195659106
2019,1,REG,2019_01_CIN_SEA,CIN,SEA,2019-09-03T12:00:00.000000+0000,POSTGAME_ACTUAL_STARTER_IDENTITY_ONLY,build_qb_pregame_features,00-0027973,00-0029263,0.02553614557115548,0.07742091976738606,386.0,506.0,0.05188477419623058
2019,1,REG,2019_01_DEN_OAK,DEN,LV,2019-09-03T12:00:00.000000+0000,POSTGAME_ACTUAL_STARTER_IDENTITY_ONLY,build_qb_pregame_features,00-0026158,00-0031280,0.00871100054634364,-0.010997764517085375,395.0,604.0,-0.019708765063429015
2019,1,REG,2019_01_DET_ARI,DET,ARI,2019-09-03T12:00:00.000000+0000,POSTGAME_ACTUAL_STARTER_IDENTITY_ONLY,build_qb_pregame_features,00-0026498,00-0035228,-0.003988435066767567,-0.05,595.0,0.0,-0.046011564933232434
2019,1,REG,2019_01_GB_CHI,GB,CHI,2019-09-03T12:00:00.000000+0000,POSTGAME_ACTUAL_STARTER_IDENTITY_ONLY,build_qb_pregame_features,00-0023459,00-0033869,0.047090741186441507,0.06264996243370828,646.0,503.0,0.015559221247266775
2019,1,REG,2019_01_HOU_NO,HOU,NO,2019-09-03T12:00:00.000000+0000,POSTGAME_ACTUAL_STARTER_IDENTITY_ONLY,build_qb_pregame_features,00-0033537,00-0020531,0.043494148907903,0.189790649582857,619.0,588.0,0.14629650067495398
2019,1,REG,2019_01_IND_LAC,IND,LAC,2019-09-03T12:00:00.000000+0000,POSTGAME_ACTUAL_STARTER_IDENTITY_ONLY,build_qb_pregame_features,00-0033119,00-0022942,-0.05188203894205054,0.15516603478448543,4.0,626.0,0.20704807372653597
2019,1,REG,2019_01_KC_JAX,KC,JAX,2019-09-03T12:00:00.000000+0000,POSTGAME_ACTUAL_STARTER_IDENTITY_ONLY,build_qb_pregame_features,00-0033873,00-0029567,0.23267374331982582,0.01503512327047327,686.0,276.0,-0.21763862004935255
2019,1,REG,2019_01_LA_CAR,LAR,CAR,2019-09-03T12:00:00.000000+0000,POSTGAME_ACTUAL_STARTER_IDENTITY_ONLY,build_qb_pregame_features,00-0033106,00-0027939,0.10755645863244967,0.03005202152121255,705.0,500.0,-0.07750443711123711
2019,1,REG,2019_01_NYG_DAL,NYG,DAL,2019-09-03T12:00:00.000000+0000,POSTGAME_ACTUAL_STARTER_IDENTITY_ONLY,build_qb_pregame_features,00-0022803,00-0033077,0.019944011661573557,0.01970137910655971,623.0,649.0,-0.00024263255501384695
2019,1,REG,2019_01_PIT_NE,PIT,NE,2019-09-03T12:00:00.000000+0000,POSTGAME_ACTUAL_STARTER_IDENTITY_ONLY,build_qb_pregame_features,00-0022924,00-0019596,0.1418071477231953,0.10896195889263927,699.0,717.0,-0.03284518883055604
2019,1,REG,2019_01_SF_TB,SF,TB,2019-09-03T12:00:00.000000+0000,POSTGAME_ACTUAL_STARTER_IDENTITY_ONLY,build_qb_pregame_features,00-0031345,00-0031503,-0.03941388567354576,0.0516842873590492,102.0,405.0,0.09109817303259496
2019,1,REG,2019_01_TEN_CLE,TEN,CLE,2019-09-03T12:00:00.000000+0000,POSTGAME_ACTUAL_STARTER_IDENTITY_ONLY,build_qb_pregame_features,00-0032268,00-0034855,-0.0020147505366339344,0.03357194112170883,373.0,511.0,0.035586691658342766
2019,1,REG,2019_01_WAS_PHI,WAS,PHI,2019-09-03T12:00:00.000000+0000,POSTGAME_ACTUAL_STARTER_IDENTITY_ONLY,build_qb_pregame_features,00-0028986,00-0032950,-0.0381291828302623,0.03894403417573182,620.0,432.0,0.07707321700599412
2019,2,REG,2019_02_ARI_BAL,ARI,BAL,2019-09-10T12:00:00.000000+0000,POSTGAME_ACTUAL_STARTER_IDENTITY_ONLY,build_qb_pregame_features,00-0035228,00-0034796,-0.06445241109518275,0.013903401807767075,59.0,243.0,0.07835581290294982
2019,2,REG,2019_02_BUF_NYG,BUF,NYG,2019-09-10T12:00:00.000000+0000,POSTGAME_ACTUAL_STARTER_IDENTITY_ONLY,build_qb_pregame_features,00-0034857,00-0022803,-0.08940036954134481,0.020799903786964745,385.0,668.0,0.11020027332830956
2019,2,REG,2019_02_CHI_DEN,CHI,DEN,2019-09-10T12:00:00.000000+0000,POSTGAME_ACTUAL_STARTER_IDENTITY_ONLY,build_qb_pregame_features,00-0033869,00-0026158,0.04177984327022436,0.01902158728258675,553.0,429.0,-0.022758255987637612
2019,2,REG,2019_02_CLE_NYJ,CLE,NYJ,2019-09-10T12:00:00.000000+0000,POSTGAME_ACTUAL_STARTER_IDENTITY_ONLY,build_qb_pregame_features,00-0034855,00-0032156,0.011370738029386353,-0.05,554.0,0.0,-0.061370738029386356
2019,2,REG,2019_02_DAL_WAS,DAL,WAS,2019-09-10T12:00:00.000000+0000,POSTGAME_ACTUAL_STARTER_IDENTITY_ONLY,build_qb_pregame_features,00-0033077,00-0028986,0.054353999177335514,-0.011668870468348753,681.0,665.0,-0.06602286964568427
2019,2,REG,2019_02_IND_TEN,IND,TEN,2019-09-10T12:00:00.000000+0000,POSTGAME_ACTUAL_STARTER_IDENTITY_ONLY,build_qb_pregame_features,00-0033119,00-0032268,-0.023713692280510266,0.007470996626967288,33.0,401.0,0.031184688907477554
2019,2,REG,2019_02_JAX_HOU,JAX,HOU,2019-09-10T12:00:00.000000+0000,POSTGAME_ACTUAL_STARTER_IDENTITY_ONLY,build_qb_pregame_features,00-0035289,00-0033537,-0.01345431438707237,0.04979384538315359,26.0,655.0,0.06324815977022596
2019,2,REG,2019_02_KC_OAK,KC,LV,2019-09-10T12:00:00.000000+0000,POSTGAME_ACTUAL_STARTER_IDENTITY_ONLY,build_qb_pregame_features,00-0033873,00-0031280,0.24970464886139038,0.010708715122829454,719.0,630.0,-0.23899593373856093
2019,2,REG,2019_02_LAC_DET,LAC,DET,2019-09-10T12:00:00.000000+0000,POSTGAME_ACTUAL_STARTER_IDENTITY_ONLY,build_qb_pregame_features,00-0022942,00-0026498,0.1574970565926861,0.009065855598469248,664.0,643.0,-0.14843120099421683
2019,2,REG,2019_02_MIN_GB,MIN,GB,2019-09-10T12:00:00.000000+0000,POSTGAME_ACTUAL_STARTER_IDENTITY_ONLY,build_qb_pregame_features,00-0029604,00-0023459,-0.014187540907087749,0.04174975619492767,657.0,681.0,0.05593729710201542
2019,2,REG,2019_02_NE_MIA,NE,MIA,2019-09-10T12:00:00.000000+0000,POSTGAME_ACTUAL_STARTER_IDENTITY_ONLY,build_qb_pregame_features,00-0019596,00-0023682,0.12191809046762987,0.09280487631980718,754.0,291.0,-0.029113214147822697
2019,2,REG,2019_02_NO_LA,NO,LAR,2019-09-10T12:00:00.000000+0000,POSTGAME_ACTUAL_STARTER_IDENTITY_ONLY,build_qb_pregame_features,00-0020531,00-0033106,0.1952982804908563,0.10107722002184198,632.0,745.0,-0.09422106046901431
2019,2,REG,2019_02_PHI_ATL,PHI,ATL,2019-09-10T12:00:00.000000+0000,POSTGAME_ACTUAL_STARTER_IDENTITY_ONLY,build_qb_pregame_features,00-0032950,00-0026143,0.06174790147324655,0.1094341482030678,472.0,700.0,0.04768624672982125
2019,2,REG,2019_02_SEA_PIT,SEA,PIT,2019-09-10T12:00:00.000000+0000,POSTGAME_ACTUAL_STARTER_IDENTITY_ONLY,build_qb_pregame_features,00-0029263,00-0022924,0.08014284854174077,0.12653070293578553,530.0,747.0,0.04638785439404476
2019,2,REG,2019_02_SF_CIN,SF,CIN,2019-09-10T12:00:00.000000+0000,POSTGAME_ACTUAL_STARTER_IDENTITY_ONLY,build_qb_pregame_features,00-0031345,00-0027973,-0.036059380214698844,0.035798447962307973,130.0,442.0,0.07185782817700681
2019,2,REG,2019_02_TB_CAR,TB,CAR,2019-09-10T12:00:00.000000+0000,POSTGAME_ACTUAL_STARTER_IDENTITY_ONLY,build_qb_pregame_features,00-0031503,00-0027939,0.01600747054634565,0.025306991068454864,444.0,541.0,0.009299520522109216
2019,3,REG,2019_03_ATL_IND,ATL,IND,2019-09-17T12:00:00.000000+0000,POSTGAME_ACTUAL_STARTER_IDENTITY_ONLY,build_qb_pregame_features,00-0026143,00-0033119,0.10609517716743015,-0.03583375718418354,744.0,64.0,-0.1419289343516137
2019,3,REG,2019_03_BAL_KC,BAL,KC,2019-09-17T12:00:00.000000+0000,POSTGAME_ACTUAL_STARTER_IDENTITY_ONLY,build_qb_pregame_features,00-0034796,00-0033873,0.03016848634013478,0.2637951969911182,282.0,765.0,0.23362671065098342
2019,3,REG,2019_03_CAR_ARI,CAR,ARI,2019-09-17T12:00:00.000000+0000,POSTGAME_ACTUAL_STARTER_IDENTITY_ONLY,build_qb_pregame_features,00-0034577,00-0035228,0.002112523925878816,-0.026796804507134328,31.0,102.0,-0.028909328433013144
2019,3,REG,2019_03_CHI_WAS,CHI,WAS,2019-09-17T12:00:00.000000+0000,POSTGAME_ACTUAL_STARTER_IDENTITY_ONLY,build_qb_pregame_features,00-0033869,00-0028986,0.04011167108376861,-0.003691096056609987,580.0,703.0,-0.0438027671403786
2019,3,REG,2019_03_CIN_BUF,CIN,BUF,2019-09-17T12:00:00.000000+0000,POSTGAME_ACTUAL_STARTER_IDENTITY_ONLY,build_qb_pregame_features,00-0027973,00-0034857,0.04150592284374949,-0.07575327110421043,488.0,418.0,-0.11725919394795992
2019,3,REG,2019_03_DEN_GB,DEN,GB,2019-09-17T12:00:00.000000+0000,POSTGAME_ACTUAL_STARTER_IDENTITY_ONLY,build_qb_pregame_features,00-0026158,00-0023459,0.028725742768824315,0.045552698312066965,481.0,717.0,0.01682695554324265
2019,3,REG,2019_03_DET_PHI,DET,PHI,2019-09-17T12:00:00.000000+0000,POSTGAME_ACTUAL_STARTER_IDENTITY_ONLY,build_qb_pregame_features,00-0026498,00-0032950,0.014183802480575663,0.05232400200026413,673.0,518.0,0.038140199519688466
2019,3,REG,2019_03_HOU_LAC,HOU,LAC,2019-09-17T12:00:00.000000+0000,POSTGAME_ACTUAL_STARTER_IDENTITY_ONLY,build_qb_pregame_features,00-0033537,00-0022942,0.041977695489231366,0.15207549418966512,688.0,701.0,0.11009779870043376
2019,3,REG,2019_03_LA_CLE,LAR,CLE,2019-09-17T12:00:00.000000+0000,POSTGAME_ACTUAL_STARTER_IDENTITY_ONLY,build_qb_pregame_features,00-0033106,00-0034855,0.10541046545017375,0.013348709271034206,776.0,592.0,-0.09206175617913955
2019,3,REG,2019_03_MIA_DAL,MIA,DAL,2019-09-17T12:00:00.000000+0000,POSTGAME_ACTUAL_STARTER_IDENTITY_ONLY,build_qb_pregame_features,00-0034343,00-0033077,-0.24168511264700465,0.06606234208611703,463.0,712.0,0.3077474547331217
2019,3,REG,2019_03_NO_SEA,NO,SEA,2019-09-17T12:00:00.000000+0000,POSTGAME_ACTUAL_STARTER_IDENTITY_ONLY,build_qb_pregame_features,00-0031237,00-0029263,-0.07236630696004533,0.09283684911154637,57.0,569.0,0.1652031560715917
2019,3,REG,2019_03_NYG_TB,NYG,TB,2019-09-17T12:00:00.000000+0000,POSTGAME_ACTUAL_STARTER_IDENTITY_ONLY,build_qb_pregame_features,00-0035710,00-0031503,-0.04794732892361477,0.021713698799923235,4.0,472.0,0.06966102772353801
2019,3,REG,2019_03_NYJ_NE,NYJ,NE,2019-09-17T12:00:00.000000+0000,POSTGAME_ACTUAL_STARTER_IDENTITY_ONLY,build_qb_pregame_features,00-0034412,00-0019596,-0.06304084237569116,0.1334586389934236,27.0,784.0,0.19649948136911477
2019,3,REG,2019_03_OAK_MIN,LV,MIN,2019-09-17T12:00:00.000000+0000,POSTGAME_ACTUAL_STARTER_IDENTITY_ONLY,build_qb_pregame_features,00-0031280,00-0029604,-0.0037657464623285855,-0.028426509175282888,671.0,690.0,-0.024660762712954303
2019,3,REG,2019_03_PIT_SF,PIT,SF,2019-09-17T12:00:00.000000+0000,POSTGAME_ACTUAL_STARTER_IDENTITY_ONLY,build_qb_pregame_features,00-0034771,00-0031345,-0.05299570330356865,0.011309290814814556,19.0,155.0,0.0643049941183832
2019,3,REG,2019_03_TEN_JAX,TEN,JAX,2019-09-17T12:00:00.000000+0000,POSTGAME_ACTUAL_STARTER_IDENTITY_ONLY,build_qb_pregame_features,00-0032268,00-0035289,0.001461379820591812,-0.030559528131846807,433.0,63.0,-0.032020907952438615
2019,4,REG,2019_04_CAR_HOU,CAR,HOU,2019-09-24T12:00:00.000000+0000,POSTGAME_ACTUAL_STARTER_IDENTITY_ONLY,build_qb_pregame_features,00-0034577,00-0033537,0.04588025037196202,0.06254958670189786,59.0,724.0,0.016669336329935842
2019,4,REG,2019_04_CIN_PIT,CIN,PIT,2019-09-24T12:00:00.000000+0000,POSTGAME_ACTUAL_STARTER_IDENTITY_ONLY,build_qb_pregame_features,00-0027973,00-0034771,0.036872561353722424,-0.06954253238957991,526.0,48.0,-0.10641509374330234
2019,4,REG,2019_04_CLE_BAL,CLE,BAL,2019-09-24T12:00:00.000000+0000,POSTGAME_ACTUAL_STARTER_IDENTITY_ONLY,build_qb_pregame_features,00-0034855,00-0034796,0.007392912904390904,0.028649186388990507,631.0,328.0,0.021256273484599603
2019,4,REG,2019_04_DAL_NO,DAL,NO,2019-09-24T12:00:00.000000+0000,POSTGAME_ACTUAL_STARTER_IDENTITY_ONLY,build_qb_pregame_features,00-0033077,00-0031237,0.06901587412498227,-0.03677294259767468,745.0,84.0,-0.10578881672265694
2019,4,REG,2019_04_JAX_DEN,JAX,DEN,2019-09-24T12:00:00.000000+0000,POSTGAME_ACTUAL_STARTER_IDENTITY_ONLY,build_qb_pregame_features,00-0035289,00-0026158,-0.023499393133969957,0.020576997802176603,93.0,516.0,0.044076390936146556
2019,4,REG,2019_04_KC_DET,KC,DET,2019-09-24T12:00:00.000000+0000,POSTGAME_ACTUAL_STARTER_IDENTITY_ONLY,build_qb_pregame_features,00-0033873,00-0026498,0.26980514516843,0.019483946811748695,803.0,705.0,-0.2503211983566813
2019,4,REG,2019_04_LAC_MIA,LAC,MIA,2019-09-24T12:00:00.000000+0000,POSTGAME_ACTUAL_STARTER_IDENTITY_ONLY,build_qb_pregame_features,00-0022942,00-0034343,0.14873564211639548,-0.24167865394205174,752.0,505.0,-0.39041429605844724
2019,4,REG,2019_04_MIN_CHI,MIN,CHI,2019-09-24T12:00:00.000000+0000,POSTGAME_ACTUAL_STARTER_IDENTITY_ONLY,build_qb_pregame_features,00-0029604,00-0033869,-0.018844830868553344,0.04855480749119157,711.0,614.0,0.06739963835974491
2019,4,REG,2019_04_NE_BUF,NE,BUF,2019-09-24T12:00:00.000000+0000,POSTGAME_ACTUAL_STARTER_IDENTITY_ONLY,build_qb_pregame_features,00-0019596,00-0034857,0.13831973367494452,-0.0707001490527712,826.0,455.0,-0.2090198827277157
2019,4,REG,2019_04_OAK_IND,LV,IND,2019-09-24T12:00:00.000000+0000,POSTGAME_ACTUAL_STARTER_IDENTITY_ONLY,build_qb_pregame_features,00-0031280,00-0033119,-0.0034774232530729414,0.019293125600539605,709.0,102.0,0.022770548853612547
2019,4,REG,2019_04_PHI_GB,PHI,GB,2019-09-24T12:00:00.000000+0000,POSTGAME_ACTUAL_STARTER_IDENTITY_ONLY,build_qb_pregame_features,00-0032950,00-0023459,0.053618900657552024,0.05100994152895362,557.0,746.0,-0.0026089591285984037
2019,4,REG,2019_04_SEA_ARI,SEA,ARI,2019-09-24T12:00:00.000000+0000,POSTGAME_ACTUAL_STARTER_IDENTITY_ONLY,build_qb_pregame_features,00-0029263,00-0035228,0.09894948649093381,-0.05865056633066669,619.0,153.0,-0.1576000528216005
2019,4,REG,2019_04_TB_LA,TB,LAR,2019-09-24T12:00:00.000000+0000,POSTGAME_ACTUAL_STARTER_IDENTITY_ONLY,build_qb_pregame_features,00-0031503,00-0033106,0.03266945459320302,0.10340730223752265,513.0,816.0,0.07073784764431962
2019,4,REG,2019_04_TEN_ATL,TEN,ATL,2019-09-24T12:00:00.000000+0000,POSTGAME_ACTUAL_STARTER_IDENTITY_ONLY,build_qb_pregame_features,00-0032268,00-0026143,-0.007024762515873783,0.12429923102314101,482.0,778.0,0.1313239935390148
2019,4,REG,2019_04_WAS_NYG,WAS,NYG,2019-09-24T12:00:00.000000+0000,POSTGAME_ACTUAL_STARTER_IDENTITY_ONLY,build_qb_pregame_features,00-0028986,00-0035710,-0.014533018420635532,-0.02509888964972883,750.0,45.0,-0.010565871229093297
2019,5,REG,2019_05_ARI_CIN,ARI,CIN,2019-10-01T12:00:00.000000+0000,POSTGAME_ACTUAL_STARTER_IDENTITY_ONLY,build_qb_pregame_features,00-0035228,00-0027973,-0.07264513897844885,0.007155444083113924,189.0,571.0,0.07980058306156278
2019,5,REG,2019_05_ATL_HOU,ATL,HOU,2019-10-01T12:00:00.000000+0000,POSTGAME_ACTUAL_STARTER_IDENTITY_ONLY,build_qb_pregame_features,00-0026143,00-0033537,0.11365918480877271,0.04492981240226561,836.0,763.0,-0.0687293724065071
2019,5,REG,2019_05_BAL_PIT,BAL,PIT,2019-10-01T12:00:00.000000+0000,POSTGAME_ACTUAL_STARTER_IDENTITY_ONLY,build_qb_pregame_features,00-0034796,00-0034771,0.024170541664737744,-0.015552090706144394,366.0,76.0,-0.03972263237088214
2019,5,REG,2019_05_BUF_TEN,BUF,TEN,2019-10-01T12:00:00.000000+0000,POSTGAME_ACTUAL_STARTER_IDENTITY_ONLY,build_qb_pregame_features,00-0034857,00-0032268,-0.09031454775261681,0.005031750836789365,487.0,509.0,0.09534629858940617
2019,5,REG,2019_05_CHI_OAK,CHI,LV,2019-10-01T12:00:00.000000+0000,POSTGAME_ACTUAL_STARTER_IDENTITY_ONLY,build_qb_pregame_features,00-0026544,00-0031280,-0.030101117962848863,0.004530986381648255,116.0,741.0,0.03463210434449712
2019,5,REG,2019_05_CLE_SF,CLE,SF,2019-10-01T12:00:00.000000+0000,POSTGAME_ACTUAL_STARTER_IDENTITY_ONLY,build_qb_pregame_features,00-0034855,00-0031345,0.02384907669301873,0.018635878683655658,662.0,188.0,-0.005213198009363072
2019,5,REG,2019_05_DEN_LAC,DEN,LAC,2019-10-01T12:00:00.000000+0000,POSTGAME_ACTUAL_STARTER_IDENTITY_ONLY,build_qb_pregame_features,00-0026158,00-0022942,0.02559254734718428,0.16440816740056485,554.0,783.0,0.13881562005338058
2019,5,REG,2019_05_GB_DAL,GB,DAL,2019-10-01T12:00:00.000000+0000,POSTGAME_ACTUAL_STARTER_IDENTITY_ONLY,build_qb_pregame_features,00-0023459,00-0033077,0.061371697875496914,0.06864654138872706,800.0,779.0,0.007274843513230142
2019,5,REG,2019_05_IND_KC,IND,KC,2019-10-01T12:00:00.000000+0000,POSTGAME_ACTUAL_STARTER_IDENTITY_ONLY,build_qb_pregame_features,00-0033119,00-0033873,0.02037443425319544,0.267435187874942,148.0,845.0,0.2470607536217466
2019,5,REG,2019_05_JAX_CAR,JAX,CAR,2019-10-01T12:00:00.000000+0000,POSTGAME_ACTUAL_STARTER_IDENTITY_ONLY,build_qb_pregame_features,00-0035289,00-0034577,-0.013282024745640778,0.021397339223503897,131.0,96.0,0.03467936396914467
2019,5,REG,2019_05_LA_SEA,LAR,SEA,2019-10-01T12:00:00.000000+0000,POSTGAME_ACTUAL_STARTER_IDENTITY_ONLY,build_qb_pregame_features,00-0033106,00-0029263,0.09420858007193203,0.10047284739819184,886.0,651.0,0.006264267326259815
2019,5,REG,2019_05_MIN_NYG,MIN,NYG,2019-10-01T12:00:00.000000+0000,POSTGAME_ACTUAL_STARTER_IDENTITY_ONLY,build_qb_pregame_features,00-0029604,00-0035710,-0.027299091506806775,-0.00241025306831448,753.0,76.0,0.024888838438492294
2019,5,REG,2019_05_NE_WAS,NE,WAS,2019-10-01T12:00:00.000000+0000,POSTGAME_ACTUAL_STARTER_IDENTITY_ONLY,build_qb_pregame_features,00-0019596,00-0027688,0.11862913464605479,-0.06002074149701845,865.0,60.0,-0.17864987614307323
2019,5,REG,2019_05_NYJ_PHI,NYJ,PHI,2019-10-01T12:00:00.000000+0000,POSTGAME_ACTUAL_STARTER_IDENTITY_ONLY,build_qb_pregame_features,00-0034412,00-0032950,-0.11021913388666235,0.06120511214272961,54.0,584.0,0.17142424602939196
2019,5,REG,2019_05_TB_NO,TB,NO,2019-10-01T12:00:00.000000+0000,POSTGAME_ACTUAL_STARTER_IDENTITY_ONLY,build_qb_pregame_features,00-0031503,00-0031237,0.06084467782233149,-0.05273779474031008,556.0,119.0,-0.11358247256264156
2019,6,REG,2019_06_ATL_ARI,ATL,ARI,2019-10-08T12:00:00.000000+0000,POSTGAME_ACTUAL_STARTER_IDENTITY_ONLY,build_qb_pregame_features,00-0026143,00-0035228,0.11451165105053145,-0.04572723501964028,884.0,222.0,-0.16023888607017173
2019,6,REG,2019_06_CAR_TB,CAR,TB,2019-10-08T12:00:00.000000+0000,POSTGAME_ACTUAL_STARTER_IDENTITY_ONLY,build_qb_pregame_features,00-0034577,00-0031503,0.02403846711235002,0.06055819786739157,129.0,589.0,0.03651973075504155
2019,6,REG,2019_06_CIN_BAL,CIN,BAL,2019-10-08T12:00:00.000000+0000,POSTGAME_ACTUAL_STARTER_IDENTITY_ONLY,build_qb_pregame_features,00-0027973,00-0034796,0.018205997995561406,0.01292312744135352,610.0,399.0,-0.0052828705542078865
2019,6,REG,2019_06_DAL_NYJ,DAL,NYJ,2019-10-08T12:00:00.000000+0000,POSTGAME_ACTUAL_STARTER_IDENTITY_ONLY,build_qb_pregame_features,00-0033077,00-0034869,0.06720170874448811,-0.038133944643058706,826.0,489.0,-0.10533565338754682
2019,6,REG,2019_06_DET_GB,DET,GB,2019-10-08T12:00:00.000000+0000,POSTGAME_ACTUAL_STARTER_IDENTITY_ONLY,build_qb_pregame_features,00-0026498,00-0023459,0.02350626520686852,0.06131772743907049,743.0,836.0,0.03781146223220197
2019,6,REG,2019_06_HOU_KC,HOU,KC,2019-10-08T12:00:00.000000+0000,POSTGAME_ACTUAL_STARTER_IDENTITY_ONLY,build_qb_pregame_features,00-0033537,00-0033873,0.07759740515961909,0.26075134015871043,796.0,888.0,0.18315393499909133
2019,6,REG,2019_06_NO_JAX,NO,JAX,2019-10-08T12:00:00.000000+0000,POSTGAME_ACTUAL_STARTER_IDENTITY_ONLY,build_qb_pregame_features,00-0031237,00-0035289,-0.022298272550198978,-0.012914172822355678,153.0,177.0,0.0093840997278433
2019,6,REG,2019_06_NYG_NE,NYG,NE,2019-10-08T12:00:00.000000+0000,POSTGAME_ACTUAL_STARTER_IDENTITY_ONLY,build_qb_pregame_features,00-0035710,00-0019596,-0.03062016445806756,0.12499939910182466,118.0,911.0,0.1556195635598922
2019,6,REG,2019_06_PHI_MIN,PHI,MIN,2019-10-08T12:00:00.000000+0000,POSTGAME_ACTUAL_STARTER_IDENTITY_ONLY,build_qb_pregame_features,00-0032950,00-0029604,0.05893333030947221,-0.0077405662331668885,614.0,783.0,-0.0666738965426391
2019,6,REG,2019_06_PIT_LAC,PIT,LAC,2019-10-08T12:00:00.000000+0000,POSTGAME_ACTUAL_STARTER_IDENTITY_ONLY,build_qb_pregame_features,00-0035577,00-0022942,-0.03801977946535203,0.14045137899633262,9.0,831.0,0.17847115846168465
2019,6,REG,2019_06_SEA_CLE,SEA,CLE,2019-10-08T12:00:00.000000+0000,POSTGAME_ACTUAL_STARTER_IDENTITY_ONLY,build_qb_pregame_features,00-0029263,00-0034855,0.11732986483033464,0.0010106071633401176,675.0,688.0,-0.11631925766699452
2019,6,REG,2019_06_SF_LA,SF,LAR,2019-10-08T12:00:00.000000+0000,POSTGAME_ACTUAL_STARTER_IDENTITY_ONLY,build_qb_pregame_features,00-0031345,00-0033106,0.031910107040385285,0.10329326169928571,219.0,935.0,0.07138315465890042
2019,6,REG,2019_06_TEN_DEN,TEN,DEN,2019-10-08T12:00:00.000000+0000,POSTGAME_ACTUAL_STARTER_IDENTITY_ONLY,build_qb_pregame_features,00-0032268,00-0026158,0.0036009247415023926,0.019084336942090566,536.0,577.0,0.015483412200588173
2019,6,REG,2019_06_WAS_MIA,WAS,MIA,2019-10-08T12:00:00.000000+0000,POSTGAME_ACTUAL_STARTER_IDENTITY_ONLY,build_qb_pregame_features,00-0028986,00-0034343,-0.021949839537377107,-0.23818697196511937,762.0,533.0,-0.21623713242774226
2019,7,REG,2019_07_ARI_NYG,ARI,NYG,2019-10-15T12:00:00.000000+0000,POSTGAME_ACTUAL_STARTER_IDENTITY_ONLY,build_qb_pregame_features,00-0035228,00-0035710,0.002020535245984431,-0.07428157033974624,259.0,150.0,-0.07630210558573067
2019,7,REG,2019_07_BAL_SEA,BAL,SEA,2019-10-15T12:00:00.000000+0000,POSTGAME_ACTUAL_STARTER_IDENTITY_ONLY,build_qb_pregame_features,00-0034796,00-0029263,0.022828678459226866,0.13117575046384838,433.0,711.0,0.10834707200462151
2019,7,REG,2019_07_HOU_IND,HOU,IND,2019-10-15T12:00:00.000000+0000,POSTGAME_ACTUAL_STARTER_IDENTITY_ONLY,build_qb_pregame_features,00-0033537,00-0033119,0.08967549941180629,0.0034238457973482204,838.0,177.0,-0.08625165361445807
2019,7,REG,2019_07_JAX_CIN,JAX,CIN,2019-10-15T12:00:00.000000+0000,POSTGAME_ACTUAL_STARTER_IDENTITY_ONLY,build_qb_pregame_features,00-0035289,00-0027973,-0.030056841563357698,0.015892569622203277,208.0,651.0,0.04594941118556098
2019,7,REG,2019_07_KC_DEN,KC,DEN,2019-10-15T12:00:00.000000+0000,POSTGAME_ACTUAL_STARTER_IDENTITY_ONLY,build_qb_pregame_features,00-0033873,00-0026158,0.25392726412608535,0.01445174976796089,924.0,606.0,-0.23947551435812447
2019,7,REG,2019_07_LAC_TEN,LAC,TEN,2019-10-15T12:00:00.000000+0000,POSTGAME_ACTUAL_STARTER_IDENTITY_ONLY,build_qb_pregame_features,00-0022942,00-0029701,0.13983824481471563,-0.1145912109467747,876.0,329.0,-0.25442945576149034
2019,7,REG,2019_07_LA_ATL,LAR,ATL,2019-10-15T12:00:00.000000+0000,POSTGAME_ACTUAL_STARTER_IDENTITY_ONLY,build_qb_pregame_features,00-0033106,00-0026143,0.08767113607038104,0.12755304474661125,963.0,922.0,0.039881908676230204
2019,7,REG,2019_07_MIA_BUF,MIA,BUF,2019-10-15T12:00:00.000000+0000,POSTGAME_ACTUAL_STARTER_IDENTITY_ONLY,build_qb_pregame_features,00-0023682,00-0034857,0.04980818145733315,-0.09112156718247455,336.0,523.0,-0.1409297486398077
2019,7,REG,2019_07_MIN_DET,MIN,DET,2019-10-15T12:00:00.000000+0000,POSTGAME_ACTUAL_STARTER_IDENTITY_ONLY,build_qb_pregame_features,00-0029604,00-0026498,0.008517476308013444,0.023682462413008223,813.0,778.0,0.015164986104994779
2019,7,REG,2019_07_NE_NYJ,NE,NYJ,2019-10-15T12:00:00.000000+0000,POSTGAME_ACTUAL_STARTER_IDENTITY_ONLY,build_qb_pregame_features,00-0019596,00-0034869,0.11868565022066811,-0.024468036210127525,955.0,523.0,-0.14315368643079562
2019,7,REG,2019_07_NO_CHI,NO,CHI,2019-10-15T12:00:00.000000+0000,POSTGAME_ACTUAL_STARTER_IDENTITY_ONLY,build_qb_pregame_features,00-0031237,00-0033869,-0.014639579031968775,0.04867270399547219,192.0,617.0,0.06331228302744096
2019,7,REG,2019_07_OAK_GB,LV,GB,2019-10-15T12:00:00.000000+0000,POSTGAME_ACTUAL_STARTER_IDENTITY_ONLY,build_qb_pregame_features,00-0031280,00-0023459,0.011924035281663503,0.05674888921089838,773.0,876.0,0.044824853929234874
2019,7,REG,2019_07_PHI_DAL,PHI,DAL,2019-10-15T12:00:00.000000+0000,POSTGAME_ACTUAL_STARTER_IDENTITY_ONLY,build_qb_pregame_features,00-0032950,00-0033077,0.06235873465141065,0.07511272408486087,656.0,867.0,0.012753989433450227
2019,7,REG,2019_07_SF_WAS,SF,WAS,2019-10-15T12:00:00.000000+0000,POSTGAME_ACTUAL_STARTER_IDENTITY_ONLY,build_qb_pregame_features,00-0031345,00-0028986,0.02925023994520754,-0.020363211895943922,254.0,787.0,-0.049613451841151464
2019,8,REG,2019_08_ARI_NO,ARI,NO,2019-10-22T12:00:00.000000+0000,POSTGAME_ACTUAL_STARTER_IDENTITY_ONLY,build_qb_pregame_features,00-0035228,00-0020531,0.010044471486598958,0.19124786921792142,282.0,637.0,0.18120339773132246
2019,8,REG,2019_08_CAR_SF,CAR,SF,2019-10-22T12:00:00.000000+0000,POSTGAME_ACTUAL_STARTER_IDENTITY_ONLY,build_qb_pregame_features,00-0034577,00-0031345,0.03545295177213047,0.029780311273041746,163.0,277.0,-0.005672640499088721
2019,8,REG,2019_08_CIN_LA,CIN,LAR,2019-10-22T12:00:00.000000+0000,POSTGAME_ACTUAL_STARTER_IDENTITY_ONLY,build_qb_pregame_features,00-0027973,00-0033106,0.0021229682982980957,0.0970704594133169,696.0,1000.0,0.09494749111501881
2019,8,REG,2019_08_CLE_NE,CLE,NE,2019-10-22T12:00:00.000000+0000,POSTGAME_ACTUAL_STARTER_IDENTITY_ONLY,build_qb_pregame_features,00-0034855,00-0019596,-0.0013976810028230296,0.11777609976844035,725.0,1000.0,0.11917378077126338
2019,8,REG,2019_08_DEN_IND,DEN,IND,2019-10-22T12:00:00.000000+0000,POSTGAME_ACTUAL_STARTER_IDENTITY_ONLY,build_qb_pregame_features,00-0026158,00-0033119,-0.005533897039227905,0.04286303771516882,648.0,217.0,0.04839693475439673
2019,8,REG,2019_08_GB_KC,GB,KC,2019-10-22T12:00:00.000000+0000,POSTGAME_ACTUAL_STARTER_IDENTITY_ONLY,build_qb_pregame_features,00-0023459,00-0025708,0.08362056835693195,-0.05801819089142665,908.0,21.0,-0.14163875924835861
2019,8,REG,2019_08_LAC_CHI,LAC,CHI,2019-10-22T12:00:00.000000+0000,POSTGAME_ACTUAL_STARTER_IDENTITY_ONLY,build_qb_pregame_features,00-0022942,00-0033869,0.14741692409140447,0.04360872373213728,915.0,673.0,-0.10380820035926719
2019,8,REG,2019_08_MIA_PIT,MIA,PIT,2019-10-22T12:00:00.000000+0000,POSTGAME_ACTUAL_STARTER_IDENTITY_ONLY,build_qb_pregame_features,00-0023682,00-0034771,0.062140026511146196,-0.007362686976830499,371.0,97.0,-0.0695027134879767
2019,8,REG,2019_08_NYG_DET,NYG,DET,2019-10-22T12:00:00.000000+0000,POSTGAME_ACTUAL_STARTER_IDENTITY_ONLY,build_qb_pregame_features,00-0035710,00-0026498,-0.09823601648971964,0.0338267957235851,193.0,825.0,0.13206281221330474
2019,8,REG,2019_08_NYJ_JAX,NYJ,JAX,2019-10-22T12:00:00.000000+0000,POSTGAME_ACTUAL_STARTER_IDENTITY_ONLY,build_qb_pregame_features,00-0034869,00-0035289,-0.0642542071629041,-0.019295519387666566,556.0,242.0,0.04495868777523754
2019,8,REG,2019_08_OAK_HOU,LV,HOU,2019-10-22T12:00:00.000000+0000,POSTGAME_ACTUAL_STARTER_IDENTITY_ONLY,build_qb_pregame_features,00-0031280,00-0033537,0.030109554461391137,0.0883755142061333,801.0,875.0,0.058265959744742156
2019,8,REG,2019_08_PHI_BUF,PHI,BUF,2019-10-22T12:00:00.000000+0000,POSTGAME_ACTUAL_STARTER_IDENTITY_ONLY,build_qb_pregame_features,00-0032950,00-0034857,0.05276119288089133,-0.07790566772552777,685.0,551.0,-0.1306668606064191
2019,8,REG,2019_08_SEA_ATL,SEA,ATL,2019-10-22T12:00:00.000000+0000,POSTGAME_ACTUAL_STARTER_IDENTITY_ONLY,build_qb_pregame_features,00-0029263,00-0022787,0.11740719962223023,-0.036607646316284596,753.0,13.0,-0.15401484593851483
2019,8,REG,2019_08_TB_TEN,TB,TEN,2019-10-22T12:00:00.000000+0000,POSTGAME_ACTUAL_STARTER_IDENTITY_ONLY,build_qb_pregame_features,00-0031503,00-0029701,0.042013756389878226,-0.08865920102743047,650.0,360.0,-0.1306729574173087
2019,8,REG,2019_08_WAS_MIN,WAS,MIN,2019-10-22T12:00:00.000000+0000,POSTGAME_ACTUAL_STARTER_IDENTITY_ONLY,build_qb_pregame_features,00-0028986,00-0029604,-0.020642392170442656,0.03269830122173035,802.0,847.0,0.053340693392173004
2019,9,REG,2019_09_CHI_PHI,CHI,PHI,2019-10-29T12:00:00.000000+0000,POSTGAME_ACTUAL_STARTER_IDENTITY_ONLY,build_qb_pregame_features,00-0033869,00-0032950,0.03802804010782558,0.05518578591055899,712.0,712.0,0.01715774580273341
2019,9,REG,2019_09_CLE_DEN,CLE,DEN,2019-10-29T12:00:00.000000+0000,POSTGAME_ACTUAL_STARTER_IDENTITY_ONLY,build_qb_pregame_features,00-0034855,00-0032434,-0.009639976888977378,-0.05,761.0,0.0,-0.04036002311102262
2019,9,REG,2019_09_DAL_NYG,DAL,NYG,2019-10-29T12:00:00.000000+0000,POSTGAME_ACTUAL_STARTER_IDENTITY_ONLY,build_qb_pregame_features,00-0033077,00-0035710,0.08008704561251957,-0.08732287867648898,897.0,237.0,-0.16740992428900855
2019,9,REG,2019_09_DET_OAK,DET,LV,2019-10-29T12:00:00.000000+0000,POSTGAME_ACTUAL_STARTER_IDENTITY_ONLY,build_qb_pregame_features,00-0026498,00-0031280,0.04736146183634566,0.04383516121609031,861.0,831.0,-0.00352630062025535
2019,9,REG,2019_09_GB_LAC,GB,LAC,2019-10-29T12:00:00.000000+0000,POSTGAME_ACTUAL_STARTER_IDENTITY_ONLY,build_qb_pregame_features,00-0023459,00-0022942,0.09198080088796465,0.1431132836805606,946.0,945.0,0.05113248279259594
2019,9,REG,2019_09_HOU_JAX,HOU,JAX,2019-10-29T12:00:00.000000+0000,POSTGAME_ACTUAL_STARTER_IDENTITY_ONLY,build_qb_pregame_features,00-0033537,00-0035289,0.09441916686794428,0.005610239743722222,917.0,278.0,-0.08880892712422206
2019,9,REG,2019_09_IND_PIT,IND,PIT,2019-10-29T12:00:00.000000+0000,POSTGAME_ACTUAL_STARTER_IDENTITY_ONLY,build_qb_pregame_features,00-0033119,00-0034771,0.030857208768095615,0.002777615714621408,246.0,135.0,-0.028079593053474208
2019,9,REG,2019_09_MIN_KC,MIN,KC,2019-10-29T12:00:00.000000+0000,POSTGAME_ACTUAL_STARTER_IDENTITY_ONLY,build_qb_pregame_features,00-0029604,00-0025708,0.042244107108886014,-0.02701265596777854,876.0,59.0,-0.06925676307666456
2019,9,REG,2019_09_NE_BAL,NE,BAL,2019-10-29T12:00:00.000000+0000,POSTGAME_ACTUAL_STARTER_IDENTITY_ONLY,build_qb_pregame_features,00-0019596,00-0034796,0.1182852616829024,0.023120145028386125,1039.0,454.0,-0.09516511665451628
2019,9,REG,2019_09_NYJ_MIA,NYJ,MIA,2019-10-29T12:00:00.000000+0000,POSTGAME_ACTUAL_STARTER_IDENTITY_ONLY,build_qb_pregame_features,00-0034869,00-0023682,-0.07159164382485458,0.054288026610512435,594.0,409.0,0.12587967043536702
2019,9,REG,2019_09_SF_ARI,SF,ARI,2019-10-29T12:00:00.000000+0000,POSTGAME_ACTUAL_STARTER_IDENTITY_ONLY,build_qb_pregame_features,00-0031345,00-0035228,0.03747764605249209,-0.0060514513539381,302.0,318.0,-0.04352909740643019
2019,9,REG,2019_09_TB_SEA,TB,SEA,2019-10-29T12:00:00.000000+0000,POSTGAME_ACTUAL_STARTER_IDENTITY_ONLY,build_qb_pregame_features,00-0031503,00-0029263,0.042834423284450654,0.12291562091156207,696.0,775.0,0.08008119762711141
2019,9,REG,2019_09_TEN_CAR,TEN,CAR,2019-10-29T12:00:00.000000+0000,POSTGAME_ACTUAL_STARTER_IDENTITY_ONLY,build_qb_pregame_features,00-0029701,00-0034577,-0.07836774640037053,-0.029061175268896153,396.0,207.0,0.04930657113147438
2019,9,REG,2019_09_WAS_BUF,WAS,BUF,2019-10-29T12:00:00.000000+0000,POSTGAME_ACTUAL_STARTER_IDENTITY_ONLY,build_qb_pregame_features,00-0035232,00-0034857,-0.12861014390302664,-0.0802504915750278,26.0,589.0,0.04835965232799884
2019,10,REG,2019_10_ARI_TB,ARI,TB,2019-11-05T12:00:00.000000+0000,POSTGAME_ACTUAL_STARTER_IDENTITY_ONLY,build_qb_pregame_features,00-0035228,00-0031503,0.0030932527200295164,0.051977472916360706,345.0,742.0,0.04888422019633119
2019,10,REG,2019_10_ATL_NO,ATL,NO,2019-11-05T12:00:00.000000+0000,POSTGAME_ACTUAL_STARTER_IDENTITY_ONLY,build_qb_pregame_features,00-0026143,00-0020531,0.1120754491983854,0.1972018073793619,954.0,680.0,0.08512635818097651
2019,10,REG,2019_10_BAL_CIN,BAL,CIN,2019-11-05T12:00:00.000000+0000,POSTGAME_ACTUAL_STARTER_IDENTITY_ONLY,build_qb_pregame_features,00-0034796,00-0035652,0.04057043741167858,-0.05,478.0,0.0,-0.09057043741167858
2019,10,REG,2019_10_BUF_CLE,BUF,CLE,2019-11-05T12:00:00.000000+0000,POSTGAME_ACTUAL_STARTER_IDENTITY_ONLY,build_qb_pregame_features,00-0034857,00-0034855,-0.06955283175411123,-0.002451211912313624,611.0,805.0,0.0671016198417976
2019,10,REG,2019_10_CAR_GB,CAR,GB,2019-11-05T12:00:00.000000+0000,POSTGAME_ACTUAL_STARTER_IDENTITY_ONLY,build_qb_pregame_features,00-0034577,00-0023459,-0.018342261736771285,0.08656729089786172,242.0,984.0,0.104909552634633
2019,10,REG,2019_10_DET_CHI,DET,CHI,2019-11-05T12:00:00.000000+0000,POSTGAME_ACTUAL_STARTER_IDENTITY_ONLY,build_qb_pregame_features,00-0032436,00-0033869,-0.06029595531419682,0.031127141856683943,192.0,736.0,0.09142309717088076
2019,10,REG,2019_10_KC_TEN,KC,TEN,2019-11-05T12:00:00.000000+0000,POSTGAME_ACTUAL_STARTER_IDENTITY_ONLY,build_qb_pregame_features,00-0033873,00-0029701,0.2557805016575308,-0.06805106300288967,935.0,439.0,-0.32383156466042046
2019,10,REG,2019_10_LAC_OAK,LAC,LV,2019-11-05T12:00:00.000000+0000,POSTGAME_ACTUAL_STARTER_IDENTITY_ONLY,build_qb_pregame_features,00-0022942,00-0031280,0.14755380950037356,0.05388890363756327,975.0,863.0,-0.09366490586281029
2019,10,REG,2019_10_LA_PIT,LAR,PIT,2019-11-05T12:00:00.000000+0000,POSTGAME_ACTUAL_STARTER_IDENTITY_ONLY,build_qb_pregame_features,00-0033106,00-0034771,0.11382522502490472,0.00045114660922732433,1031.0,171.0,-0.1133740784156774
2019,10,REG,2019_10_MIA_IND,MIA,IND,2019-11-05T12:00:00.000000+0000,POSTGAME_ACTUAL_STARTER_IDENTITY_ONLY,build_qb_pregame_features,00-0023682,00-0026625,0.06912907532984154,-0.08998599532296575,449.0,32.0,-0.15911507065280728
2019,10,REG,2019_10_MIN_DAL,MIN,DAL,2019-11-05T12:00:00.000000+0000,POSTGAME_ACTUAL_STARTER_IDENTITY_ONLY,build_qb_pregame_features,00-0029604,00-0033077,0.05003097274217916,0.08572624822664054,915.0,932.0,0.035695275484461386
2019,10,REG,2019_10_NYG_NYJ,NYG,NYJ,2019-11-05T12:00:00.000000+0000,POSTGAME_ACTUAL_STARTER_IDENTITY_ONLY,build_qb_pregame_features,00-0035710,00-0034869,-0.10378773629928467,-0.06480204730374298,283.0,636.0,0.038985688995541695
2019,10,REG,2019_10_SEA_SF,SEA,SF,2019-11-05T12:00:00.000000+0000,POSTGAME_ACTUAL_STARTER_IDENTITY_ONLY,build_qb_pregame_features,00-0029263,00-0031345,0.13322762827401172,0.07369010374567563,821.0,340.0,-0.05953752452833609
2019,11,REG,2019_11_ARI_SF,ARI,SF,2019-11-12T12:00:00.000000+0000,POSTGAME_ACTUAL_STARTER_IDENTITY_ONLY,build_qb_pregame_features,00-0035228,00-0031345,0.01211709804639918,0.03719560220245913,391.0,391.0,0.025078504156059948
2019,11,REG,2019_11_ATL_CAR,ATL,CAR,2019-11-12T12:00:00.000000+0000,POSTGAME_ACTUAL_STARTER_IDENTITY_ONLY,build_qb_pregame_features,00-0026143,00-0034577,0.10810901212577488,-0.013047143491322837,990.0,288.0,-0.12115615561709772
2019,11,REG,2019_11_BUF_MIA,BUF,MIA,2019-11-12T12:00:00.000000+0000,POSTGAME_ACTUAL_STARTER_IDENTITY_ONLY,build_qb_pregame_features,00-0034857,00-0023682,-0.06922884223397331,0.059597831643170895,653.0,485.0,0.1288266738771442
2019,11,REG,2019_11_CHI_LA,CHI,LAR,2019-11-12T12:00:00.000000+0000,POSTGAME_ACTUAL_STARTER_IDENTITY_ONLY,build_qb_pregame_features,00-0033869,00-0033106,0.02941843569905659,0.09710660268162785,764.0,1076.0,0.06768816698257127
2019,11,REG,2019_11_CIN_OAK,CIN,LV,2019-11-12T12:00:00.000000+0000,POSTGAME_ACTUAL_STARTER_IDENTITY_ONLY,build_qb_pregame_features,00-0035652,00-0031280,-0.12905501504307948,0.05631033733687037,32.0,897.0,0.18536535237994983
2019,11,REG,2019_11_DAL_DET,DAL,DET,2019-11-12T12:00:00.000000+0000,POSTGAME_ACTUAL_STARTER_IDENTITY_ONLY,build_qb_pregame_features,00-0033077,00-0032436,0.09996759967411128,-0.0773445019067924,979.0,240.0,-0.17731210158090369
2019,11,REG,2019_11_DEN_MIN,DEN,MIN,2019-11-12T12:00:00.000000+0000,POSTGAME_ACTUAL_STARTER_IDENTITY_ONLY,build_qb_pregame_features,00-0032434,00-0029604,-0.03820444016678793,0.058714635430116416,23.0,948.0,0.09691907559690435
2019,11,REG,2019_11_HOU_BAL,HOU,BAL,2019-11-12T12:00:00.000000+0000,POSTGAME_ACTUAL_STARTER_IDENTITY_ONLY,build_qb_pregame_features,00-0033537,00-0034796,0.10478667248677742,0.07322959403387716,946.0,495.0,-0.03155707845290026
2019,11,REG,2019_11_JAX_IND,JAX,IND,2019-11-12T12:00:00.000000+0000,POSTGAME_ACTUAL_STARTER_IDENTITY_ONLY,build_qb_pregame_features,00-0029567,00-0033119,0.026623352217379694,0.036388167295076976,284.0,252.0,0.009764815077697282
2019,11,REG,2019_11_KC_LAC,KC,LAC,2019-11-12T12:00:00.000000+0000,POSTGAME_ACTUAL_STARTER_IDENTITY_ONLY,build_qb_pregame_features,00-0033873,00-0022942,0.26482999203156987,0.1350071993882568,987.0,1011.0,-0.12982279264331306
2019,11,REG,2019_11_NE_PHI,NE,PHI,2019-11-12T12:00:00.000000+0000,POSTGAME_ACTUAL_STARTER_IDENTITY_ONLY,build_qb_pregame_features,00-0019596,00-0032950,0.11564206294879789,0.059256534452610074,1087.0,755.0,-0.05638552849618782
2019,11,REG,2019_11_NO_TB,NO,TB,2019-11-12T12:00:00.000000+0000,POSTGAME_ACTUAL_STARTER_IDENTITY_ONLY,build_qb_pregame_features,00-0020531,00-0031503,0.17169022695223898,0.04998571279009407,731.0,794.0,-0.12170451416214492
2019,11,REG,2019_11_NYJ_WAS,NYJ,WAS,2019-11-12T12:00:00.000000+0000,POSTGAME_ACTUAL_STARTER_IDENTITY_ONLY,build_qb_pregame_features,00-0034869,00-0035232,-0.057616343885335534,-0.13508259276017479,668.0,52.0,-0.07746624887483924
2019,11,REG,2019_11_PIT_CLE,PIT,CLE,2019-11-12T12:00:00.000000+0000,POSTGAME_ACTUAL_STARTER_IDENTITY_ONLY,build_qb_pregame_features,00-0034771,00-0034855,0.0013976592048134742,0.0022640506002518466,212.0,845.0,0.0008663913954383724
2019,12,REG,2019_12_BAL_LA,BAL,LAR,2019-11-19T12:00:00.000000+0000,POSTGAME_ACTUAL_STARTER_IDENTITY_ONLY,build_qb_pregame_features,00-0034796,00-0033106,0.09895179706648029,0.09974505703225059,519.0,1094.0,0.0007932599657703016
2019,12,REG,2019_12_CAR_NO,CAR,NO,2019-11-19T12:00:00.000000+0000,POSTGAME_ACTUAL_STARTER_IDENTITY_ONLY,build_qb_pregame_features,00-0034577,00-0020531,-0.04176310162181284,0.17743918110293097,343.0,766.0,0.21920228272474382
2019,12,REG,2019_12_DAL_NE,DAL,NE,2019-11-19T12:00:00.000000+0000,POSTGAME_ACTUAL_STARTER_IDENTITY_ONLY,build_qb_pregame_features,00-0033077,00-0019596,0.11344559531589735,0.10724675497010212,1026.0,1135.0,-0.006198840345795223
2019,12,REG,2019_12_DEN_BUF,DEN,BUF,2019-11-19T12:00:00.000000+0000,POSTGAME_ACTUAL_STARTER_IDENTITY_ONLY,build_qb_pregame_features,00-0032434,00-0034857,-0.05381024915712605,-0.05262156409695586,64.0,686.0,0.00118868506017019
2019,12,REG,2019_12_DET_WAS,DET,WAS,2019-11-19T12:00:00.000000+0000,POSTGAME_ACTUAL_STARTER_IDENTITY_ONLY,build_qb_pregame_features,00-0032436,00-0035232,-0.06469207695566231,-0.15838134255435596,269.0,93.0,-0.09368926559869364
2019,12,REG,2019_12_GB_SF,GB,SF,2019-11-19T12:00:00.000000+0000,POSTGAME_ACTUAL_STARTER_IDENTITY_ONLY,build_qb_pregame_features,00-0023459,00-0031345,0.08773675084363466,0.05300061151178084,1015.0,438.0,-0.03473613933185382
2019,12,REG,2019_12_IND_HOU,IND,HOU,2019-11-19T12:00:00.000000+0000,POSTGAME_ACTUAL_STARTER_IDENTITY_ONLY,build_qb_pregame_features,00-0033119,00-0033537,0.034334608677156736,0.08896642864720782,279.0,981.0,0.05463181997005108
2019,12,REG,2019_12_JAX_TEN,JAX,TEN,2019-11-19T12:00:00.000000+0000,POSTGAME_ACTUAL_STARTER_IDENTITY_ONLY,build_qb_pregame_features,00-0029567,00-0029701,0.014737920991617377,-0.0695269846745658,333.0,462.0,-0.08426490566618318
2019,12,REG,2019_12_MIA_CLE,MIA,CLE,2019-11-19T12:00:00.000000+0000,POSTGAME_ACTUAL_STARTER_IDENTITY_ONLY,build_qb_pregame_features,00-0023682,00-0034855,0.048839645250748825,0.003171170615294183,537.0,878.0,-0.04566847463545464
2019,12,REG,2019_12_NYG_CHI,NYG,CHI,2019-11-19T12:00:00.000000+0000,POSTGAME_ACTUAL_STARTER_IDENTITY_ONLY,build_qb_pregame_features,00-0035710,00-0033869,-0.08691511118318074,0.020393940906678572,329.0,808.0,0.1073090520898593
2019,12,REG,2019_12_OAK_NYJ,LV,NYJ,2019-11-19T12:00:00.000000+0000,POSTGAME_ACTUAL_STARTER_IDENTITY_ONLY,build_qb_pregame_features,00-0031280,00-0034869,0.060574704484769676,-0.04380592438942188,929.0,700.0,-0.10438062887419156
2019,12,REG,2019_12_PIT_CIN,PIT,CIN,2019-11-19T12:00:00.000000+0000,POSTGAME_ACTUAL_STARTER_IDENTITY_ONLY,build_qb_pregame_features,00-0034771,00-0035652,-0.05354202443928417,-0.17981612675354974,260.0,68.0,-0.12627410231426556
2019,12,REG,2019_12_SEA_PHI,SEA,PHI,2019-11-19T12:00:00.000000+0000,POSTGAME_ACTUAL_STARTER_IDENTITY_ONLY,build_qb_pregame_features,00-0029263,00-0032950,0.11770200130018132,0.042494412966787576,860.0,800.0,-0.07520758833339375
2019,12,REG,2019_12_TB_ATL,TB,ATL,2019-11-19T12:00:00.000000+0000,POSTGAME_ACTUAL_STARTER_IDENTITY_ONLY,build_qb_pregame_features,00-0031503,00-0026143,0.03774763088156978,0.11519529645423245,847.0,1024.0,0.07744766557266267
2019,13,REG,2019_13_BUF_DAL,BUF,DAL,2019-11-26T12:00:00.000000+0000,POSTGAME_ACTUAL_STARTER_IDENTITY_ONLY,build_qb_pregame_features,00-0034857,00-0033077,-0.04776028241003854,0.10500632621631352,712.0,1059.0,0.15276660862635205
2019,13,REG,2019_13_CHI_DET,CHI,DET,2019-11-26T12:00:00.000000+0000,POSTGAME_ACTUAL_STARTER_IDENTITY_ONLY,build_qb_pregame_features,00-0033869,00-0035040,0.014485635340412889,-0.05,851.0,0.0,-0.06448563534041289
2019,13,REG,2019_13_CLE_PIT,CLE,PIT,2019-11-26T12:00:00.000000+0000,POSTGAME_ACTUAL_STARTER_IDENTITY_ONLY,build_qb_pregame_features,00-0034855,00-0035577,0.015142641545169408,-0.02213637384787173,913.0,42.0,-0.03727901539304114
2019,13,REG,2019_13_GB_NYG,GB,NYG,2019-11-26T12:00:00.000000+0000,POSTGAME_ACTUAL_STARTER_IDENTITY_ONLY,build_qb_pregame_features,00-0023459,00-0035710,0.07317098869259706,-0.1057430394038199,1053.0,366.0,-0.17891402809641696
2019,13,REG,2019_13_LAC_DEN,LAC,DEN,2019-11-26T12:00:00.000000+0000,POSTGAME_ACTUAL_STARTER_IDENTITY_ONLY,build_qb_pregame_features,00-0022942,00-0035704,0.12757223053964284,-0.05,1065.0,0.0,-0.17757223053964283
2019,13,REG,2019_13_LA_ARI,LAR,ARI,2019-11-26T12:00:00.000000+0000,POSTGAME_ACTUAL_STARTER_IDENTITY_ONLY,build_qb_pregame_features,00-0033106,00-0035228,0.09024752022004333,0.014633190624433804,1133.0,428.0,-0.07561432959560953
2019,13,REG,2019_13_MIN_SEA,MIN,SEA,2019-11-26T12:00:00.000000+0000,POSTGAME_ACTUAL_STARTER_IDENTITY_ONLY,build_qb_pregame_features,00-0029604,00-0029263,0.06217063916144762,0.1120941297915013,988.0,891.0,0.04992349063005368
2019,13,REG,2019_13_NE_HOU,NE,HOU,2019-11-26T12:00:00.000000+0000,POSTGAME_ACTUAL_STARTER_IDENTITY_ONLY,build_qb_pregame_features,00-0019596,00-0033537,0.0999454994882558,0.09292429413394257,1174.0,1012.0,-0.007021205354313234
2019,13,REG,2019_13_NO_ATL,NO,ATL,2019-11-26T12:00:00.000000+0000,POSTGAME_ACTUAL_STARTER_IDENTITY_ONLY,build_qb_pregame_features,00-0020531,00-0026143,0.17915743973706885,0.1006799647231438,807.0,1076.0,-0.07847747501392505
2019,13,REG,2019_13_NYJ_CIN,NYJ,CIN,2019-11-26T12:00:00.000000+0000,POSTGAME_ACTUAL_STARTER_IDENTITY_ONLY,build_qb_pregame_features,00-0034869,00-0027973,-0.026142343940290216,0.000866160410507185,730.0,753.0,0.0270085043507974
2019,13,REG,2019_13_OAK_KC,LV,KC,2019-11-26T12:00:00.000000+0000,POSTGAME_ACTUAL_STARTER_IDENTITY_ONLY,build_qb_pregame_features,00-0031280,00-0033873,0.05279123962282471,0.25640957190396363,957.0,1020.0,0.2036183322811389
2019,13,REG,2019_13_PHI_MIA,PHI,MIA,2019-11-26T12:00:00.000000+0000,POSTGAME_ACTUAL_STARTER_IDENTITY_ONLY,build_qb_pregame_features,00-0032950,00-0023682,0.03173725612572213,0.04144641401461749,848.0,580.0,0.009709157888895356
2019,13,REG,2019_13_SF_BAL,SF,BAL,2019-11-26T12:00:00.000000+0000,POSTGAME_ACTUAL_STARTER_IDENTITY_ONLY,build_qb_pregame_features,00-0031345,00-0034796,0.062290976614168145,0.12542734509777775,461.0,541.0,0.06313636848360961
2019,13,REG,2019_13_TB_JAX,TB,JAX,2019-11-26T12:00:00.000000+0000,POSTGAME_ACTUAL_STARTER_IDENTITY_ONLY,build_qb_pregame_features,00-0031503,00-0029567,0.04982367020154403,0.013148573476018492,875.0,384.0,-0.03667509672552554
2019,13,REG,2019_13_TEN_IND,TEN,IND,2019-11-26T12:00:00.000000+0000,POSTGAME_ACTUAL_STARTER_IDENTITY_ONLY,build_qb_pregame_features,00-0029701,00-0033119,-0.0498778652537734,0.030961184544613475,481.0,305.0,0.08083904979838688
2019,13,REG,2019_13_WAS_CAR,WAS,CAR,2019-11-26T12:00:00.000000+0000,POSTGAME_ACTUAL_STARTER_IDENTITY_ONLY,build_qb_pregame_features,00-0035232,00-0034577,-0.17964251506959256,-0.019729806750058757,125.0,383.0,0.1599127083195338
2019,14,REG,2019_14_BAL_BUF,BAL,BUF,2019-12-03T12:00:00.000000+0000,POSTGAME_ACTUAL_STARTER_IDENTITY_ONLY,build_qb_pregame_features,00-0034796,00-0034857,0.11926160655500934,-0.036635853726376774,565.0,740.0,-0.15589746028138612
2019,14,REG,2019_14_CAR_ATL,CAR,ATL,2019-12-03T12:00:00.000000+0000,POSTGAME_ACTUAL_STARTER_IDENTITY_ONLY,build_qb_pregame_features,00-0034577,00-0026143,-0.025052657711161885,0.08625841043727156,436.0,1135.0,0.11131106814843345
2019,14,REG,2019_14_CIN_CLE,CIN,CLE,2019-12-03T12:00:00.000000+0000,POSTGAME_ACTUAL_STARTER_IDENTITY_ONLY,build_qb_pregame_features,00-0027973,00-0034855,0.002745797262371976,0.011252070456362057,791.0,950.0,0.008506273193990081
2019,14,REG,2019_14_DAL_CHI,DAL,CHI,2019-12-03T12:00:00.000000+0000,POSTGAME_ACTUAL_STARTER_IDENTITY_ONLY,build_qb_pregame_features,00-0033077,00-0033869,0.09716526257913646,0.02406736060344153,1112.0,890.0,-0.07309790197569493
2019,14,REG,2019_14_DEN_HOU,DEN,HOU,2019-12-03T12:00:00.000000+0000,POSTGAME_ACTUAL_STARTER_IDENTITY_ONLY,build_qb_pregame_features,00-0035704,00-0033537,-0.05396320511267387,0.0995657029604108,28.0,1040.0,0.15352890807308467
2019,14,REG,2019_14_DET_MIN,DET,MIN,2019-12-03T12:00:00.000000+0000,POSTGAME_ACTUAL_STARTER_IDENTITY_ONLY,build_qb_pregame_features,00-0035040,00-0029604,-0.02808845218790202,0.06110768589230908,40.0,1026.0,0.0891961380802111
2019,14,REG,2019_14_IND_TB,IND,TB,2019-12-03T12:00:00.000000+0000,POSTGAME_ACTUAL_STARTER_IDENTITY_ONLY,build_qb_pregame_features,00-0033119,00-0031503,0.03218921503641066,0.0478067837636146,348.0,912.0,0.015617568727203941
2019,14,REG,2019_14_KC_NE,KC,NE,2019-12-03T12:00:00.000000+0000,POSTGAME_ACTUAL_STARTER_IDENTITY_ONLY,build_qb_pregame_features,00-0033873,00-0019596,0.25415731699843186,0.09822966327390492,1050.0,1224.0,-0.15592765372452694
2019,14,REG,2019_14_LAC_JAX,LAC,JAX,2019-12-03T12:00:00.000000+0000,POSTGAME_ACTUAL_STARTER_IDENTITY_ONLY,build_qb_pregame_features,00-0022942,00-0035289,0.1275199574776654,-0.03272013132969,1097.0,357.0,-0.1602400888073554
2019,14,REG,2019_14_MIA_NYJ,MIA,NYJ,2019-12-03T12:00:00.000000+0000,POSTGAME_ACTUAL_STARTER_IDENTITY_ONLY,build_qb_pregame_features,00-0023682,00-0034869,0.055113507758268315,-0.034062867100321734,622.0,782.0,-0.08917637485859005
2019,14,REG,2019_14_NYG_PHI,NYG,PHI,2019-12-03T12:00:00.000000+0000,POSTGAME_ACTUAL_STARTER_IDENTITY_ONLY,build_qb_pregame_features,00-0022803,00-0032950,0.010234919676723124,0.03899707671300487,714.0,896.0,0.028762157036281745
2019,14,REG,2019_14_PIT_ARI,PIT,ARI,2019-12-03T12:00:00.000000+0000,POSTGAME_ACTUAL_STARTER_IDENTITY_ONLY,build_qb_pregame_features,00-0035577,00-0035228,-0.006391181389520426,-0.018077982807792485,64.0,468.0,-0.01168680141827206
2019,14,REG,2019_14_SEA_LA,SEA,LAR,2019-12-03T12:00:00.000000+0000,POSTGAME_ACTUAL_STARTER_IDENTITY_ONLY,build_qb_pregame_features,00-0029263,00-0033106,0.11162118060506114,0.10458457194863562,924.0,1177.0,-0.007036608656425525
2019,14,REG,2019_14_SF_NO,SF,NO,2019-12-03T12:00:00.000000+0000,POSTGAME_ACTUAL_STARTER_IDENTITY_ONLY,build_qb_pregame_features,00-0031345,00-0020531,0.06320477711697621,0.17337428267138483,484.0,837.0,0.11016950555440862
2019,14,REG,2019_14_TEN_OAK,TEN,LV,2019-12-03T12:00:00.000000+0000,POSTGAME_ACTUAL_STARTER_IDENTITY_ONLY,build_qb_pregame_features,00-0029701,00-0031280,-0.05443184516441421,0.04757330210041891,509.0,989.0,0.10200514726483312
2019,14,REG,2019_14_WAS_GB,WAS,GB,2019-12-03T12:00:00.000000+0000,POSTGAME_ACTUAL_STARTER_IDENTITY_ONLY,build_qb_pregame_features,00-0035232,00-0023459,-0.18514925655444786,0.08594552119962946,155.0,1086.0,0.2710947777540773
2019,15,REG,2019_15_ATL_SF,ATL,SF,2019-12-10T12:00:00.000000+0000,POSTGAME_ACTUAL_STARTER_IDENTITY_ONLY,build_qb_pregame_features,00-0026143,00-0031345,0.08843290272558788,0.08088208027089792,1170.0,522.0,-0.007550822454689951
2019,15,REG,2019_15_BUF_PIT,BUF,PIT,2019-12-10T12:00:00.000000+0000,POSTGAME_ACTUAL_STARTER_IDENTITY_ONLY,build_qb_pregame_features,00-0034857,00-0035577,-0.054343563574728714,0.012546703152712647,785.0,86.0,0.06689026672744136
2019,15,REG,2019_15_CHI_GB,CHI,GB,2019-12-10T12:00:00.000000+0000,POSTGAME_ACTUAL_STARTER_IDENTITY_ONLY,build_qb_pregame_features,00-0033869,00-0023459,0.028773449893784886,0.08103455542157822,923.0,1118.0,0.05226110552779334
2019,15,REG,2019_15_CLE_ARI,CLE,ARI,2019-12-10T12:00:00.000000+0000,POSTGAME_ACTUAL_STARTER_IDENTITY_ONLY,build_qb_pregame_features,00-0034855,00-0035228,0.009300557971186053,-0.025000909045249882,975.0,503.0,-0.03430146701643594
2019,15,REG,2019_15_DEN_KC,DEN,KC,2019-12-10T12:00:00.000000+0000,POSTGAME_ACTUAL_STARTER_IDENTITY_ONLY,build_qb_pregame_features,00-0035704,00-0033873,0.00877940594467748,0.2493042081375546,56.0,1091.0,0.24052480219287714
2019,15,REG,2019_15_HOU_TEN,HOU,TEN,2019-12-10T12:00:00.000000+0000,POSTGAME_ACTUAL_STARTER_IDENTITY_ONLY,build_qb_pregame_features,00-0033537,00-0029701,0.0933240082439517,-0.022445623323982946,1093.0,536.0,-0.11576963156793466
2019,15,REG,2019_15_IND_NO,IND,NO,2019-12-10T12:00:00.000000+0000,POSTGAME_ACTUAL_STARTER_IDENTITY_ONLY,build_qb_pregame_features,00-0033119,00-0020531,0.03611487295493881,0.18263826211178957,385.0,877.0,0.14652338915685076
2019,15,REG,2019_15_JAX_OAK,JAX,LV,2019-12-10T12:00:00.000000+0000,POSTGAME_ACTUAL_STARTER_IDENTITY_ONLY,build_qb_pregame_features,00-0035289,00-0031280,-0.05292673745703595,0.05089176620221167,396.0,1025.0,0.10381850365924762
2019,15,REG,2019_15_LA_DAL,LAR,DAL,2019-12-10T12:00:00.000000+0000,POSTGAME_ACTUAL_STARTER_IDENTITY_ONLY,build_qb_pregame_features,00-0033106,00-0033077,0.10783014989410505,0.0959428108706009,1208.0,1163.0,-0.011887339023504154
2019,15,REG,2019_15_MIA_NYG,MIA,NYG,2019-12-10T12:00:00.000000+0000,POSTGAME_ACTUAL_STARTER_IDENTITY_ONLY,build_qb_pregame_features,00-0023682,00-0022803,0.05250060441515941,0.008049844878856576,661.0,746.0,-0.044450759536302835
2019,15,REG,2019_15_MIN_LAC,MIN,LAC,2019-12-10T12:00:00.000000+0000,POSTGAME_ACTUAL_STARTER_IDENTITY_ONLY,build_qb_pregame_features,00-0029604,00-0022942,0.064054993811358,0.14392069198899826,1057.0,1120.0,0.07986569817764026
2019,15,REG,2019_15_NE_CIN,NE,CIN,2019-12-10T12:00:00.000000+0000,POSTGAME_ACTUAL_STARTER_IDENTITY_ONLY,build_qb_pregame_features,00-0019596,00-0027973,0.08345757875313925,-0.002532110605539147,1263.0,831.0,-0.0859896893586784
2019,15,REG,2019_15_NYJ_BAL,NYJ,BAL,2019-12-10T12:00:00.000000+0000,POSTGAME_ACTUAL_STARTER_IDENTITY_ONLY,build_qb_pregame_features,00-0034869,00-0034796,-0.025470685476352624,0.11642479343635866,819.0,591.0,0.1418954789127113
2019,15,REG,2019_15_PHI_WAS,PHI,WAS,2019-12-10T12:00:00.000000+0000,POSTGAME_ACTUAL_STARTER_IDENTITY_ONLY,build_qb_pregame_features,00-0032950,00-0035232,0.04073427965567924,-0.17538624435177042,949.0,186.0,-0.21612052400744966
2019,15,REG,2019_15_SEA_CAR,SEA,CAR,2019-12-10T12:00:00.000000+0000,POSTGAME_ACTUAL_STARTER_IDENTITY_ONLY,build_qb_pregame_features,00-0029263,00-0034577,0.10253505826343992,-0.032955485593528594,965.0,482.0,-0.13549054385696851
2019,15,REG,2019_15_TB_DET,TB,DET,2019-12-10T12:00:00.000000+0000,POSTGAME_ACTUAL_STARTER_IDENTITY_ONLY,build_qb_pregame_features,00-0031503,00-0035040,0.05574630990282528,-0.0513608648346747,958.0,85.0,-0.10710717473749998
2019,16,REG,2019_16_ARI_SEA,ARI,SEA,2019-12-17T12:00:00.000000+0000,POSTGAME_ACTUAL_STARTER_IDENTITY_ONLY,build_qb_pregame_features,00-0035228,00-0029263,-0.012520386482081983,0.11516254604340338,528.0,993.0,0.12768293252548538
2019,16,REG,2019_16_BAL_CLE,BAL,CLE,2019-12-17T12:00:00.000000+0000,POSTGAME_ACTUAL_STARTER_IDENTITY_ONLY,build_qb_pregame_features,00-0034796,00-0034855,0.13295893017546512,0.013346861565098447,615.0,1019.0,-0.11961206861036668
2019,16,REG,2019_16_BUF_NE,BUF,NE,2019-12-17T12:00:00.000000+0000,POSTGAME_ACTUAL_STARTER_IDENTITY_ONLY,build_qb_pregame_features,00-0034857,00-0019596,-0.055092373783608185,0.08031396591615732,811.0,1294.0,0.1354063396997655
2019,16,REG,2019_16_CAR_IND,CAR,IND,2019-12-17T12:00:00.000000+0000,POSTGAME_ACTUAL_STARTER_IDENTITY_ONLY,build_qb_pregame_features,00-0035251,00-0033119,-0.05,0.01992843430062509,0.0,420.0,0.06992843430062509
2019,16,REG,2019_16_CIN_MIA,CIN,MIA,2019-12-17T12:00:00.000000+0000,POSTGAME_ACTUAL_STARTER_IDENTITY_ONLY,build_qb_pregame_features,00-0027973,00-0023682,-0.014434135620852955,0.05101086048877182,862.0,705.0,0.06544499610962477
2019,16,REG,2019_16_DAL_PHI,DAL,PHI,2019-12-17T12:00:00.000000+0000,POSTGAME_ACTUAL_STARTER_IDENTITY_ONLY,build_qb_pregame_features,00-0033077,00-0032950,0.09988170207837781,0.0460705164253776,1186.0,994.0,-0.05381118565300021
2019,16,REG,2019_16_DET_DEN,DET,DEN,2019-12-17T12:00:00.000000+0000,POSTGAME_ACTUAL_STARTER_IDENTITY_ONLY,build_qb_pregame_features,00-0035040,00-0035704,-0.0931247266562304,-0.024692666530437217,130.0,98.0,0.06843206012579317
2019,16,REG,2019_16_GB_MIN,GB,MIN,2019-12-17T12:00:00.000000+0000,POSTGAME_ACTUAL_STARTER_IDENTITY_ONLY,build_qb_pregame_features,00-0023459,00-0029604,0.07554260957495874,0.06768782951675034,1152.0,1082.0,-0.007854780058208402
2019,16,REG,2019_16_HOU_TB,HOU,TB,2019-12-17T12:00:00.000000+0000,POSTGAME_ACTUAL_STARTER_IDENTITY_ONLY,build_qb_pregame_features,00-0033537,00-0031503,0.09501076557311376,0.07436422769742301,1121.0,1002.0,-0.02064653787569075
2019,16,REG,2019_16_JAX_ATL,JAX,ATL,2019-12-17T12:00:00.000000+0000,POSTGAME_ACTUAL_STARTER_IDENTITY_ONLY,build_qb_pregame_features,00-0035289,00-0026143,-0.042839558754710086,0.09034963185209963,427.0,1211.0,0.13318919060680973
2019,16,REG,2019_16_KC_CHI,KC,CHI,2019-12-17T12:00:00.000000+0000,POSTGAME_ACTUAL_STARTER_IDENTITY_ONLY,build_qb_pregame_features,00-0033873,00-0033869,0.25068587122337127,0.023997781819914292,1128.0,979.0,-0.22668808940345697
2019,16,REG,2019_16_LA_SF,LAR,SF,2019-12-17T12:00:00.000000+0000,POSTGAME_ACTUAL_STARTER_IDENTITY_ONLY,build_qb_pregame_features,00-0033106,00-0031345,0.0992971994652617,0.07955212974746223,1261.0,557.0,-0.019745069717799477
2019,16,REG,2019_16_NO_TEN,NO,TEN,2019-12-17T12:00:00.000000+0000,POSTGAME_ACTUAL_STARTER_IDENTITY_ONLY,build_qb_pregame_features,00-0020531,00-0029701,0.19685832464945072,-0.01711261082185581,907.0,574.0,-0.21397093547130652
2019,16,REG,2019_16_NYG_WAS,NYG,WAS,2019-12-17T12:00:00.000000+0000,POSTGAME_ACTUAL_STARTER_IDENTITY_ONLY,build_qb_pregame_features,00-0035710,00-0035232,-0.10598569098936622,-0.15672679712861826,403.0,215.0,-0.050741106139252035
2019,16,REG,2019_16_OAK_LAC,LV,LAC,2019-12-17T12:00:00.000000+0000,POSTGAME_ACTUAL_STARTER_IDENTITY_ONLY,build_qb_pregame_features,00-0031280,00-0022942,0.052760046921157544,0.1358690980224013,1065.0,1162.0,0.08310905110124375
2019,16,REG,2019_16_PIT_NYJ,PIT,NYJ,2019-12-17T12:00:00.000000+0000,POSTGAME_ACTUAL_STARTER_IDENTITY_ONLY,build_qb_pregame_features,00-0035577,00-0034869,-0.029410762187385257,-0.03124715314056939,128.0,852.0,-0.0018363909531841326
2019,17,REG,2019_17_ARI_LA,ARI,LAR,2019-12-24T12:00:00.000000+0000,POSTGAME_ACTUAL_STARTER_IDENTITY_ONLY,build_qb_pregame_features,00-0035228,00-0033106,-0.010736660761705801,0.09874827072606839,547.0,1307.0,0.10948493148777419
2019,17,REG,2019_17_ATL_TB,ATL,TB,2019-12-24T12:00:00.000000+0000,POSTGAME_ACTUAL_STARTER_IDENTITY_ONLY,build_qb_pregame_features,00-0026143,00-0031503,0.09458387508079401,0.06725482036415249,1257.0,1053.0,-0.027329054716641515
2019,17,REG,2019_17_CHI_MIN,CHI,MIN,2019-12-24T12:00:00.000000+0000,POSTGAME_ACTUAL_STARTER_IDENTITY_ONLY,build_qb_pregame_features,00-0033869,00-0032245,0.012510498724968976,-0.04444093861182871,1016.0,3.0,-0.05695143733679769
2019,17,REG,2019_17_CLE_CIN,CLE,CIN,2019-12-24T12:00:00.000000+0000,POSTGAME_ACTUAL_STARTER_IDENTITY_ONLY,build_qb_pregame_features,00-0034855,00-0027973,0.013612367037811955,-0.002939025334598112,1052.0,922.0,-0.016551392372410066
2019,17,REG,2019_17_GB_DET,GB,DET,2019-12-24T12:00:00.000000+0000,POSTGAME_ACTUAL_STARTER_IDENTITY_ONLY,build_qb_pregame_features,00-0023459,00-0035040,0.06827911202809014,-0.09944150105465983,1195.0,158.0,-0.16772061308275
2019,17,REG,2019_17_IND_JAX,IND,JAX,2019-12-24T12:00:00.000000+0000,POSTGAME_ACTUAL_STARTER_IDENTITY_ONLY,build_qb_pregame_features,00-0033119,00-0035289,0.009061709312097904,-0.048669215854726444,450.0,461.0,-0.05773092516682435
2019,17,REG,2019_17_LAC_KC,LAC,KC,2019-12-24T12:00:00.000000+0000,POSTGAME_ACTUAL_STARTER_IDENTITY_ONLY,build_qb_pregame_features,00-0022942,00-0033873,0.13526231719126272,0.2544060108076463,1202.0,1162.0,0.11914369361638358
2019,17,REG,2019_17_MIA_NE,MIA,NE,2019-12-24T12:00:00.000000+0000,POSTGAME_ACTUAL_STARTER_IDENTITY_ONLY,build_qb_pregame_features,00-0023682,00-0019596,0.06664142349246707,0.08726004947804243,759.0,1327.0,0.02061862598557536
2019,17,REG,2019_17_NO_CAR,NO,CAR,2019-12-24T12:00:00.000000+0000,POSTGAME_ACTUAL_STARTER_IDENTITY_ONLY,build_qb_pregame_features,00-0020531,00-0035251,0.19737789341912532,-0.08648288249164429,948.0,49.0,-0.28386077591076964
2019,17,REG,2019_17_NYJ_BUF,NYJ,BUF,2019-12-24T12:00:00.000000+0000,POSTGAME_ACTUAL_STARTER_IDENTITY_ONLY,build_qb_pregame_features,00-0034869,00-0034857,-0.035105963454016134,-0.05126137597035979,880.0,841.0,-0.016155412516343656
2019,17,REG,2019_17_OAK_DEN,LV,DEN,2019-12-24T12:00:00.000000+0000,POSTGAME_ACTUAL_STARTER_IDENTITY_ONLY,build_qb_pregame_features,00-0031280,00-0035704,0.06204808093178561,-0.009228310367678173,1098.0,131.0,-0.07127639129946378
2019,17,REG,2019_17_PHI_NYG,PHI,NYG,2019-12-24T12:00:00.000000+0000,POSTGAME_ACTUAL_STARTER_IDENTITY_ONLY,build_qb_pregame_features,00-0032950,00-0035710,0.051252108125245006,-0.060390595173641745,1035.0,446.0,-0.11164270329888676
2019,17,REG,2019_17_PIT_BAL,PIT,BAL,2019-12-24T12:00:00.000000+0000,POSTGAME_ACTUAL_STARTER_IDENTITY_ONLY,build_qb_pregame_features,00-0035577,00-0029665,-0.04895015137514901,-0.016400901803458136,148.0,25.0,0.03254924957169088
2019,17,REG,2019_17_SF_SEA,SF,SEA,2019-12-24T12:00:00.000000+0000,POSTGAME_ACTUAL_STARTER_IDENTITY_ONLY,build_qb_pregame_features,00-0031345,00-0029263,0.06960712825940808,0.10855925839790864,590.0,1029.0,0.03895213013850056
2019,17,REG,2019_17_TEN_HOU,TEN,HOU,2019-12-24T12:00:00.000000+0000,POSTGAME_ACTUAL_STARTER_IDENTITY_ONLY,build_qb_pregame_features,00-0029701,00-0031288,-0.00808887555582511,-0.07378689340012556,606.0,6.0,-0.06569801784430046
2019,17,REG,2019_17_WAS_DAL,WAS,DAL,2019-12-24T12:00:00.000000+0000,POSTGAME_ACTUAL_STARTER_IDENTITY_ONLY,build_qb_pregame_features,00-0028986,00-0033077,-0.016270574364607313,0.0935288427165125,843.0,1232.0,0.10979941708111982
2019,18,WC,2019_18_BUF_HOU,BUF,HOU,2019-12-31T12:00:00.000000+0000,POSTGAME_ACTUAL_STARTER_IDENTITY_ONLY,build_qb_pregame_features,00-0034857,00-0033537,-0.05517714384041835,0.08765667505426512,846.0,1158.0,0.14283381889468347
2019,18,WC,2019_18_MIN_NO,MIN,NO,2019-12-31T12:00:00.000000+0000,POSTGAME_ACTUAL_STARTER_IDENTITY_ONLY,build_qb_pregame_features,00-0029604,00-0020531,0.05077514704934866,0.2080720268399781,1118.0,978.0,0.15729687979062945
2019,18,WC,2019_18_SEA_PHI,SEA,PHI,2019-12-31T12:00:00.000000+0000,POSTGAME_ACTUAL_STARTER_IDENTITY_ONLY,build_qb_pregame_features,00-0029263,00-0032950,0.11362614220883287,0.05409132642171723,1070.0,1076.0,-0.059534815787115634
2019,18,WC,2019_18_TEN_NE,TEN,NE,2019-12-31T12:00:00.000000+0000,POSTGAME_ACTUAL_STARTER_IDENTITY_ONLY,build_qb_pregame_features,00-0029701,00-0019596,0.009719437077581015,0.0857220131868482,626.0,1357.0,0.0760025761092672
2019,19,DIV,2019_19_HOU_KC,HOU,KC,2020-01-07T12:00:00.000000+0000,POSTGAME_ACTUAL_STARTER_IDENTITY_ONLY,build_qb_pregame_features,00-0033537,00-0033873,0.08969720096681079,0.24817364029238845,1190.0,1187.0,0.15847643932557764
2019,19,DIV,2019_19_MIN_SF,MIN,SF,2020-01-07T12:00:00.000000+0000,POSTGAME_ACTUAL_STARTER_IDENTITY_ONLY,build_qb_pregame_features,00-0029604,00-0031345,0.05850246020301128,0.08414691102392369,1151.0,614.0,0.025644450820912407
2019,19,DIV,2019_19_SEA_GB,SEA,GB,2020-01-07T12:00:00.000000+0000,POSTGAME_ACTUAL_STARTER_IDENTITY_ONLY,build_qb_pregame_features,00-0029263,00-0023459,0.12236324774923293,0.07086528587418914,1101.0,1251.0,-0.051497961875043796
2019,19,DIV,2019_19_TEN_BAL,TEN,BAL,2020-01-07T12:00:00.000000+0000,POSTGAME_ACTUAL_STARTER_IDENTITY_ONLY,build_qb_pregame_features,00-0029701,00-0034796,0.007826380801872462,0.14179342951425375,642.0,646.0,0.1339670487123813
2019,20,CON,2019_20_GB_SF,GB,SF,2020-01-14T12:00:00.000000+0000,POSTGAME_ACTUAL_STARTER_IDENTITY_ONLY,build_qb_pregame_features,00-0023459,00-0031345,0.077981140189475,0.08141693462297507,1280.0,635.0,0.003435794433500075
2019,20,CON,2019_20_TEN_KC,TEN,KC,2020-01-14T12:00:00.000000+0000,POSTGAME_ACTUAL_STARTER_IDENTITY_ONLY,build_qb_pregame_features,00-0029701,00-0033873,0.0076715107377349386,0.25548067115093265,657.0,1222.0,0.2478091604131977
2019,21,SB,2019_21_SF_KC,SF,KC,2020-01-28T12:00:00.000000+0000,POSTGAME_ACTUAL_STARTER_IDENTITY_ONLY,build_qb_pregame_features,00-0031345,00-0033873,0.08026893413420066,0.2595883228741555,644.0,1259.0,0.17931938873995484
2020,1,REG,2020_01_ARI_SF,ARI,SF,2020-09-08T12:00:00.000000+0000,POSTGAME_ACTUAL_STARTER_IDENTITY_ONLY,build_qb_pregame_features,00-0035228,00-0031345,0.00007018459353208724,0.07884570455105999,590.0,676.0,0.0787755199575279
2020,1,REG,2020_01_CHI_DET,CHI,DET,2020-09-08T12:00:00.000000+0000,POSTGAME_ACTUAL_STARTER_IDENTITY_ONLY,build_qb_pregame_features,00-0033869,00-0026498,0.010836024741059543,0.056661545210158044,1057.0,904.0,0.045825520469098505
2020,1,REG,2020_01_CLE_BAL,CLE,BAL,2020-09-08T12:00:00.000000+0000,POSTGAME_ACTUAL_STARTER_IDENTITY_ONLY,build_qb_pregame_features,00-0034855,00-0034796,0.014787391288921483,0.11922522820392668,1085.0,709.0,0.1044378369150052
2020,1,REG,2020_01_DAL_LA,DAL,LAR,2020-09-08T12:00:00.000000+0000,POSTGAME_ACTUAL_STARTER_IDENTITY_ONLY,build_qb_pregame_features,00-0033077,00-0033106,0.0967730246190011,0.10530338344230172,1268.0,1353.0,0.008530358823300624
2020,1,REG,2020_01_GB_MIN,GB,MIN,2020-09-08T12:00:00.000000+0000,POSTGAME_ACTUAL_STARTER_IDENTITY_ONLY,build_qb_pregame_features,00-0023459,00-0029604,0.08213446181594365,0.04788842819554935,1322.0,1186.0,-0.0342460336203943
2020,1,REG,2020_01_HOU_KC,HOU,KC,2020-09-08T12:00:00.000000+0000,POSTGAME_ACTUAL_STARTER_IDENTITY_ONLY,build_qb_pregame_features,00-0033537,00-0033873,0.08945765197972569,0.25342060010075396,1246.0,1305.0,0.16396294812102827
2020,1,REG,2020_01_IND_JAX,IND,JAX,2020-09-08T12:00:00.000000+0000,POSTGAME_ACTUAL_STARTER_IDENTITY_ONLY,build_qb_pregame_features,00-0022942,00-0035289,0.13682766716739297,-0.03260816734799605,1251.0,503.0,-0.16943583451538902
2020,1,REG,2020_01_LAC_CIN,LAC,CIN,2020-09-08T12:00:00.000000+0000,POSTGAME_ACTUAL_STARTER_IDENTITY_ONLY,build_qb_pregame_features,00-0028118,00-0036442,-0.09911745096005511,-0.05,104.0,0.0,0.04911745096005511
2020,1,REG,2020_01_LV_CAR,LV,CAR,2020-09-08T12:00:00.000000+0000,POSTGAME_ACTUAL_STARTER_IDENTITY_ONLY,build_qb_pregame_features,00-0031280,00-0031237,0.06677139165374067,0.010620718892725593,1146.0,233.0,-0.05615067276101508
2020,1,REG,2020_01_MIA_NE,MIA,NE,2020-09-08T12:00:00.000000+0000,POSTGAME_ACTUAL_STARTER_IDENTITY_ONLY,build_qb_pregame_features,00-0023682,00-0027939,0.07559105673738585,0.01880068841878535,802.0,595.0,-0.0567903683186005
2020,1,REG,2020_01_NYJ_BUF,NYJ,BUF,2020-09-08T12:00:00.000000+0000,POSTGAME_ACTUAL_STARTER_IDENTITY_ONLY,build_qb_pregame_features,00-0034869,00-0034857,-0.032355602067963174,-0.054913049298913254,918.0,895.0,-0.02255744723095008
2020,1,REG,2020_01_PHI_WAS,PHI,WAS,2020-09-08T12:00:00.000000+0000,POSTGAME_ACTUAL_STARTER_IDENTITY_ONLY,build_qb_pregame_features,00-0032950,00-0035232,0.05055470417279148,-0.12986458049451677,1081.0,232.0,-0.18041928466730825
2020,1,REG,2020_01_PIT_NYG,PIT,NYG,2020-09-08T12:00:00.000000+0000,POSTGAME_ACTUAL_STARTER_IDENTITY_ONLY,build_qb_pregame_features,00-0022924,00-0035710,0.11984666352991637,-0.06794439924299615,763.0,497.0,-0.18779106277291252
2020,1,REG,2020_01_SEA_ATL,SEA,ATL,2020-09-08T12:00:00.000000+0000,POSTGAME_ACTUAL_STARTER_IDENTITY_ONLY,build_qb_pregame_features,00-0029263,00-0026143,0.12659834355870928,0.0874716225354577,1137.0,1314.0,-0.03912672102325157
2020,1,REG,2020_01_TB_NO,TB,NO,2020-09-08T12:00:00.000000+0000,POSTGAME_ACTUAL_STARTER_IDENTITY_ONLY,build_qb_pregame_features,00-0019596,00-0020531,0.08173823870670606,0.19180197416696237,1394.0,1014.0,0.11006373546025632
2020,1,REG,2020_01_TEN_DEN,TEN,DEN,2020-09-08T12:00:00.000000+0000,POSTGAME_ACTUAL_STARTER_IDENTITY_ONLY,build_qb_pregame_features,00-0029701,00-0035704,0.011146200107909817,0.003014749955962119,691.0,161.0,-0.008131450151947698
2020,2,REG,2020_02_ATL_DAL,ATL,DAL,2020-09-15T12:00:00.000000+0000,POSTGAME_ACTUAL_STARTER_IDENTITY_ONLY,build_qb_pregame_features,00-0026143,00-0033077,0.08820393772417298,0.09099453127725865,1370.0,1310.0,0.0027905935530856685
2020,2,REG,2020_02_BAL_HOU,BAL,HOU,2020-09-15T12:00:00.000000+0000,POSTGAME_ACTUAL_STARTER_IDENTITY_ONLY,build_qb_pregame_features,00-0034796,00-0033537,0.13079910315420604,0.08965918868539298,736.0,1282.0,-0.04113991446881306
2020,2,REG,2020_02_BUF_MIA,BUF,MIA,2020-09-15T12:00:00.000000+0000,POSTGAME_ACTUAL_STARTER_IDENTITY_ONLY,build_qb_pregame_features,00-0034857,00-0023682,-0.04087495987670333,0.06524549577197322,944.0,833.0,0.10612045564867656
2020,2,REG,2020_02_CAR_TB,CAR,TB,2020-09-15T12:00:00.000000+0000,POSTGAME_ACTUAL_STARTER_IDENTITY_ONLY,build_qb_pregame_features,00-0031237,00-0019596,0.02242271731111434,0.07400323615161557,268.0,1433.0,0.05158051884050123
2020,2,REG,2020_02_CIN_CLE,CIN,CLE,2020-09-15T12:00:00.000000+0000,POSTGAME_ACTUAL_STARTER_IDENTITY_ONLY,build_qb_pregame_features,00-0036442,00-0034855,-0.06520973239211413,0.0065109412800374074,39.0,1126.0,0.07172067367215153
2020,2,REG,2020_02_DEN_PIT,DEN,PIT,2020-09-15T12:00:00.000000+0000,POSTGAME_ACTUAL_STARTER_IDENTITY_ONLY,build_qb_pregame_features,00-0035704,00-0022924,-0.0023597161544625864,0.13016372766915088,194.0,797.0,0.13252344382361347
2020,2,REG,2020_02_DET_GB,DET,GB,2020-09-15T12:00:00.000000+0000,POSTGAME_ACTUAL_STARTER_IDENTITY_ONLY,build_qb_pregame_features,00-0026498,00-0023459,0.05625302331381542,0.09159542774167463,947.0,1366.0,0.035342404427859214
2020,2,REG,2020_02_JAX_TEN,JAX,TEN,2020-09-15T12:00:00.000000+0000,POSTGAME_ACTUAL_STARTER_IDENTITY_ONLY,build_qb_pregame_features,00-0035289,00-0029701,-0.021882150182175014,0.021414227718703768,527.0,735.0,0.043296377900878785
2020,2,REG,2020_02_KC_LAC,KC,LAC,2020-09-15T12:00:00.000000+0000,POSTGAME_ACTUAL_STARTER_IDENTITY_ONLY,build_qb_pregame_features,00-0033873,00-0036355,0.2569945903056627,-0.05,1338.0,0.0,-0.3069945903056627
2020,2,REG,2020_02_LA_PHI,LAR,PHI,2020-09-15T12:00:00.000000+0000,POSTGAME_ACTUAL_STARTER_IDENTITY_ONLY,build_qb_pregame_features,00-0033106,00-0032950,0.10627100058910866,0.03621087079720686,1385.0,1131.0,-0.07006012979190179
2020,2,REG,2020_02_MIN_IND,MIN,IND,2020-09-15T12:00:00.000000+0000,POSTGAME_ACTUAL_STARTER_IDENTITY_ONLY,build_qb_pregame_features,00-0029604,00-0022942,0.05152512280846058,0.1392356750810356,1213.0,1297.0,0.08771055227257502
2020,2,REG,2020_02_NE_SEA,NE,SEA,2020-09-15T12:00:00.000000+0000,POSTGAME_ACTUAL_STARTER_IDENTITY_ONLY,build_qb_pregame_features,00-0027939,00-0029263,0.022150421319634114,0.13709783367638337,616.0,1175.0,0.11494741235674925
2020,2,REG,2020_02_NO_LV,NO,LV,2020-09-15T12:00:00.000000+0000,POSTGAME_ACTUAL_STARTER_IDENTITY_ONLY,build_qb_pregame_features,00-0020531,00-0031280,0.1849259224004243,0.07333451401056773,1045.0,1176.0,-0.11159140838985657
2020,2,REG,2020_02_NYG_CHI,NYG,CHI,2020-09-15T12:00:00.000000+0000,POSTGAME_ACTUAL_STARTER_IDENTITY_ONLY,build_qb_pregame_features,00-0035710,00-0033869,-0.06576740804127108,0.01244540147863051,541.0,1094.0,0.07821280951990159
2020,2,REG,2020_02_SF_NYJ,SF,NYJ,2020-09-15T12:00:00.000000+0000,POSTGAME_ACTUAL_STARTER_IDENTITY_ONLY,build_qb_pregame_features,00-0031345,00-0034869,0.07630908706455745,-0.03489775531564031,712.0,956.0,-0.11120684238019776
2020,2,REG,2020_02_WAS_ARI,WAS,ARI,2020-09-15T12:00:00.000000+0000,POSTGAME_ACTUAL_STARTER_IDENTITY_ONLY,build_qb_pregame_features,00-0035232,00-0035228,-0.12773603236805012,-0.003677973302876546,266.0,632.0,0.12405805906517357
2020,3,REG,2020_03_CAR_LAC,CAR,LAC,2020-09-22T12:00:00.000000+0000,POSTGAME_ACTUAL_STARTER_IDENTITY_ONLY,build_qb_pregame_features,00-0031237,00-0036355,0.013788777570477643,-0.034486958436354666,315.0,35.0,-0.04827573600683231
2020,3,REG,2020_03_CHI_ATL,CHI,ATL,2020-09-22T12:00:00.000000+0000,POSTGAME_ACTUAL_STARTER_IDENTITY_ONLY,build_qb_pregame_features,00-0033869,00-0026143,0.013399875623947845,0.09504420492624731,1126.0,1407.0,0.08164432930229946
2020,3,REG,2020_03_CIN_PHI,CIN,PHI,2020-09-22T12:00:00.000000+0000,POSTGAME_ACTUAL_STARTER_IDENTITY_ONLY,build_qb_pregame_features,00-0036442,00-0032950,-0.0213165314284794,0.028006586255147403,103.0,1174.0,0.04932311768362681
2020,3,REG,2020_03_DAL_SEA,DAL,SEA,2020-09-22T12:00:00.000000+0000,POSTGAME_ACTUAL_STARTER_IDENTITY_ONLY,build_qb_pregame_features,00-0033077,00-0029263,0.10000820966874009,0.14156078064542485,1358.0,1205.0,0.04155257097668476
2020,3,REG,2020_03_DET_ARI,DET,ARI,2020-09-22T12:00:00.000000+0000,POSTGAME_ACTUAL_STARTER_IDENTITY_ONLY,build_qb_pregame_features,00-0026498,00-0035228,0.05003298920213447,0.000581919884006651,984.0,673.0,-0.049451069318127816
2020,3,REG,2020_03_GB_NO,GB,NO,2020-09-22T12:00:00.000000+0000,POSTGAME_ACTUAL_STARTER_IDENTITY_ONLY,build_qb_pregame_features,00-0023459,00-0020531,0.0990788604390221,0.18239860920357326,1397.0,1083.0,0.08331974876455116
2020,3,REG,2020_03_HOU_PIT,HOU,PIT,2020-09-22T12:00:00.000000+0000,POSTGAME_ACTUAL_STARTER_IDENTITY_ONLY,build_qb_pregame_features,00-0033537,00-0022924,0.08784633480954493,0.1260921457575178,1322.0,839.0,0.03824581094797286
2020,3,REG,2020_03_KC_BAL,KC,BAL,2020-09-22T12:00:00.000000+0000,POSTGAME_ACTUAL_STARTER_IDENTITY_ONLY,build_qb_pregame_features,00-0033873,00-0034796,0.25155756499357435,0.13266973520240408,1386.0,764.0,-0.11888782979117027
2020,3,REG,2020_03_LA_BUF,LAR,BUF,2020-09-22T12:00:00.000000+0000,POSTGAME_ACTUAL_STARTER_IDENTITY_ONLY,build_qb_pregame_features,00-0033106,00-0034857,0.11731734236713556,-0.015101003385955249,1413.0,980.0,-0.1324183457530908
2020,3,REG,2020_03_LV_NE,LV,NE,2020-09-22T12:00:00.000000+0000,POSTGAME_ACTUAL_STARTER_IDENTITY_ONLY,build_qb_pregame_features,00-0031280,00-0027939,0.08106924296275222,0.044635678430959336,1217.0,661.0,-0.03643356453179289
2020,3,REG,2020_03_MIA_JAX,MIA,JAX,2020-09-22T12:00:00.000000+0000,POSTGAME_ACTUAL_STARTER_IDENTITY_ONLY,build_qb_pregame_features,00-0023682,00-0035289,0.06887222933443901,-0.006434827406955095,883.0,574.0,-0.07530705674139411
2020,3,REG,2020_03_NYJ_IND,NYJ,IND,2020-09-22T12:00:00.000000+0000,POSTGAME_ACTUAL_STARTER_IDENTITY_ONLY,build_qb_pregame_features,00-0034869,00-0022942,-0.03624246894069372,0.1386908638866855,989.0,1324.0,0.17493333282737922
2020,3,REG,2020_03_SF_NYG,SF,NYG,2020-09-22T12:00:00.000000+0000,POSTGAME_ACTUAL_STARTER_IDENTITY_ONLY,build_qb_pregame_features,00-0033319,00-0035710,0.026287223165517598,-0.07285498006092686,304.0,585.0,-0.09914220322644446
2020,3,REG,2020_03_TB_DEN,TB,DEN,2020-09-22T12:00:00.000000+0000,POSTGAME_ACTUAL_STARTER_IDENTITY_ONLY,build_qb_pregame_features,00-0019596,00-0032436,0.07274048885696366,-0.06613558075049138,1468.0,348.0,-0.13887606960745502
2020,3,REG,2020_03_TEN_MIN,TEN,MIN,2020-09-22T12:00:00.000000+0000,POSTGAME_ACTUAL_STARTER_IDENTITY_ONLY,build_qb_pregame_features,00-0029701,00-0029604,0.039776180383515755,0.04219943407755329,760.0,1242.0,0.002423253694037536
2020,3,REG,2020_03_WAS_CLE,WAS,CLE,2020-09-22T12:00:00.000000+0000,POSTGAME_ACTUAL_STARTER_IDENTITY_ONLY,build_qb_pregame_features,00-0035232,00-0034855,-0.1346319442623374,0.014727753053143298,303.0,1149.0,0.1493596973154807
2020,4,REG,2020_04_ARI_CAR,ARI,CAR,2020-09-29T12:00:00.000000+0000,POSTGAME_ACTUAL_STARTER_IDENTITY_ONLY,build_qb_pregame_features,00-0035228,00-0031237,-0.004031648457808278,0.01766854588490074,709.0,345.0,0.02170019434270902
2020,4,REG,2020_04_ATL_GB,ATL,GB,2020-09-29T12:00:00.000000+0000,POSTGAME_ACTUAL_STARTER_IDENTITY_ONLY,build_qb_pregame_features,00-0026143,00-0023459,0.08851692624177793,0.10375978305495599,1447.0,1430.0,0.015242856813178066
2020,4,REG,2020_04_BAL_WAS,BAL,WAS,2020-09-29T12:00:00.000000+0000,POSTGAME_ACTUAL_STARTER_IDENTITY_ONLY,build_qb_pregame_features,00-0034796,00-0035232,0.11542317611560574,-0.13612074860146883,796.0,343.0,-0.25154392471707454
2020,4,REG,2020_04_BUF_LV,BUF,LV,2020-09-29T12:00:00.000000+0000,POSTGAME_ACTUAL_STARTER_IDENTITY_ONLY,build_qb_pregame_features,00-0034857,00-0031280,-0.008226951883052905,0.07769289801489361,1017.0,1251.0,0.08591984989794652
2020,4,REG,2020_04_CLE_DAL,CLE,DAL,2020-09-29T12:00:00.000000+0000,POSTGAME_ACTUAL_STARTER_IDENTITY_ONLY,build_qb_pregame_features,00-0034855,00-0033077,0.020348773696284933,0.10112298561763358,1174.0,1417.0,0.08077421192134865
2020,4,REG,2020_04_DEN_NYJ,DEN,NYJ,2020-09-29T12:00:00.000000+0000,POSTGAME_ACTUAL_STARTER_IDENTITY_ONLY,build_qb_pregame_features,00-0034955,00-0034869,-0.059191006066304494,-0.05343217052960615,10.0,1020.0,0.005758835536698342
2020,4,REG,2020_04_IND_CHI,IND,CHI,2020-09-29T12:00:00.000000+0000,POSTGAME_ACTUAL_STARTER_IDENTITY_ONLY,build_qb_pregame_features,00-0022942,00-0029567,0.1433208355622318,-0.002117644021462625,1345.0,430.0,-0.14543847958369444
2020,4,REG,2020_04_JAX_CIN,JAX,CIN,2020-09-29T12:00:00.000000+0000,POSTGAME_ACTUAL_STARTER_IDENTITY_ONLY,build_qb_pregame_features,00-0035289,00-0036442,-0.016873950755110462,-0.009514340300970633,620.0,155.0,0.007359610454139829
2020,4,REG,2020_04_LAC_TB,LAC,TB,2020-09-29T12:00:00.000000+0000,POSTGAME_ACTUAL_STARTER_IDENTITY_ONLY,build_qb_pregame_features,00-0036355,00-0019596,-0.02839574540284112,0.07759548124138459,86.0,1508.0,0.10599122664422571
2020,4,REG,2020_04_MIN_HOU,MIN,HOU,2020-09-29T12:00:00.000000+0000,POSTGAME_ACTUAL_STARTER_IDENTITY_ONLY,build_qb_pregame_features,00-0029604,00-0033537,0.04348248783015108,0.09033129461507217,1271.0,1354.0,0.046848806784921086
2020,4,REG,2020_04_NE_KC,NE,KC,2020-09-29T12:00:00.000000+0000,POSTGAME_ACTUAL_STARTER_IDENTITY_ONLY,build_qb_pregame_features,00-0026625,00-0033873,-0.13338027297405458,0.2644365467020435,72.0,1428.0,0.39781681967609805
2020,4,REG,2020_04_NO_DET,NO,DET,2020-09-29T12:00:00.000000+0000,POSTGAME_ACTUAL_STARTER_IDENTITY_ONLY,build_qb_pregame_features,00-0020531,00-0026498,0.18514080093813076,0.05343282127098885,1121.0,1019.0,-0.13170797966714193
2020,4,REG,2020_04_NYG_LA,NYG,LAR,2020-09-29T12:00:00.000000+0000,POSTGAME_ACTUAL_STARTER_IDENTITY_ONLY,build_qb_pregame_features,00-0035710,00-0033106,-0.07283575385092207,0.1223987954338614,619.0,1447.0,0.19523454928478345
2020,4,REG,2020_04_PHI_SF,PHI,SF,2020-09-29T12:00:00.000000+0000,POSTGAME_ACTUAL_STARTER_IDENTITY_ONLY,build_qb_pregame_features,00-0032950,00-0033319,0.021315311164755324,0.06708442592189712,1224.0,342.0,0.04576911475714179
2020,4,REG,2020_04_SEA_MIA,SEA,MIA,2020-09-29T12:00:00.000000+0000,POSTGAME_ACTUAL_STARTER_IDENTITY_ONLY,build_qb_pregame_features,00-0029263,00-0023682,0.14662265890953163,0.07528668333439764,1249.0,904.0,-0.07133597557513399
2020,5,REG,2020_05_ARI_NYJ,ARI,NYJ,2020-10-06T12:00:00.000000+0000,POSTGAME_ACTUAL_STARTER_IDENTITY_ONLY,build_qb_pregame_features,00-0035228,00-0026158,-0.0026365379315652533,-0.013793638505893232,741.0,685.0,-0.011157100574327979
2020,5,REG,2020_05_BUF_TEN,BUF,TEN,2020-10-06T12:00:00.000000+0000,POSTGAME_ACTUAL_STARTER_IDENTITY_ONLY,build_qb_pregame_features,00-0034857,00-0029701,0.006959180462148298,0.0365747562619191,1052.0,798.0,0.0296155757997708
2020,5,REG,2020_05_CAR_ATL,CAR,ATL,2020-10-06T12:00:00.000000+0000,POSTGAME_ACTUAL_STARTER_IDENTITY_ONLY,build_qb_pregame_features,00-0031237,00-0026143,0.03751916800715056,0.08724697357795864,382.0,1490.0,0.04972780557080808
2020,5,REG,2020_05_CIN_BAL,CIN,BAL,2020-10-06T12:00:00.000000+0000,POSTGAME_ACTUAL_STARTER_IDENTITY_ONLY,build_qb_pregame_features,00-0036442,00-0034796,0.012253142155596895,0.12294106849818348,192.0,818.0,0.11068792634258659
2020,5,REG,2020_05_IND_CLE,IND,CLE,2020-10-06T12:00:00.000000+0000,POSTGAME_ACTUAL_STARTER_IDENTITY_ONLY,build_qb_pregame_features,00-0022942,00-0034855,0.1448262668374555,0.02453570395449972,1375.0,1206.0,-0.12029056288295578
2020,5,REG,2020_05_JAX_HOU,JAX,HOU,2020-10-06T12:00:00.000000+0000,POSTGAME_ACTUAL_STARTER_IDENTITY_ONLY,build_qb_pregame_features,00-0035289,00-0033537,-0.0048164941906138035,0.0928846647991119,663.0,1390.0,0.0977011589897257
2020,5,REG,2020_05_LAC_NO,LAC,NO,2020-10-06T12:00:00.000000+0000,POSTGAME_ACTUAL_STARTER_IDENTITY_ONLY,build_qb_pregame_features,00-0036355,00-0020531,0.010551908884152202,0.18899724483817004,113.0,1148.0,0.17844533595401785
2020,5,REG,2020_05_LA_WAS,LAR,WAS,2020-10-06T12:00:00.000000+0000,POSTGAME_ACTUAL_STARTER_IDENTITY_ONLY,build_qb_pregame_features,00-0033106,00-0034577,0.120058681316872,-0.030646715866371126,1481.0,566.0,-0.15070539718324313
2020,5,REG,2020_05_LV_KC,LV,KC,2020-10-06T12:00:00.000000+0000,POSTGAME_ACTUAL_STARTER_IDENTITY_ONLY,build_qb_pregame_features,00-0031280,00-0033873,0.08199368313875878,0.263651060011373,1297.0,1458.0,0.18165737687261424
2020,5,REG,2020_05_MIA_SF,MIA,SF,2020-10-06T12:00:00.000000+0000,POSTGAME_ACTUAL_STARTER_IDENTITY_ONLY,build_qb_pregame_features,00-0023682,00-0031345,0.07538211192129844,0.08996382688813745,950.0,729.0,0.014581714966839007
2020,5,REG,2020_05_MIN_SEA,MIN,SEA,2020-10-06T12:00:00.000000+0000,POSTGAME_ACTUAL_STARTER_IDENTITY_ONLY,build_qb_pregame_features,00-0029604,00-0029263,0.048855226435812756,0.15036092128050887,1296.0,1285.0,0.10150569484469613
2020,5,REG,2020_05_NYG_DAL,NYG,DAL,2020-10-06T12:00:00.000000+0000,POSTGAME_ACTUAL_STARTER_IDENTITY_ONLY,build_qb_pregame_features,00-0035710,00-0033077,-0.08282976362369669,0.10414181364365771,660.0,1478.0,0.18697157726735442
2020,5,REG,2020_05_PHI_PIT,PHI,PIT,2020-10-06T12:00:00.000000+0000,POSTGAME_ACTUAL_STARTER_IDENTITY_ONLY,build_qb_pregame_features,00-0032950,00-0022924,0.019519141822153335,0.1303524099162799,1255.0,877.0,0.11083326809412655
2020,5,REG,2020_05_TB_CHI,TB,CHI,2020-10-06T12:00:00.000000+0000,POSTGAME_ACTUAL_STARTER_IDENTITY_ONLY,build_qb_pregame_features,00-0019596,00-0029567,0.082811334386833,-0.00844151652374924,1554.0,473.0,-0.09125285091058223
2020,6,REG,2020_06_ARI_DAL,ARI,DAL,2020-10-13T12:00:00.000000+0000,POSTGAME_ACTUAL_STARTER_IDENTITY_ONLY,build_qb_pregame_features,00-0035228,00-0027973,-0.0026365379315652533,0.0021430097590977738,741.0,952.0,0.004779547690663027
2020,6,REG,2020_06_ATL_MIN,ATL,MIN,2020-10-13T12:00:00.000000+0000,POSTGAME_ACTUAL_STARTER_IDENTITY_ONLY,build_qb_pregame_features,00-0026143,00-0029604,0.08724697357795864,0.048855226435812756,1490.0,1296.0,-0.03839174714214589
2020,6,REG,2020_06_BAL_PHI,BAL,PHI,2020-10-13T12:00:00.000000+0000,POSTGAME_ACTUAL_STARTER_IDENTITY_ONLY,build_qb_pregame_features,00-0034796,00-0032950,0.12294106849818348,0.019519141822153335,818.0,1255.0,-0.10342192667603015
2020,6,REG,2020_06_CHI_CAR,CHI,CAR,2020-10-13T12:00:00.000000+0000,POSTGAME_ACTUAL_STARTER_IDENTITY_ONLY,build_qb_pregame_features,00-0029567,00-0031237,-0.00844151652374924,0.03751916800715056,473.0,382.0,0.045960684530899805
2020,6,REG,2020_06_CIN_IND,CIN,IND,2020-10-13T12:00:00.000000+0000,POSTGAME_ACTUAL_STARTER_IDENTITY_ONLY,build_qb_pregame_features,00-0036442,00-0022942,0.012253142155596895,0.1448262668374555,192.0,1375.0,0.1325731246818586
2020,6,REG,2020_06_CLE_PIT,CLE,PIT,2020-10-13T12:00:00.000000+0000,POSTGAME_ACTUAL_STARTER_IDENTITY_ONLY,build_qb_pregame_features,00-0034855,00-0022924,0.02453570395449972,0.1303524099162799,1206.0,877.0,0.10581670596178017
2020,6,REG,2020_06_DEN_NE,DEN,NE,2020-10-13T12:00:00.000000+0000,POSTGAME_ACTUAL_STARTER_IDENTITY_ONLY,build_qb_pregame_features,00-0035704,00-0027939,-0.017798231809141696,0.038539145086595394,200.0,691.0,0.05633737689573709
2020,6,REG,2020_06_DET_JAX,DET,JAX,2020-10-13T12:00:00.000000+0000,POSTGAME_ACTUAL_STARTER_IDENTITY_ONLY,build_qb_pregame_features,00-0026498,00-0035289,0.05372333867635834,-0.0048164941906138035,1053.0,663.0,-0.05853983286697215
2020,6,REG,2020_06_GB_TB,GB,TB,2020-10-13T12:00:00.000000+0000,POSTGAME_ACTUAL_STARTER_IDENTITY_ONLY,build_qb_pregame_features,00-0023459,00-0019596,0.11727302452808788,0.082811334386833,1464.0,1554.0,-0.034461690141254886
2020,6,REG,2020_06_HOU_TEN,HOU,TEN,2020-10-13T12:00:00.000000+0000,POSTGAME_ACTUAL_STARTER_IDENTITY_ONLY,build_qb_pregame_features,00-0033537,00-0029701,0.0928846647991119,0.0365747562619191,1390.0,798.0,-0.056309908537192796
2020,6,REG,2020_06_KC_BUF,KC,BUF,2020-10-13T12:00:00.000000+0000,POSTGAME_ACTUAL_STARTER_IDENTITY_ONLY,build_qb_pregame_features,00-0033873,00-0034857,0.263651060011373,0.006959180462148298,1458.0,1052.0,-0.25669187954922473
2020,6,REG,2020_06_LA_SF,LAR,SF,2020-10-13T12:00:00.000000+0000,POSTGAME_ACTUAL_STARTER_IDENTITY_ONLY,build_qb_pregame_features,00-0033106,00-0031345,0.120058681316872,0.08996382688813745,1481.0,729.0,-0.030094854428734552
2020,6,REG,2020_06_NYJ_MIA,NYJ,MIA,2020-10-13T12:00:00.000000+0000,POSTGAME_ACTUAL_STARTER_IDENTITY_ONLY,build_qb_pregame_features,00-0026158,00-0023682,-0.013793638505893232,0.07538211192129844,685.0,950.0,0.08917575042719167
2020,6,REG,2020_06_WAS_NYG,WAS,NYG,2020-10-13T12:00:00.000000+0000,POSTGAME_ACTUAL_STARTER_IDENTITY_ONLY,build_qb_pregame_features,00-0034577,00-0035710,-0.030646715866371126,-0.08282976362369669,566.0,660.0,-0.05218304775732557
2020,7,REG,2020_07_BUF_NYJ,BUF,NYJ,2020-10-20T12:00:00.000000+0000,POSTGAME_ACTUAL_STARTER_IDENTITY_ONLY,build_qb_pregame_features,00-0034857,00-0034869,0.005948850909196475,-0.06144804132682281,1121.0,1068.0,-0.06739689223601929
2020,7,REG,2020_07_CAR_NO,CAR,NO,2020-10-20T12:00:00.000000+0000,POSTGAME_ACTUAL_STARTER_IDENTITY_ONLY,build_qb_pregame_features,00-0031237,00-0020531,0.04711498404635843,0.1824931176005656,451.0,1197.0,0.1353781335542072
2020,7,REG,2020_07_CHI_LA,CHI,LAR,2020-10-20T12:00:00.000000+0000,POSTGAME_ACTUAL_STARTER_IDENTITY_ONLY,build_qb_pregame_features,00-0029567,00-0033106,-0.012082216208163386,0.12035552246446529,557.0,1550.0,0.13243773867262867
2020,7,REG,2020_07_CLE_CIN,CLE,CIN,2020-10-20T12:00:00.000000+0000,POSTGAME_ACTUAL_STARTER_IDENTITY_ONLY,build_qb_pregame_features,00-0034855,00-0036442,0.018209194074329228,0.015725330887558918,1266.0,270.0,-0.0024838631867703104
2020,7,REG,2020_07_DAL_WAS,DAL,WAS,2020-10-20T12:00:00.000000+0000,POSTGAME_ACTUAL_STARTER_IDENTITY_ONLY,build_qb_pregame_features,00-0027973,00-0034577,-0.0006949211380994427,-0.032550208296712665,1021.0,626.0,-0.03185528715861322
2020,7,REG,2020_07_DET_ATL,DET,ATL,2020-10-20T12:00:00.000000+0000,POSTGAME_ACTUAL_STARTER_IDENTITY_ONLY,build_qb_pregame_features,00-0026498,00-0026143,0.0556740081181874,0.09823203490630128,1084.0,1571.0,0.04255802678811388
2020,7,REG,2020_07_GB_HOU,GB,HOU,2020-10-20T12:00:00.000000+0000,POSTGAME_ACTUAL_STARTER_IDENTITY_ONLY,build_qb_pregame_features,00-0023459,00-0033537,0.10642838041451891,0.10831494133196856,1503.0,1465.0,0.0018865609174496534
2020,7,REG,2020_07_JAX_LAC,JAX,LAC,2020-10-20T12:00:00.000000+0000,POSTGAME_ACTUAL_STARTER_IDENTITY_ONLY,build_qb_pregame_features,00-0035289,00-0036355,-0.010735993008047066,0.02579324227365276,760.0,150.0,0.03652923528169982
2020,7,REG,2020_07_KC_DEN,KC,DEN,2020-10-20T12:00:00.000000+0000,POSTGAME_ACTUAL_STARTER_IDENTITY_ONLY,build_qb_pregame_features,00-0033873,00-0035704,0.26843045765930884,-0.026802513908373488,1531.0,226.0,-0.29523297156768236
2020,7,REG,2020_07_NYG_PHI,NYG,PHI,2020-10-20T12:00:00.000000+0000,POSTGAME_ACTUAL_STARTER_IDENTITY_ONLY,build_qb_pregame_features,00-0035710,00-0032950,-0.0792876972114219,0.018530159959382835,715.0,1341.0,0.09781785717080474
2020,7,REG,2020_07_PIT_TEN,PIT,TEN,2020-10-20T12:00:00.000000+0000,POSTGAME_ACTUAL_STARTER_IDENTITY_ONLY,build_qb_pregame_features,00-0022924,00-0029701,0.1383753710165042,0.06383876994250032,936.0,869.0,-0.0745366010740039
2020,7,REG,2020_07_SEA_ARI,SEA,ARI,2020-10-20T12:00:00.000000+0000,POSTGAME_ACTUAL_STARTER_IDENTITY_ONLY,build_qb_pregame_features,00-0029263,00-0035228,0.14753864146874618,0.01136657340426999,1321.0,804.0,-0.13617206806447618
2020,7,REG,2020_07_SF_NE,SF,NE,2020-10-20T12:00:00.000000+0000,POSTGAME_ACTUAL_STARTER_IDENTITY_ONLY,build_qb_pregame_features,00-0031345,00-0027939,0.08734124655623385,0.02548488103608192,782.0,720.0,-0.06185636552015193
2020,7,REG,2020_07_TB_LV,TB,LV,2020-10-20T12:00:00.000000+0000,POSTGAME_ACTUAL_STARTER_IDENTITY_ONLY,build_qb_pregame_features,00-0019596,00-0031280,0.08345658025834495,0.09137453900781628,1625.0,1329.0,0.007917958749471335
2020,8,REG,2020_08_ATL_CAR,ATL,CAR,2020-10-27T12:00:00.000000+0000,POSTGAME_ACTUAL_STARTER_IDENTITY_ONLY,build_qb_pregame_features,00-0026143,00-0031237,0.10173077928745831,0.06486818650489375,1615.0,480.0,-0.03686259278256457
2020,8,REG,2020_08_DAL_PHI,DAL,PHI,2020-10-27T12:00:00.000000+0000,POSTGAME_ACTUAL_STARTER_IDENTITY_ONLY,build_qb_pregame_features,00-0036384,00-0032950,-0.05861034459576331,0.02190400092314707,6.0,1387.0,0.08051434551891037
2020,8,REG,2020_08_IND_DET,IND,DET,2020-10-27T12:00:00.000000+0000,POSTGAME_ACTUAL_STARTER_IDENTITY_ONLY,build_qb_pregame_features,00-0022942,00-0026498,0.1448840357737562,0.06326216013678249,1454.0,1122.0,-0.0816218756369737
2020,8,REG,2020_08_LAC_DEN,LAC,DEN,2020-10-27T12:00:00.000000+0000,POSTGAME_ACTUAL_STARTER_IDENTITY_ONLY,build_qb_pregame_features,00-0036355,00-0035704,0.056762837050479145,-0.05531598633512362,194.0,269.0,-0.11207882338560277
2020,8,REG,2020_08_LA_MIA,LAR,MIA,2020-10-27T12:00:00.000000+0000,POSTGAME_ACTUAL_STARTER_IDENTITY_ONLY,build_qb_pregame_features,00-0033106,00-0036212,0.12002271881309207,-0.04663293471879563,1584.0,2.0,-0.1666556535318877
2020,8,REG,2020_08_LV_CLE,LV,CLE,2020-10-27T12:00:00.000000+0000,POSTGAME_ACTUAL_STARTER_IDENTITY_ONLY,build_qb_pregame_features,00-0031280,00-0034855,0.0854719013844108,0.03264562395460091,1368.0,1294.0,-0.05282627742980989
2020,8,REG,2020_08_MIN_GB,MIN,GB,2020-10-27T12:00:00.000000+0000,POSTGAME_ACTUAL_STARTER_IDENTITY_ONLY,build_qb_pregame_features,00-0029604,00-0023459,0.05443691063153764,0.11498038570291394,1375.0,1537.0,0.0605434750713763
2020,8,REG,2020_08_NE_BUF,NE,BUF,2020-10-27T12:00:00.000000+0000,POSTGAME_ACTUAL_STARTER_IDENTITY_ONLY,build_qb_pregame_features,00-0027939,00-0034857,0.013448472015046923,0.010285899885688695,736.0,1166.0,-0.003162572129358228
2020,8,REG,2020_08_NO_CHI,NO,CHI,2020-10-27T12:00:00.000000+0000,POSTGAME_ACTUAL_STARTER_IDENTITY_ONLY,build_qb_pregame_features,00-0020531,00-0029567,0.1880885848324492,-0.03146073353479771,1234.0,601.0,-0.2195493183672469
2020,8,REG,2020_08_NYJ_KC,NYJ,KC,2020-10-27T12:00:00.000000+0000,POSTGAME_ACTUAL_STARTER_IDENTITY_ONLY,build_qb_pregame_features,00-0034869,00-0033873,-0.0681821957684746,0.2663423780430044,1097.0,1557.0,0.33452457381147904
2020,8,REG,2020_08_PIT_BAL,PIT,BAL,2020-10-27T12:00:00.000000+0000,POSTGAME_ACTUAL_STARTER_IDENTITY_ONLY,build_qb_pregame_features,00-0022924,00-0034796,0.13770833270760108,0.11236579891866662,985.0,886.0,-0.02534253378893446
2020,8,REG,2020_08_SF_SEA,SF,SEA,2020-10-27T12:00:00.000000+0000,POSTGAME_ACTUAL_STARTER_IDENTITY_ONLY,build_qb_pregame_features,00-0031345,00-0029263,0.1004794105077787,0.14258193407934394,808.0,1373.0,0.04210252357156524
2020,8,REG,2020_08_TB_NYG,TB,NYG,2020-10-27T12:00:00.000000+0000,POSTGAME_ACTUAL_STARTER_IDENTITY_ONLY,build_qb_pregame_features,00-0019596,00-0035710,0.09581216143472457,-0.08015592720500733,1670.0,748.0,-0.1759680886397319
2020,8,REG,2020_08_TEN_CIN,TEN,CIN,2020-10-27T12:00:00.000000+0000,POSTGAME_ACTUAL_STARTER_IDENTITY_ONLY,build_qb_pregame_features,00-0029701,00-0036442,0.06804698083055459,0.044588802506384945,901.0,321.0,-0.023458178324169646
2020,9,REG,2020_09_BAL_IND,BAL,IND,2020-11-03T12:00:00.000000+0000,POSTGAME_ACTUAL_STARTER_IDENTITY_ONLY,build_qb_pregame_features,00-0034796,00-0022942,0.10206202347534436,0.15209150483630807,918.0,1489.0,0.050029481360963704
2020,9,REG,2020_09_CAR_KC,CAR,KC,2020-11-03T12:00:00.000000+0000,POSTGAME_ACTUAL_STARTER_IDENTITY_ONLY,build_qb_pregame_features,00-0031237,00-0033873,0.06147438676348299,0.2756081841537309,506.0,1599.0,0.2141337973902479
2020,9,REG,2020_09_CHI_TEN,CHI,TEN,2020-11-03T12:00:00.000000+0000,POSTGAME_ACTUAL_STARTER_IDENTITY_ONLY,build_qb_pregame_features,00-0029567,00-0029701,-0.0319259967691856,0.06630180839714755,647.0,932.0,0.09822780516633316
2020,9,REG,2020_09_DEN_ATL,DEN,ATL,2020-11-03T12:00:00.000000+0000,POSTGAME_ACTUAL_STARTER_IDENTITY_ONLY,build_qb_pregame_features,00-0035704,00-0026143,-0.04547219784347912,0.10522799793230224,312.0,1647.0,0.15070019577578136
2020,9,REG,2020_09_DET_MIN,DET,MIN,2020-11-03T12:00:00.000000+0000,POSTGAME_ACTUAL_STARTER_IDENTITY_ONLY,build_qb_pregame_features,00-0026498,00-0029604,0.05659811926636599,0.06125580546561484,1169.0,1390.0,0.004657686199248855
2020,9,REG,2020_09_GB_SF,GB,SF,2020-11-03T12:00:00.000000+0000,POSTGAME_ACTUAL_STARTER_IDENTITY_ONLY,build_qb_pregame_features,00-0023459,00-0033319,0.11803742476847072,0.07229783731718742,1579.0,397.0,-0.0457395874512833
2020,9,REG,2020_09_HOU_JAX,HOU,JAX,2020-11-03T12:00:00.000000+0000,POSTGAME_ACTUAL_STARTER_IDENTITY_ONLY,build_qb_pregame_features,00-0033537,00-0036312,0.1101962083206189,-0.05,1507.0,0.0,-0.1601962083206189
2020,9,REG,2020_09_LV_LAC,LV,LAC,2020-11-03T12:00:00.000000+0000,POSTGAME_ACTUAL_STARTER_IDENTITY_ONLY,build_qb_pregame_features,00-0031280,00-0036355,0.08482999104086965,0.06178253343340158,1394.0,239.0,-0.02304745760746807
2020,9,REG,2020_09_MIA_ARI,MIA,ARI,2020-11-03T12:00:00.000000+0000,POSTGAME_ACTUAL_STARTER_IDENTITY_ONLY,build_qb_pregame_features,00-0036212,00-0035228,-0.07943576574279548,0.022697351766730288,25.0,852.0,0.10213311750952578
2020,9,REG,2020_09_NE_NYJ,NE,NYJ,2020-11-03T12:00:00.000000+0000,POSTGAME_ACTUAL_STARTER_IDENTITY_ONLY,build_qb_pregame_features,00-0027939,00-0026158,0.016308374986482847,-0.03314027301731332,763.0,767.0,-0.04944864800379617
2020,9,REG,2020_09_NO_TB,NO,TB,2020-11-03T12:00:00.000000+0000,POSTGAME_ACTUAL_STARTER_IDENTITY_ONLY,build_qb_pregame_features,00-0020531,00-0019596,0.18829772760474733,0.09868902822446417,1276.0,1712.0,-0.08960869938028317
2020,9,REG,2020_09_NYG_WAS,NYG,WAS,2020-11-03T12:00:00.000000+0000,POSTGAME_ACTUAL_STARTER_IDENTITY_ONLY,build_qb_pregame_features,00-0035710,00-0034577,-0.07724335838422142,-0.023344531568249633,792.0,653.0,0.05389882681597179
2020,9,REG,2020_09_PIT_DAL,PIT,DAL,2020-11-03T12:00:00.000000+0000,POSTGAME_ACTUAL_STARTER_IDENTITY_ONLY,build_qb_pregame_features,00-0022924,00-0031395,0.13827450889320145,-0.05466344894305818,1019.0,7.0,-0.1929379578362596
2020,9,REG,2020_09_SEA_BUF,SEA,BUF,2020-11-03T12:00:00.000000+0000,POSTGAME_ACTUAL_STARTER_IDENTITY_ONLY,build_qb_pregame_features,00-0029263,00-0034857,0.1493685895053486,0.009342143283708772,1412.0,1185.0,-0.14002644622163982
2020,10,REG,2020_10_BAL_NE,BAL,NE,2020-11-10T12:00:00.000000+0000,POSTGAME_ACTUAL_STARTER_IDENTITY_ONLY,build_qb_pregame_features,00-0034796,00-0027939,0.10613429878482718,0.029851150051768586,943.0,798.0,-0.0762831487330586
2020,10,REG,2020_10_BUF_ARI,BUF,ARI,2020-11-10T12:00:00.000000+0000,POSTGAME_ACTUAL_STARTER_IDENTITY_ONLY,build_qb_pregame_features,00-0034857,00-0035228,0.019248459056914337,0.030932071362306003,1230.0,879.0,0.011683612305391666
2020,10,REG,2020_10_CIN_PIT,CIN,PIT,2020-11-10T12:00:00.000000+0000,POSTGAME_ACTUAL_STARTER_IDENTITY_ONLY,build_qb_pregame_features,00-0036442,00-0022924,0.07378405009443305,0.1422704376770244,358.0,1061.0,0.06848638758259136
2020,10,REG,2020_10_DEN_LV,DEN,LV,2020-11-10T12:00:00.000000+0000,POSTGAME_ACTUAL_STARTER_IDENTITY_ONLY,build_qb_pregame_features,00-0035704,00-0031280,-0.039502624769842024,0.084349303776541,361.0,1418.0,0.12385192854638302
2020,10,REG,2020_10_HOU_CLE,HOU,CLE,2020-11-10T12:00:00.000000+0000,POSTGAME_ACTUAL_STARTER_IDENTITY_ONLY,build_qb_pregame_features,00-0033537,00-0034855,0.11213370541684109,0.03095109741909668,1541.0,1319.0,-0.0811826079977444
2020,10,REG,2020_10_IND_TEN,IND,TEN,2020-11-10T12:00:00.000000+0000,POSTGAME_ACTUAL_STARTER_IDENTITY_ONLY,build_qb_pregame_features,00-0022942,00-0029701,0.14006712904676258,0.06423384642102034,1532.0,956.0,-0.07583328262574224
2020,10,REG,2020_10_JAX_GB,JAX,GB,2020-11-10T12:00:00.000000+0000,POSTGAME_ACTUAL_STARTER_IDENTITY_ONLY,build_qb_pregame_features,00-0036312,00-0023459,-0.03524774479833587,0.1268812773198794,40.0,1611.0,0.16212902211821525
2020,10,REG,2020_10_LAC_MIA,LAC,MIA,2020-11-10T12:00:00.000000+0000,POSTGAME_ACTUAL_STARTER_IDENTITY_ONLY,build_qb_pregame_features,00-0036355,00-0036212,0.07574218611728589,-0.038219286279496084,283.0,56.0,-0.11396147239678198
2020,10,REG,2020_10_MIN_CHI,MIN,CHI,2020-11-10T12:00:00.000000+0000,POSTGAME_ACTUAL_STARTER_IDENTITY_ONLY,build_qb_pregame_features,00-0029604,00-0029567,0.06434804184968886,-0.0249994492205392,1411.0,702.0,-0.08934749107022806
2020,10,REG,2020_10_PHI_NYG,PHI,NYG,2020-11-10T12:00:00.000000+0000,POSTGAME_ACTUAL_STARTER_IDENTITY_ONLY,build_qb_pregame_features,00-0032950,00-0035710,0.0128145141915769,-0.07233939527243542,1418.0,831.0,-0.08515390946401233
2020,10,REG,2020_10_SEA_LA,SEA,LAR,2020-11-10T12:00:00.000000+0000,POSTGAME_ACTUAL_STARTER_IDENTITY_ONLY,build_qb_pregame_features,00-0029263,00-0033106,0.14675634148584232,0.10237096699376759,1458.0,1647.0,-0.04438537449207473
2020,10,REG,2020_10_SF_NO,SF,NO,2020-11-10T12:00:00.000000+0000,POSTGAME_ACTUAL_STARTER_IDENTITY_ONLY,build_qb_pregame_features,00-0033319,00-0020531,0.06374406237934258,0.19186312630169022,433.0,1309.0,0.12811906392234765
2020,10,REG,2020_10_TB_CAR,TB,CAR,2020-11-10T12:00:00.000000+0000,POSTGAME_ACTUAL_STARTER_IDENTITY_ONLY,build_qb_pregame_features,00-0019596,00-0031237,0.08557763088186303,0.0745978865762654,1753.0,557.0,-0.01097974430559763
2020,10,REG,2020_10_WAS_DET,WAS,DET,2020-11-10T12:00:00.000000+0000,POSTGAME_ACTUAL_STARTER_IDENTITY_ONLY,build_qb_pregame_features,00-0023436,00-0026498,-0.050031108737971786,0.05426082028650206,407.0,1203.0,0.10429192902447385
2020,11,REG,2020_11_ARI_SEA,ARI,SEA,2020-11-17T12:00:00.000000+0000,POSTGAME_ACTUAL_STARTER_IDENTITY_ONLY,build_qb_pregame_features,00-0035228,00-0029263,0.032499961033947616,0.13945956727368689,914.0,1501.0,0.10695960623973927
2020,11,REG,2020_11_ATL_NO,ATL,NO,2020-11-17T12:00:00.000000+0000,POSTGAME_ACTUAL_STARTER_IDENTITY_ONLY,build_qb_pregame_features,00-0026143,00-0033357,0.10892668502491644,-0.05,1684.0,0.0,-0.15892668502491644
2020,11,REG,2020_11_CIN_WAS,CIN,WAS,2020-11-17T12:00:00.000000+0000,POSTGAME_ACTUAL_STARTER_IDENTITY_ONLY,build_qb_pregame_features,00-0036442,00-0023436,0.05237423057446859,-0.022472519400438762,402.0,464.0,-0.07484674997490735
2020,11,REG,2020_11_DAL_MIN,DAL,MIN,2020-11-17T12:00:00.000000+0000,POSTGAME_ACTUAL_STARTER_IDENTITY_ONLY,build_qb_pregame_features,00-0027973,00-0029604,-0.007580998082041643,0.06986626334751996,1043.0,1448.0,0.0774472614295616
2020,11,REG,2020_11_DET_CAR,DET,CAR,2020-11-17T12:00:00.000000+0000,POSTGAME_ACTUAL_STARTER_IDENTITY_ONLY,build_qb_pregame_features,00-0026498,00-0033275,0.06075048547100452,-0.07546825068425411,1237.0,9.0,-0.13621873615525865
2020,11,REG,2020_11_GB_IND,GB,IND,2020-11-17T12:00:00.000000+0000,POSTGAME_ACTUAL_STARTER_IDENTITY_ONLY,build_qb_pregame_features,00-0023459,00-0022942,0.12790990291297424,0.1453283147732107,1646.0,1572.0,0.01741841186023646
2020,11,REG,2020_11_KC_LV,KC,LV,2020-11-17T12:00:00.000000+0000,POSTGAME_ACTUAL_STARTER_IDENTITY_ONLY,build_qb_pregame_features,00-0033873,00-0031280,0.27688001089785585,0.08490010732495136,1646.0,1443.0,-0.1919799035729045
2020,11,REG,2020_11_LA_TB,LAR,TB,2020-11-17T12:00:00.000000+0000,POSTGAME_ACTUAL_STARTER_IDENTITY_ONLY,build_qb_pregame_features,00-0033106,00-0019596,0.10296714547017916,0.09775040816404088,1687.0,1793.0,-0.0052167373061382805
2020,11,REG,2020_11_MIA_DEN,MIA,DEN,2020-11-17T12:00:00.000000+0000,POSTGAME_ACTUAL_STARTER_IDENTITY_ONLY,build_qb_pregame_features,00-0036212,00-0035704,-0.010086760822620118,-0.05616122963188459,81.0,410.0,-0.046074468809264475
2020,11,REG,2020_11_NE_HOU,NE,HOU,2020-11-17T12:00:00.000000+0000,POSTGAME_ACTUAL_STARTER_IDENTITY_ONLY,build_qb_pregame_features,00-0027939,00-0033537,0.03241229174281971,0.110469231483083,816.0,1573.0,0.07805693974026329
2020,11,REG,2020_11_NYJ_LAC,NYJ,LAC,2020-11-17T12:00:00.000000+0000,POSTGAME_ACTUAL_STARTER_IDENTITY_ONLY,build_qb_pregame_features,00-0026158,00-0036355,-0.01832686933155499,0.06183566228910399,793.0,317.0,0.08016253162065898
2020,11,REG,2020_11_PHI_CLE,PHI,CLE,2020-11-17T12:00:00.000000+0000,POSTGAME_ACTUAL_STARTER_IDENTITY_ONLY,build_qb_pregame_features,00-0032950,00-0034855,0.009590005961574341,0.02845843615533547,1458.0,1340.0,0.01886843019376113
2020,11,REG,2020_11_PIT_JAX,PIT,JAX,2020-11-17T12:00:00.000000+0000,POSTGAME_ACTUAL_STARTER_IDENTITY_ONLY,build_qb_pregame_features,00-0022924,00-0036312,0.14531604134801396,-0.06750895676088331,1107.0,78.0,-0.21282499810889727
2020,11,REG,2020_11_TEN_BAL,TEN,BAL,2020-11-17T12:00:00.000000+0000,POSTGAME_ACTUAL_STARTER_IDENTITY_ONLY,build_qb_pregame_features,00-0029701,00-0034796,0.05887133767591956,0.10648640670094692,984.0,979.0,0.04761506902502736
2020,12,REG,2020_12_ARI_NE,ARI,NE,2020-11-24T12:00:00.000000+0000,POSTGAME_ACTUAL_STARTER_IDENTITY_ONLY,build_qb_pregame_features,00-0035228,00-0027939,0.04009157219837884,0.04121854945773301,959.0,858.0,0.0011269772593541713
2020,12,REG,2020_12_BAL_PIT,BAL,PIT,2020-11-24T12:00:00.000000+0000,POSTGAME_ACTUAL_STARTER_IDENTITY_ONLY,build_qb_pregame_features,00-0029665,00-0022924,-0.04784410895866353,0.14526733636263187,51.0,1153.0,0.1931114453212954
2020,12,REG,2020_12_CAR_MIN,CAR,MIN,2020-11-24T12:00:00.000000+0000,POSTGAME_ACTUAL_STARTER_IDENTITY_ONLY,build_qb_pregame_features,00-0031237,00-0029604,0.06748570171213941,0.07301874457072932,582.0,1480.0,0.005533042858589909
2020,12,REG,2020_12_CHI_GB,CHI,GB,2020-11-24T12:00:00.000000+0000,POSTGAME_ACTUAL_STARTER_IDENTITY_ONLY,build_qb_pregame_features,00-0033869,00-0023459,0.009737308468916043,0.1282596244165788,1150.0,1685.0,0.11852231594766274
2020,12,REG,2020_12_CLE_JAX,CLE,JAX,2020-11-24T12:00:00.000000+0000,POSTGAME_ACTUAL_STARTER_IDENTITY_ONLY,build_qb_pregame_features,00-0034855,00-0030520,0.028119898743283807,-0.009720480236734282,1365.0,32.0,-0.03784037898001809
2020,12,REG,2020_12_HOU_DET,HOU,DET,2020-11-24T12:00:00.000000+0000,POSTGAME_ACTUAL_STARTER_IDENTITY_ONLY,build_qb_pregame_features,00-0033537,00-0026498,0.11990060402644473,0.052624865544815116,1610.0,1275.0,-0.06727573848162961
2020,12,REG,2020_12_KC_TB,KC,TB,2020-11-24T12:00:00.000000+0000,POSTGAME_ACTUAL_STARTER_IDENTITY_ONLY,build_qb_pregame_features,00-0033873,00-0019596,0.28139130031990933,0.09074894579095584,1691.0,1842.0,-0.1906423545289535
2020,12,REG,2020_12_LAC_BUF,LAC,BUF,2020-11-24T12:00:00.000000+0000,POSTGAME_ACTUAL_STARTER_IDENTITY_ONLY,build_qb_pregame_features,00-0036355,00-0034857,0.08512127793968857,0.018162123191615122,369.0,1279.0,-0.06695915474807346
2020,12,REG,2020_12_LV_ATL,LV,ATL,2020-11-24T12:00:00.000000+0000,POSTGAME_ACTUAL_STARTER_IDENTITY_ONLY,build_qb_pregame_features,00-0031280,00-0026143,0.09330957035055142,0.09985733543616827,1474.0,1729.0,0.006547765085616858
2020,12,REG,2020_12_MIA_NYJ,MIA,NYJ,2020-11-24T12:00:00.000000+0000,POSTGAME_ACTUAL_STARTER_IDENTITY_ONLY,build_qb_pregame_features,00-0023682,00-0034869,0.08620802159238372,-0.07000466373109758,1027.0,1128.0,-0.15621268532348132
2020,12,REG,2020_12_NO_DEN,NO,DEN,2020-11-24T12:00:00.000000+0000,POSTGAME_ACTUAL_STARTER_IDENTITY_ONLY,build_qb_pregame_features,00-0033357,00-0035864,-0.05,-0.05,0.0,0.0,0.0
2020,12,REG,2020_12_NYG_CIN,NYG,CIN,2020-11-24T12:00:00.000000+0000,POSTGAME_ACTUAL_STARTER_IDENTITY_ONLY,build_qb_pregame_features,00-0035710,00-0032434,-0.06400637516851534,-0.09812425215235236,862.0,93.0,-0.03411787698383702
2020,12,REG,2020_12_SEA_PHI,SEA,PHI,2020-11-24T12:00:00.000000+0000,POSTGAME_ACTUAL_STARTER_IDENTITY_ONLY,build_qb_pregame_features,00-0029263,00-0032950,0.142638766964553,0.0042176506676143985,1532.0,1498.0,-0.1384211162969386
2020,12,REG,2020_12_SF_LA,SF,LAR,2020-11-24T12:00:00.000000+0000,POSTGAME_ACTUAL_STARTER_IDENTITY_ONLY,build_qb_pregame_features,00-0033319,00-0033106,0.06044063267394508,0.10568068305485342,473.0,1738.0,0.04524005038090834
2020,12,REG,2020_12_TEN_IND,TEN,IND,2020-11-24T12:00:00.000000+0000,POSTGAME_ACTUAL_STARTER_IDENTITY_ONLY,build_qb_pregame_features,00-0029701,00-0022942,0.06412996461534227,0.14732086001984632,1017.0,1609.0,0.08319089540450404
2020,12,REG,2020_12_WAS_DAL,WAS,DAL,2020-11-24T12:00:00.000000+0000,POSTGAME_ACTUAL_STARTER_IDENTITY_ONLY,build_qb_pregame_features,00-0023436,00-0027973,-0.026400341722712342,-0.007522365243684815,491.0,1076.0,0.018877976479027527
2020,13,REG,2020_13_BUF_SF,BUF,SF,2020-12-01T12:00:00.000000+0000,POSTGAME_ACTUAL_STARTER_IDENTITY_ONLY,build_qb_pregame_features,00-0034857,00-0033319,0.018162123191615122,0.06044063267394508,1279.0,473.0,0.04227850948232996
2020,13,REG,2020_13_CIN_MIA,CIN,MIA,2020-12-01T12:00:00.000000+0000,POSTGAME_ACTUAL_STARTER_IDENTITY_ONLY,build_qb_pregame_features,00-0032434,00-0036212,-0.09812425215235236,-0.031280830419205624,93.0,107.0,0.06684342173314674
2020,13,REG,2020_13_CLE_TEN,CLE,TEN,2020-12-01T12:00:00.000000+0000,POSTGAME_ACTUAL_STARTER_IDENTITY_ONLY,build_qb_pregame_features,00-0034855,00-0029701,0.028119898743283807,0.06412996461534227,1365.0,1017.0,0.03601006587205847
2020,13,REG,2020_13_DAL_BAL,DAL,BAL,2020-12-01T12:00:00.000000+0000,POSTGAME_ACTUAL_STARTER_IDENTITY_ONLY,build_qb_pregame_features,00-0027973,00-0034796,-0.007522365243684815,0.1092508678067043,1076.0,1009.0,0.11677323305038911
2020,13,REG,2020_13_DEN_KC,DEN,KC,2020-12-01T12:00:00.000000+0000,POSTGAME_ACTUAL_STARTER_IDENTITY_ONLY,build_qb_pregame_features,00-0035704,00-0033873,-0.05134518873910985,0.28139130031990933,440.0,1691.0,0.3327364890590192
2020,13,REG,2020_13_DET_CHI,DET,CHI,2020-12-01T12:00:00.000000+0000,POSTGAME_ACTUAL_STARTER_IDENTITY_ONLY,build_qb_pregame_features,00-0026498,00-0033869,0.052624865544815116,0.009737308468916043,1275.0,1150.0,-0.04288755707589907
2020,13,REG,2020_13_IND_HOU,IND,HOU,2020-12-01T12:00:00.000000+0000,POSTGAME_ACTUAL_STARTER_IDENTITY_ONLY,build_qb_pregame_features,00-0022942,00-0033537,0.14732086001984632,0.11990060402644473,1609.0,1610.0,-0.027420255993401588
2020,13,REG,2020_13_JAX_MIN,JAX,MIN,2020-12-01T12:00:00.000000+0000,POSTGAME_ACTUAL_STARTER_IDENTITY_ONLY,build_qb_pregame_features,00-0030520,00-0029604,-0.009720480236734282,0.07301874457072932,32.0,1480.0,0.0827392248074636
2020,13,REG,2020_13_LA_ARI,LAR,ARI,2020-12-01T12:00:00.000000+0000,POSTGAME_ACTUAL_STARTER_IDENTITY_ONLY,build_qb_pregame_features,00-0033106,00-0035228,0.10568068305485342,0.04009157219837884,1738.0,959.0,-0.06558911085647459
2020,13,REG,2020_13_LV_NYJ,LV,NYJ,2020-12-01T12:00:00.000000+0000,POSTGAME_ACTUAL_STARTER_IDENTITY_ONLY,build_qb_pregame_features,00-0031280,00-0034869,0.09330957035055142,-0.07000466373109758,1474.0,1128.0,-0.163314234081649
2020,13,REG,2020_13_NE_LAC,NE,LAC,2020-12-01T12:00:00.000000+0000,POSTGAME_ACTUAL_STARTER_IDENTITY_ONLY,build_qb_pregame_features,00-0027939,00-0036355,0.04121854945773301,0.08512127793968857,858.0,369.0,0.04390272848195556
2020,13,REG,2020_13_NO_ATL,NO,ATL,2020-12-01T12:00:00.000000+0000,POSTGAME_ACTUAL_STARTER_IDENTITY_ONLY,build_qb_pregame_features,00-0033357,00-0026143,-0.05,0.09985733543616827,0.0,1729.0,0.14985733543616828
2020,13,REG,2020_13_NYG_SEA,NYG,SEA,2020-12-01T12:00:00.000000+0000,POSTGAME_ACTUAL_STARTER_IDENTITY_ONLY,build_qb_pregame_features,00-0027688,00-0029263,-0.11513720172265465,0.142638766964553,93.0,1532.0,0.25777596868720765
2020,13,REG,2020_13_PHI_GB,PHI,GB,2020-12-01T12:00:00.000000+0000,POSTGAME_ACTUAL_STARTER_IDENTITY_ONLY,build_qb_pregame_features,00-0032950,00-0023459,0.0042176506676143985,0.1282596244165788,1498.0,1685.0,0.12404197374896439
2020,13,REG,2020_13_WAS_PIT,WAS,PIT,2020-12-01T12:00:00.000000+0000,POSTGAME_ACTUAL_STARTER_IDENTITY_ONLY,build_qb_pregame_features,00-0023436,00-0022924,-0.026400341722712342,0.14526733636263187,491.0,1153.0,0.17166767808534422
2020,14,REG,2020_14_ARI_NYG,ARI,NYG,2020-12-08T12:00:00.000000+0000,POSTGAME_ACTUAL_STARTER_IDENTITY_ONLY,build_qb_pregame_features,00-0035228,00-0035710,0.037302072994112506,-0.0505232216315919,995.0,889.0,-0.0878252946257044
2020,14,REG,2020_14_ATL_LAC,ATL,LAC,2020-12-08T12:00:00.000000+0000,POSTGAME_ACTUAL_STARTER_IDENTITY_ONLY,build_qb_pregame_features,00-0026143,00-0036355,0.09599904562934705,0.08736210494368377,1769.0,424.0,-0.008636940685663286
2020,14,REG,2020_14_BAL_CLE,BAL,CLE,2020-12-08T12:00:00.000000+0000,POSTGAME_ACTUAL_STARTER_IDENTITY_ONLY,build_qb_pregame_features,00-0034796,00-0034855,0.1092508678067043,0.03561887022980554,1009.0,1396.0,-0.07363199757689876
2020,14,REG,2020_14_DAL_CIN,DAL,CIN,2020-12-08T12:00:00.000000+0000,POSTGAME_ACTUAL_STARTER_IDENTITY_ONLY,build_qb_pregame_features,00-0027973,00-0032434,-0.02293089244514937,-0.1236838519548816,1114.0,124.0,-0.10075295950973223
2020,14,REG,2020_14_DEN_CAR,DEN,CAR,2020-12-08T12:00:00.000000+0000,POSTGAME_ACTUAL_STARTER_IDENTITY_ONLY,build_qb_pregame_features,00-0035704,00-0031237,-0.05134518873910985,0.06890111659418602,440.0,618.0,0.12024630533329586
2020,14,REG,2020_14_GB_DET,GB,DET,2020-12-08T12:00:00.000000+0000,POSTGAME_ACTUAL_STARTER_IDENTITY_ONLY,build_qb_pregame_features,00-0023459,00-0026498,0.13452624783461054,0.05080866930179095,1714.0,1321.0,-0.08371757853281958
2020,14,REG,2020_14_HOU_CHI,HOU,CHI,2020-12-08T12:00:00.000000+0000,POSTGAME_ACTUAL_STARTER_IDENTITY_ONLY,build_qb_pregame_features,00-0033537,00-0033869,0.12834842817121328,0.007793481013690559,1637.0,1199.0,-0.12055494715752273
2020,14,REG,2020_14_IND_LV,IND,LV,2020-12-08T12:00:00.000000+0000,POSTGAME_ACTUAL_STARTER_IDENTITY_ONLY,build_qb_pregame_features,00-0022942,00-0031280,0.14655486326585476,0.07674252473321644,1652.0,1511.0,-0.06981233853263832
2020,14,REG,2020_14_KC_MIA,KC,MIA,2020-12-08T12:00:00.000000+0000,POSTGAME_ACTUAL_STARTER_IDENTITY_ONLY,build_qb_pregame_features,00-0033873,00-0036212,0.28490275723804864,-0.031280830419205624,1742.0,107.0,-0.3161835876572543
2020,14,REG,2020_14_MIN_TB,MIN,TB,2020-12-08T12:00:00.000000+0000,POSTGAME_ACTUAL_STARTER_IDENTITY_ONLY,build_qb_pregame_features,00-0029604,00-0019596,0.07478051626782667,0.09236498683546497,1527.0,1884.0,0.017584470567638302
2020,14,REG,2020_14_NE_LA,NE,LAR,2020-12-08T12:00:00.000000+0000,POSTGAME_ACTUAL_STARTER_IDENTITY_ONLY,build_qb_pregame_features,00-0027939,00-0033106,0.03128353882640033,0.09622642593547574,879.0,1771.0,0.06494288710907542
2020,14,REG,2020_14_NO_PHI,NO,PHI,2020-12-08T12:00:00.000000+0000,POSTGAME_ACTUAL_STARTER_IDENTITY_ONLY,build_qb_pregame_features,00-0033357,00-0036389,-0.05,-0.041892878834080875,0.0,3.0,0.008107121165919128
2020,14,REG,2020_14_NYJ_SEA,NYJ,SEA,2020-12-08T12:00:00.000000+0000,POSTGAME_ACTUAL_STARTER_IDENTITY_ONLY,build_qb_pregame_features,00-0034869,00-0029263,-0.07677301272872065,0.1393030029474445,1158.0,1565.0,0.21607601567616513
2020,14,REG,2020_14_PIT_BUF,PIT,BUF,2020-12-08T12:00:00.000000+0000,POSTGAME_ACTUAL_STARTER_IDENTITY_ONLY,build_qb_pregame_features,00-0022924,00-0034857,0.1366232056927874,0.018539871098466332,1204.0,1305.0,-0.11808333459432108
2020,14,REG,2020_14_TEN_JAX,TEN,JAX,2020-12-08T12:00:00.000000+0000,POSTGAME_ACTUAL_STARTER_IDENTITY_ONLY,build_qb_pregame_features,00-0029701,00-0030520,0.0714516210134778,0.0022666417837658784,1040.0,67.0,-0.06918497922971192
2020,14,REG,2020_14_WAS_SF,WAS,SF,2020-12-08T12:00:00.000000+0000,POSTGAME_ACTUAL_STARTER_IDENTITY_ONLY,build_qb_pregame_features,00-0023436,00-0033319,-0.034281725271512145,0.051017625232534704,520.0,510.0,0.08529935050404686
2020,15,REG,2020_15_BUF_DEN,BUF,DEN,2020-12-15T12:00:00.000000+0000,POSTGAME_ACTUAL_STARTER_IDENTITY_ONLY,build_qb_pregame_features,00-0034857,00-0035704,0.031879315891512314,-0.030971013555949504,1390.0,496.0,-0.06285032944746181
2020,15,REG,2020_15_CAR_GB,CAR,GB,2020-12-15T12:00:00.000000+0000,POSTGAME_ACTUAL_STARTER_IDENTITY_ONLY,build_qb_pregame_features,00-0031237,00-0023459,0.06376346706143914,0.14673170119986506,662.0,1783.0,0.08296823413842593
2020,15,REG,2020_15_CHI_MIN,CHI,MIN,2020-12-15T12:00:00.000000+0000,POSTGAME_ACTUAL_STARTER_IDENTITY_ONLY,build_qb_pregame_features,00-0033869,00-0029604,0.018061400115303834,0.07257543279450607,1271.0,1617.0,0.05451403267920223
2020,15,REG,2020_15_CLE_NYG,CLE,NYG,2020-12-15T12:00:00.000000+0000,POSTGAME_ACTUAL_STARTER_IDENTITY_ONLY,build_qb_pregame_features,00-0034855,00-0027688,0.05627116541628403,-0.13541685414495241,1476.0,132.0,-0.19168801956123643
2020,15,REG,2020_15_DET_TEN,DET,TEN,2020-12-15T12:00:00.000000+0000,POSTGAME_ACTUAL_STARTER_IDENTITY_ONLY,build_qb_pregame_features,00-0026498,00-0029701,0.06215140872904473,0.08531903433215816,1403.0,1113.0,0.02316762560311343
2020,15,REG,2020_15_HOU_IND,HOU,IND,2020-12-15T12:00:00.000000+0000,POSTGAME_ACTUAL_STARTER_IDENTITY_ONLY,build_qb_pregame_features,00-0033537,00-0022942,0.12379553437712491,0.15524177152450944,1716.0,1718.0,0.03144623714738452
2020,15,REG,2020_15_JAX_BAL,JAX,BAL,2020-12-15T12:00:00.000000+0000,POSTGAME_ACTUAL_STARTER_IDENTITY_ONLY,build_qb_pregame_features,00-0035289,00-0034796,-0.012288594318255748,0.10696405285582648,823.0,1047.0,0.11925264717408224
2020,15,REG,2020_15_KC_NO,KC,NO,2020-12-15T12:00:00.000000+0000,POSTGAME_ACTUAL_STARTER_IDENTITY_ONLY,build_qb_pregame_features,00-0033873,00-0020531,0.28071499274908684,0.19023160369455697,1820.0,1322.0,-0.09048338905452988
2020,15,REG,2020_15_LAC_LV,LAC,LV,2020-12-15T12:00:00.000000+0000,POSTGAME_ACTUAL_STARTER_IDENTITY_ONLY,build_qb_pregame_features,00-0036355,00-0031280,0.047412864585191006,0.08063943937973019,525.0,1605.0,0.03322657479453918
2020,15,REG,2020_15_NE_MIA,NE,MIA,2020-12-15T12:00:00.000000+0000,POSTGAME_ACTUAL_STARTER_IDENTITY_ONLY,build_qb_pregame_features,00-0027939,00-0036212,0.013146168886951831,-0.0022184241613949635,919.0,198.0,-0.015364593048346795
2020,15,REG,2020_15_NYJ_LA,NYJ,LAR,2020-12-15T12:00:00.000000+0000,POSTGAME_ACTUAL_STARTER_IDENTITY_ONLY,build_qb_pregame_features,00-0034869,00-0033106,-0.07900317861227349,0.09947882829083793,1213.0,1845.0,0.17848200690311142
2020,15,REG,2020_15_PHI_ARI,PHI,ARI,2020-12-15T12:00:00.000000+0000,POSTGAME_ACTUAL_STARTER_IDENTITY_ONLY,build_qb_pregame_features,00-0036389,00-0035228,-0.02668782605169026,0.029955268404807885,48.0,1072.0,0.05664309445649815
2020,15,REG,2020_15_PIT_CIN,PIT,CIN,2020-12-15T12:00:00.000000+0000,POSTGAME_ACTUAL_STARTER_IDENTITY_ONLY,build_qb_pregame_features,00-0022924,00-0035652,0.11849932525151678,-0.232099557235893,1295.0,124.0,-0.3505988824874098
2020,15,REG,2020_15_SEA_WAS,SEA,WAS,2020-12-15T12:00:00.000000+0000,POSTGAME_ACTUAL_STARTER_IDENTITY_ONLY,build_qb_pregame_features,00-0029263,00-0035232,0.1362475313539198,-0.13154459540358962,1640.0,404.0,-0.2677921267575094
2020,15,REG,2020_15_SF_DAL,SF,DAL,2020-12-15T12:00:00.000000+0000,POSTGAME_ACTUAL_STARTER_IDENTITY_ONLY,build_qb_pregame_features,00-0033319,00-0027973,0.03264748777748531,-0.00728129715411684,598.0,1188.0,-0.03992878493160215
2020,15,REG,2020_15_TB_ATL,TB,ATL,2020-12-15T12:00:00.000000+0000,POSTGAME_ACTUAL_STARTER_IDENTITY_ONLY,build_qb_pregame_features,00-0019596,00-0026143,0.09551859751835916,0.08576002349886976,1907.0,1845.0,-0.009758574019489402
2020,16,REG,2020_16_ATL_KC,ATL,KC,2020-12-22T12:00:00.000000+0000,POSTGAME_ACTUAL_STARTER_IDENTITY_ONLY,build_qb_pregame_features,00-0026143,00-0033873,0.08575946784722077,0.2746885115675593,1897.0,1871.0,0.18892904372033853
2020,16,REG,2020_16_BUF_NE,BUF,NE,2020-12-22T12:00:00.000000+0000,POSTGAME_ACTUAL_STARTER_IDENTITY_ONLY,build_qb_pregame_features,00-0034857,00-0027939,0.04699331780110589,0.012430736130366401,1431.0,949.0,-0.03456258167073949
2020,16,REG,2020_16_CAR_WAS,CAR,WAS,2020-12-22T12:00:00.000000+0000,POSTGAME_ACTUAL_STARTER_IDENTITY_ONLY,build_qb_pregame_features,00-0031237,00-0035232,0.06269655283951361,-0.12038175498307535,700.0,463.0,-0.18307830782258896
2020,16,REG,2020_16_CHI_JAX,CHI,JAX,2020-12-22T12:00:00.000000+0000,POSTGAME_ACTUAL_STARTER_IDENTITY_ONLY,build_qb_pregame_features,00-0033869,00-0030520,0.021028596432181974,-0.010391911216752786,1293.0,134.0,-0.03142050764893476
2020,16,REG,2020_16_CIN_HOU,CIN,HOU,2020-12-22T12:00:00.000000+0000,POSTGAME_ACTUAL_STARTER_IDENTITY_ONLY,build_qb_pregame_features,00-0032434,00-0033537,-0.09136438359135308,0.1275409939643919,184.0,1762.0,0.21890537755574496
2020,16,REG,2020_16_CLE_NYJ,CLE,NYJ,2020-12-22T12:00:00.000000+0000,POSTGAME_ACTUAL_STARTER_IDENTITY_ONLY,build_qb_pregame_features,00-0034855,00-0034869,0.06710228550083691,-0.07475598201246039,1509.0,1246.0,-0.1418582675132973
2020,16,REG,2020_16_DEN_LAC,DEN,LAC,2020-12-22T12:00:00.000000+0000,POSTGAME_ACTUAL_STARTER_IDENTITY_ONLY,build_qb_pregame_features,00-0035704,00-0036355,-0.04605222062431173,0.07323616513059544,531.0,558.0,0.11928838575490718
2020,16,REG,2020_16_IND_PIT,IND,PIT,2020-12-22T12:00:00.000000+0000,POSTGAME_ACTUAL_STARTER_IDENTITY_ONLY,build_qb_pregame_features,00-0022942,00-0022924,0.15788391139485267,0.10908573579874492,1747.0,1334.0,-0.048798175596107746
2020,16,REG,2020_16_LA_SEA,LAR,SEA,2020-12-22T12:00:00.000000+0000,POSTGAME_ACTUAL_STARTER_IDENTITY_ONLY,build_qb_pregame_features,00-0033106,00-0029263,0.0928214188835639,0.13082046767890043,1882.0,1667.0,0.037999048795336526
2020,16,REG,2020_16_MIA_LV,MIA,LV,2020-12-22T12:00:00.000000+0000,POSTGAME_ACTUAL_STARTER_IDENTITY_ONLY,build_qb_pregame_features,00-0036212,00-0031280,-0.006117138098638352,0.08026017640070872,226.0,1611.0,0.08637731449934707
2020,16,REG,2020_16_MIN_NO,MIN,NO,2020-12-22T12:00:00.000000+0000,POSTGAME_ACTUAL_STARTER_IDENTITY_ONLY,build_qb_pregame_features,00-0029604,00-0020531,0.07279843804585054,0.18354080992145838,1655.0,1357.0,0.11074237187560784
2020,16,REG,2020_16_NYG_BAL,NYG,BAL,2020-12-22T12:00:00.000000+0000,POSTGAME_ACTUAL_STARTER_IDENTITY_ONLY,build_qb_pregame_features,00-0035710,00-0034796,-0.05978135865710529,0.11705656598188179,916.0,1070.0,0.17683792463898707
2020,16,REG,2020_16_PHI_DAL,PHI,DAL,2020-12-22T12:00:00.000000+0000,POSTGAME_ACTUAL_STARTER_IDENTITY_ONLY,build_qb_pregame_features,00-0036389,00-0027973,-0.0068749448869273935,-0.006376530792655986,98.0,1223.0,0.0004984140942714075
2020,16,REG,2020_16_SF_ARI,SF,ARI,2020-12-22T12:00:00.000000+0000,POSTGAME_ACTUAL_STARTER_IDENTITY_ONLY,build_qb_pregame_features,00-0033936,00-0035228,-0.07147616713426654,0.03465434428163067,235.0,1109.0,0.1061305114158972
2020,16,REG,2020_16_TB_DET,TB,DET,2020-12-22T12:00:00.000000+0000,POSTGAME_ACTUAL_STARTER_IDENTITY_ONLY,build_qb_pregame_features,00-0019596,00-0026498,0.09981884888097334,0.06994054080480924,1955.0,1435.0,-0.029878308076164095
2020,16,REG,2020_16_TEN_GB,TEN,GB,2020-12-22T12:00:00.000000+0000,POSTGAME_ACTUAL_STARTER_IDENTITY_ONLY,build_qb_pregame_features,00-0029701,00-0023459,0.10142475584669546,0.14148974977478454,1141.0,1817.0,0.040064993928089085
2020,17,REG,2020_17_ARI_LA,ARI,LAR,2020-12-29T12:00:00.000000+0000,POSTGAME_ACTUAL_STARTER_IDENTITY_ONLY,build_qb_pregame_features,00-0035228,00-0034899,0.02150101901185568,-0.05,1162.0,0.0,-0.07150101901185568
2020,17,REG,2020_17_ATL_TB,ATL,TB,2020-12-29T12:00:00.000000+0000,POSTGAME_ACTUAL_STARTER_IDENTITY_ONLY,build_qb_pregame_features,00-0026143,00-0019596,0.08905210785196689,0.11045910972603233,1936.0,1983.0,0.02140700187406544
2020,17,REG,2020_17_BAL_CIN,BAL,CIN,2020-12-29T12:00:00.000000+0000,POSTGAME_ACTUAL_STARTER_IDENTITY_ONLY,build_qb_pregame_features,00-0034796,00-0032434,0.12353750203106209,-0.031221591618770354,1096.0,221.0,-0.15475909364983245
2020,17,REG,2020_17_DAL_NYG,DAL,NYG,2020-12-29T12:00:00.000000+0000,POSTGAME_ACTUAL_STARTER_IDENTITY_ONLY,build_qb_pregame_features,00-0027973,00-0035710,0.0016510799120858354,-0.061538228779756496,1255.0,963.0,-0.06318930869184233
2020,17,REG,2020_17_GB_CHI,GB,CHI,2020-12-29T12:00:00.000000+0000,POSTGAME_ACTUAL_STARTER_IDENTITY_ONLY,build_qb_pregame_features,00-0023459,00-0033869,0.14437952104913795,0.029624499263138045,1843.0,1329.0,-0.11475502178599992
2020,17,REG,2020_17_JAX_IND,JAX,IND,2020-12-29T12:00:00.000000+0000,POSTGAME_ACTUAL_STARTER_IDENTITY_ONLY,build_qb_pregame_features,00-0030520,00-0022942,-0.021309027358748983,0.15227422647526065,172.0,1786.0,0.17358325383400963
2020,17,REG,2020_17_LAC_KC,LAC,KC,2020-12-29T12:00:00.000000+0000,POSTGAME_ACTUAL_STARTER_IDENTITY_ONLY,build_qb_pregame_features,00-0036355,00-0026197,0.0685654914642897,-0.04515786921949407,593.0,10.0,-0.11372336068378378
2020,17,REG,2020_17_LV_DEN,LV,DEN,2020-12-29T12:00:00.000000+0000,POSTGAME_ACTUAL_STARTER_IDENTITY_ONLY,build_qb_pregame_features,00-0031280,00-0035704,0.07867272114976294,-0.04389910341576583,1648.0,580.0,-0.12257182456552877
2020,17,REG,2020_17_MIA_BUF,MIA,BUF,2020-12-29T12:00:00.000000+0000,POSTGAME_ACTUAL_STARTER_IDENTITY_ONLY,build_qb_pregame_features,00-0036212,00-0034857,-0.02076891848141756,0.057350427909304315,251.0,1467.0,0.07811934639072188
2020,17,REG,2020_17_MIN_DET,MIN,DET,2020-12-29T12:00:00.000000+0000,POSTGAME_ACTUAL_STARTER_IDENTITY_ONLY,build_qb_pregame_features,00-0029604,00-0026498,0.07428159140142133,0.06903780591356516,1698.0,1438.0,-0.005243785487856173
2020,17,REG,2020_17_NO_CAR,NO,CAR,2020-12-29T12:00:00.000000+0000,POSTGAME_ACTUAL_STARTER_IDENTITY_ONLY,build_qb_pregame_features,00-0020531,00-0031237,0.18719812058424773,0.053631227058122295,1383.0,732.0,-0.13356689352612544
2020,17,REG,2020_17_NYJ_NE,NYJ,NE,2020-12-29T12:00:00.000000+0000,POSTGAME_ACTUAL_STARTER_IDENTITY_ONLY,build_qb_pregame_features,00-0034869,00-0027939,-0.0730584777642142,0.007548611104312307,1280.0,961.0,0.08060708886852651
2020,17,REG,2020_17_PIT_CLE,PIT,CLE,2020-12-29T12:00:00.000000+0000,POSTGAME_ACTUAL_STARTER_IDENTITY_ONLY,build_qb_pregame_features,00-0034771,00-0034855,-0.05587439425210348,0.06006599608996602,302.0,1566.0,0.11594039034206949
2020,17,REG,2020_17_SEA_SF,SEA,SF,2020-12-29T12:00:00.000000+0000,POSTGAME_ACTUAL_STARTER_IDENTITY_ONLY,build_qb_pregame_features,00-0029263,00-0033936,0.13009991698095333,-0.06377535238945245,1704.0,260.0,-0.19387526937040578
2020,17,REG,2020_17_TEN_HOU,TEN,HOU,2020-12-29T12:00:00.000000+0000,POSTGAME_ACTUAL_STARTER_IDENTITY_ONLY,build_qb_pregame_features,00-0029701,00-0033537,0.0936809914953426,0.12706019907034094,1167.0,1796.0,0.033379207574998335
2020,17,REG,2020_17_WAS_PHI,WAS,PHI,2020-12-29T12:00:00.000000+0000,POSTGAME_ACTUAL_STARTER_IDENTITY_ONLY,build_qb_pregame_features,00-0023436,00-0036389,-0.045643459908570855,-0.012416745053146848,589.0,140.0,0.03322671485542401
2020,18,WC,2020_18_BAL_TEN,BAL,TEN,2021-01-05T12:00:00.000000+0000,POSTGAME_ACTUAL_STARTER_IDENTITY_ONLY,build_qb_pregame_features,00-0034796,00-0029701,0.12721024093466798,0.09799194291754762,1114.0,1196.0,-0.029218298017120364
2020,18,WC,2020_18_CHI_NO,CHI,NO,2021-01-05T12:00:00.000000+0000,POSTGAME_ACTUAL_STARTER_IDENTITY_ONLY,build_qb_pregame_features,00-0033869,00-0020531,0.026567070891572384,0.18653481955418413,1372.0,1417.0,0.15996774866261176
2020,18,WC,2020_18_CLE_PIT,CLE,PIT,2021-01-05T12:00:00.000000+0000,POSTGAME_ACTUAL_STARTER_IDENTITY_ONLY,build_qb_pregame_features,00-0034855,00-0022924,0.06184221102478861,0.10754244710760744,1597.0,1384.0,0.045700236082818826
2020,18,WC,2020_18_IND_BUF,IND,BUF,2021-01-05T12:00:00.000000+0000,POSTGAME_ACTUAL_STARTER_IDENTITY_ONLY,build_qb_pregame_features,00-0022942,00-0034857,0.15065831296755175,0.06316475836978773,1813.0,1493.0,-0.08749355459776402
2020,18,WC,2020_18_LA_SEA,LAR,SEA,2021-01-05T12:00:00.000000+0000,POSTGAME_ACTUAL_STARTER_IDENTITY_ONLY,build_qb_pregame_features,00-0034899,00-0029263,-0.05464232177111184,0.12820501185047942,40.0,1742.0,0.18284733362159125
2020,18,WC,2020_18_TB_WAS,TB,WAS,2021-01-05T12:00:00.000000+0000,POSTGAME_ACTUAL_STARTER_IDENTITY_ONLY,build_qb_pregame_features,00-0019596,00-0031800,0.11813308249234504,-0.0832672385885883,2025.0,79.0,-0.20140032108093334
2020,19,DIV,2020_19_BAL_BUF,BAL,BUF,2021-01-12T12:00:00.000000+0000,POSTGAME_ACTUAL_STARTER_IDENTITY_ONLY,build_qb_pregame_features,00-0034796,00-0034857,0.12604666549128166,0.06750544443065691,1143.0,1530.0,-0.058541221060624746
2020,19,DIV,2020_19_CLE_KC,CLE,KC,2021-01-12T12:00:00.000000+0000,POSTGAME_ACTUAL_STARTER_IDENTITY_ONLY,build_qb_pregame_features,00-0034855,00-0033873,0.06868916296681743,0.2688993735482237,1631.0,1915.0,0.20021021058140626
2020,19,DIV,2020_19_LA_GB,LAR,GB,2021-01-12T12:00:00.000000+0000,POSTGAME_ACTUAL_STARTER_IDENTITY_ONLY,build_qb_pregame_features,00-0033106,00-0023459,0.08983635799118764,0.15263932110286418,1949.0,1868.0,0.06280296311167655
2020,19,DIV,2020_19_TB_NO,TB,NO,2021-01-12T12:00:00.000000+0000,POSTGAME_ACTUAL_STARTER_IDENTITY_ONLY,build_qb_pregame_features,00-0019596,00-0020531,0.12416708093852495,0.19086199536275467,2068.0,1456.0,0.06669491442422971
2020,20,CON,2020_20_BUF_KC,BUF,KC,2021-01-19T12:00:00.000000+0000,POSTGAME_ACTUAL_STARTER_IDENTITY_ONLY,build_qb_pregame_features,00-0034857,00-0033873,0.06544007397287475,0.27004029388074124,1569.0,1945.0,0.20460021990786648
2020,20,CON,2020_20_TB_GB,TB,GB,2021-01-19T12:00:00.000000+0000,POSTGAME_ACTUAL_STARTER_IDENTITY_ONLY,build_qb_pregame_features,00-0019596,00-0023459,0.12390487425417264,0.15802305257013277,2102.0,1904.0,0.03411817831596013
2020,21,SB,2020_21_KC_TB,KC,TB,2021-02-02T12:00:00.000000+0000,POSTGAME_ACTUAL_STARTER_IDENTITY_ONLY,build_qb_pregame_features,00-0033873,00-0019596,0.2752032908111774,0.12590580898624815,1984.0,2139.0,-0.14929748182492925
2021,1,REG,2021_01_ARI_TEN,ARI,TEN,2021-09-07T12:00:00.000000+0000,POSTGAME_ACTUAL_STARTER_IDENTITY_ONLY,build_qb_pregame_features,00-0035228,00-0029701,0.023118984193968996,0.09576945770215553,1175.0,1223.0,0.07265047350818654
2021,1,REG,2021_01_BAL_LV,BAL,LV,2021-09-07T12:00:00.000000+0000,POSTGAME_ACTUAL_STARTER_IDENTITY_ONLY,build_qb_pregame_features,00-0034796,00-0031280,0.11531456636093067,0.08113594855576403,1170.0,1689.0,-0.034178617805166636
2021,1,REG,2021_01_CHI_LA,CHI,LAR,2021-09-07T12:00:00.000000+0000,POSTGAME_ACTUAL_STARTER_IDENTITY_ONLY,build_qb_pregame_features,00-0027973,00-0026498,-0.004278880774300857,0.07259238143976676,1308.0,1470.0,0.07687126221406762
2021,1,REG,2021_01_CLE_KC,CLE,KC,2021-09-07T12:00:00.000000+0000,POSTGAME_ACTUAL_STARTER_IDENTITY_ONLY,build_qb_pregame_features,00-0034855,00-0033873,0.0681356362519194,0.2630156947800649,1669.0,2036.0,0.19488005852814552
2021,1,REG,2021_01_DAL_TB,DAL,TB,2021-09-07T12:00:00.000000+0000,POSTGAME_ACTUAL_STARTER_IDENTITY_ONLY,build_qb_pregame_features,00-0033077,00-0019596,0.10266816657808751,0.12796413767328696,1500.0,2169.0,0.025295971095199446
2021,1,REG,2021_01_DEN_NYG,DEN,NYG,2021-09-07T12:00:00.000000+0000,POSTGAME_ACTUAL_STARTER_IDENTITY_ONLY,build_qb_pregame_features,00-0031237,00-0035710,0.042611508015415384,-0.05773510432445151,756.0,990.0,-0.10034661233986689
2021,1,REG,2021_01_GB_NO,GB,NO,2021-09-07T12:00:00.000000+0000,POSTGAME_ACTUAL_STARTER_IDENTITY_ONLY,build_qb_pregame_features,00-0023459,00-0031503,0.15736989609110394,0.06471477082041348,1957.0,1092.0,-0.09265512527069046
2021,1,REG,2021_01_JAX_HOU,JAX,HOU,2021-09-07T12:00:00.000000+0000,POSTGAME_ACTUAL_STARTER_IDENTITY_ONLY,build_qb_pregame_features,00-0036971,00-0028118,-0.05,-0.09045527243052245,0.0,136.0,-0.04045527243052245
2021,1,REG,2021_01_LAC_WAS,LAC,WAS,2021-09-07T12:00:00.000000+0000,POSTGAME_ACTUAL_STARTER_IDENTITY_ONLY,build_qb_pregame_features,00-0036355,00-0023682,0.08889293841243806,0.096346980394297,627.0,1083.0,0.007454041981858936
2021,1,REG,2021_01_MIA_NE,MIA,NE,2021-09-07T12:00:00.000000+0000,POSTGAME_ACTUAL_STARTER_IDENTITY_ONLY,build_qb_pregame_features,00-0036212,00-0036972,-0.044417927210295485,-0.05,310.0,0.0,-0.0055820727897045175
2021,1,REG,2021_01_MIN_CIN,MIN,CIN,2021-09-07T12:00:00.000000+0000,POSTGAME_ACTUAL_STARTER_IDENTITY_ONLY,build_qb_pregame_features,00-0029604,00-0036442,0.08202773147268898,0.05999232833618967,1741.0,436.0,-0.022035403136499307
2021,1,REG,2021_01_NYJ_CAR,NYJ,CAR,2021-09-07T12:00:00.000000+0000,POSTGAME_ACTUAL_STARTER_IDENTITY_ONLY,build_qb_pregame_features,00-0037013,00-0034869,-0.05,-0.07159866600544595,0.0,1317.0,-0.02159866600544595
2021,1,REG,2021_01_PHI_ATL,PHI,ATL,2021-09-07T12:00:00.000000+0000,POSTGAME_ACTUAL_STARTER_IDENTITY_ONLY,build_qb_pregame_features,00-0036389,00-0026143,-0.04357697592511856,0.09302578181399215,161.0,1981.0,0.1366027577391107
2021,1,REG,2021_01_PIT_BUF,PIT,BUF,2021-09-07T12:00:00.000000+0000,POSTGAME_ACTUAL_STARTER_IDENTITY_ONLY,build_qb_pregame_features,00-0022924,00-0034857,0.10737478878289335,0.059068642497410714,1452.0,1621.0,-0.04830614628548263
2021,1,REG,2021_01_SEA_IND,SEA,IND,2021-09-07T12:00:00.000000+0000,POSTGAME_ACTUAL_STARTER_IDENTITY_ONLY,build_qb_pregame_features,00-0029263,00-0032950,0.11925133638269866,-0.005735899747026296,1774.0,1568.0,-0.12498723612972495
2021,1,REG,2021_01_SF_DET,SF,DET,2021-09-07T12:00:00.000000+0000,POSTGAME_ACTUAL_STARTER_IDENTITY_ONLY,build_qb_pregame_features,00-0031345,00-0033106,0.0940692734400663,0.08834387366851117,827.0,1980.0,-0.005725399771555131
2021,2,REG,2021_02_ATL_TB,ATL,TB,2021-09-14T12:00:00.000000+0000,POSTGAME_ACTUAL_STARTER_IDENTITY_ONLY,build_qb_pregame_features,00-0026143,00-0019596,0.08454707476269374,0.13114042278288765,2019.0,2219.0,0.04659334802019391
2021,2,REG,2021_02_BUF_MIA,BUF,MIA,2021-09-14T12:00:00.000000+0000,POSTGAME_ACTUAL_STARTER_IDENTITY_ONLY,build_qb_pregame_features,00-0034857,00-0036212,0.05420341112097978,-0.03997083504071564,1675.0,339.0,-0.09417424616169542
2021,2,REG,2021_02_CIN_CHI,CIN,CHI,2021-09-14T12:00:00.000000+0000,POSTGAME_ACTUAL_STARTER_IDENTITY_ONLY,build_qb_pregame_features,00-0036442,00-0027973,0.06309339130509845,-0.010922527651399262,468.0,1349.0,-0.0740159189564977
2021,2,REG,2021_02_DAL_LAC,DAL,LAC,2021-09-14T12:00:00.000000+0000,POSTGAME_ACTUAL_STARTER_IDENTITY_ONLY,build_qb_pregame_features,00-0033077,00-0036355,0.10733699325181095,0.0954389376157242,1559.0,676.0,-0.011898055636086757
2021,2,REG,2021_02_DEN_JAX,DEN,JAX,2021-09-14T12:00:00.000000+0000,POSTGAME_ACTUAL_STARTER_IDENTITY_ONLY,build_qb_pregame_features,00-0031237,00-0036971,0.06356173291275322,-0.0540994693783144,794.0,52.0,-0.11766120229106761
2021,2,REG,2021_02_DET_GB,DET,GB,2021-09-14T12:00:00.000000+0000,POSTGAME_ACTUAL_STARTER_IDENTITY_ONLY,build_qb_pregame_features,00-0033106,00-0023459,0.08306800442535726,0.14795387854418454,2040.0,1986.0,0.06488587411882728
2021,2,REG,2021_02_HOU_CLE,HOU,CLE,2021-09-14T12:00:00.000000+0000,POSTGAME_ACTUAL_STARTER_IDENTITY_ONLY,build_qb_pregame_features,00-0028118,00-0034855,-0.04632862686419566,0.07256230039716685,170.0,1699.0,0.11889092726136251
2021,2,REG,2021_02_KC_BAL,KC,BAL,2021-09-14T12:00:00.000000+0000,POSTGAME_ACTUAL_STARTER_IDENTITY_ONLY,build_qb_pregame_features,00-0033873,00-0034796,0.2670210493706485,0.11434742298021959,2074.0,1203.0,-0.15267362639042892
2021,2,REG,2021_02_LA_IND,LAR,IND,2021-09-14T12:00:00.000000+0000,POSTGAME_ACTUAL_STARTER_IDENTITY_ONLY,build_qb_pregame_features,00-0026498,00-0032950,0.08253695458485956,-0.005445835660570227,1497.0,1609.0,-0.08798279024542979
2021,2,REG,2021_02_LV_PIT,LV,PIT,2021-09-14T12:00:00.000000+0000,POSTGAME_ACTUAL_STARTER_IDENTITY_ONLY,build_qb_pregame_features,00-0031280,00-0022924,0.08357557148907106,0.1048948241140159,1748.0,1486.0,0.021319252624944843
2021,2,REG,2021_02_MIN_ARI,MIN,ARI,2021-09-14T12:00:00.000000+0000,POSTGAME_ACTUAL_STARTER_IDENTITY_ONLY,build_qb_pregame_features,00-0029604,00-0035228,0.08528577415439673,0.030713555440578872,1793.0,1209.0,-0.05457221871381786
2021,2,REG,2021_02_NE_NYJ,NE,NYJ,2021-09-14T12:00:00.000000+0000,POSTGAME_ACTUAL_STARTER_IDENTITY_ONLY,build_qb_pregame_features,00-0036972,00-0037013,0.00011362699628568451,-0.06893611179630721,40.0,43.0,-0.0690497387925929
2021,2,REG,2021_02_NO_CAR,NO,CAR,2021-09-14T12:00:00.000000+0000,POSTGAME_ACTUAL_STARTER_IDENTITY_ONLY,build_qb_pregame_features,00-0031503,00-0034869,0.07666720929317004,-0.06802787790737991,1112.0,1353.0,-0.14469508720054997
2021,2,REG,2021_02_NYG_WAS,NYG,WAS,2021-09-14T12:00:00.000000+0000,POSTGAME_ACTUAL_STARTER_IDENTITY_ONLY,build_qb_pregame_features,00-0035710,00-0031800,-0.05727316785819129,-0.05896469455000153,1029.0,140.0,-0.0016915266918102398
2021,2,REG,2021_02_SF_PHI,SF,PHI,2021-09-14T12:00:00.000000+0000,POSTGAME_ACTUAL_STARTER_IDENTITY_ONLY,build_qb_pregame_features,00-0031345,00-0036389,0.11089778754170161,-0.01190248063048368,853.0,197.0,-0.12280026817218528
2021,2,REG,2021_02_TEN_SEA,TEN,SEA,2021-09-14T12:00:00.000000+0000,POSTGAME_ACTUAL_STARTER_IDENTITY_ONLY,build_qb_pregame_features,00-0029701,00-0029263,0.08133862322591959,0.12353193049936476,1264.0,1800.0,0.04219330727344517
2021,3,REG,2021_03_ARI_JAX,ARI,JAX,2021-09-21T12:00:00.000000+0000,POSTGAME_ACTUAL_STARTER_IDENTITY_ONLY,build_qb_pregame_features,00-0035228,00-0036971,0.0329449353218332,-0.09060482936877917,1248.0,86.0,-0.12354976469061238
2021,3,REG,2021_03_ATL_NYG,ATL,NYG,2021-09-21T12:00:00.000000+0000,POSTGAME_ACTUAL_STARTER_IDENTITY_ONLY,build_qb_pregame_features,00-0026143,00-0035710,0.07989079929835864,-0.05367335849265199,2066.0,1065.0,-0.13356415779101063
2021,3,REG,2021_03_BAL_DET,BAL,DET,2021-09-21T12:00:00.000000+0000,POSTGAME_ACTUAL_STARTER_IDENTITY_ONLY,build_qb_pregame_features,00-0034796,00-0033106,0.11129695491343991,0.08146912862313156,1230.0,2077.0,-0.02982782629030835
2021,3,REG,2021_03_CAR_HOU,CAR,HOU,2021-09-21T12:00:00.000000+0000,POSTGAME_ACTUAL_STARTER_IDENTITY_ONLY,build_qb_pregame_features,00-0034869,00-0036898,-0.059524304981185105,-0.044798379751303324,1393.0,19.0,0.014725925229881781
2021,3,REG,2021_03_CHI_CLE,CHI,CLE,2021-09-21T12:00:00.000000+0000,POSTGAME_ACTUAL_STARTER_IDENTITY_ONLY,build_qb_pregame_features,00-0036945,00-0034855,-0.08063932487230607,0.07566147193304383,17.0,1722.0,0.15630079680534992
2021,3,REG,2021_03_CIN_PIT,CIN,PIT,2021-09-21T12:00:00.000000+0000,POSTGAME_ACTUAL_STARTER_IDENTITY_ONLY,build_qb_pregame_features,00-0036442,00-0022924,0.049389850164148846,0.10397099520839116,503.0,1528.0,0.054581145044242316
2021,3,REG,2021_03_GB_SF,GB,SF,2021-09-21T12:00:00.000000+0000,POSTGAME_ACTUAL_STARTER_IDENTITY_ONLY,build_qb_pregame_features,00-0023459,00-0031345,0.15351108301368938,0.11381527810600255,2016.0,883.0,-0.03969580490768683
2021,3,REG,2021_03_IND_TEN,IND,TEN,2021-09-21T12:00:00.000000+0000,POSTGAME_ACTUAL_STARTER_IDENTITY_ONLY,build_qb_pregame_features,00-0032950,00-0029701,-0.006010723192538163,0.08388907391119385,1643.0,1307.0,0.08989979710373201
2021,3,REG,2021_03_LAC_KC,LAC,KC,2021-09-21T12:00:00.000000+0000,POSTGAME_ACTUAL_STARTER_IDENTITY_ONLY,build_qb_pregame_features,00-0036355,00-0033873,0.09493109080507273,0.270947177886593,719.0,2105.0,0.17601608708152028
2021,3,REG,2021_03_MIA_LV,MIA,LV,2021-09-21T12:00:00.000000+0000,POSTGAME_ACTUAL_STARTER_IDENTITY_ONLY,build_qb_pregame_features,00-0033119,00-0031280,-0.02610794110923141,0.09219374585320016,532.0,1787.0,0.11830168696243157
2021,3,REG,2021_03_NO_NE,NO,NE,2021-09-21T12:00:00.000000+0000,POSTGAME_ACTUAL_STARTER_IDENTITY_ONLY,build_qb_pregame_features,00-0031503,00-0036972,0.0631822674209356,-0.011712369094535637,1138.0,73.0,-0.07489463651547124
2021,3,REG,2021_03_NYJ_DEN,NYJ,DEN,2021-09-21T12:00:00.000000+0000,POSTGAME_ACTUAL_STARTER_IDENTITY_ONLY,build_qb_pregame_features,00-0037013,00-0031237,-0.13403096705742695,0.06955897663459511,80.0,831.0,0.20358994369202205
2021,3,REG,2021_03_PHI_DAL,PHI,DAL,2021-09-21T12:00:00.000000+0000,POSTGAME_ACTUAL_STARTER_IDENTITY_ONLY,build_qb_pregame_features,00-0036389,00-0033077,-0.009823388468980194,0.10476730958255202,222.0,1588.0,0.11459069805153221
2021,3,REG,2021_03_SEA_MIN,SEA,MIN,2021-09-21T12:00:00.000000+0000,POSTGAME_ACTUAL_STARTER_IDENTITY_ONLY,build_qb_pregame_features,00-0029263,00-0029604,0.12549169209884245,0.08735587522402039,1834.0,1826.0,-0.038135816874822065
2021,3,REG,2021_03_TB_LA,TB,LAR,2021-09-21T12:00:00.000000+0000,POSTGAME_ACTUAL_STARTER_IDENTITY_ONLY,build_qb_pregame_features,00-0019596,00-0026498,0.12991081722330391,0.08797616409157157,2258.0,1528.0,-0.04193465313173235
2021,3,REG,2021_03_WAS_BUF,WAS,BUF,2021-09-21T12:00:00.000000+0000,POSTGAME_ACTUAL_STARTER_IDENTITY_ONLY,build_qb_pregame_features,00-0031800,00-0034857,-0.050450830736331456,0.05524427701754511,187.0,1709.0,0.10569510775387657
2021,4,REG,2021_04_ARI_LA,ARI,LAR,2021-09-28T12:00:00.000000+0000,POSTGAME_ACTUAL_STARTER_IDENTITY_ONLY,build_qb_pregame_features,00-0035228,00-0026498,0.040400715733292486,0.09610654249014307,1282.0,1567.0,0.05570582675685058
2021,4,REG,2021_04_BAL_DEN,BAL,DEN,2021-09-28T12:00:00.000000+0000,POSTGAME_ACTUAL_STARTER_IDENTITY_ONLY,build_qb_pregame_features,00-0034796,00-0031237,0.11350422347969463,0.0785171714126914,1265.0,858.0,-0.03498705206700323
2021,4,REG,2021_04_CAR_DAL,CAR,DAL,2021-09-28T12:00:00.000000+0000,POSTGAME_ACTUAL_STARTER_IDENTITY_ONLY,build_qb_pregame_features,00-0034869,00-0033077,-0.05114920342534003,0.10896022740686158,1430.0,1618.0,0.1601094308322016
2021,4,REG,2021_04_CLE_MIN,CLE,MIN,2021-09-28T12:00:00.000000+0000,POSTGAME_ACTUAL_STARTER_IDENTITY_ONLY,build_qb_pregame_features,00-0034855,00-0029604,0.07340978369744777,0.09512591017785932,1758.0,1865.0,0.021716126480411546
2021,4,REG,2021_04_DET_CHI,DET,CHI,2021-09-28T12:00:00.000000+0000,POSTGAME_ACTUAL_STARTER_IDENTITY_ONLY,build_qb_pregame_features,00-0033106,00-0036945,0.08169462425584283,-0.1444857394388826,2109.0,46.0,-0.22618036369472544
2021,4,REG,2021_04_HOU_BUF,HOU,BUF,2021-09-28T12:00:00.000000+0000,POSTGAME_ACTUAL_STARTER_IDENTITY_ONLY,build_qb_pregame_features,00-0036898,00-0034857,-0.06453957546811276,0.06317952825833248,51.0,1752.0,0.12771910372644524
2021,4,REG,2021_04_IND_MIA,IND,MIA,2021-09-28T12:00:00.000000+0000,POSTGAME_ACTUAL_STARTER_IDENTITY_ONLY,build_qb_pregame_features,00-0032950,00-0033119,-0.010436240589449822,-0.027303988679975882,1682.0,583.0,-0.01686774809052606
2021,4,REG,2021_04_JAX_CIN,JAX,CIN,2021-09-28T12:00:00.000000+0000,POSTGAME_ACTUAL_STARTER_IDENTITY_ONLY,build_qb_pregame_features,00-0036971,00-0036442,-0.11604418648754042,0.05974869559056545,123.0,521.0,0.17579288207810587
2021,4,REG,2021_04_KC_PHI,KC,PHI,2021-09-28T12:00:00.000000+0000,POSTGAME_ACTUAL_STARTER_IDENTITY_ONLY,build_qb_pregame_features,00-0033873,00-0036389,0.2703841945173403,-0.021495346467790354,2151.0,263.0,-0.29187954098513064
2021,4,REG,2021_04_LV_LAC,LV,LAC,2021-09-28T12:00:00.000000+0000,POSTGAME_ACTUAL_STARTER_IDENTITY_ONLY,build_qb_pregame_features,00-0031280,00-0036355,0.0933360356971567,0.1076046529959504,1833.0,758.0,0.014268617298793695
2021,4,REG,2021_04_NYG_NO,NYG,NO,2021-09-28T12:00:00.000000+0000,POSTGAME_ACTUAL_STARTER_IDENTITY_ONLY,build_qb_pregame_features,00-0035710,00-0031503,-0.04634344817748521,0.06570960072368183,1102.0,1162.0,0.11205304890116705
2021,4,REG,2021_04_PIT_GB,PIT,GB,2021-09-28T12:00:00.000000+0000,POSTGAME_ACTUAL_STARTER_IDENTITY_ONLY,build_qb_pregame_features,00-0022924,00-0023459,0.09593894301157263,0.15457179238037452,1590.0,2050.0,0.05863284936880189
2021,4,REG,2021_04_SEA_SF,SEA,SF,2021-09-28T12:00:00.000000+0000,POSTGAME_ACTUAL_STARTER_IDENTITY_ONLY,build_qb_pregame_features,00-0029263,00-0031345,0.12374484805963672,0.11022481113728057,1868.0,927.0,-0.013520036922356149
2021,4,REG,2021_04_TB_NE,TB,NE,2021-09-28T12:00:00.000000+0000,POSTGAME_ACTUAL_STARTER_IDENTITY_ONLY,build_qb_pregame_features,00-0019596,00-0036972,0.13207480852515632,-0.05560193958823727,2316.0,126.0,-0.18767674811339358
2021,4,REG,2021_04_TEN_NYJ,TEN,NYJ,2021-09-28T12:00:00.000000+0000,POSTGAME_ACTUAL_STARTER_IDENTITY_ONLY,build_qb_pregame_features,00-0029701,00-0037013,0.08449287136506242,-0.18469083940742925,1335.0,120.0,-0.2691837107724917
2021,4,REG,2021_04_WAS_ATL,WAS,ATL,2021-09-28T12:00:00.000000+0000,POSTGAME_ACTUAL_STARTER_IDENTITY_ONLY,build_qb_pregame_features,00-0031800,00-0026143,-0.037318534885495545,0.08074827109788275,212.0,2105.0,0.11806680598337829
2021,5,REG,2021_05_BUF_KC,BUF,KC,2021-10-05T12:00:00.000000+0000,POSTGAME_ACTUAL_STARTER_IDENTITY_ONLY,build_qb_pregame_features,00-0034857,00-0033873,0.06317064109634976,0.2763307341377742,1783.0,2182.0,0.21316009304142444
2021,5,REG,2021_05_CHI_LV,CHI,LV,2021-10-05T12:00:00.000000+0000,POSTGAME_ACTUAL_STARTER_IDENTITY_ONLY,build_qb_pregame_features,00-0036945,00-0031280,-0.11817519242156325,0.0883443110714101,64.0,1871.0,0.20651950349297335
2021,5,REG,2021_05_CLE_LAC,CLE,LAC,2021-10-05T12:00:00.000000+0000,POSTGAME_ACTUAL_STARTER_IDENTITY_ONLY,build_qb_pregame_features,00-0034855,00-0036355,0.069273629482899,0.10832293918856085,1794.0,798.0,0.03904930970566185
2021,5,REG,2021_05_DEN_PIT,DEN,PIT,2021-10-05T12:00:00.000000+0000,POSTGAME_ACTUAL_STARTER_IDENTITY_ONLY,build_qb_pregame_features,00-0031237,00-0022924,0.07147567421908096,0.0883594409953757,876.0,1632.0,0.01688376677629473
2021,5,REG,2021_05_DET_MIN,DET,MIN,2021-10-05T12:00:00.000000+0000,POSTGAME_ACTUAL_STARTER_IDENTITY_ONLY,build_qb_pregame_features,00-0033106,00-0029604,0.08224307786011144,0.08870341111139883,2151.0,1905.0,0.006460333251287392
2021,5,REG,2021_05_GB_CIN,GB,CIN,2021-10-05T12:00:00.000000+0000,POSTGAME_ACTUAL_STARTER_IDENTITY_ONLY,build_qb_pregame_features,00-0023459,00-0036442,0.15355256316382576,0.08005936375624201,2089.0,554.0,-0.07349319940758375
2021,5,REG,2021_05_IND_BAL,IND,BAL,2021-10-05T12:00:00.000000+0000,POSTGAME_ACTUAL_STARTER_IDENTITY_ONLY,build_qb_pregame_features,00-0032950,00-0034796,-0.005122153331428483,0.11728481151393089,1716.0,1305.0,0.12240696484535937
2021,5,REG,2021_05_LA_SEA,LAR,SEA,2021-10-05T12:00:00.000000+0000,POSTGAME_ACTUAL_STARTER_IDENTITY_ONLY,build_qb_pregame_features,00-0026498,00-0029263,0.09518089688244226,0.1202265946322213,1608.0,1894.0,0.025045697749779036
2021,5,REG,2021_05_MIA_TB,MIA,TB,2021-10-05T12:00:00.000000+0000,POSTGAME_ACTUAL_STARTER_IDENTITY_ONLY,build_qb_pregame_features,00-0033119,00-0019596,-0.026910137001969252,0.13068660039200614,616.0,2360.0,0.1575967373939754
2021,5,REG,2021_05_NE_HOU,NE,HOU,2021-10-05T12:00:00.000000+0000,POSTGAME_ACTUAL_STARTER_IDENTITY_ONLY,build_qb_pregame_features,00-0036972,00-0036898,-0.0442235721251394,-0.12908270485628753,170.0,75.0,-0.08485913273114813
2021,5,REG,2021_05_NO_WAS,NO,WAS,2021-10-05T12:00:00.000000+0000,POSTGAME_ACTUAL_STARTER_IDENTITY_ONLY,build_qb_pregame_features,00-0031503,00-0031800,0.07274928339383094,0.0018092160890293627,1185.0,246.0,-0.07094006730480157
2021,5,REG,2021_05_NYG_DAL,NYG,DAL,2021-10-05T12:00:00.000000+0000,POSTGAME_ACTUAL_STARTER_IDENTITY_ONLY,build_qb_pregame_features,00-0035710,00-0033077,-0.03211344128049709,0.11131898009832521,1142.0,1640.0,0.14343242137882228
2021,5,REG,2021_05_NYJ_ATL,NYJ,ATL,2021-10-05T12:00:00.000000+0000,POSTGAME_ACTUAL_STARTER_IDENTITY_ONLY,build_qb_pregame_features,00-0037013,00-0026143,-0.14106619151060884,0.0845689873457351,155.0,2148.0,0.22563517885634393
2021,5,REG,2021_05_PHI_CAR,PHI,CAR,2021-10-05T12:00:00.000000+0000,POSTGAME_ACTUAL_STARTER_IDENTITY_ONLY,build_qb_pregame_features,00-0036389,00-0034869,0.005159958409440349,-0.05077554565957551,314.0,1474.0,-0.05593550406901586
2021,5,REG,2021_05_SF_ARI,SF,ARI,2021-10-05T12:00:00.000000+0000,POSTGAME_ACTUAL_STARTER_IDENTITY_ONLY,build_qb_pregame_features,00-0037012,00-0035228,-0.01271173990959782,0.04820135405305996,20.0,1317.0,0.06091309396265778
2021,5,REG,2021_05_TEN_JAX,TEN,JAX,2021-10-05T12:00:00.000000+0000,POSTGAME_ACTUAL_STARTER_IDENTITY_ONLY,build_qb_pregame_features,00-0029701,00-0036971,0.08193758331876703,-0.09264044933162234,1391.0,148.0,-0.17457803265038938
2021,6,REG,2021_06_ARI_CLE,ARI,CLE,2021-10-12T12:00:00.000000+0000,POSTGAME_ACTUAL_STARTER_IDENTITY_ONLY,build_qb_pregame_features,00-0035228,00-0034855,0.04993786584521742,0.07354043006377212,1350.0,1827.0,0.023602564218554695
2021,6,REG,2021_06_BUF_TEN,BUF,TEN,2021-10-12T12:00:00.000000+0000,POSTGAME_ACTUAL_STARTER_IDENTITY_ONLY,build_qb_pregame_features,00-0034857,00-0029701,0.06976524428533304,0.08455894702144563,1809.0,1416.0,0.014793702736112593
2021,6,REG,2021_06_CIN_DET,CIN,DET,2021-10-12T12:00:00.000000+0000,POSTGAME_ACTUAL_STARTER_IDENTITY_ONLY,build_qb_pregame_features,00-0036442,00-0033106,0.07899780857752356,0.07558444300562597,595.0,2190.0,-0.0034133655718975864
2021,6,REG,2021_06_DAL_NE,DAL,NE,2021-10-12T12:00:00.000000+0000,POSTGAME_ACTUAL_STARTER_IDENTITY_ONLY,build_qb_pregame_features,00-0033077,00-0036972,0.11473100869822542,-0.021057235765663783,1674.0,201.0,-0.1357882444638892
2021,6,REG,2021_06_GB_CHI,GB,CHI,2021-10-12T12:00:00.000000+0000,POSTGAME_ACTUAL_STARTER_IDENTITY_ONLY,build_qb_pregame_features,00-0023459,00-0036945,0.15471886601971027,-0.09337198481173545,2130.0,86.0,-0.24809085083144572
2021,6,REG,2021_06_HOU_IND,HOU,IND,2021-10-12T12:00:00.000000+0000,POSTGAME_ACTUAL_STARTER_IDENTITY_ONLY,build_qb_pregame_features,00-0036898,00-0032950,-0.06647695509629956,0.0034034309965399155,107.0,1753.0,0.06988038609283947
2021,6,REG,2021_06_KC_WAS,KC,WAS,2021-10-12T12:00:00.000000+0000,POSTGAME_ACTUAL_STARTER_IDENTITY_ONLY,build_qb_pregame_features,00-0033873,00-0031800,0.26609031918910736,-0.022669420623472908,2238.0,289.0,-0.2887597398125803
2021,6,REG,2021_06_LAC_BAL,LAC,BAL,2021-10-12T12:00:00.000000+0000,POSTGAME_ACTUAL_STARTER_IDENTITY_ONLY,build_qb_pregame_features,00-0036355,00-0034796,0.11969361024801474,0.13479769343261816,843.0,1350.0,0.01510408318460342
2021,6,REG,2021_06_LA_NYG,LAR,NYG,2021-10-12T12:00:00.000000+0000,POSTGAME_ACTUAL_STARTER_IDENTITY_ONLY,build_qb_pregame_features,00-0026498,00-0035710,0.10087184832106628,-0.03110834008461317,1646.0,1155.0,-0.13198018840567946
2021,6,REG,2021_06_LV_DEN,LV,DEN,2021-10-12T12:00:00.000000+0000,POSTGAME_ACTUAL_STARTER_IDENTITY_ONLY,build_qb_pregame_features,00-0031280,00-0031237,0.08258661712301474,0.07529141307515322,1909.0,916.0,-0.00729520404786152
2021,6,REG,2021_06_MIA_JAX,MIA,JAX,2021-10-12T12:00:00.000000+0000,POSTGAME_ACTUAL_STARTER_IDENTITY_ONLY,build_qb_pregame_features,00-0036212,00-0036971,-0.04881704429566472,-0.08890787321158433,345.0,183.0,-0.04009082891591961
2021,6,REG,2021_06_MIN_CAR,MIN,CAR,2021-10-12T12:00:00.000000+0000,POSTGAME_ACTUAL_STARTER_IDENTITY_ONLY,build_qb_pregame_features,00-0029604,00-0034869,0.08984777693804863,-0.05978984123603089,1941.0,1514.0,-0.14963761817407953
2021,6,REG,2021_06_SEA_PIT,SEA,PIT,2021-10-12T12:00:00.000000+0000,POSTGAME_ACTUAL_STARTER_IDENTITY_ONLY,build_qb_pregame_features,00-0030565,00-0022924,-0.05224778173619257,0.09202585694787077,28.0,1658.0,0.14427363868406334
2021,6,REG,2021_06_TB_PHI,TB,PHI,2021-10-12T12:00:00.000000+0000,POSTGAME_ACTUAL_STARTER_IDENTITY_ONLY,build_qb_pregame_features,00-0019596,00-0036389,0.13914924474823898,-0.01117655345278207,2403.0,353.0,-0.15032579820102104
2021,7,REG,2021_07_ATL_MIA,ATL,MIA,2021-10-19T12:00:00.000000+0000,POSTGAME_ACTUAL_STARTER_IDENTITY_ONLY,build_qb_pregame_features,00-0026143,00-0036212,0.09219858799043251,-0.030786278554677256,2193.0,392.0,-0.12298486654510976
2021,7,REG,2021_07_CAR_NYG,CAR,NYG,2021-10-19T12:00:00.000000+0000,POSTGAME_ACTUAL_STARTER_IDENTITY_ONLY,build_qb_pregame_features,00-0034869,00-0035710,-0.06706763476142309,-0.040062926257300666,1559.0,1210.0,0.027004708504122427
2021,7,REG,2021_07_CHI_TB,CHI,TB,2021-10-19T12:00:00.000000+0000,POSTGAME_ACTUAL_STARTER_IDENTITY_ONLY,build_qb_pregame_features,00-0036945,00-0019596,-0.0967905950716921,0.14207960396797076,117.0,2445.0,0.23887019903966286
2021,7,REG,2021_07_CIN_BAL,CIN,BAL,2021-10-19T12:00:00.000000+0000,POSTGAME_ACTUAL_STARTER_IDENTITY_ONLY,build_qb_pregame_features,00-0036442,00-0034796,0.08826100986024688,0.13038176632194604,626.0,1380.0,0.04212075646169916
2021,7,REG,2021_07_DEN_CLE,DEN,CLE,2021-10-19T12:00:00.000000+0000,POSTGAME_ACTUAL_STARTER_IDENTITY_ONLY,build_qb_pregame_features,00-0031237,00-0028986,0.07517693914610456,-0.03946020142749519,970.0,895.0,-0.11463714057359975
2021,7,REG,2021_07_DET_LA,DET,LAR,2021-10-19T12:00:00.000000+0000,POSTGAME_ACTUAL_STARTER_IDENTITY_ONLY,build_qb_pregame_features,00-0033106,00-0026498,0.07134440586658453,0.10889580386818482,2233.0,1676.0,0.03755139800160029
2021,7,REG,2021_07_HOU_ARI,HOU,ARI,2021-10-19T12:00:00.000000+0000,POSTGAME_ACTUAL_STARTER_IDENTITY_ONLY,build_qb_pregame_features,00-0036898,00-0035228,-0.081899820737203,0.05789428326824206,152.0,1382.0,0.13979410400544506
2021,7,REG,2021_07_IND_SF,IND,SF,2021-10-19T12:00:00.000000+0000,POSTGAME_ACTUAL_STARTER_IDENTITY_ONLY,build_qb_pregame_features,00-0032950,00-0031345,0.006601475105832899,0.10685229938896967,1775.0,951.0,0.10025082428313678
2021,7,REG,2021_07_KC_TEN,KC,TEN,2021-10-19T12:00:00.000000+0000,POSTGAME_ACTUAL_STARTER_IDENTITY_ONLY,build_qb_pregame_features,00-0033873,00-0029701,0.265729828835842,0.08744592955725061,2288.0,1445.0,-0.1782838992785914
2021,7,REG,2021_07_NO_SEA,NO,SEA,2021-10-19T12:00:00.000000+0000,POSTGAME_ACTUAL_STARTER_IDENTITY_ONLY,build_qb_pregame_features,00-0031503,00-0030565,0.07607725137905667,-0.07066298770889079,1217.0,65.0,-0.14674023908794748
2021,7,REG,2021_07_NYJ_NE,NYJ,NE,2021-10-19T12:00:00.000000+0000,POSTGAME_ACTUAL_STARTER_IDENTITY_ONLY,build_qb_pregame_features,00-0037013,00-0036972,-0.14062294247253532,-0.026648921997226026,189.0,224.0,0.11397402047530929
2021,7,REG,2021_07_PHI_LV,PHI,LV,2021-10-19T12:00:00.000000+0000,POSTGAME_ACTUAL_STARTER_IDENTITY_ONLY,build_qb_pregame_features,00-0036389,00-0031280,-0.02103259577563348,0.08899406362298805,381.0,1938.0,0.11002665939862152
2021,7,REG,2021_07_WAS_GB,WAS,GB,2021-10-19T12:00:00.000000+0000,POSTGAME_ACTUAL_STARTER_IDENTITY_ONLY,build_qb_pregame_features,00-0031800,00-0023459,-0.03134224238705043,0.1558169533515838,328.0,2156.0,0.18715919573863424
2021,8,REG,2021_08_CAR_ATL,CAR,ATL,2021-10-26T12:00:00.000000+0000,POSTGAME_ACTUAL_STARTER_IDENTITY_ONLY,build_qb_pregame_features,00-0034869,00-0026143,-0.07162107353048593,0.09528714010584304,1587.0,2234.0,0.16690821363632896
2021,8,REG,2021_08_CIN_NYJ,CIN,NYJ,2021-10-26T12:00:00.000000+0000,POSTGAME_ACTUAL_STARTER_IDENTITY_ONLY,build_qb_pregame_features,00-0036442,00-0034401,0.1069006654837258,-0.04484001086064691,665.0,33.0,-0.15174067634437272
2021,8,REG,2021_08_DAL_MIN,DAL,MIN,2021-10-26T12:00:00.000000+0000,POSTGAME_ACTUAL_STARTER_IDENTITY_ONLY,build_qb_pregame_features,00-0033662,00-0029604,-0.05,0.09438115276971505,0.0,1989.0,0.14438115276971505
2021,8,REG,2021_08_GB_ARI,GB,ARI,2021-10-26T12:00:00.000000+0000,POSTGAME_ACTUAL_STARTER_IDENTITY_ONLY,build_qb_pregame_features,00-0023459,00-0035228,0.15781712620716853,0.061725799702376516,2194.0,1414.0,-0.09609132650479202
2021,8,REG,2021_08_JAX_SEA,JAX,SEA,2021-10-26T12:00:00.000000+0000,POSTGAME_ACTUAL_STARTER_IDENTITY_ONLY,build_qb_pregame_features,00-0036971,00-0030565,-0.061234042761412595,-0.07663249087429506,226.0,92.0,-0.01539844811288247
2021,8,REG,2021_08_LA_HOU,LAR,HOU,2021-10-26T12:00:00.000000+0000,POSTGAME_ACTUAL_STARTER_IDENTITY_ONLY,build_qb_pregame_features,00-0026498,00-0036898,0.11442634547748495,-0.11376245989905781,1718.0,186.0,-0.22818880537654276
2021,8,REG,2021_08_MIA_BUF,MIA,BUF,2021-10-26T12:00:00.000000+0000,POSTGAME_ACTUAL_STARTER_IDENTITY_ONLY,build_qb_pregame_features,00-0036212,00-0034857,-0.02040593432811146,0.0747276747684241,433.0,1859.0,0.09513360909653555
2021,8,REG,2021_08_NE_LAC,NE,LAC,2021-10-26T12:00:00.000000+0000,POSTGAME_ACTUAL_STARTER_IDENTITY_ONLY,build_qb_pregame_features,00-0036972,00-0036355,0.0063522725149908026,0.10289697978706605,261.0,884.0,0.09654470727207524
2021,8,REG,2021_08_NYG_KC,NYG,KC,2021-10-26T12:00:00.000000+0000,POSTGAME_ACTUAL_STARTER_IDENTITY_ONLY,build_qb_pregame_features,00-0035710,00-0033873,-0.040473317591307185,0.25953143457338207,1245.0,2327.0,0.30000475216468925
2021,8,REG,2021_08_PHI_DET,PHI,DET,2021-10-26T12:00:00.000000+0000,POSTGAME_ACTUAL_STARTER_IDENTITY_ONLY,build_qb_pregame_features,00-0036389,00-0033106,-0.013596681172049846,0.0696631450046958,417.0,2271.0,0.08325982617674564
2021,8,REG,2021_08_PIT_CLE,PIT,CLE,2021-10-26T12:00:00.000000+0000,POSTGAME_ACTUAL_STARTER_IDENTITY_ONLY,build_qb_pregame_features,00-0022924,00-0034855,0.08951045523397089,0.06994175355775506,1699.0,1860.0,-0.019568701676215827
2021,8,REG,2021_08_SF_CHI,SF,CHI,2021-10-26T12:00:00.000000+0000,POSTGAME_ACTUAL_STARTER_IDENTITY_ONLY,build_qb_pregame_features,00-0031345,00-0036945,0.0955958307735229,-0.15313625901626995,980.0,153.0,-0.24873208978979286
2021,8,REG,2021_08_TB_NO,TB,NO,2021-10-26T12:00:00.000000+0000,POSTGAME_ACTUAL_STARTER_IDENTITY_ONLY,build_qb_pregame_features,00-0019596,00-0031503,0.14364305496161123,0.07395765943621989,2481.0,1254.0,-0.06968539552539134
2021,8,REG,2021_08_TEN_IND,TEN,IND,2021-10-26T12:00:00.000000+0000,POSTGAME_ACTUAL_STARTER_IDENTITY_ONLY,build_qb_pregame_features,00-0029701,00-0032950,0.09447401149406685,0.004390751125290599,1473.0,1802.0,-0.09008326036877626
2021,8,REG,2021_08_WAS_DEN,WAS,DEN,2021-10-26T12:00:00.000000+0000,POSTGAME_ACTUAL_STARTER_IDENTITY_ONLY,build_qb_pregame_features,00-0031800,00-0031237,-0.045316500866757946,0.07813354422316213,369.0,1005.0,0.12345004508992008
2021,9,REG,2021_09_ARI_SF,ARI,SF,2021-11-02T12:00:00.000000+0000,POSTGAME_ACTUAL_STARTER_IDENTITY_ONLY,build_qb_pregame_features,00-0027688,00-0031345,-0.11211194418142462,0.10668791366106911,164.0,1008.0,0.21879985784249373
2021,9,REG,2021_09_ATL_NO,ATL,NO,2021-11-02T12:00:00.000000+0000,POSTGAME_ACTUAL_STARTER_IDENTITY_ONLY,build_qb_pregame_features,00-0026143,00-0032156,0.09103024453935779,-0.061861930046512456,2264.0,38.0,-0.15289217458587023
2021,9,REG,2021_09_BUF_JAX,BUF,JAX,2021-11-02T12:00:00.000000+0000,POSTGAME_ACTUAL_STARTER_IDENTITY_ONLY,build_qb_pregame_features,00-0034857,00-0036971,0.07592509710035315,-0.06954216613420786,1901.0,281.0,-0.145467263234561
2021,9,REG,2021_09_CHI_PIT,CHI,PIT,2021-11-02T12:00:00.000000+0000,POSTGAME_ACTUAL_STARTER_IDENTITY_ONLY,build_qb_pregame_features,00-0036945,00-0022924,-0.13552341420388586,0.0907141295471778,184.0,1735.0,0.22623754375106364
2021,9,REG,2021_09_CLE_CIN,CLE,CIN,2021-11-02T12:00:00.000000+0000,POSTGAME_ACTUAL_STARTER_IDENTITY_ONLY,build_qb_pregame_features,00-0034855,00-0036442,0.07016236667333839,0.10246450072605738,1895.0,702.0,0.03230213405271899
2021,9,REG,2021_09_DEN_DAL,DEN,DAL,2021-11-02T12:00:00.000000+0000,POSTGAME_ACTUAL_STARTER_IDENTITY_ONLY,build_qb_pregame_features,00-0031237,00-0033077,0.0790987587033008,0.12363804607314116,1035.0,1725.0,0.044539287369840364
2021,9,REG,2021_09_GB_KC,GB,KC,2021-11-02T12:00:00.000000+0000,POSTGAME_ACTUAL_STARTER_IDENTITY_ONLY,build_qb_pregame_features,00-0036264,00-0033873,-0.05585189142319475,0.25560963857916585,8.0,2377.0,0.3114615300023606
2021,9,REG,2021_09_HOU_MIA,HOU,MIA,2021-11-02T12:00:00.000000+0000,POSTGAME_ACTUAL_STARTER_IDENTITY_ONLY,build_qb_pregame_features,00-0028118,00-0033119,-0.02238437290763827,-0.024200896571247306,181.0,659.0,-0.0018165236636090362
2021,9,REG,2021_09_LAC_PHI,LAC,PHI,2021-11-02T12:00:00.000000+0000,POSTGAME_ACTUAL_STARTER_IDENTITY_ONLY,build_qb_pregame_features,00-0036355,00-0036389,0.09330788358250364,-0.009968949025551684,922.0,431.0,-0.10327683260805531
2021,9,REG,2021_09_LV_NYG,LV,NYG,2021-11-02T12:00:00.000000+0000,POSTGAME_ACTUAL_STARTER_IDENTITY_ONLY,build_qb_pregame_features,00-0031280,00-0035710,0.09632770438506584,-0.0406849589563573,1972.0,1280.0,-0.13701266334142315
2021,9,REG,2021_09_MIN_BAL,MIN,BAL,2021-11-02T12:00:00.000000+0000,POSTGAME_ACTUAL_STARTER_IDENTITY_ONLY,build_qb_pregame_features,00-0029604,00-0034796,0.0883024300700504,0.12258154456322604,2025.0,1416.0,0.03427911449317564
2021,9,REG,2021_09_NE_CAR,NE,CAR,2021-11-02T12:00:00.000000+0000,POSTGAME_ACTUAL_STARTER_IDENTITY_ONLY,build_qb_pregame_features,00-0036972,00-0034869,0.003792328546937389,-0.06985278217932242,297.0,1611.0,-0.07364511072625982
2021,9,REG,2021_09_NYJ_IND,NYJ,IND,2021-11-02T12:00:00.000000+0000,POSTGAME_ACTUAL_STARTER_IDENTITY_ONLY,build_qb_pregame_features,00-0034401,00-0032950,-0.014209146731764613,-0.002274856442448761,80.0,1854.0,0.011934290289315853
2021,9,REG,2021_09_TEN_LA,TEN,LAR,2021-11-02T12:00:00.000000+0000,POSTGAME_ACTUAL_STARTER_IDENTITY_ONLY,build_qb_pregame_features,00-0029701,00-0026498,0.09698588334647093,0.12105790517747775,1509.0,1750.0,0.024072021831006818
2021,10,REG,2021_10_ATL_DAL,ATL,DAL,2021-11-09T12:00:00.000000+0000,POSTGAME_ACTUAL_STARTER_IDENTITY_ONLY,build_qb_pregame_features,00-0026143,00-0033077,0.09669519646952347,0.11692725125225115,2296.0,1766.0,0.020232054782727674
2021,10,REG,2021_10_BAL_MIA,BAL,MIA,2021-11-09T12:00:00.000000+0000,POSTGAME_ACTUAL_STARTER_IDENTITY_ONLY,build_qb_pregame_features,00-0034796,00-0033119,0.11835067928098382,-0.026303067247677215,1460.0,706.0,-0.14465374652866103
2021,10,REG,2021_10_BUF_NYJ,BUF,NYJ,2021-11-09T12:00:00.000000+0000,POSTGAME_ACTUAL_STARTER_IDENTITY_ONLY,build_qb_pregame_features,00-0034857,00-0034401,0.07034330616869383,0.005372167411257525,1952.0,91.0,-0.0649711387574363
2021,10,REG,2021_10_CAR_ARI,CAR,ARI,2021-11-09T12:00:00.000000+0000,POSTGAME_ACTUAL_STARTER_IDENTITY_ONLY,build_qb_pregame_features,00-0033275,00-0027688,-0.14169504408359085,-0.07354900022049002,78.0,192.0,0.06814604386310083
2021,10,REG,2021_10_CLE_NE,CLE,NE,2021-11-09T12:00:00.000000+0000,POSTGAME_ACTUAL_STARTER_IDENTITY_ONLY,build_qb_pregame_features,00-0034855,00-0036972,0.07412388194329277,-0.0023128940454679447,1918.0,317.0,-0.07643677598876071
2021,10,REG,2021_10_DET_PIT,DET,PIT,2021-11-09T12:00:00.000000+0000,POSTGAME_ACTUAL_STARTER_IDENTITY_ONLY,build_qb_pregame_features,00-0033106,00-0034771,0.06458406818621201,-0.03285227180062043,2310.0,342.0,-0.09743633998683245
2021,10,REG,2021_10_JAX_IND,JAX,IND,2021-11-09T12:00:00.000000+0000,POSTGAME_ACTUAL_STARTER_IDENTITY_ONLY,build_qb_pregame_features,00-0036971,00-0032950,-0.07297846979036021,0.0055290429343985426,309.0,1885.0,0.07850751272475875
2021,10,REG,2021_10_KC_LV,KC,LV,2021-11-09T12:00:00.000000+0000,POSTGAME_ACTUAL_STARTER_IDENTITY_ONLY,build_qb_pregame_features,00-0033873,00-0031280,0.24848845615897572,0.09085730682493448,2415.0,2019.0,-0.15763114933404124
2021,10,REG,2021_10_LA_SF,LAR,SF,2021-11-09T12:00:00.000000+0000,POSTGAME_ACTUAL_STARTER_IDENTITY_ONLY,build_qb_pregame_features,00-0026498,00-0031345,0.10868360539837109,0.1073058110424515,1803.0,1053.0,-0.001377794355919587
2021,10,REG,2021_10_MIN_LAC,MIN,LAC,2021-11-09T12:00:00.000000+0000,POSTGAME_ACTUAL_STARTER_IDENTITY_ONLY,build_qb_pregame_features,00-0029604,00-0036355,0.09069056105205209,0.11001507048143225,2053.0,960.0,0.01932450942938016
2021,10,REG,2021_10_NO_TEN,NO,TEN,2021-11-09T12:00:00.000000+0000,POSTGAME_ACTUAL_STARTER_IDENTITY_ONLY,build_qb_pregame_features,00-0032156,00-0029701,-0.07196634110759045,0.09308620312309866,80.0,1539.0,0.1650525442306891
2021,10,REG,2021_10_PHI_DEN,PHI,DEN,2021-11-09T12:00:00.000000+0000,POSTGAME_ACTUAL_STARTER_IDENTITY_ONLY,build_qb_pregame_features,00-0036389,00-0031237,-0.0016259315374292371,0.08379024999637678,449.0,1067.0,0.08541618153380602
2021,10,REG,2021_10_SEA_GB,SEA,GB,2021-11-09T12:00:00.000000+0000,POSTGAME_ACTUAL_STARTER_IDENTITY_ONLY,build_qb_pregame_features,00-0029263,00-0023459,0.1182723522243947,0.15590007434766476,1912.0,2232.0,0.03762772212327006
2021,10,REG,2021_10_TB_WAS,TB,WAS,2021-11-09T12:00:00.000000+0000,POSTGAME_ACTUAL_STARTER_IDENTITY_ONLY,build_qb_pregame_features,00-0019596,00-0031800,0.14184238200944568,-0.04619868580787373,2524.0,413.0,-0.1880410678173194
2021,11,REG,2021_11_ARI_SEA,ARI,SEA,2021-11-16T12:00:00.000000+0000,POSTGAME_ACTUAL_STARTER_IDENTITY_ONLY,build_qb_pregame_features,00-0027688,00-0029263,-0.10356420597095736,0.10643008720815839,214.0,1955.0,0.20999429317911575
2021,11,REG,2021_11_BAL_CHI,BAL,CHI,2021-11-16T12:00:00.000000+0000,POSTGAME_ACTUAL_STARTER_IDENTITY_ONLY,build_qb_pregame_features,00-0035993,00-0036945,-0.09568001947951751,-0.11532037373907526,30.0,216.0,-0.01964035425955775
2021,11,REG,2021_11_CIN_LV,CIN,LV,2021-11-16T12:00:00.000000+0000,POSTGAME_ACTUAL_STARTER_IDENTITY_ONLY,build_qb_pregame_features,00-0036442,00-0031280,0.0842637923269742,0.08937781243478327,747.0,2056.0,0.005114020107809064
2021,11,REG,2021_11_DAL_KC,DAL,KC,2021-11-16T12:00:00.000000+0000,POSTGAME_ACTUAL_STARTER_IDENTITY_ONLY,build_qb_pregame_features,00-0033077,00-0033873,0.12676411415411207,0.2532510115080767,1797.0,2465.0,0.12648689735396465
2021,11,REG,2021_11_DET_CLE,DET,CLE,2021-11-16T12:00:00.000000+0000,POSTGAME_ACTUAL_STARTER_IDENTITY_ONLY,build_qb_pregame_features,00-0034177,00-0034855,-0.058885633929943046,0.07107449315126527,5.0,1941.0,0.1299601270812083
2021,11,REG,2021_11_GB_MIN,GB,MIN,2021-11-16T12:00:00.000000+0000,POSTGAME_ACTUAL_STARTER_IDENTITY_ONLY,build_qb_pregame_features,00-0023459,00-0029604,0.15415676764726727,0.09202660759777985,2270.0,2092.0,-0.06213016004948742
2021,11,REG,2021_11_HOU_TEN,HOU,TEN,2021-11-16T12:00:00.000000+0000,POSTGAME_ACTUAL_STARTER_IDENTITY_ONLY,build_qb_pregame_features,00-0028118,00-0029701,-0.05007328850174381,0.09293658254070412,229.0,1568.0,0.14300987104244794
2021,11,REG,2021_11_IND_BUF,IND,BUF,2021-11-16T12:00:00.000000+0000,POSTGAME_ACTUAL_STARTER_IDENTITY_ONLY,build_qb_pregame_features,00-0032950,00-0034857,0.003903811539045147,0.07783125157833931,1920.0,1982.0,0.07392744003929416
2021,11,REG,2021_11_MIA_NYJ,MIA,NYJ,2021-11-16T12:00:00.000000+0000,POSTGAME_ACTUAL_STARTER_IDENTITY_ONLY,build_qb_pregame_features,00-0036212,00-0026158,-0.018037729319040817,-0.013989459288616054,488.0,827.0,0.004048270030424763
2021,11,REG,2021_11_NE_ATL,NE,ATL,2021-11-16T12:00:00.000000+0000,POSTGAME_ACTUAL_STARTER_IDENTITY_ONLY,build_qb_pregame_features,00-0036972,00-0026143,0.024454862398357716,0.09019698089253511,342.0,2319.0,0.0657421184941774
2021,11,REG,2021_11_NO_PHI,NO,PHI,2021-11-16T12:00:00.000000+0000,POSTGAME_ACTUAL_STARTER_IDENTITY_ONLY,build_qb_pregame_features,00-0032156,00-0036389,-0.05013078547773031,0.005325742361039495,118.0,474.0,0.05545652783876981
2021,11,REG,2021_11_NYG_TB,NYG,TB,2021-11-16T12:00:00.000000+0000,POSTGAME_ACTUAL_STARTER_IDENTITY_ONLY,build_qb_pregame_features,00-0035710,00-0019596,-0.04087514878815095,0.13898828278550077,1302.0,2558.0,0.1798634315736517
2021,11,REG,2021_11_PIT_LAC,PIT,LAC,2021-11-16T12:00:00.000000+0000,POSTGAME_ACTUAL_STARTER_IDENTITY_ONLY,build_qb_pregame_features,00-0022924,00-0036355,0.09111279309840854,0.1015359870111242,1769.0,996.0,0.010423193912715664
2021,11,REG,2021_11_SF_JAX,SF,JAX,2021-11-16T12:00:00.000000+0000,POSTGAME_ACTUAL_STARTER_IDENTITY_ONLY,build_qb_pregame_features,00-0031345,00-0036971,0.11756305460253103,-0.07913631224807033,1073.0,347.0,-0.19669936685060135
2021,11,REG,2021_11_WAS_CAR,WAS,CAR,2021-11-16T12:00:00.000000+0000,POSTGAME_ACTUAL_STARTER_IDENTITY_ONLY,build_qb_pregame_features,00-0031800,00-0027939,-0.032655353330890105,0.014801427714848853,450.0,998.0,0.04745678104573896
2021,12,REG,2021_12_ATL_JAX,ATL,JAX,2021-11-23T12:00:00.000000+0000,POSTGAME_ACTUAL_STARTER_IDENTITY_ONLY,build_qb_pregame_features,00-0026143,00-0036971,0.08477368220008032,-0.07310693840734947,2351.0,375.0,-0.1578806206074298
2021,12,REG,2021_12_BUF_NO,BUF,NO,2021-11-23T12:00:00.000000+0000,POSTGAME_ACTUAL_STARTER_IDENTITY_ONLY,build_qb_pregame_features,00-0034857,00-0032156,0.0759674036320073,-0.06626462785598769,2018.0,158.0,-0.142232031487995
2021,12,REG,2021_12_CAR_MIA,CAR,MIA,2021-11-23T12:00:00.000000+0000,POSTGAME_ACTUAL_STARTER_IDENTITY_ONLY,build_qb_pregame_features,00-0027939,00-0036212,0.016592596890250222,0.0053813635614923805,1026.0,521.0,-0.011211233328757841
2021,12,REG,2021_12_CHI_DET,CHI,DET,2021-11-23T12:00:00.000000+0000,POSTGAME_ACTUAL_STARTER_IDENTITY_ONLY,build_qb_pregame_features,00-0027973,00-0033106,-0.0043511804186268654,0.059683943935322434,1386.0,2339.0,0.0640351243539493
2021,12,REG,2021_12_CLE_BAL,CLE,BAL,2021-11-23T12:00:00.000000+0000,POSTGAME_ACTUAL_STARTER_IDENTITY_ONLY,build_qb_pregame_features,00-0034855,00-0034796,0.06677242205676466,0.11037991097872656,1971.0,1507.0,0.043607488921961896
2021,12,REG,2021_12_LAC_DEN,LAC,DEN,2021-11-23T12:00:00.000000+0000,POSTGAME_ACTUAL_STARTER_IDENTITY_ONLY,build_qb_pregame_features,00-0036355,00-0031237,0.10988700247288405,0.0773248189366679,1039.0,1104.0,-0.03256218353621615
2021,12,REG,2021_12_LA_GB,LAR,GB,2021-11-23T12:00:00.000000+0000,POSTGAME_ACTUAL_STARTER_IDENTITY_ONLY,build_qb_pregame_features,00-0026498,00-0023459,0.10216476719759278,0.1611590138375861,1846.0,2305.0,0.05899424663999332
2021,12,REG,2021_12_LV_DAL,LV,DAL,2021-11-23T12:00:00.000000+0000,POSTGAME_ACTUAL_STARTER_IDENTITY_ONLY,build_qb_pregame_features,00-0031280,00-0033077,0.0844995661537099,0.11702220120484079,2085.0,1845.0,0.032522635051130885
2021,12,REG,2021_12_MIN_SF,MIN,SF,2021-11-23T12:00:00.000000+0000,POSTGAME_ACTUAL_STARTER_IDENTITY_ONLY,build_qb_pregame_features,00-0029604,00-0031345,0.09934243451258316,0.12286803041623284,2129.0,1097.0,0.02352559590364968
2021,12,REG,2021_12_NYJ_HOU,NYJ,HOU,2021-11-23T12:00:00.000000+0000,POSTGAME_ACTUAL_STARTER_IDENTITY_ONLY,build_qb_pregame_features,00-0037013,00-0028118,-0.13650500991518652,-0.048110619152668475,200.0,253.0,0.08839439076251804
2021,12,REG,2021_12_PHI_NYG,PHI,NYG,2021-11-23T12:00:00.000000+0000,POSTGAME_ACTUAL_STARTER_IDENTITY_ONLY,build_qb_pregame_features,00-0036389,00-0035710,0.005864210429807847,-0.05363701661209984,501.0,1342.0,-0.05950122704190769
2021,12,REG,2021_12_PIT_CIN,PIT,CIN,2021-11-23T12:00:00.000000+0000,POSTGAME_ACTUAL_STARTER_IDENTITY_ONLY,build_qb_pregame_features,00-0022924,00-0036442,0.089366154926172,0.08437580857750651,1816.0,779.0,-0.004990346348665492
2021,12,REG,2021_12_SEA_WAS,SEA,WAS,2021-11-23T12:00:00.000000+0000,POSTGAME_ACTUAL_STARTER_IDENTITY_ONLY,build_qb_pregame_features,00-0029263,00-0031800,0.10300938069201451,-0.014163247031600643,1985.0,475.0,-0.11717262772361516
2021,12,REG,2021_12_TB_IND,TB,IND,2021-11-23T12:00:00.000000+0000,POSTGAME_ACTUAL_STARTER_IDENTITY_ONLY,build_qb_pregame_features,00-0019596,00-0032950,0.13903085809631352,0.006584987021414331,2604.0,1940.0,-0.1324458710748992
2021,12,REG,2021_12_TEN_NE,TEN,NE,2021-11-23T12:00:00.000000+0000,POSTGAME_ACTUAL_STARTER_IDENTITY_ONLY,build_qb_pregame_features,00-0029701,00-0036972,0.08453140896343468,0.01942132650517697,1622.0,371.0,-0.06511008245825771
2021,13,REG,2021_13_ARI_CHI,ARI,CHI,2021-11-30T12:00:00.000000+0000,POSTGAME_ACTUAL_STARTER_IDENTITY_ONLY,build_qb_pregame_features,00-0035228,00-0027973,0.06081994693832689,0.003160837767398771,1449.0,1426.0,-0.05765910917092812
2021,13,REG,2021_13_BAL_PIT,BAL,PIT,2021-11-30T12:00:00.000000+0000,POSTGAME_ACTUAL_STARTER_IDENTITY_ONLY,build_qb_pregame_features,00-0034796,00-0022924,0.10200627616759023,0.0809011201439675,1541.0,1860.0,-0.02110515602362273
2021,13,REG,2021_13_DAL_NO,DAL,NO,2021-11-30T12:00:00.000000+0000,POSTGAME_ACTUAL_STARTER_IDENTITY_ONLY,build_qb_pregame_features,00-0033077,00-0033357,0.11820408254909628,-0.05,1893.0,0.0,-0.1682040825490963
2021,13,REG,2021_13_DEN_KC,DEN,KC,2021-11-30T12:00:00.000000+0000,POSTGAME_ACTUAL_STARTER_IDENTITY_ONLY,build_qb_pregame_features,00-0031237,00-0033873,0.08225384912743523,0.24706879362336812,1122.0,2505.0,0.16481494449593287
2021,13,REG,2021_13_IND_HOU,IND,HOU,2021-11-30T12:00:00.000000+0000,POSTGAME_ACTUAL_STARTER_IDENTITY_ONLY,build_qb_pregame_features,00-0032950,00-0028118,0.006889340783280953,-0.06779272704587586,1987.0,284.0,-0.0746820678291568
2021,13,REG,2021_13_JAX_LA,JAX,LAR,2021-11-30T12:00:00.000000+0000,POSTGAME_ACTUAL_STARTER_IDENTITY_ONLY,build_qb_pregame_features,00-0036971,00-0026498,-0.07138638322375614,0.09912912856038691,418.0,1886.0,0.17051551178414304
2021,13,REG,2021_13_LAC_CIN,LAC,CIN,2021-11-30T12:00:00.000000+0000,POSTGAME_ACTUAL_STARTER_IDENTITY_ONLY,build_qb_pregame_features,00-0036355,00-0036442,0.10465996517726492,0.08446162970540319,1086.0,805.0,-0.020198335471861728
2021,13,REG,2021_13_MIN_DET,MIN,DET,2021-11-30T12:00:00.000000+0000,POSTGAME_ACTUAL_STARTER_IDENTITY_ONLY,build_qb_pregame_features,00-0029604,00-0033106,0.09734485218446984,0.059454493737501904,2162.0,2365.0,-0.037890358446967934
2021,13,REG,2021_13_NE_BUF,NE,BUF,2021-11-30T12:00:00.000000+0000,POSTGAME_ACTUAL_STARTER_IDENTITY_ONLY,build_qb_pregame_features,00-0036972,00-0034857,0.040317295641772735,0.07991115767514942,405.0,2048.0,0.039593862033376684
2021,13,REG,2021_13_NYG_MIA,NYG,MIA,2021-11-30T12:00:00.000000+0000,POSTGAME_ACTUAL_STARTER_IDENTITY_ONLY,build_qb_pregame_features,00-0030520,00-0036212,-0.04727741864195826,0.013074866016893488,245.0,554.0,0.06035228465885174
2021,13,REG,2021_13_PHI_NYJ,PHI,NYJ,2021-11-30T12:00:00.000000+0000,POSTGAME_ACTUAL_STARTER_IDENTITY_ONLY,build_qb_pregame_features,00-0035289,00-0037013,-0.008774493656238013,-0.1478808856907446,859.0,228.0,-0.1391063920345066
2021,13,REG,2021_13_SF_SEA,SF,SEA,2021-11-30T12:00:00.000000+0000,POSTGAME_ACTUAL_STARTER_IDENTITY_ONLY,build_qb_pregame_features,00-0031345,00-0029263,0.12273311278942164,0.1031682073993522,1125.0,2018.0,-0.019564905390069443
2021,13,REG,2021_13_TB_ATL,TB,ATL,2021-11-30T12:00:00.000000+0000,POSTGAME_ACTUAL_STARTER_IDENTITY_ONLY,build_qb_pregame_features,00-0019596,00-0026143,0.13689740721531454,0.08568303032448331,2640.0,2381.0,-0.051214376890831234
2021,13,REG,2021_13_WAS_LV,WAS,LV,2021-11-30T12:00:00.000000+0000,POSTGAME_ACTUAL_STARTER_IDENTITY_ONLY,build_qb_pregame_features,00-0031800,00-0031280,-0.00499947089284045,0.08625993222327424,511.0,2127.0,0.09125940311611469
2021,14,REG,2021_14_ATL_CAR,ATL,CAR,2021-12-07T12:00:00.000000+0000,POSTGAME_ACTUAL_STARTER_IDENTITY_ONLY,build_qb_pregame_features,00-0026143,00-0027939,0.08404821906405513,0.006029606552358688,2427.0,1048.0,-0.07801861251169644
2021,14,REG,2021_14_BAL_CLE,BAL,CLE,2021-12-07T12:00:00.000000+0000,POSTGAME_ACTUAL_STARTER_IDENTITY_ONLY,build_qb_pregame_features,00-0034796,00-0034855,0.10112163393883418,0.06461359827220846,1585.0,2010.0,-0.03650803566662572
2021,14,REG,2021_14_BUF_TB,BUF,TB,2021-12-07T12:00:00.000000+0000,POSTGAME_ACTUAL_STARTER_IDENTITY_ONLY,build_qb_pregame_features,00-0034857,00-0019596,0.07580270157666304,0.13994631852041375,2080.0,2691.0,0.06414361694375072
2021,14,REG,2021_14_CHI_GB,CHI,GB,2021-12-07T12:00:00.000000+0000,POSTGAME_ACTUAL_STARTER_IDENTITY_ONLY,build_qb_pregame_features,00-0036945,00-0023459,-0.12234016752720427,0.1615384590631958,229.0,2351.0,0.2838786265904001
2021,14,REG,2021_14_DAL_WAS,DAL,WAS,2021-12-07T12:00:00.000000+0000,POSTGAME_ACTUAL_STARTER_IDENTITY_ONLY,build_qb_pregame_features,00-0033077,00-0031800,0.11193997049748375,0.002319920802902921,1934.0,542.0,-0.10962004969458083
2021,14,REG,2021_14_DET_DEN,DET,DEN,2021-12-07T12:00:00.000000+0000,POSTGAME_ACTUAL_STARTER_IDENTITY_ONLY,build_qb_pregame_features,00-0033106,00-0031237,0.05984996653671287,0.07168211637851521,2409.0,1163.0,0.011832149841802336
2021,14,REG,2021_14_JAX_TEN,JAX,TEN,2021-12-07T12:00:00.000000+0000,POSTGAME_ACTUAL_STARTER_IDENTITY_ONLY,build_qb_pregame_features,00-0036971,00-0029701,-0.07249212414390285,0.07859699106052266,448.0,1645.0,0.15108911520442553
2021,14,REG,2021_14_LA_ARI,LAR,ARI,2021-12-07T12:00:00.000000+0000,POSTGAME_ACTUAL_STARTER_IDENTITY_ONLY,build_qb_pregame_features,00-0026498,00-0035228,0.10348083167129427,0.06472215752871173,1925.0,1465.0,-0.038758674142582536
2021,14,REG,2021_14_LV_KC,LV,KC,2021-12-07T12:00:00.000000+0000,POSTGAME_ACTUAL_STARTER_IDENTITY_ONLY,build_qb_pregame_features,00-0031280,00-0033873,0.08455863270793164,0.24344775874550598,2167.0,2535.0,0.15888912603757432
2021,14,REG,2021_14_NO_NYJ,NO,NYJ,2021-12-07T12:00:00.000000+0000,POSTGAME_ACTUAL_STARTER_IDENTITY_ONLY,build_qb_pregame_features,00-0033357,00-0037013,-0.05,-0.13348503810055734,0.0,268.0,-0.08348503810055734
2021,14,REG,2021_14_NYG_LAC,NYG,LAC,2021-12-07T12:00:00.000000+0000,POSTGAME_ACTUAL_STARTER_IDENTITY_ONLY,build_qb_pregame_features,00-0030520,00-0036355,-0.06622440043187786,0.10954862954209,292.0,1125.0,0.17577302997396788
2021,14,REG,2021_14_PIT_MIN,PIT,MIN,2021-12-07T12:00:00.000000+0000,POSTGAME_ACTUAL_STARTER_IDENTITY_ONLY,build_qb_pregame_features,00-0022924,00-0029604,0.08403434277484204,0.09745014615563198,1892.0,2205.0,0.013415803380789945
2021,14,REG,2021_14_SEA_HOU,SEA,HOU,2021-12-07T12:00:00.000000+0000,POSTGAME_ACTUAL_STARTER_IDENTITY_ONLY,build_qb_pregame_features,00-0029263,00-0036898,0.10130139940755147,-0.13826679259856173,2059.0,245.0,-0.23956819200611318
2021,14,REG,2021_14_SF_CIN,SF,CIN,2021-12-07T12:00:00.000000+0000,POSTGAME_ACTUAL_STARTER_IDENTITY_ONLY,build_qb_pregame_features,00-0031345,00-0036442,0.12117022665585533,0.0760792600030079,1156.0,851.0,-0.04509096665284744
2021,15,REG,2021_15_ARI_DET,ARI,DET,2021-12-14T12:00:00.000000+0000,POSTGAME_ACTUAL_STARTER_IDENTITY_ONLY,build_qb_pregame_features,00-0035228,00-0033106,0.06208347459994919,0.055772213431275586,1518.0,2450.0,-0.006311261168673601
2021,15,REG,2021_15_ATL_SF,ATL,SF,2021-12-14T12:00:00.000000+0000,POSTGAME_ACTUAL_STARTER_IDENTITY_ONLY,build_qb_pregame_features,00-0026143,00-0031345,0.08516320958287958,0.1219892670723846,2455.0,1202.0,0.036826057489505015
2021,15,REG,2021_15_CAR_BUF,CAR,BUF,2021-12-14T12:00:00.000000+0000,POSTGAME_ACTUAL_STARTER_IDENTITY_ONLY,build_qb_pregame_features,00-0027939,00-0034857,0.003173856936848343,0.07254508682768669,1072.0,2137.0,0.06937122989083835
2021,15,REG,2021_15_CIN_DEN,CIN,DEN,2021-12-14T12:00:00.000000+0000,POSTGAME_ACTUAL_STARTER_IDENTITY_ONLY,build_qb_pregame_features,00-0036442,00-0031237,0.0827115777197172,0.0766849391912585,890.0,1189.0,-0.006026638528458694
2021,15,REG,2021_15_DAL_NYG,DAL,NYG,2021-12-14T12:00:00.000000+0000,POSTGAME_ACTUAL_STARTER_IDENTITY_ONLY,build_qb_pregame_features,00-0033077,00-0030520,0.10500973143160276,-0.08141592653524535,1977.0,330.0,-0.18642565796684812
2021,15,REG,2021_15_GB_BAL,GB,BAL,2021-12-14T12:00:00.000000+0000,POSTGAME_ACTUAL_STARTER_IDENTITY_ONLY,build_qb_pregame_features,00-0023459,00-0035993,0.16503402253468274,-0.10748228020110076,2391.0,113.0,-0.27251630273578353
2021,15,REG,2021_15_HOU_JAX,HOU,JAX,2021-12-14T12:00:00.000000+0000,POSTGAME_ACTUAL_STARTER_IDENTITY_ONLY,build_qb_pregame_features,00-0036898,00-0036971,-0.12842052906573492,-0.0898985794209611,296.0,491.0,0.03852194964477382
2021,15,REG,2021_15_KC_LAC,KC,LAC,2021-12-14T12:00:00.000000+0000,POSTGAME_ACTUAL_STARTER_IDENTITY_ONLY,build_qb_pregame_features,00-0033873,00-0036355,0.24641234405795362,0.1170962967925471,2562.0,1158.0,-0.12931604726540652
2021,15,REG,2021_15_LV_CLE,LV,CLE,2021-12-14T12:00:00.000000+0000,POSTGAME_ACTUAL_STARTER_IDENTITY_ONLY,build_qb_pregame_features,00-0031280,00-0033319,0.08172780790048385,0.031283527437195924,2216.0,636.0,-0.05044428046328793
2021,15,REG,2021_15_MIN_CHI,MIN,CHI,2021-12-14T12:00:00.000000+0000,POSTGAME_ACTUAL_STARTER_IDENTITY_ONLY,build_qb_pregame_features,00-0029604,00-0036945,0.09200594734201384,-0.13661114427289028,2236.0,264.0,-0.22861709161490412
2021,15,REG,2021_15_NE_IND,NE,IND,2021-12-14T12:00:00.000000+0000,POSTGAME_ACTUAL_STARTER_IDENTITY_ONLY,build_qb_pregame_features,00-0036972,00-0032950,0.04016357928414749,0.008002504324993163,408.0,2010.0,-0.03216107495915432
2021,15,REG,2021_15_NO_TB,NO,TB,2021-12-14T12:00:00.000000+0000,POSTGAME_ACTUAL_STARTER_IDENTITY_ONLY,build_qb_pregame_features,00-0033357,00-0019596,-0.05,0.14103903448441737,0.0,2739.0,0.1910390344844174
2021,15,REG,2021_15_NYJ_MIA,NYJ,MIA,2021-12-14T12:00:00.000000+0000,POSTGAME_ACTUAL_STARTER_IDENTITY_ONLY,build_qb_pregame_features,00-0037013,00-0036212,-0.150440784816368,0.017326847446057253,313.0,597.0,0.16776763226242525
2021,15,REG,2021_15_SEA_LA,SEA,LAR,2021-12-14T12:00:00.000000+0000,POSTGAME_ACTUAL_STARTER_IDENTITY_ONLY,build_qb_pregame_features,00-0029263,00-0026498,0.10738998925225297,0.10835984462885669,2087.0,1958.0,0.0009698553766037121
2021,15,REG,2021_15_TEN_PIT,TEN,PIT,2021-12-14T12:00:00.000000+0000,POSTGAME_ACTUAL_STARTER_IDENTITY_ONLY,build_qb_pregame_features,00-0029701,00-0022924,0.07761657029970423,0.0791491681428302,1680.0,1937.0,0.0015325978431259685
2021,15,REG,2021_15_WAS_PHI,WAS,PHI,2021-12-14T12:00:00.000000+0000,POSTGAME_ACTUAL_STARTER_IDENTITY_ONLY,build_qb_pregame_features,00-0031395,00-0036389,-0.06449091249836014,-0.01772405453203563,47.0,533.0,0.046766857966324515
2021,16,REG,2021_16_BAL_CIN,BAL,CIN,2021-12-21T12:00:00.000000+0000,POSTGAME_ACTUAL_STARTER_IDENTITY_ONLY,build_qb_pregame_features,00-0026300,00-0036442,-0.018894060321634962,0.0827115777197172,147.0,890.0,0.10160563804135216
2021,16,REG,2021_16_BUF_NE,BUF,NE,2021-12-21T12:00:00.000000+0000,POSTGAME_ACTUAL_STARTER_IDENTITY_ONLY,build_qb_pregame_features,00-0034857,00-0036972,0.07254508682768669,0.04016357928414749,2137.0,408.0,-0.032381507543539204
2021,16,REG,2021_16_CHI_SEA,CHI,SEA,2021-12-21T12:00:00.000000+0000,POSTGAME_ACTUAL_STARTER_IDENTITY_ONLY,build_qb_pregame_features,00-0029567,00-0029263,-0.039711685244663286,0.10738998925225297,731.0,2087.0,0.14710167449691625
2021,16,REG,2021_16_CLE_GB,CLE,GB,2021-12-21T12:00:00.000000+0000,POSTGAME_ACTUAL_STARTER_IDENTITY_ONLY,build_qb_pregame_features,00-0034855,00-0023459,0.06277513062792134,0.16503402253468274,2042.0,2391.0,0.1022588919067614
2021,16,REG,2021_16_DEN_LV,DEN,LV,2021-12-21T12:00:00.000000+0000,POSTGAME_ACTUAL_STARTER_IDENTITY_ONLY,build_qb_pregame_features,00-0035704,00-0031280,-0.04974209750663494,0.08172780790048385,655.0,2216.0,0.13146990540711878
2021,16,REG,2021_16_DET_ATL,DET,ATL,2021-12-21T12:00:00.000000+0000,POSTGAME_ACTUAL_STARTER_IDENTITY_ONLY,build_qb_pregame_features,00-0034177,00-0026143,-0.09796688383509633,0.08516320958287958,28.0,2455.0,0.18313009341797593
2021,16,REG,2021_16_IND_ARI,IND,ARI,2021-12-21T12:00:00.000000+0000,POSTGAME_ACTUAL_STARTER_IDENTITY_ONLY,build_qb_pregame_features,00-0032950,00-0035228,0.008002504324993163,0.06208347459994919,2010.0,1518.0,0.05408097027495602
2021,16,REG,2021_16_JAX_NYJ,JAX,NYJ,2021-12-21T12:00:00.000000+0000,POSTGAME_ACTUAL_STARTER_IDENTITY_ONLY,build_qb_pregame_features,00-0036971,00-0037013,-0.0898985794209611,-0.150440784816368,491.0,313.0,-0.06054220539540689
2021,16,REG,2021_16_LAC_HOU,LAC,HOU,2021-12-21T12:00:00.000000+0000,POSTGAME_ACTUAL_STARTER_IDENTITY_ONLY,build_qb_pregame_features,00-0036355,00-0036898,0.1170962967925471,-0.12842052906573492,1158.0,296.0,-0.24551682585828202
2021,16,REG,2021_16_LA_MIN,LAR,MIN,2021-12-21T12:00:00.000000+0000,POSTGAME_ACTUAL_STARTER_IDENTITY_ONLY,build_qb_pregame_features,00-0026498,00-0029604,0.10835984462885669,0.09200594734201384,1958.0,2236.0,-0.016353897286842847
2021,16,REG,2021_16_MIA_NO,MIA,NO,2021-12-21T12:00:00.000000+0000,POSTGAME_ACTUAL_STARTER_IDENTITY_ONLY,build_qb_pregame_features,00-0036212,00-0036929,0.017326847446057253,-0.05,597.0,0.0,-0.06732684744605726
2021,16,REG,2021_16_NYG_PHI,NYG,PHI,2021-12-21T12:00:00.000000+0000,POSTGAME_ACTUAL_STARTER_IDENTITY_ONLY,build_qb_pregame_features,00-0036197,00-0036389,-0.05,-0.01772405453203563,0.0,533.0,0.032275945467964376
2021,16,REG,2021_16_PIT_KC,PIT,KC,2021-12-21T12:00:00.000000+0000,POSTGAME_ACTUAL_STARTER_IDENTITY_ONLY,build_qb_pregame_features,00-0022924,00-0033873,0.0791491681428302,0.24641234405795362,1937.0,2562.0,0.1672631759151234
2021,16,REG,2021_16_SF_TEN,SF,TEN,2021-12-21T12:00:00.000000+0000,POSTGAME_ACTUAL_STARTER_IDENTITY_ONLY,build_qb_pregame_features,00-0031345,00-0029701,0.1219892670723846,0.07761657029970423,1202.0,1680.0,-0.04437269677268037
2021,16,REG,2021_16_TB_CAR,TB,CAR,2021-12-21T12:00:00.000000+0000,POSTGAME_ACTUAL_STARTER_IDENTITY_ONLY,build_qb_pregame_features,00-0019596,00-0027939,0.14103903448441737,0.003173856936848343,2739.0,1072.0,-0.13786517754756902
2021,16,REG,2021_16_WAS_DAL,WAS,DAL,2021-12-21T12:00:00.000000+0000,POSTGAME_ACTUAL_STARTER_IDENTITY_ONLY,build_qb_pregame_features,00-0031800,00-0033077,-0.02436459192077324,0.10500973143160276,571.0,1977.0,0.129374323352376
2021,17,REG,2021_17_ARI_DAL,ARI,DAL,2021-12-28T12:00:00.000000+0000,POSTGAME_ACTUAL_STARTER_IDENTITY_ONLY,build_qb_pregame_features,00-0035228,00-0033077,0.04898532160201817,0.10952896543080404,1604.0,2059.0,0.06054364382878587
2021,17,REG,2021_17_ATL_BUF,ATL,BUF,2021-12-28T12:00:00.000000+0000,POSTGAME_ACTUAL_STARTER_IDENTITY_ONLY,build_qb_pregame_features,00-0026143,00-0034857,0.08379625809555982,0.08152168848588626,2517.0,2222.0,-0.0022745696096735657
2021,17,REG,2021_17_CAR_NO,CAR,NO,2021-12-28T12:00:00.000000+0000,POSTGAME_ACTUAL_STARTER_IDENTITY_ONLY,build_qb_pregame_features,00-0034869,00-0033357,-0.08632956693607084,-0.05,1681.0,0.0,0.03632956693607084
2021,17,REG,2021_17_CLE_PIT,CLE,PIT,2021-12-28T12:00:00.000000+0000,POSTGAME_ACTUAL_STARTER_IDENTITY_ONLY,build_qb_pregame_features,00-0034855,00-0022924,0.061018553410702725,0.06919354640110761,2083.0,2002.0,0.008174992990404889
2021,17,REG,2021_17_DEN_LAC,DEN,LAC,2021-12-28T12:00:00.000000+0000,POSTGAME_ACTUAL_STARTER_IDENTITY_ONLY,build_qb_pregame_features,00-0035704,00-0036355,-0.04749252994908653,0.11458178602495118,692.0,1232.0,0.1620743159740377
2021,17,REG,2021_17_DET_SEA,DET,SEA,2021-12-28T12:00:00.000000+0000,POSTGAME_ACTUAL_STARTER_IDENTITY_ONLY,build_qb_pregame_features,00-0034177,00-0029263,-0.0841618554600819,0.10048357172057454,62.0,2150.0,0.18464542718065644
2021,17,REG,2021_17_HOU_SF,HOU,SF,2021-12-28T12:00:00.000000+0000,POSTGAME_ACTUAL_STARTER_IDENTITY_ONLY,build_qb_pregame_features,00-0036898,00-0037012,-0.08148328889201539,-0.03358159625452773,355.0,51.0,0.04790169263748766
2021,17,REG,2021_17_JAX_NE,JAX,NE,2021-12-28T12:00:00.000000+0000,POSTGAME_ACTUAL_STARTER_IDENTITY_ONLY,build_qb_pregame_features,00-0036971,00-0036972,-0.0836471346077226,0.03018913861580472,572.0,487.0,0.11383627322352732
2021,17,REG,2021_17_KC_CIN,KC,CIN,2021-12-28T12:00:00.000000+0000,POSTGAME_ACTUAL_STARTER_IDENTITY_ONLY,build_qb_pregame_features,00-0033873,00-0036442,0.248236127589146,0.1004870080587234,2642.0,964.0,-0.1477491195304226
2021,17,REG,2021_17_LA_BAL,LAR,BAL,2021-12-28T12:00:00.000000+0000,POSTGAME_ACTUAL_STARTER_IDENTITY_ONLY,build_qb_pregame_features,00-0026498,00-0035993,0.09946034167296733,-0.08536061316183657,2028.0,154.0,-0.1848209548348039
2021,17,REG,2021_17_LV_IND,LV,IND,2021-12-28T12:00:00.000000+0000,POSTGAME_ACTUAL_STARTER_IDENTITY_ONLY,build_qb_pregame_features,00-0031280,00-0032950,0.07732451880686134,0.008366487639073595,2283.0,2053.0,-0.06895803116778774
2021,17,REG,2021_17_MIA_TEN,MIA,TEN,2021-12-28T12:00:00.000000+0000,POSTGAME_ACTUAL_STARTER_IDENTITY_ONLY,build_qb_pregame_features,00-0036212,00-0029701,0.019606094781083376,0.07459243673835203,653.0,1749.0,0.054986341957268654
2021,17,REG,2021_17_MIN_GB,MIN,GB,2021-12-28T12:00:00.000000+0000,POSTGAME_ACTUAL_STARTER_IDENTITY_ONLY,build_qb_pregame_features,00-0032245,00-0023459,-0.055855669748582554,0.16991310573180182,24.0,2459.0,0.22576877548038438
2021,17,REG,2021_17_NYG_CHI,NYG,CHI,2021-12-28T12:00:00.000000+0000,POSTGAME_ACTUAL_STARTER_IDENTITY_ONLY,build_qb_pregame_features,00-0030520,00-0027973,-0.10627521771259138,-0.005754643524615971,381.0,1470.0,0.10052057418797541
2021,17,REG,2021_17_PHI_WAS,PHI,WAS,2021-12-28T12:00:00.000000+0000,POSTGAME_ACTUAL_STARTER_IDENTITY_ONLY,build_qb_pregame_features,00-0036389,00-0031800,-0.008040419921147788,-0.04807759481198284,592.0,597.0,-0.04003717489083505
2021,17,REG,2021_17_TB_NYJ,TB,NYJ,2021-12-28T12:00:00.000000+0000,POSTGAME_ACTUAL_STARTER_IDENTITY_ONLY,build_qb_pregame_features,00-0019596,00-0037013,0.13561575421551927,-0.156467925180398,2821.0,365.0,-0.2920836793959173
2021,18,REG,2021_18_CAR_TB,CAR,TB,2022-01-04T12:00:00.000000+0000,POSTGAME_ACTUAL_STARTER_IDENTITY_ONLY,build_qb_pregame_features,00-0034869,00-0019596,-0.09215061492626614,0.14050348588897255,1714.0,2872.0,0.23265410081523868
2021,18,REG,2021_18_CHI_MIN,CHI,MIN,2022-01-04T12:00:00.000000+0000,POSTGAME_ACTUAL_STARTER_IDENTITY_ONLY,build_qb_pregame_features,00-0027973,00-0029604,-0.008416019994817538,0.08806098424225071,1507.0,2305.0,0.09647700423706826
2021,18,REG,2021_18_CIN_CLE,CIN,CLE,2022-01-04T12:00:00.000000+0000,POSTGAME_ACTUAL_STARTER_IDENTITY_ONLY,build_qb_pregame_features,00-0032434,00-0028986,-0.08255760746218876,-0.03685435248153658,247.0,944.0,0.04570325498065218
2021,18,REG,2021_18_DAL_PHI,DAL,PHI,2022-01-04T12:00:00.000000+0000,POSTGAME_ACTUAL_STARTER_IDENTITY_ONLY,build_qb_pregame_features,00-0033077,00-0035289,0.11335438582118926,0.00388026348154342,2098.0,886.0,-0.10947412233964583
2021,18,REG,2021_18_GB_DET,GB,DET,2022-01-04T12:00:00.000000+0000,POSTGAME_ACTUAL_STARTER_IDENTITY_ONLY,build_qb_pregame_features,00-0023459,00-0033106,0.17126545639228047,0.0600641095991798,2497.0,2478.0,-0.11120134679310067
2021,18,REG,2021_18_IND_JAX,IND,JAX,2022-01-04T12:00:00.000000+0000,POSTGAME_ACTUAL_STARTER_IDENTITY_ONLY,build_qb_pregame_features,00-0032950,00-0036971,0.005856809398731539,-0.09478735873804597,2081.0,601.0,-0.10064416813677751
2021,18,REG,2021_18_KC_DEN,KC,DEN,2022-01-04T12:00:00.000000+0000,POSTGAME_ACTUAL_STARTER_IDENTITY_ONLY,build_qb_pregame_features,00-0033873,00-0035704,0.24916743792802304,-0.043875717284498544,2677.0,718.0,-0.29304315521252156
2021,18,REG,2021_18_LAC_LV,LAC,LV,2022-01-04T12:00:00.000000+0000,POSTGAME_ACTUAL_STARTER_IDENTITY_ONLY,build_qb_pregame_features,00-0036355,00-0031280,0.12240924270722978,0.07853611299656876,1263.0,2316.0,-0.04387312971066101
2021,18,REG,2021_18_NE_MIA,NE,MIA,2022-01-04T12:00:00.000000+0000,POSTGAME_ACTUAL_STARTER_IDENTITY_ONLY,build_qb_pregame_features,00-0036972,00-0036212,0.05248910457847122,0.003510084638912645,517.0,695.0,-0.04897901993955857
2021,18,REG,2021_18_NO_ATL,NO,ATL,2022-01-04T12:00:00.000000+0000,POSTGAME_ACTUAL_STARTER_IDENTITY_ONLY,build_qb_pregame_features,00-0033357,00-0026143,-0.05,0.08001801105256176,0.0,2545.0,0.13001801105256178
2021,18,REG,2021_18_NYJ_BUF,NYJ,BUF,2022-01-04T12:00:00.000000+0000,POSTGAME_ACTUAL_STARTER_IDENTITY_ONLY,build_qb_pregame_features,00-0037013,00-0034857,-0.13365549901600127,0.07772570363310848,399.0,2248.0,0.21138120264910976
2021,18,REG,2021_18_PIT_BAL,PIT,BAL,2022-01-04T12:00:00.000000+0000,POSTGAME_ACTUAL_STARTER_IDENTITY_ONLY,build_qb_pregame_features,00-0022924,00-0035993,0.060201427723169866,-0.08729706818080393,2050.0,191.0,-0.1474984959039738
2021,18,REG,2021_18_SEA_ARI,SEA,ARI,2022-01-04T12:00:00.000000+0000,POSTGAME_ACTUAL_STARTER_IDENTITY_ONLY,build_qb_pregame_features,00-0029263,00-0035228,0.10579703554484342,0.05309246797122653,2180.0,1643.0,-0.05270456757361689
2021,18,REG,2021_18_SF_LA,SF,LAR,2022-01-04T12:00:00.000000+0000,POSTGAME_ACTUAL_STARTER_IDENTITY_ONLY,build_qb_pregame_features,00-0031345,00-0026498,0.12776199066283608,0.10054638919845596,1262.0,2064.0,-0.027215601464380124
2021,18,REG,2021_18_TEN_HOU,TEN,HOU,2022-01-04T12:00:00.000000+0000,POSTGAME_ACTUAL_STARTER_IDENTITY_ONLY,build_qb_pregame_features,00-0029701,00-0036898,0.07463389604857473,-0.10184663007678246,1768.0,390.0,-0.1764805261253572
2021,18,REG,2021_18_WAS_NYG,WAS,NYG,2022-01-04T12:00:00.000000+0000,POSTGAME_ACTUAL_STARTER_IDENTITY_ONLY,build_qb_pregame_features,00-0031800,00-0036197,-0.05116307335379232,-0.09997408394392986,636.0,32.0,-0.04881101059013754
2021,19,WC,2021_19_ARI_LA,ARI,LAR,2022-01-11T12:00:00.000000+0000,POSTGAME_ACTUAL_STARTER_IDENTITY_ONLY,build_qb_pregame_features,00-0035228,00-0026498,0.050234814554697214,0.10403391840379049,1687.0,2101.0,0.053799103849093276
2021,19,WC,2021_19_LV_CIN,LV,CIN,2022-01-11T12:00:00.000000+0000,POSTGAME_ACTUAL_STARTER_IDENTITY_ONLY,build_qb_pregame_features,00-0031280,00-0036442,0.07541467673258948,0.11590577132240153,2355.0,1007.0,0.04049109458981205
2021,19,WC,2021_19_NE_BUF,NE,BUF,2022-01-11T12:00:00.000000+0000,POSTGAME_ACTUAL_STARTER_IDENTITY_ONLY,build_qb_pregame_features,00-0036972,00-0034857,0.05226634616199022,0.07554767989749175,549.0,2293.0,0.023281333735501536
2021,19,WC,2021_19_PHI_TB,PHI,TB,2022-01-11T12:00:00.000000+0000,POSTGAME_ACTUAL_STARTER_IDENTITY_ONLY,build_qb_pregame_features,00-0036389,00-0019596,0.001129332480464781,0.14448862385215785,619.0,2910.0,0.14335929137169307
2021,19,WC,2021_19_PIT_KC,PIT,KC,2022-01-11T12:00:00.000000+0000,POSTGAME_ACTUAL_STARTER_IDENTITY_ONLY,build_qb_pregame_features,00-0022924,00-0033873,0.06027381505821542,0.2494749082726333,2095.0,2722.0,0.1892010932144179
2021,19,WC,2021_19_SF_DAL,SF,DAL,2022-01-11T12:00:00.000000+0000,POSTGAME_ACTUAL_STARTER_IDENTITY_ONLY,build_qb_pregame_features,00-0031345,00-0033077,0.1272782888967201,0.12284685353583778,1297.0,2126.0,-0.0044314353608823215
2021,20,DIV,2021_20_BUF_KC,BUF,KC,2022-01-18T12:00:00.000000+0000,POSTGAME_ACTUAL_STARTER_IDENTITY_ONLY,build_qb_pregame_features,00-0034857,00-0033873,0.08423251687654315,0.25223363493043705,2318.0,2764.0,0.1680011180538939
2021,20,DIV,2021_20_CIN_TEN,CIN,TEN,2022-01-18T12:00:00.000000+0000,POSTGAME_ACTUAL_STARTER_IDENTITY_ONLY,build_qb_pregame_features,00-0036442,00-0029701,0.1205184958791107,0.0829759047513521,1043.0,1801.0,-0.03754259112775861
2021,20,DIV,2021_20_LA_TB,LAR,TB,2022-01-18T12:00:00.000000+0000,POSTGAME_ACTUAL_STARTER_IDENTITY_ONLY,build_qb_pregame_features,00-0026498,00-0019596,0.10854522262602079,0.14517496230127186,2119.0,2951.0,0.03662973967525107
2021,20,DIV,2021_20_SF_GB,SF,GB,2022-01-18T12:00:00.000000+0000,POSTGAME_ACTUAL_STARTER_IDENTITY_ONLY,build_qb_pregame_features,00-0031345,00-0023459,0.12516884222212432,0.17132240007588734,1322.0,2518.0,0.046153557853763016
2021,21,CON,2021_21_CIN_KC,CIN,KC,2022-01-25T12:00:00.000000+0000,POSTGAME_ACTUAL_STARTER_IDENTITY_ONLY,build_qb_pregame_features,00-0036442,00-0033873,0.11372457085567339,0.2554121581269572,1089.0,2810.0,0.14168758727128383
2021,21,CON,2021_21_SF_LA,SF,LAR,2022-01-25T12:00:00.000000+0000,POSTGAME_ACTUAL_STARTER_IDENTITY_ONLY,build_qb_pregame_features,00-0031345,00-0026498,0.11942368706434585,0.1140361311902207,1345.0,2159.0,-0.0053875558741251495
2021,22,SB,2021_22_LA_CIN,LAR,CIN,2022-02-08T12:00:00.000000+0000,POSTGAME_ACTUAL_STARTER_IDENTITY_ONLY,build_qb_pregame_features,00-0026498,00-0036442,0.1172393171066343,0.11325369396331683,2206.0,1128.0,-0.003985623143317463
2022,1,REG,2022_01_BAL_NYJ,BAL,NYJ,2022-09-06T12:00:00.000000+0000,POSTGAME_ACTUAL_STARTER_IDENTITY_ONLY,build_qb_pregame_features,00-0034796,00-0026158,0.1001831860517408,-0.0126298729094999,1590.0,868.0,-0.11281305896124069
2022,1,REG,2022_01_BUF_LA,BUF,LAR,2022-09-06T12:00:00.000000+0000,POSTGAME_ACTUAL_STARTER_IDENTITY_ONLY,build_qb_pregame_features,00-0034857,00-0026498,0.0899783287144634,0.11770732062340157,2357.0,2248.0,0.02772899190893817
2022,1,REG,2022_01_CLE_CAR,CLE,CAR,2022-09-06T12:00:00.000000+0000,POSTGAME_ACTUAL_STARTER_IDENTITY_ONLY,build_qb_pregame_features,00-0033119,00-0034855,-0.029515295739178944,0.05430340800997632,732.0,2130.0,0.08381870374915526
2022,1,REG,2022_01_DEN_SEA,DEN,SEA,2022-09-06T12:00:00.000000+0000,POSTGAME_ACTUAL_STARTER_IDENTITY_ONLY,build_qb_pregame_features,00-0029263,00-0030565,0.10568711749572446,-0.05372198829832845,2207.0,119.0,-0.1594091057940529
2022,1,REG,2022_01_GB_MIN,GB,MIN,2022-09-06T12:00:00.000000+0000,POSTGAME_ACTUAL_STARTER_IDENTITY_ONLY,build_qb_pregame_features,00-0023459,00-0029604,0.16911158430442771,0.09022131999237729,2552.0,2330.0,-0.07889026431205043
2022,1,REG,2022_01_IND_HOU,IND,HOU,2022-09-06T12:00:00.000000+0000,POSTGAME_ACTUAL_STARTER_IDENTITY_ONLY,build_qb_pregame_features,00-0026143,00-0036898,0.07748591311599691,-0.08037091005222166,2581.0,425.0,-0.15785682316821859
2022,1,REG,2022_01_JAX_WAS,JAX,WAS,2022-09-06T12:00:00.000000+0000,POSTGAME_ACTUAL_STARTER_IDENTITY_ONLY,build_qb_pregame_features,00-0036971,00-0032950,-0.08178705588798842,0.0016786307002633425,634.0,2116.0,0.08346568658825176
2022,1,REG,2022_01_KC_ARI,KC,ARI,2022-09-06T12:00:00.000000+0000,POSTGAME_ACTUAL_STARTER_IDENTITY_ONLY,build_qb_pregame_features,00-0033873,00-0035228,0.25013677165070247,0.038086238645110654,2853.0,1723.0,-0.21205053300559182
2022,1,REG,2022_01_LV_LAC,LV,LAC,2022-09-06T12:00:00.000000+0000,POSTGAME_ACTUAL_STARTER_IDENTITY_ONLY,build_qb_pregame_features,00-0031280,00-0036355,0.07376404199907773,0.12728543473745113,2412.0,1330.0,0.053521392738373405
2022,1,REG,2022_01_NE_MIA,NE,MIA,2022-09-06T12:00:00.000000+0000,POSTGAME_ACTUAL_STARTER_IDENTITY_ONLY,build_qb_pregame_features,00-0036972,00-0036212,0.05388232740267651,0.0005384648205753965,590.0,718.0,-0.053343862582101116
2022,1,REG,2022_01_NO_ATL,NO,ATL,2022-09-06T12:00:00.000000+0000,POSTGAME_ACTUAL_STARTER_IDENTITY_ONLY,build_qb_pregame_features,00-0031503,00-0032268,0.0740404381420462,0.0023682991912579113,1264.0,589.0,-0.07167213895078828
2022,1,REG,2022_01_NYG_TEN,NYG,TEN,2022-09-06T12:00:00.000000+0000,POSTGAME_ACTUAL_STARTER_IDENTITY_ONLY,build_qb_pregame_features,00-0035710,00-0029701,-0.05025427704320994,0.07969050495079068,1373.0,1826.0,0.1299447819940006
2022,1,REG,2022_01_PHI_DET,PHI,DET,2022-09-06T12:00:00.000000+0000,POSTGAME_ACTUAL_STARTER_IDENTITY_ONLY,build_qb_pregame_features,00-0036389,00-0033106,-0.0050749804931218695,0.06331184235953637,664.0,2509.0,0.06838682285265824
2022,1,REG,2022_01_PIT_CIN,PIT,CIN,2022-09-06T12:00:00.000000+0000,POSTGAME_ACTUAL_STARTER_IDENTITY_ONLY,build_qb_pregame_features,00-0033869,00-0036442,0.023322872374847103,0.10555427109081952,1410.0,1168.0,0.08223139871597242
2022,1,REG,2022_01_SF_CHI,SF,CHI,2022-09-06T12:00:00.000000+0000,POSTGAME_ACTUAL_STARTER_IDENTITY_ONLY,build_qb_pregame_features,00-0037012,00-0036945,-0.0047990654744474726,-0.1310134308932172,75.0,306.0,-0.12621436541876974
2022,1,REG,2022_01_TB_DAL,TB,DAL,2022-09-06T12:00:00.000000+0000,POSTGAME_ACTUAL_STARTER_IDENTITY_ONLY,build_qb_pregame_features,00-0019596,00-0033077,0.13848219274791185,0.11503931736437376,3008.0,2174.0,-0.023442875383538092
2022,2,REG,2022_02_ARI_LV,ARI,LV,2022-09-13T12:00:00.000000+0000,POSTGAME_ACTUAL_STARTER_IDENTITY_ONLY,build_qb_pregame_features,00-0035228,00-0031280,0.03757331681742086,0.07078967357541635,1759.0,2454.0,0.03321635675799549
2022,2,REG,2022_02_ATL_LA,ATL,LAR,2022-09-13T12:00:00.000000+0000,POSTGAME_ACTUAL_STARTER_IDENTITY_ONLY,build_qb_pregame_features,00-0032268,00-0026498,0.008619835825178734,0.1097376911824506,622.0,2296.0,0.10111785535727186
2022,2,REG,2022_02_CAR_NYG,CAR,NYG,2022-09-13T12:00:00.000000+0000,POSTGAME_ACTUAL_STARTER_IDENTITY_ONLY,build_qb_pregame_features,00-0034855,00-0035710,0.05303944380569119,-0.053191575030161746,2161.0,1399.0,-0.10623101883585294
2022,2,REG,2022_02_CHI_GB,CHI,GB,2022-09-13T12:00:00.000000+0000,POSTGAME_ACTUAL_STARTER_IDENTITY_ONLY,build_qb_pregame_features,00-0036945,00-0023459,-0.12958620944570412,0.16307818447368158,325.0,2590.0,0.2926643939193857
2022,2,REG,2022_02_CIN_DAL,CIN,DAL,2022-09-13T12:00:00.000000+0000,POSTGAME_ACTUAL_STARTER_IDENTITY_ONLY,build_qb_pregame_features,00-0036442,00-0033662,0.09086548690297094,-0.03514862974703264,1228.0,65.0,-0.1260141166500036
2022,2,REG,2022_02_HOU_DEN,HOU,DEN,2022-09-13T12:00:00.000000+0000,POSTGAME_ACTUAL_STARTER_IDENTITY_ONLY,build_qb_pregame_features,00-0036898,00-0029263,-0.08490916772742464,0.11006162242881855,465.0,2251.0,0.1949707901562432
2022,2,REG,2022_02_IND_JAX,IND,JAX,2022-09-13T12:00:00.000000+0000,POSTGAME_ACTUAL_STARTER_IDENTITY_ONLY,build_qb_pregame_features,00-0026143,00-0036971,0.07711370382428454,-0.0787801524040331,2633.0,678.0,-0.15589385622831764
2022,2,REG,2022_02_LAC_KC,LAC,KC,2022-09-13T12:00:00.000000+0000,POSTGAME_ACTUAL_STARTER_IDENTITY_ONLY,build_qb_pregame_features,00-0036355,00-0033873,0.13414730690385965,0.25790354826897344,1364.0,2892.0,0.12375624136511379
2022,2,REG,2022_02_MIA_BAL,MIA,BAL,2022-09-13T12:00:00.000000+0000,POSTGAME_ACTUAL_STARTER_IDENTITY_ONLY,build_qb_pregame_features,00-0036212,00-0034796,0.006207584517251738,0.10073797136246909,754.0,1622.0,0.09453038684521735
2022,2,REG,2022_02_MIN_PHI,MIN,PHI,2022-09-13T12:00:00.000000+0000,POSTGAME_ACTUAL_STARTER_IDENTITY_ONLY,build_qb_pregame_features,00-0029604,00-0036389,0.09270278400177795,-0.0010100689610325758,2363.0,697.0,-0.09371285296281053
2022,2,REG,2022_02_NE_PIT,NE,PIT,2022-09-13T12:00:00.000000+0000,POSTGAME_ACTUAL_STARTER_IDENTITY_ONLY,build_qb_pregame_features,00-0036972,00-0033869,0.04683910948636491,0.019334728464636103,622.0,1449.0,-0.027504381021728808
2022,2,REG,2022_02_NYJ_CLE,NYJ,CLE,2022-09-13T12:00:00.000000+0000,POSTGAME_ACTUAL_STARTER_IDENTITY_ONLY,build_qb_pregame_features,00-0026158,00-0033119,-0.018055087474051632,-0.0359483311461935,930.0,767.0,-0.01789324367214187
2022,2,REG,2022_02_SEA_SF,SEA,SF,2022-09-13T12:00:00.000000+0000,POSTGAME_ACTUAL_STARTER_IDENTITY_ONLY,build_qb_pregame_features,00-0030565,00-0037012,-0.027788488337753225,-0.029706169357557474,149.0,105.0,-0.0019176810198042495
2022,2,REG,2022_02_TB_NO,TB,NO,2022-09-13T12:00:00.000000+0000,POSTGAME_ACTUAL_STARTER_IDENTITY_ONLY,build_qb_pregame_features,00-0019596,00-0031503,0.13761648871764498,0.07373801867336117,3037.0,1302.0,-0.0638784700442838
2022,2,REG,2022_02_TEN_BUF,TEN,BUF,2022-09-13T12:00:00.000000+0000,POSTGAME_ACTUAL_STARTER_IDENTITY_ONLY,build_qb_pregame_features,00-0029701,00-0034857,0.08222454875080965,0.09400245496950163,1860.0,2390.0,0.011777906218691986
2022,2,REG,2022_02_WAS_DET,WAS,DET,2022-09-13T12:00:00.000000+0000,POSTGAME_ACTUAL_STARTER_IDENTITY_ONLY,build_qb_pregame_features,00-0032950,00-0033106,0.005414849463900478,0.06165423132771007,2158.0,2547.0,0.05623938186380959
2022,3,REG,2022_03_ATL_SEA,ATL,SEA,2022-09-20T12:00:00.000000+0000,POSTGAME_ACTUAL_STARTER_IDENTITY_ONLY,build_qb_pregame_features,00-0032268,00-0030565,0.006478827296649208,-0.04487886689353636,651.0,181.0,-0.05135769419018557
2022,3,REG,2022_03_BAL_NE,BAL,NE,2022-09-20T12:00:00.000000+0000,POSTGAME_ACTUAL_STARTER_IDENTITY_ONLY,build_qb_pregame_features,00-0034796,00-0036972,0.1092047824917003,0.05086274813641841,1651.0,657.0,-0.058342034355281895
2022,3,REG,2022_03_BUF_MIA,BUF,MIA,2022-09-20T12:00:00.000000+0000,POSTGAME_ACTUAL_STARTER_IDENTITY_ONLY,build_qb_pregame_features,00-0034857,00-0036212,0.09882937193933772,0.03229956084003362,2429.0,805.0,-0.0665298110993041
2022,3,REG,2022_03_CIN_NYJ,CIN,NYJ,2022-09-20T12:00:00.000000+0000,POSTGAME_ACTUAL_STARTER_IDENTITY_ONLY,build_qb_pregame_features,00-0036442,00-0026158,0.0891212975353068,-0.007155292138706545,1270.0,976.0,-0.09627658967401334
2022,3,REG,2022_03_DAL_NYG,DAL,NYG,2022-09-20T12:00:00.000000+0000,POSTGAME_ACTUAL_STARTER_IDENTITY_ONLY,build_qb_pregame_features,00-0033662,00-0035710,-0.007414844232021579,-0.05360247736382,97.0,1436.0,-0.04618763313179842
2022,3,REG,2022_03_DET_MIN,DET,MIN,2022-09-20T12:00:00.000000+0000,POSTGAME_ACTUAL_STARTER_IDENTITY_ONLY,build_qb_pregame_features,00-0033106,00-0029604,0.06129713467899274,0.08561986247735397,2584.0,2411.0,0.024322727798361227
2022,3,REG,2022_03_GB_TB,GB,TB,2022-09-20T12:00:00.000000+0000,POSTGAME_ACTUAL_STARTER_IDENTITY_ONLY,build_qb_pregame_features,00-0023459,00-0019596,0.16539520456414214,0.13689166756666143,2618.0,3072.0,-0.028503536997480705
2022,3,REG,2022_03_HOU_CHI,HOU,CHI,2022-09-20T12:00:00.000000+0000,POSTGAME_ACTUAL_STARTER_IDENTITY_ONLY,build_qb_pregame_features,00-0036898,00-0036945,-0.09545583232764182,-0.13673628706959284,506.0,339.0,-0.04128045474195102
2022,3,REG,2022_03_JAX_LAC,JAX,LAC,2022-09-20T12:00:00.000000+0000,POSTGAME_ACTUAL_STARTER_IDENTITY_ONLY,build_qb_pregame_features,00-0036971,00-0036355,-0.05692059658338888,0.12952738240777908,708.0,1414.0,0.18644797899116797
2022,3,REG,2022_03_KC_IND,KC,IND,2022-09-20T12:00:00.000000+0000,POSTGAME_ACTUAL_STARTER_IDENTITY_ONLY,build_qb_pregame_features,00-0033873,00-0026143,0.2564819465751568,0.06987129114216643,2928.0,2668.0,-0.18661065543299038
2022,3,REG,2022_03_LA_ARI,LAR,ARI,2022-09-20T12:00:00.000000+0000,POSTGAME_ACTUAL_STARTER_IDENTITY_ONLY,build_qb_pregame_features,00-0026498,00-0035228,0.11070301634774231,0.03261938954338487,2333.0,1809.0,-0.07808362680435743
2022,3,REG,2022_03_LV_TEN,LV,TEN,2022-09-20T12:00:00.000000+0000,POSTGAME_ACTUAL_STARTER_IDENTITY_ONLY,build_qb_pregame_features,00-0031280,00-0029701,0.07143718159575688,0.07605461136557294,2494.0,1882.0,0.004617429769816064
2022,3,REG,2022_03_NO_CAR,NO,CAR,2022-09-20T12:00:00.000000+0000,POSTGAME_ACTUAL_STARTER_IDENTITY_ONLY,build_qb_pregame_features,00-0031503,00-0034855,0.0623086887648815,0.049214307788025304,1348.0,2192.0,-0.013094380976856196
2022,3,REG,2022_03_PHI_WAS,PHI,WAS,2022-09-20T12:00:00.000000+0000,POSTGAME_ACTUAL_STARTER_IDENTITY_ONLY,build_qb_pregame_features,00-0036389,00-0032950,0.010777591018504853,0.006275932063681119,731.0,2209.0,-0.004501658954823734
2022,3,REG,2022_03_PIT_CLE,PIT,CLE,2022-09-20T12:00:00.000000+0000,POSTGAME_ACTUAL_STARTER_IDENTITY_ONLY,build_qb_pregame_features,00-0033869,00-0033119,0.01627105041346537,-0.0213597879038027,1485.0,795.0,-0.03763083831726807
2022,3,REG,2022_03_SF_DEN,SF,DEN,2022-09-20T12:00:00.000000+0000,POSTGAME_ACTUAL_STARTER_IDENTITY_ONLY,build_qb_pregame_features,00-0031345,00-0029263,0.1207537832287484,0.10871198110928837,1397.0,2285.0,-0.01204180211946003
2022,4,REG,2022_04_ARI_CAR,ARI,CAR,2022-09-27T12:00:00.000000+0000,POSTGAME_ACTUAL_STARTER_IDENTITY_ONLY,build_qb_pregame_features,00-0035228,00-0034855,0.029306130714240198,0.046837950218793424,1869.0,2220.0,0.017531819504553226
2022,4,REG,2022_04_BUF_BAL,BUF,BAL,2022-09-27T12:00:00.000000+0000,POSTGAME_ACTUAL_STARTER_IDENTITY_ONLY,build_qb_pregame_features,00-0034857,00-0034796,0.09869442852852198,0.1109789777600206,2496.0,1684.0,0.012284549231498618
2022,4,REG,2022_04_CHI_NYG,CHI,NYG,2022-09-27T12:00:00.000000+0000,POSTGAME_ACTUAL_STARTER_IDENTITY_ONLY,build_qb_pregame_features,00-0036945,00-0035710,-0.1438364100652762,-0.05883165193153038,361.0,1478.0,0.08500475813374582
2022,4,REG,2022_04_CLE_ATL,CLE,ATL,2022-09-27T12:00:00.000000+0000,POSTGAME_ACTUAL_STARTER_IDENTITY_ONLY,build_qb_pregame_features,00-0033119,00-0032268,-0.019356291106111267,0.022093766605361255,828.0,674.0,0.04145005771147252
2022,4,REG,2022_04_DEN_LV,DEN,LV,2022-09-27T12:00:00.000000+0000,POSTGAME_ACTUAL_STARTER_IDENTITY_ONLY,build_qb_pregame_features,00-0029263,00-0031280,0.10272558398066725,0.07223633968069859,2322.0,2539.0,-0.03048924429996866
2022,4,REG,2022_04_JAX_PHI,JAX,PHI,2022-09-27T12:00:00.000000+0000,POSTGAME_ACTUAL_STARTER_IDENTITY_ONLY,build_qb_pregame_features,00-0036971,00-0036389,-0.039108002996036825,0.025248709577783208,747.0,769.0,0.06435671257382003
2022,4,REG,2022_04_KC_TB,KC,TB,2022-09-27T12:00:00.000000+0000,POSTGAME_ACTUAL_STARTER_IDENTITY_ONLY,build_qb_pregame_features,00-0033873,00-0019596,0.2560005478043446,0.13516486501228706,2964.0,3117.0,-0.12083568279205756
2022,4,REG,2022_04_LAC_HOU,LAC,HOU,2022-09-27T12:00:00.000000+0000,POSTGAME_ACTUAL_STARTER_IDENTITY_ONLY,build_qb_pregame_features,00-0036355,00-0036898,0.12050924337263501,-0.09883827477506768,1460.0,539.0,-0.2193475181477027
2022,4,REG,2022_04_LA_SF,LAR,SF,2022-09-27T12:00:00.000000+0000,POSTGAME_ACTUAL_STARTER_IDENTITY_ONLY,build_qb_pregame_features,00-0026498,00-0031345,0.11353289444646983,0.1153205293894802,2359.0,1430.0,0.0017876349430103744
2022,4,REG,2022_04_MIA_CIN,MIA,CIN,2022-09-27T12:00:00.000000+0000,POSTGAME_ACTUAL_STARTER_IDENTITY_ONLY,build_qb_pregame_features,00-0036212,00-0036442,0.03980656838634905,0.09777885550238978,824.0,1308.0,0.05797228711604073
2022,4,REG,2022_04_MIN_NO,MIN,NO,2022-09-27T12:00:00.000000+0000,POSTGAME_ACTUAL_STARTER_IDENTITY_ONLY,build_qb_pregame_features,00-0029604,00-0027973,0.08369625673744853,-0.01902140991330039,2453.0,1562.0,-0.10271766665074891
2022,4,REG,2022_04_NE_GB,NE,GB,2022-09-27T12:00:00.000000+0000,POSTGAME_ACTUAL_STARTER_IDENTITY_ONLY,build_qb_pregame_features,00-0026625,00-0023459,-0.08242533087629522,0.16487174886966438,109.0,2654.0,0.2472970797459596
2022,4,REG,2022_04_NYJ_PIT,NYJ,PIT,2022-09-27T12:00:00.000000+0000,POSTGAME_ACTUAL_STARTER_IDENTITY_ONLY,build_qb_pregame_features,00-0037013,00-0033869,-0.14954207366027455,0.015128854719991858,427.0,1518.0,0.16467092838026642
2022,4,REG,2022_04_SEA_DET,SEA,DET,2022-09-27T12:00:00.000000+0000,POSTGAME_ACTUAL_STARTER_IDENTITY_ONLY,build_qb_pregame_features,00-0030565,00-0033106,-0.0142424145763184,0.06313955630068423,227.0,2625.0,0.07738197087700263
2022,4,REG,2022_04_TEN_IND,TEN,IND,2022-09-27T12:00:00.000000+0000,POSTGAME_ACTUAL_STARTER_IDENTITY_ONLY,build_qb_pregame_features,00-0029701,00-0026143,0.08091804480030435,0.06765528127208108,1910.0,2710.0,-0.013262763528223268
2022,4,REG,2022_04_WAS_DAL,WAS,DAL,2022-09-27T12:00:00.000000+0000,POSTGAME_ACTUAL_STARTER_IDENTITY_ONLY,build_qb_pregame_features,00-0032950,00-0033662,-0.001516739751002352,0.0021817312394869226,2261.0,128.0,0.0036984709904892745
2022,5,REG,2022_05_ATL_TB,ATL,TB,2022-10-04T12:00:00.000000+0000,POSTGAME_ACTUAL_STARTER_IDENTITY_ONLY,build_qb_pregame_features,00-0032268,00-0019596,0.01577645752007551,0.13585908369870184,694.0,3170.0,0.12008262617862633
2022,5,REG,2022_05_CHI_MIN,CHI,MIN,2022-10-04T12:00:00.000000+0000,POSTGAME_ACTUAL_STARTER_IDENTITY_ONLY,build_qb_pregame_features,00-0036945,00-0029604,-0.14646483055479687,0.08194303473072057,389.0,2494.0,0.22840786528551743
2022,5,REG,2022_05_CIN_BAL,CIN,BAL,2022-10-04T12:00:00.000000+0000,POSTGAME_ACTUAL_STARTER_IDENTITY_ONLY,build_qb_pregame_features,00-0036442,00-0034796,0.10444276249700962,0.1044419540295634,1340.0,1715.0,-8.084674462255359e-7
2022,5,REG,2022_05_DAL_LA,DAL,LAR,2022-10-04T12:00:00.000000+0000,POSTGAME_ACTUAL_STARTER_IDENTITY_ONLY,build_qb_pregame_features,00-0033662,00-0026498,0.006054814817969947,0.1068961348091583,156.0,2414.0,0.10084131999118835
2022,5,REG,2022_05_DET_NE,DET,NE,2022-10-04T12:00:00.000000+0000,POSTGAME_ACTUAL_STARTER_IDENTITY_ONLY,build_qb_pregame_features,00-0033106,00-0038108,0.06743556106931543,-0.06439930222621848,2665.0,18.0,-0.1318348632955339
2022,5,REG,2022_05_HOU_JAX,HOU,JAX,2022-10-04T12:00:00.000000+0000,POSTGAME_ACTUAL_STARTER_IDENTITY_ONLY,build_qb_pregame_features,00-0036898,00-0036971,-0.10455213122700019,-0.045953516450260884,578.0,774.0,0.058598614776739305
2022,5,REG,2022_05_IND_DEN,IND,DEN,2022-10-04T12:00:00.000000+0000,POSTGAME_ACTUAL_STARTER_IDENTITY_ONLY,build_qb_pregame_features,00-0026143,00-0029263,0.0696555890611849,0.10126288511834564,2750.0,2350.0,0.03160729605716074
2022,5,REG,2022_05_LAC_CLE,LAC,CLE,2022-10-04T12:00:00.000000+0000,POSTGAME_ACTUAL_STARTER_IDENTITY_ONLY,build_qb_pregame_features,00-0036355,00-0033119,0.12743538911041616,-0.019651318091293928,1500.0,864.0,-0.14708670720171008
2022,5,REG,2022_05_LV_KC,LV,KC,2022-10-04T12:00:00.000000+0000,POSTGAME_ACTUAL_STARTER_IDENTITY_ONLY,build_qb_pregame_features,00-0031280,00-0033873,0.0701292928211703,0.25552393249349886,2575.0,3004.0,0.18539463967232855
2022,5,REG,2022_05_MIA_NYJ,MIA,NYJ,2022-10-04T12:00:00.000000+0000,POSTGAME_ACTUAL_STARTER_IDENTITY_ONLY,build_qb_pregame_features,00-0031237,00-0037013,0.06571914525288133,-0.139203555540961,1239.0,464.0,-0.20492270079384234
2022,5,REG,2022_05_NYG_GB,NYG,GB,2022-10-04T12:00:00.000000+0000,POSTGAME_ACTUAL_STARTER_IDENTITY_ONLY,build_qb_pregame_features,00-0035710,00-0023459,-0.05948657200966044,0.16292707187556454,1492.0,2690.0,0.222413643885225
2022,5,REG,2022_05_PHI_ARI,PHI,ARI,2022-10-04T12:00:00.000000+0000,POSTGAME_ACTUAL_STARTER_IDENTITY_ONLY,build_qb_pregame_features,00-0036389,00-0035228,0.013192665634633964,0.028106273487651278,796.0,1902.0,0.014913607853017314
2022,5,REG,2022_05_PIT_BUF,PIT,BUF,2022-10-04T12:00:00.000000+0000,POSTGAME_ACTUAL_STARTER_IDENTITY_ONLY,build_qb_pregame_features,00-0038102,00-0034857,-0.04210849920776408,0.09809877968453747,13.0,2533.0,0.14020727889230156
2022,5,REG,2022_05_SEA_NO,SEA,NO,2022-10-04T12:00:00.000000+0000,POSTGAME_ACTUAL_STARTER_IDENTITY_ONLY,build_qb_pregame_features,00-0030565,00-0027973,0.03142871521070849,-0.014604774103515414,257.0,1592.0,-0.0460334893142239
2022,5,REG,2022_05_SF_CAR,SF,CAR,2022-10-04T12:00:00.000000+0000,POSTGAME_ACTUAL_STARTER_IDENTITY_ONLY,build_qb_pregame_features,00-0031345,00-0034855,0.12007104184550402,0.04074057623835624,1457.0,2258.0,-0.07933046560714778
2022,5,REG,2022_05_TEN_WAS,TEN,WAS,2022-10-04T12:00:00.000000+0000,POSTGAME_ACTUAL_STARTER_IDENTITY_ONLY,build_qb_pregame_features,00-0029701,00-0032950,0.07997280543438952,-0.008503491482487992,1934.0,2305.0,-0.08847629691687751
2022,6,REG,2022_06_ARI_SEA,ARI,SEA,2022-10-11T12:00:00.000000+0000,POSTGAME_ACTUAL_STARTER_IDENTITY_ONLY,build_qb_pregame_features,00-0035228,00-0030565,0.03041657819737291,0.044254763327801844,1945.0,285.0,0.013838185130428934
2022,6,REG,2022_06_BAL_NYG,BAL,NYG,2022-10-11T12:00:00.000000+0000,POSTGAME_ACTUAL_STARTER_IDENTITY_ONLY,build_qb_pregame_features,00-0034796,00-0035710,0.09962960389373897,-0.05058189761394048,1748.0,1520.0,-0.15021150150767945
2022,6,REG,2022_06_BUF_KC,BUF,KC,2022-10-11T12:00:00.000000+0000,POSTGAME_ACTUAL_STARTER_IDENTITY_ONLY,build_qb_pregame_features,00-0034857,00-0033873,0.1062856846979293,0.25616043928553606,2564.0,3050.0,0.14987475458760674
2022,6,REG,2022_06_CAR_LA,CAR,LAR,2022-10-11T12:00:00.000000+0000,POSTGAME_ACTUAL_STARTER_IDENTITY_ONLY,build_qb_pregame_features,00-0033275,00-0026498,-0.11955417417496247,0.10008511506851177,141.0,2461.0,0.21963928924347426
2022,6,REG,2022_06_CIN_NO,CIN,NO,2022-10-11T12:00:00.000000+0000,POSTGAME_ACTUAL_STARTER_IDENTITY_ONLY,build_qb_pregame_features,00-0036442,00-0027973,0.09918838536852748,-0.01439818274495706,1377.0,1617.0,-0.11358656811348454
2022,6,REG,2022_06_DAL_PHI,DAL,PHI,2022-10-11T12:00:00.000000+0000,POSTGAME_ACTUAL_STARTER_IDENTITY_ONLY,build_qb_pregame_features,00-0033662,00-0036389,-0.007769845439836824,0.01621750020754633,175.0,834.0,0.023987345647383154
2022,6,REG,2022_06_DEN_LAC,DEN,LAC,2022-10-11T12:00:00.000000+0000,POSTGAME_ACTUAL_STARTER_IDENTITY_ONLY,build_qb_pregame_features,00-0029263,00-0036355,0.09474363421921919,0.12740587159138245,2393.0,1535.0,0.032662237372163255
2022,6,REG,2022_06_JAX_IND,JAX,IND,2022-10-11T12:00:00.000000+0000,POSTGAME_ACTUAL_STARTER_IDENTITY_ONLY,build_qb_pregame_features,00-0036971,00-0026143,-0.05146101058290393,0.06517969728583965,821.0,2797.0,0.11664070786874359
2022,6,REG,2022_06_MIN_MIA,MIN,MIA,2022-10-11T12:00:00.000000+0000,POSTGAME_ACTUAL_STARTER_IDENTITY_ONLY,build_qb_pregame_features,00-0029604,00-0037327,0.08511454229659915,-0.10101832565202473,2536.0,35.0,-0.18613286794862388
2022,6,REG,2022_06_NE_CLE,NE,CLE,2022-10-11T12:00:00.000000+0000,POSTGAME_ACTUAL_STARTER_IDENTITY_ONLY,build_qb_pregame_features,00-0038108,00-0033119,-0.033541967946914865,-0.012596775030450135,39.0,898.0,0.020945192916464732
2022,6,REG,2022_06_NYJ_GB,NYJ,GB,2022-10-11T12:00:00.000000+0000,POSTGAME_ACTUAL_STARTER_IDENTITY_ONLY,build_qb_pregame_features,00-0037013,00-0023459,-0.13359334054373617,0.1616154283991528,487.0,2731.0,0.29520876894288894
2022,6,REG,2022_06_SF_ATL,SF,ATL,2022-10-11T12:00:00.000000+0000,POSTGAME_ACTUAL_STARTER_IDENTITY_ONLY,build_qb_pregame_features,00-0031345,00-0032268,0.12846834806446236,0.013998569933856293,1489.0,724.0,-0.11446977813060608
2022,6,REG,2022_06_TB_PIT,TB,PIT,2022-10-11T12:00:00.000000+0000,POSTGAME_ACTUAL_STARTER_IDENTITY_ONLY,build_qb_pregame_features,00-0019596,00-0038102,0.1379333242775775,-0.041578554541386314,3222.0,68.0,-0.17951187881896383
2022,6,REG,2022_06_WAS_CHI,WAS,CHI,2022-10-11T12:00:00.000000+0000,POSTGAME_ACTUAL_STARTER_IDENTITY_ONLY,build_qb_pregame_features,00-0032950,00-0036945,-0.008117485621200501,-0.12910869627932317,2346.0,412.0,-0.12099121065812267
2022,7,REG,2022_07_ATL_CIN,ATL,CIN,2022-10-18T12:00:00.000000+0000,POSTGAME_ACTUAL_STARTER_IDENTITY_ONLY,build_qb_pregame_features,00-0032268,00-0036442,0.018952449806275896,0.10271884271148847,740.0,1417.0,0.08376639290521257
2022,7,REG,2022_07_CHI_NE,CHI,NE,2022-10-18T12:00:00.000000+0000,POSTGAME_ACTUAL_STARTER_IDENTITY_ONLY,build_qb_pregame_features,00-0036945,00-0036972,-0.14353628427083,0.04902268081929744,444.0,692.0,0.19255896509012746
2022,7,REG,2022_07_CLE_BAL,CLE,BAL,2022-10-18T12:00:00.000000+0000,POSTGAME_ACTUAL_STARTER_IDENTITY_ONLY,build_qb_pregame_features,00-0033119,00-0034796,-0.021541363969250906,0.0971259666134954,947.0,1782.0,0.11866733058274631
2022,7,REG,2022_07_DET_DAL,DET,DAL,2022-10-18T12:00:00.000000+0000,POSTGAME_ACTUAL_STARTER_IDENTITY_ONLY,build_qb_pregame_features,00-0033106,00-0033077,0.05962630898702144,0.10854851014525821,2702.0,2205.0,0.04892220115823677
2022,7,REG,2022_07_GB_WAS,GB,WAS,2022-10-18T12:00:00.000000+0000,POSTGAME_ACTUAL_STARTER_IDENTITY_ONLY,build_qb_pregame_features,00-0023459,00-0031800,0.15504084540217444,-0.05846792963960584,2776.0,657.0,-0.21350877504178029
2022,7,REG,2022_07_HOU_LV,HOU,LV,2022-10-18T12:00:00.000000+0000,POSTGAME_ACTUAL_STARTER_IDENTITY_ONLY,build_qb_pregame_features,00-0036898,00-0031280,-0.10441391315011243,0.07171648033552083,603.0,2607.0,0.17613039348563325
2022,7,REG,2022_07_IND_TEN,IND,TEN,2022-10-18T12:00:00.000000+0000,POSTGAME_ACTUAL_STARTER_IDENTITY_ONLY,build_qb_pregame_features,00-0026143,00-0029701,0.0696303060301662,0.07877484628192383,2855.0,1964.0,0.009144540251757621
2022,7,REG,2022_07_KC_SF,KC,SF,2022-10-18T12:00:00.000000+0000,POSTGAME_ACTUAL_STARTER_IDENTITY_ONLY,build_qb_pregame_features,00-0033873,00-0031345,0.2542419910435967,0.12739147648126595,3093.0,1530.0,-0.12685051456233074
2022,7,REG,2022_07_NO_ARI,NO,ARI,2022-10-18T12:00:00.000000+0000,POSTGAME_ACTUAL_STARTER_IDENTITY_ONLY,build_qb_pregame_features,00-0027973,00-0035228,-0.012322192647228697,0.025118951959288188,1650.0,1988.0,0.03744114460651689
2022,7,REG,2022_07_NYG_JAX,NYG,JAX,2022-10-18T12:00:00.000000+0000,POSTGAME_ACTUAL_STARTER_IDENTITY_ONLY,build_qb_pregame_features,00-0035710,00-0036971,-0.044401514067520756,-0.049868230094278584,1551.0,847.0,-0.0054667160267578285
2022,7,REG,2022_07_NYJ_DEN,NYJ,DEN,2022-10-18T12:00:00.000000+0000,POSTGAME_ACTUAL_STARTER_IDENTITY_ONLY,build_qb_pregame_features,00-0037013,00-0034955,-0.13510643573772335,-0.05473728369198822,507.0,43.0,0.08036915204573514
2022,7,REG,2022_07_PIT_MIA,PIT,MIA,2022-10-18T12:00:00.000000+0000,POSTGAME_ACTUAL_STARTER_IDENTITY_ONLY,build_qb_pregame_features,00-0038102,00-0036212,-0.047217920610483785,0.038709283729601966,87.0,839.0,0.08592720434008574
2022,7,REG,2022_07_SEA_LAC,SEA,LAC,2022-10-18T12:00:00.000000+0000,POSTGAME_ACTUAL_STARTER_IDENTITY_ONLY,build_qb_pregame_features,00-0030565,00-0036355,0.03150097255793141,0.11465884947589479,321.0,1594.0,0.08315787691796338
2022,7,REG,2022_07_TB_CAR,TB,CAR,2022-10-18T12:00:00.000000+0000,POSTGAME_ACTUAL_STARTER_IDENTITY_ONLY,build_qb_pregame_features,00-0019596,00-0033275,0.13849155159989185,-0.14013447183820693,3264.0,159.0,-0.2786260234380988
2022,8,REG,2022_08_ARI_MIN,ARI,MIN,2022-10-25T12:00:00.000000+0000,POSTGAME_ACTUAL_STARTER_IDENTITY_ONLY,build_qb_pregame_features,00-0035228,00-0029604,0.02602991196430717,0.08262114342145702,2019.0,2569.0,0.056591231457149845
2022,8,REG,2022_08_BAL_TB,BAL,TB,2022-10-25T12:00:00.000000+0000,POSTGAME_ACTUAL_STARTER_IDENTITY_ONLY,build_qb_pregame_features,00-0034796,00-0019596,0.09442125901410389,0.13583926706965435,1801.0,3314.0,0.04141800805555046
2022,8,REG,2022_08_CAR_ATL,CAR,ATL,2022-10-25T12:00:00.000000+0000,POSTGAME_ACTUAL_STARTER_IDENTITY_ONLY,build_qb_pregame_features,00-0033275,00-0032268,-0.11915191895113313,0.019712624572045798,182.0,756.0,0.13886454352317892
2022,8,REG,2022_08_CHI_DAL,CHI,DAL,2022-10-25T12:00:00.000000+0000,POSTGAME_ACTUAL_STARTER_IDENTITY_ONLY,build_qb_pregame_features,00-0036945,00-0033077,-0.13552053504941292,0.11122667614082145,469.0,2232.0,0.24674721119023435
2022,8,REG,2022_08_CIN_CLE,CIN,CLE,2022-10-25T12:00:00.000000+0000,POSTGAME_ACTUAL_STARTER_IDENTITY_ONLY,build_qb_pregame_features,00-0036442,00-0033119,0.11606923418500513,-0.020663981838251806,1462.0,979.0,-0.13673321602325694
2022,8,REG,2022_08_DEN_JAX,DEN,JAX,2022-10-25T12:00:00.000000+0000,POSTGAME_ACTUAL_STARTER_IDENTITY_ONLY,build_qb_pregame_features,00-0029263,00-0036971,0.09121911370267313,-0.037450071526193646,2425.0,890.0,-0.12866918522886678
2022,8,REG,2022_08_GB_BUF,GB,BUF,2022-10-25T12:00:00.000000+0000,POSTGAME_ACTUAL_STARTER_IDENTITY_ONLY,build_qb_pregame_features,00-0023459,00-0034857,0.15215876928053093,0.108735465452144,2811.0,2605.0,-0.043423303828386925
2022,8,REG,2022_08_LV_NO,LV,NO,2022-10-25T12:00:00.000000+0000,POSTGAME_ACTUAL_STARTER_IDENTITY_ONLY,build_qb_pregame_features,00-0031280,00-0027973,0.07533811620585908,-0.012750570732540276,2635.0,1697.0,-0.08808868693839936
2022,8,REG,2022_08_MIA_DET,MIA,DET,2022-10-25T12:00:00.000000+0000,POSTGAME_ACTUAL_STARTER_IDENTITY_ONLY,build_qb_pregame_features,00-0036212,00-0033106,0.042623868107485405,0.057127886647771374,874.0,2733.0,0.01450401854028597
2022,8,REG,2022_08_NE_NYJ,NE,NYJ,2022-10-25T12:00:00.000000+0000,POSTGAME_ACTUAL_STARTER_IDENTITY_ONLY,build_qb_pregame_features,00-0036972,00-0037013,0.042429727895672634,-0.1436998060423159,698.0,536.0,-0.18612953393798853
2022,8,REG,2022_08_NYG_SEA,NYG,SEA,2022-10-25T12:00:00.000000+0000,POSTGAME_ACTUAL_STARTER_IDENTITY_ONLY,build_qb_pregame_features,00-0035710,00-0030565,-0.04255382458425687,0.037644369174900966,1582.0,350.0,0.08019819375915783
2022,8,REG,2022_08_PIT_PHI,PIT,PHI,2022-10-25T12:00:00.000000+0000,POSTGAME_ACTUAL_STARTER_IDENTITY_ONLY,build_qb_pregame_features,00-0038102,00-0036389,-0.05676179978510203,0.018550257634507884,133.0,863.0,0.07531205741960992
2022,8,REG,2022_08_SF_LA,SF,LAR,2022-10-25T12:00:00.000000+0000,POSTGAME_ACTUAL_STARTER_IDENTITY_ONLY,build_qb_pregame_features,00-0031345,00-0026498,0.12590050419032686,0.09994555143377358,1572.0,2495.0,-0.02595495275655328
2022,8,REG,2022_08_TEN_HOU,TEN,HOU,2022-10-25T12:00:00.000000+0000,POSTGAME_ACTUAL_STARTER_IDENTITY_ONLY,build_qb_pregame_features,00-0038128,00-0036898,-0.056843287642407196,-0.09563348332922803,4.0,645.0,-0.03879019568682083
2022,8,REG,2022_08_WAS_IND,WAS,IND,2022-10-25T12:00:00.000000+0000,POSTGAME_ACTUAL_STARTER_IDENTITY_ONLY,build_qb_pregame_features,00-0031800,00-0036879,-0.05747752200346651,-0.05,691.0,0.0,0.007477522003466505
2022,9,REG,2022_09_BAL_NO,BAL,NO,2022-11-01T12:00:00.000000+0000,POSTGAME_ACTUAL_STARTER_IDENTITY_ONLY,build_qb_pregame_features,00-0034796,00-0027973,0.09299054481045356,-0.007242270453695936,1842.0,1727.0,-0.1002328152641495
2022,9,REG,2022_09_BUF_NYJ,BUF,NYJ,2022-11-01T12:00:00.000000+0000,POSTGAME_ACTUAL_STARTER_IDENTITY_ONLY,build_qb_pregame_features,00-0034857,00-0037013,0.10794884755921673,-0.13867518212917515,2632.0,579.0,-0.24662402968839187
2022,9,REG,2022_09_CAR_CIN,CAR,CIN,2022-11-01T12:00:00.000000+0000,POSTGAME_ACTUAL_STARTER_IDENTITY_ONLY,build_qb_pregame_features,00-0033275,00-0036442,-0.10578000523695026,0.1084957989976303,219.0,1502.0,0.21427580423458056
2022,9,REG,2022_09_GB_DET,GB,DET,2022-11-01T12:00:00.000000+0000,POSTGAME_ACTUAL_STARTER_IDENTITY_ONLY,build_qb_pregame_features,00-0023459,00-0033106,0.15014073741751738,0.05933566543693217,2843.0,2771.0,-0.09080507198058521
2022,9,REG,2022_09_IND_NE,IND,NE,2022-11-01T12:00:00.000000+0000,POSTGAME_ACTUAL_STARTER_IDENTITY_ONLY,build_qb_pregame_features,00-0036879,00-0036972,-0.041083245811221955,0.034521290729790335,25.0,739.0,0.07560453654101229
2022,9,REG,2022_09_LAC_ATL,LAC,ATL,2022-11-01T12:00:00.000000+0000,POSTGAME_ACTUAL_STARTER_IDENTITY_ONLY,build_qb_pregame_features,00-0036355,00-0032268,0.10603442659334686,0.025388621106028325,1648.0,786.0,-0.08064580548731853
2022,9,REG,2022_09_LA_TB,LAR,TB,2022-11-01T12:00:00.000000+0000,POSTGAME_ACTUAL_STARTER_IDENTITY_ONLY,build_qb_pregame_features,00-0026498,00-0019596,0.09883622810537664,0.1354412270879654,2530.0,3361.0,0.036604998982588774
2022,9,REG,2022_09_LV_JAX,LV,JAX,2022-11-01T12:00:00.000000+0000,POSTGAME_ACTUAL_STARTER_IDENTITY_ONLY,build_qb_pregame_features,00-0031280,00-0036971,0.07073537619860647,-0.048139253524790454,2664.0,923.0,-0.11887462972339692
2022,9,REG,2022_09_MIA_CHI,MIA,CHI,2022-11-01T12:00:00.000000+0000,POSTGAME_ACTUAL_STARTER_IDENTITY_ONLY,build_qb_pregame_features,00-0036212,00-0036945,0.0628077199974856,-0.1371436264913083,912.0,496.0,-0.1999513464887939
2022,9,REG,2022_09_MIN_WAS,MIN,WAS,2022-11-01T12:00:00.000000+0000,POSTGAME_ACTUAL_STARTER_IDENTITY_ONLY,build_qb_pregame_features,00-0029604,00-0031800,0.08042024899086936,-0.053792046495296744,2608.0,724.0,-0.1342122954861661
2022,9,REG,2022_09_PHI_HOU,PHI,HOU,2022-11-01T12:00:00.000000+0000,POSTGAME_ACTUAL_STARTER_IDENTITY_ONLY,build_qb_pregame_features,00-0036389,00-0036898,0.03128796358926078,-0.10513311562314598,894.0,677.0,-0.13642107921240676
2022,9,REG,2022_09_SEA_ARI,SEA,ARI,2022-11-01T12:00:00.000000+0000,POSTGAME_ACTUAL_STARTER_IDENTITY_ONLY,build_qb_pregame_features,00-0030565,00-0035228,0.04013096567311487,0.024597628148609704,387.0,2067.0,-0.015533337524505163
2022,9,REG,2022_09_TEN_KC,TEN,KC,2022-11-01T12:00:00.000000+0000,POSTGAME_ACTUAL_STARTER_IDENTITY_ONLY,build_qb_pregame_features,00-0038128,00-0033873,-0.09277786453089912,0.26052222089995014,17.0,3128.0,0.35330008543084923
2022,10,REG,2022_10_ARI_LA,ARI,LAR,2022-11-08T12:00:00.000000+0000,POSTGAME_ACTUAL_STARTER_IDENTITY_ONLY,build_qb_pregame_features,00-0027688,00-0034899,-0.058467983631057055,-0.07675478014192642,269.0,52.0,-0.01828679651086937
2022,10,REG,2022_10_ATL_CAR,ATL,CAR,2022-11-08T12:00:00.000000+0000,POSTGAME_ACTUAL_STARTER_IDENTITY_ONLY,build_qb_pregame_features,00-0032268,00-0033275,0.02432308676827001,-0.13347645210772383,811.0,229.0,-0.15779953887599385
2022,10,REG,2022_10_CLE_MIA,CLE,MIA,2022-11-08T12:00:00.000000+0000,POSTGAME_ACTUAL_STARTER_IDENTITY_ONLY,build_qb_pregame_features,00-0033119,00-0036212,-0.009456463771513766,0.0778749165379985,1003.0,942.0,0.08733138030951226
2022,10,REG,2022_10_DAL_GB,DAL,GB,2022-11-08T12:00:00.000000+0000,POSTGAME_ACTUAL_STARTER_IDENTITY_ONLY,build_qb_pregame_features,00-0033077,00-0023459,0.11595721415564708,0.14346661728933155,2260.0,2887.0,0.027509403133684468
2022,10,REG,2022_10_DEN_TEN,DEN,TEN,2022-11-08T12:00:00.000000+0000,POSTGAME_ACTUAL_STARTER_IDENTITY_ONLY,build_qb_pregame_features,00-0029263,00-0029701,0.09109959633666737,0.07956313999132707,2458.0,1986.0,-0.011536456345340299
2022,10,REG,2022_10_DET_CHI,DET,CHI,2022-11-08T12:00:00.000000+0000,POSTGAME_ACTUAL_STARTER_IDENTITY_ONLY,build_qb_pregame_features,00-0033106,00-0036945,0.05829380302214586,-0.1307357249809603,2797.0,526.0,-0.18902952800310618
2022,10,REG,2022_10_HOU_NYG,HOU,NYG,2022-11-08T12:00:00.000000+0000,POSTGAME_ACTUAL_STARTER_IDENTITY_ONLY,build_qb_pregame_features,00-0036898,00-0035710,-0.10965744772891511,-0.0417336707463387,702.0,1618.0,0.06792377698257641
2022,10,REG,2022_10_IND_LV,IND,LV,2022-11-08T12:00:00.000000+0000,POSTGAME_ACTUAL_STARTER_IDENTITY_ONLY,build_qb_pregame_features,00-0026143,00-0031280,0.0656868802210818,0.07252987388462553,2902.0,2702.0,0.006842993663543739
2022,10,REG,2022_10_JAX_KC,JAX,KC,2022-11-08T12:00:00.000000+0000,POSTGAME_ACTUAL_STARTER_IDENTITY_ONLY,build_qb_pregame_features,00-0036971,00-0033873,-0.03491164556773958,0.25564401094792055,954.0,3200.0,0.2905556565156601
2022,10,REG,2022_10_LAC_SF,LAC,SF,2022-11-08T12:00:00.000000+0000,POSTGAME_ACTUAL_STARTER_IDENTITY_ONLY,build_qb_pregame_features,00-0036355,00-0031345,0.10623650217135104,0.13163865273157202,1691.0,1600.0,0.02540215056022098
2022,10,REG,2022_10_MIN_BUF,MIN,BUF,2022-11-08T12:00:00.000000+0000,POSTGAME_ACTUAL_STARTER_IDENTITY_ONLY,build_qb_pregame_features,00-0029604,00-0034857,0.07954731938275554,0.10262374658992192,2650.0,2671.0,0.023076427207166378
2022,10,REG,2022_10_NO_PIT,NO,PIT,2022-11-08T12:00:00.000000+0000,POSTGAME_ACTUAL_STARTER_IDENTITY_ONLY,build_qb_pregame_features,00-0027973,00-0038102,-0.009246702902406971,-0.08549756123837735,1760.0,177.0,-0.07625085833597037
2022,10,REG,2022_10_SEA_TB,SEA,TB,2022-11-08T12:00:00.000000+0000,POSTGAME_ACTUAL_STARTER_IDENTITY_ONLY,build_qb_pregame_features,00-0030565,00-0019596,0.0359000189537593,0.13186434498820154,423.0,3420.0,0.09596432603444224
2022,10,REG,2022_10_WAS_PHI,WAS,PHI,2022-11-08T12:00:00.000000+0000,POSTGAME_ACTUAL_STARTER_IDENTITY_ONLY,build_qb_pregame_features,00-0031800,00-0036389,-0.06276853365670926,0.03618028052860303,755.0,925.0,0.09894881418531229
2022,11,REG,2022_11_CAR_BAL,CAR,BAL,2022-11-15T12:00:00.000000+0000,POSTGAME_ACTUAL_STARTER_IDENTITY_ONLY,build_qb_pregame_features,00-0034855,00-0034796,0.04066018067996419,0.09396301508901214,2318.0,1867.0,0.05330283440904795
2022,11,REG,2022_11_CHI_ATL,CHI,ATL,2022-11-15T12:00:00.000000+0000,POSTGAME_ACTUAL_STARTER_IDENTITY_ONLY,build_qb_pregame_features,00-0036945,00-0032268,-0.1316637910068069,0.017007611133576926,549.0,846.0,0.14867140214038382
2022,11,REG,2022_11_CIN_PIT,CIN,PIT,2022-11-15T12:00:00.000000+0000,POSTGAME_ACTUAL_STARTER_IDENTITY_ONLY,build_qb_pregame_features,00-0036442,00-0038102,0.1129751896687286,-0.08496283973681004,1531.0,213.0,-0.19793802940553865
2022,11,REG,2022_11_CLE_BUF,CLE,BUF,2022-11-15T12:00:00.000000+0000,POSTGAME_ACTUAL_STARTER_IDENTITY_ONLY,build_qb_pregame_features,00-0033119,00-0034857,-0.013743228494066596,0.10198868903974047,1041.0,2716.0,0.11573191753380707
2022,11,REG,2022_11_DAL_MIN,DAL,MIN,2022-11-15T12:00:00.000000+0000,POSTGAME_ACTUAL_STARTER_IDENTITY_ONLY,build_qb_pregame_features,00-0033077,00-0029604,0.11107612279791834,0.07973780545882161,2308.0,2704.0,-0.03133831733909673
2022,11,REG,2022_11_DET_NYG,DET,NYG,2022-11-15T12:00:00.000000+0000,POSTGAME_ACTUAL_STARTER_IDENTITY_ONLY,build_qb_pregame_features,00-0033106,00-0035710,0.06337891008961924,-0.03550369035140466,2825.0,1638.0,-0.0988826004410239
2022,11,REG,2022_11_KC_LAC,KC,LAC,2022-11-15T12:00:00.000000+0000,POSTGAME_ACTUAL_STARTER_IDENTITY_ONLY,build_qb_pregame_features,00-0033873,00-0036355,0.2589575497717695,0.10093639397802961,3235.0,1728.0,-0.15802115579373988
2022,11,REG,2022_11_LA_NO,LAR,NO,2022-11-15T12:00:00.000000+0000,POSTGAME_ACTUAL_STARTER_IDENTITY_ONLY,build_qb_pregame_features,00-0026498,00-0027973,0.09628658207869421,-0.009802269418083036,2561.0,1789.0,-0.10608885149677724
2022,11,REG,2022_11_LV_DEN,LV,DEN,2022-11-15T12:00:00.000000+0000,POSTGAME_ACTUAL_STARTER_IDENTITY_ONLY,build_qb_pregame_features,00-0031280,00-0029263,0.0722185572462893,0.0874049812316727,2742.0,2506.0,0.015186423985383404
2022,11,REG,2022_11_NYJ_NE,NYJ,NE,2022-11-15T12:00:00.000000+0000,POSTGAME_ACTUAL_STARTER_IDENTITY_ONLY,build_qb_pregame_features,00-0037013,00-0036972,-0.13631456524500693,0.025847448877949784,606.0,773.0,0.16216201412295672
2022,11,REG,2022_11_PHI_IND,PHI,IND,2022-11-15T12:00:00.000000+0000,POSTGAME_ACTUAL_STARTER_IDENTITY_ONLY,build_qb_pregame_features,00-0036389,00-0026143,0.040938798607634795,0.0674862925227083,952.0,2931.0,0.0265474939150735
2022,11,REG,2022_11_SF_ARI,SF,ARI,2022-11-15T12:00:00.000000+0000,POSTGAME_ACTUAL_STARTER_IDENTITY_ONLY,build_qb_pregame_features,00-0031345,00-0027688,0.1350910749744251,-0.04904614294660542,1629.0,308.0,-0.18413721792103052
2022,11,REG,2022_11_TEN_GB,TEN,GB,2022-11-15T12:00:00.000000+0000,POSTGAME_ACTUAL_STARTER_IDENTITY_ONLY,build_qb_pregame_features,00-0029701,00-0023459,0.08040710580564107,0.1446079428184473,2023.0,2909.0,0.06420083701280623
2022,11,REG,2022_11_WAS_HOU,WAS,HOU,2022-11-15T12:00:00.000000+0000,POSTGAME_ACTUAL_STARTER_IDENTITY_ONLY,build_qb_pregame_features,00-0031800,00-0036898,-0.05844712112733342,-0.10016825795070647,787.0,743.0,-0.04172113682337305
2022,12,REG,2022_12_ATL_WAS,ATL,WAS,2022-11-22T12:00:00.000000+0000,POSTGAME_ACTUAL_STARTER_IDENTITY_ONLY,build_qb_pregame_features,00-0032268,00-0031800,0.01817473703811511,-0.05571056336922459,866.0,814.0,-0.0738853004073397
2022,12,REG,2022_12_BAL_JAX,BAL,JAX,2022-11-22T12:00:00.000000+0000,POSTGAME_ACTUAL_STARTER_IDENTITY_ONLY,build_qb_pregame_features,00-0034796,00-0036971,0.08988390154930302,-0.028462824388075958,1903.0,999.0,-0.11834672593737898
2022,12,REG,2022_12_BUF_DET,BUF,DET,2022-11-22T12:00:00.000000+0000,POSTGAME_ACTUAL_STARTER_IDENTITY_ONLY,build_qb_pregame_features,00-0034857,00-0033106,0.10330588587465159,0.06376401364184701,2745.0,2851.0,-0.03954187223280457
2022,12,REG,2022_12_CHI_NYJ,CHI,NYJ,2022-11-22T12:00:00.000000+0000,POSTGAME_ACTUAL_STARTER_IDENTITY_ONLY,build_qb_pregame_features,00-0032156,00-0034401,-0.062430602297607406,-0.027237807968718074,206.0,136.0,0.03519279432888933
2022,12,REG,2022_12_CIN_TEN,CIN,TEN,2022-11-22T12:00:00.000000+0000,POSTGAME_ACTUAL_STARTER_IDENTITY_ONLY,build_qb_pregame_features,00-0036442,00-0029701,0.11756521144421252,0.08654434471335677,1572.0,2053.0,-0.031020866730855745
2022,12,REG,2022_12_DEN_CAR,DEN,CAR,2022-11-22T12:00:00.000000+0000,POSTGAME_ACTUAL_STARTER_IDENTITY_ONLY,build_qb_pregame_features,00-0029263,00-0034869,0.08686438750643237,-0.09286857619584489,2540.0,1758.0,-0.17973296370227726
2022,12,REG,2022_12_GB_PHI,GB,PHI,2022-11-22T12:00:00.000000+0000,POSTGAME_ACTUAL_STARTER_IDENTITY_ONLY,build_qb_pregame_features,00-0023459,00-0036389,0.14360597114900478,0.03583085727969225,2949.0,980.0,-0.10777511386931253
2022,12,REG,2022_12_HOU_MIA,HOU,MIA,2022-11-22T12:00:00.000000+0000,POSTGAME_ACTUAL_STARTER_IDENTITY_ONLY,build_qb_pregame_features,00-0034577,00-0036212,-0.019748377961625117,0.09111448032651326,681.0,974.0,0.11086285828813838
2022,12,REG,2022_12_LAC_ARI,LAC,ARI,2022-11-22T12:00:00.000000+0000,POSTGAME_ACTUAL_STARTER_IDENTITY_ONLY,build_qb_pregame_features,00-0036355,00-0035228,0.10240479456768103,0.021190287425414078,1763.0,2107.0,-0.08121450714226695
2022,12,REG,2022_12_LA_KC,LAR,KC,2022-11-22T12:00:00.000000+0000,POSTGAME_ACTUAL_STARTER_IDENTITY_ONLY,build_qb_pregame_features,00-0035939,00-0033873,-0.06917938857059784,0.26152409351991895,14.0,3270.0,0.3307034820905168
2022,12,REG,2022_12_LV_SEA,LV,SEA,2022-11-22T12:00:00.000000+0000,POSTGAME_ACTUAL_STARTER_IDENTITY_ONLY,build_qb_pregame_features,00-0031280,00-0030565,0.07370614975561213,0.039625357560463204,2780.0,459.0,-0.03408079219514892
2022,12,REG,2022_12_NE_MIN,NE,MIN,2022-11-22T12:00:00.000000+0000,POSTGAME_ACTUAL_STARTER_IDENTITY_ONLY,build_qb_pregame_features,00-0036972,00-0029604,0.024170910944620684,0.07410353557010445,806.0,2734.0,0.049932624625483764
2022,12,REG,2022_12_NO_SF,NO,SF,2022-11-22T12:00:00.000000+0000,POSTGAME_ACTUAL_STARTER_IDENTITY_ONLY,build_qb_pregame_features,00-0027973,00-0031345,-0.004754476109716709,0.14198930703697202,1817.0,1658.0,0.14674378314668873
2022,12,REG,2022_12_NYG_DAL,NYG,DAL,2022-11-22T12:00:00.000000+0000,POSTGAME_ACTUAL_STARTER_IDENTITY_ONLY,build_qb_pregame_features,00-0035710,00-0033077,-0.03327045673751249,0.11747965587442938,1684.0,2333.0,0.15075011261194188
2022,12,REG,2022_12_PIT_IND,PIT,IND,2022-11-22T12:00:00.000000+0000,POSTGAME_ACTUAL_STARTER_IDENTITY_ONLY,build_qb_pregame_features,00-0038102,00-0026143,-0.08173205407349121,0.06578299223249633,257.0,2967.0,0.14751504630598755
2022,12,REG,2022_12_TB_CLE,TB,CLE,2022-11-22T12:00:00.000000+0000,POSTGAME_ACTUAL_STARTER_IDENTITY_ONLY,build_qb_pregame_features,00-0019596,00-0033119,0.13507629742765645,0.0005510824323854968,3449.0,1083.0,-0.13452521499527095
2022,13,REG,2022_13_BUF_NE,BUF,NE,2022-11-29T12:00:00.000000+0000,POSTGAME_ACTUAL_STARTER_IDENTITY_ONLY,build_qb_pregame_features,00-0034857,00-0036972,0.10155781424999744,0.028504196277451266,2790.0,848.0,-0.07305361797254617
2022,13,REG,2022_13_CLE_HOU,CLE,HOU,2022-11-29T12:00:00.000000+0000,POSTGAME_ACTUAL_STARTER_IDENTITY_ONLY,build_qb_pregame_features,00-0033537,00-0034577,0.12870209641646166,-0.0354415417597094,1839.0,725.0,-0.16414363817617106
2022,13,REG,2022_13_DEN_BAL,DEN,BAL,2022-11-29T12:00:00.000000+0000,POSTGAME_ACTUAL_STARTER_IDENTITY_ONLY,build_qb_pregame_features,00-0029263,00-0034796,0.08061817891246885,0.09231305302221068,2578.0,1936.0,0.011694874109741835
2022,13,REG,2022_13_GB_CHI,GB,CHI,2022-11-29T12:00:00.000000+0000,POSTGAME_ACTUAL_STARTER_IDENTITY_ONLY,build_qb_pregame_features,00-0023459,00-0036945,0.14292652502556824,-0.12610212047465913,2968.0,574.0,-0.26902864550022737
2022,13,REG,2022_13_IND_DAL,IND,DAL,2022-11-29T12:00:00.000000+0000,POSTGAME_ACTUAL_STARTER_IDENTITY_ONLY,build_qb_pregame_features,00-0026143,00-0033077,0.0635121409277825,0.1207631690459777,3004.0,2363.0,0.0572510281181952
2022,13,REG,2022_13_JAX_DET,JAX,DET,2022-11-29T12:00:00.000000+0000,POSTGAME_ACTUAL_STARTER_IDENTITY_ONLY,build_qb_pregame_features,00-0036971,00-0033106,-0.016644468321276792,0.06477265475091568,1040.0,2890.0,0.08141712307219247
2022,13,REG,2022_13_KC_CIN,KC,CIN,2022-11-29T12:00:00.000000+0000,POSTGAME_ACTUAL_STARTER_IDENTITY_ONLY,build_qb_pregame_features,00-0033873,00-0036442,0.2604727611116317,0.11824664923132351,3312.0,1610.0,-0.1422261118803082
2022,13,REG,2022_13_LAC_LV,LAC,LV,2022-11-29T12:00:00.000000+0000,POSTGAME_ACTUAL_STARTER_IDENTITY_ONLY,build_qb_pregame_features,00-0036355,00-0031280,0.10145806134375988,0.07738191600572332,1814.0,2817.0,-0.024076145338036564
2022,13,REG,2022_13_MIA_SF,MIA,SF,2022-11-29T12:00:00.000000+0000,POSTGAME_ACTUAL_STARTER_IDENTITY_ONLY,build_qb_pregame_features,00-0036212,00-0031345,0.09465883321923874,0.1397667398174153,1014.0,1696.0,0.04510790659817657
2022,13,REG,2022_13_NO_TB,NO,TB,2022-11-29T12:00:00.000000+0000,POSTGAME_ACTUAL_STARTER_IDENTITY_ONLY,build_qb_pregame_features,00-0027973,00-0019596,-0.0045246116702521,0.13303278316155517,1847.0,3495.0,0.13755739483180726
2022,13,REG,2022_13_NYJ_MIN,NYJ,MIN,2022-11-29T12:00:00.000000+0000,POSTGAME_ACTUAL_STARTER_IDENTITY_ONLY,build_qb_pregame_features,00-0034401,00-0029604,0.016590283416804734,0.07712464864788741,165.0,2772.0,0.06053436523108268
2022,13,REG,2022_13_PIT_ATL,PIT,ATL,2022-11-29T12:00:00.000000+0000,POSTGAME_ACTUAL_STARTER_IDENTITY_ONLY,build_qb_pregame_features,00-0038102,00-0032268,-0.07715236130317202,0.013253957867956363,288.0,892.0,0.09040631917112837
2022,13,REG,2022_13_SEA_LA,SEA,LAR,2022-11-29T12:00:00.000000+0000,POSTGAME_ACTUAL_STARTER_IDENTITY_ONLY,build_qb_pregame_features,00-0030565,00-0034899,0.04829401850499267,-0.1025156268746634,499.0,91.0,-0.15080964537965608
2022,13,REG,2022_13_TEN_PHI,TEN,PHI,2022-11-29T12:00:00.000000+0000,POSTGAME_ACTUAL_STARTER_IDENTITY_ONLY,build_qb_pregame_features,00-0029701,00-0036389,0.08816663020393001,0.03629396880904086,2088.0,1010.0,-0.05187266139488915
2022,13,REG,2022_13_WAS_NYG,WAS,NYG,2022-11-29T12:00:00.000000+0000,POSTGAME_ACTUAL_STARTER_IDENTITY_ONLY,build_qb_pregame_features,00-0031800,00-0035710,-0.05213003019689386,-0.03502535430367728,837.0,1722.0,0.017104675893216584
2022,14,REG,2022_14_BAL_PIT,BAL,PIT,2022-12-06T12:00:00.000000+0000,POSTGAME_ACTUAL_STARTER_IDENTITY_ONLY,build_qb_pregame_features,00-0035993,00-0038102,-0.10642460852787208,-0.055553420402175875,259.0,316.0,0.05087118812569621
2022,14,REG,2022_14_CAR_SEA,CAR,SEA,2022-12-06T12:00:00.000000+0000,POSTGAME_ACTUAL_STARTER_IDENTITY_ONLY,build_qb_pregame_features,00-0034869,00-0030565,-0.08913804519159692,0.058919542401614663,1777.0,542.0,0.14805758759321158
2022,14,REG,2022_14_CLE_CIN,CLE,CIN,2022-12-06T12:00:00.000000+0000,POSTGAME_ACTUAL_STARTER_IDENTITY_ONLY,build_qb_pregame_features,00-0033537,00-0036442,0.12494034962458822,0.12713699333195397,1862.0,1642.0,0.0021966437073657474
2022,14,REG,2022_14_HOU_DAL,HOU,DAL,2022-12-06T12:00:00.000000+0000,POSTGAME_ACTUAL_STARTER_IDENTITY_ONLY,build_qb_pregame_features,00-0036898,00-0033077,-0.11371899822769294,0.12062582647046986,781.0,2394.0,0.2343448246981628
2022,14,REG,2022_14_JAX_TEN,JAX,TEN,2022-12-06T12:00:00.000000+0000,POSTGAME_ACTUAL_STARTER_IDENTITY_ONLY,build_qb_pregame_features,00-0036971,00-0029701,-0.01715982434269168,0.08415642727659979,1073.0,2116.0,0.10131625161929148
2022,14,REG,2022_14_KC_DEN,KC,DEN,2022-12-06T12:00:00.000000+0000,POSTGAME_ACTUAL_STARTER_IDENTITY_ONLY,build_qb_pregame_features,00-0033873,00-0029263,0.260456016979156,0.08021707051430325,3341.0,2602.0,-0.18023894646485272
2022,14,REG,2022_14_LV_LA,LV,LAR,2022-12-06T12:00:00.000000+0000,POSTGAME_ACTUAL_STARTER_IDENTITY_ONLY,build_qb_pregame_features,00-0031280,00-0034899,0.07573937769769483,-0.11563939230055242,2847.0,121.0,-0.19137876999824727
2022,14,REG,2022_14_MIA_LAC,MIA,LAC,2022-12-06T12:00:00.000000+0000,POSTGAME_ACTUAL_STARTER_IDENTITY_ONLY,build_qb_pregame_features,00-0036212,00-0036355,0.08375590238605815,0.09887718042958213,1050.0,1866.0,0.015121278043523978
2022,14,REG,2022_14_MIN_DET,MIN,DET,2022-12-06T12:00:00.000000+0000,POSTGAME_ACTUAL_STARTER_IDENTITY_ONLY,build_qb_pregame_features,00-0029604,00-0033106,0.07556126878564774,0.07070249191826791,2809.0,2933.0,-0.00485877686737983
2022,14,REG,2022_14_NE_ARI,NE,ARI,2022-12-06T12:00:00.000000+0000,POSTGAME_ACTUAL_STARTER_IDENTITY_ONLY,build_qb_pregame_features,00-0036972,00-0035228,0.028213904433025933,0.024227468606945402,885.0,2137.0,-0.00398643582608053
2022,14,REG,2022_14_NYJ_BUF,NYJ,BUF,2022-12-06T12:00:00.000000+0000,POSTGAME_ACTUAL_STARTER_IDENTITY_ONLY,build_qb_pregame_features,00-0034401,00-0034857,-0.0027879832902270585,0.10421842067643917,223.0,2825.0,0.10700640396666623
2022,14,REG,2022_14_PHI_NYG,PHI,NYG,2022-12-06T12:00:00.000000+0000,POSTGAME_ACTUAL_STARTER_IDENTITY_ONLY,build_qb_pregame_features,00-0036389,00-0035710,0.049505576586014545,-0.03552234526635705,1051.0,1757.0,-0.0850279218523716
2022,14,REG,2022_14_TB_SF,TB,SF,2022-12-06T12:00:00.000000+0000,POSTGAME_ACTUAL_STARTER_IDENTITY_ONLY,build_qb_pregame_features,00-0019596,00-0037834,0.13118763482216464,-0.03931059880651189,3550.0,49.0,-0.17049823362867653
2022,15,REG,2022_15_ARI_DEN,ARI,DEN,2022-12-13T12:00:00.000000+0000,POSTGAME_ACTUAL_STARTER_IDENTITY_ONLY,build_qb_pregame_features,00-0027688,00-0034955,-0.08012139667783491,-0.08811487398159262,391.0,98.0,-0.007993477303757712
2022,15,REG,2022_15_ATL_NO,ATL,NO,2022-12-13T12:00:00.000000+0000,POSTGAME_ACTUAL_STARTER_IDENTITY_ONLY,build_qb_pregame_features,00-0038122,00-0027973,-0.05,-0.002751100600655876,0.0,1877.0,0.047248899399344124
2022,15,REG,2022_15_BAL_CLE,BAL,CLE,2022-12-13T12:00:00.000000+0000,POSTGAME_ACTUAL_STARTER_IDENTITY_ONLY,build_qb_pregame_features,00-0035993,00-0033537,-0.10039320836965782,0.11976768216356096,272.0,1906.0,0.22016089053321877
2022,15,REG,2022_15_CIN_TB,CIN,TB,2022-12-13T12:00:00.000000+0000,POSTGAME_ACTUAL_STARTER_IDENTITY_ONLY,build_qb_pregame_features,00-0036442,00-0019596,0.12391967207886269,0.12670095848628335,1676.0,3605.0,0.0027812864074206606
2022,15,REG,2022_15_DAL_JAX,DAL,JAX,2022-12-13T12:00:00.000000+0000,POSTGAME_ACTUAL_STARTER_IDENTITY_ONLY,build_qb_pregame_features,00-0033077,00-0036971,0.11735249004515957,-0.00262102376723112,2434.0,1115.0,-0.1199735138123907
2022,15,REG,2022_15_DET_NYJ,DET,NYJ,2022-12-13T12:00:00.000000+0000,POSTGAME_ACTUAL_STARTER_IDENTITY_ONLY,build_qb_pregame_features,00-0033106,00-0037013,0.07445624035991291,-0.14576668618356634,2972.0,632.0,-0.22022292654347925
2022,15,REG,2022_15_IND_MIN,IND,MIN,2022-12-13T12:00:00.000000+0000,POSTGAME_ACTUAL_STARTER_IDENTITY_ONLY,build_qb_pregame_features,00-0026143,00-0029604,0.060017326788770954,0.0814196626429792,3044.0,2853.0,0.021402335854208247
2022,15,REG,2022_15_KC_HOU,KC,HOU,2022-12-13T12:00:00.000000+0000,POSTGAME_ACTUAL_STARTER_IDENTITY_ONLY,build_qb_pregame_features,00-0033873,00-0032436,0.2588971206367706,-0.07611091705077204,3385.0,389.0,-0.33500803768754267
2022,15,REG,2022_15_LA_GB,LAR,GB,2022-12-13T12:00:00.000000+0000,POSTGAME_ACTUAL_STARTER_IDENTITY_ONLY,build_qb_pregame_features,00-0034855,00-0023459,0.03510109157743125,0.14296769950648622,2394.0,2999.0,0.10786660792905498
2022,15,REG,2022_15_MIA_BUF,MIA,BUF,2022-12-13T12:00:00.000000+0000,POSTGAME_ACTUAL_STARTER_IDENTITY_ONLY,build_qb_pregame_features,00-0036212,00-0034857,0.07602831526712023,0.10179666342951885,1080.0,2855.0,0.02576834816239862
2022,15,REG,2022_15_NE_LV,NE,LV,2022-12-13T12:00:00.000000+0000,POSTGAME_ACTUAL_STARTER_IDENTITY_ONLY,build_qb_pregame_features,00-0036972,00-0031280,0.02531221667588153,0.07493440225860414,921.0,2867.0,0.049622185582722605
2022,15,REG,2022_15_NYG_WAS,NYG,WAS,2022-12-13T12:00:00.000000+0000,POSTGAME_ACTUAL_STARTER_IDENTITY_ONLY,build_qb_pregame_features,00-0035710,00-0031800,-0.037368915170789274,-0.05037252514938557,1788.0,883.0,-0.013003609978596294
2022,15,REG,2022_15_PHI_CHI,PHI,CHI,2022-12-13T12:00:00.000000+0000,POSTGAME_ACTUAL_STARTER_IDENTITY_ONLY,build_qb_pregame_features,00-0036389,00-0036945,0.05220895257078394,-0.11575012309208615,1086.0,599.0,-0.1679590756628701
2022,15,REG,2022_15_PIT_CAR,PIT,CAR,2022-12-13T12:00:00.000000+0000,POSTGAME_ACTUAL_STARTER_IDENTITY_ONLY,build_qb_pregame_features,00-0033869,00-0034869,0.020742547340055192,-0.08931254417010184,1578.0,1803.0,-0.11005509151015704
2022,15,REG,2022_15_SF_SEA,SF,SEA,2022-12-13T12:00:00.000000+0000,POSTGAME_ACTUAL_STARTER_IDENTITY_ONLY,build_qb_pregame_features,00-0037834,00-0030565,-0.008843672486622572,0.05556556353164459,70.0,581.0,0.06440923601826716
2022,15,REG,2022_15_TEN_LAC,TEN,LAC,2022-12-13T12:00:00.000000+0000,POSTGAME_ACTUAL_STARTER_IDENTITY_ONLY,build_qb_pregame_features,00-0029701,00-0036355,0.0812433845472918,0.09720686364746026,2158.0,1921.0,0.01596347910016846
2022,16,REG,2022_16_ATL_BAL,ATL,BAL,2022-12-20T12:00:00.000000+0000,POSTGAME_ACTUAL_STARTER_IDENTITY_ONLY,build_qb_pregame_features,00-0038122,00-0035993,-0.06543234668836918,-0.11537393522284395,30.0,305.0,-0.049941588534474765
2022,16,REG,2022_16_BUF_CHI,BUF,CHI,2022-12-20T12:00:00.000000+0000,POSTGAME_ACTUAL_STARTER_IDENTITY_ONLY,build_qb_pregame_features,00-0034857,00-0036945,0.10446840264972805,-0.11647598273675672,2897.0,626.0,-0.22094438538648475
2022,16,REG,2022_16_CIN_NE,CIN,NE,2022-12-20T12:00:00.000000+0000,POSTGAME_ACTUAL_STARTER_IDENTITY_ONLY,build_qb_pregame_features,00-0036442,00-0036972,0.12274602347223651,0.016257490263140467,1717.0,952.0,-0.10648853320909604
2022,16,REG,2022_16_DEN_LA,DEN,LAR,2022-12-20T12:00:00.000000+0000,POSTGAME_ACTUAL_STARTER_IDENTITY_ONLY,build_qb_pregame_features,00-0029263,00-0034855,0.07687280326179896,0.03370051216362032,2644.0,2420.0,-0.04317229109817864
2022,16,REG,2022_16_DET_CAR,DET,CAR,2022-12-20T12:00:00.000000+0000,POSTGAME_ACTUAL_STARTER_IDENTITY_ONLY,build_qb_pregame_features,00-0033106,00-0034869,0.0773130518186677,-0.08396603598603344,3010.0,1830.0,-0.16127908780470113
2022,16,REG,2022_16_GB_MIA,GB,MIA,2022-12-20T12:00:00.000000+0000,POSTGAME_ACTUAL_STARTER_IDENTITY_ONLY,build_qb_pregame_features,00-0023459,00-0036212,0.14188668830726764,0.07283796834246806,3032.0,1112.0,-0.06904871996479958
2022,16,REG,2022_16_HOU_TEN,HOU,TEN,2022-12-20T12:00:00.000000+0000,POSTGAME_ACTUAL_STARTER_IDENTITY_ONLY,build_qb_pregame_features,00-0036898,00-0038128,-0.09975335505916924,-0.1145300184971976,826.0,44.0,-0.014776663438028359
2022,16,REG,2022_16_JAX_NYJ,JAX,NYJ,2022-12-20T12:00:00.000000+0000,POSTGAME_ACTUAL_STARTER_IDENTITY_ONLY,build_qb_pregame_features,00-0036971,00-0037013,0.005229096418003501,-0.13887538737308883,1158.0,671.0,-0.14410448379109234
2022,16,REG,2022_16_LAC_IND,LAC,IND,2022-12-20T12:00:00.000000+0000,POSTGAME_ACTUAL_STARTER_IDENTITY_ONLY,build_qb_pregame_features,00-0036355,00-0029567,0.09194215961362984,-0.03312654529233128,1966.0,770.0,-0.12506870490596111
2022,16,REG,2022_16_LV_PIT,LV,PIT,2022-12-20T12:00:00.000000+0000,POSTGAME_ACTUAL_STARTER_IDENTITY_ONLY,build_qb_pregame_features,00-0031280,00-0038102,0.07275664329188743,-0.05916036528126354,2908.0,318.0,-0.13191700857315097
2022,16,REG,2022_16_NO_CLE,NO,CLE,2022-12-20T12:00:00.000000+0000,POSTGAME_ACTUAL_STARTER_IDENTITY_ONLY,build_qb_pregame_features,00-0027973,00-0033537,-0.00022673308581627836,0.11679314687585031,1896.0,1937.0,0.11701987996166659
2022,16,REG,2022_16_NYG_MIN,NYG,MIN,2022-12-20T12:00:00.000000+0000,POSTGAME_ACTUAL_STARTER_IDENTITY_ONLY,build_qb_pregame_features,00-0035710,00-0029604,-0.03614046309918577,0.08178528448519712,1820.0,2914.0,0.11792574758438289
2022,16,REG,2022_16_PHI_DAL,PHI,DAL,2022-12-20T12:00:00.000000+0000,POSTGAME_ACTUAL_STARTER_IDENTITY_ONLY,build_qb_pregame_features,00-0035289,00-0033077,0.007531225226702489,0.11741366019740944,926.0,2467.0,0.10988243497070695
2022,16,REG,2022_16_SEA_KC,SEA,KC,2022-12-20T12:00:00.000000+0000,POSTGAME_ACTUAL_STARTER_IDENTITY_ONLY,build_qb_pregame_features,00-0030565,00-0033873,0.043004626064947496,0.2603456491728481,628.0,3428.0,0.2173410231079006
2022,16,REG,2022_16_TB_ARI,TB,ARI,2022-12-20T12:00:00.000000+0000,POSTGAME_ACTUAL_STARTER_IDENTITY_ONLY,build_qb_pregame_features,00-0019596,00-0035146,0.12639286831795923,-0.07983100732250406,3650.0,41.0,-0.2062238756404633
2022,16,REG,2022_16_WAS_SF,WAS,SF,2022-12-20T12:00:00.000000+0000,POSTGAME_ACTUAL_STARTER_IDENTITY_ONLY,build_qb_pregame_features,00-0031800,00-0037834,-0.05778990923263324,0.01120058244019842,915.0,97.0,0.06899049167283167
2022,17,REG,2022_17_ARI_ATL,ARI,ATL,2022-12-27T12:00:00.000000+0000,POSTGAME_ACTUAL_STARTER_IDENTITY_ONLY,build_qb_pregame_features,00-0035040,00-0038122,-0.14921733296467554,-0.044345476729923686,200.0,65.0,0.10487185623475186
2022,17,REG,2022_17_CAR_TB,CAR,TB,2022-12-27T12:00:00.000000+0000,POSTGAME_ACTUAL_STARTER_IDENTITY_ONLY,build_qb_pregame_features,00-0034869,00-0019596,-0.0756539952670713,0.12431134939197719,1852.0,3698.0,0.19996534465904847
2022,17,REG,2022_17_CHI_DET,CHI,DET,2022-12-27T12:00:00.000000+0000,POSTGAME_ACTUAL_STARTER_IDENTITY_ONLY,build_qb_pregame_features,00-0036945,00-0033106,-0.12296335078089571,0.08044321407985977,651.0,3054.0,0.20340656486075548
2022,17,REG,2022_17_CLE_WAS,CLE,WAS,2022-12-27T12:00:00.000000+0000,POSTGAME_ACTUAL_STARTER_IDENTITY_ONLY,build_qb_pregame_features,00-0033537,00-0032950,0.10779744412218509,-0.009411232440094968,1970.0,2387.0,-0.11720867656228005
2022,17,REG,2022_17_DAL_TEN,DAL,TEN,2022-12-27T12:00:00.000000+0000,POSTGAME_ACTUAL_STARTER_IDENTITY_ONLY,build_qb_pregame_features,00-0033077,00-0033949,0.1177321638767714,-0.09654388405066089,2508.0,17.0,-0.2142760479274323
2022,17,REG,2022_17_DEN_KC,DEN,KC,2022-12-27T12:00:00.000000+0000,POSTGAME_ACTUAL_STARTER_IDENTITY_ONLY,build_qb_pregame_features,00-0029263,00-0033873,0.0733856115122599,0.2588864410741596,2677.0,3457.0,0.18550082956189967
2022,17,REG,2022_17_IND_NYG,IND,NYG,2022-12-27T12:00:00.000000+0000,POSTGAME_ACTUAL_STARTER_IDENTITY_ONLY,build_qb_pregame_features,00-0029567,00-0035710,-0.052151259779262146,-0.03372099373534318,806.0,1865.0,0.018430266043918966
2022,17,REG,2022_17_JAX_HOU,JAX,HOU,2022-12-27T12:00:00.000000+0000,POSTGAME_ACTUAL_STARTER_IDENTITY_ONLY,build_qb_pregame_features,00-0036971,00-0036898,0.006509075502734194,-0.10015055807870495,1190.0,855.0,-0.10665963358143914
2022,17,REG,2022_17_LA_LAC,LAR,LAC,2022-12-27T12:00:00.000000+0000,POSTGAME_ACTUAL_STARTER_IDENTITY_ONLY,build_qb_pregame_features,00-0034855,00-0036355,0.038854060317737055,0.08940476782500237,2448.0,2001.0,0.05055070750726531
2022,17,REG,2022_17_MIA_NE,MIA,NE,2022-12-27T12:00:00.000000+0000,POSTGAME_ACTUAL_STARTER_IDENTITY_ONLY,build_qb_pregame_features,00-0031237,00-0036972,0.06477694068232225,0.016954350175280554,1279.0,989.0,-0.04782259050704169
2022,17,REG,2022_17_MIN_GB,MIN,GB,2022-12-27T12:00:00.000000+0000,POSTGAME_ACTUAL_STARTER_IDENTITY_ONLY,build_qb_pregame_features,00-0029604,00-0023459,0.08034553110475409,0.14080400243788746,2966.0,3072.0,0.06045847133313337
2022,17,REG,2022_17_NO_PHI,NO,PHI,2022-12-27T12:00:00.000000+0000,POSTGAME_ACTUAL_STARTER_IDENTITY_ONLY,build_qb_pregame_features,00-0027973,00-0035289,-0.002700254709237725,0.022039228816950793,1911.0,966.0,0.024739483526188516
2022,17,REG,2022_17_NYJ_SEA,NYJ,SEA,2022-12-27T12:00:00.000000+0000,POSTGAME_ACTUAL_STARTER_IDENTITY_ONLY,build_qb_pregame_features,00-0034401,00-0030565,0.0010690380171215277,0.02048989572947222,270.0,670.0,0.019420857712350692
2022,17,REG,2022_17_PIT_BAL,PIT,BAL,2022-12-27T12:00:00.000000+0000,POSTGAME_ACTUAL_STARTER_IDENTITY_ONLY,build_qb_pregame_features,00-0038102,00-0035993,-0.05262970170598889,-0.11282939094835615,357.0,322.0,-0.06019968924236725
2022,17,REG,2022_17_SF_LV,SF,LV,2022-12-27T12:00:00.000000+0000,POSTGAME_ACTUAL_STARTER_IDENTITY_ONLY,build_qb_pregame_features,00-0037834,00-0035264,0.02808293713522094,-0.13078740576712236,122.0,67.0,-0.1588703429023433
2022,18,REG,2022_18_ARI_SF,ARI,SF,2023-01-03T12:00:00.000000+0000,POSTGAME_ACTUAL_STARTER_IDENTITY_ONLY,build_qb_pregame_features,00-0035040,00-0037834,-0.13226478145833653,0.045089760567445084,242.0,157.0,0.1773545420257816
2022,18,REG,2022_18_BAL_CIN,BAL,CIN,2023-01-03T12:00:00.000000+0000,POSTGAME_ACTUAL_STARTER_IDENTITY_ONLY,build_qb_pregame_features,00-0037175,00-0036442,-0.05471628760551539,0.12410020132034498,6.0,1771.0,0.17881648892586038
2022,18,REG,2022_18_CAR_NO,CAR,NO,2023-01-03T12:00:00.000000+0000,POSTGAME_ACTUAL_STARTER_IDENTITY_ONLY,build_qb_pregame_features,00-0034869,00-0027973,-0.07067139496701165,-0.004486371301984839,1891.0,1939.0,0.06618502366502681
2022,18,REG,2022_18_CLE_PIT,CLE,PIT,2023-01-03T12:00:00.000000+0000,POSTGAME_ACTUAL_STARTER_IDENTITY_ONLY,build_qb_pregame_features,00-0033537,00-0038102,0.10991310909090828,-0.04370596176032705,1993.0,386.0,-0.15361907085123533
2022,18,REG,2022_18_DAL_WAS,DAL,WAS,2023-01-03T12:00:00.000000+0000,POSTGAME_ACTUAL_STARTER_IDENTITY_ONLY,build_qb_pregame_features,00-0033077,00-0037077,0.11977662761940662,-0.05,2550.0,0.0,-0.16977662761940662
2022,18,REG,2022_18_DET_GB,DET,GB,2023-01-03T12:00:00.000000+0000,POSTGAME_ACTUAL_STARTER_IDENTITY_ONLY,build_qb_pregame_features,00-0033106,00-0023459,0.08145745346267522,0.1403277031857579,3084.0,3097.0,0.05887024972308269
2022,18,REG,2022_18_HOU_IND,HOU,IND,2023-01-03T12:00:00.000000+0000,POSTGAME_ACTUAL_STARTER_IDENTITY_ONLY,build_qb_pregame_features,00-0036898,00-0036879,-0.11690346015756375,-0.11285676491909939,896.0,78.0,0.004046695238464362
2022,18,REG,2022_18_KC_LV,KC,LV,2023-01-03T12:00:00.000000+0000,POSTGAME_ACTUAL_STARTER_IDENTITY_ONLY,build_qb_pregame_features,00-0033873,00-0035264,0.2588119791498233,-0.09659605413015397,3499.0,101.0,-0.3554080332799773
2022,18,REG,2022_18_LAC_DEN,LAC,DEN,2023-01-03T12:00:00.000000+0000,POSTGAME_ACTUAL_STARTER_IDENTITY_ONLY,build_qb_pregame_features,00-0036355,00-0029263,0.09295658797832199,0.06816984804301932,2029.0,2719.0,-0.02478673993530267
2022,18,REG,2022_18_LA_SEA,LAR,SEA,2023-01-03T12:00:00.000000+0000,POSTGAME_ACTUAL_STARTER_IDENTITY_ONLY,build_qb_pregame_features,00-0034855,00-0030565,0.03463274587062055,0.01738231107908026,2470.0,703.0,-0.017250434791540287
2022,18,REG,2022_18_MIN_CHI,MIN,CHI,2023-01-03T12:00:00.000000+0000,POSTGAME_ACTUAL_STARTER_IDENTITY_ONLY,build_qb_pregame_features,00-0029604,00-0033958,0.07421608661386885,-0.17733717872578825,2999.0,101.0,-0.2515532653396571
2022,18,REG,2022_18_NE_BUF,NE,BUF,2023-01-03T12:00:00.000000+0000,POSTGAME_ACTUAL_STARTER_IDENTITY_ONLY,build_qb_pregame_features,00-0036972,00-0034857,0.0140495271483242,0.10439875572191228,1025.0,2924.0,0.09034922857358807
2022,18,REG,2022_18_NYG_PHI,NYG,PHI,2023-01-03T12:00:00.000000+0000,POSTGAME_ACTUAL_STARTER_IDENTITY_ONLY,build_qb_pregame_features,00-0033550,00-0036389,-0.05,0.05128956742426464,0.0,1124.0,0.10128956742426465
2022,18,REG,2022_18_NYJ_MIA,NYJ,MIA,2023-01-03T12:00:00.000000+0000,POSTGAME_ACTUAL_STARTER_IDENTITY_ONLY,build_qb_pregame_features,00-0026158,00-0037327,-0.029272766541837417,-0.11564634071951951,1036.0,79.0,-0.0863735741776821
2022,18,REG,2022_18_TB_ATL,TB,ATL,2023-01-03T12:00:00.000000+0000,POSTGAME_ACTUAL_STARTER_IDENTITY_ONLY,build_qb_pregame_features,00-0019596,00-0038122,0.12709944830654668,-0.041324270625490926,3746.0,92.0,-0.1684237189320376
2022,18,REG,2022_18_TEN_JAX,TEN,JAX,2023-01-03T12:00:00.000000+0000,POSTGAME_ACTUAL_STARTER_IDENTITY_ONLY,build_qb_pregame_features,00-0033949,00-0036971,-0.11213167185520019,0.00745784067839543,58.0,1212.0,0.11958951253359562
2022,19,WC,2022_19_BAL_CIN,BAL,CIN,2023-01-10T12:00:00.000000+0000,POSTGAME_ACTUAL_STARTER_IDENTITY_ONLY,build_qb_pregame_features,00-0035993,00-0036442,-0.10044990350826845,0.11733252336732744,344.0,1815.0,0.2177824268755959
2022,19,WC,2022_19_DAL_TB,DAL,TB,2023-01-10T12:00:00.000000+0000,POSTGAME_ACTUAL_STARTER_IDENTITY_ONLY,build_qb_pregame_features,00-0033077,00-0019596,0.11332659127237948,0.12731392885808707,2588.0,3763.0,0.013987337585707582
2022,19,WC,2022_19_LAC_JAX,LAC,JAX,2023-01-10T12:00:00.000000+0000,POSTGAME_ACTUAL_STARTER_IDENTITY_ONLY,build_qb_pregame_features,00-0036355,00-0036971,0.09820721363667206,0.01024582229250968,2067.0,1245.0,-0.08796139134416238
2022,19,WC,2022_19_MIA_BUF,MIA,BUF,2023-01-10T12:00:00.000000+0000,POSTGAME_ACTUAL_STARTER_IDENTITY_ONLY,build_qb_pregame_features,00-0037327,00-0034857,-0.12480369355355068,0.10595115271438747,111.0,2957.0,0.23075484626793816
2022,19,WC,2022_19_NYG_MIN,NYG,MIN,2023-01-10T12:00:00.000000+0000,POSTGAME_ACTUAL_STARTER_IDENTITY_ONLY,build_qb_pregame_features,00-0035710,00-0029604,-0.02731904952663037,0.07914815052779961,1889.0,3019.0,0.10646720005442997
2022,19,WC,2022_19_SEA_SF,SEA,SF,2023-01-10T12:00:00.000000+0000,POSTGAME_ACTUAL_STARTER_IDENTITY_ONLY,build_qb_pregame_features,00-0030565,00-0037834,0.009238860637281443,0.056110596476177624,737.0,181.0,0.04687173583889618
2022,20,DIV,2022_20_CIN_BUF,CIN,BUF,2023-01-17T12:00:00.000000+0000,POSTGAME_ACTUAL_STARTER_IDENTITY_ONLY,build_qb_pregame_features,00-0036442,00-0034857,0.11806720603458974,0.10135981739245227,1851.0,3003.0,-0.016707388642137472
2022,20,DIV,2022_20_DAL_SF,DAL,SF,2023-01-17T12:00:00.000000+0000,POSTGAME_ACTUAL_STARTER_IDENTITY_ONLY,build_qb_pregame_features,00-0033077,00-0037834,0.12049272231760677,0.1019854002480611,2622.0,212.0,-0.018507322069545667
2022,20,DIV,2022_20_JAX_KC,JAX,KC,2023-01-17T12:00:00.000000+0000,POSTGAME_ACTUAL_STARTER_IDENTITY_ONLY,build_qb_pregame_features,00-0036971,00-0033873,0.006007560174999942,0.2572177485697397,1294.0,3527.0,0.2512101883947398
2022,20,DIV,2022_20_NYG_PHI,NYG,PHI,2023-01-17T12:00:00.000000+0000,POSTGAME_ACTUAL_STARTER_IDENTITY_ONLY,build_qb_pregame_features,00-0035710,00-0036389,-0.020590201082038267,0.0467323557864805,1927.0,1162.0,0.06732255686851876
2022,21,CON,2022_21_CIN_KC,CIN,KC,2023-01-24T12:00:00.000000+0000,POSTGAME_ACTUAL_STARTER_IDENTITY_ONLY,build_qb_pregame_features,00-0036442,00-0033873,0.12183705369654346,0.2577540974428443,1888.0,3557.0,0.13591704374630081
2022,21,CON,2022_21_SF_PHI,SF,PHI,2023-01-24T12:00:00.000000+0000,POSTGAME_ACTUAL_STARTER_IDENTITY_ONLY,build_qb_pregame_features,00-0037834,00-0036389,0.10295416717608893,0.0501052389860324,243.0,1187.0,-0.052848928190056536
2022,22,SB,2022_22_KC_PHI,KC,PHI,2023-02-07T12:00:00.000000+0000,POSTGAME_ACTUAL_STARTER_IDENTITY_ONLY,build_qb_pregame_features,00-0033873,00-0036389,0.2566306346978938,0.04871365723501585,3603.0,1213.0,-0.20791697746287796
2023,1,REG,2023_01_ARI_WAS,ARI,WAS,2023-09-05T12:00:00.000000+0000,POSTGAME_ACTUAL_STARTER_IDENTITY_ONLY,build_qb_pregame_features,00-0033949,00-0037077,-0.10501487989824049,-0.07338891374228704,91.0,22.0,0.03162596615595345
2023,1,REG,2023_01_BUF_NYJ,BUF,NYJ,2023-09-05T12:00:00.000000+0000,POSTGAME_ACTUAL_STARTER_IDENTITY_ONLY,build_qb_pregame_features,00-0034857,00-0023459,0.09943326651771311,0.13876919563522577,3046.0,3126.0,0.03933592911751266
2023,1,REG,2023_01_CAR_ATL,CAR,ATL,2023-09-05T12:00:00.000000+0000,POSTGAME_ACTUAL_STARTER_IDENTITY_ONLY,build_qb_pregame_features,00-0039150,00-0038122,-0.05,-0.01992286929782862,0.0,124.0,0.030077130702171384
2023,1,REG,2023_01_CIN_CLE,CIN,CLE,2023-09-05T12:00:00.000000+0000,POSTGAME_ACTUAL_STARTER_IDENTITY_ONLY,build_qb_pregame_features,00-0036442,00-0033537,0.11855757198477858,0.10690683085792294,1934.0,2029.0,-0.011650741126855643
2023,1,REG,2023_01_DAL_NYG,DAL,NYG,2023-09-05T12:00:00.000000+0000,POSTGAME_ACTUAL_STARTER_IDENTITY_ONLY,build_qb_pregame_features,00-0033077,00-0035710,0.1166278932527513,-0.02633445140777295,2660.0,1959.0,-0.14296234466052427
2023,1,REG,2023_01_DET_KC,DET,KC,2023-09-05T12:00:00.000000+0000,POSTGAME_ACTUAL_STARTER_IDENTITY_ONLY,build_qb_pregame_features,00-0033106,00-0033873,0.08285939874053137,0.25809025306186584,3119.0,3630.0,0.17523085432133445
2023,1,REG,2023_01_GB_CHI,GB,CHI,2023-09-05T12:00:00.000000+0000,POSTGAME_ACTUAL_STARTER_IDENTITY_ONLY,build_qb_pregame_features,00-0036264,00-0036945,-0.04658729173284983,-0.14503327076972905,86.0,679.0,-0.09844597903687921
2023,1,REG,2023_01_HOU_BAL,HOU,BAL,2023-09-05T12:00:00.000000+0000,POSTGAME_ACTUAL_STARTER_IDENTITY_ONLY,build_qb_pregame_features,00-0039163,00-0034796,-0.05,0.09018235735287818,0.0,1942.0,0.14018235735287818
2023,1,REG,2023_01_JAX_IND,JAX,IND,2023-09-05T12:00:00.000000+0000,POSTGAME_ACTUAL_STARTER_IDENTITY_ONLY,build_qb_pregame_features,00-0036971,00-0039164,0.005914294195998352,-0.05,1335.0,0.0,-0.05591429419599835
2023,1,REG,2023_01_LA_SEA,LAR,SEA,2023-09-05T12:00:00.000000+0000,POSTGAME_ACTUAL_STARTER_IDENTITY_ONLY,build_qb_pregame_features,00-0026498,00-0030565,0.09725051565725402,0.011645286927427483,2580.0,775.0,-0.08560522872982654
2023,1,REG,2023_01_LV_DEN,LV,DEN,2023-09-05T12:00:00.000000+0000,POSTGAME_ACTUAL_STARTER_IDENTITY_ONLY,build_qb_pregame_features,00-0031345,00-0029263,0.14026107324163228,0.06894051252221876,1701.0,2745.0,-0.07132056071941352
2023,1,REG,2023_01_MIA_LAC,MIA,LAC,2023-09-05T12:00:00.000000+0000,POSTGAME_ACTUAL_STARTER_IDENTITY_ONLY,build_qb_pregame_features,00-0036212,00-0036355,0.07213525590215915,0.09951460959771369,1139.0,2113.0,0.02737935369555454
2023,1,REG,2023_01_PHI_NE,PHI,NE,2023-09-05T12:00:00.000000+0000,POSTGAME_ACTUAL_STARTER_IDENTITY_ONLY,build_qb_pregame_features,00-0036389,00-0036972,0.056111970418458945,0.012221734305067164,1253.0,1066.0,-0.04389023611339178
2023,1,REG,2023_01_SF_PIT,SF,PIT,2023-09-05T12:00:00.000000+0000,POSTGAME_ACTUAL_STARTER_IDENTITY_ONLY,build_qb_pregame_features,00-0037834,00-0038102,0.0941422268253186,-0.025901129511283632,248.0,416.0,-0.12004335633660224
2023,1,REG,2023_01_TB_MIN,TB,MIN,2023-09-05T12:00:00.000000+0000,POSTGAME_ACTUAL_STARTER_IDENTITY_ONLY,build_qb_pregame_features,00-0034855,00-0029604,0.03053558618157192,0.08209171877567949,2501.0,3058.0,0.051556132594107566
2023,1,REG,2023_01_TEN_NO,TEN,NO,2023-09-05T12:00:00.000000+0000,POSTGAME_ACTUAL_STARTER_IDENTITY_ONLY,build_qb_pregame_features,00-0029701,00-0031280,0.07804579522531416,0.07044067851819959,2184.0,2941.0,-0.00760511670711457
2023,2,REG,2023_02_BAL_CIN,BAL,CIN,2023-09-12T12:00:00.000000+0000,POSTGAME_ACTUAL_STARTER_IDENTITY_ONLY,build_qb_pregame_features,00-0034796,00-0036442,0.08740005240026712,0.1081797811056598,1968.0,1967.0,0.020779728705392686
2023,2,REG,2023_02_CHI_TB,CHI,TB,2023-09-12T12:00:00.000000+0000,POSTGAME_ACTUAL_STARTER_IDENTITY_ONLY,build_qb_pregame_features,00-0036945,00-0034855,-0.15140458774132426,0.03047231191247929,720.0,2536.0,0.18187689965380355
2023,2,REG,2023_02_CLE_PIT,CLE,PIT,2023-09-12T12:00:00.000000+0000,POSTGAME_ACTUAL_STARTER_IDENTITY_ONLY,build_qb_pregame_features,00-0033537,00-0038102,0.1007265620430262,-0.05125793431983061,2061.0,467.0,-0.15198449636285682
2023,2,REG,2023_02_GB_ATL,GB,ATL,2023-09-12T12:00:00.000000+0000,POSTGAME_ACTUAL_STARTER_IDENTITY_ONLY,build_qb_pregame_features,00-0036264,00-0038122,0.005851926381351562,-0.02867958338314662,114.0,146.0,-0.03453150976449818
2023,2,REG,2023_02_IND_HOU,IND,HOU,2023-09-12T12:00:00.000000+0000,POSTGAME_ACTUAL_STARTER_IDENTITY_ONLY,build_qb_pregame_features,00-0039164,00-0039163,-0.05803141378216715,-0.07911769968278196,41.0,49.0,-0.021086285900614808
2023,2,REG,2023_02_KC_JAX,KC,JAX,2023-09-12T12:00:00.000000+0000,POSTGAME_ACTUAL_STARTER_IDENTITY_ONLY,build_qb_pregame_features,00-0033873,00-0036971,0.25368775024081247,0.0003002641752799882,3669.0,1369.0,-0.25338748606553246
2023,2,REG,2023_02_LAC_TEN,LAC,TEN,2023-09-12T12:00:00.000000+0000,POSTGAME_ACTUAL_STARTER_IDENTITY_ONLY,build_qb_pregame_features,00-0036355,00-0029701,0.09758429013187386,0.0720036901527483,2149.0,2221.0,-0.025580599979125568
2023,2,REG,2023_02_LV_BUF,LV,BUF,2023-09-12T12:00:00.000000+0000,POSTGAME_ACTUAL_STARTER_IDENTITY_ONLY,build_qb_pregame_features,00-0031345,00-0034857,0.14535001051216498,0.09774984479969996,1727.0,3092.0,-0.04760016571246502
2023,2,REG,2023_02_MIA_NE,MIA,NE,2023-09-12T12:00:00.000000+0000,POSTGAME_ACTUAL_STARTER_IDENTITY_ONLY,build_qb_pregame_features,00-0036212,00-0036972,0.0896117244360881,0.006008303048835423,1184.0,1122.0,-0.08360342138725267
2023,2,REG,2023_02_MIN_PHI,MIN,PHI,2023-09-12T12:00:00.000000+0000,POSTGAME_ACTUAL_STARTER_IDENTITY_ONLY,build_qb_pregame_features,00-0029604,00-0036389,0.08103968842475327,0.0517302225731694,3104.0,1289.0,-0.029309465851583873
2023,2,REG,2023_02_NO_CAR,NO,CAR,2023-09-12T12:00:00.000000+0000,POSTGAME_ACTUAL_STARTER_IDENTITY_ONLY,build_qb_pregame_features,00-0031280,00-0039150,0.07075957871273512,-0.07940883937178723,2978.0,40.0,-0.15016841808452236
2023,2,REG,2023_02_NYG_ARI,NYG,ARI,2023-09-12T12:00:00.000000+0000,POSTGAME_ACTUAL_STARTER_IDENTITY_ONLY,build_qb_pregame_features,00-0035710,00-0033949,-0.034787515795704535,-0.12041229110323934,1994.0,124.0,-0.0856247753075348
2023,2,REG,2023_02_NYJ_DAL,NYJ,DAL,2023-09-12T12:00:00.000000+0000,POSTGAME_ACTUAL_STARTER_IDENTITY_ONLY,build_qb_pregame_features,00-0037013,00-0033077,-0.1438528893494861,0.11711800314684614,715.0,2684.0,0.2609708924963322
2023,2,REG,2023_02_SEA_DET,SEA,DET,2023-09-12T12:00:00.000000+0000,POSTGAME_ACTUAL_STARTER_IDENTITY_ONLY,build_qb_pregame_features,00-0030565,00-0033106,0.007115604059828412,0.0839238924379289,803.0,3155.0,0.07680828837810048
2023,2,REG,2023_02_SF_LA,SF,LAR,2023-09-12T12:00:00.000000+0000,POSTGAME_ACTUAL_STARTER_IDENTITY_ONLY,build_qb_pregame_features,00-0037834,00-0026498,0.10084229197318406,0.10355072780219499,280.0,2618.0,0.0027084358290109245
2023,2,REG,2023_02_WAS_DEN,WAS,DEN,2023-09-12T12:00:00.000000+0000,POSTGAME_ACTUAL_STARTER_IDENTITY_ONLY,build_qb_pregame_features,00-0037077,00-0029263,-0.10797748586178643,0.06889254889473333,59.0,2781.0,0.17687003475651975
2023,3,REG,2023_03_ATL_DET,ATL,DET,2023-09-19T12:00:00.000000+0000,POSTGAME_ACTUAL_STARTER_IDENTITY_ONLY,build_qb_pregame_features,00-0038122,00-0033106,-0.018855398237901666,0.08538017642262971,179.0,3192.0,0.10423557466053138
2023,3,REG,2023_03_BUF_WAS,BUF,WAS,2023-09-19T12:00:00.000000+0000,POSTGAME_ACTUAL_STARTER_IDENTITY_ONLY,build_qb_pregame_features,00-0034857,00-0037077,0.10054818623566397,-0.07167500691091952,3131.0,102.0,-0.1722231931465835
2023,3,REG,2023_03_CAR_SEA,CAR,SEA,2023-09-19T12:00:00.000000+0000,POSTGAME_ACTUAL_STARTER_IDENTITY_ONLY,build_qb_pregame_features,00-0027973,00-0030565,-0.006729717283347987,0.02116545385896674,1965.0,845.0,0.027895171142314726
2023,3,REG,2023_03_CHI_KC,CHI,KC,2023-09-19T12:00:00.000000+0000,POSTGAME_ACTUAL_STARTER_IDENTITY_ONLY,build_qb_pregame_features,00-0036945,00-0033873,-0.1546188853207518,0.25365926811574463,755.0,3711.0,0.4082781534364964
2023,3,REG,2023_03_DAL_ARI,DAL,ARI,2023-09-19T12:00:00.000000+0000,POSTGAME_ACTUAL_STARTER_IDENTITY_ONLY,build_qb_pregame_features,00-0033077,00-0033949,0.11902217343491478,-0.09047866729010265,2723.0,155.0,-0.20950084072501743
2023,3,REG,2023_03_DEN_MIA,DEN,MIA,2023-09-19T12:00:00.000000+0000,POSTGAME_ACTUAL_STARTER_IDENTITY_ONLY,build_qb_pregame_features,00-0029263,00-0036212,0.06882142233469114,0.09550826302359798,2820.0,1215.0,0.026686840688906838
2023,3,REG,2023_03_HOU_JAX,HOU,JAX,2023-09-19T12:00:00.000000+0000,POSTGAME_ACTUAL_STARTER_IDENTITY_ONLY,build_qb_pregame_features,00-0039163,00-0036971,-0.04678862345311588,-0.006964926002842472,102.0,1414.0,0.03982369745027341
2023,3,REG,2023_03_IND_BAL,IND,BAL,2023-09-19T12:00:00.000000+0000,POSTGAME_ACTUAL_STARTER_IDENTITY_ONLY,build_qb_pregame_features,00-0035289,00-0034796,0.016472427288512646,0.09195744264115624,1029.0,2001.0,0.0754850153526436
2023,3,REG,2023_03_LAC_MIN,LAC,MIN,2023-09-19T12:00:00.000000+0000,POSTGAME_ACTUAL_STARTER_IDENTITY_ONLY,build_qb_pregame_features,00-0036355,00-0029604,0.10000928539483654,0.08515879958575284,2193.0,3150.0,-0.0148504858090837
2023,3,REG,2023_03_LA_CIN,LAR,CIN,2023-09-19T12:00:00.000000+0000,POSTGAME_ACTUAL_STARTER_IDENTITY_ONLY,build_qb_pregame_features,00-0026498,00-0036442,0.09964325137682721,0.10676589236257158,2674.0,2009.0,0.0071226409857443745
2023,3,REG,2023_03_NE_NYJ,NE,NYJ,2023-09-19T12:00:00.000000+0000,POSTGAME_ACTUAL_STARTER_IDENTITY_ONLY,build_qb_pregame_features,00-0036972,00-0037013,0.0042007637818383525,-0.15804447918890113,1168.0,745.0,-0.16224524297073947
2023,3,REG,2023_03_NO_GB,NO,GB,2023-09-19T12:00:00.000000+0000,POSTGAME_ACTUAL_STARTER_IDENTITY_ONLY,build_qb_pregame_features,00-0031280,00-0036264,0.06929262903840765,0.012213461877900122,3018.0,140.0,-0.057079167160507524
2023,3,REG,2023_03_NYG_SF,NYG,SF,2023-09-19T12:00:00.000000+0000,POSTGAME_ACTUAL_STARTER_IDENTITY_ONLY,build_qb_pregame_features,00-0035710,00-0037834,-0.030564511699637774,0.10186003560064968,2034.0,306.0,0.13242454730028747
2023,3,REG,2023_03_PHI_TB,PHI,TB,2023-09-19T12:00:00.000000+0000,POSTGAME_ACTUAL_STARTER_IDENTITY_ONLY,build_qb_pregame_features,00-0036389,00-0034855,0.051593784999945415,0.035110521714387805,1316.0,2570.0,-0.01648326328555761
2023,3,REG,2023_03_PIT_LV,PIT,LV,2023-09-19T12:00:00.000000+0000,POSTGAME_ACTUAL_STARTER_IDENTITY_ONLY,build_qb_pregame_features,00-0038102,00-0031345,-0.05949400427682289,0.14238674033127593,499.0,1751.0,0.20188074460809882
2023,3,REG,2023_03_TEN_CLE,TEN,CLE,2023-09-19T12:00:00.000000+0000,POSTGAME_ACTUAL_STARTER_IDENTITY_ONLY,build_qb_pregame_features,00-0029701,00-0033537,0.07179162514453791,0.09235818587701344,2250.0,2107.0,0.020566560732475536
2023,4,REG,2023_04_ARI_SF,ARI,SF,2023-09-26T12:00:00.000000+0000,POSTGAME_ACTUAL_STARTER_IDENTITY_ONLY,build_qb_pregame_features,00-0033949,00-0037834,-0.07762430726405663,0.12298283454423146,178.0,345.0,0.2006071418082881
2023,4,REG,2023_04_ATL_JAX,ATL,JAX,2023-09-26T12:00:00.000000+0000,POSTGAME_ACTUAL_STARTER_IDENTITY_ONLY,build_qb_pregame_features,00-0038122,00-0036971,-0.04578560601718445,-0.005443617998808213,224.0,1454.0,0.04034198801837623
2023,4,REG,2023_04_BAL_CLE,BAL,CLE,2023-09-26T12:00:00.000000+0000,POSTGAME_ACTUAL_STARTER_IDENTITY_ONLY,build_qb_pregame_features,00-0034796,00-0038583,0.08756791002234815,-0.05,2036.0,0.0,-0.13756791002234814
2023,4,REG,2023_04_CIN_TEN,CIN,TEN,2023-09-26T12:00:00.000000+0000,POSTGAME_ACTUAL_STARTER_IDENTITY_ONLY,build_qb_pregame_features,00-0036442,00-0029701,0.10141834981354794,0.06599257257436293,2060.0,2280.0,-0.03542577723918501
2023,4,REG,2023_04_DEN_CHI,DEN,CHI,2023-09-26T12:00:00.000000+0000,POSTGAME_ACTUAL_STARTER_IDENTITY_ONLY,build_qb_pregame_features,00-0029263,00-0036945,0.06864853381388109,-0.16385517739050653,2859.0,780.0,-0.23250371120438762
2023,4,REG,2023_04_DET_GB,DET,GB,2023-09-26T12:00:00.000000+0000,POSTGAME_ACTUAL_STARTER_IDENTITY_ONLY,build_qb_pregame_features,00-0033106,00-0036264,0.08534603283391456,0.006374981104940579,3225.0,185.0,-0.07897105172897398
2023,4,REG,2023_04_KC_NYJ,KC,NYJ,2023-09-26T12:00:00.000000+0000,POSTGAME_ACTUAL_STARTER_IDENTITY_ONLY,build_qb_pregame_features,00-0033873,00-0037013,0.25692467785938,-0.166984529074255,3744.0,784.0,-0.423909206933635
2023,4,REG,2023_04_LA_IND,LAR,IND,2023-09-26T12:00:00.000000+0000,POSTGAME_ACTUAL_STARTER_IDENTITY_ONLY,build_qb_pregame_features,00-0026498,00-0039164,0.09591811527056768,-0.04955372769254247,2713.0,51.0,-0.14547184296311014
2023,4,REG,2023_04_LV_LAC,LV,LAC,2023-09-26T12:00:00.000000+0000,POSTGAME_ACTUAL_STARTER_IDENTITY_ONLY,build_qb_pregame_features,00-0038579,00-0036355,-0.05,0.10690637701293203,0.0,2241.0,0.15690637701293203
2023,4,REG,2023_04_MIA_BUF,MIA,BUF,2023-09-26T12:00:00.000000+0000,POSTGAME_ACTUAL_STARTER_IDENTITY_ONLY,build_qb_pregame_features,00-0036212,00-0034857,0.11234549370897824,0.1011605527601432,1241.0,3163.0,-0.011184940948835043
2023,4,REG,2023_04_MIN_CAR,MIN,CAR,2023-09-26T12:00:00.000000+0000,POSTGAME_ACTUAL_STARTER_IDENTITY_ONLY,build_qb_pregame_features,00-0029604,00-0039150,0.08425320206838928,-0.10474824163512883,3204.0,77.0,-0.18900144370351812
2023,4,REG,2023_04_NE_DAL,NE,DAL,2023-09-26T12:00:00.000000+0000,POSTGAME_ACTUAL_STARTER_IDENTITY_ONLY,build_qb_pregame_features,00-0036972,00-0033077,0.008091434717445237,0.11612751147450759,1197.0,2765.0,0.10803607675706235
2023,4,REG,2023_04_PIT_HOU,PIT,HOU,2023-09-26T12:00:00.000000+0000,POSTGAME_ACTUAL_STARTER_IDENTITY_ONLY,build_qb_pregame_features,00-0038102,00-0039163,-0.04932421251858806,-0.0018604996244217034,528.0,132.0,0.04746371289416636
2023,4,REG,2023_04_SEA_NYG,SEA,NYG,2023-09-26T12:00:00.000000+0000,POSTGAME_ACTUAL_STARTER_IDENTITY_ONLY,build_qb_pregame_features,00-0030565,00-0035710,0.026149524774723987,-0.03414321548781497,883.0,2068.0,-0.06029274026253895
2023,4,REG,2023_04_TB_NO,TB,NO,2023-09-26T12:00:00.000000+0000,POSTGAME_ACTUAL_STARTER_IDENTITY_ONLY,build_qb_pregame_features,00-0034855,00-0031280,0.03534330809559236,0.06891468691034333,2597.0,3039.0,0.033571378814750974
2023,4,REG,2023_04_WAS_PHI,WAS,PHI,2023-09-26T12:00:00.000000+0000,POSTGAME_ACTUAL_STARTER_IDENTITY_ONLY,build_qb_pregame_features,00-0037077,00-0036389,-0.1272501795584951,0.051440200747388365,140.0,1354.0,0.17869038030588347
2023,5,REG,2023_05_BAL_PIT,BAL,PIT,2023-10-03T12:00:00.000000+0000,POSTGAME_ACTUAL_STARTER_IDENTITY_ONLY,build_qb_pregame_features,00-0034796,00-0038102,0.08958687497095971,-0.06391065829321221,2058.0,554.0,-0.15349753326417193
2023,5,REG,2023_05_CAR_DET,CAR,DET,2023-10-03T12:00:00.000000+0000,POSTGAME_ACTUAL_STARTER_IDENTITY_ONLY,build_qb_pregame_features,00-0039150,00-0033106,-0.1295704748906159,0.08531962964142502,114.0,3255.0,0.21489010453204094
2023,5,REG,2023_05_CHI_WAS,CHI,WAS,2023-10-03T12:00:00.000000+0000,POSTGAME_ACTUAL_STARTER_IDENTITY_ONLY,build_qb_pregame_features,00-0036945,00-0037077,-0.15072376948574914,-0.09415886166219506,819.0,186.0,0.056564907823554084
2023,5,REG,2023_05_CIN_ARI,CIN,ARI,2023-10-03T12:00:00.000000+0000,POSTGAME_ACTUAL_STARTER_IDENTITY_ONLY,build_qb_pregame_features,00-0036442,00-0033949,0.09631414580392594,-0.06178553238396965,2093.0,220.0,-0.1580996781878956
2023,5,REG,2023_05_DAL_SF,DAL,SF,2023-10-03T12:00:00.000000+0000,POSTGAME_ACTUAL_STARTER_IDENTITY_ONLY,build_qb_pregame_features,00-0033077,00-0037834,0.11601674154699385,0.15605640571787058,2802.0,367.0,0.04003966417087673
2023,5,REG,2023_05_GB_LV,GB,LV,2023-10-03T12:00:00.000000+0000,POSTGAME_ACTUAL_STARTER_IDENTITY_ONLY,build_qb_pregame_features,00-0036264,00-0031345,-0.01619688643876154,0.13562750740831694,226.0,1799.0,0.1518243938470785
2023,5,REG,2023_05_HOU_ATL,HOU,ATL,2023-10-03T12:00:00.000000+0000,POSTGAME_ACTUAL_STARTER_IDENTITY_ONLY,build_qb_pregame_features,00-0039163,00-0038122,0.023425573790938396,-0.07990210305817112,162.0,259.0,-0.10332767684910951
2023,5,REG,2023_05_JAX_BUF,JAX,BUF,2023-10-03T12:00:00.000000+0000,POSTGAME_ACTUAL_STARTER_IDENTITY_ONLY,build_qb_pregame_features,00-0036971,00-0034857,-0.0028447021648604024,0.10671700095196357,1486.0,3190.0,0.10956170311682398
2023,5,REG,2023_05_KC_MIN,KC,MIN,2023-10-03T12:00:00.000000+0000,POSTGAME_ACTUAL_STARTER_IDENTITY_ONLY,build_qb_pregame_features,00-0033873,00-0029604,0.2550870960120437,0.08074599984223367,3775.0,3225.0,-0.17434109616981003
2023,5,REG,2023_05_NO_NE,NO,NE,2023-10-03T12:00:00.000000+0000,POSTGAME_ACTUAL_STARTER_IDENTITY_ONLY,build_qb_pregame_features,00-0031280,00-0036972,0.06422412423165932,-0.0009023307912835576,3078.0,1219.0,-0.06512645502294288
2023,5,REG,2023_05_NYG_MIA,NYG,MIA,2023-10-03T12:00:00.000000+0000,POSTGAME_ACTUAL_STARTER_IDENTITY_ONLY,build_qb_pregame_features,00-0035710,00-0036212,-0.043971444802917294,0.10694019847121541,2112.0,1280.0,0.1509116432741327
2023,5,REG,2023_05_NYJ_DEN,NYJ,DEN,2023-10-03T12:00:00.000000+0000,POSTGAME_ACTUAL_STARTER_IDENTITY_ONLY,build_qb_pregame_features,00-0037013,00-0029263,-0.15671085096985848,0.07277243933870897,825.0,2888.0,0.22948329030856746
2023,5,REG,2023_05_PHI_LA,PHI,LAR,2023-10-03T12:00:00.000000+0000,POSTGAME_ACTUAL_STARTER_IDENTITY_ONLY,build_qb_pregame_features,00-0036389,00-0026498,0.05657786192209758,0.09839740318856643,1394.0,2755.0,0.041819541266468856
2023,5,REG,2023_05_TEN_IND,TEN,IND,2023-10-03T12:00:00.000000+0000,POSTGAME_ACTUAL_STARTER_IDENTITY_ONLY,build_qb_pregame_features,00-0029701,00-0039164,0.06802172855300564,-0.02340716375670429,2308.0,78.0,-0.09142889230970994
2023,6,REG,2023_06_ARI_LA,ARI,LAR,2023-10-10T12:00:00.000000+0000,POSTGAME_ACTUAL_STARTER_IDENTITY_ONLY,build_qb_pregame_features,00-0033949,00-0026498,-0.08775985243772241,0.09632753046877562,255.0,2796.0,0.18408738290649804
2023,6,REG,2023_06_BAL_TEN,BAL,TEN,2023-10-10T12:00:00.000000+0000,POSTGAME_ACTUAL_STARTER_IDENTITY_ONLY,build_qb_pregame_features,00-0034796,00-0029701,0.08249040021848539,0.07084978501098195,2100.0,2343.0,-0.011640615207503438
2023,6,REG,2023_06_CAR_MIA,CAR,MIA,2023-10-10T12:00:00.000000+0000,POSTGAME_ACTUAL_STARTER_IDENTITY_ONLY,build_qb_pregame_features,00-0039150,00-0036212,-0.1143860967078489,0.10355730361390715,156.0,1311.0,0.21794340032175605
2023,6,REG,2023_06_DAL_LAC,DAL,LAC,2023-10-10T12:00:00.000000+0000,POSTGAME_ACTUAL_STARTER_IDENTITY_ONLY,build_qb_pregame_features,00-0033077,00-0036355,0.11134134684239443,0.10441957377752396,2829.0,2267.0,-0.006921773064870462
2023,6,REG,2023_06_DEN_KC,DEN,KC,2023-10-10T12:00:00.000000+0000,POSTGAME_ACTUAL_STARTER_IDENTITY_ONLY,build_qb_pregame_features,00-0029263,00-0033873,0.06880350094539457,0.2560143072325145,2923.0,3818.0,0.18721080628711995
2023,6,REG,2023_06_DET_TB,DET,TB,2023-10-10T12:00:00.000000+0000,POSTGAME_ACTUAL_STARTER_IDENTITY_ONLY,build_qb_pregame_features,00-0033106,00-0034855,0.08621125575238911,0.03776900178694463,3285.0,2630.0,-0.04844225396544448
2023,6,REG,2023_06_IND_JAX,IND,JAX,2023-10-10T12:00:00.000000+0000,POSTGAME_ACTUAL_STARTER_IDENTITY_ONLY,build_qb_pregame_features,00-0035289,00-0036971,0.01559385058870113,0.001588860729375809,1092.0,1528.0,-0.014004989859325322
2023,6,REG,2023_06_MIN_CHI,MIN,CHI,2023-10-10T12:00:00.000000+0000,POSTGAME_ACTUAL_STARTER_IDENTITY_ONLY,build_qb_pregame_features,00-0029604,00-0036945,0.08032821530047965,-0.13522649676323933,3275.0,851.0,-0.21555471206371898
2023,6,REG,2023_06_NE_LV,NE,LV,2023-10-10T12:00:00.000000+0000,POSTGAME_ACTUAL_STARTER_IDENTITY_ONLY,build_qb_pregame_features,00-0036972,00-0031345,-0.013077201032190273,0.1331340654933824,1243.0,1833.0,0.14621126652557265
2023,6,REG,2023_06_NO_HOU,NO,HOU,2023-10-10T12:00:00.000000+0000,POSTGAME_ACTUAL_STARTER_IDENTITY_ONLY,build_qb_pregame_features,00-0031280,00-0039163,0.06471124798646881,0.02876159200370457,3106.0,197.0,-0.03594965598276424
2023,6,REG,2023_06_NYG_BUF,NYG,BUF,2023-10-10T12:00:00.000000+0000,POSTGAME_ACTUAL_STARTER_IDENTITY_ONLY,build_qb_pregame_features,00-0028118,00-0034857,-0.08251358151091827,0.10967046531594464,326.0,3230.0,0.1921840468268629
2023,6,REG,2023_06_PHI_NYJ,PHI,NYJ,2023-10-10T12:00:00.000000+0000,POSTGAME_ACTUAL_STARTER_IDENTITY_ONLY,build_qb_pregame_features,00-0036389,00-0037013,0.060017134167737726,-0.15888619653851646,1433.0,855.0,-0.21890333070625417
2023,6,REG,2023_06_SEA_CIN,SEA,CIN,2023-10-10T12:00:00.000000+0000,POSTGAME_ACTUAL_STARTER_IDENTITY_ONLY,build_qb_pregame_features,00-0030565,00-0036442,0.017878571665484636,0.09833931930679464,905.0,2142.0,0.08046074764131
2023,6,REG,2023_06_SF_CLE,SF,CLE,2023-10-10T12:00:00.000000+0000,POSTGAME_ACTUAL_STARTER_IDENTITY_ONLY,build_qb_pregame_features,00-0037834,00-0033275,0.17920501955823448,-0.13172414232781976,392.0,246.0,-0.31092916188605424
2023,6,REG,2023_06_WAS_ATL,WAS,ATL,2023-10-10T12:00:00.000000+0000,POSTGAME_ACTUAL_STARTER_IDENTITY_ONLY,build_qb_pregame_features,00-0037077,00-0038122,-0.07675704997672195,-0.043451285657522314,242.0,296.0,0.033305764319199634
2023,7,REG,2023_07_ARI_SEA,ARI,SEA,2023-10-17T12:00:00.000000+0000,POSTGAME_ACTUAL_STARTER_IDENTITY_ONLY,build_qb_pregame_features,00-0033949,00-0030565,-0.11298548206119281,0.014247056199036075,298.0,950.0,0.1272325382602289
2023,7,REG,2023_07_ATL_TB,ATL,TB,2023-10-17T12:00:00.000000+0000,POSTGAME_ACTUAL_STARTER_IDENTITY_ONLY,build_qb_pregame_features,00-0038122,00-0034855,-0.053919361568158325,0.03428645434049276,346.0,2668.0,0.08820581590865109
2023,7,REG,2023_07_BUF_NE,BUF,NE,2023-10-17T12:00:00.000000+0000,POSTGAME_ACTUAL_STARTER_IDENTITY_ONLY,build_qb_pregame_features,00-0034857,00-0036972,0.10903419886088446,-0.014805291401153605,3260.0,1279.0,-0.12383949026203807
2023,7,REG,2023_07_CLE_IND,CLE,IND,2023-10-17T12:00:00.000000+0000,POSTGAME_ACTUAL_STARTER_IDENTITY_ONLY,build_qb_pregame_features,00-0033537,00-0035289,0.09623708491725223,0.006516036834248718,2143.0,1150.0,-0.08972104808300352
2023,7,REG,2023_07_DET_BAL,DET,BAL,2023-10-17T12:00:00.000000+0000,POSTGAME_ACTUAL_STARTER_IDENTITY_ONLY,build_qb_pregame_features,00-0033106,00-0034796,0.09001893543649528,0.08393077930225508,3332.0,2131.0,-0.0060881561342402
2023,7,REG,2023_07_GB_DEN,GB,DEN,2023-10-17T12:00:00.000000+0000,POSTGAME_ACTUAL_STARTER_IDENTITY_ONLY,build_qb_pregame_features,00-0036264,00-0029263,-0.04385791984048379,0.06297145748503441,258.0,2949.0,0.1068293773255182
2023,7,REG,2023_07_JAX_NO,JAX,NO,2023-10-17T12:00:00.000000+0000,POSTGAME_ACTUAL_STARTER_IDENTITY_ONLY,build_qb_pregame_features,00-0036971,00-0031280,-0.0003733121267790653,0.06526344726761382,1561.0,3158.0,0.06563675939439288
2023,7,REG,2023_07_LAC_KC,LAC,KC,2023-10-17T12:00:00.000000+0000,POSTGAME_ACTUAL_STARTER_IDENTITY_ONLY,build_qb_pregame_features,00-0036355,00-0033873,0.10274002796413878,0.2545235946550442,2305.0,3860.0,0.15178356669090542
2023,7,REG,2023_07_LV_CHI,LV,CHI,2023-10-17T12:00:00.000000+0000,POSTGAME_ACTUAL_STARTER_IDENTITY_ONLY,build_qb_pregame_features,00-0026625,00-0038416,-0.07034380266333788,-0.10977162806457788,126.0,15.0,-0.03942782540124
2023,7,REG,2023_07_MIA_PHI,MIA,PHI,2023-10-17T12:00:00.000000+0000,POSTGAME_ACTUAL_STARTER_IDENTITY_ONLY,build_qb_pregame_features,00-0036212,00-0036389,0.11206575714463998,0.05448049379133883,1342.0,1480.0,-0.05758526335330115
2023,7,REG,2023_07_PIT_LA,PIT,LAR,2023-10-17T12:00:00.000000+0000,POSTGAME_ACTUAL_STARTER_IDENTITY_ONLY,build_qb_pregame_features,00-0038102,00-0026498,-0.0576625183243773,0.09654033558152202,589.0,2823.0,0.15420285390589933
2023,7,REG,2023_07_SF_MIN,SF,MIN,2023-10-17T12:00:00.000000+0000,POSTGAME_ACTUAL_STARTER_IDENTITY_ONLY,build_qb_pregame_features,00-0037834,00-0029604,0.15672427352374935,0.07784624565620214,422.0,3308.0,-0.0788780278675472
2023,7,REG,2023_07_WAS_NYG,WAS,NYG,2023-10-17T12:00:00.000000+0000,POSTGAME_ACTUAL_STARTER_IDENTITY_ONLY,build_qb_pregame_features,00-0037077,00-0028118,-0.0732601644062271,-0.0806749365985652,270.0,365.0,-0.007414772192338104
2023,8,REG,2023_08_ATL_TEN,ATL,TEN,2023-10-24T12:00:00.000000+0000,POSTGAME_ACTUAL_STARTER_IDENTITY_ONLY,build_qb_pregame_features,00-0038122,00-0039152,-0.039728624979029514,-0.05,372.0,0.0,-0.010271375020970488
2023,8,REG,2023_08_BAL_ARI,BAL,ARI,2023-10-24T12:00:00.000000+0000,POSTGAME_ACTUAL_STARTER_IDENTITY_ONLY,build_qb_pregame_features,00-0034796,00-0033949,0.09426716894770927,-0.12644897338862357,2158.0,335.0,-0.22071614233633285
2023,8,REG,2023_08_CHI_LAC,CHI,LAC,2023-10-24T12:00:00.000000+0000,POSTGAME_ACTUAL_STARTER_IDENTITY_ONLY,build_qb_pregame_features,00-0038416,00-0036355,-0.07840938312751741,0.10169629150480548,45.0,2340.0,0.1801056746323229
2023,8,REG,2023_08_CIN_SF,CIN,SF,2023-10-24T12:00:00.000000+0000,POSTGAME_ACTUAL_STARTER_IDENTITY_ONLY,build_qb_pregame_features,00-0036442,00-0037834,0.0954464056710596,0.1613977564681094,2180.0,453.0,0.0659513507970498
2023,8,REG,2023_08_CLE_SEA,CLE,SEA,2023-10-24T12:00:00.000000+0000,POSTGAME_ACTUAL_STARTER_IDENTITY_ONLY,build_qb_pregame_features,00-0033275,00-0030565,-0.1466118526566041,0.019889697067131156,316.0,976.0,0.16650154972373524
2023,8,REG,2023_08_HOU_CAR,HOU,CAR,2023-10-24T12:00:00.000000+0000,POSTGAME_ACTUAL_STARTER_IDENTITY_ONLY,build_qb_pregame_features,00-0039163,00-0039150,0.026449282645856872,-0.12807622531973856,226.0,198.0,-0.15452550796559544
2023,8,REG,2023_08_JAX_PIT,JAX,PIT,2023-10-24T12:00:00.000000+0000,POSTGAME_ACTUAL_STARTER_IDENTITY_ONLY,build_qb_pregame_features,00-0036971,00-0038102,0.002254216701916143,-0.055139469102366605,1590.0,616.0,-0.05739368580428275
2023,8,REG,2023_08_KC_DEN,KC,DEN,2023-10-24T12:00:00.000000+0000,POSTGAME_ACTUAL_STARTER_IDENTITY_ONLY,build_qb_pregame_features,00-0033873,00-0029263,0.2573068147371982,0.06369133927760563,3903.0,2979.0,-0.19361547545959257
2023,8,REG,2023_08_LA_DAL,LAR,DAL,2023-10-24T12:00:00.000000+0000,POSTGAME_ACTUAL_STARTER_IDENTITY_ONLY,build_qb_pregame_features,00-0026498,00-0033077,0.09476152446954862,0.11219662706362056,2854.0,2864.0,0.01743510259407194
2023,8,REG,2023_08_LV_DET,LV,DET,2023-10-24T12:00:00.000000+0000,POSTGAME_ACTUAL_STARTER_IDENTITY_ONLY,build_qb_pregame_features,00-0031345,00-0033106,0.13423508409700796,0.08513582299247331,1855.0,3390.0,-0.04909926110453465
2023,8,REG,2023_08_MIN_GB,MIN,GB,2023-10-24T12:00:00.000000+0000,POSTGAME_ACTUAL_STARTER_IDENTITY_ONLY,build_qb_pregame_features,00-0029604,00-0036264,0.08060288407680989,-0.026533584143327234,3353.0,289.0,-0.10713646822013713
2023,8,REG,2023_08_NE_MIA,NE,MIA,2023-10-24T12:00:00.000000+0000,POSTGAME_ACTUAL_STARTER_IDENTITY_ONLY,build_qb_pregame_features,00-0036972,00-0036212,-0.005773451006974826,0.10749385866763418,1310.0,1377.0,0.113267309674609
2023,8,REG,2023_08_NO_IND,NO,IND,2023-10-24T12:00:00.000000+0000,POSTGAME_ACTUAL_STARTER_IDENTITY_ONLY,build_qb_pregame_features,00-0031280,00-0035289,0.05938714987570762,0.006894024685072329,3214.0,1177.0,-0.05249312519063529
2023,8,REG,2023_08_NYJ_NYG,NYJ,NYG,2023-10-24T12:00:00.000000+0000,POSTGAME_ACTUAL_STARTER_IDENTITY_ONLY,build_qb_pregame_features,00-0037013,00-0028118,-0.1612769692313237,-0.06928654728294988,893.0,398.0,0.09199042194837383
2023,8,REG,2023_08_PHI_WAS,PHI,WAS,2023-10-24T12:00:00.000000+0000,POSTGAME_ACTUAL_STARTER_IDENTITY_ONLY,build_qb_pregame_features,00-0036389,00-0037077,0.05466580251399514,-0.0931557226531394,1514.0,318.0,-0.14782152516713454
2023,8,REG,2023_08_TB_BUF,TB,BUF,2023-10-24T12:00:00.000000+0000,POSTGAME_ACTUAL_STARTER_IDENTITY_ONLY,build_qb_pregame_features,00-0034855,00-0034857,0.03396018706038704,0.11019286919524732,2713.0,3302.0,0.07623268213486029
2023,9,REG,2023_09_ARI_CLE,ARI,CLE,2023-10-31T12:00:00.000000+0000,POSTGAME_ACTUAL_STARTER_IDENTITY_ONLY,build_qb_pregame_features,00-0038582,00-0033537,-0.05769107683721292,0.09330882156637706,1.0,2148.0,0.15099989840358996
2023,9,REG,2023_09_BUF_CIN,BUF,CIN,2023-10-31T12:00:00.000000+0000,POSTGAME_ACTUAL_STARTER_IDENTITY_ONLY,build_qb_pregame_features,00-0034857,00-0036442,0.10940436520497472,0.0994869899485895,3344.0,2215.0,-0.009917375256385225
2023,9,REG,2023_09_CHI_NO,CHI,NO,2023-10-31T12:00:00.000000+0000,POSTGAME_ACTUAL_STARTER_IDENTITY_ONLY,build_qb_pregame_features,00-0038416,00-0031280,-0.09822443916116089,0.06287068095498317,83.0,3242.0,0.16109512011614407
2023,9,REG,2023_09_DAL_PHI,DAL,PHI,2023-10-31T12:00:00.000000+0000,POSTGAME_ACTUAL_STARTER_IDENTITY_ONLY,build_qb_pregame_features,00-0033077,00-0036389,0.11459074188361451,0.06673435597726692,2898.0,1554.0,-0.047856385906347595
2023,9,REG,2023_09_IND_CAR,IND,CAR,2023-10-31T12:00:00.000000+0000,POSTGAME_ACTUAL_STARTER_IDENTITY_ONLY,build_qb_pregame_features,00-0035289,00-0039150,0.005257652795202131,-0.12024983311890755,1220.0,235.0,-0.12550748591410968
2023,9,REG,2023_09_LAC_NYJ,LAC,NYJ,2023-10-31T12:00:00.000000+0000,POSTGAME_ACTUAL_STARTER_IDENTITY_ONLY,build_qb_pregame_features,00-0036355,00-0037013,0.10689432955991847,-0.16766674562296496,2380.0,933.0,-0.2745610751828834
2023,9,REG,2023_09_LA_GB,LAR,GB,2023-10-31T12:00:00.000000+0000,POSTGAME_ACTUAL_STARTER_IDENTITY_ONLY,build_qb_pregame_features,00-0034955,00-0036264,-0.12714876638533057,-0.037504028266490394,150.0,334.0,0.08964473811884018
2023,9,REG,2023_09_MIA_KC,MIA,KC,2023-10-31T12:00:00.000000+0000,POSTGAME_ACTUAL_STARTER_IDENTITY_ONLY,build_qb_pregame_features,00-0036212,00-0033873,0.11202304115440825,0.2523588801752394,1424.0,3944.0,0.14033583902083113
2023,9,REG,2023_09_MIN_ATL,MIN,ATL,2023-10-31T12:00:00.000000+0000,POSTGAME_ACTUAL_STARTER_IDENTITY_ONLY,build_qb_pregame_features,00-0033949,00-0031800,-0.13412173666105223,-0.04874641108222615,374.0,957.0,0.08537532557882607
2023,9,REG,2023_09_NYG_LV,NYG,LV,2023-10-31T12:00:00.000000+0000,POSTGAME_ACTUAL_STARTER_IDENTITY_ONLY,build_qb_pregame_features,00-0035710,00-0038579,-0.04518767827386787,-0.06589875634226712,2138.0,59.0,-0.020711078068399252
2023,9,REG,2023_09_SEA_BAL,SEA,BAL,2023-10-31T12:00:00.000000+0000,POSTGAME_ACTUAL_STARTER_IDENTITY_ONLY,build_qb_pregame_features,00-0030565,00-0034796,0.021418627175283166,0.09121617933681572,1014.0,2189.0,0.06979755216153255
2023,9,REG,2023_09_TB_HOU,TB,HOU,2023-10-31T12:00:00.000000+0000,POSTGAME_ACTUAL_STARTER_IDENTITY_ONLY,build_qb_pregame_features,00-0034855,00-0039163,0.033093757607162495,0.028098964361296264,2758.0,252.0,-0.004994793245866231
2023,9,REG,2023_09_TEN_PIT,TEN,PIT,2023-10-31T12:00:00.000000+0000,POSTGAME_ACTUAL_STARTER_IDENTITY_ONLY,build_qb_pregame_features,00-0039152,00-0038102,-0.023356954369725482,-0.06139441493242762,31.0,633.0,-0.038037460562702144
2023,9,REG,2023_09_WAS_NE,WAS,NE,2023-10-31T12:00:00.000000+0000,POSTGAME_ACTUAL_STARTER_IDENTITY_ONLY,build_qb_pregame_features,00-0037077,00-0036972,-0.07755610800429817,-0.011185001410108022,371.0,1342.0,0.06637110659419015
2023,10,REG,2023_10_ATL_ARI,ATL,ARI,2023-11-07T12:00:00.000000+0000,POSTGAME_ACTUAL_STARTER_IDENTITY_ONLY,build_qb_pregame_features,00-0031800,00-0035228,-0.04840222531223415,0.024571750671872897,996.0,2138.0,0.07297397598410704
2023,10,REG,2023_10_CAR_CHI,CAR,CHI,2023-11-07T12:00:00.000000+0000,POSTGAME_ACTUAL_STARTER_IDENTITY_ONLY,build_qb_pregame_features,00-0039150,00-0038416,-0.157164781720182,-0.09995302676587375,278.0,115.0,0.05721175495430825
2023,10,REG,2023_10_CLE_BAL,CLE,BAL,2023-11-07T12:00:00.000000+0000,POSTGAME_ACTUAL_STARTER_IDENTITY_ONLY,build_qb_pregame_features,00-0033537,00-0034796,0.09265427388443863,0.08881867180147822,2179.0,2216.0,-0.00383560208296041
2023,10,REG,2023_10_DEN_BUF,DEN,BUF,2023-11-07T12:00:00.000000+0000,POSTGAME_ACTUAL_STARTER_IDENTITY_ONLY,build_qb_pregame_features,00-0029263,00-0034857,0.06205026841499154,0.10950906264843573,3004.0,3383.0,0.047458794233444186
2023,10,REG,2023_10_DET_LAC,DET,LAC,2023-11-07T12:00:00.000000+0000,POSTGAME_ACTUAL_STARTER_IDENTITY_ONLY,build_qb_pregame_features,00-0033106,00-0036355,0.08491649610215359,0.10340518940774618,3427.0,2415.0,0.018488693305592593
2023,10,REG,2023_10_GB_PIT,GB,PIT,2023-11-07T12:00:00.000000+0000,POSTGAME_ACTUAL_STARTER_IDENTITY_ONLY,build_qb_pregame_features,00-0036264,00-0038102,-0.023680391850240966,-0.05528848676257785,364.0,663.0,-0.03160809491233689
2023,10,REG,2023_10_HOU_CIN,HOU,CIN,2023-11-07T12:00:00.000000+0000,POSTGAME_ACTUAL_STARTER_IDENTITY_ONLY,build_qb_pregame_features,00-0039163,00-0036442,0.07574233624705046,0.10291761877349949,297.0,2260.0,0.027175282526449032
2023,10,REG,2023_10_IND_NE,IND,NE,2023-11-07T12:00:00.000000+0000,POSTGAME_ACTUAL_STARTER_IDENTITY_ONLY,build_qb_pregame_features,00-0035289,00-0036972,0.004427308451088874,-0.014792281372478074,1247.0,1386.0,-0.019219589823566946
2023,10,REG,2023_10_NO_MIN,NO,MIN,2023-11-07T12:00:00.000000+0000,POSTGAME_ACTUAL_STARTER_IDENTITY_ONLY,build_qb_pregame_features,00-0031280,00-0033949,0.0630388861162694,-0.13345026152678235,3276.0,407.0,-0.19648914764305175
2023,10,REG,2023_10_NYG_DAL,NYG,DAL,2023-11-07T12:00:00.000000+0000,POSTGAME_ACTUAL_STARTER_IDENTITY_ONLY,build_qb_pregame_features,00-0038476,00-0033077,-0.12050787262081289,0.11677793634069812,35.0,2947.0,0.23728580896151102
2023,10,REG,2023_10_NYJ_LV,NYJ,LV,2023-11-07T12:00:00.000000+0000,POSTGAME_ACTUAL_STARTER_IDENTITY_ONLY,build_qb_pregame_features,00-0037013,00-0038579,-0.17510112358821472,-0.03522635545244897,990.0,84.0,0.13987476813576577
2023,10,REG,2023_10_SF_JAX,SF,JAX,2023-11-07T12:00:00.000000+0000,POSTGAME_ACTUAL_STARTER_IDENTITY_ONLY,build_qb_pregame_features,00-0037834,00-0036971,0.1503025160794128,0.005885830096716516,486.0,1625.0,-0.1444166859826963
2023,10,REG,2023_10_TEN_TB,TEN,TB,2023-11-07T12:00:00.000000+0000,POSTGAME_ACTUAL_STARTER_IDENTITY_ONLY,build_qb_pregame_features,00-0039152,00-0034855,-0.031053113565784635,0.03623668085020322,74.0,2790.0,0.06728979441598786
2023,10,REG,2023_10_WAS_SEA,WAS,SEA,2023-11-07T12:00:00.000000+0000,POSTGAME_ACTUAL_STARTER_IDENTITY_ONLY,build_qb_pregame_features,00-0037077,00-0030565,-0.06365098808977754,0.01020944205036147,419.0,1046.0,0.073860430140139
2023,11,REG,2023_11_ARI_HOU,ARI,HOU,2023-11-14T12:00:00.000000+0000,POSTGAME_ACTUAL_STARTER_IDENTITY_ONLY,build_qb_pregame_features,00-0035228,00-0039163,0.02154957905735521,0.07921338466244955,2172.0,337.0,0.05766380560509434
2023,11,REG,2023_11_CHI_DET,CHI,DET,2023-11-14T12:00:00.000000+0000,POSTGAME_ACTUAL_STARTER_IDENTITY_ONLY,build_qb_pregame_features,00-0038416,00-0033106,-0.09631268334328104,0.08831250213834987,148.0,3460.0,0.18462518548163093
2023,11,REG,2023_11_CIN_BAL,CIN,BAL,2023-11-14T12:00:00.000000+0000,POSTGAME_ACTUAL_STARTER_IDENTITY_ONLY,build_qb_pregame_features,00-0036442,00-0034796,0.10240996526850969,0.0856669397495668,2304.0,2242.0,-0.016743025518942897
2023,11,REG,2023_11_DAL_CAR,DAL,CAR,2023-11-14T12:00:00.000000+0000,POSTGAME_ACTUAL_STARTER_IDENTITY_ONLY,build_qb_pregame_features,00-0033077,00-0039150,0.12071949262375835,-0.16026637585425835,2982.0,319.0,-0.2809858684780167
2023,11,REG,2023_11_LAC_GB,LAC,GB,2023-11-14T12:00:00.000000+0000,POSTGAME_ACTUAL_STARTER_IDENTITY_ONLY,build_qb_pregame_features,00-0036355,00-0036264,0.10746211181421465,-0.014004133200544819,2455.0,405.0,-0.12146624501475947
2023,11,REG,2023_11_LV_MIA,LV,MIA,2023-11-14T12:00:00.000000+0000,POSTGAME_ACTUAL_STARTER_IDENTITY_ONLY,build_qb_pregame_features,00-0038579,00-0036212,-0.058894077810317774,0.10999228790378071,114.0,1461.0,0.16888636571409849
2023,11,REG,2023_11_MIN_DEN,MIN,DEN,2023-11-14T12:00:00.000000+0000,POSTGAME_ACTUAL_STARTER_IDENTITY_ONLY,build_qb_pregame_features,00-0033949,00-0029263,-0.11394564124476765,0.0631445408416591,442.0,3037.0,0.17709018208642674
2023,11,REG,2023_11_NYG_WAS,NYG,WAS,2023-11-14T12:00:00.000000+0000,POSTGAME_ACTUAL_STARTER_IDENTITY_ONLY,build_qb_pregame_features,00-0038476,00-0037077,-0.1447148860563926,-0.04216778651303485,67.0,466.0,0.10254709954335775
2023,11,REG,2023_11_NYJ_BUF,NYJ,BUF,2023-11-14T12:00:00.000000+0000,POSTGAME_ACTUAL_STARTER_IDENTITY_ONLY,build_qb_pregame_features,00-0037013,00-0034857,-0.1725341549894796,0.10752888975740642,1031.0,3409.0,0.28006304474688604
2023,11,REG,2023_11_PHI_KC,PHI,KC,2023-11-14T12:00:00.000000+0000,POSTGAME_ACTUAL_STARTER_IDENTITY_ONLY,build_qb_pregame_features,00-0036389,00-0033873,0.07021761055325966,0.2508098508184039,1580.0,3976.0,0.18059224026514425
2023,11,REG,2023_11_PIT_CLE,PIT,CLE,2023-11-14T12:00:00.000000+0000,POSTGAME_ACTUAL_STARTER_IDENTITY_ONLY,build_qb_pregame_features,00-0038102,00-0038583,-0.0600597881930886,-0.1340828609533299,687.0,41.0,-0.07402307276024131
2023,11,REG,2023_11_SEA_LA,SEA,LAR,2023-11-14T12:00:00.000000+0000,POSTGAME_ACTUAL_STARTER_IDENTITY_ONLY,build_qb_pregame_features,00-0030565,00-0026498,0.013893326798145868,0.09211381926620837,1094.0,2877.0,0.07822049246806251
2023,11,REG,2023_11_TB_SF,TB,SF,2023-11-14T12:00:00.000000+0000,POSTGAME_ACTUAL_STARTER_IDENTITY_ONLY,build_qb_pregame_features,00-0034855,00-0037834,0.038357693952051734,0.16704360418242395,2822.0,514.0,0.1286859102303722
2023,11,REG,2023_11_TEN_JAX,TEN,JAX,2023-11-14T12:00:00.000000+0000,POSTGAME_ACTUAL_STARTER_IDENTITY_ONLY,build_qb_pregame_features,00-0039152,00-0036971,-0.05863031102936839,-0.0023714380656695887,117.0,1659.0,0.056258872963698796
2023,12,REG,2023_12_BAL_LAC,BAL,LAC,2023-11-21T12:00:00.000000+0000,POSTGAME_ACTUAL_STARTER_IDENTITY_ONLY,build_qb_pregame_features,00-0034796,00-0036355,0.08789386559820989,0.1078178333664158,2271.0,2493.0,0.019923967768205916
2023,12,REG,2023_12_BUF_PHI,BUF,PHI,2023-11-21T12:00:00.000000+0000,POSTGAME_ACTUAL_STARTER_IDENTITY_ONLY,build_qb_pregame_features,00-0034857,00-0036389,0.10987313196511242,0.06775075685447564,3442.0,1607.0,-0.04212237511063678
2023,12,REG,2023_12_CAR_TEN,CAR,TEN,2023-11-21T12:00:00.000000+0000,POSTGAME_ACTUAL_STARTER_IDENTITY_ONLY,build_qb_pregame_features,00-0039150,00-0039152,-0.18000658035605305,-0.048282509877959165,355.0,136.0,0.13172407047809387
2023,12,REG,2023_12_CHI_MIN,CHI,MIN,2023-11-21T12:00:00.000000+0000,POSTGAME_ACTUAL_STARTER_IDENTITY_ONLY,build_qb_pregame_features,00-0036945,00-0033949,-0.13305364484934074,-0.1071282551637342,890.0,476.0,0.025925389685606537
2023,12,REG,2023_12_CLE_DEN,CLE,DEN,2023-11-21T12:00:00.000000+0000,POSTGAME_ACTUAL_STARTER_IDENTITY_ONLY,build_qb_pregame_features,00-0038583,00-0029263,-0.14322315865032884,0.0628743713862855,85.0,3074.0,0.20609753003661435
2023,12,REG,2023_12_GB_DET,GB,DET,2023-11-21T12:00:00.000000+0000,POSTGAME_ACTUAL_STARTER_IDENTITY_ONLY,build_qb_pregame_features,00-0036264,00-0033106,0.002040788064292781,0.08715848429293137,448.0,3497.0,0.08511769622863859
2023,12,REG,2023_12_JAX_HOU,JAX,HOU,2023-11-21T12:00:00.000000+0000,POSTGAME_ACTUAL_STARTER_IDENTITY_ONLY,build_qb_pregame_features,00-0036971,00-0039163,0.00636349187937192,0.08030411339668835,1692.0,377.0,0.07394062151731642
2023,12,REG,2023_12_KC_LV,KC,LV,2023-11-21T12:00:00.000000+0000,POSTGAME_ACTUAL_STARTER_IDENTITY_ONLY,build_qb_pregame_features,00-0033873,00-0038579,0.2462605911824809,-0.07669563090738478,4020.0,157.0,-0.3229562220898657
2023,12,REG,2023_12_LA_ARI,LAR,ARI,2023-11-21T12:00:00.000000+0000,POSTGAME_ACTUAL_STARTER_IDENTITY_ONLY,build_qb_pregame_features,00-0026498,00-0035228,0.08964881746928016,0.018575290904831697,2909.0,2205.0,-0.07107352656444846
2023,12,REG,2023_12_MIA_NYJ,MIA,NYJ,2023-11-21T12:00:00.000000+0000,POSTGAME_ACTUAL_STARTER_IDENTITY_ONLY,build_qb_pregame_features,00-0036212,00-0034177,0.11019214378783615,-0.08496899571642003,1501.0,122.0,-0.19516113950425618
2023,12,REG,2023_12_NE_NYG,NE,NYG,2023-11-21T12:00:00.000000+0000,POSTGAME_ACTUAL_STARTER_IDENTITY_ONLY,build_qb_pregame_features,00-0036972,00-0038476,-0.01644509687402858,-0.12269667245275467,1411.0,102.0,-0.1062515755787261
2023,12,REG,2023_12_NO_ATL,NO,ATL,2023-11-21T12:00:00.000000+0000,POSTGAME_ACTUAL_STARTER_IDENTITY_ONLY,build_qb_pregame_features,00-0031280,00-0038122,0.06207625046219018,-0.0487296427822089,3296.0,395.0,-0.11080589324439907
2023,12,REG,2023_12_PIT_CIN,PIT,CIN,2023-11-21T12:00:00.000000+0000,POSTGAME_ACTUAL_STARTER_IDENTITY_ONLY,build_qb_pregame_features,00-0038102,00-0035100,-0.07009256470396216,-0.07204544022519005,718.0,18.0,-0.001952875521227887
2023,12,REG,2023_12_SF_SEA,SF,SEA,2023-11-21T12:00:00.000000+0000,POSTGAME_ACTUAL_STARTER_IDENTITY_ONLY,build_qb_pregame_features,00-0037834,00-0030565,0.18015912043507656,0.017520664179410495,543.0,1130.0,-0.16263845625566606
2023,12,REG,2023_12_TB_IND,TB,IND,2023-11-21T12:00:00.000000+0000,POSTGAME_ACTUAL_STARTER_IDENTITY_ONLY,build_qb_pregame_features,00-0034855,00-0035289,0.03487068735107858,0.0060255898239518785,2871.0,1275.0,-0.028845097527126703
2023,12,REG,2023_12_WAS_DAL,WAS,DAL,2023-11-21T12:00:00.000000+0000,POSTGAME_ACTUAL_STARTER_IDENTITY_ONLY,build_qb_pregame_features,00-0037077,00-0033077,-0.05131754394907913,0.12169864913654899,515.0,3020.0,0.1730161930856281
2023,13,REG,2023_13_ARI_PIT,ARI,PIT,2023-11-28T12:00:00.000000+0000,POSTGAME_ACTUAL_STARTER_IDENTITY_ONLY,build_qb_pregame_features,00-0035228,00-0038102,0.012638831765381671,-0.055761739463166204,2254.0,753.0,-0.06840057122854787
2023,13,REG,2023_13_ATL_NYJ,ATL,NYJ,2023-11-28T12:00:00.000000+0000,POSTGAME_ACTUAL_STARTER_IDENTITY_ONLY,build_qb_pregame_features,00-0038122,00-0032156,-0.051549239585007914,-0.07333593537570411,416.0,233.0,-0.021786695790696198
2023,13,REG,2023_13_CAR_TB,CAR,TB,2023-11-28T12:00:00.000000+0000,POSTGAME_ACTUAL_STARTER_IDENTITY_ONLY,build_qb_pregame_features,00-0039150,00-0034855,-0.1778622023851522,0.0323977375544253,390.0,2907.0,0.2102599399395775
2023,13,REG,2023_13_CIN_JAX,CIN,JAX,2023-11-28T12:00:00.000000+0000,POSTGAME_ACTUAL_STARTER_IDENTITY_ONLY,build_qb_pregame_features,00-0035100,00-0036971,-0.07359143715031621,0.012872527616414359,48.0,1730.0,0.08646396476673057
2023,13,REG,2023_13_CLE_LA,CLE,LAR,2023-11-28T12:00:00.000000+0000,POSTGAME_ACTUAL_STARTER_IDENTITY_ONLY,build_qb_pregame_features,00-0026158,00-0026498,-0.02845243650779429,0.09306214284213449,1069.0,2942.0,0.12151457934992878
2023,13,REG,2023_13_DEN_HOU,DEN,HOU,2023-11-28T12:00:00.000000+0000,POSTGAME_ACTUAL_STARTER_IDENTITY_ONLY,build_qb_pregame_features,00-0029263,00-0039163,0.06381593183311313,0.07698216118092983,3097.0,417.0,0.013166229347816708
2023,13,REG,2023_13_DET_NO,DET,NO,2023-11-28T12:00:00.000000+0000,POSTGAME_ACTUAL_STARTER_IDENTITY_ONLY,build_qb_pregame_features,00-0033106,00-0031280,0.08496367598536245,0.061006883805350964,3544.0,3335.0,-0.023956792180011482
2023,13,REG,2023_13_IND_TEN,IND,TEN,2023-11-28T12:00:00.000000+0000,POSTGAME_ACTUAL_STARTER_IDENTITY_ONLY,build_qb_pregame_features,00-0035289,00-0039152,0.005786951426288815,-0.04488420408452168,1318.0,165.0,-0.050671155510810494
2023,13,REG,2023_13_KC_GB,KC,GB,2023-11-28T12:00:00.000000+0000,POSTGAME_ACTUAL_STARTER_IDENTITY_ONLY,build_qb_pregame_features,00-0033873,00-0036264,0.24719172499641137,0.02031543124076075,4055.0,480.0,-0.22687629375565063
2023,13,REG,2023_13_LAC_NE,LAC,NE,2023-11-28T12:00:00.000000+0000,POSTGAME_ACTUAL_STARTER_IDENTITY_ONLY,build_qb_pregame_features,00-0036355,00-0038108,0.10182084284435282,-0.05656631296318977,2540.0,139.0,-0.1583871558075426
2023,13,REG,2023_13_MIA_WAS,MIA,WAS,2023-11-28T12:00:00.000000+0000,POSTGAME_ACTUAL_STARTER_IDENTITY_ONLY,build_qb_pregame_features,00-0036212,00-0037077,0.11071011981309156,-0.0637429970403899,1533.0,563.0,-0.17445311685348147
2023,13,REG,2023_13_SEA_DAL,SEA,DAL,2023-11-28T12:00:00.000000+0000,POSTGAME_ACTUAL_STARTER_IDENTITY_ONLY,build_qb_pregame_features,00-0030565,00-0033077,0.009703200671686155,0.12661371682673586,1163.0,3052.0,0.1169105161550497
2023,13,REG,2023_13_SF_PHI,SF,PHI,2023-11-28T12:00:00.000000+0000,POSTGAME_ACTUAL_STARTER_IDENTITY_ONLY,build_qb_pregame_features,00-0037834,00-0036389,0.17396902207470058,0.06660192483770608,574.0,1640.0,-0.1073670972369945
2023,14,REG,2023_14_BUF_KC,BUF,KC,2023-12-05T12:00:00.000000+0000,POSTGAME_ACTUAL_STARTER_IDENTITY_ONLY,build_qb_pregame_features,00-0034857,00-0033873,0.11040619767702245,0.24610876614224625,3494.0,4091.0,0.1357025684652238
2023,14,REG,2023_14_CAR_NO,CAR,NO,2023-12-05T12:00:00.000000+0000,POSTGAME_ACTUAL_STARTER_IDENTITY_ONLY,build_qb_pregame_features,00-0039150,00-0031280,-0.17622377238084175,0.06259287359341624,425.0,3359.0,0.238816645974258
2023,14,REG,2023_14_DEN_LAC,DEN,LAC,2023-12-05T12:00:00.000000+0000,POSTGAME_ACTUAL_STARTER_IDENTITY_ONLY,build_qb_pregame_features,00-0029263,00-0036355,0.05890769830711079,0.10115534482167983,3126.0,2577.0,0.04224764651456904
2023,14,REG,2023_14_DET_CHI,DET,CHI,2023-12-05T12:00:00.000000+0000,POSTGAME_ACTUAL_STARTER_IDENTITY_ONLY,build_qb_pregame_features,00-0033106,00-0036945,0.0863586537579053,-0.13324322356839674,3570.0,930.0,-0.21960187732630204
2023,14,REG,2023_14_GB_NYG,GB,NYG,2023-12-05T12:00:00.000000+0000,POSTGAME_ACTUAL_STARTER_IDENTITY_ONLY,build_qb_pregame_features,00-0036264,00-0038476,0.03934286252961737,-0.11710677007133921,518.0,133.0,-0.15644963260095657
2023,14,REG,2023_14_HOU_NYJ,HOU,NYJ,2023-12-05T12:00:00.000000+0000,POSTGAME_ACTUAL_STARTER_IDENTITY_ONLY,build_qb_pregame_features,00-0039163,00-0037013,0.07450582976196667,-0.17588137135919504,449.0,1051.0,-0.2503872011211617
2023,14,REG,2023_14_IND_CIN,IND,CIN,2023-12-05T12:00:00.000000+0000,POSTGAME_ACTUAL_STARTER_IDENTITY_ONLY,build_qb_pregame_features,00-0035289,00-0035100,0.006892646451577325,-0.0025057867860249147,1363.0,87.0,-0.00939843323760224
2023,14,REG,2023_14_JAX_CLE,JAX,CLE,2023-12-05T12:00:00.000000+0000,POSTGAME_ACTUAL_STARTER_IDENTITY_ONLY,build_qb_pregame_features,00-0036971,00-0026158,0.01781035845762414,-0.033269608025108366,1761.0,1115.0,-0.051079966482732504
2023,14,REG,2023_14_LA_BAL,LAR,BAL,2023-12-05T12:00:00.000000+0000,POSTGAME_ACTUAL_STARTER_IDENTITY_ONLY,build_qb_pregame_features,00-0026498,00-0034796,0.09367180997548198,0.08527372945499526,2979.0,2305.0,-0.008398080520486725
2023,14,REG,2023_14_MIN_LV,MIN,LV,2023-12-05T12:00:00.000000+0000,POSTGAME_ACTUAL_STARTER_IDENTITY_ONLY,build_qb_pregame_features,00-0033949,00-0038579,-0.1336915600922531,-0.06018683957292739,510.0,191.0,0.07350472051932572
2023,14,REG,2023_14_NE_PIT,NE,PIT,2023-12-05T12:00:00.000000+0000,POSTGAME_ACTUAL_STARTER_IDENTITY_ONLY,build_qb_pregame_features,00-0038108,00-0033869,-0.08686209492174242,0.025327619486620902,169.0,1652.0,0.11218971440836333
2023,14,REG,2023_14_PHI_DAL,PHI,DAL,2023-12-05T12:00:00.000000+0000,POSTGAME_ACTUAL_STARTER_IDENTITY_ONLY,build_qb_pregame_features,00-0036389,00-0033077,0.06977451167602174,0.12925255943194247,1688.0,3097.0,0.059478047755920735
2023,14,REG,2023_14_SEA_SF,SEA,SF,2023-12-05T12:00:00.000000+0000,POSTGAME_ACTUAL_STARTER_IDENTITY_ONLY,build_qb_pregame_features,00-0030565,00-0037834,0.01798084750032034,0.19412477276533827,1204.0,603.0,0.17614392526501793
2023,14,REG,2023_14_TB_ATL,TB,ATL,2023-12-05T12:00:00.000000+0000,POSTGAME_ACTUAL_STARTER_IDENTITY_ONLY,build_qb_pregame_features,00-0034855,00-0038122,0.03087542242197956,-0.05469774954804042,2937.0,446.0,-0.08557317197001998
2023,14,REG,2023_14_TEN_MIA,TEN,MIA,2023-12-05T12:00:00.000000+0000,POSTGAME_ACTUAL_STARTER_IDENTITY_ONLY,build_qb_pregame_features,00-0039152,00-0036212,-0.04094415380868442,0.12060798340485891,204.0,1557.0,0.16155213721354333
2023,15,REG,2023_15_ATL_CAR,ATL,CAR,2023-12-12T12:00:00.000000+0000,POSTGAME_ACTUAL_STARTER_IDENTITY_ONLY,build_qb_pregame_features,00-0038122,00-0039150,-0.05472085038694671,-0.21023673335988338,489.0,465.0,-0.15551588297293667
2023,15,REG,2023_15_BAL_JAX,BAL,JAX,2023-12-12T12:00:00.000000+0000,POSTGAME_ACTUAL_STARTER_IDENTITY_ONLY,build_qb_pregame_features,00-0034796,00-0036971,0.08876058129184715,0.013928750907673705,2350.0,1815.0,-0.07483183038417345
2023,15,REG,2023_15_CHI_CLE,CHI,CLE,2023-12-12T12:00:00.000000+0000,POSTGAME_ACTUAL_STARTER_IDENTITY_ONLY,build_qb_pregame_features,00-0036945,00-0026158,-0.12733958699137307,-0.03336492966292587,966.0,1161.0,0.0939746573284472
2023,15,REG,2023_15_DAL_BUF,DAL,BUF,2023-12-12T12:00:00.000000+0000,POSTGAME_ACTUAL_STARTER_IDENTITY_ONLY,build_qb_pregame_features,00-0033077,00-0034857,0.1276631536907878,0.1085919039980579,3139.0,3539.0,-0.019071249692729886
2023,15,REG,2023_15_DEN_DET,DEN,DET,2023-12-12T12:00:00.000000+0000,POSTGAME_ACTUAL_STARTER_IDENTITY_ONLY,build_qb_pregame_features,00-0029263,00-0033106,0.05760543187328226,0.0839946626418396,3161.0,3609.0,0.026389230768557335
2023,15,REG,2023_15_HOU_TEN,HOU,TEN,2023-12-12T12:00:00.000000+0000,POSTGAME_ACTUAL_STARTER_IDENTITY_ONLY,build_qb_pregame_features,00-0028986,00-0039152,-0.04482934620877072,-0.018682552305457033,976.0,243.0,0.02614679390331369
2023,15,REG,2023_15_KC_NE,KC,NE,2023-12-12T12:00:00.000000+0000,POSTGAME_ACTUAL_STARTER_IDENTITY_ONLY,build_qb_pregame_features,00-0033873,00-0038108,0.24289443985551795,-0.07804931381989706,4135.0,199.0,-0.320943753675415
2023,15,REG,2023_15_LAC_LV,LAC,LV,2023-12-12T12:00:00.000000+0000,POSTGAME_ACTUAL_STARTER_IDENTITY_ONLY,build_qb_pregame_features,00-0035282,00-0038579,-0.07024758179425072,-0.09454442583780232,27.0,227.0,-0.02429684404355159
2023,15,REG,2023_15_MIN_CIN,MIN,CIN,2023-12-12T12:00:00.000000+0000,POSTGAME_ACTUAL_STARTER_IDENTITY_ONLY,build_qb_pregame_features,00-0033319,00-0035100,0.046795432610688165,0.02092945547162519,704.0,111.0,-0.025865977139062975
2023,15,REG,2023_15_NYG_NO,NYG,NO,2023-12-12T12:00:00.000000+0000,POSTGAME_ACTUAL_STARTER_IDENTITY_ONLY,build_qb_pregame_features,00-0038476,00-0031280,-0.09253509612236721,0.059422877247992584,154.0,3386.0,0.1519579733703598
2023,15,REG,2023_15_NYJ_MIA,NYJ,MIA,2023-12-12T12:00:00.000000+0000,POSTGAME_ACTUAL_STARTER_IDENTITY_ONLY,build_qb_pregame_features,00-0037013,00-0036212,-0.16479752119305618,0.1146865008126984,1091.0,1595.0,0.2794840220057546
2023,15,REG,2023_15_PHI_SEA,PHI,SEA,2023-12-12T12:00:00.000000+0000,POSTGAME_ACTUAL_STARTER_IDENTITY_ONLY,build_qb_pregame_features,00-0036389,00-0030565,0.07007887582159918,0.01798084750032034,1716.0,1204.0,-0.05209802832127884
2023,15,REG,2023_15_PIT_IND,PIT,IND,2023-12-12T12:00:00.000000+0000,POSTGAME_ACTUAL_STARTER_IDENTITY_ONLY,build_qb_pregame_features,00-0033869,00-0035289,0.016837315202023643,0.007091784133145855,1689.0,1405.0,-0.009745531068877787
2023,15,REG,2023_15_SF_ARI,SF,ARI,2023-12-12T12:00:00.000000+0000,POSTGAME_ACTUAL_STARTER_IDENTITY_ONLY,build_qb_pregame_features,00-0037834,00-0035228,0.20181170503822543,0.012961869742075059,633.0,2279.0,-0.18884983529615038
2023,15,REG,2023_15_TB_GB,TB,GB,2023-12-12T12:00:00.000000+0000,POSTGAME_ACTUAL_STARTER_IDENTITY_ONLY,build_qb_pregame_features,00-0034855,00-0036264,0.03136363670204698,0.03706507564928612,2967.0,559.0,0.0057014389472391375
2023,15,REG,2023_15_WAS_LA,WAS,LAR,2023-12-12T12:00:00.000000+0000,POSTGAME_ACTUAL_STARTER_IDENTITY_ONLY,build_qb_pregame_features,00-0037077,00-0026498,-0.07711155104237642,0.094157750506615,589.0,3022.0,0.17126930154899142
2023,16,REG,2023_16_ARI_CHI,ARI,CHI,2023-12-19T12:00:00.000000+0000,POSTGAME_ACTUAL_STARTER_IDENTITY_ONLY,build_qb_pregame_features,00-0035228,00-0036945,0.009916830389982437,-0.13574325866936984,2321.0,1009.0,-0.1456600890593523
2023,16,REG,2023_16_BAL_SF,BAL,SF,2023-12-19T12:00:00.000000+0000,POSTGAME_ACTUAL_STARTER_IDENTITY_ONLY,build_qb_pregame_features,00-0034796,00-0037834,0.08657861051140929,0.21704266193004584,2377.0,658.0,0.13046405141863654
2023,16,REG,2023_16_BUF_LAC,BUF,LAC,2023-12-19T12:00:00.000000+0000,POSTGAME_ACTUAL_STARTER_IDENTITY_ONLY,build_qb_pregame_features,00-0034857,00-0035282,0.10801991386598543,-0.09542280097933853,3555.0,62.0,-0.20344271484532395
2023,16,REG,2023_16_CIN_PIT,CIN,PIT,2023-12-19T12:00:00.000000+0000,POSTGAME_ACTUAL_STARTER_IDENTITY_ONLY,build_qb_pregame_features,00-0035100,00-0034771,0.04373423360195024,-0.050458476414059705,157.0,404.0,-0.09419271001600994
2023,16,REG,2023_16_CLE_HOU,CLE,HOU,2023-12-19T12:00:00.000000+0000,POSTGAME_ACTUAL_STARTER_IDENTITY_ONLY,build_qb_pregame_features,00-0033537,00-0039163,0.0911730366953217,0.05135323682354251,2217.0,476.0,-0.03981979987177919
2023,16,REG,2023_16_DAL_MIA,DAL,MIA,2023-12-19T12:00:00.000000+0000,POSTGAME_ACTUAL_STARTER_IDENTITY_ONLY,build_qb_pregame_features,00-0033077,00-0036212,0.12278437347664657,0.11778148314010264,3176.0,1622.0,-0.0050028903365439276
2023,16,REG,2023_16_DET_MIN,DET,MIN,2023-12-19T12:00:00.000000+0000,POSTGAME_ACTUAL_STARTER_IDENTITY_ONLY,build_qb_pregame_features,00-0033106,00-0033319,0.08710388614262815,0.05666451598588909,3645.0,740.0,-0.03043937015673906
2023,16,REG,2023_16_GB_CAR,GB,CAR,2023-12-19T12:00:00.000000+0000,POSTGAME_ACTUAL_STARTER_IDENTITY_ONLY,build_qb_pregame_features,00-0036264,00-0039150,0.03989909637452231,-0.20786710356108215,600.0,492.0,-0.24776619993560445
2023,16,REG,2023_16_IND_ATL,IND,ATL,2023-12-19T12:00:00.000000+0000,POSTGAME_ACTUAL_STARTER_IDENTITY_ONLY,build_qb_pregame_features,00-0035289,00-0031800,0.006571113341984394,-0.05310252320499152,1436.0,1014.0,-0.05967363654697592
2023,16,REG,2023_16_JAX_TB,JAX,TB,2023-12-19T12:00:00.000000+0000,POSTGAME_ACTUAL_STARTER_IDENTITY_ONLY,build_qb_pregame_features,00-0036971,00-0034855,0.007697382109424879,0.037653424575068054,1859.0,3000.0,0.029956042465643175
2023,16,REG,2023_16_LV_KC,LV,KC,2023-12-19T12:00:00.000000+0000,POSTGAME_ACTUAL_STARTER_IDENTITY_ONLY,build_qb_pregame_features,00-0038579,00-0033873,-0.06600188089802454,0.24124262988882086,262.0,4175.0,0.3072445107868454
2023,16,REG,2023_16_NE_DEN,NE,DEN,2023-12-19T12:00:00.000000+0000,POSTGAME_ACTUAL_STARTER_IDENTITY_ONLY,build_qb_pregame_features,00-0038108,00-0029263,-0.09842975602540072,0.056296867049596584,234.0,3195.0,0.1547266230749973
2023,16,REG,2023_16_NO_LA,NO,LAR,2023-12-19T12:00:00.000000+0000,POSTGAME_ACTUAL_STARTER_IDENTITY_ONLY,build_qb_pregame_features,00-0031280,00-0026498,0.06172410022661137,0.09548460429589224,3415.0,3058.0,0.03376050406928087
2023,16,REG,2023_16_NYG_PHI,NYG,PHI,2023-12-19T12:00:00.000000+0000,POSTGAME_ACTUAL_STARTER_IDENTITY_ONLY,build_qb_pregame_features,00-0038476,00-0036389,-0.11709303303018938,0.06981492909389653,195.0,1747.0,0.1869079621240859
2023,16,REG,2023_16_SEA_TEN,SEA,TEN,2023-12-19T12:00:00.000000+0000,POSTGAME_ACTUAL_STARTER_IDENTITY_ONLY,build_qb_pregame_features,00-0030565,00-0029701,0.01798084750032034,0.06647781693636137,1204.0,2361.0,0.04849696943604104
2023,16,REG,2023_16_WAS_NYJ,WAS,NYJ,2023-12-19T12:00:00.000000+0000,POSTGAME_ACTUAL_STARTER_IDENTITY_ONLY,build_qb_pregame_features,00-0037077,00-0032156,-0.09006381639281986,-0.09784917591680942,616.0,277.0,-0.007785359523989552
2023,17,REG,2023_17_ARI_PHI,ARI,PHI,2023-12-26T12:00:00.000000+0000,POSTGAME_ACTUAL_STARTER_IDENTITY_ONLY,build_qb_pregame_features,00-0035228,00-0036389,0.007150934404704696,0.0721878908845166,2361.0,1786.0,0.0650369564798119
2023,17,REG,2023_17_ATL_CHI,ATL,CHI,2023-12-26T12:00:00.000000+0000,POSTGAME_ACTUAL_STARTER_IDENTITY_ONLY,build_qb_pregame_features,00-0031800,00-0036945,-0.04554699859101659,-0.135544043425344,1048.0,1037.0,-0.08999704483432742
2023,17,REG,2023_17_CAR_JAX,CAR,JAX,2023-12-26T12:00:00.000000+0000,POSTGAME_ACTUAL_STARTER_IDENTITY_ONLY,build_qb_pregame_features,00-0039150,00-0033936,-0.1823206296141781,-0.0608289546864893,530.0,346.0,0.12149167492768881
2023,17,REG,2023_17_CIN_KC,CIN,KC,2023-12-26T12:00:00.000000+0000,POSTGAME_ACTUAL_STARTER_IDENTITY_ONLY,build_qb_pregame_features,00-0035100,00-0033873,0.022106133816292253,0.23571255418595805,202.0,4223.0,0.2136064203696658
2023,17,REG,2023_17_DET_DAL,DET,DAL,2023-12-26T12:00:00.000000+0000,POSTGAME_ACTUAL_STARTER_IDENTITY_ONLY,build_qb_pregame_features,00-0033106,00-0033077,0.08988668962114368,0.12388521446795227,3686.0,3212.0,0.033998524846808584
2023,17,REG,2023_17_GB_MIN,GB,MIN,2023-12-26T12:00:00.000000+0000,POSTGAME_ACTUAL_STARTER_IDENTITY_ONLY,build_qb_pregame_features,00-0036264,00-0038598,0.051596416614852585,-0.035957850835995724,629.0,11.0,-0.08755426745084831
2023,17,REG,2023_17_LAC_DEN,LAC,DEN,2023-12-26T12:00:00.000000+0000,POSTGAME_ACTUAL_STARTER_IDENTITY_ONLY,build_qb_pregame_features,00-0035282,00-0035264,-0.08911486229135196,-0.11027897765956765,100.0,143.0,-0.02116411536821569
2023,17,REG,2023_17_LA_NYG,LAR,NYG,2023-12-26T12:00:00.000000+0000,POSTGAME_ACTUAL_STARTER_IDENTITY_ONLY,build_qb_pregame_features,00-0026498,00-0028118,0.09909791106919988,-0.07784498344627999,3093.0,427.0,-0.17694289451547987
2023,17,REG,2023_17_LV_IND,LV,IND,2023-12-26T12:00:00.000000+0000,POSTGAME_ACTUAL_STARTER_IDENTITY_ONLY,build_qb_pregame_features,00-0038579,00-0035289,-0.08703098521736215,0.002113333378567165,285.0,1479.0,0.0891443185959293
2023,17,REG,2023_17_MIA_BAL,MIA,BAL,2023-12-26T12:00:00.000000+0000,POSTGAME_ACTUAL_STARTER_IDENTITY_ONLY,build_qb_pregame_features,00-0036212,00-0034796,0.11928369388620516,0.08723440000876122,1660.0,2414.0,-0.03204929387744394
2023,17,REG,2023_17_NE_BUF,NE,BUF,2023-12-26T12:00:00.000000+0000,POSTGAME_ACTUAL_STARTER_IDENTITY_ONLY,build_qb_pregame_features,00-0038108,00-0034857,-0.08529539388732191,0.11003748953555956,269.0,3577.0,0.19533288342288146
2023,17,REG,2023_17_NO_TB,NO,TB,2023-12-26T12:00:00.000000+0000,POSTGAME_ACTUAL_STARTER_IDENTITY_ONLY,build_qb_pregame_features,00-0031280,00-0034855,0.06149534668773771,0.04121795436149403,3457.0,3037.0,-0.020277392326243683
2023,17,REG,2023_17_NYJ_CLE,NYJ,CLE,2023-12-26T12:00:00.000000+0000,POSTGAME_ACTUAL_STARTER_IDENTITY_ONLY,build_qb_pregame_features,00-0032156,00-0026158,-0.11817546511806427,-0.028426711876646794,326.0,1251.0,0.08974875324141748
2023,17,REG,2023_17_PIT_SEA,PIT,SEA,2023-12-26T12:00:00.000000+0000,POSTGAME_ACTUAL_STARTER_IDENTITY_ONLY,build_qb_pregame_features,00-0034771,00-0030565,-0.036076374944343806,0.024898880590151988,432.0,1243.0,0.060975255534495794
2023,17,REG,2023_17_SF_WAS,SF,WAS,2023-12-26T12:00:00.000000+0000,POSTGAME_ACTUAL_STARTER_IDENTITY_ONLY,build_qb_pregame_features,00-0037834,00-0037077,0.18991833346821915,-0.11560426495989884,692.0,639.0,-0.305522598428118
2023,17,REG,2023_17_TEN_HOU,TEN,HOU,2023-12-26T12:00:00.000000+0000,POSTGAME_ACTUAL_STARTER_IDENTITY_ONLY,build_qb_pregame_features,00-0039152,00-0039163,-0.02691714264753441,0.05135323682354251,276.0,476.0,0.07827037947107691
2023,18,REG,2023_18_ATL_NO,ATL,NO,2024-01-02T12:00:00.000000+0000,POSTGAME_ACTUAL_STARTER_IDENTITY_ONLY,build_qb_pregame_features,00-0038122,00-0033357,-0.052333946899883015,-0.05,513.0,0.0,0.002333946899883012
2023,18,REG,2023_18_BUF_MIA,BUF,MIA,2024-01-02T12:00:00.000000+0000,POSTGAME_ACTUAL_STARTER_IDENTITY_ONLY,build_qb_pregame_features,00-0034857,00-0036212,0.10782092510758408,0.11614536795721243,3608.0,1701.0,0.008324442849628355
2023,18,REG,2023_18_CHI_GB,CHI,GB,2024-01-02T12:00:00.000000+0000,POSTGAME_ACTUAL_STARTER_IDENTITY_ONLY,build_qb_pregame_features,00-0036945,00-0036264,-0.1275634268896319,0.06570639892244998,1072.0,662.0,0.19326982581208188
2023,18,REG,2023_18_CLE_CIN,CLE,CIN,2024-01-02T12:00:00.000000+0000,POSTGAME_ACTUAL_STARTER_IDENTITY_ONLY,build_qb_pregame_features,00-0032436,00-0035100,-0.0772593279372371,0.021086668664250824,405.0,241.0,0.09834599660148792
2023,18,REG,2023_18_DAL_WAS,DAL,WAS,2024-01-02T12:00:00.000000+0000,POSTGAME_ACTUAL_STARTER_IDENTITY_ONLY,build_qb_pregame_features,00-0033077,00-0037077,0.1256338821072569,-0.1228542586741242,3253.0,668.0,-0.2484881407813811
2023,18,REG,2023_18_DEN_LV,DEN,LV,2024-01-02T12:00:00.000000+0000,POSTGAME_ACTUAL_STARTER_IDENTITY_ONLY,build_qb_pregame_features,00-0035264,00-0038579,-0.08987007178909646,-0.06455526427887054,177.0,334.0,0.025314807510225926
2023,18,REG,2023_18_HOU_IND,HOU,IND,2024-01-02T12:00:00.000000+0000,POSTGAME_ACTUAL_STARTER_IDENTITY_ONLY,build_qb_pregame_features,00-0039163,00-0035289,0.05454033609043034,0.008829606166505008,509.0,1503.0,-0.04571072992392533
2023,18,REG,2023_18_JAX_TEN,JAX,TEN,2024-01-02T12:00:00.000000+0000,POSTGAME_ACTUAL_STARTER_IDENTITY_ONLY,build_qb_pregame_features,00-0036971,00-0029701,0.004983149809764243,0.06356156823267563,1891.0,2418.0,0.05857841842291139
2023,18,REG,2023_18_KC_LAC,KC,LAC,2024-01-02T12:00:00.000000+0000,POSTGAME_ACTUAL_STARTER_IDENTITY_ONLY,build_qb_pregame_features,00-0027948,00-0035282,-0.10783453578806797,-0.08099334315538467,148.0,139.0,0.026841192632683294
2023,18,REG,2023_18_LA_SF,LAR,SF,2024-01-02T12:00:00.000000+0000,POSTGAME_ACTUAL_STARTER_IDENTITY_ONLY,build_qb_pregame_features,00-0032950,00-0034869,-0.012259709897104057,-0.0778804323248289,2418.0,1931.0,-0.06562072242772485
2023,18,REG,2023_18_MIN_DET,MIN,DET,2024-01-02T12:00:00.000000+0000,POSTGAME_ACTUAL_STARTER_IDENTITY_ONLY,build_qb_pregame_features,00-0033319,00-0033106,0.054531680662104426,0.08841269268103817,803.0,3721.0,0.033881012018933745
2023,18,REG,2023_18_NYJ_NE,NYJ,NE,2024-01-02T12:00:00.000000+0000,POSTGAME_ACTUAL_STARTER_IDENTITY_ONLY,build_qb_pregame_features,00-0032156,00-0038108,-0.1263848255284529,-0.10243612701867455,373.0,298.0,0.02394869850977835
2023,18,REG,2023_18_PHI_NYG,PHI,NYG,2024-01-02T12:00:00.000000+0000,POSTGAME_ACTUAL_STARTER_IDENTITY_ONLY,build_qb_pregame_features,00-0036389,00-0028118,0.07730993561059664,-0.07700910660168389,1809.0,474.0,-0.15431904221228054
2023,18,REG,2023_18_PIT_BAL,PIT,BAL,2024-01-02T12:00:00.000000+0000,POSTGAME_ACTUAL_STARTER_IDENTITY_ONLY,build_qb_pregame_features,00-0034771,00-0035993,-0.019076539239482524,-0.07402893941095628,457.0,384.0,-0.054952400171473764
2023,18,REG,2023_18_SEA_ARI,SEA,ARI,2024-01-02T12:00:00.000000+0000,POSTGAME_ACTUAL_STARTER_IDENTITY_ONLY,build_qb_pregame_features,00-0030565,00-0035228,0.02925852830487324,0.010623925572689182,1277.0,2393.0,-0.018634602732184057
2023,18,REG,2023_18_TB_CAR,TB,CAR,2024-01-02T12:00:00.000000+0000,POSTGAME_ACTUAL_STARTER_IDENTITY_ONLY,build_qb_pregame_features,00-0034855,00-0039150,0.042614447229302986,-0.19919544987923535,3072.0,568.0,-0.24180989710853834
2023,19,WC,2023_19_CLE_HOU,CLE,HOU,2024-01-09T12:00:00.000000+0000,POSTGAME_ACTUAL_STARTER_IDENTITY_ONLY,build_qb_pregame_features,00-0026158,00-0039163,-0.023723537789447677,0.06791926407328838,1281.0,537.0,0.09164280186273606
2023,19,WC,2023_19_GB_DAL,GB,DAL,2024-01-09T12:00:00.000000+0000,POSTGAME_ACTUAL_STARTER_IDENTITY_ONLY,build_qb_pregame_features,00-0036264,00-0033077,0.07958178805228933,0.1308915516487125,695.0,3289.0,0.05130976359642317
2023,19,WC,2023_19_LA_DET,LAR,DET,2024-01-09T12:00:00.000000+0000,POSTGAME_ACTUAL_STARTER_IDENTITY_ONLY,build_qb_pregame_features,00-0026498,00-0033106,0.09829633223599828,0.09043360346127069,3131.0,3754.0,-0.007862728774727587
2023,19,WC,2023_19_MIA_KC,MIA,KC,2024-01-09T12:00:00.000000+0000,POSTGAME_ACTUAL_STARTER_IDENTITY_ONLY,build_qb_pregame_features,00-0036212,00-0033873,0.11512326449726867,0.23412562429975362,1728.0,4254.0,0.11900235980248494
2023,19,WC,2023_19_PHI_TB,PHI,TB,2024-01-09T12:00:00.000000+0000,POSTGAME_ACTUAL_STARTER_IDENTITY_ONLY,build_qb_pregame_features,00-0036389,00-0034855,0.07170279510226638,0.03984512810300951,1827.0,3107.0,-0.031857666999256865
2023,19,WC,2023_19_PIT_BUF,PIT,BUF,2024-01-09T12:00:00.000000+0000,POSTGAME_ACTUAL_STARTER_IDENTITY_ONLY,build_qb_pregame_features,00-0034771,00-0034857,-0.017766145316753655,0.10770149656864927,480.0,3649.0,0.12546764188540294
2023,20,DIV,2023_20_GB_SF,GB,SF,2024-01-16T12:00:00.000000+0000,POSTGAME_ACTUAL_STARTER_IDENTITY_ONLY,build_qb_pregame_features,00-0036264,00-0037834,0.10369946654122363,0.19758010108206855,716.0,720.0,0.09388063454084493
2023,20,DIV,2023_20_HOU_BAL,HOU,BAL,2024-01-16T12:00:00.000000+0000,POSTGAME_ACTUAL_STARTER_IDENTITY_ONLY,build_qb_pregame_features,00-0039163,00-0034796,0.08512576231482998,0.09765761680804917,558.0,2436.0,0.012531854493219197
2023,20,DIV,2023_20_KC_BUF,KC,BUF,2024-01-16T12:00:00.000000+0000,POSTGAME_ACTUAL_STARTER_IDENTITY_ONLY,build_qb_pregame_features,00-0033873,00-0034857,0.23376799840625567,0.10776256812308566,4295.0,3681.0,-0.12600543028317002
2023,20,DIV,2023_20_TB_DET,TB,DET,2024-01-16T12:00:00.000000+0000,POSTGAME_ACTUAL_STARTER_IDENTITY_ONLY,build_qb_pregame_features,00-0034855,00-0033106,0.04267170564835363,0.09242978505276844,3147.0,3784.0,0.04975807940441481
2023,21,CON,2023_21_DET_SF,DET,SF,2024-01-23T12:00:00.000000+0000,POSTGAME_ACTUAL_STARTER_IDENTITY_ONLY,build_qb_pregame_features,00-0033106,00-0037834,0.09340132812507684,0.19670166508132658,3829.0,760.0,0.10330033695624974
2023,21,CON,2023_21_KC_BAL,KC,BAL,2024-01-23T12:00:00.000000+0000,POSTGAME_ACTUAL_STARTER_IDENTITY_ONLY,build_qb_pregame_features,00-0033873,00-0034796,0.23574698512707035,0.09817689262837233,4318.0,2461.0,-0.137570092498698
2023,22,SB,2023_22_SF_KC,SF,KC,2024-02-06T12:00:00.000000+0000,POSTGAME_ACTUAL_STARTER_IDENTITY_ONLY,build_qb_pregame_features,00-0037834,00-0033873,0.1968363381902994,0.2353431958310473,793.0,4359.0,0.038506857640747905
2024,1,REG,2024_01_ARI_BUF,ARI,BUF,2024-09-03T12:00:00.000000+0000,POSTGAME_ACTUAL_STARTER_IDENTITY_ONLY,build_qb_pregame_features,00-0035228,00-0034857,0.016166980011985917,0.10817665620800923,2424.0,3720.0,0.09200967619602332
2024,1,REG,2024_01_BAL_KC,BAL,KC,2024-09-03T12:00:00.000000+0000,POSTGAME_ACTUAL_STARTER_IDENTITY_ONLY,build_qb_pregame_features,00-0034796,00-0033873,0.09496110790676164,0.23419704264435295,2502.0,4408.0,0.13923593473759133
2024,1,REG,2024_01_CAR_NO,CAR,NO,2024-09-03T12:00:00.000000+0000,POSTGAME_ACTUAL_STARTER_IDENTITY_ONLY,build_qb_pregame_features,00-0039150,00-0031280,-0.20111320518070544,0.06692110840053697,589.0,3520.0,0.2680343135812424
2024,1,REG,2024_01_DAL_CLE,DAL,CLE,2024-09-03T12:00:00.000000+0000,POSTGAME_ACTUAL_STARTER_IDENTITY_ONLY,build_qb_pregame_features,00-0033077,00-0033537,0.12765187977529946,0.0911730366953217,3353.0,2217.0,-0.03647884307997776
2024,1,REG,2024_01_DEN_SEA,DEN,SEA,2024-09-03T12:00:00.000000+0000,POSTGAME_ACTUAL_STARTER_IDENTITY_ONLY,build_qb_pregame_features,00-0039732,00-0030565,-0.05,0.03331767211656919,0.0,1305.0,0.0833176721165692
2024,1,REG,2024_01_GB_PHI,GB,PHI,2024-09-03T12:00:00.000000+0000,POSTGAME_ACTUAL_STARTER_IDENTITY_ONLY,build_qb_pregame_features,00-0036264,00-0036389,0.09978623875037525,0.06899505879350952,750.0,1865.0,-0.030791179956865727
2024,1,REG,2024_01_HOU_IND,HOU,IND,2024-09-03T12:00:00.000000+0000,POSTGAME_ACTUAL_STARTER_IDENTITY_ONLY,build_qb_pregame_features,00-0039163,00-0039164,0.075910136485799,-0.016250595933019953,591.0,91.0,-0.09216073241881895
2024,1,REG,2024_01_JAX_MIA,JAX,MIA,2024-09-03T12:00:00.000000+0000,POSTGAME_ACTUAL_STARTER_IDENTITY_ONLY,build_qb_pregame_features,00-0036971,00-0036212,0.005667915678071551,0.10584553534856823,1934.0,1769.0,0.10017761967049668
2024,1,REG,2024_01_LA_DET,LAR,DET,2024-09-03T12:00:00.000000+0000,POSTGAME_ACTUAL_STARTER_IDENTITY_ONLY,build_qb_pregame_features,00-0026498,00-0033106,0.10267551279637327,0.09412546419749925,3169.0,3872.0,-0.008550048598874024
2024,1,REG,2024_01_LV_LAC,LV,LAC,2024-09-03T12:00:00.000000+0000,POSTGAME_ACTUAL_STARTER_IDENTITY_ONLY,build_qb_pregame_features,00-0035289,00-0036355,0.006660782782066912,0.09467998173811155,1528.0,2598.0,0.08801919895604464
2024,1,REG,2024_01_MIN_NYG,MIN,NYG,2024-09-03T12:00:00.000000+0000,POSTGAME_ACTUAL_STARTER_IDENTITY_ONLY,build_qb_pregame_features,00-0034869,00-0035710,-0.07446677750430641,-0.046549806699586166,1960.0,2149.0,0.027916970804720248
2024,1,REG,2024_01_NE_CIN,NE,CIN,2024-09-03T12:00:00.000000+0000,POSTGAME_ACTUAL_STARTER_IDENTITY_ONLY,build_qb_pregame_features,00-0033119,00-0036442,0.006033949282162549,0.10277883365107227,1148.0,2323.0,0.09674488436890971
2024,1,REG,2024_01_NYJ_SF,NYJ,SF,2024-09-03T12:00:00.000000+0000,POSTGAME_ACTUAL_STARTER_IDENTITY_ONLY,build_qb_pregame_features,00-0023459,00-0037834,0.1384103010999626,0.19533334756192164,3128.0,832.0,0.05692304646195903
2024,1,REG,2024_01_PIT_ATL,PIT,ATL,2024-09-03T12:00:00.000000+0000,POSTGAME_ACTUAL_STARTER_IDENTITY_ONLY,build_qb_pregame_features,00-0036945,00-0029604,-0.12670356233429333,0.08523548317094166,1093.0,3386.0,0.211939045505235
2024,1,REG,2024_01_TEN_CHI,TEN,CHI,2024-09-03T12:00:00.000000+0000,POSTGAME_ACTUAL_STARTER_IDENTITY_ONLY,build_qb_pregame_features,00-0039152,00-0039918,-0.04378394681083552,-0.05,283.0,0.0,-0.006216053189164482
2024,1,REG,2024_01_WAS_TB,WAS,TB,2024-09-03T12:00:00.000000+0000,POSTGAME_ACTUAL_STARTER_IDENTITY_ONLY,build_qb_pregame_features,00-0039910,00-0034855,-0.05,0.04322620366983838,0.0,3192.0,0.09322620366983839
2024,2,REG,2024_02_ATL_PHI,ATL,PHI,2024-09-10T12:00:00.000000+0000,POSTGAME_ACTUAL_STARTER_IDENTITY_ONLY,build_qb_pregame_features,00-0029604,00-0036389,0.08160075353693738,0.07307565795294974,3414.0,1901.0,-0.008525095583987646
2024,2,REG,2024_02_BUF_MIA,BUF,MIA,2024-09-10T12:00:00.000000+0000,POSTGAME_ACTUAL_STARTER_IDENTITY_ONLY,build_qb_pregame_features,00-0034857,00-0036212,0.10974930750578117,0.10589823472333032,3745.0,1809.0,-0.003851072782450851
2024,2,REG,2024_02_CHI_HOU,CHI,HOU,2024-09-10T12:00:00.000000+0000,POSTGAME_ACTUAL_STARTER_IDENTITY_ONLY,build_qb_pregame_features,00-0039918,00-0039163,-0.08771069106295741,0.08120066119084304,31.0,627.0,0.16891135225380044
2024,2,REG,2024_02_CIN_KC,CIN,KC,2024-09-10T12:00:00.000000+0000,POSTGAME_ACTUAL_STARTER_IDENTITY_ONLY,build_qb_pregame_features,00-0036442,00-0033873,0.09997276611090464,0.23504253477415382,2355.0,4438.0,0.13506976866324918
2024,2,REG,2024_02_CLE_JAX,CLE,JAX,2024-09-10T12:00:00.000000+0000,POSTGAME_ACTUAL_STARTER_IDENTITY_ONLY,build_qb_pregame_features,00-0033537,00-0036971,0.08044886601706078,0.006330196353653474,2268.0,1958.0,-0.0741186696634073
2024,2,REG,2024_02_IND_GB,IND,GB,2024-09-10T12:00:00.000000+0000,POSTGAME_ACTUAL_STARTER_IDENTITY_ONLY,build_qb_pregame_features,00-0039164,00-0038128,-0.023479323716673793,-0.16009094698318446,112.0,82.0,-0.13661162326651066
2024,2,REG,2024_02_LAC_CAR,LAC,CAR,2024-09-10T12:00:00.000000+0000,POSTGAME_ACTUAL_STARTER_IDENTITY_ONLY,build_qb_pregame_features,00-0036355,00-0039150,0.09205475715126463,-0.2135906624138832,2625.0,623.0,-0.3056454195651478
2024,2,REG,2024_02_LA_ARI,LAR,ARI,2024-09-10T12:00:00.000000+0000,POSTGAME_ACTUAL_STARTER_IDENTITY_ONLY,build_qb_pregame_features,00-0026498,00-0035228,0.10246504176200955,0.015560901595664334,3220.0,2459.0,-0.0869041401663452
2024,2,REG,2024_02_LV_BAL,LV,BAL,2024-09-10T12:00:00.000000+0000,POSTGAME_ACTUAL_STARTER_IDENTITY_ONLY,build_qb_pregame_features,00-0035289,00-0034796,0.0058820420216957265,0.09249570255639408,1565.0,2544.0,0.08661366053469835
2024,2,REG,2024_02_NO_DAL,NO,DAL,2024-09-10T12:00:00.000000+0000,POSTGAME_ACTUAL_STARTER_IDENTITY_ONLY,build_qb_pregame_features,00-0031280,00-0033077,0.06878271929983633,0.12468731552888006,3544.0,3388.0,0.05590459622904373
2024,2,REG,2024_02_NYG_WAS,NYG,WAS,2024-09-10T12:00:00.000000+0000,POSTGAME_ACTUAL_STARTER_IDENTITY_ONLY,build_qb_pregame_features,00-0035710,00-0039910,-0.05471899483935713,-0.05159014305005896,2196.0,26.0,0.0031288517892981704
2024,2,REG,2024_02_NYJ_TEN,NYJ,TEN,2024-09-10T12:00:00.000000+0000,POSTGAME_ACTUAL_STARTER_IDENTITY_ONLY,build_qb_pregame_features,00-0023459,00-0039152,0.13847254576760876,-0.0734639446324904,3150.0,318.0,-0.21193649040009915
2024,2,REG,2024_02_PIT_DEN,PIT,DEN,2024-09-10T12:00:00.000000+0000,POSTGAME_ACTUAL_STARTER_IDENTITY_ONLY,build_qb_pregame_features,00-0036945,00-0039732,-0.1252967020128536,-0.10468607170418776,1118.0,44.0,0.020610630308665834
2024,2,REG,2024_02_SEA_NE,SEA,NE,2024-09-10T12:00:00.000000+0000,POSTGAME_ACTUAL_STARTER_IDENTITY_ONLY,build_qb_pregame_features,00-0030565,00-0033119,0.029130554939675715,0.004506736391397615,1332.0,1173.0,-0.024623818548278102
2024,2,REG,2024_02_SF_MIN,SF,MIN,2024-09-10T12:00:00.000000+0000,POSTGAME_ACTUAL_STARTER_IDENTITY_ONLY,build_qb_pregame_features,00-0037834,00-0034869,0.19574768082898225,-0.0691638148838024,863.0,1985.0,-0.26491149571278466
2024,2,REG,2024_02_TB_DET,TB,DET,2024-09-10T12:00:00.000000+0000,POSTGAME_ACTUAL_STARTER_IDENTITY_ONLY,build_qb_pregame_features,00-0034855,00-0033106,0.04898113346335222,0.09232527393513076,3223.0,3902.0,0.04334414047177854
2024,3,REG,2024_03_BAL_DAL,BAL,DAL,2024-09-17T12:00:00.000000+0000,POSTGAME_ACTUAL_STARTER_IDENTITY_ONLY,build_qb_pregame_features,00-0034796,00-0033077,0.0916326822122073,0.12104537629795634,2580.0,3430.0,0.029412694085749036
2024,3,REG,2024_03_CAR_LV,CAR,LV,2024-09-17T12:00:00.000000+0000,POSTGAME_ACTUAL_STARTER_IDENTITY_ONLY,build_qb_pregame_features,00-0027973,00-0035289,-0.004809781242832333,0.004525779378905557,2027.0,1608.0,0.00933556062173789
2024,3,REG,2024_03_CHI_IND,CHI,IND,2024-09-17T12:00:00.000000+0000,POSTGAME_ACTUAL_STARTER_IDENTITY_ONLY,build_qb_pregame_features,00-0039918,00-0039164,-0.14158808830103237,-0.04265323756177881,75.0,147.0,0.09893485073925357
2024,3,REG,2024_03_DEN_TB,DEN,TB,2024-09-17T12:00:00.000000+0000,POSTGAME_ACTUAL_STARTER_IDENTITY_ONLY,build_qb_pregame_features,00-0039732,00-0034855,-0.1191410136617903,0.047867249831156505,81.0,3247.0,0.16700826349294678
2024,3,REG,2024_03_DET_ARI,DET,ARI,2024-09-17T12:00:00.000000+0000,POSTGAME_ACTUAL_STARTER_IDENTITY_ONLY,build_qb_pregame_features,00-0033106,00-0035228,0.08764366384448523,0.022183457331377363,3957.0,2481.0,-0.06546020651310787
2024,3,REG,2024_03_GB_TEN,GB,TEN,2024-09-17T12:00:00.000000+0000,POSTGAME_ACTUAL_STARTER_IDENTITY_ONLY,build_qb_pregame_features,00-0038128,00-0039152,-0.11911544205702151,-0.08012589824706999,96.0,350.0,0.038989543809951524
2024,3,REG,2024_03_HOU_MIN,HOU,MIN,2024-09-17T12:00:00.000000+0000,POSTGAME_ACTUAL_STARTER_IDENTITY_ONLY,build_qb_pregame_features,00-0039163,00-0034869,0.07953923366590676,-0.06886863557524428,666.0,2014.0,-0.14840786924115104
2024,3,REG,2024_03_JAX_BUF,JAX,BUF,2024-09-17T12:00:00.000000+0000,POSTGAME_ACTUAL_STARTER_IDENTITY_ONLY,build_qb_pregame_features,00-0036971,00-0034857,0.0037134213566002794,0.11213186101803926,1992.0,3764.0,0.10841843966143898
2024,3,REG,2024_03_KC_ATL,KC,ATL,2024-09-17T12:00:00.000000+0000,POSTGAME_ACTUAL_STARTER_IDENTITY_ONLY,build_qb_pregame_features,00-0033873,00-0029604,0.23176479977312678,0.0834469547284383,4465.0,3444.0,-0.14831784504468848
2024,3,REG,2024_03_LAC_PIT,LAC,PIT,2024-09-17T12:00:00.000000+0000,POSTGAME_ACTUAL_STARTER_IDENTITY_ONLY,build_qb_pregame_features,00-0036355,00-0036945,0.09188130851556157,-0.12158825787042055,2646.0,1140.0,-0.21346956638598213
2024,3,REG,2024_03_MIA_SEA,MIA,SEA,2024-09-17T12:00:00.000000+0000,POSTGAME_ACTUAL_STARTER_IDENTITY_ONLY,build_qb_pregame_features,00-0037327,00-0030565,-0.14236758845297548,0.03403294877571209,175.0,1379.0,0.17640053722868757
2024,3,REG,2024_03_NE_NYJ,NE,NYJ,2024-09-17T12:00:00.000000+0000,POSTGAME_ACTUAL_STARTER_IDENTITY_ONLY,build_qb_pregame_features,00-0033119,00-0023459,0.004315067048374711,0.13766737090198097,1203.0,3182.0,0.13335230385360627
2024,3,REG,2024_03_NYG_CLE,NYG,CLE,2024-09-17T12:00:00.000000+0000,POSTGAME_ACTUAL_STARTER_IDENTITY_ONLY,build_qb_pregame_features,00-0035710,00-0033537,-0.05112543907298043,0.0797678132205499,2225.0,2304.0,0.13089325229353033
2024,3,REG,2024_03_PHI_NO,PHI,NO,2024-09-17T12:00:00.000000+0000,POSTGAME_ACTUAL_STARTER_IDENTITY_ONLY,build_qb_pregame_features,00-0036389,00-0031280,0.0728488324662206,0.07215578111427479,1932.0,3561.0,-0.0006930513519458198
2024,3,REG,2024_03_SF_LA,SF,LAR,2024-09-17T12:00:00.000000+0000,POSTGAME_ACTUAL_STARTER_IDENTITY_ONLY,build_qb_pregame_features,00-0037834,00-0026498,0.18992402515014511,0.098768036454458,905.0,3252.0,-0.09115598869568711
2024,3,REG,2024_03_WAS_CIN,WAS,CIN,2024-09-17T12:00:00.000000+0000,POSTGAME_ACTUAL_STARTER_IDENTITY_ONLY,build_qb_pregame_features,00-0039910,00-0036442,-0.03152025352836782,0.09998120392967592,60.0,2394.0,0.13150145745804376
2024,4,REG,2024_04_BUF_BAL,BUF,BAL,2024-09-24T12:00:00.000000+0000,POSTGAME_ACTUAL_STARTER_IDENTITY_ONLY,build_qb_pregame_features,00-0034857,00-0034796,0.11710065178141628,0.09516423717811817,3794.0,2595.0,-0.021936414603298107
2024,4,REG,2024_04_CIN_CAR,CIN,CAR,2024-09-24T12:00:00.000000+0000,POSTGAME_ACTUAL_STARTER_IDENTITY_ONLY,build_qb_pregame_features,00-0036442,00-0027973,0.10458241112035195,0.0006718577554219668,2434.0,2066.0,-0.10391055336492998
2024,4,REG,2024_04_CLE_LV,CLE,LV,2024-09-24T12:00:00.000000+0000,POSTGAME_ACTUAL_STARTER_IDENTITY_ONLY,build_qb_pregame_features,00-0033537,00-0035289,0.07171654915417365,0.002167159462509764,2349.0,1638.0,-0.06954938969166388
2024,4,REG,2024_04_DAL_NYG,DAL,NYG,2024-09-24T12:00:00.000000+0000,POSTGAME_ACTUAL_STARTER_IDENTITY_ONLY,build_qb_pregame_features,00-0033077,00-0035710,0.12095397928904078,-0.046314220683043736,3484.0,2261.0,-0.16726819997208453
2024,4,REG,2024_04_DEN_NYJ,DEN,NYJ,2024-09-24T12:00:00.000000+0000,POSTGAME_ACTUAL_STARTER_IDENTITY_ONLY,build_qb_pregame_features,00-0039732,00-0023459,-0.10033012532656356,0.14146360363804728,117.0,3219.0,0.24179372896461082
2024,4,REG,2024_04_JAX_HOU,JAX,HOU,2024-09-24T12:00:00.000000+0000,POSTGAME_ACTUAL_STARTER_IDENTITY_ONLY,build_qb_pregame_features,00-0036971,00-0039163,-0.003078159205591368,0.06798811509797334,2034.0,701.0,0.07106627430356471
2024,4,REG,2024_04_KC_LAC,KC,LAC,2024-09-24T12:00:00.000000+0000,POSTGAME_ACTUAL_STARTER_IDENTITY_ONLY,build_qb_pregame_features,00-0033873,00-0036355,0.23030579264325907,0.09179580854123881,4504.0,2666.0,-0.13850998410202026
2024,4,REG,2024_04_LA_CHI,LAR,CHI,2024-09-24T12:00:00.000000+0000,POSTGAME_ACTUAL_STARTER_IDENTITY_ONLY,build_qb_pregame_features,00-0026498,00-0039918,0.09894570334447958,-0.1392709932763356,3280.0,131.0,-0.23821669662081518
2024,4,REG,2024_04_MIN_GB,MIN,GB,2024-09-24T12:00:00.000000+0000,POSTGAME_ACTUAL_STARTER_IDENTITY_ONLY,build_qb_pregame_features,00-0034869,00-0036264,-0.06579419309942344,0.09909182657551045,2046.0,785.0,0.16488601967493388
2024,4,REG,2024_04_NE_SF,NE,SF,2024-09-24T12:00:00.000000+0000,POSTGAME_ACTUAL_STARTER_IDENTITY_ONLY,build_qb_pregame_features,00-0033119,00-0037834,-0.0019269551117708271,0.19719345703823607,1226.0,936.0,0.1991204121500069
2024,4,REG,2024_04_NO_ATL,NO,ATL,2024-09-24T12:00:00.000000+0000,POSTGAME_ACTUAL_STARTER_IDENTITY_ONLY,build_qb_pregame_features,00-0031280,00-0029604,0.07181077002386026,0.08350339479960885,3587.0,3475.0,0.011692624775748589
2024,4,REG,2024_04_PHI_TB,PHI,TB,2024-09-24T12:00:00.000000+0000,POSTGAME_ACTUAL_STARTER_IDENTITY_ONLY,build_qb_pregame_features,00-0036389,00-0034855,0.06932923623282852,0.042808210992418896,1974.0,3287.0,-0.026521025240409626
2024,4,REG,2024_04_PIT_IND,PIT,IND,2024-09-24T12:00:00.000000+0000,POSTGAME_ACTUAL_STARTER_IDENTITY_ONLY,build_qb_pregame_features,00-0036945,00-0039164,-0.11229330919666176,-0.06557641102217257,1174.0,168.0,0.046716898174489194
2024,4,REG,2024_04_SEA_DET,SEA,DET,2024-09-24T12:00:00.000000+0000,POSTGAME_ACTUAL_STARTER_IDENTITY_ONLY,build_qb_pregame_features,00-0030565,00-0033106,0.0328047244645767,0.08848463072382748,1416.0,3982.0,0.05567990625925078
2024,4,REG,2024_04_TEN_MIA,TEN,MIA,2024-09-24T12:00:00.000000+0000,POSTGAME_ACTUAL_STARTER_IDENTITY_ONLY,build_qb_pregame_features,00-0039152,00-0035993,-0.09953594690621827,-0.07734928800906751,392.0,416.0,0.022186658897150754
2024,4,REG,2024_04_WAS_ARI,WAS,ARI,2024-09-24T12:00:00.000000+0000,POSTGAME_ACTUAL_STARTER_IDENTITY_ONLY,build_qb_pregame_features,00-0039910,00-0035228,0.03711451770849651,0.019779723535639834,85.0,2516.0,-0.017334794172856677
2024,5,REG,2024_05_ARI_SF,ARI,SF,2024-10-01T12:00:00.000000+0000,POSTGAME_ACTUAL_STARTER_IDENTITY_ONLY,build_qb_pregame_features,00-0035228,00-0037834,0.01947938478270441,0.19836585398062956,2542.0,964.0,0.17888646919792514
2024,5,REG,2024_05_BAL_CIN,BAL,CIN,2024-10-01T12:00:00.000000+0000,POSTGAME_ACTUAL_STARTER_IDENTITY_ONLY,build_qb_pregame_features,00-0034796,00-0036442,0.09780218475999096,0.10685587225793904,2614.0,2465.0,0.009053687497948076
2024,5,REG,2024_05_BUF_HOU,BUF,HOU,2024-10-01T12:00:00.000000+0000,POSTGAME_ACTUAL_STARTER_IDENTITY_ONLY,build_qb_pregame_features,00-0034857,00-0039163,0.11444584183168434,0.07973900751996213,3826.0,743.0,-0.03470683431172221
2024,5,REG,2024_05_CAR_CHI,CAR,CHI,2024-10-01T12:00:00.000000+0000,POSTGAME_ACTUAL_STARTER_IDENTITY_ONLY,build_qb_pregame_features,00-0027973,00-0039918,0.002054784836980297,-0.12562843110077546,2106.0,157.0,-0.12768321593775575
2024,5,REG,2024_05_CLE_WAS,CLE,WAS,2024-10-01T12:00:00.000000+0000,POSTGAME_ACTUAL_STARTER_IDENTITY_ONLY,build_qb_pregame_features,00-0033537,00-0039910,0.06809961034665199,0.0741091013297101,2384.0,115.0,0.006009490983058113
2024,5,REG,2024_05_DAL_PIT,DAL,PIT,2024-10-01T12:00:00.000000+0000,POSTGAME_ACTUAL_STARTER_IDENTITY_ONLY,build_qb_pregame_features,00-0033077,00-0036945,0.12300884628359988,-0.10685069696721484,3512.0,1212.0,-0.22985954325081473
2024,5,REG,2024_05_GB_LA,GB,LAR,2024-10-01T12:00:00.000000+0000,POSTGAME_ACTUAL_STARTER_IDENTITY_ONLY,build_qb_pregame_features,00-0036264,00-0026498,0.08919486541207902,0.09746900976690047,840.0,3312.0,0.008274144354821447
2024,5,REG,2024_05_IND_JAX,IND,JAX,2024-10-01T12:00:00.000000+0000,POSTGAME_ACTUAL_STARTER_IDENTITY_ONLY,build_qb_pregame_features,00-0026158,00-0036971,-0.02860312978527423,-0.0036445301424782427,1359.0,2068.0,0.024958599642795988
2024,5,REG,2024_05_LV_DEN,LV,DEN,2024-10-01T12:00:00.000000+0000,POSTGAME_ACTUAL_STARTER_IDENTITY_ONLY,build_qb_pregame_features,00-0035289,00-0039732,0.00017896621278930963,-0.12758010345361984,1664.0,142.0,-0.12775906966640915
2024,5,REG,2024_05_MIA_NE,MIA,NE,2024-10-01T12:00:00.000000+0000,POSTGAME_ACTUAL_STARTER_IDENTITY_ONLY,build_qb_pregame_features,00-0035993,00-0033119,-0.09161571515626771,-0.011262247072063674,440.0,1264.0,0.08035346808420403
2024,5,REG,2024_05_NO_KC,NO,KC,2024-10-01T12:00:00.000000+0000,POSTGAME_ACTUAL_STARTER_IDENTITY_ONLY,build_qb_pregame_features,00-0031280,00-0033873,0.07107052689227475,0.22853827963340487,3624.0,4536.0,0.15746775274113012
2024,5,REG,2024_05_NYG_SEA,NYG,SEA,2024-10-01T12:00:00.000000+0000,POSTGAME_ACTUAL_STARTER_IDENTITY_ONLY,build_qb_pregame_features,00-0035710,00-0030565,-0.043665972751853264,0.036900159382845195,2302.0,1475.0,0.08056613213469846
2024,5,REG,2024_05_NYJ_MIN,NYJ,MIN,2024-10-01T12:00:00.000000+0000,POSTGAME_ACTUAL_STARTER_IDENTITY_ONLY,build_qb_pregame_features,00-0023459,00-0034869,0.13641254237506406,-0.06140705887985405,3266.0,2076.0,-0.1978196012549181
2024,5,REG,2024_05_TB_ATL,TB,ATL,2024-10-01T12:00:00.000000+0000,POSTGAME_ACTUAL_STARTER_IDENTITY_ONLY,build_qb_pregame_features,00-0034855,00-0029604,0.04489227478439585,0.08237903257420384,3336.0,3511.0,0.03748675778980799
2024,6,REG,2024_06_ARI_GB,ARI,GB,2024-10-08T12:00:00.000000+0000,POSTGAME_ACTUAL_STARTER_IDENTITY_ONLY,build_qb_pregame_features,00-0035228,00-0036264,0.018587492298594903,0.08640954576673936,2573.0,868.0,0.06782205346814446
2024,6,REG,2024_06_ATL_CAR,ATL,CAR,2024-10-08T12:00:00.000000+0000,POSTGAME_ACTUAL_STARTER_IDENTITY_ONLY,build_qb_pregame_features,00-0029604,00-0027973,0.08675685211936857,-0.0030129540633661257,3573.0,2137.0,-0.0897698061827347
2024,6,REG,2024_06_BUF_NYJ,BUF,NYJ,2024-10-08T12:00:00.000000+0000,POSTGAME_ACTUAL_STARTER_IDENTITY_ONLY,build_qb_pregame_features,00-0034857,00-0023459,0.11228462615350149,0.12966782982456485,3857.0,3323.0,0.017383203671063358
2024,6,REG,2024_06_CIN_NYG,CIN,NYG,2024-10-08T12:00:00.000000+0000,POSTGAME_ACTUAL_STARTER_IDENTITY_ONLY,build_qb_pregame_features,00-0036442,00-0035710,0.11381785193365486,-0.040094720630212674,2507.0,2339.0,-0.15391257256386753
2024,6,REG,2024_06_CLE_PHI,CLE,PHI,2024-10-08T12:00:00.000000+0000,POSTGAME_ACTUAL_STARTER_IDENTITY_ONLY,build_qb_pregame_features,00-0033537,00-0036389,0.062331153030612166,0.06418140101719066,2419.0,2010.0,0.0018502479865784988
2024,6,REG,2024_06_DET_DAL,DET,DAL,2024-10-08T12:00:00.000000+0000,POSTGAME_ACTUAL_STARTER_IDENTITY_ONLY,build_qb_pregame_features,00-0033106,00-0033077,0.09188361773935409,0.1244074743796989,4003.0,3556.0,0.03252385664034481
2024,6,REG,2024_06_HOU_NE,HOU,NE,2024-10-08T12:00:00.000000+0000,POSTGAME_ACTUAL_STARTER_IDENTITY_ONLY,build_qb_pregame_features,00-0039163,00-0039851,0.08281882368181673,-0.06888841776325046,782.0,10.0,-0.1517072414450672
2024,6,REG,2024_06_IND_TEN,IND,TEN,2024-10-08T12:00:00.000000+0000,POSTGAME_ACTUAL_STARTER_IDENTITY_ONLY,build_qb_pregame_features,00-0026158,00-0039152,-0.02169664851244918,-0.10417759807853404,1407.0,396.0,-0.08248094956608486
2024,6,REG,2024_06_JAX_CHI,JAX,CHI,2024-10-08T12:00:00.000000+0000,POSTGAME_ACTUAL_STARTER_IDENTITY_ONLY,build_qb_pregame_features,00-0036971,00-0039918,0.00392444901090261,-0.08152089982533296,2102.0,187.0,-0.08544534883623557
2024,6,REG,2024_06_LAC_DEN,LAC,DEN,2024-10-08T12:00:00.000000+0000,POSTGAME_ACTUAL_STARTER_IDENTITY_ONLY,build_qb_pregame_features,00-0036355,00-0039732,0.09022752267246754,-0.1141454922758207,2695.0,172.0,-0.20437301494828825
2024,6,REG,2024_06_PIT_LV,PIT,LV,2024-10-08T12:00:00.000000+0000,POSTGAME_ACTUAL_STARTER_IDENTITY_ONLY,build_qb_pregame_features,00-0036945,00-0038579,-0.10702772346726899,-0.04015027456890781,1242.0,401.0,0.06687744889836118
2024,6,REG,2024_06_SF_SEA,SF,SEA,2024-10-08T12:00:00.000000+0000,POSTGAME_ACTUAL_STARTER_IDENTITY_ONLY,build_qb_pregame_features,00-0037834,00-0030565,0.19173793709392145,0.033896776089693895,1001.0,1522.0,-0.15784116100422757
2024,6,REG,2024_06_TB_NO,TB,NO,2024-10-08T12:00:00.000000+0000,POSTGAME_ACTUAL_STARTER_IDENTITY_ONLY,build_qb_pregame_features,00-0034855,00-0039376,0.04725325478065263,-0.05,3361.0,0.0,-0.09725325478065264
2024,6,REG,2024_06_WAS_BAL,WAS,BAL,2024-10-08T12:00:00.000000+0000,POSTGAME_ACTUAL_STARTER_IDENTITY_ONLY,build_qb_pregame_features,00-0039910,00-0034796,0.07534955117127562,0.10398285161463665,143.0,2657.0,0.02863330044336103
2024,7,REG,2024_07_BAL_TB,BAL,TB,2024-10-15T12:00:00.000000+0000,POSTGAME_ACTUAL_STARTER_IDENTITY_ONLY,build_qb_pregame_features,00-0034796,00-0034855,0.10675004851392225,0.047668637874346595,2685.0,3398.0,-0.05908141063957566
2024,7,REG,2024_07_CAR_WAS,CAR,WAS,2024-10-15T12:00:00.000000+0000,POSTGAME_ACTUAL_STARTER_IDENTITY_ONLY,build_qb_pregame_features,00-0027973,00-0039910,-0.005123486242675844,0.09071518033160368,2175.0,181.0,0.09583866657427953
2024,7,REG,2024_07_CIN_CLE,CIN,CLE,2024-10-15T12:00:00.000000+0000,POSTGAME_ACTUAL_STARTER_IDENTITY_ONLY,build_qb_pregame_features,00-0036442,00-0033537,0.1124177125061466,0.06226473512934866,2539.0,2447.0,-0.05015297737679794
2024,7,REG,2024_07_DEN_NO,DEN,NO,2024-10-15T12:00:00.000000+0000,POSTGAME_ACTUAL_STARTER_IDENTITY_ONLY,build_qb_pregame_features,00-0039732,00-0039376,-0.11309610070428702,-0.08930980722932602,207.0,45.0,0.023786293474961
2024,7,REG,2024_07_DET_MIN,DET,MIN,2024-10-15T12:00:00.000000+0000,POSTGAME_ACTUAL_STARTER_IDENTITY_ONLY,build_qb_pregame_features,00-0033106,00-0034869,0.09576563117179604,-0.06541757532961516,4030.0,2111.0,-0.1611832065014112
2024,7,REG,2024_07_HOU_GB,HOU,GB,2024-10-15T12:00:00.000000+0000,POSTGAME_ACTUAL_STARTER_IDENTITY_ONLY,build_qb_pregame_features,00-0039163,00-0036264,0.08270780128980791,0.0973260442712609,815.0,900.0,0.014618242981452992
2024,7,REG,2024_07_KC_SF,KC,SF,2024-10-15T12:00:00.000000+0000,POSTGAME_ACTUAL_STARTER_IDENTITY_ONLY,build_qb_pregame_features,00-0033873,00-0037834,0.22721934450817147,0.19693045163435063,4577.0,1029.0,-0.030288892873820833
2024,7,REG,2024_07_LAC_ARI,LAC,ARI,2024-10-15T12:00:00.000000+0000,POSTGAME_ACTUAL_STARTER_IDENTITY_ONLY,build_qb_pregame_features,00-0036355,00-0035228,0.09178534932016615,0.021239590543549652,2732.0,2605.0,-0.0705457587766165
2024,7,REG,2024_07_LV_LA,LV,LAR,2024-10-15T12:00:00.000000+0000,POSTGAME_ACTUAL_STARTER_IDENTITY_ONLY,build_qb_pregame_features,00-0038579,00-0026498,-0.043423611390469435,0.09369223382474469,442.0,3360.0,0.13711584521521414
2024,7,REG,2024_07_MIA_IND,MIA,IND,2024-10-15T12:00:00.000000+0000,POSTGAME_ACTUAL_STARTER_IDENTITY_ONLY,build_qb_pregame_features,00-0035993,00-0039164,-0.0921477165367248,-0.05406747425430385,474.0,172.0,0.03808024228242094
2024,7,REG,2024_07_NE_JAX,NE,JAX,2024-10-15T12:00:00.000000+0000,POSTGAME_ACTUAL_STARTER_IDENTITY_ONLY,build_qb_pregame_features,00-0039851,00-0036971,-0.09246756102526568,0.007318656664859251,47.0,2140.0,0.09978621769012494
2024,7,REG,2024_07_NYJ_PIT,NYJ,PIT,2024-10-15T12:00:00.000000+0000,POSTGAME_ACTUAL_STARTER_IDENTITY_ONLY,build_qb_pregame_features,00-0023459,00-0029263,0.1313598114757483,0.055915543737546314,3361.0,3237.0,-0.07544426773820198
2024,7,REG,2024_07_PHI_NYG,PHI,NYG,2024-10-15T12:00:00.000000+0000,POSTGAME_ACTUAL_STARTER_IDENTITY_ONLY,build_qb_pregame_features,00-0036389,00-0035710,0.06664423310744785,-0.04545293932427572,2036.0,2382.0,-0.11209717243172357
2024,7,REG,2024_07_SEA_ATL,SEA,ATL,2024-10-15T12:00:00.000000+0000,POSTGAME_ACTUAL_STARTER_IDENTITY_ONLY,build_qb_pregame_features,00-0030565,00-0029604,0.03498584035391755,0.08943262965562643,1575.0,3603.0,0.054446789301708876
2024,7,REG,2024_07_TEN_BUF,TEN,BUF,2024-10-15T12:00:00.000000+0000,POSTGAME_ACTUAL_STARTER_IDENTITY_ONLY,build_qb_pregame_features,00-0034771,00-0034857,-0.022786965955943053,0.11413486081638866,538.0,3884.0,0.13692182677233172
2024,8,REG,2024_08_ARI_MIA,ARI,MIA,2024-10-22T12:00:00.000000+0000,POSTGAME_ACTUAL_STARTER_IDENTITY_ONLY,build_qb_pregame_features,00-0035228,00-0036212,0.02090475669846479,0.0993634744056621,2631.0,1835.0,0.07845871770719731
2024,8,REG,2024_08_ATL_TB,ATL,TB,2024-10-22T12:00:00.000000+0000,POSTGAME_ACTUAL_STARTER_IDENTITY_ONLY,build_qb_pregame_features,00-0029604,00-0034855,0.0862034534580288,0.05038204957685736,3641.0,3446.0,-0.035821403881171436
2024,8,REG,2024_08_BAL_CLE,BAL,CLE,2024-10-22T12:00:00.000000+0000,POSTGAME_ACTUAL_STARTER_IDENTITY_ONLY,build_qb_pregame_features,00-0034796,00-0031503,0.11430741477486703,0.06181960899930994,2709.0,1452.0,-0.05248780577555709
2024,8,REG,2024_08_BUF_SEA,BUF,SEA,2024-10-22T12:00:00.000000+0000,POSTGAME_ACTUAL_STARTER_IDENTITY_ONLY,build_qb_pregame_features,00-0034857,00-0030565,0.11633839264013703,0.03840606564566165,3918.0,1604.0,-0.07793232699447537
2024,8,REG,2024_08_CAR_DEN,CAR,DEN,2024-10-22T12:00:00.000000+0000,POSTGAME_ACTUAL_STARTER_IDENTITY_ONLY,build_qb_pregame_features,00-0039150,00-0039732,-0.23211086023071315,-0.10409247653864159,661.0,233.0,0.12801838369207155
2024,8,REG,2024_08_CHI_WAS,CHI,WAS,2024-10-22T12:00:00.000000+0000,POSTGAME_ACTUAL_STARTER_IDENTITY_ONLY,build_qb_pregame_features,00-0039918,00-0039910,-0.0456295448057679,0.08705918459688498,219.0,183.0,0.1326887294026529
2024,8,REG,2024_08_DAL_SF,DAL,SF,2024-10-22T12:00:00.000000+0000,POSTGAME_ACTUAL_STARTER_IDENTITY_ONLY,build_qb_pregame_features,00-0033077,00-0037834,0.11847351254347206,0.18357844097536943,3593.0,1061.0,0.06510492843189737
2024,8,REG,2024_08_GB_JAX,GB,JAX,2024-10-22T12:00:00.000000+0000,POSTGAME_ACTUAL_STARTER_IDENTITY_ONLY,build_qb_pregame_features,00-0036264,00-0036971,0.09404787040250731,0.012150506802635287,936.0,2160.0,-0.08189736359987203
2024,8,REG,2024_08_IND_HOU,IND,HOU,2024-10-22T12:00:00.000000+0000,POSTGAME_ACTUAL_STARTER_IDENTITY_ONLY,build_qb_pregame_features,00-0039164,00-0039163,-0.06362568389070515,0.07168066541842937,196.0,840.0,0.13530634930913452
2024,8,REG,2024_08_KC_LV,KC,LV,2024-10-22T12:00:00.000000+0000,POSTGAME_ACTUAL_STARTER_IDENTITY_ONLY,build_qb_pregame_features,00-0033873,00-0035289,0.22475855479965484,-0.016851425228923432,4606.0,1719.0,-0.24160998002857828
2024,8,REG,2024_08_MIN_LA,MIN,LAR,2024-10-22T12:00:00.000000+0000,POSTGAME_ACTUAL_STARTER_IDENTITY_ONLY,build_qb_pregame_features,00-0034869,00-0026498,-0.06492119476592183,0.09101838157935459,2142.0,3384.0,0.15593957634527641
2024,8,REG,2024_08_NO_LAC,NO,LAC,2024-10-22T12:00:00.000000+0000,POSTGAME_ACTUAL_STARTER_IDENTITY_ONLY,build_qb_pregame_features,00-0039376,00-0036355,-0.16105226589163832,0.09483305114553779,86.0,2774.0,0.2558853170371761
2024,8,REG,2024_08_NYG_PIT,NYG,PIT,2024-10-22T12:00:00.000000+0000,POSTGAME_ACTUAL_STARTER_IDENTITY_ONLY,build_qb_pregame_features,00-0035710,00-0029263,-0.049845155660759394,0.05804939484399363,2410.0,3267.0,0.10789455050475302
2024,8,REG,2024_08_NYJ_NE,NYJ,NE,2024-10-22T12:00:00.000000+0000,POSTGAME_ACTUAL_STARTER_IDENTITY_ONLY,build_qb_pregame_features,00-0023459,00-0039851,0.12988768343044263,-0.05866600917708155,3401.0,86.0,-0.1885536926075242
2024,8,REG,2024_08_PHI_CIN,PHI,CIN,2024-10-22T12:00:00.000000+0000,POSTGAME_ACTUAL_STARTER_IDENTITY_ONLY,build_qb_pregame_features,00-0036389,00-0036442,0.06547727294068854,0.1107356197139601,2054.0,2567.0,0.04525834677327156
2024,8,REG,2024_08_TEN_DET,TEN,DET,2024-10-22T12:00:00.000000+0000,POSTGAME_ACTUAL_STARTER_IDENTITY_ONLY,build_qb_pregame_features,00-0034771,00-0033106,-0.025889532179889076,0.09832414325269455,581.0,4059.0,0.12421367543258363
2024,9,REG,2024_09_CHI_ARI,CHI,ARI,2024-10-29T12:00:00.000000+0000,POSTGAME_ACTUAL_STARTER_IDENTITY_ONLY,build_qb_pregame_features,00-0039918,00-0035228,-0.059567160758570714,0.02731622586573367,246.0,2667.0,0.08688338662430438
2024,9,REG,2024_09_DAL_ATL,DAL,ATL,2024-10-29T12:00:00.000000+0000,POSTGAME_ACTUAL_STARTER_IDENTITY_ONLY,build_qb_pregame_features,00-0033077,00-0029604,0.11748279386358296,0.08936858439399853,3633.0,3672.0,-0.028114209469584428
2024,9,REG,2024_09_DEN_BAL,DEN,BAL,2024-10-29T12:00:00.000000+0000,POSTGAME_ACTUAL_STARTER_IDENTITY_ONLY,build_qb_pregame_features,00-0039732,00-0034796,-0.07062243688721548,0.11526882783501427,272.0,2750.0,0.18589126472222975
2024,9,REG,2024_09_DET_GB,DET,GB,2024-10-29T12:00:00.000000+0000,POSTGAME_ACTUAL_STARTER_IDENTITY_ONLY,build_qb_pregame_features,00-0033106,00-0036264,0.09729139857777422,0.09471141203005465,4078.0,958.0,-0.0025799865477195705
2024,9,REG,2024_09_HOU_NYJ,HOU,NYJ,2024-10-29T12:00:00.000000+0000,POSTGAME_ACTUAL_STARTER_IDENTITY_ONLY,build_qb_pregame_features,00-0039163,00-0023459,0.07410030435194277,0.13001014948179104,879.0,3430.0,0.05590984512984827
2024,9,REG,2024_09_IND_MIN,IND,MIN,2024-10-29T12:00:00.000000+0000,POSTGAME_ACTUAL_STARTER_IDENTITY_ONLY,build_qb_pregame_features,00-0026158,00-0034869,-0.020206684152732645,-0.060806290172602764,1445.0,2170.0,-0.040599606019870116
2024,9,REG,2024_09_JAX_PHI,JAX,PHI,2024-10-29T12:00:00.000000+0000,POSTGAME_ACTUAL_STARTER_IDENTITY_ONLY,build_qb_pregame_features,00-0036971,00-0036389,0.01422835441759486,0.07151109350477203,2193.0,2074.0,0.05728273908717717
2024,9,REG,2024_09_LAC_CLE,LAC,CLE,2024-10-29T12:00:00.000000+0000,POSTGAME_ACTUAL_STARTER_IDENTITY_ONLY,build_qb_pregame_features,00-0036355,00-0031503,0.0944692014729542,0.06723140572891212,2809.0,1495.0,-0.027237795744042087
2024,9,REG,2024_09_LA_SEA,LAR,SEA,2024-10-29T12:00:00.000000+0000,POSTGAME_ACTUAL_STARTER_IDENTITY_ONLY,build_qb_pregame_features,00-0026498,00-0030565,0.09473000087659302,0.0383978366547531,3418.0,1634.0,-0.05633216422183992
2024,9,REG,2024_09_LV_CIN,LV,CIN,2024-10-29T12:00:00.000000+0000,POSTGAME_ACTUAL_STARTER_IDENTITY_ONLY,build_qb_pregame_features,00-0035289,00-0036442,-0.013784839126440483,0.11162334328579446,1754.0,2605.0,0.12540818241223495
2024,9,REG,2024_09_MIA_BUF,MIA,BUF,2024-10-29T12:00:00.000000+0000,POSTGAME_ACTUAL_STARTER_IDENTITY_ONLY,build_qb_pregame_features,00-0036212,00-0034857,0.10170279836632744,0.11839119661472848,1874.0,3953.0,0.016688398248401043
2024,9,REG,2024_09_NE_TEN,NE,TEN,2024-10-29T12:00:00.000000+0000,POSTGAME_ACTUAL_STARTER_IDENTITY_ONLY,build_qb_pregame_features,00-0039851,00-0034771,-0.06531893714623303,-0.03934718730508484,93.0,620.0,0.025971749841148195
2024,9,REG,2024_09_NO_CAR,NO,CAR,2024-10-29T12:00:00.000000+0000,POSTGAME_ACTUAL_STARTER_IDENTITY_ONLY,build_qb_pregame_features,00-0031280,00-0039150,0.07051840748000701,-0.22500590378796034,3653.0,700.0,-0.29552431126796735
2024,9,REG,2024_09_TB_KC,TB,KC,2024-10-29T12:00:00.000000+0000,POSTGAME_ACTUAL_STARTER_IDENTITY_ONLY,build_qb_pregame_features,00-0034855,00-0033873,0.05208608802654581,0.2251326589699946,3496.0,4645.0,0.17304657094344877
2024,9,REG,2024_09_WAS_NYG,WAS,NYG,2024-10-29T12:00:00.000000+0000,POSTGAME_ACTUAL_STARTER_IDENTITY_ONLY,build_qb_pregame_features,00-0039910,00-0035710,0.09303585833920225,-0.04951891332355994,223.0,2452.0,-0.1425547716627622
2024,10,REG,2024_10_ATL_NO,ATL,NO,2024-11-05T12:00:00.000000+0000,POSTGAME_ACTUAL_STARTER_IDENTITY_ONLY,build_qb_pregame_features,00-0029604,00-0031280,0.09088191176458468,0.07081605396190085,3698.0,3685.0,-0.02006585780268383
2024,10,REG,2024_10_BUF_IND,BUF,IND,2024-11-05T12:00:00.000000+0000,POSTGAME_ACTUAL_STARTER_IDENTITY_ONLY,build_qb_pregame_features,00-0034857,00-0026158,0.11940448670651592,-0.024715542177690925,3993.0,1475.0,-0.14412002888420683
2024,10,REG,2024_10_CIN_BAL,CIN,BAL,2024-11-05T12:00:00.000000+0000,POSTGAME_ACTUAL_STARTER_IDENTITY_ONLY,build_qb_pregame_features,00-0036442,00-0034796,0.11254043857639796,0.12105941171376794,2645.0,2770.0,0.008518973137369976
2024,10,REG,2024_10_DEN_KC,DEN,KC,2024-11-05T12:00:00.000000+0000,POSTGAME_ACTUAL_STARTER_IDENTITY_ONLY,build_qb_pregame_features,00-0039732,00-0033873,-0.08550680972654537,0.22616463792859426,309.0,4693.0,0.31167144765513966
2024,10,REG,2024_10_DET_HOU,DET,HOU,2024-11-05T12:00:00.000000+0000,POSTGAME_ACTUAL_STARTER_IDENTITY_ONLY,build_qb_pregame_features,00-0033106,00-0039163,0.098147876295261,0.062393479837926064,4101.0,917.0,-0.03575439645733494
2024,10,REG,2024_10_MIA_LA,MIA,LAR,2024-11-05T12:00:00.000000+0000,POSTGAME_ACTUAL_STARTER_IDENTITY_ONLY,build_qb_pregame_features,00-0036212,00-0026498,0.10859840117285839,0.0946373125601807,1903.0,3462.0,-0.013961088612677697
2024,10,REG,2024_10_MIN_JAX,MIN,JAX,2024-11-05T12:00:00.000000+0000,POSTGAME_ACTUAL_STARTER_IDENTITY_ONLY,build_qb_pregame_features,00-0034869,00-0036972,-0.06233716197095747,-0.028178789695777043,2208.0,1444.0,0.034158372275180426
2024,10,REG,2024_10_NE_CHI,NE,CHI,2024-11-05T12:00:00.000000+0000,POSTGAME_ACTUAL_STARTER_IDENTITY_ONLY,build_qb_pregame_features,00-0039851,00-0039918,-0.08720039422747608,-0.07405812039186206,138.0,293.0,0.013142273835614018
2024,10,REG,2024_10_NYG_CAR,NYG,CAR,2024-11-05T12:00:00.000000+0000,POSTGAME_ACTUAL_STARTER_IDENTITY_ONLY,build_qb_pregame_features,00-0035710,00-0039150,-0.04973538338683663,-0.21885249276209987,2480.0,727.0,-0.16911710937526322
2024,10,REG,2024_10_NYJ_ARI,NYJ,ARI,2024-11-05T12:00:00.000000+0000,POSTGAME_ACTUAL_STARTER_IDENTITY_ONLY,build_qb_pregame_features,00-0023459,00-0035228,0.13113678309810256,0.026705294776860906,3464.0,2690.0,-0.10443148832124166
2024,10,REG,2024_10_PHI_DAL,PHI,DAL,2024-11-05T12:00:00.000000+0000,POSTGAME_ACTUAL_STARTER_IDENTITY_ONLY,build_qb_pregame_features,00-0036389,00-0033662,0.0724328688050405,-0.04024999456732008,2101.0,283.0,-0.11268286337236058
2024,10,REG,2024_10_PIT_WAS,PIT,WAS,2024-11-05T12:00:00.000000+0000,POSTGAME_ACTUAL_STARTER_IDENTITY_ONLY,build_qb_pregame_features,00-0029263,00-0039910,0.058568133512146285,0.10935648363697342,3299.0,245.0,0.05078835012482714
2024,10,REG,2024_10_SF_TB,SF,TB,2024-11-05T12:00:00.000000+0000,POSTGAME_ACTUAL_STARTER_IDENTITY_ONLY,build_qb_pregame_features,00-0037834,00-0034855,0.1852004963930674,0.05366504208090633,1089.0,3529.0,-0.13153545431216107
2024,10,REG,2024_10_TEN_LAC,TEN,LAC,2024-11-05T12:00:00.000000+0000,POSTGAME_ACTUAL_STARTER_IDENTITY_ONLY,build_qb_pregame_features,00-0039152,00-0036355,-0.10877279132367976,0.09398600786194476,423.0,2842.0,0.2027587991856245
2024,11,REG,2024_11_ATL_DEN,ATL,DEN,2024-11-12T12:00:00.000000+0000,POSTGAME_ACTUAL_STARTER_IDENTITY_ONLY,build_qb_pregame_features,00-0029604,00-0039732,0.08965379129569322,-0.0681100727919132,3739.0,341.0,-0.1577638640876064
2024,11,REG,2024_11_BAL_PIT,BAL,PIT,2024-11-12T12:00:00.000000+0000,POSTGAME_ACTUAL_STARTER_IDENTITY_ONLY,build_qb_pregame_features,00-0034796,00-0029263,0.12658830635254087,0.06009702490231451,2803.0,3330.0,-0.06649128145022637
2024,11,REG,2024_11_CIN_LAC,CIN,LAC,2024-11-12T12:00:00.000000+0000,POSTGAME_ACTUAL_STARTER_IDENTITY_ONLY,build_qb_pregame_features,00-0036442,00-0036355,0.11447386392902818,0.0966928136912184,2704.0,2860.0,-0.01778105023780978
2024,11,REG,2024_11_CLE_NO,CLE,NO,2024-11-12T12:00:00.000000+0000,POSTGAME_ACTUAL_STARTER_IDENTITY_ONLY,build_qb_pregame_features,00-0031503,00-0031280,0.05430492116048495,0.07200574355818672,1547.0,3710.0,0.017700822397701765
2024,11,REG,2024_11_GB_CHI,GB,CHI,2024-11-12T12:00:00.000000+0000,POSTGAME_ACTUAL_STARTER_IDENTITY_ONLY,build_qb_pregame_features,00-0036264,00-0039918,0.08900190315408366,-0.1032972381555633,997.0,332.0,-0.19229914130964695
2024,11,REG,2024_11_HOU_DAL,HOU,DAL,2024-11-12T12:00:00.000000+0000,POSTGAME_ACTUAL_STARTER_IDENTITY_ONLY,build_qb_pregame_features,00-0039163,00-0033662,0.05587011572109553,-0.06887701695503622,954.0,307.0,-0.12474713267613174
2024,11,REG,2024_11_IND_NYJ,IND,NYJ,2024-11-12T12:00:00.000000+0000,POSTGAME_ACTUAL_STARTER_IDENTITY_ONLY,build_qb_pregame_features,00-0039164,00-0023459,-0.07475302512812387,0.12699860118356826,233.0,3502.0,0.20175162631169213
2024,11,REG,2024_11_JAX_DET,JAX,DET,2024-11-12T12:00:00.000000+0000,POSTGAME_ACTUAL_STARTER_IDENTITY_ONLY,build_qb_pregame_features,00-0036972,00-0033106,-0.03270461320315933,0.09698954507438347,1469.0,4131.0,0.1296941582775428
2024,11,REG,2024_11_KC_BUF,KC,BUF,2024-11-12T12:00:00.000000+0000,POSTGAME_ACTUAL_STARTER_IDENTITY_ONLY,build_qb_pregame_features,00-0033873,00-0034857,0.2249237937907485,0.11680451960596508,4739.0,4032.0,-0.10811927418478343
2024,11,REG,2024_11_LA_NE,LAR,NE,2024-11-12T12:00:00.000000+0000,POSTGAME_ACTUAL_STARTER_IDENTITY_ONLY,build_qb_pregame_features,00-0026498,00-0039851,0.09157886412557369,-0.0846142429617752,3512.0,164.0,-0.17619310708734887
2024,11,REG,2024_11_LV_MIA,LV,MIA,2024-11-12T12:00:00.000000+0000,POSTGAME_ACTUAL_STARTER_IDENTITY_ONLY,build_qb_pregame_features,00-0035289,00-0036212,-0.013182217633373426,0.10647513330026039,1772.0,1934.0,0.1196573509336338
2024,11,REG,2024_11_MIN_TEN,MIN,TEN,2024-11-12T12:00:00.000000+0000,POSTGAME_ACTUAL_STARTER_IDENTITY_ONLY,build_qb_pregame_features,00-0034869,00-0039152,-0.06233221853257717,-0.10330593321187148,2247.0,453.0,-0.04097371467929431
2024,11,REG,2024_11_SEA_SF,SEA,SF,2024-11-12T12:00:00.000000+0000,POSTGAME_ACTUAL_STARTER_IDENTITY_ONLY,build_qb_pregame_features,00-0030565,00-0037834,0.03515743568533956,0.19248050891826482,1675.0,1128.0,0.15732307323292527
2024,11,REG,2024_11_WAS_PHI,WAS,PHI,2024-11-12T12:00:00.000000+0000,POSTGAME_ACTUAL_STARTER_IDENTITY_ONLY,build_qb_pregame_features,00-0039910,00-0036389,0.08473832064726007,0.07006193462316361,282.0,2126.0,-0.01467638602409646
2024,12,REG,2024_12_ARI_SEA,ARI,SEA,2024-11-19T12:00:00.000000+0000,POSTGAME_ACTUAL_STARTER_IDENTITY_ONLY,build_qb_pregame_features,00-0035228,00-0030565,0.032674527113387745,0.03417815957378991,2715.0,1711.0,0.0015036324604021656
2024,12,REG,2024_12_BAL_LAC,BAL,LAC,2024-11-19T12:00:00.000000+0000,POSTGAME_ACTUAL_STARTER_IDENTITY_ONLY,build_qb_pregame_features,00-0034796,00-0036355,0.12432008706314814,0.0961597872945344,2838.0,2898.0,-0.028160299768613742
2024,12,REG,2024_12_DAL_WAS,DAL,WAS,2024-11-19T12:00:00.000000+0000,POSTGAME_ACTUAL_STARTER_IDENTITY_ONLY,build_qb_pregame_features,00-0033662,00-0039910,-0.08380769443070622,0.08211414314057551,367.0,317.0,0.16592183757128173
2024,12,REG,2024_12_DEN_LV,DEN,LV,2024-11-19T12:00:00.000000+0000,POSTGAME_ACTUAL_STARTER_IDENTITY_ONLY,build_qb_pregame_features,00-0039732,00-0035289,-0.027254349881767646,-0.010489713047083387,375.0,1818.0,0.01676463683468426
2024,12,REG,2024_12_DET_IND,DET,IND,2024-11-19T12:00:00.000000+0000,POSTGAME_ACTUAL_STARTER_IDENTITY_ONLY,build_qb_pregame_features,00-0033106,00-0039164,0.10417548753389738,-0.05309816817051792,4160.0,265.0,-0.15727365570441532
2024,12,REG,2024_12_KC_CAR,KC,CAR,2024-11-19T12:00:00.000000+0000,POSTGAME_ACTUAL_STARTER_IDENTITY_ONLY,build_qb_pregame_features,00-0033873,00-0039150,0.22447990431045073,-0.21524391240418722,4774.0,753.0,-0.43972381671463795
2024,12,REG,2024_12_MIN_CHI,MIN,CHI,2024-11-19T12:00:00.000000+0000,POSTGAME_ACTUAL_STARTER_IDENTITY_ONLY,build_qb_pregame_features,00-0034869,00-0039918,-0.058477122673332084,-0.09206083552302077,2281.0,366.0,-0.03358371284968869
2024,12,REG,2024_12_NE_MIA,NE,MIA,2024-11-19T12:00:00.000000+0000,POSTGAME_ACTUAL_STARTER_IDENTITY_ONLY,build_qb_pregame_features,00-0039851,00-0036212,-0.052044663405052885,0.1156952319870903,206.0,1972.0,0.16773989539214318
2024,12,REG,2024_12_PHI_LA,PHI,LAR,2024-11-19T12:00:00.000000+0000,POSTGAME_ACTUAL_STARTER_IDENTITY_ONLY,build_qb_pregame_features,00-0036389,00-0026498,0.06954934670284894,0.09537581426771435,2156.0,3539.0,0.02582646756486541
2024,12,REG,2024_12_PIT_CLE,PIT,CLE,2024-11-19T12:00:00.000000+0000,POSTGAME_ACTUAL_STARTER_IDENTITY_ONLY,build_qb_pregame_features,00-0029263,00-0031503,0.05627484754887289,0.057813330924304504,3370.0,1596.0,0.0015384833754316166
2024,12,REG,2024_12_SF_GB,SF,GB,2024-11-19T12:00:00.000000+0000,POSTGAME_ACTUAL_STARTER_IDENTITY_ONLY,build_qb_pregame_features,00-0032434,00-0036264,-0.09842144024507356,0.09793656155000842,284.0,1015.0,0.19635800179508198
2024,12,REG,2024_12_TB_NYG,TB,NYG,2024-11-19T12:00:00.000000+0000,POSTGAME_ACTUAL_STARTER_IDENTITY_ONLY,build_qb_pregame_features,00-0034855,00-0038476,0.05282565771183142,-0.13009773056149565,3560.0,215.0,-0.18292338827332708
2024,12,REG,2024_12_TEN_HOU,TEN,HOU,2024-11-19T12:00:00.000000+0000,POSTGAME_ACTUAL_STARTER_IDENTITY_ONLY,build_qb_pregame_features,00-0039152,00-0039163,-0.09601527373542451,0.05960950613487715,489.0,989.0,0.15562477987030165
2024,13,REG,2024_13_ARI_MIN,ARI,MIN,2024-11-26T12:00:00.000000+0000,POSTGAME_ACTUAL_STARTER_IDENTITY_ONLY,build_qb_pregame_features,00-0035228,00-0034869,0.03059307202104871,-0.05369235816249237,2757.0,2318.0,-0.08428543018354108
2024,13,REG,2024_13_CHI_DET,CHI,DET,2024-11-26T12:00:00.000000+0000,POSTGAME_ACTUAL_STARTER_IDENTITY_ONLY,build_qb_pregame_features,00-0039918,00-0033106,-0.07763444939297859,0.10532269905620122,416.0,4199.0,0.18295714844917982
2024,13,REG,2024_13_CLE_DEN,CLE,DEN,2024-11-26T12:00:00.000000+0000,POSTGAME_ACTUAL_STARTER_IDENTITY_ONLY,build_qb_pregame_features,00-0031503,00-0039732,0.05649019768479498,-0.012710258589340832,1624.0,418.0,-0.0692004562741358
2024,13,REG,2024_13_HOU_JAX,HOU,JAX,2024-11-26T12:00:00.000000+0000,POSTGAME_ACTUAL_STARTER_IDENTITY_ONLY,build_qb_pregame_features,00-0039163,00-0036971,0.053161240450377414,0.010524921441144404,1026.0,2226.0,-0.04263631900923301
2024,13,REG,2024_13_IND_NE,IND,NE,2024-11-26T12:00:00.000000+0000,POSTGAME_ACTUAL_STARTER_IDENTITY_ONLY,build_qb_pregame_features,00-0039164,00-0039851,-0.055256254761680605,-0.07033526659937606,293.0,247.0,-0.015079011837695451
2024,13,REG,2024_13_LAC_ATL,LAC,ATL,2024-11-26T12:00:00.000000+0000,POSTGAME_ACTUAL_STARTER_IDENTITY_ONLY,build_qb_pregame_features,00-0036355,00-0029604,0.094469854857555,0.08728568079353513,2938.0,3769.0,-0.007184174064019874
2024,13,REG,2024_13_LA_NO,LAR,NO,2024-11-26T12:00:00.000000+0000,POSTGAME_ACTUAL_STARTER_IDENTITY_ONLY,build_qb_pregame_features,00-0026498,00-0031280,0.09544060365428078,0.07463437544351158,3580.0,3738.0,-0.020806228210769204
2024,13,REG,2024_13_LV_KC,LV,KC,2024-11-26T12:00:00.000000+0000,POSTGAME_ACTUAL_STARTER_IDENTITY_ONLY,build_qb_pregame_features,00-0038579,00-0033873,-0.04448315565338123,0.2244422954644483,452.0,4816.0,0.2689254511178295
2024,13,REG,2024_13_MIA_GB,MIA,GB,2024-11-26T12:00:00.000000+0000,POSTGAME_ACTUAL_STARTER_IDENTITY_ONLY,build_qb_pregame_features,00-0036212,00-0036264,0.11933370061306649,0.10107681263156888,2014.0,1040.0,-0.018256887981497605
2024,13,REG,2024_13_NYG_DAL,NYG,DAL,2024-11-26T12:00:00.000000+0000,POSTGAME_ACTUAL_STARTER_IDENTITY_ONLY,build_qb_pregame_features,00-0035704,00-0033662,-0.04453637218972007,-0.06612931850728197,835.0,400.0,-0.021592946317561902
2024,13,REG,2024_13_PHI_BAL,PHI,BAL,2024-11-26T12:00:00.000000+0000,POSTGAME_ACTUAL_STARTER_IDENTITY_ONLY,build_qb_pregame_features,00-0036389,00-0034796,0.0720301528724627,0.1260637491203682,2179.0,2861.0,0.05403359624790549
2024,13,REG,2024_13_PIT_CIN,PIT,CIN,2024-11-26T12:00:00.000000+0000,POSTGAME_ACTUAL_STARTER_IDENTITY_ONLY,build_qb_pregame_features,00-0029263,00-0036442,0.05786041398475938,0.11459391974392134,3402.0,2757.0,0.056733505759161966
2024,13,REG,2024_13_SEA_NYJ,SEA,NYJ,2024-11-26T12:00:00.000000+0000,POSTGAME_ACTUAL_STARTER_IDENTITY_ONLY,build_qb_pregame_features,00-0030565,00-0023459,0.0346131339229199,0.1258539717424442,1747.0,3534.0,0.0912408378195243
2024,13,REG,2024_13_SF_BUF,SF,BUF,2024-11-26T12:00:00.000000+0000,POSTGAME_ACTUAL_STARTER_IDENTITY_ONLY,build_qb_pregame_features,00-0037834,00-0034857,0.18896807355243656,0.11711396979339049,1158.0,4072.0,-0.07185410375904606
2024,13,REG,2024_13_TB_CAR,TB,CAR,2024-11-26T12:00:00.000000+0000,POSTGAME_ACTUAL_STARTER_IDENTITY_ONLY,build_qb_pregame_features,00-0034855,00-0039150,0.05704803039966984,-0.20077158428369105,3590.0,790.0,-0.2578196146833609
2024,13,REG,2024_13_TEN_WAS,TEN,WAS,2024-11-26T12:00:00.000000+0000,POSTGAME_ACTUAL_STARTER_IDENTITY_ONLY,build_qb_pregame_features,00-0039152,00-0039910,-0.09494371811344275,0.06695785544018201,521.0,359.0,0.16190157355362478
2024,14,REG,2024_14_ATL_MIN,ATL,MIN,2024-12-03T12:00:00.000000+0000,POSTGAME_ACTUAL_STARTER_IDENTITY_ONLY,build_qb_pregame_features,00-0029604,00-0034869,0.08341569773149367,-0.05261057111606608,3809.0,2354.0,-0.13602626884755975
2024,14,REG,2024_14_BUF_LA,BUF,LAR,2024-12-03T12:00:00.000000+0000,POSTGAME_ACTUAL_STARTER_IDENTITY_ONLY,build_qb_pregame_features,00-0034857,00-0026498,0.11844064315556142,0.09488499548651133,4089.0,3606.0,-0.023555647669050092
2024,14,REG,2024_14_CAR_PHI,CAR,PHI,2024-12-03T12:00:00.000000+0000,POSTGAME_ACTUAL_STARTER_IDENTITY_ONLY,build_qb_pregame_features,00-0039150,00-0036389,-0.18679445242185302,0.07081104148885344,837.0,2200.0,0.2576054939107065
2024,14,REG,2024_14_CHI_SF,CHI,SF,2024-12-03T12:00:00.000000+0000,POSTGAME_ACTUAL_STARTER_IDENTITY_ONLY,build_qb_pregame_features,00-0039918,00-0037834,-0.07469949104333538,0.1819934562121497,460.0,1178.0,0.2566929472554851
2024,14,REG,2024_14_CIN_DAL,CIN,DAL,2024-12-03T12:00:00.000000+0000,POSTGAME_ACTUAL_STARTER_IDENTITY_ONLY,build_qb_pregame_features,00-0036442,00-0033662,0.11267364387225186,-0.06662160286989645,2799.0,436.0,-0.1792952467421483
2024,14,REG,2024_14_CLE_PIT,CLE,PIT,2024-12-03T12:00:00.000000+0000,POSTGAME_ACTUAL_STARTER_IDENTITY_ONLY,build_qb_pregame_features,00-0031503,00-0029263,0.05342639451317484,0.06158853909664359,1685.0,3442.0,0.008162144583468749
2024,14,REG,2024_14_GB_DET,GB,DET,2024-12-03T12:00:00.000000+0000,POSTGAME_ACTUAL_STARTER_IDENTITY_ONLY,build_qb_pregame_features,00-0036264,00-0033106,0.10882129876767506,0.10610496910243315,1068.0,4234.0,-0.0027163296652419067
2024,14,REG,2024_14_JAX_TEN,JAX,TEN,2024-12-03T12:00:00.000000+0000,POSTGAME_ACTUAL_STARTER_IDENTITY_ONLY,build_qb_pregame_features,00-0036972,00-0039152,-0.029847854935252216,-0.0874128026424116,1531.0,560.0,-0.05756494770715938
2024,14,REG,2024_14_LAC_KC,LAC,KC,2024-12-03T12:00:00.000000+0000,POSTGAME_ACTUAL_STARTER_IDENTITY_ONLY,build_qb_pregame_features,00-0036355,00-0033873,0.0923624249110729,0.22263058095985871,2966.0,4867.0,0.13026815604878583
2024,14,REG,2024_14_LV_TB,LV,TB,2024-12-03T12:00:00.000000+0000,POSTGAME_ACTUAL_STARTER_IDENTITY_ONLY,build_qb_pregame_features,00-0038579,00-0034855,-0.030063666048051718,0.05445174441535178,490.0,3627.0,0.0845154104634035
2024,14,REG,2024_14_NO_NYG,NO,NYG,2024-12-03T12:00:00.000000+0000,POSTGAME_ACTUAL_STARTER_IDENTITY_ONLY,build_qb_pregame_features,00-0031280,00-0035704,0.07347996847592703,-0.05963243265906791,3775.0,873.0,-0.13311240113499495
2024,14,REG,2024_14_NYJ_MIA,NYJ,MIA,2024-12-03T12:00:00.000000+0000,POSTGAME_ACTUAL_STARTER_IDENTITY_ONLY,build_qb_pregame_features,00-0023459,00-0036212,0.1207785380942271,0.12176601714114413,3575.0,2065.0,0.0009874790469170253
2024,14,REG,2024_14_SEA_ARI,SEA,ARI,2024-12-03T12:00:00.000000+0000,POSTGAME_ACTUAL_STARTER_IDENTITY_ONLY,build_qb_pregame_features,00-0030565,00-0035228,0.0332880082371829,0.03041944652516601,1781.0,2803.0,-0.0028685617120168885
2024,15,REG,2024_15_ATL_LV,ATL,LV,2024-12-10T12:00:00.000000+0000,POSTGAME_ACTUAL_STARTER_IDENTITY_ONLY,build_qb_pregame_features,00-0029604,00-0038122,0.08279230849714915,-0.05385416369707663,3847.0,594.0,-0.13664647219422577
2024,15,REG,2024_15_BAL_NYG,BAL,NYG,2024-12-10T12:00:00.000000+0000,POSTGAME_ACTUAL_STARTER_IDENTITY_ONLY,build_qb_pregame_features,00-0034796,00-0038476,0.12420113145343907,-0.13337053809438124,2900.0,250.0,-0.2575716695478203
2024,15,REG,2024_15_BUF_DET,BUF,DET,2024-12-10T12:00:00.000000+0000,POSTGAME_ACTUAL_STARTER_IDENTITY_ONLY,build_qb_pregame_features,00-0034857,00-0033106,0.12143226434853052,0.10777825270026374,4126.0,4276.0,-0.013654011648266781
2024,15,REG,2024_15_CHI_MIN,CHI,MIN,2024-12-10T12:00:00.000000+0000,POSTGAME_ACTUAL_STARTER_IDENTITY_ONLY,build_qb_pregame_features,00-0039918,00-0034869,-0.08095040373289866,-0.043498472093701515,490.0,2386.0,0.03745193163919715
2024,15,REG,2024_15_CIN_TEN,CIN,TEN,2024-12-10T12:00:00.000000+0000,POSTGAME_ACTUAL_STARTER_IDENTITY_ONLY,build_qb_pregame_features,00-0036442,00-0039152,0.1144652989663894,-0.09715779091878063,2845.0,594.0,-0.21162308988517003
2024,15,REG,2024_15_DAL_CAR,DAL,CAR,2024-12-10T12:00:00.000000+0000,POSTGAME_ACTUAL_STARTER_IDENTITY_ONLY,build_qb_pregame_features,00-0033662,00-0039150,-0.0715446419010247,-0.1778590477985548,470.0,872.0,-0.10631440589753009
2024,15,REG,2024_15_GB_SEA,GB,SEA,2024-12-10T12:00:00.000000+0000,POSTGAME_ACTUAL_STARTER_IDENTITY_ONLY,build_qb_pregame_features,00-0036264,00-0030565,0.11209878730697373,0.036503357663938585,1089.0,1811.0,-0.07559542964303514
2024,15,REG,2024_15_IND_DEN,IND,DEN,2024-12-10T12:00:00.000000+0000,POSTGAME_ACTUAL_STARTER_IDENTITY_ONLY,build_qb_pregame_features,00-0039164,00-0039732,-0.05542520117622881,-0.0072018554259108535,317.0,453.0,0.048223345750317954
2024,15,REG,2024_15_KC_CLE,KC,CLE,2024-12-10T12:00:00.000000+0000,POSTGAME_ACTUAL_STARTER_IDENTITY_ONLY,build_qb_pregame_features,00-0033873,00-0031503,0.22108150460064072,0.047162023412258794,4907.0,1729.0,-0.1739194811883819
2024,15,REG,2024_15_LA_SF,LAR,SF,2024-12-10T12:00:00.000000+0000,POSTGAME_ACTUAL_STARTER_IDENTITY_ONLY,build_qb_pregame_features,00-0026498,00-0037834,0.10083202549293427,0.19464773660037676,3636.0,1204.0,0.0938157111074425
2024,15,REG,2024_15_MIA_HOU,MIA,HOU,2024-12-10T12:00:00.000000+0000,POSTGAME_ACTUAL_STARTER_IDENTITY_ONLY,build_qb_pregame_features,00-0036212,00-0039163,0.12860566237234414,0.05385988591119673,2112.0,1062.0,-0.07474577646114741
2024,15,REG,2024_15_NE_ARI,NE,ARI,2024-12-10T12:00:00.000000+0000,POSTGAME_ACTUAL_STARTER_IDENTITY_ONLY,build_qb_pregame_features,00-0039851,00-0035228,-0.051799127221813235,0.028570502079272635,281.0,2843.0,0.08036962930108588
2024,15,REG,2024_15_NYJ_JAX,NYJ,JAX,2024-12-10T12:00:00.000000+0000,POSTGAME_ACTUAL_STARTER_IDENTITY_ONLY,build_qb_pregame_features,00-0023459,00-0036972,0.12326282773822374,-0.02626825674156319,3617.0,1563.0,-0.1495310844797869
2024,15,REG,2024_15_PIT_PHI,PIT,PHI,2024-12-10T12:00:00.000000+0000,POSTGAME_ACTUAL_STARTER_IDENTITY_ONLY,build_qb_pregame_features,00-0029263,00-0036389,0.06095287053018114,0.06952257449420263,3469.0,2225.0,0.008569703964021486
2024,15,REG,2024_15_TB_LAC,TB,LAC,2024-12-10T12:00:00.000000+0000,POSTGAME_ACTUAL_STARTER_IDENTITY_ONLY,build_qb_pregame_features,00-0034855,00-0036355,0.055163602929338494,0.0938809216634346,3660.0,2999.0,0.03871731873409611
2024,15,REG,2024_15_WAS_NO,WAS,NO,2024-12-10T12:00:00.000000+0000,POSTGAME_ACTUAL_STARTER_IDENTITY_ONLY,build_qb_pregame_features,00-0039910,00-0038998,0.0795211126580565,-0.06327315617763918,391.0,32.0,-0.14279426883569568
2024,16,REG,2024_16_ARI_CAR,ARI,CAR,2024-12-17T12:00:00.000000+0000,POSTGAME_ACTUAL_STARTER_IDENTITY_ONLY,build_qb_pregame_features,00-0035228,00-0039150,0.03220428886743566,-0.18128330326294523,2873.0,906.0,-0.21348759213038088
2024,16,REG,2024_16_CLE_CIN,CLE,CIN,2024-12-17T12:00:00.000000+0000,POSTGAME_ACTUAL_STARTER_IDENTITY_ONLY,build_qb_pregame_features,00-0038583,00-0036442,-0.19128502052781746,0.1153649182968554,153.0,2883.0,0.30664993882467284
2024,16,REG,2024_16_DEN_LAC,DEN,LAC,2024-12-17T12:00:00.000000+0000,POSTGAME_ACTUAL_STARTER_IDENTITY_ONLY,build_qb_pregame_features,00-0039732,00-0036355,-0.02723949458588308,0.08955582628662881,487.0,3035.0,0.11679532087251189
2024,16,REG,2024_16_DET_CHI,DET,CHI,2024-12-17T12:00:00.000000+0000,POSTGAME_ACTUAL_STARTER_IDENTITY_ONLY,build_qb_pregame_features,00-0033106,00-0039918,0.11242442706343239,-0.08320419896413364,4338.0,523.0,-0.19562862602756603
2024,16,REG,2024_16_HOU_KC,HOU,KC,2024-12-17T12:00:00.000000+0000,POSTGAME_ACTUAL_STARTER_IDENTITY_ONLY,build_qb_pregame_features,00-0039163,00-0033873,0.04808989689920359,0.21848185605019083,1092.0,4945.0,0.17039195915098723
2024,16,REG,2024_16_JAX_LV,JAX,LV,2024-12-17T12:00:00.000000+0000,POSTGAME_ACTUAL_STARTER_IDENTITY_ONLY,build_qb_pregame_features,00-0036972,00-0038579,-0.02308247384681332,-0.03935578276407807,1611.0,510.0,-0.01627330891726475
2024,16,REG,2024_16_LA_NYJ,LAR,NYJ,2024-12-17T12:00:00.000000+0000,POSTGAME_ACTUAL_STARTER_IDENTITY_ONLY,build_qb_pregame_features,00-0026498,00-0023459,0.09848264514629539,0.1258859200145667,3663.0,3648.0,0.027403274868271307
2024,16,REG,2024_16_MIN_SEA,MIN,SEA,2024-12-17T12:00:00.000000+0000,POSTGAME_ACTUAL_STARTER_IDENTITY_ONLY,build_qb_pregame_features,00-0034869,00-0030565,-0.04168029193304726,0.03381927892183543,2428.0,1833.0,0.07549957085488268
2024,16,REG,2024_16_NE_BUF,NE,BUF,2024-12-17T12:00:00.000000+0000,POSTGAME_ACTUAL_STARTER_IDENTITY_ONLY,build_qb_pregame_features,00-0039851,00-0034857,-0.04321104517879061,0.12519194718162807,306.0,4160.0,0.16840299236041867
2024,16,REG,2024_16_NO_GB,NO,GB,2024-12-17T12:00:00.000000+0000,POSTGAME_ACTUAL_STARTER_IDENTITY_ONLY,build_qb_pregame_features,00-0039376,00-0036264,-0.13517363328191884,0.11797926196531522,134.0,1116.0,0.25315289524723406
2024,16,REG,2024_16_NYG_ATL,NYG,ATL,2024-12-17T12:00:00.000000+0000,POSTGAME_ACTUAL_STARTER_IDENTITY_ONLY,build_qb_pregame_features,00-0035704,00-0039917,-0.06658001606786393,-0.03560692010909406,924.0,6.0,0.030973095958769868
2024,16,REG,2024_16_PHI_WAS,PHI,WAS,2024-12-17T12:00:00.000000+0000,POSTGAME_ACTUAL_STARTER_IDENTITY_ONLY,build_qb_pregame_features,00-0036389,00-0039910,0.07692604665007793,0.07758867657861951,2260.0,430.0,0.0006626299285415749
2024,16,REG,2024_16_PIT_BAL,PIT,BAL,2024-12-17T12:00:00.000000+0000,POSTGAME_ACTUAL_STARTER_IDENTITY_ONLY,build_qb_pregame_features,00-0029263,00-0034796,0.05898239698951543,0.13089497579787035,3493.0,2927.0,0.07191257880835492
2024,16,REG,2024_16_SF_MIA,SF,MIA,2024-12-17T12:00:00.000000+0000,POSTGAME_ACTUAL_STARTER_IDENTITY_ONLY,build_qb_pregame_features,00-0037834,00-0036212,0.18349427461238643,0.12274079719157524,1238.0,2155.0,-0.06075347742081119
2024,16,REG,2024_16_TB_DAL,TB,DAL,2024-12-17T12:00:00.000000+0000,POSTGAME_ACTUAL_STARTER_IDENTITY_ONLY,build_qb_pregame_features,00-0034855,00-0033662,0.059450434838378516,-0.05309541378333889,3688.0,500.0,-0.1125458486217174
2024,16,REG,2024_16_TEN_IND,TEN,IND,2024-12-17T12:00:00.000000+0000,POSTGAME_ACTUAL_STARTER_IDENTITY_ONLY,build_qb_pregame_features,00-0034771,00-0039164,-0.020391447685768897,-0.07787010647896747,680.0,357.0,-0.05747865879319858
2024,17,REG,2024_17_ARI_LA,ARI,LAR,2024-12-24T12:00:00.000000+0000,POSTGAME_ACTUAL_STARTER_IDENTITY_ONLY,build_qb_pregame_features,00-0035228,00-0026498,0.032271951811619265,0.09883556153903439,2908.0,3682.0,0.06656360972741512
2024,17,REG,2024_17_ATL_WAS,ATL,WAS,2024-12-24T12:00:00.000000+0000,POSTGAME_ACTUAL_STARTER_IDENTITY_ONLY,build_qb_pregame_features,00-0039917,00-0039910,-0.01003172530663518,0.07923140070956705,33.0,470.0,0.08926312601620223
2024,17,REG,2024_17_BAL_HOU,BAL,HOU,2024-12-24T12:00:00.000000+0000,POSTGAME_ACTUAL_STARTER_IDENTITY_ONLY,build_qb_pregame_features,00-0034796,00-0039163,0.1321644499939863,0.051093109378340995,2951.0,1133.0,-0.0810713406156453
2024,17,REG,2024_17_CAR_TB,CAR,TB,2024-12-24T12:00:00.000000+0000,POSTGAME_ACTUAL_STARTER_IDENTITY_ONLY,build_qb_pregame_features,00-0039150,00-0034855,-0.17600597842512508,0.059305811787499135,935.0,3735.0,0.23531179021262422
2024,17,REG,2024_17_DAL_PHI,DAL,PHI,2024-12-24T12:00:00.000000+0000,POSTGAME_ACTUAL_STARTER_IDENTITY_ONLY,build_qb_pregame_features,00-0033662,00-0038102,-0.03866359668317343,-0.05690990153649038,536.0,794.0,-0.01824630485331695
2024,17,REG,2024_17_DEN_CIN,DEN,CIN,2024-12-24T12:00:00.000000+0000,POSTGAME_ACTUAL_STARTER_IDENTITY_ONLY,build_qb_pregame_features,00-0039732,00-0036442,-0.0166836164346602,0.11511107745434475,529.0,2917.0,0.13179469388900494
2024,17,REG,2024_17_DET_SF,DET,SF,2024-12-24T12:00:00.000000+0000,POSTGAME_ACTUAL_STARTER_IDENTITY_ONLY,build_qb_pregame_features,00-0033106,00-0037834,0.11502067835877337,0.1816055614123504,4371.0,1281.0,0.06658488305357703
2024,17,REG,2024_17_GB_MIN,GB,MIN,2024-12-24T12:00:00.000000+0000,POSTGAME_ACTUAL_STARTER_IDENTITY_ONLY,build_qb_pregame_features,00-0036264,00-0034869,0.11791334455358651,-0.038023463223231066,1144.0,2466.0,-0.15593680777681757
2024,17,REG,2024_17_IND_NYG,IND,NYG,2024-12-24T12:00:00.000000+0000,POSTGAME_ACTUAL_STARTER_IDENTITY_ONLY,build_qb_pregame_features,00-0026158,00-0035704,-0.030907050664433992,-0.08162544792438056,1514.0,966.0,-0.05071839725994657
2024,17,REG,2024_17_KC_PIT,KC,PIT,2024-12-24T12:00:00.000000+0000,POSTGAME_ACTUAL_STARTER_IDENTITY_ONLY,build_qb_pregame_features,00-0033873,00-0029263,0.21854080943491871,0.05673941268650744,4987.0,3529.0,-0.16180139674841126
2024,17,REG,2024_17_LAC_NE,LAC,NE,2024-12-24T12:00:00.000000+0000,POSTGAME_ACTUAL_STARTER_IDENTITY_ONLY,build_qb_pregame_features,00-0036355,00-0039851,0.0923655961861595,-0.03307548011259013,3068.0,344.0,-0.12544107629874962
2024,17,REG,2024_17_LV_NO,LV,NO,2024-12-24T12:00:00.000000+0000,POSTGAME_ACTUAL_STARTER_IDENTITY_ONLY,build_qb_pregame_features,00-0038579,00-0039376,-0.03767440947668854,-0.16648315254937676,550.0,167.0,-0.12880874307268822
2024,17,REG,2024_17_MIA_CLE,MIA,CLE,2024-12-24T12:00:00.000000+0000,POSTGAME_ACTUAL_STARTER_IDENTITY_ONLY,build_qb_pregame_features,00-0035993,00-0038583,-0.09412120241700811,-0.2145633565764709,489.0,192.0,-0.1204421541594628
2024,17,REG,2024_17_NYJ_BUF,NYJ,BUF,2024-12-24T12:00:00.000000+0000,POSTGAME_ACTUAL_STARTER_IDENTITY_ONLY,build_qb_pregame_features,00-0023459,00-0034857,0.1251820592344386,0.12467995756619313,3691.0,4190.0,-0.0005021016682454638
2024,17,REG,2024_17_SEA_CHI,SEA,CHI,2024-12-24T12:00:00.000000+0000,POSTGAME_ACTUAL_STARTER_IDENTITY_ONLY,build_qb_pregame_features,00-0030565,00-0039918,0.033220679803891734,-0.05705597279876792,1878.0,565.0,-0.09027665260265966
2024,17,REG,2024_17_TEN_JAX,TEN,JAX,2024-12-24T12:00:00.000000+0000,POSTGAME_ACTUAL_STARTER_IDENTITY_ONLY,build_qb_pregame_features,00-0034771,00-0036972,-0.015844616679517864,-0.02551285950683619,715.0,1651.0,-0.009668242827318325
2024,18,REG,2024_18_BUF_NE,BUF,NE,2024-12-31T12:00:00.000000+0000,POSTGAME_ACTUAL_STARTER_IDENTITY_ONLY,build_qb_pregame_features,00-0034857,00-0039851,0.12618604810928738,-0.05428696277213914,4217.0,370.0,-0.18047301088142653
2024,18,REG,2024_18_CAR_ATL,CAR,ATL,2024-12-31T12:00:00.000000+0000,POSTGAME_ACTUAL_STARTER_IDENTITY_ONLY,build_qb_pregame_features,00-0039150,00-0039917,-0.17352187027962884,-0.010461540565754174,968.0,70.0,0.16306032971387466
2024,18,REG,2024_18_CHI_GB,CHI,GB,2024-12-31T12:00:00.000000+0000,POSTGAME_ACTUAL_STARTER_IDENTITY_ONLY,build_qb_pregame_features,00-0039918,00-0036264,-0.0657870390216033,0.11587703006710519,600.0,1177.0,0.18166406908870847
2024,18,REG,2024_18_CIN_PIT,CIN,PIT,2024-12-31T12:00:00.000000+0000,POSTGAME_ACTUAL_STARTER_IDENTITY_ONLY,build_qb_pregame_features,00-0036442,00-0029263,0.11869905450008589,0.05224482693172987,2973.0,3571.0,-0.06645422756835602
2024,18,REG,2024_18_CLE_BAL,CLE,BAL,2024-12-31T12:00:00.000000+0000,POSTGAME_ACTUAL_STARTER_IDENTITY_ONLY,build_qb_pregame_features,00-0038108,00-0034796,-0.1393257498229581,0.13415074760700543,335.0,2967.0,0.2734764974299635
2024,18,REG,2024_18_HOU_TEN,HOU,TEN,2024-12-31T12:00:00.000000+0000,POSTGAME_ACTUAL_STARTER_IDENTITY_ONLY,build_qb_pregame_features,00-0039163,00-0039152,0.03750891732650211,-0.11053336868935307,1169.0,607.0,-0.14804228601585517
2024,18,REG,2024_18_JAX_IND,JAX,IND,2024-12-31T12:00:00.000000+0000,POSTGAME_ACTUAL_STARTER_IDENTITY_ONLY,build_qb_pregame_features,00-0036972,00-0026158,-0.021351305586484022,-0.026177198612903345,1675.0,1554.0,-0.004825893026419323
2024,18,REG,2024_18_KC_DEN,KC,DEN,2024-12-31T12:00:00.000000+0000,POSTGAME_ACTUAL_STARTER_IDENTITY_ONLY,build_qb_pregame_features,00-0032950,00-0039732,-0.008321240202351112,-0.004529821826217882,2446.0,562.0,0.00379141837613323
2024,18,REG,2024_18_LAC_LV,LAC,LV,2024-12-31T12:00:00.000000+0000,POSTGAME_ACTUAL_STARTER_IDENTITY_ONLY,build_qb_pregame_features,00-0036355,00-0038579,0.09744359498318042,-0.024086713330120774,3106.0,586.0,-0.1215303083133012
2024,18,REG,2024_18_MIA_NYJ,MIA,NYJ,2024-12-31T12:00:00.000000+0000,POSTGAME_ACTUAL_STARTER_IDENTITY_ONLY,build_qb_pregame_features,00-0035993,00-0023459,-0.08412836052402266,0.12115709464747329,519.0,3713.0,0.20528545517149593
2024,18,REG,2024_18_MIN_DET,MIN,DET,2024-12-31T12:00:00.000000+0000,POSTGAME_ACTUAL_STARTER_IDENTITY_ONLY,build_qb_pregame_features,00-0034869,00-0033106,-0.03270424769690892,0.11881023951058023,2510.0,4407.0,0.15151448720748914
2024,18,REG,2024_18_NO_TB,NO,TB,2024-12-31T12:00:00.000000+0000,POSTGAME_ACTUAL_STARTER_IDENTITY_ONLY,build_qb_pregame_features,00-0039376,00-0034855,-0.1866650709271128,0.06513462331862424,206.0,3769.0,0.251799694245737
2024,18,REG,2024_18_NYG_PHI,NYG,PHI,2024-12-31T12:00:00.000000+0000,POSTGAME_ACTUAL_STARTER_IDENTITY_ONLY,build_qb_pregame_features,00-0035704,00-0038400,-0.056505952634904155,-0.0210197369506634,989.0,4.0,0.035486215684240756
2024,18,REG,2024_18_SEA_LA,SEA,LAR,2024-12-31T12:00:00.000000+0000,POSTGAME_ACTUAL_STARTER_IDENTITY_ONLY,build_qb_pregame_features,00-0030565,00-0031345,0.030986536304383132,0.12282363571323734,1904.0,1884.0,0.0918370994088542
2024,18,REG,2024_18_SF_ARI,SF,ARI,2024-12-31T12:00:00.000000+0000,POSTGAME_ACTUAL_STARTER_IDENTITY_ONLY,build_qb_pregame_features,00-0033949,00-0035228,-0.140545510595267,0.032440914320520986,542.0,2960.0,0.17298642491578797
2024,18,REG,2024_18_WAS_DAL,WAS,DAL,2024-12-31T12:00:00.000000+0000,POSTGAME_ACTUAL_STARTER_IDENTITY_ONLY,build_qb_pregame_features,00-0039910,00-0037012,0.08155539833215389,-0.04350939924006171,511.0,117.0,-0.1250647975722156
2024,19,WC,2024_19_DEN_BUF,DEN,BUF,2025-01-07T12:00:00.000000+0000,POSTGAME_ACTUAL_STARTER_IDENTITY_ONLY,build_qb_pregame_features,00-0039732,00-0034857,0.027775250854659535,0.12618604810928738,591.0,4217.0,0.09841079725462784
2024,19,WC,2024_19_GB_PHI,GB,PHI,2025-01-07T12:00:00.000000+0000,POSTGAME_ACTUAL_STARTER_IDENTITY_ONLY,build_qb_pregame_features,00-0036264,00-0036389,0.1128339921936807,0.07590311048245078,1189.0,2264.0,-0.03693088171122992
2024,19,WC,2024_19_LAC_HOU,LAC,HOU,2025-01-07T12:00:00.000000+0000,POSTGAME_ACTUAL_STARTER_IDENTITY_ONLY,build_qb_pregame_features,00-0036355,00-0039163,0.10173074750744814,0.04134234922177108,3143.0,1175.0,-0.060388398285677054
2024,19,WC,2024_19_MIN_LA,MIN,LAR,2025-01-07T12:00:00.000000+0000,POSTGAME_ACTUAL_STARTER_IDENTITY_ONLY,build_qb_pregame_features,00-0034869,00-0026498,-0.041329142739957046,0.09785239300041017,2553.0,3714.0,0.1391815357403672
2024,19,WC,2024_19_PIT_BAL,PIT,BAL,2025-01-07T12:00:00.000000+0000,POSTGAME_ACTUAL_STARTER_IDENTITY_ONLY,build_qb_pregame_features,00-0029263,00-0034796,0.050421096949981405,0.13443268588837373,3606.0,2999.0,0.08401158893839233
2024,19,WC,2024_19_WAS_TB,WAS,TB,2025-01-07T12:00:00.000000+0000,POSTGAME_ACTUAL_STARTER_IDENTITY_ONLY,build_qb_pregame_features,00-0039910,00-0034855,0.06831063418780428,0.06699717278491912,527.0,3802.0,-0.0013134614028851577
2024,20,DIV,2024_20_BAL_BUF,BAL,BUF,2025-01-14T12:00:00.000000+0000,POSTGAME_ACTUAL_STARTER_IDENTITY_ONLY,build_qb_pregame_features,00-0034796,00-0034857,0.1364713765109038,0.12889228987949622,3021.0,4245.0,-0.007579086631407578
2024,20,DIV,2024_20_HOU_KC,HOU,KC,2025-01-14T12:00:00.000000+0000,POSTGAME_ACTUAL_STARTER_IDENTITY_ONLY,build_qb_pregame_features,00-0039163,00-0033873,0.04111562430735226,0.22068552512797165,1211.0,5025.0,0.1795699008206194
2024,20,DIV,2024_20_LA_PHI,LAR,PHI,2025-01-14T12:00:00.000000+0000,POSTGAME_ACTUAL_STARTER_IDENTITY_ONLY,build_qb_pregame_features,00-0026498,00-0036389,0.09846881114982417,0.07543510941794235,3743.0,2287.0,-0.023033701731881823
2024,20,DIV,2024_20_WAS_DET,WAS,DET,2025-01-14T12:00:00.000000+0000,POSTGAME_ACTUAL_STARTER_IDENTITY_ONLY,build_qb_pregame_features,00-0039910,00-0033106,0.07942099916112366,0.11826814380859844,563.0,4442.0,0.03884714464747478
2024,21,CON,2024_21_BUF_KC,BUF,KC,2025-01-21T12:00:00.000000+0000,POSTGAME_ACTUAL_STARTER_IDENTITY_ONLY,build_qb_pregame_features,00-0034857,00-0033873,0.12784504688214524,0.21950693103791866,4268.0,5053.0,0.09166188415577342
2024,21,CON,2024_21_WAS_PHI,WAS,PHI,2025-01-21T12:00:00.000000+0000,POSTGAME_ACTUAL_STARTER_IDENTITY_ONLY,build_qb_pregame_features,00-0039910,00-0036389,0.10077534799476139,0.07334429866816335,594.0,2314.0,-0.02743104932659804
2024,22,SB,2024_22_KC_PHI,KC,PHI,2025-02-04T12:00:00.000000+0000,POSTGAME_ACTUAL_STARTER_IDENTITY_ONLY,build_qb_pregame_features,00-0033873,00-0036389,0.22152581938848248,0.07870331028719653,5081.0,2344.0,-0.14282250910128597
